direction_key,winner_model,winner_avg_score,num_sentences,rate_per_hour,est_hours
abk_Cyrl-abk_Cyrl,qwen3-4b-instruct-2507,unknown,14650,28000,0.5
abk_Cyrl-bos_Latn,qwen3-4b-instruct-2507,unknown,23494,28000,0.8
abk_Cyrl-ces_Latn,metricx24,unknown,71481,1200000,0.1
abk_Cyrl-dan_Latn,metricx24,unknown,53175,1200000,0.0
abk_Cyrl-deu_Latn,metricx24,unknown,77231,1200000,0.1
abk_Cyrl-ell_Grek,metricx24,unknown,80380,1200000,0.1
abk_Cyrl-eng_Latn,metricx24,unknown,99246,1200000,0.1
abk_Cyrl-est_Latn,metricx24,unknown,23506,1200000,0.0
abk_Cyrl-eus_Latn,metricx24,unknown,14371,1200000,0.0
abk_Cyrl-fas_Arab,qwen3-4b-instruct-2507,unknown,61087,28000,2.2
abk_Cyrl-fin_Latn,metricx24,unknown,62027,1200000,0.1
abk_Cyrl-fra_Latn,metricx24,unknown,79663,1200000,0.1
abk_Cyrl-heb_Hebr,metricx24,unknown,60701,1200000,0.1
abk_Cyrl-hrv_Latn,qwen3-4b-instruct-2507,unknown,61016,28000,2.2
abk_Cyrl-hun_Latn,metricx24,unknown,72488,1200000,0.1
abk_Cyrl-ind_Latn,metricx24,unknown,58380,1200000,0.0
abk_Cyrl-ita_Latn,metricx24,unknown,76830,1200000,0.1
abk_Cyrl-nld_Latn,metricx24,unknown,88585,1200000,0.1
abk_Cyrl-nor_Latn,qwen3-4b-instruct-2507,unknown,36236,28000,1.3
abk_Cyrl-pol_Latn,metricx24,unknown,97352,1200000,0.1
abk_Cyrl-por_Latn,metricx24,unknown,116339,1200000,0.1
abk_Cyrl-ron_Latn,metricx24,unknown,96398,1200000,0.1
abk_Cyrl-rus_Cyrl,metricx24,unknown,103529,1200000,0.1
abk_Cyrl-slk_Latn,metricx24,unknown,49190,1200000,0.0
abk_Cyrl-slv_Latn,metricx24,unknown,64680,1200000,0.1
abk_Cyrl-spa_Latn,metricx24,unknown,95024,1200000,0.1
abk_Cyrl-srp_Latn,qwen3-4b-instruct-2507,unknown,103001,28000,3.7
abk_Cyrl-swe_Latn,metricx24,unknown,135314,1200000,0.1
abk_Cyrl-tha_Thai,metricx24,unknown,72248,1200000,0.1
abk_Cyrl-tur_Latn,metricx24,unknown,167095,1200000,0.1
abk_Cyrl-ukr_Cyrl,metricx24,unknown,60547,1200000,0.1
abk_Cyrl-vie_Latn,metricx24,unknown,88782,1200000,0.1
abk_Cyrl-zho_Hans,metricx24,unknown,66621,1200000,0.1
abk_Cyrl-zho_Hant,metricx24,unknown,37965,1200000,0.0
ace_Latn-ace_Latn,qwen3-4b-instruct-2507,unknown,21633,28000,0.8
ace_Latn-ceb_Latn,m-prometheus-7b,0.785420607,118211,27000,4.4
ace_Latn-eng_Latn,metricx24,0.778317,2133701,1200000,1.8
ace_Latn-jav_Latn,m-prometheus-7b,0.825619711,108321,27000,4.0
ace_Latn-por_Latn,qwen3-4b-instruct-2507,0.841573,70908,28000,2.5
ace_Latn-rus_Cyrl,shaomutan_remedy-9b-22,0.879373839,63197,200000,0.3
ace_Latn-war_Latn,qwen3-4b-instruct-2507,0.774599,101125,28000,3.6
acm_Arab-bul_Cyrl,qwen3-4b-instruct-2507,0.952583,115374,28000,4.1
acm_Arab-ces_Latn,qwen3-4b-instruct-2507,0.946605,130398,28000,4.7
acm_Arab-dan_Latn,qwen3-4b-instruct-2507,0.932195,103600,28000,3.7
acm_Arab-deu_Latn,qwen3-4b-instruct-2507,0.942842,135894,28000,4.9
acm_Arab-ell_Grek,qwen3-4b-instruct-2507,0.939094,142979,28000,5.1
acm_Arab-eng_Latn,qwen3-4b-instruct-2507,0.965844,264891,28000,9.5
acm_Arab-fas_Arab,metricx24,unknown,121267,1200000,0.1
acm_Arab-fin_Latn,shaomutan_remedy-9b-22,0.919945821,127222,200000,0.6
acm_Arab-fra_Latn,qwen3-4b-instruct-2507,0.946023,171994,28000,6.1
acm_Arab-heb_Hebr,qwen3-4b-instruct-2507,0.936939,125353,28000,4.5
acm_Arab-hrv_Latn,qwen3-4b-instruct-2507,0.934136,97784,28000,3.5
acm_Arab-hun_Latn,qwen3-4b-instruct-2507,0.937536,134447,28000,4.8
acm_Arab-ind_Latn,shaomutan_remedy-9b-22,0.925302817,130829,200000,0.7
acm_Arab-ita_Latn,qwen3-4b-instruct-2507,0.954395,143414,28000,5.1
acm_Arab-nld_Latn,shaomutan_remedy-9b-22,0.933167137,152150,200000,0.8
acm_Arab-pol_Latn,qwen3-4b-instruct-2507,0.933136,154675,28000,5.5
acm_Arab-por_Latn,qwen3-4b-instruct-2507,0.93676,180233,28000,6.4
acm_Arab-ron_Latn,qwen3-4b-instruct-2507,0.946705,166235,28000,5.9
acm_Arab-rus_Cyrl,qwen3-4b-instruct-2507,0.941528,123049,28000,4.4
acm_Arab-slv_Latn,qwen3-4b-instruct-2507,0.929995,61178,28000,2.2
acm_Arab-spa_Latn,shaomutan_remedy-9b-22,0.940339728,196725,200000,1.0
acm_Arab-srp_Latn,metricx24,unknown,121185,1200000,0.1
acm_Arab-swe_Latn,shaomutan_remedy-9b-22,0.930359108,111658,200000,0.6
acm_Arab-tur_Latn,qwen3-4b-instruct-2507,0.93659,156167,28000,5.6
acm_Arab-vie_Latn,shaomutan_remedy-9b-22,0.935181164,82769,200000,0.4
aeb_Arab-bos_Latn,shaomutan_remedy-9b-22,0.922454798,56694,200000,0.3
aeb_Arab-bul_Cyrl,qwen3-4b-instruct-2507,0.932708,210376,28000,7.5
aeb_Arab-ces_Latn,qwen3-4b-instruct-2507,0.919746,237867,28000,8.5
aeb_Arab-cmn_Hani,metricx24,unknown,82935,1200000,0.1
aeb_Arab-dan_Latn,shaomutan_remedy-9b-22,0.941899375,191128,200000,1.0
aeb_Arab-deu_Latn,shaomutan_remedy-9b-22,0.939242007,273814,200000,1.4
aeb_Arab-ekk_Latn,metricx24,unknown,72883,1200000,0.1
aeb_Arab-ell_Grek,shaomutan_remedy-9b-22,0.944131087,259746,200000,1.3
aeb_Arab-eng_Latn,qwen3-4b-instruct-2507,0.947715,714584,28000,25.5
aeb_Arab-fas_Arab,metricx24,unknown,233541,1200000,0.2
aeb_Arab-fin_Latn,shaomutan_remedy-9b-22,0.933037377,231050,200000,1.2
aeb_Arab-fra_Latn,qwen3-4b-instruct-2507,0.931518,341825,28000,12.2
aeb_Arab-heb_Hebr,shaomutan_remedy-9b-22,0.93660451,226271,200000,1.1
aeb_Arab-hrv_Latn,shaomutan_remedy-9b-22,0.91870793,188833,200000,0.9
aeb_Arab-hun_Latn,shaomutan_remedy-9b-22,0.93428717,245388,200000,1.2
aeb_Arab-ind_Latn,shaomutan_remedy-9b-22,0.928135758,267637,200000,1.3
aeb_Arab-ita_Latn,shaomutan_remedy-9b-22,0.943572022,273928,200000,1.4
aeb_Arab-kor_Hang,shaomutan_remedy-9b-22,0.936583833,123990,200000,0.6
aeb_Arab-nld_Latn,shaomutan_remedy-9b-22,0.933122036,282710,200000,1.4
aeb_Arab-nob_Latn,shaomutan_remedy-9b-22,0.938437202,105147,200000,0.5
aeb_Arab-pol_Latn,shaomutan_remedy-9b-22,0.939495226,289873,200000,1.4
aeb_Arab-por_Latn,shaomutan_remedy-9b-22,0.92079666,353563,200000,1.8
aeb_Arab-ron_Latn,shaomutan_remedy-9b-22,0.925740932,312260,200000,1.6
aeb_Arab-rus_Cyrl,shaomutan_remedy-9b-22,0.93094597,246426,200000,1.2
aeb_Arab-slk_Latn,shaomutan_remedy-9b-22,0.924423434,69782,200000,0.3
aeb_Arab-slv_Latn,shaomutan_remedy-9b-22,0.920473443,112153,200000,0.6
aeb_Arab-spa_Latn,shaomutan_remedy-9b-22,0.923487961,404160,200000,2.0
aeb_Arab-srp_Latn,metricx24,unknown,206395,1200000,0.2
aeb_Arab-swe_Latn,shaomutan_remedy-9b-22,0.930750437,212280,200000,1.1
aeb_Arab-tha_Thai,shaomutan_remedy-9b-22,0.936028157,105118,200000,0.5
aeb_Arab-tur_Latn,shaomutan_remedy-9b-22,0.941907015,293796,200000,1.5
aeb_Arab-vie_Latn,shaomutan_remedy-9b-22,0.92117137,169236,200000,0.8
afr_Latn-afr_Latn,metricx24,unknown,82160,1200000,0.1
afr_Latn-als_Latn,qwen3-4b-instruct-2507,0.911991,849390,28000,30.3
afr_Latn-amh_Ethi,shaomutan_remedy-9b-22,0.898540809,2092226,200000,10.5
afr_Latn-ara_Arab,metricx24,unknown,1344325,1200000,1.1
afr_Latn-arb_Arab,qwen3-4b-instruct-2507,0.949617,1082364,28000,38.7
afr_Latn-arz_Arab,qwen3-4b-instruct-2507,0.901643,201896,28000,7.2
afr_Latn-asm_Beng,qwen3-4b-instruct-2507,0.903235,58418,28000,2.1
afr_Latn-ast_Latn,qwen3-4b-instruct-2507,0.878691,112797,28000,4.0
afr_Latn-aze_Latn,metricx24,unknown,119805,1200000,0.1
afr_Latn-azj_Latn,qwen3-4b-instruct-2507,0.855436,528158,28000,18.9
afr_Latn-bam_Latn,shaomutan_remedy-9b-22,0.478239724,104632,200000,0.5
afr_Latn-bel_Cyrl,shaomutan_remedy-9b-22,0.938027202,982267,200000,4.9
afr_Latn-bem_Latn,metricx24,0.576484818,229684,1200000,0.2
afr_Latn-ben_Beng,qwen3-4b-instruct-2507,0.934808,739652,28000,26.4
afr_Latn-bos_Latn,qwen3-4b-instruct-2507,0.936625,157407,28000,5.6
afr_Latn-bre_Latn,metricx24,unknown,72149,1200000,0.1
afr_Latn-bul_Cyrl,metricx24,0.867886,2053074,1200000,1.7
afr_Latn-cat_Latn,qwen3-4b-instruct-2507,0.939577,1380490,28000,49.3
afr_Latn-ceb_Latn,qwen3-4b-instruct-2507,0.918342,68829,28000,2.5
afr_Latn-ces_Latn,qwen3-4b-instruct-2507,0.951812,1316008,28000,47.0
afr_Latn-cmn_Hani,metricx24,unknown,360995,1200000,0.3
afr_Latn-cym_Latn,shaomutan_remedy-9b-22,0.906576921,639172,200000,3.2
afr_Latn-dan_Latn,metricx24,0.882208,2426822,1200000,2.0
afr_Latn-deu_Latn,metricx24,0.93996,6775117,1200000,5.6
afr_Latn-dyu_Latn,metricx24,0.270256012,101110,1200000,0.1
afr_Latn-ekk_Latn,metricx24,unknown,1003925,1200000,0.8
afr_Latn-ell_Grek,qwen3-4b-instruct-2507,0.950577,1102985,28000,39.4
afr_Latn-eng_Latn,metricx24,0.862843,50911992,1200000,42.4
afr_Latn-epo_Latn,shaomutan_remedy-9b-22,0.916931633,459761,200000,2.3
afr_Latn-est_Latn,shaomutan_remedy-9b-22,0.911224727,348977,200000,1.7
afr_Latn-eus_Latn,shaomutan_remedy-9b-22,0.915968302,345465,200000,1.7
afr_Latn-ewe_Latn,metricx24,0.407252141,536785,1200000,0.4
afr_Latn-fas_Arab,metricx24,unknown,1105028,1200000,0.9
afr_Latn-fil_Latn,metricx24,unknown,328844,1200000,0.3
afr_Latn-fin_Latn,shaomutan_remedy-9b-22,0.926797216,1911255,200000,9.6
afr_Latn-fon_Latn,qwen3-4b-instruct-2507,0.310981,209554,28000,7.5
afr_Latn-fra_Latn,metricx24,0.875757,12786458,1200000,10.7
afr_Latn-fry_Latn,metricx24,unknown,158929,1200000,0.1
afr_Latn-fur_Latn,qwen3-4b-instruct-2507,0.860169,160570,28000,5.7
afr_Latn-gaz_Latn,metricx24,0.571758016,186337,1200000,0.2
afr_Latn-gle_Latn,m-prometheus-7b,0.875355898,458939,27000,17.0
afr_Latn-glg_Latn,qwen3-4b-instruct-2507,0.947511,530118,28000,18.9
afr_Latn-guj_Gujr,qwen3-4b-instruct-2507,0.949303,193064,28000,6.9
afr_Latn-hat_Latn,shaomutan_remedy-9b-22,0.877704386,251651,200000,1.3
afr_Latn-hau_Latn,shaomutan_remedy-9b-22,0.851740968,1906583,200000,9.5
afr_Latn-heb_Hebr,qwen3-4b-instruct-2507,0.959164,970205,28000,34.7
afr_Latn-hin_Deva,shaomutan_remedy-9b-22,0.936989307,1235448,200000,6.2
afr_Latn-hrv_Latn,qwen3-4b-instruct-2507,0.93232,1921431,28000,68.6
afr_Latn-hun_Latn,qwen3-4b-instruct-2507,0.936979,1347788,28000,48.1
afr_Latn-hye_Armn,shaomutan_remedy-9b-22,0.939247765,316610,200000,1.6
afr_Latn-ibo_Latn,shaomutan_remedy-9b-22,0.789143449,868004,200000,4.3
afr_Latn-ind_Latn,shaomutan_remedy-9b-22,0.933940312,2290231,200000,11.5
afr_Latn-isl_Latn,shaomutan_remedy-9b-22,0.918196217,1211598,200000,6.1
afr_Latn-ita_Latn,metricx24,0.899268,2711047,1200000,2.3
afr_Latn-jav_Latn,qwen3-4b-instruct-2507,0.862962,192844,28000,6.9
afr_Latn-jpn_Jpan,qwen3-4b-instruct-2507,0.949726,1632738,28000,58.3
afr_Latn-kan_Knda,shaomutan_remedy-9b-22,0.94199981,191700,200000,1.0
afr_Latn-kat_Geor,shaomutan_remedy-9b-22,0.931347373,428659,200000,2.1
afr_Latn-kau_Zyyy,metricx24,unknown,692617,1200000,0.6
afr_Latn-kaz_Cyrl,shaomutan_remedy-9b-22,0.952251615,415711,200000,2.1
afr_Latn-khk_Cyrl,metricx24,0.827955318,95610,1200000,0.1
afr_Latn-khm_Khmr,shaomutan_remedy-9b-22,0.932350586,203473,200000,1.0
afr_Latn-kik_Latn,shaomutan_remedy-9b-22,0.732285589,115815,200000,0.6
afr_Latn-kin_Latn,shaomutan_remedy-9b-22,0.83193159,1098665,200000,5.5
afr_Latn-kir_Cyrl,shaomutan_remedy-9b-22,0.909177383,104459,200000,0.5
afr_Latn-kmr_Latn,metricx24,0.739069358,79191,1200000,0.1
afr_Latn-kon_Latn,shaomutan_remedy-9b-22,0.605016195,91727,200000,0.5
afr_Latn-kor_Hang,qwen3-4b-instruct-2507,0.950428,785414,28000,28.1
afr_Latn-kor_Zyyy,metricx24,unknown,363117,1200000,0.3
afr_Latn-lao_Laoo,qwen3-4b-instruct-2507,0.891498,72064,28000,2.6
afr_Latn-lat_Latn,metricx24,unknown,85639,1200000,0.1
afr_Latn-lav_Latn,metricx24,unknown,190711,1200000,0.2
afr_Latn-lim_Latn,shaomutan_remedy-9b-22,0.815224021,54651,200000,0.3
afr_Latn-lin_Latn,shaomutan_remedy-9b-22,0.717706482,320180,200000,1.6
afr_Latn-lit_Latn,shaomutan_remedy-9b-22,0.916474081,1451614,200000,7.3
afr_Latn-ltz_Latn,metricx24,0.876298817,122462,1200000,0.1
afr_Latn-lua_Latn,shaomutan_remedy-9b-22,0.582054503,212308,200000,1.1
afr_Latn-lug_Latn,shaomutan_remedy-9b-22,0.577937715,405717,200000,2.0
afr_Latn-luo_Latn,metricx24,0.388691941,243295,1200000,0.2
afr_Latn-lvs_Latn,qwen3-4b-instruct-2507,0.930329,1144090,28000,40.9
afr_Latn-lzh_Hani,metricx24,unknown,94606,1200000,0.1
afr_Latn-mai_Deva,qwen3-4b-instruct-2507,0.893086,34108,28000,1.2
afr_Latn-mal_Mlym,qwen3-4b-instruct-2507,0.950981,447225,28000,16.0
afr_Latn-mar_Deva,shaomutan_remedy-9b-22,0.945035385,438402,200000,2.2
afr_Latn-mkd_Cyrl,qwen3-4b-instruct-2507,0.956292,1174260,28000,41.9
afr_Latn-mlg_Latn,metricx24,unknown,120406,1200000,0.1
afr_Latn-mlt_Latn,shaomutan_remedy-9b-22,0.94078393,182223,200000,0.9
afr_Latn-mon_Cyrl,metricx24,unknown,87971,1200000,0.1
afr_Latn-mri_Latn,shaomutan_remedy-9b-22,0.767570467,97609,200000,0.5
afr_Latn-msa_Latn,metricx24,unknown,683918,1200000,0.6
afr_Latn-mya_Mymr,shaomutan_remedy-9b-22,0.928705821,184494,200000,0.9
afr_Latn-nds_Latn,metricx24,unknown,77088,1200000,0.1
afr_Latn-nep_Deva,metricx24,unknown,219424,1200000,0.2
afr_Latn-nld_Latn,shaomutan_remedy-9b-22,0.928726061,4511343,200000,22.6
afr_Latn-nno_Latn,shaomutan_remedy-9b-22,0.921390899,214092,200000,1.1
afr_Latn-nob_Latn,shaomutan_remedy-9b-22,0.92698169,2405801,200000,12.0
afr_Latn-nor_Latn,metricx24,unknown,909875,1200000,0.8
afr_Latn-npi_Deva,shaomutan_remedy-9b-22,0.928294031,144939,200000,0.7
afr_Latn-nso_Latn,metricx24,0.67060547,398089,1200000,0.3
afr_Latn-nya_Latn,shaomutan_remedy-9b-22,0.776064506,1247391,200000,6.2
afr_Latn-oci_Latn,qwen3-4b-instruct-2507,0.867894,76203,28000,2.7
afr_Latn-orm_Latn,metricx24,unknown,206239,1200000,0.2
afr_Latn-ory_Orya,qwen3-4b-instruct-2507,0.95563,23542,28000,0.8
afr_Latn-pan_Guru,qwen3-4b-instruct-2507,0.955913,117604,28000,4.2
afr_Latn-pbt_Arab,shaomutan_remedy-9b-22,0.822407697,60634,200000,0.3
afr_Latn-plt_Latn,metricx24,0.791311104,157730,1200000,0.1
afr_Latn-pol_Latn,metricx24,0.812495,2222306,1200000,1.9
afr_Latn-por_Latn,metricx24,0.867699,3283503,1200000,2.7
afr_Latn-pus_Arab,metricx24,unknown,66297,1200000,0.1
afr_Latn-ron_Latn,qwen3-4b-instruct-2507,0.953036,1701018,28000,60.8
afr_Latn-run_Latn,metricx24,0.715469658,451622,1200000,0.4
afr_Latn-rus_Cyrl,metricx24,0.886272,2992637,1200000,2.5
afr_Latn-sin_Sinh,shaomutan_remedy-9b-22,0.935468963,398587,200000,2.0
afr_Latn-slk_Latn,qwen3-4b-instruct-2507,0.943668,1784283,28000,63.7
afr_Latn-slv_Latn,qwen3-4b-instruct-2507,0.926058,1507660,28000,53.8
afr_Latn-sna_Latn,shaomutan_remedy-9b-22,0.785895872,1236023,200000,6.2
afr_Latn-som_Latn,shaomutan_remedy-9b-22,0.783759624,1476948,200000,7.4
afr_Latn-sot_Latn,shaomutan_remedy-9b-22,0.792687595,1102694,200000,5.5
afr_Latn-spa_Latn,metricx24,0.875252,4479746,1200000,3.7
afr_Latn-sqi_Latn,metricx24,unknown,378046,1200000,0.3
afr_Latn-srd_Latn,qwen3-4b-instruct-2507,0.819398,368026,28000,13.1
afr_Latn-srp_Cyrl,qwen3-4b-instruct-2507,0.95441,1152439,28000,41.2
afr_Latn-srp_Latn,metricx24,unknown,355085,1200000,0.3
afr_Latn-ssw_Latn,shaomutan_remedy-9b-22,0.747255495,183414,200000,0.9
afr_Latn-sun_Latn,qwen3-4b-instruct-2507,0.865918,198669,28000,7.1
afr_Latn-swa_Latn,metricx24,unknown,1281623,1200000,1.1
afr_Latn-swc_Latn,metricx24,unknown,270158,1200000,0.2
afr_Latn-swe_Latn,metricx24,0.879029,3257226,1200000,2.7
afr_Latn-swh_Latn,shaomutan_remedy-9b-22,0.923710259,1678612,200000,8.4
afr_Latn-tam_Taml,qwen3-4b-instruct-2507,0.948308,509676,28000,18.2
afr_Latn-tel_Telu,qwen3-4b-instruct-2507,0.949502,445404,28000,15.9
afr_Latn-tgk_Cyrl,shaomutan_remedy-9b-22,0.87418691,149434,200000,0.7
afr_Latn-tgl_Latn,shaomutan_remedy-9b-22,0.944939813,614612,200000,3.1
afr_Latn-tha_Thai,qwen3-4b-instruct-2507,0.935281,1227994,28000,43.9
afr_Latn-tir_Ethi,shaomutan_remedy-9b-22,0.764623649,397900,200000,2.0
afr_Latn-tsn_Latn,shaomutan_remedy-9b-22,0.776282978,699720,200000,3.5
afr_Latn-tso_Latn,shaomutan_remedy-9b-22,0.769626594,449435,200000,2.2
afr_Latn-tum_Latn,metricx24,0.72585602,275376,1200000,0.2
afr_Latn-tur_Latn,shaomutan_remedy-9b-22,0.943830953,4811963,200000,24.1
afr_Latn-twi_Latn,shaomutan_remedy-9b-22,0.71676926,500912,200000,2.5
afr_Latn-ukr_Cyrl,qwen3-4b-instruct-2507,0.929069,1830575,28000,65.4
afr_Latn-umb_Latn,qwen3-4b-instruct-2507,0.386546,152461,28000,5.4
afr_Latn-und_Kana,metricx24,unknown,64418,1200000,0.1
afr_Latn-urd_Arab,shaomutan_remedy-9b-22,0.929325324,613961,200000,3.1
afr_Latn-uzn_Latn,qwen3-4b-instruct-2507,0.842907,251581,28000,9.0
afr_Latn-vec_Latn,qwen3-4b-instruct-2507,0.887646,102923,28000,3.7
afr_Latn-vie_Latn,qwen3-4b-instruct-2507,0.939736,1993326,28000,71.2
afr_Latn-wln_Latn,metricx24,unknown,36858,1200000,0.0
afr_Latn-wol_Latn,shaomutan_remedy-9b-22,0.600800044,243250,200000,1.2
afr_Latn-xho_Latn,shaomutan_remedy-9b-22,0.83742294,1583910,200000,7.9
afr_Latn-yor_Latn,shaomutan_remedy-9b-22,0.733580869,1727416,200000,8.6
afr_Latn-yue_Hani,metricx24,unknown,188117,1200000,0.2
afr_Latn-zho_Hans,qwen3-4b-instruct-2507,0.967481,770957,28000,27.5
afr_Latn-zho_Hant,qwen3-4b-instruct-2507,0.964535,520503,28000,18.6
afr_Latn-zsm_Latn,qwen3-4b-instruct-2507,0.921792,602930,28000,21.5
afr_Latn-zul_Latn,shaomutan_remedy-9b-22,0.842641135,1615178,200000,8.1
aka_Latn-fra_Latn,shaomutan_remedy-9b-22,0.857396592,126908,200000,0.6
aln_Latn-tur_Latn,metricx24,unknown,74995,1200000,0.1
als_Latn-cmn_Hani,metricx24,unknown,1205181,1200000,1.0
als_Latn-eng_Latn,qwen3-4b-instruct-2507,0.983534,96360,28000,3.4
als_Latn-fil_Latn,metricx24,unknown,260676,1200000,0.2
als_Latn-hrv_Latn,metricx24,0.91228047,82737,1200000,0.1
als_Latn-srp_Cyrl,metricx24,0.891337,2508752,1200000,2.1
als_Latn-srp_Latn,metricx24,unknown,3301757,1200000,2.8
als_Latn-sun_Latn,shaomutan_remedy-9b-22,0.791605925,106066,200000,0.5
als_Latn-swa_Latn,metricx24,unknown,178665,1200000,0.1
als_Latn-swe_Latn,shaomutan_remedy-9b-22,0.929510721,5331294,200000,26.7
als_Latn-swh_Latn,shaomutan_remedy-9b-22,0.887120803,447798,200000,2.2
als_Latn-tam_Taml,qwen3-4b-instruct-2507,0.911473,350427,28000,12.5
als_Latn-tel_Telu,qwen3-4b-instruct-2507,0.900816,307099,28000,11.0
als_Latn-tgk_Cyrl,qwen3-4b-instruct-2507,0.845202,95323,28000,3.4
als_Latn-tgl_Latn,shaomutan_remedy-9b-22,0.876207955,141833,200000,0.7
als_Latn-tha_Thai,shaomutan_remedy-9b-22,0.929222514,1511635,200000,7.6
als_Latn-tur_Latn,shaomutan_remedy-9b-22,0.919705432,9673074,200000,48.4
als_Latn-ukr_Cyrl,shaomutan_remedy-9b-22,0.926803198,3263400,200000,16.3
als_Latn-urd_Arab,shaomutan_remedy-9b-22,0.869037481,600369,200000,3.0
als_Latn-uzn_Latn,qwen3-4b-instruct-2507,0.784918,180552,28000,6.4
als_Latn-vie_Latn,shaomutan_remedy-9b-22,0.921036683,2616326,200000,13.1
als_Latn-xho_Latn,shaomutan_remedy-9b-22,0.732348909,180042,200000,0.9
als_Latn-yor_Latn,shaomutan_remedy-9b-22,0.671085066,59541,200000,0.3
als_Latn-yue_Hani,metricx24,unknown,80934,1200000,0.1
als_Latn-zho_Hans,qwen3-4b-instruct-2507,0.954883,528016,28000,18.9
als_Latn-zho_Hant,qwen3-4b-instruct-2507,0.951702,571517,28000,20.4
amh_Ethi-als_Latn,metricx24,0.818297345,134830,1200000,0.1
amh_Ethi-ara_Arab,metricx24,unknown,503660,1200000,0.4
amh_Ethi-arb_Arab,metricx24,0.813700128,272557,1200000,0.2
amh_Ethi-aze_Latn,metricx24,unknown,54707,1200000,0.0
amh_Ethi-azj_Latn,qwen3-4b-instruct-2507,0.594037,100042,28000,3.6
amh_Ethi-bel_Cyrl,shaomutan_remedy-9b-22,0.860195078,206511,200000,1.0
amh_Ethi-ben_Beng,shaomutan_remedy-9b-22,0.883468792,308009,200000,1.5
amh_Ethi-bul_Cyrl,shaomutan_remedy-9b-22,0.910919953,458612,200000,2.3
amh_Ethi-cat_Latn,shaomutan_remedy-9b-22,0.884660486,316461,200000,1.6
amh_Ethi-ces_Latn,shaomutan_remedy-9b-22,0.893261542,459784,200000,2.3
amh_Ethi-cmn_Hani,metricx24,unknown,164069,1200000,0.1
amh_Ethi-cym_Latn,shaomutan_remedy-9b-22,0.823172856,119192,200000,0.6
amh_Ethi-dan_Latn,shaomutan_remedy-9b-22,0.880972335,426102,200000,2.1
amh_Ethi-deu_Latn,metricx24,0.910430623,1340442,1200000,1.1
amh_Ethi-ekk_Latn,metricx24,unknown,179183,1200000,0.1
amh_Ethi-ell_Grek,shaomutan_remedy-9b-22,0.904165138,458181,200000,2.3
amh_Ethi-eng_Latn,metricx24,0.822862,15942330,1200000,13.3
amh_Ethi-epo_Latn,shaomutan_remedy-9b-22,0.825026894,91815,200000,0.5
amh_Ethi-est_Latn,shaomutan_remedy-9b-22,0.881196327,136720,200000,0.7
amh_Ethi-eus_Latn,shaomutan_remedy-9b-22,0.84272827,54420,200000,0.3
amh_Ethi-ewe_Latn,shaomutan_remedy-9b-22,0.374315114,237684,200000,1.2
amh_Ethi-fas_Arab,metricx24,unknown,454986,1200000,0.4
amh_Ethi-fil_Latn,metricx24,unknown,117242,1200000,0.1
amh_Ethi-fin_Latn,shaomutan_remedy-9b-22,0.917529184,394716,200000,2.0
amh_Ethi-fra_Latn,shaomutan_remedy-9b-22,0.906998155,5682432,200000,28.4
amh_Ethi-ful_Latn,metricx24,unknown,142299,1200000,0.1
amh_Ethi-fuv_Latn,wmt23-cometkiwi-da-xl,0.315476233,97622,180000,0.5
amh_Ethi-glg_Latn,shaomutan_remedy-9b-22,0.880983381,56238,200000,0.3
amh_Ethi-guj_Gujr,shaomutan_remedy-9b-22,0.901021389,73684,200000,0.4
amh_Ethi-hat_Latn,shaomutan_remedy-9b-22,0.784333618,152042,200000,0.8
amh_Ethi-hau_Latn,shaomutan_remedy-9b-22,0.79752549,834566,200000,4.2
amh_Ethi-heb_Hebr,shaomutan_remedy-9b-22,0.889696526,255885,200000,1.3
amh_Ethi-hin_Deva,shaomutan_remedy-9b-22,0.870948227,442148,200000,2.2
amh_Ethi-hrv_Latn,metricx24,0.893190951,449288,1200000,0.4
amh_Ethi-hun_Latn,shaomutan_remedy-9b-22,0.926140131,405923,200000,2.0
amh_Ethi-hye_Armn,shaomutan_remedy-9b-22,0.927735978,183816,200000,0.9
amh_Ethi-ibo_Latn,shaomutan_remedy-9b-22,0.727951785,488220,200000,2.4
amh_Ethi-ind_Latn,shaomutan_remedy-9b-22,0.872573191,851626,200000,4.3
amh_Ethi-isl_Latn,shaomutan_remedy-9b-22,0.820899386,217000,200000,1.1
amh_Ethi-ita_Latn,shaomutan_remedy-9b-22,0.889371493,996975,200000,5.0
amh_Ethi-jav_Latn,shaomutan_remedy-9b-22,0.827198394,76163,200000,0.4
amh_Ethi-jpn_Jpan,shaomutan_remedy-9b-22,0.907807421,546212,200000,2.7
amh_Ethi-kan_Knda,shaomutan_remedy-9b-22,0.896851909,86535,200000,0.4
amh_Ethi-kat_Geor,shaomutan_remedy-9b-22,0.91965964,200285,200000,1.0
amh_Ethi-kau_Zyyy,metricx24,unknown,131077,1200000,0.1
amh_Ethi-kaz_Cyrl,shaomutan_remedy-9b-22,0.912120116,149570,200000,0.7
amh_Ethi-khk_Cyrl,metricx24,0.773187107,72660,1200000,0.1
amh_Ethi-khm_Khmr,shaomutan_remedy-9b-22,0.887530859,165286,200000,0.8
amh_Ethi-kin_Latn,shaomutan_remedy-9b-22,0.797913316,327749,200000,1.6
amh_Ethi-kir_Cyrl,shaomutan_remedy-9b-22,0.84274893,90398,200000,0.5
amh_Ethi-kmr_Latn,metricx24,0.691757194,43351,1200000,0.0
amh_Ethi-kor_Hang,shaomutan_remedy-9b-22,0.908601173,245146,200000,1.2
amh_Ethi-kor_Zyyy,metricx24,unknown,147206,1200000,0.1
amh_Ethi-lao_Laoo,shaomutan_remedy-9b-22,0.778433106,66248,200000,0.3
amh_Ethi-lav_Latn,metricx24,unknown,68710,1200000,0.1
amh_Ethi-lin_Latn,shaomutan_remedy-9b-22,0.713739227,148409,200000,0.7
amh_Ethi-lit_Latn,shaomutan_remedy-9b-22,0.897768528,347567,200000,1.7
amh_Ethi-lua_Latn,shaomutan_remedy-9b-22,0.454392527,122007,200000,0.6
amh_Ethi-lug_Latn,shaomutan_remedy-9b-22,0.485417709,151070,200000,0.8
amh_Ethi-luo_Latn,metricx24,0.364061067,102576,1200000,0.1
amh_Ethi-lvs_Latn,shaomutan_remedy-9b-22,0.899456375,204273,200000,1.0
amh_Ethi-mal_Mlym,shaomutan_remedy-9b-22,0.898741789,260499,200000,1.3
amh_Ethi-mar_Deva,shaomutan_remedy-9b-22,0.874410819,233962,200000,1.2
amh_Ethi-mkd_Cyrl,shaomutan_remedy-9b-22,0.862799926,259387,200000,1.3
amh_Ethi-mlg_Latn,metricx24,unknown,74710,1200000,0.1
amh_Ethi-mon_Cyrl,metricx24,unknown,66641,1200000,0.1
amh_Ethi-mri_Latn,shaomutan_remedy-9b-22,0.698778989,77134,200000,0.4
amh_Ethi-msa_Latn,metricx24,unknown,162893,1200000,0.1
amh_Ethi-mya_Mymr,shaomutan_remedy-9b-22,0.914264956,168792,200000,0.8
amh_Ethi-nep_Deva,metricx24,unknown,117919,1200000,0.1
amh_Ethi-nld_Latn,shaomutan_remedy-9b-22,0.877730689,796180,200000,4.0
amh_Ethi-nno_Latn,shaomutan_remedy-9b-22,0.849228725,48244,200000,0.2
amh_Ethi-nob_Latn,shaomutan_remedy-9b-22,0.88359873,125182,200000,0.6
amh_Ethi-nor_Latn,metricx24,unknown,220045,1200000,0.2
amh_Ethi-npi_Deva,shaomutan_remedy-9b-22,0.863237069,68203,200000,0.3
amh_Ethi-nso_Latn,metricx24,0.596928207,148560,1200000,0.1
amh_Ethi-nya_Latn,shaomutan_remedy-9b-22,0.721445811,784079,200000,3.9
amh_Ethi-pan_Guru,qwen3-4b-instruct-2507,0.719721,62542,28000,2.2
amh_Ethi-pbt_Arab,shaomutan_remedy-9b-22,0.752165929,50973,200000,0.3
amh_Ethi-plt_Latn,metricx24,0.734124346,88781,1200000,0.1
amh_Ethi-pol_Latn,shaomutan_remedy-9b-22,0.887467217,619101,200000,3.1
amh_Ethi-por_Latn,shaomutan_remedy-9b-22,0.854867785,1029361,200000,5.1
amh_Ethi-pus_Arab,metricx24,unknown,60753,1200000,0.1
amh_Ethi-ron_Latn,shaomutan_remedy-9b-22,0.903460696,438072,200000,2.2
amh_Ethi-run_Latn,shaomutan_remedy-9b-22,0.690060181,232343,200000,1.2
amh_Ethi-rus_Cyrl,shaomutan_remedy-9b-22,0.905592009,1091411,200000,5.5
amh_Ethi-sin_Sinh,shaomutan_remedy-9b-22,0.893309487,227055,200000,1.1
amh_Ethi-slk_Latn,shaomutan_remedy-9b-22,0.900726498,379435,200000,1.9
amh_Ethi-slv_Latn,shaomutan_remedy-9b-22,0.887734745,293349,200000,1.5
amh_Ethi-sna_Latn,shaomutan_remedy-9b-22,0.737442443,866470,200000,4.3
amh_Ethi-som_Latn,shaomutan_remedy-9b-22,0.731594509,621835,200000,3.1
amh_Ethi-sot_Latn,shaomutan_remedy-9b-22,0.793749065,717622,200000,3.6
amh_Ethi-spa_Latn,shaomutan_remedy-9b-22,0.866758166,1698069,200000,8.5
amh_Ethi-sqi_Latn,metricx24,unknown,159797,1200000,0.1
amh_Ethi-srd_Latn,metricx24,0.78136089,117329,1200000,0.1
amh_Ethi-srp_Cyrl,shaomutan_remedy-9b-22,0.89296145,226669,200000,1.1
amh_Ethi-sun_Latn,shaomutan_remedy-9b-22,0.778315924,118702,200000,0.6
amh_Ethi-swa_Latn,metricx24,unknown,476035,1200000,0.4
amh_Ethi-swc_Latn,metricx24,unknown,167045,1200000,0.1
amh_Ethi-swe_Latn,shaomutan_remedy-9b-22,0.892726698,436098,200000,2.2
amh_Ethi-swh_Latn,shaomutan_remedy-9b-22,0.843103557,661305,200000,3.3
amh_Ethi-tam_Taml,shaomutan_remedy-9b-22,0.89357611,224795,200000,1.1
amh_Ethi-tel_Telu,shaomutan_remedy-9b-22,0.877139508,226173,200000,1.1
amh_Ethi-tgk_Cyrl,shaomutan_remedy-9b-22,0.806283087,101704,200000,0.5
amh_Ethi-tgl_Latn,shaomutan_remedy-9b-22,0.878807421,272136,200000,1.4
amh_Ethi-tha_Thai,shaomutan_remedy-9b-22,0.887199924,387068,200000,1.9
amh_Ethi-tir_Ethi,metricx24,0.712342425,268612,1200000,0.2
amh_Ethi-tsn_Latn,shaomutan_remedy-9b-22,0.766362655,246006,200000,1.2
amh_Ethi-tso_Latn,shaomutan_remedy-9b-22,0.636617579,193524,200000,1.0
amh_Ethi-tum_Latn,metricx24,0.641000964,194661,1200000,0.2
amh_Ethi-tur_Latn,shaomutan_remedy-9b-22,0.910236316,617805,200000,3.1
amh_Ethi-twi_Latn,shaomutan_remedy-9b-22,0.662263397,191767,200000,1.0
amh_Ethi-ukr_Cyrl,shaomutan_remedy-9b-22,0.907963897,396488,200000,2.0
amh_Ethi-urd_Arab,shaomutan_remedy-9b-22,0.843726659,290069,200000,1.5
amh_Ethi-vie_Latn,shaomutan_remedy-9b-22,0.862560517,439912,200000,2.2
amh_Ethi-xho_Latn,shaomutan_remedy-9b-22,0.756248971,614927,200000,3.1
amh_Ethi-yor_Latn,shaomutan_remedy-9b-22,0.671641931,495324,200000,2.5
amh_Ethi-yue_Hani,metricx24,unknown,97934,1200000,0.1
amh_Ethi-zho_Hans,qwen3-4b-instruct-2507,0.861205,311106,28000,11.1
amh_Ethi-zho_Hant,shaomutan_remedy-9b-22,0.910011519,226140,200000,1.1
amh_Ethi-zsm_Latn,metricx24,0.821884619,56966,1200000,0.0
amh_Ethi-zul_Latn,shaomutan_remedy-9b-22,0.779589193,870651,200000,4.4
apc_Arab-ben_Beng,shaomutan_remedy-9b-22,0.928954244,97483,200000,0.5
apc_Arab-bos_Latn,qwen3-4b-instruct-2507,0.935197,150728,28000,5.4
apc_Arab-bul_Cyrl,qwen3-4b-instruct-2507,0.951628,543057,28000,19.4
apc_Arab-ces_Latn,qwen3-4b-instruct-2507,0.943828,611232,28000,21.8
apc_Arab-cmn_Hani,metricx24,unknown,170692,1200000,0.1
apc_Arab-dan_Latn,shaomutan_remedy-9b-22,0.924474782,447311,200000,2.2
apc_Arab-deu_Latn,qwen3-4b-instruct-2507,0.934729,666306,28000,23.8
apc_Arab-ekk_Latn,metricx24,unknown,164035,1200000,0.1
apc_Arab-ell_Grek,qwen3-4b-instruct-2507,0.93786,648228,28000,23.2
apc_Arab-eng_Latn,qwen3-4b-instruct-2507,0.966152,1211943,28000,43.3
apc_Arab-est_Latn,shaomutan_remedy-9b-22,0.923684955,88057,200000,0.4
apc_Arab-fas_Arab,metricx24,unknown,614805,1200000,0.5
apc_Arab-fin_Latn,shaomutan_remedy-9b-22,0.916253715,542885,200000,2.7
apc_Arab-fra_Latn,qwen3-4b-instruct-2507,0.948382,848855,28000,30.3
apc_Arab-heb_Hebr,qwen3-4b-instruct-2507,0.935336,537093,28000,19.2
apc_Arab-hin_Deva,qwen3-4b-instruct-2507,0.92443,72278,28000,2.6
apc_Arab-hrv_Latn,qwen3-4b-instruct-2507,0.931399,480445,28000,17.2
apc_Arab-hun_Latn,qwen3-4b-instruct-2507,0.935226,624516,28000,22.3
apc_Arab-ind_Latn,shaomutan_remedy-9b-22,0.925171517,624347,200000,3.1
apc_Arab-ita_Latn,qwen3-4b-instruct-2507,0.952145,699052,28000,25.0
apc_Arab-jpn_Jpan,qwen3-4b-instruct-2507,0.941453,121848,28000,4.4
apc_Arab-kor_Hang,qwen3-4b-instruct-2507,0.937342,279680,28000,10.0
apc_Arab-lit_Latn,shaomutan_remedy-9b-22,0.915545747,67594,200000,0.3
apc_Arab-mkd_Cyrl,qwen3-4b-instruct-2507,0.95549,80496,28000,2.9
apc_Arab-msa_Latn,metricx24,unknown,85929,1200000,0.1
apc_Arab-nld_Latn,shaomutan_remedy-9b-22,0.930272586,689826,200000,3.4
apc_Arab-nob_Latn,shaomutan_remedy-9b-22,0.919667988,224771,200000,1.1
apc_Arab-nor_Latn,metricx24,unknown,118791,1200000,0.1
apc_Arab-pol_Latn,qwen3-4b-instruct-2507,0.926267,713908,28000,25.5
apc_Arab-por_Latn,qwen3-4b-instruct-2507,0.938676,859029,28000,30.7
apc_Arab-ron_Latn,qwen3-4b-instruct-2507,0.941289,769446,28000,27.5
apc_Arab-rus_Cyrl,qwen3-4b-instruct-2507,0.934679,619941,28000,22.1
apc_Arab-slk_Latn,qwen3-4b-instruct-2507,0.940976,175638,28000,6.3
apc_Arab-slv_Latn,qwen3-4b-instruct-2507,0.937048,287397,28000,10.3
apc_Arab-spa_Latn,shaomutan_remedy-9b-22,0.936365233,978530,200000,4.9
apc_Arab-srp_Latn,metricx24,unknown,545282,1200000,0.5
apc_Arab-swe_Latn,shaomutan_remedy-9b-22,0.927783023,494603,200000,2.5
apc_Arab-tha_Thai,qwen3-4b-instruct-2507,0.930164,252197,28000,9.0
apc_Arab-tur_Latn,qwen3-4b-instruct-2507,0.939418,729111,28000,26.0
apc_Arab-ukr_Cyrl,qwen3-4b-instruct-2507,0.944903,122355,28000,4.4
apc_Arab-urd_Arab,shaomutan_remedy-9b-22,0.920324399,110493,200000,0.6
apc_Arab-vie_Latn,shaomutan_remedy-9b-22,0.957178645,381106,200000,1.9
apc_Arab-zho_Hans,qwen3-4b-instruct-2507,0.959199,143895,28000,5.1
apc_Arab-zho_Hant,qwen3-4b-instruct-2507,0.948497,112830,28000,4.0
ara_Arab-abk_Cyrl,qwen3-4b-instruct-2507,unknown,156076,28000,5.6
ara_Arab-afr_Latn,metricx24,unknown,296029,1200000,0.2
ara_Arab-als_Latn,metricx24,unknown,3110027,1200000,2.6
ara_Arab-arb_Arab,metricx24,unknown,20963,1200000,0.0
ara_Arab-arz_Arab,metricx24,unknown,58679,1200000,0.0
ara_Arab-ast_Latn,qwen3-4b-instruct-2507,unknown,390165,28000,13.9
ara_Arab-aze_Latn,qwen3-4b-instruct-2507,unknown,223714,28000,8.0
ara_Arab-azj_Latn,metricx24,unknown,727200,1200000,0.6
ara_Arab-bak_Cyrl,qwen3-4b-instruct-2507,unknown,276845,28000,9.9
ara_Arab-bel_Cyrl,metricx24,unknown,875195,1200000,0.7
ara_Arab-ben_Beng,metricx24,unknown,7852591,1200000,6.5
ara_Arab-bos_Latn,qwen3-4b-instruct-2507,unknown,7792306,28000,278.3
ara_Arab-bre_Latn,qwen3-4b-instruct-2507,unknown,182447,28000,6.5
ara_Arab-bul_Cyrl,metricx24,unknown,31044115,1200000,25.9
ara_Arab-cat_Latn,metricx24,unknown,3818599,1200000,3.2
ara_Arab-ceb_Latn,metricx24,unknown,121480,1200000,0.1
ara_Arab-ces_Latn,metricx24,unknown,37277418,1200000,31.1
ara_Arab-ckb_Arab,metricx24,unknown,1634641,1200000,1.4
ara_Arab-cmn_Hani,qwen3-4b-instruct-2507,unknown,13565956,28000,484.5
ara_Arab-crh_Latn,qwen3-4b-instruct-2507,unknown,257144,28000,9.2
ara_Arab-cym_Latn,metricx24,unknown,641806,1200000,0.5
ara_Arab-dan_Latn,metricx24,unknown,30829874,1200000,25.7
ara_Arab-deu_Latn,metricx24,unknown,50329265,1200000,41.9
ara_Arab-diq_Latn,qwen3-4b-instruct-2507,unknown,223690,28000,8.0
ara_Arab-ekk_Latn,qwen3-4b-instruct-2507,unknown,10942560,28000,390.8
ara_Arab-ell_Grek,metricx24,unknown,40087575,1200000,33.4
ara_Arab-eng_Latn,metricx24,unknown,118188801,1200000,98.5
ara_Arab-epo_Latn,metricx24,unknown,1384522,1200000,1.2
ara_Arab-est_Latn,metricx24,unknown,4485686,1200000,3.7
ara_Arab-eus_Latn,metricx24,unknown,3035304,1200000,2.5
ara_Arab-fas_Arab,qwen3-4b-instruct-2507,unknown,35622341,28000,1272.2
ara_Arab-fil_Latn,qwen3-4b-instruct-2507,unknown,1245082,28000,44.5
ara_Arab-fin_Latn,metricx24,unknown,36808667,1200000,30.7
ara_Arab-fra_Latn,metricx24,unknown,63094045,1200000,52.6
ara_Arab-fro_Latn,qwen3-4b-instruct-2507,unknown,155879,28000,5.6
ara_Arab-fry_Latn,qwen3-4b-instruct-2507,unknown,142123,28000,5.1
ara_Arab-ful_Latn,qwen3-4b-instruct-2507,unknown,116324,28000,4.2
ara_Arab-fur_Latn,qwen3-4b-instruct-2507,unknown,772807,28000,27.6
ara_Arab-gle_Latn,metricx24,unknown,275780,1200000,0.2
ara_Arab-glg_Latn,metricx24,unknown,1007264,1200000,0.8
ara_Arab-gsw_Latn,qwen3-4b-instruct-2507,unknown,91078,28000,3.3
ara_Arab-gug_Latn,qwen3-4b-instruct-2507,unknown,62085,28000,2.2
ara_Arab-guj_Gujr,metricx24,unknown,205287,1200000,0.2
ara_Arab-hat_Latn,metricx24,unknown,397064,1200000,0.3
ara_Arab-hau_Latn,metricx24,unknown,297616,1200000,0.2
ara_Arab-heb_Hebr,metricx24,unknown,35919648,1200000,29.9
ara_Arab-hin_Deva,metricx24,unknown,9112011,1200000,7.6
ara_Arab-hne_Deva,qwen3-4b-instruct-2507,unknown,105653,28000,3.8
ara_Arab-hrv_Latn,qwen3-4b-instruct-2507,unknown,29388156,28000,1049.6
ara_Arab-hun_Latn,metricx24,unknown,38292963,1200000,31.9
ara_Arab-hye_Armn,metricx24,unknown,613570,1200000,0.5
ara_Arab-ibo_Latn,metricx24,unknown,117085,1200000,0.1
ara_Arab-ilo_Latn,qwen3-4b-instruct-2507,unknown,146776,28000,5.2
ara_Arab-ina_Latn,qwen3-4b-instruct-2507,unknown,106479,28000,3.8
ara_Arab-ind_Latn,metricx24,unknown,43683123,1200000,36.4
ara_Arab-isl_Latn,metricx24,unknown,3281993,1200000,2.7
ara_Arab-ita_Latn,metricx24,unknown,48108938,1200000,40.1
ara_Arab-jav_Latn,metricx24,unknown,476487,1200000,0.4
ara_Arab-jpn_Jpan,metricx24,unknown,11134461,1200000,9.3
ara_Arab-kab_Latn,qwen3-4b-instruct-2507,unknown,301721,28000,10.8
ara_Arab-kan_Knda,metricx24,unknown,213934,1200000,0.2
ara_Arab-kat_Geor,metricx24,unknown,722947,1200000,0.6
ara_Arab-kaz_Cyrl,metricx24,unknown,573333,1200000,0.5
ara_Arab-khk_Cyrl,metricx24,unknown,148075,1200000,0.1
ara_Arab-khm_Khmr,metricx24,unknown,602872,1200000,0.5
ara_Arab-kin_Latn,qwen3-4b-instruct-2507,unknown,148840,28000,5.3
ara_Arab-kir_Cyrl,metricx24,unknown,140161,1200000,0.1
ara_Arab-kiu_Latn,qwen3-4b-instruct-2507,unknown,234096,28000,8.4
ara_Arab-kmr_Latn,metricx24,unknown,466828,1200000,0.4
ara_Arab-kor_Hang,metricx24,unknown,20923790,1200000,17.4
ara_Arab-kor_Zyyy,qwen3-4b-instruct-2507,unknown,3562403,28000,127.2
ara_Arab-lao_Laoo,metricx24,unknown,97615,1200000,0.1
ara_Arab-lat_Latn,qwen3-4b-instruct-2507,unknown,309416,28000,11.1
ara_Arab-lav_Latn,qwen3-4b-instruct-2507,unknown,878144,28000,31.4
ara_Arab-lim_Latn,qwen3-4b-instruct-2507,unknown,319595,28000,11.4
ara_Arab-lit_Latn,metricx24,unknown,6184485,1200000,5.2
ara_Arab-ltz_Latn,metricx24,unknown,171639,1200000,0.1
ara_Arab-lug_Latn,qwen3-4b-instruct-2507,unknown,59433,28000,2.1
ara_Arab-lvs_Latn,metricx24,unknown,3493773,1200000,2.9
ara_Arab-lzh_Hani,qwen3-4b-instruct-2507,unknown,561607,28000,20.1
ara_Arab-mal_Mlym,metricx24,unknown,2944224,1200000,2.5
ara_Arab-mar_Deva,metricx24,unknown,1225230,1200000,1.0
ara_Arab-mhr_Cyrl,qwen3-4b-instruct-2507,unknown,249102,28000,8.9
ara_Arab-mkd_Cyrl,metricx24,unknown,4454964,1200000,3.7
ara_Arab-mlg_Latn,qwen3-4b-instruct-2507,unknown,167686,28000,6.0
ara_Arab-mlt_Latn,metricx24,unknown,176964,1200000,0.1
ara_Arab-mon_Cyrl,qwen3-4b-instruct-2507,unknown,177648,28000,6.3
ara_Arab-mri_Latn,metricx24,unknown,79332,1200000,0.1
ara_Arab-msa_Latn,qwen3-4b-instruct-2507,unknown,6220338,28000,222.2
ara_Arab-mya_Mymr,metricx24,unknown,902503,1200000,0.8
ara_Arab-nap_Latn,qwen3-4b-instruct-2507,unknown,71431,28000,2.6
ara_Arab-nds_Latn,qwen3-4b-instruct-2507,unknown,177627,28000,6.3
ara_Arab-nep_Deva,qwen3-4b-instruct-2507,unknown,437884,28000,15.6
ara_Arab-nld_Latn,metricx24,unknown,46746493,1200000,39.0
ara_Arab-nno_Latn,metricx24,unknown,541959,1200000,0.5
ara_Arab-nob_Latn,metricx24,unknown,16627429,1200000,13.9
ara_Arab-nor_Latn,qwen3-4b-instruct-2507,unknown,8122284,28000,290.1
ara_Arab-npi_Deva,metricx24,unknown,1309827,1200000,1.1
ara_Arab-nso_Latn,metricx24,unknown,32025,1200000,0.0
ara_Arab-nya_Latn,qwen3-4b-instruct-2507,unknown,63507,28000,2.3
ara_Arab-oci_Latn,qwen3-4b-instruct-2507,unknown,201624,28000,7.2
ara_Arab-pan_Guru,metricx24,unknown,144346,1200000,0.1
ara_Arab-pap_Latn,qwen3-4b-instruct-2507,unknown,177660,28000,6.3
ara_Arab-pbt_Arab,metricx24,unknown,61307,1200000,0.1
ara_Arab-plt_Latn,metricx24,unknown,139096,1200000,0.1
ara_Arab-pol_Latn,metricx24,unknown,47233839,1200000,39.4
ara_Arab-por_Latn,metricx24,unknown,60031791,1200000,50.0
ara_Arab-pus_Arab,qwen3-4b-instruct-2507,unknown,127966,28000,4.6
ara_Arab-rmy_Latn,qwen3-4b-instruct-2507,unknown,63753,28000,2.3
ara_Arab-roh_Latn,qwen3-4b-instruct-2507,unknown,19338,28000,0.7
ara_Arab-ron_Latn,metricx24,unknown,47735529,1200000,39.8
ara_Arab-rus_Cyrl,metricx24,unknown,47074110,1200000,39.2
ara_Arab-scn_Latn,qwen3-4b-instruct-2507,unknown,121655,28000,4.3
ara_Arab-sco_Latn,qwen3-4b-instruct-2507,unknown,65385,28000,2.3
ara_Arab-sdh_Arab,qwen3-4b-instruct-2507,unknown,113218,28000,4.0
ara_Arab-shp_Latn,qwen3-4b-instruct-2507,unknown,30454,28000,1.1
ara_Arab-sin_Sinh,metricx24,unknown,3206489,1200000,2.7
ara_Arab-slk_Latn,metricx24,unknown,12498466,1200000,10.4
ara_Arab-slv_Latn,metricx24,unknown,16459186,1200000,13.7
ara_Arab-sna_Latn,metricx24,unknown,83656,1200000,0.1
ara_Arab-snd_Arab,metricx24,unknown,201235,1200000,0.2
ara_Arab-som_Latn,metricx24,unknown,1715941,1200000,1.4
ara_Arab-spa_Latn,metricx24,unknown,74091368,1200000,61.7
ara_Arab-sqi_Latn,qwen3-4b-instruct-2507,unknown,1201447,28000,42.9
ara_Arab-srd_Latn,qwen3-4b-instruct-2507,unknown,1598802,28000,57.1
ara_Arab-srp_Cyrl,metricx24,unknown,4180717,1200000,3.5
ara_Arab-srp_Latn,qwen3-4b-instruct-2507,unknown,27359426,28000,977.1
ara_Arab-sun_Latn,metricx24,unknown,243672,1200000,0.2
ara_Arab-swa_Latn,qwen3-4b-instruct-2507,unknown,864759,28000,30.9
ara_Arab-swc_Latn,qwen3-4b-instruct-2507,unknown,158641,28000,5.7
ara_Arab-swe_Latn,metricx24,unknown,34524240,1200000,28.8
ara_Arab-swh_Latn,metricx24,unknown,1131646,1200000,0.9
ara_Arab-tam_Taml,metricx24,unknown,2730690,1200000,2.3
ara_Arab-tat_Cyrl,qwen3-4b-instruct-2507,unknown,1302801,28000,46.5
ara_Arab-tel_Telu,metricx24,unknown,1321556,1200000,1.1
ara_Arab-tgk_Cyrl,metricx24,unknown,206752,1200000,0.2
ara_Arab-tgl_Latn,qwen3-4b-instruct-2507,unknown,1533605,28000,54.8
ara_Arab-tha_Thai,metricx24,unknown,18173055,1200000,15.1
ara_Arab-tur_Latn,metricx24,unknown,47223257,1200000,39.4
ara_Arab-ukr_Cyrl,metricx24,unknown,9757480,1200000,8.1
ara_Arab-und_Beng,qwen3-4b-instruct-2507,unknown,148675,28000,5.3
ara_Arab-und_Hira,qwen3-4b-instruct-2507,unknown,62525,28000,2.2
ara_Arab-und_Kana,qwen3-4b-instruct-2507,unknown,299449,28000,10.7
ara_Arab-urd_Arab,metricx24,unknown,5499015,1200000,4.6
ara_Arab-uzb_Cyrl,qwen3-4b-instruct-2507,unknown,494844,28000,17.7
ara_Arab-uzb_Latn,qwen3-4b-instruct-2507,unknown,504361,28000,18.0
ara_Arab-uzn_Cyrl,qwen3-4b-instruct-2507,unknown,83589,28000,3.0
ara_Arab-uzn_Latn,metricx24,unknown,279711,1200000,0.2
ara_Arab-vec_Latn,qwen3-4b-instruct-2507,unknown,544223,28000,19.4
ara_Arab-vie_Latn,metricx24,unknown,28639226,1200000,23.9
ara_Arab-wol_Latn,qwen3-4b-instruct-2507,unknown,237878,28000,8.5
ara_Arab-wuu_Hani,qwen3-4b-instruct-2507,unknown,72893,28000,2.6
ara_Arab-xho_Latn,metricx24,unknown,801640,1200000,0.7
ara_Arab-yor_Latn,metricx24,unknown,112495,1200000,0.1
ara_Arab-yue_Hani,qwen3-4b-instruct-2507,unknown,1015287,28000,36.3
ara_Arab-zho_Hans,metricx24,unknown,10151041,1200000,8.5
ara_Arab-zho_Hant,metricx24,unknown,6431580,1200000,5.4
ara_Arab-zho_Zyyy,qwen3-4b-instruct-2507,unknown,115175,28000,4.1
ara_Arab-zsm_Latn,metricx24,unknown,4265884,1200000,3.6
ara_Arab-zul_Latn,metricx24,unknown,154694,1200000,0.1
arb_Arab-afr_Latn,qwen3-4b-instruct-2507,0.915679,96287,28000,3.4
arb_Arab-als_Latn,qwen3-4b-instruct-2507,0.946212,1564286,28000,55.9
arb_Arab-arb_Arab,metricx24,unknown,27116,1200000,0.0
arb_Arab-ast_Latn,qwen3-4b-instruct-2507,0.907392,103578,28000,3.7
arb_Arab-azj_Latn,qwen3-4b-instruct-2507,0.903693,365827,28000,13.1
arb_Arab-bel_Cyrl,qwen3-4b-instruct-2507,0.940777,355414,28000,12.7
arb_Arab-ben_Beng,metricx24,0.840709,3106061,1200000,2.6
arb_Arab-bos_Latn,metricx24,0.921478,2983401,1200000,2.5
arb_Arab-bul_Cyrl,metricx24,0.867272,12457563,1200000,10.4
arb_Arab-cat_Latn,qwen3-4b-instruct-2507,0.970991,1560905,28000,55.7
arb_Arab-ces_Latn,metricx24,0.803381,15024557,1200000,12.5
arb_Arab-ckb_Arab,qwen3-4b-instruct-2507,0.799995,833230,28000,29.8
arb_Arab-cmn_Hani,metricx24,unknown,17846059,1200000,14.9
arb_Arab-crh_Latn,shaomutan_remedy-9b-22,0.812540651,108642,200000,0.5
arb_Arab-cym_Latn,qwen3-4b-instruct-2507,0.933584,256806,28000,9.2
arb_Arab-dan_Latn,metricx24,0.876978,12496100,1200000,10.4
arb_Arab-deu_Latn,metricx24,0.936269,21663287,1200000,18.1
arb_Arab-ekk_Latn,metricx24,unknown,5195558,1200000,4.3
arb_Arab-ell_Grek,metricx24,0.858093,15985399,1200000,13.3
arb_Arab-eng_Latn,metricx24,0.864611,76805124,1200000,64.0
arb_Arab-epo_Latn,shaomutan_remedy-9b-22,0.943155334,542720,200000,2.7
arb_Arab-est_Latn,shaomutan_remedy-9b-22,0.933350992,1187627,200000,5.9
arb_Arab-eus_Latn,shaomutan_remedy-9b-22,0.944986239,1149801,200000,5.7
arb_Arab-fas_Arab,metricx24,unknown,14421252,1200000,12.0
arb_Arab-fil_Latn,metricx24,unknown,557432,1200000,0.5
arb_Arab-fin_Latn,metricx24,0.810741,14729229,1200000,12.3
arb_Arab-fra_Latn,metricx24,0.876145,49673765,1200000,41.4
arb_Arab-fur_Latn,qwen3-4b-instruct-2507,0.902021,134342,28000,4.8
arb_Arab-gle_Latn,m-prometheus-7b,0.86458437,135453,27000,5.0
arb_Arab-glg_Latn,qwen3-4b-instruct-2507,0.975386,345090,28000,12.3
arb_Arab-guj_Gujr,qwen3-4b-instruct-2507,0.953111,99344,28000,3.5
arb_Arab-hat_Latn,shaomutan_remedy-9b-22,0.887147684,135680,200000,0.7
arb_Arab-hau_Latn,shaomutan_remedy-9b-22,0.871988461,81739,200000,0.4
arb_Arab-heb_Hebr,metricx24,0.881346,14276976,1200000,11.9
arb_Arab-hin_Deva,metricx24,0.81918,3711877,1200000,3.1
arb_Arab-hrv_Latn,metricx24,0.914226,11580188,1200000,9.7
arb_Arab-hun_Latn,metricx24,0.817697,15214877,1200000,12.7
arb_Arab-hye_Armn,qwen3-4b-instruct-2507,0.942459,238441,28000,8.5
arb_Arab-ind_Latn,metricx24,0.877632,16783307,1200000,14.0
arb_Arab-isl_Latn,shaomutan_remedy-9b-22,0.918064812,1189206,200000,5.9
arb_Arab-ita_Latn,metricx24,0.900612,20047408,1200000,16.7
arb_Arab-jav_Latn,qwen3-4b-instruct-2507,0.903176,78674,28000,2.8
arb_Arab-jpn_Jpan,metricx24,0.81945,4414262,1200000,3.7
arb_Arab-kab_Latn,qwen3-4b-instruct-2507,0.438905,63855,28000,2.3
arb_Arab-kan_Knda,qwen3-4b-instruct-2507,0.953708,98738,28000,3.5
arb_Arab-kat_Geor,shaomutan_remedy-9b-22,0.921795335,272820,200000,1.4
arb_Arab-kaz_Cyrl,qwen3-4b-instruct-2507,0.929881,230165,28000,8.2
arb_Arab-khk_Cyrl,metricx24,0.812643295,66687,1200000,0.1
arb_Arab-khm_Khmr,qwen3-4b-instruct-2507,0.930821,222094,28000,7.9
arb_Arab-kin_Latn,shaomutan_remedy-9b-22,0.849422777,116418,200000,0.6
arb_Arab-kiu_Latn,metricx24,unknown,81166,1200000,0.1
arb_Arab-kmr_Latn,metricx24,0.731670442,235844,1200000,0.2
arb_Arab-kor_Hang,metricx24,0.83051,8880126,1200000,7.4
arb_Arab-kor_Zyyy,metricx24,unknown,703462,1200000,0.6
arb_Arab-lat_Latn,metricx24,unknown,73325,1200000,0.1
arb_Arab-lav_Latn,metricx24,unknown,188348,1200000,0.2
arb_Arab-lim_Latn,qwen3-4b-instruct-2507,0.845157,93069,28000,3.3
arb_Arab-lin_Latn,shaomutan_remedy-9b-22,0.770558514,102461,200000,0.5
arb_Arab-lit_Latn,metricx24,0.806142,2893067,1200000,2.4
arb_Arab-lvs_Latn,qwen3-4b-instruct-2507,0.949169,1814104,28000,64.8
arb_Arab-lzh_Hani,metricx24,unknown,137596,1200000,0.1
arb_Arab-mal_Mlym,qwen3-4b-instruct-2507,0.957596,1124980,28000,40.2
arb_Arab-mar_Deva,qwen3-4b-instruct-2507,0.946336,522628,28000,18.7
arb_Arab-mkd_Cyrl,qwen3-4b-instruct-2507,0.972489,1666276,28000,59.5
arb_Arab-msa_Latn,metricx24,unknown,1934054,1200000,1.6
arb_Arab-mya_Mymr,shaomutan_remedy-9b-22,0.929192984,346392,200000,1.7
arb_Arab-nep_Deva,metricx24,unknown,147252,1200000,0.1
arb_Arab-nld_Latn,metricx24,0.905675,19309663,1200000,16.1
arb_Arab-nno_Latn,qwen3-4b-instruct-2507,0.950045,144976,28000,5.2
arb_Arab-nob_Latn,metricx24,0.846774,7996861,1200000,6.7
arb_Arab-nor_Latn,metricx24,unknown,2411643,1200000,2.0
arb_Arab-npi_Deva,qwen3-4b-instruct-2507,0.940881,807012,28000,28.8
arb_Arab-nso_Latn,metricx24,0.661115668,92237,1200000,0.1
arb_Arab-nya_Latn,shaomutan_remedy-9b-22,0.783569172,152008,200000,0.8
arb_Arab-plt_Latn,metricx24,0.783662805,72657,1200000,0.1
arb_Arab-pol_Latn,metricx24,0.798298,19005627,1200000,15.8
arb_Arab-por_Latn,metricx24,0.864314,25482339,1200000,21.2
arb_Arab-ron_Latn,metricx24,0.843886,19095867,1200000,15.9
arb_Arab-rus_Cyrl,metricx24,0.886376,39669089,1200000,33.1
arb_Arab-sin_Sinh,shaomutan_remedy-9b-22,0.926872411,1259143,200000,6.3
arb_Arab-slk_Latn,metricx24,0.79269,5592404,1200000,4.7
arb_Arab-slv_Latn,metricx24,0.868833,7034682,1200000,5.9
arb_Arab-sna_Latn,shaomutan_remedy-9b-22,0.812820273,130630,200000,0.7
arb_Arab-som_Latn,shaomutan_remedy-9b-22,0.790248203,949096,200000,4.7
arb_Arab-sot_Latn,shaomutan_remedy-9b-22,0.830360693,150206,200000,0.8
arb_Arab-spa_Latn,metricx24,0.876158,51101068,1200000,42.6
arb_Arab-sqi_Latn,metricx24,unknown,268916,1200000,0.2
arb_Arab-srd_Latn,qwen3-4b-instruct-2507,0.859786,238614,28000,8.5
arb_Arab-srp_Cyrl,metricx24,0.883406,2101611,1200000,1.8
arb_Arab-srp_Latn,metricx24,unknown,10838524,1200000,9.0
arb_Arab-sun_Latn,qwen3-4b-instruct-2507,0.90106,73400,28000,2.6
arb_Arab-swa_Latn,metricx24,unknown,355263,1200000,0.3
arb_Arab-swc_Latn,metricx24,unknown,98722,1200000,0.1
arb_Arab-swe_Latn,metricx24,0.86288,13892849,1200000,11.6
arb_Arab-swh_Latn,shaomutan_remedy-9b-22,0.927783409,720752,200000,3.6
arb_Arab-tam_Taml,qwen3-4b-instruct-2507,0.960438,1111884,28000,39.7
arb_Arab-tat_Cyrl,shaomutan_remedy-9b-22,0.90944567,609311,200000,3.0
arb_Arab-tel_Telu,qwen3-4b-instruct-2507,0.959199,503129,28000,18.0
arb_Arab-tgk_Cyrl,qwen3-4b-instruct-2507,0.904813,66134,28000,2.4
arb_Arab-tgl_Latn,qwen3-4b-instruct-2507,0.950149,303561,28000,10.8
arb_Arab-tha_Thai,metricx24,0.834224,7016475,1200000,5.8
arb_Arab-tur_Latn,metricx24,0.774372,18676081,1200000,15.6
arb_Arab-ukr_Cyrl,metricx24,0.837351,3826831,1200000,3.2
arb_Arab-urd_Arab,shaomutan_remedy-9b-22,0.924319707,2380444,200000,11.9
arb_Arab-uzb_Cyrl,metricx24,unknown,503137,1200000,0.4
arb_Arab-uzb_Latn,metricx24,unknown,504560,1200000,0.4
arb_Arab-uzn_Latn,qwen3-4b-instruct-2507,0.908726,90546,28000,3.2
arb_Arab-vec_Latn,qwen3-4b-instruct-2507,0.918158,94431,28000,3.4
arb_Arab-vie_Latn,metricx24,0.871488,11446750,1200000,9.5
arb_Arab-wuu_Hani,metricx24,unknown,71476,1200000,0.1
arb_Arab-xho_Latn,shaomutan_remedy-9b-22,0.812431421,631001,200000,3.2
arb_Arab-yor_Latn,shaomutan_remedy-9b-22,0.73624759,78864,200000,0.4
arb_Arab-yue_Hani,metricx24,unknown,302436,1200000,0.3
arb_Arab-zho_Hans,metricx24,0.872225,7402420,1200000,6.2
arb_Arab-zho_Hant,metricx24,0.861815,2069134,1200000,1.7
arb_Arab-zsm_Latn,qwen3-4b-instruct-2507,0.912643,1931941,28000,69.0
arb_Arab-zul_Latn,shaomutan_remedy-9b-22,0.860364171,133940,200000,0.7
arg_Latn-arg_Latn,qwen3-4b-instruct-2507,unknown,87331,28000,3.1
arg_Latn-ben_Beng,metricx24,unknown,61802,1200000,0.1
arg_Latn-cat_Latn,metricx24,unknown,74526,1200000,0.1
arg_Latn-ces_Latn,metricx24,unknown,58325,1200000,0.0
arg_Latn-eng_Latn,metricx24,unknown,65425,1200000,0.1
arg_Latn-fin_Latn,metricx24,unknown,82626,1200000,0.1
arg_Latn-fra_Latn,metricx24,unknown,200037,1200000,0.2
arg_Latn-glg_Latn,metricx24,unknown,116551,1200000,0.1
arg_Latn-heb_Hebr,metricx24,unknown,71514,1200000,0.1
arg_Latn-hrv_Latn,qwen3-4b-instruct-2507,unknown,84559,28000,3.0
arg_Latn-hun_Latn,metricx24,unknown,90488,1200000,0.1
arg_Latn-ind_Latn,metricx24,unknown,48857,1200000,0.0
arg_Latn-ita_Latn,metricx24,unknown,135111,1200000,0.1
arg_Latn-nld_Latn,metricx24,unknown,100400,1200000,0.1
arg_Latn-pol_Latn,metricx24,unknown,115763,1200000,0.1
arg_Latn-por_Latn,metricx24,unknown,387571,1200000,0.3
arg_Latn-ron_Latn,metricx24,unknown,92287,1200000,0.1
arg_Latn-rus_Cyrl,metricx24,unknown,124368,1200000,0.1
arg_Latn-slk_Latn,metricx24,unknown,105985,1200000,0.1
arg_Latn-spa_Latn,metricx24,unknown,308512,1200000,0.3
arg_Latn-swe_Latn,metricx24,unknown,96490,1200000,0.1
arg_Latn-tur_Latn,metricx24,unknown,65446,1200000,0.1
arg_Latn-ukr_Cyrl,metricx24,unknown,66823,1200000,0.1
arq_Arab-bul_Cyrl,metricx24,unknown,73320,1200000,0.1
arq_Arab-ces_Latn,metricx24,unknown,90833,1200000,0.1
arq_Arab-dan_Latn,metricx24,unknown,78710,1200000,0.1
arq_Arab-deu_Latn,metricx24,unknown,106129,1200000,0.1
arq_Arab-ell_Grek,metricx24,unknown,103452,1200000,0.1
arq_Arab-eng_Latn,metricx24,unknown,153135,1200000,0.1
arq_Arab-fas_Arab,qwen3-4b-instruct-2507,unknown,90838,28000,3.2
arq_Arab-fin_Latn,metricx24,unknown,100525,1200000,0.1
arq_Arab-fra_Latn,metricx24,unknown,117065,1200000,0.1
arq_Arab-heb_Hebr,metricx24,unknown,97383,1200000,0.1
arq_Arab-hrv_Latn,qwen3-4b-instruct-2507,unknown,71019,28000,2.5
arq_Arab-hun_Latn,metricx24,unknown,102228,1200000,0.1
arq_Arab-ind_Latn,metricx24,unknown,104158,1200000,0.1
arq_Arab-ita_Latn,metricx24,unknown,107922,1200000,0.1
arq_Arab-nld_Latn,metricx24,unknown,113767,1200000,0.1
arq_Arab-pol_Latn,metricx24,unknown,109684,1200000,0.1
arq_Arab-por_Latn,metricx24,unknown,122589,1200000,0.1
arq_Arab-ron_Latn,metricx24,unknown,136018,1200000,0.1
arq_Arab-rus_Cyrl,metricx24,unknown,92173,1200000,0.1
arq_Arab-slv_Latn,metricx24,unknown,39950,1200000,0.0
arq_Arab-spa_Latn,metricx24,unknown,113190,1200000,0.1
arq_Arab-srp_Latn,qwen3-4b-instruct-2507,unknown,84258,28000,3.0
arq_Arab-swe_Latn,metricx24,unknown,88947,1200000,0.1
arq_Arab-tur_Latn,metricx24,unknown,109867,1200000,0.1
arq_Arab-vie_Latn,metricx24,unknown,65528,1200000,0.1
ars_Arab-als_Latn,qwen3-4b-instruct-2507,0.934903,89599,28000,3.2
ars_Arab-ben_Beng,shaomutan_remedy-9b-22,0.930620952,180419,200000,0.9
ars_Arab-bos_Latn,qwen3-4b-instruct-2507,0.953101,270461,28000,9.7
ars_Arab-bul_Cyrl,qwen3-4b-instruct-2507,0.951648,994230,28000,35.5
ars_Arab-cat_Latn,qwen3-4b-instruct-2507,0.94996,66610,28000,2.4
ars_Arab-ces_Latn,qwen3-4b-instruct-2507,0.953678,1098395,28000,39.2
ars_Arab-cmn_Hani,metricx24,unknown,354286,1200000,0.3
ars_Arab-dan_Latn,qwen3-4b-instruct-2507,0.943464,856319,28000,30.6
ars_Arab-deu_Latn,qwen3-4b-instruct-2507,0.95113,1155593,28000,41.3
ars_Arab-ekk_Latn,metricx24,unknown,342676,1200000,0.3
ars_Arab-ell_Grek,qwen3-4b-instruct-2507,0.956088,1189513,28000,42.5
ars_Arab-eng_Latn,metricx24,0.854107,2359185,1200000,2.0
ars_Arab-est_Latn,shaomutan_remedy-9b-22,0.927800587,124879,200000,0.6
ars_Arab-eus_Latn,shaomutan_remedy-9b-22,0.940359182,95620,200000,0.5
ars_Arab-fas_Arab,metricx24,unknown,993750,1200000,0.8
ars_Arab-fin_Latn,shaomutan_remedy-9b-22,0.91445303,1021082,200000,5.1
ars_Arab-fra_Latn,qwen3-4b-instruct-2507,0.95996,1456345,28000,52.0
ars_Arab-heb_Hebr,qwen3-4b-instruct-2507,0.946625,1035090,28000,37.0
ars_Arab-hin_Deva,qwen3-4b-instruct-2507,0.932404,136452,28000,4.9
ars_Arab-hrv_Latn,qwen3-4b-instruct-2507,0.947561,865744,28000,30.9
ars_Arab-hun_Latn,qwen3-4b-instruct-2507,0.95111,1120835,28000,40.0
ars_Arab-ind_Latn,qwen3-4b-instruct-2507,0.9288,1112424,28000,39.7
ars_Arab-isl_Latn,shaomutan_remedy-9b-22,0.911507235,94639,200000,0.5
ars_Arab-ita_Latn,qwen3-4b-instruct-2507,0.955754,1178601,28000,42.1
ars_Arab-jpn_Jpan,qwen3-4b-instruct-2507,0.965441,194608,28000,7.0
ars_Arab-kor_Hang,qwen3-4b-instruct-2507,0.940946,515121,28000,18.4
ars_Arab-lit_Latn,qwen3-4b-instruct-2507,0.927402,123215,28000,4.4
ars_Arab-lvs_Latn,qwen3-4b-instruct-2507,0.930005,69352,28000,2.5
ars_Arab-mal_Mlym,qwen3-4b-instruct-2507,0.94559,101427,28000,3.6
ars_Arab-mkd_Cyrl,qwen3-4b-instruct-2507,0.959955,127072,28000,4.5
ars_Arab-msa_Latn,metricx24,unknown,133336,1200000,0.1
ars_Arab-nld_Latn,qwen3-4b-instruct-2507,0.93656,1267876,28000,45.3
ars_Arab-nob_Latn,qwen3-4b-instruct-2507,0.921414,498849,28000,17.8
ars_Arab-nor_Latn,metricx24,unknown,181911,1200000,0.2
ars_Arab-pol_Latn,qwen3-4b-instruct-2507,0.943798,1289111,28000,46.0
ars_Arab-por_Latn,qwen3-4b-instruct-2507,0.946137,1559977,28000,55.7
ars_Arab-ron_Latn,qwen3-4b-instruct-2507,0.950523,1396329,28000,49.9
ars_Arab-rus_Cyrl,qwen3-4b-instruct-2507,0.94898,1027091,28000,36.7
ars_Arab-sin_Sinh,shaomutan_remedy-9b-22,0.922831236,108964,200000,0.5
ars_Arab-slk_Latn,qwen3-4b-instruct-2507,0.949004,309753,28000,11.1
ars_Arab-slv_Latn,qwen3-4b-instruct-2507,0.948099,534961,28000,19.1
ars_Arab-spa_Latn,qwen3-4b-instruct-2507,0.944883,1742608,28000,62.2
ars_Arab-srp_Cyrl,qwen3-4b-instruct-2507,0.958945,94162,28000,3.4
ars_Arab-srp_Latn,metricx24,unknown,1014580,1200000,0.8
ars_Arab-swe_Latn,qwen3-4b-instruct-2507,0.945246,947932,28000,33.9
ars_Arab-tam_Taml,qwen3-4b-instruct-2507,0.942872,92950,28000,3.3
ars_Arab-tha_Thai,qwen3-4b-instruct-2507,0.939268,405130,28000,14.5
ars_Arab-tur_Latn,qwen3-4b-instruct-2507,0.952768,1305081,28000,46.6
ars_Arab-ukr_Cyrl,qwen3-4b-instruct-2507,0.949716,198214,28000,7.1
ars_Arab-urd_Arab,shaomutan_remedy-9b-22,0.918875404,161854,200000,0.8
ars_Arab-vie_Latn,shaomutan_remedy-9b-22,0.934933204,709618,200000,3.5
ars_Arab-zho_Hans,qwen3-4b-instruct-2507,0.965366,180496,28000,6.4
ars_Arab-zho_Hant,qwen3-4b-instruct-2507,0.960249,158228,28000,5.7
ars_Arab-zsm_Latn,qwen3-4b-instruct-2507,0.89233,116111,28000,4.1
ary_Arab-als_Latn,qwen3-4b-instruct-2507,0.879856,129522,28000,4.6
ary_Arab-ben_Beng,shaomutan_remedy-9b-22,0.902971937,325357,200000,1.6
ary_Arab-bos_Latn,shaomutan_remedy-9b-22,0.926021258,205253,200000,1.0
ary_Arab-bul_Cyrl,shaomutan_remedy-9b-22,0.916928796,898043,200000,4.5
ary_Arab-cat_Latn,shaomutan_remedy-9b-22,0.937895452,136486,200000,0.7
ary_Arab-ces_Latn,shaomutan_remedy-9b-22,0.920055325,1091953,200000,5.5
ary_Arab-cmn_Hani,metricx24,unknown,427303,1200000,0.4
ary_Arab-dan_Latn,shaomutan_remedy-9b-22,0.930490249,958071,200000,4.8
ary_Arab-deu_Latn,shaomutan_remedy-9b-22,0.927259768,1668399,200000,8.3
ary_Arab-ekk_Latn,metricx24,unknown,298196,1200000,0.2
ary_Arab-ell_Grek,shaomutan_remedy-9b-22,0.93512269,1164459,200000,5.8
ary_Arab-eng_Latn,metricx24,0.809369,4121432,1200000,3.4
ary_Arab-epo_Latn,shaomutan_remedy-9b-22,0.906290523,57741,200000,0.3
ary_Arab-est_Latn,shaomutan_remedy-9b-22,0.928953249,125336,200000,0.6
ary_Arab-eus_Latn,shaomutan_remedy-9b-22,0.920424195,120140,200000,0.6
ary_Arab-fas_Arab,metricx24,unknown,1121848,1200000,0.9
ary_Arab-fin_Latn,shaomutan_remedy-9b-22,0.921238408,1138478,200000,5.7
ary_Arab-fra_Latn,shaomutan_remedy-9b-22,0.940610191,2204175,200000,11.0
ary_Arab-heb_Hebr,shaomutan_remedy-9b-22,0.925467029,1092386,200000,5.5
ary_Arab-hin_Deva,shaomutan_remedy-9b-22,0.885355373,303941,200000,1.5
ary_Arab-hrv_Latn,shaomutan_remedy-9b-22,0.922772166,853105,200000,4.3
ary_Arab-hun_Latn,shaomutan_remedy-9b-22,0.922255478,1119211,200000,5.6
ary_Arab-ind_Latn,shaomutan_remedy-9b-22,0.915683999,1544442,200000,7.7
ary_Arab-isl_Latn,shaomutan_remedy-9b-22,0.882976858,90901,200000,0.5
ary_Arab-ita_Latn,shaomutan_remedy-9b-22,0.930333068,1532204,200000,7.7
ary_Arab-jpn_Jpan,shaomutan_remedy-9b-22,0.927210004,372388,200000,1.9
ary_Arab-kor_Hang,shaomutan_remedy-9b-22,0.923824894,713885,200000,3.6
ary_Arab-kor_Zyyy,metricx24,unknown,76564,1200000,0.1
ary_Arab-lit_Latn,shaomutan_remedy-9b-22,0.906324287,197158,200000,1.0
ary_Arab-lvs_Latn,shaomutan_remedy-9b-22,0.912482778,119510,200000,0.6
ary_Arab-mal_Mlym,shaomutan_remedy-9b-22,0.90614851,133808,200000,0.7
ary_Arab-mar_Deva,shaomutan_remedy-9b-22,0.898509058,61480,200000,0.3
ary_Arab-mkd_Cyrl,shaomutan_remedy-9b-22,0.938321071,114480,200000,0.6
ary_Arab-msa_Latn,metricx24,unknown,235349,1200000,0.2
ary_Arab-nld_Latn,shaomutan_remedy-9b-22,0.921039147,1455156,200000,7.3
ary_Arab-nob_Latn,shaomutan_remedy-9b-22,0.927974265,517943,200000,2.6
ary_Arab-nor_Latn,metricx24,unknown,248866,1200000,0.2
ary_Arab-npi_Deva,shaomutan_remedy-9b-22,0.897019115,100665,200000,0.5
ary_Arab-pol_Latn,shaomutan_remedy-9b-22,0.9275062,1463535,200000,7.3
ary_Arab-por_Latn,shaomutan_remedy-9b-22,0.907905751,2052608,200000,10.3
ary_Arab-ron_Latn,shaomutan_remedy-9b-22,0.91402713,1504446,200000,7.5
ary_Arab-rus_Cyrl,shaomutan_remedy-9b-22,0.934720198,1503903,200000,7.5
ary_Arab-sin_Sinh,shaomutan_remedy-9b-22,0.896741668,146526,200000,0.7
ary_Arab-slk_Latn,shaomutan_remedy-9b-22,0.91198757,390230,200000,2.0
ary_Arab-slv_Latn,shaomutan_remedy-9b-22,0.909688086,470982,200000,2.4
ary_Arab-som_Latn,shaomutan_remedy-9b-22,0.777279233,100114,200000,0.5
ary_Arab-spa_Latn,shaomutan_remedy-9b-22,0.909806722,2715113,200000,13.6
ary_Arab-srp_Cyrl,shaomutan_remedy-9b-22,0.920813013,134436,200000,0.7
ary_Arab-srp_Latn,metricx24,unknown,721696,1200000,0.6
ary_Arab-swe_Latn,shaomutan_remedy-9b-22,0.932899707,1113165,200000,5.6
ary_Arab-swh_Latn,shaomutan_remedy-9b-22,0.899519005,52411,200000,0.3
ary_Arab-tam_Taml,shaomutan_remedy-9b-22,0.901978537,108453,200000,0.5
ary_Arab-tha_Thai,shaomutan_remedy-9b-22,0.92231193,602587,200000,3.0
ary_Arab-tur_Latn,shaomutan_remedy-9b-22,0.929353423,1425891,200000,7.1
ary_Arab-ukr_Cyrl,shaomutan_remedy-9b-22,0.915451806,330026,200000,1.7
ary_Arab-urd_Arab,shaomutan_remedy-9b-22,0.892166512,292906,200000,1.5
ary_Arab-vie_Latn,shaomutan_remedy-9b-22,0.909394778,1045888,200000,5.2
ary_Arab-xho_Latn,shaomutan_remedy-9b-22,0.792578156,63540,200000,0.3
ary_Arab-zho_Hans,qwen3-4b-instruct-2507,0.908566,311151,28000,11.1
ary_Arab-zho_Hant,shaomutan_remedy-9b-22,0.91512151,193855,200000,1.0
ary_Arab-zsm_Latn,qwen3-4b-instruct-2507,0.818676,165380,28000,5.9
arz_Arab-als_Latn,qwen3-4b-instruct-2507,0.91878,102625,28000,3.7
arz_Arab-ben_Beng,shaomutan_remedy-9b-22,0.926613663,248364,200000,1.2
arz_Arab-bos_Latn,qwen3-4b-instruct-2507,0.940269,334905,28000,12.0
arz_Arab-bul_Cyrl,qwen3-4b-instruct-2507,0.956745,1161312,28000,41.5
arz_Arab-cat_Latn,qwen3-4b-instruct-2507,0.946416,144212,28000,5.2
arz_Arab-ces_Latn,qwen3-4b-instruct-2507,0.950214,1302435,28000,46.5
arz_Arab-cmn_Hani,metricx24,unknown,337226,1200000,0.3
arz_Arab-dan_Latn,qwen3-4b-instruct-2507,0.930353,997897,28000,35.6
arz_Arab-deu_Latn,qwen3-4b-instruct-2507,0.932474,1455869,28000,52.0
arz_Arab-ekk_Latn,metricx24,unknown,333607,1200000,0.3
arz_Arab-ell_Grek,qwen3-4b-instruct-2507,0.944823,1382310,28000,49.4
arz_Arab-eng_Latn,metricx24,0.844298,3220839,1200000,2.7
arz_Arab-epo_Latn,shaomutan_remedy-9b-22,0.932345955,74946,200000,0.4
arz_Arab-est_Latn,shaomutan_remedy-9b-22,0.92335268,237403,200000,1.2
arz_Arab-eus_Latn,shaomutan_remedy-9b-22,0.939702759,123053,200000,0.6
arz_Arab-fas_Arab,metricx24,unknown,1169394,1200000,1.0
arz_Arab-fin_Latn,shaomutan_remedy-9b-22,0.915651476,1196926,200000,6.0
arz_Arab-fra_Latn,qwen3-4b-instruct-2507,0.947168,1852744,28000,66.2
arz_Arab-glg_Latn,qwen3-4b-instruct-2507,0.943907,66774,28000,2.4
arz_Arab-heb_Hebr,shaomutan_remedy-9b-22,0.946091929,1190073,200000,6.0
arz_Arab-hin_Deva,qwen3-4b-instruct-2507,0.92768,199052,28000,7.1
arz_Arab-hrv_Latn,qwen3-4b-instruct-2507,0.928895,1063955,28000,38.0
arz_Arab-hun_Latn,qwen3-4b-instruct-2507,0.941254,1303341,28000,46.5
arz_Arab-ind_Latn,shaomutan_remedy-9b-22,0.937372008,1228457,200000,6.1
arz_Arab-isl_Latn,shaomutan_remedy-9b-22,0.911618971,152286,200000,0.8
arz_Arab-ita_Latn,qwen3-4b-instruct-2507,0.948736,1437594,28000,51.3
arz_Arab-jpn_Jpan,qwen3-4b-instruct-2507,0.941548,373403,28000,13.3
arz_Arab-kor_Hang,shaomutan_remedy-9b-22,0.932232324,588329,200000,2.9
arz_Arab-kor_Zyyy,metricx24,unknown,122334,1200000,0.1
arz_Arab-lit_Latn,shaomutan_remedy-9b-22,0.929306117,186422,200000,0.9
arz_Arab-lvs_Latn,shaomutan_remedy-9b-22,0.936539228,79240,200000,0.4
arz_Arab-mal_Mlym,qwen3-4b-instruct-2507,0.949671,130586,28000,4.7
arz_Arab-mar_Deva,qwen3-4b-instruct-2507,0.931842,55502,28000,2.0
arz_Arab-mkd_Cyrl,qwen3-4b-instruct-2507,0.954485,209666,28000,7.5
arz_Arab-msa_Latn,metricx24,unknown,207228,1200000,0.2
arz_Arab-nld_Latn,shaomutan_remedy-9b-22,0.94439429,1467690,200000,7.3
arz_Arab-nob_Latn,shaomutan_remedy-9b-22,0.917532415,417425,200000,2.1
arz_Arab-nor_Latn,metricx24,unknown,329359,1200000,0.3
arz_Arab-pol_Latn,qwen3-4b-instruct-2507,0.921553,1572953,28000,56.2
arz_Arab-por_Latn,qwen3-4b-instruct-2507,0.938442,1864730,28000,66.6
arz_Arab-ron_Latn,qwen3-4b-instruct-2507,0.940324,1620800,28000,57.9
arz_Arab-rus_Cyrl,qwen3-4b-instruct-2507,0.941638,1427072,28000,51.0
arz_Arab-sin_Sinh,shaomutan_remedy-9b-22,0.918728897,129486,200000,0.6
arz_Arab-slk_Latn,shaomutan_remedy-9b-22,0.935121021,397174,200000,2.0
arz_Arab-slv_Latn,qwen3-4b-instruct-2507,0.934664,643092,28000,23.0
arz_Arab-spa_Latn,shaomutan_remedy-9b-22,0.934941124,2201560,200000,11.0
arz_Arab-sqi_Latn,metricx24,unknown,65649,1200000,0.1
arz_Arab-srd_Latn,qwen3-4b-instruct-2507,0.860179,54714,28000,2.0
arz_Arab-srp_Cyrl,qwen3-4b-instruct-2507,0.950319,151244,28000,5.4
arz_Arab-srp_Latn,metricx24,unknown,1044868,1200000,0.9
arz_Arab-swe_Latn,shaomutan_remedy-9b-22,0.925654826,1113658,200000,5.6
arz_Arab-tam_Taml,qwen3-4b-instruct-2507,0.940035,118350,28000,4.2
arz_Arab-tha_Thai,shaomutan_remedy-9b-22,0.930280573,467534,200000,2.3
arz_Arab-tur_Latn,qwen3-4b-instruct-2507,0.931608,1576315,28000,56.3
arz_Arab-ukr_Cyrl,qwen3-4b-instruct-2507,0.945789,309927,28000,11.1
arz_Arab-urd_Arab,shaomutan_remedy-9b-22,0.917256786,264501,200000,1.3
arz_Arab-vie_Latn,shaomutan_remedy-9b-22,0.933146939,782811,200000,3.9
arz_Arab-xho_Latn,shaomutan_remedy-9b-22,0.810829965,65581,200000,0.3
arz_Arab-zho_Hans,qwen3-4b-instruct-2507,0.951364,370687,28000,13.2
arz_Arab-zho_Hant,qwen3-4b-instruct-2507,0.946949,213353,28000,7.6
arz_Arab-zsm_Latn,qwen3-4b-instruct-2507,0.878054,95450,28000,3.4
asm_Beng-ast_Latn,qwen3-4b-instruct-2507,0.824574,17816,28000,0.6
asm_Beng-ben_Beng,shaomutan_remedy-9b-22,0.904988313,1089411,200000,5.4
asm_Beng-bos_Latn,shaomutan_remedy-9b-22,0.906136224,45606,200000,0.2
asm_Beng-bre_Latn,qwen3-4b-instruct-2507,unknown,34908,28000,1.2
asm_Beng-cat_Latn,qwen3-4b-instruct-2507,0.918079,113498,28000,4.1
asm_Beng-ces_Latn,qwen3-4b-instruct-2507,0.904216,151100,28000,5.4
asm_Beng-cym_Latn,shaomutan_remedy-9b-22,0.836701146,77417,200000,0.4
asm_Beng-dan_Latn,qwen3-4b-instruct-2507,0.901961,152755,28000,5.5
asm_Beng-deu_Latn,qwen3-4b-instruct-2507,0.890324,480216,28000,17.2
asm_Beng-ell_Grek,shaomutan_remedy-9b-22,0.901797308,149760,200000,0.7
asm_Beng-eng_Latn,metricx24,0.802755,5271166,1200000,4.4
asm_Beng-eus_Latn,shaomutan_remedy-9b-22,0.87228665,66194,200000,0.3
asm_Beng-fas_Arab,qwen3-4b-instruct-2507,unknown,129258,28000,4.6
asm_Beng-fin_Latn,shaomutan_remedy-9b-22,0.928539724,123922,200000,0.6
asm_Beng-fra_Latn,qwen3-4b-instruct-2507,0.913459,538341,28000,19.2
asm_Beng-gle_Latn,m-prometheus-7b,0.814659034,30871,27000,1.1
asm_Beng-guj_Gujr,shaomutan_remedy-9b-22,0.92320271,651962,200000,3.3
asm_Beng-heb_Hebr,qwen3-4b-instruct-2507,0.893783,88993,28000,3.2
asm_Beng-hin_Deva,shaomutan_remedy-9b-22,0.886290552,643132,200000,3.2
asm_Beng-hrv_Latn,shaomutan_remedy-9b-22,0.911474198,139970,200000,0.7
asm_Beng-hun_Latn,shaomutan_remedy-9b-22,0.937028003,135082,200000,0.7
asm_Beng-ind_Latn,shaomutan_remedy-9b-22,0.951724383,355350,200000,1.8
asm_Beng-isl_Latn,shaomutan_remedy-9b-22,0.856734253,40196,200000,0.2
asm_Beng-ita_Latn,qwen3-4b-instruct-2507,0.912947,404197,28000,14.4
asm_Beng-jpn_Jpan,shaomutan_remedy-9b-22,0.914834064,157075,200000,0.8
asm_Beng-kan_Knda,shaomutan_remedy-9b-22,0.91344774,801772,200000,4.0
asm_Beng-kin_Latn,shaomutan_remedy-9b-22,0.784528621,46447,200000,0.2
asm_Beng-lit_Latn,shaomutan_remedy-9b-22,0.91020788,78967,200000,0.4
asm_Beng-mai_Deva,qwen3-4b-instruct-2507,0.777347,146600,28000,5.2
asm_Beng-mal_Mlym,shaomutan_remedy-9b-22,0.915423396,925770,200000,4.6
asm_Beng-mar_Deva,shaomutan_remedy-9b-22,0.913815516,624185,200000,3.1
asm_Beng-mlg_Latn,qwen3-4b-instruct-2507,unknown,22425,28000,0.8
asm_Beng-msa_Latn,qwen3-4b-instruct-2507,unknown,114272,28000,4.1
asm_Beng-nds_Latn,qwen3-4b-instruct-2507,unknown,33115,28000,1.2
asm_Beng-nep_Deva,qwen3-4b-instruct-2507,unknown,172215,28000,6.2
asm_Beng-nld_Latn,shaomutan_remedy-9b-22,0.885614092,324208,200000,1.6
asm_Beng-npi_Deva,shaomutan_remedy-9b-22,0.902264959,389239,200000,1.9
asm_Beng-ory_Orya,shaomutan_remedy-9b-22,0.91177838,599239,200000,3.0
asm_Beng-pan_Guru,qwen3-4b-instruct-2507,0.898726,336346,28000,12.0
asm_Beng-pol_Latn,shaomutan_remedy-9b-22,0.892905152,213643,200000,1.1
asm_Beng-por_Latn,qwen3-4b-instruct-2507,0.908721,345745,28000,12.3
asm_Beng-ron_Latn,shaomutan_remedy-9b-22,0.911405616,165747,200000,0.8
asm_Beng-rus_Cyrl,shaomutan_remedy-9b-22,0.905473964,318078,200000,1.6
asm_Beng-san_Deva,shaomutan_remedy-9b-22,0.771349983,147010,200000,0.7
asm_Beng-sin_Sinh,shaomutan_remedy-9b-22,0.888114812,360746,200000,1.8
asm_Beng-slk_Latn,shaomutan_remedy-9b-22,0.91863058,101967,200000,0.5
asm_Beng-slv_Latn,shaomutan_remedy-9b-22,0.91572579,84126,200000,0.4
asm_Beng-snd_Arab,m-prometheus-7b,0.823782977,192569,27000,7.1
asm_Beng-spa_Latn,qwen3-4b-instruct-2507,0.89564,597348,28000,21.3
asm_Beng-sqi_Latn,qwen3-4b-instruct-2507,unknown,52611,28000,1.9
asm_Beng-swe_Latn,shaomutan_remedy-9b-22,0.905829004,133979,200000,0.7
asm_Beng-tam_Taml,shaomutan_remedy-9b-22,0.905785984,739102,200000,3.7
asm_Beng-tel_Telu,qwen3-4b-instruct-2507,0.894659,964776,28000,34.5
asm_Beng-tha_Thai,shaomutan_remedy-9b-22,0.89413801,98774,200000,0.5
asm_Beng-tur_Latn,shaomutan_remedy-9b-22,0.910057899,185029,200000,0.9
asm_Beng-ukr_Cyrl,shaomutan_remedy-9b-22,0.916133036,105536,200000,0.5
asm_Beng-urd_Arab,shaomutan_remedy-9b-22,0.876282735,578310,200000,2.9
asm_Beng-vie_Latn,shaomutan_remedy-9b-22,0.865334105,140117,200000,0.7
asm_Beng-wln_Latn,qwen3-4b-instruct-2507,unknown,26015,28000,0.9
asm_Beng-xho_Latn,shaomutan_remedy-9b-22,0.777169418,54257,200000,0.3
asm_Beng-zho_Hans,qwen3-4b-instruct-2507,0.929607,102773,28000,3.7
asm_Beng-zho_Hant,qwen3-4b-instruct-2507,0.925436,99685,28000,3.6
ast_Latn-als_Latn,qwen3-4b-instruct-2507,0.887904,64141,28000,2.3
ast_Latn-ast_Latn,qwen3-4b-instruct-2507,unknown,190344,28000,6.8
ast_Latn-bel_Cyrl,shaomutan_remedy-9b-22,0.937193542,147823,200000,0.7
ast_Latn-ben_Beng,shaomutan_remedy-9b-22,0.933631071,344609,200000,1.7
ast_Latn-bos_Latn,qwen3-4b-instruct-2507,0.921239,81678,28000,2.9
ast_Latn-bre_Latn,qwen3-4b-instruct-2507,unknown,62690,28000,2.2
ast_Latn-bul_Cyrl,qwen3-4b-instruct-2507,0.924893,357190,28000,12.8
ast_Latn-cat_Latn,shaomutan_remedy-9b-22,0.920723737,946057,200000,4.7
ast_Latn-ceb_Latn,qwen3-4b-instruct-2507,0.89333,47352,28000,1.7
ast_Latn-ces_Latn,qwen3-4b-instruct-2507,0.937616,498793,28000,17.8
ast_Latn-cmn_Hani,qwen3-4b-instruct-2507,unknown,87801,28000,3.1
ast_Latn-cym_Latn,shaomutan_remedy-9b-22,0.928974952,60513,200000,0.3
ast_Latn-dan_Latn,shaomutan_remedy-9b-22,0.933613661,405501,200000,2.0
ast_Latn-deu_Latn,shaomutan_remedy-9b-22,0.936428483,329889,200000,1.6
ast_Latn-ekk_Latn,qwen3-4b-instruct-2507,unknown,171353,28000,6.1
ast_Latn-ell_Grek,shaomutan_remedy-9b-22,0.935960944,430977,200000,2.2
ast_Latn-eng_Latn,metricx24,0.823804,3066260,1200000,2.6
ast_Latn-epo_Latn,shaomutan_remedy-9b-22,0.938157086,395612,200000,2.0
ast_Latn-est_Latn,shaomutan_remedy-9b-22,0.908318742,254930,200000,1.3
ast_Latn-eus_Latn,shaomutan_remedy-9b-22,0.924247674,279277,200000,1.4
ast_Latn-fas_Arab,qwen3-4b-instruct-2507,unknown,426839,28000,15.2
ast_Latn-fin_Latn,shaomutan_remedy-9b-22,0.927086889,612926,200000,3.1
ast_Latn-fra_Latn,metricx24,0.844575,2864663,1200000,2.4
ast_Latn-fry_Latn,qwen3-4b-instruct-2507,unknown,102214,28000,3.7
ast_Latn-fur_Latn,qwen3-4b-instruct-2507,0.805704,46791,28000,1.7
ast_Latn-gle_Latn,shaomutan_remedy-9b-22,0.857578397,79069,200000,0.4
ast_Latn-glg_Latn,shaomutan_remedy-9b-22,0.939253203,957596,200000,4.8
ast_Latn-hau_Latn,shaomutan_remedy-9b-22,0.880941938,75502,200000,0.4
ast_Latn-hbs_Latn,qwen3-4b-instruct-2507,unknown,90666,28000,3.2
ast_Latn-heb_Hebr,qwen3-4b-instruct-2507,0.933514,595986,28000,21.3
ast_Latn-hin_Deva,shaomutan_remedy-9b-22,0.929341535,383842,200000,1.9
ast_Latn-hrv_Latn,shaomutan_remedy-9b-22,0.916753625,548028,200000,2.7
ast_Latn-hun_Latn,shaomutan_remedy-9b-22,0.929792834,695562,200000,3.5
ast_Latn-ilo_Latn,metricx24,0.768295106,35979,1200000,0.0
ast_Latn-ind_Latn,shaomutan_remedy-9b-22,0.92383413,554866,200000,2.8
ast_Latn-isl_Latn,shaomutan_remedy-9b-22,0.925055944,256240,200000,1.3
ast_Latn-ita_Latn,shaomutan_remedy-9b-22,0.942105444,1684120,200000,8.4
ast_Latn-jav_Latn,shaomutan_remedy-9b-22,0.897476147,82488,200000,0.4
ast_Latn-jpn_Jpan,shaomutan_remedy-9b-22,0.93597454,558558,200000,2.8
ast_Latn-kat_Geor,shaomutan_remedy-9b-22,0.926911615,62501,200000,0.3
ast_Latn-kaz_Cyrl,shaomutan_remedy-9b-22,0.930104458,53661,200000,0.3
ast_Latn-kin_Latn,shaomutan_remedy-9b-22,0.859166974,29978,200000,0.1
ast_Latn-kor_Hang,shaomutan_remedy-9b-22,0.927969703,256561,200000,1.3
ast_Latn-kor_Zyyy,qwen3-4b-instruct-2507,unknown,252415,28000,9.0
ast_Latn-lat_Latn,qwen3-4b-instruct-2507,unknown,110295,28000,3.9
ast_Latn-lav_Latn,qwen3-4b-instruct-2507,unknown,112636,28000,4.0
ast_Latn-lit_Latn,shaomutan_remedy-9b-22,0.91885176,426288,200000,2.1
ast_Latn-ltz_Latn,shaomutan_remedy-9b-22,0.93487405,117293,200000,0.6
ast_Latn-lvs_Latn,shaomutan_remedy-9b-22,0.918412849,195939,200000,1.0
ast_Latn-lzh_Hani,qwen3-4b-instruct-2507,unknown,82298,28000,2.9
ast_Latn-mal_Mlym,shaomutan_remedy-9b-22,0.936927766,211658,200000,1.1
ast_Latn-mar_Deva,shaomutan_remedy-9b-22,0.938651353,174171,200000,0.9
ast_Latn-mkd_Cyrl,shaomutan_remedy-9b-22,0.924050706,431160,200000,2.2
ast_Latn-mlg_Latn,qwen3-4b-instruct-2507,unknown,73928,28000,2.6
ast_Latn-msa_Latn,qwen3-4b-instruct-2507,unknown,267127,28000,9.5
ast_Latn-nds_Latn,qwen3-4b-instruct-2507,unknown,64514,28000,2.3
ast_Latn-nep_Deva,qwen3-4b-instruct-2507,unknown,96623,28000,3.5
ast_Latn-nld_Latn,shaomutan_remedy-9b-22,0.928866364,911040,200000,4.6
ast_Latn-nno_Latn,shaomutan_remedy-9b-22,0.928956432,88834,200000,0.4
ast_Latn-nob_Latn,shaomutan_remedy-9b-22,0.930391389,168524,200000,0.8
ast_Latn-nor_Latn,qwen3-4b-instruct-2507,unknown,359514,28000,12.8
ast_Latn-oci_Latn,shaomutan_remedy-9b-22,0.903135847,153863,200000,0.8
ast_Latn-pol_Latn,shaomutan_remedy-9b-22,0.93858325,826173,200000,4.1
ast_Latn-por_Latn,shaomutan_remedy-9b-22,0.925911709,2237501,200000,11.2
ast_Latn-ron_Latn,qwen3-4b-instruct-2507,0.927143,961677,28000,34.3
ast_Latn-rus_Cyrl,shaomutan_remedy-9b-22,0.939825703,1044122,200000,5.2
ast_Latn-sin_Sinh,shaomutan_remedy-9b-22,0.928917591,196665,200000,1.0
ast_Latn-slk_Latn,qwen3-4b-instruct-2507,0.928288,541466,28000,19.3
ast_Latn-slv_Latn,qwen3-4b-instruct-2507,0.92109,374117,28000,13.4
ast_Latn-snd_Arab,qwen3-4b-instruct-2507,0.871877,46080,28000,1.6
ast_Latn-spa_Latn,shaomutan_remedy-9b-22,0.926895358,6523183,200000,32.6
ast_Latn-sqi_Latn,qwen3-4b-instruct-2507,unknown,241603,28000,8.6
ast_Latn-srd_Latn,shaomutan_remedy-9b-22,0.843184118,120051,200000,0.6
ast_Latn-srp_Cyrl,qwen3-4b-instruct-2507,0.932036,342943,28000,12.2
ast_Latn-srp_Latn,qwen3-4b-instruct-2507,unknown,65510,28000,2.3
ast_Latn-sun_Latn,shaomutan_remedy-9b-22,0.897497908,46772,200000,0.2
ast_Latn-swa_Latn,qwen3-4b-instruct-2507,unknown,154826,28000,5.5
ast_Latn-swe_Latn,shaomutan_remedy-9b-22,0.93169455,680693,200000,3.4
ast_Latn-tam_Taml,shaomutan_remedy-9b-22,0.932408806,190526,200000,1.0
ast_Latn-tel_Telu,shaomutan_remedy-9b-22,0.92566002,58977,200000,0.3
ast_Latn-tgl_Latn,shaomutan_remedy-9b-22,0.920798031,203789,200000,1.0
ast_Latn-tha_Thai,shaomutan_remedy-9b-22,0.921684034,190030,200000,1.0
ast_Latn-tur_Latn,shaomutan_remedy-9b-22,0.937368515,622965,200000,3.1
ast_Latn-ukr_Cyrl,qwen3-4b-instruct-2507,0.930338,567206,28000,20.3
ast_Latn-und_Kana,qwen3-4b-instruct-2507,unknown,68754,28000,2.5
ast_Latn-urd_Arab,shaomutan_remedy-9b-22,0.925130782,165692,200000,0.8
ast_Latn-uzn_Latn,qwen3-4b-instruct-2507,0.841404,36610,28000,1.3
ast_Latn-vie_Latn,shaomutan_remedy-9b-22,0.930725274,197688,200000,1.0
ast_Latn-wln_Latn,qwen3-4b-instruct-2507,unknown,22825,28000,0.8
ast_Latn-xho_Latn,shaomutan_remedy-9b-22,0.825017095,118902,200000,0.6
ast_Latn-yue_Hani,qwen3-4b-instruct-2507,unknown,61782,28000,2.2
ast_Latn-zho_Hans,qwen3-4b-instruct-2507,0.942827,519377,28000,18.5
awa_Deva-ben_Beng,shaomutan_remedy-9b-22,0.931424837,291058,200000,1.5
awa_Deva-eng_Latn,qwen3-4b-instruct-2507,0.962255,1879115,28000,67.1
awa_Deva-guj_Gujr,qwen3-4b-instruct-2507,0.925291,245197,28000,8.8
awa_Deva-hin_Deva,bicleaner-ai,0.95359333,176601,2250000,0.1
awa_Deva-kan_Knda,shaomutan_remedy-9b-22,0.929764746,250465,200000,1.3
awa_Deva-mal_Mlym,qwen3-4b-instruct-2507,0.932563,323357,28000,11.5
awa_Deva-mar_Deva,shaomutan_remedy-9b-22,0.939676657,188487,200000,0.9
awa_Deva-npi_Deva,bicleaner-ai,0.928162768,194225,2250000,0.1
awa_Deva-ory_Orya,qwen3-4b-instruct-2507,0.942862,138207,28000,4.9
awa_Deva-pan_Guru,qwen3-4b-instruct-2507,0.93001,137097,28000,4.9
awa_Deva-san_Deva,shaomutan_remedy-9b-22,0.808607156,116467,200000,0.6
awa_Deva-sin_Sinh,shaomutan_remedy-9b-22,0.913600914,177545,200000,0.9
awa_Deva-snd_Arab,qwen3-4b-instruct-2507,0.8967,99867,28000,3.6
awa_Deva-tam_Taml,shaomutan_remedy-9b-22,0.926035718,387304,200000,1.9
awa_Deva-tel_Telu,qwen3-4b-instruct-2507,0.923156,450651,28000,16.1
awa_Deva-urd_Arab,shaomutan_remedy-9b-22,0.924033664,230773,200000,1.2
aym_Latn-eng_Latn,metricx24,unknown,118621,1200000,0.1
ayr_Latn-ayr_Latn,qwen3-4b-instruct-2507,unknown,22236,28000,0.8
ayr_Latn-eng_Latn,qwen3-4b-instruct-2507,0.809935,1111328,28000,39.7
ayr_Latn-fra_Latn,qwen3-4b-instruct-2507,0.720976,151255,28000,5.4
ayr_Latn-ita_Latn,qwen3-4b-instruct-2507,0.750587,94872,28000,3.4
ayr_Latn-pol_Latn,shaomutan_remedy-9b-22,0.760434244,59659,200000,0.3
ayr_Latn-por_Latn,qwen3-4b-instruct-2507,0.7222,161121,28000,5.8
ayr_Latn-rus_Cyrl,qwen3-4b-instruct-2507,0.712399,75749,28000,2.7
ayr_Latn-spa_Latn,qwen3-4b-instruct-2507,0.737755,327063,28000,11.7
azb_Arab-eng_Latn,metricx24,0.733571,2804370,1200000,2.3
azb_Arab-fra_Latn,shaomutan_remedy-9b-22,0.917921003,104343,200000,0.5
azb_Arab-por_Latn,qwen3-4b-instruct-2507,0.867566,95543,28000,3.4
azb_Arab-rus_Cyrl,shaomutan_remedy-9b-22,0.882979965,90461,200000,0.5
aze_Arab-eng_Latn,metricx24,unknown,3375226,1200000,2.8
aze_Latn-bel_Cyrl,metricx24,unknown,155720,1200000,0.1
aze_Latn-ben_Beng,metricx24,unknown,225072,1200000,0.2
aze_Latn-bul_Cyrl,metricx24,unknown,471301,1200000,0.4
aze_Latn-cat_Latn,metricx24,unknown,320409,1200000,0.3
aze_Latn-ces_Latn,metricx24,unknown,477721,1200000,0.4
aze_Latn-cym_Latn,metricx24,unknown,77036,1200000,0.1
aze_Latn-dan_Latn,metricx24,unknown,434428,1200000,0.4
aze_Latn-deu_Latn,metricx24,unknown,1616216,1200000,1.3
aze_Latn-ekk_Latn,qwen3-4b-instruct-2507,unknown,109651,28000,3.9
aze_Latn-ell_Grek,metricx24,unknown,452263,1200000,0.4
aze_Latn-eng_Latn,metricx24,unknown,4665826,1200000,3.9
aze_Latn-epo_Latn,metricx24,unknown,99940,1200000,0.1
aze_Latn-est_Latn,metricx24,unknown,171371,1200000,0.1
aze_Latn-eus_Latn,metricx24,unknown,70179,1200000,0.1
aze_Latn-fas_Arab,qwen3-4b-instruct-2507,unknown,309311,28000,11.0
aze_Latn-fin_Latn,metricx24,unknown,431104,1200000,0.4
aze_Latn-fra_Latn,metricx24,unknown,1841324,1200000,1.5
aze_Latn-fur_Latn,qwen3-4b-instruct-2507,unknown,84396,28000,3.0
aze_Latn-glg_Latn,metricx24,unknown,95022,1200000,0.1
aze_Latn-hat_Latn,metricx24,unknown,66317,1200000,0.1
aze_Latn-hau_Latn,metricx24,unknown,68580,1200000,0.1
aze_Latn-heb_Hebr,metricx24,unknown,320645,1200000,0.3
aze_Latn-hin_Deva,metricx24,unknown,293884,1200000,0.2
aze_Latn-hrv_Latn,qwen3-4b-instruct-2507,unknown,501562,28000,17.9
aze_Latn-hun_Latn,metricx24,unknown,476962,1200000,0.4
aze_Latn-hye_Armn,metricx24,unknown,107953,1200000,0.1
aze_Latn-ind_Latn,metricx24,unknown,1090978,1200000,0.9
aze_Latn-isl_Latn,metricx24,unknown,142648,1200000,0.1
aze_Latn-ita_Latn,metricx24,unknown,1303479,1200000,1.1
aze_Latn-jav_Latn,metricx24,unknown,115910,1200000,0.1
aze_Latn-jpn_Jpan,metricx24,unknown,557160,1200000,0.5
aze_Latn-kat_Geor,metricx24,unknown,132308,1200000,0.1
aze_Latn-kaz_Cyrl,metricx24,unknown,97344,1200000,0.1
aze_Latn-khm_Khmr,metricx24,unknown,54659,1200000,0.0
aze_Latn-kor_Hang,metricx24,unknown,182157,1200000,0.2
aze_Latn-kor_Zyyy,qwen3-4b-instruct-2507,unknown,195855,28000,7.0
aze_Latn-lav_Latn,qwen3-4b-instruct-2507,unknown,107968,28000,3.9
aze_Latn-lit_Latn,metricx24,unknown,297314,1200000,0.2
aze_Latn-lvs_Latn,metricx24,unknown,153751,1200000,0.1
aze_Latn-mal_Mlym,metricx24,unknown,111610,1200000,0.1
aze_Latn-mar_Deva,metricx24,unknown,114276,1200000,0.1
aze_Latn-mkd_Cyrl,metricx24,unknown,224256,1200000,0.2
aze_Latn-mlg_Latn,qwen3-4b-instruct-2507,unknown,60869,28000,2.2
aze_Latn-mon_Cyrl,qwen3-4b-instruct-2507,unknown,55302,28000,2.0
aze_Latn-msa_Latn,qwen3-4b-instruct-2507,unknown,210377,28000,7.5
aze_Latn-nep_Deva,qwen3-4b-instruct-2507,unknown,77242,28000,2.8
aze_Latn-nld_Latn,metricx24,unknown,895270,1200000,0.7
aze_Latn-nor_Latn,qwen3-4b-instruct-2507,unknown,304373,28000,10.9
aze_Latn-pol_Latn,metricx24,unknown,737346,1200000,0.6
aze_Latn-por_Latn,metricx24,unknown,1341797,1200000,1.1
aze_Latn-ron_Latn,metricx24,unknown,469683,1200000,0.4
aze_Latn-rus_Cyrl,metricx24,unknown,2243697,1200000,1.9
aze_Latn-sin_Sinh,metricx24,unknown,114002,1200000,0.1
aze_Latn-slk_Latn,metricx24,unknown,382059,1200000,0.3
aze_Latn-slv_Latn,metricx24,unknown,243673,1200000,0.2
aze_Latn-spa_Latn,metricx24,unknown,2320527,1200000,1.9
aze_Latn-sqi_Latn,qwen3-4b-instruct-2507,unknown,190957,28000,6.8
aze_Latn-srd_Latn,qwen3-4b-instruct-2507,unknown,192978,28000,6.9
aze_Latn-srp_Cyrl,metricx24,unknown,205403,1200000,0.2
aze_Latn-sun_Latn,metricx24,unknown,61986,1200000,0.1
aze_Latn-swa_Latn,qwen3-4b-instruct-2507,unknown,152061,28000,5.4
aze_Latn-swe_Latn,metricx24,unknown,453922,1200000,0.4
aze_Latn-tam_Taml,metricx24,unknown,116490,1200000,0.1
aze_Latn-tel_Telu,metricx24,unknown,83952,1200000,0.1
aze_Latn-tgl_Latn,qwen3-4b-instruct-2507,unknown,352865,28000,12.6
aze_Latn-tha_Thai,metricx24,unknown,313562,1200000,0.3
aze_Latn-tur_Latn,metricx24,unknown,774612,1200000,0.6
aze_Latn-ukr_Cyrl,metricx24,unknown,452898,1200000,0.4
aze_Latn-urd_Arab,metricx24,unknown,156206,1200000,0.1
aze_Latn-uzn_Latn,metricx24,unknown,54300,1200000,0.0
aze_Latn-vie_Latn,metricx24,unknown,361461,1200000,0.3
aze_Latn-xho_Latn,metricx24,unknown,63017,1200000,0.1
aze_Latn-yue_Hani,qwen3-4b-instruct-2507,unknown,104946,28000,3.7
aze_Latn-zho_Hans,metricx24,unknown,409511,1200000,0.3
aze_Latn-zho_Hant,metricx24,unknown,240794,1200000,0.2
azj_Latn-als_Latn,qwen3-4b-instruct-2507,0.868357,431205,28000,15.4
azj_Latn-azj_Latn,metricx24,unknown,351871,1200000,0.3
azj_Latn-bel_Cyrl,shaomutan_remedy-9b-22,0.931206068,425491,200000,2.1
azj_Latn-ben_Beng,shaomutan_remedy-9b-22,0.900741461,352964,200000,1.8
azj_Latn-bos_Latn,metricx24,0.901859375,129412,1200000,0.1
azj_Latn-bul_Cyrl,shaomutan_remedy-9b-22,0.944075088,945142,200000,4.7
azj_Latn-cat_Latn,shaomutan_remedy-9b-22,0.907382647,561342,200000,2.8
azj_Latn-ces_Latn,shaomutan_remedy-9b-22,0.906937566,459756,200000,2.3
azj_Latn-cmn_Hani,metricx24,unknown,147279,1200000,0.1
azj_Latn-cym_Latn,m-prometheus-7b,0.838725734,263027,27000,9.7
azj_Latn-dan_Latn,shaomutan_remedy-9b-22,0.898568275,400905,200000,2.0
azj_Latn-deu_Latn,shaomutan_remedy-9b-22,0.9300922,987991,200000,4.9
azj_Latn-ekk_Latn,metricx24,unknown,515324,1200000,0.4
azj_Latn-ell_Grek,shaomutan_remedy-9b-22,0.93421901,330543,200000,1.7
azj_Latn-eng_Latn,metricx24,0.813923,76771386,1200000,64.0
azj_Latn-epo_Latn,qwen3-4b-instruct-2507,0.846864,170238,28000,6.1
azj_Latn-est_Latn,qwen3-4b-instruct-2507,0.80213,77228,28000,2.8
azj_Latn-eus_Latn,m-prometheus-7b,0.822210055,177963,27000,6.6
azj_Latn-fas_Arab,metricx24,unknown,592856,1200000,0.5
azj_Latn-fil_Latn,metricx24,unknown,93643,1200000,0.1
azj_Latn-fin_Latn,shaomutan_remedy-9b-22,0.879719159,752605,200000,3.8
azj_Latn-fra_Latn,shaomutan_remedy-9b-22,0.939958633,1041475,200000,5.2
azj_Latn-gle_Latn,m-prometheus-7b,0.841851667,256639,27000,9.5
azj_Latn-glg_Latn,qwen3-4b-instruct-2507,0.905177,283631,28000,10.1
azj_Latn-guj_Gujr,shaomutan_remedy-9b-22,0.919161912,85303,200000,0.4
azj_Latn-hat_Latn,shaomutan_remedy-9b-22,0.782842957,74748,200000,0.4
azj_Latn-hau_Latn,metricx24,0.720610601,81388,1200000,0.1
azj_Latn-heb_Hebr,shaomutan_remedy-9b-22,0.913235564,406576,200000,2.0
azj_Latn-hin_Deva,shaomutan_remedy-9b-22,0.888524172,427394,200000,2.1
azj_Latn-hrv_Latn,metricx24,0.892589847,801142,1200000,0.7
azj_Latn-hun_Latn,shaomutan_remedy-9b-22,0.922081838,415225,200000,2.1
azj_Latn-hye_Armn,shaomutan_remedy-9b-22,0.944786635,215612,200000,1.1
azj_Latn-ind_Latn,shaomutan_remedy-9b-22,0.885416696,1949154,200000,9.7
azj_Latn-isl_Latn,shaomutan_remedy-9b-22,0.817322871,387465,200000,1.9
azj_Latn-ita_Latn,shaomutan_remedy-9b-22,0.923549921,763319,200000,3.8
azj_Latn-jpn_Jpan,shaomutan_remedy-9b-22,0.940544409,509483,200000,2.5
azj_Latn-kan_Knda,shaomutan_remedy-9b-22,0.903542585,84115,200000,0.4
azj_Latn-kat_Geor,shaomutan_remedy-9b-22,0.937283945,195781,200000,1.0
azj_Latn-kaz_Cyrl,shaomutan_remedy-9b-22,0.944915579,397309,200000,2.0
azj_Latn-khm_Khmr,shaomutan_remedy-9b-22,0.897006023,114338,200000,0.6
azj_Latn-kor_Hang,shaomutan_remedy-9b-22,0.936696658,384523,200000,1.9
azj_Latn-kor_Zyyy,metricx24,unknown,82481,1200000,0.1
azj_Latn-lit_Latn,qwen3-4b-instruct-2507,0.850752,650031,28000,23.2
azj_Latn-lvs_Latn,shaomutan_remedy-9b-22,0.892030559,559987,200000,2.8
azj_Latn-mal_Mlym,shaomutan_remedy-9b-22,0.908183959,192062,200000,1.0
azj_Latn-mar_Deva,shaomutan_remedy-9b-22,0.904422858,149295,200000,0.7
azj_Latn-mkd_Cyrl,shaomutan_remedy-9b-22,0.927696107,541734,200000,2.7
azj_Latn-mlt_Latn,shaomutan_remedy-9b-22,0.860096114,100613,200000,0.5
azj_Latn-msa_Latn,metricx24,unknown,248078,1200000,0.2
azj_Latn-mya_Mymr,shaomutan_remedy-9b-22,0.911490383,86624,200000,0.4
azj_Latn-nep_Deva,metricx24,unknown,70749,1200000,0.1
azj_Latn-nld_Latn,shaomutan_remedy-9b-22,0.88063056,639534,200000,3.2
azj_Latn-nob_Latn,shaomutan_remedy-9b-22,0.88826071,557835,200000,2.8
azj_Latn-nor_Latn,metricx24,unknown,169662,1200000,0.1
azj_Latn-pol_Latn,shaomutan_remedy-9b-22,0.921571544,536042,200000,2.7
azj_Latn-por_Latn,qwen3-4b-instruct-2507,0.893191,760558,28000,27.2
azj_Latn-ron_Latn,shaomutan_remedy-9b-22,0.928670984,475336,200000,2.4
azj_Latn-rus_Cyrl,shaomutan_remedy-9b-22,0.942146588,22035387,200000,110.2
azj_Latn-sin_Sinh,shaomutan_remedy-9b-22,0.901043384,145122,200000,0.7
azj_Latn-slk_Latn,shaomutan_remedy-9b-22,0.90283486,719529,200000,3.6
azj_Latn-slv_Latn,qwen3-4b-instruct-2507,0.881643,576352,28000,20.6
azj_Latn-som_Latn,metricx24,0.647972198,59707,1200000,0.0
azj_Latn-spa_Latn,qwen3-4b-instruct-2507,0.902862,1060194,28000,37.9
azj_Latn-sqi_Latn,metricx24,unknown,122172,1200000,0.1
azj_Latn-srd_Latn,metricx24,0.770709363,81542,1200000,0.1
azj_Latn-srp_Cyrl,shaomutan_remedy-9b-22,0.93955874,520032,200000,2.6
azj_Latn-sun_Latn,shaomutan_remedy-9b-22,0.788996038,62801,200000,0.3
azj_Latn-swa_Latn,metricx24,unknown,112563,1200000,0.1
azj_Latn-swe_Latn,shaomutan_remedy-9b-22,0.903230353,450590,200000,2.3
azj_Latn-swh_Latn,shaomutan_remedy-9b-22,0.785755355,215110,200000,1.1
azj_Latn-tam_Taml,shaomutan_remedy-9b-22,0.905228748,207148,200000,1.0
azj_Latn-tat_Cyrl,shaomutan_remedy-9b-22,0.883326991,189685,200000,0.9
azj_Latn-tel_Telu,shaomutan_remedy-9b-22,0.8918682,166588,200000,0.8
azj_Latn-tgk_Cyrl,shaomutan_remedy-9b-22,0.831384903,70239,200000,0.4
azj_Latn-tgl_Latn,qwen3-4b-instruct-2507,0.868945,145515,28000,5.2
azj_Latn-tha_Thai,shaomutan_remedy-9b-22,0.914350201,386402,200000,1.9
azj_Latn-tur_Latn,shaomutan_remedy-9b-22,0.919797306,2670586,200000,13.4
azj_Latn-ukr_Cyrl,shaomutan_remedy-9b-22,0.927485341,889078,200000,4.4
azj_Latn-urd_Arab,shaomutan_remedy-9b-22,0.883306639,378585,200000,1.9
azj_Latn-uzn_Latn,m-prometheus-7b,0.839586859,201400,27000,7.5
azj_Latn-vie_Latn,shaomutan_remedy-9b-22,0.896306661,1158388,200000,5.8
azj_Latn-xho_Latn,shaomutan_remedy-9b-22,0.708800871,104517,200000,0.5
azj_Latn-zho_Hans,qwen3-4b-instruct-2507,0.93774,218456,28000,7.8
azj_Latn-zho_Hant,qwen3-4b-instruct-2507,0.926565,147265,28000,5.3
azj_Latn-zsm_Latn,qwen3-4b-instruct-2507,0.821578,303375,28000,10.8
bak_Cyrl-bak_Cyrl,qwen3-4b-instruct-2507,unknown,25978,28000,0.9
bak_Cyrl-ces_Latn,shaomutan_remedy-9b-22,0.918919308,107324,200000,0.5
bak_Cyrl-dan_Latn,shaomutan_remedy-9b-22,0.912298583,76261,200000,0.4
bak_Cyrl-deu_Latn,shaomutan_remedy-9b-22,0.921172369,119194,200000,0.6
bak_Cyrl-ell_Grek,shaomutan_remedy-9b-22,0.917282479,111741,200000,0.6
bak_Cyrl-eng_Latn,metricx24,0.801767,7622638,1200000,6.4
bak_Cyrl-est_Latn,shaomutan_remedy-9b-22,0.893237167,33267,200000,0.2
bak_Cyrl-fas_Arab,qwen3-4b-instruct-2507,unknown,80425,28000,2.9
bak_Cyrl-fin_Latn,shaomutan_remedy-9b-22,0.938144716,80340,200000,0.4
bak_Cyrl-fra_Latn,shaomutan_remedy-9b-22,0.931112242,125745,200000,0.6
bak_Cyrl-heb_Hebr,shaomutan_remedy-9b-22,0.896858803,84041,200000,0.4
bak_Cyrl-hrv_Latn,shaomutan_remedy-9b-22,0.911505833,84036,200000,0.4
bak_Cyrl-hun_Latn,shaomutan_remedy-9b-22,0.917670321,110649,200000,0.6
bak_Cyrl-ind_Latn,shaomutan_remedy-9b-22,0.895397983,79233,200000,0.4
bak_Cyrl-ita_Latn,qwen3-4b-instruct-2507,0.896854,113193,28000,4.0
bak_Cyrl-kir_Cyrl,shaomutan_remedy-9b-22,0.81710355,205107,200000,1.0
bak_Cyrl-nld_Latn,shaomutan_remedy-9b-22,0.894523306,140573,200000,0.7
bak_Cyrl-nor_Latn,qwen3-4b-instruct-2507,unknown,52058,28000,1.9
bak_Cyrl-pol_Latn,shaomutan_remedy-9b-22,0.918799233,159096,200000,0.8
bak_Cyrl-por_Latn,qwen3-4b-instruct-2507,0.866162,179998,28000,6.4
bak_Cyrl-ron_Latn,shaomutan_remedy-9b-22,0.925921915,143902,200000,0.7
bak_Cyrl-rus_Cyrl,shaomutan_remedy-9b-22,0.929191786,2975070,200000,14.9
bak_Cyrl-slk_Latn,shaomutan_remedy-9b-22,0.921896914,86140,200000,0.4
bak_Cyrl-slv_Latn,shaomutan_remedy-9b-22,0.894849773,116957,200000,0.6
bak_Cyrl-spa_Latn,qwen3-4b-instruct-2507,0.866257,152107,28000,5.4
bak_Cyrl-srp_Latn,qwen3-4b-instruct-2507,unknown,132176,28000,4.7
bak_Cyrl-swe_Latn,shaomutan_remedy-9b-22,0.91417719,204905,200000,1.0
bak_Cyrl-tat_Cyrl,shaomutan_remedy-9b-22,0.938821093,481830,200000,2.4
bak_Cyrl-tha_Thai,shaomutan_remedy-9b-22,0.901546101,97620,200000,0.5
bak_Cyrl-tur_Latn,shaomutan_remedy-9b-22,0.934262897,243116,200000,1.2
bak_Cyrl-uig_Arab,shaomutan_remedy-9b-22,0.84613567,97520,200000,0.5
bak_Cyrl-ukr_Cyrl,shaomutan_remedy-9b-22,0.92464493,116994,200000,0.6
bak_Cyrl-uzn_Latn,qwen3-4b-instruct-2507,0.774754,183198,28000,6.5
bak_Cyrl-vie_Latn,shaomutan_remedy-9b-22,0.882330943,142445,200000,0.7
bak_Cyrl-zho_Hans,qwen3-4b-instruct-2507,0.918014,97877,28000,3.5
bak_Cyrl-zho_Hant,qwen3-4b-instruct-2507,0.912653,68095,28000,2.4
bam_Latn-eng_Latn,qwen3-4b-instruct-2507,0.836964,172553,28000,6.2
bam_Latn-fra_Latn,qwen3-4b-instruct-2507,0.774898,303617,28000,10.8
bam_Latn-ita_Latn,qwen3-4b-instruct-2507,0.798427,66548,28000,2.4
bam_Latn-por_Latn,qwen3-4b-instruct-2507,0.760811,91208,28000,3.3
ban_Latn-eng_Latn,qwen3-4b-instruct-2507,0.920324,300132,28000,10.7
bar_Latn-deu_Latn,metricx24,unknown,71128,1200000,0.1
bar_Latn-ell_Grek,metricx24,unknown,62820,1200000,0.1
bar_Latn-eng_Latn,metricx24,unknown,731062,1200000,0.6
bar_Latn-fin_Latn,metricx24,unknown,71969,1200000,0.1
bar_Latn-fra_Latn,metricx24,unknown,201620,1200000,0.2
bar_Latn-heb_Hebr,metricx24,unknown,60380,1200000,0.1
bar_Latn-hrv_Latn,qwen3-4b-instruct-2507,unknown,61696,28000,2.2
bar_Latn-hun_Latn,metricx24,unknown,79103,1200000,0.1
bar_Latn-ita_Latn,metricx24,unknown,143829,1200000,0.1
bar_Latn-nld_Latn,metricx24,unknown,144320,1200000,0.1
bar_Latn-pol_Latn,metricx24,unknown,108494,1200000,0.1
bar_Latn-por_Latn,metricx24,unknown,138234,1200000,0.1
bar_Latn-ron_Latn,metricx24,unknown,74751,1200000,0.1
bar_Latn-rus_Cyrl,metricx24,unknown,124028,1200000,0.1
bar_Latn-slk_Latn,metricx24,unknown,65988,1200000,0.1
bar_Latn-spa_Latn,metricx24,unknown,200234,1200000,0.2
bar_Latn-swe_Latn,metricx24,unknown,99826,1200000,0.1
bar_Latn-tur_Latn,metricx24,unknown,65853,1200000,0.1
bcl_Latn-eng_Latn,metricx24,unknown,89319,1200000,0.1
bel_Cyrl-als_Latn,qwen3-4b-instruct-2507,0.873345,885132,28000,31.6
bel_Cyrl-ben_Beng,qwen3-4b-instruct-2507,0.873788,880901,28000,31.5
bel_Cyrl-bos_Latn,shaomutan_remedy-9b-22,0.92242726,195150,200000,1.0
bel_Cyrl-bre_Latn,metricx24,unknown,65908,1200000,0.1
bel_Cyrl-bul_Cyrl,shaomutan_remedy-9b-22,0.897583298,3034900,200000,15.2
bel_Cyrl-cat_Latn,shaomutan_remedy-9b-22,0.939117687,1489972,200000,7.4
bel_Cyrl-ceb_Latn,qwen3-4b-instruct-2507,0.863081,62023,28000,2.2
bel_Cyrl-ces_Latn,metricx24,0.80142,2803524,1200000,2.3
bel_Cyrl-cmn_Hani,metricx24,unknown,273045,1200000,0.2
bel_Cyrl-cym_Latn,shaomutan_remedy-9b-22,0.866037388,647797,200000,3.2
bel_Cyrl-dan_Latn,shaomutan_remedy-9b-22,0.959413266,1411455,200000,7.1
bel_Cyrl-deu_Latn,shaomutan_remedy-9b-22,0.944470446,3325304,200000,16.6
bel_Cyrl-ekk_Latn,metricx24,unknown,1159973,1200000,1.0
bel_Cyrl-ell_Grek,shaomutan_remedy-9b-22,0.927987117,1315700,200000,6.6
bel_Cyrl-eng_Latn,metricx24,0.806163,49908221,1200000,41.6
bel_Cyrl-epo_Latn,shaomutan_remedy-9b-22,0.88937529,587718,200000,2.9
bel_Cyrl-est_Latn,shaomutan_remedy-9b-22,0.935721069,422778,200000,2.1
bel_Cyrl-eus_Latn,shaomutan_remedy-9b-22,0.890950689,389005,200000,1.9
bel_Cyrl-fas_Arab,metricx24,unknown,1129896,1200000,0.9
bel_Cyrl-fil_Latn,metricx24,unknown,228795,1200000,0.2
bel_Cyrl-fin_Latn,shaomutan_remedy-9b-22,0.931121959,1921083,200000,9.6
bel_Cyrl-fra_Latn,metricx24,0.832631,2948556,1200000,2.5
bel_Cyrl-fry_Latn,metricx24,unknown,105614,1200000,0.1
bel_Cyrl-fur_Latn,qwen3-4b-instruct-2507,0.794908,117656,28000,4.2
bel_Cyrl-gle_Latn,m-prometheus-7b,0.837147835,528414,27000,19.6
bel_Cyrl-glg_Latn,qwen3-4b-instruct-2507,0.918163,726729,28000,26.0
bel_Cyrl-guj_Gujr,qwen3-4b-instruct-2507,0.911837,162079,28000,5.8
bel_Cyrl-hat_Latn,shaomutan_remedy-9b-22,0.833315413,243223,200000,1.2
bel_Cyrl-hau_Latn,shaomutan_remedy-9b-22,0.783904044,169602,200000,0.8
bel_Cyrl-hbs_Latn,metricx24,unknown,65712,1200000,0.1
bel_Cyrl-heb_Hebr,qwen3-4b-instruct-2507,0.920553,1101990,28000,39.4
bel_Cyrl-hin_Deva,qwen3-4b-instruct-2507,0.883912,1215353,28000,43.4
bel_Cyrl-hrv_Latn,shaomutan_remedy-9b-22,0.929705161,2067243,200000,10.3
bel_Cyrl-hun_Latn,shaomutan_remedy-9b-22,0.933260057,1639539,200000,8.2
bel_Cyrl-hye_Armn,shaomutan_remedy-9b-22,0.914794141,361405,200000,1.8
bel_Cyrl-ibo_Latn,shaomutan_remedy-9b-22,0.706913609,120809,200000,0.6
bel_Cyrl-ilo_Latn,metricx24,0.710511859,50380,1200000,0.0
bel_Cyrl-ind_Latn,shaomutan_remedy-9b-22,0.920539072,1894514,200000,9.5
bel_Cyrl-isl_Latn,shaomutan_remedy-9b-22,0.873655207,952916,200000,4.8
bel_Cyrl-ita_Latn,shaomutan_remedy-9b-22,0.945500445,2550105,200000,12.8
bel_Cyrl-jav_Latn,shaomutan_remedy-9b-22,0.802538686,172157,200000,0.9
bel_Cyrl-jpn_Jpan,shaomutan_remedy-9b-22,0.942050515,1448895,200000,7.2
bel_Cyrl-kan_Knda,qwen3-4b-instruct-2507,0.891727,145529,28000,5.2
bel_Cyrl-kat_Geor,shaomutan_remedy-9b-22,0.921175204,415834,200000,2.1
bel_Cyrl-kaz_Cyrl,shaomutan_remedy-9b-22,0.900795209,452160,200000,2.3
bel_Cyrl-khk_Cyrl,metricx24,0.74756183,112085,1200000,0.1
bel_Cyrl-khm_Khmr,shaomutan_remedy-9b-22,0.887229914,229326,200000,1.1
bel_Cyrl-kin_Latn,shaomutan_remedy-9b-22,0.788486074,51110,200000,0.3
bel_Cyrl-kir_Cyrl,shaomutan_remedy-9b-22,0.803149495,133507,200000,0.7
bel_Cyrl-kmr_Latn,metricx24,0.688858659,71484,1200000,0.1
bel_Cyrl-kor_Hang,shaomutan_remedy-9b-22,0.920997673,797425,200000,4.0
bel_Cyrl-kor_Zyyy,metricx24,unknown,388842,1200000,0.3
bel_Cyrl-lao_Laoo,qwen3-4b-instruct-2507,0.839537,93544,28000,3.3
bel_Cyrl-lat_Latn,metricx24,unknown,91207,1200000,0.1
bel_Cyrl-lav_Latn,metricx24,unknown,235278,1200000,0.2
bel_Cyrl-lim_Latn,shaomutan_remedy-9b-22,0.768865798,47593,200000,0.2
bel_Cyrl-lit_Latn,shaomutan_remedy-9b-22,0.919026893,1652222,200000,8.3
bel_Cyrl-ltz_Latn,metricx24,0.851860473,109723,1200000,0.1
bel_Cyrl-lvs_Latn,shaomutan_remedy-9b-22,0.928474574,1280320,200000,6.4
bel_Cyrl-lzh_Hani,metricx24,unknown,115388,1200000,0.1
bel_Cyrl-mal_Mlym,qwen3-4b-instruct-2507,0.914072,470466,28000,16.8
bel_Cyrl-mar_Deva,shaomutan_remedy-9b-22,0.888639951,447173,200000,2.2
bel_Cyrl-mkd_Cyrl,qwen3-4b-instruct-2507,0.843529,1334624,28000,47.7
bel_Cyrl-mlg_Latn,metricx24,unknown,142291,1200000,0.1
bel_Cyrl-mlt_Latn,shaomutan_remedy-9b-22,0.901454,210919,200000,1.1
bel_Cyrl-mon_Cyrl,metricx24,unknown,102837,1200000,0.1
bel_Cyrl-mri_Latn,shaomutan_remedy-9b-22,0.65421848,64646,200000,0.3
bel_Cyrl-msa_Latn,metricx24,unknown,695981,1200000,0.6
bel_Cyrl-mya_Mymr,shaomutan_remedy-9b-22,0.86041997,203727,200000,1.0
bel_Cyrl-nds_Latn,metricx24,unknown,68703,1200000,0.1
bel_Cyrl-nep_Deva,metricx24,unknown,237147,1200000,0.2
bel_Cyrl-nld_Latn,shaomutan_remedy-9b-22,0.934694966,2102151,200000,10.5
bel_Cyrl-nno_Latn,shaomutan_remedy-9b-22,0.923930069,144679,200000,0.7
bel_Cyrl-nob_Latn,shaomutan_remedy-9b-22,0.930020636,1108370,200000,5.5
bel_Cyrl-nor_Latn,metricx24,unknown,675541,1200000,0.6
bel_Cyrl-npi_Deva,qwen3-4b-instruct-2507,0.882066,111618,28000,4.0
bel_Cyrl-nya_Latn,metricx24,0.64404305,71157,1200000,0.1
bel_Cyrl-oci_Latn,shaomutan_remedy-9b-22,0.852533493,94561,200000,0.5
bel_Cyrl-pan_Guru,qwen3-4b-instruct-2507,0.911513,92654,28000,3.3
bel_Cyrl-pbt_Arab,shaomutan_remedy-9b-22,0.732776143,65237,200000,0.3
bel_Cyrl-plt_Latn,metricx24,0.726095479,105098,1200000,0.1
bel_Cyrl-pol_Latn,metricx24,0.800345,3978422,1200000,3.3
bel_Cyrl-por_Latn,metricx24,0.818484,2272640,1200000,1.9
bel_Cyrl-pus_Arab,metricx24,unknown,73984,1200000,0.1
bel_Cyrl-ron_Latn,shaomutan_remedy-9b-22,0.946991031,1623350,200000,8.1
bel_Cyrl-rus_Cyrl,metricx24,0.850003,25764833,1200000,21.5
bel_Cyrl-sin_Sinh,shaomutan_remedy-9b-22,0.863958749,473472,200000,2.4
bel_Cyrl-slk_Latn,shaomutan_remedy-9b-22,0.923052213,2549755,200000,12.7
bel_Cyrl-slv_Latn,shaomutan_remedy-9b-22,0.938856596,1923442,200000,9.6
bel_Cyrl-snd_Arab,qwen3-4b-instruct-2507,0.827337,55028,28000,2.0
bel_Cyrl-som_Latn,shaomutan_remedy-9b-22,0.715742516,122944,200000,0.6
bel_Cyrl-spa_Latn,metricx24,0.830915,3277445,1200000,2.7
bel_Cyrl-sqi_Latn,metricx24,unknown,447338,1200000,0.4
bel_Cyrl-srd_Latn,metricx24,0.77295615,260938,1200000,0.2
bel_Cyrl-srp_Cyrl,metricx24,0.864019577,1542315,1200000,1.3
bel_Cyrl-srp_Latn,metricx24,unknown,409762,1200000,0.3
bel_Cyrl-sun_Latn,shaomutan_remedy-9b-22,0.810161208,199085,200000,1.0
bel_Cyrl-swa_Latn,metricx24,unknown,417405,1200000,0.3
bel_Cyrl-swe_Latn,shaomutan_remedy-9b-22,0.938648049,1507511,200000,7.5
bel_Cyrl-swh_Latn,shaomutan_remedy-9b-22,0.863636295,431709,200000,2.2
bel_Cyrl-tam_Taml,qwen3-4b-instruct-2507,0.908392,508110,28000,18.1
bel_Cyrl-tel_Telu,qwen3-4b-instruct-2507,0.900592,410403,28000,14.7
bel_Cyrl-tgk_Cyrl,m-prometheus-7b,0.814848183,159090,27000,5.9
bel_Cyrl-tgl_Latn,shaomutan_remedy-9b-22,0.910042073,576030,200000,2.9
bel_Cyrl-tha_Thai,shaomutan_remedy-9b-22,0.908378017,1000185,200000,5.0
bel_Cyrl-tur_Latn,shaomutan_remedy-9b-22,0.936117891,3698265,200000,18.5
bel_Cyrl-ukr_Cyrl,shaomutan_remedy-9b-22,0.914450647,3569059,200000,17.8
bel_Cyrl-und_Kana,metricx24,unknown,83234,1200000,0.1
bel_Cyrl-urd_Arab,qwen3-4b-instruct-2507,0.842773,637715,28000,22.8
bel_Cyrl-uzn_Latn,qwen3-4b-instruct-2507,0.818641,292521,28000,10.4
bel_Cyrl-vec_Latn,qwen3-4b-instruct-2507,0.820239,70852,28000,2.5
bel_Cyrl-vie_Latn,shaomutan_remedy-9b-22,0.903656608,1686581,200000,8.4
bel_Cyrl-xho_Latn,shaomutan_remedy-9b-22,0.740326319,245238,200000,1.2
bel_Cyrl-yor_Latn,shaomutan_remedy-9b-22,0.614052108,111660,200000,0.6
bel_Cyrl-yue_Hani,metricx24,unknown,173526,1200000,0.1
bel_Cyrl-zho_Hans,qwen3-4b-instruct-2507,0.951364,768318,28000,27.4
bel_Cyrl-zho_Hant,qwen3-4b-instruct-2507,0.945331,387495,28000,13.8
bel_Cyrl-zsm_Latn,qwen3-4b-instruct-2507,0.837322,560667,28000,20.0
bel_Cyrl-zul_Latn,shaomutan_remedy-9b-22,0.776400892,65763,200000,0.3
bem_Latn-bem_Latn,qwen3-4b-instruct-2507,unknown,10764,28000,0.4
bem_Latn-eng_Latn,qwen3-4b-instruct-2507,0.846779,276245,28000,9.9
bem_Latn-fra_Latn,shaomutan_remedy-9b-22,0.827830331,453585,200000,2.3
bem_Latn-hau_Latn,shaomutan_remedy-9b-22,0.705758706,110856,200000,0.6
bem_Latn-kin_Latn,shaomutan_remedy-9b-22,0.759846747,129763,200000,0.6
bem_Latn-nya_Latn,shaomutan_remedy-9b-22,0.683252687,112507,200000,0.6
bem_Latn-run_Latn,m-prometheus-7b,0.605017422,100638,27000,3.7
bem_Latn-sna_Latn,shaomutan_remedy-9b-22,0.734917198,117423,200000,0.6
bem_Latn-swa_Latn,qwen3-4b-instruct-2507,unknown,114058,28000,4.1
bem_Latn-tsn_Latn,shaomutan_remedy-9b-22,0.702601415,106716,200000,0.5
bem_Latn-xho_Latn,shaomutan_remedy-9b-22,0.692222023,127667,200000,0.6
bem_Latn-zul_Latn,shaomutan_remedy-9b-22,0.726641569,136681,200000,0.7
ben_Beng-afr_Latn,shaomutan_remedy-9b-22,0.918055505,64905,200000,0.3
ben_Beng-als_Latn,qwen3-4b-instruct-2507,0.904415,896613,28000,32.0
ben_Beng-ast_Latn,qwen3-4b-instruct-2507,0.878566,70353,28000,2.5
ben_Beng-ben_Beng,metricx24,unknown,1476551,1200000,1.2
ben_Beng-bho_Deva,qwen3-4b-instruct-2507,0.782424,461961,28000,16.5
ben_Beng-bos_Latn,shaomutan_remedy-9b-22,0.933039908,1263881,200000,6.3
ben_Beng-bre_Latn,metricx24,unknown,103608,1200000,0.1
ben_Beng-cat_Latn,metricx24,0.84794,2113632,1200000,1.8
ben_Beng-ceb_Latn,qwen3-4b-instruct-2507,0.91674,94480,28000,3.4
ben_Beng-ces_Latn,metricx24,0.833951,7102407,1200000,5.9
ben_Beng-ckb_Arab,metricx24,0.749089469,103981,1200000,0.1
ben_Beng-cmn_Hani,metricx24,unknown,3115150,1200000,2.6
ben_Beng-crh_Latn,m-prometheus-7b,0.817844699,36396,27000,1.3
ben_Beng-cym_Latn,shaomutan_remedy-9b-22,0.886520043,377715,200000,1.9
ben_Beng-dan_Latn,metricx24,0.879067,4861567,1200000,4.1
ben_Beng-deu_Latn,shaomutan_remedy-9b-22,0.94001964,12558323,200000,62.8
ben_Beng-ekk_Latn,metricx24,unknown,3004588,1200000,2.5
ben_Beng-ell_Grek,metricx24,0.86833,9359678,1200000,7.8
ben_Beng-eng_Latn,metricx24,0.859993,85140856,1200000,71.0
ben_Beng-epo_Latn,shaomutan_remedy-9b-22,0.899670488,1195536,200000,6.0
ben_Beng-est_Latn,shaomutan_remedy-9b-22,0.933371156,1474746,200000,7.4
ben_Beng-eus_Latn,shaomutan_remedy-9b-22,0.89708168,790456,200000,4.0
ben_Beng-fas_Arab,metricx24,unknown,10890682,1200000,9.1
ben_Beng-fil_Latn,metricx24,unknown,514912,1200000,0.4
ben_Beng-fin_Latn,shaomutan_remedy-9b-22,0.925753036,8244701,200000,41.2
ben_Beng-fra_Latn,metricx24,0.866233,19726665,1200000,16.4
ben_Beng-fry_Latn,metricx24,unknown,150019,1200000,0.1
ben_Beng-fur_Latn,qwen3-4b-instruct-2507,0.868213,323430,28000,11.6
ben_Beng-gla_Latn,shaomutan_remedy-9b-22,0.80088873,51939,200000,0.3
ben_Beng-gle_Latn,m-prometheus-7b,0.874524639,187383,27000,6.9
ben_Beng-glg_Latn,qwen3-4b-instruct-2507,0.933947,735283,28000,26.3
ben_Beng-guj_Gujr,shaomutan_remedy-9b-22,0.943937006,3074211,200000,15.4
ben_Beng-hat_Latn,shaomutan_remedy-9b-22,0.855497532,241312,200000,1.2
ben_Beng-hau_Latn,shaomutan_remedy-9b-22,0.819719543,286403,200000,1.4
ben_Beng-hbs_Latn,metricx24,unknown,100872,1200000,0.1
ben_Beng-heb_Hebr,metricx24,0.849743,7342660,1200000,6.1
ben_Beng-hin_Deva,shaomutan_remedy-9b-22,0.924258001,8969716,200000,44.8
ben_Beng-hne_Deva,qwen3-4b-instruct-2507,0.789303,224825,28000,8.0
ben_Beng-hrv_Latn,shaomutan_remedy-9b-22,0.938359268,5028526,200000,25.1
ben_Beng-hun_Latn,shaomutan_remedy-9b-22,0.933708383,8466147,200000,42.3
ben_Beng-hye_Armn,shaomutan_remedy-9b-22,0.946307274,354833,200000,1.8
ben_Beng-ibo_Latn,shaomutan_remedy-9b-22,0.758627507,146081,200000,0.7
ben_Beng-ilo_Latn,qwen3-4b-instruct-2507,0.754067,120981,28000,4.3
ben_Beng-ind_Latn,metricx24,0.870894,13819922,1200000,11.5
ben_Beng-isl_Latn,shaomutan_remedy-9b-22,0.881394174,1650995,200000,8.3
ben_Beng-ita_Latn,metricx24,0.891387,9935144,1200000,8.3
ben_Beng-jav_Latn,qwen3-4b-instruct-2507,0.853499,334011,28000,11.9
ben_Beng-jpn_Jpan,metricx24,0.808677,5331365,1200000,4.4
ben_Beng-kab_Latn,metricx24,0.381871469,55620,1200000,0.0
ben_Beng-kan_Knda,shaomutan_remedy-9b-22,0.929174615,4167705,200000,20.8
ben_Beng-kas_Arab,metricx24,0.562144292,122057,1200000,0.1
ben_Beng-kas_Deva,metricx24,0.47394004,220571,1200000,0.2
ben_Beng-kat_Geor,shaomutan_remedy-9b-22,0.938326481,531926,200000,2.7
ben_Beng-kaz_Cyrl,shaomutan_remedy-9b-22,0.932239462,418671,200000,2.1
ben_Beng-khk_Cyrl,metricx24,0.80746689,146630,1200000,0.1
ben_Beng-khm_Khmr,qwen3-4b-instruct-2507,0.912449,663738,28000,23.7
ben_Beng-kin_Latn,shaomutan_remedy-9b-22,0.832224854,93440,200000,0.5
ben_Beng-kir_Cyrl,shaomutan_remedy-9b-22,0.867948303,146692,200000,0.7
ben_Beng-kmr_Latn,metricx24,0.729320635,94922,1200000,0.1
ben_Beng-kor_Hang,metricx24,0.811218,5452758,1200000,4.5
ben_Beng-kor_Zyyy,metricx24,unknown,1298758,1200000,1.1
ben_Beng-lao_Laoo,qwen3-4b-instruct-2507,0.870786,133473,28000,4.8
ben_Beng-lat_Latn,metricx24,unknown,215690,1200000,0.2
ben_Beng-lav_Latn,metricx24,unknown,551904,1200000,0.5
ben_Beng-lim_Latn,qwen3-4b-instruct-2507,0.818417,97618,28000,3.5
ben_Beng-lit_Latn,shaomutan_remedy-9b-22,0.92164482,4552661,200000,22.8
ben_Beng-ltz_Latn,qwen3-4b-instruct-2507,0.87896,192184,28000,6.9
ben_Beng-lvs_Latn,shaomutan_remedy-9b-22,0.916621739,1744250,200000,8.7
ben_Beng-lzh_Hani,metricx24,unknown,256457,1200000,0.2
ben_Beng-mag_Deva,qwen3-4b-instruct-2507,0.819209,354701,28000,12.7
ben_Beng-mai_Deva,qwen3-4b-instruct-2507,0.851802,632266,28000,22.6
ben_Beng-mal_Mlym,metricx24,0.814804,6877206,1200000,5.7
ben_Beng-mar_Deva,shaomutan_remedy-9b-22,0.923878535,4692106,200000,23.5
ben_Beng-mkd_Cyrl,metricx24,0.859775,2570114,1200000,2.1
ben_Beng-mlg_Latn,metricx24,unknown,243253,1200000,0.2
ben_Beng-mlt_Latn,shaomutan_remedy-9b-22,0.90785828,79894,200000,0.4
ben_Beng-mon_Cyrl,metricx24,unknown,155523,1200000,0.1
ben_Beng-mri_Latn,shaomutan_remedy-9b-22,0.727571854,74194,200000,0.4
ben_Beng-msa_Latn,metricx24,unknown,2815966,1200000,2.3
ben_Beng-mya_Mymr,shaomutan_remedy-9b-22,0.9231755,755449,200000,3.8
ben_Beng-nds_Latn,metricx24,unknown,83755,1200000,0.1
ben_Beng-nep_Deva,metricx24,unknown,1222155,1200000,1.0
ben_Beng-nld_Latn,shaomutan_remedy-9b-22,0.927490083,9169486,200000,45.8
ben_Beng-nno_Latn,shaomutan_remedy-9b-22,0.915235675,192187,200000,1.0
ben_Beng-nob_Latn,shaomutan_remedy-9b-22,0.931867837,2554232,200000,12.8
ben_Beng-nor_Latn,metricx24,unknown,2032983,1200000,1.7
ben_Beng-npi_Deva,shaomutan_remedy-9b-22,0.898728325,1966713,200000,9.8
ben_Beng-nya_Latn,shaomutan_remedy-9b-22,0.71149362,82514,200000,0.4
ben_Beng-oci_Latn,qwen3-4b-instruct-2507,0.865197,159619,28000,5.7
ben_Beng-ory_Orya,m-prometheus-7b,0.947914385,2594740,27000,96.1
ben_Beng-pan_Guru,qwen3-4b-instruct-2507,0.929378,1698829,28000,60.7
ben_Beng-pap_Latn,qwen3-4b-instruct-2507,0.846585,61436,28000,2.2
ben_Beng-pbt_Arab,shaomutan_remedy-9b-22,0.775067382,1381852,200000,6.9
ben_Beng-plt_Latn,metricx24,0.773548572,562755,1200000,0.5
ben_Beng-pol_Latn,shaomutan_remedy-9b-22,0.933686823,8976063,200000,44.9
ben_Beng-por_Latn,metricx24,0.860344,9792912,1200000,8.2
ben_Beng-pus_Arab,metricx24,unknown,139465,1200000,0.1
ben_Beng-ron_Latn,shaomutan_remedy-9b-22,0.946096641,7259122,200000,36.3
ben_Beng-rus_Cyrl,shaomutan_remedy-9b-22,0.942765449,10774512,200000,53.9
ben_Beng-san_Deva,shaomutan_remedy-9b-22,0.774775305,444666,200000,2.2
ben_Beng-sin_Sinh,shaomutan_remedy-9b-22,0.913870891,3950564,200000,19.8
ben_Beng-slk_Latn,metricx24,0.817349,4043962,1200000,3.4
ben_Beng-slv_Latn,shaomutan_remedy-9b-22,0.934692689,3813203,200000,19.1
ben_Beng-sna_Latn,metricx24,0.691812281,58446,1200000,0.0
ben_Beng-snd_Arab,qwen3-4b-instruct-2507,0.887651,1168480,28000,41.7
ben_Beng-som_Latn,shaomutan_remedy-9b-22,0.751882601,176804,200000,0.9
ben_Beng-spa_Latn,metricx24,0.868645,10583029,1200000,8.8
ben_Beng-sqi_Latn,metricx24,unknown,949128,1200000,0.8
ben_Beng-srd_Latn,qwen3-4b-instruct-2507,0.825371,515275,28000,18.4
ben_Beng-srp_Cyrl,qwen3-4b-instruct-2507,0.952115,1900004,28000,67.9
ben_Beng-srp_Latn,metricx24,unknown,3200596,1200000,2.7
ben_Beng-sun_Latn,qwen3-4b-instruct-2507,0.86005,271095,28000,9.7
ben_Beng-swa_Latn,metricx24,unknown,756386,1200000,0.6
ben_Beng-swc_Latn,metricx24,unknown,140008,1200000,0.1
ben_Beng-swe_Latn,shaomutan_remedy-9b-22,0.940827639,6730236,200000,33.7
ben_Beng-swh_Latn,shaomutan_remedy-9b-22,0.894223043,874778,200000,4.4
ben_Beng-tam_Taml,metricx24,0.827966,5788376,1200000,4.8
ben_Beng-tat_Cyrl,shaomutan_remedy-9b-22,0.857773961,83922,200000,0.4
ben_Beng-tel_Telu,metricx24,0.789417,5937902,1200000,4.9
ben_Beng-tgk_Cyrl,m-prometheus-7b,0.868003982,187156,27000,6.9
ben_Beng-tgl_Latn,shaomutan_remedy-9b-22,0.922050552,1011162,200000,5.1
ben_Beng-tha_Thai,shaomutan_remedy-9b-22,0.933914905,5744534,200000,28.7
ben_Beng-tur_Latn,shaomutan_remedy-9b-22,0.932273936,12839313,200000,64.2
ben_Beng-ukr_Cyrl,metricx24,0.842008,4514450,1200000,3.8
ben_Beng-und_Kana,metricx24,unknown,149637,1200000,0.1
ben_Beng-urd_Arab,shaomutan_remedy-9b-22,0.898638404,6019289,200000,30.1
ben_Beng-uzn_Latn,qwen3-4b-instruct-2507,0.860244,153265,28000,5.5
ben_Beng-vec_Latn,qwen3-4b-instruct-2507,0.881926,130451,28000,4.7
ben_Beng-vie_Latn,metricx24,0.852347,9987085,1200000,8.3
ben_Beng-wln_Latn,metricx24,unknown,26954,1200000,0.0
ben_Beng-xho_Latn,shaomutan_remedy-9b-22,0.813761783,327613,200000,1.6
ben_Beng-yor_Latn,shaomutan_remedy-9b-22,0.706614669,133740,200000,0.7
ben_Beng-yue_Hani,metricx24,unknown,420534,1200000,0.4
ben_Beng-zho_Hans,metricx24,0.850918,2070048,1200000,1.7
ben_Beng-zho_Hant,metricx24,0.834351,2095685,1200000,1.7
ben_Beng-zsm_Latn,qwen3-4b-instruct-2507,0.879109,1628663,28000,58.2
ben_Beng-zul_Latn,shaomutan_remedy-9b-22,0.811041991,89668,200000,0.4
bew_Latn-eng_Latn,metricx24,unknown,188353,1200000,0.2
bew_Latn-ind_Latn,metricx24,unknown,133156,1200000,0.1
bho_Deva-eng_Latn,qwen3-4b-instruct-2507,0.959258,1946660,28000,69.5
bho_Deva-guj_Gujr,shaomutan_remedy-9b-22,0.943421731,240652,200000,1.2
bho_Deva-hin_Deva,shaomutan_remedy-9b-22,0.93507064,302733,200000,1.5
bho_Deva-kan_Knda,shaomutan_remedy-9b-22,0.925224965,221648,200000,1.1
bho_Deva-mal_Mlym,shaomutan_remedy-9b-22,0.920893964,329195,200000,1.6
bho_Deva-mar_Deva,shaomutan_remedy-9b-22,0.937863449,234071,200000,1.2
bho_Deva-npi_Deva,shaomutan_remedy-9b-22,0.936231427,152956,200000,0.8
bho_Deva-ory_Orya,shaomutan_remedy-9b-22,0.920557413,155616,200000,0.8
bho_Deva-pan_Guru,qwen3-4b-instruct-2507,0.912937,122610,28000,4.4
bho_Deva-por_Latn,qwen3-4b-instruct-2507,0.914515,63985,28000,2.3
bho_Deva-rus_Cyrl,shaomutan_remedy-9b-22,0.927711563,74386,200000,0.4
bho_Deva-sin_Sinh,shaomutan_remedy-9b-22,0.904845514,161988,200000,0.8
bho_Deva-tam_Taml,shaomutan_remedy-9b-22,0.920778041,345055,200000,1.7
bho_Deva-tel_Telu,shaomutan_remedy-9b-22,0.911991732,403544,200000,2.0
bho_Deva-urd_Arab,shaomutan_remedy-9b-22,0.918811622,227784,200000,1.1
bjn_Latn-eng_Latn,qwen3-4b-instruct-2507,0.935854,590065,28000,21.1
bjn_Latn-ind_Latn,shaomutan_remedy-9b-22,0.914501693,1079751,200000,5.4
bjn_Latn-por_Latn,shaomutan_remedy-9b-22,0.900428524,70609,200000,0.4
bod_Tibt-eng_Latn,qwen3-4b-instruct-2507,0.71881,609033,28000,21.8
bos_Latn-abk_Cyrl,qwen3-4b-instruct-2507,unknown,29038,28000,1.0
bos_Latn-afr_Latn,shaomutan_remedy-9b-22,0.927784585,83423,200000,0.4
bos_Latn-als_Latn,qwen3-4b-instruct-2507,0.91896,1276761,28000,45.6
bos_Latn-bak_Cyrl,shaomutan_remedy-9b-22,0.881192177,42223,200000,0.2
bos_Latn-cat_Latn,qwen3-4b-instruct-2507,0.964206,740619,28000,26.5
bos_Latn-ces_Latn,metricx24,0.840572,11571934,1200000,9.6
bos_Latn-cmn_Hani,qwen3-4b-instruct-2507,unknown,2535098,28000,90.5
bos_Latn-cym_Latn,shaomutan_remedy-9b-22,0.901847956,197321,200000,1.0
bos_Latn-dan_Latn,metricx24,0.894156,8273729,1200000,6.9
bos_Latn-deu_Latn,metricx24,0.949187,9174351,1200000,7.6
bos_Latn-ekk_Latn,qwen3-4b-instruct-2507,unknown,3818153,28000,136.4
bos_Latn-ell_Grek,metricx24,0.88737,12304468,1200000,10.3
bos_Latn-eng_Latn,metricx24,0.883354,74971293,1200000,62.5
bos_Latn-epo_Latn,shaomutan_remedy-9b-22,0.911746673,295606,200000,1.5
bos_Latn-est_Latn,shaomutan_remedy-9b-22,0.921656206,1751818,200000,8.8
bos_Latn-eus_Latn,qwen3-4b-instruct-2507,0.912902,720217,28000,25.7
bos_Latn-fas_Arab,qwen3-4b-instruct-2507,unknown,7766194,28000,277.4
bos_Latn-fin_Latn,metricx24,0.834426,9790901,1200000,8.2
bos_Latn-fra_Latn,metricx24,0.892658,11151003,1200000,9.3
bos_Latn-fry_Latn,qwen3-4b-instruct-2507,unknown,50087,28000,1.8
bos_Latn-fur_Latn,qwen3-4b-instruct-2507,0.876755,51829,28000,1.9
bos_Latn-gle_Latn,m-prometheus-7b,0.875644599,91147,27000,3.4
bos_Latn-glg_Latn,qwen3-4b-instruct-2507,0.966272,384078,28000,13.7
bos_Latn-guj_Gujr,qwen3-4b-instruct-2507,0.952598,51201,28000,1.8
bos_Latn-hau_Latn,metricx24,0.79782132,71711,1200000,0.1
bos_Latn-hbs_Latn,qwen3-4b-instruct-2507,unknown,158528,28000,5.7
bos_Latn-heb_Hebr,metricx24,0.892811,9608235,1200000,8.0
bos_Latn-hin_Deva,qwen3-4b-instruct-2507,0.944311,532399,28000,19.0
bos_Latn-hrv_Latn,xcomet-xl,0.952242676,9821711,400000,24.6
bos_Latn-hun_Latn,metricx24,0.832455,11043308,1200000,9.2
bos_Latn-ind_Latn,metricx24,0.879857,7852792,1200000,6.5
bos_Latn-isl_Latn,shaomutan_remedy-9b-22,0.898989919,1488029,200000,7.4
bos_Latn-ita_Latn,metricx24,0.911209,9856209,1200000,8.2
bos_Latn-jpn_Jpan,qwen3-4b-instruct-2507,0.976217,1239156,28000,44.3
bos_Latn-kab_Latn,qwen3-4b-instruct-2507,0.344345,78071,28000,2.8
bos_Latn-kan_Knda,qwen3-4b-instruct-2507,0.938502,43938,28000,1.6
bos_Latn-kat_Geor,shaomutan_remedy-9b-22,0.922402084,146709,200000,0.7
bos_Latn-kaz_Cyrl,shaomutan_remedy-9b-22,0.941135417,97050,200000,0.5
bos_Latn-khm_Khmr,qwen3-4b-instruct-2507,0.926058,137560,28000,4.9
bos_Latn-kin_Latn,shaomutan_remedy-9b-22,0.797632941,28933,200000,0.1
bos_Latn-kor_Hang,metricx24,0.850665,3713832,1200000,3.1
bos_Latn-kor_Zyyy,qwen3-4b-instruct-2507,unknown,430831,28000,15.4
bos_Latn-lat_Latn,qwen3-4b-instruct-2507,unknown,70066,28000,2.5
bos_Latn-lav_Latn,qwen3-4b-instruct-2507,unknown,202725,28000,7.2
bos_Latn-lim_Latn,qwen3-4b-instruct-2507,0.836292,42408,28000,1.5
bos_Latn-lit_Latn,qwen3-4b-instruct-2507,0.92332,1437047,28000,51.3
bos_Latn-ltz_Latn,qwen3-4b-instruct-2507,0.908014,62519,28000,2.2
bos_Latn-lvs_Latn,qwen3-4b-instruct-2507,0.931523,552945,28000,19.7
bos_Latn-lzh_Hani,qwen3-4b-instruct-2507,unknown,102540,28000,3.7
bos_Latn-mal_Mlym,qwen3-4b-instruct-2507,0.956317,584385,28000,20.9
bos_Latn-mar_Deva,qwen3-4b-instruct-2507,0.937601,117224,28000,4.2
bos_Latn-mhr_Cyrl,qwen3-4b-instruct-2507,unknown,46436,28000,1.7
bos_Latn-mkd_Cyrl,metricx24,0.887291,2240399,1200000,1.9
bos_Latn-mlg_Latn,qwen3-4b-instruct-2507,unknown,49380,28000,1.8
bos_Latn-msa_Latn,qwen3-4b-instruct-2507,unknown,1175553,28000,42.0
bos_Latn-mya_Mymr,shaomutan_remedy-9b-22,0.910729066,201401,200000,1.0
bos_Latn-nds_Latn,qwen3-4b-instruct-2507,unknown,43823,28000,1.6
bos_Latn-nep_Deva,qwen3-4b-instruct-2507,unknown,67902,28000,2.4
bos_Latn-nld_Latn,metricx24,0.921045,11610596,1200000,9.7
bos_Latn-nno_Latn,shaomutan_remedy-9b-22,0.929166105,123512,200000,0.6
bos_Latn-nob_Latn,metricx24,0.872152,4528067,1200000,3.8
bos_Latn-nor_Latn,qwen3-4b-instruct-2507,unknown,2146327,28000,76.7
bos_Latn-oci_Latn,qwen3-4b-instruct-2507,0.896625,81721,28000,2.9
bos_Latn-pan_Guru,qwen3-4b-instruct-2507,0.962325,35708,28000,1.3
bos_Latn-pol_Latn,metricx24,0.835321,11972409,1200000,10.0
bos_Latn-por_Latn,metricx24,0.882415,12221419,1200000,10.2
bos_Latn-ron_Latn,metricx24,0.868553,13381319,1200000,11.2
bos_Latn-rus_Cyrl,metricx24,0.897652,8534688,1200000,7.1
bos_Latn-sin_Sinh,shaomutan_remedy-9b-22,0.910245102,627917,200000,3.1
bos_Latn-slk_Latn,metricx24,0.816176,3191234,1200000,2.7
bos_Latn-slv_Latn,shaomutan_remedy-9b-22,0.928542377,6400872,200000,32.0
bos_Latn-spa_Latn,metricx24,0.891465,12423946,1200000,10.4
bos_Latn-sqi_Latn,qwen3-4b-instruct-2507,unknown,346080,28000,12.4
bos_Latn-srd_Latn,qwen3-4b-instruct-2507,0.846078,144468,28000,5.2
bos_Latn-srp_Cyrl,qwen3-4b-instruct-2507,0.957501,1519197,28000,54.3
bos_Latn-srp_Latn,qwen3-4b-instruct-2507,unknown,9481761,28000,338.6
bos_Latn-swa_Latn,qwen3-4b-instruct-2507,unknown,102262,28000,3.7
bos_Latn-swe_Latn,metricx24,0.893762,8267915,1200000,6.9
bos_Latn-tam_Taml,qwen3-4b-instruct-2507,0.962688,313469,28000,11.2
bos_Latn-tel_Telu,qwen3-4b-instruct-2507,0.950199,189292,28000,6.8
bos_Latn-tgl_Latn,qwen3-4b-instruct-2507,0.938109,165104,28000,5.9
bos_Latn-tha_Thai,metricx24,0.860382,3539904,1200000,2.9
bos_Latn-tur_Latn,metricx24,0.795901,11903494,1200000,9.9
bos_Latn-ukr_Cyrl,metricx24,0.865792,2246937,1200000,1.9
bos_Latn-urd_Arab,qwen3-4b-instruct-2507,0.917123,489890,28000,17.5
bos_Latn-uzn_Latn,qwen3-4b-instruct-2507,0.892076,67084,28000,2.4
bos_Latn-vie_Latn,metricx24,0.865649,5478919,1200000,4.6
bos_Latn-xho_Latn,shaomutan_remedy-9b-22,0.770204811,85161,200000,0.4
bos_Latn-yue_Hani,qwen3-4b-instruct-2507,unknown,189094,28000,6.8
bos_Latn-zho_Hans,qwen3-4b-instruct-2507,0.978313,1335713,28000,47.7
bos_Latn-zho_Hant,qwen3-4b-instruct-2507,0.970478,1554415,28000,55.5
bos_Latn-zsm_Latn,qwen3-4b-instruct-2507,0.909219,728273,28000,26.0
bre_Latn-bos_Latn,qwen3-4b-instruct-2507,unknown,42037,28000,1.5
bre_Latn-bre_Latn,qwen3-4b-instruct-2507,unknown,8002,28000,0.3
bre_Latn-cat_Latn,metricx24,unknown,270328,1200000,0.2
bre_Latn-ces_Latn,metricx24,unknown,332936,1200000,0.3
bre_Latn-cym_Latn,metricx24,unknown,81892,1200000,0.1
bre_Latn-dan_Latn,metricx24,unknown,296537,1200000,0.2
bre_Latn-deu_Latn,metricx24,unknown,1021501,1200000,0.9
bre_Latn-ekk_Latn,qwen3-4b-instruct-2507,unknown,88266,28000,3.2
bre_Latn-ell_Grek,metricx24,unknown,359203,1200000,0.3
bre_Latn-eng_Latn,metricx24,unknown,760536,1200000,0.6
bre_Latn-epo_Latn,metricx24,unknown,161677,1200000,0.1
bre_Latn-est_Latn,metricx24,unknown,145816,1200000,0.1
bre_Latn-eus_Latn,metricx24,unknown,139563,1200000,0.1
bre_Latn-fas_Arab,qwen3-4b-instruct-2507,unknown,244765,28000,8.7
bre_Latn-fin_Latn,metricx24,unknown,330381,1200000,0.3
bre_Latn-fra_Latn,metricx24,unknown,1225813,1200000,1.0
bre_Latn-fry_Latn,qwen3-4b-instruct-2507,unknown,60189,28000,2.1
bre_Latn-fur_Latn,qwen3-4b-instruct-2507,unknown,56299,28000,2.0
bre_Latn-gle_Latn,metricx24,unknown,70505,1200000,0.1
bre_Latn-glg_Latn,metricx24,unknown,141990,1200000,0.1
bre_Latn-guj_Gujr,metricx24,unknown,53401,1200000,0.0
bre_Latn-heb_Hebr,metricx24,unknown,266393,1200000,0.2
bre_Latn-hin_Deva,metricx24,unknown,198811,1200000,0.2
bre_Latn-hrv_Latn,qwen3-4b-instruct-2507,unknown,349302,28000,12.5
bre_Latn-hun_Latn,metricx24,unknown,328739,1200000,0.3
bre_Latn-ind_Latn,metricx24,unknown,556285,1200000,0.5
bre_Latn-isl_Latn,metricx24,unknown,130879,1200000,0.1
bre_Latn-ita_Latn,metricx24,unknown,837545,1200000,0.7
bre_Latn-jav_Latn,metricx24,unknown,70693,1200000,0.1
bre_Latn-jpn_Jpan,metricx24,unknown,341100,1200000,0.3
bre_Latn-kat_Geor,metricx24,unknown,60566,1200000,0.1
bre_Latn-kaz_Cyrl,metricx24,unknown,72800,1200000,0.1
bre_Latn-kin_Latn,qwen3-4b-instruct-2507,unknown,33736,28000,1.2
bre_Latn-kor_Hang,metricx24,unknown,127953,1200000,0.1
bre_Latn-kor_Zyyy,qwen3-4b-instruct-2507,unknown,129905,28000,4.6
bre_Latn-lav_Latn,qwen3-4b-instruct-2507,unknown,70673,28000,2.5
bre_Latn-lit_Latn,metricx24,unknown,199653,1200000,0.2
bre_Latn-ltz_Latn,metricx24,unknown,62976,1200000,0.1
bre_Latn-lvs_Latn,metricx24,unknown,94575,1200000,0.1
bre_Latn-mai_Deva,qwen3-4b-instruct-2507,unknown,29204,28000,1.0
bre_Latn-mal_Mlym,metricx24,unknown,118799,1200000,0.1
bre_Latn-mar_Deva,metricx24,unknown,87934,1200000,0.1
bre_Latn-mkd_Cyrl,metricx24,unknown,176322,1200000,0.1
bre_Latn-mlg_Latn,qwen3-4b-instruct-2507,unknown,43430,28000,1.6
bre_Latn-msa_Latn,qwen3-4b-instruct-2507,unknown,180242,28000,6.4
bre_Latn-nds_Latn,qwen3-4b-instruct-2507,unknown,80853,28000,2.9
bre_Latn-nep_Deva,qwen3-4b-instruct-2507,unknown,79371,28000,2.8
bre_Latn-nld_Latn,metricx24,unknown,713264,1200000,0.6
bre_Latn-nno_Latn,metricx24,unknown,101329,1200000,0.1
bre_Latn-nob_Latn,metricx24,unknown,79030,1200000,0.1
bre_Latn-nor_Latn,qwen3-4b-instruct-2507,unknown,184468,28000,6.6
bre_Latn-oci_Latn,qwen3-4b-instruct-2507,unknown,73996,28000,2.6
bre_Latn-pan_Guru,metricx24,unknown,51235,1200000,0.0
bre_Latn-pol_Latn,metricx24,unknown,506951,1200000,0.4
bre_Latn-por_Latn,metricx24,unknown,884544,1200000,0.7
bre_Latn-ron_Latn,metricx24,unknown,356434,1200000,0.3
bre_Latn-rus_Cyrl,metricx24,unknown,731624,1200000,0.6
bre_Latn-sin_Sinh,metricx24,unknown,98248,1200000,0.1
bre_Latn-slk_Latn,metricx24,unknown,265135,1200000,0.2
bre_Latn-slv_Latn,metricx24,unknown,212814,1200000,0.2
bre_Latn-spa_Latn,metricx24,unknown,1356171,1200000,1.1
bre_Latn-sqi_Latn,qwen3-4b-instruct-2507,unknown,111931,28000,4.0
bre_Latn-srd_Latn,qwen3-4b-instruct-2507,unknown,114460,28000,4.1
bre_Latn-srp_Cyrl,metricx24,unknown,129654,1200000,0.1
bre_Latn-srp_Latn,qwen3-4b-instruct-2507,unknown,66355,28000,2.4
bre_Latn-swa_Latn,qwen3-4b-instruct-2507,unknown,87292,28000,3.1
bre_Latn-swe_Latn,metricx24,unknown,340854,1200000,0.3
bre_Latn-tam_Taml,metricx24,unknown,131687,1200000,0.1
bre_Latn-tgl_Latn,qwen3-4b-instruct-2507,unknown,184379,28000,6.6
bre_Latn-tha_Thai,metricx24,unknown,155890,1200000,0.1
bre_Latn-tur_Latn,metricx24,unknown,434484,1200000,0.4
bre_Latn-ukr_Cyrl,metricx24,unknown,292805,1200000,0.2
bre_Latn-urd_Arab,metricx24,unknown,77898,1200000,0.1
bre_Latn-uzn_Latn,metricx24,unknown,41830,1200000,0.0
bre_Latn-vie_Latn,metricx24,unknown,207254,1200000,0.2
bre_Latn-wln_Latn,qwen3-4b-instruct-2507,unknown,30024,28000,1.1
bre_Latn-xho_Latn,metricx24,unknown,86974,1200000,0.1
bre_Latn-zho_Hans,metricx24,unknown,309608,1200000,0.3
bre_Latn-zho_Hant,metricx24,unknown,187280,1200000,0.2
bug_Latn-eng_Latn,qwen3-4b-instruct-2507,0.877685,1059698,28000,37.8
bul_Cyrl-abk_Cyrl,metricx24,unknown,83029,1200000,0.1
bul_Cyrl-afr_Latn,shaomutan_remedy-9b-22,0.93037652,313185,200000,1.6
bul_Cyrl-als_Latn,metricx24,0.852356,6460862,1200000,5.4
bul_Cyrl-ast_Latn,qwen3-4b-instruct-2507,0.887471,185786,28000,6.6
bul_Cyrl-azj_Latn,qwen3-4b-instruct-2507,0.894654,87756,28000,3.1
bul_Cyrl-bak_Cyrl,shaomutan_remedy-9b-22,0.879960894,117046,200000,0.6
bul_Cyrl-bel_Cyrl,shaomutan_remedy-9b-22,0.931607032,63847,200000,0.3
bul_Cyrl-ben_Beng,metricx24,0.844367,6184666,1200000,5.2
bul_Cyrl-bos_Latn,metricx24,0.933999239,11008735,1200000,9.2
bul_Cyrl-bre_Latn,metricx24,unknown,193964,1200000,0.2
bul_Cyrl-bul_Cyrl,metricx24,unknown,136969,1200000,0.1
bul_Cyrl-cat_Latn,metricx24,0.845715,6611551,1200000,5.5
bul_Cyrl-ceb_Latn,qwen3-4b-instruct-2507,0.932275,150577,28000,5.4
bul_Cyrl-ces_Latn,metricx24,0.819828,62801721,1200000,52.3
bul_Cyrl-ckb_Arab,metricx24,0.774526692,137818,1200000,0.1
bul_Cyrl-cmn_Hani,metricx24,unknown,13626045,1200000,11.4
bul_Cyrl-crh_Latn,shaomutan_remedy-9b-22,0.793203508,79408,200000,0.4
bul_Cyrl-cym_Latn,qwen3-4b-instruct-2507,0.934017,1454761,28000,52.0
bul_Cyrl-dan_Latn,metricx24,0.875311,48619400,1200000,40.5
bul_Cyrl-deu_Latn,metricx24,0.937445,71264616,1200000,59.4
bul_Cyrl-ekk_Latn,metricx24,unknown,28992138,1200000,24.2
bul_Cyrl-ell_Grek,metricx24,0.863445,60850761,1200000,50.7
bul_Cyrl-eng_Latn,metricx24,0.857299,149442874,1200000,124.5
bul_Cyrl-epo_Latn,shaomutan_remedy-9b-22,0.935278372,2390887,200000,12.0
bul_Cyrl-est_Latn,metricx24,0.759611,6144205,1200000,5.1
bul_Cyrl-eus_Latn,metricx24,0.823409,3193298,1200000,2.7
bul_Cyrl-fao_Latn,qwen3-4b-instruct-2507,0.859955,185715,28000,6.6
bul_Cyrl-fas_Arab,metricx24,unknown,28929532,1200000,24.1
bul_Cyrl-fil_Latn,metricx24,unknown,759682,1200000,0.6
bul_Cyrl-fin_Latn,metricx24,0.813886,56544450,1200000,47.1
bul_Cyrl-fra_Latn,metricx24,0.875352,69007854,1200000,57.5
bul_Cyrl-fro_Latn,metricx24,unknown,162437,1200000,0.1
bul_Cyrl-fry_Latn,metricx24,unknown,180137,1200000,0.2
bul_Cyrl-fur_Latn,qwen3-4b-instruct-2507,0.88991,852973,28000,30.5
bul_Cyrl-gla_Latn,shaomutan_remedy-9b-22,0.809196414,59442,200000,0.3
bul_Cyrl-gle_Latn,m-prometheus-7b,0.884091588,1990405,27000,73.7
bul_Cyrl-glg_Latn,qwen3-4b-instruct-2507,0.963211,1819336,28000,65.0
bul_Cyrl-gsw_Latn,metricx24,unknown,162265,1200000,0.1
bul_Cyrl-gug_Latn,metricx24,unknown,54390,1200000,0.0
bul_Cyrl-guj_Gujr,qwen3-4b-instruct-2507,0.960209,304270,28000,10.9
bul_Cyrl-hat_Latn,shaomutan_remedy-9b-22,0.877484983,515772,200000,2.6
bul_Cyrl-hau_Latn,shaomutan_remedy-9b-22,0.798677411,358412,200000,1.8
bul_Cyrl-hbs_Latn,metricx24,unknown,1290783,1200000,1.1
bul_Cyrl-heb_Hebr,metricx24,0.86453,38151341,1200000,31.8
bul_Cyrl-hin_Deva,metricx24,0.802404,6296986,1200000,5.2
bul_Cyrl-hne_Deva,qwen3-4b-instruct-2507,0.859686,93142,28000,3.3
bul_Cyrl-hrv_Latn,metricx24,0.927356,47835860,1200000,39.9
bul_Cyrl-hun_Latn,metricx24,0.818025,60237489,1200000,50.2
bul_Cyrl-hye_Armn,shaomutan_remedy-9b-22,0.946917207,557081,200000,2.8
bul_Cyrl-ibo_Latn,shaomutan_remedy-9b-22,0.776057958,162017,200000,0.8
bul_Cyrl-ilo_Latn,metricx24,0.763369212,159346,1200000,0.1
bul_Cyrl-ina_Latn,metricx24,unknown,126954,1200000,0.1
bul_Cyrl-ind_Latn,metricx24,0.868649,34327953,1200000,28.6
bul_Cyrl-isl_Latn,shaomutan_remedy-9b-22,0.897610381,6563814,200000,32.8
bul_Cyrl-ita_Latn,metricx24,0.900542,64485642,1200000,53.7
bul_Cyrl-jav_Latn,qwen3-4b-instruct-2507,0.889338,489241,28000,17.5
bul_Cyrl-jpn_Jpan,metricx24,0.803217,12131340,1200000,10.1
bul_Cyrl-kab_Latn,qwen3-4b-instruct-2507,0.370642,237546,28000,8.5
bul_Cyrl-kan_Knda,qwen3-4b-instruct-2507,0.946804,310827,28000,11.1
bul_Cyrl-kat_Geor,shaomutan_remedy-9b-22,0.941547744,911979,200000,4.6
bul_Cyrl-kaz_Cyrl,shaomutan_remedy-9b-22,0.936091785,882837,200000,4.4
bul_Cyrl-khk_Cyrl,metricx24,0.815818539,200407,1200000,0.2
bul_Cyrl-khm_Khmr,qwen3-4b-instruct-2507,0.934739,592383,28000,21.2
bul_Cyrl-kin_Latn,shaomutan_remedy-9b-22,0.818106328,139835,200000,0.7
bul_Cyrl-kir_Cyrl,shaomutan_remedy-9b-22,0.844811649,170955,200000,0.9
bul_Cyrl-kiu_Latn,metricx24,unknown,140103,1200000,0.1
bul_Cyrl-kmr_Latn,metricx24,0.729273689,124281,1200000,0.1
bul_Cyrl-kor_Hang,metricx24,0.829536,18363732,1200000,15.3
bul_Cyrl-kor_Zyyy,metricx24,unknown,2348816,1200000,2.0
bul_Cyrl-lao_Laoo,qwen3-4b-instruct-2507,0.913912,131783,28000,4.7
bul_Cyrl-lat_Latn,metricx24,unknown,285092,1200000,0.2
bul_Cyrl-lav_Latn,metricx24,unknown,1717946,1200000,1.4
bul_Cyrl-lim_Latn,qwen3-4b-instruct-2507,0.83672,317821,28000,11.4
bul_Cyrl-lit_Latn,metricx24,0.812176,26428765,1200000,22.0
bul_Cyrl-ltz_Latn,qwen3-4b-instruct-2507,0.92119,214930,28000,7.7
bul_Cyrl-lvs_Latn,metricx24,0.757439,21054228,1200000,17.5
bul_Cyrl-lzh_Hani,metricx24,unknown,493878,1200000,0.4
bul_Cyrl-mal_Mlym,qwen3-4b-instruct-2507,0.963041,1982971,28000,70.8
bul_Cyrl-mar_Deva,qwen3-4b-instruct-2507,0.950348,866791,28000,31.0
bul_Cyrl-mhr_Cyrl,metricx24,unknown,119088,1200000,0.1
bul_Cyrl-mkd_Cyrl,shaomutan_remedy-9b-22,0.934097709,10499670,200000,52.5
bul_Cyrl-mlg_Latn,metricx24,unknown,217222,1200000,0.2
bul_Cyrl-mlt_Latn,shaomutan_remedy-9b-22,0.923959305,5855739,200000,29.3
bul_Cyrl-mon_Cyrl,metricx24,unknown,209117,1200000,0.2
bul_Cyrl-mri_Latn,shaomutan_remedy-9b-22,0.73585025,112883,200000,0.6
bul_Cyrl-msa_Latn,metricx24,unknown,4802679,1200000,4.0
bul_Cyrl-mya_Mymr,qwen3-4b-instruct-2507,0.906869,866434,28000,30.9
bul_Cyrl-nap_Latn,metricx24,unknown,85163,1200000,0.1
bul_Cyrl-nds_Latn,metricx24,unknown,201924,1200000,0.2
bul_Cyrl-nep_Deva,metricx24,unknown,407219,1200000,0.3
bul_Cyrl-nld_Latn,metricx24,0.907233,64495933,1200000,53.7
bul_Cyrl-nno_Latn,shaomutan_remedy-9b-22,0.934394904,761114,200000,3.8
bul_Cyrl-nob_Latn,metricx24,0.844555,27355005,1200000,22.8
bul_Cyrl-nor_Latn,metricx24,unknown,9281576,1200000,7.7
bul_Cyrl-npi_Deva,qwen3-4b-instruct-2507,0.934599,244915,28000,8.7
bul_Cyrl-nso_Latn,metricx24,0.647262878,32649,1200000,0.0
bul_Cyrl-nya_Latn,metricx24,0.712849337,91914,1200000,0.1
bul_Cyrl-oci_Latn,qwen3-4b-instruct-2507,0.891453,255487,28000,9.1
bul_Cyrl-pan_Guru,qwen3-4b-instruct-2507,0.955107,150211,28000,5.4
bul_Cyrl-pap_Latn,qwen3-4b-instruct-2507,0.870463,169889,28000,6.1
bul_Cyrl-pbt_Arab,shaomutan_remedy-9b-22,0.780727169,87897,200000,0.4
bul_Cyrl-plt_Latn,metricx24,0.78284956,192171,1200000,0.2
bul_Cyrl-pol_Latn,metricx24,0.80681,75232305,1200000,62.7
bul_Cyrl-por_Latn,metricx24,0.866004,69771689,1200000,58.1
bul_Cyrl-pus_Arab,metricx24,unknown,114127,1200000,0.1
bul_Cyrl-rmy_Latn,metricx24,unknown,84932,1200000,0.1
bul_Cyrl-roh_Latn,metricx24,unknown,17685,1200000,0.0
bul_Cyrl-ron_Latn,metricx24,0.8467,70906060,1200000,59.1
bul_Cyrl-rus_Cyrl,metricx24,0.879347,65987012,1200000,55.0
bul_Cyrl-scn_Latn,qwen3-4b-instruct-2507,0.860627,112249,28000,4.0
bul_Cyrl-sco_Latn,metricx24,unknown,56436,1200000,0.0
bul_Cyrl-shp_Latn,metricx24,unknown,23298,1200000,0.0
bul_Cyrl-sin_Sinh,metricx24,0.843313,2152976,1200000,1.8
bul_Cyrl-slk_Latn,metricx24,0.796902,41237991,1200000,34.4
bul_Cyrl-slv_Latn,metricx24,0.873983,40509400,1200000,33.8
bul_Cyrl-sna_Latn,metricx24,0.7087226,111577,1200000,0.1
bul_Cyrl-snd_Arab,qwen3-4b-instruct-2507,0.909512,115877,28000,4.1
bul_Cyrl-som_Latn,shaomutan_remedy-9b-22,0.766088449,243411,200000,1.2
bul_Cyrl-spa_Latn,metricx24,0.875079,78803162,1200000,65.7
bul_Cyrl-sqi_Latn,metricx24,unknown,1735828,1200000,1.4
bul_Cyrl-srd_Latn,qwen3-4b-instruct-2507,0.865655,1719726,28000,61.4
bul_Cyrl-srp_Cyrl,metricx24,0.890877,10062755,1200000,8.4
bul_Cyrl-srp_Latn,metricx24,unknown,42082894,1200000,35.1
bul_Cyrl-sun_Latn,qwen3-4b-instruct-2507,0.895391,304254,28000,10.9
bul_Cyrl-swa_Latn,metricx24,unknown,966757,1200000,0.8
bul_Cyrl-swc_Latn,metricx24,unknown,153462,1200000,0.1
bul_Cyrl-swe_Latn,metricx24,0.87401,50581703,1200000,42.2
bul_Cyrl-swh_Latn,shaomutan_remedy-9b-22,0.913323242,1094116,200000,5.5
bul_Cyrl-tam_Taml,metricx24,0.82289,2338737,1200000,1.9
bul_Cyrl-tat_Cyrl,qwen3-4b-instruct-2507,0.880194,137278,28000,4.9
bul_Cyrl-tel_Telu,qwen3-4b-instruct-2507,0.95442,1337507,28000,47.8
bul_Cyrl-tgk_Cyrl,qwen3-4b-instruct-2507,0.898845,240487,28000,8.6
bul_Cyrl-tgl_Latn,qwen3-4b-instruct-2507,0.937636,1516831,28000,54.2
bul_Cyrl-tha_Thai,metricx24,0.824807,14998827,1200000,12.5
bul_Cyrl-tur_Latn,metricx24,0.769908,51106234,1200000,42.6
bul_Cyrl-ukr_Cyrl,metricx24,0.841374,21971974,1200000,18.3
bul_Cyrl-und_Beng,metricx24,unknown,115313,1200000,0.1
bul_Cyrl-und_Geor,metricx24,unknown,51836,1200000,0.0
bul_Cyrl-und_Hira,metricx24,unknown,77478,1200000,0.1
bul_Cyrl-und_Kana,metricx24,unknown,261653,1200000,0.2
bul_Cyrl-urd_Arab,qwen3-4b-instruct-2507,0.910289,1913759,28000,68.3
bul_Cyrl-uzn_Latn,qwen3-4b-instruct-2507,0.897466,544030,28000,19.4
bul_Cyrl-vec_Latn,qwen3-4b-instruct-2507,0.904301,564044,28000,20.1
bul_Cyrl-vie_Latn,metricx24,0.858997,26323796,1200000,21.9
bul_Cyrl-wes_Latn,metricx24,unknown,51163,1200000,0.0
bul_Cyrl-wln_Latn,metricx24,unknown,45454,1200000,0.0
bul_Cyrl-wol_Latn,shaomutan_remedy-9b-22,0.400973428,70764,200000,0.4
bul_Cyrl-xho_Latn,shaomutan_remedy-9b-22,0.785557367,505742,200000,2.5
bul_Cyrl-yor_Latn,shaomutan_remedy-9b-22,0.709836178,145517,200000,0.7
bul_Cyrl-yue_Hani,metricx24,unknown,964545,1200000,0.8
bul_Cyrl-zho_Hans,metricx24,0.855474,8065903,1200000,6.7
bul_Cyrl-zho_Hant,metricx24,0.844449,5341246,1200000,4.5
bul_Cyrl-zsm_Latn,metricx24,0.843352,3608438,1200000,3.0
bul_Cyrl-zul_Latn,shaomutan_remedy-9b-22,0.814331635,130750,200000,0.7
cat_Latn-abk_Cyrl,metricx24,unknown,29036,1200000,0.0
cat_Latn-als_Latn,metricx24,0.853502,2226567,1200000,1.9
cat_Latn-arg_Latn,metricx24,unknown,211741,1200000,0.2
cat_Latn-ast_Latn,qwen3-4b-instruct-2507,0.841573,618287,28000,22.1
cat_Latn-cat_Latn,metricx24,unknown,598740,1200000,0.5
cat_Latn-ceb_Latn,qwen3-4b-instruct-2507,0.933897,102719,28000,3.7
cat_Latn-ces_Latn,metricx24,0.818055,3403282,1200000,2.8
cat_Latn-cmn_Hani,metricx24,unknown,948845,1200000,0.8
cat_Latn-cym_Latn,shaomutan_remedy-9b-22,0.896948421,975366,200000,4.9
cat_Latn-dan_Latn,metricx24,0.885915,5167984,1200000,4.3
cat_Latn-deu_Latn,metricx24,0.937519,7082995,1200000,5.9
cat_Latn-ekk_Latn,metricx24,unknown,3863860,1200000,3.2
cat_Latn-ell_Grek,metricx24,0.870386,5408850,1200000,4.5
cat_Latn-eng_Latn,metricx24,0.84764,50999416,1200000,42.5
cat_Latn-epo_Latn,shaomutan_remedy-9b-22,0.91497094,1895140,200000,9.5
cat_Latn-est_Latn,shaomutan_remedy-9b-22,0.931764398,948669,200000,4.7
cat_Latn-eus_Latn,shaomutan_remedy-9b-22,0.938050556,2314727,200000,11.6
cat_Latn-fas_Arab,metricx24,unknown,3567813,1200000,3.0
cat_Latn-fil_Latn,metricx24,unknown,437475,1200000,0.4
cat_Latn-fin_Latn,metricx24,0.822246,7191348,1200000,6.0
cat_Latn-fra_Latn,metricx24,0.867015,32736287,1200000,27.3
cat_Latn-fry_Latn,metricx24,unknown,181459,1200000,0.2
cat_Latn-fur_Latn,qwen3-4b-instruct-2507,0.859273,422639,28000,15.1
cat_Latn-gle_Latn,m-prometheus-7b,0.863384769,799210,27000,29.6
cat_Latn-glg_Latn,metricx24,0.839658,5088897,1200000,4.2
cat_Latn-gug_Latn,metricx24,unknown,75115,1200000,0.1
cat_Latn-guj_Gujr,qwen3-4b-instruct-2507,0.958402,214224,28000,7.7
cat_Latn-hat_Latn,shaomutan_remedy-9b-22,0.876996139,395664,200000,2.0
cat_Latn-hau_Latn,shaomutan_remedy-9b-22,0.830223223,241453,200000,1.2
cat_Latn-hbs_Latn,metricx24,unknown,145959,1200000,0.1
cat_Latn-heb_Hebr,metricx24,0.877942,4201634,1200000,3.5
cat_Latn-hin_Deva,metricx24,0.818652,2816776,1200000,2.3
cat_Latn-hne_Deva,qwen3-4b-instruct-2507,0.836834,100506,28000,3.6
cat_Latn-hrv_Latn,metricx24,0.925202,5097474,1200000,4.2
cat_Latn-hun_Latn,metricx24,0.826661,5397971,1200000,4.5
cat_Latn-hye_Armn,qwen3-4b-instruct-2507,0.947571,396273,28000,14.2
cat_Latn-ibo_Latn,shaomutan_remedy-9b-22,0.754496641,137124,200000,0.7
cat_Latn-ilo_Latn,metricx24,0.771084569,73662,1200000,0.1
cat_Latn-ind_Latn,metricx24,0.873148,6507295,1200000,5.4
cat_Latn-isl_Latn,shaomutan_remedy-9b-22,0.914286739,2187027,200000,10.9
cat_Latn-ita_Latn,metricx24,0.898126,17612098,1200000,14.7
cat_Latn-jav_Latn,qwen3-4b-instruct-2507,0.885226,288230,28000,10.3
cat_Latn-jpn_Jpan,metricx24,0.824021,3384725,1200000,2.8
cat_Latn-kan_Knda,qwen3-4b-instruct-2507,0.946078,203073,28000,7.3
cat_Latn-kat_Geor,shaomutan_remedy-9b-22,0.928241774,540659,200000,2.7
cat_Latn-kaz_Cyrl,shaomutan_remedy-9b-22,0.950779785,553531,200000,2.8
cat_Latn-khk_Cyrl,metricx24,0.821800785,130973,1200000,0.1
cat_Latn-khm_Khmr,qwen3-4b-instruct-2507,0.932957,310508,28000,11.1
cat_Latn-kin_Latn,shaomutan_remedy-9b-22,0.827260678,125496,200000,0.6
cat_Latn-kir_Cyrl,shaomutan_remedy-9b-22,0.909615564,143988,200000,0.7
cat_Latn-kiu_Latn,metricx24,unknown,133962,1200000,0.1
cat_Latn-kmr_Latn,metricx24,0.734214735,99073,1200000,0.1
cat_Latn-kor_Hang,qwen3-4b-instruct-2507,0.958487,1939907,28000,69.3
cat_Latn-kor_Zyyy,metricx24,unknown,823324,1200000,0.7
cat_Latn-lao_Laoo,qwen3-4b-instruct-2507,0.906834,108576,28000,3.9
cat_Latn-lat_Latn,metricx24,unknown,247361,1200000,0.2
cat_Latn-lav_Latn,metricx24,unknown,419778,1200000,0.3
cat_Latn-lim_Latn,qwen3-4b-instruct-2507,0.810876,101066,28000,3.6
cat_Latn-lit_Latn,metricx24,0.813619,4173922,1200000,3.5
cat_Latn-ltz_Latn,qwen3-4b-instruct-2507,0.903539,178718,28000,6.4
cat_Latn-lvs_Latn,metricx24,0.761454,3213665,1200000,2.7
cat_Latn-lzh_Hani,metricx24,unknown,224159,1200000,0.2
cat_Latn-mal_Mlym,qwen3-4b-instruct-2507,0.960343,810186,28000,28.9
cat_Latn-mar_Deva,qwen3-4b-instruct-2507,0.940234,643345,28000,23.0
cat_Latn-mkd_Cyrl,metricx24,0.871964,2228943,1200000,1.9
cat_Latn-mlg_Latn,metricx24,unknown,197829,1200000,0.2
cat_Latn-mlt_Latn,shaomutan_remedy-9b-22,0.933378216,384294,200000,1.9
cat_Latn-mon_Cyrl,metricx24,unknown,119642,1200000,0.1
cat_Latn-mri_Latn,shaomutan_remedy-9b-22,0.743059011,68756,200000,0.3
cat_Latn-msa_Latn,metricx24,unknown,1371697,1200000,1.1
cat_Latn-mya_Mymr,shaomutan_remedy-9b-22,0.922889953,238364,200000,1.2
cat_Latn-nds_Latn,metricx24,unknown,183208,1200000,0.2
cat_Latn-nep_Deva,metricx24,unknown,319334,1200000,0.3
cat_Latn-nld_Latn,metricx24,0.907608,5143666,1200000,4.3
cat_Latn-nno_Latn,qwen3-4b-instruct-2507,0.935764,364878,28000,13.0
cat_Latn-nob_Latn,metricx24,0.861074,3990577,1200000,3.3
cat_Latn-nor_Latn,metricx24,unknown,1852445,1200000,1.5
cat_Latn-npi_Deva,qwen3-4b-instruct-2507,0.933668,160444,28000,5.7
cat_Latn-nya_Latn,shaomutan_remedy-9b-22,0.760756749,78578,200000,0.4
cat_Latn-oci_Latn,shaomutan_remedy-9b-22,0.902203933,425096,200000,2.1
cat_Latn-pan_Guru,qwen3-4b-instruct-2507,0.953146,135270,28000,4.8
cat_Latn-pap_Latn,qwen3-4b-instruct-2507,0.82003,127046,28000,4.5
cat_Latn-pbt_Arab,shaomutan_remedy-9b-22,0.807059343,75040,200000,0.4
cat_Latn-plt_Latn,metricx24,0.794337565,149295,1200000,0.1
cat_Latn-pol_Latn,metricx24,0.810078,4582857,1200000,3.8
cat_Latn-por_Latn,metricx24,0.847837,19150118,1200000,16.0
cat_Latn-pus_Arab,metricx24,unknown,90964,1200000,0.1
cat_Latn-ron_Latn,metricx24,0.83435,9454048,1200000,7.9
cat_Latn-rus_Cyrl,metricx24,0.882866,6279786,1200000,5.2
cat_Latn-sco_Latn,metricx24,unknown,54061,1200000,0.0
cat_Latn-sin_Sinh,shaomutan_remedy-9b-22,0.925304326,723125,200000,3.6
cat_Latn-slk_Latn,metricx24,0.805042,5383362,1200000,4.5
cat_Latn-slv_Latn,metricx24,0.876871,4462307,1200000,3.7
cat_Latn-sna_Latn,shaomutan_remedy-9b-22,0.769233609,56027,200000,0.3
cat_Latn-snd_Arab,qwen3-4b-instruct-2507,0.916814,76870,28000,2.7
cat_Latn-som_Latn,shaomutan_remedy-9b-22,0.78786364,145636,200000,0.7
cat_Latn-spa_Latn,metricx24,0.862443,139939173,1200000,116.6
cat_Latn-sqi_Latn,metricx24,unknown,861479,1200000,0.7
cat_Latn-srd_Latn,qwen3-4b-instruct-2507,0.805097,867719,28000,31.0
cat_Latn-srp_Cyrl,metricx24,0.895044,2749817,1200000,2.3
cat_Latn-srp_Latn,metricx24,unknown,1890002,1200000,1.6
cat_Latn-sun_Latn,qwen3-4b-instruct-2507,0.882394,255567,28000,9.1
cat_Latn-swa_Latn,metricx24,unknown,685558,1200000,0.6
cat_Latn-swc_Latn,metricx24,unknown,104454,1200000,0.1
cat_Latn-swe_Latn,metricx24,0.875736,3331541,1200000,2.8
cat_Latn-swh_Latn,shaomutan_remedy-9b-22,0.91882532,785900,200000,3.9
cat_Latn-tam_Taml,qwen3-4b-instruct-2507,0.960811,1214181,28000,43.4
cat_Latn-tel_Telu,qwen3-4b-instruct-2507,0.950657,582180,28000,20.8
cat_Latn-tgk_Cyrl,qwen3-4b-instruct-2507,0.894306,212697,28000,7.6
cat_Latn-tgl_Latn,qwen3-4b-instruct-2507,0.942016,1064532,28000,38.0
cat_Latn-tha_Thai,metricx24,0.838797,2172496,1200000,1.8
cat_Latn-tur_Latn,metricx24,0.772422,4650214,1200000,3.9
cat_Latn-ukr_Cyrl,metricx24,0.851693,4972298,1200000,4.1
cat_Latn-und_Kana,metricx24,unknown,201441,1200000,0.2
cat_Latn-urd_Arab,shaomutan_remedy-9b-22,0.912607138,938899,200000,4.7
cat_Latn-uzn_Latn,qwen3-4b-instruct-2507,0.872021,301200,28000,10.8
cat_Latn-vec_Latn,qwen3-4b-instruct-2507,0.868208,377784,28000,13.5
cat_Latn-vie_Latn,metricx24,0.867781,3401752,1200000,2.8
cat_Latn-wln_Latn,metricx24,unknown,54876,1200000,0.0
cat_Latn-xho_Latn,shaomutan_remedy-9b-22,0.848369878,415444,200000,2.1
cat_Latn-yor_Latn,shaomutan_remedy-9b-22,0.705649063,129651,200000,0.6
cat_Latn-yue_Hani,metricx24,unknown,362826,1200000,0.3
cat_Latn-zho_Hans,qwen3-4b-instruct-2507,0.982549,1987537,28000,71.0
cat_Latn-zho_Hant,qwen3-4b-instruct-2507,0.981633,998356,28000,35.7
cat_Latn-zsm_Latn,qwen3-4b-instruct-2507,0.914833,1082601,28000,38.7
cat_Latn-zul_Latn,shaomutan_remedy-9b-22,0.818859509,85898,200000,0.4
cbk_Latn-fra_Latn,metricx24,unknown,181871,1200000,0.2
cbk_Latn-ita_Latn,metricx24,unknown,105910,1200000,0.1
cbk_Latn-nld_Latn,metricx24,unknown,58835,1200000,0.0
cbk_Latn-pol_Latn,metricx24,unknown,65193,1200000,0.1
cbk_Latn-por_Latn,metricx24,unknown,318348,1200000,0.3
cbk_Latn-ron_Latn,metricx24,unknown,58357,1200000,0.0
ceb_Latn-ceb_Latn,metricx24,unknown,21614,1200000,0.0
ceb_Latn-ces_Latn,qwen3-4b-instruct-2507,0.916506,184785,28000,6.6
ceb_Latn-dan_Latn,shaomutan_remedy-9b-22,0.94027754,205774,200000,1.0
ceb_Latn-deu_Latn,shaomutan_remedy-9b-22,0.946628082,656303,200000,3.3
ceb_Latn-ekk_Latn,metricx24,unknown,79846,1200000,0.1
ceb_Latn-ell_Grek,shaomutan_remedy-9b-22,0.947826719,199229,200000,1.0
ceb_Latn-eng_Latn,metricx24,0.854907,13723264,1200000,11.4
ceb_Latn-epo_Latn,shaomutan_remedy-9b-22,0.912421323,130817,200000,0.7
ceb_Latn-est_Latn,shaomutan_remedy-9b-22,0.896429393,110763,200000,0.6
ceb_Latn-eus_Latn,shaomutan_remedy-9b-22,0.909673221,79789,200000,0.4
ceb_Latn-fas_Arab,metricx24,unknown,189296,1200000,0.2
ceb_Latn-fij_Latn,metricx24,0.584638209,283141,1200000,0.2
ceb_Latn-fil_Latn,metricx24,unknown,68077,1200000,0.1
ceb_Latn-fin_Latn,shaomutan_remedy-9b-22,0.926954568,227936,200000,1.1
ceb_Latn-fra_Latn,qwen3-4b-instruct-2507,0.948561,378038,28000,13.5
ceb_Latn-glg_Latn,qwen3-4b-instruct-2507,0.933136,93973,28000,3.4
ceb_Latn-hat_Latn,shaomutan_remedy-9b-22,0.851753406,65200,200000,0.3
ceb_Latn-hau_Latn,shaomutan_remedy-9b-22,0.787379652,41857,200000,0.2
ceb_Latn-heb_Hebr,qwen3-4b-instruct-2507,0.936083,219892,28000,7.9
ceb_Latn-hin_Deva,shaomutan_remedy-9b-22,0.906559584,210110,200000,1.1
ceb_Latn-hrv_Latn,shaomutan_remedy-9b-22,0.93910956,235756,200000,1.2
ceb_Latn-hun_Latn,shaomutan_remedy-9b-22,0.934218539,239051,200000,1.2
ceb_Latn-ilo_Latn,metricx24,0.761390453,499934,1200000,0.4
ceb_Latn-ind_Latn,shaomutan_remedy-9b-22,0.939800916,466785,200000,2.3
ceb_Latn-isl_Latn,shaomutan_remedy-9b-22,0.895248998,139606,200000,0.7
ceb_Latn-ita_Latn,shaomutan_remedy-9b-22,0.949351173,299283,200000,1.5
ceb_Latn-jav_Latn,m-prometheus-7b,0.813011448,950584,27000,35.2
ceb_Latn-jpn_Jpan,qwen3-4b-instruct-2507,0.919647,445469,28000,15.9
ceb_Latn-kat_Geor,shaomutan_remedy-9b-22,0.940464833,57998,200000,0.3
ceb_Latn-kor_Hang,shaomutan_remedy-9b-22,0.944856397,123343,200000,0.6
ceb_Latn-kor_Zyyy,metricx24,unknown,87120,1200000,0.1
ceb_Latn-lat_Latn,metricx24,unknown,68170,1200000,0.1
ceb_Latn-lit_Latn,shaomutan_remedy-9b-22,0.915120609,177184,200000,0.9
ceb_Latn-lvs_Latn,shaomutan_remedy-9b-22,0.9151815,88889,200000,0.4
ceb_Latn-mal_Mlym,shaomutan_remedy-9b-22,0.925818385,163729,200000,0.8
ceb_Latn-mar_Deva,shaomutan_remedy-9b-22,0.919362994,131034,200000,0.7
ceb_Latn-mkd_Cyrl,qwen3-4b-instruct-2507,0.937108,154315,28000,5.5
ceb_Latn-mlg_Latn,metricx24,unknown,218383,1200000,0.2
ceb_Latn-mri_Latn,shaomutan_remedy-9b-22,0.818298482,540673,200000,2.7
ceb_Latn-msa_Latn,metricx24,unknown,100212,1200000,0.1
ceb_Latn-nld_Latn,shaomutan_remedy-9b-22,0.934913552,297324,200000,1.5
ceb_Latn-nob_Latn,shaomutan_remedy-9b-22,0.927238432,75270,200000,0.4
ceb_Latn-nor_Latn,metricx24,unknown,124322,1200000,0.1
ceb_Latn-pag_Latn,metricx24,0.577453237,210363,1200000,0.2
ceb_Latn-plt_Latn,metricx24,0.75422692,933662,1200000,0.8
ceb_Latn-pol_Latn,shaomutan_remedy-9b-22,0.941813628,208084,200000,1.0
ceb_Latn-por_Latn,shaomutan_remedy-9b-22,0.93447754,204310,200000,1.0
ceb_Latn-ron_Latn,shaomutan_remedy-9b-22,0.923911232,187940,200000,0.9
ceb_Latn-rus_Cyrl,qwen3-4b-instruct-2507,0.908104,278283,28000,9.9
ceb_Latn-sin_Sinh,shaomutan_remedy-9b-22,0.91463897,70326,200000,0.4
ceb_Latn-slk_Latn,shaomutan_remedy-9b-22,0.923701449,168132,200000,0.8
ceb_Latn-slv_Latn,shaomutan_remedy-9b-22,0.930446499,114774,200000,0.6
ceb_Latn-smo_Latn,shaomutan_remedy-9b-22,0.734033384,617677,200000,3.1
ceb_Latn-spa_Latn,shaomutan_remedy-9b-22,0.936187573,399249,200000,2.0
ceb_Latn-sqi_Latn,metricx24,unknown,82742,1200000,0.1
ceb_Latn-srd_Latn,metricx24,0.781720287,47428,1200000,0.0
ceb_Latn-srp_Cyrl,shaomutan_remedy-9b-22,0.926879347,115409,200000,0.6
ceb_Latn-sun_Latn,shaomutan_remedy-9b-22,0.803454599,625998,200000,3.1
ceb_Latn-swa_Latn,metricx24,unknown,60616,1200000,0.1
ceb_Latn-swe_Latn,shaomutan_remedy-9b-22,0.930182985,224871,200000,1.1
ceb_Latn-tam_Taml,qwen3-4b-instruct-2507,0.918895,66142,28000,2.4
ceb_Latn-tgl_Latn,shaomutan_remedy-9b-22,0.924995716,76872,200000,0.4
ceb_Latn-tha_Thai,shaomutan_remedy-9b-22,0.938115528,111412,200000,0.6
ceb_Latn-tur_Latn,shaomutan_remedy-9b-22,0.941950551,206817,200000,1.0
ceb_Latn-ukr_Cyrl,qwen3-4b-instruct-2507,0.924077,195468,28000,7.0
ceb_Latn-urd_Arab,shaomutan_remedy-9b-22,0.892813086,79317,200000,0.4
ceb_Latn-vie_Latn,shaomutan_remedy-9b-22,0.934981223,105407,200000,0.5
ceb_Latn-war_Latn,qwen3-4b-instruct-2507,0.837352,568901,28000,20.3
ceb_Latn-xho_Latn,shaomutan_remedy-9b-22,0.799516495,60785,200000,0.3
ceb_Latn-zho_Hans,qwen3-4b-instruct-2507,0.94999,135234,28000,4.8
ces_Latn-abk_Cyrl,metricx24,unknown,106897,1200000,0.1
ces_Latn-afr_Latn,shaomutan_remedy-9b-22,0.894375225,417321,200000,2.1
ces_Latn-als_Latn,metricx24,0.842073,5258764,1200000,4.4
ces_Latn-arg_Latn,metricx24,unknown,85365,1200000,0.1
ces_Latn-ast_Latn,qwen3-4b-instruct-2507,0.879995,327760,28000,11.7
ces_Latn-ayr_Latn,qwen3-4b-instruct-2507,0.274291,56443,28000,2.0
ces_Latn-azj_Latn,qwen3-4b-instruct-2507,0.867855,89146,28000,3.2
ces_Latn-bak_Cyrl,shaomutan_remedy-9b-22,0.870352761,162286,200000,0.8
ces_Latn-bar_Latn,metricx24,unknown,72556,1200000,0.1
ces_Latn-bel_Cyrl,shaomutan_remedy-9b-22,0.946468152,68082,200000,0.3
ces_Latn-bre_Latn,metricx24,unknown,47435,1200000,0.0
ces_Latn-cat_Latn,qwen3-4b-instruct-2507,0.960727,288406,28000,10.3
ces_Latn-ces_Latn,metricx24,unknown,898843,1200000,0.7
ces_Latn-ckb_Arab,metricx24,0.776805653,159091,1200000,0.1
ces_Latn-cmn_Hani,metricx24,unknown,17250559,1200000,14.4
ces_Latn-crh_Latn,m-prometheus-7b,0.795599801,98174,27000,3.6
ces_Latn-cym_Latn,qwen3-4b-instruct-2507,0.893151,981802,28000,35.1
ces_Latn-dan_Latn,metricx24,0.861384,62823331,1200000,52.4
ces_Latn-deu_Latn,metricx24,0.923334,110035342,1200000,91.7
ces_Latn-ekk_Latn,metricx24,unknown,31997846,1200000,26.7
ces_Latn-ell_Grek,metricx24,0.850886,71812397,1200000,59.8
ces_Latn-eng_Latn,metricx24,0.826893,235141227,1200000,196.0
ces_Latn-epo_Latn,metricx24,0.839069,2770206,1200000,2.3
ces_Latn-est_Latn,metricx24,0.759898,7088727,1200000,5.9
ces_Latn-eus_Latn,metricx24,0.816701,2270336,1200000,1.9
ces_Latn-fao_Latn,qwen3-4b-instruct-2507,0.86659,95093,28000,3.4
ces_Latn-fas_Arab,metricx24,unknown,34933295,1200000,29.1
ces_Latn-fil_Latn,metricx24,unknown,1069022,1200000,0.9
ces_Latn-fin_Latn,metricx24,0.812422,68093881,1200000,56.7
ces_Latn-fra_Latn,metricx24,0.852194,111212650,1200000,92.7
ces_Latn-fro_Latn,metricx24,unknown,210835,1200000,0.2
ces_Latn-fry_Latn,metricx24,unknown,228776,1200000,0.2
ces_Latn-fur_Latn,qwen3-4b-instruct-2507,0.881887,1066166,28000,38.1
ces_Latn-gla_Latn,shaomutan_remedy-9b-22,0.799457426,74834,200000,0.4
ces_Latn-gle_Latn,m-prometheus-7b,0.887461424,1490512,27000,55.2
ces_Latn-glg_Latn,qwen3-4b-instruct-2507,0.961453,1468318,28000,52.4
ces_Latn-grc_Grek,metricx24,unknown,57680,1200000,0.0
ces_Latn-gsw_Latn,metricx24,unknown,227353,1200000,0.2
ces_Latn-gug_Latn,metricx24,unknown,88012,1200000,0.1
ces_Latn-guj_Gujr,qwen3-4b-instruct-2507,0.951294,122850,28000,4.4
ces_Latn-hat_Latn,shaomutan_remedy-9b-22,0.832545248,414753,200000,2.1
ces_Latn-hau_Latn,metricx24,0.785850121,381106,1200000,0.3
ces_Latn-hbs_Latn,metricx24,unknown,1267419,1200000,1.1
ces_Latn-heb_Hebr,metricx24,0.846808,43641968,1200000,36.4
ces_Latn-hin_Deva,metricx24,0.79664,6205342,1200000,5.2
ces_Latn-hne_Deva,qwen3-4b-instruct-2507,0.847641,102218,28000,3.7
ces_Latn-hrv_Latn,metricx24,0.90609075,49418149,1200000,41.2
ces_Latn-hun_Latn,metricx24,0.80921,81261676,1200000,67.7
ces_Latn-hye_Armn,shaomutan_remedy-9b-22,0.944274139,516520,200000,2.6
ces_Latn-ibo_Latn,shaomutan_remedy-9b-22,0.711868143,168971,200000,0.8
ces_Latn-ilo_Latn,metricx24,0.735717543,184842,1200000,0.2
ces_Latn-ina_Latn,metricx24,unknown,133461,1200000,0.1
ces_Latn-ind_Latn,metricx24,0.845978,42367353,1200000,35.3
ces_Latn-isl_Latn,metricx24,0.778587,7149181,1200000,6.0
ces_Latn-ita_Latn,metricx24,0.880032,82068219,1200000,68.4
ces_Latn-jam_Latn,metricx24,unknown,98115,1200000,0.1
ces_Latn-jav_Latn,qwen3-4b-instruct-2507,0.879846,563252,28000,20.1
ces_Latn-jpn_Jpan,metricx24,0.808913,19059876,1200000,15.9
ces_Latn-kab_Latn,qwen3-4b-instruct-2507,0.352419,270745,28000,9.7
ces_Latn-kan_Knda,qwen3-4b-instruct-2507,0.931916,161732,28000,5.8
ces_Latn-kat_Geor,shaomutan_remedy-9b-22,0.93960807,886542,200000,4.4
ces_Latn-kaz_Cyrl,shaomutan_remedy-9b-22,0.934954439,456337,200000,2.3
ces_Latn-khk_Cyrl,metricx24,0.815933155,185309,1200000,0.2
ces_Latn-khm_Khmr,qwen3-4b-instruct-2507,0.919841,640763,28000,22.9
ces_Latn-kin_Latn,shaomutan_remedy-9b-22,0.778208759,169225,200000,0.8
ces_Latn-kir_Cyrl,shaomutan_remedy-9b-22,0.865926823,148130,200000,0.7
ces_Latn-kiu_Latn,metricx24,unknown,281200,1200000,0.2
ces_Latn-kmr_Latn,metricx24,0.724340905,129151,1200000,0.1
ces_Latn-kor_Hang,metricx24,0.828545,25022093,1200000,20.9
ces_Latn-kor_Zyyy,metricx24,unknown,3971600,1200000,3.3
ces_Latn-lao_Laoo,qwen3-4b-instruct-2507,0.902977,124581,28000,4.4
ces_Latn-lat_Latn,metricx24,unknown,343662,1200000,0.3
ces_Latn-lav_Latn,metricx24,unknown,1985770,1200000,1.7
ces_Latn-lim_Latn,qwen3-4b-instruct-2507,0.827954,527475,28000,18.8
ces_Latn-lit_Latn,metricx24,0.793196,27828062,1200000,23.2
ces_Latn-ltz_Latn,qwen3-4b-instruct-2507,0.910229,301317,28000,10.8
ces_Latn-lug_Latn,metricx24,0.445925112,38253,1200000,0.0
ces_Latn-lvs_Latn,metricx24,0.747146,22114002,1200000,18.4
ces_Latn-lzh_Hani,metricx24,unknown,672426,1200000,0.6
ces_Latn-mal_Mlym,metricx24,0.809633,2077666,1200000,1.7
ces_Latn-mar_Deva,qwen3-4b-instruct-2507,0.939876,752842,28000,26.9
ces_Latn-mhr_Cyrl,metricx24,unknown,158696,1200000,0.1
ces_Latn-mkd_Cyrl,metricx24,0.863084,8131566,1200000,6.8
ces_Latn-mlg_Latn,metricx24,unknown,224441,1200000,0.2
ces_Latn-mlt_Latn,metricx24,0.789868,5085019,1200000,4.2
ces_Latn-mon_Cyrl,metricx24,unknown,187148,1200000,0.2
ces_Latn-mri_Latn,shaomutan_remedy-9b-22,0.7114065,110204,200000,0.6
ces_Latn-msa_Latn,metricx24,unknown,5265095,1200000,4.4
ces_Latn-mya_Mymr,qwen3-4b-instruct-2507,0.901852,872475,28000,31.2
ces_Latn-nap_Latn,metricx24,unknown,98170,1200000,0.1
ces_Latn-nds_Latn,metricx24,unknown,237589,1200000,0.2
ces_Latn-nep_Deva,metricx24,unknown,367678,1200000,0.3
ces_Latn-nld_Latn,metricx24,0.890639,99150216,1200000,82.6
ces_Latn-nno_Latn,qwen3-4b-instruct-2507,0.937865,1131089,28000,40.4
ces_Latn-nob_Latn,metricx24,0.84055,33501730,1200000,27.9
ces_Latn-nor_Latn,metricx24,unknown,13136072,1200000,10.9
ces_Latn-npi_Deva,qwen3-4b-instruct-2507,0.930338,205220,28000,7.3
ces_Latn-nso_Latn,metricx24,0.619262796,38524,1200000,0.0
ces_Latn-nya_Latn,metricx24,0.697302209,85834,1200000,0.1
ces_Latn-oci_Latn,qwen3-4b-instruct-2507,0.89555,302627,28000,10.8
ces_Latn-pan_Guru,qwen3-4b-instruct-2507,0.95434,144411,28000,5.2
ces_Latn-pap_Latn,qwen3-4b-instruct-2507,0.834505,246095,28000,8.8
ces_Latn-pbt_Arab,shaomutan_remedy-9b-22,0.776459882,83978,200000,0.4
ces_Latn-plt_Latn,metricx24,0.764536294,195373,1200000,0.2
ces_Latn-pol_Latn,metricx24,0.795198,127776159,1200000,106.5
ces_Latn-por_Latn,metricx24,0.836964,107593352,1200000,89.7
ces_Latn-pus_Arab,metricx24,unknown,103431,1200000,0.1
ces_Latn-rmy_Latn,metricx24,unknown,97624,1200000,0.1
ces_Latn-roh_Latn,metricx24,unknown,20437,1200000,0.0
ces_Latn-ron_Latn,metricx24,0.8378,80306549,1200000,66.9
ces_Latn-rus_Cyrl,metricx24,0.861133,71676095,1200000,59.7
ces_Latn-scn_Latn,qwen3-4b-instruct-2507,0.853713,191943,28000,6.9
ces_Latn-sco_Latn,metricx24,unknown,146212,1200000,0.1
ces_Latn-shp_Latn,metricx24,unknown,28134,1200000,0.0
ces_Latn-sin_Sinh,metricx24,0.846241,2241335,1200000,1.9
ces_Latn-slk_Latn,xcomet-xl,0.947465335,71168018,400000,177.9
ces_Latn-slv_Latn,metricx24,0.855553,41486368,1200000,34.6
ces_Latn-sna_Latn,metricx24,0.687181235,112653,1200000,0.1
ces_Latn-snd_Arab,qwen3-4b-instruct-2507,0.912802,132254,28000,4.7
ces_Latn-som_Latn,shaomutan_remedy-9b-22,0.750387895,261943,200000,1.3
ces_Latn-spa_Latn,metricx24,0.847997,124535371,1200000,103.8
ces_Latn-sqi_Latn,metricx24,unknown,1791249,1200000,1.5
ces_Latn-srd_Latn,metricx24,0.775001,2192379,1200000,1.8
ces_Latn-srp_Cyrl,metricx24,0.893978,7882962,1200000,6.6
ces_Latn-srp_Latn,metricx24,unknown,40047401,1200000,33.4
ces_Latn-sun_Latn,qwen3-4b-instruct-2507,0.870921,313293,28000,11.2
ces_Latn-swa_Latn,metricx24,unknown,972743,1200000,0.8
ces_Latn-swc_Latn,metricx24,unknown,140833,1200000,0.1
ces_Latn-swe_Latn,metricx24,0.854825,81302961,1200000,67.8
ces_Latn-swh_Latn,qwen3-4b-instruct-2507,0.852494,809069,28000,28.9
ces_Latn-szl_Latn,qwen3-4b-instruct-2507,0.749691,82808,28000,3.0
ces_Latn-tam_Taml,metricx24,0.821711,2473119,1200000,2.1
ces_Latn-tat_Cyrl,qwen3-4b-instruct-2507,0.868128,156196,28000,5.6
ces_Latn-tel_Telu,qwen3-4b-instruct-2507,0.95117,1365917,28000,48.8
ces_Latn-tgk_Cyrl,qwen3-4b-instruct-2507,0.899652,223586,28000,8.0
ces_Latn-tgl_Latn,qwen3-4b-instruct-2507,0.937825,1752172,28000,62.6
ces_Latn-tha_Thai,metricx24,0.813984,17488437,1200000,14.6
ces_Latn-tur_Latn,metricx24,0.745757,64603290,1200000,53.8
ces_Latn-ukr_Cyrl,metricx24,0.841115,16883149,1200000,14.1
ces_Latn-und_Geor,metricx24,unknown,54260,1200000,0.0
ces_Latn-und_Hira,metricx24,unknown,94260,1200000,0.1
ces_Latn-und_Kana,metricx24,unknown,352799,1200000,0.3
ces_Latn-urd_Arab,qwen3-4b-instruct-2507,0.912748,1737878,28000,62.1
ces_Latn-uzn_Latn,qwen3-4b-instruct-2507,0.882344,263228,28000,9.4
ces_Latn-vec_Latn,qwen3-4b-instruct-2507,0.902992,844104,28000,30.1
ces_Latn-vie_Latn,metricx24,0.839513,33429251,1200000,27.9
ces_Latn-wes_Latn,metricx24,unknown,73965,1200000,0.1
ces_Latn-wln_Latn,metricx24,unknown,45871,1200000,0.0
ces_Latn-wol_Latn,shaomutan_remedy-9b-22,0.507848686,131445,200000,0.7
ces_Latn-wuu_Hani,metricx24,unknown,64776,1200000,0.1
ces_Latn-xav_Latn,metricx24,unknown,70166,1200000,0.1
ces_Latn-xho_Latn,shaomutan_remedy-9b-22,0.734841712,458194,200000,2.3
ces_Latn-yor_Latn,shaomutan_remedy-9b-22,0.644206901,138405,200000,0.7
ces_Latn-yue_Hani,metricx24,unknown,1151033,1200000,1.0
ces_Latn-zho_Hans,metricx24,0.84612,11459578,1200000,9.5
ces_Latn-zho_Hant,metricx24,0.833438,7000968,1200000,5.8
ces_Latn-zho_Zyyy,metricx24,unknown,106270,1200000,0.1
ces_Latn-zsm_Latn,metricx24,0.820264,3354712,1200000,2.8
ces_Latn-zul_Latn,shaomutan_remedy-9b-22,0.782797323,136156,200000,0.7
chv_Cyrl-eng_Latn,metricx24,unknown,202801,1200000,0.2
chv_Cyrl-rus_Cyrl,metricx24,unknown,978982,1200000,0.8
cjk_Latn-fra_Latn,shaomutan_remedy-9b-22,0.775851638,152521,200000,0.8
cjk_Latn-por_Latn,qwen3-4b-instruct-2507,0.759602,246062,28000,8.8
ckb_Arab-cmn_Hani,metricx24,unknown,153127,1200000,0.1
ckb_Arab-eng_Latn,metricx24,0.799081,9100280,1200000,7.6
ckb_Arab-fas_Arab,metricx24,unknown,145695,1200000,0.1
ckb_Arab-kmr_Latn,metricx24,0.711243005,117662,1200000,0.1
ckb_Arab-nld_Latn,shaomutan_remedy-9b-22,0.890222993,201576,200000,1.0
ckb_Arab-pbt_Arab,metricx24,0.66805033,236715,1200000,0.2
ckb_Arab-pol_Latn,shaomutan_remedy-9b-22,0.892139455,200689,200000,1.0
ckb_Arab-por_Latn,qwen3-4b-instruct-2507,0.867153,258305,28000,9.2
ckb_Arab-ron_Latn,shaomutan_remedy-9b-22,0.914102896,198112,200000,1.0
ckb_Arab-rus_Cyrl,shaomutan_remedy-9b-22,0.898855513,254990,200000,1.3
ckb_Arab-spa_Latn,shaomutan_remedy-9b-22,0.871375898,97660,200000,0.5
ckb_Arab-swe_Latn,shaomutan_remedy-9b-22,0.895053268,138791,200000,0.7
ckb_Arab-tgk_Cyrl,shaomutan_remedy-9b-22,0.840801247,265814,200000,1.3
ckb_Arab-tha_Thai,shaomutan_remedy-9b-22,0.87580168,146712,200000,0.7
ckb_Arab-tur_Latn,shaomutan_remedy-9b-22,0.897587509,249199,200000,1.2
ckb_Arab-ukr_Cyrl,shaomutan_remedy-9b-22,0.895001605,110195,200000,0.6
ckb_Arab-vie_Latn,shaomutan_remedy-9b-22,0.84878125,203725,200000,1.0
cmn_Hani-cmn_Hani,qwen3-4b-instruct-2507,unknown,5961169,28000,212.9
cmn_Hani-eng_Latn,metricx24,unknown,170177,1200000,0.1
cmn_Hani-fra_Latn,metricx24,unknown,24304,1200000,0.0
cmn_Hani-jpn_Jpan,metricx24,unknown,71614,1200000,0.1
cmn_Hani-nld_Latn,metricx24,unknown,74612,1200000,0.1
cmn_Hani-pol_Latn,metricx24,unknown,72915,1200000,0.1
cmn_Hani-por_Latn,metricx24,unknown,99429,1200000,0.1
cmn_Hani-rus_Cyrl,metricx24,unknown,121987,1200000,0.1
cmn_Hani-tur_Latn,metricx24,unknown,64756,1200000,0.1
cmn_Hani-yue_Hani,qwen3-4b-instruct-2507,unknown,122734,28000,4.4
cmn_Hani-zho_Hans,metricx24,unknown,424159,1200000,0.4
cmn_Hani-zho_Hant,metricx24,unknown,2378242,1200000,2.0
crh_Cyrl-eng_Latn,metricx24,unknown,381777,1200000,0.3
crh_Cyrl-rus_Cyrl,metricx24,unknown,109628,1200000,0.1
crh_Latn-eng_Latn,qwen3-4b-instruct-2507,0.941279,1386714,28000,49.5
crh_Latn-rus_Cyrl,shaomutan_remedy-9b-22,0.940978461,539359,200000,2.7
crh_Latn-tat_Cyrl,m-prometheus-7b,0.912105525,417419,27000,15.5
crh_Latn-vie_Latn,shaomutan_remedy-9b-22,0.902486334,65810,200000,0.3
cto_Latn-fra_Latn,metricx24,unknown,56676,1200000,0.0
cym_Latn-als_Latn,qwen3-4b-instruct-2507,0.824903,499967,28000,17.9
cym_Latn-cmn_Hani,metricx24,unknown,129939,1200000,0.1
cym_Latn-cym_Latn,metricx24,unknown,33242,1200000,0.0
cym_Latn-dan_Latn,shaomutan_remedy-9b-22,0.936942971,1003660,200000,5.0
cym_Latn-deu_Latn,metricx24,0.919823,2504006,1200000,2.1
cym_Latn-ekk_Latn,metricx24,unknown,579817,1200000,0.5
cym_Latn-ell_Grek,shaomutan_remedy-9b-22,0.921671129,995593,200000,5.0
cym_Latn-eng_Latn,metricx24,0.827874,23824525,1200000,19.9
cym_Latn-epo_Latn,shaomutan_remedy-9b-22,0.90901972,367341,200000,1.8
cym_Latn-est_Latn,shaomutan_remedy-9b-22,0.91675793,226111,200000,1.1
cym_Latn-eus_Latn,shaomutan_remedy-9b-22,0.90369227,318334,200000,1.6
cym_Latn-fas_Arab,metricx24,unknown,752642,1200000,0.6
cym_Latn-fil_Latn,metricx24,unknown,82618,1200000,0.1
cym_Latn-fin_Latn,shaomutan_remedy-9b-22,0.941249492,1491990,200000,7.5
cym_Latn-fra_Latn,metricx24,0.84548,2844683,1200000,2.4
cym_Latn-fry_Latn,metricx24,unknown,59166,1200000,0.0
cym_Latn-fur_Latn,qwen3-4b-instruct-2507,0.615968,89487,28000,3.2
cym_Latn-gle_Latn,shaomutan_remedy-9b-22,0.846587022,532253,200000,2.7
cym_Latn-glg_Latn,qwen3-4b-instruct-2507,0.891772,544871,28000,19.5
cym_Latn-guj_Gujr,shaomutan_remedy-9b-22,0.927513183,193858,200000,1.0
cym_Latn-hat_Latn,shaomutan_remedy-9b-22,0.837736818,212793,200000,1.1
cym_Latn-hau_Latn,shaomutan_remedy-9b-22,0.758307299,93766,200000,0.5
cym_Latn-heb_Hebr,shaomutan_remedy-9b-22,0.946405201,860251,200000,4.3
cym_Latn-hin_Deva,shaomutan_remedy-9b-22,0.91164766,631893,200000,3.2
cym_Latn-hne_Deva,metricx24,0.674666336,61633,1200000,0.1
cym_Latn-hrv_Latn,shaomutan_remedy-9b-22,0.919813864,1526700,200000,7.6
cym_Latn-hun_Latn,shaomutan_remedy-9b-22,0.935611299,1279663,200000,6.4
cym_Latn-hye_Armn,shaomutan_remedy-9b-22,0.928129506,177772,200000,0.9
cym_Latn-ibo_Latn,shaomutan_remedy-9b-22,0.759328323,74784,200000,0.4
cym_Latn-ind_Latn,shaomutan_remedy-9b-22,0.944720196,1713779,200000,8.6
cym_Latn-isl_Latn,shaomutan_remedy-9b-22,0.915945227,627701,200000,3.1
cym_Latn-ita_Latn,shaomutan_remedy-9b-22,0.937282912,2068958,200000,10.3
cym_Latn-jav_Latn,shaomutan_remedy-9b-22,0.811429562,120512,200000,0.6
cym_Latn-jpn_Jpan,shaomutan_remedy-9b-22,0.951204296,967687,200000,4.8
cym_Latn-kan_Knda,shaomutan_remedy-9b-22,0.915625901,154464,200000,0.8
cym_Latn-kat_Geor,shaomutan_remedy-9b-22,0.9442688,226268,200000,1.1
cym_Latn-kaz_Cyrl,shaomutan_remedy-9b-22,0.934826929,289395,200000,1.4
cym_Latn-khk_Cyrl,metricx24,0.787079425,72680,1200000,0.1
cym_Latn-khm_Khmr,shaomutan_remedy-9b-22,0.91991491,143519,200000,0.7
cym_Latn-kin_Latn,shaomutan_remedy-9b-22,0.794521957,51679,200000,0.3
cym_Latn-kir_Cyrl,shaomutan_remedy-9b-22,0.878031872,83399,200000,0.4
cym_Latn-kmr_Latn,metricx24,0.667762549,48701,1200000,0.0
cym_Latn-kor_Hang,shaomutan_remedy-9b-22,0.947659075,525154,200000,2.6
cym_Latn-kor_Zyyy,metricx24,unknown,264381,1200000,0.2
cym_Latn-lao_Laoo,shaomutan_remedy-9b-22,0.846207131,64626,200000,0.3
cym_Latn-lav_Latn,metricx24,unknown,139759,1200000,0.1
cym_Latn-lim_Latn,shaomutan_remedy-9b-22,0.754559002,38544,200000,0.2
cym_Latn-lit_Latn,shaomutan_remedy-9b-22,0.923938809,959948,200000,4.8
cym_Latn-lvs_Latn,shaomutan_remedy-9b-22,0.929122746,766867,200000,3.8
cym_Latn-mal_Mlym,shaomutan_remedy-9b-22,0.917353752,256767,200000,1.3
cym_Latn-mar_Deva,shaomutan_remedy-9b-22,0.915718336,241066,200000,1.2
cym_Latn-mkd_Cyrl,shaomutan_remedy-9b-22,0.939157628,808340,200000,4.0
cym_Latn-mlg_Latn,metricx24,unknown,84630,1200000,0.1
cym_Latn-mlt_Latn,shaomutan_remedy-9b-22,0.928247587,212272,200000,1.1
cym_Latn-mon_Cyrl,metricx24,unknown,73025,1200000,0.1
cym_Latn-msa_Latn,metricx24,unknown,455364,1200000,0.4
cym_Latn-mya_Mymr,shaomutan_remedy-9b-22,0.912538135,113871,200000,0.6
cym_Latn-nds_Latn,metricx24,unknown,76750,1200000,0.1
cym_Latn-nep_Deva,metricx24,unknown,178111,1200000,0.1
cym_Latn-nld_Latn,shaomutan_remedy-9b-22,0.944253939,1909144,200000,9.5
cym_Latn-nno_Latn,shaomutan_remedy-9b-22,0.938429042,170316,200000,0.9
cym_Latn-nob_Latn,shaomutan_remedy-9b-22,0.935036181,830382,200000,4.2
cym_Latn-nor_Latn,metricx24,unknown,449450,1200000,0.4
cym_Latn-npi_Deva,shaomutan_remedy-9b-22,0.901157153,70615,200000,0.4
cym_Latn-oci_Latn,qwen3-4b-instruct-2507,0.760329,65449,28000,2.3
cym_Latn-pan_Guru,qwen3-4b-instruct-2507,0.846287,129162,28000,4.6
cym_Latn-pbt_Arab,shaomutan_remedy-9b-22,0.793226305,42274,200000,0.2
cym_Latn-plt_Latn,metricx24,0.734175865,40499,1200000,0.0
cym_Latn-pol_Latn,shaomutan_remedy-9b-22,0.921473313,1578280,200000,7.9
cym_Latn-por_Latn,shaomutan_remedy-9b-22,0.937039283,2303290,200000,11.5
cym_Latn-pus_Arab,metricx24,unknown,58741,1200000,0.0
cym_Latn-ron_Latn,shaomutan_remedy-9b-22,0.929760511,1228624,200000,6.1
cym_Latn-rus_Cyrl,shaomutan_remedy-9b-22,0.929881485,2093694,200000,10.5
cym_Latn-sin_Sinh,shaomutan_remedy-9b-22,0.914295845,251663,200000,1.3
cym_Latn-slk_Latn,shaomutan_remedy-9b-22,0.934348494,1142839,200000,5.7
cym_Latn-slv_Latn,shaomutan_remedy-9b-22,0.917538669,975070,200000,4.9
cym_Latn-som_Latn,shaomutan_remedy-9b-22,0.788747857,85902,200000,0.4
cym_Latn-spa_Latn,shaomutan_remedy-9b-22,0.938228245,2694463,200000,13.5
cym_Latn-sqi_Latn,metricx24,unknown,234515,1200000,0.2
cym_Latn-srd_Latn,metricx24,0.757040459,200738,1200000,0.2
cym_Latn-srp_Cyrl,shaomutan_remedy-9b-22,0.935477737,706512,200000,3.5
cym_Latn-srp_Latn,metricx24,unknown,391682,1200000,0.3
cym_Latn-sun_Latn,shaomutan_remedy-9b-22,0.804498707,114697,200000,0.6
cym_Latn-swa_Latn,metricx24,unknown,249685,1200000,0.2
cym_Latn-swe_Latn,shaomutan_remedy-9b-22,0.928036939,1423263,200000,7.1
cym_Latn-swh_Latn,shaomutan_remedy-9b-22,0.914266647,266773,200000,1.3
cym_Latn-tam_Taml,shaomutan_remedy-9b-22,0.92027885,310646,200000,1.6
cym_Latn-tel_Telu,shaomutan_remedy-9b-22,0.907573734,246134,200000,1.2
cym_Latn-tgk_Cyrl,shaomutan_remedy-9b-22,0.844243629,123599,200000,0.6
cym_Latn-tgl_Latn,shaomutan_remedy-9b-22,0.928572077,387765,200000,1.9
cym_Latn-tha_Thai,shaomutan_remedy-9b-22,0.940612993,912217,200000,4.6
cym_Latn-tur_Latn,shaomutan_remedy-9b-22,0.922484213,1496037,200000,7.5
cym_Latn-uig_Arab,shaomutan_remedy-9b-22,0.797348857,18448,200000,0.1
cym_Latn-ukr_Cyrl,shaomutan_remedy-9b-22,0.934295781,1121309,200000,5.6
cym_Latn-urd_Arab,shaomutan_remedy-9b-22,0.90050343,367295,200000,1.8
cym_Latn-uzn_Latn,metricx24,0.741880121,180278,1200000,0.2
cym_Latn-vie_Latn,shaomutan_remedy-9b-22,0.937766988,1429835,200000,7.1
cym_Latn-wln_Latn,metricx24,unknown,35114,1200000,0.0
cym_Latn-xho_Latn,shaomutan_remedy-9b-22,0.771224101,204198,200000,1.0
cym_Latn-yor_Latn,shaomutan_remedy-9b-22,0.677555464,79520,200000,0.4
cym_Latn-yue_Hani,metricx24,unknown,131140,1200000,0.1
cym_Latn-zho_Hans,qwen3-4b-instruct-2507,0.928761,500459,28000,17.9
cym_Latn-zho_Hant,qwen3-4b-instruct-2507,0.923489,347793,28000,12.4
cym_Latn-zsm_Latn,metricx24,0.81943419,386195,1200000,0.3
cym_Latn-zul_Latn,shaomutan_remedy-9b-22,0.800401913,50904,200000,0.3
dan_Latn-abk_Cyrl,metricx24,unknown,88105,1200000,0.1
dan_Latn-afr_Latn,shaomutan_remedy-9b-22,0.908811332,324231,200000,1.6
dan_Latn-als_Latn,metricx24,0.851965,4045597,1200000,3.4
dan_Latn-ast_Latn,qwen3-4b-instruct-2507,0.899791,253423,28000,9.1
dan_Latn-azj_Latn,qwen3-4b-instruct-2507,0.876859,80650,28000,2.9
dan_Latn-bak_Cyrl,shaomutan_remedy-9b-22,0.895775625,123110,200000,0.6
dan_Latn-bre_Latn,metricx24,unknown,32628,1200000,0.0
dan_Latn-cat_Latn,qwen3-4b-instruct-2507,0.953011,200314,28000,7.2
dan_Latn-ces_Latn,qwen3-4b-instruct-2507,0.970602,936114,28000,33.4
dan_Latn-ckb_Arab,metricx24,0.78860556,105013,1200000,0.1
dan_Latn-cmn_Hani,metricx24,unknown,13208489,1200000,11.0
dan_Latn-crh_Latn,shaomutan_remedy-9b-22,0.807035553,70173,200000,0.4
dan_Latn-dan_Latn,metricx24,unknown,1475321,1200000,1.2
dan_Latn-deu_Latn,metricx24,0.942926,110171832,1200000,91.8
dan_Latn-ekk_Latn,metricx24,unknown,28615799,1200000,23.8
dan_Latn-ell_Grek,metricx24,0.86798,66377730,1200000,55.3
dan_Latn-eng_Latn,metricx24,0.860996,184199153,1200000,153.5
dan_Latn-epo_Latn,shaomutan_remedy-9b-22,0.919750472,2188994,200000,10.9
dan_Latn-est_Latn,metricx24,0.763617,5766007,1200000,4.8
dan_Latn-eus_Latn,shaomutan_remedy-9b-22,0.905040761,2744904,200000,13.7
dan_Latn-fao_Latn,shaomutan_remedy-9b-22,0.854355256,101899,200000,0.5
dan_Latn-fas_Arab,metricx24,unknown,29215756,1200000,24.3
dan_Latn-fil_Latn,metricx24,unknown,1080074,1200000,0.9
dan_Latn-fin_Latn,metricx24,0.824435,72208562,1200000,60.2
dan_Latn-fra_Latn,metricx24,0.876896,102080818,1200000,85.1
dan_Latn-fro_Latn,metricx24,unknown,150581,1200000,0.1
dan_Latn-fry_Latn,metricx24,unknown,517210,1200000,0.4
dan_Latn-fur_Latn,qwen3-4b-instruct-2507,0.884196,788538,28000,28.2
dan_Latn-gla_Latn,shaomutan_remedy-9b-22,0.820417344,103770,200000,0.5
dan_Latn-gle_Latn,m-prometheus-7b,0.913449477,1752436,27000,64.9
dan_Latn-glg_Latn,qwen3-4b-instruct-2507,0.974022,1241637,28000,44.3
dan_Latn-gsw_Latn,metricx24,unknown,194425,1200000,0.2
dan_Latn-guj_Gujr,qwen3-4b-instruct-2507,0.947183,117502,28000,4.2
dan_Latn-hat_Latn,shaomutan_remedy-9b-22,0.877932354,369939,200000,1.8
dan_Latn-hau_Latn,shaomutan_remedy-9b-22,0.815798682,321610,200000,1.6
dan_Latn-hbs_Latn,metricx24,unknown,1281053,1200000,1.1
dan_Latn-heb_Hebr,metricx24,0.87865,36355016,1200000,30.3
dan_Latn-hin_Deva,metricx24,0.817855,3991908,1200000,3.3
dan_Latn-hne_Deva,qwen3-4b-instruct-2507,0.84442,107688,28000,3.8
dan_Latn-hrv_Latn,metricx24,0.927965,38434304,1200000,32.0
dan_Latn-hun_Latn,metricx24,0.819823,60449476,1200000,50.4
dan_Latn-hye_Armn,qwen3-4b-instruct-2507,0.94449,457293,28000,16.3
dan_Latn-ibo_Latn,shaomutan_remedy-9b-22,0.778818711,159346,200000,0.8
dan_Latn-ilo_Latn,metricx24,0.775871878,147245,1200000,0.1
dan_Latn-ina_Latn,metricx24,unknown,119979,1200000,0.1
dan_Latn-ind_Latn,metricx24,0.870373,38844848,1200000,32.4
dan_Latn-isl_Latn,shaomutan_remedy-9b-22,0.905331623,8165116,200000,40.8
dan_Latn-ita_Latn,metricx24,0.900958,84292034,1200000,70.2
dan_Latn-jav_Latn,shaomutan_remedy-9b-22,0.892654661,533801,200000,2.7
dan_Latn-jpn_Jpan,metricx24,0.826691,11585963,1200000,9.7
dan_Latn-kab_Latn,metricx24,0.343281015,203175,1200000,0.2
dan_Latn-kan_Knda,qwen3-4b-instruct-2507,0.941025,156024,28000,5.6
dan_Latn-kat_Geor,shaomutan_remedy-9b-22,0.922903746,813942,200000,4.1
dan_Latn-kaz_Cyrl,shaomutan_remedy-9b-22,0.950386878,411900,200000,2.1
dan_Latn-khk_Cyrl,metricx24,0.822913059,159135,1200000,0.1
dan_Latn-khm_Khmr,qwen3-4b-instruct-2507,0.931802,639467,28000,22.8
dan_Latn-kin_Latn,shaomutan_remedy-9b-22,0.825308618,179469,200000,0.9
dan_Latn-kir_Cyrl,shaomutan_remedy-9b-22,0.900268007,149394,200000,0.7
dan_Latn-kiu_Latn,metricx24,unknown,227014,1200000,0.2
dan_Latn-kmr_Latn,metricx24,0.735052256,133000,1200000,0.1
dan_Latn-kor_Hang,metricx24,0.84232,21332918,1200000,17.8
dan_Latn-kor_Zyyy,metricx24,unknown,3040114,1200000,2.5
dan_Latn-lao_Laoo,qwen3-4b-instruct-2507,0.913539,116911,28000,4.2
dan_Latn-lat_Latn,metricx24,unknown,275877,1200000,0.2
dan_Latn-lav_Latn,metricx24,unknown,1625142,1200000,1.4
dan_Latn-lim_Latn,shaomutan_remedy-9b-22,0.830165137,353636,200000,1.8
dan_Latn-lit_Latn,metricx24,0.811587,23491712,1200000,19.6
dan_Latn-ltz_Latn,qwen3-4b-instruct-2507,0.88887,482796,28000,17.2
dan_Latn-lvs_Latn,metricx24,0.759606,19682247,1200000,16.4
dan_Latn-lzh_Hani,metricx24,unknown,527740,1200000,0.4
dan_Latn-mal_Mlym,qwen3-4b-instruct-2507,0.956501,1727648,28000,61.7
dan_Latn-mar_Deva,qwen3-4b-instruct-2507,0.940179,670617,28000,24.0
dan_Latn-mhr_Cyrl,metricx24,unknown,123950,1200000,0.1
dan_Latn-mkd_Cyrl,metricx24,0.872637,6699042,1200000,5.6
dan_Latn-mlg_Latn,metricx24,unknown,221260,1200000,0.2
dan_Latn-mlt_Latn,shaomutan_remedy-9b-22,0.927204913,7458185,200000,37.3
dan_Latn-mon_Cyrl,metricx24,unknown,168941,1200000,0.1
dan_Latn-mri_Latn,shaomutan_remedy-9b-22,0.800472973,109210,200000,0.5
dan_Latn-msa_Latn,metricx24,unknown,4759252,1200000,4.0
dan_Latn-mya_Mymr,shaomutan_remedy-9b-22,0.922247701,780104,200000,3.9
dan_Latn-nds_Latn,metricx24,unknown,245412,1200000,0.2
dan_Latn-nep_Deva,metricx24,unknown,339078,1200000,0.3
dan_Latn-nld_Latn,metricx24,0.909096,95881449,1200000,79.9
dan_Latn-nno_Latn,shaomutan_remedy-9b-22,0.914345605,1141426,200000,5.7
dan_Latn-nob_Latn,xcomet-xl,0.934140103,47238907,400000,118.1
dan_Latn-nor_Latn,metricx24,unknown,16886880,1200000,14.1
dan_Latn-npi_Deva,bicleaner-ai,0.948876058,181539,2250000,0.1
dan_Latn-nso_Latn,metricx24,0.656663876,32632,1200000,0.0
dan_Latn-nya_Latn,shaomutan_remedy-9b-22,0.763989922,84392,200000,0.4
dan_Latn-oci_Latn,qwen3-4b-instruct-2507,0.897959,245684,28000,8.8
dan_Latn-pan_Guru,qwen3-4b-instruct-2507,0.958377,153499,28000,5.5
dan_Latn-pap_Latn,qwen3-4b-instruct-2507,0.841538,188098,28000,6.7
dan_Latn-pbt_Arab,shaomutan_remedy-9b-22,0.811970136,81376,200000,0.4
dan_Latn-plt_Latn,metricx24,0.787119013,184285,1200000,0.2
dan_Latn-pol_Latn,metricx24,0.809217,68842712,1200000,57.4
dan_Latn-por_Latn,metricx24,0.866503,87104281,1200000,72.6
dan_Latn-pus_Arab,metricx24,unknown,101931,1200000,0.1
dan_Latn-rmy_Latn,metricx24,unknown,80184,1200000,0.1
dan_Latn-ron_Latn,metricx24,0.846148,65076908,1200000,54.2
dan_Latn-rus_Cyrl,metricx24,0.88606,46337558,1200000,38.6
dan_Latn-scn_Latn,qwen3-4b-instruct-2507,0.86659,162600,28000,5.8
dan_Latn-sco_Latn,metricx24,unknown,96466,1200000,0.1
dan_Latn-sin_Sinh,shaomutan_remedy-9b-22,0.924552794,1941248,200000,9.7
dan_Latn-slk_Latn,metricx24,0.805376,32883274,1200000,27.4
dan_Latn-slv_Latn,metricx24,0.879182,34924019,1200000,29.1
dan_Latn-sna_Latn,shaomutan_remedy-9b-22,0.785981839,106320,200000,0.5
dan_Latn-snd_Arab,qwen3-4b-instruct-2507,0.909139,112796,28000,4.0
dan_Latn-som_Latn,shaomutan_remedy-9b-22,0.779308553,246042,200000,1.2
dan_Latn-spa_Latn,metricx24,0.875563,108611892,1200000,90.5
dan_Latn-sqi_Latn,metricx24,unknown,1407607,1200000,1.2
dan_Latn-srd_Latn,qwen3-4b-instruct-2507,0.8589,1597416,28000,57.1
dan_Latn-srp_Cyrl,metricx24,0.900475,6247518,1200000,5.2
dan_Latn-srp_Latn,metricx24,unknown,26651762,1200000,22.2
dan_Latn-sun_Latn,qwen3-4b-instruct-2507,0.870856,300655,28000,10.7
dan_Latn-swa_Latn,metricx24,unknown,773859,1200000,0.6
dan_Latn-swe_Latn,metricx24,0.863144,92620946,1200000,77.2
dan_Latn-swh_Latn,shaomutan_remedy-9b-22,0.917894145,350128,200000,1.8
dan_Latn-tam_Taml,metricx24,0.834456,2241445,1200000,1.9
dan_Latn-tat_Cyrl,shaomutan_remedy-9b-22,0.892501569,127401,200000,0.6
dan_Latn-tel_Telu,qwen3-4b-instruct-2507,0.949995,1380157,28000,49.3
dan_Latn-tgk_Cyrl,qwen3-4b-instruct-2507,0.890503,220301,28000,7.9
dan_Latn-tgl_Latn,shaomutan_remedy-9b-22,0.938607634,1690573,200000,8.5
dan_Latn-tha_Thai,metricx24,0.841169,17410078,1200000,14.5
dan_Latn-tur_Latn,metricx24,0.768068,43488554,1200000,36.2
dan_Latn-ukr_Cyrl,metricx24,0.85185,13789404,1200000,11.5
dan_Latn-und_Hira,metricx24,unknown,80449,1200000,0.1
dan_Latn-und_Kana,metricx24,unknown,301288,1200000,0.3
dan_Latn-urd_Arab,shaomutan_remedy-9b-22,0.915897999,1536604,200000,7.7
dan_Latn-uzn_Latn,qwen3-4b-instruct-2507,0.868422,203892,28000,7.3
dan_Latn-vec_Latn,qwen3-4b-instruct-2507,0.908621,676572,28000,24.2
dan_Latn-vie_Latn,metricx24,0.876224,25261100,1200000,21.1
dan_Latn-wln_Latn,metricx24,unknown,57490,1200000,0.0
dan_Latn-wol_Latn,shaomutan_remedy-9b-22,0.650252949,84078,200000,0.4
dan_Latn-xho_Latn,shaomutan_remedy-9b-22,0.794256841,461012,200000,2.3
dan_Latn-ydd_Hebr,qwen3-4b-instruct-2507,0.883086,71087,28000,2.5
dan_Latn-yor_Latn,shaomutan_remedy-9b-22,0.729169443,139153,200000,0.7
dan_Latn-yue_Hani,metricx24,unknown,960761,1200000,0.8
dan_Latn-zho_Hans,metricx24,0.876327,8300368,1200000,6.9
dan_Latn-zho_Hant,metricx24,0.867072,6441830,1200000,5.4
dan_Latn-zho_Zyyy,metricx24,unknown,114868,1200000,0.1
dan_Latn-zsm_Latn,metricx24,0.845154,3183042,1200000,2.7
dan_Latn-zul_Latn,shaomutan_remedy-9b-22,0.805312669,131067,200000,0.7
deu_Latn-abk_Cyrl,metricx24,unknown,121712,1200000,0.1
deu_Latn-afr_Latn,shaomutan_remedy-9b-22,0.927340693,495610,200000,2.5
deu_Latn-aln_Latn,metricx24,unknown,63830,1200000,0.1
deu_Latn-als_Latn,metricx24,0.826079,9834549,1200000,8.2
deu_Latn-arg_Latn,metricx24,unknown,134197,1200000,0.1
deu_Latn-ast_Latn,qwen3-4b-instruct-2507,0.917307,838626,28000,30.0
deu_Latn-ayr_Latn,qwen3-4b-instruct-2507,0.340294,108493,28000,3.9
deu_Latn-azj_Latn,qwen3-4b-instruct-2507,0.887098,118491,28000,4.2
deu_Latn-bak_Cyrl,shaomutan_remedy-9b-22,0.90091229,188568,200000,0.9
deu_Latn-bam_Latn,shaomutan_remedy-9b-22,0.541535108,84851,200000,0.4
deu_Latn-bel_Cyrl,shaomutan_remedy-9b-22,0.935809942,79626,200000,0.4
deu_Latn-bre_Latn,metricx24,unknown,47881,1200000,0.0
deu_Latn-cat_Latn,qwen3-4b-instruct-2507,0.977571,313108,28000,11.2
deu_Latn-cbk_Latn,metricx24,unknown,100912,1200000,0.1
deu_Latn-ceb_Latn,qwen3-4b-instruct-2507,0.949238,63847,28000,2.3
deu_Latn-ces_Latn,qwen3-4b-instruct-2507,0.977033,654183,28000,23.4
deu_Latn-ckb_Arab,metricx24,0.773336629,174331,1200000,0.1
deu_Latn-cmn_Hani,metricx24,unknown,26386698,1200000,22.0
deu_Latn-crh_Latn,shaomutan_remedy-9b-22,0.819172735,136172,200000,0.7
deu_Latn-dan_Latn,qwen3-4b-instruct-2507,0.969816,1436480,28000,51.3
deu_Latn-deu_Latn,metricx24,unknown,1246975,1200000,1.0
deu_Latn-ekk_Latn,metricx24,unknown,39046086,1200000,32.5
deu_Latn-ell_Grek,metricx24,0.852983,93092885,1200000,77.6
deu_Latn-eng_Latn,metricx24,0.85301,928729155,1200000,773.9
deu_Latn-enm_Latn,metricx24,unknown,103144,1200000,0.1
deu_Latn-epo_Latn,shaomutan_remedy-9b-22,0.939463135,5964748,200000,29.8
deu_Latn-est_Latn,metricx24,0.724093,6758173,1200000,5.6
deu_Latn-eus_Latn,shaomutan_remedy-9b-22,0.933756743,2018413,200000,10.1
deu_Latn-fao_Latn,shaomutan_remedy-9b-22,0.89529911,176902,200000,0.9
deu_Latn-fas_Arab,metricx24,unknown,40989014,1200000,34.2
deu_Latn-fil_Latn,metricx24,unknown,2302291,1200000,1.9
deu_Latn-fin_Latn,metricx24,0.791258,96334684,1200000,80.3
deu_Latn-fra_Latn,metricx24,0.870917,325264644,1200000,271.1
deu_Latn-fro_Latn,metricx24,unknown,302986,1200000,0.3
deu_Latn-fry_Latn,metricx24,unknown,567555,1200000,0.5
deu_Latn-fur_Latn,qwen3-4b-instruct-2507,0.898143,1892096,28000,67.6
deu_Latn-gla_Latn,shaomutan_remedy-9b-22,0.835834509,88862,200000,0.4
deu_Latn-gle_Latn,m-prometheus-7b,0.918979592,1989054,27000,73.7
deu_Latn-glg_Latn,qwen3-4b-instruct-2507,0.978104,1493123,28000,53.3
deu_Latn-grc_Grek,metricx24,unknown,95018,1200000,0.1
deu_Latn-gsw_Latn,metricx24,unknown,75497,1200000,0.1
deu_Latn-gug_Latn,metricx24,unknown,164661,1200000,0.1
deu_Latn-guj_Gujr,qwen3-4b-instruct-2507,0.953221,135335,28000,4.8
deu_Latn-hat_Latn,shaomutan_remedy-9b-22,0.887488397,559318,200000,2.8
deu_Latn-hau_Latn,shaomutan_remedy-9b-22,0.848425738,1018864,200000,5.1
deu_Latn-hbs_Latn,metricx24,unknown,1260722,1200000,1.1
deu_Latn-heb_Hebr,metricx24,0.878658,46873655,1200000,39.1
deu_Latn-hin_Deva,metricx24,0.810769,12469660,1200000,10.4
deu_Latn-hne_Deva,qwen3-4b-instruct-2507,0.858382,140075,28000,5.0
deu_Latn-hrv_Latn,metricx24,0.918849,51599130,1200000,43.0
deu_Latn-hun_Latn,metricx24,0.798687,91395510,1200000,76.2
deu_Latn-hye_Armn,m-prometheus-7b,0.956441015,573877,27000,21.3
deu_Latn-ibo_Latn,shaomutan_remedy-9b-22,0.782027712,161722,200000,0.8
deu_Latn-ilo_Latn,qwen3-4b-instruct-2507,0.80993,608636,28000,21.7
deu_Latn-ina_Latn,metricx24,unknown,165850,1200000,0.1
deu_Latn-ind_Latn,metricx24,0.854124,62135031,1200000,51.8
deu_Latn-isl_Latn,shaomutan_remedy-9b-22,0.915474005,11473970,200000,57.4
deu_Latn-ita_Latn,metricx24,0.886266,209066057,1200000,174.2
deu_Latn-jam_Latn,metricx24,unknown,136920,1200000,0.1
deu_Latn-jav_Latn,qwen3-4b-instruct-2507,0.90786,1187799,28000,42.4
deu_Latn-jpn_Jpan,metricx24,0.827968,28887194,1200000,24.1
deu_Latn-kab_Latn,qwen3-4b-instruct-2507,0.39767,253754,28000,9.1
deu_Latn-kan_Knda,qwen3-4b-instruct-2507,0.953076,178167,28000,6.4
deu_Latn-kat_Geor,m-prometheus-7b,0.937028372,924080,27000,34.2
deu_Latn-kaz_Cyrl,shaomutan_remedy-9b-22,0.926745791,556233,200000,2.8
deu_Latn-kea_Latn,qwen3-4b-instruct-2507,0.890747,59721,28000,2.1
deu_Latn-khk_Cyrl,metricx24,0.800974601,205932,1200000,0.2
deu_Latn-khm_Khmr,qwen3-4b-instruct-2507,0.928761,726010,28000,25.9
deu_Latn-kin_Latn,shaomutan_remedy-9b-22,0.834966513,385930,200000,1.9
deu_Latn-kir_Cyrl,shaomutan_remedy-9b-22,0.914173287,175911,200000,0.9
deu_Latn-kiu_Latn,metricx24,unknown,951493,1200000,0.8
deu_Latn-kmr_Latn,metricx24,0.70249942,152712,1200000,0.1
deu_Latn-kor_Hang,metricx24,0.829362,33620108,1200000,28.0
deu_Latn-kor_Zyyy,metricx24,unknown,5947129,1200000,5.0
deu_Latn-lao_Laoo,qwen3-4b-instruct-2507,0.915391,131435,28000,4.7
deu_Latn-lat_Latn,metricx24,unknown,423611,1200000,0.4
deu_Latn-lav_Latn,metricx24,unknown,2200193,1200000,1.8
deu_Latn-lim_Latn,qwen3-4b-instruct-2507,0.846207,953961,28000,34.1
deu_Latn-lin_Latn,shaomutan_remedy-9b-22,0.759605219,102146,200000,0.5
deu_Latn-lit_Latn,metricx24,0.782787,36419385,1200000,30.3
deu_Latn-lmo_Latn,qwen3-4b-instruct-2507,0.892036,73666,28000,2.6
deu_Latn-ltz_Latn,shaomutan_remedy-9b-22,0.908371227,1341314,200000,6.7
deu_Latn-lvs_Latn,metricx24,0.724818,29391380,1200000,24.5
deu_Latn-lzh_Hani,metricx24,unknown,933608,1200000,0.8
deu_Latn-mal_Mlym,metricx24,0.80478,4280809,1200000,3.6
deu_Latn-mar_Deva,qwen3-4b-instruct-2507,0.951966,774823,28000,27.7
deu_Latn-mhr_Cyrl,metricx24,unknown,161339,1200000,0.1
deu_Latn-mkd_Cyrl,metricx24,0.851416,10288531,1200000,8.6
deu_Latn-mlg_Latn,metricx24,unknown,245221,1200000,0.2
deu_Latn-mlt_Latn,shaomutan_remedy-9b-22,0.946578234,7104340,200000,35.5
deu_Latn-mon_Cyrl,metricx24,unknown,221995,1200000,0.2
deu_Latn-mri_Latn,shaomutan_remedy-9b-22,0.755775324,123877,200000,0.6
deu_Latn-msa_Latn,metricx24,unknown,8006011,1200000,6.7
deu_Latn-mya_Mymr,shaomutan_remedy-9b-22,0.932848345,905123,200000,4.5
deu_Latn-nap_Latn,metricx24,unknown,98774,1200000,0.1
deu_Latn-nds_Latn,metricx24,unknown,330749,1200000,0.3
deu_Latn-nep_Deva,metricx24,unknown,404199,1200000,0.3
deu_Latn-nld_Latn,metricx24,0.896068,199472595,1200000,166.2
deu_Latn-nno_Latn,qwen3-4b-instruct-2507,0.948437,1725136,28000,61.6
deu_Latn-nob_Latn,metricx24,0.819814,55063411,1200000,45.9
deu_Latn-nor_Latn,metricx24,unknown,19148171,1200000,16.0
deu_Latn-npi_Deva,qwen3-4b-instruct-2507,0.93889,223850,28000,8.0
deu_Latn-nso_Latn,metricx24,0.621263884,58345,1200000,0.0
deu_Latn-nya_Latn,shaomutan_remedy-9b-22,0.790308617,96363,200000,0.5
deu_Latn-oci_Latn,qwen3-4b-instruct-2507,0.920911,375944,28000,13.4
deu_Latn-orv_Cyrl,metricx24,unknown,78013,1200000,0.1
deu_Latn-pag_Latn,qwen3-4b-instruct-2507,0.726391,64029,28000,2.3
deu_Latn-pan_Guru,qwen3-4b-instruct-2507,0.959786,169648,28000,6.1
deu_Latn-pap_Latn,qwen3-4b-instruct-2507,0.886172,451777,28000,16.1
deu_Latn-pbt_Arab,shaomutan_remedy-9b-22,0.817143451,90153,200000,0.5
deu_Latn-pcm_Latn,metricx24,unknown,71667,1200000,0.1
deu_Latn-plt_Latn,metricx24,0.75615231,879362,1200000,0.7
deu_Latn-pol_Latn,metricx24,0.778249,132263734,1200000,110.2
deu_Latn-por_Latn,metricx24,0.832082,180465274,1200000,150.4
deu_Latn-pus_Arab,metricx24,unknown,119414,1200000,0.1
deu_Latn-rmy_Latn,metricx24,unknown,139156,1200000,0.1
deu_Latn-ron_Latn,metricx24,0.828978,94842995,1200000,79.0
deu_Latn-rus_Cyrl,metricx24,0.870327,110253919,1200000,91.9
deu_Latn-scn_Latn,qwen3-4b-instruct-2507,0.879671,340996,28000,12.2
deu_Latn-sco_Latn,metricx24,unknown,451515,1200000,0.4
deu_Latn-sin_Sinh,shaomutan_remedy-9b-22,0.930943597,2294075,200000,11.5
deu_Latn-slk_Latn,metricx24,0.77312,59149401,1200000,49.3
deu_Latn-slv_Latn,metricx24,0.859353,49101272,1200000,40.9
deu_Latn-sna_Latn,shaomutan_remedy-9b-22,0.781656099,123367,200000,0.6
deu_Latn-snd_Arab,qwen3-4b-instruct-2507,0.913564,120764,28000,4.3
deu_Latn-som_Latn,shaomutan_remedy-9b-22,0.779196534,338848,200000,1.7
deu_Latn-spa_Latn,metricx24,0.858387,304791537,1200000,254.0
deu_Latn-sqi_Latn,metricx24,unknown,2140849,1200000,1.8
deu_Latn-srd_Latn,metricx24,0.787675,4688938,1200000,3.9
deu_Latn-srp_Cyrl,metricx24,0.881693,9427196,1200000,7.9
deu_Latn-srp_Latn,metricx24,unknown,34743714,1200000,29.0
deu_Latn-sun_Latn,qwen3-4b-instruct-2507,0.905595,918153,28000,32.8
deu_Latn-swa_Latn,metricx24,unknown,1592204,1200000,1.3
deu_Latn-swc_Latn,metricx24,unknown,347689,1200000,0.3
deu_Latn-swe_Latn,metricx24,0.845129,130655329,1200000,108.9
deu_Latn-swh_Latn,shaomutan_remedy-9b-22,0.922434348,1937478,200000,9.7
deu_Latn-szl_Latn,qwen3-4b-instruct-2507,0.812111,66834,28000,2.4
deu_Latn-tam_Taml,metricx24,0.818076,4156074,1200000,3.5
deu_Latn-tat_Cyrl,shaomutan_remedy-9b-22,0.907197275,189812,200000,0.9
deu_Latn-tel_Telu,qwen3-4b-instruct-2507,0.961394,1472499,28000,52.6
deu_Latn-tgk_Cyrl,qwen3-4b-instruct-2507,0.905441,286321,28000,10.2
deu_Latn-tgl_Latn,metricx24,0.838226,2859700,1200000,2.4
deu_Latn-tha_Thai,metricx24,0.840554,22583057,1200000,18.8
deu_Latn-tok_Latn,metricx24,unknown,25753,1200000,0.0
deu_Latn-tsn_Latn,shaomutan_remedy-9b-22,0.788163005,156868,200000,0.8
deu_Latn-tur_Latn,metricx24,0.735079,71673054,1200000,59.7
deu_Latn-ukr_Cyrl,metricx24,0.829659,23349070,1200000,19.5
deu_Latn-und_Hira,metricx24,unknown,96982,1200000,0.1
deu_Latn-und_Kana,metricx24,unknown,543557,1200000,0.5
deu_Latn-und_Xsux,metricx24,unknown,96509,1200000,0.1
deu_Latn-urd_Arab,shaomutan_remedy-9b-22,0.924114501,2064628,200000,10.3
deu_Latn-uzn_Latn,qwen3-4b-instruct-2507,0.90557,417673,28000,14.9
deu_Latn-vec_Latn,metricx24,0.63032,2099548,1200000,1.7
deu_Latn-vie_Latn,metricx24,0.853941,41461499,1200000,34.6
deu_Latn-war_Latn,qwen3-4b-instruct-2507,0.937188,67569,28000,2.4
deu_Latn-wes_Latn,metricx24,unknown,223125,1200000,0.2
deu_Latn-wln_Latn,metricx24,unknown,56619,1200000,0.0
deu_Latn-wol_Latn,shaomutan_remedy-9b-22,0.640833908,245556,200000,1.2
deu_Latn-wuu_Hani,metricx24,unknown,131831,1200000,0.1
deu_Latn-xav_Latn,metricx24,unknown,101457,1200000,0.1
deu_Latn-xho_Latn,shaomutan_remedy-9b-22,0.796000505,519491,200000,2.6
deu_Latn-ydd_Hebr,qwen3-4b-instruct-2507,0.872977,67138,28000,2.4
deu_Latn-yid_Hebr,metricx24,unknown,57418,1200000,0.0
deu_Latn-yor_Latn,shaomutan_remedy-9b-22,0.733217961,462766,200000,2.3
deu_Latn-yue_Hani,metricx24,unknown,1621910,1200000,1.4
deu_Latn-zho_Hans,metricx24,0.88578,17363188,1200000,14.5
deu_Latn-zho_Hant,metricx24,0.874867,8184642,1200000,6.8
deu_Latn-zsm_Latn,metricx24,0.821337,6050757,1200000,5.0
deu_Latn-zul_Latn,shaomutan_remedy-9b-22,0.833574946,163808,200000,0.8
dik_Latn-eng_Latn,qwen3-4b-instruct-2507,0.833494,146762,28000,5.2
dik_Latn-fra_Latn,qwen3-4b-instruct-2507,0.780129,217915,28000,7.8
diq_Latn-eng_Latn,metricx24,unknown,681826,1200000,0.6
dyu_Latn-eng_Latn,qwen3-4b-instruct-2507,0.790702,235226,28000,8.4
dyu_Latn-fra_Latn,qwen3-4b-instruct-2507,0.741707,302698,28000,10.8
dyu_Latn-hau_Latn,shaomutan_remedy-9b-22,0.644389644,105909,200000,0.5
dzo_Tibt-eng_Latn,qwen3-4b-instruct-2507,0.693883,126095,28000,4.5
ekk_Latn-afr_Latn,metricx24,unknown,83146,1200000,0.1
ekk_Latn-als_Latn,metricx24,unknown,3235916,1200000,2.7
ekk_Latn-ces_Latn,metricx24,unknown,107276,1200000,0.1
ekk_Latn-cmn_Hani,qwen3-4b-instruct-2507,unknown,6198754,28000,221.4
ekk_Latn-dan_Latn,metricx24,unknown,237980,1200000,0.2
ekk_Latn-ekk_Latn,qwen3-4b-instruct-2507,unknown,221838,28000,7.9
ekk_Latn-eng_Latn,metricx24,unknown,647826,1200000,0.5
ekk_Latn-eus_Latn,metricx24,unknown,2281369,1200000,1.9
ekk_Latn-fas_Arab,qwen3-4b-instruct-2507,unknown,11510479,28000,411.1
ekk_Latn-fil_Latn,qwen3-4b-instruct-2507,unknown,451173,28000,16.1
ekk_Latn-fin_Latn,metricx24,unknown,33517142,1200000,27.9
ekk_Latn-fra_Latn,metricx24,unknown,38728523,1200000,32.3
ekk_Latn-fry_Latn,qwen3-4b-instruct-2507,unknown,65659,28000,2.3
ekk_Latn-fur_Latn,qwen3-4b-instruct-2507,unknown,153253,28000,5.5
ekk_Latn-gle_Latn,metricx24,unknown,1756120,1200000,1.5
ekk_Latn-glg_Latn,metricx24,unknown,866500,1200000,0.7
ekk_Latn-guj_Gujr,metricx24,unknown,132777,1200000,0.1
ekk_Latn-hat_Latn,metricx24,unknown,205615,1200000,0.2
ekk_Latn-hau_Latn,metricx24,unknown,122683,1200000,0.1
ekk_Latn-hbs_Latn,qwen3-4b-instruct-2507,unknown,1119843,28000,40.0
ekk_Latn-heb_Hebr,metricx24,unknown,14036519,1200000,11.7
ekk_Latn-hin_Deva,metricx24,unknown,3760602,1200000,3.1
ekk_Latn-hrv_Latn,qwen3-4b-instruct-2507,unknown,20770974,28000,741.8
ekk_Latn-hun_Latn,metricx24,unknown,29715870,1200000,24.8
ekk_Latn-hye_Armn,metricx24,unknown,293941,1200000,0.2
ekk_Latn-ibo_Latn,metricx24,unknown,89425,1200000,0.1
ekk_Latn-ind_Latn,metricx24,unknown,14412890,1200000,12.0
ekk_Latn-isl_Latn,metricx24,unknown,5134101,1200000,4.3
ekk_Latn-ita_Latn,metricx24,unknown,31190860,1200000,26.0
ekk_Latn-jav_Latn,metricx24,unknown,128944,1200000,0.1
ekk_Latn-jpn_Jpan,metricx24,unknown,3026935,1200000,2.5
ekk_Latn-kan_Knda,metricx24,unknown,123457,1200000,0.1
ekk_Latn-kat_Geor,metricx24,unknown,470924,1200000,0.4
ekk_Latn-kaz_Cyrl,metricx24,unknown,500842,1200000,0.4
ekk_Latn-khk_Cyrl,metricx24,unknown,113713,1200000,0.1
ekk_Latn-khm_Khmr,metricx24,unknown,393085,1200000,0.3
ekk_Latn-kin_Latn,qwen3-4b-instruct-2507,unknown,70962,28000,2.5
ekk_Latn-kir_Cyrl,metricx24,unknown,103872,1200000,0.1
ekk_Latn-kmr_Latn,metricx24,unknown,83922,1200000,0.1
ekk_Latn-kor_Hang,metricx24,unknown,7672013,1200000,6.4
ekk_Latn-kor_Zyyy,qwen3-4b-instruct-2507,unknown,565243,28000,20.2
ekk_Latn-lat_Latn,qwen3-4b-instruct-2507,unknown,63428,28000,2.3
ekk_Latn-lav_Latn,qwen3-4b-instruct-2507,unknown,726202,28000,25.9
ekk_Latn-lim_Latn,qwen3-4b-instruct-2507,unknown,66950,28000,2.4
ekk_Latn-lit_Latn,metricx24,unknown,22237685,1200000,18.5
ekk_Latn-ltz_Latn,metricx24,unknown,61453,1200000,0.1
ekk_Latn-lvs_Latn,metricx24,unknown,20090334,1200000,16.7
ekk_Latn-lzh_Hani,qwen3-4b-instruct-2507,unknown,140233,28000,5.0
ekk_Latn-mal_Mlym,metricx24,unknown,887069,1200000,0.7
ekk_Latn-mar_Deva,metricx24,unknown,386442,1200000,0.3
ekk_Latn-mkd_Cyrl,metricx24,unknown,4638889,1200000,3.9
ekk_Latn-mlg_Latn,qwen3-4b-instruct-2507,unknown,75909,28000,2.7
ekk_Latn-mlt_Latn,metricx24,unknown,7993759,1200000,6.7
ekk_Latn-mri_Latn,metricx24,unknown,65479,1200000,0.1
ekk_Latn-msa_Latn,qwen3-4b-instruct-2507,unknown,2033361,28000,72.6
ekk_Latn-mya_Mymr,metricx24,unknown,429760,1200000,0.4
ekk_Latn-nds_Latn,qwen3-4b-instruct-2507,unknown,98423,28000,3.5
ekk_Latn-nep_Deva,qwen3-4b-instruct-2507,unknown,173952,28000,6.2
ekk_Latn-nld_Latn,metricx24,unknown,33396004,1200000,27.8
ekk_Latn-nno_Latn,metricx24,unknown,330243,1200000,0.3
ekk_Latn-nob_Latn,metricx24,unknown,14297361,1200000,11.9
ekk_Latn-nor_Latn,qwen3-4b-instruct-2507,unknown,3504207,28000,125.2
ekk_Latn-npi_Deva,metricx24,unknown,138446,1200000,0.1
ekk_Latn-nya_Latn,qwen3-4b-instruct-2507,unknown,63118,28000,2.3
ekk_Latn-oci_Latn,qwen3-4b-instruct-2507,unknown,71514,28000,2.6
ekk_Latn-pan_Guru,metricx24,unknown,80777,1200000,0.1
ekk_Latn-pbt_Arab,metricx24,unknown,61994,1200000,0.1
ekk_Latn-plt_Latn,metricx24,unknown,125585,1200000,0.1
ekk_Latn-pol_Latn,metricx24,unknown,32772377,1200000,27.3
ekk_Latn-por_Latn,metricx24,unknown,32292513,1200000,26.9
ekk_Latn-ron_Latn,metricx24,unknown,29163538,1200000,24.3
ekk_Latn-rus_Cyrl,metricx24,unknown,22812440,1200000,19.0
ekk_Latn-sin_Sinh,metricx24,unknown,1048947,1200000,0.9
ekk_Latn-slk_Latn,metricx24,unknown,23264175,1200000,19.4
ekk_Latn-slv_Latn,metricx24,unknown,25895339,1200000,21.6
ekk_Latn-som_Latn,metricx24,unknown,110007,1200000,0.1
ekk_Latn-spa_Latn,metricx24,unknown,144250,1200000,0.1
ekk_Latn-sqi_Latn,qwen3-4b-instruct-2507,unknown,610204,28000,21.8
ekk_Latn-srd_Latn,qwen3-4b-instruct-2507,unknown,216278,28000,7.7
ekk_Latn-srp_Cyrl,metricx24,unknown,5134227,1200000,4.3
ekk_Latn-srp_Latn,qwen3-4b-instruct-2507,unknown,11663055,28000,416.5
ekk_Latn-sun_Latn,metricx24,unknown,154982,1200000,0.1
ekk_Latn-swa_Latn,qwen3-4b-instruct-2507,unknown,485380,28000,17.3
ekk_Latn-swc_Latn,qwen3-4b-instruct-2507,unknown,142104,28000,5.1
ekk_Latn-swe_Latn,metricx24,unknown,29950948,1200000,25.0
ekk_Latn-swh_Latn,metricx24,unknown,1007284,1200000,0.8
ekk_Latn-tam_Taml,metricx24,unknown,1195517,1200000,1.0
ekk_Latn-tel_Telu,metricx24,unknown,712325,1200000,0.6
ekk_Latn-tgk_Cyrl,metricx24,unknown,143078,1200000,0.1
ekk_Latn-tgl_Latn,qwen3-4b-instruct-2507,unknown,473544,28000,16.9
ekk_Latn-tha_Thai,metricx24,unknown,6068855,1200000,5.1
ekk_Latn-tur_Latn,metricx24,unknown,16950601,1200000,14.1
ekk_Latn-ukr_Cyrl,metricx24,unknown,8170690,1200000,6.8
ekk_Latn-urd_Arab,metricx24,unknown,954433,1200000,0.8
ekk_Latn-uzn_Latn,metricx24,unknown,236690,1200000,0.2
ekk_Latn-vec_Latn,qwen3-4b-instruct-2507,unknown,108601,28000,3.9
ekk_Latn-vie_Latn,metricx24,unknown,11457084,1200000,9.5
ekk_Latn-xho_Latn,metricx24,unknown,219710,1200000,0.2
ekk_Latn-yor_Latn,metricx24,unknown,77695,1200000,0.1
ekk_Latn-yue_Hani,qwen3-4b-instruct-2507,unknown,330661,28000,11.8
ekk_Latn-zho_Hans,metricx24,unknown,2957487,1200000,2.5
ekk_Latn-zho_Hant,metricx24,unknown,2250375,1200000,1.9
ekk_Latn-zsm_Latn,metricx24,unknown,2189898,1200000,1.8
ell_Grek-abk_Cyrl,metricx24,unknown,110085,1200000,0.1
ell_Grek-afr_Latn,shaomutan_remedy-9b-22,0.930525567,368464,200000,1.8
ell_Grek-als_Latn,metricx24,0.833889,5529929,1200000,4.6
ell_Grek-ast_Latn,qwen3-4b-instruct-2507,0.900791,294306,28000,10.5
ell_Grek-azj_Latn,qwen3-4b-instruct-2507,0.885306,62967,28000,2.2
ell_Grek-bak_Cyrl,shaomutan_remedy-9b-22,0.879846564,156646,200000,0.8
ell_Grek-bel_Cyrl,shaomutan_remedy-9b-22,0.946863434,59941,200000,0.3
ell_Grek-bre_Latn,metricx24,unknown,49661,1200000,0.0
ell_Grek-cat_Latn,qwen3-4b-instruct-2507,0.970991,288758,28000,10.3
ell_Grek-ces_Latn,qwen3-4b-instruct-2507,0.967855,489141,28000,17.5
ell_Grek-ckb_Arab,metricx24,0.760649717,168810,1200000,0.1
ell_Grek-cmn_Hani,metricx24,unknown,17020597,1200000,14.2
ell_Grek-crh_Latn,shaomutan_remedy-9b-22,0.797885564,84255,200000,0.4
ell_Grek-dan_Latn,qwen3-4b-instruct-2507,0.959567,653607,28000,23.3
ell_Grek-deu_Latn,qwen3-4b-instruct-2507,0.959607,202721,28000,7.2
ell_Grek-ekk_Latn,metricx24,unknown,27801870,1200000,23.2
ell_Grek-ell_Grek,metricx24,unknown,164855,1200000,0.1
ell_Grek-eng_Latn,metricx24,0.839104,191846450,1200000,159.9
ell_Grek-epo_Latn,shaomutan_remedy-9b-22,0.925523463,2285911,200000,11.4
ell_Grek-est_Latn,metricx24,0.73553,6684586,1200000,5.6
ell_Grek-eus_Latn,shaomutan_remedy-9b-22,0.928776706,4741423,200000,23.7
ell_Grek-fao_Latn,qwen3-4b-instruct-2507,0.867282,77908,28000,2.8
ell_Grek-fas_Arab,metricx24,unknown,38214169,1200000,31.8
ell_Grek-fil_Latn,metricx24,unknown,921074,1200000,0.8
ell_Grek-fin_Latn,metricx24,0.799953,68179155,1200000,56.8
ell_Grek-fra_Latn,metricx24,0.859695,126721271,1200000,105.6
ell_Grek-fro_Latn,metricx24,unknown,220045,1200000,0.2
ell_Grek-fry_Latn,metricx24,unknown,197197,1200000,0.2
ell_Grek-fur_Latn,qwen3-4b-instruct-2507,0.889741,629506,28000,22.5
ell_Grek-gla_Latn,shaomutan_remedy-9b-22,0.811803906,75562,200000,0.4
ell_Grek-gle_Latn,m-prometheus-7b,0.878685913,1384379,27000,51.3
ell_Grek-glg_Latn,qwen3-4b-instruct-2507,0.966585,1432210,28000,51.2
ell_Grek-gug_Latn,metricx24,unknown,74198,1200000,0.1
ell_Grek-guj_Gujr,qwen3-4b-instruct-2507,0.947969,132429,28000,4.7
ell_Grek-hat_Latn,shaomutan_remedy-9b-22,0.879804755,303797,200000,1.5
ell_Grek-hau_Latn,shaomutan_remedy-9b-22,0.845148874,319872,200000,1.6
ell_Grek-hbs_Latn,metricx24,unknown,1299116,1200000,1.1
ell_Grek-heb_Hebr,metricx24,0.840656,48350997,1200000,40.3
ell_Grek-hin_Deva,metricx24,0.789093,7331634,1200000,6.1
ell_Grek-hne_Deva,qwen3-4b-instruct-2507,0.841533,120726,28000,4.3
ell_Grek-hrv_Latn,metricx24,0.918166,45831939,1200000,38.2
ell_Grek-hun_Latn,metricx24,0.801522,68473192,1200000,57.1
ell_Grek-hye_Armn,qwen3-4b-instruct-2507,0.938183,410303,28000,14.7
ell_Grek-ibo_Latn,shaomutan_remedy-9b-22,0.783075199,128209,200000,0.6
ell_Grek-ilo_Latn,qwen3-4b-instruct-2507,0.777446,173628,28000,6.2
ell_Grek-ina_Latn,metricx24,unknown,137040,1200000,0.1
ell_Grek-ind_Latn,metricx24,0.850705,50121060,1200000,41.8
ell_Grek-isl_Latn,shaomutan_remedy-9b-22,0.904405633,6423546,200000,32.1
ell_Grek-ita_Latn,metricx24,0.888909,88121427,1200000,73.4
ell_Grek-jam_Latn,metricx24,unknown,58987,1200000,0.0
ell_Grek-jav_Latn,qwen3-4b-instruct-2507,0.861374,475878,28000,17.0
ell_Grek-jpn_Jpan,metricx24,0.796015,12153185,1200000,10.1
ell_Grek-kab_Latn,qwen3-4b-instruct-2507,0.408855,276978,28000,9.9
ell_Grek-kan_Knda,qwen3-4b-instruct-2507,0.937576,167557,28000,6.0
ell_Grek-kat_Geor,shaomutan_remedy-9b-22,0.915348698,753133,200000,3.8
ell_Grek-kaz_Cyrl,shaomutan_remedy-9b-22,0.940696806,371465,200000,1.9
ell_Grek-khk_Cyrl,metricx24,0.805216055,161422,1200000,0.1
ell_Grek-khm_Khmr,qwen3-4b-instruct-2507,0.930393,624028,28000,22.3
ell_Grek-kin_Latn,shaomutan_remedy-9b-22,0.83003983,154994,200000,0.8
ell_Grek-kir_Cyrl,shaomutan_remedy-9b-22,0.881646281,103954,200000,0.5
ell_Grek-kiu_Latn,metricx24,unknown,191607,1200000,0.2
ell_Grek-kmr_Latn,metricx24,0.714321811,108464,1200000,0.1
ell_Grek-kor_Hang,metricx24,0.817341,23437322,1200000,19.5
ell_Grek-kor_Zyyy,metricx24,unknown,3608573,1200000,3.0
ell_Grek-lao_Laoo,qwen3-4b-instruct-2507,0.891508,112635,28000,4.0
ell_Grek-lat_Latn,metricx24,unknown,411323,1200000,0.3
ell_Grek-lav_Latn,metricx24,unknown,1593569,1200000,1.3
ell_Grek-lim_Latn,qwen3-4b-instruct-2507,0.839268,286507,28000,10.2
ell_Grek-lit_Latn,metricx24,0.789483,22187541,1200000,18.5
ell_Grek-ltz_Latn,qwen3-4b-instruct-2507,0.901399,215388,28000,7.7
ell_Grek-lug_Latn,shaomutan_remedy-9b-22,0.515291004,37630,200000,0.2
ell_Grek-lvs_Latn,metricx24,0.738082,17655028,1200000,14.7
ell_Grek-lzh_Hani,metricx24,unknown,569663,1200000,0.5
ell_Grek-mal_Mlym,metricx24,0.794285,2005764,1200000,1.7
ell_Grek-mar_Deva,qwen3-4b-instruct-2507,0.932797,568000,28000,20.3
ell_Grek-mhr_Cyrl,metricx24,unknown,157556,1200000,0.1
ell_Grek-mkd_Cyrl,metricx24,0.848707,6037069,1200000,5.0
ell_Grek-mlg_Latn,metricx24,unknown,194390,1200000,0.2
ell_Grek-mlt_Latn,shaomutan_remedy-9b-22,0.929075461,5019487,200000,25.1
ell_Grek-mon_Cyrl,metricx24,unknown,177787,1200000,0.1
ell_Grek-mri_Latn,shaomutan_remedy-9b-22,0.745801133,84912,200000,0.4
ell_Grek-msa_Latn,metricx24,unknown,5692373,1200000,4.7
ell_Grek-mya_Mymr,shaomutan_remedy-9b-22,0.921948813,923029,200000,4.6
ell_Grek-nap_Latn,metricx24,unknown,96793,1200000,0.1
ell_Grek-nds_Latn,metricx24,unknown,218816,1200000,0.2
ell_Grek-nep_Deva,metricx24,unknown,322486,1200000,0.3
ell_Grek-nld_Latn,metricx24,0.89518,87260975,1200000,72.7
ell_Grek-nno_Latn,shaomutan_remedy-9b-22,0.932618983,774562,200000,3.9
ell_Grek-nob_Latn,metricx24,0.82987,28926875,1200000,24.1
ell_Grek-nor_Latn,metricx24,unknown,12186622,1200000,10.2
ell_Grek-npi_Deva,qwen3-4b-instruct-2507,0.926779,180436,28000,6.4
ell_Grek-nso_Latn,metricx24,0.623408317,38088,1200000,0.0
ell_Grek-nya_Latn,shaomutan_remedy-9b-22,0.768800747,56694,200000,0.3
ell_Grek-oci_Latn,qwen3-4b-instruct-2507,0.900209,266284,28000,9.5
ell_Grek-pan_Guru,qwen3-4b-instruct-2507,0.947496,153457,28000,5.5
ell_Grek-pap_Latn,qwen3-4b-instruct-2507,0.881463,218629,28000,7.8
ell_Grek-pbt_Arab,shaomutan_remedy-9b-22,0.779845737,60702,200000,0.3
ell_Grek-plt_Latn,metricx24,0.765894298,147117,1200000,0.1
ell_Grek-pol_Latn,metricx24,0.786648,80168081,1200000,66.8
ell_Grek-por_Latn,metricx24,0.846102,109715896,1200000,91.4
ell_Grek-pus_Arab,metricx24,unknown,93505,1200000,0.1
ell_Grek-rmy_Latn,metricx24,unknown,100351,1200000,0.1
ell_Grek-roh_Latn,metricx24,unknown,20400,1200000,0.0
ell_Grek-ron_Latn,metricx24,0.82811,81754509,1200000,68.1
ell_Grek-rus_Cyrl,metricx24,0.86916,59164351,1200000,49.3
ell_Grek-scn_Latn,qwen3-4b-instruct-2507,0.864291,161280,28000,5.8
ell_Grek-sco_Latn,metricx24,unknown,102239,1200000,0.1
ell_Grek-shp_Latn,metricx24,unknown,30370,1200000,0.0
ell_Grek-sin_Sinh,shaomutan_remedy-9b-22,0.919251203,2384785,200000,11.9
ell_Grek-slk_Latn,metricx24,0.775236,33688447,1200000,28.1
ell_Grek-slv_Latn,metricx24,0.868489,35300957,1200000,29.4
ell_Grek-sna_Latn,shaomutan_remedy-9b-22,0.781958606,88185,200000,0.4
ell_Grek-snd_Arab,qwen3-4b-instruct-2507,0.895963,110607,28000,4.0
ell_Grek-som_Latn,shaomutan_remedy-9b-22,0.78102812,215722,200000,1.1
ell_Grek-spa_Latn,metricx24,0.858354,139529146,1200000,116.3
ell_Grek-sqi_Latn,metricx24,unknown,1559822,1200000,1.3
ell_Grek-srd_Latn,qwen3-4b-instruct-2507,0.859238,1414084,28000,50.5
ell_Grek-srp_Cyrl,metricx24,0.886281,6660115,1200000,5.6
ell_Grek-srp_Latn,metricx24,unknown,42466056,1200000,35.4
ell_Grek-sun_Latn,qwen3-4b-instruct-2507,0.877745,234855,28000,8.4
ell_Grek-swa_Latn,metricx24,unknown,1037806,1200000,0.9
ell_Grek-swc_Latn,metricx24,unknown,222975,1200000,0.2
ell_Grek-swe_Latn,metricx24,0.856662,67844644,1200000,56.5
ell_Grek-swh_Latn,shaomutan_remedy-9b-22,0.915103398,1167617,200000,5.8
ell_Grek-tam_Taml,metricx24,0.812205,3444211,1200000,2.9
ell_Grek-tat_Cyrl,shaomutan_remedy-9b-22,0.873020452,129303,200000,0.6
ell_Grek-tel_Telu,qwen3-4b-instruct-2507,0.947885,1242656,28000,44.4
ell_Grek-tgk_Cyrl,qwen3-4b-instruct-2507,0.888328,175039,28000,6.3
ell_Grek-tgl_Latn,shaomutan_remedy-9b-22,0.940842296,1546616,200000,7.7
ell_Grek-tha_Thai,metricx24,0.807826,18612564,1200000,15.5
ell_Grek-tur_Latn,metricx24,0.745149,64515994,1200000,53.8
ell_Grek-ukr_Cyrl,metricx24,0.82611,14139448,1200000,11.8
ell_Grek-und_Geor,metricx24,unknown,59440,1200000,0.0
ell_Grek-und_Hira,metricx24,unknown,87322,1200000,0.1
ell_Grek-und_Kana,metricx24,unknown,307550,1200000,0.3
ell_Grek-urd_Arab,qwen3-4b-instruct-2507,0.899876,1412147,28000,50.4
ell_Grek-uzn_Latn,qwen3-4b-instruct-2507,0.883698,203724,28000,7.3
ell_Grek-vec_Latn,qwen3-4b-instruct-2507,0.90991,650848,28000,23.2
ell_Grek-vie_Latn,shaomutan_remedy-9b-22,0.937704722,33869812,200000,169.3
ell_Grek-wes_Latn,metricx24,unknown,60698,1200000,0.1
ell_Grek-wln_Latn,metricx24,unknown,51426,1200000,0.0
ell_Grek-wol_Latn,shaomutan_remedy-9b-22,0.533137677,92657,200000,0.5
ell_Grek-xav_Latn,metricx24,unknown,80161,1200000,0.1
ell_Grek-xho_Latn,shaomutan_remedy-9b-22,0.788464204,395315,200000,2.0
ell_Grek-yor_Latn,shaomutan_remedy-9b-22,0.709734786,108587,200000,0.5
ell_Grek-yue_Hani,metricx24,unknown,1061738,1200000,0.9
ell_Grek-zho_Hans,metricx24,0.844011,10132124,1200000,8.4
ell_Grek-zho_Hant,metricx24,0.8274,7671233,1200000,6.4
ell_Grek-zsm_Latn,metricx24,0.822912,3745585,1200000,3.1
ell_Grek-zul_Latn,shaomutan_remedy-9b-22,0.838243696,121588,200000,0.6
eng_Latn-aba_Latn,metricx24,unknown,57745,1200000,0.0
eng_Latn-abk_Cyrl,metricx24,unknown,205499,1200000,0.2
eng_Latn-ace_Latn,metricx24,0.723564094,157971,1200000,0.1
eng_Latn-ach_Latn,metricx24,unknown,314110,1200000,0.3
eng_Latn-aeb_Arab,qwen3-4b-instruct-2507,0.881025,110636,28000,4.0
eng_Latn-afr_Latn,qwen3-4b-instruct-2507,0.979671,862881,28000,30.8
eng_Latn-aln_Latn,metricx24,unknown,560824,1200000,0.5
eng_Latn-als_Latn,metricx24,0.884109,86288228,1200000,71.9
eng_Latn-arb_Arab,qwen3-4b-instruct-2507,0.991573,643191,28000,23.0
eng_Latn-arg_Latn,metricx24,unknown,490459,1200000,0.4
eng_Latn-ars_Arab,qwen3-4b-instruct-2507,0.967651,185789,28000,6.6
eng_Latn-arz_Arab,qwen3-4b-instruct-2507,0.949169,421237,28000,15.0
eng_Latn-ast_Latn,metricx24,0.729791,3445795,1200000,2.9
eng_Latn-awa_Deva,bicleaner-ai,0.971343454,97141,2250000,0.0
eng_Latn-ayr_Latn,bicleaner-ai,0.484782977,481102,2250000,0.2
eng_Latn-azb_Arab,metricx24,0.612925754,86891,1200000,0.1
eng_Latn-azj_Latn,qwen3-4b-instruct-2507,0.914993,246896,28000,8.8
eng_Latn-bak_Cyrl,shaomutan_remedy-9b-22,0.932151716,397281,200000,2.0
eng_Latn-bam_Latn,shaomutan_remedy-9b-22,0.638140505,249493,200000,1.2
eng_Latn-ban_Latn,metricx24,0.778080522,108871,1200000,0.1
eng_Latn-bar_Latn,metricx24,unknown,100412,1200000,0.1
eng_Latn-bcc_Arab,metricx24,unknown,178947,1200000,0.1
eng_Latn-bcl_Latn,metricx24,unknown,350106,1200000,0.3
eng_Latn-bel_Cyrl,qwen3-4b-instruct-2507,0.954067,139044,28000,5.0
eng_Latn-bem_Latn,metricx24,0.618256926,65350,1200000,0.1
eng_Latn-ben_Beng,bicleaner-ai,0.987087108,373307,2250000,0.2
eng_Latn-bew_Latn,metricx24,unknown,870327,1200000,0.7
eng_Latn-bho_Deva,qwen3-4b-instruct-2507,0.884166,499582,28000,17.8
eng_Latn-bjn_Latn,qwen3-4b-instruct-2507,0.873843,233232,28000,8.3
eng_Latn-bre_Latn,metricx24,unknown,106854,1200000,0.1
eng_Latn-btx_Latn,metricx24,unknown,136082,1200000,0.1
eng_Latn-bul_Cyrl,qwen3-4b-instruct-2507,0.990597,138951,28000,5.0
eng_Latn-cat_Latn,qwen3-4b-instruct-2507,0.989323,711417,28000,25.4
eng_Latn-cbk_Latn,metricx24,unknown,554790,1200000,0.5
eng_Latn-ceb_Latn,qwen3-4b-instruct-2507,0.974306,166841,28000,6.0
eng_Latn-ces_Latn,qwen3-4b-instruct-2507,0.990095,776234,28000,27.7
eng_Latn-cfm_Latn,metricx24,unknown,185820,1200000,0.2
eng_Latn-ckb_Arab,m-prometheus-7b,0.880179194,151117,27000,5.6
eng_Latn-cmn_Hani,metricx24,unknown,98229360,1200000,81.9
eng_Latn-cnh_Latn,metricx24,unknown,549042,1200000,0.5
eng_Latn-cnr_Latn,metricx24,unknown,239101,1200000,0.2
eng_Latn-cos_Latn,metricx24,unknown,280282,1200000,0.2
eng_Latn-crh_Latn,shaomutan_remedy-9b-22,0.851786342,303539,200000,1.5
eng_Latn-crs_Latn,metricx24,unknown,346854,1200000,0.3
eng_Latn-cto_Latn,metricx24,unknown,100637,1200000,0.1
eng_Latn-cym_Latn,m-prometheus-7b,0.967446491,37309,27000,1.4
eng_Latn-dan_Latn,metricx24,0.915805,3114934,1200000,2.6
eng_Latn-deu_Latn,metricx24,0.962284,5522667,1200000,4.6
eng_Latn-ekk_Latn,metricx24,unknown,71199152,1200000,59.3
eng_Latn-ell_Grek,qwen3-4b-instruct-2507,0.983295,195351,28000,7.0
eng_Latn-eml_Latn,metricx24,unknown,145996,1200000,0.1
eng_Latn-eng_Latn,metricx24,unknown,11744029,1200000,9.8
eng_Latn-enm_Latn,metricx24,unknown,78731,1200000,0.1
eng_Latn-epo_Latn,metricx24,0.880257,76904172,1200000,64.1
eng_Latn-est_Latn,metricx24,0.816854,11336747,1200000,9.4
eng_Latn-eus_Latn,metricx24,0.858742,12915487,1200000,10.8
eng_Latn-ewe_Latn,shaomutan_remedy-9b-22,0.519311327,4125730,200000,20.6
eng_Latn-fao_Latn,shaomutan_remedy-9b-22,0.898197627,3190111,200000,16.0
eng_Latn-fas_Arab,metricx24,unknown,91308603,1200000,76.1
eng_Latn-fij_Latn,shaomutan_remedy-9b-22,0.729759324,3739899,200000,18.7
eng_Latn-fil_Latn,metricx24,unknown,57744540,1200000,48.1
eng_Latn-fin_Latn,metricx24,0.860616,207684356,1200000,173.1
eng_Latn-fon_Latn,qwen3-4b-instruct-2507,0.457685,1710939,28000,61.1
eng_Latn-fra_Latn,metricx24,0.89632,1015065161,1200000,845.9
eng_Latn-fro_Latn,metricx24,unknown,695870,1200000,0.6
eng_Latn-frp_Latn,metricx24,unknown,66591,1200000,0.1
eng_Latn-fry_Latn,metricx24,unknown,1366686,1200000,1.1
eng_Latn-fub_Latn,metricx24,unknown,163905,1200000,0.1
eng_Latn-ful_Latn,metricx24,unknown,679817,1200000,0.6
eng_Latn-fur_Latn,metricx24,0.753972,4203863,1200000,3.5
eng_Latn-fuv_Latn,qwen3-4b-instruct-2507,0.387571,370696,28000,13.2
eng_Latn-gaa_Latn,metricx24,unknown,135598,1200000,0.1
eng_Latn-gaz_Latn,metricx24,0.634033582,1754088,1200000,1.5
eng_Latn-gcf_Latn,metricx24,unknown,187086,1200000,0.2
eng_Latn-gla_Latn,shaomutan_remedy-9b-22,0.881771636,6990317,200000,35.0
eng_Latn-gle_Latn,m-prometheus-7b,0.950791439,32165790,27000,1191.3
eng_Latn-glg_Latn,metricx24,0.884909,18586671,1200000,15.5
eng_Latn-glk_Arab,metricx24,unknown,99252,1200000,0.1
eng_Latn-gos_Latn,metricx24,unknown,59514,1200000,0.0
eng_Latn-grn_Latn,shaomutan_remedy-9b-22,0.798510274,276120,200000,1.4
eng_Latn-gsw_Latn,metricx24,unknown,242088,1200000,0.2
eng_Latn-gug_Latn,metricx24,unknown,3046033,1200000,2.5
eng_Latn-guj_Gujr,metricx24,0.831454,44102588,1200000,36.8
eng_Latn-hat_Latn,shaomutan_remedy-9b-22,0.916281455,15013202,200000,75.1
eng_Latn-hau_Latn,shaomutan_remedy-9b-22,0.911486391,9276207,200000,46.4
eng_Latn-haw_Latn,metricx24,unknown,335169,1200000,0.3
eng_Latn-hbo_Hebr,metricx24,unknown,89101,1200000,0.1
eng_Latn-hbs_Latn,metricx24,unknown,1751218,1200000,1.5
eng_Latn-heb_Hebr,metricx24,0.91195,91939110,1200000,76.6
eng_Latn-hil_Latn,metricx24,unknown,146985,1200000,0.1
eng_Latn-hin_Deva,metricx24,0.855027,96392467,1200000,80.3
eng_Latn-hin_Latn,metricx24,unknown,178567,1200000,0.1
eng_Latn-hmr_Latn,metricx24,unknown,98202,1200000,0.1
eng_Latn-hne_Deva,bicleaner-ai,0.954876556,979949,2250000,0.4
eng_Latn-hrv_Latn,metricx24,0.944897,120931735,1200000,100.8
eng_Latn-hrx_Latn,metricx24,unknown,69947,1200000,0.1
eng_Latn-hun_Latn,metricx24,0.859033,169445130,1200000,141.2
eng_Latn-hye_Armn,m-prometheus-7b,0.986948731,17513130,27000,648.6
eng_Latn-hyw_Armn,metricx24,unknown,680012,1200000,0.6
eng_Latn-ibo_Latn,shaomutan_remedy-9b-22,0.822213047,6423011,200000,32.1
eng_Latn-ido_Latn,metricx24,unknown,280957,1200000,0.2
eng_Latn-ile_Latn,metricx24,unknown,88507,1200000,0.1
eng_Latn-ilo_Latn,qwen3-4b-instruct-2507,0.893917,1803838,28000,64.4
eng_Latn-ina_Latn,metricx24,unknown,403462,1200000,0.3
eng_Latn-ind_Latn,metricx24,0.910474,160699655,1200000,133.9
eng_Latn-isl_Latn,metricx24,0.834793,27119962,1200000,22.6
eng_Latn-ita_Latn,metricx24,0.927354,473924704,1200000,394.9
eng_Latn-jam_Latn,metricx24,unknown,277990,1200000,0.2
eng_Latn-jav_Latn,metricx24,0.818536,17698126,1200000,14.7
eng_Latn-jbo_Latn,metricx24,unknown,57164,1200000,0.0
eng_Latn-jpn_Jpan,metricx24,0.863388,122848419,1200000,102.4
eng_Latn-kab_Latn,metricx24,0.425827,4261858,1200000,3.6
eng_Latn-kac_Latn,metricx24,0.568372722,974667,1200000,0.8
eng_Latn-kam_Latn,qwen3-4b-instruct-2507,0.435455,1508285,28000,53.9
eng_Latn-kan_Knda,metricx24,0.846882,39927852,1200000,33.3
eng_Latn-kas_Arab,bicleaner-ai,0.830456446,571410,2250000,0.3
eng_Latn-kas_Deva,qwen3-4b-instruct-2507,0.492051,826305,28000,29.5
eng_Latn-kat_Geor,m-prometheus-7b,0.979163763,12721006,27000,471.1
eng_Latn-kau_Zyyy,metricx24,unknown,746247,1200000,0.6
eng_Latn-kaz_Cyrl,shaomutan_remedy-9b-22,0.941472984,36763178,200000,183.8
eng_Latn-kbp_Latn,qwen3-4b-instruct-2507,0.531329,1304420,28000,46.6
eng_Latn-kea_Latn,qwen3-4b-instruct-2507,0.922683,1360254,28000,48.6
eng_Latn-khk_Cyrl,m-prometheus-7b,0.875131906,16000135,27000,592.6
eng_Latn-khm_Khmr,m-prometheus-7b,0.969452464,7753127,27000,287.2
eng_Latn-kik_Latn,shaomutan_remedy-9b-22,0.744070107,2115258,200000,10.6
eng_Latn-kin_Latn,shaomutan_remedy-9b-22,0.885954594,10293662,200000,51.5
eng_Latn-kir_Cyrl,shaomutan_remedy-9b-22,0.949073419,20395438,200000,102.0
eng_Latn-kiu_Latn,metricx24,unknown,1192154,1200000,1.0
eng_Latn-kjh_Cyrl,metricx24,unknown,99068,1200000,0.1
eng_Latn-kmb_Latn,metricx24,0.480137744,187912,1200000,0.2
eng_Latn-kmr_Latn,qwen3-4b-instruct-2507,0.768049,1177675,28000,42.1
eng_Latn-kng_Latn,metricx24,unknown,1185028,1200000,1.0
eng_Latn-kon_Latn,shaomutan_remedy-9b-22,0.614337672,711392,200000,3.6
eng_Latn-kor_Hang,metricx24,0.865746,69762768,1200000,58.1
eng_Latn-kor_Zyyy,metricx24,unknown,13807324,1200000,11.5
eng_Latn-ksh_Latn,metricx24,unknown,154428,1200000,0.1
eng_Latn-ktu_Latn,metricx24,unknown,112267,1200000,0.1
eng_Latn-kwy_Latn,metricx24,unknown,113633,1200000,0.1
eng_Latn-lad_Latn,metricx24,unknown,248289,1200000,0.2
eng_Latn-lao_Laoo,metricx24,0.83972,6171325,1200000,5.1
eng_Latn-lat_Latn,metricx24,unknown,1931011,1200000,1.6
eng_Latn-lav_Latn,metricx24,unknown,3685563,1200000,3.1
eng_Latn-lfn_Latn,metricx24,unknown,137336,1200000,0.1
eng_Latn-lij_Latn,qwen3-4b-instruct-2507,0.911628,1149610,28000,41.1
eng_Latn-lim_Latn,metricx24,0.717823,5271088,1200000,4.4
eng_Latn-lin_Latn,shaomutan_remedy-9b-22,0.774348698,3035485,200000,15.2
eng_Latn-lit_Latn,metricx24,0.852908,73227315,1200000,61.0
eng_Latn-lmo_Latn,metricx24,0.656693,7102944,1200000,5.9
eng_Latn-ltg_Latn,metricx24,0.523592398,216866,1200000,0.2
eng_Latn-ltz_Latn,metricx24,0.910113,23331204,1200000,19.4
eng_Latn-lua_Latn,shaomutan_remedy-9b-22,0.588134971,1954716,200000,9.8
eng_Latn-lub_Latn,metricx24,unknown,272227,1200000,0.2
eng_Latn-lug_Latn,shaomutan_remedy-9b-22,0.691064322,3206949,200000,16.0
eng_Latn-luo_Latn,metricx24,0.450027587,2297162,1200000,1.9
eng_Latn-lus_Latn,metricx24,0.66169319,4669691,1200000,3.9
eng_Latn-lus_Zyyy,metricx24,unknown,1078293,1200000,0.9
eng_Latn-lvs_Latn,metricx24,0.809009,59747006,1200000,49.8
eng_Latn-lzh_Hani,metricx24,unknown,2180017,1200000,1.8
eng_Latn-mad_Latn,metricx24,unknown,153182,1200000,0.1
eng_Latn-mag_Deva,bicleaner-ai,0.959124938,1646891,2250000,0.7
eng_Latn-mai_Deva,bicleaner-ai,0.984525137,3633838,2250000,1.6
eng_Latn-mal_Mlym,metricx24,0.857072,58937574,1200000,49.1
eng_Latn-mar_Deva,metricx24,0.846343,41960794,1200000,35.0
eng_Latn-mar_Latn,metricx24,unknown,70825,1200000,0.1
eng_Latn-mav_Latn,metricx24,unknown,63395,1200000,0.1
eng_Latn-mfe_Latn,metricx24,unknown,220129,1200000,0.2
eng_Latn-mhr_Cyrl,metricx24,unknown,288584,1200000,0.2
eng_Latn-min_Latn,qwen3-4b-instruct-2507,0.899348,505408,28000,18.1
eng_Latn-mkd_Cyrl,metricx24,0.89742,24351041,1200000,20.3
eng_Latn-mlg_Latn,metricx24,unknown,926893,1200000,0.8
eng_Latn-mlt_Latn,metricx24,0.842613,25784581,1200000,21.5
eng_Latn-mni_Beng,metricx24,0.531661841,483364,1200000,0.4
eng_Latn-mon_Cyrl,metricx24,unknown,891763,1200000,0.7
eng_Latn-mos_Latn,qwen3-4b-instruct-2507,0.430333,1937077,28000,69.2
eng_Latn-mri_Latn,shaomutan_remedy-9b-22,0.797057622,5737055,200000,28.7
eng_Latn-mrj_Cyrl,metricx24,unknown,60988,1200000,0.1
eng_Latn-msa_Latn,metricx24,unknown,36381494,1200000,30.3
eng_Latn-mui_Latn,metricx24,unknown,245521,1200000,0.2
eng_Latn-mwl_Latn,metricx24,unknown,81506,1200000,0.1
eng_Latn-mya_Mymr,m-prometheus-7b,0.943006471,11923927,27000,441.6
eng_Latn-nah_Latn,metricx24,unknown,119554,1200000,0.1
eng_Latn-nap_Latn,metricx24,unknown,562100,1200000,0.5
eng_Latn-nbl_Latn,metricx24,unknown,103570,1200000,0.1
eng_Latn-nde_Latn,metricx24,unknown,204651,1200000,0.2
eng_Latn-nds_Latn,metricx24,unknown,439728,1200000,0.4
eng_Latn-nep_Deva,metricx24,unknown,5584585,1200000,4.7
eng_Latn-nld_Latn,metricx24,0.937376,403495219,1200000,336.2
eng_Latn-nno_Latn,metricx24,0.886604,5029400,1200000,4.2
eng_Latn-nob_Latn,metricx24,0.890248,137318258,1200000,114.4
eng_Latn-nor_Latn,metricx24,unknown,45294936,1200000,37.7
eng_Latn-npi_Deva,bicleaner-ai,0.98510005,17683249,2250000,7.9
eng_Latn-nso_Latn,metricx24,0.706184008,3290467,1200000,2.7
eng_Latn-nus_Latn,qwen3-4b-instruct-2507,0.605814,1091863,28000,39.0
eng_Latn-nya_Latn,shaomutan_remedy-9b-22,0.824465945,1945231,200000,9.7
eng_Latn-nzi_Latn,metricx24,unknown,171399,1200000,0.1
eng_Latn-oci_Latn,metricx24,0.798734,2293259,1200000,1.9
eng_Latn-ori_Orya,metricx24,unknown,108145,1200000,0.1
eng_Latn-orm_Latn,metricx24,unknown,1146505,1200000,1.0
eng_Latn-orv_Cyrl,metricx24,unknown,177320,1200000,0.1
eng_Latn-ory_Orya,m-prometheus-7b,0.98259333,14647225,27000,542.5
eng_Latn-pag_Latn,metricx24,0.594013,3172841,1200000,2.6
eng_Latn-pam_Latn,metricx24,unknown,101153,1200000,0.1
eng_Latn-pan_Guru,bicleaner-ai,0.991553011,15701702,2250000,7.0
eng_Latn-pan_Latn,metricx24,unknown,97799,1200000,0.1
eng_Latn-pap_Latn,metricx24,0.767098,15503897,1200000,12.9
eng_Latn-pbt_Arab,shaomutan_remedy-9b-22,0.855842805,11075730,200000,55.4
eng_Latn-pcd_Latn,metricx24,unknown,63891,1200000,0.1
eng_Latn-pcm_Latn,metricx24,unknown,111346,1200000,0.1
eng_Latn-plt_Latn,bicleaner-ai,0.87361772,3984626,2250000,1.8
eng_Latn-pms_Latn,metricx24,unknown,178858,1200000,0.1
eng_Latn-pnb_Arab,metricx24,unknown,267877,1200000,0.2
eng_Latn-pol_Latn,metricx24,0.843013,263760149,1200000,219.8
eng_Latn-por_Latn,metricx24,0.887974,502616798,1200000,418.8
eng_Latn-prs_Arab,qwen3-4b-instruct-2507,0.95663,980477,28000,35.0
eng_Latn-pus_Arab,metricx24,unknown,432269,1200000,0.4
eng_Latn-qub_Latn,metricx24,unknown,208062,1200000,0.2
eng_Latn-que_Latn,metricx24,unknown,768060,1200000,0.6
eng_Latn-quh_Latn,metricx24,unknown,185673,1200000,0.2
eng_Latn-quw_Latn,metricx24,unknown,133675,1200000,0.1
eng_Latn-quy_Latn,metricx24,0.479750907,766247,1200000,0.6
eng_Latn-quz_Latn,metricx24,unknown,486975,1200000,0.4
eng_Latn-rmn_Latn,metricx24,unknown,63444,1200000,0.1
eng_Latn-rmy_Latn,metricx24,unknown,353875,1200000,0.3
eng_Latn-rnd_Latn,metricx24,unknown,46417,1200000,0.0
eng_Latn-roh_Latn,metricx24,unknown,51816,1200000,0.0
eng_Latn-ron_Latn,metricx24,0.883327,199801252,1200000,166.5
eng_Latn-run_Latn,shaomutan_remedy-9b-22,0.774656113,958234,200000,4.8
eng_Latn-rus_Cyrl,metricx24,0.921892,316825554,1200000,264.0
eng_Latn-sag_Latn,metricx24,0.471444798,3423033,1200000,2.9
eng_Latn-sah_Cyrl,metricx24,unknown,131690,1200000,0.1
eng_Latn-san_Deva,metricx24,0.71594,2958362,1200000,2.5
eng_Latn-scn_Latn,qwen3-4b-instruct-2507,0.891956,1563108,28000,55.8
eng_Latn-sco_Latn,metricx24,unknown,237818,1200000,0.2
eng_Latn-shn_Mymr,metricx24,0.738388961,636254,1200000,0.5
eng_Latn-shp_Latn,metricx24,unknown,48246,1200000,0.0
eng_Latn-sin_Sinh,m-prometheus-7b,0.959925336,32522394,27000,1204.5
eng_Latn-slk_Latn,metricx24,0.843603,117504574,1200000,97.9
eng_Latn-slv_Latn,metricx24,0.90656,86699032,1200000,72.2
eng_Latn-sme_Latn,metricx24,unknown,104088,1200000,0.1
eng_Latn-smo_Latn,shaomutan_remedy-9b-22,0.816602557,6053294,200000,30.3
eng_Latn-sna_Latn,shaomutan_remedy-9b-22,0.8484522,8865085,200000,44.3
eng_Latn-snd_Arab,metricx24,0.792963,10132130,1200000,8.4
eng_Latn-som_Latn,shaomutan_remedy-9b-22,0.847503082,10848900,200000,54.2
eng_Latn-sot_Latn,shaomutan_remedy-9b-22,0.879988256,1544630,200000,7.7
eng_Latn-spa_Latn,metricx24,0.896272,1248858772,1200000,1040.7
eng_Latn-sqi_Latn,metricx24,unknown,12216544,1200000,10.2
eng_Latn-srd_Latn,metricx24,0.833527,10492766,1200000,8.7
eng_Latn-srp_Cyrl,metricx24,0.916491,22780457,1200000,19.0
eng_Latn-srp_Latn,metricx24,unknown,76125601,1200000,63.4
eng_Latn-ssw_Latn,metricx24,0.718627576,358536,1200000,0.3
eng_Latn-sun_Latn,metricx24,0.83849,11322188,1200000,9.4
eng_Latn-swa_Latn,metricx24,unknown,11098586,1200000,9.2
eng_Latn-swc_Latn,metricx24,unknown,3244692,1200000,2.7
eng_Latn-swe_Latn,metricx24,0.908999,238073949,1200000,198.4
eng_Latn-swh_Latn,shaomutan_remedy-9b-22,0.911171569,20499645,200000,102.5
eng_Latn-szl_Latn,qwen3-4b-instruct-2507,0.856058,1777626,28000,63.5
eng_Latn-tam_Taml,metricx24,0.860132,58191605,1200000,48.5
eng_Latn-taq_Latn,qwen3-4b-instruct-2507,0.417312,426366,28000,15.2
eng_Latn-tar_Latn,metricx24,unknown,94060,1200000,0.1
eng_Latn-tat_Cyrl,shaomutan_remedy-9b-22,0.942935181,10064204,200000,50.3
eng_Latn-tel_Latn,metricx24,unknown,124957,1200000,0.1
eng_Latn-tel_Telu,metricx24,0.831182,54567496,1200000,45.5
eng_Latn-tgk_Cyrl,shaomutan_remedy-9b-22,0.920430211,12536816,200000,62.7
eng_Latn-tgl_Latn,metricx24,0.888003,14532406,1200000,12.1
eng_Latn-tha_Thai,metricx24,0.886286,34707207,1200000,28.9
eng_Latn-tig_Ethi,metricx24,unknown,139184,1200000,0.1
eng_Latn-tir_Ethi,shaomutan_remedy-9b-22,0.76844838,1248155,200000,6.2
eng_Latn-tlh_Latn,metricx24,unknown,22448,1200000,0.0
eng_Latn-tpi_Latn,metricx24,0.709923,2168446,1200000,1.8
eng_Latn-tsn_Latn,shaomutan_remedy-9b-22,0.828135603,5763864,200000,28.8
eng_Latn-tso_Latn,shaomutan_remedy-9b-22,0.785474642,623654,200000,3.1
eng_Latn-tuk_Arab,metricx24,unknown,98829,1200000,0.1
eng_Latn-tuk_Latn,shaomutan_remedy-9b-22,0.901674384,311670,200000,1.6
eng_Latn-tum_Latn,metricx24,0.754610118,479977,1200000,0.4
eng_Latn-tur_Latn,metricx24,0.818864,162239405,1200000,135.2
eng_Latn-twi_Latn,shaomutan_remedy-9b-22,0.794078948,3561894,200000,17.8
eng_Latn-tzm_Tfng,metricx24,0.513495894,128711,1200000,0.1
eng_Latn-uig_Arab,bicleaner-ai,0.89915331,9723796,2250000,4.3
eng_Latn-uig_Latn,metricx24,unknown,212965,1200000,0.2
eng_Latn-ukr_Cyrl,metricx24,0.880491,76838541,1200000,64.0
eng_Latn-umb_Latn,qwen3-4b-instruct-2507,0.431677,264537,28000,9.4
eng_Latn-und_Cyrl,metricx24,unknown,130656,1200000,0.1
eng_Latn-und_Geor,metricx24,unknown,65103,1200000,0.1
eng_Latn-und_Hebr,metricx24,unknown,39411,1200000,0.0
eng_Latn-und_Hira,metricx24,unknown,275446,1200000,0.2
eng_Latn-und_Kana,metricx24,unknown,1331125,1200000,1.1
eng_Latn-und_Sind,metricx24,unknown,220793,1200000,0.2
eng_Latn-und_Xsux,metricx24,unknown,211042,1200000,0.2
eng_Latn-urd_Arab,metricx24,0.857342,34716195,1200000,28.9
eng_Latn-urd_Latn,metricx24,unknown,266841,1200000,0.2
eng_Latn-uzb_Latn,metricx24,unknown,1399099,1200000,1.2
eng_Latn-uzn_Cyrl,metricx24,unknown,2265892,1200000,1.9
eng_Latn-uzn_Latn,bicleaner-ai,0.96653559,31445057,2250000,14.0
eng_Latn-vec_Latn,metricx24,0.666039,9496261,1200000,7.9
eng_Latn-ven_Latn,metricx24,unknown,121661,1200000,0.1
eng_Latn-vie_Latn,metricx24,0.905108,110794384,1200000,92.3
eng_Latn-vls_Latn,metricx24,unknown,120167,1200000,0.1
eng_Latn-war_Latn,metricx24,0.820769,8460284,1200000,7.1
eng_Latn-wes_Latn,metricx24,unknown,98270,1200000,0.1
eng_Latn-wln_Latn,metricx24,unknown,89285,1200000,0.1
eng_Latn-wol_Latn,shaomutan_remedy-9b-22,0.722060169,1949924,200000,9.7
eng_Latn-wuu_Hani,metricx24,unknown,503105,1200000,0.4
eng_Latn-xav_Latn,metricx24,unknown,442742,1200000,0.4
eng_Latn-xho_Latn,shaomutan_remedy-9b-22,0.867002115,28921475,200000,144.6
eng_Latn-ydd_Hebr,metricx24,0.833826,7269871,1200000,6.1
eng_Latn-yid_Hebr,metricx24,unknown,273867,1200000,0.2
eng_Latn-yor_Latn,shaomutan_remedy-9b-22,0.766191231,1702603,200000,8.5
eng_Latn-yue_Hani,metricx24,unknown,3426558,1200000,2.9
eng_Latn-zea_Latn,metricx24,unknown,204292,1200000,0.2
eng_Latn-zho_Hani,metricx24,unknown,3340715,1200000,2.8
eng_Latn-zho_Hans,metricx24,0.914598,71017441,1200000,59.2
eng_Latn-zho_Hant,metricx24,0.904452,10134721,1200000,8.4
eng_Latn-zho_Zyyy,metricx24,unknown,219622,1200000,0.2
eng_Latn-zpa_Latn,metricx24,unknown,74405,1200000,0.1
eng_Latn-zsm_Latn,metricx24,0.882342,48397591,1200000,40.3
eng_Latn-zul_Latn,shaomutan_remedy-9b-22,0.903679638,4422451,200000,22.1
enm_Latn-enm_Latn,qwen3-4b-instruct-2507,unknown,13973,28000,0.5
enm_Latn-fra_Latn,metricx24,unknown,77773,1200000,0.1
enm_Latn-spa_Latn,metricx24,unknown,81723,1200000,0.1
epo_Latn-als_Latn,qwen3-4b-instruct-2507,0.902509,1183792,28000,42.3
epo_Latn-cmn_Hani,metricx24,unknown,300527,1200000,0.3
epo_Latn-dan_Latn,shaomutan_remedy-9b-22,0.939380465,59294,200000,0.3
epo_Latn-deu_Latn,qwen3-4b-instruct-2507,0.944968,55411,28000,2.0
epo_Latn-ekk_Latn,metricx24,unknown,1099050,1200000,0.9
epo_Latn-ell_Grek,qwen3-4b-instruct-2507,0.949253,40871,28000,1.5
epo_Latn-eng_Latn,qwen3-4b-instruct-2507,0.979119,96643,28000,3.5
epo_Latn-epo_Latn,metricx24,unknown,59617,1200000,0.0
epo_Latn-est_Latn,qwen3-4b-instruct-2507,0.873559,508895,28000,18.2
epo_Latn-eus_Latn,qwen3-4b-instruct-2507,0.860772,1147370,28000,41.0
epo_Latn-fas_Arab,metricx24,unknown,1654956,1200000,1.4
epo_Latn-fil_Latn,metricx24,unknown,82743,1200000,0.1
epo_Latn-fin_Latn,shaomutan_remedy-9b-22,0.907208503,2241288,200000,11.2
epo_Latn-fra_Latn,metricx24,0.875953,23240168,1200000,19.4
epo_Latn-fry_Latn,metricx24,unknown,169327,1200000,0.1
epo_Latn-fur_Latn,qwen3-4b-instruct-2507,0.751005,56358,28000,2.0
epo_Latn-gle_Latn,m-prometheus-7b,0.857003484,298322,27000,11.0
epo_Latn-glg_Latn,qwen3-4b-instruct-2507,0.936585,897884,28000,32.1
epo_Latn-guj_Gujr,shaomutan_remedy-9b-22,0.942403921,111058,200000,0.6
epo_Latn-hat_Latn,shaomutan_remedy-9b-22,0.747760955,49015,200000,0.2
epo_Latn-hau_Latn,metricx24,0.786715627,130878,1200000,0.1
epo_Latn-hbs_Latn,metricx24,unknown,137844,1200000,0.1
epo_Latn-heb_Hebr,metricx24,0.864335,2032002,1200000,1.7
epo_Latn-hin_Deva,shaomutan_remedy-9b-22,0.924097864,685705,200000,3.4
epo_Latn-hne_Deva,qwen3-4b-instruct-2507,0.8066,68853,28000,2.5
epo_Latn-hrv_Latn,qwen3-4b-instruct-2507,0.922081,1739077,28000,62.1
epo_Latn-hun_Latn,metricx24,0.831386,2230801,1200000,1.9
epo_Latn-hye_Armn,qwen3-4b-instruct-2507,0.935276,77512,28000,2.8
epo_Latn-ibo_Latn,shaomutan_remedy-9b-22,0.67286939,42547,200000,0.2
epo_Latn-ilo_Latn,metricx24,0.744528289,59202,1200000,0.0
epo_Latn-ind_Latn,shaomutan_remedy-9b-22,0.935770663,928571,200000,4.6
epo_Latn-isl_Latn,shaomutan_remedy-9b-22,0.868271598,615541,200000,3.1
epo_Latn-ita_Latn,metricx24,0.898281,3728081,1200000,3.1
epo_Latn-jav_Latn,qwen3-4b-instruct-2507,0.806137,100928,28000,3.6
epo_Latn-jpn_Jpan,qwen3-4b-instruct-2507,0.952957,1087308,28000,38.8
epo_Latn-kan_Knda,shaomutan_remedy-9b-22,0.919832479,110957,200000,0.6
epo_Latn-kat_Geor,shaomutan_remedy-9b-22,0.927961325,108714,200000,0.5
epo_Latn-kaz_Cyrl,shaomutan_remedy-9b-22,0.939560804,192061,200000,1.0
epo_Latn-khm_Khmr,shaomutan_remedy-9b-22,0.925165735,61156,200000,0.3
epo_Latn-kin_Latn,metricx24,0.756971702,34686,1200000,0.0
epo_Latn-kor_Hang,qwen3-4b-instruct-2507,0.935824,548631,28000,19.6
epo_Latn-kor_Zyyy,metricx24,unknown,400827,1200000,0.3
epo_Latn-lat_Latn,metricx24,unknown,166578,1200000,0.1
epo_Latn-lav_Latn,metricx24,unknown,207525,1200000,0.2
epo_Latn-lit_Latn,shaomutan_remedy-9b-22,0.925879917,1579804,200000,7.9
epo_Latn-ltz_Latn,metricx24,0.890596323,154721,1200000,0.1
epo_Latn-lvs_Latn,qwen3-4b-instruct-2507,0.927616,1013027,28000,36.2
epo_Latn-lzh_Hani,metricx24,unknown,141025,1200000,0.1
epo_Latn-mal_Mlym,qwen3-4b-instruct-2507,0.932115,449265,28000,16.0
epo_Latn-mar_Deva,shaomutan_remedy-9b-22,0.924320835,359881,200000,1.8
epo_Latn-mkd_Cyrl,qwen3-4b-instruct-2507,0.94888,1369752,28000,48.9
epo_Latn-mlg_Latn,metricx24,unknown,129589,1200000,0.1
epo_Latn-msa_Latn,metricx24,unknown,515055,1200000,0.4
epo_Latn-mya_Mymr,shaomutan_remedy-9b-22,0.954382068,77289,200000,0.4
epo_Latn-nds_Latn,metricx24,unknown,147730,1200000,0.1
epo_Latn-nep_Deva,metricx24,unknown,176595,1200000,0.1
epo_Latn-nld_Latn,metricx24,0.909994,3399572,1200000,2.8
epo_Latn-nno_Latn,shaomutan_remedy-9b-22,0.906825598,129508,200000,0.6
epo_Latn-nob_Latn,shaomutan_remedy-9b-22,0.935120369,1408317,200000,7.0
epo_Latn-nor_Latn,metricx24,unknown,749407,1200000,0.6
epo_Latn-npi_Deva,shaomutan_remedy-9b-22,0.914552189,102305,200000,0.5
epo_Latn-oci_Latn,qwen3-4b-instruct-2507,0.841976,166555,28000,5.9
epo_Latn-pan_Guru,qwen3-4b-instruct-2507,0.941797,62106,28000,2.2
epo_Latn-plt_Latn,metricx24,0.789686339,67096,1200000,0.1
epo_Latn-pol_Latn,qwen3-4b-instruct-2507,0.949537,1276049,28000,45.6
epo_Latn-por_Latn,qwen3-4b-instruct-2507,0.943733,1375709,28000,49.1
epo_Latn-ron_Latn,metricx24,0.858611,2389021,1200000,2.0
epo_Latn-rus_Cyrl,qwen3-4b-instruct-2507,0.957621,1637764,28000,58.5
epo_Latn-sin_Sinh,shaomutan_remedy-9b-22,0.920626083,379229,200000,1.9
epo_Latn-slk_Latn,metricx24,0.819623,2267830,1200000,1.9
epo_Latn-slv_Latn,qwen3-4b-instruct-2507,0.931692,1707266,28000,61.0
epo_Latn-snd_Arab,qwen3-4b-instruct-2507,0.879398,83147,28000,3.0
epo_Latn-som_Latn,metricx24,0.702157589,68311,1200000,0.1
epo_Latn-spa_Latn,shaomutan_remedy-9b-22,0.938868918,6962381,200000,34.8
epo_Latn-sqi_Latn,metricx24,unknown,494435,1200000,0.4
epo_Latn-srd_Latn,metricx24,0.801092595,122330,1200000,0.1
epo_Latn-srp_Cyrl,qwen3-4b-instruct-2507,0.952389,1355531,28000,48.4
epo_Latn-srp_Latn,metricx24,unknown,710682,1200000,0.6
epo_Latn-sun_Latn,metricx24,0.800737242,70226,1200000,0.1
epo_Latn-swa_Latn,metricx24,unknown,343656,1200000,0.3
epo_Latn-swe_Latn,shaomutan_remedy-9b-22,0.922030616,2845722,200000,14.2
epo_Latn-swh_Latn,shaomutan_remedy-9b-22,0.807942251,341420,200000,1.7
epo_Latn-tam_Taml,qwen3-4b-instruct-2507,0.939736,369452,28000,13.2
epo_Latn-tel_Telu,qwen3-4b-instruct-2507,0.92324,202386,28000,7.2
epo_Latn-tgl_Latn,qwen3-4b-instruct-2507,0.899537,308193,28000,11.0
epo_Latn-tha_Thai,qwen3-4b-instruct-2507,0.934858,429347,28000,15.3
epo_Latn-tur_Latn,shaomutan_remedy-9b-22,0.921562206,1231547,200000,6.2
epo_Latn-ukr_Cyrl,metricx24,0.855539,2053164,1200000,1.7
epo_Latn-und_Kana,metricx24,unknown,103940,1200000,0.1
epo_Latn-urd_Arab,shaomutan_remedy-9b-22,0.901763797,357823,200000,1.8
epo_Latn-uzn_Latn,qwen3-4b-instruct-2507,0.809701,144160,28000,5.1
epo_Latn-vie_Latn,shaomutan_remedy-9b-22,0.932684325,560625,200000,2.8
epo_Latn-wln_Latn,metricx24,unknown,43534,1200000,0.0
epo_Latn-xho_Latn,metricx24,0.736567221,354315,1200000,0.3
epo_Latn-yue_Hani,metricx24,unknown,109429,1200000,0.1
epo_Latn-zho_Hans,qwen3-4b-instruct-2507,0.971732,890408,28000,31.8
epo_Latn-zho_Hant,qwen3-4b-instruct-2507,0.963201,128094,28000,4.6
epo_Latn-zsm_Latn,qwen3-4b-instruct-2507,0.88332,171120,28000,6.1
est_Latn-abk_Cyrl,metricx24,unknown,43226,1200000,0.0
est_Latn-afr_Latn,shaomutan_remedy-9b-22,0.888660861,68336,200000,0.3
est_Latn-als_Latn,qwen3-4b-instruct-2507,0.861294,526317,28000,18.8
est_Latn-bak_Cyrl,shaomutan_remedy-9b-22,0.881049044,57421,200000,0.3
est_Latn-cat_Latn,shaomutan_remedy-9b-22,0.928488852,52727,200000,0.3
est_Latn-ces_Latn,qwen3-4b-instruct-2507,0.930438,127424,28000,4.6
est_Latn-cmn_Hani,metricx24,unknown,1337253,1200000,1.1
est_Latn-dan_Latn,shaomutan_remedy-9b-22,0.939029209,110619,200000,0.6
est_Latn-deu_Latn,qwen3-4b-instruct-2507,0.937407,52221,28000,1.9
est_Latn-eng_Latn,qwen3-4b-instruct-2507,0.968064,253869,28000,9.1
est_Latn-epo_Latn,shaomutan_remedy-9b-22,0.827304126,59354,200000,0.3
est_Latn-eus_Latn,qwen3-4b-instruct-2507,0.836511,746605,28000,26.7
est_Latn-fas_Arab,metricx24,unknown,4700523,1200000,3.9
est_Latn-fil_Latn,metricx24,unknown,101099,1200000,0.1
est_Latn-fin_Latn,shaomutan_remedy-9b-22,0.910255127,6759899,200000,33.8
est_Latn-fra_Latn,shaomutan_remedy-9b-22,0.939783636,8613258,200000,43.1
est_Latn-fro_Latn,metricx24,unknown,44613,1200000,0.0
est_Latn-fry_Latn,metricx24,unknown,118211,1200000,0.1
est_Latn-fur_Latn,qwen3-4b-instruct-2507,0.800677,184539,28000,6.6
est_Latn-gle_Latn,m-prometheus-7b,0.857879542,160222,27000,5.9
est_Latn-glg_Latn,qwen3-4b-instruct-2507,0.916147,453353,28000,16.2
est_Latn-hat_Latn,shaomutan_remedy-9b-22,0.828668616,118114,200000,0.6
est_Latn-hau_Latn,metricx24,0.747344524,145602,1200000,0.1
est_Latn-hbs_Latn,metricx24,unknown,180798,1200000,0.2
est_Latn-heb_Hebr,shaomutan_remedy-9b-22,0.937986584,5518492,200000,27.6
est_Latn-hin_Deva,shaomutan_remedy-9b-22,0.916962394,1246961,200000,6.2
est_Latn-hrv_Latn,metricx24,0.909380334,5589645,1200000,4.7
est_Latn-hun_Latn,metricx24,0.796696,6978731,1200000,5.8
est_Latn-hye_Armn,shaomutan_remedy-9b-22,0.924290347,147686,200000,0.7
est_Latn-ibo_Latn,shaomutan_remedy-9b-22,0.70693913,58397,200000,0.3
est_Latn-ilo_Latn,metricx24,0.69456114,62392,1200000,0.1
est_Latn-ind_Latn,shaomutan_remedy-9b-22,0.937780455,5961295,200000,29.8
est_Latn-isl_Latn,shaomutan_remedy-9b-22,0.852889546,1472583,200000,7.4
est_Latn-ita_Latn,metricx24,0.878081,7295041,1200000,6.1
est_Latn-jav_Latn,shaomutan_remedy-9b-22,0.769794332,213475,200000,1.1
est_Latn-jpn_Jpan,qwen3-4b-instruct-2507,0.934759,1768251,28000,63.2
est_Latn-kab_Latn,metricx24,0.3223727,72791,1200000,0.1
est_Latn-kat_Geor,shaomutan_remedy-9b-22,0.920582873,260222,200000,1.3
est_Latn-kaz_Cyrl,shaomutan_remedy-9b-22,0.941775401,160555,200000,0.8
est_Latn-khm_Khmr,shaomutan_remedy-9b-22,0.916861483,191451,200000,1.0
est_Latn-kin_Latn,shaomutan_remedy-9b-22,0.743352011,60409,200000,0.3
est_Latn-kor_Hang,shaomutan_remedy-9b-22,0.921889849,2387377,200000,11.9
est_Latn-kor_Zyyy,metricx24,unknown,854128,1200000,0.7
est_Latn-lat_Latn,metricx24,unknown,136924,1200000,0.1
est_Latn-lav_Latn,metricx24,unknown,1046723,1200000,0.9
est_Latn-lim_Latn,shaomutan_remedy-9b-22,0.70671325,69684,200000,0.3
est_Latn-lit_Latn,shaomutan_remedy-9b-22,0.893540363,2871264,200000,14.4
est_Latn-ltz_Latn,metricx24,0.860995364,121510,1200000,0.1
est_Latn-lvs_Latn,shaomutan_remedy-9b-22,0.905036024,1297161,200000,6.5
est_Latn-lzh_Hani,metricx24,unknown,183478,1200000,0.2
est_Latn-mal_Mlym,qwen3-4b-instruct-2507,0.92341,560768,28000,20.0
est_Latn-mar_Deva,shaomutan_remedy-9b-22,0.918261479,300009,200000,1.5
est_Latn-mhr_Cyrl,metricx24,unknown,55338,1200000,0.0
est_Latn-mkd_Cyrl,shaomutan_remedy-9b-22,0.933503225,1579399,200000,7.9
est_Latn-mlg_Latn,metricx24,unknown,122031,1200000,0.1
est_Latn-mlt_Latn,shaomutan_remedy-9b-22,0.856040446,559129,200000,2.8
est_Latn-mon_Cyrl,metricx24,unknown,87727,1200000,0.1
est_Latn-msa_Latn,metricx24,unknown,1404644,1200000,1.2
est_Latn-mya_Mymr,shaomutan_remedy-9b-22,0.911744049,226164,200000,1.1
est_Latn-nds_Latn,metricx24,unknown,97355,1200000,0.1
est_Latn-nep_Deva,metricx24,unknown,175082,1200000,0.1
est_Latn-nld_Latn,shaomutan_remedy-9b-22,0.926940585,7557956,200000,37.8
est_Latn-nno_Latn,shaomutan_remedy-9b-22,0.881083903,174177,200000,0.9
est_Latn-nob_Latn,shaomutan_remedy-9b-22,0.923205555,1863314,200000,9.3
est_Latn-nor_Latn,metricx24,unknown,2451745,1200000,2.0
est_Latn-oci_Latn,shaomutan_remedy-9b-22,0.851242918,124055,200000,0.6
est_Latn-pan_Guru,qwen3-4b-instruct-2507,0.91891,66689,28000,2.4
est_Latn-pol_Latn,shaomutan_remedy-9b-22,0.92160762,7615930,200000,38.1
est_Latn-por_Latn,shaomutan_remedy-9b-22,0.934357633,7859226,200000,39.3
est_Latn-pus_Arab,metricx24,unknown,47113,1200000,0.0
est_Latn-ron_Latn,shaomutan_remedy-9b-22,0.920784187,7346252,200000,36.7
est_Latn-rus_Cyrl,shaomutan_remedy-9b-22,0.938544381,6559086,200000,32.8
est_Latn-sin_Sinh,shaomutan_remedy-9b-22,0.910828301,589900,200000,2.9
est_Latn-slk_Latn,shaomutan_remedy-9b-22,0.912492734,3412862,200000,17.1
est_Latn-slv_Latn,shaomutan_remedy-9b-22,0.923558677,4453559,200000,22.3
est_Latn-snd_Arab,qwen3-4b-instruct-2507,0.834739,60225,28000,2.2
est_Latn-som_Latn,metricx24,0.656817494,93635,1200000,0.1
est_Latn-spa_Latn,shaomutan_remedy-9b-22,0.939684631,35874,200000,0.2
est_Latn-sqi_Latn,metricx24,unknown,755113,1200000,0.6
est_Latn-srd_Latn,metricx24,0.776657321,295713,1200000,0.2
est_Latn-srp_Cyrl,shaomutan_remedy-9b-22,0.933587919,984664,200000,4.9
est_Latn-srp_Latn,metricx24,unknown,4500671,1200000,3.8
est_Latn-sun_Latn,metricx24,0.776109245,104791,1200000,0.1
est_Latn-swa_Latn,metricx24,unknown,336525,1200000,0.3
est_Latn-swe_Latn,shaomutan_remedy-9b-22,0.915883495,6287272,200000,31.4
est_Latn-swh_Latn,shaomutan_remedy-9b-22,0.814472008,57669,200000,0.3
est_Latn-tam_Taml,qwen3-4b-instruct-2507,0.914301,545772,28000,19.5
est_Latn-tel_Telu,shaomutan_remedy-9b-22,0.905155609,353440,200000,1.8
est_Latn-tgk_Cyrl,shaomutan_remedy-9b-22,0.842082234,73166,200000,0.4
est_Latn-tgl_Latn,qwen3-4b-instruct-2507,0.869886,654237,28000,23.4
est_Latn-tha_Thai,shaomutan_remedy-9b-22,0.938737587,2754080,200000,13.8
est_Latn-tur_Latn,shaomutan_remedy-9b-22,0.924562849,6338292,200000,31.7
est_Latn-ukr_Cyrl,shaomutan_remedy-9b-22,0.929565597,2658294,200000,13.3
est_Latn-und_Kana,metricx24,unknown,114145,1200000,0.1
est_Latn-urd_Arab,shaomutan_remedy-9b-22,0.890761055,532069,200000,2.7
est_Latn-uzn_Latn,qwen3-4b-instruct-2507,0.799149,73028,28000,2.6
est_Latn-vec_Latn,qwen3-4b-instruct-2507,0.845162,99630,28000,3.6
est_Latn-vie_Latn,shaomutan_remedy-9b-22,0.932760138,3881197,200000,19.4
est_Latn-xho_Latn,shaomutan_remedy-9b-22,0.715132987,203871,200000,1.0
est_Latn-yue_Hani,metricx24,unknown,280505,1200000,0.2
est_Latn-zho_Hans,qwen3-4b-instruct-2507,0.956252,1690532,28000,60.4
est_Latn-zho_Hant,qwen3-4b-instruct-2507,0.949691,1417399,28000,50.6
est_Latn-zsm_Latn,qwen3-4b-instruct-2507,0.811548,356365,28000,12.7
eus_Latn-als_Latn,metricx24,0.827450955,1151130,1200000,1.0
eus_Latn-ces_Latn,shaomutan_remedy-9b-22,0.936731486,81873,200000,0.4
eus_Latn-cmn_Hani,metricx24,unknown,702491,1200000,0.6
eus_Latn-dan_Latn,shaomutan_remedy-9b-22,0.924422529,83489,200000,0.4
eus_Latn-deu_Latn,shaomutan_remedy-9b-22,0.944279866,111277,200000,0.6
eus_Latn-ell_Grek,shaomutan_remedy-9b-22,0.944633196,154267,200000,0.8
eus_Latn-eng_Latn,qwen3-4b-instruct-2507,0.94778,285974,28000,10.2
eus_Latn-est_Latn,shaomutan_remedy-9b-22,0.872867844,49000,200000,0.2
eus_Latn-eus_Latn,metricx24,unknown,273798,1200000,0.2
eus_Latn-fas_Arab,metricx24,unknown,3355119,1200000,2.8
eus_Latn-fil_Latn,metricx24,unknown,130363,1200000,0.1
eus_Latn-fin_Latn,shaomutan_remedy-9b-22,0.929270632,4288463,200000,21.4
eus_Latn-fra_Latn,shaomutan_remedy-9b-22,0.924746738,2606077,200000,13.0
eus_Latn-fry_Latn,metricx24,unknown,150460,1200000,0.1
eus_Latn-fur_Latn,metricx24,0.723221884,40271,1200000,0.0
eus_Latn-gle_Latn,m-prometheus-7b,0.815161772,331214,27000,12.3
eus_Latn-glg_Latn,qwen3-4b-instruct-2507,0.875714,1075167,28000,38.4
eus_Latn-guj_Gujr,shaomutan_remedy-9b-22,0.927784532,166185,200000,0.8
eus_Latn-hau_Latn,metricx24,0.736455651,100301,1200000,0.1
eus_Latn-hbs_Latn,metricx24,unknown,96019,1200000,0.1
eus_Latn-heb_Hebr,shaomutan_remedy-9b-22,0.928027662,3687143,200000,18.4
eus_Latn-hin_Deva,shaomutan_remedy-9b-22,0.90257857,690328,200000,3.5
eus_Latn-hne_Deva,metricx24,0.697792038,81073,1200000,0.1
eus_Latn-hrv_Latn,shaomutan_remedy-9b-22,0.924593963,1934613,200000,9.7
eus_Latn-hun_Latn,shaomutan_remedy-9b-22,0.929378399,4389975,200000,21.9
eus_Latn-hye_Armn,shaomutan_remedy-9b-22,0.948636864,69154,200000,0.3
eus_Latn-ilo_Latn,metricx24,0.725461257,46586,1200000,0.0
eus_Latn-ind_Latn,shaomutan_remedy-9b-22,0.922738394,1726709,200000,8.6
eus_Latn-isl_Latn,shaomutan_remedy-9b-22,0.865657791,780941,200000,3.9
eus_Latn-ita_Latn,shaomutan_remedy-9b-22,0.946407579,3751577,200000,18.8
eus_Latn-jav_Latn,metricx24,0.745912662,90143,1200000,0.1
eus_Latn-jpn_Jpan,shaomutan_remedy-9b-22,0.923509353,918836,200000,4.6
eus_Latn-kab_Latn,metricx24,0.329314803,32968,1200000,0.0
eus_Latn-kan_Knda,shaomutan_remedy-9b-22,0.918184322,99030,200000,0.5
eus_Latn-kat_Geor,shaomutan_remedy-9b-22,0.943713968,113094,200000,0.6
eus_Latn-kaz_Cyrl,shaomutan_remedy-9b-22,0.934725025,214808,200000,1.1
eus_Latn-khm_Khmr,shaomutan_remedy-9b-22,0.904842267,74719,200000,0.4
eus_Latn-kin_Latn,metricx24,0.655536916,59724,1200000,0.0
eus_Latn-kor_Hang,shaomutan_remedy-9b-22,0.945340267,1112656,200000,5.6
eus_Latn-kor_Zyyy,metricx24,unknown,400757,1200000,0.3
eus_Latn-lat_Latn,metricx24,unknown,167767,1200000,0.1
eus_Latn-lav_Latn,metricx24,unknown,269737,1200000,0.2
eus_Latn-lit_Latn,shaomutan_remedy-9b-22,0.913661889,2469230,200000,12.3
eus_Latn-ltz_Latn,metricx24,0.867121149,140965,1200000,0.1
eus_Latn-lvs_Latn,shaomutan_remedy-9b-22,0.927357809,1812061,200000,9.1
eus_Latn-lzh_Hani,metricx24,unknown,104199,1200000,0.1
eus_Latn-mal_Mlym,shaomutan_remedy-9b-22,0.911104164,546363,200000,2.7
eus_Latn-mar_Deva,shaomutan_remedy-9b-22,0.91177191,252459,200000,1.3
eus_Latn-mkd_Cyrl,shaomutan_remedy-9b-22,0.944013,976370,200000,4.9
eus_Latn-mlg_Latn,metricx24,unknown,106374,1200000,0.1
eus_Latn-mlt_Latn,shaomutan_remedy-9b-22,0.879698929,87534,200000,0.4
eus_Latn-msa_Latn,metricx24,unknown,713033,1200000,0.6
eus_Latn-mya_Mymr,shaomutan_remedy-9b-22,0.906423859,100490,200000,0.5
eus_Latn-nds_Latn,metricx24,unknown,139243,1200000,0.1
eus_Latn-nep_Deva,metricx24,unknown,196554,1200000,0.2
eus_Latn-nld_Latn,shaomutan_remedy-9b-22,0.92786563,2062894,200000,10.3
eus_Latn-nno_Latn,shaomutan_remedy-9b-22,0.894325998,178889,200000,0.9
eus_Latn-nob_Latn,shaomutan_remedy-9b-22,0.923024692,1603748,200000,8.0
eus_Latn-nor_Latn,metricx24,unknown,903433,1200000,0.8
eus_Latn-npi_Deva,shaomutan_remedy-9b-22,0.891984558,92368,200000,0.5
eus_Latn-oci_Latn,qwen3-4b-instruct-2507,0.717287,147976,28000,5.3
eus_Latn-pan_Guru,qwen3-4b-instruct-2507,0.847695,70443,28000,2.5
eus_Latn-pol_Latn,shaomutan_remedy-9b-22,0.942405326,2206645,200000,11.0
eus_Latn-por_Latn,shaomutan_remedy-9b-22,0.922731715,4202766,200000,21.0
eus_Latn-ron_Latn,shaomutan_remedy-9b-22,0.936338225,2402683,200000,12.0
eus_Latn-rus_Cyrl,shaomutan_remedy-9b-22,0.934907832,2323945,200000,11.6
eus_Latn-sin_Sinh,shaomutan_remedy-9b-22,0.904338605,378700,200000,1.9
eus_Latn-slk_Latn,shaomutan_remedy-9b-22,0.925880366,2260766,200000,11.3
eus_Latn-slv_Latn,shaomutan_remedy-9b-22,0.92249332,2281832,200000,11.4
eus_Latn-snd_Arab,shaomutan_remedy-9b-22,0.802569184,66851,200000,0.3
eus_Latn-spa_Latn,shaomutan_remedy-9b-22,0.931308002,223167,200000,1.1
eus_Latn-sqi_Latn,metricx24,unknown,410020,1200000,0.3
eus_Latn-srd_Latn,metricx24,0.787261323,77935,1200000,0.1
eus_Latn-srp_Cyrl,shaomutan_remedy-9b-22,0.92950104,1142273,200000,5.7
eus_Latn-srp_Latn,metricx24,unknown,1713775,1200000,1.4
eus_Latn-sun_Latn,metricx24,0.763886692,57975,1200000,0.0
eus_Latn-swa_Latn,metricx24,unknown,211087,1200000,0.2
eus_Latn-swe_Latn,shaomutan_remedy-9b-22,0.935622754,1970174,200000,9.9
eus_Latn-swh_Latn,shaomutan_remedy-9b-22,0.840611837,125037,200000,0.6
eus_Latn-tam_Taml,shaomutan_remedy-9b-22,0.909224601,438861,200000,2.2
eus_Latn-tel_Telu,shaomutan_remedy-9b-22,0.89763438,230334,200000,1.2
eus_Latn-tgk_Cyrl,metricx24,0.814440644,80810,1200000,0.1
eus_Latn-tgl_Latn,shaomutan_remedy-9b-22,0.892762463,260631,200000,1.3
eus_Latn-tha_Thai,shaomutan_remedy-9b-22,0.923308512,1119879,200000,5.6
eus_Latn-tur_Latn,shaomutan_remedy-9b-22,0.947024101,6255843,200000,31.3
eus_Latn-ukr_Cyrl,shaomutan_remedy-9b-22,0.919649112,1537439,200000,7.7
eus_Latn-und_Kana,metricx24,unknown,67631,1200000,0.1
eus_Latn-urd_Arab,shaomutan_remedy-9b-22,0.882755044,390570,200000,2.0
eus_Latn-uzn_Latn,metricx24,0.767919295,125154,1200000,0.1
eus_Latn-vie_Latn,shaomutan_remedy-9b-22,0.915570179,1474257,200000,7.4
eus_Latn-wln_Latn,metricx24,unknown,46859,1200000,0.0
eus_Latn-xho_Latn,metricx24,0.679647518,269879,1200000,0.2
eus_Latn-yue_Hani,metricx24,unknown,104630,1200000,0.1
eus_Latn-zho_Hans,qwen3-4b-instruct-2507,0.923668,833552,28000,29.8
eus_Latn-zho_Hant,qwen3-4b-instruct-2507,0.91671,609505,28000,21.8
eus_Latn-zsm_Latn,metricx24,0.826260187,280750,1200000,0.2
eus_Latn-zul_Latn,metricx24,0.717238303,36734,1200000,0.0
ewe_Latn-fra_Latn,qwen3-4b-instruct-2507,0.753021,978534,28000,34.9
ewe_Latn-hau_Latn,metricx24,0.623574867,193443,1200000,0.2
ewe_Latn-ibo_Latn,shaomutan_remedy-9b-22,0.506618269,109068,200000,0.5
ewe_Latn-kin_Latn,shaomutan_remedy-9b-22,0.647594015,211106,200000,1.1
ewe_Latn-lin_Latn,shaomutan_remedy-9b-22,0.652662661,129410,200000,0.6
ewe_Latn-lua_Latn,shaomutan_remedy-9b-22,0.408880878,98905,200000,0.5
ewe_Latn-lug_Latn,shaomutan_remedy-9b-22,0.407176321,110289,200000,0.6
ewe_Latn-nso_Latn,metricx24,0.443791019,105986,1200000,0.1
ewe_Latn-nya_Latn,shaomutan_remedy-9b-22,0.518087031,265676,200000,1.3
ewe_Latn-run_Latn,metricx24,0.47561135,178019,1200000,0.1
ewe_Latn-sna_Latn,shaomutan_remedy-9b-22,0.599848359,256481,200000,1.3
ewe_Latn-som_Latn,shaomutan_remedy-9b-22,0.520343421,174636,200000,0.9
ewe_Latn-sot_Latn,shaomutan_remedy-9b-22,0.604351865,180505,200000,0.9
ewe_Latn-swa_Latn,qwen3-4b-instruct-2507,unknown,184988,28000,6.6
ewe_Latn-swc_Latn,qwen3-4b-instruct-2507,unknown,123126,28000,4.4
ewe_Latn-swh_Latn,shaomutan_remedy-9b-22,0.683859693,179327,200000,0.9
ewe_Latn-tir_Ethi,shaomutan_remedy-9b-22,0.607927955,139845,200000,0.7
ewe_Latn-tsn_Latn,shaomutan_remedy-9b-22,0.630348491,200417,200000,1.0
ewe_Latn-tso_Latn,shaomutan_remedy-9b-22,0.522588088,182392,200000,0.9
ewe_Latn-tum_Latn,metricx24,0.513211205,147709,1200000,0.1
ewe_Latn-twi_Latn,shaomutan_remedy-9b-22,0.605566128,179499,200000,0.9
ewe_Latn-xho_Latn,shaomutan_remedy-9b-22,0.543652459,232553,200000,1.2
ewe_Latn-yor_Latn,shaomutan_remedy-9b-22,0.462174794,155477,200000,0.8
ewe_Latn-zul_Latn,shaomutan_remedy-9b-22,0.562101572,252367,200000,1.3
fao_Latn-fra_Latn,shaomutan_remedy-9b-22,0.944206331,89498,200000,0.4
fao_Latn-heb_Hebr,shaomutan_remedy-9b-22,0.908806667,76947,200000,0.4
fao_Latn-hrv_Latn,shaomutan_remedy-9b-22,0.929265481,70289,200000,0.4
fao_Latn-hun_Latn,shaomutan_remedy-9b-22,0.918327744,63694,200000,0.3
fao_Latn-ind_Latn,shaomutan_remedy-9b-22,0.90819229,54139,200000,0.3
fao_Latn-ita_Latn,shaomutan_remedy-9b-22,0.927455472,143347,200000,0.7
fao_Latn-jpn_Jpan,shaomutan_remedy-9b-22,0.933766253,82018,200000,0.4
fao_Latn-lit_Latn,shaomutan_remedy-9b-22,0.929838795,82434,200000,0.4
fao_Latn-mkd_Cyrl,shaomutan_remedy-9b-22,0.934885703,83192,200000,0.4
fao_Latn-nld_Latn,shaomutan_remedy-9b-22,0.917089942,164758,200000,0.8
fao_Latn-nor_Latn,qwen3-4b-instruct-2507,unknown,81577,28000,2.9
fao_Latn-pol_Latn,shaomutan_remedy-9b-22,0.929875896,142581,200000,0.7
fao_Latn-por_Latn,shaomutan_remedy-9b-22,0.906374171,160189,200000,0.8
fao_Latn-ron_Latn,shaomutan_remedy-9b-22,0.92259106,120086,200000,0.6
fao_Latn-rus_Cyrl,shaomutan_remedy-9b-22,0.941263432,174371,200000,0.9
fao_Latn-slk_Latn,shaomutan_remedy-9b-22,0.939962081,101981,200000,0.5
fao_Latn-slv_Latn,shaomutan_remedy-9b-22,0.914424235,75190,200000,0.4
fao_Latn-srp_Cyrl,shaomutan_remedy-9b-22,0.94680831,71804,200000,0.4
fao_Latn-swe_Latn,shaomutan_remedy-9b-22,0.942244585,138345,200000,0.7
fao_Latn-tur_Latn,shaomutan_remedy-9b-22,0.923168684,104273,200000,0.5
fao_Latn-ukr_Cyrl,shaomutan_remedy-9b-22,0.940093958,101481,200000,0.5
fao_Latn-zho_Hans,qwen3-4b-instruct-2507,0.909059,74269,28000,2.7
fas_Arab-abk_Cyrl,qwen3-4b-instruct-2507,unknown,100665,28000,3.6
fas_Arab-afr_Latn,metricx24,unknown,237168,1200000,0.2
fas_Arab-als_Latn,metricx24,unknown,4114272,1200000,3.4
fas_Arab-azj_Latn,metricx24,unknown,72225,1200000,0.1
fas_Arab-bak_Cyrl,qwen3-4b-instruct-2507,unknown,153893,28000,5.5
fas_Arab-bul_Cyrl,metricx24,unknown,58925,1200000,0.0
fas_Arab-cat_Latn,metricx24,unknown,147287,1200000,0.1
fas_Arab-ces_Latn,metricx24,unknown,369353,1200000,0.3
fas_Arab-ckb_Arab,metricx24,unknown,259913,1200000,0.2
fas_Arab-cmn_Hani,qwen3-4b-instruct-2507,unknown,11619969,28000,415.0
fas_Arab-dan_Latn,metricx24,unknown,385789,1200000,0.3
fas_Arab-deu_Latn,metricx24,unknown,185447,1200000,0.2
fas_Arab-eng_Latn,metricx24,unknown,1383526,1200000,1.2
fas_Arab-epo_Latn,metricx24,unknown,149143,1200000,0.1
fas_Arab-eus_Latn,metricx24,unknown,566634,1200000,0.5
fas_Arab-fas_Arab,qwen3-4b-instruct-2507,unknown,67575,28000,2.4
fas_Arab-fil_Latn,qwen3-4b-instruct-2507,unknown,1436555,28000,51.3
fas_Arab-fin_Latn,metricx24,unknown,32543849,1200000,27.1
fas_Arab-fra_Latn,metricx24,unknown,50993371,1200000,42.5
fas_Arab-fro_Latn,qwen3-4b-instruct-2507,unknown,123144,28000,4.4
fas_Arab-fry_Latn,qwen3-4b-instruct-2507,unknown,177763,28000,6.3
fas_Arab-fur_Latn,qwen3-4b-instruct-2507,unknown,231219,28000,8.3
fas_Arab-gle_Latn,metricx24,unknown,269171,1200000,0.2
fas_Arab-glg_Latn,metricx24,unknown,1253705,1200000,1.0
fas_Arab-guj_Gujr,metricx24,unknown,231459,1200000,0.2
fas_Arab-hat_Latn,metricx24,unknown,345505,1200000,0.3
fas_Arab-hau_Latn,metricx24,unknown,378973,1200000,0.3
fas_Arab-hbs_Latn,qwen3-4b-instruct-2507,unknown,111753,28000,4.0
fas_Arab-heb_Hebr,metricx24,unknown,34373680,1200000,28.6
fas_Arab-hin_Deva,metricx24,unknown,7536846,1200000,6.3
fas_Arab-hne_Deva,qwen3-4b-instruct-2507,unknown,100028,28000,3.6
fas_Arab-hrv_Latn,qwen3-4b-instruct-2507,unknown,27233539,28000,972.6
fas_Arab-hun_Latn,metricx24,unknown,35635679,1200000,29.7
fas_Arab-hye_Armn,metricx24,unknown,468193,1200000,0.4
fas_Arab-ibo_Latn,metricx24,unknown,149503,1200000,0.1
fas_Arab-ilo_Latn,qwen3-4b-instruct-2507,unknown,118041,28000,4.2
fas_Arab-ina_Latn,qwen3-4b-instruct-2507,unknown,76768,28000,2.7
fas_Arab-ind_Latn,metricx24,unknown,48833452,1200000,40.7
fas_Arab-isl_Latn,metricx24,unknown,3736700,1200000,3.1
fas_Arab-ita_Latn,metricx24,unknown,41552154,1200000,34.6
fas_Arab-jav_Latn,metricx24,unknown,336792,1200000,0.3
fas_Arab-jpn_Jpan,metricx24,unknown,8923232,1200000,7.4
fas_Arab-kab_Latn,qwen3-4b-instruct-2507,unknown,201770,28000,7.2
fas_Arab-kan_Knda,metricx24,unknown,225066,1200000,0.2
fas_Arab-kat_Geor,metricx24,unknown,803437,1200000,0.7
fas_Arab-kaz_Cyrl,metricx24,unknown,484079,1200000,0.4
fas_Arab-khk_Cyrl,metricx24,unknown,190924,1200000,0.2
fas_Arab-khm_Khmr,metricx24,unknown,781551,1200000,0.7
fas_Arab-kin_Latn,qwen3-4b-instruct-2507,unknown,72324,28000,2.6
fas_Arab-kir_Cyrl,metricx24,unknown,154459,1200000,0.1
fas_Arab-kmr_Latn,metricx24,unknown,129675,1200000,0.1
fas_Arab-kor_Hang,metricx24,unknown,22321893,1200000,18.6
fas_Arab-kor_Zyyy,qwen3-4b-instruct-2507,unknown,2802881,28000,100.1
fas_Arab-lao_Laoo,metricx24,unknown,129216,1200000,0.1
fas_Arab-lat_Latn,qwen3-4b-instruct-2507,unknown,306915,28000,11.0
fas_Arab-lav_Latn,qwen3-4b-instruct-2507,unknown,782067,28000,27.9
fas_Arab-lim_Latn,qwen3-4b-instruct-2507,unknown,139728,28000,5.0
fas_Arab-lit_Latn,metricx24,unknown,5853803,1200000,4.9
fas_Arab-ltz_Latn,metricx24,unknown,182451,1200000,0.2
fas_Arab-lvs_Latn,metricx24,unknown,2940136,1200000,2.5
fas_Arab-lzh_Hani,qwen3-4b-instruct-2507,unknown,542871,28000,19.4
fas_Arab-mal_Mlym,metricx24,unknown,4319416,1200000,3.6
fas_Arab-mar_Deva,metricx24,unknown,1551150,1200000,1.3
fas_Arab-mhr_Cyrl,qwen3-4b-instruct-2507,unknown,147042,28000,5.3
fas_Arab-mkd_Cyrl,metricx24,unknown,5092665,1200000,4.2
fas_Arab-mlg_Latn,qwen3-4b-instruct-2507,unknown,219412,28000,7.8
fas_Arab-mlt_Latn,metricx24,unknown,106449,1200000,0.1
fas_Arab-mon_Cyrl,qwen3-4b-instruct-2507,unknown,166824,28000,6.0
fas_Arab-mri_Latn,metricx24,unknown,79286,1200000,0.1
fas_Arab-msa_Latn,qwen3-4b-instruct-2507,unknown,6709337,28000,239.6
fas_Arab-mya_Mymr,metricx24,unknown,1248771,1200000,1.0
fas_Arab-nds_Latn,qwen3-4b-instruct-2507,unknown,150883,28000,5.4
fas_Arab-nep_Deva,qwen3-4b-instruct-2507,unknown,513931,28000,18.4
fas_Arab-nld_Latn,metricx24,unknown,43728198,1200000,36.4
fas_Arab-nno_Latn,metricx24,unknown,374043,1200000,0.3
fas_Arab-nob_Latn,metricx24,unknown,16142929,1200000,13.5
fas_Arab-nor_Latn,qwen3-4b-instruct-2507,unknown,7500661,28000,267.9
fas_Arab-npi_Deva,metricx24,unknown,1772996,1200000,1.5
fas_Arab-nya_Latn,qwen3-4b-instruct-2507,unknown,85637,28000,3.1
fas_Arab-oci_Latn,qwen3-4b-instruct-2507,unknown,207368,28000,7.4
fas_Arab-pan_Guru,metricx24,unknown,147122,1200000,0.1
fas_Arab-pap_Latn,qwen3-4b-instruct-2507,unknown,72842,28000,2.6
fas_Arab-pbt_Arab,metricx24,unknown,196290,1200000,0.2
fas_Arab-plt_Latn,metricx24,unknown,195694,1200000,0.2
fas_Arab-pol_Latn,metricx24,unknown,43610777,1200000,36.3
fas_Arab-por_Latn,metricx24,unknown,48354627,1200000,40.3
fas_Arab-pus_Arab,qwen3-4b-instruct-2507,unknown,165025,28000,5.9
fas_Arab-ron_Latn,metricx24,unknown,42168142,1200000,35.1
fas_Arab-rus_Cyrl,metricx24,unknown,41098227,1200000,34.2
fas_Arab-sin_Sinh,metricx24,unknown,4768866,1200000,4.0
fas_Arab-slk_Latn,metricx24,unknown,11480844,1200000,9.6
fas_Arab-slv_Latn,metricx24,unknown,15446427,1200000,12.9
fas_Arab-sna_Latn,metricx24,unknown,100104,1200000,0.1
fas_Arab-snd_Arab,metricx24,unknown,480665,1200000,0.4
fas_Arab-som_Latn,metricx24,unknown,295072,1200000,0.2
fas_Arab-spa_Latn,metricx24,unknown,181665,1200000,0.2
fas_Arab-sqi_Latn,qwen3-4b-instruct-2507,unknown,1222978,28000,43.7
fas_Arab-srd_Latn,qwen3-4b-instruct-2507,unknown,496172,28000,17.7
fas_Arab-srp_Cyrl,metricx24,unknown,4212127,1200000,3.5
fas_Arab-srp_Latn,qwen3-4b-instruct-2507,unknown,23908744,28000,853.9
fas_Arab-sun_Latn,metricx24,unknown,297450,1200000,0.2
fas_Arab-swa_Latn,qwen3-4b-instruct-2507,unknown,996432,28000,35.6
fas_Arab-swc_Latn,qwen3-4b-instruct-2507,unknown,232255,28000,8.3
fas_Arab-swe_Latn,metricx24,unknown,32023939,1200000,26.7
fas_Arab-swh_Latn,metricx24,unknown,1401958,1200000,1.2
fas_Arab-tam_Taml,metricx24,unknown,3782086,1200000,3.2
fas_Arab-tat_Cyrl,qwen3-4b-instruct-2507,unknown,210199,28000,7.5
fas_Arab-tel_Telu,metricx24,unknown,1441975,1200000,1.2
fas_Arab-tgk_Cyrl,metricx24,unknown,338442,1200000,0.3
fas_Arab-tgl_Latn,qwen3-4b-instruct-2507,unknown,1262751,28000,45.1
fas_Arab-tha_Thai,metricx24,unknown,18724305,1200000,15.6
fas_Arab-tur_Latn,metricx24,unknown,41807253,1200000,34.8
fas_Arab-uig_Arab,qwen3-4b-instruct-2507,unknown,84019,28000,3.0
fas_Arab-ukr_Cyrl,metricx24,unknown,9942798,1200000,8.3
fas_Arab-und_Hira,qwen3-4b-instruct-2507,unknown,67408,28000,2.4
fas_Arab-und_Kana,qwen3-4b-instruct-2507,unknown,203422,28000,7.3
fas_Arab-urd_Arab,metricx24,unknown,4486171,1200000,3.7
fas_Arab-uzb_Cyrl,qwen3-4b-instruct-2507,unknown,412044,28000,14.7
fas_Arab-uzb_Latn,qwen3-4b-instruct-2507,unknown,414606,28000,14.8
fas_Arab-uzn_Cyrl,qwen3-4b-instruct-2507,unknown,199558,28000,7.1
fas_Arab-uzn_Latn,metricx24,unknown,199371,1200000,0.2
fas_Arab-vec_Latn,qwen3-4b-instruct-2507,unknown,170589,28000,6.1
fas_Arab-vie_Latn,metricx24,unknown,31268926,1200000,26.1
fas_Arab-xho_Latn,metricx24,unknown,383821,1200000,0.3
fas_Arab-yor_Latn,metricx24,unknown,151293,1200000,0.1
fas_Arab-yue_Hani,qwen3-4b-instruct-2507,unknown,962825,28000,34.4
fas_Arab-zho_Hans,metricx24,unknown,6789038,1200000,5.7
fas_Arab-zho_Hant,metricx24,unknown,6474899,1200000,5.4
fas_Arab-zsm_Latn,metricx24,unknown,4955782,1200000,4.1
fas_Arab-zul_Latn,metricx24,unknown,125677,1200000,0.1
fij_Latn-hin_Deva,shaomutan_remedy-9b-22,0.767932985,265211,200000,1.3
fij_Latn-ilo_Latn,metricx24,0.61558611,196516,1200000,0.2
fij_Latn-jav_Latn,shaomutan_remedy-9b-22,0.675681709,201710,200000,1.0
fij_Latn-mri_Latn,shaomutan_remedy-9b-22,0.623950493,111947,200000,0.6
fij_Latn-pag_Latn,metricx24,0.429554679,124986,1200000,0.1
fij_Latn-plt_Latn,metricx24,0.61140716,213115,1200000,0.2
fij_Latn-smo_Latn,shaomutan_remedy-9b-22,0.683503085,166701,200000,0.8
fij_Latn-sun_Latn,shaomutan_remedy-9b-22,0.678518385,132178,200000,0.7
fij_Latn-war_Latn,metricx24,0.654051968,159621,1200000,0.1
fil_Latn-cmn_Hani,qwen3-4b-instruct-2507,unknown,691632,28000,24.7
fil_Latn-eng_Latn,metricx24,unknown,163590,1200000,0.1
fil_Latn-fil_Latn,qwen3-4b-instruct-2507,unknown,29073,28000,1.0
fil_Latn-fra_Latn,metricx24,unknown,84399,1200000,0.1
fil_Latn-ita_Latn,metricx24,unknown,68986,1200000,0.1
fil_Latn-nld_Latn,metricx24,unknown,69591,1200000,0.1
fil_Latn-pol_Latn,metricx24,unknown,64015,1200000,0.1
fil_Latn-por_Latn,metricx24,unknown,68279,1200000,0.1
fil_Latn-ron_Latn,metricx24,unknown,62982,1200000,0.1
fil_Latn-rus_Cyrl,metricx24,unknown,76823,1200000,0.1
fil_Latn-tur_Latn,metricx24,unknown,2378516,1200000,2.0
fil_Latn-ukr_Cyrl,metricx24,unknown,896902,1200000,0.7
fil_Latn-urd_Arab,metricx24,unknown,248265,1200000,0.2
fil_Latn-vie_Latn,metricx24,unknown,2486592,1200000,2.1
fil_Latn-xho_Latn,metricx24,unknown,71757,1200000,0.1
fil_Latn-zho_Hans,metricx24,unknown,306630,1200000,0.3
fil_Latn-zho_Hant,metricx24,unknown,274668,1200000,0.2
fin_Latn-abk_Cyrl,metricx24,unknown,97773,1200000,0.1
fin_Latn-afr_Latn,shaomutan_remedy-9b-22,0.87859455,321184,200000,1.6
fin_Latn-als_Latn,metricx24,0.823968,4775001,1200000,4.0
fin_Latn-ast_Latn,qwen3-4b-instruct-2507,0.845072,58153,28000,2.1
fin_Latn-azj_Latn,m-prometheus-7b,0.837197611,74217,27000,2.7
fin_Latn-bak_Cyrl,shaomutan_remedy-9b-22,0.874559722,134563,200000,0.7
fin_Latn-bel_Cyrl,shaomutan_remedy-9b-22,0.950183395,59896,200000,0.3
fin_Latn-cat_Latn,qwen3-4b-instruct-2507,0.940861,161969,28000,5.8
fin_Latn-ces_Latn,qwen3-4b-instruct-2507,0.947437,386194,28000,13.8
fin_Latn-ckb_Arab,metricx24,0.764552113,113267,1200000,0.1
fin_Latn-cmn_Hani,metricx24,unknown,14191621,1200000,11.8
fin_Latn-crh_Latn,shaomutan_remedy-9b-22,0.791874921,69186,200000,0.3
fin_Latn-dan_Latn,qwen3-4b-instruct-2507,0.945879,734670,28000,26.2
fin_Latn-deu_Latn,qwen3-4b-instruct-2507,0.954425,151249,28000,5.4
fin_Latn-ekk_Latn,metricx24,unknown,56273,1200000,0.0
fin_Latn-eng_Latn,qwen3-4b-instruct-2507,0.975172,1813163,28000,64.8
fin_Latn-epo_Latn,qwen3-4b-instruct-2507,0.841787,151226,28000,5.4
fin_Latn-eus_Latn,qwen3-4b-instruct-2507,0.863609,547108,28000,19.5
fin_Latn-fao_Latn,shaomutan_remedy-9b-22,0.790090599,125835,200000,0.6
fin_Latn-fil_Latn,metricx24,unknown,1099058,1200000,0.9
fin_Latn-fin_Latn,metricx24,unknown,261427,1200000,0.2
fin_Latn-fra_Latn,metricx24,0.865315,111213034,1200000,92.7
fin_Latn-fro_Latn,metricx24,unknown,163763,1200000,0.1
fin_Latn-fry_Latn,metricx24,unknown,198323,1200000,0.2
fin_Latn-fur_Latn,qwen3-4b-instruct-2507,0.860329,585762,28000,20.9
fin_Latn-gle_Latn,m-prometheus-7b,0.882837232,2410359,27000,89.3
fin_Latn-glg_Latn,qwen3-4b-instruct-2507,0.946103,1824115,28000,65.1
fin_Latn-guj_Gujr,shaomutan_remedy-9b-22,0.932638878,251773,200000,1.3
fin_Latn-hat_Latn,shaomutan_remedy-9b-22,0.844248857,460446,200000,2.3
fin_Latn-hau_Latn,shaomutan_remedy-9b-22,0.763317204,327174,200000,1.6
fin_Latn-hbs_Latn,metricx24,unknown,1287977,1200000,1.1
fin_Latn-heb_Hebr,metricx24,0.843911,45043057,1200000,37.5
fin_Latn-hin_Deva,shaomutan_remedy-9b-22,0.917078975,8618323,200000,43.1
fin_Latn-hne_Deva,qwen3-4b-instruct-2507,0.792962,105673,28000,3.8
fin_Latn-hrv_Latn,shaomutan_remedy-9b-22,0.914709122,47244343,200000,236.2
fin_Latn-hun_Latn,metricx24,0.805331,66940817,1200000,55.8
fin_Latn-hye_Armn,shaomutan_remedy-9b-22,0.951275651,462250,200000,2.3
fin_Latn-ibo_Latn,shaomutan_remedy-9b-22,0.740699868,159306,200000,0.8
fin_Latn-ilo_Latn,metricx24,0.713567842,133559,1200000,0.1
fin_Latn-ina_Latn,metricx24,unknown,94354,1200000,0.1
fin_Latn-ind_Latn,shaomutan_remedy-9b-22,0.93845173,45666830,200000,228.3
fin_Latn-isl_Latn,shaomutan_remedy-9b-22,0.872477309,8562343,200000,42.8
fin_Latn-ita_Latn,metricx24,0.887467,78791986,1200000,65.7
fin_Latn-jav_Latn,qwen3-4b-instruct-2507,0.828835,524610,28000,18.7
fin_Latn-jpn_Jpan,metricx24,0.794672,12596325,1200000,10.5
fin_Latn-kab_Latn,metricx24,0.331148823,195160,1200000,0.2
fin_Latn-kan_Knda,qwen3-4b-instruct-2507,0.913569,279091,28000,10.0
fin_Latn-kat_Geor,shaomutan_remedy-9b-22,0.946019689,807931,200000,4.0
fin_Latn-kaz_Cyrl,shaomutan_remedy-9b-22,0.942535305,782969,200000,3.9
fin_Latn-khk_Cyrl,metricx24,0.794161659,161458,1200000,0.1
fin_Latn-khm_Khmr,shaomutan_remedy-9b-22,0.912275782,648414,200000,3.2
fin_Latn-kin_Latn,shaomutan_remedy-9b-22,0.790978126,108212,200000,0.5
fin_Latn-kir_Cyrl,shaomutan_remedy-9b-22,0.884988388,150332,200000,0.8
fin_Latn-kiu_Latn,metricx24,unknown,74346,1200000,0.1
fin_Latn-kmr_Latn,metricx24,0.710066914,119459,1200000,0.1
fin_Latn-kor_Hang,shaomutan_remedy-9b-22,0.92442444,24186600,200000,120.9
fin_Latn-kor_Zyyy,metricx24,unknown,3318113,1200000,2.8
fin_Latn-lao_Laoo,qwen3-4b-instruct-2507,0.865261,121124,28000,4.3
fin_Latn-lat_Latn,metricx24,unknown,263349,1200000,0.2
fin_Latn-lav_Latn,metricx24,unknown,1882461,1200000,1.6
fin_Latn-lim_Latn,qwen3-4b-instruct-2507,0.741473,291514,28000,10.4
fin_Latn-lit_Latn,shaomutan_remedy-9b-22,0.893763291,26941050,200000,134.7
fin_Latn-ltz_Latn,metricx24,0.866726779,216248,1200000,0.2
fin_Latn-lvs_Latn,metricx24,0.730817,22006367,1200000,18.3
fin_Latn-lzh_Hani,metricx24,unknown,569838,1200000,0.5
fin_Latn-mal_Mlym,qwen3-4b-instruct-2507,0.924838,1953108,28000,69.8
fin_Latn-mar_Deva,shaomutan_remedy-9b-22,0.920547946,790253,200000,4.0
fin_Latn-mhr_Cyrl,metricx24,unknown,139946,1200000,0.1
fin_Latn-mkd_Cyrl,shaomutan_remedy-9b-22,0.946511152,7901739,200000,39.5
fin_Latn-mlg_Latn,metricx24,unknown,230865,1200000,0.2
fin_Latn-mlt_Latn,shaomutan_remedy-9b-22,0.887210463,8313132,200000,41.6
fin_Latn-mon_Cyrl,metricx24,unknown,186775,1200000,0.2
fin_Latn-mri_Latn,shaomutan_remedy-9b-22,0.724183861,104008,200000,0.5
fin_Latn-msa_Latn,metricx24,unknown,5620574,1200000,4.7
fin_Latn-mya_Mymr,shaomutan_remedy-9b-22,0.916709271,809217,200000,4.0
fin_Latn-nap_Latn,metricx24,unknown,80970,1200000,0.1
fin_Latn-nds_Latn,metricx24,unknown,212450,1200000,0.2
fin_Latn-nep_Deva,metricx24,unknown,392140,1200000,0.3
fin_Latn-nld_Latn,metricx24,0.898631,86894183,1200000,72.4
fin_Latn-nno_Latn,shaomutan_remedy-9b-22,0.90517266,981358,200000,4.9
fin_Latn-nob_Latn,shaomutan_remedy-9b-22,0.935826796,40043382,200000,200.2
fin_Latn-nor_Latn,metricx24,unknown,13511934,1200000,11.3
fin_Latn-npi_Deva,shaomutan_remedy-9b-22,0.894559807,235141,200000,1.2
fin_Latn-nso_Latn,metricx24,0.602009253,25727,1200000,0.0
fin_Latn-nya_Latn,shaomutan_remedy-9b-22,0.740541022,78824,200000,0.4
fin_Latn-oci_Latn,qwen3-4b-instruct-2507,0.875625,243040,28000,8.7
fin_Latn-pan_Guru,qwen3-4b-instruct-2507,0.91671,152947,28000,5.5
fin_Latn-pap_Latn,qwen3-4b-instruct-2507,0.809119,109988,28000,3.9
fin_Latn-pbt_Arab,shaomutan_remedy-9b-22,0.78046584,75048,200000,0.4
fin_Latn-plt_Latn,metricx24,0.746800484,183886,1200000,0.2
fin_Latn-pol_Latn,metricx24,0.818495,75639137,1200000,63.0
fin_Latn-por_Latn,metricx24,0.850659,86248215,1200000,71.9
fin_Latn-pus_Arab,metricx24,unknown,97453,1200000,0.1
fin_Latn-rmy_Latn,metricx24,unknown,81567,1200000,0.1
fin_Latn-ron_Latn,metricx24,0.849857,72608636,1200000,60.5
fin_Latn-rus_Cyrl,metricx24,0.873298,52683116,1200000,43.9
fin_Latn-scn_Latn,qwen3-4b-instruct-2507,0.830667,107978,28000,3.9
fin_Latn-sin_Sinh,shaomutan_remedy-9b-22,0.908280517,2119963,200000,10.6
fin_Latn-slk_Latn,metricx24,0.804205,36839809,1200000,30.7
fin_Latn-slv_Latn,metricx24,0.864721,38693097,1200000,32.2
fin_Latn-sna_Latn,shaomutan_remedy-9b-22,0.674178944,100177,200000,0.5
fin_Latn-snd_Arab,qwen3-4b-instruct-2507,0.851165,113508,28000,4.1
fin_Latn-som_Latn,shaomutan_remedy-9b-22,0.702280432,257327,200000,1.3
fin_Latn-spa_Latn,qwen3-4b-instruct-2507,0.929716,173324,28000,6.2
fin_Latn-sqi_Latn,metricx24,unknown,1626053,1200000,1.4
fin_Latn-srd_Latn,qwen3-4b-instruct-2507,0.812713,1193001,28000,42.6
fin_Latn-srp_Cyrl,shaomutan_remedy-9b-22,0.932196993,7173769,200000,35.9
fin_Latn-srp_Latn,metricx24,unknown,33838899,1200000,28.2
fin_Latn-sun_Latn,qwen3-4b-instruct-2507,0.82118,293729,28000,10.5
fin_Latn-swa_Latn,metricx24,unknown,1224145,1200000,1.0
fin_Latn-swc_Latn,metricx24,unknown,259636,1200000,0.2
fin_Latn-swe_Latn,metricx24,0.865731,90357905,1200000,75.3
fin_Latn-swh_Latn,shaomutan_remedy-9b-22,0.865280757,1541391,200000,7.7
fin_Latn-tam_Taml,metricx24,0.789543,3664813,1200000,3.1
fin_Latn-tat_Cyrl,shaomutan_remedy-9b-22,0.870214072,139130,200000,0.7
fin_Latn-tel_Telu,qwen3-4b-instruct-2507,0.924151,1522761,28000,54.4
fin_Latn-tgk_Cyrl,shaomutan_remedy-9b-22,0.834552894,216660,200000,1.1
fin_Latn-tgl_Latn,shaomutan_remedy-9b-22,0.943283975,1695828,200000,8.5
fin_Latn-tha_Thai,metricx24,0.81842,19392249,1200000,16.2
fin_Latn-tur_Latn,shaomutan_remedy-9b-22,0.929577394,52244200,200000,261.2
fin_Latn-ukr_Cyrl,shaomutan_remedy-9b-22,0.93159628,16900160,200000,84.5
fin_Latn-und_Hira,metricx24,unknown,82993,1200000,0.1
fin_Latn-und_Kana,metricx24,unknown,289379,1200000,0.2
fin_Latn-urd_Arab,shaomutan_remedy-9b-22,0.890920047,1807543,200000,9.0
fin_Latn-uzn_Latn,qwen3-4b-instruct-2507,0.831762,383524,28000,13.7
fin_Latn-vec_Latn,qwen3-4b-instruct-2507,0.887745,446839,28000,16.0
fin_Latn-vie_Latn,shaomutan_remedy-9b-22,0.936142537,33323152,200000,166.6
fin_Latn-wln_Latn,metricx24,unknown,48630,1200000,0.0
fin_Latn-wol_Latn,shaomutan_remedy-9b-22,0.567913198,78523,200000,0.4
fin_Latn-xho_Latn,shaomutan_remedy-9b-22,0.760261642,524357,200000,2.6
fin_Latn-yor_Latn,shaomutan_remedy-9b-22,0.69395757,132968,200000,0.7
fin_Latn-yue_Hani,metricx24,unknown,1036465,1200000,0.9
fin_Latn-zho_Hans,metricx24,0.850531,9247156,1200000,7.7
fin_Latn-zho_Hant,metricx24,0.834018,6593377,1200000,5.5
fin_Latn-zho_Zyyy,metricx24,unknown,147614,1200000,0.1
fin_Latn-zsm_Latn,metricx24,0.820208,4308130,1200000,3.6
fin_Latn-zul_Latn,shaomutan_remedy-9b-22,0.799207373,120006,200000,0.6
fon_Latn-fra_Latn,qwen3-4b-instruct-2507,0.768158,522985,28000,18.7
fon_Latn-kin_Latn,shaomutan_remedy-9b-22,0.653583462,102541,200000,0.5
fon_Latn-nya_Latn,shaomutan_remedy-9b-22,0.485478418,114955,200000,0.6
fra_Latn-abk_Cyrl,metricx24,unknown,125345,1200000,0.1
fra_Latn-afr_Latn,qwen3-4b-instruct-2507,0.928367,424134,28000,15.1
fra_Latn-als_Latn,metricx24,0.84434,2372142,1200000,2.0
fra_Latn-arb_Arab,qwen3-4b-instruct-2507,0.967805,1106523,28000,39.5
fra_Latn-arz_Arab,qwen3-4b-instruct-2507,0.924082,328045,28000,11.7
fra_Latn-ast_Latn,qwen3-4b-instruct-2507,0.88107,144549,28000,5.2
fra_Latn-azj_Latn,qwen3-4b-instruct-2507,0.88656,120353,28000,4.3
fra_Latn-bak_Cyrl,shaomutan_remedy-9b-22,0.903530765,188818,200000,0.9
fra_Latn-bel_Cyrl,shaomutan_remedy-9b-22,0.936803459,80806,200000,0.4
fra_Latn-bho_Deva,qwen3-4b-instruct-2507,0.865565,59154,28000,2.1
fra_Latn-bul_Cyrl,qwen3-4b-instruct-2507,0.965525,71385,28000,2.5
fra_Latn-cat_Latn,qwen3-4b-instruct-2507,0.950169,319853,28000,11.4
fra_Latn-ces_Latn,qwen3-4b-instruct-2507,0.974301,512719,28000,18.3
fra_Latn-ckb_Arab,metricx24,0.784429298,133140,1200000,0.1
fra_Latn-cmn_Hani,metricx24,unknown,45262215,1200000,37.7
fra_Latn-cos_Latn,metricx24,unknown,429276,1200000,0.4
fra_Latn-crh_Latn,shaomutan_remedy-9b-22,0.823771801,160244,200000,0.8
fra_Latn-dan_Latn,qwen3-4b-instruct-2507,0.967959,997245,28000,35.6
fra_Latn-deu_Latn,qwen3-4b-instruct-2507,0.976456,392266,28000,14.0
fra_Latn-ekk_Latn,metricx24,unknown,88905,1200000,0.1
fra_Latn-ell_Grek,qwen3-4b-instruct-2507,0.961797,70036,28000,2.5
fra_Latn-eng_Latn,metricx24,0.839696,2199842,1200000,1.8
fra_Latn-epo_Latn,shaomutan_remedy-9b-22,0.935956567,188264,200000,0.9
fra_Latn-eus_Latn,shaomutan_remedy-9b-22,0.939970599,601805,200000,3.0
fra_Latn-fao_Latn,qwen3-4b-instruct-2507,0.874375,81768,28000,2.9
fra_Latn-fas_Arab,metricx24,unknown,106987,1200000,0.1
fra_Latn-fil_Latn,metricx24,unknown,2292288,1200000,1.9
fra_Latn-fin_Latn,qwen3-4b-instruct-2507,0.938283,164071,28000,5.9
fra_Latn-fra_Latn,metricx24,unknown,2958436,1200000,2.5
fra_Latn-fro_Latn,metricx24,unknown,146852,1200000,0.1
fra_Latn-fry_Latn,metricx24,unknown,239711,1200000,0.2
fra_Latn-ful_Latn,metricx24,unknown,269104,1200000,0.2
fra_Latn-fur_Latn,qwen3-4b-instruct-2507,0.874679,1109795,28000,39.6
fra_Latn-fuv_Latn,qwen3-4b-instruct-2507,0.361065,186011,28000,6.6
fra_Latn-gaz_Latn,metricx24,0.58617528,468500,1200000,0.4
fra_Latn-gla_Latn,shaomutan_remedy-9b-22,0.838815993,64860,200000,0.3
fra_Latn-gle_Latn,m-prometheus-7b,0.897172723,1893817,27000,70.1
fra_Latn-glg_Latn,metricx24,0.838465,38373376,1200000,32.0
fra_Latn-guj_Gujr,qwen3-4b-instruct-2507,0.958024,157936,28000,5.6
fra_Latn-hat_Latn,shaomutan_remedy-9b-22,0.895459879,4226917,200000,21.1
fra_Latn-hau_Latn,shaomutan_remedy-9b-22,0.857168005,3846926,200000,19.2
fra_Latn-hbs_Latn,metricx24,unknown,1288794,1200000,1.1
fra_Latn-heb_Hebr,metricx24,0.884666,65095645,1200000,54.2
fra_Latn-hin_Deva,metricx24,0.822987,18492927,1200000,15.4
fra_Latn-hne_Deva,qwen3-4b-instruct-2507,0.86445,147032,28000,5.3
fra_Latn-hrv_Latn,metricx24,0.928595,57099768,1200000,47.6
fra_Latn-hun_Latn,metricx24,0.820368,111160452,1200000,92.6
fra_Latn-hye_Armn,m-prometheus-7b,0.952608263,603319,27000,22.3
fra_Latn-ibo_Latn,shaomutan_remedy-9b-22,0.781282359,1506192,200000,7.5
fra_Latn-ilo_Latn,qwen3-4b-instruct-2507,0.80563,178513,28000,6.4
fra_Latn-ina_Latn,metricx24,unknown,160050,1200000,0.1
fra_Latn-ind_Latn,metricx24,0.874079,69678976,1200000,58.1
fra_Latn-isl_Latn,shaomutan_remedy-9b-22,0.920197687,7841574,200000,39.2
fra_Latn-ita_Latn,metricx24,0.898505,291656617,1200000,243.0
fra_Latn-jav_Latn,qwen3-4b-instruct-2507,0.904475,954354,28000,34.1
fra_Latn-jpn_Jpan,metricx24,0.834888,30345409,1200000,25.3
fra_Latn-kab_Latn,qwen3-4b-instruct-2507,0.408671,1231929,28000,44.0
fra_Latn-kam_Latn,qwen3-4b-instruct-2507,0.416914,370714,28000,13.2
fra_Latn-kan_Knda,qwen3-4b-instruct-2507,0.949945,181622,28000,6.5
fra_Latn-kat_Geor,shaomutan_remedy-9b-22,0.92941353,962976,200000,4.8
fra_Latn-kau_Latn,metricx24,unknown,103068,1200000,0.1
fra_Latn-kau_Zyyy,metricx24,unknown,1336851,1200000,1.1
fra_Latn-kaz_Cyrl,shaomutan_remedy-9b-22,0.929432576,550722,200000,2.8
fra_Latn-kea_Latn,qwen3-4b-instruct-2507,0.896894,130863,28000,4.7
fra_Latn-khk_Cyrl,metricx24,0.815125258,197434,1200000,0.2
fra_Latn-khm_Khmr,shaomutan_remedy-9b-22,0.9283266,771849,200000,3.9
fra_Latn-kik_Latn,shaomutan_remedy-9b-22,0.722773092,436655,200000,2.2
fra_Latn-kin_Latn,shaomutan_remedy-9b-22,0.836888097,2913841,200000,14.6
fra_Latn-kir_Cyrl,shaomutan_remedy-9b-22,0.920447882,188427,200000,0.9
fra_Latn-kiu_Latn,metricx24,unknown,175165,1200000,0.1
fra_Latn-kmb_Latn,metricx24,0.438256467,275425,1200000,0.2
fra_Latn-kmr_Latn,metricx24,0.727477181,152132,1200000,0.1
fra_Latn-kng_Latn,metricx24,unknown,251826,1200000,0.2
fra_Latn-kon_Latn,shaomutan_remedy-9b-22,0.639339847,171544,200000,0.9
fra_Latn-kor_Hang,metricx24,0.836087,32467184,1200000,27.1
fra_Latn-kor_Zyyy,metricx24,unknown,5924979,1200000,4.9
fra_Latn-lao_Laoo,qwen3-4b-instruct-2507,0.910423,143522,28000,5.1
fra_Latn-lat_Latn,metricx24,unknown,887153,1200000,0.7
fra_Latn-lav_Latn,metricx24,unknown,2181687,1200000,1.8
fra_Latn-lij_Latn,qwen3-4b-instruct-2507,0.880154,62845,28000,2.2
fra_Latn-lim_Latn,qwen3-4b-instruct-2507,0.828566,525257,28000,18.8
fra_Latn-lin_Latn,shaomutan_remedy-9b-22,0.764836838,690706,200000,3.5
fra_Latn-lit_Latn,metricx24,0.805597,47455252,1200000,39.5
fra_Latn-lmo_Latn,qwen3-4b-instruct-2507,0.868507,64614,28000,2.3
fra_Latn-ltz_Latn,metricx24,0.886147,3437954,1200000,2.9
fra_Latn-lua_Latn,shaomutan_remedy-9b-22,0.613003045,481928,200000,2.4
fra_Latn-lug_Latn,shaomutan_remedy-9b-22,0.664873596,744015,200000,3.7
fra_Latn-luo_Latn,metricx24,0.410231397,508667,1200000,0.4
fra_Latn-lvs_Latn,metricx24,0.75642,28424446,1200000,23.7
fra_Latn-lzh_Hani,metricx24,unknown,1039135,1200000,0.9
fra_Latn-mal_Mlym,metricx24,0.814557,4509213,1200000,3.8
fra_Latn-mar_Deva,shaomutan_remedy-9b-22,0.942060628,860146,200000,4.3
fra_Latn-mhr_Cyrl,metricx24,unknown,169817,1200000,0.1
fra_Latn-mkd_Cyrl,metricx24,0.864877,6053452,1200000,5.0
fra_Latn-mlg_Latn,metricx24,unknown,924614,1200000,0.8
fra_Latn-mlt_Latn,shaomutan_remedy-9b-22,0.930880573,7193981,200000,36.0
fra_Latn-mon_Cyrl,metricx24,unknown,235892,1200000,0.2
fra_Latn-mri_Latn,shaomutan_remedy-9b-22,0.761703199,122920,200000,0.6
fra_Latn-msa_Latn,metricx24,unknown,8800567,1200000,7.3
fra_Latn-mya_Mymr,shaomutan_remedy-9b-22,0.934281849,994413,200000,5.0
fra_Latn-nap_Latn,metricx24,unknown,242726,1200000,0.2
fra_Latn-nde_Latn,metricx24,unknown,140153,1200000,0.1
fra_Latn-nds_Latn,metricx24,unknown,286652,1200000,0.2
fra_Latn-nep_Deva,metricx24,unknown,439255,1200000,0.4
fra_Latn-nld_Latn,metricx24,0.911004,167756376,1200000,139.8
fra_Latn-nno_Latn,qwen3-4b-instruct-2507,0.949607,1368137,28000,48.9
fra_Latn-nob_Latn,metricx24,0.848716,48855853,1200000,40.7
fra_Latn-nor_Latn,metricx24,unknown,17647796,1200000,14.7
fra_Latn-npi_Deva,bicleaner-ai,0.966264808,254073,2250000,0.1
fra_Latn-nso_Latn,metricx24,0.649938435,782669,1200000,0.7
fra_Latn-nus_Latn,qwen3-4b-instruct-2507,0.483703,180119,28000,6.4
fra_Latn-nya_Latn,shaomutan_remedy-9b-22,0.767685993,2802740,200000,14.0
fra_Latn-oci_Latn,shaomutan_remedy-9b-22,0.892494524,8432643,200000,42.2
fra_Latn-orm_Latn,metricx24,unknown,277102,1200000,0.2
fra_Latn-orv_Cyrl,metricx24,unknown,77678,1200000,0.1
fra_Latn-pan_Guru,qwen3-4b-instruct-2507,0.958462,199604,28000,7.1
fra_Latn-pap_Latn,qwen3-4b-instruct-2507,0.877442,328269,28000,11.7
fra_Latn-pbt_Arab,shaomutan_remedy-9b-22,0.813209415,90560,200000,0.5
fra_Latn-plt_Latn,metricx24,0.784285,3175405,1200000,2.6
fra_Latn-pol_Latn,metricx24,0.797495,134660537,1200000,112.2
fra_Latn-por_Latn,metricx24,0.841013,273285144,1200000,227.7
fra_Latn-pus_Arab,metricx24,unknown,126733,1200000,0.1
fra_Latn-rmy_Latn,metricx24,unknown,242958,1200000,0.2
fra_Latn-ron_Latn,metricx24,0.839102,137306980,1200000,114.4
fra_Latn-run_Latn,shaomutan_remedy-9b-22,0.766635917,1162135,200000,5.8
fra_Latn-rus_Cyrl,metricx24,0.89014,144666579,1200000,120.6
fra_Latn-sag_Latn,shaomutan_remedy-9b-22,0.518729283,944203,200000,4.7
fra_Latn-scn_Latn,qwen3-4b-instruct-2507,0.861563,1458958,28000,52.1
fra_Latn-sin_Sinh,shaomutan_remedy-9b-22,0.932850267,2816409,200000,14.1
fra_Latn-slk_Latn,metricx24,0.795625,55672812,1200000,46.4
fra_Latn-slv_Latn,metricx24,0.876473,49345632,1200000,41.1
fra_Latn-sna_Latn,shaomutan_remedy-9b-22,0.783299697,2221519,200000,11.1
fra_Latn-snd_Arab,qwen3-4b-instruct-2507,0.912593,123645,28000,4.4
fra_Latn-som_Latn,shaomutan_remedy-9b-22,0.795851436,3094579,200000,15.5
fra_Latn-sot_Latn,shaomutan_remedy-9b-22,0.808365066,2182203,200000,10.9
fra_Latn-spa_Latn,qwen3-4b-instruct-2507,0.951349,1800626,28000,64.3
fra_Latn-sqi_Latn,metricx24,unknown,1605445,1200000,1.3
fra_Latn-srd_Latn,metricx24,0.801089,3059379,1200000,2.5
fra_Latn-srp_Cyrl,metricx24,0.891384,10000013,1200000,8.3
fra_Latn-srp_Latn,metricx24,unknown,46824573,1200000,39.0
fra_Latn-ssw_Latn,metricx24,0.669375915,372633,1200000,0.3
fra_Latn-sun_Latn,qwen3-4b-instruct-2507,0.896909,386788,28000,13.8
fra_Latn-swa_Latn,metricx24,unknown,4559701,1200000,3.8
fra_Latn-swc_Latn,metricx24,unknown,1404341,1200000,1.2
fra_Latn-swe_Latn,metricx24,0.871419,115759272,1200000,96.5
fra_Latn-swh_Latn,shaomutan_remedy-9b-22,0.92635932,9090065,200000,45.5
fra_Latn-szl_Latn,qwen3-4b-instruct-2507,0.814634,68217,28000,2.4
fra_Latn-tam_Taml,metricx24,0.825842,9999852,1200000,8.3
fra_Latn-tat_Cyrl,shaomutan_remedy-9b-22,0.910959844,154261,200000,0.8
fra_Latn-tel_Telu,qwen3-4b-instruct-2507,0.953499,1488787,28000,53.2
fra_Latn-tgk_Cyrl,qwen3-4b-instruct-2507,0.897307,259297,28000,9.3
fra_Latn-tgl_Latn,metricx24,0.856798,3109128,1200000,2.6
fra_Latn-tha_Thai,metricx24,0.856159,22951964,1200000,19.1
fra_Latn-tig_Ethi,metricx24,unknown,106450,1200000,0.1
fra_Latn-tir_Ethi,shaomutan_remedy-9b-22,0.777978377,980015,200000,4.9
fra_Latn-tsn_Latn,shaomutan_remedy-9b-22,0.784459512,1373578,200000,6.9
fra_Latn-tso_Latn,shaomutan_remedy-9b-22,0.753233068,840091,200000,4.2
fra_Latn-tum_Latn,metricx24,0.711841553,667695,1200000,0.6
fra_Latn-tur_Latn,metricx24,0.765988,81995226,1200000,68.3
fra_Latn-twi_Latn,shaomutan_remedy-9b-22,0.751591109,833783,200000,4.2
fra_Latn-tzm_Tfng,metricx24,0.479249343,102832,1200000,0.1
fra_Latn-ukr_Cyrl,metricx24,0.844075,22055620,1200000,18.4
fra_Latn-umb_Latn,qwen3-4b-instruct-2507,0.391857,375077,28000,13.4
fra_Latn-und_Cyrl,metricx24,unknown,70159,1200000,0.1
fra_Latn-und_Geor,metricx24,unknown,51688,1200000,0.0
fra_Latn-und_Hira,metricx24,unknown,109842,1200000,0.1
fra_Latn-und_Kana,metricx24,unknown,614409,1200000,0.5
fra_Latn-urd_Arab,shaomutan_remedy-9b-22,0.925155063,2004219,200000,10.0
fra_Latn-uzn_Latn,qwen3-4b-instruct-2507,0.903892,280774,28000,10.0
fra_Latn-vec_Latn,qwen3-4b-instruct-2507,0.907785,1558504,28000,55.7
fra_Latn-ven_Latn,metricx24,unknown,111867,1200000,0.1
fra_Latn-vie_Latn,metricx24,0.871463,45587810,1200000,38.0
fra_Latn-wol_Latn,shaomutan_remedy-9b-22,0.681201771,438170,200000,2.2
fra_Latn-wuu_Hani,metricx24,unknown,250349,1200000,0.2
fra_Latn-xav_Latn,metricx24,unknown,236758,1200000,0.2
fra_Latn-xho_Latn,shaomutan_remedy-9b-22,0.803261077,2669498,200000,13.3
fra_Latn-yor_Latn,shaomutan_remedy-9b-22,0.731236658,2699085,200000,13.5
fra_Latn-yue_Hani,metricx24,unknown,1747439,1200000,1.5
fra_Latn-zho_Hans,metricx24,0.893031,25779170,1200000,21.5
fra_Latn-zho_Hant,metricx24,0.880164,8914593,1200000,7.4
fra_Latn-zho_Zyyy,metricx24,unknown,105075,1200000,0.1
fra_Latn-zsm_Latn,metricx24,0.840454,6714831,1200000,5.6
fra_Latn-zul_Latn,shaomutan_remedy-9b-22,0.848348484,3432555,200000,17.2
fro_Latn-fra_Latn,metricx24,unknown,105838,1200000,0.1
fro_Latn-fro_Latn,qwen3-4b-instruct-2507,unknown,47728,28000,1.7
fro_Latn-heb_Hebr,metricx24,unknown,115251,1200000,0.1
fro_Latn-hrv_Latn,qwen3-4b-instruct-2507,unknown,102611,28000,3.7
fro_Latn-hun_Latn,metricx24,unknown,147798,1200000,0.1
fro_Latn-ind_Latn,metricx24,unknown,118983,1200000,0.1
fro_Latn-ita_Latn,metricx24,unknown,236606,1200000,0.2
fro_Latn-nld_Latn,metricx24,unknown,200109,1200000,0.2
fro_Latn-pol_Latn,metricx24,unknown,195365,1200000,0.2
fro_Latn-por_Latn,metricx24,unknown,449018,1200000,0.4
fro_Latn-ron_Latn,metricx24,unknown,212463,1200000,0.2
fro_Latn-rus_Cyrl,metricx24,unknown,221261,1200000,0.2
fro_Latn-slk_Latn,metricx24,unknown,65932,1200000,0.1
fro_Latn-slv_Latn,metricx24,unknown,82687,1200000,0.1
fro_Latn-spa_Latn,metricx24,unknown,69619,1200000,0.1
fro_Latn-srp_Latn,qwen3-4b-instruct-2507,unknown,135794,28000,4.8
fro_Latn-swe_Latn,metricx24,unknown,164684,1200000,0.1
fro_Latn-tur_Latn,metricx24,unknown,215902,1200000,0.2
fro_Latn-vie_Latn,metricx24,unknown,98762,1200000,0.1
fry_Latn-gle_Latn,metricx24,unknown,66018,1200000,0.1
fry_Latn-glg_Latn,metricx24,unknown,204745,1200000,0.2
fry_Latn-hau_Latn,metricx24,unknown,54960,1200000,0.0
fry_Latn-heb_Hebr,metricx24,unknown,303571,1200000,0.3
fry_Latn-hin_Deva,metricx24,unknown,200869,1200000,0.2
fry_Latn-hrv_Latn,qwen3-4b-instruct-2507,unknown,273696,28000,9.8
fry_Latn-hun_Latn,metricx24,unknown,275021,1200000,0.2
fry_Latn-ind_Latn,metricx24,unknown,203914,1200000,0.2
fry_Latn-isl_Latn,metricx24,unknown,259011,1200000,0.2
fry_Latn-ita_Latn,metricx24,unknown,257902,1200000,0.2
fry_Latn-jav_Latn,metricx24,unknown,56822,1200000,0.0
fry_Latn-jpn_Jpan,metricx24,unknown,252319,1200000,0.2
fry_Latn-kat_Geor,metricx24,unknown,47058,1200000,0.0
fry_Latn-kaz_Cyrl,metricx24,unknown,70112,1200000,0.1
fry_Latn-kor_Hang,metricx24,unknown,107454,1200000,0.1
fry_Latn-kor_Zyyy,qwen3-4b-instruct-2507,unknown,132401,28000,4.7
fry_Latn-lat_Latn,qwen3-4b-instruct-2507,unknown,58822,28000,2.1
fry_Latn-lav_Latn,qwen3-4b-instruct-2507,unknown,78993,28000,2.8
fry_Latn-lit_Latn,metricx24,unknown,192767,1200000,0.2
fry_Latn-ltz_Latn,metricx24,unknown,109689,1200000,0.1
fry_Latn-lvs_Latn,metricx24,unknown,92418,1200000,0.1
fry_Latn-mal_Mlym,metricx24,unknown,145290,1200000,0.1
fry_Latn-mar_Deva,metricx24,unknown,122466,1200000,0.1
fry_Latn-mkd_Cyrl,metricx24,unknown,226502,1200000,0.2
fry_Latn-mlg_Latn,qwen3-4b-instruct-2507,unknown,56489,28000,2.0
fry_Latn-msa_Latn,qwen3-4b-instruct-2507,unknown,147686,28000,5.3
fry_Latn-nds_Latn,qwen3-4b-instruct-2507,unknown,64872,28000,2.3
fry_Latn-nep_Deva,qwen3-4b-instruct-2507,unknown,81127,28000,2.9
fry_Latn-nld_Latn,metricx24,unknown,568146,1200000,0.5
fry_Latn-nob_Latn,metricx24,unknown,276475,1200000,0.2
fry_Latn-nor_Latn,qwen3-4b-instruct-2507,unknown,258295,28000,9.2
fry_Latn-oci_Latn,qwen3-4b-instruct-2507,unknown,77335,28000,2.8
fry_Latn-pol_Latn,metricx24,unknown,321021,1200000,0.3
fry_Latn-por_Latn,metricx24,unknown,293888,1200000,0.2
fry_Latn-ron_Latn,metricx24,unknown,270015,1200000,0.2
fry_Latn-rus_Cyrl,metricx24,unknown,417920,1200000,0.3
fry_Latn-sin_Sinh,metricx24,unknown,131451,1200000,0.1
fry_Latn-slk_Latn,metricx24,unknown,256063,1200000,0.2
fry_Latn-slv_Latn,metricx24,unknown,167470,1200000,0.1
fry_Latn-sqi_Latn,qwen3-4b-instruct-2507,unknown,135738,28000,4.8
fry_Latn-srp_Cyrl,metricx24,unknown,208809,1200000,0.2
fry_Latn-swa_Latn,qwen3-4b-instruct-2507,unknown,99595,28000,3.6
fry_Latn-swe_Latn,metricx24,unknown,284528,1200000,0.2
fry_Latn-tam_Taml,metricx24,unknown,139510,1200000,0.1
fry_Latn-tel_Telu,metricx24,unknown,59904,1200000,0.0
fry_Latn-tgl_Latn,qwen3-4b-instruct-2507,unknown,116320,28000,4.2
fry_Latn-tha_Thai,metricx24,unknown,101102,1200000,0.1
fry_Latn-tur_Latn,metricx24,unknown,261790,1200000,0.2
fry_Latn-ukr_Cyrl,metricx24,unknown,292346,1200000,0.2
fry_Latn-urd_Arab,metricx24,unknown,115416,1200000,0.1
fry_Latn-xho_Latn,metricx24,unknown,88578,1200000,0.1
fry_Latn-zho_Hans,metricx24,unknown,229238,1200000,0.2
ful_Latn-fin_Latn,metricx24,unknown,109011,1200000,0.1
ful_Latn-fra_Latn,metricx24,unknown,780448,1200000,0.7
ful_Latn-hau_Latn,metricx24,unknown,119782,1200000,0.1
ful_Latn-hrv_Latn,qwen3-4b-instruct-2507,unknown,126230,28000,4.5
ful_Latn-hun_Latn,metricx24,unknown,111843,1200000,0.1
ful_Latn-ind_Latn,metricx24,unknown,392340,1200000,0.3
ful_Latn-ita_Latn,metricx24,unknown,557759,1200000,0.5
ful_Latn-jpn_Jpan,metricx24,unknown,199470,1200000,0.2
ful_Latn-nld_Latn,metricx24,unknown,358672,1200000,0.3
ful_Latn-pol_Latn,metricx24,unknown,248364,1200000,0.2
ful_Latn-por_Latn,metricx24,unknown,544821,1200000,0.5
ful_Latn-ron_Latn,metricx24,unknown,130324,1200000,0.1
ful_Latn-rus_Cyrl,metricx24,unknown,407081,1200000,0.3
ful_Latn-som_Latn,metricx24,unknown,105342,1200000,0.1
ful_Latn-swe_Latn,metricx24,unknown,137454,1200000,0.1
ful_Latn-tgl_Latn,qwen3-4b-instruct-2507,unknown,131805,28000,4.7
ful_Latn-tur_Latn,metricx24,unknown,204964,1200000,0.2
ful_Latn-ukr_Cyrl,metricx24,unknown,89586,1200000,0.1
ful_Latn-vie_Latn,metricx24,unknown,131196,1200000,0.1
ful_Latn-yor_Latn,metricx24,unknown,169699,1200000,0.1
ful_Latn-zho_Hans,metricx24,unknown,147276,1200000,0.1
ful_Latn-zho_Hant,metricx24,unknown,118972,1200000,0.1
fur_Latn-deu_Latn,shaomutan_remedy-9b-22,0.935577285,129780,200000,0.6
fur_Latn-ell_Grek,shaomutan_remedy-9b-22,0.940024231,78646,200000,0.4
fur_Latn-eng_Latn,qwen3-4b-instruct-2507,0.965729,745811,28000,26.6
fur_Latn-est_Latn,shaomutan_remedy-9b-22,0.926295296,59259,200000,0.3
fur_Latn-fas_Arab,qwen3-4b-instruct-2507,unknown,75038,28000,2.7
fur_Latn-fin_Latn,shaomutan_remedy-9b-22,0.918437848,244912,200000,1.2
fur_Latn-fra_Latn,qwen3-4b-instruct-2507,0.941115,1024888,28000,36.6
fur_Latn-fur_Latn,qwen3-4b-instruct-2507,unknown,784439,28000,28.0
fur_Latn-glg_Latn,shaomutan_remedy-9b-22,0.939369443,62350,200000,0.3
fur_Latn-heb_Hebr,shaomutan_remedy-9b-22,0.923786646,198631,200000,1.0
fur_Latn-hin_Deva,shaomutan_remedy-9b-22,0.885837247,120156,200000,0.6
fur_Latn-hrv_Latn,shaomutan_remedy-9b-22,0.909412972,304859,200000,1.5
fur_Latn-hun_Latn,shaomutan_remedy-9b-22,0.921154913,487513,200000,2.4
fur_Latn-ind_Latn,shaomutan_remedy-9b-22,0.917286142,446883,200000,2.2
fur_Latn-isl_Latn,shaomutan_remedy-9b-22,0.875307694,51941,200000,0.3
fur_Latn-ita_Latn,qwen3-4b-instruct-2507,0.941349,953125,28000,34.0
fur_Latn-jpn_Jpan,shaomutan_remedy-9b-22,0.932116973,463034,200000,2.3
fur_Latn-kor_Hang,shaomutan_remedy-9b-22,0.920999125,118174,200000,0.6
fur_Latn-kor_Zyyy,qwen3-4b-instruct-2507,unknown,136134,28000,4.9
fur_Latn-lav_Latn,qwen3-4b-instruct-2507,unknown,118094,28000,4.2
fur_Latn-lit_Latn,shaomutan_remedy-9b-22,0.935161851,326602,200000,1.6
fur_Latn-lvs_Latn,shaomutan_remedy-9b-22,0.935864016,191480,200000,1.0
fur_Latn-mal_Mlym,shaomutan_remedy-9b-22,0.901369539,37109,200000,0.2
fur_Latn-mkd_Cyrl,shaomutan_remedy-9b-22,0.928503116,121200,200000,0.6
fur_Latn-msa_Latn,qwen3-4b-instruct-2507,unknown,127062,28000,4.5
fur_Latn-nld_Latn,shaomutan_remedy-9b-22,0.925016589,997932,200000,5.0
fur_Latn-nno_Latn,shaomutan_remedy-9b-22,0.931413294,56831,200000,0.3
fur_Latn-nob_Latn,shaomutan_remedy-9b-22,0.932479932,85076,200000,0.4
fur_Latn-nor_Latn,qwen3-4b-instruct-2507,unknown,282885,28000,10.1
fur_Latn-pol_Latn,shaomutan_remedy-9b-22,0.935734215,920063,200000,4.6
fur_Latn-por_Latn,shaomutan_remedy-9b-22,0.926859917,1802566,200000,9.0
fur_Latn-ron_Latn,qwen3-4b-instruct-2507,0.923176,545312,28000,19.5
fur_Latn-rus_Cyrl,shaomutan_remedy-9b-22,0.9376932,1207960,200000,6.0
fur_Latn-sin_Sinh,shaomutan_remedy-9b-22,0.887217371,37482,200000,0.2
fur_Latn-slk_Latn,shaomutan_remedy-9b-22,0.938864147,467512,200000,2.3
fur_Latn-slv_Latn,shaomutan_remedy-9b-22,0.913297939,251933,200000,1.3
fur_Latn-spa_Latn,qwen3-4b-instruct-2507,0.928467,1265409,28000,45.2
fur_Latn-sqi_Latn,qwen3-4b-instruct-2507,unknown,147947,28000,5.3
fur_Latn-srd_Latn,shaomutan_remedy-9b-22,0.860002203,390028,200000,2.0
fur_Latn-srp_Cyrl,shaomutan_remedy-9b-22,0.917903324,102527,200000,0.5
fur_Latn-srp_Latn,qwen3-4b-instruct-2507,unknown,49811,28000,1.8
fur_Latn-swa_Latn,qwen3-4b-instruct-2507,unknown,87310,28000,3.1
fur_Latn-swe_Latn,shaomutan_remedy-9b-22,0.937125267,735897,200000,3.7
fur_Latn-tam_Taml,shaomutan_remedy-9b-22,0.891629583,51908,200000,0.3
fur_Latn-tgl_Latn,shaomutan_remedy-9b-22,0.912784379,234207,200000,1.2
fur_Latn-tha_Thai,shaomutan_remedy-9b-22,0.916477534,270947,200000,1.4
fur_Latn-tur_Latn,shaomutan_remedy-9b-22,0.926497836,845858,200000,4.2
fur_Latn-ukr_Cyrl,qwen3-4b-instruct-2507,0.914405,396168,28000,14.1
fur_Latn-urd_Arab,shaomutan_remedy-9b-22,0.869612317,60238,200000,0.3
fur_Latn-vec_Latn,m-prometheus-7b,0.866993529,112217,27000,4.2
fur_Latn-vie_Latn,shaomutan_remedy-9b-22,0.903077848,418954,200000,2.1
fur_Latn-xho_Latn,shaomutan_remedy-9b-22,0.750395008,36609,200000,0.2
fur_Latn-zho_Hans,qwen3-4b-instruct-2507,0.933748,397111,28000,14.2
fur_Latn-zho_Hant,qwen3-4b-instruct-2507,0.929428,188406,28000,6.7
gaz_Latn-gaz_Latn,qwen3-4b-instruct-2507,unknown,6474,28000,0.2
gla_Latn-gla_Latn,metricx24,unknown,25421,1200000,0.0
gla_Latn-heb_Hebr,shaomutan_remedy-9b-22,0.896536063,79801,200000,0.4
gla_Latn-hin_Deva,shaomutan_remedy-9b-22,0.857917796,52128,200000,0.3
gla_Latn-hrv_Latn,shaomutan_remedy-9b-22,0.907588669,80646,200000,0.4
gla_Latn-hun_Latn,shaomutan_remedy-9b-22,0.933081051,84347,200000,0.4
gla_Latn-ind_Latn,shaomutan_remedy-9b-22,0.897069532,73192,200000,0.4
gla_Latn-ita_Latn,shaomutan_remedy-9b-22,0.910254731,94405,200000,0.5
gla_Latn-jpn_Jpan,shaomutan_remedy-9b-22,0.912094332,65670,200000,0.3
gla_Latn-lit_Latn,shaomutan_remedy-9b-22,0.909881077,55707,200000,0.3
gla_Latn-mkd_Cyrl,shaomutan_remedy-9b-22,0.921667395,55798,200000,0.3
gla_Latn-nld_Latn,shaomutan_remedy-9b-22,0.903097146,235866,200000,1.2
gla_Latn-nor_Latn,metricx24,unknown,64110,1200000,0.1
gla_Latn-pol_Latn,shaomutan_remedy-9b-22,0.911765461,99632,200000,0.5
gla_Latn-por_Latn,shaomutan_remedy-9b-22,0.885529711,118100,200000,0.6
gla_Latn-ron_Latn,shaomutan_remedy-9b-22,0.9202298,94291,200000,0.5
gla_Latn-rus_Cyrl,shaomutan_remedy-9b-22,0.927004465,129356,200000,0.6
gla_Latn-slk_Latn,shaomutan_remedy-9b-22,0.918272381,73478,200000,0.4
gla_Latn-srp_Cyrl,shaomutan_remedy-9b-22,0.931217568,60440,200000,0.3
gla_Latn-swe_Latn,shaomutan_remedy-9b-22,0.917304979,95738,200000,0.5
gla_Latn-tur_Latn,shaomutan_remedy-9b-22,0.906307811,93436,200000,0.5
gla_Latn-ukr_Cyrl,shaomutan_remedy-9b-22,0.930551386,84189,200000,0.4
gla_Latn-zho_Hans,qwen3-4b-instruct-2507,0.894505,56467,28000,2.0
gle_Latn-als_Latn,metricx24,0.812658046,577415,1200000,0.5
gle_Latn-gle_Latn,metricx24,unknown,26817,1200000,0.0
gle_Latn-glg_Latn,shaomutan_remedy-9b-22,0.886212247,687562,200000,3.4
gle_Latn-guj_Gujr,shaomutan_remedy-9b-22,0.918869246,112439,200000,0.6
gle_Latn-hau_Latn,shaomutan_remedy-9b-22,0.784619317,31096,200000,0.2
gle_Latn-hbs_Latn,metricx24,unknown,105709,1200000,0.1
gle_Latn-heb_Hebr,shaomutan_remedy-9b-22,0.926911409,399252,200000,2.0
gle_Latn-hin_Deva,shaomutan_remedy-9b-22,0.892759384,439333,200000,2.2
gle_Latn-hne_Deva,metricx24,0.689628107,75051,1200000,0.1
gle_Latn-hrv_Latn,shaomutan_remedy-9b-22,0.931659151,2107922,200000,10.5
gle_Latn-hun_Latn,shaomutan_remedy-9b-22,0.92201359,1362271,200000,6.8
gle_Latn-ind_Latn,shaomutan_remedy-9b-22,0.923918645,187805,200000,0.9
gle_Latn-isl_Latn,shaomutan_remedy-9b-22,0.888176116,1398220,200000,7.0
gle_Latn-ita_Latn,shaomutan_remedy-9b-22,0.934803583,1638486,200000,8.2
gle_Latn-jpn_Jpan,shaomutan_remedy-9b-22,0.936628221,365272,200000,1.8
gle_Latn-kan_Knda,shaomutan_remedy-9b-22,0.902764038,83232,200000,0.4
gle_Latn-kaz_Cyrl,shaomutan_remedy-9b-22,0.924866285,223830,200000,1.1
gle_Latn-kor_Hang,shaomutan_remedy-9b-22,0.93090126,291910,200000,1.5
gle_Latn-kor_Zyyy,metricx24,unknown,105229,1200000,0.1
gle_Latn-lav_Latn,metricx24,unknown,108304,1200000,0.1
gle_Latn-lit_Latn,shaomutan_remedy-9b-22,0.936162665,1947532,200000,9.7
gle_Latn-lvs_Latn,shaomutan_remedy-9b-22,0.941716812,1877184,200000,9.4
gle_Latn-mal_Mlym,shaomutan_remedy-9b-22,0.914927202,156685,200000,0.8
gle_Latn-mar_Deva,shaomutan_remedy-9b-22,0.905729757,119681,200000,0.6
gle_Latn-mkd_Cyrl,shaomutan_remedy-9b-22,0.939987778,740719,200000,3.7
gle_Latn-mlt_Latn,shaomutan_remedy-9b-22,0.91036695,1203621,200000,6.0
gle_Latn-msa_Latn,metricx24,unknown,309235,1200000,0.3
gle_Latn-nds_Latn,metricx24,unknown,100904,1200000,0.1
gle_Latn-nep_Deva,metricx24,unknown,104479,1200000,0.1
gle_Latn-nld_Latn,shaomutan_remedy-9b-22,0.927044209,1926194,200000,9.6
gle_Latn-nno_Latn,shaomutan_remedy-9b-22,0.915712528,160648,200000,0.8
gle_Latn-nob_Latn,shaomutan_remedy-9b-22,0.930822275,1921770,200000,9.6
gle_Latn-nor_Latn,metricx24,unknown,187571,1200000,0.2
gle_Latn-oci_Latn,shaomutan_remedy-9b-22,0.806248161,66785,200000,0.3
gle_Latn-pol_Latn,shaomutan_remedy-9b-22,0.933904707,1426926,200000,7.1
gle_Latn-por_Latn,shaomutan_remedy-9b-22,0.914050391,1660545,200000,8.3
gle_Latn-ron_Latn,shaomutan_remedy-9b-22,0.942795335,1309804,200000,6.5
gle_Latn-rus_Cyrl,shaomutan_remedy-9b-22,0.944737033,441548,200000,2.2
gle_Latn-sin_Sinh,shaomutan_remedy-9b-22,0.904756074,149808,200000,0.7
gle_Latn-slk_Latn,shaomutan_remedy-9b-22,0.930258348,2117514,200000,10.6
gle_Latn-slv_Latn,shaomutan_remedy-9b-22,0.925718908,1706204,200000,8.5
gle_Latn-sqi_Latn,metricx24,unknown,127474,1200000,0.1
gle_Latn-srp_Cyrl,shaomutan_remedy-9b-22,0.934183927,625320,200000,3.1
gle_Latn-swa_Latn,metricx24,unknown,122168,1200000,0.1
gle_Latn-swe_Latn,shaomutan_remedy-9b-22,0.939765624,1672671,200000,8.4
gle_Latn-swh_Latn,shaomutan_remedy-9b-22,0.877952113,235360,200000,1.2
gle_Latn-tam_Taml,shaomutan_remedy-9b-22,0.907393944,186606,200000,0.9
gle_Latn-tel_Telu,shaomutan_remedy-9b-22,0.893991824,123578,200000,0.6
gle_Latn-tgl_Latn,shaomutan_remedy-9b-22,0.905904275,65412,200000,0.3
gle_Latn-tha_Thai,shaomutan_remedy-9b-22,0.92410034,196307,200000,1.0
gle_Latn-tur_Latn,shaomutan_remedy-9b-22,0.933052924,444206,200000,2.2
gle_Latn-ukr_Cyrl,shaomutan_remedy-9b-22,0.948088755,1129615,200000,5.6
gle_Latn-urd_Arab,shaomutan_remedy-9b-22,0.878135155,156089,200000,0.8
gle_Latn-uzn_Latn,metricx24,0.755546471,169779,1200000,0.1
gle_Latn-vie_Latn,shaomutan_remedy-9b-22,0.913845129,570399,200000,2.9
gle_Latn-xho_Latn,shaomutan_remedy-9b-22,0.774872954,130391,200000,0.7
gle_Latn-zho_Hans,qwen3-4b-instruct-2507,0.904759,195226,28000,7.0
gle_Latn-zsm_Latn,metricx24,0.813040032,377807,1200000,0.3
glg_Latn-als_Latn,qwen3-4b-instruct-2507,0.907402,631755,28000,22.6
glg_Latn-cmn_Hani,metricx24,unknown,388490,1200000,0.3
glg_Latn-eng_Latn,qwen3-4b-instruct-2507,0.986376,72655,28000,2.6
glg_Latn-fil_Latn,metricx24,unknown,138790,1200000,0.1
glg_Latn-fin_Latn,qwen3-4b-instruct-2507,0.918024,83561,28000,3.0
glg_Latn-fra_Latn,qwen3-4b-instruct-2507,0.96884,346235,28000,12.4
glg_Latn-fur_Latn,qwen3-4b-instruct-2507,0.831702,79133,28000,2.8
glg_Latn-glg_Latn,metricx24,unknown,264800,1200000,0.2
glg_Latn-guj_Gujr,shaomutan_remedy-9b-22,0.943394379,128889,200000,0.6
glg_Latn-hau_Latn,shaomutan_remedy-9b-22,0.803452214,121822,200000,0.6
glg_Latn-hbs_Latn,metricx24,unknown,119052,1200000,0.1
glg_Latn-heb_Hebr,qwen3-4b-instruct-2507,0.966073,1536676,28000,54.9
glg_Latn-hin_Deva,qwen3-4b-instruct-2507,0.931289,868167,28000,31.0
glg_Latn-hne_Deva,qwen3-4b-instruct-2507,0.817611,93172,28000,3.3
glg_Latn-hrv_Latn,qwen3-4b-instruct-2507,0.94438,1808481,28000,64.6
glg_Latn-hun_Latn,qwen3-4b-instruct-2507,0.950851,1433331,28000,51.2
glg_Latn-hye_Armn,qwen3-4b-instruct-2507,0.935864,73819,28000,2.6
glg_Latn-ibo_Latn,shaomutan_remedy-9b-22,0.743768733,43282,200000,0.2
glg_Latn-ilo_Latn,metricx24,0.757526951,49093,1200000,0.0
glg_Latn-ind_Latn,qwen3-4b-instruct-2507,0.930986,1286994,28000,46.0
glg_Latn-isl_Latn,shaomutan_remedy-9b-22,0.913928423,915434,200000,4.6
glg_Latn-ita_Latn,metricx24,0.895632,5293766,1200000,4.4
glg_Latn-jav_Latn,shaomutan_remedy-9b-22,0.85770677,94641,200000,0.5
glg_Latn-jpn_Jpan,qwen3-4b-instruct-2507,0.970637,1167356,28000,41.7
glg_Latn-kan_Knda,qwen3-4b-instruct-2507,0.94011,118293,28000,4.2
glg_Latn-kat_Geor,shaomutan_remedy-9b-22,0.922506767,105059,200000,0.5
glg_Latn-kaz_Cyrl,shaomutan_remedy-9b-22,0.946267666,278842,200000,1.4
glg_Latn-khm_Khmr,shaomutan_remedy-9b-22,0.921819559,103705,200000,0.5
glg_Latn-kor_Hang,qwen3-4b-instruct-2507,0.958074,939044,28000,33.5
glg_Latn-kor_Zyyy,metricx24,unknown,430186,1200000,0.4
glg_Latn-lat_Latn,metricx24,unknown,194299,1200000,0.2
glg_Latn-lav_Latn,metricx24,unknown,206157,1200000,0.2
glg_Latn-lit_Latn,qwen3-4b-instruct-2507,0.920572,1088602,28000,38.9
glg_Latn-ltz_Latn,metricx24,0.887078185,151270,1200000,0.1
glg_Latn-lvs_Latn,qwen3-4b-instruct-2507,0.934624,771641,28000,27.6
glg_Latn-lzh_Hani,metricx24,unknown,126144,1200000,0.1
glg_Latn-mal_Mlym,qwen3-4b-instruct-2507,0.952753,520647,28000,18.6
glg_Latn-mar_Deva,shaomutan_remedy-9b-22,0.932653542,346758,200000,1.7
glg_Latn-mkd_Cyrl,qwen3-4b-instruct-2507,0.960622,1299747,28000,46.4
glg_Latn-mlg_Latn,metricx24,unknown,115825,1200000,0.1
glg_Latn-mlt_Latn,shaomutan_remedy-9b-22,0.930594245,236902,200000,1.2
glg_Latn-msa_Latn,metricx24,unknown,721712,1200000,0.6
glg_Latn-mya_Mymr,shaomutan_remedy-9b-22,0.916030032,59219,200000,0.3
glg_Latn-nds_Latn,metricx24,unknown,181806,1200000,0.2
glg_Latn-nep_Deva,metricx24,unknown,181105,1200000,0.2
glg_Latn-nld_Latn,qwen3-4b-instruct-2507,0.945709,1569626,28000,56.1
glg_Latn-nno_Latn,shaomutan_remedy-9b-22,0.920266489,168600,200000,0.8
glg_Latn-nob_Latn,qwen3-4b-instruct-2507,0.934007,986455,28000,35.2
glg_Latn-nor_Latn,metricx24,unknown,570413,1200000,0.5
glg_Latn-npi_Deva,qwen3-4b-instruct-2507,0.931976,89900,28000,3.2
glg_Latn-oci_Latn,shaomutan_remedy-9b-22,0.855080213,279116,200000,1.4
glg_Latn-pan_Guru,qwen3-4b-instruct-2507,0.957158,91490,28000,3.3
glg_Latn-pol_Latn,qwen3-4b-instruct-2507,0.960403,1594550,28000,56.9
glg_Latn-por_Latn,metricx24,0.820679,92835221,1200000,77.4
glg_Latn-ron_Latn,metricx24,0.842875,3176705,1200000,2.6
glg_Latn-rus_Cyrl,qwen3-4b-instruct-2507,0.964704,1883070,28000,67.3
glg_Latn-sin_Sinh,shaomutan_remedy-9b-22,0.918250227,399979,200000,2.0
glg_Latn-slk_Latn,qwen3-4b-instruct-2507,0.94886,1396435,28000,49.9
glg_Latn-slv_Latn,qwen3-4b-instruct-2507,0.94552,1103873,28000,39.4
glg_Latn-snd_Arab,qwen3-4b-instruct-2507,0.897964,81186,28000,2.9
glg_Latn-spa_Latn,qwen3-4b-instruct-2507,0.941289,91693,28000,3.3
glg_Latn-sqi_Latn,metricx24,unknown,389674,1200000,0.3
glg_Latn-srd_Latn,metricx24,0.770560848,157182,1200000,0.1
glg_Latn-srp_Cyrl,qwen3-4b-instruct-2507,0.963211,1109065,28000,39.6
glg_Latn-srp_Latn,metricx24,unknown,445039,1200000,0.4
glg_Latn-sun_Latn,qwen3-4b-instruct-2507,0.853649,67481,28000,2.4
glg_Latn-swa_Latn,metricx24,unknown,296712,1200000,0.2
glg_Latn-swe_Latn,qwen3-4b-instruct-2507,0.946944,1448985,28000,51.7
glg_Latn-swh_Latn,shaomutan_remedy-9b-22,0.915808723,242882,200000,1.2
glg_Latn-tam_Taml,qwen3-4b-instruct-2507,0.951409,465662,28000,16.6
glg_Latn-tel_Telu,qwen3-4b-instruct-2507,0.954251,230107,28000,8.2
glg_Latn-tgk_Cyrl,qwen3-4b-instruct-2507,0.855983,82937,28000,3.0
glg_Latn-tgl_Latn,qwen3-4b-instruct-2507,0.942081,311575,28000,11.1
glg_Latn-tha_Thai,qwen3-4b-instruct-2507,0.945968,730279,28000,26.1
glg_Latn-tur_Latn,metricx24,0.769581,5708886,1200000,4.8
glg_Latn-ukr_Cyrl,qwen3-4b-instruct-2507,0.962897,1786556,28000,63.8
glg_Latn-und_Kana,metricx24,unknown,92970,1200000,0.1
glg_Latn-urd_Arab,qwen3-4b-instruct-2507,0.906625,397465,28000,14.2
glg_Latn-uzn_Latn,qwen3-4b-instruct-2507,0.876899,180017,28000,6.4
glg_Latn-vie_Latn,qwen3-4b-instruct-2507,0.938865,1153761,28000,41.2
glg_Latn-wln_Latn,metricx24,unknown,47234,1200000,0.0
glg_Latn-xho_Latn,shaomutan_remedy-9b-22,0.767787905,288864,200000,1.4
glg_Latn-yue_Hani,metricx24,unknown,109431,1200000,0.1
glg_Latn-zho_Hans,qwen3-4b-instruct-2507,0.978815,843512,28000,30.1
glg_Latn-zho_Hant,qwen3-4b-instruct-2507,0.975814,230172,28000,8.2
glg_Latn-zsm_Latn,qwen3-4b-instruct-2507,0.903683,428830,28000,15.3
grc_Grek-eng_Latn,metricx24,unknown,181124,1200000,0.2
grc_Grek-fin_Latn,metricx24,unknown,63732,1200000,0.1
grc_Grek-fra_Latn,metricx24,unknown,113127,1200000,0.1
grc_Grek-hun_Latn,metricx24,unknown,63810,1200000,0.1
grc_Grek-ita_Latn,metricx24,unknown,73595,1200000,0.1
grc_Grek-nld_Latn,metricx24,unknown,70381,1200000,0.1
grc_Grek-pol_Latn,metricx24,unknown,55235,1200000,0.0
grc_Grek-por_Latn,metricx24,unknown,90627,1200000,0.1
grc_Grek-ron_Latn,metricx24,unknown,76927,1200000,0.1
grc_Grek-spa_Latn,metricx24,unknown,134134,1200000,0.1
grc_Grek-tur_Latn,metricx24,unknown,54749,1200000,0.0
grn_Latn-por_Latn,shaomutan_remedy-9b-22,0.829631936,128474,200000,0.6
gsw_Latn-ekk_Latn,qwen3-4b-instruct-2507,unknown,65540,28000,2.3
gsw_Latn-ell_Grek,metricx24,unknown,144959,1200000,0.1
gsw_Latn-eng_Latn,metricx24,unknown,2020907,1200000,1.7
gsw_Latn-fin_Latn,metricx24,unknown,153659,1200000,0.1
gsw_Latn-fra_Latn,metricx24,unknown,668228,1200000,0.6
gsw_Latn-gsw_Latn,qwen3-4b-instruct-2507,unknown,31518,28000,1.1
gsw_Latn-heb_Hebr,metricx24,unknown,63165,1200000,0.1
gsw_Latn-hrv_Latn,qwen3-4b-instruct-2507,unknown,81753,28000,2.9
gsw_Latn-hun_Latn,metricx24,unknown,175212,1200000,0.1
gsw_Latn-ind_Latn,metricx24,unknown,105277,1200000,0.1
gsw_Latn-ita_Latn,metricx24,unknown,394281,1200000,0.3
gsw_Latn-jpn_Jpan,metricx24,unknown,88902,1200000,0.1
gsw_Latn-kor_Hang,metricx24,unknown,63410,1200000,0.1
gsw_Latn-lit_Latn,metricx24,unknown,87521,1200000,0.1
gsw_Latn-lvs_Latn,metricx24,unknown,67393,1200000,0.1
gsw_Latn-nld_Latn,metricx24,unknown,387800,1200000,0.3
gsw_Latn-nob_Latn,metricx24,unknown,99333,1200000,0.1
gsw_Latn-pol_Latn,metricx24,unknown,282325,1200000,0.2
gsw_Latn-por_Latn,metricx24,unknown,356647,1200000,0.3
gsw_Latn-ron_Latn,metricx24,unknown,157898,1200000,0.1
gsw_Latn-rus_Cyrl,metricx24,unknown,249594,1200000,0.2
gsw_Latn-slk_Latn,metricx24,unknown,140693,1200000,0.1
gsw_Latn-slv_Latn,metricx24,unknown,105876,1200000,0.1
gsw_Latn-spa_Latn,metricx24,unknown,603025,1200000,0.5
gsw_Latn-swe_Latn,metricx24,unknown,254545,1200000,0.2
gsw_Latn-tur_Latn,metricx24,unknown,143001,1200000,0.1
gsw_Latn-ukr_Cyrl,metricx24,unknown,77369,1200000,0.1
gsw_Latn-vie_Latn,metricx24,unknown,73812,1200000,0.1
gsw_Latn-zho_Hans,metricx24,unknown,64635,1200000,0.1
gug_Latn-fin_Latn,metricx24,unknown,53940,1200000,0.0
gug_Latn-fra_Latn,metricx24,unknown,222091,1200000,0.2
gug_Latn-gug_Latn,qwen3-4b-instruct-2507,unknown,40335,28000,1.4
gug_Latn-hun_Latn,metricx24,unknown,59951,1200000,0.0
gug_Latn-ita_Latn,metricx24,unknown,120733,1200000,0.1
gug_Latn-nld_Latn,metricx24,unknown,68197,1200000,0.1
gug_Latn-pol_Latn,metricx24,unknown,107935,1200000,0.1
gug_Latn-por_Latn,metricx24,unknown,752136,1200000,0.6
gug_Latn-ron_Latn,metricx24,unknown,76273,1200000,0.1
gug_Latn-rus_Cyrl,metricx24,unknown,115590,1200000,0.1
gug_Latn-swe_Latn,metricx24,unknown,76797,1200000,0.1
gug_Latn-tur_Latn,metricx24,unknown,79199,1200000,0.1
guj_Gujr-als_Latn,qwen3-4b-instruct-2507,0.913688,119492,28000,4.3
guj_Gujr-cmn_Hani,metricx24,unknown,94369,1200000,0.1
guj_Gujr-heb_Hebr,qwen3-4b-instruct-2507,0.935052,269599,28000,9.6
guj_Gujr-hin_Deva,shaomutan_remedy-9b-22,0.933337818,1693734,200000,8.5
guj_Gujr-hne_Deva,qwen3-4b-instruct-2507,0.779522,108721,28000,3.9
guj_Gujr-hrv_Latn,shaomutan_remedy-9b-22,0.940059886,336676,200000,1.7
guj_Gujr-hun_Latn,qwen3-4b-instruct-2507,0.939094,224751,28000,8.0
guj_Gujr-hye_Armn,shaomutan_remedy-9b-22,0.942100299,87315,200000,0.4
guj_Gujr-ind_Latn,shaomutan_remedy-9b-22,0.930350758,482279,200000,2.4
guj_Gujr-isl_Latn,shaomutan_remedy-9b-22,0.882398088,167428,200000,0.8
guj_Gujr-ita_Latn,qwen3-4b-instruct-2507,0.950518,578187,28000,20.6
guj_Gujr-jpn_Jpan,shaomutan_remedy-9b-22,0.947203274,389387,200000,1.9
guj_Gujr-kan_Knda,shaomutan_remedy-9b-22,0.931722228,8843136,200000,44.2
guj_Gujr-kas_Deva,metricx24,0.466509233,99229,1200000,0.1
guj_Gujr-kat_Geor,shaomutan_remedy-9b-22,0.939865391,97671,200000,0.5
guj_Gujr-kaz_Cyrl,shaomutan_remedy-9b-22,0.933517093,137693,200000,0.7
guj_Gujr-khm_Khmr,qwen3-4b-instruct-2507,0.911045,79473,28000,2.8
guj_Gujr-kin_Latn,shaomutan_remedy-9b-22,0.808872842,41843,200000,0.2
guj_Gujr-kmr_Latn,metricx24,0.71255222,33526,1200000,0.0
guj_Gujr-kor_Hang,shaomutan_remedy-9b-22,0.949388918,257272,200000,1.3
guj_Gujr-kor_Zyyy,metricx24,unknown,114711,1200000,0.1
guj_Gujr-lit_Latn,shaomutan_remedy-9b-22,0.934726688,276717,200000,1.4
guj_Gujr-lvs_Latn,shaomutan_remedy-9b-22,0.944199007,189214,200000,0.9
guj_Gujr-mag_Deva,qwen3-4b-instruct-2507,0.80674,211724,28000,7.6
guj_Gujr-mai_Deva,qwen3-4b-instruct-2507,0.859214,381579,28000,13.6
guj_Gujr-mal_Mlym,metricx24,0.796397,5247366,1200000,4.4
guj_Gujr-mar_Deva,shaomutan_remedy-9b-22,0.938489785,3774230,200000,18.9
guj_Gujr-mkd_Cyrl,qwen3-4b-instruct-2507,0.95223,212278,28000,7.6
guj_Gujr-mlg_Latn,metricx24,unknown,39987,1200000,0.0
guj_Gujr-msa_Latn,metricx24,unknown,195068,1200000,0.2
guj_Gujr-mya_Mymr,shaomutan_remedy-9b-22,0.915891425,72900,200000,0.4
guj_Gujr-nds_Latn,metricx24,unknown,49063,1200000,0.0
guj_Gujr-nep_Deva,metricx24,unknown,519797,1200000,0.4
guj_Gujr-nld_Latn,shaomutan_remedy-9b-22,0.932302695,502187,200000,2.5
guj_Gujr-nno_Latn,shaomutan_remedy-9b-22,0.921109939,91522,200000,0.5
guj_Gujr-nob_Latn,shaomutan_remedy-9b-22,0.937055004,149651,200000,0.7
guj_Gujr-nor_Latn,metricx24,unknown,112669,1200000,0.1
guj_Gujr-npi_Deva,shaomutan_remedy-9b-22,0.912307915,1164467,200000,5.8
guj_Gujr-ory_Orya,qwen3-4b-instruct-2507,0.937053,1977765,28000,70.6
guj_Gujr-pan_Guru,qwen3-4b-instruct-2507,0.928049,1202700,28000,43.0
guj_Gujr-pol_Latn,qwen3-4b-instruct-2507,0.934764,333896,28000,11.9
guj_Gujr-por_Latn,qwen3-4b-instruct-2507,0.943136,556726,28000,19.9
guj_Gujr-pus_Arab,metricx24,unknown,36859,1200000,0.0
guj_Gujr-ron_Latn,shaomutan_remedy-9b-22,0.949321484,235351,200000,1.2
guj_Gujr-rus_Cyrl,qwen3-4b-instruct-2507,0.93112,569013,28000,20.3
guj_Gujr-san_Deva,shaomutan_remedy-9b-22,0.778670245,260437,200000,1.3
guj_Gujr-sin_Sinh,shaomutan_remedy-9b-22,0.912640926,1039844,200000,5.2
guj_Gujr-slk_Latn,qwen3-4b-instruct-2507,0.942359,276688,28000,9.9
guj_Gujr-slv_Latn,shaomutan_remedy-9b-22,0.958753319,218087,200000,1.1
guj_Gujr-snd_Arab,qwen3-4b-instruct-2507,0.895117,687754,28000,24.6
guj_Gujr-sqi_Latn,metricx24,unknown,102830,1200000,0.1
guj_Gujr-srp_Cyrl,qwen3-4b-instruct-2507,0.956994,174953,28000,6.2
guj_Gujr-swa_Latn,metricx24,unknown,85691,1200000,0.1
guj_Gujr-swe_Latn,shaomutan_remedy-9b-22,0.943150701,221851,200000,1.1
guj_Gujr-tam_Taml,metricx24,0.811885,2476818,1200000,2.1
guj_Gujr-tel_Telu,metricx24,0.776177,9056491,1200000,7.5
guj_Gujr-tgk_Cyrl,qwen3-4b-instruct-2507,0.879472,68667,28000,2.5
guj_Gujr-tgl_Latn,shaomutan_remedy-9b-22,0.926419448,142851,200000,0.7
guj_Gujr-tha_Thai,qwen3-4b-instruct-2507,0.927855,253463,28000,9.1
guj_Gujr-tur_Latn,shaomutan_remedy-9b-22,0.948944235,436367,200000,2.2
guj_Gujr-ukr_Cyrl,qwen3-4b-instruct-2507,0.941065,324673,28000,11.6
guj_Gujr-urd_Arab,metricx24,0.814006,2816978,1200000,2.3
guj_Gujr-uzn_Latn,qwen3-4b-instruct-2507,0.872947,64211,28000,2.3
guj_Gujr-vie_Latn,shaomutan_remedy-9b-22,0.921589589,328111,200000,1.6
guj_Gujr-wln_Latn,metricx24,unknown,29583,1200000,0.0
guj_Gujr-xho_Latn,shaomutan_remedy-9b-22,0.797728399,112714,200000,0.6
guj_Gujr-zho_Hans,qwen3-4b-instruct-2507,0.959517,177556,28000,6.3
guj_Gujr-zho_Hant,qwen3-4b-instruct-2507,0.958362,150832,28000,5.4
guj_Gujr-zsm_Latn,qwen3-4b-instruct-2507,0.863489,84059,28000,3.0
hac_Arab-eng_Latn,metricx24,unknown,183168,1200000,0.2
hat_Latn-als_Latn,qwen3-4b-instruct-2507,0.830264,151971,28000,5.4
hat_Latn-cmn_Hani,metricx24,unknown,176295,1200000,0.1
hat_Latn-eng_Latn,qwen3-4b-instruct-2507,0.947641,95965,28000,3.4
hat_Latn-fil_Latn,metricx24,unknown,128180,1200000,0.1
hat_Latn-fra_Latn,qwen3-4b-instruct-2507,0.937581,100773,28000,3.6
hat_Latn-hat_Latn,metricx24,unknown,47038,1200000,0.0
hat_Latn-hun_Latn,shaomutan_remedy-9b-22,0.923589227,709283,200000,3.5
hat_Latn-hye_Armn,shaomutan_remedy-9b-22,0.941150658,195267,200000,1.0
hat_Latn-ibo_Latn,shaomutan_remedy-9b-22,0.741424008,85988,200000,0.4
hat_Latn-ind_Latn,shaomutan_remedy-9b-22,0.925694655,1250252,200000,6.3
hat_Latn-isl_Latn,shaomutan_remedy-9b-22,0.888810173,279694,200000,1.4
hat_Latn-ita_Latn,shaomutan_remedy-9b-22,0.935592039,1511389,200000,7.6
hat_Latn-jav_Latn,m-prometheus-7b,0.798158288,108972,27000,4.0
hat_Latn-jpn_Jpan,shaomutan_remedy-9b-22,0.934950473,808911,200000,4.0
hat_Latn-kan_Knda,shaomutan_remedy-9b-22,0.898913964,77995,200000,0.4
hat_Latn-kat_Geor,shaomutan_remedy-9b-22,0.93538698,215163,200000,1.1
hat_Latn-kaz_Cyrl,shaomutan_remedy-9b-22,0.916485098,132518,200000,0.7
hat_Latn-khk_Cyrl,metricx24,0.801763539,71915,1200000,0.1
hat_Latn-khm_Khmr,shaomutan_remedy-9b-22,0.913594077,126938,200000,0.6
hat_Latn-kir_Cyrl,shaomutan_remedy-9b-22,0.882497972,75564,200000,0.4
hat_Latn-kor_Hang,shaomutan_remedy-9b-22,0.932989127,352212,200000,1.8
hat_Latn-kor_Zyyy,metricx24,unknown,217725,1200000,0.2
hat_Latn-lav_Latn,metricx24,unknown,122927,1200000,0.1
hat_Latn-lit_Latn,shaomutan_remedy-9b-22,0.938206972,588952,200000,2.9
hat_Latn-lvs_Latn,shaomutan_remedy-9b-22,0.927419904,379267,200000,1.9
hat_Latn-mal_Mlym,shaomutan_remedy-9b-22,0.908358893,214883,200000,1.1
hat_Latn-mar_Deva,shaomutan_remedy-9b-22,0.895203152,217984,200000,1.1
hat_Latn-mkd_Cyrl,shaomutan_remedy-9b-22,0.943360802,338604,200000,1.7
hat_Latn-mlg_Latn,metricx24,unknown,80573,1200000,0.1
hat_Latn-mon_Cyrl,metricx24,unknown,63407,1200000,0.1
hat_Latn-mri_Latn,shaomutan_remedy-9b-22,0.655274494,78220,200000,0.4
hat_Latn-msa_Latn,metricx24,unknown,226410,1200000,0.2
hat_Latn-mya_Mymr,shaomutan_remedy-9b-22,0.894410673,142279,200000,0.7
hat_Latn-nep_Deva,metricx24,unknown,109529,1200000,0.1
hat_Latn-nld_Latn,shaomutan_remedy-9b-22,0.922438113,1147366,200000,5.7
hat_Latn-nob_Latn,shaomutan_remedy-9b-22,0.92710402,191188,200000,1.0
hat_Latn-nor_Latn,metricx24,unknown,386916,1200000,0.3
hat_Latn-npi_Deva,shaomutan_remedy-9b-22,0.888125791,66088,200000,0.3
hat_Latn-nya_Latn,metricx24,0.708928903,55690,1200000,0.0
hat_Latn-plt_Latn,metricx24,0.772956342,95436,1200000,0.1
hat_Latn-pol_Latn,shaomutan_remedy-9b-22,0.933508753,998144,200000,5.0
hat_Latn-por_Latn,shaomutan_remedy-9b-22,0.920309456,1653095,200000,8.3
hat_Latn-ron_Latn,shaomutan_remedy-9b-22,0.916824255,730486,200000,3.7
hat_Latn-rus_Cyrl,shaomutan_remedy-9b-22,0.943652822,1478566,200000,7.4
hat_Latn-sin_Sinh,shaomutan_remedy-9b-22,0.894022301,200573,200000,1.0
hat_Latn-slk_Latn,shaomutan_remedy-9b-22,0.942607954,577917,200000,2.9
hat_Latn-slv_Latn,shaomutan_remedy-9b-22,0.932447438,377900,200000,1.9
hat_Latn-som_Latn,shaomutan_remedy-9b-22,0.766783957,118167,200000,0.6
hat_Latn-spa_Latn,shaomutan_remedy-9b-22,0.918593918,84869,200000,0.4
hat_Latn-sqi_Latn,metricx24,unknown,185697,1200000,0.2
hat_Latn-srd_Latn,m-prometheus-7b,0.790676954,110699,27000,4.1
hat_Latn-srp_Cyrl,shaomutan_remedy-9b-22,0.9203915,291835,200000,1.5
hat_Latn-sun_Latn,m-prometheus-7b,0.796067695,129670,27000,4.8
hat_Latn-swa_Latn,metricx24,unknown,193150,1200000,0.2
hat_Latn-swe_Latn,shaomutan_remedy-9b-22,0.934223886,611205,200000,3.1
hat_Latn-swh_Latn,shaomutan_remedy-9b-22,0.860347049,108958,200000,0.5
hat_Latn-tam_Taml,shaomutan_remedy-9b-22,0.896663379,189654,200000,0.9
hat_Latn-tel_Telu,shaomutan_remedy-9b-22,0.885196709,200929,200000,1.0
hat_Latn-tgk_Cyrl,shaomutan_remedy-9b-22,0.824830741,76590,200000,0.4
hat_Latn-tgl_Latn,shaomutan_remedy-9b-22,0.879915446,360082,200000,1.8
hat_Latn-tha_Thai,shaomutan_remedy-9b-22,0.921682183,580999,200000,2.9
hat_Latn-tur_Latn,shaomutan_remedy-9b-22,0.934687561,940510,200000,4.7
hat_Latn-ukr_Cyrl,shaomutan_remedy-9b-22,0.933466747,535610,200000,2.7
hat_Latn-urd_Arab,shaomutan_remedy-9b-22,0.868903785,278247,200000,1.4
hat_Latn-vie_Latn,shaomutan_remedy-9b-22,0.917567742,564459,200000,2.8
hat_Latn-xho_Latn,shaomutan_remedy-9b-22,0.767246496,113970,200000,0.6
hat_Latn-yor_Latn,shaomutan_remedy-9b-22,0.632209152,88594,200000,0.4
hat_Latn-yue_Hani,metricx24,unknown,117425,1200000,0.1
hat_Latn-zho_Hans,qwen3-4b-instruct-2507,0.909647,444412,28000,15.9
hat_Latn-zho_Hant,qwen3-4b-instruct-2507,0.902409,282586,28000,10.1
hat_Latn-zsm_Latn,metricx24,0.834571126,85783,1200000,0.1
hat_Latn-zul_Latn,shaomutan_remedy-9b-22,0.780922585,57036,200000,0.3
hau_Latn-als_Latn,metricx24,0.791092362,110267,1200000,0.1
hau_Latn-cmn_Hani,metricx24,unknown,134172,1200000,0.1
hau_Latn-fil_Latn,metricx24,unknown,61058,1200000,0.1
hau_Latn-hat_Latn,shaomutan_remedy-9b-22,0.80697767,100488,200000,0.5
hau_Latn-hau_Latn,metricx24,unknown,30383,1200000,0.0
hau_Latn-heb_Hebr,shaomutan_remedy-9b-22,0.899994019,431668,200000,2.2
hau_Latn-hin_Deva,shaomutan_remedy-9b-22,0.876197074,410095,200000,2.1
hau_Latn-hrv_Latn,shaomutan_remedy-9b-22,0.91336689,615459,200000,3.1
hau_Latn-hun_Latn,shaomutan_remedy-9b-22,0.93896545,579902,200000,2.9
hau_Latn-hye_Armn,shaomutan_remedy-9b-22,0.922562916,128765,200000,0.6
hau_Latn-ibo_Latn,shaomutan_remedy-9b-22,0.743932416,786738,200000,3.9
hau_Latn-ind_Latn,shaomutan_remedy-9b-22,0.906026058,1338600,200000,6.7
hau_Latn-isl_Latn,shaomutan_remedy-9b-22,0.872392707,232349,200000,1.2
hau_Latn-ita_Latn,shaomutan_remedy-9b-22,0.919601496,1545026,200000,7.7
hau_Latn-jav_Latn,shaomutan_remedy-9b-22,0.779085774,149602,200000,0.7
hau_Latn-jpn_Jpan,shaomutan_remedy-9b-22,0.921221817,753891,200000,3.8
hau_Latn-kat_Geor,shaomutan_remedy-9b-22,0.913815368,156618,200000,0.8
hau_Latn-kaz_Cyrl,shaomutan_remedy-9b-22,0.922364828,112139,200000,0.6
hau_Latn-khm_Khmr,shaomutan_remedy-9b-22,0.903886715,98877,200000,0.5
hau_Latn-kik_Latn,shaomutan_remedy-9b-22,0.619827522,106854,200000,0.5
hau_Latn-kin_Latn,shaomutan_remedy-9b-22,0.736017827,381883,200000,1.9
hau_Latn-kor_Hang,shaomutan_remedy-9b-22,0.916805933,281219,200000,1.4
hau_Latn-kor_Zyyy,metricx24,unknown,254993,1200000,0.2
hau_Latn-lat_Latn,metricx24,unknown,55969,1200000,0.0
hau_Latn-lav_Latn,metricx24,unknown,118216,1200000,0.1
hau_Latn-lin_Latn,metricx24,0.493295694,168374,1200000,0.1
hau_Latn-lit_Latn,shaomutan_remedy-9b-22,0.923984717,381559,200000,1.9
hau_Latn-ltz_Latn,metricx24,0.85476526,37887,1200000,0.0
hau_Latn-lua_Latn,metricx24,0.397972294,111930,1200000,0.1
hau_Latn-lug_Latn,metricx24,0.449558139,159448,1200000,0.1
hau_Latn-luo_Latn,qwen3-4b-instruct-2507,0.379671,127223,28000,4.5
hau_Latn-lvs_Latn,shaomutan_remedy-9b-22,0.918796878,202700,200000,1.0
hau_Latn-lzh_Hani,metricx24,unknown,83313,1200000,0.1
hau_Latn-mal_Mlym,shaomutan_remedy-9b-22,0.882191643,233707,200000,1.2
hau_Latn-mar_Deva,shaomutan_remedy-9b-22,0.893346585,203241,200000,1.0
hau_Latn-mkd_Cyrl,shaomutan_remedy-9b-22,0.923973658,321929,200000,1.6
hau_Latn-mlg_Latn,metricx24,unknown,91938,1200000,0.1
hau_Latn-mon_Cyrl,metricx24,unknown,57827,1200000,0.0
hau_Latn-msa_Latn,metricx24,unknown,289907,1200000,0.2
hau_Latn-mya_Mymr,shaomutan_remedy-9b-22,0.902395565,81498,200000,0.4
hau_Latn-nep_Deva,metricx24,unknown,111459,1200000,0.1
hau_Latn-nld_Latn,shaomutan_remedy-9b-22,0.901057173,1327640,200000,6.6
hau_Latn-nob_Latn,shaomutan_remedy-9b-22,0.912315874,101298,200000,0.5
hau_Latn-nor_Latn,metricx24,unknown,358890,1200000,0.3
hau_Latn-nso_Latn,metricx24,0.590924537,183336,1200000,0.2
hau_Latn-nya_Latn,metricx24,0.657024188,1276656,1200000,1.1
hau_Latn-oci_Latn,shaomutan_remedy-9b-22,0.794023048,52341,200000,0.3
hau_Latn-pol_Latn,shaomutan_remedy-9b-22,0.919115732,929667,200000,4.6
hau_Latn-por_Latn,shaomutan_remedy-9b-22,0.894033281,1586482,200000,7.9
hau_Latn-ron_Latn,shaomutan_remedy-9b-22,0.9181188,641530,200000,3.2
hau_Latn-run_Latn,metricx24,0.624747766,228948,1200000,0.2
hau_Latn-rus_Cyrl,shaomutan_remedy-9b-22,0.929276827,1512766,200000,7.6
hau_Latn-sin_Sinh,shaomutan_remedy-9b-22,0.87543401,206272,200000,1.0
hau_Latn-slk_Latn,shaomutan_remedy-9b-22,0.918469449,463655,200000,2.3
hau_Latn-slv_Latn,shaomutan_remedy-9b-22,0.885428494,306222,200000,1.5
hau_Latn-sna_Latn,shaomutan_remedy-9b-22,0.688317097,811793,200000,4.1
hau_Latn-snd_Arab,shaomutan_remedy-9b-22,0.780537557,52863,200000,0.3
hau_Latn-som_Latn,shaomutan_remedy-9b-22,0.754294673,619593,200000,3.1
hau_Latn-sot_Latn,shaomutan_remedy-9b-22,0.671945881,814974,200000,4.1
hau_Latn-sqi_Latn,metricx24,unknown,234136,1200000,0.2
hau_Latn-srd_Latn,metricx24,0.771647456,132872,1200000,0.1
hau_Latn-srp_Cyrl,shaomutan_remedy-9b-22,0.937783034,297733,200000,1.5
hau_Latn-sun_Latn,shaomutan_remedy-9b-22,0.777751338,119100,200000,0.6
hau_Latn-swa_Latn,metricx24,unknown,539144,1200000,0.4
hau_Latn-swc_Latn,metricx24,unknown,117285,1200000,0.1
hau_Latn-swe_Latn,shaomutan_remedy-9b-22,0.916896956,629467,200000,3.1
hau_Latn-swh_Latn,shaomutan_remedy-9b-22,0.836036581,609457,200000,3.0
hau_Latn-tam_Taml,shaomutan_remedy-9b-22,0.888486262,220624,200000,1.1
hau_Latn-tel_Telu,shaomutan_remedy-9b-22,0.880478265,133185,200000,0.7
hau_Latn-tgk_Cyrl,shaomutan_remedy-9b-22,0.81991246,62884,200000,0.3
hau_Latn-tgl_Latn,shaomutan_remedy-9b-22,0.876399573,423213,200000,2.1
hau_Latn-tha_Thai,shaomutan_remedy-9b-22,0.905501634,367106,200000,1.8
hau_Latn-tir_Ethi,shaomutan_remedy-9b-22,0.722615482,150186,200000,0.8
hau_Latn-tsn_Latn,metricx24,0.615172897,277577,1200000,0.2
hau_Latn-tso_Latn,metricx24,0.534891034,195999,1200000,0.2
hau_Latn-tum_Latn,metricx24,0.652263235,165787,1200000,0.1
hau_Latn-tur_Latn,shaomutan_remedy-9b-22,0.920521525,940052,200000,4.7
hau_Latn-twi_Latn,shaomutan_remedy-9b-22,0.600519409,183421,200000,0.9
hau_Latn-ukr_Cyrl,shaomutan_remedy-9b-22,0.932221244,530183,200000,2.7
hau_Latn-und_Kana,metricx24,unknown,64429,1200000,0.1
hau_Latn-urd_Arab,shaomutan_remedy-9b-22,0.87484956,305887,200000,1.5
hau_Latn-vie_Latn,shaomutan_remedy-9b-22,0.904248715,418116,200000,2.1
hau_Latn-xho_Latn,shaomutan_remedy-9b-22,0.752038033,700202,200000,3.5
hau_Latn-yor_Latn,shaomutan_remedy-9b-22,0.673206005,849515,200000,4.2
hau_Latn-yue_Hani,metricx24,unknown,128148,1200000,0.1
hau_Latn-zho_Hans,qwen3-4b-instruct-2507,0.868955,557083,28000,19.9
hau_Latn-zho_Hant,shaomutan_remedy-9b-22,0.903053113,285391,200000,1.4
hau_Latn-zsm_Latn,metricx24,0.81742463,55654,1200000,0.0
hau_Latn-zul_Latn,shaomutan_remedy-9b-22,0.786657278,921672,200000,4.6
hbs_Latn-sin_Sinh,metricx24,unknown,83919,1200000,0.1
hbs_Latn-slk_Latn,metricx24,unknown,1352650,1200000,1.1
hbs_Latn-slv_Latn,metricx24,unknown,1303162,1200000,1.1
hbs_Latn-sqi_Latn,qwen3-4b-instruct-2507,unknown,101129,28000,3.6
hbs_Latn-srp_Cyrl,metricx24,unknown,422635,1200000,0.4
hbs_Latn-swa_Latn,qwen3-4b-instruct-2507,unknown,59155,28000,2.1
hbs_Latn-swe_Latn,metricx24,unknown,1328449,1200000,1.1
hbs_Latn-tam_Taml,metricx24,unknown,73894,1200000,0.1
hbs_Latn-tgl_Latn,qwen3-4b-instruct-2507,unknown,72165,28000,2.6
hbs_Latn-tur_Latn,metricx24,unknown,185679,1200000,0.2
hbs_Latn-ukr_Cyrl,metricx24,unknown,222285,1200000,0.2
hbs_Latn-urd_Arab,metricx24,unknown,66813,1200000,0.1
hbs_Latn-xho_Latn,metricx24,unknown,41445,1200000,0.0
hbs_Latn-zho_Hans,metricx24,unknown,154034,1200000,0.1
heb_Hebr-abk_Cyrl,metricx24,unknown,92990,1200000,0.1
heb_Hebr-afr_Latn,shaomutan_remedy-9b-22,0.939325497,299571,200000,1.5
heb_Hebr-als_Latn,metricx24,0.842566,3501302,1200000,2.9
heb_Hebr-bak_Cyrl,shaomutan_remedy-9b-22,0.88658141,130651,200000,0.7
heb_Hebr-bel_Cyrl,shaomutan_remedy-9b-22,0.952513871,53895,200000,0.3
heb_Hebr-cat_Latn,qwen3-4b-instruct-2507,0.957242,140049,28000,5.0
heb_Hebr-ces_Latn,qwen3-4b-instruct-2507,0.962797,379856,28000,13.6
heb_Hebr-ckb_Arab,metricx24,0.769355534,146629,1200000,0.1
heb_Hebr-cmn_Hani,metricx24,unknown,13897209,1200000,11.6
heb_Hebr-crh_Latn,m-prometheus-7b,0.809601792,77229,27000,2.9
heb_Hebr-dan_Latn,qwen3-4b-instruct-2507,0.950473,417700,28000,14.9
heb_Hebr-deu_Latn,qwen3-4b-instruct-2507,0.955162,123381,28000,4.4
heb_Hebr-eng_Latn,qwen3-4b-instruct-2507,0.98122,1325423,28000,47.3
heb_Hebr-epo_Latn,shaomutan_remedy-9b-22,0.940553921,146761,200000,0.7
heb_Hebr-eus_Latn,shaomutan_remedy-9b-22,0.933776784,568191,200000,2.8
heb_Hebr-fil_Latn,metricx24,unknown,1329519,1200000,1.1
heb_Hebr-fra_Latn,qwen3-4b-instruct-2507,0.968213,124889,28000,4.5
heb_Hebr-fro_Latn,metricx24,unknown,51857,1200000,0.0
heb_Hebr-fur_Latn,qwen3-4b-instruct-2507,0.881453,312695,28000,11.2
heb_Hebr-hat_Latn,shaomutan_remedy-9b-22,0.890634105,201939,200000,1.0
heb_Hebr-hau_Latn,shaomutan_remedy-9b-22,0.851495608,44981,200000,0.2
heb_Hebr-hbs_Latn,metricx24,unknown,142105,1200000,0.1
heb_Hebr-hin_Deva,shaomutan_remedy-9b-22,0.921384234,7144675,200000,35.7
heb_Hebr-hne_Deva,qwen3-4b-instruct-2507,0.823972,83613,28000,3.0
heb_Hebr-hrv_Latn,shaomutan_remedy-9b-22,0.931279574,33641504,200000,168.2
heb_Hebr-hun_Latn,metricx24,0.813919,47356218,1200000,39.5
heb_Hebr-hye_Armn,shaomutan_remedy-9b-22,0.936478943,336194,200000,1.7
heb_Hebr-ibo_Latn,shaomutan_remedy-9b-22,0.789234909,91052,200000,0.5
heb_Hebr-ilo_Latn,qwen3-4b-instruct-2507,0.765207,125107,28000,4.5
heb_Hebr-ina_Latn,metricx24,unknown,114895,1200000,0.1
heb_Hebr-ind_Latn,metricx24,0.868349,40227719,1200000,33.5
heb_Hebr-isl_Latn,shaomutan_remedy-9b-22,0.912499362,4252571,200000,21.3
heb_Hebr-ita_Latn,metricx24,0.903862,43139804,1200000,35.9
heb_Hebr-jav_Latn,shaomutan_remedy-9b-22,0.870770966,399334,200000,2.0
heb_Hebr-jpn_Jpan,metricx24,0.800666,14839824,1200000,12.4
heb_Hebr-kab_Latn,metricx24,0.395929293,207807,1200000,0.2
heb_Hebr-kan_Knda,shaomutan_remedy-9b-22,0.921205942,237549,200000,1.2
heb_Hebr-kat_Geor,shaomutan_remedy-9b-22,0.920873863,620638,200000,3.1
heb_Hebr-kaz_Cyrl,shaomutan_remedy-9b-22,0.945758794,398460,200000,2.0
heb_Hebr-khk_Cyrl,metricx24,0.799109822,128570,1200000,0.1
heb_Hebr-khm_Khmr,shaomutan_remedy-9b-22,0.918726599,496979,200000,2.5
heb_Hebr-kin_Latn,shaomutan_remedy-9b-22,0.836664312,89762,200000,0.4
heb_Hebr-kir_Cyrl,shaomutan_remedy-9b-22,0.890456684,82165,200000,0.4
heb_Hebr-kmr_Latn,metricx24,0.723139492,85606,1200000,0.1
heb_Hebr-kor_Hang,metricx24,0.824962,24635602,1200000,20.5
heb_Hebr-kor_Zyyy,metricx24,unknown,3284324,1200000,2.7
heb_Hebr-lao_Laoo,qwen3-4b-instruct-2507,0.885913,83635,28000,3.0
heb_Hebr-lat_Latn,metricx24,unknown,341983,1200000,0.3
heb_Hebr-lav_Latn,metricx24,unknown,971364,1200000,0.8
heb_Hebr-lim_Latn,qwen3-4b-instruct-2507,0.809791,175134,28000,6.3
heb_Hebr-lit_Latn,metricx24,0.802508,9192050,1200000,7.7
heb_Hebr-ltz_Latn,qwen3-4b-instruct-2507,0.895321,209132,28000,7.5
heb_Hebr-lvs_Latn,metricx24,0.748767,4226509,1200000,3.5
heb_Hebr-lzh_Hani,metricx24,unknown,501598,1200000,0.4
heb_Hebr-mal_Mlym,metricx24,0.797839,3705285,1200000,3.1
heb_Hebr-mar_Deva,qwen3-4b-instruct-2507,0.920204,1648029,28000,58.9
heb_Hebr-mhr_Cyrl,metricx24,unknown,134930,1200000,0.1
heb_Hebr-mkd_Cyrl,metricx24,0.857695,5329294,1200000,4.4
heb_Hebr-mlg_Latn,metricx24,unknown,216168,1200000,0.2
heb_Hebr-mlt_Latn,shaomutan_remedy-9b-22,0.938253993,138322,200000,0.7
heb_Hebr-mon_Cyrl,metricx24,unknown,126343,1200000,0.1
heb_Hebr-mri_Latn,shaomutan_remedy-9b-22,0.764914974,65285,200000,0.3
heb_Hebr-msa_Latn,metricx24,unknown,5660478,1200000,4.7
heb_Hebr-mya_Mymr,shaomutan_remedy-9b-22,0.91163837,773870,200000,3.9
heb_Hebr-nap_Latn,metricx24,unknown,82486,1200000,0.1
heb_Hebr-nds_Latn,metricx24,unknown,163781,1200000,0.1
heb_Hebr-nep_Deva,metricx24,unknown,432216,1200000,0.4
heb_Hebr-nld_Latn,metricx24,0.911839,57152151,1200000,47.6
heb_Hebr-nno_Latn,shaomutan_remedy-9b-22,0.939660434,453012,200000,2.3
heb_Hebr-nob_Latn,shaomutan_remedy-9b-22,0.926326085,19980863,200000,99.9
heb_Hebr-nor_Latn,metricx24,unknown,8925407,1200000,7.4
heb_Hebr-npi_Deva,shaomutan_remedy-9b-22,0.906835872,1256978,200000,6.3
heb_Hebr-nso_Latn,metricx24,0.64274386,24108,1200000,0.0
heb_Hebr-oci_Latn,shaomutan_remedy-9b-22,0.898919171,202238,200000,1.0
heb_Hebr-pan_Guru,qwen3-4b-instruct-2507,0.946755,113569,28000,4.1
heb_Hebr-pap_Latn,qwen3-4b-instruct-2507,0.853997,81505,28000,2.9
heb_Hebr-plt_Latn,metricx24,0.776484845,553003,1200000,0.5
heb_Hebr-pol_Latn,metricx24,0.804098,56433032,1200000,47.0
heb_Hebr-por_Latn,metricx24,0.871102,61781033,1200000,51.5
heb_Hebr-pus_Arab,metricx24,unknown,64878,1200000,0.1
heb_Hebr-rmy_Latn,metricx24,unknown,58715,1200000,0.0
heb_Hebr-ron_Latn,metricx24,0.860097,53833797,1200000,44.9
heb_Hebr-rus_Cyrl,metricx24,0.890242,47180178,1200000,39.3
heb_Hebr-scn_Latn,qwen3-4b-instruct-2507,0.832419,110852,28000,4.0
heb_Hebr-sin_Sinh,shaomutan_remedy-9b-22,0.916993906,3851617,200000,19.3
heb_Hebr-slk_Latn,metricx24,0.793894,14162704,1200000,11.8
heb_Hebr-slv_Latn,metricx24,0.869783,20714161,1200000,17.3
heb_Hebr-sna_Latn,shaomutan_remedy-9b-22,0.786582368,69762,200000,0.3
heb_Hebr-snd_Arab,qwen3-4b-instruct-2507,0.87446,131593,28000,4.7
heb_Hebr-som_Latn,shaomutan_remedy-9b-22,0.780962979,145118,200000,0.7
heb_Hebr-spa_Latn,qwen3-4b-instruct-2507,0.950772,116122,28000,4.1
heb_Hebr-sqi_Latn,metricx24,unknown,1432839,1200000,1.2
heb_Hebr-srd_Latn,qwen3-4b-instruct-2507,0.842638,596185,28000,21.3
heb_Hebr-srp_Cyrl,metricx24,0.883051,5203342,1200000,4.3
heb_Hebr-srp_Latn,metricx24,unknown,32945193,1200000,27.5
heb_Hebr-sun_Latn,shaomutan_remedy-9b-22,0.867003537,187273,200000,0.9
heb_Hebr-swa_Latn,metricx24,unknown,831082,1200000,0.7
heb_Hebr-swc_Latn,metricx24,unknown,167833,1200000,0.1
heb_Hebr-swe_Latn,metricx24,0.88054,44204179,1200000,36.8
heb_Hebr-swh_Latn,shaomutan_remedy-9b-22,0.923843999,846207,200000,4.2
heb_Hebr-tam_Taml,metricx24,0.818331,3577119,1200000,3.0
heb_Hebr-tat_Cyrl,shaomutan_remedy-9b-22,0.888946747,126868,200000,0.6
heb_Hebr-tel_Telu,qwen3-4b-instruct-2507,0.931608,1313640,28000,46.9
heb_Hebr-tgk_Cyrl,qwen3-4b-instruct-2507,0.884689,118184,28000,4.2
heb_Hebr-tgl_Latn,shaomutan_remedy-9b-22,0.945765937,1401779,200000,7.0
heb_Hebr-tha_Thai,metricx24,0.821228,17608279,1200000,14.7
heb_Hebr-tur_Latn,metricx24,0.769187,52540656,1200000,43.8
heb_Hebr-ukr_Cyrl,metricx24,0.821517,12269805,1200000,10.2
heb_Hebr-und_Geor,metricx24,unknown,45148,1200000,0.0
heb_Hebr-und_Hira,metricx24,unknown,84984,1200000,0.1
heb_Hebr-und_Kana,metricx24,unknown,298702,1200000,0.2
heb_Hebr-urd_Arab,shaomutan_remedy-9b-22,0.898618303,2525843,200000,12.6
heb_Hebr-uzn_Latn,qwen3-4b-instruct-2507,0.862205,210586,28000,7.5
heb_Hebr-vec_Latn,qwen3-4b-instruct-2507,0.884077,277356,28000,9.9
heb_Hebr-vie_Latn,shaomutan_remedy-9b-22,0.945571032,28652506,200000,143.3
heb_Hebr-wln_Latn,metricx24,unknown,41702,1200000,0.0
heb_Hebr-xho_Latn,shaomutan_remedy-9b-22,0.798894319,419464,200000,2.1
heb_Hebr-yor_Latn,shaomutan_remedy-9b-22,0.737696807,77941,200000,0.4
heb_Hebr-yue_Hani,metricx24,unknown,922881,1200000,0.8
heb_Hebr-zho_Hans,metricx24,0.851112,8935170,1200000,7.4
heb_Hebr-zho_Hant,metricx24,0.835019,6286187,1200000,5.2
heb_Hebr-zsm_Latn,metricx24,0.83387,3933946,1200000,3.3
heb_Hebr-zul_Latn,shaomutan_remedy-9b-22,0.841894266,85246,200000,0.4
hil_Latn-eng_Latn,metricx24,unknown,895227,1200000,0.7
hin_Deva-als_Latn,qwen3-4b-instruct-2507,0.932698,957231,28000,34.2
hin_Deva-cmn_Hani,metricx24,unknown,3202381,1200000,2.7
hin_Deva-dan_Latn,qwen3-4b-instruct-2507,0.951339,115874,28000,4.1
hin_Deva-eng_Latn,qwen3-4b-instruct-2507,0.978347,717744,28000,25.6
hin_Deva-eus_Latn,shaomutan_remedy-9b-22,0.928604716,51158,200000,0.3
hin_Deva-fil_Latn,metricx24,unknown,786699,1200000,0.7
hin_Deva-fur_Latn,qwen3-4b-instruct-2507,0.895679,225159,28000,8.0
hin_Deva-hat_Latn,shaomutan_remedy-9b-22,0.88530358,338587,200000,1.7
hin_Deva-hbs_Latn,metricx24,unknown,102264,1200000,0.1
hin_Deva-hin_Deva,metricx24,unknown,441731,1200000,0.4
hin_Deva-hne_Deva,bicleaner-ai,0.925710304,175413,2250000,0.1
hin_Deva-hrv_Latn,metricx24,0.9083,4678958,1200000,3.9
hin_Deva-hun_Latn,metricx24,0.810842,7539688,1200000,6.3
hin_Deva-hye_Armn,qwen3-4b-instruct-2507,0.926849,511184,28000,18.3
hin_Deva-ibo_Latn,shaomutan_remedy-9b-22,0.784208901,157086,200000,0.8
hin_Deva-ilo_Latn,qwen3-4b-instruct-2507,0.819881,98216,28000,3.5
hin_Deva-ind_Latn,metricx24,0.862962,12829581,1200000,10.7
hin_Deva-isl_Latn,shaomutan_remedy-9b-22,0.903228277,1450167,200000,7.3
hin_Deva-ita_Latn,metricx24,0.882467,11570939,1200000,9.6
hin_Deva-jav_Latn,qwen3-4b-instruct-2507,0.885719,460001,28000,16.4
hin_Deva-jpn_Jpan,metricx24,0.803425,6953409,1200000,5.8
hin_Deva-kan_Knda,shaomutan_remedy-9b-22,0.944518172,2214268,200000,11.1
hin_Deva-kas_Deva,metricx24,0.433906746,166387,1200000,0.1
hin_Deva-kat_Geor,shaomutan_remedy-9b-22,0.946382359,668123,200000,3.3
hin_Deva-kaz_Cyrl,shaomutan_remedy-9b-22,0.927323725,557100,200000,2.8
hin_Deva-khk_Cyrl,metricx24,0.815842593,180726,1200000,0.2
hin_Deva-khm_Khmr,qwen3-4b-instruct-2507,0.91892,391843,28000,14.0
hin_Deva-kin_Latn,shaomutan_remedy-9b-22,0.84570969,72364,200000,0.4
hin_Deva-kir_Cyrl,shaomutan_remedy-9b-22,0.906364416,188493,200000,0.9
hin_Deva-kmr_Latn,metricx24,0.738223466,107767,1200000,0.1
hin_Deva-kor_Hang,metricx24,0.831554,5895711,1200000,4.9
hin_Deva-kor_Zyyy,metricx24,unknown,1457761,1200000,1.2
hin_Deva-lao_Laoo,qwen3-4b-instruct-2507,0.90002,158471,28000,5.7
hin_Deva-lat_Latn,metricx24,unknown,228227,1200000,0.2
hin_Deva-lav_Latn,metricx24,unknown,725229,1200000,0.6
hin_Deva-lim_Latn,qwen3-4b-instruct-2507,0.840886,77056,28000,2.8
hin_Deva-lit_Latn,metricx24,0.798593,5696186,1200000,4.7
hin_Deva-ltz_Latn,qwen3-4b-instruct-2507,0.904256,170284,28000,6.1
hin_Deva-lvs_Latn,metricx24,0.746254,3249038,1200000,2.7
hin_Deva-lzh_Hani,metricx24,unknown,251666,1200000,0.2
hin_Deva-mag_Deva,bicleaner-ai,0.919240916,247876,2250000,0.1
hin_Deva-mai_Deva,bicleaner-ai,0.949877551,458393,2250000,0.2
hin_Deva-mal_Mlym,metricx24,0.827194,3757668,1200000,3.1
hin_Deva-mar_Deva,metricx24,0.817501,3482587,1200000,2.9
hin_Deva-mkd_Cyrl,qwen3-4b-instruct-2507,0.966356,1910008,28000,68.2
hin_Deva-mlg_Latn,metricx24,unknown,234791,1200000,0.2
hin_Deva-mlt_Latn,shaomutan_remedy-9b-22,0.930233878,180220,200000,0.9
hin_Deva-mon_Cyrl,metricx24,unknown,190685,1200000,0.2
hin_Deva-mri_Latn,shaomutan_remedy-9b-22,0.762741626,115395,200000,0.6
hin_Deva-msa_Latn,metricx24,unknown,2742148,1200000,2.3
hin_Deva-mya_Mymr,shaomutan_remedy-9b-22,0.930597054,424089,200000,2.1
hin_Deva-nds_Latn,metricx24,unknown,134118,1200000,0.1
hin_Deva-nep_Deva,metricx24,unknown,1150546,1200000,1.0
hin_Deva-nld_Latn,metricx24,0.893597,10218391,1200000,8.5
hin_Deva-nno_Latn,shaomutan_remedy-9b-22,0.93507642,283139,200000,1.4
hin_Deva-nob_Latn,shaomutan_remedy-9b-22,0.930060961,2411659,200000,12.1
hin_Deva-nor_Latn,metricx24,unknown,2012671,1200000,1.7
hin_Deva-npi_Deva,bicleaner-ai,0.964700846,960520,2250000,0.4
hin_Deva-nya_Latn,shaomutan_remedy-9b-22,0.79344412,100438,200000,0.5
hin_Deva-oci_Latn,qwen3-4b-instruct-2507,0.896864,158370,28000,5.7
hin_Deva-ory_Orya,m-prometheus-7b,0.952473868,1350175,27000,50.0
hin_Deva-pan_Guru,bicleaner-ai,0.935418118,1109850,2250000,0.5
hin_Deva-pbt_Arab,shaomutan_remedy-9b-22,0.812753307,367036,200000,1.8
hin_Deva-plt_Latn,metricx24,0.782062975,571763,1200000,0.5
hin_Deva-pol_Latn,metricx24,0.794187,9454019,1200000,7.9
hin_Deva-por_Latn,metricx24,0.852365,13466481,1200000,11.2
hin_Deva-pus_Arab,metricx24,unknown,145169,1200000,0.1
hin_Deva-ron_Latn,metricx24,0.839634,6443476,1200000,5.4
hin_Deva-rus_Cyrl,metricx24,0.866761,13115843,1200000,10.9
hin_Deva-san_Deva,shaomutan_remedy-9b-22,0.801898731,324009,200000,1.6
hin_Deva-sin_Sinh,shaomutan_remedy-9b-22,0.926753239,2206856,200000,11.0
hin_Deva-slk_Latn,metricx24,0.788021,5271644,1200000,4.4
hin_Deva-slv_Latn,metricx24,0.862634,4205251,1200000,3.5
hin_Deva-sna_Latn,shaomutan_remedy-9b-22,0.802801347,96447,200000,0.5
hin_Deva-snd_Arab,qwen3-4b-instruct-2507,0.914604,625986,28000,22.4
hin_Deva-som_Latn,shaomutan_remedy-9b-22,0.794162317,242169,200000,1.2
hin_Deva-sqi_Latn,metricx24,unknown,1001914,1200000,0.8
hin_Deva-srd_Latn,qwen3-4b-instruct-2507,0.856207,358595,28000,12.8
hin_Deva-srp_Cyrl,metricx24,0.879577,3005727,1200000,2.5
hin_Deva-srp_Latn,metricx24,unknown,1498292,1200000,1.2
hin_Deva-sun_Latn,qwen3-4b-instruct-2507,0.889263,313887,28000,11.2
hin_Deva-swa_Latn,metricx24,unknown,998302,1200000,0.8
hin_Deva-swc_Latn,metricx24,unknown,192386,1200000,0.2
hin_Deva-swe_Latn,metricx24,0.867238,7054230,1200000,5.9
hin_Deva-swh_Latn,shaomutan_remedy-9b-22,0.922389723,1328733,200000,6.6
hin_Deva-tam_Taml,metricx24,0.836298,4687563,1200000,3.9
hin_Deva-tel_Telu,metricx24,0.801002,4451822,1200000,3.7
hin_Deva-tgk_Cyrl,m-prometheus-7b,0.903235441,277959,27000,10.3
hin_Deva-tgl_Latn,shaomutan_remedy-9b-22,0.945199658,1317557,200000,6.6
hin_Deva-tha_Thai,shaomutan_remedy-9b-22,0.945745449,6194357,200000,31.0
hin_Deva-tur_Latn,metricx24,0.77953,14061359,1200000,11.7
hin_Deva-ukr_Cyrl,metricx24,0.823883,5185909,1200000,4.3
hin_Deva-und_Kana,metricx24,unknown,162417,1200000,0.1
hin_Deva-urd_Arab,shaomutan_remedy-9b-22,0.928459356,4782259,200000,23.9
hin_Deva-uzn_Latn,qwen3-4b-instruct-2507,0.894813,181882,28000,6.5
hin_Deva-vec_Latn,qwen3-4b-instruct-2507,0.902474,103263,28000,3.7
hin_Deva-vie_Latn,shaomutan_remedy-9b-22,0.935403831,9900390,200000,49.5
hin_Deva-wln_Latn,metricx24,unknown,39956,1200000,0.0
hin_Deva-xho_Latn,shaomutan_remedy-9b-22,0.819405336,391183,200000,2.0
hin_Deva-yor_Latn,shaomutan_remedy-9b-22,0.74949755,158152,200000,0.8
hin_Deva-yue_Hani,metricx24,unknown,432613,1200000,0.4
hin_Deva-zho_Hans,metricx24,0.846213,2549490,1200000,2.1
hin_Deva-zho_Hant,qwen3-4b-instruct-2507,0.964555,1656482,28000,59.2
hin_Deva-zsm_Latn,qwen3-4b-instruct-2507,0.890169,1867946,28000,66.7
hin_Deva-zul_Latn,shaomutan_remedy-9b-22,0.84470143,107493,200000,0.5
hne_Deva-hne_Deva,qwen3-4b-instruct-2507,unknown,96598,28000,3.4
hne_Deva-hrv_Latn,shaomutan_remedy-9b-22,0.927469893,76323,200000,0.4
hne_Deva-hun_Latn,shaomutan_remedy-9b-22,0.930400254,93832,200000,0.5
hne_Deva-ita_Latn,qwen3-4b-instruct-2507,0.921941,127916,28000,4.6
hne_Deva-jpn_Jpan,shaomutan_remedy-9b-22,0.934112567,113558,200000,0.6
hne_Deva-kan_Knda,shaomutan_remedy-9b-22,0.921759633,109452,200000,0.5
hne_Deva-lit_Latn,shaomutan_remedy-9b-22,0.932405615,75933,200000,0.4
hne_Deva-mal_Mlym,qwen3-4b-instruct-2507,0.926068,165799,28000,5.9
hne_Deva-mar_Deva,shaomutan_remedy-9b-22,0.936130729,105337,200000,0.5
hne_Deva-nds_Latn,qwen3-4b-instruct-2507,unknown,84896,28000,3.0
hne_Deva-nep_Deva,qwen3-4b-instruct-2507,unknown,82070,28000,2.9
hne_Deva-nld_Latn,shaomutan_remedy-9b-22,0.909840811,152911,200000,0.8
hne_Deva-nno_Latn,shaomutan_remedy-9b-22,0.911062518,90323,200000,0.5
hne_Deva-pan_Guru,qwen3-4b-instruct-2507,0.928377,90931,28000,3.2
hne_Deva-pol_Latn,shaomutan_remedy-9b-22,0.918867853,144863,200000,0.7
hne_Deva-por_Latn,qwen3-4b-instruct-2507,0.905744,165886,28000,5.9
hne_Deva-ron_Latn,shaomutan_remedy-9b-22,0.931770152,99266,200000,0.5
hne_Deva-rus_Cyrl,qwen3-4b-instruct-2507,0.909537,168103,28000,6.0
hne_Deva-slk_Latn,shaomutan_remedy-9b-22,0.957055048,96589,200000,0.5
hne_Deva-slv_Latn,shaomutan_remedy-9b-22,0.926762022,95330,200000,0.5
hne_Deva-swe_Latn,shaomutan_remedy-9b-22,0.924005315,116208,200000,0.6
hne_Deva-tam_Taml,shaomutan_remedy-9b-22,0.915859104,237168,200000,1.2
hne_Deva-tel_Telu,qwen3-4b-instruct-2507,0.920468,182868,28000,6.5
hne_Deva-tha_Thai,shaomutan_remedy-9b-22,0.915398948,87726,200000,0.4
hne_Deva-tur_Latn,shaomutan_remedy-9b-22,0.927984772,147298,200000,0.7
hne_Deva-ukr_Cyrl,shaomutan_remedy-9b-22,0.937761242,117521,200000,0.6
hne_Deva-urd_Arab,shaomutan_remedy-9b-22,0.920920972,117499,200000,0.6
hne_Deva-vie_Latn,shaomutan_remedy-9b-22,0.893883033,76863,200000,0.4
hne_Deva-zho_Hans,qwen3-4b-instruct-2507,0.933758,89336,28000,3.2
hne_Deva-zho_Hant,qwen3-4b-instruct-2507,0.918671,85701,28000,3.1
hrv_Latn-abk_Cyrl,qwen3-4b-instruct-2507,unknown,89316,28000,3.2
hrv_Latn-afr_Latn,shaomutan_remedy-9b-22,0.916107395,265518,200000,1.3
hrv_Latn-als_Latn,metricx24,0.853951,4795622,1200000,4.0
hrv_Latn-azj_Latn,m-prometheus-7b,0.862747636,77764,27000,2.9
hrv_Latn-bak_Cyrl,shaomutan_remedy-9b-22,0.878051161,119639,200000,0.6
hrv_Latn-bel_Cyrl,shaomutan_remedy-9b-22,0.924341315,56610,200000,0.3
hrv_Latn-cat_Latn,qwen3-4b-instruct-2507,0.957825,203523,28000,7.3
hrv_Latn-ces_Latn,qwen3-4b-instruct-2507,0.952967,1098434,28000,39.2
hrv_Latn-ckb_Arab,metricx24,0.79159235,128853,1200000,0.1
hrv_Latn-cmn_Hani,qwen3-4b-instruct-2507,unknown,10839679,28000,387.1
hrv_Latn-dan_Latn,qwen3-4b-instruct-2507,0.949492,1002071,28000,35.8
hrv_Latn-deu_Latn,qwen3-4b-instruct-2507,0.963335,707215,28000,25.3
hrv_Latn-ekk_Latn,qwen3-4b-instruct-2507,unknown,335906,28000,12.0
hrv_Latn-ell_Grek,qwen3-4b-instruct-2507,0.948547,825461,28000,29.5
hrv_Latn-eng_Latn,metricx24,0.876518,6125262,1200000,5.1
hrv_Latn-epo_Latn,shaomutan_remedy-9b-22,0.894223916,157822,200000,0.8
hrv_Latn-est_Latn,shaomutan_remedy-9b-22,0.905047827,82796,200000,0.4
hrv_Latn-eus_Latn,qwen3-4b-instruct-2507,0.900045,432330,28000,15.4
hrv_Latn-fao_Latn,qwen3-4b-instruct-2507,0.841593,72738,28000,2.6
hrv_Latn-fas_Arab,qwen3-4b-instruct-2507,unknown,541002,28000,19.3
hrv_Latn-fil_Latn,qwen3-4b-instruct-2507,unknown,861784,28000,30.8
hrv_Latn-fin_Latn,shaomutan_remedy-9b-22,0.918983103,719257,200000,3.6
hrv_Latn-fra_Latn,qwen3-4b-instruct-2507,0.972907,854997,28000,30.5
hrv_Latn-fro_Latn,qwen3-4b-instruct-2507,unknown,49753,28000,1.8
hrv_Latn-fur_Latn,qwen3-4b-instruct-2507,0.870806,380587,28000,13.6
hrv_Latn-glg_Latn,qwen3-4b-instruct-2507,0.956436,83928,28000,3.0
hrv_Latn-hat_Latn,shaomutan_remedy-9b-22,0.854270772,440594,200000,2.2
hrv_Latn-hbs_Latn,qwen3-4b-instruct-2507,unknown,375563,28000,13.4
hrv_Latn-heb_Hebr,qwen3-4b-instruct-2507,0.964097,670819,28000,24.0
hrv_Latn-hin_Deva,qwen3-4b-instruct-2507,0.91899,69699,28000,2.5
hrv_Latn-hrv_Latn,qwen3-4b-instruct-2507,unknown,2740697,28000,97.9
hrv_Latn-hun_Latn,metricx24,0.826949,48298721,1200000,40.2
hrv_Latn-hye_Armn,shaomutan_remedy-9b-22,0.950315275,517298,200000,2.6
hrv_Latn-ibo_Latn,shaomutan_remedy-9b-22,0.726769682,158858,200000,0.8
hrv_Latn-ilo_Latn,metricx24,0.738959229,111652,1200000,0.1
hrv_Latn-ina_Latn,qwen3-4b-instruct-2507,unknown,58673,28000,2.1
hrv_Latn-ind_Latn,metricx24,0.873499,29690130,1200000,24.7
hrv_Latn-isl_Latn,shaomutan_remedy-9b-22,0.896073176,6949715,200000,34.7
hrv_Latn-ita_Latn,metricx24,0.907582,47062879,1200000,39.2
hrv_Latn-jav_Latn,qwen3-4b-instruct-2507,0.866914,523794,28000,18.7
hrv_Latn-jpn_Jpan,metricx24,0.837066,7010038,1200000,5.8
hrv_Latn-kab_Latn,metricx24,0.343887144,167950,1200000,0.1
hrv_Latn-kan_Knda,qwen3-4b-instruct-2507,0.932205,274002,28000,9.8
hrv_Latn-kat_Geor,shaomutan_remedy-9b-22,0.918780332,861389,200000,4.3
hrv_Latn-kaz_Cyrl,shaomutan_remedy-9b-22,0.939441588,776966,200000,3.9
hrv_Latn-khk_Cyrl,metricx24,0.821446843,179850,1200000,0.1
hrv_Latn-khm_Khmr,shaomutan_remedy-9b-22,0.915533261,614664,200000,3.1
hrv_Latn-kin_Latn,shaomutan_remedy-9b-22,0.782853238,86141,200000,0.4
hrv_Latn-kir_Cyrl,shaomutan_remedy-9b-22,0.885374524,166320,200000,0.8
hrv_Latn-kmr_Latn,metricx24,0.74015285,128265,1200000,0.1
hrv_Latn-kor_Hang,metricx24,0.845514,15329099,1200000,12.8
hrv_Latn-kor_Zyyy,qwen3-4b-instruct-2507,unknown,2241628,28000,80.1
hrv_Latn-lao_Laoo,qwen3-4b-instruct-2507,0.893624,128694,28000,4.6
hrv_Latn-lat_Latn,qwen3-4b-instruct-2507,unknown,239096,28000,8.5
hrv_Latn-lav_Latn,qwen3-4b-instruct-2507,unknown,1253978,28000,44.8
hrv_Latn-lim_Latn,qwen3-4b-instruct-2507,0.833828,194060,28000,6.9
hrv_Latn-lit_Latn,metricx24,0.812526,15588801,1200000,13.0
hrv_Latn-ltz_Latn,qwen3-4b-instruct-2507,0.899866,211498,28000,7.6
hrv_Latn-lvs_Latn,metricx24,0.762288,11917626,1200000,9.9
hrv_Latn-lzh_Hani,qwen3-4b-instruct-2507,unknown,436393,28000,15.6
hrv_Latn-mal_Mlym,qwen3-4b-instruct-2507,0.943574,1903831,28000,68.0
hrv_Latn-mar_Deva,qwen3-4b-instruct-2507,0.925485,815170,28000,29.1
hrv_Latn-mhr_Cyrl,qwen3-4b-instruct-2507,unknown,123323,28000,4.4
hrv_Latn-mkd_Cyrl,metricx24,0.881726,8484684,1200000,7.1
hrv_Latn-mlg_Latn,qwen3-4b-instruct-2507,unknown,235765,28000,8.4
hrv_Latn-mlt_Latn,shaomutan_remedy-9b-22,0.917509247,4174362,200000,20.9
hrv_Latn-mon_Cyrl,qwen3-4b-instruct-2507,unknown,186944,28000,6.7
hrv_Latn-mri_Latn,shaomutan_remedy-9b-22,0.695346347,110864,200000,0.6
hrv_Latn-msa_Latn,qwen3-4b-instruct-2507,unknown,4903561,28000,175.1
hrv_Latn-mya_Mymr,shaomutan_remedy-9b-22,0.902928403,807859,200000,4.0
hrv_Latn-nap_Latn,qwen3-4b-instruct-2507,unknown,72388,28000,2.6
hrv_Latn-nds_Latn,qwen3-4b-instruct-2507,unknown,163778,28000,5.8
hrv_Latn-nep_Deva,qwen3-4b-instruct-2507,unknown,391808,28000,14.0
hrv_Latn-nld_Latn,metricx24,0.917419,50456479,1200000,42.0
hrv_Latn-nno_Latn,shaomutan_remedy-9b-22,0.922798922,692880,200000,3.5
hrv_Latn-nob_Latn,metricx24,0.866157,22795679,1200000,19.0
hrv_Latn-nor_Latn,qwen3-4b-instruct-2507,unknown,9512910,28000,339.7
hrv_Latn-npi_Deva,qwen3-4b-instruct-2507,0.910896,226413,28000,8.1
hrv_Latn-nso_Latn,metricx24,0.631245978,16511,1200000,0.0
hrv_Latn-nya_Latn,metricx24,0.720766981,85064,1200000,0.1
hrv_Latn-oci_Latn,qwen3-4b-instruct-2507,0.895162,204902,28000,7.3
hrv_Latn-pan_Guru,qwen3-4b-instruct-2507,0.946531,150734,28000,5.4
hrv_Latn-pap_Latn,qwen3-4b-instruct-2507,0.811215,82188,28000,2.9
hrv_Latn-pbt_Arab,shaomutan_remedy-9b-22,0.792657402,85416,200000,0.4
hrv_Latn-plt_Latn,metricx24,0.793796605,197067,1200000,0.2
hrv_Latn-pol_Latn,metricx24,0.829204,54409055,1200000,45.3
hrv_Latn-por_Latn,metricx24,0.875936,55459330,1200000,46.2
hrv_Latn-pus_Arab,qwen3-4b-instruct-2507,unknown,109017,28000,3.9
hrv_Latn-rmy_Latn,qwen3-4b-instruct-2507,unknown,59454,28000,2.1
hrv_Latn-ron_Latn,metricx24,0.862205,56885292,1200000,47.4
hrv_Latn-rus_Cyrl,metricx24,0.892084,42419761,1200000,35.3
hrv_Latn-scn_Latn,qwen3-4b-instruct-2507,0.848352,87796,28000,3.1
hrv_Latn-sin_Sinh,shaomutan_remedy-9b-22,0.907165735,2062100,200000,10.3
hrv_Latn-slk_Latn,metricx24,0.811427,23934412,1200000,19.9
hrv_Latn-slv_Latn,shaomutan_remedy-9b-22,0.922893098,30302848,200000,151.5
hrv_Latn-sna_Latn,metricx24,0.698696426,99760,1200000,0.1
hrv_Latn-snd_Arab,qwen3-4b-instruct-2507,0.891916,120894,28000,4.3
hrv_Latn-som_Latn,shaomutan_remedy-9b-22,0.75835763,236869,200000,1.2
hrv_Latn-spa_Latn,qwen3-4b-instruct-2507,0.952106,939801,28000,33.6
hrv_Latn-sqi_Latn,qwen3-4b-instruct-2507,unknown,1564146,28000,55.9
hrv_Latn-srd_Latn,qwen3-4b-instruct-2507,0.83004,790565,28000,28.2
hrv_Latn-srp_Cyrl,metricx24,0.903408,8356263,1200000,7.0
hrv_Latn-srp_Latn,qwen3-4b-instruct-2507,unknown,28862168,28000,1030.8
hrv_Latn-sun_Latn,shaomutan_remedy-9b-22,0.848553164,307368,200000,1.5
hrv_Latn-swa_Latn,qwen3-4b-instruct-2507,unknown,909316,28000,32.5
hrv_Latn-swc_Latn,qwen3-4b-instruct-2507,unknown,91388,28000,3.3
hrv_Latn-swe_Latn,metricx24,0.889089,36862982,1200000,30.7
hrv_Latn-swh_Latn,shaomutan_remedy-9b-22,0.868266494,727415,200000,3.6
hrv_Latn-tam_Taml,metricx24,0.842615,2078302,1200000,1.7
hrv_Latn-tat_Cyrl,qwen3-4b-instruct-2507,0.86334,116283,28000,4.2
hrv_Latn-tel_Telu,qwen3-4b-instruct-2507,0.936804,1101624,28000,39.3
hrv_Latn-tgk_Cyrl,qwen3-4b-instruct-2507,0.877506,215856,28000,7.7
hrv_Latn-tgl_Latn,qwen3-4b-instruct-2507,0.923783,1619224,28000,57.8
hrv_Latn-tha_Thai,shaomutan_remedy-9b-22,0.944591305,14702022,200000,73.5
hrv_Latn-tur_Latn,metricx24,0.785827,42362316,1200000,35.3
hrv_Latn-ukr_Cyrl,metricx24,0.859396,13537138,1200000,11.3
hrv_Latn-und_Geor,qwen3-4b-instruct-2507,unknown,48516,28000,1.7
hrv_Latn-und_Hira,qwen3-4b-instruct-2507,unknown,73151,28000,2.6
hrv_Latn-und_Kana,qwen3-4b-instruct-2507,unknown,236968,28000,8.5
hrv_Latn-urd_Arab,shaomutan_remedy-9b-22,0.900039086,1726264,200000,8.6
hrv_Latn-uzn_Latn,qwen3-4b-instruct-2507,0.868641,402415,28000,14.4
hrv_Latn-vec_Latn,qwen3-4b-instruct-2507,0.886874,309945,28000,11.1
hrv_Latn-vie_Latn,shaomutan_remedy-9b-22,0.937238426,20611100,200000,103.1
hrv_Latn-wln_Latn,qwen3-4b-instruct-2507,unknown,44691,28000,1.6
hrv_Latn-xho_Latn,shaomutan_remedy-9b-22,0.771784775,520313,200000,2.6
hrv_Latn-yor_Latn,shaomutan_remedy-9b-22,0.682441695,138503,200000,0.7
hrv_Latn-yue_Hani,qwen3-4b-instruct-2507,unknown,790505,28000,28.2
hrv_Latn-zho_Hans,metricx24,0.895438,6580390,1200000,5.5
hrv_Latn-zho_Hant,metricx24,0.883048,5418585,1200000,4.5
hrv_Latn-zsm_Latn,metricx24,0.851004,3422718,1200000,2.9
hrv_Latn-zul_Latn,shaomutan_remedy-9b-22,0.776894891,121720,200000,0.6
hun_Latn-abk_Cyrl,metricx24,unknown,105879,1200000,0.1
hun_Latn-afr_Latn,qwen3-4b-instruct-2507,0.875963,333581,28000,11.9
hun_Latn-als_Latn,metricx24,0.84245,4589017,1200000,3.8
hun_Latn-azj_Latn,m-prometheus-7b,0.846356396,86056,27000,3.2
hun_Latn-bak_Cyrl,shaomutan_remedy-9b-22,0.889456601,152897,200000,0.8
hun_Latn-bel_Cyrl,shaomutan_remedy-9b-22,0.948154287,65142,200000,0.3
hun_Latn-cat_Latn,qwen3-4b-instruct-2507,0.939443,120006,28000,4.3
hun_Latn-ces_Latn,qwen3-4b-instruct-2507,0.956292,435857,28000,15.6
hun_Latn-ckb_Arab,metricx24,0.776748715,157019,1200000,0.1
hun_Latn-cmn_Hani,metricx24,unknown,15183292,1200000,12.7
hun_Latn-crh_Latn,shaomutan_remedy-9b-22,0.791911441,94109,200000,0.5
hun_Latn-dan_Latn,qwen3-4b-instruct-2507,0.954569,610574,28000,21.8
hun_Latn-deu_Latn,qwen3-4b-instruct-2507,0.955669,152585,28000,5.4
hun_Latn-eng_Latn,qwen3-4b-instruct-2507,0.978945,1588849,28000,56.7
hun_Latn-epo_Latn,qwen3-4b-instruct-2507,0.880727,158005,28000,5.6
hun_Latn-eus_Latn,qwen3-4b-instruct-2507,0.871667,507135,28000,18.1
hun_Latn-fao_Latn,qwen3-4b-instruct-2507,0.810757,63814,28000,2.3
hun_Latn-fil_Latn,metricx24,unknown,952780,1200000,0.8
hun_Latn-fin_Latn,shaomutan_remedy-9b-22,0.924318409,73173,200000,0.4
hun_Latn-fra_Latn,qwen3-4b-instruct-2507,0.961055,181252,28000,6.5
hun_Latn-fro_Latn,metricx24,unknown,58440,1200000,0.0
hun_Latn-fur_Latn,qwen3-4b-instruct-2507,0.87446,533279,28000,19.0
hun_Latn-hau_Latn,metricx24,0.781627115,44240,1200000,0.0
hun_Latn-hbs_Latn,metricx24,unknown,1312807,1200000,1.1
hun_Latn-hrv_Latn,qwen3-4b-instruct-2507,0.937277,1448969,28000,51.7
hun_Latn-hun_Latn,metricx24,unknown,426182,1200000,0.4
hun_Latn-hye_Armn,shaomutan_remedy-9b-22,0.936470784,528357,200000,2.6
hun_Latn-ibo_Latn,shaomutan_remedy-9b-22,0.726758232,164641,200000,0.8
hun_Latn-ilo_Latn,metricx24,0.739939047,132810,1200000,0.1
hun_Latn-ina_Latn,metricx24,unknown,73153,1200000,0.1
hun_Latn-ind_Latn,shaomutan_remedy-9b-22,0.934861467,42357627,200000,211.8
hun_Latn-isl_Latn,shaomutan_remedy-9b-22,0.856451825,6542040,200000,32.7
hun_Latn-ita_Latn,metricx24,0.88951,81943201,1200000,68.3
hun_Latn-jav_Latn,qwen3-4b-instruct-2507,0.867018,603775,28000,21.6
hun_Latn-jpn_Jpan,metricx24,0.80279,13078558,1200000,10.9
hun_Latn-kab_Latn,qwen3-4b-instruct-2507,0.352344,163041,28000,5.8
hun_Latn-kan_Knda,qwen3-4b-instruct-2507,0.930767,168189,28000,6.0
hun_Latn-kat_Geor,shaomutan_remedy-9b-22,0.917111017,888686,200000,4.4
hun_Latn-kaz_Cyrl,shaomutan_remedy-9b-22,0.933887188,463940,200000,2.3
hun_Latn-khk_Cyrl,metricx24,0.81845836,183350,1200000,0.2
hun_Latn-khm_Khmr,shaomutan_remedy-9b-22,0.912406337,639326,200000,3.2
hun_Latn-kin_Latn,shaomutan_remedy-9b-22,0.792941847,95020,200000,0.5
hun_Latn-kir_Cyrl,shaomutan_remedy-9b-22,0.869100234,150597,200000,0.8
hun_Latn-kiu_Latn,metricx24,unknown,63823,1200000,0.1
hun_Latn-kmr_Latn,metricx24,0.717006226,123765,1200000,0.1
hun_Latn-kor_Hang,metricx24,0.814727,21951453,1200000,18.3
hun_Latn-kor_Zyyy,metricx24,unknown,3480448,1200000,2.9
hun_Latn-lao_Laoo,qwen3-4b-instruct-2507,0.889647,124959,28000,4.5
hun_Latn-lat_Latn,metricx24,unknown,266022,1200000,0.2
hun_Latn-lav_Latn,metricx24,unknown,1975915,1200000,1.6
hun_Latn-lim_Latn,qwen3-4b-instruct-2507,0.804326,267098,28000,9.5
hun_Latn-lit_Latn,shaomutan_remedy-9b-22,0.906190727,26465438,200000,132.3
hun_Latn-ltz_Latn,qwen3-4b-instruct-2507,0.887392,224072,28000,8.0
hun_Latn-lvs_Latn,metricx24,0.734428,20957032,1200000,17.5
hun_Latn-lzh_Hani,metricx24,unknown,608261,1200000,0.5
hun_Latn-mal_Mlym,metricx24,0.797252,2010229,1200000,1.7
hun_Latn-mar_Deva,shaomutan_remedy-9b-22,0.917405144,746017,200000,3.7
hun_Latn-mhr_Cyrl,metricx24,unknown,164089,1200000,0.1
hun_Latn-mkd_Cyrl,metricx24,0.862417,7838225,1200000,6.5
hun_Latn-mlg_Latn,metricx24,unknown,235528,1200000,0.2
hun_Latn-mlt_Latn,shaomutan_remedy-9b-22,0.885831676,5058049,200000,25.3
hun_Latn-mon_Cyrl,metricx24,unknown,192740,1200000,0.2
hun_Latn-mri_Latn,shaomutan_remedy-9b-22,0.718505069,102625,200000,0.5
hun_Latn-msa_Latn,metricx24,unknown,5295523,1200000,4.4
hun_Latn-mya_Mymr,shaomutan_remedy-9b-22,0.917498207,893122,200000,4.5
hun_Latn-nap_Latn,metricx24,unknown,100504,1200000,0.1
hun_Latn-nds_Latn,metricx24,unknown,204365,1200000,0.2
hun_Latn-nep_Deva,metricx24,unknown,373915,1200000,0.3
hun_Latn-nld_Latn,metricx24,0.897902,81970137,1200000,68.3
hun_Latn-nno_Latn,qwen3-4b-instruct-2507,0.925167,774488,28000,27.7
hun_Latn-nob_Latn,metricx24,0.848006,28800087,1200000,24.0
hun_Latn-nor_Latn,metricx24,unknown,12112826,1200000,10.1
hun_Latn-npi_Deva,qwen3-4b-instruct-2507,0.905485,185943,28000,6.6
hun_Latn-nya_Latn,metricx24,0.701695194,82213,1200000,0.1
hun_Latn-oci_Latn,qwen3-4b-instruct-2507,0.872006,226196,28000,8.1
hun_Latn-pan_Guru,qwen3-4b-instruct-2507,0.944271,144373,28000,5.2
hun_Latn-pap_Latn,qwen3-4b-instruct-2507,0.825764,114453,28000,4.1
hun_Latn-pbt_Arab,shaomutan_remedy-9b-22,0.783683817,78250,200000,0.4
hun_Latn-plt_Latn,metricx24,0.772744092,192114,1200000,0.2
hun_Latn-pol_Latn,metricx24,0.821983,85741726,1200000,71.5
hun_Latn-por_Latn,metricx24,0.853159,91833072,1200000,76.5
hun_Latn-pus_Arab,metricx24,unknown,101902,1200000,0.1
hun_Latn-rmy_Latn,metricx24,unknown,87270,1200000,0.1
hun_Latn-ron_Latn,metricx24,0.852109,81096393,1200000,67.6
hun_Latn-rus_Cyrl,metricx24,0.875259,60095909,1200000,50.1
hun_Latn-scn_Latn,qwen3-4b-instruct-2507,0.843016,171324,28000,6.1
hun_Latn-sin_Sinh,shaomutan_remedy-9b-22,0.90805156,2231283,200000,11.2
hun_Latn-slk_Latn,metricx24,0.814786,42004414,1200000,35.0
hun_Latn-slv_Latn,metricx24,0.874818,37329700,1200000,31.1
hun_Latn-sna_Latn,metricx24,0.688440736,100847,1200000,0.1
hun_Latn-snd_Arab,qwen3-4b-instruct-2507,0.892872,115412,28000,4.1
hun_Latn-som_Latn,shaomutan_remedy-9b-22,0.734487192,251880,200000,1.3
hun_Latn-spa_Latn,shaomutan_remedy-9b-22,0.94747237,180987,200000,0.9
hun_Latn-sqi_Latn,metricx24,unknown,1739912,1200000,1.4
hun_Latn-srd_Latn,qwen3-4b-instruct-2507,0.84114,1155619,28000,41.3
hun_Latn-srp_Cyrl,metricx24,0.890911,6864452,1200000,5.7
hun_Latn-srp_Latn,metricx24,unknown,40178207,1200000,33.5
hun_Latn-sun_Latn,qwen3-4b-instruct-2507,0.856829,312553,28000,11.2
hun_Latn-swa_Latn,metricx24,unknown,1188677,1200000,1.0
hun_Latn-swc_Latn,metricx24,unknown,207710,1200000,0.2
hun_Latn-swe_Latn,metricx24,0.866416,65293999,1200000,54.4
hun_Latn-swh_Latn,shaomutan_remedy-9b-22,0.881393061,1221351,200000,6.1
hun_Latn-tam_Taml,metricx24,0.809781,3575566,1200000,3.0
hun_Latn-tat_Cyrl,shaomutan_remedy-9b-22,0.870705803,117542,200000,0.6
hun_Latn-tel_Telu,qwen3-4b-instruct-2507,0.932573,1407361,28000,50.3
hun_Latn-tgk_Cyrl,qwen3-4b-instruct-2507,0.874654,226103,28000,8.1
hun_Latn-tgl_Latn,qwen3-4b-instruct-2507,0.92893,1845377,28000,65.9
hun_Latn-tha_Thai,metricx24,0.824347,17746174,1200000,14.8
hun_Latn-tur_Latn,metricx24,0.76935,57267921,1200000,47.7
hun_Latn-ukr_Cyrl,metricx24,0.842004,15010796,1200000,12.5
hun_Latn-und_Geor,metricx24,unknown,54582,1200000,0.0
hun_Latn-und_Hira,metricx24,unknown,90460,1200000,0.1
hun_Latn-und_Kana,metricx24,unknown,351963,1200000,0.3
hun_Latn-urd_Arab,qwen3-4b-instruct-2507,0.89331,1585609,28000,56.6
hun_Latn-uzn_Latn,qwen3-4b-instruct-2507,0.851966,167440,28000,6.0
hun_Latn-vec_Latn,qwen3-4b-instruct-2507,0.880906,495894,28000,17.7
hun_Latn-vie_Latn,shaomutan_remedy-9b-22,0.935351288,31372646,200000,156.9
hun_Latn-wln_Latn,metricx24,unknown,51566,1200000,0.0
hun_Latn-xho_Latn,shaomutan_remedy-9b-22,0.753553416,567578,200000,2.8
hun_Latn-yor_Latn,shaomutan_remedy-9b-22,0.636410254,139076,200000,0.7
hun_Latn-yue_Hani,metricx24,unknown,1094818,1200000,0.9
hun_Latn-zho_Hans,metricx24,0.856142,10165273,1200000,8.5
hun_Latn-zho_Hant,metricx24,0.841637,6991409,1200000,5.8
hun_Latn-zho_Zyyy,metricx24,unknown,112737,1200000,0.1
hun_Latn-zsm_Latn,metricx24,0.835809,3292247,1200000,2.7
hun_Latn-zul_Latn,shaomutan_remedy-9b-22,0.787672968,152605,200000,0.8
hye_Armn-als_Latn,qwen3-4b-instruct-2507,0.874769,207949,28000,7.4
hye_Armn-cmn_Hani,metricx24,unknown,227600,1200000,0.2
hye_Armn-fil_Latn,metricx24,unknown,142435,1200000,0.1
hye_Armn-ibo_Latn,shaomutan_remedy-9b-22,0.761495639,94252,200000,0.5
hye_Armn-ind_Latn,shaomutan_remedy-9b-22,0.9307192,1292268,200000,6.5
hye_Armn-isl_Latn,shaomutan_remedy-9b-22,0.889144043,311164,200000,1.6
hye_Armn-ita_Latn,shaomutan_remedy-9b-22,0.945317739,1565070,200000,7.8
hye_Armn-jav_Latn,shaomutan_remedy-9b-22,0.816293088,115401,200000,0.6
hye_Armn-jpn_Jpan,shaomutan_remedy-9b-22,0.948898337,893051,200000,4.5
hye_Armn-kan_Knda,shaomutan_remedy-9b-22,0.916219927,71128,200000,0.4
hye_Armn-kat_Geor,shaomutan_remedy-9b-22,0.920163325,425351,200000,2.1
hye_Armn-kaz_Cyrl,shaomutan_remedy-9b-22,0.942073631,281245,200000,1.4
hye_Armn-khk_Cyrl,metricx24,0.783397193,96990,1200000,0.1
hye_Armn-khm_Khmr,shaomutan_remedy-9b-22,0.918043319,219244,200000,1.1
hye_Armn-kir_Cyrl,shaomutan_remedy-9b-22,0.879600268,113563,200000,0.6
hye_Armn-kor_Hang,shaomutan_remedy-9b-22,0.947492842,386596,200000,1.9
hye_Armn-kor_Zyyy,metricx24,unknown,223053,1200000,0.2
hye_Armn-lao_Laoo,qwen3-4b-instruct-2507,0.853962,77090,28000,2.8
hye_Armn-lav_Latn,metricx24,unknown,123261,1200000,0.1
hye_Armn-lit_Latn,shaomutan_remedy-9b-22,0.922438256,567702,200000,2.8
hye_Armn-lvs_Latn,shaomutan_remedy-9b-22,0.93130503,372999,200000,1.9
hye_Armn-mal_Mlym,qwen3-4b-instruct-2507,0.931802,255417,28000,9.1
hye_Armn-mar_Deva,qwen3-4b-instruct-2507,0.908681,256101,28000,9.1
hye_Armn-mkd_Cyrl,qwen3-4b-instruct-2507,0.936645,455388,28000,16.3
hye_Armn-mlg_Latn,metricx24,unknown,90364,1200000,0.1
hye_Armn-mon_Cyrl,metricx24,unknown,84950,1200000,0.1
hye_Armn-mri_Latn,shaomutan_remedy-9b-22,0.725124316,63024,200000,0.3
hye_Armn-msa_Latn,metricx24,unknown,268790,1200000,0.2
hye_Armn-mya_Mymr,shaomutan_remedy-9b-22,0.912950379,184757,200000,0.9
hye_Armn-nep_Deva,metricx24,unknown,135259,1200000,0.1
hye_Armn-nld_Latn,shaomutan_remedy-9b-22,0.93547947,1167002,200000,5.8
hye_Armn-nob_Latn,shaomutan_remedy-9b-22,0.938945202,187084,200000,0.9
hye_Armn-nor_Latn,metricx24,unknown,336253,1200000,0.3
hye_Armn-npi_Deva,qwen3-4b-instruct-2507,0.903733,55602,28000,2.0
hye_Armn-nya_Latn,shaomutan_remedy-9b-22,0.719338019,60443,200000,0.3
hye_Armn-pan_Guru,qwen3-4b-instruct-2507,0.929686,71717,28000,2.6
hye_Armn-pbt_Arab,shaomutan_remedy-9b-22,0.771254895,54024,200000,0.3
hye_Armn-plt_Latn,metricx24,0.76753509,76057,1200000,0.1
hye_Armn-pol_Latn,shaomutan_remedy-9b-22,0.947550296,1018596,200000,5.1
hye_Armn-por_Latn,shaomutan_remedy-9b-22,0.921926254,1546589,200000,7.7
hye_Armn-pus_Arab,metricx24,unknown,63031,1200000,0.1
hye_Armn-ron_Latn,qwen3-4b-instruct-2507,0.932792,760637,28000,27.2
hye_Armn-rus_Cyrl,metricx24,0.879178,6449685,1200000,5.4
hye_Armn-sin_Sinh,shaomutan_remedy-9b-22,0.912458118,267466,200000,1.3
hye_Armn-slk_Latn,qwen3-4b-instruct-2507,0.931429,586683,28000,21.0
hye_Armn-slv_Latn,qwen3-4b-instruct-2507,0.92212,429573,28000,15.3
hye_Armn-som_Latn,shaomutan_remedy-9b-22,0.755294824,105964,200000,0.5
hye_Armn-sqi_Latn,metricx24,unknown,230912,1200000,0.2
hye_Armn-srd_Latn,metricx24,0.795842216,99234,1200000,0.1
hye_Armn-srp_Cyrl,qwen3-4b-instruct-2507,0.942787,427508,28000,15.3
hye_Armn-sun_Latn,qwen3-4b-instruct-2507,0.820577,147448,28000,5.3
hye_Armn-swa_Latn,metricx24,unknown,208383,1200000,0.2
hye_Armn-swe_Latn,shaomutan_remedy-9b-22,0.931280128,679179,200000,3.4
hye_Armn-swh_Latn,shaomutan_remedy-9b-22,0.901952075,112471,200000,0.6
hye_Armn-tam_Taml,qwen3-4b-instruct-2507,0.928337,271153,28000,9.7
hye_Armn-tat_Cyrl,shaomutan_remedy-9b-22,0.877491924,67477,200000,0.3
hye_Armn-tel_Telu,qwen3-4b-instruct-2507,0.912066,246429,28000,8.8
hye_Armn-tgk_Cyrl,qwen3-4b-instruct-2507,0.862076,111522,28000,4.0
hye_Armn-tgl_Latn,shaomutan_remedy-9b-22,0.929201466,392810,200000,2.0
hye_Armn-tha_Thai,shaomutan_remedy-9b-22,0.939676373,591136,200000,3.0
hye_Armn-tur_Latn,shaomutan_remedy-9b-22,0.933408058,1334339,200000,6.7
hye_Armn-ukr_Cyrl,shaomutan_remedy-9b-22,0.931482026,726294,200000,3.6
hye_Armn-urd_Arab,shaomutan_remedy-9b-22,0.892479785,352967,200000,1.8
hye_Armn-vie_Latn,shaomutan_remedy-9b-22,0.924142168,1010940,200000,5.1
hye_Armn-xho_Latn,shaomutan_remedy-9b-22,0.772320447,100560,200000,0.5
hye_Armn-yor_Latn,shaomutan_remedy-9b-22,0.668402086,99697,200000,0.5
hye_Armn-yue_Hani,metricx24,unknown,130781,1200000,0.1
hye_Armn-zho_Hans,qwen3-4b-instruct-2507,0.946112,451988,28000,16.1
hye_Armn-zho_Hant,qwen3-4b-instruct-2507,0.938193,301217,28000,10.8
hye_Armn-zsm_Latn,metricx24,0.836218094,118001,1200000,0.1
hye_Armn-zul_Latn,shaomutan_remedy-9b-22,0.795344883,58803,200000,0.3
hyw_Armn-rus_Cyrl,metricx24,unknown,232431,1200000,0.2
ibo_Latn-als_Latn,metricx24,0.771742239,64706,1200000,0.1
ibo_Latn-isl_Latn,shaomutan_remedy-9b-22,0.835443684,160069,200000,0.8
ibo_Latn-ita_Latn,shaomutan_remedy-9b-22,0.880948009,685464,200000,3.4
ibo_Latn-jav_Latn,shaomutan_remedy-9b-22,0.758232021,67572,200000,0.3
ibo_Latn-jpn_Jpan,shaomutan_remedy-9b-22,0.883157315,352924,200000,1.8
ibo_Latn-kat_Geor,shaomutan_remedy-9b-22,0.879622017,122363,200000,0.6
ibo_Latn-kaz_Cyrl,shaomutan_remedy-9b-22,0.872373552,94581,200000,0.5
ibo_Latn-khm_Khmr,shaomutan_remedy-9b-22,0.878437429,90750,200000,0.5
ibo_Latn-kin_Latn,shaomutan_remedy-9b-22,0.79172142,199379,200000,1.0
ibo_Latn-kor_Hang,shaomutan_remedy-9b-22,0.883161025,147313,200000,0.7
ibo_Latn-kor_Zyyy,metricx24,unknown,116247,1200000,0.1
ibo_Latn-lav_Latn,metricx24,unknown,61265,1200000,0.1
ibo_Latn-lit_Latn,shaomutan_remedy-9b-22,0.875261494,222067,200000,1.1
ibo_Latn-lvs_Latn,shaomutan_remedy-9b-22,0.878206094,142317,200000,0.7
ibo_Latn-mal_Mlym,shaomutan_remedy-9b-22,0.85036979,140435,200000,0.7
ibo_Latn-mar_Deva,shaomutan_remedy-9b-22,0.832150685,134191,200000,0.7
ibo_Latn-mkd_Cyrl,shaomutan_remedy-9b-22,0.859992465,188902,200000,0.9
ibo_Latn-mlg_Latn,metricx24,unknown,65187,1200000,0.1
ibo_Latn-msa_Latn,metricx24,unknown,126067,1200000,0.1
ibo_Latn-mya_Mymr,shaomutan_remedy-9b-22,0.872874522,77310,200000,0.4
ibo_Latn-nep_Deva,metricx24,unknown,82289,1200000,0.1
ibo_Latn-nld_Latn,shaomutan_remedy-9b-22,0.861047845,647864,200000,3.2
ibo_Latn-nob_Latn,shaomutan_remedy-9b-22,0.853427009,71958,200000,0.4
ibo_Latn-nor_Latn,metricx24,unknown,172630,1200000,0.1
ibo_Latn-nso_Latn,metricx24,0.553487639,103848,1200000,0.1
ibo_Latn-nya_Latn,shaomutan_remedy-9b-22,0.651678957,594225,200000,3.0
ibo_Latn-pol_Latn,shaomutan_remedy-9b-22,0.879667738,437046,200000,2.2
ibo_Latn-por_Latn,shaomutan_remedy-9b-22,0.854499809,715205,200000,3.6
ibo_Latn-ron_Latn,shaomutan_remedy-9b-22,0.89271264,310198,200000,1.6
ibo_Latn-run_Latn,shaomutan_remedy-9b-22,0.657788762,114332,200000,0.6
ibo_Latn-rus_Cyrl,shaomutan_remedy-9b-22,0.899088673,688469,200000,3.4
ibo_Latn-sin_Sinh,shaomutan_remedy-9b-22,0.833297103,141928,200000,0.7
ibo_Latn-slk_Latn,shaomutan_remedy-9b-22,0.883023062,244495,200000,1.2
ibo_Latn-slv_Latn,shaomutan_remedy-9b-22,0.822616729,178863,200000,0.9
ibo_Latn-sna_Latn,shaomutan_remedy-9b-22,0.741689606,502602,200000,2.5
ibo_Latn-som_Latn,shaomutan_remedy-9b-22,0.787186252,440163,200000,2.2
ibo_Latn-sot_Latn,shaomutan_remedy-9b-22,0.726852939,492556,200000,2.5
ibo_Latn-sqi_Latn,metricx24,unknown,115233,1200000,0.1
ibo_Latn-srp_Cyrl,shaomutan_remedy-9b-22,0.893178143,169268,200000,0.8
ibo_Latn-sun_Latn,metricx24,0.758163868,95022,1200000,0.1
ibo_Latn-swa_Latn,metricx24,unknown,288728,1200000,0.2
ibo_Latn-swe_Latn,shaomutan_remedy-9b-22,0.863856295,300497,200000,1.5
ibo_Latn-swh_Latn,shaomutan_remedy-9b-22,0.808011859,344787,200000,1.7
ibo_Latn-tam_Taml,shaomutan_remedy-9b-22,0.859863563,133316,200000,0.7
ibo_Latn-tel_Telu,shaomutan_remedy-9b-22,0.835884132,116486,200000,0.6
ibo_Latn-tgl_Latn,shaomutan_remedy-9b-22,0.819579093,203639,200000,1.0
ibo_Latn-tha_Thai,shaomutan_remedy-9b-22,0.871521172,201782,200000,1.0
ibo_Latn-tsn_Latn,metricx24,0.633946828,148380,1200000,0.1
ibo_Latn-tso_Latn,shaomutan_remedy-9b-22,0.568905285,102852,200000,0.5
ibo_Latn-tur_Latn,shaomutan_remedy-9b-22,0.879651191,377635,200000,1.9
ibo_Latn-twi_Latn,shaomutan_remedy-9b-22,0.608733148,109015,200000,0.5
ibo_Latn-ukr_Cyrl,shaomutan_remedy-9b-22,0.905096555,274742,200000,1.4
ibo_Latn-urd_Arab,shaomutan_remedy-9b-22,0.802819727,152026,200000,0.8
ibo_Latn-vie_Latn,shaomutan_remedy-9b-22,0.871336774,219644,200000,1.1
ibo_Latn-xho_Latn,shaomutan_remedy-9b-22,0.746943371,422320,200000,2.1
ibo_Latn-yor_Latn,shaomutan_remedy-9b-22,0.652349036,487188,200000,2.4
ibo_Latn-zho_Hans,qwen3-4b-instruct-2507,0.863375,236534,28000,8.4
ibo_Latn-zho_Hant,qwen3-4b-instruct-2507,0.865978,148394,28000,5.3
ibo_Latn-zul_Latn,shaomutan_remedy-9b-22,0.789535222,600239,200000,3.0
ido_Latn-ita_Latn,metricx24,unknown,57307,1200000,0.0
ido_Latn-nld_Latn,metricx24,unknown,62421,1200000,0.1
ido_Latn-pol_Latn,metricx24,unknown,68154,1200000,0.1
ido_Latn-por_Latn,metricx24,unknown,75142,1200000,0.1
ido_Latn-ron_Latn,metricx24,unknown,60107,1200000,0.1
ido_Latn-rus_Cyrl,metricx24,unknown,82308,1200000,0.1
ido_Latn-swe_Latn,metricx24,unknown,52722,1200000,0.0
ido_Latn-tur_Latn,metricx24,unknown,54834,1200000,0.0
ilo_Latn-fra_Latn,shaomutan_remedy-9b-22,0.920291381,125414,200000,0.6
ilo_Latn-hun_Latn,shaomutan_remedy-9b-22,0.92423791,58523,200000,0.3
ilo_Latn-ilo_Latn,qwen3-4b-instruct-2507,unknown,73239,28000,2.6
ilo_Latn-ind_Latn,shaomutan_remedy-9b-22,0.89999463,83557,200000,0.4
ilo_Latn-isl_Latn,shaomutan_remedy-9b-22,0.823561998,72611,200000,0.4
ilo_Latn-ita_Latn,shaomutan_remedy-9b-22,0.906479109,184625,200000,0.9
ilo_Latn-jav_Latn,m-prometheus-7b,0.817580886,348372,27000,12.9
ilo_Latn-jpn_Jpan,shaomutan_remedy-9b-22,0.916897785,128444,200000,0.6
ilo_Latn-kor_Hang,shaomutan_remedy-9b-22,0.91112237,69909,200000,0.3
ilo_Latn-kor_Zyyy,qwen3-4b-instruct-2507,unknown,69196,28000,2.5
ilo_Latn-lao_Laoo,shaomutan_remedy-9b-22,0.806264452,21292,200000,0.1
ilo_Latn-lit_Latn,shaomutan_remedy-9b-22,0.906027048,88961,200000,0.4
ilo_Latn-mal_Mlym,shaomutan_remedy-9b-22,0.8734691,90680,200000,0.5
ilo_Latn-mar_Deva,shaomutan_remedy-9b-22,0.858624521,53698,200000,0.3
ilo_Latn-mkd_Cyrl,shaomutan_remedy-9b-22,0.913078472,97073,200000,0.5
ilo_Latn-mlg_Latn,qwen3-4b-instruct-2507,unknown,145731,28000,5.2
ilo_Latn-mri_Latn,shaomutan_remedy-9b-22,0.689208176,136158,200000,0.7
ilo_Latn-msa_Latn,qwen3-4b-instruct-2507,unknown,79537,28000,2.8
ilo_Latn-nld_Latn,shaomutan_remedy-9b-22,0.898260934,212885,200000,1.1
ilo_Latn-nor_Latn,qwen3-4b-instruct-2507,unknown,104688,28000,3.7
ilo_Latn-pag_Latn,m-prometheus-7b,0.634221005,236850,27000,8.8
ilo_Latn-plt_Latn,metricx24,0.723086736,308089,1200000,0.3
ilo_Latn-pol_Latn,shaomutan_remedy-9b-22,0.904424223,208007,200000,1.0
ilo_Latn-por_Latn,shaomutan_remedy-9b-22,0.880336453,265984,200000,1.3
ilo_Latn-ron_Latn,shaomutan_remedy-9b-22,0.911923077,183251,200000,0.9
ilo_Latn-rus_Cyrl,shaomutan_remedy-9b-22,0.912647811,284169,200000,1.4
ilo_Latn-sin_Sinh,shaomutan_remedy-9b-22,0.85775025,66417,200000,0.3
ilo_Latn-slk_Latn,shaomutan_remedy-9b-22,0.904335303,134597,200000,0.7
ilo_Latn-slv_Latn,shaomutan_remedy-9b-22,0.895943656,87512,200000,0.4
ilo_Latn-smo_Latn,metricx24,0.678015771,202241,1200000,0.2
ilo_Latn-spa_Latn,shaomutan_remedy-9b-22,0.890043817,100578,200000,0.5
ilo_Latn-sqi_Latn,qwen3-4b-instruct-2507,unknown,69260,28000,2.5
ilo_Latn-srp_Cyrl,shaomutan_remedy-9b-22,0.91788686,96902,200000,0.5
ilo_Latn-srp_Latn,qwen3-4b-instruct-2507,unknown,49118,28000,1.8
ilo_Latn-sun_Latn,m-prometheus-7b,0.809761075,211601,27000,7.8
ilo_Latn-swa_Latn,qwen3-4b-instruct-2507,unknown,54550,28000,1.9
ilo_Latn-swe_Latn,shaomutan_remedy-9b-22,0.908795843,185417,200000,0.9
ilo_Latn-tam_Taml,shaomutan_remedy-9b-22,0.862109195,57474,200000,0.3
ilo_Latn-tgl_Latn,shaomutan_remedy-9b-22,0.921199826,78528,200000,0.4
ilo_Latn-tha_Thai,shaomutan_remedy-9b-22,0.901611434,80500,200000,0.4
ilo_Latn-tur_Latn,shaomutan_remedy-9b-22,0.889886618,225491,200000,1.1
ilo_Latn-ukr_Cyrl,shaomutan_remedy-9b-22,0.919058105,154660,200000,0.8
ilo_Latn-urd_Arab,shaomutan_remedy-9b-22,0.839459722,57983,200000,0.3
ilo_Latn-vie_Latn,shaomutan_remedy-9b-22,0.891534132,74655,200000,0.4
ilo_Latn-war_Latn,m-prometheus-7b,0.805798905,367084,27000,13.6
ilo_Latn-zho_Hans,qwen3-4b-instruct-2507,0.891364,134507,28000,4.8
ina_Latn-fra_Latn,metricx24,unknown,79994,1200000,0.1
ina_Latn-heb_Hebr,metricx24,unknown,41501,1200000,0.0
ina_Latn-hun_Latn,metricx24,unknown,57031,1200000,0.0
ina_Latn-ina_Latn,qwen3-4b-instruct-2507,unknown,19804,28000,0.7
ina_Latn-ita_Latn,metricx24,unknown,132943,1200000,0.1
ina_Latn-nld_Latn,metricx24,unknown,107619,1200000,0.1
ina_Latn-pol_Latn,metricx24,unknown,150019,1200000,0.1
ina_Latn-por_Latn,metricx24,unknown,260456,1200000,0.2
ina_Latn-ron_Latn,metricx24,unknown,129780,1200000,0.1
ina_Latn-rus_Cyrl,metricx24,unknown,160748,1200000,0.1
ina_Latn-slv_Latn,metricx24,unknown,53654,1200000,0.0
ina_Latn-srp_Latn,qwen3-4b-instruct-2507,unknown,105607,28000,3.8
ina_Latn-swe_Latn,metricx24,unknown,143274,1200000,0.1
ina_Latn-tur_Latn,metricx24,unknown,133253,1200000,0.1
ina_Latn-vie_Latn,metricx24,unknown,65142,1200000,0.1
ind_Latn-abk_Cyrl,metricx24,unknown,95910,1200000,0.1
ind_Latn-ace_Latn,metricx24,0.680244854,1295199,1200000,1.1
ind_Latn-afr_Latn,qwen3-4b-instruct-2507,0.943982,248632,28000,8.9
ind_Latn-als_Latn,metricx24,0.845895,2617363,1200000,2.2
ind_Latn-azj_Latn,qwen3-4b-instruct-2507,0.897476,93016,28000,3.3
ind_Latn-bak_Cyrl,shaomutan_remedy-9b-22,0.897698779,134662,200000,0.7
ind_Latn-ban_Latn,metricx24,0.735975558,686705,1200000,0.6
ind_Latn-bel_Cyrl,qwen3-4b-instruct-2507,0.940722,69358,28000,2.5
ind_Latn-bew_Latn,metricx24,unknown,120513,1200000,0.1
ind_Latn-cat_Latn,qwen3-4b-instruct-2507,0.97885,86484,28000,3.1
ind_Latn-ces_Latn,qwen3-4b-instruct-2507,0.981334,330747,28000,11.8
ind_Latn-ckb_Arab,qwen3-4b-instruct-2507,0.805391,193750,28000,6.9
ind_Latn-cmn_Hani,metricx24,unknown,16810840,1200000,14.0
ind_Latn-crh_Latn,m-prometheus-7b,0.819512195,72112,27000,2.7
ind_Latn-dan_Latn,qwen3-4b-instruct-2507,0.975719,468422,28000,16.7
ind_Latn-deu_Latn,qwen3-4b-instruct-2507,0.976252,115730,28000,4.1
ind_Latn-eng_Latn,qwen3-4b-instruct-2507,0.987591,1169275,28000,41.8
ind_Latn-epo_Latn,qwen3-4b-instruct-2507,0.939652,118012,28000,4.2
ind_Latn-eus_Latn,qwen3-4b-instruct-2507,0.924251,373726,28000,13.3
ind_Latn-fil_Latn,metricx24,unknown,2895445,1200000,2.4
ind_Latn-fra_Latn,qwen3-4b-instruct-2507,0.983061,107213,28000,3.8
ind_Latn-fur_Latn,qwen3-4b-instruct-2507,0.899004,466481,28000,16.7
ind_Latn-hbs_Latn,metricx24,unknown,150607,1200000,0.1
ind_Latn-hrv_Latn,qwen3-4b-instruct-2507,0.964878,676504,28000,24.2
ind_Latn-ibo_Latn,shaomutan_remedy-9b-22,0.779958509,181672,200000,0.9
ind_Latn-ilo_Latn,qwen3-4b-instruct-2507,0.814579,282398,28000,10.1
ind_Latn-ind_Latn,metricx24,unknown,4665809,1200000,3.9
ind_Latn-isl_Latn,shaomutan_remedy-9b-22,0.904646602,3958707,200000,19.8
ind_Latn-ita_Latn,metricx24,0.90636,52617242,1200000,43.8
ind_Latn-jav_Latn,metricx24,0.770948,3129069,1200000,2.6
ind_Latn-jpn_Jpan,metricx24,0.827958,17091025,1200000,14.2
ind_Latn-kab_Latn,qwen3-4b-instruct-2507,0.376964,124414,28000,4.4
ind_Latn-kan_Knda,qwen3-4b-instruct-2507,0.955286,199374,28000,7.1
ind_Latn-kat_Geor,shaomutan_remedy-9b-22,0.92349427,950876,200000,4.8
ind_Latn-kaz_Cyrl,qwen3-4b-instruct-2507,0.932021,522183,28000,18.6
ind_Latn-khk_Cyrl,metricx24,0.82157566,228618,1200000,0.2
ind_Latn-khm_Khmr,metricx24,0.829212,5765825,1200000,4.8
ind_Latn-kin_Latn,shaomutan_remedy-9b-22,0.831922901,120643,200000,0.6
ind_Latn-kir_Cyrl,shaomutan_remedy-9b-22,0.911028827,217116,200000,1.1
ind_Latn-kiu_Latn,metricx24,unknown,81371,1200000,0.1
ind_Latn-kmr_Latn,metricx24,0.727640409,137774,1200000,0.1
ind_Latn-kor_Hang,metricx24,0.841155,23847913,1200000,19.9
ind_Latn-kor_Zyyy,metricx24,unknown,3782815,1200000,3.2
ind_Latn-lao_Laoo,metricx24,0.814547,2348734,1200000,2.0
ind_Latn-lat_Latn,metricx24,unknown,225577,1200000,0.2
ind_Latn-lav_Latn,metricx24,unknown,1179840,1200000,1.0
ind_Latn-lim_Latn,qwen3-4b-instruct-2507,0.837959,224890,28000,8.0
ind_Latn-lit_Latn,metricx24,0.803781,9204247,1200000,7.7
ind_Latn-ltz_Latn,qwen3-4b-instruct-2507,0.918019,184173,28000,6.6
ind_Latn-lvs_Latn,metricx24,0.751463,5046020,1200000,4.2
ind_Latn-lzh_Hani,metricx24,unknown,650873,1200000,0.5
ind_Latn-mal_Mlym,metricx24,0.82236,4620042,1200000,3.9
ind_Latn-mar_Deva,metricx24,0.81439,2139905,1200000,1.8
ind_Latn-mhr_Cyrl,metricx24,unknown,141880,1200000,0.1
ind_Latn-min_Latn,qwen3-4b-instruct-2507,0.839039,1329560,28000,47.5
ind_Latn-mkd_Cyrl,metricx24,0.869386,5302905,1200000,4.4
ind_Latn-mlg_Latn,metricx24,unknown,323441,1200000,0.3
ind_Latn-mlt_Latn,shaomutan_remedy-9b-22,0.953594025,120754,200000,0.6
ind_Latn-mon_Cyrl,metricx24,unknown,269474,1200000,0.2
ind_Latn-mri_Latn,shaomutan_remedy-9b-22,0.787786047,134195,200000,0.7
ind_Latn-msa_Latn,metricx24,unknown,11969232,1200000,10.0
ind_Latn-mya_Mymr,shaomutan_remedy-9b-22,0.931763113,5778729,200000,28.9
ind_Latn-nds_Latn,metricx24,unknown,115132,1200000,0.1
ind_Latn-nep_Deva,metricx24,unknown,839678,1200000,0.7
ind_Latn-nld_Latn,metricx24,0.919452,51821164,1200000,43.2
ind_Latn-nno_Latn,qwen3-4b-instruct-2507,0.960712,511056,28000,18.3
ind_Latn-nob_Latn,metricx24,0.856891,20581043,1200000,17.2
ind_Latn-nor_Latn,metricx24,unknown,10100654,1200000,8.4
ind_Latn-npi_Deva,bicleaner-ai,0.962117969,6042998,2250000,2.7
ind_Latn-nya_Latn,shaomutan_remedy-9b-22,0.764119958,107171,200000,0.5
ind_Latn-oci_Latn,qwen3-4b-instruct-2507,0.917666,173524,28000,6.2
ind_Latn-pan_Guru,qwen3-4b-instruct-2507,0.968691,148583,28000,5.3
ind_Latn-pap_Latn,qwen3-4b-instruct-2507,0.872111,95694,28000,3.4
ind_Latn-pbt_Arab,shaomutan_remedy-9b-22,0.806776706,100246,200000,0.5
ind_Latn-plt_Latn,metricx24,0.791089461,1342218,1200000,1.1
ind_Latn-pol_Latn,metricx24,0.797601,56087560,1200000,46.7
ind_Latn-por_Latn,metricx24,0.874663,67421434,1200000,56.2
ind_Latn-pus_Arab,metricx24,unknown,148013,1200000,0.1
ind_Latn-ron_Latn,metricx24,0.848464,48675645,1200000,40.6
ind_Latn-rus_Cyrl,metricx24,0.891035,55208882,1200000,46.0
ind_Latn-scn_Latn,qwen3-4b-instruct-2507,0.885042,101959,28000,3.6
ind_Latn-shn_Mymr,metricx24,0.718152875,243371,1200000,0.2
ind_Latn-sin_Sinh,shaomutan_remedy-9b-22,0.928602731,5744314,200000,28.7
ind_Latn-slk_Latn,metricx24,0.797751,16332922,1200000,13.6
ind_Latn-slv_Latn,metricx24,0.8746,18750710,1200000,15.6
ind_Latn-sna_Latn,shaomutan_remedy-9b-22,0.763146786,115711,200000,0.6
ind_Latn-snd_Arab,qwen3-4b-instruct-2507,0.922449,162127,28000,5.8
ind_Latn-som_Latn,shaomutan_remedy-9b-22,0.789011752,336568,200000,1.7
ind_Latn-spa_Latn,qwen3-4b-instruct-2507,0.974828,100768,28000,3.6
ind_Latn-sqi_Latn,metricx24,unknown,1768611,1200000,1.5
ind_Latn-srd_Latn,qwen3-4b-instruct-2507,0.87232,927566,28000,33.1
ind_Latn-srp_Cyrl,metricx24,0.894092,6388270,1200000,5.3
ind_Latn-srp_Latn,metricx24,unknown,21105945,1200000,17.6
ind_Latn-sun_Latn,shaomutan_remedy-9b-22,0.896833113,3402513,200000,17.0
ind_Latn-swa_Latn,metricx24,unknown,1777389,1200000,1.5
ind_Latn-swc_Latn,metricx24,unknown,337092,1200000,0.3
ind_Latn-swe_Latn,metricx24,0.881098,41710201,1200000,34.8
ind_Latn-swh_Latn,shaomutan_remedy-9b-22,0.908025261,1978317,200000,9.9
ind_Latn-tam_Taml,metricx24,0.83423,4654107,1200000,3.9
ind_Latn-tat_Cyrl,qwen3-4b-instruct-2507,0.896526,186390,28000,6.7
ind_Latn-tel_Telu,qwen3-4b-instruct-2507,0.968492,1840711,28000,65.7
ind_Latn-tgk_Cyrl,qwen3-4b-instruct-2507,0.90105,262443,28000,9.4
ind_Latn-tgl_Latn,metricx24,0.862484,2918075,1200000,2.4
ind_Latn-tha_Thai,metricx24,0.851315,26587758,1200000,22.2
ind_Latn-tur_Latn,metricx24,0.76888,48951704,1200000,40.8
ind_Latn-ukr_Cyrl,metricx24,0.844603,13797974,1200000,11.5
ind_Latn-und_Hira,metricx24,unknown,91117,1200000,0.1
ind_Latn-und_Kana,metricx24,unknown,394896,1200000,0.3
ind_Latn-urd_Arab,metricx24,0.83161,4317803,1200000,3.6
ind_Latn-uzn_Latn,qwen3-4b-instruct-2507,0.895739,164537,28000,5.9
ind_Latn-vec_Latn,qwen3-4b-instruct-2507,0.919876,415433,28000,14.8
ind_Latn-vie_Latn,metricx24,0.877685,44740102,1200000,37.3
ind_Latn-wln_Latn,metricx24,unknown,33771,1200000,0.0
ind_Latn-wol_Latn,shaomutan_remedy-9b-22,0.592834191,74238,200000,0.4
ind_Latn-xav_Latn,metricx24,unknown,68624,1200000,0.1
ind_Latn-xho_Latn,shaomutan_remedy-9b-22,0.812391969,425786,200000,2.1
ind_Latn-yor_Latn,shaomutan_remedy-9b-22,0.749526095,171284,200000,0.9
ind_Latn-yue_Hani,metricx24,unknown,1200878,1200000,1.0
ind_Latn-zho_Hans,metricx24,0.870309,8793593,1200000,7.3
ind_Latn-zho_Hant,metricx24,0.86325,9328336,1200000,7.8
ind_Latn-zsm_Latn,metricx24,0.787105,7394279,1200000,6.2
ind_Latn-zul_Latn,shaomutan_remedy-9b-22,0.844585421,144426,200000,0.7
isl_Latn-als_Latn,qwen3-4b-instruct-2507,0.829861,1407468,28000,50.3
isl_Latn-ces_Latn,shaomutan_remedy-9b-22,0.922880552,66743,200000,0.3
isl_Latn-cmn_Hani,metricx24,unknown,1600849,1200000,1.3
isl_Latn-dan_Latn,shaomutan_remedy-9b-22,0.912131126,136335,200000,0.7
isl_Latn-eng_Latn,qwen3-4b-instruct-2507,0.965963,129068,28000,4.6
isl_Latn-eus_Latn,shaomutan_remedy-9b-22,0.838955561,56190,200000,0.3
isl_Latn-fil_Latn,metricx24,unknown,323947,1200000,0.3
isl_Latn-fur_Latn,qwen3-4b-instruct-2507,0.699512,85000,28000,3.0
isl_Latn-hbs_Latn,metricx24,unknown,87197,1200000,0.1
isl_Latn-hrv_Latn,shaomutan_remedy-9b-22,0.921424806,137478,200000,0.7
isl_Latn-ind_Latn,shaomutan_remedy-9b-22,0.898321846,913949,200000,4.6
isl_Latn-isl_Latn,metricx24,unknown,36999,1200000,0.0
isl_Latn-ita_Latn,shaomutan_remedy-9b-22,0.930288935,8129639,200000,40.6
isl_Latn-jav_Latn,shaomutan_remedy-9b-22,0.766381613,190856,200000,1.0
isl_Latn-jpn_Jpan,shaomutan_remedy-9b-22,0.942168756,2158770,200000,10.8
isl_Latn-kan_Knda,shaomutan_remedy-9b-22,0.858305176,164880,200000,0.8
isl_Latn-kat_Geor,shaomutan_remedy-9b-22,0.920599008,461106,200000,2.3
isl_Latn-kaz_Cyrl,shaomutan_remedy-9b-22,0.911428793,418011,200000,2.1
isl_Latn-khk_Cyrl,metricx24,0.777118281,93664,1200000,0.1
isl_Latn-khm_Khmr,shaomutan_remedy-9b-22,0.90290663,307900,200000,1.5
isl_Latn-kir_Cyrl,shaomutan_remedy-9b-22,0.82646327,100719,200000,0.5
isl_Latn-kmr_Latn,metricx24,0.680586126,82537,1200000,0.1
isl_Latn-kor_Hang,shaomutan_remedy-9b-22,0.925414294,2544617,200000,12.7
isl_Latn-kor_Zyyy,metricx24,unknown,639344,1200000,0.5
isl_Latn-lao_Laoo,shaomutan_remedy-9b-22,0.828674198,91553,200000,0.5
isl_Latn-lat_Latn,metricx24,unknown,140946,1200000,0.1
isl_Latn-lav_Latn,metricx24,unknown,527829,1200000,0.4
isl_Latn-lim_Latn,shaomutan_remedy-9b-22,0.695800325,43775,200000,0.2
isl_Latn-lit_Latn,shaomutan_remedy-9b-22,0.907466995,4607572,200000,23.0
isl_Latn-ltz_Latn,metricx24,0.856522927,202832,1200000,0.2
isl_Latn-lvs_Latn,shaomutan_remedy-9b-22,0.920561437,3498037,200000,17.5
isl_Latn-lzh_Hani,metricx24,unknown,181077,1200000,0.2
isl_Latn-mal_Mlym,shaomutan_remedy-9b-22,0.867777184,852532,200000,4.3
isl_Latn-mar_Deva,shaomutan_remedy-9b-22,0.892654917,526978,200000,2.6
isl_Latn-mkd_Cyrl,shaomutan_remedy-9b-22,0.919671118,2494477,200000,12.5
isl_Latn-mlg_Latn,metricx24,unknown,168505,1200000,0.1
isl_Latn-mlt_Latn,shaomutan_remedy-9b-22,0.829186349,1124344,200000,5.6
isl_Latn-mon_Cyrl,metricx24,unknown,92003,1200000,0.1
isl_Latn-mri_Latn,shaomutan_remedy-9b-22,0.668011692,91801,200000,0.5
isl_Latn-msa_Latn,metricx24,unknown,1559537,1200000,1.3
isl_Latn-mya_Mymr,shaomutan_remedy-9b-22,0.870483924,363855,200000,1.8
isl_Latn-nds_Latn,metricx24,unknown,120398,1200000,0.1
isl_Latn-nep_Deva,metricx24,unknown,265788,1200000,0.2
isl_Latn-nld_Latn,shaomutan_remedy-9b-22,0.911665446,9851849,200000,49.3
isl_Latn-nno_Latn,shaomutan_remedy-9b-22,0.884842027,367700,200000,1.8
isl_Latn-nob_Latn,shaomutan_remedy-9b-22,0.905757656,6711316,200000,33.6
isl_Latn-nor_Latn,metricx24,unknown,2632853,1200000,2.2
isl_Latn-npi_Deva,shaomutan_remedy-9b-22,0.837688141,166382,200000,0.8
isl_Latn-nya_Latn,metricx24,0.679234675,65835,1200000,0.1
isl_Latn-oci_Latn,shaomutan_remedy-9b-22,0.819462169,149347,200000,0.7
isl_Latn-pan_Guru,qwen3-4b-instruct-2507,0.863111,117190,28000,4.2
isl_Latn-pbt_Arab,shaomutan_remedy-9b-22,0.747100196,63842,200000,0.3
isl_Latn-plt_Latn,metricx24,0.735779727,158926,1200000,0.1
isl_Latn-pol_Latn,shaomutan_remedy-9b-22,0.924043413,7296415,200000,36.5
isl_Latn-por_Latn,shaomutan_remedy-9b-22,0.908306191,8581078,200000,42.9
isl_Latn-pus_Arab,metricx24,unknown,67573,1200000,0.1
isl_Latn-ron_Latn,shaomutan_remedy-9b-22,0.897874005,6960110,200000,34.8
isl_Latn-rus_Cyrl,shaomutan_remedy-9b-22,0.945760847,5697405,200000,28.5
isl_Latn-sin_Sinh,shaomutan_remedy-9b-22,0.876571719,893943,200000,4.5
isl_Latn-slk_Latn,shaomutan_remedy-9b-22,0.929636532,5215490,200000,26.1
isl_Latn-slv_Latn,metricx24,0.849338,5408688,1200000,4.5
isl_Latn-sna_Latn,metricx24,0.663174072,78482,1200000,0.1
isl_Latn-snd_Arab,shaomutan_remedy-9b-22,0.779629678,69058,200000,0.3
isl_Latn-som_Latn,shaomutan_remedy-9b-22,0.705761735,161170,200000,0.8
isl_Latn-sqi_Latn,metricx24,unknown,649133,1200000,0.5
isl_Latn-srd_Latn,metricx24,0.773339464,193052,1200000,0.2
isl_Latn-srp_Cyrl,shaomutan_remedy-9b-22,0.946454318,1773651,200000,8.9
isl_Latn-srp_Latn,metricx24,unknown,3106228,1200000,2.6
isl_Latn-sun_Latn,metricx24,0.763752869,215733,1200000,0.2
isl_Latn-swa_Latn,metricx24,unknown,466326,1200000,0.4
isl_Latn-swe_Latn,shaomutan_remedy-9b-22,0.923010775,8957962,200000,44.8
isl_Latn-swh_Latn,shaomutan_remedy-9b-22,0.820328883,436939,200000,2.2
isl_Latn-tam_Taml,shaomutan_remedy-9b-22,0.872164013,660371,200000,3.3
isl_Latn-tel_Telu,shaomutan_remedy-9b-22,0.862687675,438973,200000,2.2
isl_Latn-tgk_Cyrl,metricx24,0.802620346,158268,1200000,0.1
isl_Latn-tgl_Latn,shaomutan_remedy-9b-22,0.878430873,652125,200000,3.3
isl_Latn-tha_Thai,shaomutan_remedy-9b-22,0.919682676,2790151,200000,14.0
isl_Latn-tur_Latn,shaomutan_remedy-9b-22,0.922879034,5339014,200000,26.7
isl_Latn-ukr_Cyrl,shaomutan_remedy-9b-22,0.931441396,4209997,200000,21.0
isl_Latn-und_Kana,metricx24,unknown,103715,1200000,0.1
isl_Latn-urd_Arab,shaomutan_remedy-9b-22,0.859550757,999594,200000,5.0
isl_Latn-uzn_Latn,qwen3-4b-instruct-2507,0.669184,175200,28000,6.3
isl_Latn-vie_Latn,shaomutan_remedy-9b-22,0.893250702,4107783,200000,20.5
isl_Latn-wln_Latn,metricx24,unknown,32869,1200000,0.0
isl_Latn-xho_Latn,shaomutan_remedy-9b-22,0.730067275,348598,200000,1.7
isl_Latn-yor_Latn,shaomutan_remedy-9b-22,0.583991261,113961,200000,0.6
isl_Latn-yue_Hani,metricx24,unknown,310261,1200000,0.3
isl_Latn-zho_Hans,qwen3-4b-instruct-2507,0.917506,1350822,28000,48.2
isl_Latn-zho_Hant,qwen3-4b-instruct-2507,0.917566,1516848,28000,54.2
isl_Latn-zsm_Latn,metricx24,0.810986748,979408,1200000,0.8
isl_Latn-zul_Latn,shaomutan_remedy-9b-22,0.739319058,75581,200000,0.4
ita_Latn-abk_Cyrl,metricx24,unknown,121141,1200000,0.1
ita_Latn-afr_Latn,shaomutan_remedy-9b-22,0.936735318,354822,200000,1.8
ita_Latn-als_Latn,metricx24,0.841501,7380284,1200000,6.2
ita_Latn-azj_Latn,qwen3-4b-instruct-2507,0.895784,92793,28000,3.3
ita_Latn-bak_Cyrl,shaomutan_remedy-9b-22,0.892298115,175208,200000,0.9
ita_Latn-bel_Cyrl,qwen3-4b-instruct-2507,0.932862,75116,28000,2.7
ita_Latn-cat_Latn,qwen3-4b-instruct-2507,0.956556,142106,28000,5.1
ita_Latn-ces_Latn,qwen3-4b-instruct-2507,0.979253,401451,28000,14.3
ita_Latn-ckb_Arab,metricx24,0.780984956,169345,1200000,0.1
ita_Latn-cmn_Hani,metricx24,unknown,20316547,1200000,16.9
ita_Latn-crh_Latn,shaomutan_remedy-9b-22,0.814485208,116586,200000,0.6
ita_Latn-dan_Latn,qwen3-4b-instruct-2507,0.972046,760560,28000,27.2
ita_Latn-deu_Latn,qwen3-4b-instruct-2507,0.975326,161699,28000,5.8
ita_Latn-ell_Grek,qwen3-4b-instruct-2507,0.960956,35314,28000,1.3
ita_Latn-eng_Latn,qwen3-4b-instruct-2507,0.984555,1463834,28000,52.3
ita_Latn-epo_Latn,shaomutan_remedy-9b-22,0.91816099,134137,200000,0.7
ita_Latn-eus_Latn,qwen3-4b-instruct-2507,0.940687,451408,28000,16.1
ita_Latn-fas_Arab,metricx24,unknown,83838,1200000,0.1
ita_Latn-fil_Latn,metricx24,unknown,1213580,1200000,1.0
ita_Latn-fin_Latn,qwen3-4b-instruct-2507,0.947591,89877,28000,3.2
ita_Latn-fra_Latn,qwen3-4b-instruct-2507,0.968542,439941,28000,15.7
ita_Latn-fro_Latn,metricx24,unknown,57120,1200000,0.0
ita_Latn-fur_Latn,qwen3-4b-instruct-2507,0.850528,392522,28000,14.0
ita_Latn-glg_Latn,qwen3-4b-instruct-2507,0.969368,67742,28000,2.4
ita_Latn-hau_Latn,shaomutan_remedy-9b-22,0.84030589,40195,200000,0.2
ita_Latn-hbs_Latn,metricx24,unknown,1299828,1200000,1.1
ita_Latn-heb_Hebr,qwen3-4b-instruct-2507,0.973912,77002,28000,2.8
ita_Latn-hrv_Latn,qwen3-4b-instruct-2507,0.956058,1304728,28000,46.6
ita_Latn-hun_Latn,qwen3-4b-instruct-2507,0.969602,127581,28000,4.6
ita_Latn-ilo_Latn,qwen3-4b-instruct-2507,0.801444,78536,28000,2.8
ita_Latn-ina_Latn,metricx24,unknown,44679,1200000,0.0
ita_Latn-ind_Latn,metricx24,0.863145,2403598,1200000,2.0
ita_Latn-isl_Latn,shaomutan_remedy-9b-22,0.909231615,37499,200000,0.2
ita_Latn-ita_Latn,metricx24,unknown,458583,1200000,0.4
ita_Latn-jav_Latn,qwen3-4b-instruct-2507,0.904619,797211,28000,28.5
ita_Latn-jpn_Jpan,metricx24,0.833114,22366941,1200000,18.6
ita_Latn-kab_Latn,qwen3-4b-instruct-2507,0.406994,141371,28000,5.0
ita_Latn-kan_Knda,qwen3-4b-instruct-2507,0.949209,167858,28000,6.0
ita_Latn-kat_Geor,shaomutan_remedy-9b-22,0.924319965,867986,200000,4.3
ita_Latn-kaz_Cyrl,shaomutan_remedy-9b-22,0.951855512,506825,200000,2.5
ita_Latn-kea_Latn,qwen3-4b-instruct-2507,0.860811,69218,28000,2.5
ita_Latn-khk_Cyrl,metricx24,0.811629788,195449,1200000,0.2
ita_Latn-khm_Khmr,qwen3-4b-instruct-2507,0.932718,649403,28000,23.2
ita_Latn-kin_Latn,shaomutan_remedy-9b-22,0.824968027,139937,200000,0.7
ita_Latn-kir_Cyrl,shaomutan_remedy-9b-22,0.908693702,173397,200000,0.9
ita_Latn-kiu_Latn,metricx24,unknown,91796,1200000,0.1
ita_Latn-kmr_Latn,metricx24,0.724291249,136727,1200000,0.1
ita_Latn-kor_Hang,metricx24,0.833459,27326820,1200000,22.8
ita_Latn-kor_Zyyy,metricx24,unknown,4477957,1200000,3.7
ita_Latn-lao_Laoo,qwen3-4b-instruct-2507,0.910856,127379,28000,4.5
ita_Latn-lat_Latn,metricx24,unknown,495978,1200000,0.4
ita_Latn-lav_Latn,metricx24,unknown,1865440,1200000,1.6
ita_Latn-lim_Latn,qwen3-4b-instruct-2507,0.865799,343045,28000,12.3
ita_Latn-lit_Latn,metricx24,0.801634,27399000,1200000,22.8
ita_Latn-ltz_Latn,qwen3-4b-instruct-2507,0.920518,208705,28000,7.5
ita_Latn-lvs_Latn,metricx24,0.748708,21803009,1200000,18.2
ita_Latn-lzh_Hani,metricx24,unknown,771058,1200000,0.6
ita_Latn-mal_Mlym,metricx24,0.812742,2062467,1200000,1.7
ita_Latn-mar_Deva,qwen3-4b-instruct-2507,0.945923,808086,28000,28.9
ita_Latn-mhr_Cyrl,metricx24,unknown,172708,1200000,0.1
ita_Latn-mkd_Cyrl,metricx24,0.862621,5418807,1200000,4.5
ita_Latn-mlg_Latn,metricx24,unknown,234869,1200000,0.2
ita_Latn-mlt_Latn,shaomutan_remedy-9b-22,0.940147792,5006988,200000,25.0
ita_Latn-mon_Cyrl,metricx24,unknown,206527,1200000,0.2
ita_Latn-mri_Latn,shaomutan_remedy-9b-22,0.740298721,105578,200000,0.5
ita_Latn-msa_Latn,metricx24,unknown,6166395,1200000,5.1
ita_Latn-mya_Mymr,shaomutan_remedy-9b-22,0.92505449,922876,200000,4.6
ita_Latn-nds_Latn,metricx24,unknown,249811,1200000,0.2
ita_Latn-nep_Deva,metricx24,unknown,418289,1200000,0.3
ita_Latn-nld_Latn,metricx24,0.907646,129502028,1200000,107.9
ita_Latn-nno_Latn,qwen3-4b-instruct-2507,0.948198,1066610,28000,38.1
ita_Latn-nob_Latn,metricx24,0.847152,38440540,1200000,32.0
ita_Latn-nor_Latn,metricx24,unknown,14683987,1200000,12.2
ita_Latn-npi_Deva,qwen3-4b-instruct-2507,0.938641,242259,28000,8.7
ita_Latn-nya_Latn,shaomutan_remedy-9b-22,0.772175132,81507,200000,0.4
ita_Latn-oci_Latn,shaomutan_remedy-9b-22,0.87923638,1501186,200000,7.5
ita_Latn-pan_Guru,qwen3-4b-instruct-2507,0.958686,165688,28000,5.9
ita_Latn-pap_Latn,qwen3-4b-instruct-2507,0.852369,81766,28000,2.9
ita_Latn-pbt_Arab,shaomutan_remedy-9b-22,0.795558984,84231,200000,0.4
ita_Latn-plt_Latn,metricx24,0.780144178,238887,1200000,0.2
ita_Latn-pol_Latn,metricx24,0.798045,98519884,1200000,82.1
ita_Latn-por_Latn,metricx24,0.83525,185122568,1200000,154.3
ita_Latn-pus_Arab,metricx24,unknown,116079,1200000,0.1
ita_Latn-rmy_Latn,metricx24,unknown,144305,1200000,0.1
ita_Latn-ron_Latn,metricx24,0.834461,99762527,1200000,83.1
ita_Latn-rus_Cyrl,metricx24,0.880315,80202633,1200000,66.8
ita_Latn-sin_Sinh,shaomutan_remedy-9b-22,0.92301214,2221094,200000,11.1
ita_Latn-slk_Latn,metricx24,0.793299,41896009,1200000,34.9
ita_Latn-slv_Latn,metricx24,0.870176,38303216,1200000,31.9
ita_Latn-sna_Latn,shaomutan_remedy-9b-22,0.785035573,96536,200000,0.5
ita_Latn-snd_Arab,qwen3-4b-instruct-2507,0.917805,112093,28000,4.0
ita_Latn-som_Latn,shaomutan_remedy-9b-22,0.783587208,271733,200000,1.4
ita_Latn-spa_Latn,qwen3-4b-instruct-2507,0.960144,213327,28000,7.6
ita_Latn-sqi_Latn,metricx24,unknown,1875716,1200000,1.6
ita_Latn-srd_Latn,qwen3-4b-instruct-2507,0.834107,605514,28000,21.6
ita_Latn-srp_Cyrl,metricx24,0.888458,7922921,1200000,6.6
ita_Latn-srp_Latn,metricx24,unknown,35086484,1200000,29.2
ita_Latn-sun_Latn,qwen3-4b-instruct-2507,0.90119,333167,28000,11.9
ita_Latn-swa_Latn,metricx24,unknown,1247325,1200000,1.0
ita_Latn-swc_Latn,metricx24,unknown,197054,1200000,0.2
ita_Latn-swe_Latn,metricx24,0.869536,89741090,1200000,74.8
ita_Latn-swh_Latn,shaomutan_remedy-9b-22,0.916685807,1125137,200000,5.6
ita_Latn-tam_Taml,metricx24,0.825298,2923332,1200000,2.4
ita_Latn-tat_Cyrl,shaomutan_remedy-9b-22,0.895738973,158404,200000,0.8
ita_Latn-tel_Telu,qwen3-4b-instruct-2507,0.952967,1471567,28000,52.6
ita_Latn-tgk_Cyrl,qwen3-4b-instruct-2507,0.897496,252159,28000,9.0
ita_Latn-tgl_Latn,metricx24,0.85462,2519247,1200000,2.1
ita_Latn-tha_Thai,metricx24,0.85219,20939927,1200000,17.4
ita_Latn-tur_Latn,metricx24,0.761906,65112812,1200000,54.3
ita_Latn-ukr_Cyrl,metricx24,0.841175,15689900,1200000,13.1
ita_Latn-und_Hira,metricx24,unknown,97166,1200000,0.1
ita_Latn-und_Kana,metricx24,unknown,529429,1200000,0.4
ita_Latn-urd_Arab,qwen3-4b-instruct-2507,0.925286,1817900,28000,64.9
ita_Latn-uzn_Latn,qwen3-4b-instruct-2507,0.906675,180591,28000,6.4
ita_Latn-vec_Latn,qwen3-4b-instruct-2507,0.873206,220411,28000,7.9
ita_Latn-vie_Latn,metricx24,0.867272,35149586,1200000,29.3
ita_Latn-wuu_Hani,metricx24,unknown,86417,1200000,0.1
ita_Latn-xav_Latn,metricx24,unknown,141095,1200000,0.1
ita_Latn-xho_Latn,shaomutan_remedy-9b-22,0.766349269,448427,200000,2.2
ita_Latn-yor_Latn,shaomutan_remedy-9b-22,0.709796568,123264,200000,0.6
ita_Latn-yue_Hani,metricx24,unknown,1349385,1200000,1.1
ita_Latn-zho_Hans,metricx24,0.891432,12916808,1200000,10.8
ita_Latn-zho_Hant,metricx24,0.879757,7717369,1200000,6.4
ita_Latn-zsm_Latn,metricx24,0.836105,3501146,1200000,2.9
ita_Latn-zul_Latn,shaomutan_remedy-9b-22,0.820376542,125375,200000,0.6
jam_Latn-fra_Latn,metricx24,unknown,169253,1200000,0.1
jam_Latn-hun_Latn,metricx24,unknown,63559,1200000,0.1
jam_Latn-ita_Latn,metricx24,unknown,118020,1200000,0.1
jam_Latn-jam_Latn,qwen3-4b-instruct-2507,unknown,51889,28000,1.9
jam_Latn-nld_Latn,metricx24,unknown,83505,1200000,0.1
jam_Latn-pol_Latn,metricx24,unknown,78295,1200000,0.1
jam_Latn-por_Latn,metricx24,unknown,170159,1200000,0.1
jam_Latn-ron_Latn,metricx24,unknown,81951,1200000,0.1
jam_Latn-rus_Cyrl,metricx24,unknown,62672,1200000,0.1
jam_Latn-spa_Latn,metricx24,unknown,254602,1200000,0.2
jam_Latn-tur_Latn,metricx24,unknown,74269,1200000,0.1
jav_Latn-cmn_Hani,metricx24,unknown,125689,1200000,0.1
jav_Latn-fil_Latn,metricx24,unknown,76332,1200000,0.1
jav_Latn-fur_Latn,m-prometheus-7b,0.826545545,71327,27000,2.6
jav_Latn-kat_Geor,shaomutan_remedy-9b-22,0.934178152,133791,200000,0.7
jav_Latn-kaz_Cyrl,shaomutan_remedy-9b-22,0.933696681,90582,200000,0.5
jav_Latn-kor_Hang,shaomutan_remedy-9b-22,0.94098211,323931,200000,1.6
jav_Latn-kor_Zyyy,metricx24,unknown,428358,1200000,0.4
jav_Latn-lat_Latn,metricx24,unknown,52875,1200000,0.0
jav_Latn-lav_Latn,metricx24,unknown,148871,1200000,0.1
jav_Latn-lit_Latn,shaomutan_remedy-9b-22,0.926078017,460064,200000,2.3
jav_Latn-ltz_Latn,metricx24,0.861261723,49807,1200000,0.0
jav_Latn-lvs_Latn,shaomutan_remedy-9b-22,0.943608121,213426,200000,1.1
jav_Latn-lzh_Hani,metricx24,unknown,81372,1200000,0.1
jav_Latn-mal_Mlym,shaomutan_remedy-9b-22,0.914018674,177912,200000,0.9
jav_Latn-mar_Deva,shaomutan_remedy-9b-22,0.918698788,180358,200000,0.9
jav_Latn-mkd_Cyrl,shaomutan_remedy-9b-22,0.946854214,266125,200000,1.3
jav_Latn-mlg_Latn,metricx24,unknown,227147,1200000,0.2
jav_Latn-mon_Cyrl,metricx24,unknown,74646,1200000,0.1
jav_Latn-mri_Latn,shaomutan_remedy-9b-22,0.742876581,486182,200000,2.4
jav_Latn-msa_Latn,metricx24,unknown,515285,1200000,0.4
jav_Latn-nep_Deva,metricx24,unknown,105356,1200000,0.1
jav_Latn-nld_Latn,shaomutan_remedy-9b-22,0.928326405,1837590,200000,9.2
jav_Latn-nob_Latn,shaomutan_remedy-9b-22,0.937065614,78284,200000,0.4
jav_Latn-nor_Latn,metricx24,unknown,628801,1200000,0.5
jav_Latn-oci_Latn,m-prometheus-7b,0.824763564,55975,27000,2.1
jav_Latn-pag_Latn,m-prometheus-7b,0.571458437,147715,27000,5.5
jav_Latn-plt_Latn,metricx24,0.762068074,939333,1200000,0.8
jav_Latn-pol_Latn,shaomutan_remedy-9b-22,0.94033101,1568393,200000,7.8
jav_Latn-por_Latn,shaomutan_remedy-9b-22,0.920136812,3014258,200000,15.1
jav_Latn-ron_Latn,shaomutan_remedy-9b-22,0.945323848,822087,200000,4.1
jav_Latn-rus_Cyrl,shaomutan_remedy-9b-22,0.94812741,2407675,200000,12.0
jav_Latn-sin_Sinh,shaomutan_remedy-9b-22,0.902638421,150339,200000,0.8
jav_Latn-slk_Latn,shaomutan_remedy-9b-22,0.918953426,661157,200000,3.3
jav_Latn-slv_Latn,shaomutan_remedy-9b-22,0.938307701,402684,200000,2.0
jav_Latn-smo_Latn,metricx24,0.736756124,593485,1200000,0.5
jav_Latn-som_Latn,shaomutan_remedy-9b-22,0.76850028,80542,200000,0.4
jav_Latn-sqi_Latn,metricx24,unknown,296145,1200000,0.2
jav_Latn-srd_Latn,m-prometheus-7b,0.814106521,97288,27000,3.6
jav_Latn-srp_Cyrl,shaomutan_remedy-9b-22,0.92550167,247861,200000,1.2
jav_Latn-sun_Latn,shaomutan_remedy-9b-22,0.901942011,999301,200000,5.0
jav_Latn-swa_Latn,metricx24,unknown,319289,1200000,0.3
jav_Latn-swe_Latn,shaomutan_remedy-9b-22,0.943593133,928849,200000,4.6
jav_Latn-tam_Taml,shaomutan_remedy-9b-22,0.911854434,152726,200000,0.8
jav_Latn-tel_Telu,shaomutan_remedy-9b-22,0.901548095,88282,200000,0.4
jav_Latn-tgl_Latn,shaomutan_remedy-9b-22,0.904135713,735765,200000,3.7
jav_Latn-tha_Thai,shaomutan_remedy-9b-22,0.935468101,571330,200000,2.9
jav_Latn-tur_Latn,shaomutan_remedy-9b-22,0.934851486,1376046,200000,6.9
jav_Latn-ukr_Cyrl,shaomutan_remedy-9b-22,0.921917471,645228,200000,3.2
jav_Latn-urd_Arab,shaomutan_remedy-9b-22,0.883283118,204279,200000,1.0
jav_Latn-vie_Latn,shaomutan_remedy-9b-22,0.929172785,795899,200000,4.0
jav_Latn-war_Latn,qwen3-4b-instruct-2507,0.83786,366835,28000,13.1
jav_Latn-xho_Latn,shaomutan_remedy-9b-22,0.795258381,73404,200000,0.4
jav_Latn-yue_Hani,metricx24,unknown,166135,1200000,0.1
jav_Latn-zho_Hans,qwen3-4b-instruct-2507,0.931931,712042,28000,25.4
jav_Latn-zho_Hant,qwen3-4b-instruct-2507,0.921633,530562,28000,18.9
jav_Latn-zsm_Latn,qwen3-4b-instruct-2507,0.845938,67123,28000,2.4
jpn_Jpan-afr_Latn,shaomutan_remedy-9b-22,0.910374939,81248,200000,0.4
jpn_Jpan-als_Latn,qwen3-4b-instruct-2507,0.910134,1148442,28000,41.0
jpn_Jpan-ces_Latn,qwen3-4b-instruct-2507,0.965465,73964,28000,2.6
jpn_Jpan-cmn_Hani,metricx24,unknown,9953333,1200000,8.3
jpn_Jpan-crh_Latn,shaomutan_remedy-9b-22,0.775247934,103403,200000,0.5
jpn_Jpan-dan_Latn,qwen3-4b-instruct-2507,0.94545,226825,28000,8.1
jpn_Jpan-deu_Latn,qwen3-4b-instruct-2507,0.959308,55239,28000,2.0
jpn_Jpan-eng_Latn,qwen3-4b-instruct-2507,0.974151,243501,28000,8.7
jpn_Jpan-fil_Latn,metricx24,unknown,733019,1200000,0.6
jpn_Jpan-fur_Latn,qwen3-4b-instruct-2507,0.870144,232802,28000,8.3
jpn_Jpan-hbs_Latn,metricx24,unknown,129693,1200000,0.1
jpn_Jpan-hrv_Latn,qwen3-4b-instruct-2507,0.939343,183763,28000,6.6
jpn_Jpan-ind_Latn,qwen3-4b-instruct-2507,0.931513,622473,28000,22.2
jpn_Jpan-jav_Latn,qwen3-4b-instruct-2507,0.853778,575951,28000,20.6
jpn_Jpan-jpn_Jpan,metricx24,unknown,473217,1200000,0.4
jpn_Jpan-kan_Knda,qwen3-4b-instruct-2507,0.915291,216217,28000,7.7
jpn_Jpan-kat_Geor,shaomutan_remedy-9b-22,0.924659359,684482,200000,3.4
jpn_Jpan-kaz_Cyrl,shaomutan_remedy-9b-22,0.942114915,493172,200000,2.5
jpn_Jpan-khk_Cyrl,metricx24,0.822270763,177208,1200000,0.1
jpn_Jpan-khm_Khmr,qwen3-4b-instruct-2507,0.919502,344850,28000,12.3
jpn_Jpan-kin_Latn,shaomutan_remedy-9b-22,0.784427771,62713,200000,0.3
jpn_Jpan-kir_Cyrl,shaomutan_remedy-9b-22,0.896175556,138772,200000,0.7
jpn_Jpan-kiu_Latn,metricx24,unknown,65721,1200000,0.1
jpn_Jpan-kmr_Latn,metricx24,0.733271801,100447,1200000,0.1
jpn_Jpan-kor_Hang,metricx24,0.846777,14991850,1200000,12.5
jpn_Jpan-kor_Zyyy,metricx24,unknown,4738995,1200000,3.9
jpn_Jpan-lao_Laoo,qwen3-4b-instruct-2507,0.879691,119667,28000,4.3
jpn_Jpan-lat_Latn,metricx24,unknown,178136,1200000,0.1
jpn_Jpan-lav_Latn,metricx24,unknown,631023,1200000,0.5
jpn_Jpan-lim_Latn,qwen3-4b-instruct-2507,0.802285,156666,28000,5.6
jpn_Jpan-lit_Latn,metricx24,0.811495,6407303,1200000,5.3
jpn_Jpan-ltz_Latn,qwen3-4b-instruct-2507,0.872633,173423,28000,6.2
jpn_Jpan-lvs_Latn,metricx24,0.760475,2289889,1200000,1.9
jpn_Jpan-lzh_Hani,metricx24,unknown,471582,1200000,0.4
jpn_Jpan-mal_Mlym,metricx24,0.80653,2022122,1200000,1.7
jpn_Jpan-mar_Deva,qwen3-4b-instruct-2507,0.923275,797565,28000,28.5
jpn_Jpan-mkd_Cyrl,metricx24,0.858987,2420771,1200000,2.0
jpn_Jpan-mlg_Latn,metricx24,unknown,202294,1200000,0.2
jpn_Jpan-mlt_Latn,shaomutan_remedy-9b-22,0.912746234,109728,200000,0.5
jpn_Jpan-mon_Cyrl,metricx24,unknown,179895,1200000,0.1
jpn_Jpan-mri_Latn,shaomutan_remedy-9b-22,0.697310104,108511,200000,0.5
jpn_Jpan-msa_Latn,metricx24,unknown,3046581,1200000,2.5
jpn_Jpan-mya_Mymr,shaomutan_remedy-9b-22,0.912902836,436650,200000,2.2
jpn_Jpan-nds_Latn,metricx24,unknown,163734,1200000,0.1
jpn_Jpan-nep_Deva,metricx24,unknown,382503,1200000,0.3
jpn_Jpan-nld_Latn,shaomutan_remedy-9b-22,0.939008607,24468528,200000,122.3
jpn_Jpan-nno_Latn,shaomutan_remedy-9b-22,0.9201932,431093,200000,2.2
jpn_Jpan-nob_Latn,shaomutan_remedy-9b-22,0.93171249,6057652,200000,30.3
jpn_Jpan-nor_Latn,metricx24,unknown,3634470,1200000,3.0
jpn_Jpan-npi_Deva,qwen3-4b-instruct-2507,0.910652,188207,28000,6.7
jpn_Jpan-nya_Latn,shaomutan_remedy-9b-22,0.735146369,71487,200000,0.4
jpn_Jpan-oci_Latn,qwen3-4b-instruct-2507,0.878547,173968,28000,6.2
jpn_Jpan-pan_Guru,qwen3-4b-instruct-2507,0.934689,148921,28000,5.3
jpn_Jpan-pbt_Arab,shaomutan_remedy-9b-22,0.759487386,67177,200000,0.3
jpn_Jpan-plt_Latn,metricx24,0.788207899,202512,1200000,0.2
jpn_Jpan-pol_Latn,metricx24,0.817549,23170989,1200000,19.3
jpn_Jpan-por_Latn,metricx24,0.869834,24792999,1200000,20.7
jpn_Jpan-pus_Arab,metricx24,unknown,99177,1200000,0.1
jpn_Jpan-ron_Latn,metricx24,0.865756,11144780,1200000,9.3
jpn_Jpan-rus_Cyrl,metricx24,0.889417,26723478,1200000,22.3
jpn_Jpan-sin_Sinh,qwen3-4b-instruct-2507,0.898875,967777,28000,34.6
jpn_Jpan-slk_Latn,metricx24,0.807408,9156081,1200000,7.6
jpn_Jpan-slv_Latn,metricx24,0.873899,7755201,1200000,6.5
jpn_Jpan-sna_Latn,shaomutan_remedy-9b-22,0.757613886,91667,200000,0.5
jpn_Jpan-snd_Arab,qwen3-4b-instruct-2507,0.886491,80340,28000,2.9
jpn_Jpan-som_Latn,shaomutan_remedy-9b-22,0.716753706,238951,200000,1.2
jpn_Jpan-sqi_Latn,metricx24,unknown,1028570,1200000,0.9
jpn_Jpan-srd_Latn,qwen3-4b-instruct-2507,0.837875,376172,28000,13.4
jpn_Jpan-srp_Cyrl,metricx24,0.887999,3271067,1200000,2.7
jpn_Jpan-srp_Latn,metricx24,unknown,4217031,1200000,3.5
jpn_Jpan-sun_Latn,qwen3-4b-instruct-2507,0.853798,285581,28000,10.2
jpn_Jpan-swa_Latn,metricx24,unknown,1045374,1200000,0.9
jpn_Jpan-swc_Latn,metricx24,unknown,179704,1200000,0.1
jpn_Jpan-swe_Latn,metricx24,0.884329,19268827,1200000,16.1
jpn_Jpan-swh_Latn,shaomutan_remedy-9b-22,0.894298915,886716,200000,4.4
jpn_Jpan-tam_Taml,qwen3-4b-instruct-2507,0.925834,1655933,28000,59.1
jpn_Jpan-tel_Telu,qwen3-4b-instruct-2507,0.931249,585760,28000,20.9
jpn_Jpan-tgk_Cyrl,qwen3-4b-instruct-2507,0.879791,206436,28000,7.4
jpn_Jpan-tgl_Latn,shaomutan_remedy-9b-22,0.922739713,1711362,200000,8.6
jpn_Jpan-tha_Thai,metricx24,0.837758,6257256,1200000,5.2
jpn_Jpan-tur_Latn,metricx24,0.804383,24836939,1200000,20.7
jpn_Jpan-ukr_Cyrl,metricx24,0.839863,7350170,1200000,6.1
jpn_Jpan-urd_Arab,qwen3-4b-instruct-2507,0.894893,1390921,28000,49.7
jpn_Jpan-uzn_Latn,qwen3-4b-instruct-2507,0.888328,183548,28000,6.6
jpn_Jpan-vec_Latn,qwen3-4b-instruct-2507,0.88666,118208,28000,4.2
jpn_Jpan-vie_Latn,metricx24,0.87126,10914737,1200000,9.1
jpn_Jpan-wuu_Hani,metricx24,unknown,87189,1200000,0.1
jpn_Jpan-xho_Latn,shaomutan_remedy-9b-22,0.754779361,445591,200000,2.2
jpn_Jpan-yor_Latn,shaomutan_remedy-9b-22,0.643028062,118849,200000,0.6
jpn_Jpan-yue_Hani,metricx24,unknown,839769,1200000,0.7
jpn_Jpan-zho_Hans,metricx24,0.865037,11284039,1200000,9.4
jpn_Jpan-zho_Hant,metricx24,0.849172,2848407,1200000,2.4
jpn_Jpan-zsm_Latn,qwen3-4b-instruct-2507,0.8856,1706417,28000,60.9
jpn_Jpan-zul_Latn,shaomutan_remedy-9b-22,0.773015772,86190,200000,0.4
kab_Latn-cmn_Hani,qwen3-4b-instruct-2507,unknown,68368,28000,2.4
kab_Latn-deu_Latn,qwen3-4b-instruct-2507,0.726167,46312,28000,1.7
kab_Latn-ell_Grek,shaomutan_remedy-9b-22,0.788181162,54506,200000,0.3
kab_Latn-eng_Latn,qwen3-4b-instruct-2507,0.858741,211003,28000,7.5
kab_Latn-eus_Latn,shaomutan_remedy-9b-22,0.737614638,21090,200000,0.1
kab_Latn-fas_Arab,qwen3-4b-instruct-2507,unknown,79980,28000,2.9
kab_Latn-fin_Latn,shaomutan_remedy-9b-22,0.821346921,64195,200000,0.3
kab_Latn-fra_Latn,qwen3-4b-instruct-2507,0.784201,159381,28000,5.7
kab_Latn-heb_Hebr,shaomutan_remedy-9b-22,0.778666676,75559,200000,0.4
kab_Latn-hrv_Latn,shaomutan_remedy-9b-22,0.772923832,70064,200000,0.4
kab_Latn-hun_Latn,shaomutan_remedy-9b-22,0.813174666,94831,200000,0.5
kab_Latn-ind_Latn,shaomutan_remedy-9b-22,0.759232115,120660,200000,0.6
kab_Latn-ita_Latn,qwen3-4b-instruct-2507,0.812245,168480,28000,6.0
kab_Latn-kab_Latn,qwen3-4b-instruct-2507,unknown,69248,28000,2.5
kab_Latn-kor_Hang,shaomutan_remedy-9b-22,0.796531262,77723,200000,0.4
kab_Latn-kor_Zyyy,qwen3-4b-instruct-2507,unknown,35209,28000,1.3
kab_Latn-msa_Latn,qwen3-4b-instruct-2507,unknown,33170,28000,1.2
kab_Latn-nld_Latn,qwen3-4b-instruct-2507,0.715192,178918,28000,6.4
kab_Latn-nor_Latn,qwen3-4b-instruct-2507,unknown,72780,28000,2.6
kab_Latn-pol_Latn,shaomutan_remedy-9b-22,0.781468552,230180,200000,1.2
kab_Latn-por_Latn,qwen3-4b-instruct-2507,0.767432,272389,28000,9.7
kab_Latn-ron_Latn,shaomutan_remedy-9b-22,0.798254332,259430,200000,1.3
kab_Latn-rus_Cyrl,qwen3-4b-instruct-2507,0.788367,242577,28000,8.7
kab_Latn-slk_Latn,shaomutan_remedy-9b-22,0.769486949,73743,200000,0.4
kab_Latn-slv_Latn,shaomutan_remedy-9b-22,0.773138205,115884,200000,0.6
kab_Latn-spa_Latn,qwen3-4b-instruct-2507,0.799761,120778,28000,4.3
kab_Latn-srp_Latn,qwen3-4b-instruct-2507,unknown,202973,28000,7.2
kab_Latn-swe_Latn,shaomutan_remedy-9b-22,0.766768837,216065,200000,1.1
kab_Latn-tha_Thai,qwen3-4b-instruct-2507,0.797785,145837,28000,5.2
kab_Latn-tur_Latn,shaomutan_remedy-9b-22,0.778902022,296048,200000,1.5
kab_Latn-ukr_Cyrl,shaomutan_remedy-9b-22,0.805927422,85014,200000,0.4
kab_Latn-vie_Latn,shaomutan_remedy-9b-22,0.817292102,197063,200000,1.0
kab_Latn-zho_Hans,qwen3-4b-instruct-2507,0.854729,83762,28000,3.0
kab_Latn-zho_Hant,qwen3-4b-instruct-2507,0.844012,78228,28000,2.8
kan_Knda-als_Latn,qwen3-4b-instruct-2507,0.907222,117470,28000,4.2
kan_Knda-cmn_Hani,metricx24,unknown,138076,1200000,0.1
kan_Knda-hin_Deva,shaomutan_remedy-9b-22,0.924066664,157031,200000,0.8
kan_Knda-kas_Deva,metricx24,0.466909425,107892,1200000,0.1
kan_Knda-kor_Hang,shaomutan_remedy-9b-22,0.943533734,272582,200000,1.4
kan_Knda-kor_Zyyy,metricx24,unknown,108699,1200000,0.1
kan_Knda-lit_Latn,shaomutan_remedy-9b-22,0.935312833,261932,200000,1.3
kan_Knda-lvs_Latn,shaomutan_remedy-9b-22,0.941205948,166405,200000,0.8
kan_Knda-mag_Deva,qwen3-4b-instruct-2507,0.804425,216887,28000,7.7
kan_Knda-mai_Deva,qwen3-4b-instruct-2507,0.858676,395310,28000,14.1
kan_Knda-mal_Mlym,shaomutan_remedy-9b-22,0.938475309,8634488,200000,43.2
kan_Knda-mar_Deva,shaomutan_remedy-9b-22,0.927969092,4496339,200000,22.5
kan_Knda-mkd_Cyrl,qwen3-4b-instruct-2507,0.932892,196231,28000,7.0
kan_Knda-mlg_Latn,metricx24,unknown,41246,1200000,0.0
kan_Knda-msa_Latn,metricx24,unknown,138682,1200000,0.1
kan_Knda-mya_Mymr,shaomutan_remedy-9b-22,0.916019155,93537,200000,0.5
kan_Knda-nep_Deva,metricx24,unknown,547019,1200000,0.5
kan_Knda-nld_Latn,shaomutan_remedy-9b-22,0.92139905,455889,200000,2.3
kan_Knda-nob_Latn,shaomutan_remedy-9b-22,0.925287497,155584,200000,0.8
kan_Knda-nor_Latn,metricx24,unknown,128295,1200000,0.1
kan_Knda-npi_Deva,shaomutan_remedy-9b-22,0.904167778,1450064,200000,7.3
kan_Knda-ory_Orya,metricx24,0.764397,2353060,1200000,2.0
kan_Knda-pan_Guru,qwen3-4b-instruct-2507,0.919154,1463337,28000,52.3
kan_Knda-plt_Latn,metricx24,0.755572363,50287,1200000,0.0
kan_Knda-pol_Latn,shaomutan_remedy-9b-22,0.929607185,379145,200000,1.9
kan_Knda-por_Latn,qwen3-4b-instruct-2507,0.917093,615377,28000,22.0
kan_Knda-pus_Arab,metricx24,unknown,35931,1200000,0.0
kan_Knda-ron_Latn,shaomutan_remedy-9b-22,0.940006481,271375,200000,1.4
kan_Knda-rus_Cyrl,shaomutan_remedy-9b-22,0.93921581,625293,200000,3.1
kan_Knda-san_Deva,shaomutan_remedy-9b-22,0.781517917,270013,200000,1.4
kan_Knda-sin_Sinh,shaomutan_remedy-9b-22,0.918367096,1523074,200000,7.6
kan_Knda-slk_Latn,shaomutan_remedy-9b-22,0.941537746,273318,200000,1.4
kan_Knda-slv_Latn,shaomutan_remedy-9b-22,0.9360156,216102,200000,1.1
kan_Knda-snd_Arab,qwen3-4b-instruct-2507,0.863056,917969,28000,32.8
kan_Knda-som_Latn,shaomutan_remedy-9b-22,0.752210145,69301,200000,0.3
kan_Knda-sqi_Latn,metricx24,unknown,93766,1200000,0.1
kan_Knda-srp_Cyrl,qwen3-4b-instruct-2507,0.945455,168646,28000,6.0
kan_Knda-swa_Latn,metricx24,unknown,82531,1200000,0.1
kan_Knda-swe_Latn,shaomutan_remedy-9b-22,0.932809624,267606,200000,1.3
kan_Knda-tam_Taml,shaomutan_remedy-9b-22,0.938142881,3678215,200000,18.4
kan_Knda-tel_Telu,shaomutan_remedy-9b-22,0.92642867,13604096,200000,68.0
kan_Knda-tgl_Latn,shaomutan_remedy-9b-22,0.915452127,152001,200000,0.8
kan_Knda-tha_Thai,shaomutan_remedy-9b-22,0.925824561,299209,200000,1.5
kan_Knda-tur_Latn,shaomutan_remedy-9b-22,0.940950695,441482,200000,2.2
kan_Knda-ukr_Cyrl,shaomutan_remedy-9b-22,0.943734348,324475,200000,1.6
kan_Knda-urd_Arab,shaomutan_remedy-9b-22,0.893071311,2844798,200000,14.2
kan_Knda-uzn_Latn,qwen3-4b-instruct-2507,0.850637,52830,28000,1.9
kan_Knda-vie_Latn,shaomutan_remedy-9b-22,0.910864162,354752,200000,1.8
kan_Knda-wln_Latn,metricx24,unknown,23815,1200000,0.0
kan_Knda-xho_Latn,shaomutan_remedy-9b-22,0.852891097,108585,200000,0.5
kan_Knda-zho_Hans,qwen3-4b-instruct-2507,0.934704,178163,28000,6.4
kan_Knda-zho_Hant,qwen3-4b-instruct-2507,0.935699,154928,28000,5.5
kas_Arab-tel_Telu,qwen3-4b-instruct-2507,0.841319,102147,28000,3.6
kas_Deva-mal_Mlym,shaomutan_remedy-9b-22,0.821800634,134349,200000,0.7
kas_Deva-mar_Deva,shaomutan_remedy-9b-22,0.821858331,94255,200000,0.5
kas_Deva-tam_Taml,shaomutan_remedy-9b-22,0.8085855,136951,200000,0.7
kas_Deva-tel_Telu,shaomutan_remedy-9b-22,0.800180384,170325,200000,0.9
kas_Deva-urd_Arab,shaomutan_remedy-9b-22,0.831989194,109622,200000,0.5
kat_Geor-als_Latn,qwen3-4b-instruct-2507,0.843041,275955,28000,9.9
kat_Geor-cmn_Hani,metricx24,unknown,296904,1200000,0.2
kat_Geor-fil_Latn,metricx24,unknown,196943,1200000,0.2
kat_Geor-kan_Knda,shaomutan_remedy-9b-22,0.911097982,85011,200000,0.4
kat_Geor-kaz_Cyrl,shaomutan_remedy-9b-22,0.930049854,295011,200000,1.5
kat_Geor-khk_Cyrl,metricx24,0.800692225,111663,1200000,0.1
kat_Geor-khm_Khmr,shaomutan_remedy-9b-22,0.900654715,233057,200000,1.2
kat_Geor-kir_Cyrl,shaomutan_remedy-9b-22,0.872181926,125964,200000,0.6
kat_Geor-kmr_Latn,metricx24,0.709610215,64664,1200000,0.1
kat_Geor-kor_Hang,shaomutan_remedy-9b-22,0.935639096,519909,200000,2.6
kat_Geor-kor_Zyyy,metricx24,unknown,301895,1200000,0.3
kat_Geor-lao_Laoo,qwen3-4b-instruct-2507,0.830826,85541,28000,3.1
kat_Geor-lav_Latn,metricx24,unknown,179787,1200000,0.1
kat_Geor-lit_Latn,shaomutan_remedy-9b-22,0.924494194,809662,200000,4.0
kat_Geor-lvs_Latn,shaomutan_remedy-9b-22,0.930674065,521141,200000,2.6
kat_Geor-mal_Mlym,shaomutan_remedy-9b-22,0.909264341,335394,200000,1.7
kat_Geor-mar_Deva,shaomutan_remedy-9b-22,0.895132708,326216,200000,1.6
kat_Geor-mkd_Cyrl,shaomutan_remedy-9b-22,0.918976964,653413,200000,3.3
kat_Geor-mlg_Latn,metricx24,unknown,108277,1200000,0.1
kat_Geor-mon_Cyrl,metricx24,unknown,103817,1200000,0.1
kat_Geor-mri_Latn,shaomutan_remedy-9b-22,0.699629254,64730,200000,0.3
kat_Geor-msa_Latn,metricx24,unknown,394667,1200000,0.3
kat_Geor-mya_Mymr,shaomutan_remedy-9b-22,0.910584382,191727,200000,1.0
kat_Geor-nep_Deva,metricx24,unknown,170763,1200000,0.1
kat_Geor-nld_Latn,shaomutan_remedy-9b-22,0.923145289,1713048,200000,8.6
kat_Geor-nob_Latn,shaomutan_remedy-9b-22,0.924076785,345368,200000,1.7
kat_Geor-nor_Latn,metricx24,unknown,515009,1200000,0.4
kat_Geor-npi_Deva,shaomutan_remedy-9b-22,0.882652026,66794,200000,0.3
kat_Geor-nya_Latn,shaomutan_remedy-9b-22,0.707202536,68140,200000,0.3
kat_Geor-pan_Guru,qwen3-4b-instruct-2507,0.884355,85486,28000,3.1
kat_Geor-pbt_Arab,shaomutan_remedy-9b-22,0.760458516,61714,200000,0.3
kat_Geor-plt_Latn,metricx24,0.765637878,93446,1200000,0.1
kat_Geor-pol_Latn,shaomutan_remedy-9b-22,0.935124915,1560376,200000,7.8
kat_Geor-por_Latn,shaomutan_remedy-9b-22,0.903820068,2256567,200000,11.3
kat_Geor-pus_Arab,metricx24,unknown,74178,1200000,0.1
kat_Geor-ron_Latn,shaomutan_remedy-9b-22,0.942119804,1220912,200000,6.1
kat_Geor-rus_Cyrl,shaomutan_remedy-9b-22,0.944283319,5458813,200000,27.3
kat_Geor-sin_Sinh,shaomutan_remedy-9b-22,0.900069984,338594,200000,1.7
kat_Geor-slk_Latn,shaomutan_remedy-9b-22,0.929131827,834226,200000,4.2
kat_Geor-slv_Latn,shaomutan_remedy-9b-22,0.939485422,744246,200000,3.7
kat_Geor-som_Latn,shaomutan_remedy-9b-22,0.740368123,114760,200000,0.6
kat_Geor-sqi_Latn,metricx24,unknown,308561,1200000,0.3
kat_Geor-srp_Cyrl,shaomutan_remedy-9b-22,0.940730798,569339,200000,2.8
kat_Geor-srp_Latn,metricx24,unknown,184615,1200000,0.2
kat_Geor-sun_Latn,shaomutan_remedy-9b-22,0.813853484,172957,200000,0.9
kat_Geor-swa_Latn,metricx24,unknown,264331,1200000,0.2
kat_Geor-swe_Latn,shaomutan_remedy-9b-22,0.934764971,1074448,200000,5.4
kat_Geor-swh_Latn,shaomutan_remedy-9b-22,0.879195648,137841,200000,0.7
kat_Geor-tam_Taml,shaomutan_remedy-9b-22,0.90652119,364499,200000,1.8
kat_Geor-tel_Telu,shaomutan_remedy-9b-22,0.894840219,294589,200000,1.5
kat_Geor-tgk_Cyrl,shaomutan_remedy-9b-22,0.836733222,136546,200000,0.7
kat_Geor-tgl_Latn,shaomutan_remedy-9b-22,0.911101631,516567,200000,2.6
kat_Geor-tha_Thai,shaomutan_remedy-9b-22,0.924074922,860255,200000,4.3
kat_Geor-tur_Latn,shaomutan_remedy-9b-22,0.938469316,1585103,200000,7.9
kat_Geor-ukr_Cyrl,shaomutan_remedy-9b-22,0.919120233,1039684,200000,5.2
kat_Geor-urd_Arab,shaomutan_remedy-9b-22,0.863258488,454006,200000,2.3
kat_Geor-vie_Latn,shaomutan_remedy-9b-22,0.905811681,1088740,200000,5.4
kat_Geor-xho_Latn,shaomutan_remedy-9b-22,0.772293297,115337,200000,0.6
kat_Geor-yor_Latn,shaomutan_remedy-9b-22,0.64614196,111080,200000,0.6
kat_Geor-yue_Hani,metricx24,unknown,140618,1200000,0.1
kat_Geor-zho_Hans,qwen3-4b-instruct-2507,0.919318,589408,28000,21.1
kat_Geor-zho_Hant,qwen3-4b-instruct-2507,0.919597,429894,28000,15.4
kat_Geor-zsm_Latn,metricx24,0.828675711,175064,1200000,0.1
kat_Geor-zul_Latn,shaomutan_remedy-9b-22,0.782643653,67917,200000,0.3
kau_Zyyy-kin_Latn,qwen3-4b-instruct-2507,unknown,122810,28000,4.4
kau_Zyyy-lin_Latn,qwen3-4b-instruct-2507,unknown,103063,28000,3.7
kau_Zyyy-nso_Latn,metricx24,unknown,104162,1200000,0.1
kau_Zyyy-nya_Latn,qwen3-4b-instruct-2507,unknown,158981,28000,5.7
kau_Zyyy-run_Latn,qwen3-4b-instruct-2507,unknown,109587,28000,3.9
kau_Zyyy-sna_Latn,metricx24,unknown,128792,1200000,0.1
kau_Zyyy-sot_Latn,metricx24,unknown,183468,1200000,0.2
kau_Zyyy-swh_Latn,metricx24,unknown,125791,1200000,0.1
kau_Zyyy-xho_Latn,metricx24,unknown,107378,1200000,0.1
kau_Zyyy-zul_Latn,metricx24,unknown,115082,1200000,0.1
kaz_Cyrl-als_Latn,qwen3-4b-instruct-2507,0.870413,297395,28000,10.6
kaz_Cyrl-cmn_Hani,metricx24,unknown,184903,1200000,0.2
kaz_Cyrl-fil_Latn,metricx24,unknown,88416,1200000,0.1
kaz_Cyrl-kan_Knda,shaomutan_remedy-9b-22,0.904181221,116267,200000,0.6
kaz_Cyrl-khk_Cyrl,metricx24,0.806752113,96426,1200000,0.1
kaz_Cyrl-khm_Khmr,shaomutan_remedy-9b-22,0.898064841,180838,200000,0.9
kaz_Cyrl-kir_Cyrl,shaomutan_remedy-9b-22,0.89276327,118386,200000,0.6
kaz_Cyrl-kmr_Latn,metricx24,0.716039729,63094,1200000,0.1
kaz_Cyrl-kor_Hang,shaomutan_remedy-9b-22,0.943865949,437782,200000,2.2
kaz_Cyrl-kor_Zyyy,metricx24,unknown,235489,1200000,0.2
kaz_Cyrl-lao_Laoo,qwen3-4b-instruct-2507,0.835321,70791,28000,2.5
kaz_Cyrl-lav_Latn,metricx24,unknown,130950,1200000,0.1
kaz_Cyrl-lit_Latn,shaomutan_remedy-9b-22,0.910958792,776278,200000,3.9
kaz_Cyrl-lvs_Latn,shaomutan_remedy-9b-22,0.940291318,587020,200000,2.9
kaz_Cyrl-mal_Mlym,shaomutan_remedy-9b-22,0.905831407,305223,200000,1.5
kaz_Cyrl-mar_Deva,shaomutan_remedy-9b-22,0.902192858,275011,200000,1.4
kaz_Cyrl-mkd_Cyrl,qwen3-4b-instruct-2507,0.900861,608675,28000,21.7
kaz_Cyrl-mlg_Latn,metricx24,unknown,88655,1200000,0.1
kaz_Cyrl-mon_Cyrl,metricx24,unknown,92558,1200000,0.1
kaz_Cyrl-msa_Latn,metricx24,unknown,378980,1200000,0.3
kaz_Cyrl-mya_Mymr,shaomutan_remedy-9b-22,0.896916169,154337,200000,0.8
kaz_Cyrl-nep_Deva,metricx24,unknown,175804,1200000,0.1
kaz_Cyrl-nld_Latn,shaomutan_remedy-9b-22,0.921775661,1178343,200000,5.9
kaz_Cyrl-nno_Latn,shaomutan_remedy-9b-22,0.891192858,105972,200000,0.5
kaz_Cyrl-nob_Latn,shaomutan_remedy-9b-22,0.917622224,482057,200000,2.4
kaz_Cyrl-nor_Latn,metricx24,unknown,339799,1200000,0.3
kaz_Cyrl-npi_Deva,shaomutan_remedy-9b-22,0.859517299,70013,200000,0.4
kaz_Cyrl-oci_Latn,shaomutan_remedy-9b-22,0.857175084,55376,200000,0.3
kaz_Cyrl-pan_Guru,qwen3-4b-instruct-2507,0.909368,110493,28000,3.9
kaz_Cyrl-pbt_Arab,shaomutan_remedy-9b-22,0.746336932,49911,200000,0.2
kaz_Cyrl-plt_Latn,metricx24,0.749574249,54030,1200000,0.0
kaz_Cyrl-pol_Latn,shaomutan_remedy-9b-22,0.927623556,1016342,200000,5.1
kaz_Cyrl-por_Latn,qwen3-4b-instruct-2507,0.899467,1608966,28000,57.5
kaz_Cyrl-pus_Arab,metricx24,unknown,64403,1200000,0.1
kaz_Cyrl-ron_Latn,shaomutan_remedy-9b-22,0.937837843,703835,200000,3.5
kaz_Cyrl-rus_Cyrl,shaomutan_remedy-9b-22,0.941561271,2111212,200000,10.6
kaz_Cyrl-sin_Sinh,shaomutan_remedy-9b-22,0.89275356,299316,200000,1.5
kaz_Cyrl-slk_Latn,shaomutan_remedy-9b-22,0.937255495,828691,200000,4.1
kaz_Cyrl-slv_Latn,shaomutan_remedy-9b-22,0.916116703,667363,200000,3.3
kaz_Cyrl-som_Latn,shaomutan_remedy-9b-22,0.710955079,95884,200000,0.5
kaz_Cyrl-sqi_Latn,metricx24,unknown,221501,1200000,0.2
kaz_Cyrl-srp_Cyrl,shaomutan_remedy-9b-22,0.914779583,553767,200000,2.8
kaz_Cyrl-sun_Latn,shaomutan_remedy-9b-22,0.788153402,127960,200000,0.6
kaz_Cyrl-swa_Latn,metricx24,unknown,205855,1200000,0.2
kaz_Cyrl-swe_Latn,shaomutan_remedy-9b-22,0.930009616,676658,200000,3.4
kaz_Cyrl-swh_Latn,shaomutan_remedy-9b-22,0.871702977,144335,200000,0.7
kaz_Cyrl-tam_Taml,qwen3-4b-instruct-2507,0.906859,336965,28000,12.0
kaz_Cyrl-tat_Cyrl,shaomutan_remedy-9b-22,0.857591452,83840,200000,0.4
kaz_Cyrl-tel_Telu,qwen3-4b-instruct-2507,0.900861,272985,28000,9.7
kaz_Cyrl-tgk_Cyrl,metricx24,0.806233409,159066,1200000,0.1
kaz_Cyrl-tgl_Latn,shaomutan_remedy-9b-22,0.905891733,390435,200000,2.0
kaz_Cyrl-tha_Thai,shaomutan_remedy-9b-22,0.914323615,563309,200000,2.8
kaz_Cyrl-tur_Latn,shaomutan_remedy-9b-22,0.933335913,1299591,200000,6.5
kaz_Cyrl-ukr_Cyrl,shaomutan_remedy-9b-22,0.940693604,1049884,200000,5.2
kaz_Cyrl-urd_Arab,shaomutan_remedy-9b-22,0.885453842,332703,200000,1.7
kaz_Cyrl-uzn_Latn,qwen3-4b-instruct-2507,0.832524,225889,28000,8.1
kaz_Cyrl-vie_Latn,shaomutan_remedy-9b-22,0.903108413,1032757,200000,5.2
kaz_Cyrl-xho_Latn,shaomutan_remedy-9b-22,0.750925451,172881,200000,0.9
kaz_Cyrl-yor_Latn,shaomutan_remedy-9b-22,0.629961092,83371,200000,0.4
kaz_Cyrl-yue_Hani,metricx24,unknown,125693,1200000,0.1
kaz_Cyrl-zho_Hans,qwen3-4b-instruct-2507,0.943126,536655,28000,19.2
kaz_Cyrl-zho_Hant,qwen3-4b-instruct-2507,0.935759,367432,28000,13.1
kaz_Cyrl-zsm_Latn,qwen3-4b-instruct-2507,0.800294,237523,28000,8.5
kaz_Cyrl-zul_Latn,shaomutan_remedy-9b-22,0.784681737,52651,200000,0.3
kea_Latn-por_Latn,qwen3-4b-instruct-2507,0.949348,264856,28000,9.5
khk_Cyrl-als_Latn,qwen3-4b-instruct-2507,0.818651,80663,28000,2.9
khk_Cyrl-cmn_Hani,metricx24,unknown,100189,1200000,0.1
khk_Cyrl-mar_Deva,shaomutan_remedy-9b-22,0.869449581,99475,200000,0.5
khk_Cyrl-msa_Latn,metricx24,unknown,82401,1200000,0.1
khk_Cyrl-mya_Mymr,shaomutan_remedy-9b-22,0.892910181,85072,200000,0.4
khk_Cyrl-nld_Latn,metricx24,0.879324173,354005,1200000,0.3
khk_Cyrl-nob_Latn,shaomutan_remedy-9b-22,0.870042856,75254,200000,0.4
khk_Cyrl-nor_Latn,metricx24,unknown,97969,1200000,0.1
khk_Cyrl-pol_Latn,shaomutan_remedy-9b-22,0.872766398,321876,200000,1.6
khk_Cyrl-por_Latn,qwen3-4b-instruct-2507,0.857596,454510,28000,16.2
khk_Cyrl-ron_Latn,shaomutan_remedy-9b-22,0.881672937,248606,200000,1.2
khk_Cyrl-rus_Cyrl,shaomutan_remedy-9b-22,0.884188725,532284,200000,2.7
khk_Cyrl-sin_Sinh,shaomutan_remedy-9b-22,0.867728965,102784,200000,0.5
khk_Cyrl-slk_Latn,shaomutan_remedy-9b-22,0.880603048,182318,200000,0.9
khk_Cyrl-slv_Latn,shaomutan_remedy-9b-22,0.870812723,146223,200000,0.7
khk_Cyrl-srp_Cyrl,metricx24,0.861634089,126383,1200000,0.1
khk_Cyrl-sun_Latn,shaomutan_remedy-9b-22,0.815566966,62059,200000,0.3
khk_Cyrl-swe_Latn,shaomutan_remedy-9b-22,0.877505001,226002,200000,1.1
khk_Cyrl-tam_Taml,qwen3-4b-instruct-2507,0.85107,109529,28000,3.9
khk_Cyrl-tel_Telu,shaomutan_remedy-9b-22,0.848949227,103218,200000,0.5
khk_Cyrl-tgk_Cyrl,shaomutan_remedy-9b-22,0.773553705,59512,200000,0.3
khk_Cyrl-tgl_Latn,shaomutan_remedy-9b-22,0.842019236,105931,200000,0.5
khk_Cyrl-tha_Thai,shaomutan_remedy-9b-22,0.854307408,226741,200000,1.1
khk_Cyrl-tur_Latn,shaomutan_remedy-9b-22,0.895490884,314337,200000,1.6
khk_Cyrl-ukr_Cyrl,shaomutan_remedy-9b-22,0.864322482,233581,200000,1.2
khk_Cyrl-urd_Arab,shaomutan_remedy-9b-22,0.824991396,125231,200000,0.6
khk_Cyrl-vie_Latn,shaomutan_remedy-9b-22,0.837356253,237207,200000,1.2
khk_Cyrl-zho_Hans,qwen3-4b-instruct-2507,0.90998,135934,28000,4.9
khk_Cyrl-zho_Hant,qwen3-4b-instruct-2507,0.911384,96762,28000,3.5
khm_Khmr-als_Latn,qwen3-4b-instruct-2507,0.880209,135709,28000,4.8
khm_Khmr-cmn_Hani,metricx24,unknown,428236,1200000,0.4
khm_Khmr-fil_Latn,metricx24,unknown,98806,1200000,0.1
khm_Khmr-ind_Latn,shaomutan_remedy-9b-22,0.898240518,121026,200000,0.6
khm_Khmr-kan_Knda,shaomutan_remedy-9b-22,0.885033575,74926,200000,0.4
khm_Khmr-khk_Cyrl,metricx24,0.791847376,96214,1200000,0.1
khm_Khmr-kir_Cyrl,shaomutan_remedy-9b-22,0.833842645,88753,200000,0.4
khm_Khmr-kor_Hang,shaomutan_remedy-9b-22,0.916929183,568979,200000,2.8
khm_Khmr-kor_Zyyy,metricx24,unknown,207707,1200000,0.2
khm_Khmr-lao_Laoo,qwen3-4b-instruct-2507,0.862071,79629,28000,2.8
khm_Khmr-lav_Latn,metricx24,unknown,104415,1200000,0.1
khm_Khmr-lit_Latn,shaomutan_remedy-9b-22,0.914629266,466093,200000,2.3
khm_Khmr-lvs_Latn,shaomutan_remedy-9b-22,0.92136953,280931,200000,1.4
khm_Khmr-mal_Mlym,qwen3-4b-instruct-2507,0.898094,293833,28000,10.5
khm_Khmr-mar_Deva,shaomutan_remedy-9b-22,0.87921369,227412,200000,1.1
khm_Khmr-mkd_Cyrl,qwen3-4b-instruct-2507,0.918995,360852,28000,12.9
khm_Khmr-mlg_Latn,metricx24,unknown,75864,1200000,0.1
khm_Khmr-mon_Cyrl,metricx24,unknown,83083,1200000,0.1
khm_Khmr-msa_Latn,metricx24,unknown,419116,1200000,0.3
khm_Khmr-mya_Mymr,shaomutan_remedy-9b-22,0.907302824,428031,200000,2.1
khm_Khmr-nep_Deva,metricx24,unknown,156335,1200000,0.1
khm_Khmr-nld_Latn,metricx24,0.901250361,1230647,1200000,1.0
khm_Khmr-nno_Latn,shaomutan_remedy-9b-22,0.885563084,82329,200000,0.4
khm_Khmr-nob_Latn,shaomutan_remedy-9b-22,0.905801381,332111,200000,1.7
khm_Khmr-nor_Latn,metricx24,unknown,328082,1200000,0.3
khm_Khmr-npi_Deva,shaomutan_remedy-9b-22,0.8592141,114319,200000,0.6
khm_Khmr-nya_Latn,shaomutan_remedy-9b-22,0.757787044,54584,200000,0.3
khm_Khmr-pan_Guru,qwen3-4b-instruct-2507,0.889358,95838,28000,3.4
khm_Khmr-plt_Latn,metricx24,0.777622342,62025,1200000,0.1
khm_Khmr-pol_Latn,shaomutan_remedy-9b-22,0.909451372,1008770,200000,5.0
khm_Khmr-por_Latn,qwen3-4b-instruct-2507,0.892817,1547865,28000,55.3
khm_Khmr-pus_Arab,metricx24,unknown,56263,1200000,0.0
khm_Khmr-ron_Latn,shaomutan_remedy-9b-22,0.921522934,864593,200000,4.3
khm_Khmr-rus_Cyrl,shaomutan_remedy-9b-22,0.924377685,1481672,200000,7.4
khm_Khmr-sin_Sinh,shaomutan_remedy-9b-22,0.880426526,632291,200000,3.2
khm_Khmr-slk_Latn,shaomutan_remedy-9b-22,0.921961862,482580,200000,2.4
khm_Khmr-slv_Latn,shaomutan_remedy-9b-22,0.913524359,467784,200000,2.3
khm_Khmr-som_Latn,shaomutan_remedy-9b-22,0.763860712,91433,200000,0.5
khm_Khmr-sqi_Latn,metricx24,unknown,164836,1200000,0.1
khm_Khmr-srp_Cyrl,shaomutan_remedy-9b-22,0.921646156,327533,200000,1.6
khm_Khmr-srp_Latn,metricx24,unknown,178753,1200000,0.1
khm_Khmr-sun_Latn,metricx24,0.803139085,125114,1200000,0.1
khm_Khmr-swa_Latn,metricx24,unknown,155675,1200000,0.1
khm_Khmr-swe_Latn,shaomutan_remedy-9b-22,0.91281612,840018,200000,4.2
khm_Khmr-swh_Latn,shaomutan_remedy-9b-22,0.865492088,74767,200000,0.4
khm_Khmr-tam_Taml,qwen3-4b-instruct-2507,0.896152,280078,28000,10.0
khm_Khmr-tel_Telu,qwen3-4b-instruct-2507,0.891165,214267,28000,7.7
khm_Khmr-tgk_Cyrl,m-prometheus-7b,0.822941762,119941,27000,4.4
khm_Khmr-tgl_Latn,shaomutan_remedy-9b-22,0.892486367,299241,200000,1.5
khm_Khmr-tha_Thai,shaomutan_remedy-9b-22,0.924925353,920140,200000,4.6
khm_Khmr-tur_Latn,shaomutan_remedy-9b-22,0.910852796,1181639,200000,5.9
khm_Khmr-ukr_Cyrl,shaomutan_remedy-9b-22,0.9279192,599014,200000,3.0
khm_Khmr-urd_Arab,shaomutan_remedy-9b-22,0.850233978,330357,200000,1.7
khm_Khmr-vie_Latn,shaomutan_remedy-9b-22,0.895607364,936888,200000,4.7
khm_Khmr-xho_Latn,shaomutan_remedy-9b-22,0.772741763,92535,200000,0.5
khm_Khmr-yor_Latn,shaomutan_remedy-9b-22,0.67653722,90207,200000,0.5
khm_Khmr-yue_Hani,metricx24,unknown,105067,1200000,0.1
khm_Khmr-zho_Hans,qwen3-4b-instruct-2507,0.926625,379404,28000,13.6
khm_Khmr-zho_Hant,qwen3-4b-instruct-2507,0.91782,478752,28000,17.1
khm_Khmr-zsm_Latn,metricx24,0.851176229,230932,1200000,0.2
kin_Latn-eng_Latn,shaomutan_remedy-9b-22,0.869437977,93596,200000,0.5
kin_Latn-fra_Latn,shaomutan_remedy-9b-22,0.902906813,208973,200000,1.0
kin_Latn-heb_Hebr,shaomutan_remedy-9b-22,0.866632165,36730,200000,0.2
kin_Latn-hun_Latn,shaomutan_remedy-9b-22,0.915875624,68270,200000,0.3
kin_Latn-ind_Latn,shaomutan_remedy-9b-22,0.861966747,121482,200000,0.6
kin_Latn-ita_Latn,shaomutan_remedy-9b-22,0.883722497,214897,200000,1.1
kin_Latn-jpn_Jpan,shaomutan_remedy-9b-22,0.926130659,110843,200000,0.6
kin_Latn-kin_Latn,qwen3-4b-instruct-2507,unknown,230829,28000,8.2
kin_Latn-lin_Latn,shaomutan_remedy-9b-22,0.486876461,199774,200000,1.0
kin_Latn-lua_Latn,metricx24,0.381524221,113081,1200000,0.1
kin_Latn-lug_Latn,shaomutan_remedy-9b-22,0.522846548,162541,200000,0.8
kin_Latn-luo_Latn,metricx24,0.32541308,122853,1200000,0.1
kin_Latn-nld_Latn,shaomutan_remedy-9b-22,0.866714103,180577,200000,0.9
kin_Latn-nso_Latn,metricx24,0.579985976,211058,1200000,0.2
kin_Latn-nya_Latn,shaomutan_remedy-9b-22,0.677913167,391119,200000,2.0
kin_Latn-pol_Latn,shaomutan_remedy-9b-22,0.885735139,164225,200000,0.8
kin_Latn-por_Latn,shaomutan_remedy-9b-22,0.853204263,299161,200000,1.5
kin_Latn-ron_Latn,shaomutan_remedy-9b-22,0.896264032,100522,200000,0.5
kin_Latn-run_Latn,m-prometheus-7b,0.81269786,370240,27000,13.7
kin_Latn-rus_Cyrl,shaomutan_remedy-9b-22,0.905451492,276089,200000,1.4
kin_Latn-sin_Sinh,shaomutan_remedy-9b-22,0.844795777,28064,200000,0.1
kin_Latn-slk_Latn,shaomutan_remedy-9b-22,0.895852493,73046,200000,0.4
kin_Latn-slv_Latn,shaomutan_remedy-9b-22,0.881921106,53030,200000,0.3
kin_Latn-sna_Latn,shaomutan_remedy-9b-22,0.707428442,371265,200000,1.9
kin_Latn-som_Latn,shaomutan_remedy-9b-22,0.715287119,288937,200000,1.4
kin_Latn-sot_Latn,metricx24,0.663485929,348972,1200000,0.3
kin_Latn-spa_Latn,shaomutan_remedy-9b-22,0.866134294,214656,200000,1.1
kin_Latn-srp_Cyrl,shaomutan_remedy-9b-22,0.910256514,36432,200000,0.2
kin_Latn-ssw_Latn,metricx24,0.552922446,106359,1200000,0.1
kin_Latn-swa_Latn,qwen3-4b-instruct-2507,unknown,327530,28000,11.7
kin_Latn-swc_Latn,qwen3-4b-instruct-2507,unknown,122457,28000,4.4
kin_Latn-swe_Latn,shaomutan_remedy-9b-22,0.883863278,174436,200000,0.9
kin_Latn-swh_Latn,shaomutan_remedy-9b-22,0.830590082,343037,200000,1.7
kin_Latn-tgl_Latn,metricx24,0.807290007,77312,1200000,0.1
kin_Latn-tha_Thai,shaomutan_remedy-9b-22,0.87271522,62413,200000,0.3
kin_Latn-tir_Ethi,shaomutan_remedy-9b-22,0.667854666,152991,200000,0.8
kin_Latn-tsn_Latn,metricx24,0.635565843,285423,1200000,0.2
kin_Latn-tso_Latn,metricx24,0.536891142,283172,1200000,0.2
kin_Latn-tum_Latn,metricx24,0.641197489,181929,1200000,0.2
kin_Latn-tur_Latn,shaomutan_remedy-9b-22,0.880293156,197483,200000,1.0
kin_Latn-twi_Latn,metricx24,0.432333651,212096,1200000,0.2
kin_Latn-ukr_Cyrl,shaomutan_remedy-9b-22,0.906314952,127612,200000,0.6
kin_Latn-umb_Latn,qwen3-4b-instruct-2507,0.355346,99324,28000,3.5
kin_Latn-vie_Latn,shaomutan_remedy-9b-22,0.866334055,79294,200000,0.4
kin_Latn-wln_Latn,qwen3-4b-instruct-2507,unknown,9186,28000,0.3
kin_Latn-xho_Latn,shaomutan_remedy-9b-22,0.738859326,417800,200000,2.1
kin_Latn-yor_Latn,shaomutan_remedy-9b-22,0.509629346,243592,200000,1.2
kin_Latn-zho_Hans,qwen3-4b-instruct-2507,0.827919,129828,28000,4.6
kin_Latn-zul_Latn,shaomutan_remedy-9b-22,0.767383065,473929,200000,2.4
kir_Cyrl-als_Latn,qwen3-4b-instruct-2507,0.813664,70452,28000,2.5
kir_Cyrl-fil_Latn,metricx24,unknown,59150,1200000,0.0
kir_Cyrl-khk_Cyrl,metricx24,0.777870314,58451,1200000,0.0
kir_Cyrl-lit_Latn,shaomutan_remedy-9b-22,0.920893613,218033,200000,1.1
kir_Cyrl-lvs_Latn,shaomutan_remedy-9b-22,0.922898526,147878,200000,0.7
kir_Cyrl-mal_Mlym,shaomutan_remedy-9b-22,0.891213191,113921,200000,0.6
kir_Cyrl-mar_Deva,shaomutan_remedy-9b-22,0.89478267,124300,200000,0.6
kir_Cyrl-mkd_Cyrl,shaomutan_remedy-9b-22,0.890422523,153010,200000,0.8
kir_Cyrl-mlg_Latn,metricx24,unknown,40077,1200000,0.0
kir_Cyrl-msa_Latn,metricx24,unknown,111329,1200000,0.1
kir_Cyrl-mya_Mymr,shaomutan_remedy-9b-22,0.903559348,85706,200000,0.4
kir_Cyrl-nep_Deva,metricx24,unknown,71456,1200000,0.1
kir_Cyrl-nld_Latn,shaomutan_remedy-9b-22,0.898837703,583777,200000,2.9
kir_Cyrl-nob_Latn,shaomutan_remedy-9b-22,0.894352006,75919,200000,0.4
kir_Cyrl-nor_Latn,metricx24,unknown,148318,1200000,0.1
kir_Cyrl-pol_Latn,shaomutan_remedy-9b-22,0.908906844,454830,200000,2.3
kir_Cyrl-por_Latn,shaomutan_remedy-9b-22,0.869508929,827601,200000,4.1
kir_Cyrl-ron_Latn,shaomutan_remedy-9b-22,0.915839947,302578,200000,1.5
kir_Cyrl-rus_Cyrl,shaomutan_remedy-9b-22,0.920269027,6522398,200000,32.6
kir_Cyrl-sin_Sinh,shaomutan_remedy-9b-22,0.885372477,130832,200000,0.7
kir_Cyrl-slk_Latn,shaomutan_remedy-9b-22,0.919079067,202420,200000,1.0
kir_Cyrl-slv_Latn,shaomutan_remedy-9b-22,0.907893414,172371,200000,0.9
kir_Cyrl-som_Latn,shaomutan_remedy-9b-22,0.679055953,57442,200000,0.3
kir_Cyrl-sqi_Latn,metricx24,unknown,88280,1200000,0.1
kir_Cyrl-srp_Cyrl,shaomutan_remedy-9b-22,0.913826578,131411,200000,0.7
kir_Cyrl-sun_Latn,shaomutan_remedy-9b-22,0.770536567,77901,200000,0.4
kir_Cyrl-swa_Latn,metricx24,unknown,83478,1200000,0.1
kir_Cyrl-swe_Latn,shaomutan_remedy-9b-22,0.905539569,292937,200000,1.5
kir_Cyrl-tam_Taml,shaomutan_remedy-9b-22,0.894668353,116743,200000,0.6
kir_Cyrl-tat_Cyrl,shaomutan_remedy-9b-22,0.896038229,456373,200000,2.3
kir_Cyrl-tel_Telu,shaomutan_remedy-9b-22,0.876940328,121106,200000,0.6
kir_Cyrl-tgk_Cyrl,shaomutan_remedy-9b-22,0.808344306,88635,200000,0.4
kir_Cyrl-tgl_Latn,shaomutan_remedy-9b-22,0.915439971,207166,200000,1.0
kir_Cyrl-tha_Thai,shaomutan_remedy-9b-22,0.894134891,229755,200000,1.1
kir_Cyrl-tur_Latn,shaomutan_remedy-9b-22,0.927412872,414430,200000,2.1
kir_Cyrl-uig_Arab,shaomutan_remedy-9b-22,0.871251618,131320,200000,0.7
kir_Cyrl-ukr_Cyrl,shaomutan_remedy-9b-22,0.915862888,272221,200000,1.4
kir_Cyrl-urd_Arab,shaomutan_remedy-9b-22,0.871889211,145725,200000,0.7
kir_Cyrl-uzn_Latn,qwen3-4b-instruct-2507,0.762658,635075,28000,22.7
kir_Cyrl-vie_Latn,shaomutan_remedy-9b-22,0.872873685,309881,200000,1.5
kir_Cyrl-zho_Hans,qwen3-4b-instruct-2507,0.926003,239696,28000,8.6
kir_Cyrl-zho_Hant,qwen3-4b-instruct-2507,0.915684,188350,28000,6.7
kiu_Latn-eng_Latn,metricx24,unknown,590169,1200000,0.5
kiu_Latn-fin_Latn,metricx24,unknown,125797,1200000,0.1
kiu_Latn-fra_Latn,metricx24,unknown,817487,1200000,0.7
kiu_Latn-heb_Hebr,metricx24,unknown,51215,1200000,0.0
kiu_Latn-hrv_Latn,qwen3-4b-instruct-2507,unknown,60677,28000,2.2
kiu_Latn-hun_Latn,metricx24,unknown,137204,1200000,0.1
kiu_Latn-ind_Latn,metricx24,unknown,115388,1200000,0.1
kiu_Latn-ita_Latn,metricx24,unknown,489818,1200000,0.4
kiu_Latn-jpn_Jpan,metricx24,unknown,142641,1200000,0.1
kiu_Latn-kiu_Latn,qwen3-4b-instruct-2507,unknown,641298,28000,22.9
kiu_Latn-lit_Latn,metricx24,unknown,67283,1200000,0.1
kiu_Latn-nld_Latn,metricx24,unknown,427488,1200000,0.4
kiu_Latn-nor_Latn,qwen3-4b-instruct-2507,unknown,125129,28000,4.5
kiu_Latn-pol_Latn,metricx24,unknown,290669,1200000,0.2
kiu_Latn-por_Latn,metricx24,unknown,633921,1200000,0.5
kiu_Latn-ron_Latn,metricx24,unknown,114803,1200000,0.1
kiu_Latn-rus_Cyrl,metricx24,unknown,345709,1200000,0.3
kiu_Latn-slk_Latn,metricx24,unknown,93499,1200000,0.1
kiu_Latn-spa_Latn,metricx24,unknown,845926,1200000,0.7
kiu_Latn-swe_Latn,metricx24,unknown,248180,1200000,0.2
kiu_Latn-tur_Latn,metricx24,unknown,188258,1200000,0.2
kiu_Latn-ukr_Cyrl,metricx24,unknown,98831,1200000,0.1
kiu_Latn-vie_Latn,metricx24,unknown,102870,1200000,0.1
kiu_Latn-zho_Hans,metricx24,unknown,148936,1200000,0.1
kmb_Latn-por_Latn,qwen3-4b-instruct-2507,0.784973,248452,28000,8.9
kmr_Latn-als_Latn,qwen3-4b-instruct-2507,0.737889,55730,28000,2.0
kmr_Latn-kir_Cyrl,shaomutan_remedy-9b-22,0.845585448,50088,200000,0.3
kmr_Latn-lit_Latn,shaomutan_remedy-9b-22,0.87631783,137558,200000,0.7
kmr_Latn-lvs_Latn,shaomutan_remedy-9b-22,0.873446302,101816,200000,0.5
kmr_Latn-mal_Mlym,shaomutan_remedy-9b-22,0.834399278,90406,200000,0.5
kmr_Latn-mar_Deva,shaomutan_remedy-9b-22,0.83270395,83668,200000,0.4
kmr_Latn-mkd_Cyrl,shaomutan_remedy-9b-22,0.868359795,95771,200000,0.5
kmr_Latn-msa_Latn,metricx24,unknown,77914,1200000,0.1
kmr_Latn-nep_Deva,metricx24,unknown,46634,1200000,0.0
kmr_Latn-nld_Latn,metricx24,0.868656323,434035,1200000,0.4
kmr_Latn-nno_Latn,shaomutan_remedy-9b-22,0.821963988,48355,200000,0.2
kmr_Latn-nob_Latn,shaomutan_remedy-9b-22,0.846188923,88735,200000,0.4
kmr_Latn-nor_Latn,metricx24,unknown,89030,1200000,0.1
kmr_Latn-pan_Guru,qwen3-4b-instruct-2507,0.848163,42282,28000,1.5
kmr_Latn-pbt_Arab,shaomutan_remedy-9b-22,0.750731784,134083,200000,0.7
kmr_Latn-pol_Latn,shaomutan_remedy-9b-22,0.870241675,321761,200000,1.6
kmr_Latn-por_Latn,qwen3-4b-instruct-2507,0.865923,587893,28000,21.0
kmr_Latn-ron_Latn,shaomutan_remedy-9b-22,0.883297094,229679,200000,1.1
kmr_Latn-rus_Cyrl,shaomutan_remedy-9b-22,0.884074111,532264,200000,2.7
kmr_Latn-sin_Sinh,shaomutan_remedy-9b-22,0.833368493,84016,200000,0.4
kmr_Latn-slk_Latn,shaomutan_remedy-9b-22,0.871683741,154542,200000,0.8
kmr_Latn-slv_Latn,shaomutan_remedy-9b-22,0.850988471,131661,200000,0.7
kmr_Latn-srp_Cyrl,shaomutan_remedy-9b-22,0.885824833,90170,200000,0.5
kmr_Latn-swe_Latn,shaomutan_remedy-9b-22,0.8616706,227406,200000,1.1
kmr_Latn-tam_Taml,shaomutan_remedy-9b-22,0.825913106,88144,200000,0.4
kmr_Latn-tel_Telu,shaomutan_remedy-9b-22,0.807505913,84134,200000,0.4
kmr_Latn-tgk_Cyrl,shaomutan_remedy-9b-22,0.825101301,180452,200000,0.9
kmr_Latn-tgl_Latn,metricx24,0.824404534,123724,1200000,0.1
kmr_Latn-tha_Thai,shaomutan_remedy-9b-22,0.850845643,177647,200000,0.9
kmr_Latn-tur_Latn,shaomutan_remedy-9b-22,0.888603451,311590,200000,1.6
kmr_Latn-ukr_Cyrl,shaomutan_remedy-9b-22,0.891995706,185547,200000,0.9
kmr_Latn-urd_Arab,shaomutan_remedy-9b-22,0.816040925,85402,200000,0.4
kmr_Latn-vie_Latn,qwen3-4b-instruct-2507,0.850299,220449,28000,7.9
kmr_Latn-xho_Latn,metricx24,0.663668005,41068,1200000,0.0
kmr_Latn-zho_Hans,qwen3-4b-instruct-2507,0.912394,162395,28000,5.8
kmr_Latn-zho_Hant,qwen3-4b-instruct-2507,0.91338,150610,28000,5.4
kor_Hang-abk_Cyrl,metricx24,unknown,48005,1200000,0.0
kor_Hang-afr_Latn,shaomutan_remedy-9b-22,0.915905836,149481,200000,0.7
kor_Hang-als_Latn,qwen3-4b-instruct-2507,0.92111,1243222,28000,44.4
kor_Hang-bak_Cyrl,shaomutan_remedy-9b-22,0.885743031,66808,200000,0.3
kor_Hang-ces_Latn,qwen3-4b-instruct-2507,0.968347,153056,28000,5.5
kor_Hang-ckb_Arab,metricx24,0.754084579,150326,1200000,0.1
kor_Hang-cmn_Hani,metricx24,unknown,9637746,1200000,8.0
kor_Hang-dan_Latn,qwen3-4b-instruct-2507,0.948412,252319,28000,9.0
kor_Hang-eng_Latn,qwen3-4b-instruct-2507,0.975296,311778,28000,11.1
kor_Hang-eus_Latn,shaomutan_remedy-9b-22,0.912378143,216178,200000,1.1
kor_Hang-fil_Latn,metricx24,unknown,786883,1200000,0.7
kor_Hang-fur_Latn,qwen3-4b-instruct-2507,0.878492,75624,28000,2.7
kor_Hang-hbs_Latn,metricx24,unknown,74942,1200000,0.1
kor_Hang-hrv_Latn,qwen3-4b-instruct-2507,0.94893,334440,28000,11.9
kor_Hang-ind_Latn,qwen3-4b-instruct-2507,0.932379,1898769,28000,67.8
kor_Hang-kab_Latn,metricx24,0.381400767,54261,1200000,0.0
kor_Hang-khk_Cyrl,metricx24,0.815110908,142016,1200000,0.1
kor_Hang-kir_Cyrl,shaomutan_remedy-9b-22,0.881884696,73857,200000,0.4
kor_Hang-kmr_Latn,metricx24,0.720973032,70217,1200000,0.1
kor_Hang-lat_Latn,metricx24,unknown,120576,1200000,0.1
kor_Hang-lav_Latn,metricx24,unknown,507354,1200000,0.4
kor_Hang-lim_Latn,qwen3-4b-instruct-2507,0.798716,73324,28000,2.6
kor_Hang-lit_Latn,metricx24,0.796482,5229744,1200000,4.4
kor_Hang-ltz_Latn,qwen3-4b-instruct-2507,0.887103,92212,28000,3.3
kor_Hang-lvs_Latn,metricx24,0.735868,3246239,1200000,2.7
kor_Hang-lzh_Hani,metricx24,unknown,313174,1200000,0.3
kor_Hang-mal_Mlym,qwen3-4b-instruct-2507,0.934769,1328077,28000,47.4
kor_Hang-mar_Deva,qwen3-4b-instruct-2507,0.929283,447287,28000,16.0
kor_Hang-mkd_Cyrl,metricx24,0.846875,3584959,1200000,3.0
kor_Hang-mlg_Latn,metricx24,unknown,92019,1200000,0.1
kor_Hang-mlt_Latn,shaomutan_remedy-9b-22,0.906677956,123296,200000,0.6
kor_Hang-mon_Cyrl,metricx24,unknown,72910,1200000,0.1
kor_Hang-mri_Latn,shaomutan_remedy-9b-22,0.70238188,70666,200000,0.4
kor_Hang-msa_Latn,metricx24,unknown,3921837,1200000,3.3
kor_Hang-mya_Mymr,shaomutan_remedy-9b-22,0.916068211,682742,200000,3.4
kor_Hang-nep_Deva,metricx24,unknown,184631,1200000,0.2
kor_Hang-nld_Latn,metricx24,0.900098,31827935,1200000,26.5
kor_Hang-nno_Latn,qwen3-4b-instruct-2507,0.91782,293588,28000,10.5
kor_Hang-nob_Latn,shaomutan_remedy-9b-22,0.957533121,13906412,200000,69.5
kor_Hang-nor_Latn,metricx24,unknown,5248434,1200000,4.4
kor_Hang-npi_Deva,qwen3-4b-instruct-2507,0.913932,159979,28000,5.7
kor_Hang-oci_Latn,qwen3-4b-instruct-2507,0.882987,94082,28000,3.4
kor_Hang-pan_Guru,qwen3-4b-instruct-2507,0.944594,71710,28000,2.6
kor_Hang-plt_Latn,metricx24,0.774520233,97949,1200000,0.1
kor_Hang-pol_Latn,metricx24,0.823412,29978981,1200000,25.0
kor_Hang-por_Latn,metricx24,0.857126,29125646,1200000,24.3
kor_Hang-ron_Latn,metricx24,0.854294,23445324,1200000,19.5
kor_Hang-rus_Cyrl,metricx24,0.875894,28647605,1200000,23.9
kor_Hang-sin_Sinh,shaomutan_remedy-9b-22,0.909214603,1498406,200000,7.5
kor_Hang-slk_Latn,metricx24,0.804387,8844045,1200000,7.4
kor_Hang-slv_Latn,metricx24,0.860322,9364114,1200000,7.8
kor_Hang-snd_Arab,qwen3-4b-instruct-2507,0.891817,88940,28000,3.2
kor_Hang-som_Latn,shaomutan_remedy-9b-22,0.723397324,129925,200000,0.6
kor_Hang-sqi_Latn,metricx24,unknown,517491,1200000,0.4
kor_Hang-srd_Latn,qwen3-4b-instruct-2507,0.831847,124445,28000,4.4
kor_Hang-srp_Cyrl,metricx24,0.877735,3015183,1200000,2.5
kor_Hang-srp_Latn,metricx24,unknown,10400438,1200000,8.7
kor_Hang-sun_Latn,qwen3-4b-instruct-2507,0.863992,129427,28000,4.6
kor_Hang-swa_Latn,metricx24,unknown,475268,1200000,0.4
kor_Hang-swc_Latn,metricx24,unknown,116150,1200000,0.1
kor_Hang-swe_Latn,metricx24,0.875582,27919211,1200000,23.3
kor_Hang-swh_Latn,shaomutan_remedy-9b-22,0.896741802,608189,200000,3.0
kor_Hang-tam_Taml,qwen3-4b-instruct-2507,0.92888,1965348,28000,70.2
kor_Hang-tat_Cyrl,shaomutan_remedy-9b-22,0.873777806,103985,200000,0.5
kor_Hang-tel_Telu,qwen3-4b-instruct-2507,0.938079,1249453,28000,44.6
kor_Hang-tgk_Cyrl,qwen3-4b-instruct-2507,0.87989,101323,28000,3.6
kor_Hang-tgl_Latn,qwen3-4b-instruct-2507,0.925694,736028,28000,26.3
kor_Hang-tha_Thai,metricx24,0.827449,14901201,1200000,12.4
kor_Hang-tur_Latn,metricx24,0.799585,28603452,1200000,23.8
kor_Hang-ukr_Cyrl,metricx24,0.82435,8949267,1200000,7.5
kor_Hang-urd_Arab,qwen3-4b-instruct-2507,0.895913,1389867,28000,49.6
kor_Hang-uzn_Latn,qwen3-4b-instruct-2507,0.882693,124676,28000,4.5
kor_Hang-vie_Latn,metricx24,0.852813,21324232,1200000,17.8
kor_Hang-xho_Latn,shaomutan_remedy-9b-22,0.771428434,250507,200000,1.3
kor_Hang-yor_Latn,shaomutan_remedy-9b-22,0.660085298,64354,200000,0.3
kor_Hang-yue_Hani,metricx24,unknown,615892,1200000,0.5
kor_Hang-zho_Hans,metricx24,0.861468,4508808,1200000,3.8
kor_Hang-zho_Hant,metricx24,0.847012,5154565,1200000,4.3
kor_Hang-zsm_Latn,metricx24,0.841584,2815062,1200000,2.3
kor_Zyyy-als_Latn,metricx24,unknown,111376,1200000,0.1
kor_Zyyy-cmn_Hani,qwen3-4b-instruct-2507,unknown,524475,28000,18.7
kor_Zyyy-dan_Latn,metricx24,unknown,77903,1200000,0.1
kor_Zyyy-eng_Latn,metricx24,unknown,55458,1200000,0.0
kor_Zyyy-eus_Latn,metricx24,unknown,72331,1200000,0.1
kor_Zyyy-fil_Latn,qwen3-4b-instruct-2507,unknown,73988,28000,2.6
kor_Zyyy-fur_Latn,qwen3-4b-instruct-2507,unknown,98554,28000,3.5
kor_Zyyy-hbs_Latn,qwen3-4b-instruct-2507,unknown,55357,28000,2.0
kor_Zyyy-ind_Latn,metricx24,unknown,173822,1200000,0.1
kor_Zyyy-lat_Latn,qwen3-4b-instruct-2507,unknown,75954,28000,2.7
kor_Zyyy-lav_Latn,qwen3-4b-instruct-2507,unknown,331061,28000,11.8
kor_Zyyy-lit_Latn,metricx24,unknown,1046436,1200000,0.9
kor_Zyyy-ltz_Latn,metricx24,unknown,97910,1200000,0.1
kor_Zyyy-lvs_Latn,metricx24,unknown,496311,1200000,0.4
kor_Zyyy-lzh_Hani,qwen3-4b-instruct-2507,unknown,204702,28000,7.3
kor_Zyyy-mal_Mlym,metricx24,unknown,348382,1200000,0.3
kor_Zyyy-mar_Deva,metricx24,unknown,248466,1200000,0.2
kor_Zyyy-mkd_Cyrl,metricx24,unknown,682903,1200000,0.6
kor_Zyyy-mlg_Latn,qwen3-4b-instruct-2507,unknown,95459,28000,3.4
kor_Zyyy-mon_Cyrl,qwen3-4b-instruct-2507,unknown,99740,28000,3.6
kor_Zyyy-msa_Latn,qwen3-4b-instruct-2507,unknown,1121048,28000,40.0
kor_Zyyy-mya_Mymr,metricx24,unknown,114308,1200000,0.1
kor_Zyyy-nep_Deva,qwen3-4b-instruct-2507,unknown,159911,28000,5.7
kor_Zyyy-nld_Latn,metricx24,unknown,5374782,1200000,4.5
kor_Zyyy-nno_Latn,metricx24,unknown,136217,1200000,0.1
kor_Zyyy-nob_Latn,metricx24,unknown,695657,1200000,0.6
kor_Zyyy-nor_Latn,qwen3-4b-instruct-2507,unknown,1826765,28000,65.2
kor_Zyyy-oci_Latn,qwen3-4b-instruct-2507,unknown,91566,28000,3.3
kor_Zyyy-pan_Guru,metricx24,unknown,67231,1200000,0.1
kor_Zyyy-pol_Latn,metricx24,unknown,5482543,1200000,4.6
kor_Zyyy-por_Latn,metricx24,unknown,6426720,1200000,5.4
kor_Zyyy-ron_Latn,metricx24,unknown,2958893,1200000,2.5
kor_Zyyy-rus_Cyrl,metricx24,unknown,6591764,1200000,5.5
kor_Zyyy-sin_Sinh,metricx24,unknown,354060,1200000,0.3
kor_Zyyy-slk_Latn,metricx24,unknown,1824706,1200000,1.5
kor_Zyyy-slv_Latn,metricx24,unknown,1286799,1200000,1.1
kor_Zyyy-som_Latn,metricx24,unknown,80867,1200000,0.1
kor_Zyyy-sqi_Latn,qwen3-4b-instruct-2507,unknown,460415,28000,16.4
kor_Zyyy-srd_Latn,qwen3-4b-instruct-2507,unknown,153868,28000,5.5
kor_Zyyy-srp_Cyrl,metricx24,unknown,523998,1200000,0.4
kor_Zyyy-srp_Latn,qwen3-4b-instruct-2507,unknown,862082,28000,30.8
kor_Zyyy-sun_Latn,metricx24,unknown,97611,1200000,0.1
kor_Zyyy-swa_Latn,qwen3-4b-instruct-2507,unknown,363768,28000,13.0
kor_Zyyy-swe_Latn,metricx24,unknown,4843293,1200000,4.0
kor_Zyyy-tam_Taml,metricx24,unknown,450294,1200000,0.4
kor_Zyyy-tel_Telu,metricx24,unknown,205430,1200000,0.2
kor_Zyyy-tgl_Latn,qwen3-4b-instruct-2507,unknown,745714,28000,26.6
kor_Zyyy-tha_Thai,metricx24,unknown,2194065,1200000,1.8
kor_Zyyy-tur_Latn,metricx24,unknown,5179083,1200000,4.3
kor_Zyyy-ukr_Cyrl,metricx24,unknown,1785850,1200000,1.5
kor_Zyyy-urd_Arab,metricx24,unknown,394137,1200000,0.3
kor_Zyyy-vie_Latn,metricx24,unknown,3392821,1200000,2.8
kor_Zyyy-xho_Latn,metricx24,unknown,171952,1200000,0.1
kor_Zyyy-yue_Hani,qwen3-4b-instruct-2507,unknown,291033,28000,10.4
kor_Zyyy-zho_Hans,metricx24,unknown,2914665,1200000,2.4
kor_Zyyy-zho_Hant,metricx24,unknown,1292567,1200000,1.1
kor_Zyyy-zsm_Latn,metricx24,unknown,156461,1200000,0.1
lad_Latn-fra_Latn,metricx24,unknown,70194,1200000,0.1
lao_Laoo-lit_Latn,shaomutan_remedy-9b-22,0.896260476,125413,200000,0.6
lao_Laoo-lvs_Latn,shaomutan_remedy-9b-22,0.897962053,72921,200000,0.4
lao_Laoo-mal_Mlym,shaomutan_remedy-9b-22,0.867343111,71377,200000,0.4
lao_Laoo-mar_Deva,shaomutan_remedy-9b-22,0.861186213,72544,200000,0.4
lao_Laoo-mkd_Cyrl,qwen3-4b-instruct-2507,0.890114,91059,28000,3.3
lao_Laoo-msa_Latn,metricx24,unknown,82647,1200000,0.1
lao_Laoo-mya_Mymr,shaomutan_remedy-9b-22,0.895260679,64491,200000,0.3
lao_Laoo-nld_Latn,metricx24,0.904767897,363171,1200000,0.3
lao_Laoo-nor_Latn,metricx24,unknown,98573,1200000,0.1
lao_Laoo-pol_Latn,shaomutan_remedy-9b-22,0.891300332,288474,200000,1.4
lao_Laoo-por_Latn,shaomutan_remedy-9b-22,0.902520741,526952,200000,2.6
lao_Laoo-ron_Latn,shaomutan_remedy-9b-22,0.905455897,181760,200000,0.9
lao_Laoo-rus_Cyrl,shaomutan_remedy-9b-22,0.943184868,1530142,200000,7.7
lao_Laoo-sin_Sinh,shaomutan_remedy-9b-22,0.858312351,78023,200000,0.4
lao_Laoo-slk_Latn,shaomutan_remedy-9b-22,0.904998787,122733,200000,0.6
lao_Laoo-slv_Latn,shaomutan_remedy-9b-22,0.885093537,94043,200000,0.5
lao_Laoo-srp_Cyrl,shaomutan_remedy-9b-22,0.900145177,73849,200000,0.4
lao_Laoo-swe_Latn,shaomutan_remedy-9b-22,0.897499838,170280,200000,0.9
lao_Laoo-tam_Taml,shaomutan_remedy-9b-22,0.865410977,82602,200000,0.4
lao_Laoo-tel_Telu,qwen3-4b-instruct-2507,0.862643,73959,28000,2.6
lao_Laoo-tgl_Latn,shaomutan_remedy-9b-22,0.877945862,151442,200000,0.8
lao_Laoo-tha_Thai,shaomutan_remedy-9b-22,0.928878291,161124,200000,0.8
lao_Laoo-tur_Latn,shaomutan_remedy-9b-22,0.888040628,251970,200000,1.3
lao_Laoo-ukr_Cyrl,shaomutan_remedy-9b-22,0.914436868,161560,200000,0.8
lao_Laoo-urd_Arab,shaomutan_remedy-9b-22,0.838396544,95385,200000,0.5
lao_Laoo-vie_Latn,shaomutan_remedy-9b-22,0.881079876,190975,200000,1.0
lao_Laoo-zho_Hans,qwen3-4b-instruct-2507,0.906018,154566,28000,5.5
lao_Laoo-zho_Hant,qwen3-4b-instruct-2507,0.895794,132008,28000,4.7
lat_Latn-cmn_Hani,qwen3-4b-instruct-2507,unknown,92311,28000,3.3
lat_Latn-eng_Latn,metricx24,unknown,97368,1200000,0.1
lat_Latn-fra_Latn,metricx24,unknown,201335,1200000,0.2
lat_Latn-heb_Hebr,metricx24,unknown,44510,1200000,0.0
lat_Latn-hrv_Latn,qwen3-4b-instruct-2507,unknown,48829,28000,1.7
lat_Latn-hun_Latn,metricx24,unknown,68939,1200000,0.1
lat_Latn-ind_Latn,metricx24,unknown,65200,1200000,0.1
lat_Latn-ita_Latn,metricx24,unknown,154769,1200000,0.1
lat_Latn-jpn_Jpan,metricx24,unknown,51970,1200000,0.0
lat_Latn-lat_Latn,qwen3-4b-instruct-2507,unknown,251846,28000,9.0
lat_Latn-lav_Latn,qwen3-4b-instruct-2507,unknown,62834,28000,2.2
lat_Latn-lit_Latn,metricx24,unknown,194128,1200000,0.2
lat_Latn-ltz_Latn,metricx24,unknown,61127,1200000,0.1
lat_Latn-lvs_Latn,metricx24,unknown,79950,1200000,0.1
lat_Latn-mal_Mlym,metricx24,unknown,147107,1200000,0.1
lat_Latn-mar_Deva,metricx24,unknown,131255,1200000,0.1
lat_Latn-mkd_Cyrl,metricx24,unknown,186737,1200000,0.2
lat_Latn-mlg_Latn,qwen3-4b-instruct-2507,unknown,49578,28000,1.8
lat_Latn-msa_Latn,qwen3-4b-instruct-2507,unknown,118718,28000,4.2
lat_Latn-nep_Deva,qwen3-4b-instruct-2507,unknown,52921,28000,1.9
lat_Latn-nld_Latn,metricx24,unknown,375206,1200000,0.3
lat_Latn-nor_Latn,qwen3-4b-instruct-2507,unknown,179970,28000,6.4
lat_Latn-oci_Latn,qwen3-4b-instruct-2507,unknown,77926,28000,2.8
lat_Latn-pol_Latn,metricx24,unknown,394385,1200000,0.3
lat_Latn-por_Latn,metricx24,unknown,884566,1200000,0.7
lat_Latn-ron_Latn,metricx24,unknown,472022,1200000,0.4
lat_Latn-rus_Cyrl,metricx24,unknown,547567,1200000,0.5
lat_Latn-sin_Sinh,metricx24,unknown,113216,1200000,0.1
lat_Latn-slk_Latn,metricx24,unknown,268617,1200000,0.2
lat_Latn-slv_Latn,metricx24,unknown,190498,1200000,0.2
lat_Latn-spa_Latn,metricx24,unknown,143744,1200000,0.1
lat_Latn-sqi_Latn,qwen3-4b-instruct-2507,unknown,130818,28000,4.7
lat_Latn-srp_Cyrl,metricx24,unknown,183730,1200000,0.2
lat_Latn-srp_Latn,qwen3-4b-instruct-2507,unknown,109830,28000,3.9
lat_Latn-swa_Latn,qwen3-4b-instruct-2507,unknown,104032,28000,3.7
lat_Latn-swe_Latn,metricx24,unknown,400129,1200000,0.3
lat_Latn-tam_Taml,metricx24,unknown,191025,1200000,0.2
lat_Latn-tel_Telu,metricx24,unknown,69404,1200000,0.1
lat_Latn-tgl_Latn,qwen3-4b-instruct-2507,unknown,120785,28000,4.3
lat_Latn-tha_Thai,metricx24,unknown,169154,1200000,0.1
lat_Latn-tur_Latn,metricx24,unknown,514803,1200000,0.4
lat_Latn-ukr_Cyrl,metricx24,unknown,276449,1200000,0.2
lat_Latn-urd_Arab,metricx24,unknown,106955,1200000,0.1
lat_Latn-vie_Latn,metricx24,unknown,144788,1200000,0.1
lat_Latn-xho_Latn,metricx24,unknown,92229,1200000,0.1
lat_Latn-zho_Hans,metricx24,unknown,233509,1200000,0.2
lav_Latn-als_Latn,metricx24,unknown,143726,1200000,0.1
lav_Latn-cmn_Hani,qwen3-4b-instruct-2507,unknown,272800,28000,9.7
lav_Latn-fur_Latn,qwen3-4b-instruct-2507,unknown,70715,28000,2.5
lav_Latn-hbs_Latn,qwen3-4b-instruct-2507,unknown,123142,28000,4.4
lav_Latn-ind_Latn,metricx24,unknown,100995,1200000,0.1
lav_Latn-mal_Mlym,metricx24,unknown,215778,1200000,0.2
lav_Latn-mar_Deva,metricx24,unknown,179902,1200000,0.1
lav_Latn-mkd_Cyrl,metricx24,unknown,497878,1200000,0.4
lav_Latn-mlg_Latn,qwen3-4b-instruct-2507,unknown,84267,28000,3.0
lav_Latn-mlt_Latn,metricx24,unknown,403426,1200000,0.3
lav_Latn-mon_Cyrl,qwen3-4b-instruct-2507,unknown,62765,28000,2.2
lav_Latn-msa_Latn,qwen3-4b-instruct-2507,unknown,555826,28000,19.9
lav_Latn-mya_Mymr,metricx24,unknown,75492,1200000,0.1
lav_Latn-nep_Deva,qwen3-4b-instruct-2507,unknown,115874,28000,4.1
lav_Latn-nld_Latn,metricx24,unknown,2352410,1200000,2.0
lav_Latn-nno_Latn,metricx24,unknown,76441,1200000,0.1
lav_Latn-nob_Latn,metricx24,unknown,445633,1200000,0.4
lav_Latn-nor_Latn,qwen3-4b-instruct-2507,unknown,792109,28000,28.3
lav_Latn-oci_Latn,qwen3-4b-instruct-2507,unknown,62902,28000,2.2
lav_Latn-pol_Latn,metricx24,unknown,2351098,1200000,2.0
lav_Latn-por_Latn,metricx24,unknown,2689712,1200000,2.2
lav_Latn-ron_Latn,metricx24,unknown,1799665,1200000,1.5
lav_Latn-rus_Cyrl,metricx24,unknown,2171396,1200000,1.8
lav_Latn-sin_Sinh,metricx24,unknown,219464,1200000,0.2
lav_Latn-slk_Latn,metricx24,unknown,1767940,1200000,1.5
lav_Latn-slv_Latn,metricx24,unknown,1336125,1200000,1.1
lav_Latn-sqi_Latn,qwen3-4b-instruct-2507,unknown,372708,28000,13.3
lav_Latn-srd_Latn,qwen3-4b-instruct-2507,unknown,99409,28000,3.6
lav_Latn-srp_Cyrl,metricx24,unknown,453062,1200000,0.4
lav_Latn-srp_Latn,qwen3-4b-instruct-2507,unknown,322006,28000,11.5
lav_Latn-sun_Latn,metricx24,unknown,71732,1200000,0.1
lav_Latn-swa_Latn,qwen3-4b-instruct-2507,unknown,219477,28000,7.8
lav_Latn-swe_Latn,metricx24,unknown,1905071,1200000,1.6
lav_Latn-tam_Taml,metricx24,unknown,338069,1200000,0.3
lav_Latn-tel_Telu,metricx24,unknown,240242,1200000,0.2
lav_Latn-tgl_Latn,qwen3-4b-instruct-2507,unknown,420381,28000,15.0
lav_Latn-tha_Thai,metricx24,unknown,832632,1200000,0.7
lav_Latn-tur_Latn,metricx24,unknown,1461489,1200000,1.2
lav_Latn-ukr_Cyrl,metricx24,unknown,1206937,1200000,1.0
lav_Latn-urd_Arab,metricx24,unknown,253516,1200000,0.2
lav_Latn-vie_Latn,metricx24,unknown,904729,1200000,0.8
lav_Latn-xho_Latn,metricx24,unknown,101552,1200000,0.1
lav_Latn-yue_Hani,qwen3-4b-instruct-2507,unknown,97778,28000,3.5
lav_Latn-zho_Hans,metricx24,unknown,576350,1200000,0.5
lav_Latn-zho_Hant,metricx24,unknown,400334,1200000,0.3
lav_Latn-zsm_Latn,metricx24,unknown,100801,1200000,0.1
lfn_Latn-por_Latn,metricx24,unknown,83641,1200000,0.1
lfn_Latn-tur_Latn,metricx24,unknown,42915,1200000,0.0
lij_Latn-por_Latn,qwen3-4b-instruct-2507,0.933161,79384,28000,2.8
lim_Latn-eng_Latn,qwen3-4b-instruct-2507,0.958173,646395,28000,23.1
lim_Latn-fin_Latn,shaomutan_remedy-9b-22,0.933421762,144710,200000,0.7
lim_Latn-fra_Latn,shaomutan_remedy-9b-22,0.92646607,561348,200000,2.8
lim_Latn-heb_Hebr,shaomutan_remedy-9b-22,0.934475632,71282,200000,0.4
lim_Latn-hin_Deva,shaomutan_remedy-9b-22,0.905738464,70376,200000,0.4
lim_Latn-hrv_Latn,shaomutan_remedy-9b-22,0.922406409,89466,200000,0.4
lim_Latn-hun_Latn,shaomutan_remedy-9b-22,0.934638731,166514,200000,0.8
lim_Latn-ind_Latn,shaomutan_remedy-9b-22,0.934699809,179348,200000,0.9
lim_Latn-ita_Latn,shaomutan_remedy-9b-22,0.947206549,406271,200000,2.0
lim_Latn-jpn_Jpan,shaomutan_remedy-9b-22,0.947273147,161727,200000,0.8
lim_Latn-lim_Latn,qwen3-4b-instruct-2507,unknown,356072,28000,12.7
lim_Latn-lit_Latn,shaomutan_remedy-9b-22,0.921890159,84030,200000,0.4
lim_Latn-lvs_Latn,shaomutan_remedy-9b-22,0.925042571,52754,200000,0.3
lim_Latn-mkd_Cyrl,shaomutan_remedy-9b-22,0.924630711,31059,200000,0.2
lim_Latn-msa_Latn,qwen3-4b-instruct-2507,unknown,52677,28000,1.9
lim_Latn-nld_Latn,shaomutan_remedy-9b-22,0.928280767,441545,200000,2.2
lim_Latn-nno_Latn,shaomutan_remedy-9b-22,0.919692757,30546,200000,0.2
lim_Latn-nob_Latn,shaomutan_remedy-9b-22,0.918751909,93478,200000,0.5
lim_Latn-nor_Latn,qwen3-4b-instruct-2507,unknown,188760,28000,6.7
lim_Latn-pol_Latn,shaomutan_remedy-9b-22,0.932068512,633812,200000,3.2
lim_Latn-por_Latn,shaomutan_remedy-9b-22,0.929417934,919971,200000,4.6
lim_Latn-ron_Latn,shaomutan_remedy-9b-22,0.921180763,339340,200000,1.7
lim_Latn-rus_Cyrl,shaomutan_remedy-9b-22,0.922295972,649307,200000,3.2
lim_Latn-slk_Latn,shaomutan_remedy-9b-22,0.931253786,186888,200000,0.9
lim_Latn-slv_Latn,shaomutan_remedy-9b-22,0.925240962,142134,200000,0.7
lim_Latn-spa_Latn,shaomutan_remedy-9b-22,0.930213624,634961,200000,3.2
lim_Latn-sqi_Latn,qwen3-4b-instruct-2507,unknown,49862,28000,1.8
lim_Latn-srd_Latn,m-prometheus-7b,0.80767546,81046,27000,3.0
lim_Latn-srp_Cyrl,shaomutan_remedy-9b-22,0.935189837,48649,200000,0.2
lim_Latn-srp_Latn,qwen3-4b-instruct-2507,unknown,92806,28000,3.3
lim_Latn-swe_Latn,shaomutan_remedy-9b-22,0.926512207,420412,200000,2.1
lim_Latn-tam_Taml,shaomutan_remedy-9b-22,0.908307226,33620,200000,0.2
lim_Latn-tgl_Latn,shaomutan_remedy-9b-22,0.927116041,70697,200000,0.4
lim_Latn-tha_Thai,shaomutan_remedy-9b-22,0.930408449,149194,200000,0.7
lim_Latn-tur_Latn,shaomutan_remedy-9b-22,0.945447967,490472,200000,2.5
lim_Latn-ukr_Cyrl,shaomutan_remedy-9b-22,0.929120361,151239,200000,0.8
lim_Latn-vie_Latn,shaomutan_remedy-9b-22,0.925343005,237835,200000,1.2
lim_Latn-zho_Hans,qwen3-4b-instruct-2507,0.924161,190345,28000,6.8
lim_Latn-zho_Hant,qwen3-4b-instruct-2507,0.921986,68816,28000,2.5
lin_Latn-ita_Latn,shaomutan_remedy-9b-22,0.825783356,69250,200000,0.3
lin_Latn-lin_Latn,qwen3-4b-instruct-2507,unknown,16673,28000,0.6
lin_Latn-nld_Latn,shaomutan_remedy-9b-22,0.813379914,303257,200000,1.5
lin_Latn-nso_Latn,m-prometheus-7b,0.559034345,107606,27000,4.0
lin_Latn-nya_Latn,shaomutan_remedy-9b-22,0.619046314,202903,200000,1.0
lin_Latn-pol_Latn,shaomutan_remedy-9b-22,0.871110319,220274,200000,1.1
lin_Latn-por_Latn,qwen3-4b-instruct-2507,0.776984,475672,28000,17.0
lin_Latn-ron_Latn,shaomutan_remedy-9b-22,0.843532117,117586,200000,0.6
lin_Latn-run_Latn,shaomutan_remedy-9b-22,0.563358762,156540,200000,0.8
lin_Latn-rus_Cyrl,shaomutan_remedy-9b-22,0.851763864,333726,200000,1.7
lin_Latn-sna_Latn,shaomutan_remedy-9b-22,0.687678964,180014,200000,0.9
lin_Latn-som_Latn,shaomutan_remedy-9b-22,0.607438142,140643,200000,0.7
lin_Latn-sot_Latn,shaomutan_remedy-9b-22,0.708952117,151559,200000,0.8
lin_Latn-swa_Latn,qwen3-4b-instruct-2507,unknown,190836,28000,6.8
lin_Latn-swe_Latn,shaomutan_remedy-9b-22,0.825019149,123196,200000,0.6
lin_Latn-swh_Latn,shaomutan_remedy-9b-22,0.749175077,120887,200000,0.6
lin_Latn-tgl_Latn,shaomutan_remedy-9b-22,0.791405708,96320,200000,0.5
lin_Latn-tsn_Latn,shaomutan_remedy-9b-22,0.671086092,158841,200000,0.8
lin_Latn-tso_Latn,shaomutan_remedy-9b-22,0.618043012,157639,200000,0.8
lin_Latn-tum_Latn,metricx24,0.592826169,104540,1200000,0.1
lin_Latn-tur_Latn,shaomutan_remedy-9b-22,0.819103105,175825,200000,0.9
lin_Latn-twi_Latn,shaomutan_remedy-9b-22,0.578468308,125452,200000,0.6
lin_Latn-vie_Latn,shaomutan_remedy-9b-22,0.802289571,97807,200000,0.5
lin_Latn-xho_Latn,shaomutan_remedy-9b-22,0.654409299,204948,200000,1.0
lin_Latn-yor_Latn,m-prometheus-7b,0.528944749,138424,27000,5.1
lin_Latn-zho_Hans,qwen3-4b-instruct-2507,0.832399,122466,28000,4.4
lin_Latn-zho_Hant,shaomutan_remedy-9b-22,0.846515472,93602,200000,0.5
lin_Latn-zul_Latn,shaomutan_remedy-9b-22,0.690660345,210405,200000,1.1
lit_Latn-afr_Latn,shaomutan_remedy-9b-22,0.854742049,57723,200000,0.3
lit_Latn-als_Latn,metricx24,0.822916,3091044,1200000,2.6
lit_Latn-ces_Latn,qwen3-4b-instruct-2507,0.933698,89241,28000,3.2
lit_Latn-cmn_Hani,metricx24,unknown,4149196,1200000,3.5
lit_Latn-dan_Latn,qwen3-4b-instruct-2507,0.911224,231566,28000,8.3
lit_Latn-eng_Latn,qwen3-4b-instruct-2507,0.96657,215139,28000,7.7
lit_Latn-eus_Latn,qwen3-4b-instruct-2507,0.860413,45310,28000,1.6
lit_Latn-fil_Latn,metricx24,unknown,449385,1200000,0.4
lit_Latn-fra_Latn,qwen3-4b-instruct-2507,0.942549,105670,28000,3.8
lit_Latn-fur_Latn,qwen3-4b-instruct-2507,0.832967,207019,28000,7.4
lit_Latn-hbs_Latn,metricx24,unknown,1298220,1200000,1.1
lit_Latn-hrv_Latn,metricx24,0.900436179,262728,1200000,0.2
lit_Latn-hun_Latn,shaomutan_remedy-9b-22,0.904825021,52654,200000,0.3
lit_Latn-ind_Latn,shaomutan_remedy-9b-22,0.91471824,641512,200000,3.2
lit_Latn-ita_Latn,qwen3-4b-instruct-2507,0.946446,92797,28000,3.3
lit_Latn-jpn_Jpan,qwen3-4b-instruct-2507,0.944241,71703,28000,2.6
lit_Latn-khk_Cyrl,metricx24,0.807383476,167155,1200000,0.1
lit_Latn-kin_Latn,shaomutan_remedy-9b-22,0.728095081,57920,200000,0.3
lit_Latn-lav_Latn,metricx24,unknown,2055774,1200000,1.7
lit_Latn-lim_Latn,qwen3-4b-instruct-2507,0.784793,118626,28000,4.2
lit_Latn-lit_Latn,metricx24,unknown,229894,1200000,0.2
lit_Latn-lvs_Latn,shaomutan_remedy-9b-22,0.883360378,25660072,200000,128.3
lit_Latn-lzh_Hani,metricx24,unknown,204617,1200000,0.2
lit_Latn-mal_Mlym,qwen3-4b-instruct-2507,0.916939,1061049,28000,37.9
lit_Latn-mar_Deva,qwen3-4b-instruct-2507,0.888218,746940,28000,26.7
lit_Latn-mkd_Cyrl,shaomutan_remedy-9b-22,0.923176055,4431907,200000,22.2
lit_Latn-mlg_Latn,metricx24,unknown,226249,1200000,0.2
lit_Latn-mlt_Latn,shaomutan_remedy-9b-22,0.846483857,8465502,200000,42.3
lit_Latn-mon_Cyrl,metricx24,unknown,157796,1200000,0.1
lit_Latn-mri_Latn,metricx24,0.633621542,104515,1200000,0.1
lit_Latn-msa_Latn,metricx24,unknown,2428992,1200000,2.0
lit_Latn-mya_Mymr,shaomutan_remedy-9b-22,0.885910423,455870,200000,2.3
lit_Latn-nds_Latn,metricx24,unknown,130179,1200000,0.1
lit_Latn-nep_Deva,metricx24,unknown,360400,1200000,0.3
lit_Latn-nld_Latn,shaomutan_remedy-9b-22,0.923506913,28489558,200000,142.4
lit_Latn-nno_Latn,qwen3-4b-instruct-2507,0.854853,449587,28000,16.1
lit_Latn-nob_Latn,shaomutan_remedy-9b-22,0.89346378,11924574,200000,59.6
lit_Latn-nor_Latn,metricx24,unknown,3722734,1200000,3.1
lit_Latn-npi_Deva,qwen3-4b-instruct-2507,0.873529,193155,28000,6.9
lit_Latn-nya_Latn,metricx24,0.686463639,81518,1200000,0.1
lit_Latn-oci_Latn,qwen3-4b-instruct-2507,0.856381,146857,28000,5.2
lit_Latn-pan_Guru,qwen3-4b-instruct-2507,0.907561,142195,28000,5.1
lit_Latn-pbt_Arab,shaomutan_remedy-9b-22,0.751120539,84000,200000,0.4
lit_Latn-plt_Latn,metricx24,0.759762634,614964,1200000,0.5
lit_Latn-pol_Latn,metricx24,0.812443,29861254,1200000,24.9
lit_Latn-por_Latn,metricx24,0.837864,28668367,1200000,23.9
lit_Latn-pus_Arab,metricx24,unknown,104047,1200000,0.1
lit_Latn-rmy_Latn,metricx24,unknown,40350,1200000,0.0
lit_Latn-ron_Latn,metricx24,0.84029,23939287,1200000,19.9
lit_Latn-rus_Cyrl,metricx24,0.866143,23535928,1200000,19.6
lit_Latn-sin_Sinh,shaomutan_remedy-9b-22,0.861811931,1059932,200000,5.3
lit_Latn-slk_Latn,metricx24,0.794078,27507333,1200000,22.9
lit_Latn-slv_Latn,metricx24,0.845847,23820970,1200000,19.9
lit_Latn-sna_Latn,metricx24,0.660251893,88281,1200000,0.1
lit_Latn-snd_Arab,qwen3-4b-instruct-2507,0.834654,71610,28000,2.6
lit_Latn-som_Latn,shaomutan_remedy-9b-22,0.734853509,203625,200000,1.0
lit_Latn-spa_Latn,qwen3-4b-instruct-2507,0.932693,60084,28000,2.1
lit_Latn-sqi_Latn,metricx24,unknown,1227849,1200000,1.0
lit_Latn-srd_Latn,qwen3-4b-instruct-2507,0.792558,266100,28000,9.5
lit_Latn-srp_Cyrl,metricx24,0.881066,5668363,1200000,4.7
lit_Latn-srp_Latn,metricx24,unknown,3194283,1200000,2.7
lit_Latn-sun_Latn,shaomutan_remedy-9b-22,0.787318633,272475,200000,1.4
lit_Latn-swa_Latn,metricx24,unknown,883420,1200000,0.7
lit_Latn-swc_Latn,metricx24,unknown,170064,1200000,0.1
lit_Latn-swe_Latn,shaomutan_remedy-9b-22,0.922568004,25108051,200000,125.5
lit_Latn-swh_Latn,shaomutan_remedy-9b-22,0.802206523,1107620,200000,5.5
lit_Latn-tam_Taml,metricx24,0.802787,2650651,1200000,2.2
lit_Latn-tel_Telu,qwen3-4b-instruct-2507,0.911294,1039372,28000,37.1
lit_Latn-tgk_Cyrl,qwen3-4b-instruct-2507,0.826053,215347,28000,7.7
lit_Latn-tgl_Latn,qwen3-4b-instruct-2507,0.892414,1197843,28000,42.8
lit_Latn-tha_Thai,metricx24,0.807447,4478215,1200000,3.7
lit_Latn-tur_Latn,shaomutan_remedy-9b-22,0.935314626,14994365,200000,75.0
lit_Latn-ukr_Cyrl,metricx24,0.838288,11101511,1200000,9.3
lit_Latn-urd_Arab,qwen3-4b-instruct-2507,0.846784,1259715,28000,45.0
lit_Latn-uzn_Latn,qwen3-4b-instruct-2507,0.8056,322889,28000,11.5
lit_Latn-vec_Latn,qwen3-4b-instruct-2507,0.863375,63822,28000,2.3
lit_Latn-vie_Latn,metricx24,0.83525,11453267,1200000,9.5
lit_Latn-xho_Latn,shaomutan_remedy-9b-22,0.714148914,403272,200000,2.0
lit_Latn-yor_Latn,shaomutan_remedy-9b-22,0.642960549,138772,200000,0.7
lit_Latn-yue_Hani,metricx24,unknown,407987,1200000,0.3
lit_Latn-zho_Hans,metricx24,0.84271,3214099,1200000,2.7
lit_Latn-zho_Hant,qwen3-4b-instruct-2507,0.951055,1752899,28000,62.6
lit_Latn-zsm_Latn,qwen3-4b-instruct-2507,0.845794,1718436,28000,61.4
lit_Latn-zul_Latn,shaomutan_remedy-9b-22,0.755871749,90108,200000,0.5
lmo_Latn-nld_Latn,shaomutan_remedy-9b-22,0.930694798,76140,200000,0.4
lmo_Latn-pol_Latn,shaomutan_remedy-9b-22,0.939736861,60681,200000,0.3
lmo_Latn-por_Latn,shaomutan_remedy-9b-22,0.931012981,98403,200000,0.5
lmo_Latn-rus_Cyrl,shaomutan_remedy-9b-22,0.942936435,74616,200000,0.4
lmo_Latn-swe_Latn,shaomutan_remedy-9b-22,0.911453217,55996,200000,0.3
ltg_Latn-ltg_Latn,qwen3-4b-instruct-2507,unknown,12981,28000,0.5
ltg_Latn-rus_Cyrl,shaomutan_remedy-9b-22,0.922367587,294873,200000,1.5
ltz_Latn-cmn_Hani,metricx24,unknown,281051,1200000,0.2
ltz_Latn-eng_Latn,qwen3-4b-instruct-2507,0.963011,438496,28000,15.7
ltz_Latn-fra_Latn,qwen3-4b-instruct-2507,0.934017,190890,28000,6.8
ltz_Latn-hun_Latn,shaomutan_remedy-9b-22,0.925240601,64494,200000,0.3
ltz_Latn-ita_Latn,shaomutan_remedy-9b-22,0.933893711,146497,200000,0.7
ltz_Latn-lav_Latn,metricx24,unknown,77344,1200000,0.1
ltz_Latn-lit_Latn,shaomutan_remedy-9b-22,0.923153116,204116,200000,1.0
ltz_Latn-ltz_Latn,metricx24,unknown,50753,1200000,0.0
ltz_Latn-lvs_Latn,shaomutan_remedy-9b-22,0.929972536,97146,200000,0.5
ltz_Latn-mal_Mlym,shaomutan_remedy-9b-22,0.916185173,147926,200000,0.7
ltz_Latn-mar_Deva,shaomutan_remedy-9b-22,0.920192368,123472,200000,0.6
ltz_Latn-mkd_Cyrl,shaomutan_remedy-9b-22,0.925764272,224405,200000,1.1
ltz_Latn-mlg_Latn,metricx24,unknown,54676,1200000,0.0
ltz_Latn-msa_Latn,metricx24,unknown,145841,1200000,0.1
ltz_Latn-nep_Deva,metricx24,unknown,61487,1200000,0.1
ltz_Latn-nld_Latn,shaomutan_remedy-9b-22,0.932168054,979041,200000,4.9
ltz_Latn-nob_Latn,shaomutan_remedy-9b-22,0.919134319,194587,200000,1.0
ltz_Latn-nor_Latn,metricx24,unknown,269115,1200000,0.2
ltz_Latn-oci_Latn,shaomutan_remedy-9b-22,0.876500881,66989,200000,0.3
ltz_Latn-pol_Latn,shaomutan_remedy-9b-22,0.91794312,407023,200000,2.0
ltz_Latn-por_Latn,shaomutan_remedy-9b-22,0.931616276,432495,200000,2.2
ltz_Latn-ron_Latn,shaomutan_remedy-9b-22,0.924756267,340355,200000,1.7
ltz_Latn-rus_Cyrl,shaomutan_remedy-9b-22,0.925829506,525896,200000,2.6
ltz_Latn-sin_Sinh,shaomutan_remedy-9b-22,0.907692496,138035,200000,0.7
ltz_Latn-slk_Latn,shaomutan_remedy-9b-22,0.921121323,281761,200000,1.4
ltz_Latn-slv_Latn,shaomutan_remedy-9b-22,0.927514566,189289,200000,0.9
ltz_Latn-spa_Latn,shaomutan_remedy-9b-22,0.931376575,156768,200000,0.8
ltz_Latn-sqi_Latn,metricx24,unknown,144962,1200000,0.1
ltz_Latn-srp_Cyrl,shaomutan_remedy-9b-22,0.934243062,206361,200000,1.0
ltz_Latn-swa_Latn,metricx24,unknown,110433,1200000,0.1
ltz_Latn-swe_Latn,shaomutan_remedy-9b-22,0.929594448,374254,200000,1.9
ltz_Latn-tam_Taml,shaomutan_remedy-9b-22,0.908742642,123453,200000,0.6
ltz_Latn-tel_Telu,shaomutan_remedy-9b-22,0.90201731,60718,200000,0.3
ltz_Latn-tgl_Latn,shaomutan_remedy-9b-22,0.919607828,132079,200000,0.7
ltz_Latn-tha_Thai,shaomutan_remedy-9b-22,0.932515011,103652,200000,0.5
ltz_Latn-tur_Latn,shaomutan_remedy-9b-22,0.932454865,306334,200000,1.5
ltz_Latn-ukr_Cyrl,shaomutan_remedy-9b-22,0.931050303,297948,200000,1.5
ltz_Latn-urd_Arab,shaomutan_remedy-9b-22,0.889744765,119977,200000,0.6
ltz_Latn-xho_Latn,shaomutan_remedy-9b-22,0.763582815,44385,200000,0.2
ltz_Latn-zho_Hans,qwen3-4b-instruct-2507,0.929517,542447,28000,19.4
lua_Latn-nya_Latn,shaomutan_remedy-9b-22,0.644672719,135101,200000,0.7
lua_Latn-run_Latn,shaomutan_remedy-9b-22,0.593094559,104012,200000,0.5
lua_Latn-sna_Latn,shaomutan_remedy-9b-22,0.680305897,127562,200000,0.6
lua_Latn-swa_Latn,qwen3-4b-instruct-2507,unknown,103970,28000,3.7
lua_Latn-tsn_Latn,shaomutan_remedy-9b-22,0.716982834,102422,200000,0.5
lua_Latn-xho_Latn,shaomutan_remedy-9b-22,0.665891602,119170,200000,0.6
lua_Latn-zul_Latn,shaomutan_remedy-9b-22,0.674825657,125982,200000,0.6
lue_Latn-fra_Latn,metricx24,unknown,130427,1200000,0.1
lug_Latn-lug_Latn,qwen3-4b-instruct-2507,unknown,13664,28000,0.5
lug_Latn-nld_Latn,shaomutan_remedy-9b-22,0.81615758,233952,200000,1.2
lug_Latn-nso_Latn,metricx24,0.491449163,99344,1200000,0.1
lug_Latn-nya_Latn,shaomutan_remedy-9b-22,0.688617709,160053,200000,0.8
lug_Latn-pol_Latn,shaomutan_remedy-9b-22,0.827437651,167587,200000,0.8
lug_Latn-por_Latn,qwen3-4b-instruct-2507,0.763176,344856,28000,12.3
lug_Latn-ron_Latn,shaomutan_remedy-9b-22,0.830997256,100451,200000,0.5
lug_Latn-run_Latn,shaomutan_remedy-9b-22,0.632145159,106183,200000,0.5
lug_Latn-rus_Cyrl,shaomutan_remedy-9b-22,0.848214654,253570,200000,1.3
lug_Latn-sna_Latn,shaomutan_remedy-9b-22,0.728787782,155241,200000,0.8
lug_Latn-som_Latn,shaomutan_remedy-9b-22,0.664749331,129072,200000,0.6
lug_Latn-sot_Latn,shaomutan_remedy-9b-22,0.786093206,140449,200000,0.7
lug_Latn-swa_Latn,qwen3-4b-instruct-2507,unknown,142427,28000,5.1
lug_Latn-swe_Latn,shaomutan_remedy-9b-22,0.822923517,102210,200000,0.5
lug_Latn-swh_Latn,shaomutan_remedy-9b-22,0.790635972,120751,200000,0.6
lug_Latn-tsn_Latn,shaomutan_remedy-9b-22,0.700629548,146830,200000,0.7
lug_Latn-tso_Latn,shaomutan_remedy-9b-22,0.607290749,104940,200000,0.5
lug_Latn-tur_Latn,shaomutan_remedy-9b-22,0.80825914,143357,200000,0.7
lug_Latn-twi_Latn,shaomutan_remedy-9b-22,0.588998351,114667,200000,0.6
lug_Latn-vie_Latn,shaomutan_remedy-9b-22,0.807075557,87314,200000,0.4
lug_Latn-xho_Latn,shaomutan_remedy-9b-22,0.725559145,138559,200000,0.7
lug_Latn-yor_Latn,shaomutan_remedy-9b-22,0.605386886,127157,200000,0.6
lug_Latn-zho_Hans,qwen3-4b-instruct-2507,0.824928,96964,28000,3.5
lug_Latn-zul_Latn,shaomutan_remedy-9b-22,0.737660573,157453,200000,0.8
luo_Latn-nya_Latn,shaomutan_remedy-9b-22,0.626788342,116923,200000,0.6
luo_Latn-sna_Latn,shaomutan_remedy-9b-22,0.667045407,141120,200000,0.7
luo_Latn-som_Latn,m-prometheus-7b,0.596809358,99887,27000,3.7
luo_Latn-swa_Latn,qwen3-4b-instruct-2507,unknown,113481,28000,4.1
luo_Latn-tsn_Latn,shaomutan_remedy-9b-22,0.709089713,101130,200000,0.5
luo_Latn-xho_Latn,shaomutan_remedy-9b-22,0.62495281,109861,200000,0.5
luo_Latn-zul_Latn,shaomutan_remedy-9b-22,0.653311391,121843,200000,0.6
lus_Latn-lus_Latn,qwen3-4b-instruct-2507,unknown,8439,28000,0.3
lvs_Latn-als_Latn,metricx24,0.817042,2286901,1200000,1.9
lvs_Latn-cmn_Hani,metricx24,unknown,2515913,1200000,2.1
lvs_Latn-dan_Latn,qwen3-4b-instruct-2507,0.930667,171803,28000,6.1
lvs_Latn-eng_Latn,qwen3-4b-instruct-2507,0.981921,159081,28000,5.7
lvs_Latn-fil_Latn,metricx24,unknown,366666,1200000,0.3
lvs_Latn-fra_Latn,qwen3-4b-instruct-2507,0.957516,113802,28000,4.1
lvs_Latn-fur_Latn,qwen3-4b-instruct-2507,0.84334,118678,28000,4.2
lvs_Latn-hbs_Latn,metricx24,unknown,1128856,1200000,0.9
lvs_Latn-hrv_Latn,metricx24,0.906249732,178221,1200000,0.1
lvs_Latn-ind_Latn,shaomutan_remedy-9b-22,0.921010409,304438,200000,1.5
lvs_Latn-ita_Latn,qwen3-4b-instruct-2507,0.958009,126711,28000,4.5
lvs_Latn-khk_Cyrl,metricx24,0.809849138,120043,1200000,0.1
lvs_Latn-lit_Latn,shaomutan_remedy-9b-22,0.896080907,61678,200000,0.3
lvs_Latn-lvs_Latn,metricx24,unknown,370945,1200000,0.3
lvs_Latn-lzh_Hani,metricx24,unknown,107215,1200000,0.1
lvs_Latn-mal_Mlym,qwen3-4b-instruct-2507,0.933559,516853,28000,18.5
lvs_Latn-mar_Deva,qwen3-4b-instruct-2507,0.921872,457400,28000,16.3
lvs_Latn-mkd_Cyrl,metricx24,0.856255,2690438,1200000,2.2
lvs_Latn-mlg_Latn,metricx24,unknown,109854,1200000,0.1
lvs_Latn-mlt_Latn,shaomutan_remedy-9b-22,0.857872741,8100263,200000,40.5
lvs_Latn-mon_Cyrl,metricx24,unknown,73904,1200000,0.1
lvs_Latn-mri_Latn,metricx24,0.615289926,69983,1200000,0.1
lvs_Latn-msa_Latn,metricx24,unknown,1324382,1200000,1.1
lvs_Latn-mya_Mymr,shaomutan_remedy-9b-22,0.876511681,211083,200000,1.1
lvs_Latn-nds_Latn,metricx24,unknown,72494,1200000,0.1
lvs_Latn-nep_Deva,metricx24,unknown,225559,1200000,0.2
lvs_Latn-nld_Latn,metricx24,0.895123,22848218,1200000,19.0
lvs_Latn-nno_Latn,shaomutan_remedy-9b-22,0.874608347,322356,200000,1.6
lvs_Latn-nob_Latn,shaomutan_remedy-9b-22,0.906476676,9849673,200000,49.2
lvs_Latn-nor_Latn,metricx24,unknown,2223632,1200000,1.9
lvs_Latn-npi_Deva,qwen3-4b-instruct-2507,0.906546,148993,28000,5.3
lvs_Latn-nya_Latn,metricx24,0.684066449,69379,1200000,0.1
lvs_Latn-oci_Latn,qwen3-4b-instruct-2507,0.861175,66265,28000,2.4
lvs_Latn-pan_Guru,qwen3-4b-instruct-2507,0.932952,90674,28000,3.2
lvs_Latn-pbt_Arab,shaomutan_remedy-9b-22,0.763089122,74744,200000,0.4
lvs_Latn-plt_Latn,metricx24,0.759835505,133769,1200000,0.1
lvs_Latn-pol_Latn,metricx24,0.822866,22797502,1200000,19.0
lvs_Latn-por_Latn,metricx24,0.843217,23136649,1200000,19.3
lvs_Latn-pus_Arab,metricx24,unknown,58650,1200000,0.0
lvs_Latn-ron_Latn,metricx24,0.845971,18546208,1200000,15.5
lvs_Latn-rus_Cyrl,metricx24,0.872588,15212124,1200000,12.7
lvs_Latn-sin_Sinh,shaomutan_remedy-9b-22,0.890399355,563207,200000,2.8
lvs_Latn-slk_Latn,shaomutan_remedy-9b-22,0.915529156,23593415,200000,118.0
lvs_Latn-slv_Latn,metricx24,0.847195,20767624,1200000,17.3
lvs_Latn-som_Latn,shaomutan_remedy-9b-22,0.698115986,117270,200000,0.6
lvs_Latn-spa_Latn,qwen3-4b-instruct-2507,0.9456,106991,28000,3.8
lvs_Latn-sqi_Latn,metricx24,unknown,627241,1200000,0.5
lvs_Latn-srd_Latn,qwen3-4b-instruct-2507,0.801309,148613,28000,5.3
lvs_Latn-srp_Cyrl,metricx24,0.874714,4590467,1200000,3.8
lvs_Latn-srp_Latn,metricx24,unknown,1356533,1200000,1.1
lvs_Latn-sun_Latn,qwen3-4b-instruct-2507,0.830826,183504,28000,6.6
lvs_Latn-swa_Latn,metricx24,unknown,577613,1200000,0.5
lvs_Latn-swc_Latn,metricx24,unknown,145363,1200000,0.1
lvs_Latn-swe_Latn,metricx24,0.85896,20618028,1200000,17.2
lvs_Latn-swh_Latn,shaomutan_remedy-9b-22,0.792601837,980272,200000,4.9
lvs_Latn-tam_Taml,qwen3-4b-instruct-2507,0.942972,1054374,28000,37.7
lvs_Latn-tel_Telu,qwen3-4b-instruct-2507,0.927969,697392,28000,24.9
lvs_Latn-tgk_Cyrl,qwen3-4b-instruct-2507,0.865276,151243,28000,5.4
lvs_Latn-tgl_Latn,qwen3-4b-instruct-2507,0.895714,650654,28000,23.2
lvs_Latn-tha_Thai,metricx24,0.816293,2561890,1200000,2.1
lvs_Latn-tur_Latn,shaomutan_remedy-9b-22,0.940436639,6833390,200000,34.2
lvs_Latn-ukr_Cyrl,metricx24,0.844639,7706439,1200000,6.4
lvs_Latn-urd_Arab,qwen3-4b-instruct-2507,0.88221,761235,28000,27.2
lvs_Latn-uzn_Latn,qwen3-4b-instruct-2507,0.852125,277679,28000,9.9
lvs_Latn-vie_Latn,metricx24,0.839003,5656127,1200000,4.7
lvs_Latn-xho_Latn,metricx24,0.697806309,254833,1200000,0.2
lvs_Latn-yor_Latn,shaomutan_remedy-9b-22,0.638025988,97385,200000,0.5
lvs_Latn-yue_Hani,metricx24,unknown,245983,1200000,0.2
lvs_Latn-zho_Hans,qwen3-4b-instruct-2507,0.967939,1910766,28000,68.2
lvs_Latn-zho_Hant,qwen3-4b-instruct-2507,0.967422,816570,28000,29.2
lvs_Latn-zsm_Latn,qwen3-4b-instruct-2507,0.877287,1349029,28000,48.2
lvs_Latn-zul_Latn,shaomutan_remedy-9b-22,0.745689165,63767,200000,0.3
lzh_Hani-kor_Hang,metricx24,unknown,79217,1200000,0.1
lzh_Hani-lzh_Hani,qwen3-4b-instruct-2507,unknown,148078,28000,5.3
lzh_Hani-nld_Latn,metricx24,unknown,161745,1200000,0.1
lzh_Hani-pol_Latn,metricx24,unknown,165924,1200000,0.1
lzh_Hani-por_Latn,metricx24,unknown,182584,1200000,0.2
lzh_Hani-ron_Latn,metricx24,unknown,87090,1200000,0.1
lzh_Hani-rus_Cyrl,metricx24,unknown,230725,1200000,0.2
lzh_Hani-swe_Latn,metricx24,unknown,130660,1200000,0.1
lzh_Hani-tur_Latn,metricx24,unknown,126935,1200000,0.1
lzh_Hani-ukr_Cyrl,metricx24,unknown,60103,1200000,0.1
lzh_Hani-zho_Hans,metricx24,unknown,239739,1200000,0.2
lzh_Hani-zho_Hant,metricx24,unknown,140386,1200000,0.1
mag_Deva-mal_Mlym,qwen3-4b-instruct-2507,0.942932,289426,28000,10.3
mag_Deva-mar_Deva,shaomutan_remedy-9b-22,0.929639886,170197,200000,0.9
mag_Deva-npi_Deva,bicleaner-ai,0.921668492,148207,2250000,0.1
mag_Deva-ory_Orya,qwen3-4b-instruct-2507,0.953982,113672,28000,4.1
mag_Deva-sin_Sinh,shaomutan_remedy-9b-22,0.911500284,155897,200000,0.8
mag_Deva-tam_Taml,qwen3-4b-instruct-2507,0.938556,301446,28000,10.8
mag_Deva-tel_Telu,qwen3-4b-instruct-2507,0.94105,350619,28000,12.5
mag_Deva-urd_Arab,shaomutan_remedy-9b-22,0.930138434,191736,200000,1.0
mai_Deva-mal_Mlym,qwen3-4b-instruct-2507,0.936033,503072,28000,18.0
mai_Deva-mar_Deva,shaomutan_remedy-9b-22,0.942776863,360555,200000,1.8
mai_Deva-nds_Latn,qwen3-4b-instruct-2507,unknown,37831,28000,1.4
mai_Deva-nep_Deva,qwen3-4b-instruct-2507,unknown,190529,28000,6.8
mai_Deva-nno_Latn,shaomutan_remedy-9b-22,0.925034401,38913,200000,0.2
mai_Deva-npi_Deva,shaomutan_remedy-9b-22,0.91829453,298408,200000,1.5
mai_Deva-oci_Latn,qwen3-4b-instruct-2507,0.876605,19538,28000,0.7
mai_Deva-ory_Orya,qwen3-4b-instruct-2507,0.948616,243838,28000,8.7
mai_Deva-pan_Guru,qwen3-4b-instruct-2507,0.94671,197170,28000,7.0
mai_Deva-san_Deva,m-prometheus-7b,0.831314087,139116,27000,5.2
mai_Deva-sin_Sinh,shaomutan_remedy-9b-22,0.910017198,272783,200000,1.4
mai_Deva-snd_Arab,qwen3-4b-instruct-2507,0.905027,151651,28000,5.4
mai_Deva-tam_Taml,qwen3-4b-instruct-2507,0.937636,545891,28000,19.5
mai_Deva-tel_Telu,qwen3-4b-instruct-2507,0.935884,591447,28000,21.1
mai_Deva-urd_Arab,shaomutan_remedy-9b-22,0.923484311,333484,200000,1.7
mal_Mlym-als_Latn,qwen3-4b-instruct-2507,0.894425,480199,28000,17.1
mal_Mlym-cmn_Hani,metricx24,unknown,1583502,1200000,1.3
mal_Mlym-fil_Latn,metricx24,unknown,387345,1200000,0.3
mal_Mlym-hbs_Latn,metricx24,unknown,77259,1200000,0.1
mal_Mlym-ind_Latn,shaomutan_remedy-9b-22,0.924595121,318868,200000,1.6
mal_Mlym-khk_Cyrl,metricx24,0.794793024,103268,1200000,0.1
mal_Mlym-kin_Latn,shaomutan_remedy-9b-22,0.808685605,32224,200000,0.2
mal_Mlym-lzh_Hani,metricx24,unknown,125902,1200000,0.1
mal_Mlym-mar_Deva,shaomutan_remedy-9b-22,0.928776398,5014382,200000,25.1
mal_Mlym-mon_Cyrl,metricx24,unknown,100902,1200000,0.1
mal_Mlym-msa_Latn,metricx24,unknown,1075922,1200000,0.9
mal_Mlym-mya_Mymr,shaomutan_remedy-9b-22,0.915241889,368081,200000,1.8
mal_Mlym-nds_Latn,metricx24,unknown,80821,1200000,0.1
mal_Mlym-nep_Deva,metricx24,unknown,698779,1200000,0.6
mal_Mlym-nld_Latn,shaomutan_remedy-9b-22,0.925809702,2693218,200000,13.5
mal_Mlym-nno_Latn,shaomutan_remedy-9b-22,0.912611888,104322,200000,0.5
mal_Mlym-nob_Latn,shaomutan_remedy-9b-22,0.929512933,938266,200000,4.7
mal_Mlym-nor_Latn,metricx24,unknown,829017,1200000,0.7
mal_Mlym-npi_Deva,shaomutan_remedy-9b-22,0.911694158,1507962,200000,7.5
mal_Mlym-nya_Latn,shaomutan_remedy-9b-22,0.724016436,69360,200000,0.3
mal_Mlym-oci_Latn,qwen3-4b-instruct-2507,0.850129,134026,28000,4.8
mal_Mlym-ory_Orya,metricx24,0.752029,2654181,1200000,2.2
mal_Mlym-pan_Guru,qwen3-4b-instruct-2507,0.910408,1315260,28000,47.0
mal_Mlym-pbt_Arab,shaomutan_remedy-9b-22,0.783883545,73994,200000,0.4
mal_Mlym-pol_Latn,shaomutan_remedy-9b-22,0.931851549,2546191,200000,12.7
mal_Mlym-por_Latn,metricx24,0.840995,2091484,1200000,1.7
mal_Mlym-pus_Arab,metricx24,unknown,84435,1200000,0.1
mal_Mlym-ron_Latn,shaomutan_remedy-9b-22,0.943423366,2446712,200000,12.2
mal_Mlym-rus_Cyrl,shaomutan_remedy-9b-22,0.942713683,4829048,200000,24.1
mal_Mlym-san_Deva,shaomutan_remedy-9b-22,0.776831651,292703,200000,1.5
mal_Mlym-sin_Sinh,shaomutan_remedy-9b-22,0.923817768,2474617,200000,12.4
mal_Mlym-slk_Latn,shaomutan_remedy-9b-22,0.931145929,1313290,200000,6.6
mal_Mlym-slv_Latn,shaomutan_remedy-9b-22,0.939878711,1309055,200000,6.5
mal_Mlym-sna_Latn,shaomutan_remedy-9b-22,0.715510523,78630,200000,0.4
mal_Mlym-snd_Arab,qwen3-4b-instruct-2507,0.86006,988160,28000,35.3
mal_Mlym-som_Latn,shaomutan_remedy-9b-22,0.761636665,166479,200000,0.8
mal_Mlym-sqi_Latn,metricx24,unknown,431035,1200000,0.4
mal_Mlym-srd_Latn,qwen3-4b-instruct-2507,0.808288,54449,28000,1.9
mal_Mlym-srp_Cyrl,qwen3-4b-instruct-2507,0.948034,828097,28000,29.6
mal_Mlym-srp_Latn,metricx24,unknown,1031044,1200000,0.9
mal_Mlym-sun_Latn,qwen3-4b-instruct-2507,0.825819,250798,28000,9.0
mal_Mlym-swa_Latn,metricx24,unknown,347935,1200000,0.3
mal_Mlym-swe_Latn,shaomutan_remedy-9b-22,0.937926907,2082532,200000,10.4
mal_Mlym-swh_Latn,shaomutan_remedy-9b-22,0.891807335,177342,200000,0.9
mal_Mlym-tam_Taml,shaomutan_remedy-9b-22,0.9429287,4772541,200000,23.9
mal_Mlym-tel_Telu,shaomutan_remedy-9b-22,0.926780665,9304512,200000,46.5
mal_Mlym-tgk_Cyrl,qwen3-4b-instruct-2507,0.853892,162744,28000,5.8
mal_Mlym-tgl_Latn,shaomutan_remedy-9b-22,0.920837166,549053,200000,2.7
mal_Mlym-tha_Thai,shaomutan_remedy-9b-22,0.930672919,1638005,200000,8.2
mal_Mlym-tur_Latn,shaomutan_remedy-9b-22,0.946266753,6191942,200000,31.0
mal_Mlym-ukr_Cyrl,shaomutan_remedy-9b-22,0.933825247,1685404,200000,8.4
mal_Mlym-urd_Arab,shaomutan_remedy-9b-22,0.893753732,3682667,200000,18.4
mal_Mlym-uzn_Latn,qwen3-4b-instruct-2507,0.84889,66347,28000,2.4
mal_Mlym-vie_Latn,shaomutan_remedy-9b-22,0.916031357,1985234,200000,9.9
mal_Mlym-wln_Latn,metricx24,unknown,33393,1200000,0.0
mal_Mlym-xho_Latn,shaomutan_remedy-9b-22,0.784960806,290807,200000,1.5
mal_Mlym-yor_Latn,shaomutan_remedy-9b-22,0.70127762,121477,200000,0.6
mal_Mlym-yue_Hani,metricx24,unknown,197160,1200000,0.2
mal_Mlym-zho_Hans,qwen3-4b-instruct-2507,0.948686,1277658,28000,45.6
mal_Mlym-zho_Hant,qwen3-4b-instruct-2507,0.939637,791733,28000,28.3
mal_Mlym-zsm_Latn,qwen3-4b-instruct-2507,0.831667,507640,28000,18.1
mal_Mlym-zul_Latn,shaomutan_remedy-9b-22,0.788808539,80060,200000,0.4
mar_Deva-als_Latn,qwen3-4b-instruct-2507,0.891045,303456,28000,10.8
mar_Deva-cmn_Hani,metricx24,unknown,268928,1200000,0.2
mar_Deva-fil_Latn,metricx24,unknown,190217,1200000,0.2
mar_Deva-hbs_Latn,metricx24,unknown,71860,1200000,0.1
mar_Deva-lzh_Hani,metricx24,unknown,93067,1200000,0.1
mar_Deva-msa_Latn,metricx24,unknown,482784,1200000,0.4
mar_Deva-mya_Mymr,shaomutan_remedy-9b-22,0.896481188,218317,200000,1.1
mar_Deva-nds_Latn,metricx24,unknown,52928,1200000,0.0
mar_Deva-nep_Deva,metricx24,unknown,680786,1200000,0.6
mar_Deva-nld_Latn,shaomutan_remedy-9b-22,0.929647828,1569165,200000,7.8
mar_Deva-nno_Latn,shaomutan_remedy-9b-22,0.918589604,69455,200000,0.3
mar_Deva-nob_Latn,shaomutan_remedy-9b-22,0.931054241,306811,200000,1.5
mar_Deva-nor_Latn,metricx24,unknown,561028,1200000,0.5
mar_Deva-npi_Deva,qwen3-4b-instruct-2507,0.840035,1387349,28000,49.5
mar_Deva-nya_Latn,shaomutan_remedy-9b-22,0.711048783,68565,200000,0.3
mar_Deva-oci_Latn,shaomutan_remedy-9b-22,0.859613657,93346,200000,0.5
mar_Deva-ory_Orya,qwen3-4b-instruct-2507,0.932668,1916532,28000,68.4
mar_Deva-pan_Guru,qwen3-4b-instruct-2507,0.913833,1092369,28000,39.0
mar_Deva-pbt_Arab,shaomutan_remedy-9b-22,0.756806021,67449,200000,0.3
mar_Deva-pol_Latn,shaomutan_remedy-9b-22,0.92440131,1386763,200000,6.9
mar_Deva-por_Latn,metricx24,0.833764,2002543,1200000,1.7
mar_Deva-pus_Arab,metricx24,unknown,77356,1200000,0.1
mar_Deva-ron_Latn,shaomutan_remedy-9b-22,0.944527463,1034322,200000,5.2
mar_Deva-rus_Cyrl,shaomutan_remedy-9b-22,0.936274179,2766560,200000,13.8
mar_Deva-san_Deva,shaomutan_remedy-9b-22,0.765385288,270537,200000,1.4
mar_Deva-sin_Sinh,shaomutan_remedy-9b-22,0.894413662,1856980,200000,9.3
mar_Deva-slk_Latn,shaomutan_remedy-9b-22,0.93580174,922202,200000,4.6
mar_Deva-slv_Latn,shaomutan_remedy-9b-22,0.938743407,654626,200000,3.3
mar_Deva-sna_Latn,shaomutan_remedy-9b-22,0.686462097,77513,200000,0.4
mar_Deva-snd_Arab,qwen3-4b-instruct-2507,0.869487,715041,28000,25.5
mar_Deva-som_Latn,shaomutan_remedy-9b-22,0.761304284,156165,200000,0.8
mar_Deva-sqi_Latn,metricx24,unknown,403946,1200000,0.3
mar_Deva-srd_Latn,qwen3-4b-instruct-2507,0.795032,61564,28000,2.2
mar_Deva-srp_Cyrl,qwen3-4b-instruct-2507,0.937247,616610,28000,22.0
mar_Deva-sun_Latn,qwen3-4b-instruct-2507,0.839557,206747,28000,7.4
mar_Deva-swa_Latn,metricx24,unknown,333441,1200000,0.3
mar_Deva-swe_Latn,shaomutan_remedy-9b-22,0.942138092,1002298,200000,5.0
mar_Deva-swh_Latn,shaomutan_remedy-9b-22,0.899323503,172822,200000,0.9
mar_Deva-tam_Taml,metricx24,0.813875,3152576,1200000,2.6
mar_Deva-tel_Telu,metricx24,0.783459,5623930,1200000,4.7
mar_Deva-tgk_Cyrl,m-prometheus-7b,0.860024888,135321,27000,5.0
mar_Deva-tgl_Latn,shaomutan_remedy-9b-22,0.917116506,566558,200000,2.8
mar_Deva-tha_Thai,qwen3-4b-instruct-2507,0.909099,806931,28000,28.8
mar_Deva-tur_Latn,shaomutan_remedy-9b-22,0.946609683,3033754,200000,15.2
mar_Deva-ukr_Cyrl,shaomutan_remedy-9b-22,0.947174549,1069516,200000,5.3
mar_Deva-urd_Arab,shaomutan_remedy-9b-22,0.916197113,2504816,200000,12.5
mar_Deva-uzn_Latn,qwen3-4b-instruct-2507,0.838721,69330,28000,2.5
mar_Deva-vie_Latn,qwen3-4b-instruct-2507,0.906431,829669,28000,29.6
mar_Deva-wln_Latn,metricx24,unknown,24270,1200000,0.0
mar_Deva-xho_Latn,shaomutan_remedy-9b-22,0.79025923,242746,200000,1.2
mar_Deva-yor_Latn,shaomutan_remedy-9b-22,0.718430314,114653,200000,0.6
mar_Deva-yue_Hani,metricx24,unknown,148123,1200000,0.1
mar_Deva-zho_Hans,qwen3-4b-instruct-2507,0.952369,731877,28000,26.1
mar_Deva-zho_Hant,qwen3-4b-instruct-2507,0.945132,337198,28000,12.0
mar_Deva-zsm_Latn,qwen3-4b-instruct-2507,0.847456,156160,28000,5.6
mar_Deva-zul_Latn,shaomutan_remedy-9b-22,0.816818233,75464,200000,0.4
mar_Latn-mar_Latn,qwen3-4b-instruct-2507,unknown,20755,28000,0.7
mhr_Cyrl-bos_Latn,qwen3-4b-instruct-2507,unknown,37782,28000,1.3
mhr_Cyrl-ces_Latn,metricx24,unknown,119589,1200000,0.1
mhr_Cyrl-dan_Latn,metricx24,unknown,76870,1200000,0.1
mhr_Cyrl-deu_Latn,metricx24,unknown,104611,1200000,0.1
mhr_Cyrl-ell_Grek,metricx24,unknown,120380,1200000,0.1
mhr_Cyrl-eng_Latn,metricx24,unknown,156701,1200000,0.1
mhr_Cyrl-est_Latn,metricx24,unknown,37897,1200000,0.0
mhr_Cyrl-fas_Arab,qwen3-4b-instruct-2507,unknown,92917,28000,3.3
mhr_Cyrl-fin_Latn,metricx24,unknown,89263,1200000,0.1
mhr_Cyrl-fra_Latn,metricx24,unknown,118267,1200000,0.1
mhr_Cyrl-heb_Hebr,metricx24,unknown,89070,1200000,0.1
mhr_Cyrl-hrv_Latn,qwen3-4b-instruct-2507,unknown,93326,28000,3.3
mhr_Cyrl-hun_Latn,metricx24,unknown,119023,1200000,0.1
mhr_Cyrl-ind_Latn,metricx24,unknown,85915,1200000,0.1
mhr_Cyrl-ita_Latn,metricx24,unknown,109539,1200000,0.1
mhr_Cyrl-nld_Latn,metricx24,unknown,126934,1200000,0.1
mhr_Cyrl-nor_Latn,qwen3-4b-instruct-2507,unknown,46483,28000,1.7
mhr_Cyrl-pol_Latn,metricx24,unknown,140055,1200000,0.1
mhr_Cyrl-por_Latn,metricx24,unknown,156591,1200000,0.1
mhr_Cyrl-ron_Latn,metricx24,unknown,153111,1200000,0.1
mhr_Cyrl-rus_Cyrl,metricx24,unknown,139078,1200000,0.1
mhr_Cyrl-slk_Latn,metricx24,unknown,72521,1200000,0.1
mhr_Cyrl-slv_Latn,metricx24,unknown,108471,1200000,0.1
mhr_Cyrl-spa_Latn,metricx24,unknown,143405,1200000,0.1
mhr_Cyrl-srp_Latn,qwen3-4b-instruct-2507,unknown,194659,28000,7.0
mhr_Cyrl-swe_Latn,metricx24,unknown,193572,1200000,0.2
mhr_Cyrl-tha_Thai,metricx24,unknown,101282,1200000,0.1
mhr_Cyrl-tur_Latn,metricx24,unknown,261463,1200000,0.2
mhr_Cyrl-ukr_Cyrl,metricx24,unknown,70811,1200000,0.1
mhr_Cyrl-vie_Latn,metricx24,unknown,170190,1200000,0.1
mhr_Cyrl-zho_Hant,metricx24,unknown,72445,1200000,0.1
min_Latn-war_Latn,qwen3-4b-instruct-2507,0.828407,135347,28000,4.8
mkd_Cyrl-afr_Latn,shaomutan_remedy-9b-22,0.931984375,50356,200000,0.3
mkd_Cyrl-als_Latn,metricx24,0.851915,4154816,1200000,3.5
mkd_Cyrl-bos_Latn,metricx24,0.933230925,50142,1200000,0.0
mkd_Cyrl-ces_Latn,qwen3-4b-instruct-2507,0.95115,268867,28000,9.6
mkd_Cyrl-cmn_Hani,metricx24,unknown,3158915,1200000,2.6
mkd_Cyrl-dan_Latn,qwen3-4b-instruct-2507,0.950169,238682,28000,8.5
mkd_Cyrl-deu_Latn,qwen3-4b-instruct-2507,0.958616,208371,28000,7.4
mkd_Cyrl-ekk_Latn,metricx24,unknown,58329,1200000,0.0
mkd_Cyrl-ell_Grek,qwen3-4b-instruct-2507,0.961399,197372,28000,7.0
mkd_Cyrl-eng_Latn,qwen3-4b-instruct-2507,0.987715,457485,28000,16.3
mkd_Cyrl-epo_Latn,shaomutan_remedy-9b-22,0.937780183,29195,200000,0.1
mkd_Cyrl-est_Latn,shaomutan_remedy-9b-22,0.927456607,37103,200000,0.2
mkd_Cyrl-eus_Latn,shaomutan_remedy-9b-22,0.924572415,64260,200000,0.3
mkd_Cyrl-fas_Arab,metricx24,unknown,139905,1200000,0.1
mkd_Cyrl-fil_Latn,metricx24,unknown,279064,1200000,0.2
mkd_Cyrl-fin_Latn,shaomutan_remedy-9b-22,0.919789128,164230,200000,0.8
mkd_Cyrl-fra_Latn,qwen3-4b-instruct-2507,0.966984,235920,28000,8.4
mkd_Cyrl-fur_Latn,qwen3-4b-instruct-2507,0.858014,110341,28000,3.9
mkd_Cyrl-hbs_Latn,metricx24,unknown,135255,1200000,0.1
mkd_Cyrl-heb_Hebr,qwen3-4b-instruct-2507,0.954749,163696,28000,5.8
mkd_Cyrl-hrv_Latn,metricx24,0.926816783,324308,1200000,0.3
mkd_Cyrl-hun_Latn,qwen3-4b-instruct-2507,0.94884,212651,28000,7.6
mkd_Cyrl-ind_Latn,shaomutan_remedy-9b-22,0.92853612,667520,200000,3.3
mkd_Cyrl-ita_Latn,qwen3-4b-instruct-2507,0.968218,205083,28000,7.3
mkd_Cyrl-khk_Cyrl,metricx24,0.816727229,133611,1200000,0.1
mkd_Cyrl-lim_Latn,qwen3-4b-instruct-2507,0.811095,71462,28000,2.6
mkd_Cyrl-lzh_Hani,metricx24,unknown,190167,1200000,0.2
mkd_Cyrl-mal_Mlym,qwen3-4b-instruct-2507,0.954485,1111411,28000,39.7
mkd_Cyrl-mar_Deva,qwen3-4b-instruct-2507,0.940418,623213,28000,22.3
mkd_Cyrl-mkd_Cyrl,metricx24,unknown,68800,1200000,0.1
mkd_Cyrl-mlt_Latn,shaomutan_remedy-9b-22,0.927475745,258753,200000,1.3
mkd_Cyrl-mon_Cyrl,metricx24,unknown,123262,1200000,0.1
mkd_Cyrl-msa_Latn,metricx24,unknown,1716493,1200000,1.4
mkd_Cyrl-mya_Mymr,shaomutan_remedy-9b-22,0.902741646,390796,200000,2.0
mkd_Cyrl-nds_Latn,metricx24,unknown,116114,1200000,0.1
mkd_Cyrl-nep_Deva,metricx24,unknown,322119,1200000,0.3
mkd_Cyrl-nld_Latn,metricx24,0.907159,9618370,1200000,8.0
mkd_Cyrl-nno_Latn,shaomutan_remedy-9b-22,0.918825736,208026,200000,1.0
mkd_Cyrl-nob_Latn,shaomutan_remedy-9b-22,0.922986515,4528256,200000,22.6
mkd_Cyrl-nor_Latn,metricx24,unknown,2184550,1200000,1.8
mkd_Cyrl-npi_Deva,qwen3-4b-instruct-2507,0.923196,145727,28000,5.2
mkd_Cyrl-nya_Latn,metricx24,0.717454798,78442,1200000,0.1
mkd_Cyrl-oci_Latn,shaomutan_remedy-9b-22,0.883738694,154020,200000,0.8
mkd_Cyrl-pan_Guru,qwen3-4b-instruct-2507,0.950672,130150,28000,4.6
mkd_Cyrl-pbt_Arab,shaomutan_remedy-9b-22,0.774946218,78550,200000,0.4
mkd_Cyrl-pol_Latn,metricx24,0.834316,9876152,1200000,8.2
mkd_Cyrl-por_Latn,metricx24,0.865509,6766982,1200000,5.6
mkd_Cyrl-pus_Arab,metricx24,unknown,95755,1200000,0.1
mkd_Cyrl-ron_Latn,metricx24,0.862222,9640133,1200000,8.0
mkd_Cyrl-rus_Cyrl,shaomutan_remedy-9b-22,0.929889264,12195848,200000,61.0
mkd_Cyrl-sin_Sinh,qwen3-4b-instruct-2507,0.897402,1067729,28000,38.1
mkd_Cyrl-slk_Latn,metricx24,0.821205,5634721,1200000,4.7
mkd_Cyrl-slv_Latn,metricx24,0.871178,6552980,1200000,5.5
mkd_Cyrl-snd_Arab,qwen3-4b-instruct-2507,0.89453,83013,28000,3.0
mkd_Cyrl-som_Latn,shaomutan_remedy-9b-22,0.77049798,142740,200000,0.7
mkd_Cyrl-spa_Latn,qwen3-4b-instruct-2507,0.952822,284075,28000,10.1
mkd_Cyrl-sqi_Latn,metricx24,unknown,991452,1200000,0.8
mkd_Cyrl-srd_Latn,qwen3-4b-instruct-2507,0.829662,182986,28000,6.5
mkd_Cyrl-srp_Cyrl,metricx24,0.882144,2677735,1200000,2.2
mkd_Cyrl-srp_Latn,metricx24,unknown,4382093,1200000,3.7
mkd_Cyrl-sun_Latn,qwen3-4b-instruct-2507,0.843668,248998,28000,8.9
mkd_Cyrl-swa_Latn,metricx24,unknown,576395,1200000,0.5
mkd_Cyrl-swe_Latn,metricx24,0.876171,7571859,1200000,6.3
mkd_Cyrl-swh_Latn,shaomutan_remedy-9b-22,0.907739086,486820,200000,2.4
mkd_Cyrl-tam_Taml,qwen3-4b-instruct-2507,0.950567,875350,28000,31.3
mkd_Cyrl-tel_Telu,qwen3-4b-instruct-2507,0.952344,570286,28000,20.4
mkd_Cyrl-tgk_Cyrl,qwen3-4b-instruct-2507,0.870557,192190,28000,6.9
mkd_Cyrl-tgl_Latn,shaomutan_remedy-9b-22,0.931044516,827653,200000,4.1
mkd_Cyrl-tha_Thai,metricx24,0.826363,3402040,1200000,2.8
mkd_Cyrl-tur_Latn,metricx24,0.783504,7533380,1200000,6.3
mkd_Cyrl-ukr_Cyrl,shaomutan_remedy-9b-22,0.926503759,5326207,200000,26.6
mkd_Cyrl-urd_Arab,qwen3-4b-instruct-2507,0.897023,1129033,28000,40.3
mkd_Cyrl-uzn_Latn,qwen3-4b-instruct-2507,0.865938,238224,28000,8.5
mkd_Cyrl-vie_Latn,shaomutan_remedy-9b-22,0.930670598,6331993,200000,31.7
mkd_Cyrl-xho_Latn,shaomutan_remedy-9b-22,0.777341781,365795,200000,1.8
mkd_Cyrl-yor_Latn,shaomutan_remedy-9b-22,0.696756924,129482,200000,0.6
mkd_Cyrl-yue_Hani,metricx24,unknown,331292,1200000,0.3
mkd_Cyrl-zho_Hans,metricx24,0.85261,2616057,1200000,2.2
mkd_Cyrl-zho_Hant,qwen3-4b-instruct-2507,0.970249,1477843,28000,52.8
mkd_Cyrl-zsm_Latn,qwen3-4b-instruct-2507,0.895217,1080967,28000,38.6
mkd_Cyrl-zul_Latn,shaomutan_remedy-9b-22,0.79966057,75809,200000,0.4
mlg_Latn-cmn_Hani,qwen3-4b-instruct-2507,unknown,86943,28000,3.1
mlg_Latn-mal_Mlym,metricx24,unknown,192750,1200000,0.2
mlg_Latn-mar_Deva,metricx24,unknown,170205,1200000,0.1
mlg_Latn-mkd_Cyrl,metricx24,unknown,274804,1200000,0.2
mlg_Latn-mon_Cyrl,qwen3-4b-instruct-2507,unknown,54678,28000,2.0
mlg_Latn-msa_Latn,qwen3-4b-instruct-2507,unknown,221905,28000,7.9
mlg_Latn-mya_Mymr,metricx24,unknown,68866,1200000,0.1
mlg_Latn-nds_Latn,qwen3-4b-instruct-2507,unknown,27062,28000,1.0
mlg_Latn-nep_Deva,qwen3-4b-instruct-2507,unknown,109919,28000,3.9
mlg_Latn-nld_Latn,metricx24,unknown,838499,1200000,0.7
mlg_Latn-nno_Latn,metricx24,unknown,38993,1200000,0.0
mlg_Latn-nor_Latn,qwen3-4b-instruct-2507,unknown,298725,28000,10.7
mlg_Latn-oci_Latn,qwen3-4b-instruct-2507,unknown,51915,28000,1.9
mlg_Latn-pan_Guru,metricx24,unknown,43419,1200000,0.0
mlg_Latn-pol_Latn,metricx24,unknown,682284,1200000,0.6
mlg_Latn-por_Latn,metricx24,unknown,1144280,1200000,1.0
mlg_Latn-pus_Arab,qwen3-4b-instruct-2507,unknown,43604,28000,1.6
mlg_Latn-ron_Latn,metricx24,unknown,465669,1200000,0.4
mlg_Latn-rus_Cyrl,metricx24,unknown,1119028,1200000,0.9
mlg_Latn-sin_Sinh,metricx24,unknown,187688,1200000,0.2
mlg_Latn-slk_Latn,metricx24,unknown,358787,1200000,0.3
mlg_Latn-slv_Latn,metricx24,unknown,230724,1200000,0.2
mlg_Latn-som_Latn,metricx24,unknown,61569,1200000,0.1
mlg_Latn-sqi_Latn,qwen3-4b-instruct-2507,unknown,208777,28000,7.5
mlg_Latn-srp_Cyrl,metricx24,unknown,243261,1200000,0.2
mlg_Latn-sun_Latn,metricx24,unknown,161268,1200000,0.1
mlg_Latn-swa_Latn,qwen3-4b-instruct-2507,unknown,192745,28000,6.9
mlg_Latn-swe_Latn,metricx24,unknown,445465,1200000,0.4
mlg_Latn-tam_Taml,metricx24,unknown,170534,1200000,0.1
mlg_Latn-tel_Telu,metricx24,unknown,108125,1200000,0.1
mlg_Latn-tgl_Latn,qwen3-4b-instruct-2507,unknown,345535,28000,12.3
mlg_Latn-tha_Thai,metricx24,unknown,255673,1200000,0.2
mlg_Latn-tur_Latn,metricx24,unknown,578715,1200000,0.5
mlg_Latn-ukr_Cyrl,metricx24,unknown,417058,1200000,0.3
mlg_Latn-urd_Arab,metricx24,unknown,194698,1200000,0.2
mlg_Latn-vie_Latn,metricx24,unknown,266515,1200000,0.2
mlg_Latn-war_Latn,qwen3-4b-instruct-2507,unknown,202829,28000,7.2
mlg_Latn-xho_Latn,metricx24,unknown,85398,1200000,0.1
mlg_Latn-yor_Latn,metricx24,unknown,53703,1200000,0.0
mlg_Latn-yue_Hani,qwen3-4b-instruct-2507,unknown,92791,28000,3.3
mlg_Latn-zho_Hans,metricx24,unknown,439010,1200000,0.4
mlg_Latn-zho_Hant,metricx24,unknown,213325,1200000,0.2
mlt_Latn-als_Latn,qwen3-4b-instruct-2507,0.869871,246206,28000,8.8
mlt_Latn-fra_Latn,qwen3-4b-instruct-2507,0.948855,80072,28000,2.9
mlt_Latn-hbs_Latn,metricx24,unknown,1174400,1200000,1.0
mlt_Latn-hrv_Latn,shaomutan_remedy-9b-22,0.899546,123792,200000,0.6
mlt_Latn-ita_Latn,qwen3-4b-instruct-2507,0.960572,80564,28000,2.9
mlt_Latn-lit_Latn,shaomutan_remedy-9b-22,0.912802808,63705,200000,0.3
mlt_Latn-lvs_Latn,shaomutan_remedy-9b-22,0.929002394,54480,200000,0.3
mlt_Latn-mlt_Latn,metricx24,unknown,142406,1200000,0.1
mlt_Latn-nld_Latn,shaomutan_remedy-9b-22,0.929175504,5185385,200000,25.9
mlt_Latn-nob_Latn,shaomutan_remedy-9b-22,0.930872198,1075320,200000,5.4
mlt_Latn-nor_Latn,metricx24,unknown,262368,1200000,0.2
mlt_Latn-pol_Latn,shaomutan_remedy-9b-22,0.924696993,5070316,200000,25.4
mlt_Latn-por_Latn,shaomutan_remedy-9b-22,0.945300195,5276979,200000,26.4
mlt_Latn-ron_Latn,shaomutan_remedy-9b-22,0.932740752,5084031,200000,25.4
mlt_Latn-rus_Cyrl,shaomutan_remedy-9b-22,0.933867637,296520,200000,1.5
mlt_Latn-slk_Latn,shaomutan_remedy-9b-22,0.923373828,8740789,200000,43.7
mlt_Latn-slv_Latn,shaomutan_remedy-9b-22,0.91052959,5648015,200000,28.2
mlt_Latn-spa_Latn,shaomutan_remedy-9b-22,0.942903956,70505,200000,0.4
mlt_Latn-srp_Cyrl,shaomutan_remedy-9b-22,0.932417341,226208,200000,1.1
mlt_Latn-swe_Latn,shaomutan_remedy-9b-22,0.920225804,7484459,200000,37.4
mlt_Latn-swh_Latn,shaomutan_remedy-9b-22,0.861886232,116241,200000,0.6
mlt_Latn-tha_Thai,shaomutan_remedy-9b-22,0.942522778,90370,200000,0.5
mlt_Latn-tur_Latn,shaomutan_remedy-9b-22,0.933323582,207011,200000,1.0
mlt_Latn-ukr_Cyrl,shaomutan_remedy-9b-22,0.93686875,491576,200000,2.5
mlt_Latn-vie_Latn,shaomutan_remedy-9b-22,0.934562442,287750,200000,1.4
mlt_Latn-zho_Hans,qwen3-4b-instruct-2507,0.953982,75039,28000,2.7
mon_Cyrl-mar_Deva,metricx24,unknown,105422,1200000,0.1
mon_Cyrl-msa_Latn,qwen3-4b-instruct-2507,unknown,165983,28000,5.9
mon_Cyrl-mya_Mymr,metricx24,unknown,65161,1200000,0.1
mon_Cyrl-nep_Deva,qwen3-4b-instruct-2507,unknown,71537,28000,2.6
mon_Cyrl-nld_Latn,metricx24,unknown,749997,1200000,0.6
mon_Cyrl-nor_Latn,qwen3-4b-instruct-2507,unknown,265510,28000,9.5
mon_Cyrl-pol_Latn,metricx24,unknown,640226,1200000,0.5
mon_Cyrl-por_Latn,metricx24,unknown,1173197,1200000,1.0
mon_Cyrl-ron_Latn,metricx24,unknown,367693,1200000,0.3
mon_Cyrl-rus_Cyrl,metricx24,unknown,1217554,1200000,1.0
mon_Cyrl-sin_Sinh,metricx24,unknown,111745,1200000,0.1
mon_Cyrl-slk_Latn,metricx24,unknown,277761,1200000,0.2
mon_Cyrl-slv_Latn,metricx24,unknown,181434,1200000,0.2
mon_Cyrl-sqi_Latn,qwen3-4b-instruct-2507,unknown,140398,28000,5.0
mon_Cyrl-srp_Cyrl,metricx24,unknown,144970,1200000,0.1
mon_Cyrl-sun_Latn,metricx24,unknown,57591,1200000,0.0
mon_Cyrl-swa_Latn,qwen3-4b-instruct-2507,unknown,151188,28000,5.4
mon_Cyrl-swe_Latn,metricx24,unknown,371865,1200000,0.3
mon_Cyrl-tam_Taml,metricx24,unknown,114194,1200000,0.1
mon_Cyrl-tel_Telu,metricx24,unknown,93421,1200000,0.1
mon_Cyrl-tgl_Latn,qwen3-4b-instruct-2507,unknown,310249,28000,11.1
mon_Cyrl-tha_Thai,metricx24,unknown,273127,1200000,0.2
mon_Cyrl-tur_Latn,metricx24,unknown,544915,1200000,0.5
mon_Cyrl-ukr_Cyrl,metricx24,unknown,364347,1200000,0.3
mon_Cyrl-urd_Arab,metricx24,unknown,135874,1200000,0.1
mon_Cyrl-vie_Latn,metricx24,unknown,350981,1200000,0.3
mon_Cyrl-zho_Hans,metricx24,unknown,308858,1200000,0.3
mon_Cyrl-zho_Hant,metricx24,unknown,246794,1200000,0.2
mri_Latn-als_Latn,metricx24,0.763593225,72872,1200000,0.1
mri_Latn-cmn_Hani,metricx24,unknown,100866,1200000,0.1
mri_Latn-fil_Latn,metricx24,unknown,70634,1200000,0.1
mri_Latn-mal_Mlym,shaomutan_remedy-9b-22,0.843168874,96162,200000,0.5
mri_Latn-mar_Deva,shaomutan_remedy-9b-22,0.832986093,98040,200000,0.5
mri_Latn-mkd_Cyrl,shaomutan_remedy-9b-22,0.889490008,81758,200000,0.4
mri_Latn-msa_Latn,metricx24,unknown,59571,1200000,0.0
mri_Latn-mya_Mymr,shaomutan_remedy-9b-22,0.85610316,80190,200000,0.4
mri_Latn-nld_Latn,shaomutan_remedy-9b-22,0.865327676,389209,200000,1.9
mri_Latn-nob_Latn,shaomutan_remedy-9b-22,0.879206648,71043,200000,0.4
mri_Latn-nor_Latn,metricx24,unknown,87418,1200000,0.1
mri_Latn-pol_Latn,shaomutan_remedy-9b-22,0.877906292,303580,200000,1.5
mri_Latn-por_Latn,shaomutan_remedy-9b-22,0.850106042,541723,200000,2.7
mri_Latn-ron_Latn,shaomutan_remedy-9b-22,0.890233275,198244,200000,1.0
mri_Latn-rus_Cyrl,shaomutan_remedy-9b-22,0.896651609,483634,200000,2.4
mri_Latn-sin_Sinh,shaomutan_remedy-9b-22,0.844330902,69069,200000,0.3
mri_Latn-slk_Latn,shaomutan_remedy-9b-22,0.894521644,148930,200000,0.7
mri_Latn-slv_Latn,shaomutan_remedy-9b-22,0.878381023,126477,200000,0.6
mri_Latn-smo_Latn,shaomutan_remedy-9b-22,0.735209081,417196,200000,2.1
mri_Latn-srp_Cyrl,shaomutan_remedy-9b-22,0.901056445,71343,200000,0.4
mri_Latn-sun_Latn,shaomutan_remedy-9b-22,0.769037739,391603,200000,2.0
mri_Latn-swe_Latn,shaomutan_remedy-9b-22,0.884219897,202058,200000,1.0
mri_Latn-tel_Telu,shaomutan_remedy-9b-22,0.86399595,101145,200000,0.5
mri_Latn-tgl_Latn,shaomutan_remedy-9b-22,0.846370186,119576,200000,0.6
mri_Latn-tha_Thai,shaomutan_remedy-9b-22,0.869946447,190374,200000,1.0
mri_Latn-tur_Latn,shaomutan_remedy-9b-22,0.873154894,263048,200000,1.3
mri_Latn-ukr_Cyrl,shaomutan_remedy-9b-22,0.900618865,149306,200000,0.7
mri_Latn-urd_Arab,shaomutan_remedy-9b-22,0.81016351,83747,200000,0.4
mri_Latn-vie_Latn,shaomutan_remedy-9b-22,0.864058114,230056,200000,1.2
mri_Latn-war_Latn,metricx24,0.749202602,138841,1200000,0.1
mri_Latn-xho_Latn,shaomutan_remedy-9b-22,0.754651089,63243,200000,0.3
mri_Latn-zho_Hans,qwen3-4b-instruct-2507,0.88448,130705,28000,4.7
mri_Latn-zho_Hant,qwen3-4b-instruct-2507,0.877063,116215,28000,4.2
msa_Latn-abk_Cyrl,qwen3-4b-instruct-2507,unknown,31784,28000,1.1
msa_Latn-als_Latn,metricx24,unknown,723982,1200000,0.6
msa_Latn-ces_Latn,metricx24,unknown,69420,1200000,0.1
msa_Latn-cmn_Hani,qwen3-4b-instruct-2507,unknown,2362078,28000,84.4
msa_Latn-dan_Latn,metricx24,unknown,102715,1200000,0.1
msa_Latn-eng_Latn,metricx24,unknown,129751,1200000,0.1
msa_Latn-eus_Latn,metricx24,unknown,60884,1200000,0.1
msa_Latn-fil_Latn,qwen3-4b-instruct-2507,unknown,427498,28000,15.3
msa_Latn-fur_Latn,qwen3-4b-instruct-2507,unknown,106777,28000,3.8
msa_Latn-hbs_Latn,qwen3-4b-instruct-2507,unknown,75780,28000,2.7
msa_Latn-hrv_Latn,qwen3-4b-instruct-2507,unknown,81498,28000,2.9
msa_Latn-kin_Latn,qwen3-4b-instruct-2507,unknown,53148,28000,1.9
msa_Latn-lzh_Hani,qwen3-4b-instruct-2507,unknown,220160,28000,7.9
msa_Latn-mlt_Latn,metricx24,unknown,91602,1200000,0.1
msa_Latn-mya_Mymr,metricx24,unknown,465059,1200000,0.4
msa_Latn-nds_Latn,qwen3-4b-instruct-2507,unknown,112932,28000,4.0
msa_Latn-nep_Deva,qwen3-4b-instruct-2507,unknown,304434,28000,10.9
msa_Latn-nld_Latn,metricx24,unknown,6941335,1200000,5.8
msa_Latn-nno_Latn,metricx24,unknown,216361,1200000,0.2
msa_Latn-nob_Latn,metricx24,unknown,2578973,1200000,2.1
msa_Latn-nor_Latn,qwen3-4b-instruct-2507,unknown,2366255,28000,84.5
msa_Latn-npi_Deva,metricx24,unknown,106778,1200000,0.1
msa_Latn-oci_Latn,qwen3-4b-instruct-2507,unknown,142159,28000,5.1
msa_Latn-pan_Guru,metricx24,unknown,89335,1200000,0.1
msa_Latn-pol_Latn,metricx24,unknown,7093085,1200000,5.9
msa_Latn-por_Latn,metricx24,unknown,6449225,1200000,5.4
msa_Latn-pus_Arab,qwen3-4b-instruct-2507,unknown,74700,28000,2.7
msa_Latn-ron_Latn,metricx24,unknown,5995685,1200000,5.0
msa_Latn-rus_Cyrl,metricx24,unknown,8656116,1200000,7.2
msa_Latn-sin_Sinh,metricx24,unknown,1111622,1200000,0.9
msa_Latn-slk_Latn,metricx24,unknown,3247591,1200000,2.7
msa_Latn-slv_Latn,metricx24,unknown,2949564,1200000,2.5
msa_Latn-snd_Arab,metricx24,unknown,84404,1200000,0.1
msa_Latn-som_Latn,metricx24,unknown,127563,1200000,0.1
msa_Latn-sqi_Latn,qwen3-4b-instruct-2507,unknown,785737,28000,28.1
msa_Latn-srd_Latn,qwen3-4b-instruct-2507,unknown,145980,28000,5.2
msa_Latn-srp_Cyrl,metricx24,unknown,1351308,1200000,1.1
msa_Latn-srp_Latn,qwen3-4b-instruct-2507,unknown,2129954,28000,76.1
msa_Latn-sun_Latn,metricx24,unknown,197386,1200000,0.2
msa_Latn-swa_Latn,qwen3-4b-instruct-2507,unknown,557432,28000,19.9
msa_Latn-swe_Latn,metricx24,unknown,5315139,1200000,4.4
msa_Latn-swh_Latn,metricx24,unknown,211199,1200000,0.2
msa_Latn-tam_Taml,metricx24,unknown,1058652,1200000,0.9
msa_Latn-tel_Telu,metricx24,unknown,637229,1200000,0.5
msa_Latn-tgk_Cyrl,metricx24,unknown,125149,1200000,0.1
msa_Latn-tgl_Latn,qwen3-4b-instruct-2507,unknown,1204382,28000,43.0
msa_Latn-tha_Thai,metricx24,unknown,5591185,1200000,4.7
msa_Latn-tur_Latn,metricx24,unknown,9131973,1200000,7.6
msa_Latn-uig_Arab,qwen3-4b-instruct-2507,unknown,24656,28000,0.9
msa_Latn-ukr_Cyrl,metricx24,unknown,3838656,1200000,3.2
msa_Latn-urd_Arab,metricx24,unknown,967109,1200000,0.8
msa_Latn-uzn_Latn,metricx24,unknown,122845,1200000,0.1
msa_Latn-vie_Latn,metricx24,unknown,8647058,1200000,7.2
msa_Latn-wln_Latn,qwen3-4b-instruct-2507,unknown,31238,28000,1.1
msa_Latn-xho_Latn,metricx24,unknown,260219,1200000,0.2
msa_Latn-yor_Latn,metricx24,unknown,71941,1200000,0.1
msa_Latn-yue_Hani,qwen3-4b-instruct-2507,unknown,389938,28000,13.9
msa_Latn-zho_Hans,metricx24,unknown,2041369,1200000,1.7
msa_Latn-zho_Hant,metricx24,unknown,2483371,1200000,2.1
msa_Latn-zul_Latn,metricx24,unknown,54571,1200000,0.0
mwl_Latn-por_Latn,metricx24,unknown,112791,1200000,0.1
mya_Mymr-als_Latn,qwen3-4b-instruct-2507,0.865475,219521,28000,7.8
mya_Mymr-cmn_Hani,metricx24,unknown,625029,1200000,0.5
mya_Mymr-fil_Latn,metricx24,unknown,107592,1200000,0.1
mya_Mymr-nep_Deva,metricx24,unknown,126406,1200000,0.1
mya_Mymr-nld_Latn,metricx24,0.875960687,1382890,1200000,1.2
mya_Mymr-nob_Latn,shaomutan_remedy-9b-22,0.862887651,438861,200000,2.2
mya_Mymr-nor_Latn,metricx24,unknown,370325,1200000,0.3
mya_Mymr-npi_Deva,shaomutan_remedy-9b-22,0.847824434,110951,200000,0.6
mya_Mymr-pan_Guru,qwen3-4b-instruct-2507,0.865709,66850,28000,2.4
mya_Mymr-pbt_Arab,shaomutan_remedy-9b-22,0.734713678,48507,200000,0.2
mya_Mymr-pol_Latn,shaomutan_remedy-9b-22,0.869395659,1249307,200000,6.2
mya_Mymr-por_Latn,qwen3-4b-instruct-2507,0.861309,1859090,28000,66.4
mya_Mymr-pus_Arab,metricx24,unknown,55621,1200000,0.0
mya_Mymr-ron_Latn,qwen3-4b-instruct-2507,0.878805,1163130,28000,41.5
mya_Mymr-rus_Cyrl,shaomutan_remedy-9b-22,0.882596571,1562024,200000,7.8
mya_Mymr-sin_Sinh,shaomutan_remedy-9b-22,0.877564794,600635,200000,3.0
mya_Mymr-slk_Latn,shaomutan_remedy-9b-22,0.882172052,601266,200000,3.0
mya_Mymr-slv_Latn,qwen3-4b-instruct-2507,0.872768,579754,28000,20.7
mya_Mymr-som_Latn,shaomutan_remedy-9b-22,0.697265058,109973,200000,0.5
mya_Mymr-sqi_Latn,metricx24,unknown,159527,1200000,0.1
mya_Mymr-srp_Cyrl,qwen3-4b-instruct-2507,0.901229,321502,28000,11.5
mya_Mymr-srp_Latn,metricx24,unknown,411841,1200000,0.3
mya_Mymr-sun_Latn,shaomutan_remedy-9b-22,0.763794177,112830,200000,0.6
mya_Mymr-swa_Latn,metricx24,unknown,156139,1200000,0.1
mya_Mymr-swe_Latn,qwen3-4b-instruct-2507,0.866247,1010609,28000,36.1
mya_Mymr-swh_Latn,shaomutan_remedy-9b-22,0.817373435,85572,200000,0.4
mya_Mymr-tam_Taml,qwen3-4b-instruct-2507,0.883619,265656,28000,9.5
mya_Mymr-tel_Telu,shaomutan_remedy-9b-22,0.896087347,226259,200000,1.1
mya_Mymr-tgk_Cyrl,shaomutan_remedy-9b-22,0.78132398,87701,200000,0.4
mya_Mymr-tgl_Latn,shaomutan_remedy-9b-22,0.856735958,265792,200000,1.3
mya_Mymr-tha_Thai,shaomutan_remedy-9b-22,0.878109804,1123790,200000,5.6
mya_Mymr-tur_Latn,shaomutan_remedy-9b-22,0.887973984,1391226,200000,7.0
mya_Mymr-ukr_Cyrl,shaomutan_remedy-9b-22,0.888616529,723356,200000,3.6
mya_Mymr-urd_Arab,shaomutan_remedy-9b-22,0.831929594,351670,200000,1.8
mya_Mymr-vie_Latn,qwen3-4b-instruct-2507,0.850518,1249176,28000,44.6
mya_Mymr-xho_Latn,shaomutan_remedy-9b-22,0.740540215,100462,200000,0.5
mya_Mymr-yor_Latn,shaomutan_remedy-9b-22,0.599451156,80497,200000,0.4
mya_Mymr-yue_Hani,metricx24,unknown,104739,1200000,0.1
mya_Mymr-zho_Hans,qwen3-4b-instruct-2507,0.90343,324166,28000,11.6
mya_Mymr-zho_Hant,qwen3-4b-instruct-2507,0.890851,553857,28000,19.8
mya_Mymr-zul_Latn,shaomutan_remedy-9b-22,0.760776387,52321,200000,0.3
nah_Latn-nah_Latn,qwen3-4b-instruct-2507,unknown,18868,28000,0.7
nah_Latn-por_Latn,metricx24,unknown,68012,1200000,0.1
nap_Latn-nld_Latn,metricx24,unknown,98922,1200000,0.1
nap_Latn-pol_Latn,metricx24,unknown,103566,1200000,0.1
nap_Latn-por_Latn,metricx24,unknown,149351,1200000,0.1
nap_Latn-ron_Latn,metricx24,unknown,108619,1200000,0.1
nap_Latn-rus_Cyrl,metricx24,unknown,87033,1200000,0.1
nap_Latn-srp_Latn,qwen3-4b-instruct-2507,unknown,71343,28000,2.5
nap_Latn-swe_Latn,metricx24,unknown,65633,1200000,0.1
nap_Latn-tur_Latn,metricx24,unknown,89162,1200000,0.1
nds_Latn-eng_Latn,metricx24,unknown,216054,1200000,0.2
nds_Latn-fra_Latn,metricx24,unknown,65187,1200000,0.1
nds_Latn-nep_Deva,qwen3-4b-instruct-2507,unknown,84042,28000,3.0
nds_Latn-nld_Latn,metricx24,unknown,291223,1200000,0.2
nds_Latn-nno_Latn,metricx24,unknown,114013,1200000,0.1
nds_Latn-nor_Latn,qwen3-4b-instruct-2507,unknown,95780,28000,3.4
nds_Latn-oci_Latn,qwen3-4b-instruct-2507,unknown,66204,28000,2.4
nds_Latn-pan_Guru,metricx24,unknown,72958,1200000,0.1
nds_Latn-pol_Latn,metricx24,unknown,315751,1200000,0.3
nds_Latn-por_Latn,metricx24,unknown,320073,1200000,0.3
nds_Latn-ron_Latn,metricx24,unknown,265554,1200000,0.2
nds_Latn-rus_Cyrl,metricx24,unknown,341678,1200000,0.3
nds_Latn-sin_Sinh,metricx24,unknown,72812,1200000,0.1
nds_Latn-slk_Latn,metricx24,unknown,205326,1200000,0.2
nds_Latn-slv_Latn,metricx24,unknown,181092,1200000,0.2
nds_Latn-sqi_Latn,qwen3-4b-instruct-2507,unknown,62011,28000,2.2
nds_Latn-srp_Cyrl,metricx24,unknown,116903,1200000,0.1
nds_Latn-swe_Latn,metricx24,unknown,296017,1200000,0.2
nds_Latn-tam_Taml,metricx24,unknown,118253,1200000,0.1
nds_Latn-tha_Thai,metricx24,unknown,109231,1200000,0.1
nds_Latn-tur_Latn,metricx24,unknown,255607,1200000,0.2
nds_Latn-ukr_Cyrl,metricx24,unknown,261085,1200000,0.2
nds_Latn-vie_Latn,metricx24,unknown,88515,1200000,0.1
nds_Latn-xho_Latn,metricx24,unknown,77834,1200000,0.1
nds_Latn-zho_Hans,metricx24,unknown,174380,1200000,0.1
nds_Latn-zho_Hant,metricx24,unknown,92878,1200000,0.1
nep_Deva-als_Latn,metricx24,unknown,101164,1200000,0.1
nep_Deva-cmn_Hani,qwen3-4b-instruct-2507,unknown,109508,28000,3.9
nep_Deva-fil_Latn,qwen3-4b-instruct-2507,unknown,57772,28000,2.1
nep_Deva-kin_Latn,qwen3-4b-instruct-2507,unknown,34865,28000,1.2
nep_Deva-nld_Latn,metricx24,unknown,1026818,1200000,0.9
nep_Deva-nno_Latn,metricx24,unknown,119588,1200000,0.1
nep_Deva-nob_Latn,metricx24,unknown,72386,1200000,0.1
nep_Deva-nor_Latn,qwen3-4b-instruct-2507,unknown,348804,28000,12.5
nep_Deva-oci_Latn,qwen3-4b-instruct-2507,unknown,72328,28000,2.6
nep_Deva-ory_Orya,qwen3-4b-instruct-2507,unknown,217056,28000,7.8
nep_Deva-pan_Guru,metricx24,unknown,374223,1200000,0.3
nep_Deva-pol_Latn,metricx24,unknown,843007,1200000,0.7
nep_Deva-por_Latn,metricx24,unknown,1321575,1200000,1.1
nep_Deva-pus_Arab,qwen3-4b-instruct-2507,unknown,61005,28000,2.2
nep_Deva-ron_Latn,metricx24,unknown,596352,1200000,0.5
nep_Deva-rus_Cyrl,metricx24,unknown,1373315,1200000,1.1
nep_Deva-san_Deva,qwen3-4b-instruct-2507,unknown,110483,28000,3.9
nep_Deva-sin_Sinh,metricx24,unknown,503096,1200000,0.4
nep_Deva-slk_Latn,metricx24,unknown,502794,1200000,0.4
nep_Deva-slv_Latn,metricx24,unknown,375354,1200000,0.3
nep_Deva-snd_Arab,metricx24,unknown,230264,1200000,0.2
nep_Deva-som_Latn,metricx24,unknown,80490,1200000,0.1
nep_Deva-sqi_Latn,qwen3-4b-instruct-2507,unknown,255207,28000,9.1
nep_Deva-srp_Cyrl,metricx24,unknown,324662,1200000,0.3
nep_Deva-sun_Latn,metricx24,unknown,116993,1200000,0.1
nep_Deva-swa_Latn,qwen3-4b-instruct-2507,unknown,204787,28000,7.3
nep_Deva-swe_Latn,metricx24,unknown,587478,1200000,0.5
nep_Deva-swh_Latn,metricx24,unknown,62489,1200000,0.1
nep_Deva-tam_Taml,metricx24,unknown,732788,1200000,0.6
nep_Deva-tel_Telu,metricx24,unknown,738253,1200000,0.6
nep_Deva-tgk_Cyrl,metricx24,unknown,106290,1200000,0.1
nep_Deva-tgl_Latn,qwen3-4b-instruct-2507,unknown,382351,28000,13.7
nep_Deva-tha_Thai,metricx24,unknown,470610,1200000,0.4
nep_Deva-tur_Latn,metricx24,unknown,1153228,1200000,1.0
nep_Deva-ukr_Cyrl,metricx24,unknown,603429,1200000,0.5
nep_Deva-urd_Arab,metricx24,unknown,773178,1200000,0.6
nep_Deva-vie_Latn,metricx24,unknown,459124,1200000,0.4
nep_Deva-wln_Latn,qwen3-4b-instruct-2507,unknown,28687,28000,1.0
nep_Deva-xho_Latn,metricx24,unknown,142916,1200000,0.1
nep_Deva-yor_Latn,metricx24,unknown,69569,1200000,0.1
nep_Deva-yue_Hani,qwen3-4b-instruct-2507,unknown,111395,28000,4.0
nep_Deva-zho_Hans,metricx24,unknown,491922,1200000,0.4
nep_Deva-zho_Hant,metricx24,unknown,302369,1200000,0.3
nep_Deva-zul_Latn,metricx24,unknown,44342,1200000,0.0
nld_Latn-abk_Cyrl,metricx24,unknown,96201,1200000,0.1
nld_Latn-als_Latn,metricx24,0.843131,2541783,1200000,2.1
nld_Latn-azj_Latn,m-prometheus-7b,0.866495769,93582,27000,3.5
nld_Latn-bak_Cyrl,shaomutan_remedy-9b-22,0.87810692,137114,200000,0.7
nld_Latn-bel_Cyrl,shaomutan_remedy-9b-22,0.926219545,73472,200000,0.4
nld_Latn-cat_Latn,qwen3-4b-instruct-2507,0.931429,106145,28000,3.8
nld_Latn-ces_Latn,qwen3-4b-instruct-2507,0.959308,421778,28000,15.1
nld_Latn-cmn_Hani,metricx24,unknown,19048064,1200000,15.9
nld_Latn-crh_Latn,shaomutan_remedy-9b-22,0.801472179,121028,200000,0.6
nld_Latn-dan_Latn,shaomutan_remedy-9b-22,0.918382322,901813,200000,4.5
nld_Latn-deu_Latn,metricx24,0.940943658,263746,1200000,0.2
nld_Latn-ekk_Latn,metricx24,unknown,74253,1200000,0.1
nld_Latn-ell_Grek,qwen3-4b-instruct-2507,0.946222,84156,28000,3.0
nld_Latn-eng_Latn,metricx24,0.847714,2968277,1200000,2.5
nld_Latn-epo_Latn,shaomutan_remedy-9b-22,0.928592304,130582,200000,0.7
nld_Latn-eus_Latn,shaomutan_remedy-9b-22,0.905104781,428791,200000,2.1
nld_Latn-fas_Arab,metricx24,unknown,87767,1200000,0.1
nld_Latn-fil_Latn,metricx24,unknown,1044139,1200000,0.9
nld_Latn-fin_Latn,qwen3-4b-instruct-2507,0.916914,151856,28000,5.4
nld_Latn-fra_Latn,qwen3-4b-instruct-2507,0.964037,931002,28000,33.3
nld_Latn-fro_Latn,metricx24,unknown,47156,1200000,0.0
nld_Latn-fur_Latn,qwen3-4b-instruct-2507,0.870254,342426,28000,12.2
nld_Latn-glg_Latn,qwen3-4b-instruct-2507,0.954793,77355,28000,2.8
nld_Latn-hau_Latn,shaomutan_remedy-9b-22,0.817451432,85659,200000,0.4
nld_Latn-hbs_Latn,metricx24,unknown,1302448,1200000,1.1
nld_Latn-heb_Hebr,qwen3-4b-instruct-2507,0.950767,72476,28000,2.6
nld_Latn-hin_Deva,shaomutan_remedy-9b-22,0.922890353,58466,200000,0.3
nld_Latn-hrv_Latn,qwen3-4b-instruct-2507,0.929094,1541859,28000,55.1
nld_Latn-hun_Latn,qwen3-4b-instruct-2507,0.940856,182004,28000,6.5
nld_Latn-ilo_Latn,metricx24,0.772332774,62156,1200000,0.1
nld_Latn-ina_Latn,metricx24,unknown,41506,1200000,0.0
nld_Latn-ind_Latn,qwen3-4b-instruct-2507,0.933793,178476,28000,6.4
nld_Latn-isl_Latn,shaomutan_remedy-9b-22,0.900302258,94235,200000,0.5
nld_Latn-ita_Latn,qwen3-4b-instruct-2507,0.96893,438448,28000,15.7
nld_Latn-jpn_Jpan,qwen3-4b-instruct-2507,0.964654,270602,28000,9.7
nld_Latn-kab_Latn,metricx24,0.345821213,109677,1200000,0.1
nld_Latn-kin_Latn,shaomutan_remedy-9b-22,0.804667343,169486,200000,0.8
nld_Latn-kiu_Latn,metricx24,unknown,79062,1200000,0.1
nld_Latn-lat_Latn,metricx24,unknown,87891,1200000,0.1
nld_Latn-lit_Latn,shaomutan_remedy-9b-22,0.910466414,144285,200000,0.7
nld_Latn-lvs_Latn,shaomutan_remedy-9b-22,0.929752946,104347,200000,0.5
nld_Latn-lzh_Hani,metricx24,unknown,592026,1200000,0.5
nld_Latn-mhr_Cyrl,metricx24,unknown,135991,1200000,0.1
nld_Latn-mkd_Cyrl,qwen3-4b-instruct-2507,0.946715,107396,28000,3.8
nld_Latn-mlt_Latn,shaomutan_remedy-9b-22,0.926061826,67656,200000,0.3
nld_Latn-nld_Latn,metricx24,unknown,1134378,1200000,0.9
nld_Latn-nno_Latn,shaomutan_remedy-9b-22,0.927955614,1064910,200000,5.3
nld_Latn-nob_Latn,shaomutan_remedy-9b-22,0.912826458,38942990,200000,194.7
nld_Latn-nor_Latn,metricx24,unknown,17137627,1200000,14.3
nld_Latn-nso_Latn,metricx24,0.640049812,32770,1200000,0.0
nld_Latn-nya_Latn,shaomutan_remedy-9b-22,0.767920074,112703,200000,0.6
nld_Latn-oci_Latn,shaomutan_remedy-9b-22,0.877375663,233146,200000,1.2
nld_Latn-pan_Guru,qwen3-4b-instruct-2507,0.937387,177348,28000,6.3
nld_Latn-pap_Latn,qwen3-4b-instruct-2507,0.851767,70791,28000,2.5
nld_Latn-pbt_Arab,shaomutan_remedy-9b-22,0.799152092,87793,200000,0.4
nld_Latn-pol_Latn,metricx24,0.798153,117014514,1200000,97.5
nld_Latn-por_Latn,metricx24,0.847799,137014346,1200000,114.2
nld_Latn-pus_Arab,metricx24,unknown,123006,1200000,0.1
nld_Latn-rmy_Latn,metricx24,unknown,101192,1200000,0.1
nld_Latn-ron_Latn,metricx24,0.837573,92482818,1200000,77.1
nld_Latn-rus_Cyrl,metricx24,0.879375,80999420,1200000,67.5
nld_Latn-sin_Sinh,shaomutan_remedy-9b-22,0.920067815,2293704,200000,11.5
nld_Latn-slk_Latn,metricx24,0.795109,41256826,1200000,34.4
nld_Latn-slv_Latn,metricx24,0.875831,40164787,1200000,33.5
nld_Latn-sna_Latn,shaomutan_remedy-9b-22,0.770892035,121623,200000,0.6
nld_Latn-snd_Arab,qwen3-4b-instruct-2507,0.881379,142560,28000,5.1
nld_Latn-som_Latn,shaomutan_remedy-9b-22,0.759746297,468165,200000,2.3
nld_Latn-spa_Latn,qwen3-4b-instruct-2507,0.945968,563630,28000,20.1
nld_Latn-sqi_Latn,metricx24,unknown,1564922,1200000,1.3
nld_Latn-srd_Latn,qwen3-4b-instruct-2507,0.832718,493489,28000,17.6
nld_Latn-srp_Cyrl,metricx24,0.893789,7605250,1200000,6.3
nld_Latn-srp_Latn,metricx24,unknown,40267984,1200000,33.6
nld_Latn-sun_Latn,qwen3-4b-instruct-2507,0.855197,340839,28000,12.2
nld_Latn-swa_Latn,metricx24,unknown,1301841,1200000,1.1
nld_Latn-swc_Latn,metricx24,unknown,209175,1200000,0.2
nld_Latn-swe_Latn,metricx24,0.870273,104088457,1200000,86.7
nld_Latn-swh_Latn,shaomutan_remedy-9b-22,0.901098178,1153334,200000,5.8
nld_Latn-tam_Taml,metricx24,0.825788,2864320,1200000,2.4
nld_Latn-tat_Cyrl,shaomutan_remedy-9b-22,0.877323535,162967,200000,0.8
nld_Latn-tel_Telu,qwen3-4b-instruct-2507,0.933534,1414117,28000,50.5
nld_Latn-tgk_Cyrl,qwen3-4b-instruct-2507,0.867511,268450,28000,9.6
nld_Latn-tgl_Latn,shaomutan_remedy-9b-22,0.937135145,2352811,200000,11.8
nld_Latn-tha_Thai,metricx24,0.84707,21240989,1200000,17.7
nld_Latn-tur_Latn,metricx24,0.758399,75511774,1200000,62.9
nld_Latn-ukr_Cyrl,metricx24,0.843613,16642853,1200000,13.9
nld_Latn-urd_Arab,shaomutan_remedy-9b-22,0.910615477,1912939,200000,9.6
nld_Latn-uzn_Latn,qwen3-4b-instruct-2507,0.85439,158979,28000,5.7
nld_Latn-vec_Latn,qwen3-4b-instruct-2507,0.885849,190219,28000,6.8
nld_Latn-vie_Latn,metricx24,0.871473,38360230,1200000,32.0
nld_Latn-wln_Latn,metricx24,unknown,54271,1200000,0.0
nld_Latn-wuu_Hani,metricx24,unknown,70878,1200000,0.1
nld_Latn-xav_Latn,metricx24,unknown,74933,1200000,0.1
nld_Latn-xho_Latn,shaomutan_remedy-9b-22,0.771869957,529663,200000,2.6
nld_Latn-yid_Hebr,metricx24,unknown,47406,1200000,0.0
nld_Latn-yor_Latn,shaomutan_remedy-9b-22,0.706637912,322999,200000,1.6
nld_Latn-yue_Hani,metricx24,unknown,1136976,1200000,0.9
nld_Latn-zho_Hans,metricx24,0.89038,12526246,1200000,10.4
nld_Latn-zho_Hant,metricx24,0.878954,7415951,1200000,6.2
nld_Latn-zho_Zyyy,metricx24,unknown,127424,1200000,0.1
nld_Latn-zul_Latn,shaomutan_remedy-9b-22,0.802567204,166588,200000,0.8
nno_Latn-als_Latn,qwen3-4b-instruct-2507,0.895475,73447,28000,2.6
nno_Latn-cmn_Hani,metricx24,unknown,150209,1200000,0.1
nno_Latn-deu_Latn,qwen3-4b-instruct-2507,0.94212,213509,28000,7.6
nno_Latn-ell_Grek,qwen3-4b-instruct-2507,0.942748,91264,28000,3.3
nno_Latn-eng_Latn,qwen3-4b-instruct-2507,0.983171,417402,28000,14.9
nno_Latn-fin_Latn,shaomutan_remedy-9b-22,0.924703874,129259,200000,0.6
nno_Latn-fra_Latn,qwen3-4b-instruct-2507,0.956396,368209,28000,13.2
nno_Latn-heb_Hebr,qwen3-4b-instruct-2507,0.947038,70448,28000,2.5
nno_Latn-hrv_Latn,qwen3-4b-instruct-2507,0.920264,95998,28000,3.4
nno_Latn-hun_Latn,qwen3-4b-instruct-2507,0.930478,132221,28000,4.7
nno_Latn-ind_Latn,shaomutan_remedy-9b-22,0.919108149,155390,200000,0.8
nno_Latn-ita_Latn,qwen3-4b-instruct-2507,0.956844,304683,28000,10.9
nno_Latn-jpn_Jpan,qwen3-4b-instruct-2507,0.952519,134286,28000,4.8
nno_Latn-kin_Latn,shaomutan_remedy-9b-22,0.802396232,47297,200000,0.2
nno_Latn-lit_Latn,shaomutan_remedy-9b-22,0.926367093,74048,200000,0.4
nno_Latn-nld_Latn,qwen3-4b-instruct-2507,0.924714,481793,28000,17.2
nno_Latn-nno_Latn,metricx24,unknown,369469,1200000,0.3
nno_Latn-nor_Latn,metricx24,unknown,107322,1200000,0.1
nno_Latn-nso_Latn,metricx24,0.645297549,12423,1200000,0.0
nno_Latn-oci_Latn,qwen3-4b-instruct-2507,0.883659,62950,28000,2.2
nno_Latn-pan_Guru,qwen3-4b-instruct-2507,0.934669,86872,28000,3.1
nno_Latn-pol_Latn,qwen3-4b-instruct-2507,0.935893,1062435,28000,37.9
nno_Latn-por_Latn,qwen3-4b-instruct-2507,0.955396,1409492,28000,50.3
nno_Latn-pus_Arab,metricx24,unknown,21126,1200000,0.0
nno_Latn-ron_Latn,qwen3-4b-instruct-2507,0.934983,751388,28000,26.8
nno_Latn-rus_Cyrl,qwen3-4b-instruct-2507,0.945565,1018961,28000,36.4
nno_Latn-sin_Sinh,shaomutan_remedy-9b-22,0.911952498,59655,200000,0.3
nno_Latn-slk_Latn,qwen3-4b-instruct-2507,0.93896,613822,28000,21.9
nno_Latn-slv_Latn,qwen3-4b-instruct-2507,0.931075,445943,28000,15.9
nno_Latn-spa_Latn,shaomutan_remedy-9b-22,0.943241359,380173,200000,1.9
nno_Latn-sqi_Latn,metricx24,unknown,73508,1200000,0.1
nno_Latn-srp_Cyrl,qwen3-4b-instruct-2507,0.945137,146793,28000,5.2
nno_Latn-srp_Latn,metricx24,unknown,168864,1200000,0.1
nno_Latn-swe_Latn,qwen3-4b-instruct-2507,0.940926,1179762,28000,42.1
nno_Latn-tam_Taml,qwen3-4b-instruct-2507,0.929681,145330,28000,5.2
nno_Latn-tel_Telu,qwen3-4b-instruct-2507,0.932245,61006,28000,2.2
nno_Latn-tgk_Cyrl,shaomutan_remedy-9b-22,0.84540722,86421,200000,0.4
nno_Latn-tgl_Latn,shaomutan_remedy-9b-22,0.925996306,149047,200000,0.7
nno_Latn-tha_Thai,shaomutan_remedy-9b-22,0.943656885,344933,200000,1.7
nno_Latn-tur_Latn,shaomutan_remedy-9b-22,0.931668698,855976,200000,4.3
nno_Latn-ukr_Cyrl,qwen3-4b-instruct-2507,0.942424,496852,28000,17.7
nno_Latn-urd_Arab,shaomutan_remedy-9b-22,0.896461992,68208,200000,0.3
nno_Latn-uzn_Latn,qwen3-4b-instruct-2507,0.841658,42188,28000,1.5
nno_Latn-vie_Latn,shaomutan_remedy-9b-22,0.93802104,494406,200000,2.5
nno_Latn-wln_Latn,metricx24,unknown,65506,1200000,0.1
nno_Latn-xho_Latn,shaomutan_remedy-9b-22,0.767325574,113078,200000,0.6
nno_Latn-zho_Hans,qwen3-4b-instruct-2507,0.959652,356523,28000,12.7
nno_Latn-zho_Hant,qwen3-4b-instruct-2507,0.961244,232499,28000,8.3
nob_Latn-als_Latn,metricx24,0.847483,3671841,1200000,3.1
nob_Latn-ces_Latn,qwen3-4b-instruct-2507,0.958099,120573,28000,4.3
nob_Latn-cmn_Hani,metricx24,unknown,8037907,1200000,6.7
nob_Latn-deu_Latn,qwen3-4b-instruct-2507,0.9599,1500343,28000,53.6
nob_Latn-ekk_Latn,metricx24,unknown,393050,1200000,0.3
nob_Latn-ell_Grek,qwen3-4b-instruct-2507,0.95331,1276146,28000,45.6
nob_Latn-eng_Latn,metricx24,0.85912,2492994,1200000,2.1
nob_Latn-epo_Latn,shaomutan_remedy-9b-22,0.912247809,63604,200000,0.3
nob_Latn-est_Latn,shaomutan_remedy-9b-22,0.910926695,178465,200000,0.9
nob_Latn-eus_Latn,shaomutan_remedy-9b-22,0.908396291,131842,200000,0.7
nob_Latn-fas_Arab,metricx24,unknown,953669,1200000,0.8
nob_Latn-fil_Latn,metricx24,unknown,701247,1200000,0.6
nob_Latn-fin_Latn,qwen3-4b-instruct-2507,0.92439,1362542,28000,48.7
nob_Latn-fra_Latn,qwen3-4b-instruct-2507,0.963216,1530298,28000,54.7
nob_Latn-heb_Hebr,qwen3-4b-instruct-2507,0.953255,1084156,28000,38.7
nob_Latn-hin_Deva,shaomutan_remedy-9b-22,0.924889726,81774,200000,0.4
nob_Latn-hrv_Latn,qwen3-4b-instruct-2507,0.93786,1353776,28000,48.3
nob_Latn-hun_Latn,qwen3-4b-instruct-2507,0.947043,1225968,28000,43.8
nob_Latn-ind_Latn,qwen3-4b-instruct-2507,0.946645,1067950,28000,38.1
nob_Latn-isl_Latn,shaomutan_remedy-9b-22,0.897100099,164622,200000,0.8
nob_Latn-ita_Latn,qwen3-4b-instruct-2507,0.968417,1308212,28000,46.7
nob_Latn-jpn_Jpan,qwen3-4b-instruct-2507,0.964729,215895,28000,7.7
nob_Latn-kor_Hang,qwen3-4b-instruct-2507,0.946267,629231,28000,22.5
nob_Latn-lit_Latn,qwen3-4b-instruct-2507,0.917939,180006,28000,6.4
nob_Latn-lvs_Latn,shaomutan_remedy-9b-22,0.931286088,97028,200000,0.5
nob_Latn-lzh_Hani,metricx24,unknown,97320,1200000,0.1
nob_Latn-mkd_Cyrl,qwen3-4b-instruct-2507,0.955809,180434,28000,6.4
nob_Latn-msa_Latn,metricx24,unknown,121905,1200000,0.1
nob_Latn-nds_Latn,metricx24,unknown,102939,1200000,0.1
nob_Latn-nld_Latn,metricx24,0.909417,10758671,1200000,9.0
nob_Latn-nno_Latn,shaomutan_remedy-9b-22,0.927683677,386785,200000,1.9
nob_Latn-nob_Latn,metricx24,unknown,1136976,1200000,0.9
nob_Latn-nor_Latn,metricx24,unknown,347182,1200000,0.3
nob_Latn-pbt_Arab,shaomutan_remedy-9b-22,0.802480924,44755,200000,0.2
nob_Latn-pol_Latn,metricx24,0.812363,32704097,1200000,27.3
nob_Latn-por_Latn,metricx24,0.867733,39551116,1200000,33.0
nob_Latn-ron_Latn,metricx24,0.851395,33191054,1200000,27.7
nob_Latn-rus_Cyrl,metricx24,0.883164,24378762,1200000,20.3
nob_Latn-sin_Sinh,shaomutan_remedy-9b-22,0.917336069,1049411,200000,5.2
nob_Latn-slk_Latn,metricx24,0.804488,17928549,1200000,14.9
nob_Latn-slv_Latn,metricx24,0.870988,18072414,1200000,15.1
nob_Latn-som_Latn,shaomutan_remedy-9b-22,0.774453772,81504,200000,0.4
nob_Latn-spa_Latn,qwen3-4b-instruct-2507,0.944699,1565255,28000,55.9
nob_Latn-sqi_Latn,metricx24,unknown,388488,1200000,0.3
nob_Latn-srd_Latn,qwen3-4b-instruct-2507,0.847521,73151,28000,2.6
nob_Latn-srp_Cyrl,metricx24,0.896292,5760294,1200000,4.8
nob_Latn-srp_Latn,metricx24,unknown,13643910,1200000,11.4
nob_Latn-sun_Latn,qwen3-4b-instruct-2507,0.854002,85231,28000,3.0
nob_Latn-swa_Latn,metricx24,unknown,217602,1200000,0.2
nob_Latn-swe_Latn,metricx24,0.864667,52860972,1200000,44.1
nob_Latn-swh_Latn,shaomutan_remedy-9b-22,0.917645318,519408,200000,2.6
nob_Latn-tam_Taml,qwen3-4b-instruct-2507,0.942016,1608549,28000,57.4
nob_Latn-tel_Telu,qwen3-4b-instruct-2507,0.94556,906491,28000,32.4
nob_Latn-tgk_Cyrl,qwen3-4b-instruct-2507,0.861394,112892,28000,4.0
nob_Latn-tgl_Latn,shaomutan_remedy-9b-22,0.935423317,232710,200000,1.2
nob_Latn-tha_Thai,metricx24,0.832258,10432238,1200000,8.7
nob_Latn-tur_Latn,metricx24,0.763459,25449552,1200000,21.2
nob_Latn-ukr_Cyrl,metricx24,0.847839,10431505,1200000,8.7
nob_Latn-urd_Arab,shaomutan_remedy-9b-22,0.90714801,926126,200000,4.6
nob_Latn-uzn_Latn,qwen3-4b-instruct-2507,0.862568,251027,28000,9.0
nob_Latn-vie_Latn,metricx24,0.865208,17397587,1200000,14.5
nob_Latn-wln_Latn,metricx24,unknown,42567,1200000,0.0
nob_Latn-xho_Latn,shaomutan_remedy-9b-22,0.783783473,231291,200000,1.2
nob_Latn-yue_Hani,metricx24,unknown,263922,1200000,0.2
nob_Latn-zho_Hans,metricx24,0.865218,2623496,1200000,2.2
nob_Latn-zho_Hant,metricx24,0.8524,3146250,1200000,2.6
nor_Latn-abk_Cyrl,qwen3-4b-instruct-2507,unknown,46944,28000,1.7
nor_Latn-als_Latn,metricx24,unknown,817746,1200000,0.7
nor_Latn-bak_Cyrl,qwen3-4b-instruct-2507,unknown,63250,28000,2.3
nor_Latn-ces_Latn,metricx24,unknown,126753,1200000,0.1
nor_Latn-cmn_Hani,qwen3-4b-instruct-2507,unknown,2096284,28000,74.9
nor_Latn-eng_Latn,metricx24,unknown,210229,1200000,0.2
nor_Latn-epo_Latn,metricx24,unknown,40112,1200000,0.0
nor_Latn-eus_Latn,metricx24,unknown,123889,1200000,0.1
nor_Latn-fil_Latn,qwen3-4b-instruct-2507,unknown,246625,28000,8.8
nor_Latn-fur_Latn,qwen3-4b-instruct-2507,unknown,152573,28000,5.4
nor_Latn-hbs_Latn,qwen3-4b-instruct-2507,unknown,96122,28000,3.4
nor_Latn-hrv_Latn,qwen3-4b-instruct-2507,unknown,199589,28000,7.1
nor_Latn-kab_Latn,qwen3-4b-instruct-2507,unknown,36446,28000,1.3
nor_Latn-lzh_Hani,qwen3-4b-instruct-2507,unknown,215446,28000,7.7
nor_Latn-mhr_Cyrl,qwen3-4b-instruct-2507,unknown,62202,28000,2.2
nor_Latn-nno_Latn,metricx24,unknown,66081,1200000,0.1
nor_Latn-oci_Latn,qwen3-4b-instruct-2507,unknown,114032,28000,4.1
nor_Latn-pan_Guru,metricx24,unknown,58184,1200000,0.0
nor_Latn-pol_Latn,metricx24,unknown,14883565,1200000,12.4
nor_Latn-por_Latn,metricx24,unknown,17042936,1200000,14.2
nor_Latn-pus_Arab,qwen3-4b-instruct-2507,unknown,67980,28000,2.4
nor_Latn-ron_Latn,metricx24,unknown,12879457,1200000,10.7
nor_Latn-rus_Cyrl,metricx24,unknown,13072876,1200000,10.9
nor_Latn-sin_Sinh,metricx24,unknown,755512,1200000,0.6
nor_Latn-slk_Latn,metricx24,unknown,5709414,1200000,4.8
nor_Latn-slv_Latn,metricx24,unknown,5791070,1200000,4.8
nor_Latn-snd_Arab,metricx24,unknown,62783,1200000,0.1
nor_Latn-som_Latn,metricx24,unknown,137429,1200000,0.1
nor_Latn-sqi_Latn,qwen3-4b-instruct-2507,unknown,935238,28000,33.4
nor_Latn-srd_Latn,qwen3-4b-instruct-2507,unknown,199318,28000,7.1
nor_Latn-srp_Cyrl,metricx24,unknown,1541957,1200000,1.3
nor_Latn-srp_Latn,qwen3-4b-instruct-2507,unknown,5425472,28000,193.8
nor_Latn-sun_Latn,metricx24,unknown,168257,1200000,0.1
nor_Latn-swa_Latn,qwen3-4b-instruct-2507,unknown,564521,28000,20.2
nor_Latn-swe_Latn,metricx24,unknown,17295205,1200000,14.4
nor_Latn-swh_Latn,metricx24,unknown,105692,1200000,0.1
nor_Latn-tam_Taml,metricx24,unknown,805711,1200000,0.7
nor_Latn-tel_Telu,metricx24,unknown,519799,1200000,0.4
nor_Latn-tgk_Cyrl,metricx24,unknown,80158,1200000,0.1
nor_Latn-tgl_Latn,qwen3-4b-instruct-2507,unknown,1226953,28000,43.8
nor_Latn-tha_Thai,metricx24,unknown,5214375,1200000,4.3
nor_Latn-tur_Latn,metricx24,unknown,11534843,1200000,9.6
nor_Latn-ukr_Cyrl,metricx24,unknown,4123450,1200000,3.4
nor_Latn-urd_Arab,metricx24,unknown,717558,1200000,0.6
nor_Latn-vie_Latn,metricx24,unknown,6849239,1200000,5.7
nor_Latn-xho_Latn,metricx24,unknown,208979,1200000,0.2
nor_Latn-yor_Latn,metricx24,unknown,77000,1200000,0.1
nor_Latn-yue_Hani,qwen3-4b-instruct-2507,unknown,379681,28000,13.6
nor_Latn-zho_Hans,metricx24,unknown,2564251,1200000,2.1
nor_Latn-zho_Hant,metricx24,unknown,2411959,1200000,2.0
npi_Deva-als_Latn,qwen3-4b-instruct-2507,0.90562,129034,28000,4.6
npi_Deva-cmn_Hani,metricx24,unknown,145161,1200000,0.1
npi_Deva-fil_Latn,metricx24,unknown,88831,1200000,0.1
npi_Deva-kin_Latn,shaomutan_remedy-9b-22,0.812921335,16847,200000,0.1
npi_Deva-nld_Latn,shaomutan_remedy-9b-22,0.927445381,290628,200000,1.5
npi_Deva-nno_Latn,shaomutan_remedy-9b-22,0.920732596,38007,200000,0.2
npi_Deva-nob_Latn,shaomutan_remedy-9b-22,0.93305016,104322,200000,0.5
npi_Deva-nor_Latn,metricx24,unknown,63304,1200000,0.1
npi_Deva-ory_Orya,qwen3-4b-instruct-2507,0.939164,959742,28000,34.3
npi_Deva-pan_Guru,qwen3-4b-instruct-2507,0.937008,646229,28000,23.1
npi_Deva-pol_Latn,shaomutan_remedy-9b-22,0.930678689,265204,200000,1.3
npi_Deva-por_Latn,qwen3-4b-instruct-2507,0.928616,347061,28000,12.4
npi_Deva-ron_Latn,qwen3-4b-instruct-2507,0.93545,226377,28000,8.1
npi_Deva-rus_Cyrl,shaomutan_remedy-9b-22,0.93813046,447413,200000,2.2
npi_Deva-san_Deva,shaomutan_remedy-9b-22,0.797303223,151578,200000,0.8
npi_Deva-sin_Sinh,shaomutan_remedy-9b-22,0.913197717,756863,200000,3.8
npi_Deva-slk_Latn,qwen3-4b-instruct-2507,0.933639,219191,28000,7.8
npi_Deva-slv_Latn,qwen3-4b-instruct-2507,0.920866,193678,28000,6.9
npi_Deva-snd_Arab,qwen3-4b-instruct-2507,0.89217,474513,28000,16.9
npi_Deva-sqi_Latn,metricx24,unknown,46227,1200000,0.0
npi_Deva-srp_Cyrl,qwen3-4b-instruct-2507,0.949627,142946,28000,5.1
npi_Deva-sun_Latn,qwen3-4b-instruct-2507,0.834918,50088,28000,1.8
npi_Deva-swe_Latn,shaomutan_remedy-9b-22,0.941587709,223635,200000,1.1
npi_Deva-swh_Latn,shaomutan_remedy-9b-22,0.905999951,68760,200000,0.3
npi_Deva-tam_Taml,qwen3-4b-instruct-2507,0.950513,1286758,28000,46.0
npi_Deva-tel_Telu,qwen3-4b-instruct-2507,0.939457,1857988,28000,66.4
npi_Deva-tha_Thai,qwen3-4b-instruct-2507,0.93221,282971,28000,10.1
npi_Deva-tur_Latn,shaomutan_remedy-9b-22,0.931022307,4360771,200000,21.8
npi_Deva-ukr_Cyrl,qwen3-4b-instruct-2507,0.931638,219904,28000,7.9
npi_Deva-urd_Arab,shaomutan_remedy-9b-22,0.913859581,1276119,200000,6.4
npi_Deva-vie_Latn,qwen3-4b-instruct-2507,0.923091,259758,28000,9.3
npi_Deva-xho_Latn,shaomutan_remedy-9b-22,0.780482002,88428,200000,0.4
npi_Deva-zho_Hans,qwen3-4b-instruct-2507,0.952439,85387,28000,3.0
nso_Latn-nso_Latn,metricx24,unknown,30167,1200000,0.0
nso_Latn-nya_Latn,metricx24,0.631555295,168872,1200000,0.1
nso_Latn-pol_Latn,shaomutan_remedy-9b-22,0.852722024,76168,200000,0.4
nso_Latn-por_Latn,shaomutan_remedy-9b-22,0.818896348,138264,200000,0.7
nso_Latn-ron_Latn,shaomutan_remedy-9b-22,0.864695179,30725,200000,0.2
nso_Latn-run_Latn,metricx24,0.619911615,114542,1200000,0.1
nso_Latn-rus_Cyrl,shaomutan_remedy-9b-22,0.868211221,40155,200000,0.2
nso_Latn-sna_Latn,shaomutan_remedy-9b-22,0.715458174,144966,200000,0.7
nso_Latn-som_Latn,shaomutan_remedy-9b-22,0.699522248,141527,200000,0.7
nso_Latn-sot_Latn,shaomutan_remedy-9b-22,0.839231178,215626,200000,1.1
nso_Latn-swa_Latn,metricx24,unknown,161809,1200000,0.1
nso_Latn-swe_Latn,shaomutan_remedy-9b-22,0.856581587,34332,200000,0.2
nso_Latn-swh_Latn,shaomutan_remedy-9b-22,0.80568006,123131,200000,0.6
nso_Latn-tsn_Latn,shaomutan_remedy-9b-22,0.803337224,239091,200000,1.2
nso_Latn-tso_Latn,shaomutan_remedy-9b-22,0.686613157,205336,200000,1.0
nso_Latn-tur_Latn,shaomutan_remedy-9b-22,0.846155498,41346,200000,0.2
nso_Latn-twi_Latn,shaomutan_remedy-9b-22,0.508818824,106918,200000,0.5
nso_Latn-xho_Latn,shaomutan_remedy-9b-22,0.757650581,246781,200000,1.2
nso_Latn-yor_Latn,shaomutan_remedy-9b-22,0.606932503,165542,200000,0.8
nso_Latn-zul_Latn,shaomutan_remedy-9b-22,0.769971154,280155,200000,1.4
nya_Latn-nya_Latn,qwen3-4b-instruct-2507,unknown,78128,28000,2.8
nya_Latn-pol_Latn,shaomutan_remedy-9b-22,0.87207595,274493,200000,1.4
nya_Latn-por_Latn,shaomutan_remedy-9b-22,0.846498203,529916,200000,2.6
nya_Latn-ron_Latn,shaomutan_remedy-9b-22,0.882908203,174835,200000,0.9
nya_Latn-run_Latn,metricx24,0.659410222,269581,1200000,0.2
nya_Latn-rus_Cyrl,shaomutan_remedy-9b-22,0.893107069,464137,200000,2.3
nya_Latn-sin_Sinh,shaomutan_remedy-9b-22,0.826974372,79097,200000,0.4
nya_Latn-slk_Latn,shaomutan_remedy-9b-22,0.880491249,125141,200000,0.6
nya_Latn-slv_Latn,shaomutan_remedy-9b-22,0.864622318,99583,200000,0.5
nya_Latn-sna_Latn,shaomutan_remedy-9b-22,0.783699913,924270,200000,4.6
nya_Latn-som_Latn,shaomutan_remedy-9b-22,0.693372127,564848,200000,2.8
nya_Latn-sot_Latn,shaomutan_remedy-9b-22,0.717545507,836821,200000,4.2
nya_Latn-srp_Cyrl,shaomutan_remedy-9b-22,0.889614739,75119,200000,0.4
nya_Latn-sun_Latn,metricx24,0.767862268,58633,1200000,0.0
nya_Latn-swa_Latn,qwen3-4b-instruct-2507,unknown,376728,28000,13.5
nya_Latn-swc_Latn,qwen3-4b-instruct-2507,unknown,179582,28000,6.4
nya_Latn-swe_Latn,shaomutan_remedy-9b-22,0.873194842,174693,200000,0.9
nya_Latn-swh_Latn,shaomutan_remedy-9b-22,0.833418826,546669,200000,2.7
nya_Latn-tam_Taml,shaomutan_remedy-9b-22,0.838834544,74176,200000,0.4
nya_Latn-tel_Telu,shaomutan_remedy-9b-22,0.815142063,74457,200000,0.4
nya_Latn-tgl_Latn,metricx24,0.825601161,128175,1200000,0.1
nya_Latn-tha_Thai,shaomutan_remedy-9b-22,0.867593039,136718,200000,0.7
nya_Latn-tir_Ethi,shaomutan_remedy-9b-22,0.702013503,166754,200000,0.8
nya_Latn-tsn_Latn,metricx24,0.671664759,259427,1200000,0.2
nya_Latn-tso_Latn,metricx24,0.588559876,274438,1200000,0.2
nya_Latn-tum_Latn,m-prometheus-7b,0.697839721,201472,27000,7.5
nya_Latn-tur_Latn,shaomutan_remedy-9b-22,0.862713032,246448,200000,1.2
nya_Latn-twi_Latn,shaomutan_remedy-9b-22,0.518076582,234450,200000,1.2
nya_Latn-ukr_Cyrl,shaomutan_remedy-9b-22,0.890394509,149749,200000,0.7
nya_Latn-urd_Arab,shaomutan_remedy-9b-22,0.788141499,89595,200000,0.4
nya_Latn-vie_Latn,shaomutan_remedy-9b-22,0.861085558,175917,200000,0.9
nya_Latn-xho_Latn,shaomutan_remedy-9b-22,0.753334821,752711,200000,3.8
nya_Latn-yor_Latn,shaomutan_remedy-9b-22,0.595300291,590960,200000,3.0
nya_Latn-zho_Hans,qwen3-4b-instruct-2507,0.850338,128045,28000,4.6
nya_Latn-zho_Hant,shaomutan_remedy-9b-22,0.859646615,108486,200000,0.5
nya_Latn-zul_Latn,shaomutan_remedy-9b-22,0.769275386,1082787,200000,5.4
oci_Latn-eng_Latn,qwen3-4b-instruct-2507,0.97989,88646,28000,3.2
oci_Latn-fra_Latn,qwen3-4b-instruct-2507,0.964191,185780,28000,6.6
oci_Latn-hun_Latn,shaomutan_remedy-9b-22,0.927227569,57991,200000,0.3
oci_Latn-ita_Latn,qwen3-4b-instruct-2507,0.956197,154024,28000,5.5
oci_Latn-nld_Latn,shaomutan_remedy-9b-22,0.925489114,116718,200000,0.6
oci_Latn-oci_Latn,qwen3-4b-instruct-2507,unknown,47545,28000,1.7
oci_Latn-pan_Guru,qwen3-4b-instruct-2507,0.925784,44960,28000,1.6
oci_Latn-pol_Latn,qwen3-4b-instruct-2507,0.937456,387784,28000,13.8
oci_Latn-por_Latn,metricx24,0.838108,39200364,1200000,32.7
oci_Latn-ron_Latn,qwen3-4b-instruct-2507,0.942733,523418,28000,18.7
oci_Latn-rus_Cyrl,shaomutan_remedy-9b-22,0.939980355,528783,200000,2.6
oci_Latn-sin_Sinh,shaomutan_remedy-9b-22,0.920917656,128500,200000,0.6
oci_Latn-slk_Latn,qwen3-4b-instruct-2507,0.935724,260414,28000,9.3
oci_Latn-slv_Latn,qwen3-4b-instruct-2507,0.92219,183451,28000,6.6
oci_Latn-spa_Latn,qwen3-4b-instruct-2507,0.932643,175495,28000,6.3
oci_Latn-sqi_Latn,qwen3-4b-instruct-2507,unknown,135747,28000,4.8
oci_Latn-srp_Cyrl,qwen3-4b-instruct-2507,0.932822,209170,28000,7.5
oci_Latn-swa_Latn,qwen3-4b-instruct-2507,unknown,94521,28000,3.4
oci_Latn-swe_Latn,shaomutan_remedy-9b-22,0.939678091,347155,200000,1.7
oci_Latn-tam_Taml,shaomutan_remedy-9b-22,0.93052185,153717,200000,0.8
oci_Latn-tgl_Latn,shaomutan_remedy-9b-22,0.944969139,111887,200000,0.6
oci_Latn-tha_Thai,shaomutan_remedy-9b-22,0.935800038,104341,200000,0.5
oci_Latn-tur_Latn,shaomutan_remedy-9b-22,0.932914676,328749,200000,1.6
oci_Latn-ukr_Cyrl,qwen3-4b-instruct-2507,0.945062,303571,28000,10.8
oci_Latn-urd_Arab,shaomutan_remedy-9b-22,0.911694649,116322,200000,0.6
oci_Latn-xho_Latn,shaomutan_remedy-9b-22,0.807157239,91371,200000,0.5
oci_Latn-zho_Hans,qwen3-4b-instruct-2507,0.954092,262529,28000,9.4
orm_Latn-pol_Latn,metricx24,unknown,151929,1200000,0.1
orm_Latn-por_Latn,metricx24,unknown,336085,1200000,0.3
orm_Latn-rus_Cyrl,metricx24,unknown,248525,1200000,0.2
orm_Latn-tur_Latn,metricx24,unknown,125789,1200000,0.1
orv_Cyrl-eng_Latn,metricx24,unknown,249863,1200000,0.2
orv_Cyrl-rus_Cyrl,metricx24,unknown,94372,1200000,0.1
ory_Orya-pan_Guru,qwen3-4b-instruct-2507,0.937969,628668,28000,22.5
ory_Orya-por_Latn,qwen3-4b-instruct-2507,0.930538,120122,28000,4.3
ory_Orya-rus_Cyrl,qwen3-4b-instruct-2507,0.930986,106740,28000,3.8
ory_Orya-san_Deva,shaomutan_remedy-9b-22,0.789742015,185395,200000,0.9
ory_Orya-sin_Sinh,shaomutan_remedy-9b-22,0.901097527,802971,200000,4.0
ory_Orya-snd_Arab,qwen3-4b-instruct-2507,0.876979,345961,28000,12.4
ory_Orya-tam_Taml,qwen3-4b-instruct-2507,0.934734,1932109,28000,69.0
ory_Orya-tel_Telu,metricx24,0.742925,2744759,1200000,2.3
ory_Orya-urd_Arab,qwen3-4b-instruct-2507,0.892021,1291213,28000,46.1
ory_Orya-wln_Latn,qwen3-4b-instruct-2507,unknown,15509,28000,0.6
pag_Latn-pag_Latn,qwen3-4b-instruct-2507,unknown,22375,28000,0.8
pag_Latn-por_Latn,shaomutan_remedy-9b-22,0.863208487,71666,200000,0.4
pag_Latn-rus_Cyrl,shaomutan_remedy-9b-22,0.866587665,55868,200000,0.3
pan_Guru-als_Latn,qwen3-4b-instruct-2507,0.921812,40786,28000,1.5
pan_Guru-pol_Latn,qwen3-4b-instruct-2507,0.936541,366131,28000,13.1
pan_Guru-por_Latn,qwen3-4b-instruct-2507,0.941284,578776,28000,20.7
pan_Guru-pus_Arab,metricx24,unknown,37914,1200000,0.0
pan_Guru-ron_Latn,qwen3-4b-instruct-2507,0.953146,249124,28000,8.9
pan_Guru-rus_Cyrl,shaomutan_remedy-9b-22,0.941218126,601501,200000,3.0
pan_Guru-san_Deva,qwen3-4b-instruct-2507,0.779144,148263,28000,5.3
pan_Guru-sin_Sinh,shaomutan_remedy-9b-22,0.904932983,702292,200000,3.5
pan_Guru-slk_Latn,qwen3-4b-instruct-2507,0.95217,200003,28000,7.1
pan_Guru-slv_Latn,qwen3-4b-instruct-2507,0.937825,157717,28000,5.6
pan_Guru-snd_Arab,qwen3-4b-instruct-2507,0.909612,504441,28000,18.0
pan_Guru-sqi_Latn,metricx24,unknown,88705,1200000,0.1
pan_Guru-srp_Cyrl,qwen3-4b-instruct-2507,0.969452,115183,28000,4.1
pan_Guru-swa_Latn,metricx24,unknown,69496,1200000,0.1
pan_Guru-swe_Latn,qwen3-4b-instruct-2507,0.942822,274304,28000,9.8
pan_Guru-tam_Taml,qwen3-4b-instruct-2507,0.953464,1325512,28000,47.3
pan_Guru-tel_Telu,qwen3-4b-instruct-2507,0.943967,1678358,28000,59.9
pan_Guru-tgk_Cyrl,qwen3-4b-instruct-2507,0.883405,82079,28000,2.9
pan_Guru-tgl_Latn,qwen3-4b-instruct-2507,0.92447,139781,28000,5.0
pan_Guru-tha_Thai,qwen3-4b-instruct-2507,0.932698,192176,28000,6.9
pan_Guru-tur_Latn,shaomutan_remedy-9b-22,0.944332821,336145,200000,1.7
pan_Guru-ukr_Cyrl,qwen3-4b-instruct-2507,0.94887,256997,28000,9.2
pan_Guru-urd_Arab,shaomutan_remedy-9b-22,0.921321399,1381403,200000,6.9
pan_Guru-vie_Latn,qwen3-4b-instruct-2507,0.910856,211592,28000,7.6
pan_Guru-wln_Latn,metricx24,unknown,40117,1200000,0.0
pan_Guru-xho_Latn,shaomutan_remedy-9b-22,0.798519092,74224,200000,0.4
pan_Guru-zho_Hans,qwen3-4b-instruct-2507,0.965117,199306,28000,7.1
pan_Guru-zho_Hant,qwen3-4b-instruct-2507,0.959517,175621,28000,6.3
pap_Latn-eng_Latn,qwen3-4b-instruct-2507,0.96547,62322,28000,2.2
pap_Latn-fin_Latn,shaomutan_remedy-9b-22,0.919564259,89712,200000,0.4
pap_Latn-fra_Latn,qwen3-4b-instruct-2507,0.939781,398244,28000,14.2
pap_Latn-heb_Hebr,shaomutan_remedy-9b-22,0.932145988,61965,200000,0.3
pap_Latn-hrv_Latn,shaomutan_remedy-9b-22,0.914993307,54383,200000,0.3
pap_Latn-hun_Latn,shaomutan_remedy-9b-22,0.921571003,107919,200000,0.5
pap_Latn-ind_Latn,shaomutan_remedy-9b-22,0.928225381,109673,200000,0.5
pap_Latn-ita_Latn,shaomutan_remedy-9b-22,0.947077031,269848,200000,1.3
pap_Latn-jpn_Jpan,shaomutan_remedy-9b-22,0.933884324,109021,200000,0.5
pap_Latn-lit_Latn,shaomutan_remedy-9b-22,0.933025062,60754,200000,0.3
pap_Latn-nld_Latn,shaomutan_remedy-9b-22,0.939095656,245582,200000,1.2
pap_Latn-pap_Latn,qwen3-4b-instruct-2507,unknown,75906,28000,2.7
pap_Latn-pol_Latn,shaomutan_remedy-9b-22,0.936985696,243773,200000,1.2
pap_Latn-por_Latn,qwen3-4b-instruct-2507,0.92786,755160,28000,27.0
pap_Latn-ron_Latn,qwen3-4b-instruct-2507,0.930403,193239,28000,6.9
pap_Latn-rus_Cyrl,shaomutan_remedy-9b-22,0.942146378,308317,200000,1.5
pap_Latn-slk_Latn,shaomutan_remedy-9b-22,0.936152873,92950,200000,0.5
pap_Latn-slv_Latn,shaomutan_remedy-9b-22,0.921916588,72600,200000,0.4
pap_Latn-spa_Latn,shaomutan_remedy-9b-22,0.938353376,123639,200000,0.6
pap_Latn-srp_Latn,qwen3-4b-instruct-2507,unknown,57371,28000,2.0
pap_Latn-swe_Latn,shaomutan_remedy-9b-22,0.913467423,214029,200000,1.1
pap_Latn-tha_Thai,shaomutan_remedy-9b-22,0.92816372,67297,200000,0.3
pap_Latn-tur_Latn,shaomutan_remedy-9b-22,0.934027725,216742,200000,1.1
pap_Latn-ukr_Cyrl,qwen3-4b-instruct-2507,0.923828,80756,28000,2.9
pap_Latn-vie_Latn,shaomutan_remedy-9b-22,0.918549377,112368,200000,0.6
pap_Latn-zho_Hans,qwen3-4b-instruct-2507,0.940478,116432,28000,4.2
pbt_Arab-als_Latn,qwen3-4b-instruct-2507,0.804196,47096,28000,1.7
pbt_Arab-por_Latn,shaomutan_remedy-9b-22,0.863064731,210437,200000,1.1
pbt_Arab-ron_Latn,shaomutan_remedy-9b-22,0.909226912,111897,200000,0.6
pbt_Arab-rus_Cyrl,shaomutan_remedy-9b-22,0.906243962,217806,200000,1.1
pbt_Arab-sin_Sinh,shaomutan_remedy-9b-22,0.867567002,79223,200000,0.4
pbt_Arab-slk_Latn,shaomutan_remedy-9b-22,0.916866626,87034,200000,0.4
pbt_Arab-slv_Latn,shaomutan_remedy-9b-22,0.90797275,83177,200000,0.4
pbt_Arab-srp_Cyrl,shaomutan_remedy-9b-22,0.895764538,71219,200000,0.4
pbt_Arab-swe_Latn,shaomutan_remedy-9b-22,0.89802206,100355,200000,0.5
pbt_Arab-tam_Taml,shaomutan_remedy-9b-22,0.868384926,995628,200000,5.0
pbt_Arab-tel_Telu,shaomutan_remedy-9b-22,0.865021453,70732,200000,0.4
pbt_Arab-tgk_Cyrl,m-prometheus-7b,0.845420607,330008,27000,12.2
pbt_Arab-tha_Thai,shaomutan_remedy-9b-22,0.874402405,97941,200000,0.5
pbt_Arab-tur_Latn,shaomutan_remedy-9b-22,0.90276148,124234,200000,0.6
pbt_Arab-ukr_Cyrl,shaomutan_remedy-9b-22,0.894516574,108121,200000,0.5
pbt_Arab-urd_Arab,shaomutan_remedy-9b-22,0.877865707,78482,200000,0.4
pbt_Arab-vie_Latn,shaomutan_remedy-9b-22,0.855402551,109466,200000,0.5
pcm_Latn-pcm_Latn,qwen3-4b-instruct-2507,unknown,152840,28000,5.5
plt_Latn-als_Latn,metricx24,0.804348891,147153,1200000,0.1
plt_Latn-cmn_Hani,metricx24,unknown,422399,1200000,0.4
plt_Latn-fil_Latn,metricx24,unknown,181355,1200000,0.2
plt_Latn-mal_Mlym,shaomutan_remedy-9b-22,0.80876617,229404,200000,1.1
plt_Latn-mar_Deva,shaomutan_remedy-9b-22,0.809559194,125886,200000,0.6
plt_Latn-mkd_Cyrl,shaomutan_remedy-9b-22,0.863332664,192849,200000,1.0
plt_Latn-mri_Latn,metricx24,0.598064012,554402,1200000,0.5
plt_Latn-msa_Latn,metricx24,unknown,91247,1200000,0.1
plt_Latn-mya_Mymr,shaomutan_remedy-9b-22,0.87550929,51378,200000,0.3
plt_Latn-nep_Deva,metricx24,unknown,40347,1200000,0.0
plt_Latn-nld_Latn,metricx24,0.879741599,257016,1200000,0.2
plt_Latn-nob_Latn,shaomutan_remedy-9b-22,0.852316281,95852,200000,0.5
plt_Latn-nor_Latn,metricx24,unknown,66193,1200000,0.1
plt_Latn-npi_Deva,shaomutan_remedy-9b-22,0.801246001,51800,200000,0.3
plt_Latn-pag_Latn,metricx24,0.487602236,127789,1200000,0.1
plt_Latn-pol_Latn,shaomutan_remedy-9b-22,0.868962181,247851,200000,1.2
plt_Latn-por_Latn,shaomutan_remedy-9b-22,0.842930657,331581,200000,1.7
plt_Latn-ron_Latn,shaomutan_remedy-9b-22,0.884739791,226936,200000,1.1
plt_Latn-rus_Cyrl,shaomutan_remedy-9b-22,0.886536414,777528,200000,3.9
plt_Latn-sin_Sinh,shaomutan_remedy-9b-22,0.825012569,128279,200000,0.6
plt_Latn-slk_Latn,shaomutan_remedy-9b-22,0.874775983,197420,200000,1.0
plt_Latn-slv_Latn,metricx24,0.84509179,173447,1200000,0.1
plt_Latn-smo_Latn,metricx24,0.668386193,617079,1200000,0.5
plt_Latn-srp_Cyrl,shaomutan_remedy-9b-22,0.879705464,136450,200000,0.7
plt_Latn-sun_Latn,metricx24,0.760233429,692120,1200000,0.6
plt_Latn-swe_Latn,shaomutan_remedy-9b-22,0.862557371,211214,200000,1.1
plt_Latn-swh_Latn,shaomutan_remedy-9b-22,0.77654075,96549,200000,0.5
plt_Latn-tam_Taml,shaomutan_remedy-9b-22,0.832929223,280486,200000,1.4
plt_Latn-tel_Telu,shaomutan_remedy-9b-22,0.791187475,148225,200000,0.7
plt_Latn-tha_Thai,shaomutan_remedy-9b-22,0.870025022,207579,200000,1.0
plt_Latn-tur_Latn,shaomutan_remedy-9b-22,0.849687373,242330,200000,1.2
plt_Latn-ukr_Cyrl,shaomutan_remedy-9b-22,0.884185397,179134,200000,0.9
plt_Latn-urd_Arab,shaomutan_remedy-9b-22,0.778670856,123976,200000,0.6
plt_Latn-vie_Latn,shaomutan_remedy-9b-22,0.86329945,206724,200000,1.0
plt_Latn-war_Latn,metricx24,0.757619125,224817,1200000,0.2
plt_Latn-xho_Latn,metricx24,0.662865905,74213,1200000,0.1
plt_Latn-zho_Hans,qwen3-4b-instruct-2507,0.86895,218091,28000,7.8
plt_Latn-zsm_Latn,metricx24,0.812737937,109127,1200000,0.1
pol_Latn-abk_Cyrl,metricx24,unknown,103827,1200000,0.1
pol_Latn-als_Latn,metricx24,0.827392,6064689,1200000,5.1
pol_Latn-azj_Latn,qwen3-4b-instruct-2507,0.86661,95310,28000,3.4
pol_Latn-bak_Cyrl,shaomutan_remedy-9b-22,0.87061757,157503,200000,0.8
pol_Latn-bel_Cyrl,shaomutan_remedy-9b-22,0.925272417,75032,200000,0.4
pol_Latn-cat_Latn,qwen3-4b-instruct-2507,0.957626,82248,28000,2.9
pol_Latn-ces_Latn,qwen3-4b-instruct-2507,0.955724,840131,28000,30.0
pol_Latn-cmn_Hani,metricx24,unknown,18660670,1200000,15.6
pol_Latn-crh_Latn,qwen3-4b-instruct-2507,0.792638,134864,28000,4.8
pol_Latn-dan_Latn,qwen3-4b-instruct-2507,0.957332,93899,28000,3.4
pol_Latn-deu_Latn,qwen3-4b-instruct-2507,0.960762,92227,28000,3.3
pol_Latn-eng_Latn,qwen3-4b-instruct-2507,0.974286,1765842,28000,63.1
pol_Latn-epo_Latn,qwen3-4b-instruct-2507,0.897237,119715,28000,4.3
pol_Latn-eus_Latn,shaomutan_remedy-9b-22,0.913024145,352327,200000,1.8
pol_Latn-fil_Latn,metricx24,unknown,1079018,1200000,0.9
pol_Latn-fin_Latn,qwen3-4b-instruct-2507,0.912942,63308,28000,2.3
pol_Latn-fra_Latn,qwen3-4b-instruct-2507,0.971672,156932,28000,5.6
pol_Latn-fur_Latn,qwen3-4b-instruct-2507,0.897561,320915,28000,11.5
pol_Latn-glg_Latn,qwen3-4b-instruct-2507,0.964156,61882,28000,2.2
pol_Latn-hau_Latn,metricx24,0.773575184,38795,1200000,0.0
pol_Latn-hbs_Latn,metricx24,unknown,1333245,1200000,1.1
pol_Latn-hrv_Latn,qwen3-4b-instruct-2507,0.921847,1611118,28000,57.5
pol_Latn-hun_Latn,qwen3-4b-instruct-2507,0.952897,63721,28000,2.3
pol_Latn-ilo_Latn,qwen3-4b-instruct-2507,0.75775,59378,28000,2.1
pol_Latn-ina_Latn,metricx24,unknown,41880,1200000,0.0
pol_Latn-ita_Latn,qwen3-4b-instruct-2507,0.975669,153943,28000,5.5
pol_Latn-jpn_Jpan,qwen3-4b-instruct-2507,0.970767,175712,28000,6.3
pol_Latn-kab_Latn,qwen3-4b-instruct-2507,0.358716,91169,28000,3.3
pol_Latn-kin_Latn,shaomutan_remedy-9b-22,0.775890916,81110,200000,0.4
pol_Latn-kiu_Latn,metricx24,unknown,69276,1200000,0.1
pol_Latn-lat_Latn,metricx24,unknown,77733,1200000,0.1
pol_Latn-lit_Latn,qwen3-4b-instruct-2507,0.920951,55440,28000,2.0
pol_Latn-lzh_Hani,metricx24,unknown,631078,1200000,0.5
pol_Latn-mhr_Cyrl,metricx24,unknown,153518,1200000,0.1
pol_Latn-mkd_Cyrl,qwen3-4b-instruct-2507,0.957994,87900,28000,3.1
pol_Latn-nld_Latn,qwen3-4b-instruct-2507,0.950921,97586,28000,3.5
pol_Latn-nno_Latn,qwen3-4b-instruct-2507,0.934778,196896,28000,7.0
pol_Latn-nob_Latn,shaomutan_remedy-9b-22,0.933875696,158008,200000,0.8
pol_Latn-pap_Latn,qwen3-4b-instruct-2507,0.841329,61806,28000,2.2
pol_Latn-pbt_Arab,shaomutan_remedy-9b-22,0.777592627,92655,200000,0.5
pol_Latn-pol_Latn,metricx24,unknown,526199,1200000,0.4
pol_Latn-por_Latn,metricx24,0.819425,133393588,1200000,111.2
pol_Latn-pus_Arab,metricx24,unknown,125493,1200000,0.1
pol_Latn-rmy_Latn,metricx24,unknown,101094,1200000,0.1
pol_Latn-ron_Latn,metricx24,0.823902,91781343,1200000,76.5
pol_Latn-rus_Cyrl,metricx24,0.850663,91036763,1200000,75.9
pol_Latn-sin_Sinh,shaomutan_remedy-9b-22,0.905075363,2322086,200000,11.6
pol_Latn-slk_Latn,metricx24,0.774049,56144496,1200000,46.8
pol_Latn-slv_Latn,metricx24,0.850557,48009380,1200000,40.0
pol_Latn-sna_Latn,metricx24,0.670089406,97166,1200000,0.1
pol_Latn-snd_Arab,qwen3-4b-instruct-2507,0.903878,142267,28000,5.1
pol_Latn-som_Latn,shaomutan_remedy-9b-22,0.739700498,271720,200000,1.4
pol_Latn-spa_Latn,qwen3-4b-instruct-2507,0.960075,185204,28000,6.6
pol_Latn-sqi_Latn,metricx24,unknown,1962899,1200000,1.6
pol_Latn-srd_Latn,qwen3-4b-instruct-2507,0.85666,472495,28000,16.9
pol_Latn-srp_Cyrl,metricx24,0.884095,9255950,1200000,7.7
pol_Latn-srp_Latn,metricx24,unknown,45093741,1200000,37.6
pol_Latn-sun_Latn,qwen3-4b-instruct-2507,0.860428,338886,28000,12.1
pol_Latn-swa_Latn,metricx24,unknown,1242550,1200000,1.0
pol_Latn-swc_Latn,metricx24,unknown,179852,1200000,0.1
pol_Latn-swe_Latn,metricx24,0.836671,91582477,1200000,76.3
pol_Latn-swh_Latn,shaomutan_remedy-9b-22,0.873393286,1007509,200000,5.0
pol_Latn-tam_Taml,metricx24,0.810209,2781930,1200000,2.3
pol_Latn-tat_Cyrl,qwen3-4b-instruct-2507,0.884993,162082,28000,5.8
pol_Latn-tel_Telu,qwen3-4b-instruct-2507,0.943091,1487329,28000,53.1
pol_Latn-tgk_Cyrl,qwen3-4b-instruct-2507,0.886322,229254,28000,8.2
pol_Latn-tgl_Latn,metricx24,0.832553,2232151,1200000,1.9
pol_Latn-tha_Thai,metricx24,0.797917,21118178,1200000,17.6
pol_Latn-tur_Latn,metricx24,0.74096,77479279,1200000,64.6
pol_Latn-ukr_Cyrl,metricx24,0.829269,19365540,1200000,16.1
pol_Latn-urd_Arab,qwen3-4b-instruct-2507,0.900244,1816578,28000,64.9
pol_Latn-uzn_Latn,qwen3-4b-instruct-2507,0.87328,164076,28000,5.9
pol_Latn-vec_Latn,qwen3-4b-instruct-2507,0.915839,133401,28000,4.8
pol_Latn-vie_Latn,shaomutan_remedy-9b-22,0.934489649,32632362,200000,163.2
pol_Latn-wln_Latn,metricx24,unknown,56825,1200000,0.0
pol_Latn-wuu_Hani,metricx24,unknown,70099,1200000,0.1
pol_Latn-xav_Latn,metricx24,unknown,87134,1200000,0.1
pol_Latn-xho_Latn,shaomutan_remedy-9b-22,0.733862569,436194,200000,2.2
pol_Latn-yor_Latn,shaomutan_remedy-9b-22,0.679847456,147720,200000,0.7
pol_Latn-yue_Hani,metricx24,unknown,1188946,1200000,1.0
pol_Latn-zho_Hans,metricx24,0.832461,12679966,1200000,10.6
pol_Latn-zho_Hant,metricx24,0.816332,7969183,1200000,6.6
pol_Latn-zho_Zyyy,metricx24,unknown,134128,1200000,0.1
pol_Latn-zul_Latn,shaomutan_remedy-9b-22,0.771429165,116239,200000,0.6
por_Latn-abk_Cyrl,metricx24,unknown,107419,1200000,0.1
por_Latn-als_Latn,metricx24,0.855408,2285277,1200000,1.9
por_Latn-aym_Latn,metricx24,unknown,254523,1200000,0.2
por_Latn-ayr_Latn,qwen3-4b-instruct-2507,0.348512,297010,28000,10.6
por_Latn-azj_Latn,qwen3-4b-instruct-2507,0.898462,103692,28000,3.7
por_Latn-bak_Cyrl,shaomutan_remedy-9b-22,0.897774732,150854,200000,0.8
por_Latn-bel_Cyrl,qwen3-4b-instruct-2507,0.942703,62165,28000,2.2
por_Latn-cat_Latn,qwen3-4b-instruct-2507,0.960538,71290,28000,2.5
por_Latn-ces_Latn,qwen3-4b-instruct-2507,0.981906,403434,28000,14.4
por_Latn-cmn_Hani,metricx24,unknown,23408931,1200000,19.5
por_Latn-crh_Latn,qwen3-4b-instruct-2507,0.815301,149668,28000,5.3
por_Latn-dan_Latn,qwen3-4b-instruct-2507,0.975361,89905,28000,3.2
por_Latn-deu_Latn,qwen3-4b-instruct-2507,0.976819,128500,28000,4.6
por_Latn-ekk_Latn,metricx24,unknown,89511,1200000,0.1
por_Latn-eng_Latn,qwen3-4b-instruct-2507,0.985839,1731179,28000,61.8
por_Latn-epo_Latn,qwen3-4b-instruct-2507,0.917979,124380,28000,4.4
por_Latn-eus_Latn,qwen3-4b-instruct-2507,0.934774,368928,28000,13.2
por_Latn-fil_Latn,metricx24,unknown,1272658,1200000,1.1
por_Latn-fin_Latn,qwen3-4b-instruct-2507,0.954495,186043,28000,6.6
por_Latn-fra_Latn,qwen3-4b-instruct-2507,0.972628,699799,28000,25.0
por_Latn-fro_Latn,metricx24,unknown,43366,1200000,0.0
por_Latn-fur_Latn,qwen3-4b-instruct-2507,0.9023,266805,28000,9.5
por_Latn-hau_Latn,shaomutan_remedy-9b-22,0.857109057,48353,200000,0.2
por_Latn-hbs_Latn,metricx24,unknown,1347050,1200000,1.1
por_Latn-heb_Hebr,qwen3-4b-instruct-2507,0.978427,89713,28000,3.2
por_Latn-hrv_Latn,qwen3-4b-instruct-2507,0.967173,1823875,28000,65.1
por_Latn-hun_Latn,qwen3-4b-instruct-2507,0.976237,198420,28000,7.1
por_Latn-ilo_Latn,qwen3-4b-instruct-2507,0.859652,66558,28000,2.4
por_Latn-ina_Latn,metricx24,unknown,38710,1200000,0.0
por_Latn-ind_Latn,qwen3-4b-instruct-2507,0.964848,132661,28000,4.7
por_Latn-ita_Latn,qwen3-4b-instruct-2507,0.979671,586152,28000,20.9
por_Latn-jpn_Jpan,qwen3-4b-instruct-2507,0.982359,266695,28000,9.5
por_Latn-kab_Latn,qwen3-4b-instruct-2507,0.399004,93128,28000,3.3
por_Latn-kin_Latn,shaomutan_remedy-9b-22,0.836094359,104194,200000,0.5
por_Latn-kiu_Latn,metricx24,unknown,74820,1200000,0.1
por_Latn-lat_Latn,metricx24,unknown,81805,1200000,0.1
por_Latn-lit_Latn,qwen3-4b-instruct-2507,0.9512,137681,28000,4.9
por_Latn-lvs_Latn,qwen3-4b-instruct-2507,0.96342,110871,28000,4.0
por_Latn-lzh_Hani,metricx24,unknown,647337,1200000,0.5
por_Latn-mhr_Cyrl,metricx24,unknown,141085,1200000,0.1
por_Latn-mkd_Cyrl,qwen3-4b-instruct-2507,0.975381,102208,28000,3.7
por_Latn-mlt_Latn,shaomutan_remedy-9b-22,0.938940646,70845,200000,0.4
por_Latn-nld_Latn,qwen3-4b-instruct-2507,0.965336,342486,28000,12.2
por_Latn-nno_Latn,qwen3-4b-instruct-2507,0.954778,213573,28000,7.6
por_Latn-nob_Latn,qwen3-4b-instruct-2507,0.949607,186923,28000,6.7
por_Latn-pol_Latn,qwen3-4b-instruct-2507,0.972111,322297,28000,11.5
por_Latn-por_Latn,metricx24,unknown,51739676,1200000,43.1
por_Latn-que_Latn,metricx24,unknown,1089915,1200000,0.9
por_Latn-quy_Latn,metricx24,0.441479563,278389,1200000,0.2
por_Latn-quz_Latn,metricx24,unknown,134761,1200000,0.1
por_Latn-rmy_Latn,metricx24,unknown,116427,1200000,0.1
por_Latn-ron_Latn,metricx24,0.847337,108820921,1200000,90.7
por_Latn-rus_Cyrl,metricx24,0.88311,92114566,1200000,76.8
por_Latn-sin_Sinh,shaomutan_remedy-9b-22,0.930887088,1367998,200000,6.8
por_Latn-slk_Latn,metricx24,0.808097,42390995,1200000,35.3
por_Latn-slv_Latn,metricx24,0.882221,41559496,1200000,34.6
por_Latn-sna_Latn,shaomutan_remedy-9b-22,0.783042033,97889,200000,0.5
por_Latn-snd_Arab,qwen3-4b-instruct-2507,0.922349,134206,28000,4.8
por_Latn-som_Latn,shaomutan_remedy-9b-22,0.792926016,318272,200000,1.6
por_Latn-spa_Latn,qwen3-4b-instruct-2507,0.957133,285189,28000,10.2
por_Latn-sqi_Latn,metricx24,unknown,1594527,1200000,1.3
por_Latn-srd_Latn,qwen3-4b-instruct-2507,0.848387,280825,28000,10.0
por_Latn-srp_Cyrl,metricx24,0.897529,7732577,1200000,6.4
por_Latn-srp_Latn,metricx24,unknown,49659494,1200000,41.4
por_Latn-sun_Latn,qwen3-4b-instruct-2507,0.900841,379648,28000,13.6
por_Latn-swa_Latn,metricx24,unknown,1953100,1200000,1.6
por_Latn-swc_Latn,metricx24,unknown,438720,1200000,0.4
por_Latn-swe_Latn,metricx24,0.881042,104759606,1200000,87.3
por_Latn-swh_Latn,shaomutan_remedy-9b-22,0.922675231,2736129,200000,13.7
por_Latn-tam_Taml,metricx24,0.835582,6480780,1200000,5.4
por_Latn-tat_Cyrl,qwen3-4b-instruct-2507,0.900886,172865,28000,6.2
por_Latn-tel_Telu,qwen3-4b-instruct-2507,0.964798,1547804,28000,55.3
por_Latn-tgk_Cyrl,qwen3-4b-instruct-2507,0.905212,262128,28000,9.4
por_Latn-tgl_Latn,metricx24,0.865499,2917468,1200000,2.4
por_Latn-tha_Thai,metricx24,0.85394,17867570,1200000,14.9
por_Latn-tur_Latn,metricx24,0.778776,88215780,1200000,73.5
por_Latn-ukr_Cyrl,metricx24,0.853398,12142462,1200000,10.1
por_Latn-urd_Arab,qwen3-4b-instruct-2507,0.91115,1991708,28000,71.1
por_Latn-uzn_Latn,qwen3-4b-instruct-2507,0.923221,166169,28000,5.9
por_Latn-vec_Latn,qwen3-4b-instruct-2507,0.910189,94980,28000,3.4
por_Latn-vie_Latn,metricx24,0.879479,32634743,1200000,27.2
por_Latn-wln_Latn,metricx24,unknown,56594,1200000,0.0
por_Latn-wuu_Hani,metricx24,unknown,98359,1200000,0.1
por_Latn-xho_Latn,shaomutan_remedy-9b-22,0.786398586,422285,200000,2.1
por_Latn-yor_Latn,shaomutan_remedy-9b-22,0.720230169,152754,200000,0.8
por_Latn-yue_Hani,metricx24,unknown,1209623,1200000,1.0
por_Latn-zho_Hans,metricx24,0.89235,16237576,1200000,13.5
por_Latn-zho_Hant,metricx24,0.883496,6615199,1200000,5.5
por_Latn-zho_Zyyy,metricx24,unknown,147467,1200000,0.1
por_Latn-zul_Latn,shaomutan_remedy-9b-22,0.832085456,125863,200000,0.6
pus_Arab-por_Latn,metricx24,unknown,855664,1200000,0.7
pus_Arab-ron_Latn,metricx24,unknown,277541,1200000,0.2
pus_Arab-rus_Cyrl,metricx24,unknown,832390,1200000,0.7
pus_Arab-sin_Sinh,metricx24,unknown,95675,1200000,0.1
pus_Arab-slk_Latn,metricx24,unknown,183774,1200000,0.2
pus_Arab-slv_Latn,metricx24,unknown,130250,1200000,0.1
pus_Arab-sqi_Latn,qwen3-4b-instruct-2507,unknown,103558,28000,3.7
pus_Arab-srp_Cyrl,metricx24,unknown,108805,1200000,0.1
pus_Arab-swa_Latn,qwen3-4b-instruct-2507,unknown,96402,28000,3.4
pus_Arab-swe_Latn,metricx24,unknown,263371,1200000,0.2
pus_Arab-tam_Taml,metricx24,unknown,111072,1200000,0.1
pus_Arab-tel_Telu,metricx24,unknown,78100,1200000,0.1
pus_Arab-tgl_Latn,qwen3-4b-instruct-2507,unknown,222355,28000,7.9
pus_Arab-tha_Thai,metricx24,unknown,200209,1200000,0.2
pus_Arab-tur_Latn,metricx24,unknown,399117,1200000,0.3
pus_Arab-ukr_Cyrl,metricx24,unknown,247880,1200000,0.2
pus_Arab-urd_Arab,metricx24,unknown,128980,1200000,0.1
pus_Arab-vie_Latn,metricx24,unknown,263344,1200000,0.2
pus_Arab-xho_Latn,metricx24,unknown,39584,1200000,0.0
pus_Arab-zho_Hans,metricx24,unknown,272274,1200000,0.2
pus_Arab-zho_Hant,metricx24,unknown,201989,1200000,0.2
qub_Latn-qub_Latn,qwen3-4b-instruct-2507,unknown,6645,28000,0.2
que_Latn-spa_Latn,metricx24,unknown,223766,1200000,0.2
quw_Latn-fra_Latn,metricx24,unknown,61584,1200000,0.1
quy_Latn-fra_Latn,shaomutan_remedy-9b-22,0.821630066,57594,200000,0.3
quy_Latn-spa_Latn,shaomutan_remedy-9b-22,0.854483104,177570,200000,0.9
quz_Latn-spa_Latn,metricx24,unknown,104750,1200000,0.1
rmy_Latn-rus_Cyrl,metricx24,unknown,77955,1200000,0.1
rmy_Latn-slk_Latn,metricx24,unknown,55841,1200000,0.0
rmy_Latn-slv_Latn,metricx24,unknown,50915,1200000,0.0
rmy_Latn-swe_Latn,metricx24,unknown,93214,1200000,0.1
rmy_Latn-tur_Latn,metricx24,unknown,85227,1200000,0.1
roh_Latn-pol_Latn,metricx24,unknown,19565,1200000,0.0
roh_Latn-por_Latn,metricx24,unknown,33215,1200000,0.0
roh_Latn-ron_Latn,metricx24,unknown,23736,1200000,0.0
roh_Latn-rus_Cyrl,metricx24,unknown,20938,1200000,0.0
roh_Latn-swe_Latn,metricx24,unknown,19359,1200000,0.0
roh_Latn-tur_Latn,metricx24,unknown,20135,1200000,0.0
ron_Latn-abk_Cyrl,metricx24,unknown,98505,1200000,0.1
ron_Latn-als_Latn,metricx24,0.85678,5972111,1200000,5.0
ron_Latn-azj_Latn,qwen3-4b-instruct-2507,0.901145,75691,28000,2.7
ron_Latn-bak_Cyrl,shaomutan_remedy-9b-22,0.889241434,150870,200000,0.8
ron_Latn-bel_Cyrl,shaomutan_remedy-9b-22,0.95105047,61800,200000,0.3
ron_Latn-ces_Latn,qwen3-4b-instruct-2507,0.974027,378446,28000,13.5
ron_Latn-cmn_Hani,metricx24,unknown,18000035,1200000,15.0
ron_Latn-deu_Latn,qwen3-4b-instruct-2507,0.978069,59010,28000,2.1
ron_Latn-eng_Latn,qwen3-4b-instruct-2507,0.987904,1701929,28000,60.8
ron_Latn-epo_Latn,qwen3-4b-instruct-2507,0.896287,97125,28000,3.5
ron_Latn-eus_Latn,qwen3-4b-instruct-2507,0.934375,285546,28000,10.2
ron_Latn-fil_Latn,metricx24,unknown,1026662,1200000,0.9
ron_Latn-fra_Latn,qwen3-4b-instruct-2507,0.979109,76292,28000,2.7
ron_Latn-fur_Latn,qwen3-4b-instruct-2507,0.880597,110700,28000,4.0
ron_Latn-hbs_Latn,metricx24,unknown,1287909,1200000,1.1
ron_Latn-hrv_Latn,qwen3-4b-instruct-2507,0.958716,1656933,28000,59.2
ron_Latn-ita_Latn,qwen3-4b-instruct-2507,0.973479,59106,28000,2.1
ron_Latn-jpn_Jpan,qwen3-4b-instruct-2507,0.984226,105500,28000,3.8
ron_Latn-kab_Latn,qwen3-4b-instruct-2507,0.40333,68408,28000,2.4
ron_Latn-kin_Latn,shaomutan_remedy-9b-22,0.804374857,46466,200000,0.2
ron_Latn-lzh_Hani,metricx24,unknown,530641,1200000,0.4
ron_Latn-mhr_Cyrl,metricx24,unknown,155806,1200000,0.1
ron_Latn-mkd_Cyrl,qwen3-4b-instruct-2507,0.972698,75898,28000,2.7
ron_Latn-nno_Latn,qwen3-4b-instruct-2507,0.934898,117873,28000,4.2
ron_Latn-nob_Latn,qwen3-4b-instruct-2507,0.945042,138997,28000,5.0
ron_Latn-por_Latn,qwen3-4b-instruct-2507,0.959915,81333,28000,2.9
ron_Latn-ron_Latn,metricx24,unknown,181478,1200000,0.2
ron_Latn-rus_Cyrl,metricx24,0.879252,52799518,1200000,44.0
ron_Latn-sin_Sinh,metricx24,0.851998,2433145,1200000,2.0
ron_Latn-slk_Latn,metricx24,0.803952,36378274,1200000,30.3
ron_Latn-slv_Latn,metricx24,0.879662,38764374,1200000,32.3
ron_Latn-sna_Latn,metricx24,0.712418063,87607,1200000,0.1
ron_Latn-snd_Arab,qwen3-4b-instruct-2507,0.916038,126299,28000,4.5
ron_Latn-som_Latn,shaomutan_remedy-9b-22,0.756631428,236082,200000,1.2
ron_Latn-spa_Latn,qwen3-4b-instruct-2507,0.965182,41041,28000,1.5
ron_Latn-sqi_Latn,metricx24,unknown,1711886,1200000,1.4
ron_Latn-srd_Latn,qwen3-4b-instruct-2507,0.825784,90857,28000,3.2
ron_Latn-srp_Cyrl,metricx24,0.900945,7592528,1200000,6.3
ron_Latn-srp_Latn,metricx24,unknown,48299032,1200000,40.2
ron_Latn-sun_Latn,qwen3-4b-instruct-2507,0.890906,281386,28000,10.0
ron_Latn-swa_Latn,metricx24,unknown,738354,1200000,0.6
ron_Latn-swe_Latn,metricx24,0.871724,69419286,1200000,57.8
ron_Latn-swh_Latn,shaomutan_remedy-9b-22,0.881996957,389973,200000,1.9
ron_Latn-tam_Taml,metricx24,0.835297,2406317,1200000,2.0
ron_Latn-tat_Cyrl,qwen3-4b-instruct-2507,0.902837,144492,28000,5.2
ron_Latn-tel_Telu,qwen3-4b-instruct-2507,0.959363,1293836,28000,46.2
ron_Latn-tgk_Cyrl,qwen3-4b-instruct-2507,0.908487,226993,28000,8.1
ron_Latn-tgl_Latn,qwen3-4b-instruct-2507,0.946471,1716398,28000,61.3
ron_Latn-tha_Thai,metricx24,0.830585,20549011,1200000,17.1
ron_Latn-tur_Latn,metricx24,0.770242,66544252,1200000,55.5
ron_Latn-ukr_Cyrl,metricx24,0.856397,16676517,1200000,13.9
ron_Latn-urd_Arab,qwen3-4b-instruct-2507,0.927999,1673404,28000,59.8
ron_Latn-uzn_Latn,qwen3-4b-instruct-2507,0.895918,103224,28000,3.7
ron_Latn-vie_Latn,metricx24,0.869005,31758208,1200000,26.5
ron_Latn-wln_Latn,metricx24,unknown,46045,1200000,0.0
ron_Latn-xho_Latn,shaomutan_remedy-9b-22,0.759372669,395595,200000,2.0
ron_Latn-yor_Latn,shaomutan_remedy-9b-22,0.722432439,133523,200000,0.7
ron_Latn-yue_Hani,metricx24,unknown,1024376,1200000,0.9
ron_Latn-zho_Hans,metricx24,0.861302,10635492,1200000,8.9
ron_Latn-zho_Hant,metricx24,0.853747,7505900,1200000,6.3
ron_Latn-zho_Zyyy,metricx24,unknown,145674,1200000,0.1
ron_Latn-zul_Latn,shaomutan_remedy-9b-22,0.782094793,106287,200000,0.5
run_Latn-sna_Latn,shaomutan_remedy-9b-22,0.738253566,276894,200000,1.4
run_Latn-som_Latn,shaomutan_remedy-9b-22,0.692776566,184467,200000,0.9
run_Latn-sot_Latn,shaomutan_remedy-9b-22,0.776494949,194511,200000,1.0
run_Latn-swa_Latn,qwen3-4b-instruct-2507,unknown,199842,28000,7.1
run_Latn-swc_Latn,qwen3-4b-instruct-2507,unknown,134781,28000,4.8
run_Latn-swh_Latn,shaomutan_remedy-9b-22,0.860141567,218135,200000,1.1
run_Latn-tir_Ethi,shaomutan_remedy-9b-22,0.663846876,141674,200000,0.7
run_Latn-tsn_Latn,shaomutan_remedy-9b-22,0.699609808,180952,200000,0.9
run_Latn-tso_Latn,shaomutan_remedy-9b-22,0.591816937,205962,200000,1.0
run_Latn-tum_Latn,metricx24,0.631858935,150090,1200000,0.1
run_Latn-twi_Latn,shaomutan_remedy-9b-22,0.489591465,156388,200000,0.8
run_Latn-xho_Latn,shaomutan_remedy-9b-22,0.723005447,274722,200000,1.4
run_Latn-yor_Latn,shaomutan_remedy-9b-22,0.586506923,146572,200000,0.7
run_Latn-zul_Latn,shaomutan_remedy-9b-22,0.768814525,310309,200000,1.6
rus_Cyrl-als_Latn,metricx24,0.845976,7362750,1200000,6.1
rus_Cyrl-azj_Latn,qwen3-4b-instruct-2507,0.912738,128735,28000,4.6
rus_Cyrl-bos_Latn,qwen3-4b-instruct-2507,0.96658,40937,28000,1.5
rus_Cyrl-ces_Latn,qwen3-4b-instruct-2507,0.972997,842082,28000,30.1
rus_Cyrl-cmn_Hani,metricx24,unknown,34034256,1200000,28.4
rus_Cyrl-crh_Latn,shaomutan_remedy-9b-22,0.81969577,156536,200000,0.8
rus_Cyrl-dan_Latn,qwen3-4b-instruct-2507,0.975376,222449,28000,7.9
rus_Cyrl-deu_Latn,qwen3-4b-instruct-2507,0.974983,349290,28000,12.5
rus_Cyrl-ekk_Latn,metricx24,unknown,81933,1200000,0.1
rus_Cyrl-ell_Grek,qwen3-4b-instruct-2507,0.965809,207071,28000,7.4
rus_Cyrl-eng_Latn,qwen3-4b-instruct-2507,0.983883,1844140,28000,65.9
rus_Cyrl-epo_Latn,qwen3-4b-instruct-2507,0.942683,76243,28000,2.7
rus_Cyrl-est_Latn,qwen3-4b-instruct-2507,0.951045,55801,28000,2.0
rus_Cyrl-eus_Latn,qwen3-4b-instruct-2507,0.950503,216798,28000,7.7
rus_Cyrl-fas_Arab,metricx24,unknown,119949,1200000,0.1
rus_Cyrl-fil_Latn,metricx24,unknown,1580538,1200000,1.3
rus_Cyrl-fin_Latn,qwen3-4b-instruct-2507,0.954156,210510,28000,7.5
rus_Cyrl-fra_Latn,qwen3-4b-instruct-2507,0.978965,375358,28000,13.4
rus_Cyrl-fur_Latn,qwen3-4b-instruct-2507,0.910781,174200,28000,6.2
rus_Cyrl-hbs_Latn,metricx24,unknown,206344,1200000,0.2
rus_Cyrl-heb_Hebr,qwen3-4b-instruct-2507,0.977377,138150,28000,4.9
rus_Cyrl-hrv_Latn,qwen3-4b-instruct-2507,0.953106,1215084,28000,43.4
rus_Cyrl-hun_Latn,qwen3-4b-instruct-2507,0.967805,221162,28000,7.9
rus_Cyrl-ind_Latn,qwen3-4b-instruct-2507,0.961896,172591,28000,6.2
rus_Cyrl-ita_Latn,qwen3-4b-instruct-2507,0.985271,305017,28000,10.9
rus_Cyrl-jpn_Jpan,qwen3-4b-instruct-2507,0.984978,263745,28000,9.4
rus_Cyrl-kab_Latn,qwen3-4b-instruct-2507,0.424271,60000,28000,2.1
rus_Cyrl-kin_Latn,shaomutan_remedy-9b-22,0.826701913,72371,200000,0.4
rus_Cyrl-kiu_Latn,metricx24,unknown,73737,1200000,0.1
rus_Cyrl-lit_Latn,qwen3-4b-instruct-2507,0.951643,103526,28000,3.7
rus_Cyrl-lvs_Latn,qwen3-4b-instruct-2507,0.966859,73070,28000,2.6
rus_Cyrl-lzh_Hani,metricx24,unknown,758184,1200000,0.6
rus_Cyrl-mkd_Cyrl,qwen3-4b-instruct-2507,0.949313,109415,28000,3.9
rus_Cyrl-mlt_Latn,qwen3-4b-instruct-2507,0.941707,53316,28000,1.9
rus_Cyrl-nld_Latn,qwen3-4b-instruct-2507,0.96885,275616,28000,9.8
rus_Cyrl-nno_Latn,qwen3-4b-instruct-2507,0.963659,166572,28000,5.9
rus_Cyrl-nob_Latn,qwen3-4b-instruct-2507,0.955022,157906,28000,5.6
rus_Cyrl-nor_Latn,metricx24,unknown,72947,1200000,0.1
rus_Cyrl-pol_Latn,qwen3-4b-instruct-2507,0.968805,279022,28000,10.0
rus_Cyrl-por_Latn,qwen3-4b-instruct-2507,0.967372,345316,28000,12.3
rus_Cyrl-ron_Latn,qwen3-4b-instruct-2507,0.977501,245617,28000,8.8
rus_Cyrl-rus_Cyrl,metricx24,unknown,1147749,1200000,1.0
rus_Cyrl-sin_Sinh,shaomutan_remedy-9b-22,0.912692089,3643872,200000,18.2
rus_Cyrl-slk_Latn,metricx24,0.788036,31113280,1200000,25.9
rus_Cyrl-slv_Latn,metricx24,0.870045,29879990,1200000,24.9
rus_Cyrl-sna_Latn,shaomutan_remedy-9b-22,0.7627451,98684,200000,0.5
rus_Cyrl-snd_Arab,qwen3-4b-instruct-2507,0.92329,167798,28000,6.0
rus_Cyrl-som_Latn,shaomutan_remedy-9b-22,0.776003742,360097,200000,1.8
rus_Cyrl-spa_Latn,qwen3-4b-instruct-2507,0.966192,411651,28000,14.7
rus_Cyrl-sqi_Latn,metricx24,unknown,1947397,1200000,1.6
rus_Cyrl-srd_Latn,qwen3-4b-instruct-2507,0.881603,183280,28000,6.5
rus_Cyrl-srp_Cyrl,metricx24,0.885913,10463597,1200000,8.7
rus_Cyrl-srp_Latn,metricx24,unknown,31593852,1200000,26.3
rus_Cyrl-sun_Latn,qwen3-4b-instruct-2507,0.89677,380935,28000,13.6
rus_Cyrl-swa_Latn,metricx24,unknown,1443154,1200000,1.2
rus_Cyrl-swc_Latn,metricx24,unknown,226358,1200000,0.2
rus_Cyrl-swe_Latn,metricx24,0.864326,58960536,1200000,49.1
rus_Cyrl-swh_Latn,shaomutan_remedy-9b-22,0.917493742,1324402,200000,6.6
rus_Cyrl-tam_Taml,metricx24,0.815597,3608985,1200000,3.0
rus_Cyrl-tat_Cyrl,shaomutan_remedy-9b-22,0.908522862,988004,200000,4.9
rus_Cyrl-tel_Telu,qwen3-4b-instruct-2507,0.955983,1645799,28000,58.8
rus_Cyrl-tgk_Cyrl,m-prometheus-7b,0.907401692,3875824,27000,143.5
rus_Cyrl-tgl_Latn,metricx24,0.850802,2645611,1200000,2.2
rus_Cyrl-tha_Thai,metricx24,0.843821,20647073,1200000,17.2
rus_Cyrl-tur_Latn,metricx24,0.765045,60547282,1200000,50.5
rus_Cyrl-ukr_Cyrl,metricx24,0.833931,44639872,1200000,37.2
rus_Cyrl-urd_Arab,metricx24,0.816665,3861319,1200000,3.2
rus_Cyrl-uzn_Cyrl,metricx24,unknown,400850,1200000,0.3
rus_Cyrl-uzn_Latn,qwen3-4b-instruct-2507,0.917402,542912,28000,19.4
rus_Cyrl-vie_Latn,metricx24,0.866092,34796776,1200000,29.0
rus_Cyrl-wln_Latn,metricx24,unknown,48825,1200000,0.0
rus_Cyrl-wuu_Hani,metricx24,unknown,221429,1200000,0.2
rus_Cyrl-xho_Latn,shaomutan_remedy-9b-22,0.769947383,478251,200000,2.4
rus_Cyrl-yor_Latn,shaomutan_remedy-9b-22,0.699322261,160007,200000,0.8
rus_Cyrl-yue_Hani,metricx24,unknown,1369063,1200000,1.1
rus_Cyrl-zho_Hans,metricx24,0.88272,20922075,1200000,17.4
rus_Cyrl-zho_Hant,metricx24,0.877018,7443301,1200000,6.2
rus_Cyrl-zul_Latn,shaomutan_remedy-9b-22,0.816013732,118488,200000,0.6
sag_Latn-por_Latn,qwen3-4b-instruct-2507,0.746356,38674,28000,1.4
san_Deva-sin_Sinh,shaomutan_remedy-9b-22,0.874325037,179467,200000,0.9
san_Deva-snd_Arab,m-prometheus-7b,0.808521653,137492,27000,5.1
san_Deva-tam_Taml,shaomutan_remedy-9b-22,0.885446773,309509,200000,1.5
san_Deva-tel_Telu,shaomutan_remedy-9b-22,0.870147405,399523,200000,2.0
san_Deva-urd_Arab,shaomutan_remedy-9b-22,0.857977094,273241,200000,1.4
scn_Latn-jpn_Jpan,shaomutan_remedy-9b-22,0.934738259,100334,200000,0.5
scn_Latn-nld_Latn,shaomutan_remedy-9b-22,0.930298965,208422,200000,1.0
scn_Latn-pol_Latn,shaomutan_remedy-9b-22,0.940413697,183094,200000,0.9
scn_Latn-por_Latn,shaomutan_remedy-9b-22,0.926837766,295331,200000,1.5
scn_Latn-ron_Latn,shaomutan_remedy-9b-22,0.922782731,109919,200000,0.5
scn_Latn-rus_Cyrl,shaomutan_remedy-9b-22,0.94318099,204063,200000,1.0
scn_Latn-scn_Latn,qwen3-4b-instruct-2507,unknown,50882,28000,1.8
scn_Latn-slk_Latn,shaomutan_remedy-9b-22,0.914491506,80313,200000,0.4
scn_Latn-slv_Latn,shaomutan_remedy-9b-22,0.913992505,66892,200000,0.3
scn_Latn-swe_Latn,shaomutan_remedy-9b-22,0.93978078,167055,200000,0.8
scn_Latn-tur_Latn,shaomutan_remedy-9b-22,0.930675171,145093,200000,0.7
scn_Latn-vie_Latn,shaomutan_remedy-9b-22,0.911745425,70532,200000,0.4
scn_Latn-zho_Hans,qwen3-4b-instruct-2507,0.927292,66370,28000,2.4
sco_Latn-fin_Latn,metricx24,unknown,101282,1200000,0.1
sco_Latn-fra_Latn,metricx24,unknown,503048,1200000,0.4
sco_Latn-hrv_Latn,qwen3-4b-instruct-2507,unknown,55301,28000,2.0
sco_Latn-hun_Latn,metricx24,unknown,73521,1200000,0.1
sco_Latn-ita_Latn,metricx24,unknown,234727,1200000,0.2
sco_Latn-jpn_Jpan,metricx24,unknown,56250,1200000,0.0
sco_Latn-nld_Latn,metricx24,unknown,179200,1200000,0.1
sco_Latn-nob_Latn,metricx24,unknown,75553,1200000,0.1
sco_Latn-pol_Latn,metricx24,unknown,123864,1200000,0.1
sco_Latn-por_Latn,metricx24,unknown,248489,1200000,0.2
sco_Latn-ron_Latn,metricx24,unknown,68538,1200000,0.1
sco_Latn-rus_Cyrl,metricx24,unknown,124665,1200000,0.1
sco_Latn-sco_Latn,qwen3-4b-instruct-2507,unknown,98708,28000,3.5
sco_Latn-spa_Latn,metricx24,unknown,542539,1200000,0.5
sco_Latn-swe_Latn,metricx24,unknown,110017,1200000,0.1
sco_Latn-tur_Latn,metricx24,unknown,65038,1200000,0.1
sco_Latn-ukr_Cyrl,metricx24,unknown,54240,1200000,0.0
sco_Latn-vie_Latn,metricx24,unknown,59288,1200000,0.0
sdh_Arab-eng_Latn,metricx24,unknown,515492,1200000,0.4
shp_Latn-por_Latn,metricx24,unknown,31742,1200000,0.0
shp_Latn-ron_Latn,metricx24,unknown,29336,1200000,0.0
shp_Latn-rus_Cyrl,metricx24,unknown,25471,1200000,0.0
shp_Latn-shp_Latn,qwen3-4b-instruct-2507,unknown,6316,28000,0.2
shp_Latn-tur_Latn,metricx24,unknown,29582,1200000,0.0
sin_Sinh-als_Latn,qwen3-4b-instruct-2507,0.866486,458924,28000,16.4
sin_Sinh-cmn_Hani,metricx24,unknown,989432,1200000,0.8
sin_Sinh-fil_Latn,metricx24,unknown,186913,1200000,0.2
sin_Sinh-lzh_Hani,metricx24,unknown,121801,1200000,0.1
sin_Sinh-slk_Latn,shaomutan_remedy-9b-22,0.923673328,1418430,200000,7.1
sin_Sinh-slv_Latn,shaomutan_remedy-9b-22,0.909103134,1379540,200000,6.9
sin_Sinh-snd_Arab,qwen3-4b-instruct-2507,0.800488,472962,28000,16.9
sin_Sinh-som_Latn,shaomutan_remedy-9b-22,0.757546035,128036,200000,0.6
sin_Sinh-sqi_Latn,metricx24,unknown,434635,1200000,0.4
sin_Sinh-srp_Cyrl,shaomutan_remedy-9b-22,0.922981092,823591,200000,4.1
sin_Sinh-srp_Latn,metricx24,unknown,1029535,1200000,0.9
sin_Sinh-sun_Latn,shaomutan_remedy-9b-22,0.791767836,219512,200000,1.1
sin_Sinh-swa_Latn,metricx24,unknown,359355,1200000,0.3
sin_Sinh-swe_Latn,shaomutan_remedy-9b-22,0.911980022,2274011,200000,11.4
sin_Sinh-swh_Latn,shaomutan_remedy-9b-22,0.862974487,188829,200000,0.9
sin_Sinh-tam_Taml,shaomutan_remedy-9b-22,0.923503712,2366458,200000,11.8
sin_Sinh-tel_Telu,shaomutan_remedy-9b-22,0.905074014,2171027,200000,10.9
sin_Sinh-tgk_Cyrl,shaomutan_remedy-9b-22,0.796930276,144617,200000,0.7
sin_Sinh-tgl_Latn,shaomutan_remedy-9b-22,0.89243453,546239,200000,2.7
sin_Sinh-tha_Thai,shaomutan_remedy-9b-22,0.908505959,1932739,200000,9.7
sin_Sinh-tur_Latn,shaomutan_remedy-9b-22,0.92605498,6347419,200000,31.7
sin_Sinh-ukr_Cyrl,shaomutan_remedy-9b-22,0.928256929,1611194,200000,8.1
sin_Sinh-urd_Arab,shaomutan_remedy-9b-22,0.874841085,2162264,200000,10.8
sin_Sinh-vie_Latn,shaomutan_remedy-9b-22,0.887228107,2416968,200000,12.1
sin_Sinh-wln_Latn,metricx24,unknown,14787,1200000,0.0
sin_Sinh-xho_Latn,shaomutan_remedy-9b-22,0.773022372,220080,200000,1.1
sin_Sinh-yor_Latn,shaomutan_remedy-9b-22,0.686049906,119212,200000,0.6
sin_Sinh-yue_Hani,metricx24,unknown,212634,1200000,0.2
sin_Sinh-zho_Hans,qwen3-4b-instruct-2507,0.914306,927858,28000,33.1
sin_Sinh-zho_Hant,qwen3-4b-instruct-2507,0.908656,986182,28000,35.2
sin_Sinh-zul_Latn,shaomutan_remedy-9b-22,0.793894783,64360,200000,0.3
skg_Latn-zho_Hans,metricx24,unknown,98541,1200000,0.1
slk_Latn-als_Latn,metricx24,0.842271,4614803,1200000,3.8
slk_Latn-ces_Latn,xcomet-xl,0.949901687,40415,400000,0.1
slk_Latn-cmn_Hani,metricx24,unknown,6559874,1200000,5.5
slk_Latn-dan_Latn,qwen3-4b-instruct-2507,0.94448,648899,28000,23.2
slk_Latn-deu_Latn,qwen3-4b-instruct-2507,0.963469,1206546,28000,43.1
slk_Latn-ekk_Latn,metricx24,unknown,337788,1200000,0.3
slk_Latn-ell_Grek,qwen3-4b-instruct-2507,0.956033,534634,28000,19.1
slk_Latn-eng_Latn,metricx24,0.823365,2405327,1200000,2.0
slk_Latn-epo_Latn,qwen3-4b-instruct-2507,0.869069,48165,28000,1.7
slk_Latn-est_Latn,qwen3-4b-instruct-2507,0.90323,111145,28000,4.0
slk_Latn-eus_Latn,qwen3-4b-instruct-2507,0.901379,71406,28000,2.6
slk_Latn-fas_Arab,metricx24,unknown,180539,1200000,0.2
slk_Latn-fil_Latn,metricx24,unknown,460910,1200000,0.4
slk_Latn-fin_Latn,shaomutan_remedy-9b-22,0.911477523,704213,200000,3.5
slk_Latn-fra_Latn,qwen3-4b-instruct-2507,0.971623,1392688,28000,49.7
slk_Latn-fur_Latn,qwen3-4b-instruct-2507,0.869791,160319,28000,5.7
slk_Latn-heb_Hebr,qwen3-4b-instruct-2507,0.967521,226513,28000,8.1
slk_Latn-hin_Deva,qwen3-4b-instruct-2507,0.940657,115485,28000,4.1
slk_Latn-hrv_Latn,qwen3-4b-instruct-2507,0.906551,813753,28000,29.1
slk_Latn-hun_Latn,qwen3-4b-instruct-2507,0.958133,799707,28000,28.6
slk_Latn-ind_Latn,qwen3-4b-instruct-2507,0.934226,514874,28000,18.4
slk_Latn-isl_Latn,qwen3-4b-instruct-2507,0.87231,78282,28000,2.8
slk_Latn-ita_Latn,qwen3-4b-instruct-2507,0.974111,1071567,28000,38.3
slk_Latn-jpn_Jpan,qwen3-4b-instruct-2507,0.96788,422483,28000,15.1
slk_Latn-kor_Hang,qwen3-4b-instruct-2507,0.950065,147741,28000,5.3
slk_Latn-kor_Zyyy,metricx24,unknown,132168,1200000,0.1
slk_Latn-lav_Latn,metricx24,unknown,83171,1200000,0.1
slk_Latn-lit_Latn,qwen3-4b-instruct-2507,0.916585,502514,28000,17.9
slk_Latn-lvs_Latn,qwen3-4b-instruct-2507,0.932623,399076,28000,14.3
slk_Latn-lzh_Hani,metricx24,unknown,279682,1200000,0.2
slk_Latn-mkd_Cyrl,qwen3-4b-instruct-2507,0.95328,140872,28000,5.0
slk_Latn-mlt_Latn,shaomutan_remedy-9b-22,0.89396347,175283,200000,0.9
slk_Latn-msa_Latn,metricx24,unknown,103407,1200000,0.1
slk_Latn-nld_Latn,qwen3-4b-instruct-2507,0.945027,1073981,28000,38.4
slk_Latn-nno_Latn,qwen3-4b-instruct-2507,0.919,102204,28000,3.7
slk_Latn-nob_Latn,qwen3-4b-instruct-2507,0.924102,144305,28000,5.2
slk_Latn-nor_Latn,metricx24,unknown,249602,1200000,0.2
slk_Latn-pol_Latn,qwen3-4b-instruct-2507,0.949915,1331348,28000,47.5
slk_Latn-por_Latn,qwen3-4b-instruct-2507,0.960413,1283543,28000,45.8
slk_Latn-ron_Latn,qwen3-4b-instruct-2507,0.954156,667734,28000,23.8
slk_Latn-rus_Cyrl,qwen3-4b-instruct-2507,0.968701,1131124,28000,40.4
slk_Latn-slk_Latn,metricx24,unknown,999023,1200000,0.8
slk_Latn-slv_Latn,metricx24,0.84706,37472834,1200000,31.2
slk_Latn-sna_Latn,metricx24,0.677959614,87400,1200000,0.1
slk_Latn-som_Latn,shaomutan_remedy-9b-22,0.743483114,231458,200000,1.2
slk_Latn-spa_Latn,qwen3-4b-instruct-2507,0.954953,1568456,28000,56.0
slk_Latn-sqi_Latn,metricx24,unknown,1532734,1200000,1.3
slk_Latn-srd_Latn,qwen3-4b-instruct-2507,0.848945,203648,28000,7.3
slk_Latn-srp_Cyrl,metricx24,0.889248,7826912,1200000,6.5
slk_Latn-srp_Latn,metricx24,unknown,12197791,1200000,10.2
slk_Latn-sun_Latn,qwen3-4b-instruct-2507,0.858208,285398,28000,10.2
slk_Latn-swa_Latn,metricx24,unknown,968563,1200000,0.8
slk_Latn-swc_Latn,metricx24,unknown,135843,1200000,0.1
slk_Latn-swe_Latn,metricx24,0.853945,38239610,1200000,31.9
slk_Latn-swh_Latn,shaomutan_remedy-9b-22,0.836401758,975927,200000,4.9
slk_Latn-tam_Taml,qwen3-4b-instruct-2507,0.951777,1829838,28000,65.4
slk_Latn-tel_Telu,qwen3-4b-instruct-2507,0.949353,1068401,28000,38.2
slk_Latn-tgk_Cyrl,qwen3-4b-instruct-2507,0.8889,206858,28000,7.4
slk_Latn-tgl_Latn,qwen3-4b-instruct-2507,0.927914,1431572,28000,51.1
slk_Latn-tha_Thai,metricx24,0.81387,6683197,1200000,5.6
slk_Latn-tur_Latn,metricx24,0.76117,22129070,1200000,18.4
slk_Latn-ukr_Cyrl,metricx24,0.838788,15877250,1200000,13.2
slk_Latn-urd_Arab,qwen3-4b-instruct-2507,0.909238,1380233,28000,49.3
slk_Latn-uzn_Latn,qwen3-4b-instruct-2507,0.874769,381977,28000,13.6
slk_Latn-vie_Latn,metricx24,0.829942,14728836,1200000,12.3
slk_Latn-wln_Latn,metricx24,unknown,47294,1200000,0.0
slk_Latn-xho_Latn,shaomutan_remedy-9b-22,0.715664303,464382,200000,2.3
slk_Latn-yor_Latn,shaomutan_remedy-9b-22,0.635247592,141424,200000,0.7
slk_Latn-yue_Hani,metricx24,unknown,541929,1200000,0.5
slk_Latn-zho_Hans,metricx24,0.843808,4972916,1200000,4.1
slk_Latn-zho_Hant,metricx24,0.830136,2675948,1200000,2.2
slk_Latn-zul_Latn,shaomutan_remedy-9b-22,0.75744392,90856,200000,0.5
slv_Latn-als_Latn,metricx24,0.838424,4663284,1200000,3.9
slv_Latn-ces_Latn,qwen3-4b-instruct-2507,0.948188,61863,28000,2.2
slv_Latn-cmn_Hani,metricx24,unknown,7994939,1200000,6.7
slv_Latn-dan_Latn,qwen3-4b-instruct-2507,0.940085,91525,28000,3.3
slv_Latn-deu_Latn,qwen3-4b-instruct-2507,0.954888,138780,28000,5.0
slv_Latn-ell_Grek,qwen3-4b-instruct-2507,0.941379,75919,28000,2.7
slv_Latn-eng_Latn,qwen3-4b-instruct-2507,0.980577,992377,28000,35.4
slv_Latn-eus_Latn,qwen3-4b-instruct-2507,0.876187,71241,28000,2.5
slv_Latn-fil_Latn,metricx24,unknown,414356,1200000,0.3
slv_Latn-fin_Latn,shaomutan_remedy-9b-22,0.908188188,97540,200000,0.5
slv_Latn-fra_Latn,qwen3-4b-instruct-2507,0.966924,206494,28000,7.4
slv_Latn-fur_Latn,qwen3-4b-instruct-2507,0.84441,74152,28000,2.6
slv_Latn-heb_Hebr,qwen3-4b-instruct-2507,0.953693,56374,28000,2.0
slv_Latn-hrv_Latn,shaomutan_remedy-9b-22,0.92400626,741475,200000,3.7
slv_Latn-hun_Latn,qwen3-4b-instruct-2507,0.939841,294066,28000,10.5
slv_Latn-ind_Latn,shaomutan_remedy-9b-22,0.936796069,310793,200000,1.6
slv_Latn-ita_Latn,qwen3-4b-instruct-2507,0.965993,468746,28000,16.7
slv_Latn-jpn_Jpan,qwen3-4b-instruct-2507,0.953056,213156,28000,7.6
slv_Latn-kor_Hang,shaomutan_remedy-9b-22,0.944675246,79984,200000,0.4
slv_Latn-lit_Latn,shaomutan_remedy-9b-22,0.91808484,143264,200000,0.7
slv_Latn-lvs_Latn,qwen3-4b-instruct-2507,0.923668,101475,28000,3.6
slv_Latn-lzh_Hani,metricx24,unknown,257611,1200000,0.2
slv_Latn-mkd_Cyrl,shaomutan_remedy-9b-22,0.922004361,102118,200000,0.5
slv_Latn-nld_Latn,shaomutan_remedy-9b-22,0.935944758,416848,200000,2.1
slv_Latn-nno_Latn,shaomutan_remedy-9b-22,0.905112727,68517,200000,0.3
slv_Latn-nob_Latn,shaomutan_remedy-9b-22,0.931324772,102018,200000,0.5
slv_Latn-nor_Latn,metricx24,unknown,113756,1200000,0.1
slv_Latn-pol_Latn,qwen3-4b-instruct-2507,0.935799,409648,28000,14.6
slv_Latn-por_Latn,qwen3-4b-instruct-2507,0.947282,561710,28000,20.1
slv_Latn-ron_Latn,qwen3-4b-instruct-2507,0.939472,318747,28000,11.4
slv_Latn-rus_Cyrl,qwen3-4b-instruct-2507,0.948094,657704,28000,23.5
slv_Latn-slk_Latn,qwen3-4b-instruct-2507,0.923579,232321,28000,8.3
slv_Latn-slv_Latn,metricx24,unknown,453686,1200000,0.4
slv_Latn-sna_Latn,metricx24,0.670100532,83312,1200000,0.1
slv_Latn-som_Latn,shaomutan_remedy-9b-22,0.734589082,191080,200000,1.0
slv_Latn-spa_Latn,shaomutan_remedy-9b-22,0.942674776,235691,200000,1.2
slv_Latn-sqi_Latn,metricx24,unknown,1268457,1200000,1.1
slv_Latn-srd_Latn,qwen3-4b-instruct-2507,0.801409,63497,28000,2.3
slv_Latn-srp_Cyrl,shaomutan_remedy-9b-22,0.933696762,7977934,200000,39.9
slv_Latn-srp_Latn,metricx24,unknown,20583591,1200000,17.2
slv_Latn-sun_Latn,qwen3-4b-instruct-2507,0.825879,233535,28000,8.3
slv_Latn-swa_Latn,metricx24,unknown,708917,1200000,0.6
slv_Latn-swc_Latn,metricx24,unknown,120426,1200000,0.1
slv_Latn-swe_Latn,metricx24,0.868343,38140376,1200000,31.8
slv_Latn-swh_Latn,shaomutan_remedy-9b-22,0.836333892,795043,200000,4.0
slv_Latn-tam_Taml,qwen3-4b-instruct-2507,0.925844,1521926,28000,54.4
slv_Latn-tat_Cyrl,qwen3-4b-instruct-2507,0.842081,85130,28000,3.0
slv_Latn-tel_Telu,qwen3-4b-instruct-2507,0.9266,868698,28000,31.0
slv_Latn-tgk_Cyrl,qwen3-4b-instruct-2507,0.868477,206186,28000,7.4
slv_Latn-tgl_Latn,qwen3-4b-instruct-2507,0.901638,1052619,28000,37.6
slv_Latn-tha_Thai,shaomutan_remedy-9b-22,0.934599691,8312375,200000,41.6
slv_Latn-tur_Latn,metricx24,0.773762,27101707,1200000,22.6
slv_Latn-ukr_Cyrl,metricx24,0.844992,12635150,1200000,10.5
slv_Latn-urd_Arab,qwen3-4b-instruct-2507,0.884769,1310331,28000,46.8
slv_Latn-uzn_Latn,qwen3-4b-instruct-2507,0.853624,285246,28000,10.2
slv_Latn-vie_Latn,shaomutan_remedy-9b-22,0.928030182,15805872,200000,79.0
slv_Latn-wln_Latn,metricx24,unknown,57103,1200000,0.0
slv_Latn-xho_Latn,shaomutan_remedy-9b-22,0.753637694,354874,200000,1.8
slv_Latn-yor_Latn,shaomutan_remedy-9b-22,0.638201224,117482,200000,0.6
slv_Latn-yue_Hani,metricx24,unknown,539666,1200000,0.4
slv_Latn-zho_Hans,metricx24,0.854191,5077135,1200000,4.2
slv_Latn-zho_Hant,metricx24,0.837938,3518980,1200000,2.9
slv_Latn-zul_Latn,shaomutan_remedy-9b-22,0.747807688,83120,200000,0.4
smo_Latn-sun_Latn,metricx24,0.760565494,427917,1200000,0.4
smo_Latn-war_Latn,metricx24,0.761101022,180231,1200000,0.2
sna_Latn-als_Latn,metricx24,0.764918819,66848,1200000,0.1
sna_Latn-cmn_Hani,metricx24,unknown,99422,1200000,0.1
sna_Latn-por_Latn,shaomutan_remedy-9b-22,0.86497096,49886,200000,0.2
sna_Latn-rus_Cyrl,shaomutan_remedy-9b-22,0.908562877,43309,200000,0.2
sna_Latn-sna_Latn,metricx24,unknown,17288,1200000,0.0
sna_Latn-som_Latn,shaomutan_remedy-9b-22,0.678185369,564246,200000,2.8
sna_Latn-sot_Latn,shaomutan_remedy-9b-22,0.766361628,863480,200000,4.3
sna_Latn-srp_Cyrl,shaomutan_remedy-9b-22,0.906671124,56192,200000,0.3
sna_Latn-swa_Latn,metricx24,unknown,371154,1200000,0.3
sna_Latn-swc_Latn,metricx24,unknown,183103,1200000,0.2
sna_Latn-swe_Latn,shaomutan_remedy-9b-22,0.893238305,192600,200000,1.0
sna_Latn-swh_Latn,shaomutan_remedy-9b-22,0.829907787,533383,200000,2.7
sna_Latn-tel_Telu,shaomutan_remedy-9b-22,0.828569849,85227,200000,0.4
sna_Latn-tgl_Latn,metricx24,0.809022907,107425,1200000,0.1
sna_Latn-tha_Thai,shaomutan_remedy-9b-22,0.875384264,176553,200000,0.9
sna_Latn-tir_Ethi,shaomutan_remedy-9b-22,0.701626747,194872,200000,1.0
sna_Latn-tsn_Latn,shaomutan_remedy-9b-22,0.726665884,254481,200000,1.3
sna_Latn-tso_Latn,shaomutan_remedy-9b-22,0.649605788,257508,200000,1.3
sna_Latn-tum_Latn,metricx24,0.637591804,206578,1200000,0.2
sna_Latn-tur_Latn,shaomutan_remedy-9b-22,0.881717627,252037,200000,1.3
sna_Latn-twi_Latn,metricx24,0.443446506,215315,1200000,0.2
sna_Latn-ukr_Cyrl,shaomutan_remedy-9b-22,0.907572869,129006,200000,0.6
sna_Latn-urd_Arab,shaomutan_remedy-9b-22,0.814425125,64331,200000,0.3
sna_Latn-vie_Latn,shaomutan_remedy-9b-22,0.877180108,211102,200000,1.1
sna_Latn-xho_Latn,shaomutan_remedy-9b-22,0.761497441,869593,200000,4.3
sna_Latn-yor_Latn,shaomutan_remedy-9b-22,0.556797886,537916,200000,2.7
sna_Latn-zho_Hans,qwen3-4b-instruct-2507,0.836889,119889,28000,4.3
sna_Latn-zho_Hant,shaomutan_remedy-9b-22,0.874805602,108578,200000,0.5
sna_Latn-zul_Latn,shaomutan_remedy-9b-22,0.799924005,1128187,200000,5.6
snd_Arab-sin_Sinh,shaomutan_remedy-9b-22,0.879404974,80616,200000,0.4
snd_Arab-slk_Latn,shaomutan_remedy-9b-22,0.912067618,132385,200000,0.7
snd_Arab-slv_Latn,shaomutan_remedy-9b-22,0.907707642,99144,200000,0.5
snd_Arab-sqi_Latn,metricx24,unknown,89943,1200000,0.1
snd_Arab-srp_Cyrl,shaomutan_remedy-9b-22,0.92838516,114207,200000,0.6
snd_Arab-swa_Latn,metricx24,unknown,79679,1200000,0.1
snd_Arab-swe_Latn,shaomutan_remedy-9b-22,0.905397515,174378,200000,0.9
snd_Arab-tam_Taml,qwen3-4b-instruct-2507,0.904873,876966,28000,31.3
snd_Arab-tel_Telu,qwen3-4b-instruct-2507,0.908885,1111808,28000,39.7
snd_Arab-tgl_Latn,shaomutan_remedy-9b-22,0.880147858,66897,200000,0.3
snd_Arab-tha_Thai,qwen3-4b-instruct-2507,0.872165,81286,28000,2.9
snd_Arab-tur_Latn,shaomutan_remedy-9b-22,0.910231511,224392,200000,1.1
snd_Arab-ukr_Cyrl,qwen3-4b-instruct-2507,0.890348,159654,28000,5.7
snd_Arab-urd_Arab,shaomutan_remedy-9b-22,0.92162652,1128527,200000,5.6
snd_Arab-xho_Latn,shaomutan_remedy-9b-22,0.763218771,37547,200000,0.2
snd_Arab-zho_Hans,qwen3-4b-instruct-2507,0.933738,108700,28000,3.9
som_Latn-als_Latn,metricx24,0.770749619,111363,1200000,0.1
som_Latn-cmn_Hani,metricx24,unknown,157292,1200000,0.1
som_Latn-fil_Latn,metricx24,unknown,78700,1200000,0.1
som_Latn-sot_Latn,shaomutan_remedy-9b-22,0.635876093,592482,200000,3.0
som_Latn-sqi_Latn,metricx24,unknown,150765,1200000,0.1
som_Latn-srp_Cyrl,shaomutan_remedy-9b-22,0.912985839,172909,200000,0.9
som_Latn-sun_Latn,metricx24,0.74110155,96028,1200000,0.1
som_Latn-swa_Latn,metricx24,unknown,366298,1200000,0.3
som_Latn-swe_Latn,shaomutan_remedy-9b-22,0.888598708,501624,200000,2.5
som_Latn-swh_Latn,shaomutan_remedy-9b-22,0.804958161,447800,200000,2.2
som_Latn-tam_Taml,shaomutan_remedy-9b-22,0.862554287,153867,200000,0.8
som_Latn-tel_Telu,shaomutan_remedy-9b-22,0.846527712,144631,200000,0.7
som_Latn-tgk_Cyrl,shaomutan_remedy-9b-22,0.788601476,64250,200000,0.3
som_Latn-tgl_Latn,shaomutan_remedy-9b-22,0.825070297,350023,200000,1.8
som_Latn-tha_Thai,shaomutan_remedy-9b-22,0.882788534,337851,200000,1.7
som_Latn-tir_Ethi,m-prometheus-7b,0.753987058,153681,27000,5.7
som_Latn-tsn_Latn,metricx24,0.575750042,186737,1200000,0.2
som_Latn-tso_Latn,metricx24,0.487631428,152634,1200000,0.1
som_Latn-tum_Latn,metricx24,0.594538109,124303,1200000,0.1
som_Latn-tur_Latn,shaomutan_remedy-9b-22,0.891764465,710608,200000,3.6
som_Latn-twi_Latn,metricx24,0.44308083,163105,1200000,0.1
som_Latn-ukr_Cyrl,shaomutan_remedy-9b-22,0.912360798,362696,200000,1.8
som_Latn-urd_Arab,shaomutan_remedy-9b-22,0.825082708,227341,200000,1.1
som_Latn-vie_Latn,shaomutan_remedy-9b-22,0.876520082,434216,200000,2.2
som_Latn-xho_Latn,shaomutan_remedy-9b-22,0.685339348,466557,200000,2.3
som_Latn-yor_Latn,shaomutan_remedy-9b-22,0.537950873,432172,200000,2.2
som_Latn-yue_Hani,metricx24,unknown,90229,1200000,0.1
som_Latn-zho_Hans,qwen3-4b-instruct-2507,0.871095,362322,28000,12.9
som_Latn-zho_Hant,shaomutan_remedy-9b-22,0.873666868,267537,200000,1.3
som_Latn-zul_Latn,shaomutan_remedy-9b-22,0.726341177,597829,200000,3.0
sot_Latn-ssw_Latn,shaomutan_remedy-9b-22,0.740955242,98330,200000,0.5
sot_Latn-swa_Latn,metricx24,unknown,309714,1200000,0.3
sot_Latn-swc_Latn,metricx24,unknown,113810,1200000,0.1
sot_Latn-swh_Latn,shaomutan_remedy-9b-22,0.837602047,502543,200000,2.5
sot_Latn-tir_Ethi,shaomutan_remedy-9b-22,0.678563446,138873,200000,0.7
sot_Latn-tsn_Latn,shaomutan_remedy-9b-22,0.813307829,250970,200000,1.3
sot_Latn-tso_Latn,shaomutan_remedy-9b-22,0.73345477,245235,200000,1.2
sot_Latn-tum_Latn,metricx24,0.662063612,133838,1200000,0.1
sot_Latn-twi_Latn,shaomutan_remedy-9b-22,0.536747263,169092,200000,0.8
sot_Latn-xho_Latn,shaomutan_remedy-9b-22,0.787164192,781913,200000,3.9
sot_Latn-yor_Latn,shaomutan_remedy-9b-22,0.632217266,628144,200000,3.1
sot_Latn-zul_Latn,shaomutan_remedy-9b-22,0.825267798,1063797,200000,5.3
spa_Latn-abk_Cyrl,metricx24,unknown,125034,1200000,0.1
spa_Latn-ace_Latn,metricx24,0.67430296,74152,1200000,0.1
spa_Latn-afr_Latn,shaomutan_remedy-9b-22,0.923595086,491005,200000,2.5
spa_Latn-aln_Latn,metricx24,unknown,78189,1200000,0.1
spa_Latn-als_Latn,metricx24,0.850683,11890519,1200000,9.9
spa_Latn-arg_Latn,metricx24,unknown,86808,1200000,0.1
spa_Latn-ast_Latn,qwen3-4b-instruct-2507,0.838865,360256,28000,12.9
spa_Latn-azj_Latn,qwen3-4b-instruct-2507,0.888651,132430,28000,4.7
spa_Latn-bak_Cyrl,shaomutan_remedy-9b-22,0.895369679,177706,200000,0.9
spa_Latn-bam_Latn,shaomutan_remedy-9b-22,0.563030479,106888,200000,0.5
spa_Latn-bel_Cyrl,qwen3-4b-instruct-2507,0.936954,80800,28000,2.9
spa_Latn-bjn_Latn,qwen3-4b-instruct-2507,0.8367,60901,28000,2.2
spa_Latn-bre_Latn,metricx24,unknown,46482,1200000,0.0
spa_Latn-bul_Cyrl,qwen3-4b-instruct-2507,0.966232,65650,28000,2.3
spa_Latn-cat_Latn,qwen3-4b-instruct-2507,0.952877,396303,28000,14.2
spa_Latn-ceb_Latn,qwen3-4b-instruct-2507,0.934783,59613,28000,2.1
spa_Latn-ces_Latn,qwen3-4b-instruct-2507,0.973534,748204,28000,26.7
spa_Latn-cmn_Hani,metricx24,unknown,45572134,1200000,38.0
spa_Latn-crh_Latn,shaomutan_remedy-9b-22,0.81384056,172625,200000,0.9
spa_Latn-dan_Latn,qwen3-4b-instruct-2507,0.966501,1238110,28000,44.2
spa_Latn-deu_Latn,qwen3-4b-instruct-2507,0.971503,248521,28000,8.9
spa_Latn-ekk_Latn,metricx24,unknown,37881713,1200000,31.6
spa_Latn-ell_Grek,qwen3-4b-instruct-2507,0.957392,101710,28000,3.6
spa_Latn-eng_Latn,metricx24,0.84496,3274489,1200000,2.7
spa_Latn-epo_Latn,shaomutan_remedy-9b-22,0.923550035,248247,200000,1.2
spa_Latn-est_Latn,metricx24,0.765518,7412084,1200000,6.2
spa_Latn-eus_Latn,shaomutan_remedy-9b-22,0.947653898,15002625,200000,75.0
spa_Latn-fao_Latn,qwen3-4b-instruct-2507,0.862743,144344,28000,5.2
spa_Latn-fas_Arab,metricx24,unknown,54946718,1200000,45.8
spa_Latn-fil_Latn,metricx24,unknown,1009588,1200000,0.8
spa_Latn-fin_Latn,metricx24,0.82039,112216144,1200000,93.5
spa_Latn-fra_Latn,metricx24,0.864524,520850542,1200000,434.0
spa_Latn-fro_Latn,metricx24,unknown,371789,1200000,0.3
spa_Latn-fry_Latn,metricx24,unknown,234997,1200000,0.2
spa_Latn-fur_Latn,qwen3-4b-instruct-2507,0.889975,1456574,28000,52.0
spa_Latn-gla_Latn,shaomutan_remedy-9b-22,0.830349524,61133,200000,0.3
spa_Latn-gle_Latn,m-prometheus-7b,0.877222499,2011019,27000,74.5
spa_Latn-glg_Latn,metricx24,0.825823,41933802,1200000,34.9
spa_Latn-gug_Latn,metricx24,unknown,54172,1200000,0.0
spa_Latn-guj_Gujr,qwen3-4b-instruct-2507,0.951429,163259,28000,5.8
spa_Latn-hat_Latn,shaomutan_remedy-9b-22,0.879004196,653633,200000,3.3
spa_Latn-hau_Latn,shaomutan_remedy-9b-22,0.847502245,487723,200000,2.4
spa_Latn-hbs_Latn,metricx24,unknown,1327428,1200000,1.1
spa_Latn-heb_Hebr,metricx24,0.889131,68038955,1200000,56.7
spa_Latn-hin_Deva,shaomutan_remedy-9b-22,0.936503061,17688170,200000,88.4
spa_Latn-hne_Deva,qwen3-4b-instruct-2507,0.847307,144904,28000,5.2
spa_Latn-hrv_Latn,metricx24,0.927098,54616294,1200000,45.5
spa_Latn-hun_Latn,metricx24,0.825917,119978945,1200000,100.0
spa_Latn-hye_Armn,shaomutan_remedy-9b-22,0.93451816,651762,200000,3.3
spa_Latn-ibo_Latn,shaomutan_remedy-9b-22,0.779952543,189466,200000,0.9
spa_Latn-ido_Latn,metricx24,unknown,44155,1200000,0.0
spa_Latn-ilo_Latn,qwen3-4b-instruct-2507,0.796934,202483,28000,7.2
spa_Latn-ina_Latn,metricx24,unknown,185950,1200000,0.2
spa_Latn-ind_Latn,metricx24,0.878739,86019555,1200000,71.7
spa_Latn-isl_Latn,shaomutan_remedy-9b-22,0.916576953,6606339,200000,33.0
spa_Latn-ita_Latn,metricx24,0.899019,298225065,1200000,248.5
spa_Latn-jav_Latn,qwen3-4b-instruct-2507,0.893156,1083321,28000,38.7
spa_Latn-jpn_Jpan,bicleaner-ai,0.981618218,31677761,2250000,14.1
spa_Latn-kab_Latn,qwen3-4b-instruct-2507,0.397163,263004,28000,9.4
spa_Latn-kan_Knda,qwen3-4b-instruct-2507,0.936237,158368,28000,5.7
spa_Latn-kat_Geor,shaomutan_remedy-9b-22,0.926115039,1042827,200000,5.2
spa_Latn-kaz_Cyrl,shaomutan_remedy-9b-22,0.92671818,547239,200000,2.7
spa_Latn-kea_Latn,qwen3-4b-instruct-2507,0.853141,168298,28000,6.0
spa_Latn-khk_Cyrl,metricx24,0.81742271,210998,1200000,0.2
spa_Latn-khm_Khmr,shaomutan_remedy-9b-22,0.921950652,413445,200000,2.1
spa_Latn-kin_Latn,shaomutan_remedy-9b-22,0.828403448,267351,200000,1.3
spa_Latn-kir_Cyrl,shaomutan_remedy-9b-22,0.919639339,189680,200000,0.9
spa_Latn-kiu_Latn,metricx24,unknown,283016,1200000,0.2
spa_Latn-kmr_Latn,metricx24,0.729768305,130251,1200000,0.1
spa_Latn-kor_Hang,metricx24,0.837514,27770653,1200000,23.1
spa_Latn-kor_Zyyy,metricx24,unknown,5977193,1200000,5.0
spa_Latn-lao_Laoo,qwen3-4b-instruct-2507,0.904654,158529,28000,5.7
spa_Latn-lat_Latn,metricx24,unknown,947260,1200000,0.8
spa_Latn-lav_Latn,metricx24,unknown,2039042,1200000,1.7
spa_Latn-lij_Latn,qwen3-4b-instruct-2507,0.863614,63810,28000,2.3
spa_Latn-lim_Latn,qwen3-4b-instruct-2507,0.844405,700131,28000,25.0
spa_Latn-lin_Latn,shaomutan_remedy-9b-22,0.742547648,130076,200000,0.7
spa_Latn-lit_Latn,metricx24,0.809729,44853279,1200000,37.4
spa_Latn-lmo_Latn,qwen3-4b-instruct-2507,0.855406,70020,28000,2.5
spa_Latn-ltz_Latn,qwen3-4b-instruct-2507,0.915366,315627,28000,11.3
spa_Latn-lug_Latn,shaomutan_remedy-9b-22,0.547704313,49391,200000,0.2
spa_Latn-lvs_Latn,metricx24,0.757506,27048350,1200000,22.5
spa_Latn-lzh_Hani,metricx24,unknown,1004538,1200000,0.8
spa_Latn-mal_Mlym,qwen3-4b-instruct-2507,0.955973,1258217,28000,44.9
spa_Latn-mar_Deva,shaomutan_remedy-9b-22,0.940962838,962264,200000,4.8
spa_Latn-mav_Latn,metricx24,unknown,52662,1200000,0.0
spa_Latn-mhr_Cyrl,metricx24,unknown,161954,1200000,0.1
spa_Latn-mkd_Cyrl,metricx24,0.869899,11272753,1200000,9.4
spa_Latn-mlg_Latn,metricx24,unknown,285894,1200000,0.2
spa_Latn-mlt_Latn,shaomutan_remedy-9b-22,0.940695915,5522348,200000,27.6
spa_Latn-mon_Cyrl,metricx24,unknown,265442,1200000,0.2
spa_Latn-mri_Latn,shaomutan_remedy-9b-22,0.761543514,107889,200000,0.5
spa_Latn-msa_Latn,metricx24,unknown,4829845,1200000,4.0
spa_Latn-mya_Mymr,shaomutan_remedy-9b-22,0.927706999,395971,200000,2.0
spa_Latn-nap_Latn,metricx24,unknown,166286,1200000,0.1
spa_Latn-nds_Latn,metricx24,unknown,262652,1200000,0.2
spa_Latn-nep_Deva,metricx24,unknown,454773,1200000,0.4
spa_Latn-nld_Latn,metricx24,0.91036,180116836,1200000,150.1
spa_Latn-nno_Latn,qwen3-4b-instruct-2507,0.951334,1678431,28000,59.9
spa_Latn-nob_Latn,metricx24,0.855997,53112758,1200000,44.3
spa_Latn-nor_Latn,metricx24,unknown,19418668,1200000,16.2
spa_Latn-npi_Deva,qwen3-4b-instruct-2507,0.933683,212691,28000,7.6
spa_Latn-nso_Latn,metricx24,0.649081677,42537,1200000,0.0
spa_Latn-nya_Latn,shaomutan_remedy-9b-22,0.793511396,102053,200000,0.5
spa_Latn-oci_Latn,shaomutan_remedy-9b-22,0.873198075,1173592,200000,5.9
spa_Latn-orv_Cyrl,metricx24,unknown,82138,1200000,0.1
spa_Latn-pan_Guru,qwen3-4b-instruct-2507,0.957093,193157,28000,6.9
spa_Latn-pap_Latn,qwen3-4b-instruct-2507,0.844798,324034,28000,11.6
spa_Latn-pbt_Arab,shaomutan_remedy-9b-22,0.806509236,94901,200000,0.5
spa_Latn-plt_Latn,metricx24,0.785030614,440680,1200000,0.4
spa_Latn-pol_Latn,metricx24,0.803997,146896318,1200000,122.4
spa_Latn-por_Latn,metricx24,0.834464,379322583,1200000,316.1
spa_Latn-pus_Arab,metricx24,unknown,134545,1200000,0.1
spa_Latn-rmy_Latn,metricx24,unknown,248772,1200000,0.2
spa_Latn-roh_Latn,metricx24,unknown,27715,1200000,0.0
spa_Latn-ron_Latn,metricx24,0.843623,148758805,1200000,124.0
spa_Latn-rus_Cyrl,metricx24,0.885726,150559653,1200000,125.5
spa_Latn-sag_Latn,shaomutan_remedy-9b-22,0.420097565,52200,200000,0.3
spa_Latn-scn_Latn,qwen3-4b-instruct-2507,0.861936,430701,28000,15.4
spa_Latn-sin_Sinh,shaomutan_remedy-9b-22,0.928854763,1518055,200000,7.6
spa_Latn-slk_Latn,metricx24,0.799818,56102807,1200000,46.8
spa_Latn-slv_Latn,metricx24,0.878104,51036396,1200000,42.5
spa_Latn-sna_Latn,shaomutan_remedy-9b-22,0.783935042,126726,200000,0.6
spa_Latn-snd_Arab,qwen3-4b-instruct-2507,0.906789,84653,28000,3.0
spa_Latn-som_Latn,shaomutan_remedy-9b-22,0.784450065,389645,200000,1.9
spa_Latn-spa_Latn,metricx24,unknown,9498715,1200000,7.9
spa_Latn-sqi_Latn,metricx24,unknown,2566617,1200000,2.1
spa_Latn-srd_Latn,metricx24,0.791899,3484432,1200000,2.9
spa_Latn-srp_Cyrl,metricx24,0.894975,10274134,1200000,8.6
spa_Latn-srp_Latn,metricx24,unknown,54254264,1200000,45.2
spa_Latn-sun_Latn,qwen3-4b-instruct-2507,0.891389,430762,28000,15.4
spa_Latn-swa_Latn,metricx24,unknown,2897830,1200000,2.4
spa_Latn-swc_Latn,metricx24,unknown,801323,1200000,0.7
spa_Latn-swe_Latn,metricx24,0.877012,121022642,1200000,100.9
spa_Latn-swh_Latn,shaomutan_remedy-9b-22,0.923789624,5015573,200000,25.1
spa_Latn-szl_Latn,qwen3-4b-instruct-2507,0.804913,75775,28000,2.7
spa_Latn-tam_Taml,metricx24,0.828178,10043963,1200000,8.4
spa_Latn-tat_Cyrl,shaomutan_remedy-9b-22,0.902502881,72698,200000,0.4
spa_Latn-tel_Telu,qwen3-4b-instruct-2507,0.952608,734416,28000,26.2
spa_Latn-tgk_Cyrl,qwen3-4b-instruct-2507,0.889219,271991,28000,9.7
spa_Latn-tgl_Latn,metricx24,0.858882,3187086,1200000,2.7
spa_Latn-tha_Thai,metricx24,0.856528,18051407,1200000,15.0
spa_Latn-tsn_Latn,shaomutan_remedy-9b-22,0.772127851,75063,200000,0.4
spa_Latn-tur_Latn,metricx24,0.771283,91499945,1200000,76.2
spa_Latn-ukr_Cyrl,metricx24,0.84785,19020407,1200000,15.9
spa_Latn-und_Cyrl,metricx24,unknown,65534,1200000,0.1
spa_Latn-und_Hira,metricx24,unknown,114759,1200000,0.1
spa_Latn-und_Kana,metricx24,unknown,682054,1200000,0.6
spa_Latn-urd_Arab,shaomutan_remedy-9b-22,0.921817963,1370101,200000,6.9
spa_Latn-uzn_Latn,qwen3-4b-instruct-2507,0.895933,325402,28000,11.6
spa_Latn-vec_Latn,qwen3-4b-instruct-2507,0.893664,1911419,28000,68.3
spa_Latn-vie_Latn,metricx24,0.872836,57921533,1200000,48.3
spa_Latn-wol_Latn,shaomutan_remedy-9b-22,0.652516428,219074,200000,1.1
spa_Latn-wuu_Hani,metricx24,unknown,249159,1200000,0.2
spa_Latn-xav_Latn,metricx24,unknown,335183,1200000,0.3
spa_Latn-xho_Latn,shaomutan_remedy-9b-22,0.785472298,542041,200000,2.7
spa_Latn-yor_Latn,shaomutan_remedy-9b-22,0.720271242,164605,200000,0.8
spa_Latn-yue_Hani,metricx24,unknown,1699912,1200000,1.4
spa_Latn-zea_Latn,metricx24,unknown,56615,1200000,0.0
spa_Latn-zho_Hans,metricx24,0.893936,27290265,1200000,22.7
spa_Latn-zho_Hant,metricx24,0.883489,7270319,1200000,6.1
spa_Latn-zho_Zyyy,metricx24,unknown,150577,1200000,0.1
spa_Latn-zsm_Latn,metricx24,0.846378,3095604,1200000,2.6
spa_Latn-zul_Latn,shaomutan_remedy-9b-22,0.831841158,166404,200000,0.8
sqi_Latn-cmn_Hani,qwen3-4b-instruct-2507,unknown,273989,28000,9.8
sqi_Latn-fil_Latn,qwen3-4b-instruct-2507,unknown,84607,28000,3.0
sqi_Latn-lzh_Hani,qwen3-4b-instruct-2507,unknown,117962,28000,4.2
sqi_Latn-srp_Cyrl,metricx24,unknown,730967,1200000,0.6
sqi_Latn-srp_Latn,qwen3-4b-instruct-2507,unknown,511606,28000,18.3
sqi_Latn-sun_Latn,metricx24,unknown,138670,1200000,0.1
sqi_Latn-swa_Latn,qwen3-4b-instruct-2507,unknown,418510,28000,14.9
sqi_Latn-swe_Latn,metricx24,unknown,1976381,1200000,1.6
sqi_Latn-swh_Latn,metricx24,unknown,76637,1200000,0.1
sqi_Latn-tam_Taml,metricx24,unknown,342151,1200000,0.3
sqi_Latn-tel_Telu,metricx24,unknown,194812,1200000,0.2
sqi_Latn-tgk_Cyrl,metricx24,unknown,73460,1200000,0.1
sqi_Latn-tgl_Latn,qwen3-4b-instruct-2507,unknown,834787,28000,29.8
sqi_Latn-tha_Thai,metricx24,unknown,1014606,1200000,0.8
sqi_Latn-tur_Latn,metricx24,unknown,2980954,1200000,2.5
sqi_Latn-ukr_Cyrl,metricx24,unknown,1577862,1200000,1.3
sqi_Latn-urd_Arab,metricx24,unknown,444581,1200000,0.4
sqi_Latn-vie_Latn,metricx24,unknown,1211333,1200000,1.0
sqi_Latn-xho_Latn,metricx24,unknown,172954,1200000,0.1
sqi_Latn-yor_Latn,metricx24,unknown,68278,1200000,0.1
sqi_Latn-yue_Hani,qwen3-4b-instruct-2507,unknown,193805,28000,6.9
sqi_Latn-zho_Hans,metricx24,unknown,1073544,1200000,0.9
sqi_Latn-zho_Hant,metricx24,unknown,548677,1200000,0.5
srd_Latn-als_Latn,qwen3-4b-instruct-2507,0.852997,70984,28000,2.5
srd_Latn-ces_Latn,shaomutan_remedy-9b-22,0.94427434,74044,200000,0.4
srd_Latn-cmn_Hani,qwen3-4b-instruct-2507,unknown,135121,28000,4.8
srd_Latn-dan_Latn,shaomutan_remedy-9b-22,0.934640809,101757,200000,0.5
srd_Latn-deu_Latn,shaomutan_remedy-9b-22,0.939002557,279959,200000,1.4
srd_Latn-ekk_Latn,qwen3-4b-instruct-2507,unknown,83310,28000,3.0
srd_Latn-ell_Grek,shaomutan_remedy-9b-22,0.945233299,145352,200000,0.7
srd_Latn-eng_Latn,qwen3-4b-instruct-2507,0.964609,906529,28000,32.4
srd_Latn-epo_Latn,shaomutan_remedy-9b-22,0.915966987,110397,200000,0.6
srd_Latn-est_Latn,shaomutan_remedy-9b-22,0.931210127,100129,200000,0.5
srd_Latn-eus_Latn,shaomutan_remedy-9b-22,0.9223134,57279,200000,0.3
srd_Latn-fas_Arab,qwen3-4b-instruct-2507,unknown,215151,28000,7.7
srd_Latn-fin_Latn,shaomutan_remedy-9b-22,0.921482801,672340,200000,3.4
srd_Latn-fra_Latn,shaomutan_remedy-9b-22,0.923789379,2448446,200000,12.2
srd_Latn-fur_Latn,m-prometheus-7b,0.831781981,448251,27000,16.6
srd_Latn-glg_Latn,shaomutan_remedy-9b-22,0.935603034,134981,200000,0.7
srd_Latn-heb_Hebr,shaomutan_remedy-9b-22,0.932090178,351013,200000,1.8
srd_Latn-hin_Deva,shaomutan_remedy-9b-22,0.894593919,221481,200000,1.1
srd_Latn-hrv_Latn,shaomutan_remedy-9b-22,0.927685703,608706,200000,3.0
srd_Latn-hun_Latn,shaomutan_remedy-9b-22,0.926911442,948452,200000,4.7
srd_Latn-ind_Latn,shaomutan_remedy-9b-22,0.924829971,805002,200000,4.0
srd_Latn-isl_Latn,shaomutan_remedy-9b-22,0.896209457,112200,200000,0.6
srd_Latn-ita_Latn,metricx24,0.880491,2015097,1200000,1.7
srd_Latn-jav_Latn,shaomutan_remedy-9b-22,0.8599319,117287,200000,0.6
srd_Latn-jpn_Jpan,shaomutan_remedy-9b-22,0.939369891,1165909,200000,5.8
srd_Latn-kat_Geor,shaomutan_remedy-9b-22,0.935276383,58170,200000,0.3
srd_Latn-kor_Hang,shaomutan_remedy-9b-22,0.932075904,321575,200000,1.6
srd_Latn-kor_Zyyy,qwen3-4b-instruct-2507,unknown,356793,28000,12.7
srd_Latn-lav_Latn,qwen3-4b-instruct-2507,unknown,245732,28000,8.8
srd_Latn-lim_Latn,m-prometheus-7b,0.804788452,97264,27000,3.6
srd_Latn-lit_Latn,shaomutan_remedy-9b-22,0.940612197,732817,200000,3.7
srd_Latn-ltz_Latn,shaomutan_remedy-9b-22,0.877685047,41079,200000,0.2
srd_Latn-lvs_Latn,shaomutan_remedy-9b-22,0.930686756,474903,200000,2.4
srd_Latn-lzh_Hani,qwen3-4b-instruct-2507,unknown,79150,28000,2.8
srd_Latn-mal_Mlym,shaomutan_remedy-9b-22,0.908821524,85500,200000,0.4
srd_Latn-mar_Deva,shaomutan_remedy-9b-22,0.904953981,87652,200000,0.4
srd_Latn-mkd_Cyrl,shaomutan_remedy-9b-22,0.94917415,368397,200000,1.8
srd_Latn-msa_Latn,qwen3-4b-instruct-2507,unknown,261338,28000,9.3
srd_Latn-nep_Deva,qwen3-4b-instruct-2507,unknown,48461,28000,1.7
srd_Latn-nld_Latn,shaomutan_remedy-9b-22,0.92918081,2288229,200000,11.4
srd_Latn-nno_Latn,shaomutan_remedy-9b-22,0.930913259,83860,200000,0.4
srd_Latn-nob_Latn,shaomutan_remedy-9b-22,0.957747583,329262,200000,1.6
srd_Latn-nor_Latn,qwen3-4b-instruct-2507,unknown,703037,28000,25.1
srd_Latn-oci_Latn,shaomutan_remedy-9b-22,0.896099213,56590,200000,0.3
srd_Latn-pol_Latn,shaomutan_remedy-9b-22,0.939214993,2239804,200000,11.2
srd_Latn-por_Latn,shaomutan_remedy-9b-22,0.930011975,4491536,200000,22.5
srd_Latn-ron_Latn,shaomutan_remedy-9b-22,0.947950829,1347885,200000,6.7
srd_Latn-rus_Cyrl,shaomutan_remedy-9b-22,0.947313636,2925399,200000,14.6
srd_Latn-sin_Sinh,shaomutan_remedy-9b-22,0.890609799,93301,200000,0.5
srd_Latn-slk_Latn,shaomutan_remedy-9b-22,0.91792808,1053475,200000,5.3
srd_Latn-slv_Latn,shaomutan_remedy-9b-22,0.914477669,458979,200000,2.3
srd_Latn-spa_Latn,shaomutan_remedy-9b-22,0.929586008,2703488,200000,13.5
srd_Latn-sqi_Latn,qwen3-4b-instruct-2507,unknown,240099,28000,8.6
srd_Latn-srd_Latn,qwen3-4b-instruct-2507,unknown,2924931,28000,104.5
srd_Latn-srp_Cyrl,shaomutan_remedy-9b-22,0.925995735,243631,200000,1.2
srd_Latn-srp_Latn,qwen3-4b-instruct-2507,unknown,152684,28000,5.5
srd_Latn-swa_Latn,qwen3-4b-instruct-2507,unknown,164338,28000,5.9
srd_Latn-swe_Latn,shaomutan_remedy-9b-22,0.942232306,1546535,200000,7.7
srd_Latn-tam_Taml,shaomutan_remedy-9b-22,0.899253274,122687,200000,0.6
srd_Latn-tel_Telu,shaomutan_remedy-9b-22,0.886920443,72139,200000,0.4
srd_Latn-tgl_Latn,shaomutan_remedy-9b-22,0.921149784,396941,200000,2.0
srd_Latn-tha_Thai,shaomutan_remedy-9b-22,0.924150932,416879,200000,2.1
srd_Latn-tur_Latn,shaomutan_remedy-9b-22,0.93346873,1829027,200000,9.1
srd_Latn-ukr_Cyrl,shaomutan_remedy-9b-22,0.92170134,778184,200000,3.9
srd_Latn-und_Kana,qwen3-4b-instruct-2507,unknown,69349,28000,2.5
srd_Latn-urd_Arab,shaomutan_remedy-9b-22,0.875272562,129742,200000,0.6
srd_Latn-vec_Latn,m-prometheus-7b,0.841697362,212249,27000,7.9
srd_Latn-vie_Latn,shaomutan_remedy-9b-22,0.945559361,659873,200000,3.3
srd_Latn-xho_Latn,shaomutan_remedy-9b-22,0.778230159,108712,200000,0.5
srd_Latn-yue_Hani,qwen3-4b-instruct-2507,unknown,114146,28000,4.1
srd_Latn-zho_Hans,qwen3-4b-instruct-2507,0.921215,879301,28000,31.4
srd_Latn-zho_Hant,qwen3-4b-instruct-2507,0.911857,301588,28000,10.8
srp_Cyrl-ces_Latn,qwen3-4b-instruct-2507,0.956247,40321,28000,1.4
srp_Cyrl-cmn_Hani,metricx24,unknown,2119253,1200000,1.8
srp_Cyrl-ell_Grek,qwen3-4b-instruct-2507,0.965331,37824,28000,1.4
srp_Cyrl-eng_Latn,qwen3-4b-instruct-2507,0.991389,232153,28000,8.3
srp_Cyrl-fil_Latn,metricx24,unknown,305315,1200000,0.3
srp_Cyrl-fra_Latn,qwen3-4b-instruct-2507,0.979109,43278,28000,1.5
srp_Cyrl-heb_Hebr,qwen3-4b-instruct-2507,0.964803,40792,28000,1.5
srp_Cyrl-hrv_Latn,qwen3-4b-instruct-2507,0.930314,43199,28000,1.5
srp_Cyrl-hun_Latn,qwen3-4b-instruct-2507,0.960592,43846,28000,1.6
srp_Cyrl-ita_Latn,qwen3-4b-instruct-2507,0.975913,38380,28000,1.4
srp_Cyrl-lzh_Hani,metricx24,unknown,148157,1200000,0.1
srp_Cyrl-nld_Latn,qwen3-4b-instruct-2507,0.952892,111435,28000,4.0
srp_Cyrl-pol_Latn,qwen3-4b-instruct-2507,0.937989,115695,28000,4.1
srp_Cyrl-por_Latn,qwen3-4b-instruct-2507,0.963967,130530,28000,4.7
srp_Cyrl-ron_Latn,qwen3-4b-instruct-2507,0.963534,110731,28000,4.0
srp_Cyrl-rus_Cyrl,qwen3-4b-instruct-2507,0.952115,153331,28000,5.5
srp_Cyrl-slk_Latn,qwen3-4b-instruct-2507,0.942947,57954,28000,2.1
srp_Cyrl-slv_Latn,shaomutan_remedy-9b-22,0.935839703,53508,200000,0.3
srp_Cyrl-spa_Latn,qwen3-4b-instruct-2507,0.956715,49684,28000,1.8
srp_Cyrl-srp_Latn,metricx24,unknown,313039,1200000,0.3
srp_Cyrl-sun_Latn,qwen3-4b-instruct-2507,0.872653,222818,28000,8.0
srp_Cyrl-swa_Latn,metricx24,unknown,575688,1200000,0.5
srp_Cyrl-swc_Latn,metricx24,unknown,91047,1200000,0.1
srp_Cyrl-swe_Latn,metricx24,0.885687,7222757,1200000,6.0
srp_Cyrl-swh_Latn,shaomutan_remedy-9b-22,0.911162048,636896,200000,3.2
srp_Cyrl-tam_Taml,qwen3-4b-instruct-2507,0.957894,893507,28000,31.9
srp_Cyrl-tel_Telu,qwen3-4b-instruct-2507,0.951961,504346,28000,18.0
srp_Cyrl-tgk_Cyrl,qwen3-4b-instruct-2507,0.87675,138019,28000,4.9
srp_Cyrl-tgl_Latn,qwen3-4b-instruct-2507,0.934709,740181,28000,26.4
srp_Cyrl-tha_Thai,metricx24,0.83691,2365868,1200000,2.0
srp_Cyrl-tur_Latn,metricx24,0.799581,7370290,1200000,6.1
srp_Cyrl-ukr_Cyrl,metricx24,0.844496,6178939,1200000,5.1
srp_Cyrl-urd_Arab,qwen3-4b-instruct-2507,0.915665,955167,28000,34.1
srp_Cyrl-uzn_Latn,qwen3-4b-instruct-2507,0.880119,211192,28000,7.5
srp_Cyrl-vie_Latn,metricx24,0.858832,5531231,1200000,4.6
srp_Cyrl-xho_Latn,shaomutan_remedy-9b-22,0.776158784,312003,200000,1.6
srp_Cyrl-yor_Latn,shaomutan_remedy-9b-22,0.718502517,115518,200000,0.6
srp_Cyrl-yue_Hani,metricx24,unknown,252574,1200000,0.2
srp_Cyrl-zho_Hans,qwen3-4b-instruct-2507,0.98114,1899039,28000,67.8
srp_Cyrl-zho_Hant,qwen3-4b-instruct-2507,0.977143,886702,28000,31.7
srp_Cyrl-zul_Latn,shaomutan_remedy-9b-22,0.816223295,62842,200000,0.3
srp_Latn-als_Latn,metricx24,unknown,368739,1200000,0.3
srp_Latn-cat_Latn,metricx24,unknown,87198,1200000,0.1
srp_Latn-ces_Latn,metricx24,unknown,2590534,1200000,2.2
srp_Latn-cmn_Hani,qwen3-4b-instruct-2507,unknown,9444838,28000,337.3
srp_Latn-dan_Latn,metricx24,unknown,1939302,1200000,1.6
srp_Latn-deu_Latn,metricx24,unknown,2067941,1200000,1.7
srp_Latn-ekk_Latn,qwen3-4b-instruct-2507,unknown,871212,28000,31.1
srp_Latn-ell_Grek,metricx24,unknown,2766596,1200000,2.3
srp_Latn-eng_Latn,metricx24,unknown,12482854,1200000,10.4
srp_Latn-epo_Latn,metricx24,unknown,35770,1200000,0.0
srp_Latn-est_Latn,metricx24,unknown,311277,1200000,0.3
srp_Latn-eus_Latn,metricx24,unknown,181668,1200000,0.2
srp_Latn-fas_Arab,qwen3-4b-instruct-2507,unknown,1799684,28000,64.3
srp_Latn-fil_Latn,qwen3-4b-instruct-2507,unknown,150265,28000,5.4
srp_Latn-fin_Latn,metricx24,unknown,2215599,1200000,1.8
srp_Latn-fra_Latn,metricx24,unknown,2522437,1200000,2.1
srp_Latn-heb_Hebr,metricx24,unknown,2125613,1200000,1.8
srp_Latn-hrv_Latn,qwen3-4b-instruct-2507,unknown,1267740,28000,45.3
srp_Latn-hun_Latn,metricx24,unknown,5112636,1200000,4.3
srp_Latn-ind_Latn,metricx24,unknown,3544693,1200000,3.0
srp_Latn-isl_Latn,metricx24,unknown,526270,1200000,0.4
srp_Latn-ita_Latn,metricx24,unknown,4577085,1200000,3.8
srp_Latn-jpn_Jpan,metricx24,unknown,369917,1200000,0.3
srp_Latn-kab_Latn,qwen3-4b-instruct-2507,unknown,38298,28000,1.4
srp_Latn-kor_Hang,metricx24,unknown,1967078,1200000,1.6
srp_Latn-kor_Zyyy,qwen3-4b-instruct-2507,unknown,121330,28000,4.3
srp_Latn-lav_Latn,qwen3-4b-instruct-2507,unknown,63608,28000,2.3
srp_Latn-lit_Latn,metricx24,unknown,449623,1200000,0.4
srp_Latn-lvs_Latn,metricx24,unknown,150125,1200000,0.1
srp_Latn-lzh_Hani,qwen3-4b-instruct-2507,unknown,176845,28000,6.3
srp_Latn-mal_Mlym,metricx24,unknown,203857,1200000,0.2
srp_Latn-mkd_Cyrl,metricx24,unknown,694842,1200000,0.6
srp_Latn-msa_Latn,qwen3-4b-instruct-2507,unknown,416836,28000,14.9
srp_Latn-nld_Latn,metricx24,unknown,5506259,1200000,4.6
srp_Latn-nob_Latn,metricx24,unknown,2316232,1200000,1.9
srp_Latn-nor_Latn,qwen3-4b-instruct-2507,unknown,756322,28000,27.0
srp_Latn-pol_Latn,metricx24,unknown,5561311,1200000,4.6
srp_Latn-por_Latn,metricx24,unknown,5763123,1200000,4.8
srp_Latn-ron_Latn,metricx24,unknown,6285461,1200000,5.2
srp_Latn-rus_Cyrl,metricx24,unknown,4167833,1200000,3.5
srp_Latn-sin_Sinh,metricx24,unknown,214110,1200000,0.2
srp_Latn-slk_Latn,metricx24,unknown,1213566,1200000,1.0
srp_Latn-slv_Latn,metricx24,unknown,2462443,1200000,2.1
srp_Latn-spa_Latn,metricx24,unknown,2700787,1200000,2.3
srp_Latn-sqi_Latn,qwen3-4b-instruct-2507,unknown,61145,28000,2.2
srp_Latn-srp_Cyrl,metricx24,unknown,452199,1200000,0.4
srp_Latn-srp_Latn,qwen3-4b-instruct-2507,unknown,4787072,28000,171.0
srp_Latn-swa_Latn,qwen3-4b-instruct-2507,unknown,61557,28000,2.2
srp_Latn-swe_Latn,metricx24,unknown,29353335,1200000,24.5
srp_Latn-swh_Latn,metricx24,unknown,109476,1200000,0.1
srp_Latn-tam_Taml,metricx24,unknown,879883,1200000,0.7
srp_Latn-tel_Telu,metricx24,unknown,446774,1200000,0.4
srp_Latn-tha_Thai,metricx24,unknown,10333567,1200000,8.6
srp_Latn-tur_Latn,metricx24,unknown,44799811,1200000,37.3
srp_Latn-ukr_Cyrl,metricx24,unknown,6819891,1200000,5.7
srp_Latn-urd_Arab,metricx24,unknown,608275,1200000,0.5
srp_Latn-vie_Latn,metricx24,unknown,16772542,1200000,14.0
srp_Latn-yue_Hani,qwen3-4b-instruct-2507,unknown,419772,28000,15.0
srp_Latn-zho_Hans,metricx24,unknown,4245192,1200000,3.5
srp_Latn-zho_Hant,metricx24,unknown,4046890,1200000,3.4
srp_Latn-zho_Zyyy,qwen3-4b-instruct-2507,unknown,91048,28000,3.3
srp_Latn-zsm_Latn,metricx24,unknown,364524,1200000,0.3
ssw_Latn-swa_Latn,qwen3-4b-instruct-2507,unknown,103543,28000,3.7
ssw_Latn-swe_Latn,shaomutan_remedy-9b-22,0.857450632,89141,200000,0.4
ssw_Latn-tsn_Latn,shaomutan_remedy-9b-22,0.766229213,96251,200000,0.5
ssw_Latn-tso_Latn,shaomutan_remedy-9b-22,0.724648519,99700,200000,0.5
ssw_Latn-tur_Latn,shaomutan_remedy-9b-22,0.843376678,129968,200000,0.6
ssw_Latn-xho_Latn,shaomutan_remedy-9b-22,0.807725707,127606,200000,0.6
ssw_Latn-zho_Hans,qwen3-4b-instruct-2507,0.825759,89429,28000,3.2
ssw_Latn-zul_Latn,shaomutan_remedy-9b-22,0.908931446,168216,200000,0.8
sun_Latn-cmn_Hani,metricx24,unknown,105224,1200000,0.1
sun_Latn-fil_Latn,metricx24,unknown,120219,1200000,0.1
sun_Latn-swa_Latn,metricx24,unknown,208774,1200000,0.2
sun_Latn-swe_Latn,shaomutan_remedy-9b-22,0.938498933,568475,200000,2.8
sun_Latn-swh_Latn,shaomutan_remedy-9b-22,0.872749652,88940,200000,0.4
sun_Latn-tam_Taml,shaomutan_remedy-9b-22,0.901408195,207797,200000,1.0
sun_Latn-tel_Telu,shaomutan_remedy-9b-22,0.890845038,183497,200000,0.9
sun_Latn-tgk_Cyrl,shaomutan_remedy-9b-22,0.847614663,79903,200000,0.4
sun_Latn-tgl_Latn,shaomutan_remedy-9b-22,0.915027577,415623,200000,2.1
sun_Latn-tha_Thai,shaomutan_remedy-9b-22,0.930373636,406144,200000,2.0
sun_Latn-tur_Latn,shaomutan_remedy-9b-22,0.931530224,790368,200000,4.0
sun_Latn-ukr_Cyrl,shaomutan_remedy-9b-22,0.91931139,491873,200000,2.5
sun_Latn-urd_Arab,shaomutan_remedy-9b-22,0.878451333,261050,200000,1.3
sun_Latn-vie_Latn,shaomutan_remedy-9b-22,0.924600582,471146,200000,2.4
sun_Latn-war_Latn,qwen3-4b-instruct-2507,0.849383,198753,28000,7.1
sun_Latn-xho_Latn,shaomutan_remedy-9b-22,0.793705491,90087,200000,0.5
sun_Latn-yor_Latn,shaomutan_remedy-9b-22,0.696335644,89315,200000,0.4
sun_Latn-yue_Hani,metricx24,unknown,111042,1200000,0.1
sun_Latn-zho_Hans,qwen3-4b-instruct-2507,0.941354,473714,28000,16.9
sun_Latn-zho_Hant,qwen3-4b-instruct-2507,0.932285,292147,28000,10.4
swa_Latn-cmn_Hani,qwen3-4b-instruct-2507,unknown,343542,28000,12.3
swa_Latn-fil_Latn,qwen3-4b-instruct-2507,unknown,86639,28000,3.1
swa_Latn-lzh_Hani,qwen3-4b-instruct-2507,unknown,101239,28000,3.6
swa_Latn-tam_Taml,metricx24,unknown,693984,1200000,0.6
swa_Latn-tel_Telu,metricx24,unknown,193245,1200000,0.2
swa_Latn-tgk_Cyrl,metricx24,unknown,68203,1200000,0.1
swa_Latn-tgl_Latn,qwen3-4b-instruct-2507,unknown,825493,28000,29.5
swa_Latn-tha_Thai,metricx24,unknown,649045,1200000,0.5
swa_Latn-tir_Ethi,qwen3-4b-instruct-2507,unknown,127505,28000,4.6
swa_Latn-tsn_Latn,qwen3-4b-instruct-2507,unknown,212360,28000,7.6
swa_Latn-tso_Latn,qwen3-4b-instruct-2507,unknown,198470,28000,7.1
swa_Latn-tum_Latn,qwen3-4b-instruct-2507,unknown,142285,28000,5.1
swa_Latn-tur_Latn,metricx24,unknown,2382941,1200000,2.0
swa_Latn-twi_Latn,qwen3-4b-instruct-2507,unknown,182180,28000,6.5
swa_Latn-ukr_Cyrl,metricx24,unknown,1095955,1200000,0.9
swa_Latn-urd_Arab,metricx24,unknown,448011,1200000,0.4
swa_Latn-vie_Latn,metricx24,unknown,1524787,1200000,1.3
swa_Latn-xho_Latn,metricx24,unknown,448341,1200000,0.4
swa_Latn-yor_Latn,metricx24,unknown,264931,1200000,0.2
swa_Latn-yue_Hani,qwen3-4b-instruct-2507,unknown,173213,28000,6.2
swa_Latn-zho_Hans,metricx24,unknown,976219,1200000,0.8
swa_Latn-zho_Hant,metricx24,unknown,469859,1200000,0.4
swa_Latn-zul_Latn,metricx24,unknown,420218,1200000,0.4
swc_Latn-cmn_Hani,qwen3-4b-instruct-2507,unknown,120092,28000,4.3
swc_Latn-swc_Latn,qwen3-4b-instruct-2507,unknown,4077,28000,0.1
swc_Latn-tam_Taml,metricx24,unknown,210720,1200000,0.2
swc_Latn-tso_Latn,qwen3-4b-instruct-2507,unknown,114530,28000,4.1
swc_Latn-tum_Latn,qwen3-4b-instruct-2507,unknown,101553,28000,3.6
swc_Latn-tur_Latn,metricx24,unknown,465251,1200000,0.4
swc_Latn-ukr_Cyrl,metricx24,unknown,136898,1200000,0.1
swc_Latn-vie_Latn,metricx24,unknown,336086,1200000,0.3
swc_Latn-xho_Latn,metricx24,unknown,157039,1200000,0.1
swc_Latn-zho_Hans,metricx24,unknown,82814,1200000,0.1
swc_Latn-zul_Latn,metricx24,unknown,170991,1200000,0.1
swe_Latn-azj_Latn,qwen3-4b-instruct-2507,0.867506,71651,28000,2.6
swe_Latn-cmn_Hani,metricx24,unknown,15241169,1200000,12.7
swe_Latn-crh_Latn,shaomutan_remedy-9b-22,0.807327066,111141,200000,0.6
swe_Latn-deu_Latn,qwen3-4b-instruct-2507,0.969169,108195,28000,3.9
swe_Latn-ekk_Latn,metricx24,unknown,50360,1200000,0.0
swe_Latn-ell_Grek,qwen3-4b-instruct-2507,0.95889,91316,28000,3.3
swe_Latn-eng_Latn,qwen3-4b-instruct-2507,0.986401,1554476,28000,55.5
swe_Latn-fil_Latn,metricx24,unknown,1006275,1200000,0.8
swe_Latn-fin_Latn,qwen3-4b-instruct-2507,0.93333,160255,28000,5.7
swe_Latn-fra_Latn,qwen3-4b-instruct-2507,0.978382,316057,28000,11.3
swe_Latn-fur_Latn,qwen3-4b-instruct-2507,0.875988,75157,28000,2.7
swe_Latn-heb_Hebr,qwen3-4b-instruct-2507,0.970319,67715,28000,2.4
swe_Latn-hrv_Latn,qwen3-4b-instruct-2507,0.947322,75647,28000,2.7
swe_Latn-hun_Latn,qwen3-4b-instruct-2507,0.961633,137786,28000,4.9
swe_Latn-ind_Latn,qwen3-4b-instruct-2507,0.949821,117095,28000,4.2
swe_Latn-ita_Latn,qwen3-4b-instruct-2507,0.979069,248565,28000,8.9
swe_Latn-jpn_Jpan,qwen3-4b-instruct-2507,0.966809,189987,28000,6.8
swe_Latn-lit_Latn,qwen3-4b-instruct-2507,0.930806,75185,28000,2.7
swe_Latn-lvs_Latn,qwen3-4b-instruct-2507,0.943479,53900,28000,1.9
swe_Latn-lzh_Hani,metricx24,unknown,526758,1200000,0.4
swe_Latn-nld_Latn,qwen3-4b-instruct-2507,0.950712,269872,28000,9.6
swe_Latn-nor_Latn,metricx24,unknown,69463,1200000,0.1
swe_Latn-pol_Latn,qwen3-4b-instruct-2507,0.965416,305329,28000,10.9
swe_Latn-por_Latn,qwen3-4b-instruct-2507,0.967576,416312,28000,14.9
swe_Latn-ron_Latn,qwen3-4b-instruct-2507,0.965849,197780,28000,7.1
swe_Latn-rus_Cyrl,qwen3-4b-instruct-2507,0.975062,494442,28000,17.7
swe_Latn-slk_Latn,qwen3-4b-instruct-2507,0.962429,157585,28000,5.6
swe_Latn-slv_Latn,qwen3-4b-instruct-2507,0.955953,109802,28000,3.9
swe_Latn-spa_Latn,qwen3-4b-instruct-2507,0.959014,313805,28000,11.2
swe_Latn-srd_Latn,qwen3-4b-instruct-2507,0.845127,76490,28000,2.7
swe_Latn-srp_Latn,metricx24,unknown,53239,1200000,0.0
swe_Latn-swa_Latn,metricx24,unknown,1015151,1200000,0.8
swe_Latn-swc_Latn,metricx24,unknown,159695,1200000,0.1
swe_Latn-swe_Latn,metricx24,unknown,649608,1200000,0.5
swe_Latn-swh_Latn,shaomutan_remedy-9b-22,0.92214461,911068,200000,4.6
swe_Latn-tam_Taml,metricx24,0.836998,2557298,1200000,2.1
swe_Latn-tat_Cyrl,qwen3-4b-instruct-2507,0.881946,124356,28000,4.4
swe_Latn-tel_Telu,qwen3-4b-instruct-2507,0.952807,1386763,28000,49.5
swe_Latn-tgk_Cyrl,qwen3-4b-instruct-2507,0.901448,222782,28000,8.0
swe_Latn-tgl_Latn,qwen3-4b-instruct-2507,0.942648,1787582,28000,63.8
swe_Latn-tha_Thai,metricx24,0.840781,18236653,1200000,15.2
swe_Latn-tur_Latn,metricx24,0.771281,58900678,1200000,49.1
swe_Latn-ukr_Cyrl,metricx24,0.854888,15197601,1200000,12.7
swe_Latn-urd_Arab,qwen3-4b-instruct-2507,0.914778,1660152,28000,59.3
swe_Latn-uzn_Latn,qwen3-4b-instruct-2507,0.879925,82205,28000,2.9
swe_Latn-vie_Latn,metricx24,0.876236,29846598,1200000,24.9
swe_Latn-wln_Latn,metricx24,unknown,50933,1200000,0.0
swe_Latn-wuu_Hani,metricx24,unknown,56997,1200000,0.0
swe_Latn-xho_Latn,shaomutan_remedy-9b-22,0.774952701,373406,200000,1.9
swe_Latn-yor_Latn,shaomutan_remedy-9b-22,0.730688961,128030,200000,0.6
swe_Latn-yue_Hani,metricx24,unknown,968997,1200000,0.8
swe_Latn-zho_Hans,metricx24,0.879269,10155382,1200000,8.5
swe_Latn-zho_Hant,metricx24,0.87463,6542956,1200000,5.5
swe_Latn-zho_Zyyy,metricx24,unknown,107759,1200000,0.1
swe_Latn-zul_Latn,shaomutan_remedy-9b-22,0.823376395,90391,200000,0.5
swh_Latn-cmn_Hani,metricx24,unknown,615422,1200000,0.5
swh_Latn-fil_Latn,metricx24,unknown,178552,1200000,0.1
swh_Latn-tam_Taml,shaomutan_remedy-9b-22,0.926055184,1029729,200000,5.1
swh_Latn-tel_Telu,shaomutan_remedy-9b-22,0.917982945,171269,200000,0.9
swh_Latn-tgk_Cyrl,shaomutan_remedy-9b-22,0.858334194,58346,200000,0.3
swh_Latn-tgl_Latn,shaomutan_remedy-9b-22,0.896745345,77382,200000,0.4
swh_Latn-tha_Thai,shaomutan_remedy-9b-22,0.932530537,376853,200000,1.9
swh_Latn-tir_Ethi,shaomutan_remedy-9b-22,0.760836083,156296,200000,0.8
swh_Latn-tsn_Latn,shaomutan_remedy-9b-22,0.731202475,154961,200000,0.8
swh_Latn-tso_Latn,shaomutan_remedy-9b-22,0.615180934,145844,200000,0.7
swh_Latn-tum_Latn,metricx24,0.653354103,137701,1200000,0.1
swh_Latn-tur_Latn,shaomutan_remedy-9b-22,0.93098595,2711936,200000,13.6
swh_Latn-twi_Latn,shaomutan_remedy-9b-22,0.596565431,163806,200000,0.8
swh_Latn-ukr_Cyrl,shaomutan_remedy-9b-22,0.935159277,862026,200000,4.3
swh_Latn-urd_Arab,shaomutan_remedy-9b-22,0.917796804,345705,200000,1.7
swh_Latn-vie_Latn,shaomutan_remedy-9b-22,0.931697174,2118568,200000,10.6
swh_Latn-xho_Latn,shaomutan_remedy-9b-22,0.774393112,420067,200000,2.1
swh_Latn-yor_Latn,shaomutan_remedy-9b-22,0.722391459,362423,200000,1.8
swh_Latn-zho_Hans,qwen3-4b-instruct-2507,0.921259,484992,28000,17.3
swh_Latn-zul_Latn,shaomutan_remedy-9b-22,0.79793999,628323,200000,3.1
szl_Latn-por_Latn,qwen3-4b-instruct-2507,0.917437,67851,28000,2.4
szl_Latn-rus_Cyrl,qwen3-4b-instruct-2507,0.92673,59654,28000,2.1
szl_Latn-tur_Latn,shaomutan_remedy-9b-22,0.937069137,65196,200000,0.3
tam_Latn-tam_Latn,qwen3-4b-instruct-2507,unknown,7843,28000,0.3
tam_Taml-cmn_Hani,metricx24,unknown,1467561,1200000,1.2
tam_Taml-fil_Latn,metricx24,unknown,521663,1200000,0.4
tam_Taml-lzh_Hani,metricx24,unknown,114016,1200000,0.1
tam_Taml-tel_Telu,metricx24,0.778543,6121826,1200000,5.1
tam_Taml-tgk_Cyrl,qwen3-4b-instruct-2507,0.866237,194325,28000,6.9
tam_Taml-tgl_Latn,shaomutan_remedy-9b-22,0.920339203,628780,200000,3.1
tam_Taml-tha_Thai,shaomutan_remedy-9b-22,0.929950776,1934483,200000,9.7
tam_Taml-tur_Latn,shaomutan_remedy-9b-22,0.94544481,5817594,200000,29.1
tam_Taml-ukr_Cyrl,shaomutan_remedy-9b-22,0.942437757,2248591,200000,11.2
tam_Taml-urd_Arab,shaomutan_remedy-9b-22,0.888756509,3809916,200000,19.0
tam_Taml-uzn_Latn,qwen3-4b-instruct-2507,0.854848,73614,28000,2.6
tam_Taml-vie_Latn,shaomutan_remedy-9b-22,0.912337633,3040058,200000,15.2
tam_Taml-wln_Latn,metricx24,unknown,36060,1200000,0.0
tam_Taml-xho_Latn,shaomutan_remedy-9b-22,0.780257066,252610,200000,1.3
tam_Taml-yor_Latn,shaomutan_remedy-9b-22,0.705496253,116296,200000,0.6
tam_Taml-yue_Hani,metricx24,unknown,194892,1200000,0.2
tam_Taml-zho_Hans,qwen3-4b-instruct-2507,0.939049,1170285,28000,41.8
tam_Taml-zho_Hant,qwen3-4b-instruct-2507,0.939278,899242,28000,32.1
tam_Taml-zul_Latn,shaomutan_remedy-9b-22,0.81478142,70465,200000,0.4
tar_Latn-rus_Cyrl,metricx24,unknown,57522,1200000,0.0
tar_Latn-tar_Latn,qwen3-4b-instruct-2507,unknown,5757,28000,0.2
tat_Cyrl-uig_Arab,shaomutan_remedy-9b-22,0.884517874,250059,200000,1.3
tat_Cyrl-ukr_Cyrl,shaomutan_remedy-9b-22,0.927965078,168810,200000,0.8
tat_Cyrl-urd_Arab,shaomutan_remedy-9b-22,0.862419445,96713,200000,0.5
tat_Cyrl-uzn_Latn,qwen3-4b-instruct-2507,0.805032,369024,28000,13.2
tat_Cyrl-vie_Latn,shaomutan_remedy-9b-22,0.890405949,113335,200000,0.6
tat_Latn-eng_Latn,metricx24,unknown,215363,1200000,0.2
tel_Latn-tel_Latn,qwen3-4b-instruct-2507,unknown,10763,28000,0.4
tel_Telu-cmn_Hani,metricx24,unknown,681751,1200000,0.6
tel_Telu-fil_Latn,metricx24,unknown,362127,1200000,0.3
tel_Telu-tgk_Cyrl,qwen3-4b-instruct-2507,0.851439,146586,28000,5.2
tel_Telu-tgl_Latn,shaomutan_remedy-9b-22,0.922960668,444880,200000,2.2
tel_Telu-tha_Thai,shaomutan_remedy-9b-22,0.931065006,1660975,200000,8.3
tel_Telu-tur_Latn,shaomutan_remedy-9b-22,0.932634554,2002160,200000,10.0
tel_Telu-ukr_Cyrl,qwen3-4b-instruct-2507,0.939403,1478347,28000,52.8
tel_Telu-urd_Arab,shaomutan_remedy-9b-22,0.899460976,3620162,200000,18.1
tel_Telu-uzn_Latn,qwen3-4b-instruct-2507,0.858074,65647,28000,2.3
tel_Telu-vie_Latn,shaomutan_remedy-9b-22,0.917638142,1496595,200000,7.5
tel_Telu-xho_Latn,shaomutan_remedy-9b-22,0.782149203,180340,200000,0.9
tel_Telu-yor_Latn,shaomutan_remedy-9b-22,0.710974809,111714,200000,0.6
tel_Telu-yue_Hani,metricx24,unknown,142614,1200000,0.1
tel_Telu-zho_Hans,qwen3-4b-instruct-2507,0.950274,470612,28000,16.8
tel_Telu-zho_Hant,qwen3-4b-instruct-2507,0.955465,740835,28000,26.5
tel_Telu-zul_Latn,shaomutan_remedy-9b-22,0.813215995,72900,200000,0.4
tgk_Cyrl-cmn_Hani,metricx24,unknown,99250,1200000,0.1
tgk_Cyrl-fil_Latn,metricx24,unknown,57783,1200000,0.0
tgk_Cyrl-tgl_Latn,shaomutan_remedy-9b-22,0.881244756,212447,200000,1.1
tgk_Cyrl-tha_Thai,shaomutan_remedy-9b-22,0.887933303,294305,200000,1.5
tgk_Cyrl-tur_Latn,shaomutan_remedy-9b-22,0.912144146,571512,200000,2.9
tgk_Cyrl-ukr_Cyrl,shaomutan_remedy-9b-22,0.895362533,365078,200000,1.8
tgk_Cyrl-urd_Arab,shaomutan_remedy-9b-22,0.845591544,219332,200000,1.1
tgk_Cyrl-vie_Latn,shaomutan_remedy-9b-22,0.865567587,344701,200000,1.7
tgk_Cyrl-xho_Latn,shaomutan_remedy-9b-22,0.752585084,84432,200000,0.4
tgk_Cyrl-zho_Hans,qwen3-4b-instruct-2507,0.942603,282057,28000,10.1
tgk_Cyrl-zho_Hant,qwen3-4b-instruct-2507,0.937048,237971,28000,8.5
tgl_Latn-cmn_Hani,qwen3-4b-instruct-2507,unknown,290509,28000,10.4
tgl_Latn-lzh_Hani,qwen3-4b-instruct-2507,unknown,138591,28000,4.9
tgl_Latn-tur_Latn,shaomutan_remedy-9b-22,0.9426006,2685511,200000,13.4
tgl_Latn-ukr_Cyrl,qwen3-4b-instruct-2507,0.956307,1457648,28000,52.1
tgl_Latn-urd_Arab,shaomutan_remedy-9b-22,0.914590632,434368,200000,2.2
tgl_Latn-vie_Latn,qwen3-4b-instruct-2507,0.942076,1618621,28000,57.8
tgl_Latn-xho_Latn,shaomutan_remedy-9b-22,0.822483082,158047,200000,0.8
tgl_Latn-yor_Latn,shaomutan_remedy-9b-22,0.729975705,72946,200000,0.4
tgl_Latn-yue_Hani,qwen3-4b-instruct-2507,unknown,269861,28000,9.6
tgl_Latn-zho_Hans,qwen3-4b-instruct-2507,0.974863,1416065,28000,50.6
tgl_Latn-zho_Hant,qwen3-4b-instruct-2507,0.962743,869845,28000,31.1
tha_Thai-cmn_Hani,metricx24,unknown,7105033,1200000,5.9
tha_Thai-eng_Latn,qwen3-4b-instruct-2507,0.985819,205977,28000,7.4
tha_Thai-fil_Latn,metricx24,unknown,1057205,1200000,0.9
tha_Thai-lzh_Hani,metricx24,unknown,317313,1200000,0.3
tha_Thai-rus_Cyrl,qwen3-4b-instruct-2507,0.972982,90353,28000,3.2
tha_Thai-tgl_Latn,qwen3-4b-instruct-2507,0.943225,1388717,28000,49.6
tha_Thai-tur_Latn,metricx24,0.771112,23079814,1200000,19.2
tha_Thai-ukr_Cyrl,metricx24,0.833738,8257259,1200000,6.9
tha_Thai-urd_Arab,qwen3-4b-instruct-2507,0.914958,1799948,28000,64.3
tha_Thai-uzn_Latn,qwen3-4b-instruct-2507,0.90884,86374,28000,3.1
tha_Thai-vie_Latn,metricx24,0.875018,20610100,1200000,17.2
tha_Thai-xho_Latn,shaomutan_remedy-9b-22,0.780244422,260034,200000,1.3
tha_Thai-yor_Latn,shaomutan_remedy-9b-22,0.690987733,133382,200000,0.7
tha_Thai-yue_Hani,metricx24,unknown,701011,1200000,0.6
tha_Thai-zho_Hans,metricx24,0.871588,2841810,1200000,2.4
tha_Thai-zho_Hant,metricx24,0.855818,6272428,1200000,5.2
tha_Thai-zul_Latn,shaomutan_remedy-9b-22,0.81806084,89923,200000,0.4
tir_Ethi-tsn_Latn,shaomutan_remedy-9b-22,0.656876698,121474,200000,0.6
tir_Ethi-tso_Latn,metricx24,0.501109658,114152,1200000,0.1
tir_Ethi-tum_Latn,metricx24,0.576889449,122186,1200000,0.1
tir_Ethi-twi_Latn,shaomutan_remedy-9b-22,0.530557627,114762,200000,0.6
tir_Ethi-xho_Latn,shaomutan_remedy-9b-22,0.630603576,144607,200000,0.7
tir_Ethi-yor_Latn,shaomutan_remedy-9b-22,0.496832068,117721,200000,0.6
tir_Ethi-zul_Latn,shaomutan_remedy-9b-22,0.669633616,171314,200000,0.9
tpi_Latn-tpi_Latn,qwen3-4b-instruct-2507,unknown,20321,28000,0.7
tsn_Latn-tsn_Latn,qwen3-4b-instruct-2507,unknown,32188,28000,1.1
tsn_Latn-tso_Latn,shaomutan_remedy-9b-22,0.711078247,247233,200000,1.2
tsn_Latn-tum_Latn,metricx24,0.630643897,137664,1200000,0.1
tsn_Latn-tur_Latn,shaomutan_remedy-9b-22,0.844529695,290270,200000,1.5
tsn_Latn-twi_Latn,shaomutan_remedy-9b-22,0.544272161,193699,200000,1.0
tsn_Latn-ukr_Cyrl,shaomutan_remedy-9b-22,0.874763742,125231,200000,0.6
tsn_Latn-vie_Latn,shaomutan_remedy-9b-22,0.833250515,195090,200000,1.0
tsn_Latn-xho_Latn,shaomutan_remedy-9b-22,0.736319211,305627,200000,1.5
tsn_Latn-yor_Latn,shaomutan_remedy-9b-22,0.580618507,189287,200000,0.9
tsn_Latn-zho_Hans,qwen3-4b-instruct-2507,0.844933,199755,28000,7.1
tsn_Latn-zho_Hant,qwen3-4b-instruct-2507,0.849447,174525,28000,6.2
tsn_Latn-zul_Latn,shaomutan_remedy-9b-22,0.777160969,328953,200000,1.6
tso_Latn-tso_Latn,qwen3-4b-instruct-2507,unknown,14653,28000,0.5
tso_Latn-tum_Latn,metricx24,0.611490745,133850,1200000,0.1
tso_Latn-twi_Latn,shaomutan_remedy-9b-22,0.631753097,156080,200000,0.8
tso_Latn-xho_Latn,shaomutan_remedy-9b-22,0.753969876,339211,200000,1.7
tso_Latn-yor_Latn,shaomutan_remedy-9b-22,0.594147558,143372,200000,0.7
tso_Latn-zul_Latn,shaomutan_remedy-9b-22,0.787124153,351329,200000,1.8
tuk_Latn-tuk_Latn,qwen3-4b-instruct-2507,unknown,13446,28000,0.5
tum_Latn-twi_Latn,shaomutan_remedy-9b-22,0.480810962,126666,200000,0.6
tum_Latn-xho_Latn,shaomutan_remedy-9b-22,0.683595693,179497,200000,0.9
tum_Latn-yor_Latn,shaomutan_remedy-9b-22,0.529297681,113268,200000,0.6
tum_Latn-zul_Latn,shaomutan_remedy-9b-22,0.682068408,196089,200000,1.0
tur_Latn-cmn_Hani,metricx24,unknown,18960846,1200000,15.8
tur_Latn-eng_Latn,qwen3-4b-instruct-2507,0.976108,1533584,28000,54.8
tur_Latn-fas_Arab,metricx24,unknown,46052,1200000,0.0
tur_Latn-fin_Latn,shaomutan_remedy-9b-22,0.926579248,36470,200000,0.2
tur_Latn-fra_Latn,qwen3-4b-instruct-2507,0.968935,75965,28000,2.7
tur_Latn-heb_Hebr,qwen3-4b-instruct-2507,0.946899,54919,28000,2.0
tur_Latn-hrv_Latn,qwen3-4b-instruct-2507,0.944843,38913,28000,1.4
tur_Latn-hun_Latn,qwen3-4b-instruct-2507,0.942593,59100,28000,2.1
tur_Latn-ind_Latn,shaomutan_remedy-9b-22,0.937521878,53277,200000,0.3
tur_Latn-ita_Latn,qwen3-4b-instruct-2507,0.968009,79623,28000,2.8
tur_Latn-jpn_Jpan,qwen3-4b-instruct-2507,0.959642,153399,28000,5.5
tur_Latn-lzh_Hani,metricx24,unknown,569537,1200000,0.5
tur_Latn-nld_Latn,qwen3-4b-instruct-2507,0.943758,84379,28000,3.0
tur_Latn-pol_Latn,qwen3-4b-instruct-2507,0.954694,90067,28000,3.2
tur_Latn-por_Latn,qwen3-4b-instruct-2507,0.958606,111069,28000,4.0
tur_Latn-ron_Latn,qwen3-4b-instruct-2507,0.959691,104248,28000,3.7
tur_Latn-rus_Cyrl,qwen3-4b-instruct-2507,0.956491,397207,28000,14.2
tur_Latn-slk_Latn,qwen3-4b-instruct-2507,0.958133,33087,28000,1.2
tur_Latn-slv_Latn,qwen3-4b-instruct-2507,0.949836,47053,28000,1.7
tur_Latn-spa_Latn,qwen3-4b-instruct-2507,0.956984,63951,28000,2.3
tur_Latn-srp_Latn,metricx24,unknown,83993,1200000,0.1
tur_Latn-swe_Latn,qwen3-4b-instruct-2507,0.945097,92551,28000,3.3
tur_Latn-tat_Cyrl,shaomutan_remedy-9b-22,0.882994779,214110,200000,1.1
tur_Latn-tha_Thai,qwen3-4b-instruct-2507,0.949214,57627,28000,2.1
tur_Latn-tur_Latn,metricx24,unknown,279710,1200000,0.2
tur_Latn-ukr_Cyrl,metricx24,0.840317,14872680,1200000,12.4
tur_Latn-urd_Arab,shaomutan_remedy-9b-22,0.90804367,5695679,200000,28.5
tur_Latn-uzb_Cyrl,metricx24,unknown,1127770,1200000,0.9
tur_Latn-uzb_Latn,metricx24,unknown,1140540,1200000,1.0
tur_Latn-uzn_Cyrl,metricx24,unknown,290654,1200000,0.2
tur_Latn-uzn_Latn,bicleaner-ai,0.865813838,186130,2250000,0.1
tur_Latn-vie_Latn,metricx24,0.845974,36536508,1200000,30.4
tur_Latn-wln_Latn,metricx24,unknown,47140,1200000,0.0
tur_Latn-wuu_Hani,metricx24,unknown,60484,1200000,0.1
tur_Latn-xho_Latn,shaomutan_remedy-9b-22,0.755184336,419700,200000,2.1
tur_Latn-yor_Latn,shaomutan_remedy-9b-22,0.690478884,148124,200000,0.7
tur_Latn-yue_Hani,metricx24,unknown,1136343,1200000,0.9
tur_Latn-zho_Hans,metricx24,0.851956,12616354,1200000,10.5
tur_Latn-zho_Hant,metricx24,0.839635,7926775,1200000,6.6
tur_Latn-zho_Zyyy,metricx24,unknown,135723,1200000,0.1
tur_Latn-zul_Latn,shaomutan_remedy-9b-22,0.767043155,96525,200000,0.5
twi_Latn-fra_Latn,shaomutan_remedy-9b-22,0.878339137,146489,200000,0.7
twi_Latn-twi_Latn,qwen3-4b-instruct-2507,unknown,28417,28000,1.0
twi_Latn-xho_Latn,shaomutan_remedy-9b-22,0.700828004,228027,200000,1.1
twi_Latn-yor_Latn,shaomutan_remedy-9b-22,0.624347522,197274,200000,1.0
twi_Latn-zul_Latn,shaomutan_remedy-9b-22,0.731844123,235771,200000,1.2
uig_Arab-uzn_Latn,qwen3-4b-instruct-2507,0.730762,110243,28000,3.9
uig_Cyrl-eng_Latn,metricx24,unknown,127926,1200000,0.1
ukr_Cyrl-cmn_Hani,metricx24,unknown,4633566,1200000,3.9
ukr_Cyrl-eng_Latn,qwen3-4b-instruct-2507,0.98779,174950,28000,6.2
ukr_Cyrl-lzh_Hani,metricx24,unknown,270881,1200000,0.2
ukr_Cyrl-pol_Latn,qwen3-4b-instruct-2507,0.95898,47197,28000,1.7
ukr_Cyrl-por_Latn,qwen3-4b-instruct-2507,0.966575,55007,28000,2.0
ukr_Cyrl-ron_Latn,qwen3-4b-instruct-2507,0.972459,41348,28000,1.5
ukr_Cyrl-rus_Cyrl,qwen3-4b-instruct-2507,0.959303,74022,28000,2.6
ukr_Cyrl-spa_Latn,qwen3-4b-instruct-2507,0.962758,60081,28000,2.1
ukr_Cyrl-swe_Latn,qwen3-4b-instruct-2507,0.960866,53845,28000,1.9
ukr_Cyrl-tur_Latn,qwen3-4b-instruct-2507,0.961359,67913,28000,2.4
ukr_Cyrl-ukr_Cyrl,metricx24,unknown,61438,1200000,0.1
ukr_Cyrl-urd_Arab,qwen3-4b-instruct-2507,0.912827,1674300,28000,59.8
ukr_Cyrl-uzn_Latn,qwen3-4b-instruct-2507,0.901762,341625,28000,12.2
ukr_Cyrl-vie_Latn,metricx24,0.838384,13249680,1200000,11.0
ukr_Cyrl-wln_Latn,metricx24,unknown,51465,1200000,0.0
ukr_Cyrl-xho_Latn,shaomutan_remedy-9b-22,0.773270737,489146,200000,2.4
ukr_Cyrl-yor_Latn,shaomutan_remedy-9b-22,0.712988769,141358,200000,0.7
ukr_Cyrl-yue_Hani,metricx24,unknown,519502,1200000,0.4
ukr_Cyrl-zho_Hans,metricx24,0.842212,3420315,1200000,2.9
ukr_Cyrl-zho_Hant,metricx24,0.829053,3145989,1200000,2.6
ukr_Cyrl-zul_Latn,shaomutan_remedy-9b-22,0.814960267,96868,200000,0.5
umb_Latn-zul_Latn,shaomutan_remedy-9b-22,0.624849523,103525,200000,0.5
und_Beng-ces_Latn,metricx24,unknown,140022,1200000,0.1
und_Beng-dan_Latn,metricx24,unknown,119840,1200000,0.1
und_Beng-deu_Latn,metricx24,unknown,200112,1200000,0.2
und_Beng-ell_Grek,metricx24,unknown,156676,1200000,0.1
und_Beng-eng_Latn,metricx24,unknown,46398,1200000,0.0
und_Beng-fas_Arab,qwen3-4b-instruct-2507,unknown,246293,28000,8.8
und_Beng-fin_Latn,metricx24,unknown,132090,1200000,0.1
und_Beng-fra_Latn,metricx24,unknown,217856,1200000,0.2
und_Beng-heb_Hebr,metricx24,unknown,124158,1200000,0.1
und_Beng-hrv_Latn,qwen3-4b-instruct-2507,unknown,119835,28000,4.3
und_Beng-hun_Latn,metricx24,unknown,138869,1200000,0.1
und_Beng-ind_Latn,metricx24,unknown,265280,1200000,0.2
und_Beng-ita_Latn,metricx24,unknown,175602,1200000,0.1
und_Beng-kor_Hang,metricx24,unknown,122538,1200000,0.1
und_Beng-nld_Latn,metricx24,unknown,158950,1200000,0.1
und_Beng-pol_Latn,metricx24,unknown,157830,1200000,0.1
und_Beng-ron_Latn,metricx24,unknown,157535,1200000,0.1
und_Beng-rus_Cyrl,metricx24,unknown,170097,1200000,0.1
und_Beng-spa_Latn,metricx24,unknown,98221,1200000,0.1
und_Beng-swe_Latn,metricx24,unknown,121454,1200000,0.1
und_Beng-tha_Thai,metricx24,unknown,125274,1200000,0.1
und_Beng-tur_Latn,metricx24,unknown,178768,1200000,0.1
und_Beng-ukr_Cyrl,metricx24,unknown,83838,1200000,0.1
und_Beng-vie_Latn,metricx24,unknown,172461,1200000,0.1
und_Geor-nld_Latn,metricx24,unknown,58014,1200000,0.0
und_Geor-pol_Latn,metricx24,unknown,58096,1200000,0.0
und_Geor-por_Latn,metricx24,unknown,66695,1200000,0.1
und_Geor-ron_Latn,metricx24,unknown,63351,1200000,0.1
und_Geor-tur_Latn,metricx24,unknown,57485,1200000,0.0
und_Grek-eng_Latn,metricx24,unknown,94984,1200000,0.1
und_Grek-fra_Latn,metricx24,unknown,76128,1200000,0.1
und_Grek-spa_Latn,metricx24,unknown,88252,1200000,0.1
und_Hira-nld_Latn,metricx24,unknown,102350,1200000,0.1
und_Hira-pol_Latn,metricx24,unknown,98044,1200000,0.1
und_Hira-por_Latn,metricx24,unknown,101454,1200000,0.1
und_Hira-ron_Latn,metricx24,unknown,79840,1200000,0.1
und_Hira-rus_Cyrl,metricx24,unknown,116171,1200000,0.1
und_Hira-slv_Latn,metricx24,unknown,54230,1200000,0.0
und_Hira-swe_Latn,metricx24,unknown,83078,1200000,0.1
und_Hira-tur_Latn,metricx24,unknown,93427,1200000,0.1
und_Kana-eng_Latn,metricx24,unknown,387168,1200000,0.3
und_Kana-kor_Hang,metricx24,unknown,157356,1200000,0.1
und_Kana-kor_Zyyy,qwen3-4b-instruct-2507,unknown,173271,28000,6.2
und_Kana-lit_Latn,metricx24,unknown,124614,1200000,0.1
und_Kana-mal_Mlym,metricx24,unknown,63476,1200000,0.1
und_Kana-mkd_Cyrl,metricx24,unknown,110109,1200000,0.1
und_Kana-msa_Latn,qwen3-4b-instruct-2507,unknown,135492,28000,4.8
und_Kana-nld_Latn,metricx24,unknown,506199,1200000,0.4
und_Kana-nor_Latn,qwen3-4b-instruct-2507,unknown,165029,28000,5.9
und_Kana-pol_Latn,metricx24,unknown,512583,1200000,0.4
und_Kana-por_Latn,metricx24,unknown,772137,1200000,0.6
und_Kana-ron_Latn,metricx24,unknown,274865,1200000,0.2
und_Kana-rus_Cyrl,metricx24,unknown,747938,1200000,0.6
und_Kana-sin_Sinh,metricx24,unknown,56940,1200000,0.0
und_Kana-slk_Latn,metricx24,unknown,172640,1200000,0.1
und_Kana-slv_Latn,metricx24,unknown,96110,1200000,0.1
und_Kana-sqi_Latn,qwen3-4b-instruct-2507,unknown,94746,28000,3.4
und_Kana-srp_Cyrl,metricx24,unknown,101844,1200000,0.1
und_Kana-swa_Latn,qwen3-4b-instruct-2507,unknown,73900,28000,2.6
und_Kana-swe_Latn,metricx24,unknown,352785,1200000,0.3
und_Kana-tam_Taml,metricx24,unknown,53228,1200000,0.0
und_Kana-tgl_Latn,qwen3-4b-instruct-2507,unknown,151841,28000,5.4
und_Kana-tha_Thai,metricx24,unknown,107947,1200000,0.1
und_Kana-tur_Latn,metricx24,unknown,424717,1200000,0.4
und_Kana-ukr_Cyrl,metricx24,unknown,207074,1200000,0.2
und_Kana-urd_Arab,metricx24,unknown,62165,1200000,0.1
und_Kana-vie_Latn,metricx24,unknown,104661,1200000,0.1
und_Kana-zho_Hans,metricx24,unknown,356131,1200000,0.3
und_Kana-zho_Hant,metricx24,unknown,83010,1200000,0.1
urd_Arab-cmn_Hani,metricx24,unknown,667032,1200000,0.6
urd_Arab-lzh_Hani,metricx24,unknown,117974,1200000,0.1
urd_Arab-vie_Latn,metricx24,0.838755,2001698,1200000,1.7
urd_Arab-xho_Latn,shaomutan_remedy-9b-22,0.796303457,203834,200000,1.0
urd_Arab-yor_Latn,shaomutan_remedy-9b-22,0.736220869,119692,200000,0.6
urd_Arab-yue_Hani,metricx24,unknown,213797,1200000,0.2
urd_Arab-zho_Hans,qwen3-4b-instruct-2507,0.949059,924840,28000,33.0
urd_Arab-zho_Hant,qwen3-4b-instruct-2507,0.956222,746872,28000,26.7
urd_Arab-zul_Latn,shaomutan_remedy-9b-22,0.832386258,64145,200000,0.3
urd_Latn-urd_Latn,qwen3-4b-instruct-2507,unknown,10965,28000,0.4
uzn_Cyrl-rus_Cyrl,metricx24,unknown,197780,1200000,0.2
uzn_Cyrl-uzn_Latn,metricx24,unknown,103633,1200000,0.1
uzn_Latn-deu_Latn,shaomutan_remedy-9b-22,0.934944899,169496,200000,0.8
uzn_Latn-eng_Latn,qwen3-4b-instruct-2507,0.964888,214633,28000,7.7
uzn_Latn-fas_Arab,metricx24,unknown,56409,1200000,0.0
uzn_Latn-fin_Latn,shaomutan_remedy-9b-22,0.938207346,87995,200000,0.4
uzn_Latn-fra_Latn,shaomutan_remedy-9b-22,0.943799667,345907,200000,1.7
uzn_Latn-heb_Hebr,shaomutan_remedy-9b-22,0.906801169,64069,200000,0.3
uzn_Latn-hin_Deva,shaomutan_remedy-9b-22,0.893465654,44030,200000,0.2
uzn_Latn-hrv_Latn,shaomutan_remedy-9b-22,0.925786496,93467,200000,0.5
uzn_Latn-hun_Latn,shaomutan_remedy-9b-22,0.92230622,113969,200000,0.6
uzn_Latn-ind_Latn,shaomutan_remedy-9b-22,0.907110575,202826,200000,1.0
uzn_Latn-ita_Latn,qwen3-4b-instruct-2507,0.931533,309272,28000,11.0
uzn_Latn-jpn_Jpan,shaomutan_remedy-9b-22,0.945280614,143816,200000,0.7
uzn_Latn-kor_Zyyy,metricx24,unknown,52254,1200000,0.0
uzn_Latn-lit_Latn,shaomutan_remedy-9b-22,0.93378209,70867,200000,0.4
uzn_Latn-mkd_Cyrl,shaomutan_remedy-9b-22,0.938603695,48328,200000,0.2
uzn_Latn-msa_Latn,metricx24,unknown,50230,1200000,0.0
uzn_Latn-nld_Latn,shaomutan_remedy-9b-22,0.911244398,249546,200000,1.2
uzn_Latn-nor_Latn,metricx24,unknown,73902,1200000,0.1
uzn_Latn-pol_Latn,shaomutan_remedy-9b-22,0.926576302,270448,200000,1.4
uzn_Latn-por_Latn,qwen3-4b-instruct-2507,0.919527,401976,28000,14.4
uzn_Latn-ron_Latn,shaomutan_remedy-9b-22,0.937165494,167711,200000,0.8
uzn_Latn-rus_Cyrl,shaomutan_remedy-9b-22,0.946656785,748117,200000,3.7
uzn_Latn-slk_Latn,shaomutan_remedy-9b-22,0.961366515,116107,200000,0.6
uzn_Latn-slv_Latn,shaomutan_remedy-9b-22,0.91986162,79342,200000,0.4
uzn_Latn-spa_Latn,qwen3-4b-instruct-2507,0.924067,361025,28000,12.9
uzn_Latn-sqi_Latn,metricx24,unknown,47125,1200000,0.0
uzn_Latn-srp_Cyrl,shaomutan_remedy-9b-22,0.920135403,55242,200000,0.3
uzn_Latn-swe_Latn,shaomutan_remedy-9b-22,0.922516957,200076,200000,1.0
uzn_Latn-tgl_Latn,shaomutan_remedy-9b-22,0.879829597,105581,200000,0.5
uzn_Latn-tha_Thai,shaomutan_remedy-9b-22,0.905033575,80470,200000,0.4
uzn_Latn-tur_Latn,shaomutan_remedy-9b-22,0.927669687,273362,200000,1.4
uzn_Latn-ukr_Cyrl,qwen3-4b-instruct-2507,0.919746,235317,28000,8.4
uzn_Latn-urd_Arab,shaomutan_remedy-9b-22,0.896946317,41505,200000,0.2
uzn_Latn-uzn_Latn,metricx24,unknown,316410,1200000,0.3
uzn_Latn-vie_Latn,shaomutan_remedy-9b-22,0.907155701,346807,200000,1.7
uzn_Latn-xho_Latn,shaomutan_remedy-9b-22,0.723331608,87505,200000,0.4
uzn_Latn-zho_Hans,qwen3-4b-instruct-2507,0.951274,198715,28000,7.1
uzn_Latn-zho_Hant,qwen3-4b-instruct-2507,0.948726,101617,28000,3.6
vec_Latn-eng_Latn,qwen3-4b-instruct-2507,0.97451,389366,28000,13.9
vec_Latn-fin_Latn,shaomutan_remedy-9b-22,0.915383075,136933,200000,0.7
vec_Latn-fra_Latn,shaomutan_remedy-9b-22,0.940386072,772097,200000,3.9
vec_Latn-fur_Latn,m-prometheus-7b,0.841080139,67689,27000,2.5
vec_Latn-heb_Hebr,shaomutan_remedy-9b-22,0.945977874,103579,200000,0.5
vec_Latn-hin_Deva,shaomutan_remedy-9b-22,0.915607589,63554,200000,0.3
vec_Latn-hrv_Latn,shaomutan_remedy-9b-22,0.930028549,108383,200000,0.5
vec_Latn-hun_Latn,qwen3-4b-instruct-2507,0.92104,241061,28000,8.6
vec_Latn-ind_Latn,shaomutan_remedy-9b-22,0.943459926,277125,200000,1.4
vec_Latn-ita_Latn,qwen3-4b-instruct-2507,0.957491,847473,28000,30.3
vec_Latn-jpn_Jpan,qwen3-4b-instruct-2507,0.940289,388148,28000,13.9
vec_Latn-kor_Hang,shaomutan_remedy-9b-22,0.945690503,122848,200000,0.6
vec_Latn-kor_Zyyy,qwen3-4b-instruct-2507,unknown,110859,28000,4.0
vec_Latn-lit_Latn,shaomutan_remedy-9b-22,0.930536111,187848,200000,0.9
vec_Latn-lvs_Latn,shaomutan_remedy-9b-22,0.93134798,124774,200000,0.6
vec_Latn-mkd_Cyrl,qwen3-4b-instruct-2507,0.936401,60527,28000,2.2
vec_Latn-msa_Latn,qwen3-4b-instruct-2507,unknown,78718,28000,2.8
vec_Latn-nld_Latn,qwen3-4b-instruct-2507,0.929617,933163,28000,33.3
vec_Latn-nob_Latn,shaomutan_remedy-9b-22,0.923363657,98139,200000,0.5
vec_Latn-nor_Latn,qwen3-4b-instruct-2507,unknown,219058,28000,7.8
vec_Latn-pol_Latn,qwen3-4b-instruct-2507,0.940398,830992,28000,29.7
vec_Latn-por_Latn,shaomutan_remedy-9b-22,0.947169384,1957767,200000,9.8
vec_Latn-ron_Latn,shaomutan_remedy-9b-22,0.941383183,461968,200000,2.3
vec_Latn-rus_Cyrl,qwen3-4b-instruct-2507,0.944206,1035867,28000,37.0
vec_Latn-slk_Latn,qwen3-4b-instruct-2507,0.935709,311239,28000,11.1
vec_Latn-slv_Latn,shaomutan_remedy-9b-22,0.932549789,180391,200000,0.9
vec_Latn-spa_Latn,shaomutan_remedy-9b-22,0.944040298,622227,200000,3.1
vec_Latn-sqi_Latn,qwen3-4b-instruct-2507,unknown,67832,28000,2.4
vec_Latn-srd_Latn,m-prometheus-7b,0.861871578,121994,27000,4.5
vec_Latn-srp_Cyrl,qwen3-4b-instruct-2507,0.93448,53065,28000,1.9
vec_Latn-swe_Latn,shaomutan_remedy-9b-22,0.931550485,648158,200000,3.2
vec_Latn-tgl_Latn,shaomutan_remedy-9b-22,0.935525571,120294,200000,0.6
vec_Latn-tha_Thai,shaomutan_remedy-9b-22,0.940868267,144778,200000,0.7
vec_Latn-tur_Latn,shaomutan_remedy-9b-22,0.924490344,578211,200000,2.9
vec_Latn-ukr_Cyrl,qwen3-4b-instruct-2507,0.940418,207505,28000,7.4
vec_Latn-vec_Latn,qwen3-4b-instruct-2507,unknown,742105,28000,26.5
vec_Latn-vie_Latn,shaomutan_remedy-9b-22,0.934458111,239576,200000,1.2
vec_Latn-zho_Hans,qwen3-4b-instruct-2507,0.956182,310759,28000,11.1
vec_Latn-zho_Hant,qwen3-4b-instruct-2507,0.954146,112033,28000,4.0
vie_Latn-cmn_Hani,metricx24,unknown,14063375,1200000,11.7
vie_Latn-eng_Latn,qwen3-4b-instruct-2507,0.976003,369842,28000,13.2
vie_Latn-jpn_Jpan,qwen3-4b-instruct-2507,0.972807,96350,28000,3.4
vie_Latn-lzh_Hani,metricx24,unknown,319214,1200000,0.3
vie_Latn-vie_Latn,metricx24,unknown,55039,1200000,0.0
vie_Latn-wln_Latn,metricx24,unknown,33021,1200000,0.0
vie_Latn-xho_Latn,shaomutan_remedy-9b-22,0.849797007,249124,200000,1.2
vie_Latn-yor_Latn,shaomutan_remedy-9b-22,0.692655681,105238,200000,0.5
vie_Latn-yue_Hani,metricx24,unknown,787600,1200000,0.7
vie_Latn-zho_Hans,metricx24,0.850533,6402574,1200000,5.3
vie_Latn-zho_Hant,metricx24,0.835168,6995993,1200000,5.8
vie_Latn-zul_Latn,shaomutan_remedy-9b-22,0.815225609,75029,200000,0.4
war_Latn-fra_Latn,shaomutan_remedy-9b-22,0.94629872,94824,200000,0.5
war_Latn-nld_Latn,shaomutan_remedy-9b-22,0.923557038,88151,200000,0.4
war_Latn-spa_Latn,qwen3-4b-instruct-2507,0.932125,57024,28000,2.0
war_Latn-war_Latn,qwen3-4b-instruct-2507,unknown,51038,28000,1.8
wes_Latn-fin_Latn,metricx24,unknown,61669,1200000,0.1
wes_Latn-fra_Latn,metricx24,unknown,232841,1200000,0.2
wes_Latn-ita_Latn,metricx24,unknown,127128,1200000,0.1
wes_Latn-nld_Latn,metricx24,unknown,126151,1200000,0.1
wes_Latn-pol_Latn,metricx24,unknown,82521,1200000,0.1
wes_Latn-por_Latn,metricx24,unknown,154704,1200000,0.1
wes_Latn-ron_Latn,metricx24,unknown,79656,1200000,0.1
wes_Latn-rus_Cyrl,metricx24,unknown,90498,1200000,0.1
wes_Latn-spa_Latn,metricx24,unknown,291911,1200000,0.2
wes_Latn-swe_Latn,metricx24,unknown,82814,1200000,0.1
wes_Latn-tur_Latn,metricx24,unknown,69454,1200000,0.1
wln_Latn-xho_Latn,metricx24,unknown,31723,1200000,0.0
wol_Latn-fra_Latn,shaomutan_remedy-9b-22,0.842051225,132944,200000,0.7
wol_Latn-ita_Latn,qwen3-4b-instruct-2507,0.837745,118167,28000,4.2
wol_Latn-nld_Latn,qwen3-4b-instruct-2507,0.768233,114584,28000,4.1
wol_Latn-pol_Latn,shaomutan_remedy-9b-22,0.811807097,85085,200000,0.4
wol_Latn-por_Latn,qwen3-4b-instruct-2507,0.797855,209935,28000,7.5
wol_Latn-rus_Cyrl,shaomutan_remedy-9b-22,0.830923218,106596,200000,0.5
wol_Latn-spa_Latn,qwen3-4b-instruct-2507,0.799522,111761,28000,4.0
wol_Latn-swe_Latn,shaomutan_remedy-9b-22,0.801973842,73250,200000,0.4
wol_Latn-tur_Latn,shaomutan_remedy-9b-22,0.80136592,62771,200000,0.3
wol_Latn-wol_Latn,qwen3-4b-instruct-2507,unknown,74386,28000,2.7
wol_Latn-zho_Hans,qwen3-4b-instruct-2507,0.871956,222640,28000,8.0
wol_Latn-zho_Hant,qwen3-4b-instruct-2507,0.869278,168732,28000,6.0
xav_Latn-ron_Latn,metricx24,unknown,66746,1200000,0.1
xav_Latn-rus_Cyrl,metricx24,unknown,58143,1200000,0.0
xav_Latn-swe_Latn,metricx24,unknown,74452,1200000,0.1
xav_Latn-tur_Latn,metricx24,unknown,64132,1200000,0.1
xho_Latn-cmn_Hani,metricx24,unknown,162593,1200000,0.1
xho_Latn-fra_Latn,shaomutan_remedy-9b-22,0.930811958,122425,200000,0.6
xho_Latn-ind_Latn,shaomutan_remedy-9b-22,0.903897311,62482,200000,0.3
xho_Latn-ita_Latn,shaomutan_remedy-9b-22,0.911395999,97712,200000,0.5
xho_Latn-jpn_Jpan,shaomutan_remedy-9b-22,0.912972709,59529,200000,0.3
xho_Latn-lzh_Hani,metricx24,unknown,70134,1200000,0.1
xho_Latn-nld_Latn,shaomutan_remedy-9b-22,0.900324152,97110,200000,0.5
xho_Latn-pol_Latn,shaomutan_remedy-9b-22,0.916709101,85662,200000,0.4
xho_Latn-por_Latn,shaomutan_remedy-9b-22,0.890204093,156139,200000,0.8
xho_Latn-ron_Latn,shaomutan_remedy-9b-22,0.924143669,55629,200000,0.3
xho_Latn-rus_Cyrl,shaomutan_remedy-9b-22,0.928720339,134147,200000,0.7
xho_Latn-spa_Latn,shaomutan_remedy-9b-22,0.896101759,127257,200000,0.6
xho_Latn-swe_Latn,shaomutan_remedy-9b-22,0.916593877,87361,200000,0.4
xho_Latn-tur_Latn,shaomutan_remedy-9b-22,0.91197342,108771,200000,0.5
xho_Latn-ukr_Cyrl,shaomutan_remedy-9b-22,0.931178376,45793,200000,0.2
xho_Latn-xho_Latn,metricx24,unknown,123157,1200000,0.1
xho_Latn-yor_Latn,shaomutan_remedy-9b-22,0.634321177,422048,200000,2.1
xho_Latn-yue_Hani,metricx24,unknown,99069,1200000,0.1
xho_Latn-zho_Hans,qwen3-4b-instruct-2507,0.858621,575171,28000,20.5
xho_Latn-zho_Hant,shaomutan_remedy-9b-22,0.896122707,231728,200000,1.2
xho_Latn-zul_Latn,shaomutan_remedy-9b-22,0.873069004,1131174,200000,5.7
xxx_Arab-ces_Latn,metricx24,unknown,133383,1200000,0.1
xxx_Arab-dan_Latn,metricx24,unknown,134513,1200000,0.1
xxx_Arab-deu_Latn,metricx24,unknown,748661,1200000,0.6
xxx_Arab-ell_Grek,metricx24,unknown,166502,1200000,0.1
xxx_Arab-fas_Arab,qwen3-4b-instruct-2507,unknown,101015,28000,3.6
xxx_Arab-fin_Latn,metricx24,unknown,113634,1200000,0.1
xxx_Arab-fra_Latn,metricx24,unknown,789424,1200000,0.7
xxx_Arab-hrv_Latn,qwen3-4b-instruct-2507,unknown,140280,28000,5.0
xxx_Arab-hun_Latn,metricx24,unknown,119445,1200000,0.1
xxx_Arab-ind_Latn,metricx24,unknown,405246,1200000,0.3
xxx_Arab-ita_Latn,metricx24,unknown,551927,1200000,0.5
xxx_Arab-jpn_Jpan,metricx24,unknown,217192,1200000,0.2
xxx_Arab-nld_Latn,metricx24,unknown,364877,1200000,0.3
xxx_Arab-pol_Latn,metricx24,unknown,258026,1200000,0.2
xxx_Arab-por_Latn,metricx24,unknown,561146,1200000,0.5
xxx_Arab-ron_Latn,metricx24,unknown,138538,1200000,0.1
xxx_Arab-rus_Cyrl,metricx24,unknown,464489,1200000,0.4
xxx_Arab-slk_Latn,metricx24,unknown,97388,1200000,0.1
xxx_Arab-spa_Latn,metricx24,unknown,1022059,1200000,0.9
xxx_Arab-swe_Latn,metricx24,unknown,146019,1200000,0.1
xxx_Arab-tgl_Latn,qwen3-4b-instruct-2507,unknown,123837,28000,4.4
xxx_Arab-tha_Thai,metricx24,unknown,90305,1200000,0.1
xxx_Arab-tur_Latn,metricx24,unknown,218466,1200000,0.2
xxx_Arab-ukr_Cyrl,metricx24,unknown,102340,1200000,0.1
xxx_Arab-vie_Latn,metricx24,unknown,148121,1200000,0.1
xxx_Arab-zho_Hans,metricx24,unknown,151702,1200000,0.1
xxx_Arab-zho_Hant,metricx24,unknown,131757,1200000,0.1
xxx_Latn-dan_Latn,metricx24,unknown,204556,1200000,0.2
xxx_Latn-deu_Latn,metricx24,unknown,960166,1200000,0.8
xxx_Latn-ell_Grek,metricx24,unknown,244347,1200000,0.2
xxx_Latn-eng_Latn,metricx24,unknown,195780,1200000,0.2
xxx_Latn-est_Latn,metricx24,unknown,73391,1200000,0.1
xxx_Latn-fas_Arab,qwen3-4b-instruct-2507,unknown,114282,28000,4.1
xxx_Latn-fin_Latn,metricx24,unknown,189280,1200000,0.2
xxx_Latn-fra_Latn,metricx24,unknown,1052008,1200000,0.9
xxx_Latn-heb_Hebr,metricx24,unknown,146830,1200000,0.1
xxx_Latn-hin_Deva,metricx24,unknown,101510,1200000,0.1
xxx_Latn-hrv_Latn,qwen3-4b-instruct-2507,unknown,234470,28000,8.4
xxx_Latn-hun_Latn,metricx24,unknown,205616,1200000,0.2
xxx_Latn-ind_Latn,metricx24,unknown,603057,1200000,0.5
xxx_Latn-ita_Latn,metricx24,unknown,759328,1200000,0.6
xxx_Latn-jav_Latn,metricx24,unknown,74359,1200000,0.1
xxx_Latn-jpn_Jpan,metricx24,unknown,293269,1200000,0.2
xxx_Latn-kor_Hang,metricx24,unknown,94350,1200000,0.1
xxx_Latn-kor_Zyyy,qwen3-4b-instruct-2507,unknown,94706,28000,3.4
xxx_Latn-lit_Latn,metricx24,unknown,119157,1200000,0.1
xxx_Latn-mkd_Cyrl,metricx24,unknown,75611,1200000,0.1
xxx_Latn-msa_Latn,qwen3-4b-instruct-2507,unknown,102468,28000,3.7
xxx_Latn-nld_Latn,metricx24,unknown,493014,1200000,0.4
xxx_Latn-nor_Latn,qwen3-4b-instruct-2507,unknown,151518,28000,5.4
xxx_Latn-pol_Latn,metricx24,unknown,106959,1200000,0.1
xxx_Latn-por_Latn,metricx24,unknown,236877,1200000,0.2
xxx_Latn-spa_Latn,metricx24,unknown,1429759,1200000,1.2
xxx_Latn-srd_Latn,qwen3-4b-instruct-2507,unknown,101575,28000,3.6
yao_Latn-eng_Latn,metricx24,unknown,204957,1200000,0.2
ydd_Hebr-cmn_Hani,metricx24,unknown,161759,1200000,0.1
ydd_Hebr-zho_Hans,qwen3-4b-instruct-2507,0.924729,221992,28000,7.9
yid_Hebr-zho_Hans,metricx24,unknown,66994,1200000,0.1
yor_Latn-zho_Hans,qwen3-4b-instruct-2507,0.877994,214301,28000,7.7
yor_Latn-zho_Hant,qwen3-4b-instruct-2507,0.874415,143634,28000,5.1
yor_Latn-zul_Latn,shaomutan_remedy-9b-22,0.750172888,627965,200000,3.1
yue_Hani-kor_Hang,metricx24,unknown,85307,1200000,0.1
yue_Hani-nld_Latn,metricx24,unknown,170626,1200000,0.1
yue_Hani-pol_Latn,metricx24,unknown,168729,1200000,0.1
yue_Hani-por_Latn,metricx24,unknown,191302,1200000,0.2
yue_Hani-ron_Latn,metricx24,unknown,90790,1200000,0.1
yue_Hani-rus_Cyrl,metricx24,unknown,243430,1200000,0.2
yue_Hani-swe_Latn,metricx24,unknown,124331,1200000,0.1
yue_Hani-tur_Latn,metricx24,unknown,136450,1200000,0.1
yue_Hani-yue_Hani,qwen3-4b-instruct-2507,unknown,192283,28000,6.9
yue_Hani-zho_Hans,metricx24,unknown,249962,1200000,0.2
yue_Hani-zho_Hant,metricx24,unknown,200780,1200000,0.2
zho_Hans-cmn_Hani,metricx24,unknown,1435317,1200000,1.2
zho_Hans-lzh_Hani,metricx24,unknown,163504,1200000,0.1
zho_Hans-yue_Hani,metricx24,unknown,520554,1200000,0.4
zho_Hans-zho_Hans,metricx24,unknown,522765,1200000,0.4
zho_Hans-zho_Hant,metricx24,0.864783,6201553,1200000,5.2
zho_Hant-cmn_Hani,metricx24,unknown,320044,1200000,0.3
zho_Hant-zho_Hans,qwen3-4b-instruct-2507,0.955127,422121,28000,15.1
zho_Hant-zho_Hant,metricx24,unknown,1180601,1200000,1.0
zho_Zyyy-cmn_Hani,qwen3-4b-instruct-2507,unknown,305236,28000,10.9
zho_Zyyy-zho_Hans,metricx24,unknown,419843,1200000,0.3
zsm_Latn-als_Latn,qwen3-4b-instruct-2507,0.923828,805985,28000,28.8
zsm_Latn-cmn_Hani,metricx24,unknown,2276052,1200000,1.9
zsm_Latn-eng_Latn,qwen3-4b-instruct-2507,0.982001,98023,28000,3.5
zsm_Latn-fil_Latn,metricx24,unknown,480451,1200000,0.4
zsm_Latn-ita_Latn,qwen3-4b-instruct-2507,0.976794,603099,28000,21.5
zsm_Latn-jpn_Jpan,qwen3-4b-instruct-2507,0.969253,151584,28000,5.4
zsm_Latn-kor_Hang,qwen3-4b-instruct-2507,0.96214,275475,28000,9.8
zsm_Latn-lit_Latn,qwen3-4b-instruct-2507,0.931822,222873,28000,8.0
zsm_Latn-lvs_Latn,qwen3-4b-instruct-2507,0.937307,139686,28000,5.0
zsm_Latn-mal_Mlym,qwen3-4b-instruct-2507,0.953649,61727,28000,2.2
zsm_Latn-mlt_Latn,shaomutan_remedy-9b-22,0.919683887,150985,200000,0.8
zsm_Latn-msa_Latn,metricx24,unknown,118268,1200000,0.1
zsm_Latn-mya_Mymr,shaomutan_remedy-9b-22,0.944312023,298219,200000,1.5
zsm_Latn-nep_Deva,metricx24,unknown,67816,1200000,0.1
zsm_Latn-nld_Latn,metricx24,0.916364,3937772,1200000,3.3
zsm_Latn-nob_Latn,metricx24,0.861175,3172898,1200000,2.6
zsm_Latn-nor_Latn,metricx24,unknown,669502,1200000,0.6
zsm_Latn-npi_Deva,bicleaner-ai,0.957341961,156458,2250000,0.1
zsm_Latn-pol_Latn,metricx24,0.797601,4160577,1200000,3.5
zsm_Latn-por_Latn,metricx24,0.871478,2891562,1200000,2.4
zsm_Latn-ron_Latn,metricx24,0.857546,3729263,1200000,3.1
zsm_Latn-rus_Cyrl,metricx24,0.890138,5055183,1200000,4.2
zsm_Latn-sin_Sinh,shaomutan_remedy-9b-22,0.942351251,639805,200000,3.2
zsm_Latn-slk_Latn,metricx24,0.794076,2383614,1200000,2.0
zsm_Latn-slv_Latn,metricx24,0.868829,2340990,1200000,2.0
zsm_Latn-sqi_Latn,metricx24,unknown,113012,1200000,0.1
zsm_Latn-srp_Cyrl,qwen3-4b-instruct-2507,0.963385,1273053,28000,45.5
zsm_Latn-srp_Latn,metricx24,unknown,1424839,1200000,1.2
zsm_Latn-sun_Latn,shaomutan_remedy-9b-22,0.897396504,91233,200000,0.5
zsm_Latn-swa_Latn,metricx24,unknown,132570,1200000,0.1
zsm_Latn-swe_Latn,metricx24,0.883888,3361366,1200000,2.8
zsm_Latn-swh_Latn,shaomutan_remedy-9b-22,0.931470284,385054,200000,1.9
zsm_Latn-tam_Taml,qwen3-4b-instruct-2507,0.957486,659608,28000,23.6
zsm_Latn-tel_Telu,qwen3-4b-instruct-2507,0.953335,433989,28000,15.5
zsm_Latn-tgl_Latn,qwen3-4b-instruct-2507,0.932464,140774,28000,5.0
zsm_Latn-tha_Thai,metricx24,0.845301,3803164,1200000,3.2
zsm_Latn-tur_Latn,metricx24,0.769126,6096420,1200000,5.1
zsm_Latn-ukr_Cyrl,metricx24,0.843489,2581238,1200000,2.2
zsm_Latn-urd_Arab,shaomutan_remedy-9b-22,0.932984293,565943,200000,2.8
zsm_Latn-uzn_Latn,qwen3-4b-instruct-2507,0.874893,134128,28000,4.8
zsm_Latn-vie_Latn,metricx24,0.871645,7119714,1200000,5.9
zsm_Latn-xho_Latn,shaomutan_remedy-9b-22,0.841522224,79936,200000,0.4
zsm_Latn-yue_Hani,metricx24,unknown,120265,1200000,0.1
zsm_Latn-zho_Hans,qwen3-4b-instruct-2507,0.97785,652846,28000,23.3
zsm_Latn-zho_Hant,qwen3-4b-instruct-2507,0.978387,1193595,28000,42.6
zsm_Latn-zsm_Latn,metricx24,unknown,726957,1200000,0.6
zul_Latn-por_Latn,shaomutan_remedy-9b-22,0.89286873,59966,200000,0.3
zul_Latn-ron_Latn,shaomutan_remedy-9b-22,0.951543425,49482,200000,0.2
zul_Latn-rus_Cyrl,shaomutan_remedy-9b-22,0.930133163,50861,200000,0.3
zul_Latn-tur_Latn,shaomutan_remedy-9b-22,0.912605188,62371,200000,0.3
zul_Latn-zul_Latn,metricx24,unknown,53328,1200000,0.0
