direction_key,winner_model,winner_avg_score,num_sentences,rate_per_hour,est_hours
abk_Cyrl-bos_Latn,qwen3-4b-instruct-2507,unknown,23259,28000,0.8
abk_Cyrl-ces_Latn,metricx24,unknown,70766,1200000,0.1
abk_Cyrl-dan_Latn,metricx24,unknown,52643,1200000,0.0
abk_Cyrl-deu_Latn,metricx24,unknown,76458,1200000,0.1
abk_Cyrl-ell_Grek,metricx24,unknown,79576,1200000,0.1
abk_Cyrl-eng_Latn,metricx24,unknown,98253,1200000,0.1
abk_Cyrl-est_Latn,metricx24,unknown,23270,1200000,0.0
abk_Cyrl-eus_Latn,metricx24,unknown,14227,1200000,0.0
abk_Cyrl-fas_Arab,qwen3-4b-instruct-2507,unknown,60476,28000,2.2
abk_Cyrl-fin_Latn,metricx24,unknown,61406,1200000,0.1
abk_Cyrl-fra_Latn,metricx24,unknown,78866,1200000,0.1
abk_Cyrl-heb_Hebr,metricx24,unknown,60094,1200000,0.1
abk_Cyrl-hrv_Latn,qwen3-4b-instruct-2507,unknown,60405,28000,2.2
abk_Cyrl-hun_Latn,metricx24,unknown,71763,1200000,0.1
abk_Cyrl-ind_Latn,metricx24,unknown,57796,1200000,0.0
abk_Cyrl-ita_Latn,metricx24,unknown,76061,1200000,0.1
abk_Cyrl-nld_Latn,metricx24,unknown,87699,1200000,0.1
abk_Cyrl-nor_Latn,qwen3-4b-instruct-2507,unknown,35873,28000,1.3
abk_Cyrl-pol_Latn,metricx24,unknown,96378,1200000,0.1
abk_Cyrl-por_Latn,metricx24,unknown,115175,1200000,0.1
abk_Cyrl-ron_Latn,metricx24,unknown,95434,1200000,0.1
abk_Cyrl-rus_Cyrl,metricx24,unknown,102493,1200000,0.1
abk_Cyrl-slk_Latn,metricx24,unknown,48698,1200000,0.0
abk_Cyrl-slv_Latn,metricx24,unknown,64033,1200000,0.1
abk_Cyrl-spa_Latn,metricx24,unknown,94073,1200000,0.1
abk_Cyrl-srp_Latn,qwen3-4b-instruct-2507,unknown,101971,28000,3.6
abk_Cyrl-swe_Latn,metricx24,unknown,133960,1200000,0.1
abk_Cyrl-tha_Thai,metricx24,unknown,71525,1200000,0.1
abk_Cyrl-tur_Latn,metricx24,unknown,165424,1200000,0.1
abk_Cyrl-ukr_Cyrl,metricx24,unknown,59941,1200000,0.0
abk_Cyrl-vie_Latn,metricx24,unknown,87894,1200000,0.1
abk_Cyrl-zho_Hans,metricx24,unknown,65954,1200000,0.1
abk_Cyrl-zho_Hant,metricx24,unknown,37585,1200000,0.0
ace_Latn-ceb_Latn,m-prometheus-7b,0.785420607,106390,27000,3.9
ace_Latn-eng_Latn,qwen3-4b-instruct-2507,0.906804,1920331,28000,68.6
ace_Latn-jav_Latn,m-prometheus-7b,0.825619711,97489,27000,3.6
ace_Latn-por_Latn,qwen3-4b-instruct-2507,0.841573,63817,28000,2.3
ace_Latn-rus_Cyrl,shaomutan_remedy-9b-22,0.879373839,56877,200000,0.3
ace_Latn-war_Latn,qwen3-4b-instruct-2507,0.774599,91012,28000,3.3
acm_Arab-bul_Cyrl,qwen3-4b-instruct-2507,0.952583,99480,28000,3.6
acm_Arab-ces_Latn,qwen3-4b-instruct-2507,0.946605,112512,28000,4.0
acm_Arab-dan_Latn,qwen3-4b-instruct-2507,0.932195,89558,28000,3.2
acm_Arab-deu_Latn,qwen3-4b-instruct-2507,0.942842,117393,28000,4.2
acm_Arab-ell_Grek,qwen3-4b-instruct-2507,0.939094,123731,28000,4.4
acm_Arab-eng_Latn,qwen3-4b-instruct-2507,0.965844,229187,28000,8.2
acm_Arab-fas_Arab,metricx24,unknown,120054,1200000,0.1
acm_Arab-fin_Latn,shaomutan_remedy-9b-22,0.919945821,109483,200000,0.5
acm_Arab-fra_Latn,qwen3-4b-instruct-2507,0.946023,148447,28000,5.3
acm_Arab-heb_Hebr,qwen3-4b-instruct-2507,0.936939,108211,28000,3.9
acm_Arab-hrv_Latn,qwen3-4b-instruct-2507,0.934136,84449,28000,3.0
acm_Arab-hun_Latn,qwen3-4b-instruct-2507,0.937536,115757,28000,4.1
acm_Arab-ind_Latn,shaomutan_remedy-9b-22,0.925302817,112996,200000,0.6
acm_Arab-ita_Latn,qwen3-4b-instruct-2507,0.954395,123816,28000,4.4
acm_Arab-nld_Latn,shaomutan_remedy-9b-22,0.933167137,131372,200000,0.7
acm_Arab-pol_Latn,qwen3-4b-instruct-2507,0.933136,133410,28000,4.8
acm_Arab-por_Latn,qwen3-4b-instruct-2507,0.93676,155733,28000,5.6
acm_Arab-ron_Latn,qwen3-4b-instruct-2507,0.946705,143604,28000,5.1
acm_Arab-rus_Cyrl,qwen3-4b-instruct-2507,0.941528,106179,28000,3.8
acm_Arab-slv_Latn,qwen3-4b-instruct-2507,0.929995,52652,28000,1.9
acm_Arab-spa_Latn,shaomutan_remedy-9b-22,0.940339728,169862,200000,0.8
acm_Arab-srp_Latn,metricx24,unknown,119973,1200000,0.1
acm_Arab-swe_Latn,shaomutan_remedy-9b-22,0.930359108,96356,200000,0.5
acm_Arab-tur_Latn,qwen3-4b-instruct-2507,0.93659,134800,28000,4.8
acm_Arab-vie_Latn,shaomutan_remedy-9b-22,0.935181164,71326,200000,0.4
aeb_Arab-bos_Latn,shaomutan_remedy-9b-22,0.922454798,48981,200000,0.2
aeb_Arab-bul_Cyrl,qwen3-4b-instruct-2507,0.932708,181398,28000,6.5
aeb_Arab-ces_Latn,qwen3-4b-instruct-2507,0.919746,204965,28000,7.3
aeb_Arab-cmn_Hani,metricx24,unknown,82105,1200000,0.1
aeb_Arab-dan_Latn,shaomutan_remedy-9b-22,0.941899375,164817,200000,0.8
aeb_Arab-deu_Latn,shaomutan_remedy-9b-22,0.939242007,235889,200000,1.2
aeb_Arab-ekk_Latn,metricx24,unknown,72154,1200000,0.1
aeb_Arab-ell_Grek,shaomutan_remedy-9b-22,0.944131087,224144,200000,1.1
aeb_Arab-eng_Latn,qwen3-4b-instruct-2507,0.947715,611656,28000,21.8
aeb_Arab-fas_Arab,metricx24,unknown,231206,1200000,0.2
aeb_Arab-fin_Latn,shaomutan_remedy-9b-22,0.933037377,200038,200000,1.0
aeb_Arab-fra_Latn,qwen3-4b-instruct-2507,0.931518,294112,28000,10.5
aeb_Arab-heb_Hebr,shaomutan_remedy-9b-22,0.93660451,195697,200000,1.0
aeb_Arab-hrv_Latn,shaomutan_remedy-9b-22,0.91870793,166730,200000,0.8
aeb_Arab-hun_Latn,shaomutan_remedy-9b-22,0.93428717,210883,200000,1.1
aeb_Arab-ind_Latn,shaomutan_remedy-9b-22,0.928135758,230447,200000,1.2
aeb_Arab-ita_Latn,shaomutan_remedy-9b-22,0.943572022,239244,200000,1.2
aeb_Arab-kor_Hang,shaomutan_remedy-9b-22,0.936583833,106683,200000,0.5
aeb_Arab-nld_Latn,shaomutan_remedy-9b-22,0.933122036,243555,200000,1.2
aeb_Arab-nob_Latn,shaomutan_remedy-9b-22,0.938437202,93114,200000,0.5
aeb_Arab-pol_Latn,shaomutan_remedy-9b-22,0.939495226,249553,200000,1.2
aeb_Arab-por_Latn,shaomutan_remedy-9b-22,0.92079666,305242,200000,1.5
aeb_Arab-ron_Latn,shaomutan_remedy-9b-22,0.925740932,269335,200000,1.3
aeb_Arab-rus_Cyrl,shaomutan_remedy-9b-22,0.93094597,212650,200000,1.1
aeb_Arab-slk_Latn,shaomutan_remedy-9b-22,0.924423434,60120,200000,0.3
aeb_Arab-slv_Latn,shaomutan_remedy-9b-22,0.920473443,96365,200000,0.5
aeb_Arab-spa_Latn,shaomutan_remedy-9b-22,0.923487961,352947,200000,1.8
aeb_Arab-srp_Latn,metricx24,unknown,204331,1200000,0.2
aeb_Arab-swe_Latn,shaomutan_remedy-9b-22,0.930750437,182974,200000,0.9
aeb_Arab-tha_Thai,shaomutan_remedy-9b-22,0.936028157,90624,200000,0.5
aeb_Arab-tur_Latn,shaomutan_remedy-9b-22,0.941907015,253356,200000,1.3
aeb_Arab-vie_Latn,shaomutan_remedy-9b-22,0.92117137,147218,200000,0.7
afr_Latn-als_Latn,qwen3-4b-instruct-2507,0.911991,764451,28000,27.3
afr_Latn-amh_Ethi,shaomutan_remedy-9b-22,0.898540809,1883005,200000,9.4
afr_Latn-ara_Arab,metricx24,unknown,1330881,1200000,1.1
afr_Latn-arb_Arab,qwen3-4b-instruct-2507,0.949617,927575,28000,33.1
afr_Latn-arz_Arab,qwen3-4b-instruct-2507,0.901643,173239,28000,6.2
afr_Latn-asm_Beng,qwen3-4b-instruct-2507,0.903235,52286,28000,1.9
afr_Latn-ast_Latn,qwen3-4b-instruct-2507,0.878691,96809,28000,3.5
afr_Latn-aze_Latn,metricx24,unknown,118606,1200000,0.1
afr_Latn-azj_Latn,qwen3-4b-instruct-2507,0.855436,475342,28000,17.0
afr_Latn-bam_Latn,shaomutan_remedy-9b-22,0.478239724,94168,200000,0.5
afr_Latn-bel_Cyrl,shaomutan_remedy-9b-22,0.938027202,874026,200000,4.4
afr_Latn-bem_Latn,metricx24,0.576484818,206715,1200000,0.2
afr_Latn-ben_Beng,qwen3-4b-instruct-2507,0.934808,630171,28000,22.5
afr_Latn-bos_Latn,qwen3-4b-instruct-2507,0.936625,136002,28000,4.9
afr_Latn-bre_Latn,metricx24,unknown,71427,1200000,0.1
afr_Latn-bul_Cyrl,qwen3-4b-instruct-2507,0.95778,1740757,28000,62.2
afr_Latn-cat_Latn,qwen3-4b-instruct-2507,0.939577,1165928,28000,41.6
afr_Latn-ceb_Latn,qwen3-4b-instruct-2507,0.918342,58205,28000,2.1
afr_Latn-ces_Latn,qwen3-4b-instruct-2507,0.951812,1114477,28000,39.8
afr_Latn-cmn_Hani,metricx24,unknown,357385,1200000,0.3
afr_Latn-cym_Latn,shaomutan_remedy-9b-22,0.906576921,575254,200000,2.9
afr_Latn-dan_Latn,qwen3-4b-instruct-2507,0.939617,2058943,28000,73.5
afr_Latn-deu_Latn,metricx24,0.93996,5785866,1200000,4.8
afr_Latn-dyu_Latn,metricx24,0.270256012,86635,1200000,0.1
afr_Latn-ekk_Latn,metricx24,unknown,903532,1200000,0.8
afr_Latn-ell_Grek,qwen3-4b-instruct-2507,0.950577,941913,28000,33.6
afr_Latn-eng_Latn,metricx24,0.862843,45824942,1200000,38.2
afr_Latn-epo_Latn,shaomutan_remedy-9b-22,0.916931633,395173,200000,2.0
afr_Latn-est_Latn,shaomutan_remedy-9b-22,0.911224727,298472,200000,1.5
afr_Latn-eus_Latn,shaomutan_remedy-9b-22,0.915968302,297903,200000,1.5
afr_Latn-ewe_Latn,metricx24,0.407252141,483107,1200000,0.4
afr_Latn-fas_Arab,metricx24,unknown,1093977,1200000,0.9
afr_Latn-fil_Latn,metricx24,unknown,325555,1200000,0.3
afr_Latn-fin_Latn,shaomutan_remedy-9b-22,0.926797216,1614076,200000,8.1
afr_Latn-fon_Latn,qwen3-4b-instruct-2507,0.310981,188598,28000,6.7
afr_Latn-fra_Latn,metricx24,0.875757,10882997,1200000,9.1
afr_Latn-fry_Latn,metricx24,unknown,135861,1200000,0.1
afr_Latn-fur_Latn,qwen3-4b-instruct-2507,0.860169,137862,28000,4.9
afr_Latn-gaz_Latn,metricx24,0.571758016,167703,1200000,0.1
afr_Latn-gle_Latn,m-prometheus-7b,0.875355898,413045,27000,15.3
afr_Latn-glg_Latn,qwen3-4b-instruct-2507,0.947511,470774,28000,16.8
afr_Latn-guj_Gujr,qwen3-4b-instruct-2507,0.949303,173595,28000,6.2
afr_Latn-hat_Latn,shaomutan_remedy-9b-22,0.877704386,226486,200000,1.1
afr_Latn-hau_Latn,shaomutan_remedy-9b-22,0.851740968,1715925,200000,8.6
afr_Latn-heb_Hebr,qwen3-4b-instruct-2507,0.959164,822553,28000,29.4
afr_Latn-hin_Deva,shaomutan_remedy-9b-22,0.936989307,1111903,200000,5.6
afr_Latn-hrv_Latn,qwen3-4b-instruct-2507,0.93232,1631160,28000,58.3
afr_Latn-hun_Latn,qwen3-4b-instruct-2507,0.936979,1143475,28000,40.8
afr_Latn-hye_Armn,shaomutan_remedy-9b-22,0.939247765,267924,200000,1.3
afr_Latn-ibo_Latn,shaomutan_remedy-9b-22,0.789143449,781203,200000,3.9
afr_Latn-ind_Latn,shaomutan_remedy-9b-22,0.933940312,1956964,200000,9.8
afr_Latn-isl_Latn,shaomutan_remedy-9b-22,0.918196217,1059555,200000,5.3
afr_Latn-ita_Latn,qwen3-4b-instruct-2507,0.951538,2320564,28000,82.9
afr_Latn-jav_Latn,qwen3-4b-instruct-2507,0.862962,165072,28000,5.9
afr_Latn-jpn_Jpan,qwen3-4b-instruct-2507,0.949726,1393006,28000,49.8
afr_Latn-kan_Knda,shaomutan_remedy-9b-22,0.94199981,163194,200000,0.8
afr_Latn-kat_Geor,shaomutan_remedy-9b-22,0.931347373,371424,200000,1.9
afr_Latn-kau_Zyyy,metricx24,unknown,685690,1200000,0.6
afr_Latn-kaz_Cyrl,shaomutan_remedy-9b-22,0.952251615,354428,200000,1.8
afr_Latn-khk_Cyrl,metricx24,0.827955318,85388,1200000,0.1
afr_Latn-khm_Khmr,shaomutan_remedy-9b-22,0.932350586,172058,200000,0.9
afr_Latn-kik_Latn,shaomutan_remedy-9b-22,0.732285589,104233,200000,0.5
afr_Latn-kin_Latn,shaomutan_remedy-9b-22,0.83193159,988799,200000,4.9
afr_Latn-kir_Cyrl,shaomutan_remedy-9b-22,0.909177383,88262,200000,0.4
afr_Latn-kmr_Latn,metricx24,0.739069358,71272,1200000,0.1
afr_Latn-kon_Latn,shaomutan_remedy-9b-22,0.605016195,82554,200000,0.4
afr_Latn-kor_Hang,qwen3-4b-instruct-2507,0.950428,659771,28000,23.6
afr_Latn-kor_Zyyy,metricx24,unknown,359485,1200000,0.3
afr_Latn-lao_Laoo,qwen3-4b-instruct-2507,0.891498,61414,28000,2.2
afr_Latn-lat_Latn,metricx24,unknown,84782,1200000,0.1
afr_Latn-lav_Latn,metricx24,unknown,188803,1200000,0.2
afr_Latn-lim_Latn,shaomutan_remedy-9b-22,0.815224021,46699,200000,0.2
afr_Latn-lin_Latn,shaomutan_remedy-9b-22,0.717706482,288162,200000,1.4
afr_Latn-lit_Latn,shaomutan_remedy-9b-22,0.916474081,1239923,200000,6.2
afr_Latn-ltz_Latn,metricx24,0.876298817,104972,1200000,0.1
afr_Latn-lua_Latn,shaomutan_remedy-9b-22,0.582054503,191077,200000,1.0
afr_Latn-lug_Latn,shaomutan_remedy-9b-22,0.577937715,365145,200000,1.8
afr_Latn-luo_Latn,metricx24,0.388691941,212138,1200000,0.2
afr_Latn-lvs_Latn,qwen3-4b-instruct-2507,0.930329,987195,28000,35.3
afr_Latn-lzh_Hani,metricx24,unknown,93659,1200000,0.1
afr_Latn-mai_Deva,qwen3-4b-instruct-2507,0.893086,29406,28000,1.1
afr_Latn-mal_Mlym,qwen3-4b-instruct-2507,0.950981,380926,28000,13.6
afr_Latn-mar_Deva,shaomutan_remedy-9b-22,0.945035385,368422,200000,1.8
afr_Latn-mkd_Cyrl,qwen3-4b-instruct-2507,0.956292,1016260,28000,36.3
afr_Latn-mlg_Latn,metricx24,unknown,119201,1200000,0.1
afr_Latn-mlt_Latn,shaomutan_remedy-9b-22,0.94078393,164000,200000,0.8
afr_Latn-mon_Cyrl,metricx24,unknown,87091,1200000,0.1
afr_Latn-mri_Latn,shaomutan_remedy-9b-22,0.767570467,87848,200000,0.4
afr_Latn-msa_Latn,metricx24,unknown,677078,1200000,0.6
afr_Latn-mya_Mymr,shaomutan_remedy-9b-22,0.928705821,157984,200000,0.8
afr_Latn-nds_Latn,metricx24,unknown,76317,1200000,0.1
afr_Latn-nep_Deva,metricx24,unknown,217229,1200000,0.2
afr_Latn-nld_Latn,shaomutan_remedy-9b-22,0.928726061,3793370,200000,19.0
afr_Latn-nno_Latn,shaomutan_remedy-9b-22,0.921390899,183243,200000,0.9
afr_Latn-nob_Latn,shaomutan_remedy-9b-22,0.92698169,2078379,200000,10.4
afr_Latn-nor_Latn,metricx24,unknown,900776,1200000,0.8
afr_Latn-npi_Deva,shaomutan_remedy-9b-22,0.928294031,130445,200000,0.7
afr_Latn-nso_Latn,metricx24,0.67060547,358280,1200000,0.3
afr_Latn-nya_Latn,shaomutan_remedy-9b-22,0.776064506,1122652,200000,5.6
afr_Latn-oci_Latn,qwen3-4b-instruct-2507,0.867894,65390,28000,2.3
afr_Latn-orm_Latn,metricx24,unknown,204176,1200000,0.2
afr_Latn-ory_Orya,qwen3-4b-instruct-2507,0.95563,20197,28000,0.7
afr_Latn-pan_Guru,qwen3-4b-instruct-2507,0.955913,100113,28000,3.6
afr_Latn-pbt_Arab,shaomutan_remedy-9b-22,0.822407697,54570,200000,0.3
afr_Latn-plt_Latn,metricx24,0.791311104,141957,1200000,0.1
afr_Latn-pol_Latn,qwen3-4b-instruct-2507,0.944072,1902834,28000,68.0
afr_Latn-por_Latn,qwen3-4b-instruct-2507,0.959846,2814935,28000,100.5
afr_Latn-pus_Arab,metricx24,unknown,65634,1200000,0.1
afr_Latn-ron_Latn,qwen3-4b-instruct-2507,0.953036,1438130,28000,51.4
afr_Latn-run_Latn,metricx24,0.715469658,395273,1200000,0.3
afr_Latn-rus_Cyrl,qwen3-4b-instruct-2507,0.945436,2556055,28000,91.3
afr_Latn-sin_Sinh,shaomutan_remedy-9b-22,0.935468963,339419,200000,1.7
afr_Latn-slk_Latn,qwen3-4b-instruct-2507,0.943668,1508681,28000,53.9
afr_Latn-slv_Latn,qwen3-4b-instruct-2507,0.926058,1280884,28000,45.7
afr_Latn-sna_Latn,shaomutan_remedy-9b-22,0.785895872,1112421,200000,5.6
afr_Latn-som_Latn,shaomutan_remedy-9b-22,0.783759624,1329254,200000,6.6
afr_Latn-sot_Latn,shaomutan_remedy-9b-22,0.792687595,992424,200000,5.0
afr_Latn-spa_Latn,qwen3-4b-instruct-2507,0.941911,3838738,28000,137.1
afr_Latn-sqi_Latn,metricx24,unknown,374265,1200000,0.3
afr_Latn-srd_Latn,qwen3-4b-instruct-2507,0.819398,315477,28000,11.3
afr_Latn-srp_Cyrl,qwen3-4b-instruct-2507,0.95441,999820,28000,35.7
afr_Latn-srp_Latn,metricx24,unknown,351534,1200000,0.3
afr_Latn-ssw_Latn,shaomutan_remedy-9b-22,0.747255495,165072,200000,0.8
afr_Latn-sun_Latn,qwen3-4b-instruct-2507,0.865918,167395,28000,6.0
afr_Latn-swa_Latn,metricx24,unknown,1268806,1200000,1.1
afr_Latn-swc_Latn,metricx24,unknown,267456,1200000,0.2
afr_Latn-swe_Latn,qwen3-4b-instruct-2507,0.932101,2776891,28000,99.2
afr_Latn-swh_Latn,shaomutan_remedy-9b-22,0.923710259,1510751,200000,7.6
afr_Latn-tam_Taml,qwen3-4b-instruct-2507,0.948308,432333,28000,15.4
afr_Latn-tel_Telu,qwen3-4b-instruct-2507,0.949502,392220,28000,14.0
afr_Latn-tgk_Cyrl,shaomutan_remedy-9b-22,0.87418691,131349,200000,0.7
afr_Latn-tgl_Latn,shaomutan_remedy-9b-22,0.944939813,526645,200000,2.6
afr_Latn-tha_Thai,qwen3-4b-instruct-2507,0.935281,1036358,28000,37.0
afr_Latn-tir_Ethi,shaomutan_remedy-9b-22,0.764623649,358110,200000,1.8
afr_Latn-tsn_Latn,shaomutan_remedy-9b-22,0.776282978,629749,200000,3.1
afr_Latn-tso_Latn,shaomutan_remedy-9b-22,0.769626594,404491,200000,2.0
afr_Latn-tum_Latn,metricx24,0.72585602,247838,1200000,0.2
afr_Latn-tur_Latn,shaomutan_remedy-9b-22,0.943830953,4102587,200000,20.5
afr_Latn-twi_Latn,shaomutan_remedy-9b-22,0.71676926,450821,200000,2.3
afr_Latn-ukr_Cyrl,qwen3-4b-instruct-2507,0.929069,1550421,28000,55.4
afr_Latn-umb_Latn,qwen3-4b-instruct-2507,0.386546,150936,28000,5.4
afr_Latn-und_Kana,metricx24,unknown,63773,1200000,0.1
afr_Latn-urd_Arab,shaomutan_remedy-9b-22,0.929325324,521992,200000,2.6
afr_Latn-uzn_Latn,qwen3-4b-instruct-2507,0.842907,221306,28000,7.9
afr_Latn-vec_Latn,qwen3-4b-instruct-2507,0.887646,88083,28000,3.1
afr_Latn-vie_Latn,qwen3-4b-instruct-2507,0.939736,1694205,28000,60.5
afr_Latn-wln_Latn,metricx24,unknown,36489,1200000,0.0
afr_Latn-wol_Latn,shaomutan_remedy-9b-22,0.600800044,218925,200000,1.1
afr_Latn-xho_Latn,shaomutan_remedy-9b-22,0.83742294,1425519,200000,7.1
afr_Latn-yor_Latn,shaomutan_remedy-9b-22,0.733580869,1554674,200000,7.8
afr_Latn-yue_Hani,metricx24,unknown,186235,1200000,0.2
afr_Latn-zho_Hans,qwen3-4b-instruct-2507,0.967481,661174,28000,23.6
afr_Latn-zho_Hant,qwen3-4b-instruct-2507,0.964535,446591,28000,15.9
afr_Latn-zsm_Latn,qwen3-4b-instruct-2507,0.921792,542637,28000,19.4
afr_Latn-zul_Latn,shaomutan_remedy-9b-22,0.842641135,1453660,200000,7.3
aka_Latn-fra_Latn,shaomutan_remedy-9b-22,0.857396592,114217,200000,0.6
aln_Latn-tur_Latn,metricx24,unknown,74245,1200000,0.1
als_Latn-cmn_Hani,metricx24,unknown,1193129,1200000,1.0
als_Latn-eng_Latn,qwen3-4b-instruct-2507,0.983534,82775,28000,3.0
als_Latn-fil_Latn,metricx24,unknown,258069,1200000,0.2
als_Latn-hrv_Latn,metricx24,0.91228047,71399,1200000,0.1
als_Latn-srp_Cyrl,qwen3-4b-instruct-2507,0.939482,2257877,28000,80.6
als_Latn-srp_Latn,metricx24,unknown,3268739,1200000,2.7
als_Latn-sun_Latn,shaomutan_remedy-9b-22,0.791605925,95459,200000,0.5
als_Latn-swa_Latn,metricx24,unknown,176878,1200000,0.1
als_Latn-swe_Latn,shaomutan_remedy-9b-22,0.929510721,4595259,200000,23.0
als_Latn-swh_Latn,shaomutan_remedy-9b-22,0.887120803,403018,200000,2.0
als_Latn-tam_Taml,qwen3-4b-instruct-2507,0.911473,315384,28000,11.3
als_Latn-tel_Telu,qwen3-4b-instruct-2507,0.900816,276389,28000,9.9
als_Latn-tgk_Cyrl,qwen3-4b-instruct-2507,0.845202,85790,28000,3.1
als_Latn-tgl_Latn,shaomutan_remedy-9b-22,0.876207955,121113,200000,0.6
als_Latn-tha_Thai,shaomutan_remedy-9b-22,0.929222514,1299324,200000,6.5
als_Latn-tur_Latn,shaomutan_remedy-9b-22,0.919705432,8321198,200000,41.6
als_Latn-ukr_Cyrl,shaomutan_remedy-9b-22,0.926803198,2841165,200000,14.2
als_Latn-urd_Arab,shaomutan_remedy-9b-22,0.869037481,540332,200000,2.7
als_Latn-uzn_Latn,qwen3-4b-instruct-2507,0.784918,162496,28000,5.8
als_Latn-vie_Latn,shaomutan_remedy-9b-22,0.921036683,2254919,200000,11.3
als_Latn-xho_Latn,shaomutan_remedy-9b-22,0.732348909,161771,200000,0.8
als_Latn-yor_Latn,shaomutan_remedy-9b-22,0.671085066,53587,200000,0.3
als_Latn-yue_Hani,metricx24,unknown,80124,1200000,0.1
als_Latn-zho_Hans,qwen3-4b-instruct-2507,0.954883,453232,28000,16.2
als_Latn-zho_Hant,qwen3-4b-instruct-2507,0.951702,489183,28000,17.5
amh_Ethi-als_Latn,metricx24,0.818297345,118523,1200000,0.1
amh_Ethi-ara_Arab,metricx24,unknown,498623,1200000,0.4
amh_Ethi-arb_Arab,metricx24,0.813700128,234258,1200000,0.2
amh_Ethi-aze_Latn,metricx24,unknown,54159,1200000,0.0
amh_Ethi-azj_Latn,qwen3-4b-instruct-2507,0.594037,86145,28000,3.1
amh_Ethi-bel_Cyrl,shaomutan_remedy-9b-22,0.860195078,185860,200000,0.9
amh_Ethi-ben_Beng,shaomutan_remedy-9b-22,0.883468792,262501,200000,1.3
amh_Ethi-bul_Cyrl,shaomutan_remedy-9b-22,0.910919953,393464,200000,2.0
amh_Ethi-cat_Latn,shaomutan_remedy-9b-22,0.884660486,271142,200000,1.4
amh_Ethi-ces_Latn,shaomutan_remedy-9b-22,0.893261542,394209,200000,2.0
amh_Ethi-cmn_Hani,metricx24,unknown,162428,1200000,0.1
amh_Ethi-cym_Latn,shaomutan_remedy-9b-22,0.823172856,101186,200000,0.5
amh_Ethi-dan_Latn,shaomutan_remedy-9b-22,0.880972335,366005,200000,1.8
amh_Ethi-deu_Latn,metricx24,0.910430623,1153272,1200000,1.0
amh_Ethi-ekk_Latn,metricx24,unknown,152839,1200000,0.1
amh_Ethi-ell_Grek,shaomutan_remedy-9b-22,0.904165138,393991,200000,2.0
amh_Ethi-eng_Latn,metricx24,0.822862,13696412,1200000,11.4
amh_Ethi-epo_Latn,shaomutan_remedy-9b-22,0.825026894,78419,200000,0.4
amh_Ethi-est_Latn,shaomutan_remedy-9b-22,0.881196327,116464,200000,0.6
amh_Ethi-eus_Latn,shaomutan_remedy-9b-22,0.84272827,46564,200000,0.2
amh_Ethi-ewe_Latn,shaomutan_remedy-9b-22,0.374315114,213916,200000,1.1
amh_Ethi-fas_Arab,metricx24,unknown,450436,1200000,0.4
amh_Ethi-fil_Latn,metricx24,unknown,116069,1200000,0.1
amh_Ethi-fin_Latn,shaomutan_remedy-9b-22,0.917529184,347307,200000,1.7
amh_Ethi-fra_Latn,shaomutan_remedy-9b-22,0.906998155,4882771,200000,24.4
amh_Ethi-ful_Latn,metricx24,unknown,140876,1200000,0.1
amh_Ethi-fuv_Latn,wmt23-cometkiwi-da-xl,0.315476233,96645,180000,0.5
amh_Ethi-glg_Latn,shaomutan_remedy-9b-22,0.880983381,48105,200000,0.2
amh_Ethi-guj_Gujr,shaomutan_remedy-9b-22,0.901021389,62709,200000,0.3
amh_Ethi-hat_Latn,shaomutan_remedy-9b-22,0.784333618,136837,200000,0.7
amh_Ethi-hau_Latn,shaomutan_remedy-9b-22,0.79752549,751109,200000,3.8
amh_Ethi-heb_Hebr,shaomutan_remedy-9b-22,0.889696526,230296,200000,1.2
amh_Ethi-hin_Deva,shaomutan_remedy-9b-22,0.870948227,397933,200000,2.0
amh_Ethi-hrv_Latn,metricx24,0.893190951,385235,1200000,0.3
amh_Ethi-hun_Latn,shaomutan_remedy-9b-22,0.926140131,348615,200000,1.7
amh_Ethi-hye_Armn,shaomutan_remedy-9b-22,0.927735978,155415,200000,0.8
amh_Ethi-ibo_Latn,shaomutan_remedy-9b-22,0.727951785,439398,200000,2.2
amh_Ethi-ind_Latn,shaomutan_remedy-9b-22,0.872573191,730978,200000,3.7
amh_Ethi-isl_Latn,shaomutan_remedy-9b-22,0.820899386,183693,200000,0.9
amh_Ethi-ita_Latn,shaomutan_remedy-9b-22,0.889371493,857069,200000,4.3
amh_Ethi-jav_Latn,shaomutan_remedy-9b-22,0.827198394,65286,200000,0.3
amh_Ethi-jpn_Jpan,shaomutan_remedy-9b-22,0.907807421,468709,200000,2.3
amh_Ethi-kan_Knda,shaomutan_remedy-9b-22,0.896851909,75624,200000,0.4
amh_Ethi-kat_Geor,shaomutan_remedy-9b-22,0.91965964,169452,200000,0.8
amh_Ethi-kau_Zyyy,metricx24,unknown,129766,1200000,0.1
amh_Ethi-kaz_Cyrl,shaomutan_remedy-9b-22,0.912120116,130549,200000,0.7
amh_Ethi-khk_Cyrl,metricx24,0.773187107,65079,1200000,0.1
amh_Ethi-khm_Khmr,shaomutan_remedy-9b-22,0.887530859,140206,200000,0.7
amh_Ethi-kin_Latn,shaomutan_remedy-9b-22,0.797913316,294974,200000,1.5
amh_Ethi-kir_Cyrl,shaomutan_remedy-9b-22,0.84274893,80628,200000,0.4
amh_Ethi-kmr_Latn,metricx24,0.691757194,37620,1200000,0.0
amh_Ethi-kor_Hang,shaomutan_remedy-9b-22,0.908601173,210352,200000,1.1
amh_Ethi-kor_Zyyy,metricx24,unknown,145733,1200000,0.1
amh_Ethi-lao_Laoo,shaomutan_remedy-9b-22,0.778433106,56933,200000,0.3
amh_Ethi-lav_Latn,metricx24,unknown,68022,1200000,0.1
amh_Ethi-lin_Latn,shaomutan_remedy-9b-22,0.713739227,133568,200000,0.7
amh_Ethi-lit_Latn,shaomutan_remedy-9b-22,0.897768528,312811,200000,1.6
amh_Ethi-lua_Latn,shaomutan_remedy-9b-22,0.454392527,109806,200000,0.5
amh_Ethi-lug_Latn,shaomutan_remedy-9b-22,0.485417709,135963,200000,0.7
amh_Ethi-luo_Latn,metricx24,0.364061067,92318,1200000,0.1
amh_Ethi-lvs_Latn,shaomutan_remedy-9b-22,0.899456375,173073,200000,0.9
amh_Ethi-mal_Mlym,shaomutan_remedy-9b-22,0.898741789,232300,200000,1.2
amh_Ethi-mar_Deva,shaomutan_remedy-9b-22,0.874410819,199103,200000,1.0
amh_Ethi-mkd_Cyrl,shaomutan_remedy-9b-22,0.862799926,233448,200000,1.2
amh_Ethi-mlg_Latn,metricx24,unknown,73962,1200000,0.1
amh_Ethi-mon_Cyrl,metricx24,unknown,65974,1200000,0.1
amh_Ethi-mri_Latn,shaomutan_remedy-9b-22,0.698778989,69420,200000,0.3
amh_Ethi-msa_Latn,metricx24,unknown,161264,1200000,0.1
amh_Ethi-mya_Mymr,shaomutan_remedy-9b-22,0.914264956,151912,200000,0.8
amh_Ethi-nep_Deva,metricx24,unknown,116739,1200000,0.1
amh_Ethi-nld_Latn,shaomutan_remedy-9b-22,0.877730689,684862,200000,3.4
amh_Ethi-nno_Latn,shaomutan_remedy-9b-22,0.849228725,41519,200000,0.2
amh_Ethi-nob_Latn,shaomutan_remedy-9b-22,0.88359873,107017,200000,0.5
amh_Ethi-nor_Latn,metricx24,unknown,217844,1200000,0.2
amh_Ethi-npi_Deva,shaomutan_remedy-9b-22,0.863237069,61382,200000,0.3
amh_Ethi-nso_Latn,metricx24,0.596928207,133704,1200000,0.1
amh_Ethi-nya_Latn,shaomutan_remedy-9b-22,0.721445811,705671,200000,3.5
amh_Ethi-pan_Guru,qwen3-4b-instruct-2507,0.719721,53311,28000,1.9
amh_Ethi-pbt_Arab,shaomutan_remedy-9b-22,0.752165929,45875,200000,0.2
amh_Ethi-plt_Latn,metricx24,0.734124346,79903,1200000,0.1
amh_Ethi-pol_Latn,shaomutan_remedy-9b-22,0.887467217,531869,200000,2.7
amh_Ethi-por_Latn,shaomutan_remedy-9b-22,0.854867785,884842,200000,4.4
amh_Ethi-pus_Arab,metricx24,unknown,60145,1200000,0.1
amh_Ethi-ron_Latn,shaomutan_remedy-9b-22,0.903460696,375926,200000,1.9
amh_Ethi-run_Latn,shaomutan_remedy-9b-22,0.690060181,209108,200000,1.0
amh_Ethi-rus_Cyrl,shaomutan_remedy-9b-22,0.905592009,937606,200000,4.7
amh_Ethi-sin_Sinh,shaomutan_remedy-9b-22,0.893309487,192547,200000,1.0
amh_Ethi-slk_Latn,shaomutan_remedy-9b-22,0.900726498,325294,200000,1.6
amh_Ethi-slv_Latn,shaomutan_remedy-9b-22,0.887734745,251339,200000,1.3
amh_Ethi-sna_Latn,shaomutan_remedy-9b-22,0.737442443,779823,200000,3.9
amh_Ethi-som_Latn,shaomutan_remedy-9b-22,0.731594509,559652,200000,2.8
amh_Ethi-sot_Latn,shaomutan_remedy-9b-22,0.793749065,645860,200000,3.2
amh_Ethi-spa_Latn,shaomutan_remedy-9b-22,0.866758166,1460654,200000,7.3
amh_Ethi-sqi_Latn,metricx24,unknown,158199,1200000,0.1
amh_Ethi-srd_Latn,metricx24,0.78136089,100899,1200000,0.1
amh_Ethi-srp_Cyrl,shaomutan_remedy-9b-22,0.89296145,204002,200000,1.0
amh_Ethi-sun_Latn,shaomutan_remedy-9b-22,0.778315924,100483,200000,0.5
amh_Ethi-swa_Latn,metricx24,unknown,471274,1200000,0.4
amh_Ethi-swc_Latn,metricx24,unknown,165374,1200000,0.1
amh_Ethi-swe_Latn,shaomutan_remedy-9b-22,0.892726698,374529,200000,1.9
amh_Ethi-swh_Latn,shaomutan_remedy-9b-22,0.843103557,595174,200000,3.0
amh_Ethi-tam_Taml,shaomutan_remedy-9b-22,0.89357611,202315,200000,1.0
amh_Ethi-tel_Telu,shaomutan_remedy-9b-22,0.877139508,203555,200000,1.0
amh_Ethi-tgk_Cyrl,shaomutan_remedy-9b-22,0.806283087,90750,200000,0.5
amh_Ethi-tgl_Latn,shaomutan_remedy-9b-22,0.878807421,233663,200000,1.2
amh_Ethi-tha_Thai,shaomutan_remedy-9b-22,0.887199924,348361,200000,1.7
amh_Ethi-tir_Ethi,metricx24,0.712342425,241750,1200000,0.2
amh_Ethi-tsn_Latn,shaomutan_remedy-9b-22,0.766362655,221405,200000,1.1
amh_Ethi-tso_Latn,shaomutan_remedy-9b-22,0.636617579,174171,200000,0.9
amh_Ethi-tum_Latn,metricx24,0.641000964,175195,1200000,0.1
amh_Ethi-tur_Latn,shaomutan_remedy-9b-22,0.910236316,530583,200000,2.7
amh_Ethi-twi_Latn,shaomutan_remedy-9b-22,0.662263397,172590,200000,0.9
amh_Ethi-ukr_Cyrl,shaomutan_remedy-9b-22,0.907963897,340020,200000,1.7
amh_Ethi-urd_Arab,shaomutan_remedy-9b-22,0.843726659,245575,200000,1.2
amh_Ethi-vie_Latn,shaomutan_remedy-9b-22,0.862560517,375541,200000,1.9
amh_Ethi-xho_Latn,shaomutan_remedy-9b-22,0.756248971,553434,200000,2.8
amh_Ethi-yor_Latn,shaomutan_remedy-9b-22,0.671641931,445791,200000,2.2
amh_Ethi-yue_Hani,metricx24,unknown,96954,1200000,0.1
amh_Ethi-zho_Hans,qwen3-4b-instruct-2507,0.861205,267440,28000,9.6
amh_Ethi-zho_Hant,shaomutan_remedy-9b-22,0.910011519,194491,200000,1.0
amh_Ethi-zsm_Latn,metricx24,0.821884619,51269,1200000,0.0
amh_Ethi-zul_Latn,shaomutan_remedy-9b-22,0.779589193,783586,200000,3.9
apc_Arab-ben_Beng,shaomutan_remedy-9b-22,0.928954244,83490,200000,0.4
apc_Arab-bos_Latn,qwen3-4b-instruct-2507,0.935197,135655,28000,4.8
apc_Arab-bul_Cyrl,qwen3-4b-instruct-2507,0.951628,476736,28000,17.0
apc_Arab-ces_Latn,qwen3-4b-instruct-2507,0.943828,535668,28000,19.1
apc_Arab-cmn_Hani,metricx24,unknown,168985,1200000,0.1
apc_Arab-dan_Latn,shaomutan_remedy-9b-22,0.924474782,383530,200000,1.9
apc_Arab-deu_Latn,qwen3-4b-instruct-2507,0.934729,566875,28000,20.2
apc_Arab-ekk_Latn,metricx24,unknown,147631,1200000,0.1
apc_Arab-ell_Grek,qwen3-4b-instruct-2507,0.93786,560952,28000,20.0
apc_Arab-eng_Latn,qwen3-4b-instruct-2507,0.966152,1090748,28000,39.0
apc_Arab-est_Latn,shaomutan_remedy-9b-22,0.923684955,75199,200000,0.4
apc_Arab-fas_Arab,metricx24,unknown,608657,1200000,0.5
apc_Arab-fin_Latn,shaomutan_remedy-9b-22,0.916253715,473013,200000,2.4
apc_Arab-fra_Latn,qwen3-4b-instruct-2507,0.948382,763969,28000,27.3
apc_Arab-heb_Hebr,qwen3-4b-instruct-2507,0.935336,480207,28000,17.2
apc_Arab-hin_Deva,qwen3-4b-instruct-2507,0.92443,61905,28000,2.2
apc_Arab-hrv_Latn,qwen3-4b-instruct-2507,0.931399,432400,28000,15.4
apc_Arab-hun_Latn,qwen3-4b-instruct-2507,0.935226,534170,28000,19.1
apc_Arab-ind_Latn,shaomutan_remedy-9b-22,0.925171517,546577,200000,2.7
apc_Arab-ita_Latn,qwen3-4b-instruct-2507,0.952145,596436,28000,21.3
apc_Arab-jpn_Jpan,qwen3-4b-instruct-2507,0.941453,103848,28000,3.7
apc_Arab-kor_Hang,qwen3-4b-instruct-2507,0.937342,240267,28000,8.6
apc_Arab-lit_Latn,shaomutan_remedy-9b-22,0.915545747,57624,200000,0.3
apc_Arab-mkd_Cyrl,qwen3-4b-instruct-2507,0.95549,68828,28000,2.5
apc_Arab-msa_Latn,metricx24,unknown,85069,1200000,0.1
apc_Arab-nld_Latn,shaomutan_remedy-9b-22,0.930272586,592170,200000,3.0
apc_Arab-nob_Latn,shaomutan_remedy-9b-22,0.919667988,194152,200000,1.0
apc_Arab-nor_Latn,metricx24,unknown,117603,1200000,0.1
apc_Arab-pol_Latn,qwen3-4b-instruct-2507,0.926267,611413,28000,21.8
apc_Arab-por_Latn,qwen3-4b-instruct-2507,0.938676,737133,28000,26.3
apc_Arab-ron_Latn,qwen3-4b-instruct-2507,0.941289,678385,28000,24.2
apc_Arab-rus_Cyrl,qwen3-4b-instruct-2507,0.934679,530982,28000,19.0
apc_Arab-slk_Latn,qwen3-4b-instruct-2507,0.940976,150241,28000,5.4
apc_Arab-slv_Latn,qwen3-4b-instruct-2507,0.937048,245763,28000,8.8
apc_Arab-spa_Latn,shaomutan_remedy-9b-22,0.936365233,844533,200000,4.2
apc_Arab-srp_Latn,metricx24,unknown,539829,1200000,0.4
apc_Arab-swe_Latn,shaomutan_remedy-9b-22,0.927783023,424161,200000,2.1
apc_Arab-tha_Thai,qwen3-4b-instruct-2507,0.930164,216893,28000,7.7
apc_Arab-tur_Latn,qwen3-4b-instruct-2507,0.939418,635449,28000,22.7
apc_Arab-ukr_Cyrl,qwen3-4b-instruct-2507,0.944903,104431,28000,3.7
apc_Arab-urd_Arab,shaomutan_remedy-9b-22,0.920324399,99443,200000,0.5
apc_Arab-vie_Latn,shaomutan_remedy-9b-22,0.957178645,332097,200000,1.7
apc_Arab-zho_Hans,qwen3-4b-instruct-2507,0.959199,123359,28000,4.4
apc_Arab-zho_Hant,qwen3-4b-instruct-2507,0.948497,96655,28000,3.5
ara_Arab-abk_Cyrl,qwen3-4b-instruct-2507,unknown,154515,28000,5.5
ara_Arab-afr_Latn,metricx24,unknown,293068,1200000,0.2
ara_Arab-als_Latn,metricx24,unknown,3078926,1200000,2.6
ara_Arab-arb_Arab,metricx24,unknown,20753,1200000,0.0
ara_Arab-arz_Arab,metricx24,unknown,58092,1200000,0.0
ara_Arab-ast_Latn,qwen3-4b-instruct-2507,unknown,386263,28000,13.8
ara_Arab-aze_Latn,qwen3-4b-instruct-2507,unknown,221476,28000,7.9
ara_Arab-azj_Latn,metricx24,unknown,719928,1200000,0.6
ara_Arab-bak_Cyrl,qwen3-4b-instruct-2507,unknown,274076,28000,9.8
ara_Arab-bel_Cyrl,metricx24,unknown,866443,1200000,0.7
ara_Arab-ben_Beng,metricx24,unknown,7774065,1200000,6.5
ara_Arab-bos_Latn,qwen3-4b-instruct-2507,unknown,7714383,28000,275.5
ara_Arab-bre_Latn,qwen3-4b-instruct-2507,unknown,180622,28000,6.5
ara_Arab-bul_Cyrl,metricx24,unknown,30733970,1200000,25.6
ara_Arab-cat_Latn,metricx24,unknown,3780413,1200000,3.2
ara_Arab-ceb_Latn,metricx24,unknown,120265,1200000,0.1
ara_Arab-ces_Latn,metricx24,unknown,36903283,1200000,30.8
ara_Arab-ckb_Arab,metricx24,unknown,1618294,1200000,1.3
ara_Arab-cmn_Hani,qwen3-4b-instruct-2507,unknown,13430087,28000,479.6
ara_Arab-crh_Latn,qwen3-4b-instruct-2507,unknown,254572,28000,9.1
ara_Arab-cym_Latn,metricx24,unknown,635388,1200000,0.5
ara_Arab-dan_Latn,metricx24,unknown,30521851,1200000,25.4
ara_Arab-deu_Latn,metricx24,unknown,49826679,1200000,41.5
ara_Arab-diq_Latn,qwen3-4b-instruct-2507,unknown,221453,28000,7.9
ara_Arab-ekk_Latn,qwen3-4b-instruct-2507,unknown,10833276,28000,386.9
ara_Arab-ell_Grek,metricx24,unknown,39686148,1200000,33.1
ara_Arab-eng_Latn,metricx24,unknown,117008677,1200000,97.5
ara_Arab-epo_Latn,metricx24,unknown,1370676,1200000,1.1
ara_Arab-est_Latn,metricx24,unknown,4440829,1200000,3.7
ara_Arab-eus_Latn,metricx24,unknown,3004950,1200000,2.5
ara_Arab-fas_Arab,qwen3-4b-instruct-2507,unknown,35265689,28000,1259.5
ara_Arab-fil_Latn,qwen3-4b-instruct-2507,unknown,1232631,28000,44.0
ara_Arab-fin_Latn,metricx24,unknown,36440375,1200000,30.4
ara_Arab-fra_Latn,metricx24,unknown,62460877,1200000,52.1
ara_Arab-fro_Latn,qwen3-4b-instruct-2507,unknown,154320,28000,5.5
ara_Arab-fry_Latn,qwen3-4b-instruct-2507,unknown,140701,28000,5.0
ara_Arab-ful_Latn,qwen3-4b-instruct-2507,unknown,115160,28000,4.1
ara_Arab-fur_Latn,qwen3-4b-instruct-2507,unknown,765078,28000,27.3
ara_Arab-gle_Latn,metricx24,unknown,273022,1200000,0.2
ara_Arab-glg_Latn,metricx24,unknown,997191,1200000,0.8
ara_Arab-gsw_Latn,qwen3-4b-instruct-2507,unknown,90167,28000,3.2
ara_Arab-gug_Latn,qwen3-4b-instruct-2507,unknown,61464,28000,2.2
ara_Arab-guj_Gujr,metricx24,unknown,203234,1200000,0.2
ara_Arab-hat_Latn,metricx24,unknown,393093,1200000,0.3
ara_Arab-hau_Latn,metricx24,unknown,294639,1200000,0.2
ara_Arab-heb_Hebr,metricx24,unknown,35559334,1200000,29.6
ara_Arab-hin_Deva,metricx24,unknown,9020891,1200000,7.5
ara_Arab-hne_Deva,qwen3-4b-instruct-2507,unknown,104596,28000,3.7
ara_Arab-hrv_Latn,qwen3-4b-instruct-2507,unknown,29093238,28000,1039.0
ara_Arab-hun_Latn,metricx24,unknown,37910698,1200000,31.6
ara_Arab-hye_Armn,metricx24,unknown,607434,1200000,0.5
ara_Arab-ibo_Latn,metricx24,unknown,115914,1200000,0.1
ara_Arab-ilo_Latn,qwen3-4b-instruct-2507,unknown,145308,28000,5.2
ara_Arab-ina_Latn,qwen3-4b-instruct-2507,unknown,105414,28000,3.8
ara_Arab-ind_Latn,metricx24,unknown,43247917,1200000,36.0
ara_Arab-isl_Latn,metricx24,unknown,3249173,1200000,2.7
ara_Arab-ita_Latn,metricx24,unknown,47627940,1200000,39.7
ara_Arab-jav_Latn,metricx24,unknown,471722,1200000,0.4
ara_Arab-jpn_Jpan,metricx24,unknown,11023071,1200000,9.2
ara_Arab-kab_Latn,qwen3-4b-instruct-2507,unknown,298703,28000,10.7
ara_Arab-kan_Knda,metricx24,unknown,211794,1200000,0.2
ara_Arab-kat_Geor,metricx24,unknown,715717,1200000,0.6
ara_Arab-kaz_Cyrl,metricx24,unknown,567599,1200000,0.5
ara_Arab-khk_Cyrl,metricx24,unknown,146594,1200000,0.1
ara_Arab-khm_Khmr,metricx24,unknown,596843,1200000,0.5
ara_Arab-kin_Latn,qwen3-4b-instruct-2507,unknown,147351,28000,5.3
ara_Arab-kir_Cyrl,metricx24,unknown,138759,1200000,0.1
ara_Arab-kiu_Latn,qwen3-4b-instruct-2507,unknown,231755,28000,8.3
ara_Arab-kmr_Latn,metricx24,unknown,462159,1200000,0.4
ara_Arab-kor_Hang,metricx24,unknown,20714664,1200000,17.3
ara_Arab-kor_Zyyy,qwen3-4b-instruct-2507,unknown,3526779,28000,126.0
ara_Arab-lao_Laoo,metricx24,unknown,96638,1200000,0.1
ara_Arab-lat_Latn,qwen3-4b-instruct-2507,unknown,306321,28000,10.9
ara_Arab-lav_Latn,qwen3-4b-instruct-2507,unknown,869362,28000,31.0
ara_Arab-lim_Latn,qwen3-4b-instruct-2507,unknown,316399,28000,11.3
ara_Arab-lit_Latn,metricx24,unknown,6122640,1200000,5.1
ara_Arab-ltz_Latn,metricx24,unknown,169922,1200000,0.1
ara_Arab-lug_Latn,qwen3-4b-instruct-2507,unknown,58838,28000,2.1
ara_Arab-lvs_Latn,metricx24,unknown,3458835,1200000,2.9
ara_Arab-lzh_Hani,qwen3-4b-instruct-2507,unknown,555990,28000,19.9
ara_Arab-mal_Mlym,metricx24,unknown,2914782,1200000,2.4
ara_Arab-mar_Deva,metricx24,unknown,1212977,1200000,1.0
ara_Arab-mhr_Cyrl,qwen3-4b-instruct-2507,unknown,246611,28000,8.8
ara_Arab-mkd_Cyrl,metricx24,unknown,4410414,1200000,3.7
ara_Arab-mlg_Latn,qwen3-4b-instruct-2507,unknown,166009,28000,5.9
ara_Arab-mlt_Latn,metricx24,unknown,175194,1200000,0.1
ara_Arab-mon_Cyrl,qwen3-4b-instruct-2507,unknown,175871,28000,6.3
ara_Arab-mri_Latn,metricx24,unknown,78538,1200000,0.1
ara_Arab-msa_Latn,qwen3-4b-instruct-2507,unknown,6158134,28000,219.9
ara_Arab-mya_Mymr,metricx24,unknown,893477,1200000,0.7
ara_Arab-nap_Latn,qwen3-4b-instruct-2507,unknown,70716,28000,2.5
ara_Arab-nds_Latn,qwen3-4b-instruct-2507,unknown,175850,28000,6.3
ara_Arab-nep_Deva,qwen3-4b-instruct-2507,unknown,433505,28000,15.5
ara_Arab-nld_Latn,metricx24,unknown,46278879,1200000,38.6
ara_Arab-nno_Latn,metricx24,unknown,536539,1200000,0.4
ara_Arab-nob_Latn,metricx24,unknown,16461315,1200000,13.7
ara_Arab-nor_Latn,qwen3-4b-instruct-2507,unknown,8041061,28000,287.2
ara_Arab-npi_Deva,metricx24,unknown,1296728,1200000,1.1
ara_Arab-nso_Latn,metricx24,unknown,31704,1200000,0.0
ara_Arab-nya_Latn,qwen3-4b-instruct-2507,unknown,62871,28000,2.2
ara_Arab-oci_Latn,qwen3-4b-instruct-2507,unknown,199607,28000,7.1
ara_Arab-pan_Guru,metricx24,unknown,142902,1200000,0.1
ara_Arab-pap_Latn,qwen3-4b-instruct-2507,unknown,175883,28000,6.3
ara_Arab-pbt_Arab,metricx24,unknown,60693,1200000,0.1
ara_Arab-plt_Latn,metricx24,unknown,137705,1200000,0.1
ara_Arab-pol_Latn,metricx24,unknown,46762298,1200000,39.0
ara_Arab-por_Latn,metricx24,unknown,59433857,1200000,49.5
ara_Arab-pus_Arab,qwen3-4b-instruct-2507,unknown,126686,28000,4.5
ara_Arab-rmy_Latn,qwen3-4b-instruct-2507,unknown,63115,28000,2.3
ara_Arab-roh_Latn,qwen3-4b-instruct-2507,unknown,19144,28000,0.7
ara_Arab-ron_Latn,metricx24,unknown,47258589,1200000,39.4
ara_Arab-rus_Cyrl,metricx24,unknown,46604588,1200000,38.8
ara_Arab-scn_Latn,qwen3-4b-instruct-2507,unknown,120438,28000,4.3
ara_Arab-sco_Latn,qwen3-4b-instruct-2507,unknown,64731,28000,2.3
ara_Arab-sdh_Arab,qwen3-4b-instruct-2507,unknown,112085,28000,4.0
ara_Arab-shp_Latn,qwen3-4b-instruct-2507,unknown,30149,28000,1.1
ara_Arab-sin_Sinh,metricx24,unknown,3174424,1200000,2.6
ara_Arab-slk_Latn,metricx24,unknown,12373246,1200000,10.3
ara_Arab-slv_Latn,metricx24,unknown,16294625,1200000,13.6
ara_Arab-sna_Latn,metricx24,unknown,82819,1200000,0.1
ara_Arab-snd_Arab,metricx24,unknown,199222,1200000,0.2
ara_Arab-som_Latn,metricx24,unknown,1698781,1200000,1.4
ara_Arab-spa_Latn,metricx24,unknown,73353164,1200000,61.1
ara_Arab-sqi_Latn,qwen3-4b-instruct-2507,unknown,1189432,28000,42.5
ara_Arab-srd_Latn,qwen3-4b-instruct-2507,unknown,1582814,28000,56.5
ara_Arab-srp_Cyrl,metricx24,unknown,4138909,1200000,3.4
ara_Arab-srp_Latn,qwen3-4b-instruct-2507,unknown,27085420,28000,967.3
ara_Arab-sun_Latn,metricx24,unknown,241235,1200000,0.2
ara_Arab-swa_Latn,qwen3-4b-instruct-2507,unknown,856111,28000,30.6
ara_Arab-swc_Latn,qwen3-4b-instruct-2507,unknown,157054,28000,5.6
ara_Arab-swe_Latn,metricx24,unknown,34180127,1200000,28.5
ara_Arab-swh_Latn,metricx24,unknown,1120329,1200000,0.9
ara_Arab-tam_Taml,metricx24,unknown,2703383,1200000,2.3
ara_Arab-tat_Cyrl,qwen3-4b-instruct-2507,unknown,1289773,28000,46.1
ara_Arab-tel_Telu,metricx24,unknown,1308340,1200000,1.1
ara_Arab-tgk_Cyrl,metricx24,unknown,204684,1200000,0.2
ara_Arab-tgl_Latn,qwen3-4b-instruct-2507,unknown,1518268,28000,54.2
ara_Arab-tha_Thai,metricx24,unknown,17991244,1200000,15.0
ara_Arab-tur_Latn,metricx24,unknown,46749602,1200000,39.0
ara_Arab-ukr_Cyrl,metricx24,unknown,9659906,1200000,8.0
ara_Arab-und_Beng,qwen3-4b-instruct-2507,unknown,147188,28000,5.3
ara_Arab-und_Hira,qwen3-4b-instruct-2507,unknown,61899,28000,2.2
ara_Arab-und_Kana,qwen3-4b-instruct-2507,unknown,296454,28000,10.6
ara_Arab-urd_Arab,metricx24,unknown,5444025,1200000,4.5
ara_Arab-uzb_Cyrl,qwen3-4b-instruct-2507,unknown,489895,28000,17.5
ara_Arab-uzb_Latn,qwen3-4b-instruct-2507,unknown,499317,28000,17.8
ara_Arab-uzn_Cyrl,qwen3-4b-instruct-2507,unknown,82753,28000,3.0
ara_Arab-uzn_Latn,metricx24,unknown,276913,1200000,0.2
ara_Arab-vec_Latn,qwen3-4b-instruct-2507,unknown,538780,28000,19.2
ara_Arab-vie_Latn,metricx24,unknown,28352433,1200000,23.6
ara_Arab-wol_Latn,qwen3-4b-instruct-2507,unknown,235499,28000,8.4
ara_Arab-wuu_Hani,qwen3-4b-instruct-2507,unknown,72164,28000,2.6
ara_Arab-xho_Latn,metricx24,unknown,793624,1200000,0.7
ara_Arab-yor_Latn,metricx24,unknown,111370,1200000,0.1
ara_Arab-yue_Hani,qwen3-4b-instruct-2507,unknown,1005134,28000,35.9
ara_Arab-zho_Hans,metricx24,unknown,10049500,1200000,8.4
ara_Arab-zho_Hant,metricx24,unknown,6367264,1200000,5.3
ara_Arab-zho_Zyyy,qwen3-4b-instruct-2507,unknown,114023,28000,4.1
ara_Arab-zsm_Latn,metricx24,unknown,4223225,1200000,3.5
ara_Arab-zul_Latn,metricx24,unknown,153147,1200000,0.1
arb_Arab-afr_Latn,qwen3-4b-instruct-2507,0.915679,82434,28000,2.9
arb_Arab-als_Latn,qwen3-4b-instruct-2507,0.946212,1349999,28000,48.2
arb_Arab-ast_Latn,qwen3-4b-instruct-2507,0.907392,87915,28000,3.1
arb_Arab-azj_Latn,qwen3-4b-instruct-2507,0.903693,313766,28000,11.2
arb_Arab-bel_Cyrl,qwen3-4b-instruct-2507,0.940777,307592,28000,11.0
arb_Arab-ben_Beng,qwen3-4b-instruct-2507,0.944634,2661413,28000,95.1
arb_Arab-bos_Latn,qwen3-4b-instruct-2507,0.967058,2570210,28000,91.8
arb_Arab-bul_Cyrl,metricx24,0.867272,10749816,1200000,9.0
arb_Arab-cat_Latn,qwen3-4b-instruct-2507,0.970991,1349226,28000,48.2
arb_Arab-ces_Latn,metricx24,0.803381,12955821,1200000,10.8
arb_Arab-ckb_Arab,qwen3-4b-instruct-2507,0.799995,715227,28000,25.5
arb_Arab-cmn_Hani,metricx24,unknown,17667580,1200000,14.7
arb_Arab-crh_Latn,shaomutan_remedy-9b-22,0.812540651,93143,200000,0.5
arb_Arab-cym_Latn,qwen3-4b-instruct-2507,0.933584,222996,28000,8.0
arb_Arab-dan_Latn,metricx24,0.876978,10776986,1200000,9.0
arb_Arab-deu_Latn,metricx24,0.936269,18653740,1200000,15.5
arb_Arab-ekk_Latn,metricx24,unknown,5143602,1200000,4.3
arb_Arab-ell_Grek,metricx24,0.858093,13826955,1200000,11.5
arb_Arab-eng_Latn,metricx24,0.864611,66501145,1200000,55.4
arb_Arab-epo_Latn,shaomutan_remedy-9b-22,0.943155334,467633,200000,2.3
arb_Arab-est_Latn,shaomutan_remedy-9b-22,0.933350992,1015475,200000,5.1
arb_Arab-eus_Latn,shaomutan_remedy-9b-22,0.944986239,987018,200000,4.9
arb_Arab-fas_Arab,metricx24,unknown,14276708,1200000,11.9
arb_Arab-fil_Latn,metricx24,unknown,551857,1200000,0.5
arb_Arab-fin_Latn,metricx24,0.810741,12710473,1200000,10.6
arb_Arab-fra_Latn,metricx24,0.876145,42992362,1200000,35.8
arb_Arab-fur_Latn,qwen3-4b-instruct-2507,0.902021,114902,28000,4.1
arb_Arab-gle_Latn,m-prometheus-7b,0.86458437,121907,27000,4.5
arb_Arab-glg_Latn,qwen3-4b-instruct-2507,0.975386,297128,28000,10.6
arb_Arab-guj_Gujr,qwen3-4b-instruct-2507,0.953111,85960,28000,3.1
arb_Arab-hat_Latn,shaomutan_remedy-9b-22,0.887147684,122112,200000,0.6
arb_Arab-hau_Latn,shaomutan_remedy-9b-22,0.871988461,69582,200000,0.3
arb_Arab-heb_Hebr,metricx24,0.881346,12321832,1200000,10.3
arb_Arab-hin_Deva,qwen3-4b-instruct-2507,0.949363,3180655,28000,113.6
arb_Arab-hrv_Latn,metricx24,0.914226,9995704,1200000,8.3
arb_Arab-hun_Latn,metricx24,0.817697,13102024,1200000,10.9
arb_Arab-hye_Armn,qwen3-4b-instruct-2507,0.942459,204048,28000,7.3
arb_Arab-ind_Latn,metricx24,0.877632,14476887,1200000,12.1
arb_Arab-isl_Latn,shaomutan_remedy-9b-22,0.918064812,1021897,200000,5.1
arb_Arab-ita_Latn,metricx24,0.900612,17281063,1200000,14.4
arb_Arab-jav_Latn,qwen3-4b-instruct-2507,0.903176,67321,28000,2.4
arb_Arab-jpn_Jpan,qwen3-4b-instruct-2507,0.973673,3791466,28000,135.4
arb_Arab-kab_Latn,qwen3-4b-instruct-2507,0.438905,54893,28000,2.0
arb_Arab-kan_Knda,qwen3-4b-instruct-2507,0.953708,84267,28000,3.0
arb_Arab-kat_Geor,shaomutan_remedy-9b-22,0.921795335,230561,200000,1.2
arb_Arab-kaz_Cyrl,qwen3-4b-instruct-2507,0.929881,196601,28000,7.0
arb_Arab-khk_Cyrl,metricx24,0.812643295,57428,1200000,0.0
arb_Arab-khm_Khmr,qwen3-4b-instruct-2507,0.930821,188059,28000,6.7
arb_Arab-kin_Latn,shaomutan_remedy-9b-22,0.849422777,100078,200000,0.5
arb_Arab-kiu_Latn,metricx24,unknown,80354,1200000,0.1
arb_Arab-kmr_Latn,metricx24,0.731670442,202167,1200000,0.2
arb_Arab-kor_Hang,metricx24,0.83051,7650494,1200000,6.4
arb_Arab-kor_Zyyy,metricx24,unknown,696427,1200000,0.6
arb_Arab-lat_Latn,metricx24,unknown,72591,1200000,0.1
arb_Arab-lav_Latn,metricx24,unknown,186464,1200000,0.2
arb_Arab-lim_Latn,qwen3-4b-instruct-2507,0.845157,83762,28000,3.0
arb_Arab-lin_Latn,shaomutan_remedy-9b-22,0.770558514,92215,200000,0.5
arb_Arab-lit_Latn,qwen3-4b-instruct-2507,0.950582,2499671,28000,89.3
arb_Arab-lvs_Latn,qwen3-4b-instruct-2507,0.949169,1547159,28000,55.3
arb_Arab-lzh_Hani,metricx24,unknown,136220,1200000,0.1
arb_Arab-mal_Mlym,qwen3-4b-instruct-2507,0.957596,966367,28000,34.5
arb_Arab-mar_Deva,qwen3-4b-instruct-2507,0.946336,447641,28000,16.0
arb_Arab-mkd_Cyrl,qwen3-4b-instruct-2507,0.972489,1435540,28000,51.3
arb_Arab-msa_Latn,metricx24,unknown,1914713,1200000,1.6
arb_Arab-mya_Mymr,shaomutan_remedy-9b-22,0.929192984,295678,200000,1.5
arb_Arab-nep_Deva,metricx24,unknown,145779,1200000,0.1
arb_Arab-nld_Latn,metricx24,0.905675,16640145,1200000,13.9
arb_Arab-nno_Latn,qwen3-4b-instruct-2507,0.950045,123761,28000,4.4
arb_Arab-nob_Latn,metricx24,0.846774,6915037,1200000,5.8
arb_Arab-nor_Latn,metricx24,unknown,2387526,1200000,2.0
arb_Arab-npi_Deva,qwen3-4b-instruct-2507,0.940881,692995,28000,24.7
arb_Arab-nso_Latn,metricx24,0.661115668,83013,1200000,0.1
arb_Arab-nya_Latn,shaomutan_remedy-9b-22,0.783569172,136807,200000,0.7
arb_Arab-plt_Latn,metricx24,0.783662805,65391,1200000,0.1
arb_Arab-pol_Latn,metricx24,0.798298,16414139,1200000,13.7
arb_Arab-por_Latn,metricx24,0.864314,22051236,1200000,18.4
arb_Arab-ron_Latn,metricx24,0.843886,16508144,1200000,13.8
arb_Arab-rus_Cyrl,metricx24,0.886376,34316806,1200000,28.6
arb_Arab-sin_Sinh,shaomutan_remedy-9b-22,0.926872411,1083444,200000,5.4
arb_Arab-slk_Latn,qwen3-4b-instruct-2507,0.970717,4819231,28000,172.1
arb_Arab-slv_Latn,metricx24,0.868833,6057964,1200000,5.0
arb_Arab-sna_Latn,shaomutan_remedy-9b-22,0.812820273,117567,200000,0.6
arb_Arab-som_Latn,shaomutan_remedy-9b-22,0.790248203,854187,200000,4.3
arb_Arab-sot_Latn,shaomutan_remedy-9b-22,0.830360693,128978,200000,0.6
arb_Arab-spa_Latn,metricx24,0.876158,44189576,1200000,36.8
arb_Arab-sqi_Latn,metricx24,unknown,266226,1200000,0.2
arb_Arab-srd_Latn,qwen3-4b-instruct-2507,0.859786,204201,28000,7.3
arb_Arab-srp_Cyrl,qwen3-4b-instruct-2507,0.976152,1810960,28000,64.7
arb_Arab-srp_Latn,metricx24,unknown,10730079,1200000,8.9
arb_Arab-sun_Latn,qwen3-4b-instruct-2507,0.90106,62465,28000,2.2
arb_Arab-swa_Latn,metricx24,unknown,351710,1200000,0.3
arb_Arab-swc_Latn,metricx24,unknown,97734,1200000,0.1
arb_Arab-swe_Latn,metricx24,0.86288,12006578,1200000,10.0
arb_Arab-swh_Latn,shaomutan_remedy-9b-22,0.927783409,617807,200000,3.1
arb_Arab-tam_Taml,qwen3-4b-instruct-2507,0.960438,953796,28000,34.1
arb_Arab-tat_Cyrl,shaomutan_remedy-9b-22,0.90944567,523108,200000,2.6
arb_Arab-tel_Telu,qwen3-4b-instruct-2507,0.959199,432292,28000,15.4
arb_Arab-tgk_Cyrl,qwen3-4b-instruct-2507,0.904813,56703,28000,2.0
arb_Arab-tgl_Latn,qwen3-4b-instruct-2507,0.950149,260372,28000,9.3
arb_Arab-tha_Thai,metricx24,0.834224,6069177,1200000,5.1
arb_Arab-tur_Latn,metricx24,0.774372,16107087,1200000,13.4
arb_Arab-ukr_Cyrl,qwen3-4b-instruct-2507,0.962623,3292742,28000,117.6
arb_Arab-urd_Arab,shaomutan_remedy-9b-22,0.924319707,2043242,200000,10.2
arb_Arab-uzb_Cyrl,metricx24,unknown,498105,1200000,0.4
arb_Arab-uzb_Latn,metricx24,unknown,499514,1200000,0.4
arb_Arab-uzn_Latn,qwen3-4b-instruct-2507,0.908726,77348,28000,2.8
arb_Arab-vec_Latn,qwen3-4b-instruct-2507,0.918158,80451,28000,2.9
arb_Arab-vie_Latn,metricx24,0.871488,9863980,1200000,8.2
arb_Arab-wuu_Hani,metricx24,unknown,70761,1200000,0.1
arb_Arab-xho_Latn,shaomutan_remedy-9b-22,0.812431421,542173,200000,2.7
arb_Arab-yor_Latn,shaomutan_remedy-9b-22,0.73624759,70977,200000,0.4
arb_Arab-yue_Hani,metricx24,unknown,299411,1200000,0.2
arb_Arab-zho_Hans,metricx24,0.872225,6362710,1200000,5.3
arb_Arab-zho_Hant,qwen3-4b-instruct-2507,0.973907,1775551,28000,63.4
arb_Arab-zsm_Latn,qwen3-4b-instruct-2507,0.912643,1664375,28000,59.4
arb_Arab-zul_Latn,shaomutan_remedy-9b-22,0.860364171,115460,200000,0.6
arg_Latn-ben_Beng,metricx24,unknown,61183,1200000,0.1
arg_Latn-cat_Latn,metricx24,unknown,73780,1200000,0.1
arg_Latn-ces_Latn,metricx24,unknown,57741,1200000,0.0
arg_Latn-eng_Latn,metricx24,unknown,64770,1200000,0.1
arg_Latn-fin_Latn,metricx24,unknown,81799,1200000,0.1
arg_Latn-fra_Latn,metricx24,unknown,198036,1200000,0.2
arg_Latn-glg_Latn,metricx24,unknown,115385,1200000,0.1
arg_Latn-heb_Hebr,metricx24,unknown,70798,1200000,0.1
arg_Latn-hrv_Latn,qwen3-4b-instruct-2507,unknown,83713,28000,3.0
arg_Latn-hun_Latn,metricx24,unknown,89583,1200000,0.1
arg_Latn-ind_Latn,metricx24,unknown,48368,1200000,0.0
arg_Latn-ita_Latn,metricx24,unknown,133759,1200000,0.1
arg_Latn-nld_Latn,metricx24,unknown,99396,1200000,0.1
arg_Latn-pol_Latn,metricx24,unknown,114605,1200000,0.1
arg_Latn-por_Latn,metricx24,unknown,383695,1200000,0.3
arg_Latn-ron_Latn,metricx24,unknown,91364,1200000,0.1
arg_Latn-rus_Cyrl,metricx24,unknown,123124,1200000,0.1
arg_Latn-slk_Latn,metricx24,unknown,104925,1200000,0.1
arg_Latn-spa_Latn,metricx24,unknown,305427,1200000,0.3
arg_Latn-swe_Latn,metricx24,unknown,95525,1200000,0.1
arg_Latn-tur_Latn,metricx24,unknown,64791,1200000,0.1
arg_Latn-ukr_Cyrl,metricx24,unknown,66154,1200000,0.1
arq_Arab-bul_Cyrl,metricx24,unknown,72586,1200000,0.1
arq_Arab-ces_Latn,metricx24,unknown,89924,1200000,0.1
arq_Arab-dan_Latn,metricx24,unknown,77922,1200000,0.1
arq_Arab-deu_Latn,metricx24,unknown,105067,1200000,0.1
arq_Arab-ell_Grek,metricx24,unknown,102417,1200000,0.1
arq_Arab-eng_Latn,metricx24,unknown,151603,1200000,0.1
arq_Arab-fas_Arab,qwen3-4b-instruct-2507,unknown,89929,28000,3.2
arq_Arab-fin_Latn,metricx24,unknown,99519,1200000,0.1
arq_Arab-fra_Latn,metricx24,unknown,115894,1200000,0.1
arq_Arab-heb_Hebr,metricx24,unknown,96409,1200000,0.1
arq_Arab-hrv_Latn,qwen3-4b-instruct-2507,unknown,70308,28000,2.5
arq_Arab-hun_Latn,metricx24,unknown,101205,1200000,0.1
arq_Arab-ind_Latn,metricx24,unknown,103116,1200000,0.1
arq_Arab-ita_Latn,metricx24,unknown,106842,1200000,0.1
arq_Arab-nld_Latn,metricx24,unknown,112629,1200000,0.1
arq_Arab-pol_Latn,metricx24,unknown,108587,1200000,0.1
arq_Arab-por_Latn,metricx24,unknown,121363,1200000,0.1
arq_Arab-ron_Latn,metricx24,unknown,134657,1200000,0.1
arq_Arab-rus_Cyrl,metricx24,unknown,91251,1200000,0.1
arq_Arab-slv_Latn,metricx24,unknown,39550,1200000,0.0
arq_Arab-spa_Latn,metricx24,unknown,112058,1200000,0.1
arq_Arab-srp_Latn,qwen3-4b-instruct-2507,unknown,83415,28000,3.0
arq_Arab-swe_Latn,metricx24,unknown,88057,1200000,0.1
arq_Arab-tur_Latn,metricx24,unknown,108768,1200000,0.1
arq_Arab-vie_Latn,metricx24,unknown,64872,1200000,0.1
ars_Arab-als_Latn,qwen3-4b-instruct-2507,0.934903,77143,28000,2.8
ars_Arab-ben_Beng,shaomutan_remedy-9b-22,0.930620952,154865,200000,0.8
ars_Arab-bos_Latn,qwen3-4b-instruct-2507,0.953101,232595,28000,8.3
ars_Arab-bul_Cyrl,qwen3-4b-instruct-2507,0.951648,857423,28000,30.6
ars_Arab-cat_Latn,qwen3-4b-instruct-2507,0.94996,57396,28000,2.0
ars_Arab-ces_Latn,qwen3-4b-instruct-2507,0.953678,947638,28000,33.8
ars_Arab-cmn_Hani,metricx24,unknown,350743,1200000,0.3
ars_Arab-dan_Latn,qwen3-4b-instruct-2507,0.943464,738819,28000,26.4
ars_Arab-deu_Latn,qwen3-4b-instruct-2507,0.95113,997222,28000,35.6
ars_Arab-ekk_Latn,metricx24,unknown,339249,1200000,0.3
ars_Arab-ell_Grek,qwen3-4b-instruct-2507,0.956088,1028630,28000,36.7
ars_Arab-eng_Latn,qwen3-4b-instruct-2507,0.968547,2033229,28000,72.6
ars_Arab-est_Latn,shaomutan_remedy-9b-22,0.927800587,106834,200000,0.5
ars_Arab-eus_Latn,shaomutan_remedy-9b-22,0.940359182,81985,200000,0.4
ars_Arab-fas_Arab,metricx24,unknown,983812,1200000,0.8
ars_Arab-fin_Latn,shaomutan_remedy-9b-22,0.91445303,880742,200000,4.4
ars_Arab-fra_Latn,qwen3-4b-instruct-2507,0.95996,1257559,28000,44.9
ars_Arab-heb_Hebr,qwen3-4b-instruct-2507,0.946625,893687,28000,31.9
ars_Arab-hin_Deva,qwen3-4b-instruct-2507,0.932404,117155,28000,4.2
ars_Arab-hrv_Latn,qwen3-4b-instruct-2507,0.947561,747384,28000,26.7
ars_Arab-hun_Latn,qwen3-4b-instruct-2507,0.95111,964431,28000,34.4
ars_Arab-ind_Latn,qwen3-4b-instruct-2507,0.9288,959559,28000,34.3
ars_Arab-isl_Latn,shaomutan_remedy-9b-22,0.911507235,81325,200000,0.4
ars_Arab-ita_Latn,qwen3-4b-instruct-2507,0.955754,1016911,28000,36.3
ars_Arab-jpn_Jpan,qwen3-4b-instruct-2507,0.965441,167679,28000,6.0
ars_Arab-kor_Hang,qwen3-4b-instruct-2507,0.940946,443841,28000,15.9
ars_Arab-lit_Latn,qwen3-4b-instruct-2507,0.927402,106321,28000,3.8
ars_Arab-lvs_Latn,qwen3-4b-instruct-2507,0.930005,58886,28000,2.1
ars_Arab-mal_Mlym,qwen3-4b-instruct-2507,0.94559,87122,28000,3.1
ars_Arab-mkd_Cyrl,qwen3-4b-instruct-2507,0.959955,109557,28000,3.9
ars_Arab-msa_Latn,metricx24,unknown,132002,1200000,0.1
ars_Arab-nld_Latn,qwen3-4b-instruct-2507,0.93656,1093085,28000,39.0
ars_Arab-nob_Latn,qwen3-4b-instruct-2507,0.921414,431477,28000,15.4
ars_Arab-nor_Latn,metricx24,unknown,180091,1200000,0.2
ars_Arab-pol_Latn,qwen3-4b-instruct-2507,0.943798,1112475,28000,39.7
ars_Arab-por_Latn,qwen3-4b-instruct-2507,0.946137,1348320,28000,48.2
ars_Arab-ron_Latn,qwen3-4b-instruct-2507,0.950523,1206222,28000,43.1
ars_Arab-rus_Cyrl,qwen3-4b-instruct-2507,0.94898,885868,28000,31.6
ars_Arab-sin_Sinh,shaomutan_remedy-9b-22,0.922831236,93807,200000,0.5
ars_Arab-slk_Latn,qwen3-4b-instruct-2507,0.949004,267563,28000,9.6
ars_Arab-slv_Latn,qwen3-4b-instruct-2507,0.948099,460287,28000,16.4
ars_Arab-spa_Latn,qwen3-4b-instruct-2507,0.944883,1500728,28000,53.6
ars_Arab-srp_Cyrl,qwen3-4b-instruct-2507,0.958945,81117,28000,2.9
ars_Arab-srp_Latn,metricx24,unknown,1004434,1200000,0.8
ars_Arab-swe_Latn,qwen3-4b-instruct-2507,0.945246,818524,28000,29.2
ars_Arab-tam_Taml,qwen3-4b-instruct-2507,0.942872,79868,28000,2.9
ars_Arab-tha_Thai,qwen3-4b-instruct-2507,0.939268,350219,28000,12.5
ars_Arab-tur_Latn,qwen3-4b-instruct-2507,0.952768,1126037,28000,40.2
ars_Arab-ukr_Cyrl,qwen3-4b-instruct-2507,0.949716,170635,28000,6.1
ars_Arab-urd_Arab,shaomutan_remedy-9b-22,0.918875404,139193,200000,0.7
ars_Arab-vie_Latn,shaomutan_remedy-9b-22,0.934933204,611529,200000,3.1
ars_Arab-zho_Hans,qwen3-4b-instruct-2507,0.965366,155439,28000,5.6
ars_Arab-zho_Hant,qwen3-4b-instruct-2507,0.960249,135483,28000,4.8
ars_Arab-zsm_Latn,qwen3-4b-instruct-2507,0.89233,100122,28000,3.6
ary_Arab-als_Latn,qwen3-4b-instruct-2507,0.879856,116569,28000,4.2
ary_Arab-ben_Beng,shaomutan_remedy-9b-22,0.902971937,292821,200000,1.5
ary_Arab-bos_Latn,shaomutan_remedy-9b-22,0.926021258,184727,200000,0.9
ary_Arab-bul_Cyrl,shaomutan_remedy-9b-22,0.916928796,808238,200000,4.0
ary_Arab-cat_Latn,shaomutan_remedy-9b-22,0.937895452,122837,200000,0.6
ary_Arab-ces_Latn,shaomutan_remedy-9b-22,0.920055325,982757,200000,4.9
ary_Arab-cmn_Hani,metricx24,unknown,423030,1200000,0.4
ary_Arab-dan_Latn,shaomutan_remedy-9b-22,0.930490249,862264,200000,4.3
ary_Arab-deu_Latn,shaomutan_remedy-9b-22,0.927259768,1501559,200000,7.5
ary_Arab-ekk_Latn,metricx24,unknown,295214,1200000,0.2
ary_Arab-ell_Grek,shaomutan_remedy-9b-22,0.93512269,1048013,200000,5.2
ary_Arab-eng_Latn,qwen3-4b-instruct-2507,0.935749,3709288,28000,132.5
ary_Arab-epo_Latn,shaomutan_remedy-9b-22,0.906290523,51967,200000,0.3
ary_Arab-est_Latn,shaomutan_remedy-9b-22,0.928953249,111904,200000,0.6
ary_Arab-eus_Latn,shaomutan_remedy-9b-22,0.920424195,108126,200000,0.5
ary_Arab-fas_Arab,metricx24,unknown,1110629,1200000,0.9
ary_Arab-fin_Latn,shaomutan_remedy-9b-22,0.921238408,1024630,200000,5.1
ary_Arab-fra_Latn,shaomutan_remedy-9b-22,0.940610191,1983757,200000,9.9
ary_Arab-heb_Hebr,shaomutan_remedy-9b-22,0.925467029,983147,200000,4.9
ary_Arab-hin_Deva,shaomutan_remedy-9b-22,0.885355373,273547,200000,1.4
ary_Arab-hrv_Latn,shaomutan_remedy-9b-22,0.922772166,767794,200000,3.8
ary_Arab-hun_Latn,shaomutan_remedy-9b-22,0.922255478,1007290,200000,5.0
ary_Arab-ind_Latn,shaomutan_remedy-9b-22,0.915683999,1389997,200000,6.9
ary_Arab-isl_Latn,shaomutan_remedy-9b-22,0.882976858,81811,200000,0.4
ary_Arab-ita_Latn,shaomutan_remedy-9b-22,0.930333068,1378983,200000,6.9
ary_Arab-jpn_Jpan,shaomutan_remedy-9b-22,0.927210004,335149,200000,1.7
ary_Arab-kor_Hang,shaomutan_remedy-9b-22,0.923824894,642496,200000,3.2
ary_Arab-kor_Zyyy,metricx24,unknown,75798,1200000,0.1
ary_Arab-lit_Latn,shaomutan_remedy-9b-22,0.906324287,177442,200000,0.9
ary_Arab-lvs_Latn,shaomutan_remedy-9b-22,0.912482778,101854,200000,0.5
ary_Arab-mal_Mlym,shaomutan_remedy-9b-22,0.90614851,114623,200000,0.6
ary_Arab-mar_Deva,shaomutan_remedy-9b-22,0.898509058,52616,200000,0.3
ary_Arab-mkd_Cyrl,shaomutan_remedy-9b-22,0.938321071,103032,200000,0.5
ary_Arab-msa_Latn,metricx24,unknown,232995,1200000,0.2
ary_Arab-nld_Latn,shaomutan_remedy-9b-22,0.921039147,1309640,200000,6.5
ary_Arab-nob_Latn,shaomutan_remedy-9b-22,0.927974265,466148,200000,2.3
ary_Arab-nor_Latn,metricx24,unknown,246377,1200000,0.2
ary_Arab-npi_Deva,shaomutan_remedy-9b-22,0.897019115,86349,200000,0.4
ary_Arab-pol_Latn,shaomutan_remedy-9b-22,0.9275062,1317181,200000,6.6
ary_Arab-por_Latn,shaomutan_remedy-9b-22,0.907905751,1847347,200000,9.2
ary_Arab-ron_Latn,shaomutan_remedy-9b-22,0.91402713,1354001,200000,6.8
ary_Arab-rus_Cyrl,shaomutan_remedy-9b-22,0.934720198,1353512,200000,6.8
ary_Arab-sin_Sinh,shaomutan_remedy-9b-22,0.896741668,131556,200000,0.7
ary_Arab-slk_Latn,shaomutan_remedy-9b-22,0.91198757,351207,200000,1.8
ary_Arab-slv_Latn,shaomutan_remedy-9b-22,0.909688086,423883,200000,2.1
ary_Arab-som_Latn,shaomutan_remedy-9b-22,0.777279233,85888,200000,0.4
ary_Arab-spa_Latn,shaomutan_remedy-9b-22,0.909806722,2443601,200000,12.2
ary_Arab-srp_Cyrl,shaomutan_remedy-9b-22,0.920813013,120992,200000,0.6
ary_Arab-srp_Latn,metricx24,unknown,714479,1200000,0.6
ary_Arab-swe_Latn,shaomutan_remedy-9b-22,0.932899707,1001848,200000,5.0
ary_Arab-swh_Latn,shaomutan_remedy-9b-22,0.899519005,47170,200000,0.2
ary_Arab-tam_Taml,shaomutan_remedy-9b-22,0.901978537,92923,200000,0.5
ary_Arab-tha_Thai,shaomutan_remedy-9b-22,0.92231193,542329,200000,2.7
ary_Arab-tur_Latn,shaomutan_remedy-9b-22,0.929353423,1283302,200000,6.4
ary_Arab-ukr_Cyrl,shaomutan_remedy-9b-22,0.915451806,297023,200000,1.5
ary_Arab-urd_Arab,shaomutan_remedy-9b-22,0.892166512,263615,200000,1.3
ary_Arab-vie_Latn,shaomutan_remedy-9b-22,0.909394778,941299,200000,4.7
ary_Arab-xho_Latn,shaomutan_remedy-9b-22,0.792578156,54706,200000,0.3
ary_Arab-zho_Hans,qwen3-4b-instruct-2507,0.908566,280036,28000,10.0
ary_Arab-zho_Hant,shaomutan_remedy-9b-22,0.91512151,174469,200000,0.9
ary_Arab-zsm_Latn,qwen3-4b-instruct-2507,0.818676,148842,28000,5.3
arz_Arab-als_Latn,qwen3-4b-instruct-2507,0.91878,92362,28000,3.3
arz_Arab-ben_Beng,shaomutan_remedy-9b-22,0.926613663,213791,200000,1.1
arz_Arab-bos_Latn,qwen3-4b-instruct-2507,0.940269,299636,28000,10.7
arz_Arab-bul_Cyrl,qwen3-4b-instruct-2507,0.956745,1001295,28000,35.8
arz_Arab-cat_Latn,qwen3-4b-instruct-2507,0.946416,122198,28000,4.4
arz_Arab-ces_Latn,qwen3-4b-instruct-2507,0.950214,1126829,28000,40.2
arz_Arab-cmn_Hani,metricx24,unknown,333853,1200000,0.3
arz_Arab-dan_Latn,qwen3-4b-instruct-2507,0.930353,859803,28000,30.7
arz_Arab-deu_Latn,qwen3-4b-instruct-2507,0.932474,1252710,28000,44.7
arz_Arab-ekk_Latn,metricx24,unknown,300246,1200000,0.3
arz_Arab-ell_Grek,qwen3-4b-instruct-2507,0.944823,1192888,28000,42.6
arz_Arab-eng_Latn,qwen3-4b-instruct-2507,0.97101,2898756,28000,103.5
arz_Arab-epo_Latn,shaomutan_remedy-9b-22,0.932345955,63756,200000,0.3
arz_Arab-est_Latn,shaomutan_remedy-9b-22,0.92335268,202759,200000,1.0
arz_Arab-eus_Latn,shaomutan_remedy-9b-22,0.939702759,105088,200000,0.5
arz_Arab-fas_Arab,metricx24,unknown,1157700,1200000,1.0
arz_Arab-fin_Latn,shaomutan_remedy-9b-22,0.915651476,1039373,200000,5.2
arz_Arab-fra_Latn,qwen3-4b-instruct-2507,0.947168,1593698,28000,56.9
arz_Arab-glg_Latn,qwen3-4b-instruct-2507,0.943907,56994,28000,2.0
arz_Arab-heb_Hebr,shaomutan_remedy-9b-22,0.946091929,1053167,200000,5.3
arz_Arab-hin_Deva,qwen3-4b-instruct-2507,0.92768,169935,28000,6.1
arz_Arab-hrv_Latn,qwen3-4b-instruct-2507,0.928895,953228,28000,34.0
arz_Arab-hun_Latn,qwen3-4b-instruct-2507,0.941254,1120644,28000,40.0
arz_Arab-ind_Latn,shaomutan_remedy-9b-22,0.937372008,1080247,200000,5.4
arz_Arab-isl_Latn,shaomutan_remedy-9b-22,0.911618971,130050,200000,0.7
arz_Arab-ita_Latn,qwen3-4b-instruct-2507,0.948736,1237958,28000,44.2
arz_Arab-jpn_Jpan,qwen3-4b-instruct-2507,0.941548,322246,28000,11.5
arz_Arab-kor_Hang,shaomutan_remedy-9b-22,0.932232324,505925,200000,2.5
arz_Arab-kor_Zyyy,metricx24,unknown,121110,1200000,0.1
arz_Arab-lit_Latn,shaomutan_remedy-9b-22,0.929306117,158737,200000,0.8
arz_Arab-lvs_Latn,shaomutan_remedy-9b-22,0.936539228,67293,200000,0.3
arz_Arab-mal_Mlym,qwen3-4b-instruct-2507,0.949671,112233,28000,4.0
arz_Arab-mar_Deva,qwen3-4b-instruct-2507,0.931842,47483,28000,1.7
arz_Arab-mkd_Cyrl,qwen3-4b-instruct-2507,0.954485,178238,28000,6.4
arz_Arab-msa_Latn,metricx24,unknown,205155,1200000,0.2
arz_Arab-nld_Latn,shaomutan_remedy-9b-22,0.94439429,1264666,200000,6.3
arz_Arab-nob_Latn,shaomutan_remedy-9b-22,0.917532415,360422,200000,1.8
arz_Arab-nor_Latn,metricx24,unknown,326065,1200000,0.3
arz_Arab-pol_Latn,qwen3-4b-instruct-2507,0.921553,1351523,28000,48.3
arz_Arab-por_Latn,qwen3-4b-instruct-2507,0.938442,1608714,28000,57.5
arz_Arab-ron_Latn,qwen3-4b-instruct-2507,0.940324,1451367,28000,51.8
arz_Arab-rus_Cyrl,qwen3-4b-instruct-2507,0.941638,1228813,28000,43.9
arz_Arab-sin_Sinh,shaomutan_remedy-9b-22,0.918728897,110811,200000,0.6
arz_Arab-slk_Latn,shaomutan_remedy-9b-22,0.935121021,341234,200000,1.7
arz_Arab-slv_Latn,qwen3-4b-instruct-2507,0.934664,552392,28000,19.7
arz_Arab-spa_Latn,shaomutan_remedy-9b-22,0.934941124,1906909,200000,9.5
arz_Arab-sqi_Latn,metricx24,unknown,64992,1200000,0.1
arz_Arab-srd_Latn,qwen3-4b-instruct-2507,0.860179,46643,28000,1.7
arz_Arab-srp_Cyrl,qwen3-4b-instruct-2507,0.950319,127678,28000,4.6
arz_Arab-srp_Latn,metricx24,unknown,1034419,1200000,0.9
arz_Arab-swe_Latn,shaomutan_remedy-9b-22,0.925654826,962035,200000,4.8
arz_Arab-tam_Taml,qwen3-4b-instruct-2507,0.940035,101814,28000,3.6
arz_Arab-tha_Thai,shaomutan_remedy-9b-22,0.930280573,403403,200000,2.0
arz_Arab-tur_Latn,qwen3-4b-instruct-2507,0.931608,1373353,28000,49.0
arz_Arab-ukr_Cyrl,qwen3-4b-instruct-2507,0.945789,264700,28000,9.5
arz_Arab-urd_Arab,shaomutan_remedy-9b-22,0.917256786,238051,200000,1.2
arz_Arab-vie_Latn,shaomutan_remedy-9b-22,0.933146939,704530,200000,3.5
arz_Arab-xho_Latn,shaomutan_remedy-9b-22,0.810829965,56434,200000,0.3
arz_Arab-zho_Hans,qwen3-4b-instruct-2507,0.951364,317516,28000,11.3
arz_Arab-zho_Hant,qwen3-4b-instruct-2507,0.946949,182575,28000,6.5
arz_Arab-zsm_Latn,qwen3-4b-instruct-2507,0.878054,85905,28000,3.1
asm_Beng-ast_Latn,qwen3-4b-instruct-2507,0.824574,15305,28000,0.5
asm_Beng-ben_Beng,shaomutan_remedy-9b-22,0.904988313,980470,200000,4.9
asm_Beng-bos_Latn,shaomutan_remedy-9b-22,0.906136224,40745,200000,0.2
asm_Beng-bre_Latn,qwen3-4b-instruct-2507,unknown,34558,28000,1.2
asm_Beng-cat_Latn,qwen3-4b-instruct-2507,0.918079,100913,28000,3.6
asm_Beng-ces_Latn,qwen3-4b-instruct-2507,0.904216,130052,28000,4.6
asm_Beng-cym_Latn,shaomutan_remedy-9b-22,0.836701146,66180,200000,0.3
asm_Beng-dan_Latn,qwen3-4b-instruct-2507,0.901961,131376,28000,4.7
asm_Beng-deu_Latn,qwen3-4b-instruct-2507,0.890324,413891,28000,14.8
asm_Beng-ell_Grek,shaomutan_remedy-9b-22,0.901797308,128660,200000,0.6
asm_Beng-eng_Latn,qwen3-4b-instruct-2507,0.958835,4744050,28000,169.4
asm_Beng-eus_Latn,shaomutan_remedy-9b-22,0.87228665,59574,200000,0.3
asm_Beng-fas_Arab,qwen3-4b-instruct-2507,unknown,127965,28000,4.6
asm_Beng-fin_Latn,shaomutan_remedy-9b-22,0.928539724,106758,200000,0.5
asm_Beng-fra_Latn,qwen3-4b-instruct-2507,0.913459,463654,28000,16.6
asm_Beng-gle_Latn,m-prometheus-7b,0.814659034,26418,27000,1.0
asm_Beng-guj_Gujr,shaomutan_remedy-9b-22,0.92320271,586766,200000,2.9
asm_Beng-heb_Hebr,qwen3-4b-instruct-2507,0.893783,76676,28000,2.7
asm_Beng-hin_Deva,shaomutan_remedy-9b-22,0.886290552,578819,200000,2.9
asm_Beng-hrv_Latn,shaomutan_remedy-9b-22,0.911474198,120342,200000,0.6
asm_Beng-hun_Latn,shaomutan_remedy-9b-22,0.937028003,116222,200000,0.6
asm_Beng-ind_Latn,shaomutan_remedy-9b-22,0.951724383,305534,200000,1.5
asm_Beng-isl_Latn,shaomutan_remedy-9b-22,0.856734253,34410,200000,0.2
asm_Beng-ita_Latn,qwen3-4b-instruct-2507,0.912947,348017,28000,12.4
asm_Beng-jpn_Jpan,shaomutan_remedy-9b-22,0.914834064,135151,200000,0.7
asm_Beng-kan_Knda,shaomutan_remedy-9b-22,0.91344774,721594,200000,3.6
asm_Beng-kin_Latn,shaomutan_remedy-9b-22,0.784528621,39828,200000,0.2
asm_Beng-lit_Latn,shaomutan_remedy-9b-22,0.91020788,71070,200000,0.4
asm_Beng-mai_Deva,qwen3-4b-instruct-2507,0.777347,125983,28000,4.5
asm_Beng-mal_Mlym,shaomutan_remedy-9b-22,0.915423396,833193,200000,4.2
asm_Beng-mar_Deva,shaomutan_remedy-9b-22,0.913815516,561766,200000,2.8
asm_Beng-mlg_Latn,qwen3-4b-instruct-2507,unknown,22200,28000,0.8
asm_Beng-msa_Latn,qwen3-4b-instruct-2507,unknown,113129,28000,4.0
asm_Beng-nds_Latn,qwen3-4b-instruct-2507,unknown,32783,28000,1.2
asm_Beng-nep_Deva,qwen3-4b-instruct-2507,unknown,170492,28000,6.1
asm_Beng-nld_Latn,shaomutan_remedy-9b-22,0.885614092,279145,200000,1.4
asm_Beng-npi_Deva,shaomutan_remedy-9b-22,0.902264959,350315,200000,1.8
asm_Beng-ory_Orya,shaomutan_remedy-9b-22,0.91177838,539316,200000,2.7
asm_Beng-pan_Guru,qwen3-4b-instruct-2507,0.898726,302711,28000,10.8
asm_Beng-pol_Latn,shaomutan_remedy-9b-22,0.892905152,183984,200000,0.9
asm_Beng-por_Latn,qwen3-4b-instruct-2507,0.908721,297551,28000,10.6
asm_Beng-ron_Latn,shaomutan_remedy-9b-22,0.911405616,142490,200000,0.7
asm_Beng-rus_Cyrl,shaomutan_remedy-9b-22,0.905473964,274289,200000,1.4
asm_Beng-san_Deva,shaomutan_remedy-9b-22,0.771349983,128168,200000,0.6
asm_Beng-sin_Sinh,shaomutan_remedy-9b-22,0.888114812,324671,200000,1.6
asm_Beng-slk_Latn,shaomutan_remedy-9b-22,0.91863058,87765,200000,0.4
asm_Beng-slv_Latn,shaomutan_remedy-9b-22,0.91572579,72332,200000,0.4
asm_Beng-snd_Arab,m-prometheus-7b,0.823782977,173312,27000,6.4
asm_Beng-spa_Latn,qwen3-4b-instruct-2507,0.89564,514677,28000,18.4
asm_Beng-sqi_Latn,qwen3-4b-instruct-2507,unknown,52084,28000,1.9
asm_Beng-swe_Latn,shaomutan_remedy-9b-22,0.905829004,115174,200000,0.6
asm_Beng-tam_Taml,shaomutan_remedy-9b-22,0.905785984,665192,200000,3.3
asm_Beng-tel_Telu,qwen3-4b-instruct-2507,0.894659,868298,28000,31.0
asm_Beng-tha_Thai,shaomutan_remedy-9b-22,0.89413801,88250,200000,0.4
asm_Beng-tur_Latn,shaomutan_remedy-9b-22,0.910057899,159138,200000,0.8
asm_Beng-ukr_Cyrl,shaomutan_remedy-9b-22,0.916133036,90789,200000,0.5
asm_Beng-urd_Arab,shaomutan_remedy-9b-22,0.876282735,520479,200000,2.6
asm_Beng-vie_Latn,shaomutan_remedy-9b-22,0.865334105,119639,200000,0.6
asm_Beng-wln_Latn,qwen3-4b-instruct-2507,unknown,25754,28000,0.9
asm_Beng-xho_Latn,shaomutan_remedy-9b-22,0.777169418,46372,200000,0.2
asm_Beng-zho_Hans,qwen3-4b-instruct-2507,0.929607,88663,28000,3.2
asm_Beng-zho_Hant,qwen3-4b-instruct-2507,0.925436,85808,28000,3.1
ast_Latn-als_Latn,qwen3-4b-instruct-2507,0.887904,54899,28000,2.0
ast_Latn-bel_Cyrl,shaomutan_remedy-9b-22,0.937193542,127116,200000,0.6
ast_Latn-ben_Beng,shaomutan_remedy-9b-22,0.933631071,295785,200000,1.5
ast_Latn-bos_Latn,qwen3-4b-instruct-2507,0.921239,70052,28000,2.5
ast_Latn-bre_Latn,qwen3-4b-instruct-2507,unknown,62063,28000,2.2
ast_Latn-bul_Cyrl,qwen3-4b-instruct-2507,0.924893,306929,28000,11.0
ast_Latn-cat_Latn,shaomutan_remedy-9b-22,0.920723737,810205,200000,4.1
ast_Latn-ceb_Latn,qwen3-4b-instruct-2507,0.89333,40613,28000,1.5
ast_Latn-ces_Latn,qwen3-4b-instruct-2507,0.937616,428424,28000,15.3
ast_Latn-cmn_Hani,qwen3-4b-instruct-2507,unknown,86923,28000,3.1
ast_Latn-cym_Latn,shaomutan_remedy-9b-22,0.928974952,51741,200000,0.3
ast_Latn-dan_Latn,shaomutan_remedy-9b-22,0.933613661,348438,200000,1.7
ast_Latn-deu_Latn,shaomutan_remedy-9b-22,0.936428483,283199,200000,1.4
ast_Latn-ekk_Latn,qwen3-4b-instruct-2507,unknown,169639,28000,6.1
ast_Latn-ell_Grek,shaomutan_remedy-9b-22,0.935960944,370252,200000,1.9
ast_Latn-eng_Latn,qwen3-4b-instruct-2507,0.965799,2625418,28000,93.8
ast_Latn-epo_Latn,shaomutan_remedy-9b-22,0.938157086,340049,200000,1.7
ast_Latn-est_Latn,shaomutan_remedy-9b-22,0.908318742,218863,200000,1.1
ast_Latn-eus_Latn,shaomutan_remedy-9b-22,0.924247674,239411,200000,1.2
ast_Latn-fas_Arab,qwen3-4b-instruct-2507,unknown,422570,28000,15.1
ast_Latn-fin_Latn,shaomutan_remedy-9b-22,0.927086889,524712,200000,2.6
ast_Latn-fra_Latn,qwen3-4b-instruct-2507,0.934037,2431050,28000,86.8
ast_Latn-fry_Latn,qwen3-4b-instruct-2507,unknown,101191,28000,3.6
ast_Latn-fur_Latn,qwen3-4b-instruct-2507,0.805704,40222,28000,1.4
ast_Latn-gle_Latn,shaomutan_remedy-9b-22,0.857578397,67648,200000,0.3
ast_Latn-glg_Latn,shaomutan_remedy-9b-22,0.939253203,819236,200000,4.1
ast_Latn-hau_Latn,shaomutan_remedy-9b-22,0.880941938,64817,200000,0.3
ast_Latn-hbs_Latn,qwen3-4b-instruct-2507,unknown,89759,28000,3.2
ast_Latn-heb_Hebr,qwen3-4b-instruct-2507,0.933514,511564,28000,18.3
ast_Latn-hin_Deva,shaomutan_remedy-9b-22,0.929341535,329039,200000,1.6
ast_Latn-hrv_Latn,shaomutan_remedy-9b-22,0.916753625,470514,200000,2.4
ast_Latn-hun_Latn,shaomutan_remedy-9b-22,0.929792834,596239,200000,3.0
ast_Latn-ilo_Latn,metricx24,0.768295106,30344,1200000,0.0
ast_Latn-ind_Latn,shaomutan_remedy-9b-22,0.92383413,475732,200000,2.4
ast_Latn-isl_Latn,shaomutan_remedy-9b-22,0.925055944,219625,200000,1.1
ast_Latn-ita_Latn,shaomutan_remedy-9b-22,0.942105444,1433341,200000,7.2
ast_Latn-jav_Latn,shaomutan_remedy-9b-22,0.897476147,70910,200000,0.4
ast_Latn-jpn_Jpan,shaomutan_remedy-9b-22,0.93597454,479244,200000,2.4
ast_Latn-kat_Geor,shaomutan_remedy-9b-22,0.926911615,53449,200000,0.3
ast_Latn-kaz_Cyrl,shaomutan_remedy-9b-22,0.930104458,45933,200000,0.2
ast_Latn-kin_Latn,shaomutan_remedy-9b-22,0.859166974,25808,200000,0.1
ast_Latn-kor_Hang,shaomutan_remedy-9b-22,0.927969703,220094,200000,1.1
ast_Latn-kor_Zyyy,qwen3-4b-instruct-2507,unknown,249890,28000,8.9
ast_Latn-lat_Latn,qwen3-4b-instruct-2507,unknown,109192,28000,3.9
ast_Latn-lav_Latn,qwen3-4b-instruct-2507,unknown,111509,28000,4.0
ast_Latn-lit_Latn,shaomutan_remedy-9b-22,0.91885176,364977,200000,1.8
ast_Latn-ltz_Latn,shaomutan_remedy-9b-22,0.93487405,100826,200000,0.5
ast_Latn-lvs_Latn,shaomutan_remedy-9b-22,0.918412849,168167,200000,0.8
ast_Latn-lzh_Hani,qwen3-4b-instruct-2507,unknown,81475,28000,2.9
ast_Latn-mal_Mlym,shaomutan_remedy-9b-22,0.936927766,181749,200000,0.9
ast_Latn-mar_Deva,shaomutan_remedy-9b-22,0.938651353,149636,200000,0.7
ast_Latn-mkd_Cyrl,shaomutan_remedy-9b-22,0.924050706,370360,200000,1.9
ast_Latn-mlg_Latn,qwen3-4b-instruct-2507,unknown,73188,28000,2.6
ast_Latn-msa_Latn,qwen3-4b-instruct-2507,unknown,264455,28000,9.4
ast_Latn-nds_Latn,qwen3-4b-instruct-2507,unknown,63868,28000,2.3
ast_Latn-nep_Deva,qwen3-4b-instruct-2507,unknown,95656,28000,3.4
ast_Latn-nld_Latn,shaomutan_remedy-9b-22,0.928866364,779143,200000,3.9
ast_Latn-nno_Latn,shaomutan_remedy-9b-22,0.928956432,75887,200000,0.4
ast_Latn-nob_Latn,shaomutan_remedy-9b-22,0.930391389,143427,200000,0.7
ast_Latn-nor_Latn,qwen3-4b-instruct-2507,unknown,355918,28000,12.7
ast_Latn-oci_Latn,shaomutan_remedy-9b-22,0.903135847,132124,200000,0.7
ast_Latn-pol_Latn,shaomutan_remedy-9b-22,0.93858325,707642,200000,3.5
ast_Latn-por_Latn,shaomutan_remedy-9b-22,0.925911709,1902362,200000,9.5
ast_Latn-ron_Latn,qwen3-4b-instruct-2507,0.927143,822194,28000,29.4
ast_Latn-rus_Cyrl,shaomutan_remedy-9b-22,0.939825703,894651,200000,4.5
ast_Latn-sin_Sinh,shaomutan_remedy-9b-22,0.928917591,168853,200000,0.8
ast_Latn-slk_Latn,qwen3-4b-instruct-2507,0.928288,464558,28000,16.6
ast_Latn-slv_Latn,qwen3-4b-instruct-2507,0.92109,319708,28000,11.4
ast_Latn-snd_Arab,qwen3-4b-instruct-2507,0.871877,39598,28000,1.4
ast_Latn-spa_Latn,shaomutan_remedy-9b-22,0.926895358,5586282,200000,27.9
ast_Latn-sqi_Latn,qwen3-4b-instruct-2507,unknown,239186,28000,8.5
ast_Latn-srd_Latn,shaomutan_remedy-9b-22,0.843184118,103149,200000,0.5
ast_Latn-srp_Cyrl,qwen3-4b-instruct-2507,0.932036,293972,28000,10.5
ast_Latn-srp_Latn,qwen3-4b-instruct-2507,unknown,64854,28000,2.3
ast_Latn-sun_Latn,shaomutan_remedy-9b-22,0.897497908,40154,200000,0.2
ast_Latn-swa_Latn,qwen3-4b-instruct-2507,unknown,153277,28000,5.5
ast_Latn-swe_Latn,shaomutan_remedy-9b-22,0.93169455,583142,200000,2.9
ast_Latn-tam_Taml,shaomutan_remedy-9b-22,0.932408806,163624,200000,0.8
ast_Latn-tel_Telu,shaomutan_remedy-9b-22,0.92566002,50639,200000,0.3
ast_Latn-tgl_Latn,shaomutan_remedy-9b-22,0.920798031,175186,200000,0.9
ast_Latn-tha_Thai,shaomutan_remedy-9b-22,0.921684034,162720,200000,0.8
ast_Latn-tur_Latn,shaomutan_remedy-9b-22,0.937368515,533913,200000,2.7
ast_Latn-ukr_Cyrl,qwen3-4b-instruct-2507,0.930338,486261,28000,17.4
ast_Latn-und_Kana,qwen3-4b-instruct-2507,unknown,68066,28000,2.4
ast_Latn-urd_Arab,shaomutan_remedy-9b-22,0.925130782,142309,200000,0.7
ast_Latn-uzn_Latn,qwen3-4b-instruct-2507,0.841404,31457,28000,1.1
ast_Latn-vie_Latn,shaomutan_remedy-9b-22,0.930725274,169555,200000,0.8
ast_Latn-wln_Latn,qwen3-4b-instruct-2507,unknown,22596,28000,0.8
ast_Latn-xho_Latn,shaomutan_remedy-9b-22,0.825017095,102146,200000,0.5
ast_Latn-yue_Hani,qwen3-4b-instruct-2507,unknown,61164,28000,2.2
ast_Latn-zho_Hans,qwen3-4b-instruct-2507,0.942827,446097,28000,15.9
awa_Deva-ben_Beng,shaomutan_remedy-9b-22,0.931424837,250080,200000,1.3
awa_Deva-eng_Latn,qwen3-4b-instruct-2507,0.962255,1614611,28000,57.7
awa_Deva-guj_Gujr,qwen3-4b-instruct-2507,0.925291,210489,28000,7.5
awa_Deva-hin_Deva,bicleaner-ai,0.95359333,150806,2250000,0.1
awa_Deva-kan_Knda,shaomutan_remedy-9b-22,0.929764746,215081,200000,1.1
awa_Deva-mal_Mlym,qwen3-4b-instruct-2507,0.932563,277673,28000,9.9
awa_Deva-mar_Deva,shaomutan_remedy-9b-22,0.939676657,162109,200000,0.8
awa_Deva-npi_Deva,bicleaner-ai,0.928162768,174802,2250000,0.1
awa_Deva-ory_Orya,qwen3-4b-instruct-2507,0.942862,118554,28000,4.2
awa_Deva-pan_Guru,qwen3-4b-instruct-2507,0.93001,117569,28000,4.2
awa_Deva-san_Deva,shaomutan_remedy-9b-22,0.808607156,104820,200000,0.5
awa_Deva-sin_Sinh,shaomutan_remedy-9b-22,0.913600914,152374,200000,0.8
awa_Deva-snd_Arab,qwen3-4b-instruct-2507,0.8967,85623,28000,3.1
awa_Deva-tam_Taml,shaomutan_remedy-9b-22,0.926035718,347023,200000,1.7
awa_Deva-tel_Telu,qwen3-4b-instruct-2507,0.923156,397077,28000,14.2
awa_Deva-urd_Arab,shaomutan_remedy-9b-22,0.924033664,201744,200000,1.0
aym_Latn-eng_Latn,metricx24,unknown,117434,1200000,0.1
ayr_Latn-eng_Latn,qwen3-4b-instruct-2507,0.809935,1100214,28000,39.3
ayr_Latn-fra_Latn,qwen3-4b-instruct-2507,0.720976,149742,28000,5.3
ayr_Latn-ita_Latn,qwen3-4b-instruct-2507,0.750587,93923,28000,3.4
ayr_Latn-pol_Latn,shaomutan_remedy-9b-22,0.760434244,59062,200000,0.3
ayr_Latn-por_Latn,qwen3-4b-instruct-2507,0.7222,145009,28000,5.2
ayr_Latn-rus_Cyrl,qwen3-4b-instruct-2507,0.712399,74991,28000,2.7
ayr_Latn-spa_Latn,qwen3-4b-instruct-2507,0.737755,323792,28000,11.6
azb_Arab-eng_Latn,qwen3-4b-instruct-2507,0.925271,2523933,28000,90.1
azb_Arab-fra_Latn,shaomutan_remedy-9b-22,0.917921003,93908,200000,0.5
azb_Arab-por_Latn,qwen3-4b-instruct-2507,0.867566,85988,28000,3.1
azb_Arab-rus_Cyrl,shaomutan_remedy-9b-22,0.882979965,81415,200000,0.4
aze_Arab-eng_Latn,metricx24,unknown,3341474,1200000,2.8
aze_Latn-bel_Cyrl,metricx24,unknown,154162,1200000,0.1
aze_Latn-ben_Beng,metricx24,unknown,222821,1200000,0.2
aze_Latn-bul_Cyrl,metricx24,unknown,466588,1200000,0.4
aze_Latn-cat_Latn,metricx24,unknown,317204,1200000,0.3
aze_Latn-ces_Latn,metricx24,unknown,472943,1200000,0.4
aze_Latn-cym_Latn,metricx24,unknown,76265,1200000,0.1
aze_Latn-dan_Latn,metricx24,unknown,430083,1200000,0.4
aze_Latn-deu_Latn,metricx24,unknown,1600053,1200000,1.3
aze_Latn-ekk_Latn,qwen3-4b-instruct-2507,unknown,108554,28000,3.9
aze_Latn-ell_Grek,metricx24,unknown,447740,1200000,0.4
aze_Latn-eng_Latn,metricx24,unknown,4619167,1200000,3.8
aze_Latn-epo_Latn,metricx24,unknown,98940,1200000,0.1
aze_Latn-est_Latn,metricx24,unknown,169657,1200000,0.1
aze_Latn-eus_Latn,metricx24,unknown,69477,1200000,0.1
aze_Latn-fas_Arab,qwen3-4b-instruct-2507,unknown,306217,28000,10.9
aze_Latn-fin_Latn,metricx24,unknown,426792,1200000,0.4
aze_Latn-fra_Latn,metricx24,unknown,1822910,1200000,1.5
aze_Latn-fur_Latn,qwen3-4b-instruct-2507,unknown,83552,28000,3.0
aze_Latn-glg_Latn,metricx24,unknown,94071,1200000,0.1
aze_Latn-hat_Latn,metricx24,unknown,65653,1200000,0.1
aze_Latn-hau_Latn,metricx24,unknown,67894,1200000,0.1
aze_Latn-heb_Hebr,metricx24,unknown,317438,1200000,0.3
aze_Latn-hin_Deva,metricx24,unknown,290945,1200000,0.2
aze_Latn-hrv_Latn,qwen3-4b-instruct-2507,unknown,496546,28000,17.7
aze_Latn-hun_Latn,metricx24,unknown,472192,1200000,0.4
aze_Latn-hye_Armn,metricx24,unknown,106873,1200000,0.1
aze_Latn-ind_Latn,metricx24,unknown,1080068,1200000,0.9
aze_Latn-isl_Latn,metricx24,unknown,141221,1200000,0.1
aze_Latn-ita_Latn,metricx24,unknown,1290444,1200000,1.1
aze_Latn-jav_Latn,metricx24,unknown,114750,1200000,0.1
aze_Latn-jpn_Jpan,metricx24,unknown,551588,1200000,0.5
aze_Latn-kat_Geor,metricx24,unknown,130984,1200000,0.1
aze_Latn-kaz_Cyrl,metricx24,unknown,96370,1200000,0.1
aze_Latn-khm_Khmr,metricx24,unknown,54112,1200000,0.0
aze_Latn-kor_Hang,metricx24,unknown,180335,1200000,0.2
aze_Latn-kor_Zyyy,qwen3-4b-instruct-2507,unknown,193896,28000,6.9
aze_Latn-lav_Latn,qwen3-4b-instruct-2507,unknown,106888,28000,3.8
aze_Latn-lit_Latn,metricx24,unknown,294340,1200000,0.2
aze_Latn-lvs_Latn,metricx24,unknown,152213,1200000,0.1
aze_Latn-mal_Mlym,metricx24,unknown,110493,1200000,0.1
aze_Latn-mar_Deva,metricx24,unknown,113133,1200000,0.1
aze_Latn-mkd_Cyrl,metricx24,unknown,222013,1200000,0.2
aze_Latn-mlg_Latn,qwen3-4b-instruct-2507,unknown,60260,28000,2.2
aze_Latn-mon_Cyrl,qwen3-4b-instruct-2507,unknown,54748,28000,2.0
aze_Latn-msa_Latn,qwen3-4b-instruct-2507,unknown,208273,28000,7.4
aze_Latn-nep_Deva,qwen3-4b-instruct-2507,unknown,76469,28000,2.7
aze_Latn-nld_Latn,metricx24,unknown,886317,1200000,0.7
aze_Latn-nor_Latn,qwen3-4b-instruct-2507,unknown,301329,28000,10.8
aze_Latn-pol_Latn,metricx24,unknown,729972,1200000,0.6
aze_Latn-por_Latn,metricx24,unknown,1328379,1200000,1.1
aze_Latn-ron_Latn,metricx24,unknown,464986,1200000,0.4
aze_Latn-rus_Cyrl,metricx24,unknown,2221260,1200000,1.9
aze_Latn-sin_Sinh,metricx24,unknown,112861,1200000,0.1
aze_Latn-slk_Latn,metricx24,unknown,378238,1200000,0.3
aze_Latn-slv_Latn,metricx24,unknown,241236,1200000,0.2
aze_Latn-spa_Latn,metricx24,unknown,2297321,1200000,1.9
aze_Latn-sqi_Latn,qwen3-4b-instruct-2507,unknown,189047,28000,6.8
aze_Latn-srd_Latn,qwen3-4b-instruct-2507,unknown,191048,28000,6.8
aze_Latn-srp_Cyrl,metricx24,unknown,203348,1200000,0.2
aze_Latn-sun_Latn,metricx24,unknown,61366,1200000,0.1
aze_Latn-swa_Latn,qwen3-4b-instruct-2507,unknown,150540,28000,5.4
aze_Latn-swe_Latn,metricx24,unknown,449382,1200000,0.4
aze_Latn-tam_Taml,metricx24,unknown,115325,1200000,0.1
aze_Latn-tel_Telu,metricx24,unknown,83112,1200000,0.1
aze_Latn-tgl_Latn,qwen3-4b-instruct-2507,unknown,349336,28000,12.5
aze_Latn-tha_Thai,metricx24,unknown,310426,1200000,0.3
aze_Latn-tur_Latn,metricx24,unknown,766865,1200000,0.6
aze_Latn-ukr_Cyrl,metricx24,unknown,448369,1200000,0.4
aze_Latn-urd_Arab,metricx24,unknown,154643,1200000,0.1
aze_Latn-uzn_Latn,metricx24,unknown,53757,1200000,0.0
aze_Latn-vie_Latn,metricx24,unknown,357846,1200000,0.3
aze_Latn-xho_Latn,metricx24,unknown,62386,1200000,0.1
aze_Latn-yue_Hani,qwen3-4b-instruct-2507,unknown,103896,28000,3.7
aze_Latn-zho_Hans,metricx24,unknown,405415,1200000,0.3
aze_Latn-zho_Hant,metricx24,unknown,238386,1200000,0.2
azj_Latn-als_Latn,qwen3-4b-instruct-2507,0.868357,388084,28000,13.9
azj_Latn-bel_Cyrl,shaomutan_remedy-9b-22,0.931206068,382942,200000,1.9
azj_Latn-ben_Beng,shaomutan_remedy-9b-22,0.900741461,299464,200000,1.5
azj_Latn-bos_Latn,metricx24,0.901859375,116470,1200000,0.1
azj_Latn-bul_Cyrl,shaomutan_remedy-9b-22,0.944075088,838388,200000,4.2
azj_Latn-cat_Latn,shaomutan_remedy-9b-22,0.907382647,491178,200000,2.5
azj_Latn-ces_Latn,shaomutan_remedy-9b-22,0.906937566,391449,200000,2.0
azj_Latn-cmn_Hani,metricx24,unknown,145806,1200000,0.1
azj_Latn-cym_Latn,m-prometheus-7b,0.838725734,236724,27000,8.8
azj_Latn-dan_Latn,shaomutan_remedy-9b-22,0.898568275,339552,200000,1.7
azj_Latn-deu_Latn,shaomutan_remedy-9b-22,0.9300922,847194,200000,4.2
azj_Latn-ekk_Latn,metricx24,unknown,463791,1200000,0.4
azj_Latn-ell_Grek,shaomutan_remedy-9b-22,0.93421901,283239,200000,1.4
azj_Latn-eng_Latn,metricx24,0.813923,65897201,1200000,54.9
azj_Latn-epo_Latn,qwen3-4b-instruct-2507,0.846864,145059,28000,5.2
azj_Latn-est_Latn,qwen3-4b-instruct-2507,0.80213,66012,28000,2.4
azj_Latn-eus_Latn,m-prometheus-7b,0.822210055,160166,27000,5.9
azj_Latn-fas_Arab,metricx24,unknown,586927,1200000,0.5
azj_Latn-fil_Latn,metricx24,unknown,92706,1200000,0.1
azj_Latn-fin_Latn,shaomutan_remedy-9b-22,0.879719159,644410,200000,3.2
azj_Latn-fra_Latn,shaomutan_remedy-9b-22,0.939958633,893904,200000,4.5
azj_Latn-gle_Latn,m-prometheus-7b,0.841851667,230975,27000,8.6
azj_Latn-glg_Latn,qwen3-4b-instruct-2507,0.905177,255268,28000,9.1
azj_Latn-guj_Gujr,shaomutan_remedy-9b-22,0.919161912,75585,200000,0.4
azj_Latn-hat_Latn,shaomutan_remedy-9b-22,0.782842957,67273,200000,0.3
azj_Latn-hau_Latn,metricx24,0.720610601,71471,1200000,0.1
azj_Latn-heb_Hebr,shaomutan_remedy-9b-22,0.913235564,346873,200000,1.7
azj_Latn-hin_Deva,shaomutan_remedy-9b-22,0.888524172,363865,200000,1.8
azj_Latn-hrv_Latn,metricx24,0.892589847,681503,1200000,0.6
azj_Latn-hun_Latn,shaomutan_remedy-9b-22,0.922081838,354199,200000,1.8
azj_Latn-hye_Armn,shaomutan_remedy-9b-22,0.944786635,184314,200000,0.9
azj_Latn-ind_Latn,shaomutan_remedy-9b-22,0.885416696,1667100,200000,8.3
azj_Latn-isl_Latn,shaomutan_remedy-9b-22,0.817322871,348718,200000,1.7
azj_Latn-ita_Latn,shaomutan_remedy-9b-22,0.923549921,654552,200000,3.3
azj_Latn-jpn_Jpan,shaomutan_remedy-9b-22,0.940544409,435254,200000,2.2
azj_Latn-kan_Knda,shaomutan_remedy-9b-22,0.903542585,75703,200000,0.4
azj_Latn-kat_Geor,shaomutan_remedy-9b-22,0.937283945,167169,200000,0.8
azj_Latn-kaz_Cyrl,shaomutan_remedy-9b-22,0.944915579,351746,200000,1.8
azj_Latn-khm_Khmr,shaomutan_remedy-9b-22,0.897006023,97602,200000,0.5
azj_Latn-kor_Hang,shaomutan_remedy-9b-22,0.936696658,324289,200000,1.6
azj_Latn-kor_Zyyy,metricx24,unknown,81656,1200000,0.1
azj_Latn-lit_Latn,qwen3-4b-instruct-2507,0.850752,571399,28000,20.4
azj_Latn-lvs_Latn,shaomutan_remedy-9b-22,0.892030559,503988,200000,2.5
azj_Latn-mal_Mlym,shaomutan_remedy-9b-22,0.908183959,164165,200000,0.8
azj_Latn-mar_Deva,shaomutan_remedy-9b-22,0.904422858,126524,200000,0.6
azj_Latn-mkd_Cyrl,shaomutan_remedy-9b-22,0.927696107,477402,200000,2.4
azj_Latn-mlt_Latn,shaomutan_remedy-9b-22,0.860096114,90551,200000,0.5
azj_Latn-msa_Latn,metricx24,unknown,245597,1200000,0.2
azj_Latn-mya_Mymr,shaomutan_remedy-9b-22,0.911490383,73813,200000,0.4
azj_Latn-nep_Deva,metricx24,unknown,70041,1200000,0.1
azj_Latn-nld_Latn,shaomutan_remedy-9b-22,0.88063056,547158,200000,2.7
azj_Latn-nob_Latn,shaomutan_remedy-9b-22,0.88826071,502051,200000,2.5
azj_Latn-nor_Latn,metricx24,unknown,167965,1200000,0.1
azj_Latn-pol_Latn,shaomutan_remedy-9b-22,0.921571544,458598,200000,2.3
azj_Latn-por_Latn,qwen3-4b-instruct-2507,0.893191,649779,28000,23.2
azj_Latn-ron_Latn,shaomutan_remedy-9b-22,0.928670984,405042,200000,2.0
azj_Latn-rus_Cyrl,shaomutan_remedy-9b-22,0.942146588,18912144,200000,94.6
azj_Latn-sin_Sinh,shaomutan_remedy-9b-22,0.901043384,122840,200000,0.6
azj_Latn-slk_Latn,shaomutan_remedy-9b-22,0.90283486,620950,200000,3.1
azj_Latn-slv_Latn,qwen3-4b-instruct-2507,0.881643,518716,28000,18.5
azj_Latn-som_Latn,metricx24,0.647972198,51103,1200000,0.0
azj_Latn-spa_Latn,qwen3-4b-instruct-2507,0.902862,910318,28000,32.5
azj_Latn-sqi_Latn,metricx24,unknown,120950,1200000,0.1
azj_Latn-srd_Latn,metricx24,0.770709363,69794,1200000,0.1
azj_Latn-srp_Cyrl,shaomutan_remedy-9b-22,0.93955874,468028,200000,2.3
azj_Latn-sun_Latn,shaomutan_remedy-9b-22,0.788996038,53009,200000,0.3
azj_Latn-swa_Latn,metricx24,unknown,111437,1200000,0.1
azj_Latn-swe_Latn,shaomutan_remedy-9b-22,0.903230353,381517,200000,1.9
azj_Latn-swh_Latn,shaomutan_remedy-9b-22,0.785755355,193599,200000,1.0
azj_Latn-tam_Taml,shaomutan_remedy-9b-22,0.905228748,177080,200000,0.9
azj_Latn-tat_Cyrl,shaomutan_remedy-9b-22,0.883326991,162650,200000,0.8
azj_Latn-tel_Telu,shaomutan_remedy-9b-22,0.8918682,146419,200000,0.7
azj_Latn-tgk_Cyrl,shaomutan_remedy-9b-22,0.831384903,61589,200000,0.3
azj_Latn-tgl_Latn,qwen3-4b-instruct-2507,0.868945,124830,28000,4.5
azj_Latn-tha_Thai,shaomutan_remedy-9b-22,0.914350201,325974,200000,1.6
azj_Latn-tur_Latn,shaomutan_remedy-9b-22,0.919797306,2287663,200000,11.4
azj_Latn-ukr_Cyrl,shaomutan_remedy-9b-22,0.927485341,756669,200000,3.8
azj_Latn-urd_Arab,shaomutan_remedy-9b-22,0.883306639,340726,200000,1.7
azj_Latn-uzn_Latn,m-prometheus-7b,0.839586859,181260,27000,6.7
azj_Latn-vie_Latn,shaomutan_remedy-9b-22,0.896306661,1016300,200000,5.1
azj_Latn-xho_Latn,shaomutan_remedy-9b-22,0.708800871,89511,200000,0.4
azj_Latn-zho_Hans,qwen3-4b-instruct-2507,0.93774,187442,28000,6.7
azj_Latn-zho_Hant,qwen3-4b-instruct-2507,0.926565,126510,28000,4.5
azj_Latn-zsm_Latn,qwen3-4b-instruct-2507,0.821578,273037,28000,9.8
bak_Cyrl-ces_Latn,shaomutan_remedy-9b-22,0.918919308,91828,200000,0.5
bak_Cyrl-dan_Latn,shaomutan_remedy-9b-22,0.912298583,65304,200000,0.3
bak_Cyrl-deu_Latn,shaomutan_remedy-9b-22,0.921172369,102401,200000,0.5
bak_Cyrl-ell_Grek,shaomutan_remedy-9b-22,0.917282479,95628,200000,0.5
bak_Cyrl-eng_Latn,metricx24,0.801767,6553825,1200000,5.5
bak_Cyrl-est_Latn,shaomutan_remedy-9b-22,0.893237167,28365,200000,0.1
bak_Cyrl-fas_Arab,qwen3-4b-instruct-2507,unknown,79620,28000,2.8
bak_Cyrl-fin_Latn,shaomutan_remedy-9b-22,0.938144716,68789,200000,0.3
bak_Cyrl-fra_Latn,shaomutan_remedy-9b-22,0.931112242,107830,200000,0.5
bak_Cyrl-heb_Hebr,shaomutan_remedy-9b-22,0.896858803,72006,200000,0.4
bak_Cyrl-hrv_Latn,shaomutan_remedy-9b-22,0.911505833,71960,200000,0.4
bak_Cyrl-hun_Latn,shaomutan_remedy-9b-22,0.917670321,94639,200000,0.5
bak_Cyrl-ind_Latn,shaomutan_remedy-9b-22,0.895397983,67847,200000,0.3
bak_Cyrl-ita_Latn,qwen3-4b-instruct-2507,0.896854,97068,28000,3.5
bak_Cyrl-kir_Cyrl,shaomutan_remedy-9b-22,0.81710355,184596,200000,0.9
bak_Cyrl-nld_Latn,shaomutan_remedy-9b-22,0.894523306,120776,200000,0.6
bak_Cyrl-nor_Latn,qwen3-4b-instruct-2507,unknown,51537,28000,1.8
bak_Cyrl-pol_Latn,shaomutan_remedy-9b-22,0.918799233,136527,200000,0.7
bak_Cyrl-por_Latn,qwen3-4b-instruct-2507,0.866162,154860,28000,5.5
bak_Cyrl-ron_Latn,shaomutan_remedy-9b-22,0.925921915,123323,200000,0.6
bak_Cyrl-rus_Cyrl,shaomutan_remedy-9b-22,0.929191786,2554452,200000,12.8
bak_Cyrl-slk_Latn,shaomutan_remedy-9b-22,0.921896914,73728,200000,0.4
bak_Cyrl-slv_Latn,shaomutan_remedy-9b-22,0.894849773,100198,200000,0.5
bak_Cyrl-spa_Latn,qwen3-4b-instruct-2507,0.866257,130313,28000,4.7
bak_Cyrl-srp_Latn,qwen3-4b-instruct-2507,unknown,130854,28000,4.7
bak_Cyrl-swe_Latn,shaomutan_remedy-9b-22,0.91417719,175506,200000,0.9
bak_Cyrl-tat_Cyrl,shaomutan_remedy-9b-22,0.938821093,413367,200000,2.1
bak_Cyrl-tha_Thai,shaomutan_remedy-9b-22,0.901546101,84097,200000,0.4
bak_Cyrl-tur_Latn,shaomutan_remedy-9b-22,0.934262897,208483,200000,1.0
bak_Cyrl-uig_Arab,shaomutan_remedy-9b-22,0.84613567,87768,200000,0.4
bak_Cyrl-ukr_Cyrl,shaomutan_remedy-9b-22,0.92464493,100155,200000,0.5
bak_Cyrl-uzn_Latn,qwen3-4b-instruct-2507,0.774754,164878,28000,5.9
bak_Cyrl-vie_Latn,shaomutan_remedy-9b-22,0.882330943,122288,200000,0.6
bak_Cyrl-zho_Hans,qwen3-4b-instruct-2507,0.918014,84045,28000,3.0
bak_Cyrl-zho_Hant,qwen3-4b-instruct-2507,0.912653,58431,28000,2.1
bam_Latn-eng_Latn,qwen3-4b-instruct-2507,0.836964,170827,28000,6.1
bam_Latn-fra_Latn,qwen3-4b-instruct-2507,0.774898,273255,28000,9.8
bam_Latn-ita_Latn,qwen3-4b-instruct-2507,0.798427,65882,28000,2.4
bam_Latn-por_Latn,qwen3-4b-instruct-2507,0.760811,82087,28000,2.9
ban_Latn-eng_Latn,qwen3-4b-instruct-2507,0.920324,257192,28000,9.2
bar_Latn-deu_Latn,metricx24,unknown,70416,1200000,0.1
bar_Latn-ell_Grek,metricx24,unknown,62191,1200000,0.1
bar_Latn-eng_Latn,metricx24,unknown,723751,1200000,0.6
bar_Latn-fin_Latn,metricx24,unknown,71249,1200000,0.1
bar_Latn-fra_Latn,metricx24,unknown,199603,1200000,0.2
bar_Latn-heb_Hebr,metricx24,unknown,59776,1200000,0.0
bar_Latn-hrv_Latn,qwen3-4b-instruct-2507,unknown,61079,28000,2.2
bar_Latn-hun_Latn,metricx24,unknown,78311,1200000,0.1
bar_Latn-ita_Latn,metricx24,unknown,142390,1200000,0.1
bar_Latn-nld_Latn,metricx24,unknown,142876,1200000,0.1
bar_Latn-pol_Latn,metricx24,unknown,107409,1200000,0.1
bar_Latn-por_Latn,metricx24,unknown,136851,1200000,0.1
bar_Latn-ron_Latn,metricx24,unknown,74003,1200000,0.1
bar_Latn-rus_Cyrl,metricx24,unknown,122787,1200000,0.1
bar_Latn-slk_Latn,metricx24,unknown,65328,1200000,0.1
bar_Latn-spa_Latn,metricx24,unknown,198231,1200000,0.2
bar_Latn-swe_Latn,metricx24,unknown,98827,1200000,0.1
bar_Latn-tur_Latn,metricx24,unknown,65194,1200000,0.1
bcl_Latn-eng_Latn,metricx24,unknown,88425,1200000,0.1
bel_Cyrl-als_Latn,qwen3-4b-instruct-2507,0.873345,796618,28000,28.5
bel_Cyrl-ben_Beng,qwen3-4b-instruct-2507,0.873788,752291,28000,26.9
bel_Cyrl-bos_Latn,shaomutan_remedy-9b-22,0.92242726,165424,200000,0.8
bel_Cyrl-bre_Latn,metricx24,unknown,65248,1200000,0.1
bel_Cyrl-bul_Cyrl,shaomutan_remedy-9b-22,0.897583298,2593962,200000,13.0
bel_Cyrl-cat_Latn,shaomutan_remedy-9b-22,0.939117687,1243981,200000,6.2
bel_Cyrl-ceb_Latn,qwen3-4b-instruct-2507,0.863081,53341,28000,1.9
bel_Cyrl-ces_Latn,qwen3-4b-instruct-2507,0.929876,2398441,28000,85.7
bel_Cyrl-cmn_Hani,metricx24,unknown,270314,1200000,0.2
bel_Cyrl-cym_Latn,shaomutan_remedy-9b-22,0.866037388,583017,200000,2.9
bel_Cyrl-dan_Latn,shaomutan_remedy-9b-22,0.959413266,1199781,200000,6.0
bel_Cyrl-deu_Latn,shaomutan_remedy-9b-22,0.944470446,2856219,200000,14.3
bel_Cyrl-ekk_Latn,metricx24,unknown,1012452,1200000,0.8
bel_Cyrl-ell_Grek,shaomutan_remedy-9b-22,0.927987117,1129829,200000,5.6
bel_Cyrl-eng_Latn,metricx24,0.806163,42824857,1200000,35.7
bel_Cyrl-epo_Latn,shaomutan_remedy-9b-22,0.88937529,498324,200000,2.5
bel_Cyrl-est_Latn,shaomutan_remedy-9b-22,0.935721069,360787,200000,1.8
bel_Cyrl-eus_Latn,shaomutan_remedy-9b-22,0.890950689,329985,200000,1.6
bel_Cyrl-fas_Arab,metricx24,unknown,1118597,1200000,0.9
bel_Cyrl-fil_Latn,metricx24,unknown,226507,1200000,0.2
bel_Cyrl-fin_Latn,shaomutan_remedy-9b-22,0.931121959,1610961,200000,8.1
bel_Cyrl-fra_Latn,qwen3-4b-instruct-2507,0.936421,2531687,28000,90.4
bel_Cyrl-fry_Latn,metricx24,unknown,90498,1200000,0.1
bel_Cyrl-fur_Latn,qwen3-4b-instruct-2507,0.794908,101043,28000,3.6
bel_Cyrl-gle_Latn,m-prometheus-7b,0.837147835,475572,27000,17.6
bel_Cyrl-glg_Latn,qwen3-4b-instruct-2507,0.918163,609091,28000,21.8
bel_Cyrl-guj_Gujr,qwen3-4b-instruct-2507,0.911837,142090,28000,5.1
bel_Cyrl-hat_Latn,shaomutan_remedy-9b-22,0.833315413,213203,200000,1.1
bel_Cyrl-hau_Latn,shaomutan_remedy-9b-22,0.783904044,144700,200000,0.7
bel_Cyrl-hbs_Latn,metricx24,unknown,65054,1200000,0.1
bel_Cyrl-heb_Hebr,qwen3-4b-instruct-2507,0.920553,943789,28000,33.7
bel_Cyrl-hin_Deva,qwen3-4b-instruct-2507,0.883912,1032960,28000,36.9
bel_Cyrl-hrv_Latn,shaomutan_remedy-9b-22,0.929705161,1750140,200000,8.8
bel_Cyrl-hun_Latn,shaomutan_remedy-9b-22,0.933260057,1390061,200000,7.0
bel_Cyrl-hye_Armn,shaomutan_remedy-9b-22,0.914794141,305230,200000,1.5
bel_Cyrl-ibo_Latn,shaomutan_remedy-9b-22,0.706913609,107672,200000,0.5
bel_Cyrl-ilo_Latn,metricx24,0.710511859,41361,1200000,0.0
bel_Cyrl-ind_Latn,shaomutan_remedy-9b-22,0.920539072,1624521,200000,8.1
bel_Cyrl-isl_Latn,shaomutan_remedy-9b-22,0.873655207,799845,200000,4.0
bel_Cyrl-ita_Latn,shaomutan_remedy-9b-22,0.945500445,2188056,200000,10.9
bel_Cyrl-jav_Latn,shaomutan_remedy-9b-22,0.802538686,147550,200000,0.7
bel_Cyrl-jpn_Jpan,shaomutan_remedy-9b-22,0.942050515,1240863,200000,6.2
bel_Cyrl-kan_Knda,qwen3-4b-instruct-2507,0.891727,126471,28000,4.5
bel_Cyrl-kat_Geor,shaomutan_remedy-9b-22,0.921175204,351173,200000,1.8
bel_Cyrl-kaz_Cyrl,shaomutan_remedy-9b-22,0.900795209,406945,200000,2.0
bel_Cyrl-khk_Cyrl,metricx24,0.74756183,100876,1200000,0.1
bel_Cyrl-khm_Khmr,shaomutan_remedy-9b-22,0.887229914,193864,200000,1.0
bel_Cyrl-kin_Latn,shaomutan_remedy-9b-22,0.788486074,43981,200000,0.2
bel_Cyrl-kir_Cyrl,shaomutan_remedy-9b-22,0.803149495,117857,200000,0.6
bel_Cyrl-kmr_Latn,metricx24,0.688858659,64335,1200000,0.1
bel_Cyrl-kor_Hang,shaomutan_remedy-9b-22,0.920997673,674868,200000,3.4
bel_Cyrl-kor_Zyyy,metricx24,unknown,384953,1200000,0.3
bel_Cyrl-lao_Laoo,qwen3-4b-instruct-2507,0.839537,79856,28000,2.9
bel_Cyrl-lat_Latn,metricx24,unknown,90294,1200000,0.1
bel_Cyrl-lav_Latn,metricx24,unknown,232925,1200000,0.2
bel_Cyrl-lim_Latn,shaomutan_remedy-9b-22,0.768865798,42833,200000,0.2
bel_Cyrl-lit_Latn,shaomutan_remedy-9b-22,0.919026893,1384050,200000,6.9
bel_Cyrl-ltz_Latn,metricx24,0.851860473,94180,1200000,0.1
bel_Cyrl-lvs_Latn,shaomutan_remedy-9b-22,0.928474574,1055269,200000,5.3
bel_Cyrl-lzh_Hani,metricx24,unknown,114234,1200000,0.1
bel_Cyrl-mal_Mlym,qwen3-4b-instruct-2507,0.914072,401240,28000,14.3
bel_Cyrl-mar_Deva,shaomutan_remedy-9b-22,0.888639951,380043,200000,1.9
bel_Cyrl-mkd_Cyrl,qwen3-4b-instruct-2507,0.843529,1126474,28000,40.2
bel_Cyrl-mlg_Latn,metricx24,unknown,140868,1200000,0.1
bel_Cyrl-mlt_Latn,shaomutan_remedy-9b-22,0.901454,189827,200000,0.9
bel_Cyrl-mon_Cyrl,metricx24,unknown,101808,1200000,0.1
bel_Cyrl-mri_Latn,shaomutan_remedy-9b-22,0.65421848,58181,200000,0.3
bel_Cyrl-msa_Latn,metricx24,unknown,689021,1200000,0.6
bel_Cyrl-mya_Mymr,shaomutan_remedy-9b-22,0.86041997,183354,200000,0.9
bel_Cyrl-nds_Latn,metricx24,unknown,68015,1200000,0.1
bel_Cyrl-nep_Deva,metricx24,unknown,234775,1200000,0.2
bel_Cyrl-nld_Latn,shaomutan_remedy-9b-22,0.934694966,1801370,200000,9.0
bel_Cyrl-nno_Latn,shaomutan_remedy-9b-22,0.923930069,123860,200000,0.6
bel_Cyrl-nob_Latn,shaomutan_remedy-9b-22,0.930020636,959460,200000,4.8
bel_Cyrl-nor_Latn,metricx24,unknown,668785,1200000,0.6
bel_Cyrl-npi_Deva,qwen3-4b-instruct-2507,0.882066,95777,28000,3.4
bel_Cyrl-nya_Latn,metricx24,0.64404305,64041,1200000,0.1
bel_Cyrl-oci_Latn,shaomutan_remedy-9b-22,0.852533493,81195,200000,0.4
bel_Cyrl-pan_Guru,qwen3-4b-instruct-2507,0.911513,79039,28000,2.8
bel_Cyrl-pbt_Arab,shaomutan_remedy-9b-22,0.732776143,58713,200000,0.3
bel_Cyrl-plt_Latn,metricx24,0.726095479,94588,1200000,0.1
bel_Cyrl-pol_Latn,qwen3-4b-instruct-2507,0.93121,3408136,28000,121.7
bel_Cyrl-por_Latn,qwen3-4b-instruct-2507,0.910224,1951605,28000,69.7
bel_Cyrl-pus_Arab,metricx24,unknown,73244,1200000,0.1
bel_Cyrl-ron_Latn,shaomutan_remedy-9b-22,0.946991031,1382218,200000,6.9
bel_Cyrl-rus_Cyrl,metricx24,0.850003,22119318,1200000,18.4
bel_Cyrl-sin_Sinh,shaomutan_remedy-9b-22,0.863958749,402872,200000,2.0
bel_Cyrl-slk_Latn,shaomutan_remedy-9b-22,0.923052213,2181245,200000,10.9
bel_Cyrl-slv_Latn,shaomutan_remedy-9b-22,0.938856596,1643981,200000,8.2
bel_Cyrl-snd_Arab,qwen3-4b-instruct-2507,0.827337,47138,28000,1.7
bel_Cyrl-som_Latn,shaomutan_remedy-9b-22,0.715742516,104772,200000,0.5
bel_Cyrl-spa_Latn,qwen3-4b-instruct-2507,0.92444,2814942,28000,100.5
bel_Cyrl-sqi_Latn,metricx24,unknown,442864,1200000,0.4
bel_Cyrl-srd_Latn,metricx24,0.77295615,224094,1200000,0.2
bel_Cyrl-srp_Cyrl,metricx24,0.864019577,1315022,1200000,1.1
bel_Cyrl-srp_Latn,metricx24,unknown,405664,1200000,0.3
bel_Cyrl-sun_Latn,shaomutan_remedy-9b-22,0.810161208,169077,200000,0.8
bel_Cyrl-swa_Latn,metricx24,unknown,413230,1200000,0.3
bel_Cyrl-swe_Latn,shaomutan_remedy-9b-22,0.938648049,1287707,200000,6.4
bel_Cyrl-swh_Latn,shaomutan_remedy-9b-22,0.863636295,388538,200000,1.9
bel_Cyrl-tam_Taml,qwen3-4b-instruct-2507,0.908392,431794,28000,15.4
bel_Cyrl-tel_Telu,qwen3-4b-instruct-2507,0.900592,363325,28000,13.0
bel_Cyrl-tgk_Cyrl,m-prometheus-7b,0.814848183,141337,27000,5.2
bel_Cyrl-tgl_Latn,shaomutan_remedy-9b-22,0.910042073,494099,200000,2.5
bel_Cyrl-tha_Thai,shaomutan_remedy-9b-22,0.908378017,842533,200000,4.2
bel_Cyrl-tur_Latn,shaomutan_remedy-9b-22,0.936117891,3170678,200000,15.9
bel_Cyrl-ukr_Cyrl,shaomutan_remedy-9b-22,0.914450647,3036825,200000,15.2
bel_Cyrl-und_Kana,metricx24,unknown,82401,1200000,0.1
bel_Cyrl-urd_Arab,qwen3-4b-instruct-2507,0.842773,541002,28000,19.3
bel_Cyrl-uzn_Latn,qwen3-4b-instruct-2507,0.818641,251897,28000,9.0
bel_Cyrl-vec_Latn,qwen3-4b-instruct-2507,0.820239,60679,28000,2.2
bel_Cyrl-vie_Latn,shaomutan_remedy-9b-22,0.903656608,1429054,200000,7.1
bel_Cyrl-xho_Latn,shaomutan_remedy-9b-22,0.740326319,210237,200000,1.1
bel_Cyrl-yor_Latn,shaomutan_remedy-9b-22,0.614052108,100494,200000,0.5
bel_Cyrl-yue_Hani,metricx24,unknown,171790,1200000,0.1
bel_Cyrl-zho_Hans,qwen3-4b-instruct-2507,0.951364,659050,28000,23.5
bel_Cyrl-zho_Hant,qwen3-4b-instruct-2507,0.945331,332711,28000,11.9
bel_Cyrl-zsm_Latn,qwen3-4b-instruct-2507,0.837322,504600,28000,18.0
bel_Cyrl-zul_Latn,shaomutan_remedy-9b-22,0.776400892,55988,200000,0.3
bem_Latn-eng_Latn,qwen3-4b-instruct-2507,0.846779,248621,28000,8.9
bem_Latn-fra_Latn,shaomutan_remedy-9b-22,0.827830331,408226,200000,2.0
bem_Latn-hau_Latn,shaomutan_remedy-9b-22,0.705758706,99770,200000,0.5
bem_Latn-kin_Latn,shaomutan_remedy-9b-22,0.759846747,116786,200000,0.6
bem_Latn-nya_Latn,shaomutan_remedy-9b-22,0.683252687,101256,200000,0.5
bem_Latn-run_Latn,m-prometheus-7b,0.605017422,90575,27000,3.4
bem_Latn-sna_Latn,shaomutan_remedy-9b-22,0.734917198,105680,200000,0.5
bem_Latn-swa_Latn,qwen3-4b-instruct-2507,unknown,112917,28000,4.0
bem_Latn-tsn_Latn,shaomutan_remedy-9b-22,0.702601415,96044,200000,0.5
bem_Latn-xho_Latn,shaomutan_remedy-9b-22,0.692222023,114900,200000,0.6
bem_Latn-zul_Latn,shaomutan_remedy-9b-22,0.726641569,123013,200000,0.6
ben_Beng-afr_Latn,shaomutan_remedy-9b-22,0.918055505,55530,200000,0.3
ben_Beng-als_Latn,qwen3-4b-instruct-2507,0.904415,768551,28000,27.4
ben_Beng-ast_Latn,qwen3-4b-instruct-2507,0.878566,60178,28000,2.1
ben_Beng-bho_Deva,qwen3-4b-instruct-2507,0.782424,411144,28000,14.7
ben_Beng-bos_Latn,shaomutan_remedy-9b-22,0.933039908,1087139,200000,5.4
ben_Beng-bre_Latn,metricx24,unknown,102571,1200000,0.1
ben_Beng-cat_Latn,qwen3-4b-instruct-2507,0.947143,1804750,28000,64.5
ben_Beng-ceb_Latn,qwen3-4b-instruct-2507,0.91674,81291,28000,2.9
ben_Beng-ces_Latn,metricx24,0.833951,6088096,1200000,5.1
ben_Beng-ckb_Arab,metricx24,0.749089469,89279,1200000,0.1
ben_Beng-cmn_Hani,metricx24,unknown,3083998,1200000,2.6
ben_Beng-crh_Latn,m-prometheus-7b,0.817844699,31191,27000,1.2
ben_Beng-cym_Latn,shaomutan_remedy-9b-22,0.886520043,321489,200000,1.6
ben_Beng-dan_Latn,qwen3-4b-instruct-2507,0.934963,4164789,28000,148.7
ben_Beng-deu_Latn,shaomutan_remedy-9b-22,0.94001964,10718864,200000,53.6
ben_Beng-ekk_Latn,metricx24,unknown,2568113,1200000,2.1
ben_Beng-ell_Grek,metricx24,0.86833,7996817,1200000,6.7
ben_Beng-eng_Latn,metricx24,0.859993,73155573,1200000,61.0
ben_Beng-epo_Latn,shaomutan_remedy-9b-22,0.899670488,1020224,200000,5.1
ben_Beng-est_Latn,shaomutan_remedy-9b-22,0.933371156,1261834,200000,6.3
ben_Beng-eus_Latn,shaomutan_remedy-9b-22,0.89708168,675800,200000,3.4
ben_Beng-fas_Arab,metricx24,unknown,10781806,1200000,9.0
ben_Beng-fil_Latn,metricx24,unknown,509762,1200000,0.4
ben_Beng-fin_Latn,shaomutan_remedy-9b-22,0.925753036,7041632,200000,35.2
ben_Beng-fra_Latn,metricx24,0.866233,16880685,1200000,14.1
ben_Beng-fry_Latn,metricx24,unknown,128776,1200000,0.1
ben_Beng-fur_Latn,qwen3-4b-instruct-2507,0.868213,276195,28000,9.9
ben_Beng-gla_Latn,shaomutan_remedy-9b-22,0.80088873,46745,200000,0.2
ben_Beng-gle_Latn,m-prometheus-7b,0.874524639,159762,27000,5.9
ben_Beng-glg_Latn,qwen3-4b-instruct-2507,0.933947,629500,28000,22.5
ben_Beng-guj_Gujr,shaomutan_remedy-9b-22,0.943937006,2766791,200000,13.8
ben_Beng-hat_Latn,shaomutan_remedy-9b-22,0.855497532,205239,200000,1.0
ben_Beng-hau_Latn,shaomutan_remedy-9b-22,0.819719543,245472,200000,1.2
ben_Beng-hbs_Latn,metricx24,unknown,99863,1200000,0.1
ben_Beng-heb_Hebr,metricx24,0.849743,6300384,1200000,5.3
ben_Beng-hin_Deva,shaomutan_remedy-9b-22,0.924258001,7694741,200000,38.5
ben_Beng-hne_Deva,qwen3-4b-instruct-2507,0.789303,192962,28000,6.9
ben_Beng-hrv_Latn,shaomutan_remedy-9b-22,0.938359268,4313260,200000,21.6
ben_Beng-hun_Latn,shaomutan_remedy-9b-22,0.933708383,7258916,200000,36.3
ben_Beng-hye_Armn,shaomutan_remedy-9b-22,0.946307274,299866,200000,1.5
ben_Beng-ibo_Latn,shaomutan_remedy-9b-22,0.758627507,124225,200000,0.6
ben_Beng-ilo_Latn,qwen3-4b-instruct-2507,0.754067,104232,28000,3.7
ben_Beng-ind_Latn,metricx24,0.870894,11844675,1200000,9.9
ben_Beng-isl_Latn,shaomutan_remedy-9b-22,0.881394174,1413294,200000,7.1
ben_Beng-ita_Latn,metricx24,0.891387,8517494,1200000,7.1
ben_Beng-jav_Latn,qwen3-4b-instruct-2507,0.853499,285492,28000,10.2
ben_Beng-jpn_Jpan,qwen3-4b-instruct-2507,0.948173,4596206,28000,164.2
ben_Beng-kab_Latn,metricx24,0.381871469,47662,1200000,0.0
ben_Beng-kan_Knda,shaomutan_remedy-9b-22,0.929174615,3750934,200000,18.8
ben_Beng-kas_Arab,metricx24,0.562144292,109851,1200000,0.1
ben_Beng-kas_Deva,metricx24,0.47394004,188702,1200000,0.2
ben_Beng-kat_Geor,shaomutan_remedy-9b-22,0.938326481,453138,200000,2.3
ben_Beng-kaz_Cyrl,shaomutan_remedy-9b-22,0.932239462,356406,200000,1.8
ben_Beng-khk_Cyrl,metricx24,0.80746689,124373,1200000,0.1
ben_Beng-khm_Khmr,qwen3-4b-instruct-2507,0.912449,568502,28000,20.3
ben_Beng-kin_Latn,shaomutan_remedy-9b-22,0.832224854,80244,200000,0.4
ben_Beng-kir_Cyrl,shaomutan_remedy-9b-22,0.867948303,130344,200000,0.7
ben_Beng-kmr_Latn,metricx24,0.729320635,85429,1200000,0.1
ben_Beng-kor_Hang,qwen3-4b-instruct-2507,0.939667,4674209,28000,166.9
ben_Beng-kor_Zyyy,metricx24,unknown,1285770,1200000,1.1
ben_Beng-lao_Laoo,qwen3-4b-instruct-2507,0.870786,113638,28000,4.1
ben_Beng-lat_Latn,metricx24,unknown,213533,1200000,0.2
ben_Beng-lav_Latn,metricx24,unknown,546384,1200000,0.5
ben_Beng-lim_Latn,qwen3-4b-instruct-2507,0.818417,87856,28000,3.1
ben_Beng-lit_Latn,shaomutan_remedy-9b-22,0.92164482,3884142,200000,19.4
ben_Beng-ltz_Latn,qwen3-4b-instruct-2507,0.87896,165114,28000,5.9
ben_Beng-lvs_Latn,shaomutan_remedy-9b-22,0.916621739,1486648,200000,7.4
ben_Beng-lzh_Hani,metricx24,unknown,253892,1200000,0.2
ben_Beng-mag_Deva,qwen3-4b-instruct-2507,0.819209,304948,28000,10.9
ben_Beng-mai_Deva,qwen3-4b-instruct-2507,0.851802,543779,28000,19.4
ben_Beng-mal_Mlym,metricx24,0.814804,5912155,1200000,4.9
ben_Beng-mar_Deva,shaomutan_remedy-9b-22,0.923878535,4222895,200000,21.1
ben_Beng-mkd_Cyrl,qwen3-4b-instruct-2507,0.949154,2200475,28000,78.6
ben_Beng-mlg_Latn,metricx24,unknown,240820,1200000,0.2
ben_Beng-mlt_Latn,shaomutan_remedy-9b-22,0.90785828,70490,200000,0.4
ben_Beng-mon_Cyrl,metricx24,unknown,153967,1200000,0.1
ben_Beng-mri_Latn,shaomutan_remedy-9b-22,0.727571854,66774,200000,0.3
ben_Beng-msa_Latn,metricx24,unknown,2787806,1200000,2.3
ben_Beng-mya_Mymr,shaomutan_remedy-9b-22,0.9231755,647267,200000,3.2
ben_Beng-nds_Latn,metricx24,unknown,82917,1200000,0.1
ben_Beng-nep_Deva,metricx24,unknown,1209933,1200000,1.0
ben_Beng-nld_Latn,shaomutan_remedy-9b-22,0.927490083,7855382,200000,39.3
ben_Beng-nno_Latn,shaomutan_remedy-9b-22,0.915235675,164878,200000,0.8
ben_Beng-nob_Latn,shaomutan_remedy-9b-22,0.931867837,2191749,200000,11.0
ben_Beng-nor_Latn,metricx24,unknown,2012653,1200000,1.7
ben_Beng-npi_Deva,shaomutan_remedy-9b-22,0.898728325,1770042,200000,8.9
ben_Beng-nya_Latn,shaomutan_remedy-9b-22,0.71149362,74262,200000,0.4
ben_Beng-oci_Latn,qwen3-4b-instruct-2507,0.865197,137046,28000,4.9
ben_Beng-ory_Orya,m-prometheus-7b,0.947914385,2231493,27000,82.6
ben_Beng-pan_Guru,qwen3-4b-instruct-2507,0.929378,1528946,28000,54.6
ben_Beng-pap_Latn,qwen3-4b-instruct-2507,0.846585,52683,28000,1.9
ben_Beng-pbt_Arab,shaomutan_remedy-9b-22,0.775067382,1243667,200000,6.2
ben_Beng-plt_Latn,metricx24,0.773548572,506479,1200000,0.4
ben_Beng-pol_Latn,shaomutan_remedy-9b-22,0.933686823,7692430,200000,38.5
ben_Beng-por_Latn,metricx24,0.860344,8361280,1200000,7.0
ben_Beng-pus_Arab,metricx24,unknown,138070,1200000,0.1
ben_Beng-ron_Latn,shaomutan_remedy-9b-22,0.946096641,6215058,200000,31.1
ben_Beng-rus_Cyrl,shaomutan_remedy-9b-22,0.942765449,9190614,200000,46.0
ben_Beng-san_Deva,shaomutan_remedy-9b-22,0.774775305,381876,200000,1.9
ben_Beng-sin_Sinh,shaomutan_remedy-9b-22,0.913870891,3372020,200000,16.9
ben_Beng-slk_Latn,qwen3-4b-instruct-2507,0.932787,3443450,28000,123.0
ben_Beng-slv_Latn,shaomutan_remedy-9b-22,0.934692689,3256760,200000,16.3
ben_Beng-sna_Latn,metricx24,0.691812281,51601,1200000,0.0
ben_Beng-snd_Arab,qwen3-4b-instruct-2507,0.887651,1020693,28000,36.5
ben_Beng-som_Latn,shaomutan_remedy-9b-22,0.751882601,150514,200000,0.8
ben_Beng-spa_Latn,metricx24,0.868645,9037271,1200000,7.5
ben_Beng-sqi_Latn,metricx24,unknown,939636,1200000,0.8
ben_Beng-srd_Latn,qwen3-4b-instruct-2507,0.825371,441162,28000,15.8
ben_Beng-srp_Cyrl,qwen3-4b-instruct-2507,0.952115,1616344,28000,57.7
ben_Beng-srp_Latn,metricx24,unknown,3168590,1200000,2.6
ben_Beng-sun_Latn,qwen3-4b-instruct-2507,0.86005,230218,28000,8.2
ben_Beng-swa_Latn,metricx24,unknown,748822,1200000,0.6
ben_Beng-swc_Latn,metricx24,unknown,138607,1200000,0.1
ben_Beng-swe_Latn,shaomutan_remedy-9b-22,0.940827639,5753193,200000,28.8
ben_Beng-swh_Latn,shaomutan_remedy-9b-22,0.894223043,759727,200000,3.8
ben_Beng-tam_Taml,metricx24,0.827966,5209538,1200000,4.3
ben_Beng-tat_Cyrl,shaomutan_remedy-9b-22,0.857773961,71931,200000,0.4
ben_Beng-tel_Telu,metricx24,0.789417,5344113,1200000,4.5
ben_Beng-tgk_Cyrl,m-prometheus-7b,0.868003982,159739,27000,5.9
ben_Beng-tgl_Latn,shaomutan_remedy-9b-22,0.922050552,867129,200000,4.3
ben_Beng-tha_Thai,shaomutan_remedy-9b-22,0.933914905,4914967,200000,24.6
ben_Beng-tur_Latn,shaomutan_remedy-9b-22,0.932273936,10999213,200000,55.0
ben_Beng-ukr_Cyrl,qwen3-4b-instruct-2507,0.938248,3854942,28000,137.7
ben_Beng-und_Kana,metricx24,unknown,148140,1200000,0.1
ben_Beng-urd_Arab,shaomutan_remedy-9b-22,0.898638404,5170059,200000,25.9
ben_Beng-uzn_Latn,qwen3-4b-instruct-2507,0.860244,130578,28000,4.7
ben_Beng-vec_Latn,qwen3-4b-instruct-2507,0.881926,111581,28000,4.0
ben_Beng-vie_Latn,metricx24,0.852347,8553093,1200000,7.1
ben_Beng-wln_Latn,metricx24,unknown,26684,1200000,0.0
ben_Beng-xho_Latn,shaomutan_remedy-9b-22,0.813761783,280776,200000,1.4
ben_Beng-yor_Latn,shaomutan_remedy-9b-22,0.706614669,120366,200000,0.6
ben_Beng-yue_Hani,metricx24,unknown,416328,1200000,0.3
ben_Beng-zho_Hans,qwen3-4b-instruct-2507,0.954888,1772095,28000,63.3
ben_Beng-zho_Hant,qwen3-4b-instruct-2507,0.949248,1799820,28000,64.3
ben_Beng-zsm_Latn,qwen3-4b-instruct-2507,0.879109,1395672,28000,49.8
ben_Beng-zul_Latn,shaomutan_remedy-9b-22,0.811041991,76367,200000,0.4
bew_Latn-eng_Latn,metricx24,unknown,186469,1200000,0.2
bew_Latn-ind_Latn,metricx24,unknown,131824,1200000,0.1
bho_Deva-eng_Latn,qwen3-4b-instruct-2507,0.959258,1672645,28000,59.7
bho_Deva-guj_Gujr,shaomutan_remedy-9b-22,0.943421731,216586,200000,1.1
bho_Deva-hin_Deva,shaomutan_remedy-9b-22,0.93507064,272460,200000,1.4
bho_Deva-kan_Knda,shaomutan_remedy-9b-22,0.925224965,199483,200000,1.0
bho_Deva-mal_Mlym,shaomutan_remedy-9b-22,0.920893964,296275,200000,1.5
bho_Deva-mar_Deva,shaomutan_remedy-9b-22,0.937863449,210664,200000,1.1
bho_Deva-npi_Deva,shaomutan_remedy-9b-22,0.936231427,137660,200000,0.7
bho_Deva-ory_Orya,shaomutan_remedy-9b-22,0.920557413,133816,200000,0.7
bho_Deva-pan_Guru,qwen3-4b-instruct-2507,0.912937,105325,28000,3.8
bho_Deva-por_Latn,qwen3-4b-instruct-2507,0.914515,54426,28000,1.9
bho_Deva-rus_Cyrl,shaomutan_remedy-9b-22,0.927711563,63481,200000,0.3
bho_Deva-sin_Sinh,shaomutan_remedy-9b-22,0.904845514,145789,200000,0.7
bho_Deva-tam_Taml,shaomutan_remedy-9b-22,0.920778041,310549,200000,1.6
bho_Deva-tel_Telu,shaomutan_remedy-9b-22,0.911991732,363189,200000,1.8
bho_Deva-urd_Arab,shaomutan_remedy-9b-22,0.918811622,195755,200000,1.0
bjn_Latn-eng_Latn,qwen3-4b-instruct-2507,0.935854,506269,28000,18.1
bjn_Latn-ind_Latn,shaomutan_remedy-9b-22,0.914501693,917739,200000,4.6
bjn_Latn-por_Latn,shaomutan_remedy-9b-22,0.900428524,60573,200000,0.3
bod_Tibt-eng_Latn,qwen3-4b-instruct-2507,0.71881,602942,28000,21.5
bos_Latn-abk_Cyrl,qwen3-4b-instruct-2507,unknown,28747,28000,1.0
bos_Latn-afr_Latn,shaomutan_remedy-9b-22,0.927784585,71608,200000,0.4
bos_Latn-als_Latn,qwen3-4b-instruct-2507,0.91896,1101371,28000,39.3
bos_Latn-bak_Cyrl,shaomutan_remedy-9b-22,0.881192177,37038,200000,0.2
bos_Latn-cat_Latn,qwen3-4b-instruct-2507,0.964206,634173,28000,22.6
bos_Latn-ces_Latn,metricx24,0.840572,9990725,1200000,8.3
bos_Latn-cmn_Hani,qwen3-4b-instruct-2507,unknown,2509747,28000,89.6
bos_Latn-cym_Latn,shaomutan_remedy-9b-22,0.901847956,168247,200000,0.8
bos_Latn-dan_Latn,metricx24,0.894156,7135162,1200000,5.9
bos_Latn-deu_Latn,metricx24,0.949187,7855137,1200000,6.5
bos_Latn-ekk_Latn,qwen3-4b-instruct-2507,unknown,3436338,28000,122.7
bos_Latn-ell_Grek,metricx24,0.88737,10620806,1200000,8.9
bos_Latn-eng_Latn,metricx24,0.883354,67478220,1200000,56.2
bos_Latn-epo_Latn,shaomutan_remedy-9b-22,0.911746673,252456,200000,1.3
bos_Latn-est_Latn,shaomutan_remedy-9b-22,0.921656206,1497757,200000,7.5
bos_Latn-eus_Latn,qwen3-4b-instruct-2507,0.912902,619759,28000,22.1
bos_Latn-fas_Arab,qwen3-4b-instruct-2507,unknown,7688532,28000,274.6
bos_Latn-fin_Latn,metricx24,0.834426,8509447,1200000,7.1
bos_Latn-fra_Latn,metricx24,0.892658,9589865,1200000,8.0
bos_Latn-fry_Latn,qwen3-4b-instruct-2507,unknown,42923,28000,1.5
bos_Latn-fur_Latn,qwen3-4b-instruct-2507,0.876755,44546,28000,1.6
bos_Latn-gle_Latn,m-prometheus-7b,0.875644599,76243,27000,2.8
bos_Latn-glg_Latn,qwen3-4b-instruct-2507,0.966272,329894,28000,11.8
bos_Latn-guj_Gujr,qwen3-4b-instruct-2507,0.952598,43651,28000,1.6
bos_Latn-hau_Latn,metricx24,0.79782132,61316,1200000,0.1
bos_Latn-hbs_Latn,qwen3-4b-instruct-2507,unknown,156942,28000,5.6
bos_Latn-heb_Hebr,metricx24,0.892811,8301919,1200000,6.9
bos_Latn-hin_Deva,qwen3-4b-instruct-2507,0.944311,456923,28000,16.3
bos_Latn-hrv_Latn,xcomet-xl,0.952242676,8517317,400000,21.3
bos_Latn-hun_Latn,metricx24,0.832455,9621752,1200000,8.0
bos_Latn-ind_Latn,metricx24,0.879857,6778824,1200000,5.6
bos_Latn-isl_Latn,shaomutan_remedy-9b-22,0.898989919,1286569,200000,6.4
bos_Latn-ita_Latn,metricx24,0.911209,8497814,1200000,7.1
bos_Latn-jpn_Jpan,qwen3-4b-instruct-2507,0.976217,1061301,28000,37.9
bos_Latn-kab_Latn,qwen3-4b-instruct-2507,0.344345,70264,28000,2.5
bos_Latn-kan_Knda,qwen3-4b-instruct-2507,0.938502,37645,28000,1.3
bos_Latn-kat_Geor,shaomutan_remedy-9b-22,0.922402084,126115,200000,0.6
bos_Latn-kaz_Cyrl,shaomutan_remedy-9b-22,0.941135417,82404,200000,0.4
bos_Latn-khm_Khmr,qwen3-4b-instruct-2507,0.926058,116918,28000,4.2
bos_Latn-kin_Latn,shaomutan_remedy-9b-22,0.797632941,24737,200000,0.1
bos_Latn-kor_Hang,qwen3-4b-instruct-2507,0.957113,3186484,28000,113.8
bos_Latn-kor_Zyyy,qwen3-4b-instruct-2507,unknown,426522,28000,15.2
bos_Latn-lat_Latn,qwen3-4b-instruct-2507,unknown,69365,28000,2.5
bos_Latn-lav_Latn,qwen3-4b-instruct-2507,unknown,200697,28000,7.2
bos_Latn-lim_Latn,qwen3-4b-instruct-2507,0.836292,38167,28000,1.4
bos_Latn-lit_Latn,qwen3-4b-instruct-2507,0.92332,1227337,28000,43.8
bos_Latn-ltz_Latn,qwen3-4b-instruct-2507,0.908014,53718,28000,1.9
bos_Latn-lvs_Latn,qwen3-4b-instruct-2507,0.931523,472925,28000,16.9
bos_Latn-lzh_Hani,qwen3-4b-instruct-2507,unknown,101514,28000,3.6
bos_Latn-mal_Mlym,qwen3-4b-instruct-2507,0.956317,502009,28000,17.9
bos_Latn-mar_Deva,qwen3-4b-instruct-2507,0.937601,100254,28000,3.6
bos_Latn-mhr_Cyrl,qwen3-4b-instruct-2507,unknown,45971,28000,1.6
bos_Latn-mkd_Cyrl,qwen3-4b-instruct-2507,0.951394,1930921,28000,69.0
bos_Latn-mlg_Latn,qwen3-4b-instruct-2507,unknown,48886,28000,1.7
bos_Latn-msa_Latn,qwen3-4b-instruct-2507,unknown,1163797,28000,41.6
bos_Latn-mya_Mymr,shaomutan_remedy-9b-22,0.910729066,171775,200000,0.9
bos_Latn-nds_Latn,qwen3-4b-instruct-2507,unknown,43384,28000,1.5
bos_Latn-nep_Deva,qwen3-4b-instruct-2507,unknown,67222,28000,2.4
bos_Latn-nld_Latn,metricx24,0.921045,9999528,1200000,8.3
bos_Latn-nno_Latn,shaomutan_remedy-9b-22,0.929166105,105747,200000,0.5
bos_Latn-nob_Latn,qwen3-4b-instruct-2507,0.93115,3890506,28000,138.9
bos_Latn-nor_Latn,qwen3-4b-instruct-2507,unknown,2124863,28000,75.9
bos_Latn-oci_Latn,qwen3-4b-instruct-2507,0.896625,69959,28000,2.5
bos_Latn-pan_Guru,qwen3-4b-instruct-2507,0.962325,30476,28000,1.1
bos_Latn-pol_Latn,metricx24,0.835321,10317375,1200000,8.6
bos_Latn-por_Latn,metricx24,0.882415,10530217,1200000,8.8
bos_Latn-ron_Latn,metricx24,0.868553,11556208,1200000,9.6
bos_Latn-rus_Cyrl,metricx24,0.897652,7349725,1200000,6.1
bos_Latn-sin_Sinh,shaomutan_remedy-9b-22,0.910245102,536013,200000,2.7
bos_Latn-slk_Latn,qwen3-4b-instruct-2507,0.950796,2736807,28000,97.7
bos_Latn-slv_Latn,shaomutan_remedy-9b-22,0.928542377,5520184,200000,27.6
bos_Latn-spa_Latn,metricx24,0.891465,10678338,1200000,8.9
bos_Latn-sqi_Latn,qwen3-4b-instruct-2507,unknown,342619,28000,12.2
bos_Latn-srd_Latn,qwen3-4b-instruct-2507,0.846078,123971,28000,4.4
bos_Latn-srp_Cyrl,qwen3-4b-instruct-2507,0.957501,1312716,28000,46.9
bos_Latn-srp_Latn,qwen3-4b-instruct-2507,unknown,9386943,28000,335.2
bos_Latn-swa_Latn,qwen3-4b-instruct-2507,unknown,101239,28000,3.6
bos_Latn-swe_Latn,metricx24,0.893762,7134096,1200000,5.9
bos_Latn-tam_Taml,qwen3-4b-instruct-2507,0.962688,269337,28000,9.6
bos_Latn-tel_Telu,qwen3-4b-instruct-2507,0.950199,163129,28000,5.8
bos_Latn-tgl_Latn,qwen3-4b-instruct-2507,0.938109,141538,28000,5.1
bos_Latn-tha_Thai,qwen3-4b-instruct-2507,0.949288,3021458,28000,107.9
bos_Latn-tur_Latn,metricx24,0.795901,10275669,1200000,8.6
bos_Latn-ukr_Cyrl,qwen3-4b-instruct-2507,0.958367,1937386,28000,69.2
bos_Latn-urd_Arab,qwen3-4b-instruct-2507,0.917123,418650,28000,15.0
bos_Latn-uzn_Latn,qwen3-4b-instruct-2507,0.892076,56483,28000,2.0
bos_Latn-vie_Latn,qwen3-4b-instruct-2507,0.950966,4730675,28000,169.0
bos_Latn-xho_Latn,shaomutan_remedy-9b-22,0.770204811,72841,200000,0.4
bos_Latn-yue_Hani,qwen3-4b-instruct-2507,unknown,187203,28000,6.7
bos_Latn-zho_Hans,qwen3-4b-instruct-2507,0.978313,1146908,28000,41.0
bos_Latn-zho_Hant,qwen3-4b-instruct-2507,0.970478,1329461,28000,47.5
bos_Latn-zsm_Latn,qwen3-4b-instruct-2507,0.909219,629164,28000,22.5
bre_Latn-bos_Latn,qwen3-4b-instruct-2507,unknown,41616,28000,1.5
bre_Latn-cat_Latn,metricx24,unknown,267624,1200000,0.2
bre_Latn-ces_Latn,metricx24,unknown,329606,1200000,0.3
bre_Latn-cym_Latn,metricx24,unknown,81073,1200000,0.1
bre_Latn-dan_Latn,metricx24,unknown,293571,1200000,0.2
bre_Latn-deu_Latn,metricx24,unknown,1011286,1200000,0.8
bre_Latn-ekk_Latn,qwen3-4b-instruct-2507,unknown,87383,28000,3.1
bre_Latn-ell_Grek,metricx24,unknown,355610,1200000,0.3
bre_Latn-eng_Latn,metricx24,unknown,752930,1200000,0.6
bre_Latn-epo_Latn,metricx24,unknown,160060,1200000,0.1
bre_Latn-est_Latn,metricx24,unknown,144357,1200000,0.1
bre_Latn-eus_Latn,metricx24,unknown,138167,1200000,0.1
bre_Latn-fas_Arab,qwen3-4b-instruct-2507,unknown,242317,28000,8.7
bre_Latn-fin_Latn,metricx24,unknown,327077,1200000,0.3
bre_Latn-fra_Latn,metricx24,unknown,1213554,1200000,1.0
bre_Latn-fry_Latn,qwen3-4b-instruct-2507,unknown,59587,28000,2.1
bre_Latn-fur_Latn,qwen3-4b-instruct-2507,unknown,55736,28000,2.0
bre_Latn-gle_Latn,metricx24,unknown,69799,1200000,0.1
bre_Latn-glg_Latn,metricx24,unknown,140570,1200000,0.1
bre_Latn-guj_Gujr,metricx24,unknown,52867,1200000,0.0
bre_Latn-heb_Hebr,metricx24,unknown,263729,1200000,0.2
bre_Latn-hin_Deva,metricx24,unknown,196822,1200000,0.2
bre_Latn-hrv_Latn,qwen3-4b-instruct-2507,unknown,345809,28000,12.4
bre_Latn-hun_Latn,metricx24,unknown,325451,1200000,0.3
bre_Latn-ind_Latn,metricx24,unknown,550722,1200000,0.5
bre_Latn-isl_Latn,metricx24,unknown,129570,1200000,0.1
bre_Latn-ita_Latn,metricx24,unknown,829169,1200000,0.7
bre_Latn-jav_Latn,metricx24,unknown,69986,1200000,0.1
bre_Latn-jpn_Jpan,metricx24,unknown,337689,1200000,0.3
bre_Latn-kat_Geor,metricx24,unknown,59960,1200000,0.0
bre_Latn-kaz_Cyrl,metricx24,unknown,72072,1200000,0.1
bre_Latn-kin_Latn,qwen3-4b-instruct-2507,unknown,33398,28000,1.2
bre_Latn-kor_Hang,metricx24,unknown,126673,1200000,0.1
bre_Latn-kor_Zyyy,qwen3-4b-instruct-2507,unknown,128606,28000,4.6
bre_Latn-lav_Latn,qwen3-4b-instruct-2507,unknown,69966,28000,2.5
bre_Latn-lit_Latn,metricx24,unknown,197656,1200000,0.2
bre_Latn-ltz_Latn,metricx24,unknown,62346,1200000,0.1
bre_Latn-lvs_Latn,metricx24,unknown,93629,1200000,0.1
bre_Latn-mai_Deva,qwen3-4b-instruct-2507,unknown,28911,28000,1.0
bre_Latn-mal_Mlym,metricx24,unknown,117611,1200000,0.1
bre_Latn-mar_Deva,metricx24,unknown,87054,1200000,0.1
bre_Latn-mkd_Cyrl,metricx24,unknown,174558,1200000,0.1
bre_Latn-mlg_Latn,qwen3-4b-instruct-2507,unknown,42995,28000,1.5
bre_Latn-msa_Latn,qwen3-4b-instruct-2507,unknown,178439,28000,6.4
bre_Latn-nds_Latn,qwen3-4b-instruct-2507,unknown,80044,28000,2.9
bre_Latn-nep_Deva,qwen3-4b-instruct-2507,unknown,78577,28000,2.8
bre_Latn-nld_Latn,metricx24,unknown,706131,1200000,0.6
bre_Latn-nno_Latn,metricx24,unknown,100315,1200000,0.1
bre_Latn-nob_Latn,metricx24,unknown,78239,1200000,0.1
bre_Latn-nor_Latn,qwen3-4b-instruct-2507,unknown,182623,28000,6.5
bre_Latn-oci_Latn,qwen3-4b-instruct-2507,unknown,73256,28000,2.6
bre_Latn-pan_Guru,metricx24,unknown,50722,1200000,0.0
bre_Latn-pol_Latn,metricx24,unknown,501881,1200000,0.4
bre_Latn-por_Latn,metricx24,unknown,875698,1200000,0.7
bre_Latn-ron_Latn,metricx24,unknown,352869,1200000,0.3
bre_Latn-rus_Cyrl,metricx24,unknown,724307,1200000,0.6
bre_Latn-sin_Sinh,metricx24,unknown,97265,1200000,0.1
bre_Latn-slk_Latn,metricx24,unknown,262483,1200000,0.2
bre_Latn-slv_Latn,metricx24,unknown,210685,1200000,0.2
bre_Latn-spa_Latn,metricx24,unknown,1342609,1200000,1.1
bre_Latn-sqi_Latn,qwen3-4b-instruct-2507,unknown,110811,28000,4.0
bre_Latn-srd_Latn,qwen3-4b-instruct-2507,unknown,113315,28000,4.0
bre_Latn-srp_Cyrl,metricx24,unknown,128357,1200000,0.1
bre_Latn-srp_Latn,qwen3-4b-instruct-2507,unknown,65691,28000,2.3
bre_Latn-swa_Latn,qwen3-4b-instruct-2507,unknown,86419,28000,3.1
bre_Latn-swe_Latn,metricx24,unknown,337445,1200000,0.3
bre_Latn-tam_Taml,metricx24,unknown,130370,1200000,0.1
bre_Latn-tgl_Latn,qwen3-4b-instruct-2507,unknown,182535,28000,6.5
bre_Latn-tha_Thai,metricx24,unknown,154331,1200000,0.1
bre_Latn-tur_Latn,metricx24,unknown,430139,1200000,0.4
bre_Latn-ukr_Cyrl,metricx24,unknown,289877,1200000,0.2
bre_Latn-urd_Arab,metricx24,unknown,77119,1200000,0.1
bre_Latn-uzn_Latn,metricx24,unknown,41411,1200000,0.0
bre_Latn-vie_Latn,metricx24,unknown,205181,1200000,0.2
bre_Latn-wln_Latn,qwen3-4b-instruct-2507,unknown,29723,28000,1.1
bre_Latn-xho_Latn,metricx24,unknown,86104,1200000,0.1
bre_Latn-zho_Hans,metricx24,unknown,306511,1200000,0.3
bre_Latn-zho_Hant,metricx24,unknown,185407,1200000,0.2
bug_Latn-eng_Latn,qwen3-4b-instruct-2507,0.877685,953728,28000,34.1
bul_Cyrl-abk_Cyrl,metricx24,unknown,82198,1200000,0.1
bul_Cyrl-afr_Latn,shaomutan_remedy-9b-22,0.93037652,268319,200000,1.3
bul_Cyrl-als_Latn,metricx24,0.852356,5791853,1200000,4.8
bul_Cyrl-ast_Latn,qwen3-4b-instruct-2507,0.887471,158621,28000,5.7
bul_Cyrl-azj_Latn,qwen3-4b-instruct-2507,0.894654,75028,28000,2.7
bul_Cyrl-bak_Cyrl,shaomutan_remedy-9b-22,0.879960894,101075,200000,0.5
bul_Cyrl-bel_Cyrl,shaomutan_remedy-9b-22,0.931607032,54437,200000,0.3
bul_Cyrl-ben_Beng,metricx24,0.844367,5298743,1200000,4.4
bul_Cyrl-bos_Latn,metricx24,0.933999239,9507522,1200000,7.9
bul_Cyrl-bre_Latn,metricx24,unknown,192024,1200000,0.2
bul_Cyrl-cat_Latn,metricx24,0.845715,5708514,1200000,4.8
bul_Cyrl-ceb_Latn,qwen3-4b-instruct-2507,0.932275,129587,28000,4.6
bul_Cyrl-ces_Latn,metricx24,0.819828,54151910,1200000,45.1
bul_Cyrl-ckb_Arab,metricx24,0.774526692,118906,1200000,0.1
bul_Cyrl-cmn_Hani,metricx24,unknown,13489966,1200000,11.2
bul_Cyrl-crh_Latn,shaomutan_remedy-9b-22,0.793203508,68271,200000,0.3
bul_Cyrl-cym_Latn,qwen3-4b-instruct-2507,0.934017,1251340,28000,44.7
bul_Cyrl-dan_Latn,metricx24,0.875311,42011887,1200000,35.0
bul_Cyrl-deu_Latn,metricx24,0.937445,61211913,1200000,51.0
bul_Cyrl-ekk_Latn,metricx24,unknown,26090451,1200000,21.7
bul_Cyrl-ell_Grek,metricx24,0.863445,52547041,1200000,43.8
bul_Cyrl-eng_Latn,metricx24,0.857299,130313011,1200000,108.6
bul_Cyrl-epo_Latn,shaomutan_remedy-9b-22,0.935278372,2052624,200000,10.3
bul_Cyrl-est_Latn,metricx24,0.759611,5242009,1200000,4.4
bul_Cyrl-eus_Latn,qwen3-4b-instruct-2507,0.936541,2873970,28000,102.6
bul_Cyrl-fao_Latn,qwen3-4b-instruct-2507,0.859955,167143,28000,6.0
bul_Cyrl-fas_Arab,metricx24,unknown,28640277,1200000,23.9
bul_Cyrl-fil_Latn,metricx24,unknown,752086,1200000,0.6
bul_Cyrl-fin_Latn,metricx24,0.813886,48672649,1200000,40.6
bul_Cyrl-fra_Latn,metricx24,0.875352,59461812,1200000,49.6
bul_Cyrl-fro_Latn,metricx24,unknown,160812,1200000,0.1
bul_Cyrl-fry_Latn,metricx24,unknown,154161,1200000,0.1
bul_Cyrl-fur_Latn,qwen3-4b-instruct-2507,0.88991,729791,28000,26.1
bul_Cyrl-gla_Latn,shaomutan_remedy-9b-22,0.809196414,53497,200000,0.3
bul_Cyrl-gle_Latn,m-prometheus-7b,0.884091588,1791365,27000,66.3
bul_Cyrl-glg_Latn,qwen3-4b-instruct-2507,0.963211,1566957,28000,56.0
bul_Cyrl-gsw_Latn,metricx24,unknown,160642,1200000,0.1
bul_Cyrl-gug_Latn,metricx24,unknown,48951,1200000,0.0
bul_Cyrl-guj_Gujr,qwen3-4b-instruct-2507,0.960209,264283,28000,9.4
bul_Cyrl-hat_Latn,shaomutan_remedy-9b-22,0.877484983,464194,200000,2.3
bul_Cyrl-hau_Latn,shaomutan_remedy-9b-22,0.798677411,322571,200000,1.6
bul_Cyrl-hbs_Latn,metricx24,unknown,1277875,1200000,1.1
bul_Cyrl-heb_Hebr,metricx24,0.86453,32934300,1200000,27.4
bul_Cyrl-hin_Deva,metricx24,0.802404,5384922,1200000,4.5
bul_Cyrl-hne_Deva,qwen3-4b-instruct-2507,0.859686,79733,28000,2.8
bul_Cyrl-hrv_Latn,metricx24,0.927356,41246424,1200000,34.4
bul_Cyrl-hun_Latn,metricx24,0.818025,51873231,1200000,43.2
bul_Cyrl-hye_Armn,shaomutan_remedy-9b-22,0.946917207,473073,200000,2.4
bul_Cyrl-ibo_Latn,shaomutan_remedy-9b-22,0.776057958,145815,200000,0.7
bul_Cyrl-ilo_Latn,metricx24,0.763369212,140286,1200000,0.1
bul_Cyrl-ina_Latn,metricx24,unknown,125684,1200000,0.1
bul_Cyrl-ind_Latn,metricx24,0.868649,29501254,1200000,24.6
bul_Cyrl-isl_Latn,shaomutan_remedy-9b-22,0.897610381,5630058,200000,28.2
bul_Cyrl-ita_Latn,metricx24,0.900542,55539309,1200000,46.3
bul_Cyrl-jav_Latn,qwen3-4b-instruct-2507,0.889338,417646,28000,14.9
bul_Cyrl-jpn_Jpan,metricx24,0.803217,10391928,1200000,8.7
bul_Cyrl-kab_Latn,qwen3-4b-instruct-2507,0.370642,203588,28000,7.3
bul_Cyrl-kan_Knda,qwen3-4b-instruct-2507,0.946804,264465,28000,9.4
bul_Cyrl-kat_Geor,shaomutan_remedy-9b-22,0.941547744,777254,200000,3.9
bul_Cyrl-kaz_Cyrl,shaomutan_remedy-9b-22,0.936091785,754844,200000,3.8
bul_Cyrl-khk_Cyrl,metricx24,0.815818539,180366,1200000,0.2
bul_Cyrl-khm_Khmr,qwen3-4b-instruct-2507,0.934739,501364,28000,17.9
bul_Cyrl-kin_Latn,shaomutan_remedy-9b-22,0.818106328,120796,200000,0.6
bul_Cyrl-kir_Cyrl,shaomutan_remedy-9b-22,0.844811649,153859,200000,0.8
bul_Cyrl-kiu_Latn,metricx24,unknown,138701,1200000,0.1
bul_Cyrl-kmr_Latn,metricx24,0.729273689,111853,1200000,0.1
bul_Cyrl-kor_Hang,metricx24,0.829536,15802329,1200000,13.2
bul_Cyrl-kor_Zyyy,metricx24,unknown,2325327,1200000,1.9
bul_Cyrl-lao_Laoo,qwen3-4b-instruct-2507,0.913912,112665,28000,4.0
bul_Cyrl-lat_Latn,metricx24,unknown,282241,1200000,0.2
bul_Cyrl-lav_Latn,metricx24,unknown,1700767,1200000,1.4
bul_Cyrl-lim_Latn,qwen3-4b-instruct-2507,0.83672,286039,28000,10.2
bul_Cyrl-lit_Latn,metricx24,0.812176,22824359,1200000,19.0
bul_Cyrl-ltz_Latn,qwen3-4b-instruct-2507,0.92119,184506,28000,6.6
bul_Cyrl-lvs_Latn,metricx24,0.757439,17526015,1200000,14.6
bul_Cyrl-lzh_Hani,metricx24,unknown,488939,1200000,0.4
bul_Cyrl-mal_Mlym,qwen3-4b-instruct-2507,0.963041,1700645,28000,60.7
bul_Cyrl-mar_Deva,qwen3-4b-instruct-2507,0.950348,739123,28000,26.4
bul_Cyrl-mhr_Cyrl,metricx24,unknown,117897,1200000,0.1
bul_Cyrl-mkd_Cyrl,shaomutan_remedy-9b-22,0.934097709,9068273,200000,45.3
bul_Cyrl-mlg_Latn,metricx24,unknown,215049,1200000,0.2
bul_Cyrl-mlt_Latn,shaomutan_remedy-9b-22,0.923959305,4922371,200000,24.6
bul_Cyrl-mon_Cyrl,metricx24,unknown,207025,1200000,0.2
bul_Cyrl-mri_Latn,shaomutan_remedy-9b-22,0.73585025,101594,200000,0.5
bul_Cyrl-msa_Latn,metricx24,unknown,4754652,1200000,4.0
bul_Cyrl-mya_Mymr,qwen3-4b-instruct-2507,0.906869,779790,28000,27.8
bul_Cyrl-nap_Latn,metricx24,unknown,84311,1200000,0.1
bul_Cyrl-nds_Latn,metricx24,unknown,199904,1200000,0.2
bul_Cyrl-nep_Deva,metricx24,unknown,403146,1200000,0.3
bul_Cyrl-nld_Latn,metricx24,0.907233,55534279,1200000,46.3
bul_Cyrl-nno_Latn,shaomutan_remedy-9b-22,0.934394904,651819,200000,3.3
bul_Cyrl-nob_Latn,metricx24,0.844555,23626761,1200000,19.7
bul_Cyrl-nor_Latn,metricx24,unknown,9188760,1200000,7.7
bul_Cyrl-npi_Deva,qwen3-4b-instruct-2507,0.934599,208126,28000,7.4
bul_Cyrl-nso_Latn,metricx24,0.647262878,29384,1200000,0.0
bul_Cyrl-nya_Latn,metricx24,0.712849337,82724,1200000,0.1
bul_Cyrl-oci_Latn,qwen3-4b-instruct-2507,0.891453,219016,28000,7.8
bul_Cyrl-pan_Guru,qwen3-4b-instruct-2507,0.955107,128325,28000,4.6
bul_Cyrl-pap_Latn,qwen3-4b-instruct-2507,0.870463,145331,28000,5.2
bul_Cyrl-pbt_Arab,shaomutan_remedy-9b-22,0.780727169,79107,200000,0.4
bul_Cyrl-plt_Latn,metricx24,0.78284956,172954,1200000,0.1
bul_Cyrl-pol_Latn,metricx24,0.80681,64863745,1200000,54.1
bul_Cyrl-por_Latn,metricx24,0.866004,60030242,1200000,50.0
bul_Cyrl-pus_Arab,metricx24,unknown,112985,1200000,0.1
bul_Cyrl-rmy_Latn,metricx24,unknown,84082,1200000,0.1
bul_Cyrl-roh_Latn,metricx24,unknown,15916,1200000,0.0
bul_Cyrl-ron_Latn,metricx24,0.8467,61295085,1200000,51.1
bul_Cyrl-rus_Cyrl,metricx24,0.879347,56829429,1200000,47.4
bul_Cyrl-scn_Latn,qwen3-4b-instruct-2507,0.860627,101024,28000,3.6
bul_Cyrl-sco_Latn,metricx24,unknown,55871,1200000,0.0
bul_Cyrl-shp_Latn,metricx24,unknown,23065,1200000,0.0
bul_Cyrl-sin_Sinh,qwen3-4b-instruct-2507,0.907183,1845272,28000,65.9
bul_Cyrl-slk_Latn,metricx24,0.796902,35566727,1200000,29.6
bul_Cyrl-slv_Latn,metricx24,0.873983,34905929,1200000,29.1
bul_Cyrl-sna_Latn,metricx24,0.7087226,100419,1200000,0.1
bul_Cyrl-snd_Arab,qwen3-4b-instruct-2507,0.909512,99138,28000,3.5
bul_Cyrl-som_Latn,shaomutan_remedy-9b-22,0.766088449,219070,200000,1.1
bul_Cyrl-spa_Latn,metricx24,0.875079,67630463,1200000,56.4
bul_Cyrl-sqi_Latn,metricx24,unknown,1718469,1200000,1.4
bul_Cyrl-srd_Latn,qwen3-4b-instruct-2507,0.865655,1474700,28000,52.7
bul_Cyrl-srp_Cyrl,metricx24,0.890877,8674816,1200000,7.2
bul_Cyrl-srp_Latn,metricx24,unknown,41662026,1200000,34.7
bul_Cyrl-sun_Latn,qwen3-4b-instruct-2507,0.895391,258560,28000,9.2
bul_Cyrl-swa_Latn,metricx24,unknown,957089,1200000,0.8
bul_Cyrl-swc_Latn,metricx24,unknown,151927,1200000,0.1
bul_Cyrl-swe_Latn,metricx24,0.87401,43599994,1200000,36.3
bul_Cyrl-swh_Latn,shaomutan_remedy-9b-22,0.913323242,984704,200000,4.9
bul_Cyrl-tam_Taml,qwen3-4b-instruct-2507,0.959467,2008825,28000,71.7
bul_Cyrl-tat_Cyrl,qwen3-4b-instruct-2507,0.880194,117665,28000,4.2
bul_Cyrl-tel_Telu,qwen3-4b-instruct-2507,0.95442,1203756,28000,43.0
bul_Cyrl-tgk_Cyrl,qwen3-4b-instruct-2507,0.898845,206130,28000,7.4
bul_Cyrl-tgl_Latn,qwen3-4b-instruct-2507,0.937636,1298220,28000,46.4
bul_Cyrl-tha_Thai,metricx24,0.824807,12881142,1200000,10.7
bul_Cyrl-tur_Latn,metricx24,0.769908,44013948,1200000,36.7
bul_Cyrl-ukr_Cyrl,metricx24,0.841374,18908777,1200000,15.8
bul_Cyrl-und_Beng,metricx24,unknown,114159,1200000,0.1
bul_Cyrl-und_Geor,metricx24,unknown,51317,1200000,0.0
bul_Cyrl-und_Hira,metricx24,unknown,76703,1200000,0.1
bul_Cyrl-und_Kana,metricx24,unknown,259036,1200000,0.2
bul_Cyrl-urd_Arab,qwen3-4b-instruct-2507,0.910289,1644668,28000,58.7
bul_Cyrl-uzn_Latn,qwen3-4b-instruct-2507,0.897466,478548,28000,17.1
bul_Cyrl-vec_Latn,qwen3-4b-instruct-2507,0.904301,480917,28000,17.2
bul_Cyrl-vie_Latn,metricx24,0.858997,22927199,1200000,19.1
bul_Cyrl-wes_Latn,metricx24,unknown,50651,1200000,0.0
bul_Cyrl-wln_Latn,metricx24,unknown,44999,1200000,0.0
bul_Cyrl-wol_Latn,shaomutan_remedy-9b-22,0.400973428,63687,200000,0.3
bul_Cyrl-xho_Latn,shaomutan_remedy-9b-22,0.785557367,432906,200000,2.2
bul_Cyrl-yor_Latn,shaomutan_remedy-9b-22,0.709836178,130965,200000,0.7
bul_Cyrl-yue_Hani,metricx24,unknown,954899,1200000,0.8
bul_Cyrl-zho_Hans,metricx24,0.855474,6904519,1200000,5.8
bul_Cyrl-zho_Hant,qwen3-4b-instruct-2507,0.978527,4575429,28000,163.4
bul_Cyrl-zsm_Latn,qwen3-4b-instruct-2507,0.907651,3110559,28000,111.1
bul_Cyrl-zul_Latn,shaomutan_remedy-9b-22,0.814331635,111845,200000,0.6
cat_Latn-abk_Cyrl,metricx24,unknown,28745,1200000,0.0
cat_Latn-als_Latn,qwen3-4b-instruct-2507,0.927168,2003910,28000,71.6
cat_Latn-arg_Latn,metricx24,unknown,209623,1200000,0.2
cat_Latn-ast_Latn,qwen3-4b-instruct-2507,0.841573,534258,28000,19.1
cat_Latn-ceb_Latn,qwen3-4b-instruct-2507,0.933897,88525,28000,3.2
cat_Latn-ces_Latn,qwen3-4b-instruct-2507,0.966789,2870320,28000,102.5
cat_Latn-cmn_Hani,metricx24,unknown,939356,1200000,0.8
cat_Latn-cym_Latn,shaomutan_remedy-9b-22,0.896948421,877829,200000,4.4
cat_Latn-dan_Latn,qwen3-4b-instruct-2507,0.958776,4419339,28000,157.8
cat_Latn-deu_Latn,metricx24,0.937519,6049100,1200000,5.0
cat_Latn-ekk_Latn,metricx24,unknown,3477474,1200000,2.9
cat_Latn-ell_Grek,qwen3-4b-instruct-2507,0.96549,4609435,28000,164.6
cat_Latn-eng_Latn,metricx24,0.84764,45910656,1200000,38.3
cat_Latn-epo_Latn,shaomutan_remedy-9b-22,0.91497094,1646241,200000,8.2
cat_Latn-est_Latn,shaomutan_remedy-9b-22,0.931764398,801565,200000,4.0
cat_Latn-eus_Latn,shaomutan_remedy-9b-22,0.938050556,2036895,200000,10.2
cat_Latn-fas_Arab,metricx24,unknown,3532134,1200000,2.9
cat_Latn-fil_Latn,metricx24,unknown,433100,1200000,0.4
cat_Latn-fin_Latn,metricx24,0.822246,6215822,1200000,5.2
cat_Latn-fra_Latn,metricx24,0.867015,28047455,1200000,23.4
cat_Latn-fry_Latn,metricx24,unknown,155409,1200000,0.1
cat_Latn-fur_Latn,qwen3-4b-instruct-2507,0.859273,361695,28000,12.9
cat_Latn-gle_Latn,m-prometheus-7b,0.863384769,719289,27000,26.6
cat_Latn-glg_Latn,qwen3-4b-instruct-2507,0.948298,4580007,28000,163.6
cat_Latn-gug_Latn,metricx24,unknown,67603,1200000,0.1
cat_Latn-guj_Gujr,qwen3-4b-instruct-2507,0.958402,184003,28000,6.6
cat_Latn-hat_Latn,shaomutan_remedy-9b-22,0.876996139,356097,200000,1.8
cat_Latn-hau_Latn,shaomutan_remedy-9b-22,0.830223223,206503,200000,1.0
cat_Latn-hbs_Latn,metricx24,unknown,144499,1200000,0.1
cat_Latn-heb_Hebr,qwen3-4b-instruct-2507,0.972394,3597557,28000,128.5
cat_Latn-hin_Deva,qwen3-4b-instruct-2507,0.935107,2410683,28000,86.1
cat_Latn-hne_Deva,qwen3-4b-instruct-2507,0.836834,90455,28000,3.2
cat_Latn-hrv_Latn,qwen3-4b-instruct-2507,0.949527,4368469,28000,156.0
cat_Latn-hun_Latn,qwen3-4b-instruct-2507,0.962922,4765096,28000,170.2
cat_Latn-hye_Armn,qwen3-4b-instruct-2507,0.947571,335434,28000,12.0
cat_Latn-ibo_Latn,shaomutan_remedy-9b-22,0.754496641,122961,200000,0.6
cat_Latn-ilo_Latn,metricx24,0.771084569,60735,1200000,0.1
cat_Latn-ind_Latn,metricx24,0.873148,5507817,1200000,4.6
cat_Latn-isl_Latn,shaomutan_remedy-9b-22,0.914286739,1888866,200000,9.4
cat_Latn-ita_Latn,metricx24,0.898126,15022515,1200000,12.5
cat_Latn-jav_Latn,qwen3-4b-instruct-2507,0.885226,246972,28000,8.8
cat_Latn-jpn_Jpan,qwen3-4b-instruct-2507,0.975615,2887987,28000,103.1
cat_Latn-kan_Knda,qwen3-4b-instruct-2507,0.946078,172332,28000,6.2
cat_Latn-kat_Geor,shaomutan_remedy-9b-22,0.928241774,458512,200000,2.3
cat_Latn-kaz_Cyrl,shaomutan_remedy-9b-22,0.950779785,493509,200000,2.5
cat_Latn-khk_Cyrl,metricx24,0.821800785,117875,1200000,0.1
cat_Latn-khm_Khmr,qwen3-4b-instruct-2507,0.932957,264812,28000,9.5
cat_Latn-kin_Latn,shaomutan_remedy-9b-22,0.827260678,112946,200000,0.6
cat_Latn-kir_Cyrl,shaomutan_remedy-9b-22,0.909615564,129589,200000,0.6
cat_Latn-kiu_Latn,metricx24,unknown,132622,1200000,0.1
cat_Latn-kmr_Latn,metricx24,0.734214735,89165,1200000,0.1
cat_Latn-kor_Hang,qwen3-4b-instruct-2507,0.958487,1645761,28000,58.8
cat_Latn-kor_Zyyy,metricx24,unknown,815090,1200000,0.7
cat_Latn-lao_Laoo,qwen3-4b-instruct-2507,0.906834,93295,28000,3.3
cat_Latn-lat_Latn,metricx24,unknown,244887,1200000,0.2
cat_Latn-lav_Latn,metricx24,unknown,415580,1200000,0.3
cat_Latn-lim_Latn,qwen3-4b-instruct-2507,0.810876,90959,28000,3.2
cat_Latn-lit_Latn,qwen3-4b-instruct-2507,0.923892,3651679,28000,130.4
cat_Latn-ltz_Latn,qwen3-4b-instruct-2507,0.903539,153431,28000,5.5
cat_Latn-lvs_Latn,qwen3-4b-instruct-2507,0.940692,2725583,28000,97.3
cat_Latn-lzh_Hani,metricx24,unknown,221917,1200000,0.2
cat_Latn-mal_Mlym,qwen3-4b-instruct-2507,0.960343,691638,28000,24.7
cat_Latn-mar_Deva,qwen3-4b-instruct-2507,0.940234,547846,28000,19.6
cat_Latn-mkd_Cyrl,qwen3-4b-instruct-2507,0.965416,1915005,28000,68.4
cat_Latn-mlg_Latn,metricx24,unknown,195850,1200000,0.2
cat_Latn-mlt_Latn,shaomutan_remedy-9b-22,0.933378216,345864,200000,1.7
cat_Latn-mon_Cyrl,metricx24,unknown,118445,1200000,0.1
cat_Latn-mri_Latn,shaomutan_remedy-9b-22,0.743059011,61880,200000,0.3
cat_Latn-msa_Latn,metricx24,unknown,1357980,1200000,1.1
cat_Latn-mya_Mymr,shaomutan_remedy-9b-22,0.922889953,214527,200000,1.1
cat_Latn-nds_Latn,metricx24,unknown,181375,1200000,0.2
cat_Latn-nep_Deva,metricx24,unknown,316140,1200000,0.3
cat_Latn-nld_Latn,qwen3-4b-instruct-2507,0.95122,4392875,28000,156.9
cat_Latn-nno_Latn,qwen3-4b-instruct-2507,0.935764,310222,28000,11.1
cat_Latn-nob_Latn,qwen3-4b-instruct-2507,0.937456,3446004,28000,123.1
cat_Latn-nor_Latn,metricx24,unknown,1833920,1200000,1.5
cat_Latn-npi_Deva,qwen3-4b-instruct-2507,0.933668,136054,28000,4.9
cat_Latn-nya_Latn,shaomutan_remedy-9b-22,0.760756749,70720,200000,0.4
cat_Latn-oci_Latn,shaomutan_remedy-9b-22,0.902203933,361365,200000,1.8
cat_Latn-pan_Guru,qwen3-4b-instruct-2507,0.953146,115112,28000,4.1
cat_Latn-pap_Latn,qwen3-4b-instruct-2507,0.82003,108372,28000,3.9
cat_Latn-pbt_Arab,shaomutan_remedy-9b-22,0.807059343,67536,200000,0.3
cat_Latn-plt_Latn,metricx24,0.794337565,134365,1200000,0.1
cat_Latn-pol_Latn,qwen3-4b-instruct-2507,0.961931,3911547,28000,139.7
cat_Latn-por_Latn,metricx24,0.847837,16335116,1200000,13.6
cat_Latn-pus_Arab,metricx24,unknown,90054,1200000,0.1
cat_Latn-ron_Latn,metricx24,0.83435,8150001,1200000,6.8
cat_Latn-rus_Cyrl,metricx24,0.882866,5337105,1200000,4.4
cat_Latn-sco_Latn,metricx24,unknown,53520,1200000,0.0
cat_Latn-sin_Sinh,shaomutan_remedy-9b-22,0.925304326,616123,200000,3.1
cat_Latn-slk_Latn,qwen3-4b-instruct-2507,0.957924,4661745,28000,166.5
cat_Latn-slv_Latn,qwen3-4b-instruct-2507,0.954335,3854746,28000,137.7
cat_Latn-sna_Latn,shaomutan_remedy-9b-22,0.769233609,50424,200000,0.3
cat_Latn-snd_Arab,qwen3-4b-instruct-2507,0.916814,65780,28000,2.3
cat_Latn-som_Latn,shaomutan_remedy-9b-22,0.78786364,123956,200000,0.6
cat_Latn-spa_Latn,metricx24,0.862443,120855650,1200000,100.7
cat_Latn-sqi_Latn,metricx24,unknown,852864,1200000,0.7
cat_Latn-srd_Latn,qwen3-4b-instruct-2507,0.805097,742929,28000,26.5
cat_Latn-srp_Cyrl,qwen3-4b-instruct-2507,0.966371,2378919,28000,85.0
cat_Latn-srp_Latn,metricx24,unknown,1871102,1200000,1.6
cat_Latn-sun_Latn,qwen3-4b-instruct-2507,0.882394,216289,28000,7.7
cat_Latn-swa_Latn,metricx24,unknown,678702,1200000,0.6
cat_Latn-swc_Latn,metricx24,unknown,103409,1200000,0.1
cat_Latn-swe_Latn,qwen3-4b-instruct-2507,0.960976,2841801,28000,101.5
cat_Latn-swh_Latn,shaomutan_remedy-9b-22,0.91882532,707310,200000,3.5
cat_Latn-tam_Taml,qwen3-4b-instruct-2507,0.960811,1042554,28000,37.2
cat_Latn-tel_Telu,qwen3-4b-instruct-2507,0.950657,497076,28000,17.8
cat_Latn-tgk_Cyrl,qwen3-4b-instruct-2507,0.894306,190504,28000,6.8
cat_Latn-tgl_Latn,qwen3-4b-instruct-2507,0.942016,912719,28000,32.6
cat_Latn-tha_Thai,qwen3-4b-instruct-2507,0.955291,1845168,28000,65.9
cat_Latn-tur_Latn,qwen3-4b-instruct-2507,0.956859,3934516,28000,140.5
cat_Latn-ukr_Cyrl,qwen3-4b-instruct-2507,0.966336,4278487,28000,152.8
cat_Latn-und_Kana,metricx24,unknown,199426,1200000,0.2
cat_Latn-urd_Arab,shaomutan_remedy-9b-22,0.912607138,789572,200000,3.9
cat_Latn-uzn_Latn,qwen3-4b-instruct-2507,0.872021,254904,28000,9.1
cat_Latn-vec_Latn,qwen3-4b-instruct-2507,0.868208,322537,28000,11.5
cat_Latn-vie_Latn,qwen3-4b-instruct-2507,0.947272,2884341,28000,103.0
cat_Latn-wln_Latn,metricx24,unknown,54327,1200000,0.0
cat_Latn-xho_Latn,shaomutan_remedy-9b-22,0.848369878,355575,200000,1.8
cat_Latn-yor_Latn,shaomutan_remedy-9b-22,0.705649063,116686,200000,0.6
cat_Latn-yue_Hani,metricx24,unknown,359197,1200000,0.3
cat_Latn-zho_Hans,qwen3-4b-instruct-2507,0.982549,1698455,28000,60.7
cat_Latn-zho_Hant,qwen3-4b-instruct-2507,0.981633,855423,28000,30.6
cat_Latn-zsm_Latn,qwen3-4b-instruct-2507,0.914833,974341,28000,34.8
cat_Latn-zul_Latn,shaomutan_remedy-9b-22,0.818859509,73055,200000,0.4
cbk_Latn-fra_Latn,metricx24,unknown,180052,1200000,0.2
cbk_Latn-ita_Latn,metricx24,unknown,104850,1200000,0.1
cbk_Latn-nld_Latn,metricx24,unknown,58246,1200000,0.0
cbk_Latn-pol_Latn,metricx24,unknown,64541,1200000,0.1
cbk_Latn-por_Latn,metricx24,unknown,315164,1200000,0.3
cbk_Latn-ron_Latn,metricx24,unknown,57773,1200000,0.0
ceb_Latn-ces_Latn,qwen3-4b-instruct-2507,0.916506,158975,28000,5.7
ceb_Latn-dan_Latn,shaomutan_remedy-9b-22,0.94027754,176679,200000,0.9
ceb_Latn-deu_Latn,shaomutan_remedy-9b-22,0.946628082,563426,200000,2.8
ceb_Latn-ekk_Latn,metricx24,unknown,68260,1200000,0.1
ceb_Latn-ell_Grek,shaomutan_remedy-9b-22,0.947826719,171808,200000,0.9
ceb_Latn-eng_Latn,metricx24,0.854907,11766041,1200000,9.8
ceb_Latn-epo_Latn,shaomutan_remedy-9b-22,0.912421323,112300,200000,0.6
ceb_Latn-est_Latn,shaomutan_remedy-9b-22,0.896429393,92514,200000,0.5
ceb_Latn-eus_Latn,shaomutan_remedy-9b-22,0.909673221,68611,200000,0.3
ceb_Latn-fas_Arab,metricx24,unknown,187403,1200000,0.2
ceb_Latn-fij_Latn,metricx24,0.584638209,254827,1200000,0.2
ceb_Latn-fil_Latn,metricx24,unknown,67396,1200000,0.1
ceb_Latn-fin_Latn,shaomutan_remedy-9b-22,0.926954568,195815,200000,1.0
ceb_Latn-fra_Latn,qwen3-4b-instruct-2507,0.948561,325170,28000,11.6
ceb_Latn-glg_Latn,qwen3-4b-instruct-2507,0.933136,80920,28000,2.9
ceb_Latn-hat_Latn,shaomutan_remedy-9b-22,0.851753406,55217,200000,0.3
ceb_Latn-hau_Latn,shaomutan_remedy-9b-22,0.787379652,35916,200000,0.2
ceb_Latn-heb_Hebr,qwen3-4b-instruct-2507,0.936083,188941,28000,6.7
ceb_Latn-hin_Deva,shaomutan_remedy-9b-22,0.906559584,180275,200000,0.9
ceb_Latn-hrv_Latn,shaomutan_remedy-9b-22,0.93910956,202247,200000,1.0
ceb_Latn-hun_Latn,shaomutan_remedy-9b-22,0.934218539,205278,200000,1.0
ceb_Latn-ilo_Latn,metricx24,0.761390453,449940,1200000,0.4
ceb_Latn-ind_Latn,shaomutan_remedy-9b-22,0.939800916,401623,200000,2.0
ceb_Latn-isl_Latn,shaomutan_remedy-9b-22,0.895248998,119426,200000,0.6
ceb_Latn-ita_Latn,shaomutan_remedy-9b-22,0.949351173,257612,200000,1.3
ceb_Latn-jav_Latn,m-prometheus-7b,0.813011448,855525,27000,31.7
ceb_Latn-jpn_Jpan,qwen3-4b-instruct-2507,0.919647,382330,28000,13.7
ceb_Latn-kat_Geor,shaomutan_remedy-9b-22,0.940464833,49587,200000,0.2
ceb_Latn-kor_Hang,shaomutan_remedy-9b-22,0.944856397,105964,200000,0.5
ceb_Latn-kor_Zyyy,metricx24,unknown,86248,1200000,0.1
ceb_Latn-lat_Latn,metricx24,unknown,67488,1200000,0.1
ceb_Latn-lit_Latn,shaomutan_remedy-9b-22,0.915120609,151910,200000,0.8
ceb_Latn-lvs_Latn,shaomutan_remedy-9b-22,0.9151815,76071,200000,0.4
ceb_Latn-mal_Mlym,shaomutan_remedy-9b-22,0.925818385,140613,200000,0.7
ceb_Latn-mar_Deva,shaomutan_remedy-9b-22,0.919362994,112071,200000,0.6
ceb_Latn-mkd_Cyrl,qwen3-4b-instruct-2507,0.937108,132692,28000,4.7
ceb_Latn-mlg_Latn,metricx24,unknown,216199,1200000,0.2
ceb_Latn-mri_Latn,shaomutan_remedy-9b-22,0.818298482,486606,200000,2.4
ceb_Latn-msa_Latn,metricx24,unknown,99209,1200000,0.1
ceb_Latn-nld_Latn,shaomutan_remedy-9b-22,0.934913552,255583,200000,1.3
ceb_Latn-nob_Latn,shaomutan_remedy-9b-22,0.927238432,63517,200000,0.3
ceb_Latn-nor_Latn,metricx24,unknown,123078,1200000,0.1
ceb_Latn-pag_Latn,metricx24,0.577453237,189326,1200000,0.2
ceb_Latn-plt_Latn,metricx24,0.75422692,840296,1200000,0.7
ceb_Latn-pol_Latn,shaomutan_remedy-9b-22,0.941813628,179005,200000,0.9
ceb_Latn-por_Latn,shaomutan_remedy-9b-22,0.93447754,175886,200000,0.9
ceb_Latn-ron_Latn,shaomutan_remedy-9b-22,0.923911232,161941,200000,0.8
ceb_Latn-rus_Cyrl,qwen3-4b-instruct-2507,0.908104,239361,28000,8.5
ceb_Latn-sin_Sinh,shaomutan_remedy-9b-22,0.91463897,60354,200000,0.3
ceb_Latn-slk_Latn,shaomutan_remedy-9b-22,0.923701449,144787,200000,0.7
ceb_Latn-slv_Latn,shaomutan_remedy-9b-22,0.930446499,98518,200000,0.5
ceb_Latn-smo_Latn,shaomutan_remedy-9b-22,0.734033384,555909,200000,2.8
ceb_Latn-spa_Latn,shaomutan_remedy-9b-22,0.936187573,343598,200000,1.7
ceb_Latn-sqi_Latn,metricx24,unknown,81914,1200000,0.1
ceb_Latn-srd_Latn,metricx24,0.781720287,40720,1200000,0.0
ceb_Latn-srp_Cyrl,shaomutan_remedy-9b-22,0.926879347,99321,200000,0.5
ceb_Latn-sun_Latn,shaomutan_remedy-9b-22,0.803454599,563398,200000,2.8
ceb_Latn-swa_Latn,metricx24,unknown,60009,1200000,0.1
ceb_Latn-swe_Latn,shaomutan_remedy-9b-22,0.930182985,193036,200000,1.0
ceb_Latn-tam_Taml,qwen3-4b-instruct-2507,0.918895,56801,28000,2.0
ceb_Latn-tgl_Latn,shaomutan_remedy-9b-22,0.924995716,66131,200000,0.3
ceb_Latn-tha_Thai,shaomutan_remedy-9b-22,0.938115528,95705,200000,0.5
ceb_Latn-tur_Latn,shaomutan_remedy-9b-22,0.941950551,177431,200000,0.9
ceb_Latn-ukr_Cyrl,qwen3-4b-instruct-2507,0.924077,168061,28000,6.0
ceb_Latn-urd_Arab,shaomutan_remedy-9b-22,0.892813086,68146,200000,0.3
ceb_Latn-vie_Latn,shaomutan_remedy-9b-22,0.934981223,91177,200000,0.5
ceb_Latn-war_Latn,qwen3-4b-instruct-2507,0.837352,488250,28000,17.4
ceb_Latn-xho_Latn,shaomutan_remedy-9b-22,0.799516495,51800,200000,0.3
ceb_Latn-zho_Hans,qwen3-4b-instruct-2507,0.94999,116164,28000,4.1
ces_Latn-abk_Cyrl,metricx24,unknown,105828,1200000,0.1
ces_Latn-afr_Latn,shaomutan_remedy-9b-22,0.894375225,356376,200000,1.8
ces_Latn-als_Latn,qwen3-4b-instruct-2507,0.916595,4577706,28000,163.5
ces_Latn-arg_Latn,metricx24,unknown,84511,1200000,0.1
ces_Latn-ast_Latn,qwen3-4b-instruct-2507,0.879995,282328,28000,10.1
ces_Latn-ayr_Latn,qwen3-4b-instruct-2507,0.274291,55878,28000,2.0
ces_Latn-azj_Latn,qwen3-4b-instruct-2507,0.867855,75955,28000,2.7
ces_Latn-bak_Cyrl,shaomutan_remedy-9b-22,0.870352761,143672,200000,0.7
ces_Latn-bar_Latn,metricx24,unknown,71830,1200000,0.1
ces_Latn-bel_Cyrl,shaomutan_remedy-9b-22,0.946468152,58219,200000,0.3
ces_Latn-bre_Latn,metricx24,unknown,46960,1200000,0.0
ces_Latn-cat_Latn,qwen3-4b-instruct-2507,0.960727,246301,28000,8.8
ces_Latn-ckb_Arab,metricx24,0.776805653,138949,1200000,0.1
ces_Latn-cmn_Hani,metricx24,unknown,17078167,1200000,14.2
ces_Latn-crh_Latn,m-prometheus-7b,0.795599801,84281,27000,3.1
ces_Latn-cym_Latn,qwen3-4b-instruct-2507,0.893151,883622,28000,31.6
ces_Latn-dan_Latn,metricx24,0.861384,54135917,1200000,45.1
ces_Latn-deu_Latn,metricx24,0.923334,94758906,1200000,79.0
ces_Latn-ekk_Latn,metricx24,unknown,28795280,1200000,24.0
ces_Latn-ell_Grek,metricx24,0.850886,61945914,1200000,51.6
ces_Latn-eng_Latn,metricx24,0.826893,202773278,1200000,169.0
ces_Latn-epo_Latn,qwen3-4b-instruct-2507,0.894146,2384362,28000,85.2
ces_Latn-est_Latn,metricx24,0.759898,6050667,1200000,5.0
ces_Latn-eus_Latn,qwen3-4b-instruct-2507,0.916765,1938163,28000,69.2
ces_Latn-fao_Latn,qwen3-4b-instruct-2507,0.86659,85584,28000,3.1
ces_Latn-fas_Arab,metricx24,unknown,34583581,1200000,28.8
ces_Latn-fil_Latn,metricx24,unknown,1058331,1200000,0.9
ces_Latn-fin_Latn,metricx24,0.812422,58644234,1200000,48.9
ces_Latn-fra_Latn,metricx24,0.852194,95763331,1200000,79.8
ces_Latn-fro_Latn,metricx24,unknown,208726,1200000,0.2
ces_Latn-fry_Latn,metricx24,unknown,195693,1200000,0.2
ces_Latn-fur_Latn,qwen3-4b-instruct-2507,0.881887,912378,28000,32.6
ces_Latn-gla_Latn,shaomutan_remedy-9b-22,0.799457426,67350,200000,0.3
ces_Latn-gle_Latn,m-prometheus-7b,0.887461424,1341460,27000,49.7
ces_Latn-glg_Latn,qwen3-4b-instruct-2507,0.961453,1252478,28000,44.7
ces_Latn-grc_Grek,metricx24,unknown,57103,1200000,0.0
ces_Latn-gsw_Latn,metricx24,unknown,225079,1200000,0.2
ces_Latn-gug_Latn,metricx24,unknown,79210,1200000,0.1
ces_Latn-guj_Gujr,qwen3-4b-instruct-2507,0.951294,104547,28000,3.7
ces_Latn-hat_Latn,shaomutan_remedy-9b-22,0.832545248,369429,200000,1.8
ces_Latn-hau_Latn,metricx24,0.785850121,325584,1200000,0.3
ces_Latn-hbs_Latn,metricx24,unknown,1254745,1200000,1.0
ces_Latn-heb_Hebr,metricx24,0.846808,37643102,1200000,31.4
ces_Latn-hin_Deva,metricx24,0.79664,5311916,1200000,4.4
ces_Latn-hne_Deva,qwen3-4b-instruct-2507,0.847641,87195,28000,3.1
ces_Latn-hrv_Latn,metricx24,0.90609075,42588367,1200000,35.5
ces_Latn-hun_Latn,metricx24,0.80921,69868873,1200000,58.2
ces_Latn-hye_Armn,shaomutan_remedy-9b-22,0.944274139,436000,200000,2.2
ces_Latn-ibo_Latn,shaomutan_remedy-9b-22,0.711868143,152074,200000,0.8
ces_Latn-ilo_Latn,metricx24,0.735717543,161725,1200000,0.1
ces_Latn-ina_Latn,metricx24,unknown,132126,1200000,0.1
ces_Latn-ind_Latn,metricx24,0.845978,36423950,1200000,30.4
ces_Latn-isl_Latn,metricx24,0.778587,6133506,1200000,5.1
ces_Latn-ita_Latn,metricx24,0.880032,70721532,1200000,58.9
ces_Latn-jam_Latn,metricx24,unknown,97133,1200000,0.1
ces_Latn-jav_Latn,qwen3-4b-instruct-2507,0.879846,482526,28000,17.2
ces_Latn-jpn_Jpan,metricx24,0.808913,16617755,1200000,13.8
ces_Latn-kab_Latn,qwen3-4b-instruct-2507,0.352419,231894,28000,8.3
ces_Latn-kan_Knda,qwen3-4b-instruct-2507,0.931916,138271,28000,4.9
ces_Latn-kat_Geor,shaomutan_remedy-9b-22,0.93960807,752583,200000,3.8
ces_Latn-kaz_Cyrl,shaomutan_remedy-9b-22,0.934954439,389525,200000,1.9
ces_Latn-khk_Cyrl,metricx24,0.815933155,165584,1200000,0.1
ces_Latn-khm_Khmr,qwen3-4b-instruct-2507,0.919841,547338,28000,19.5
ces_Latn-kin_Latn,shaomutan_remedy-9b-22,0.778208759,149019,200000,0.7
ces_Latn-kir_Cyrl,shaomutan_remedy-9b-22,0.865926823,132114,200000,0.7
ces_Latn-kiu_Latn,metricx24,unknown,278388,1200000,0.2
ces_Latn-kmr_Latn,metricx24,0.724340905,116236,1200000,0.1
ces_Latn-kor_Hang,metricx24,0.828545,21539803,1200000,17.9
ces_Latn-kor_Zyyy,metricx24,unknown,3931884,1200000,3.3
ces_Latn-lao_Laoo,qwen3-4b-instruct-2507,0.902977,106245,28000,3.8
ces_Latn-lat_Latn,metricx24,unknown,340225,1200000,0.3
ces_Latn-lav_Latn,metricx24,unknown,1965912,1200000,1.6
ces_Latn-lim_Latn,qwen3-4b-instruct-2507,0.827954,474727,28000,17.0
ces_Latn-lit_Latn,metricx24,0.793196,24049867,1200000,20.0
ces_Latn-ltz_Latn,qwen3-4b-instruct-2507,0.910229,258619,28000,9.2
ces_Latn-lug_Latn,metricx24,0.445925112,34427,1200000,0.0
ces_Latn-lvs_Latn,metricx24,0.747146,18391666,1200000,15.3
ces_Latn-lzh_Hani,metricx24,unknown,665701,1200000,0.6
ces_Latn-mal_Mlym,qwen3-4b-instruct-2507,0.952369,1781751,28000,63.6
ces_Latn-mar_Deva,qwen3-4b-instruct-2507,0.939876,641305,28000,22.9
ces_Latn-mhr_Cyrl,metricx24,unknown,157109,1200000,0.1
ces_Latn-mkd_Cyrl,metricx24,0.863084,7009295,1200000,5.8
ces_Latn-mlg_Latn,metricx24,unknown,222196,1200000,0.2
ces_Latn-mlt_Latn,qwen3-4b-instruct-2507,0.908442,4286960,28000,153.1
ces_Latn-mon_Cyrl,metricx24,unknown,185276,1200000,0.2
ces_Latn-mri_Latn,shaomutan_remedy-9b-22,0.7114065,99183,200000,0.5
ces_Latn-msa_Latn,metricx24,unknown,5212444,1200000,4.3
ces_Latn-mya_Mymr,qwen3-4b-instruct-2507,0.901852,746991,28000,26.7
ces_Latn-nap_Latn,metricx24,unknown,97188,1200000,0.1
ces_Latn-nds_Latn,metricx24,unknown,235213,1200000,0.2
ces_Latn-nep_Deva,metricx24,unknown,364001,1200000,0.3
ces_Latn-nld_Latn,metricx24,0.890639,85552093,1200000,71.3
ces_Latn-nno_Latn,qwen3-4b-instruct-2507,0.937865,990789,28000,35.4
ces_Latn-nob_Latn,metricx24,0.84055,28900558,1200000,24.1
ces_Latn-nor_Latn,metricx24,unknown,13004917,1200000,10.8
ces_Latn-npi_Deva,qwen3-4b-instruct-2507,0.930338,172680,28000,6.2
ces_Latn-nso_Latn,metricx24,0.619262796,34671,1200000,0.0
ces_Latn-nya_Latn,metricx24,0.697302209,77250,1200000,0.1
ces_Latn-oci_Latn,qwen3-4b-instruct-2507,0.89555,258982,28000,9.2
ces_Latn-pan_Guru,qwen3-4b-instruct-2507,0.95434,123136,28000,4.4
ces_Latn-pap_Latn,qwen3-4b-instruct-2507,0.834505,209803,28000,7.5
ces_Latn-pbt_Arab,shaomutan_remedy-9b-22,0.776459882,75580,200000,0.4
ces_Latn-plt_Latn,metricx24,0.764536294,175835,1200000,0.1
ces_Latn-pol_Latn,metricx24,0.795198,110349375,1200000,92.0
ces_Latn-por_Latn,metricx24,0.836964,92697827,1200000,77.2
ces_Latn-pus_Arab,metricx24,unknown,102396,1200000,0.1
ces_Latn-rmy_Latn,metricx24,unknown,96647,1200000,0.1
ces_Latn-roh_Latn,metricx24,unknown,18393,1200000,0.0
ces_Latn-ron_Latn,metricx24,0.8378,69259225,1200000,57.7
ces_Latn-rus_Cyrl,metricx24,0.861133,61871200,1200000,51.6
ces_Latn-scn_Latn,qwen3-4b-instruct-2507,0.853713,172748,28000,6.2
ces_Latn-sco_Latn,metricx24,unknown,144749,1200000,0.1
ces_Latn-shp_Latn,metricx24,unknown,27852,1200000,0.0
ces_Latn-sin_Sinh,qwen3-4b-instruct-2507,0.904589,1912433,28000,68.3
ces_Latn-slk_Latn,xcomet-xl,0.947465335,62708932,400000,156.8
ces_Latn-slv_Latn,metricx24,0.855553,35705403,1200000,29.8
ces_Latn-sna_Latn,metricx24,0.687181235,101387,1200000,0.1
ces_Latn-snd_Arab,qwen3-4b-instruct-2507,0.912802,113128,28000,4.0
ces_Latn-som_Latn,shaomutan_remedy-9b-22,0.750387895,235749,200000,1.2
ces_Latn-spa_Latn,metricx24,0.847997,107171298,1200000,89.3
ces_Latn-sqi_Latn,metricx24,unknown,1773336,1200000,1.5
ces_Latn-srd_Latn,qwen3-4b-instruct-2507,0.858646,1879059,28000,67.1
ces_Latn-srp_Cyrl,metricx24,0.893978,6815207,1200000,5.7
ces_Latn-srp_Latn,metricx24,unknown,39646460,1200000,33.0
ces_Latn-sun_Latn,qwen3-4b-instruct-2507,0.870921,281963,28000,10.1
ces_Latn-swa_Latn,metricx24,unknown,963015,1200000,0.8
ces_Latn-swc_Latn,metricx24,unknown,139424,1200000,0.1
ces_Latn-swe_Latn,metricx24,0.854825,70083062,1200000,58.4
ces_Latn-swh_Latn,qwen3-4b-instruct-2507,0.852494,728162,28000,26.0
ces_Latn-szl_Latn,qwen3-4b-instruct-2507,0.749691,74527,28000,2.7
ces_Latn-tam_Taml,qwen3-4b-instruct-2507,0.952524,2117790,28000,75.6
ces_Latn-tat_Cyrl,qwen3-4b-instruct-2507,0.868128,133845,28000,4.8
ces_Latn-tel_Telu,qwen3-4b-instruct-2507,0.95117,1171503,28000,41.8
ces_Latn-tgk_Cyrl,qwen3-4b-instruct-2507,0.899652,191668,28000,6.8
ces_Latn-tgl_Latn,qwen3-4b-instruct-2507,0.937825,1500968,28000,53.6
ces_Latn-tha_Thai,metricx24,0.813984,15061022,1200000,12.6
ces_Latn-tur_Latn,metricx24,0.745757,55636499,1200000,46.4
ces_Latn-ukr_Cyrl,metricx24,0.841115,14557545,1200000,12.1
ces_Latn-und_Geor,metricx24,unknown,53717,1200000,0.0
ces_Latn-und_Hira,metricx24,unknown,93317,1200000,0.1
ces_Latn-und_Kana,metricx24,unknown,349271,1200000,0.3
ces_Latn-urd_Arab,qwen3-4b-instruct-2507,0.912748,1476087,28000,52.7
ces_Latn-uzn_Latn,qwen3-4b-instruct-2507,0.882344,225169,28000,8.0
ces_Latn-vec_Latn,qwen3-4b-instruct-2507,0.902992,721916,28000,25.8
ces_Latn-vie_Latn,metricx24,0.839513,28800528,1200000,24.0
ces_Latn-wes_Latn,metricx24,unknown,73225,1200000,0.1
ces_Latn-wln_Latn,metricx24,unknown,45412,1200000,0.0
ces_Latn-wol_Latn,shaomutan_remedy-9b-22,0.507848686,118300,200000,0.6
ces_Latn-wuu_Hani,metricx24,unknown,64128,1200000,0.1
ces_Latn-xav_Latn,metricx24,unknown,69464,1200000,0.1
ces_Latn-xho_Latn,shaomutan_remedy-9b-22,0.734841712,393096,200000,2.0
ces_Latn-yor_Latn,shaomutan_remedy-9b-22,0.644206901,124564,200000,0.6
ces_Latn-yue_Hani,metricx24,unknown,1139522,1200000,0.9
ces_Latn-zho_Hans,metricx24,0.84612,9822840,1200000,8.2
ces_Latn-zho_Hant,metricx24,0.833438,5998733,1200000,5.0
ces_Latn-zho_Zyyy,metricx24,unknown,105207,1200000,0.1
ces_Latn-zsm_Latn,qwen3-4b-instruct-2507,0.898706,2890341,28000,103.2
ces_Latn-zul_Latn,shaomutan_remedy-9b-22,0.782797323,117224,200000,0.6
chv_Cyrl-eng_Latn,metricx24,unknown,200773,1200000,0.2
chv_Cyrl-rus_Cyrl,metricx24,unknown,969192,1200000,0.8
cjk_Latn-fra_Latn,shaomutan_remedy-9b-22,0.775851638,150995,200000,0.8
cjk_Latn-por_Latn,qwen3-4b-instruct-2507,0.759602,243601,28000,8.7
ckb_Arab-cmn_Hani,metricx24,unknown,151595,1200000,0.1
ckb_Arab-eng_Latn,metricx24,0.799081,7808769,1200000,6.5
ckb_Arab-fas_Arab,metricx24,unknown,144238,1200000,0.1
ckb_Arab-kmr_Latn,metricx24,0.711243005,105896,1200000,0.1
ckb_Arab-nld_Latn,shaomutan_remedy-9b-22,0.890222993,172424,200000,0.9
ckb_Arab-pbt_Arab,metricx24,0.66805033,213043,1200000,0.2
ckb_Arab-pol_Latn,shaomutan_remedy-9b-22,0.892139455,171964,200000,0.9
ckb_Arab-por_Latn,qwen3-4b-instruct-2507,0.867153,222156,28000,7.9
ckb_Arab-ron_Latn,shaomutan_remedy-9b-22,0.914102896,173248,200000,0.9
ckb_Arab-rus_Cyrl,shaomutan_remedy-9b-22,0.898855513,219201,200000,1.1
ckb_Arab-spa_Latn,shaomutan_remedy-9b-22,0.871375898,83948,200000,0.4
ckb_Arab-swe_Latn,shaomutan_remedy-9b-22,0.895053268,119181,200000,0.6
ckb_Arab-tgk_Cyrl,shaomutan_remedy-9b-22,0.840801247,239232,200000,1.2
ckb_Arab-tha_Thai,shaomutan_remedy-9b-22,0.87580168,128735,200000,0.6
ckb_Arab-tur_Latn,shaomutan_remedy-9b-22,0.897587509,215098,200000,1.1
ckb_Arab-ukr_Cyrl,shaomutan_remedy-9b-22,0.895001605,94513,200000,0.5
ckb_Arab-vie_Latn,shaomutan_remedy-9b-22,0.84878125,175154,200000,0.9
cmn_Hani-eng_Latn,metricx24,unknown,168475,1200000,0.1
cmn_Hani-fra_Latn,metricx24,unknown,24060,1200000,0.0
cmn_Hani-jpn_Jpan,metricx24,unknown,70897,1200000,0.1
cmn_Hani-nld_Latn,metricx24,unknown,73865,1200000,0.1
cmn_Hani-pol_Latn,metricx24,unknown,72185,1200000,0.1
cmn_Hani-por_Latn,metricx24,unknown,98434,1200000,0.1
cmn_Hani-rus_Cyrl,metricx24,unknown,120767,1200000,0.1
cmn_Hani-tur_Latn,metricx24,unknown,64108,1200000,0.1
cmn_Hani-yue_Hani,qwen3-4b-instruct-2507,unknown,121506,28000,4.3
cmn_Hani-zho_Hans,metricx24,unknown,419917,1200000,0.3
cmn_Hani-zho_Hant,metricx24,unknown,2354460,1200000,2.0
crh_Cyrl-eng_Latn,metricx24,unknown,377959,1200000,0.3
crh_Cyrl-rus_Cyrl,metricx24,unknown,108531,1200000,0.1
crh_Latn-eng_Latn,qwen3-4b-instruct-2507,0.941279,1189287,28000,42.5
crh_Latn-rus_Cyrl,shaomutan_remedy-9b-22,0.940978461,462151,200000,2.3
crh_Latn-tat_Cyrl,m-prometheus-7b,0.912105525,358877,27000,13.3
crh_Latn-vie_Latn,shaomutan_remedy-9b-22,0.902486334,56305,200000,0.3
cto_Latn-fra_Latn,metricx24,unknown,56109,1200000,0.0
cym_Latn-als_Latn,qwen3-4b-instruct-2507,0.824903,449970,28000,16.1
cym_Latn-cmn_Hani,metricx24,unknown,128639,1200000,0.1
cym_Latn-dan_Latn,shaomutan_remedy-9b-22,0.936942971,856369,200000,4.3
cym_Latn-deu_Latn,qwen3-4b-instruct-2507,0.895231,2156788,28000,77.0
cym_Latn-ekk_Latn,metricx24,unknown,521835,1200000,0.4
cym_Latn-ell_Grek,shaomutan_remedy-9b-22,0.921671129,851215,200000,4.3
cym_Latn-eng_Latn,metricx24,0.827874,21441761,1200000,17.9
cym_Latn-epo_Latn,shaomutan_remedy-9b-22,0.90901972,315051,200000,1.6
cym_Latn-est_Latn,shaomutan_remedy-9b-22,0.91675793,192383,200000,1.0
cym_Latn-eus_Latn,shaomutan_remedy-9b-22,0.90369227,280482,200000,1.4
cym_Latn-fas_Arab,metricx24,unknown,745115,1200000,0.6
cym_Latn-fil_Latn,metricx24,unknown,81791,1200000,0.1
cym_Latn-fin_Latn,shaomutan_remedy-9b-22,0.941249492,1342791,200000,6.7
cym_Latn-fra_Latn,qwen3-4b-instruct-2507,0.925331,2436761,28000,87.0
cym_Latn-fry_Latn,metricx24,unknown,50536,1200000,0.0
cym_Latn-fur_Latn,qwen3-4b-instruct-2507,0.615968,76680,28000,2.7
cym_Latn-gle_Latn,shaomutan_remedy-9b-22,0.846587022,479027,200000,2.4
cym_Latn-glg_Latn,qwen3-4b-instruct-2507,0.891772,490384,28000,17.5
cym_Latn-guj_Gujr,shaomutan_remedy-9b-22,0.927513183,167457,200000,0.8
cym_Latn-hat_Latn,shaomutan_remedy-9b-22,0.837736818,182726,200000,0.9
cym_Latn-hau_Latn,shaomutan_remedy-9b-22,0.758307299,79993,200000,0.4
cym_Latn-heb_Hebr,shaomutan_remedy-9b-22,0.946405201,767968,200000,3.8
cym_Latn-hin_Deva,shaomutan_remedy-9b-22,0.91164766,536893,200000,2.7
cym_Latn-hne_Deva,metricx24,0.674666336,52714,1200000,0.0
cym_Latn-hrv_Latn,shaomutan_remedy-9b-22,0.919813864,1292950,200000,6.5
cym_Latn-hun_Latn,shaomutan_remedy-9b-22,0.935611299,1122172,200000,5.6
cym_Latn-hye_Armn,shaomutan_remedy-9b-22,0.928129506,150752,200000,0.8
cym_Latn-ibo_Latn,shaomutan_remedy-9b-22,0.759328323,63932,200000,0.3
cym_Latn-ind_Latn,shaomutan_remedy-9b-22,0.944720196,1464064,200000,7.3
cym_Latn-isl_Latn,shaomutan_remedy-9b-22,0.915945227,564931,200000,2.8
cym_Latn-ita_Latn,shaomutan_remedy-9b-22,0.937282912,1769854,200000,8.8
cym_Latn-jav_Latn,shaomutan_remedy-9b-22,0.811429562,103280,200000,0.5
cym_Latn-jpn_Jpan,shaomutan_remedy-9b-22,0.951204296,829400,200000,4.1
cym_Latn-kan_Knda,shaomutan_remedy-9b-22,0.915625901,137380,200000,0.7
cym_Latn-kat_Geor,shaomutan_remedy-9b-22,0.9442688,191657,200000,1.0
cym_Latn-kaz_Cyrl,shaomutan_remedy-9b-22,0.934826929,246647,200000,1.2
cym_Latn-khk_Cyrl,metricx24,0.787079425,61547,1200000,0.1
cym_Latn-khm_Khmr,shaomutan_remedy-9b-22,0.91991491,122310,200000,0.6
cym_Latn-kin_Latn,shaomutan_remedy-9b-22,0.794521957,44379,200000,0.2
cym_Latn-kir_Cyrl,shaomutan_remedy-9b-22,0.878031872,72865,200000,0.4
cym_Latn-kmr_Latn,metricx24,0.667762549,41418,1200000,0.0
cym_Latn-kor_Hang,shaomutan_remedy-9b-22,0.947659075,445570,200000,2.2
cym_Latn-kor_Zyyy,metricx24,unknown,261737,1200000,0.2
cym_Latn-lao_Laoo,shaomutan_remedy-9b-22,0.846207131,55484,200000,0.3
cym_Latn-lav_Latn,metricx24,unknown,138361,1200000,0.1
cym_Latn-lim_Latn,shaomutan_remedy-9b-22,0.754559002,32916,200000,0.2
cym_Latn-lit_Latn,shaomutan_remedy-9b-22,0.923938809,840432,200000,4.2
cym_Latn-lvs_Latn,shaomutan_remedy-9b-22,0.929122746,690180,200000,3.5
cym_Latn-mal_Mlym,shaomutan_remedy-9b-22,0.917353752,218550,200000,1.1
cym_Latn-mar_Deva,shaomutan_remedy-9b-22,0.915718336,204198,200000,1.0
cym_Latn-mkd_Cyrl,shaomutan_remedy-9b-22,0.939157628,727506,200000,3.6
cym_Latn-mlg_Latn,metricx24,unknown,83783,1200000,0.1
cym_Latn-mlt_Latn,shaomutan_remedy-9b-22,0.928247587,191044,200000,1.0
cym_Latn-mon_Cyrl,metricx24,unknown,72294,1200000,0.1
cym_Latn-msa_Latn,metricx24,unknown,450810,1200000,0.4
cym_Latn-mya_Mymr,shaomutan_remedy-9b-22,0.912538135,97948,200000,0.5
cym_Latn-nds_Latn,metricx24,unknown,75982,1200000,0.1
cym_Latn-nep_Deva,metricx24,unknown,176329,1200000,0.1
cym_Latn-nld_Latn,shaomutan_remedy-9b-22,0.944253939,1642044,200000,8.2
cym_Latn-nno_Latn,shaomutan_remedy-9b-22,0.938429042,145318,200000,0.7
cym_Latn-nob_Latn,shaomutan_remedy-9b-22,0.935036181,718435,200000,3.6
cym_Latn-nor_Latn,metricx24,unknown,444955,1200000,0.4
cym_Latn-npi_Deva,shaomutan_remedy-9b-22,0.901157153,60704,200000,0.3
cym_Latn-oci_Latn,qwen3-4b-instruct-2507,0.760329,56158,28000,2.0
cym_Latn-pan_Guru,qwen3-4b-instruct-2507,0.846287,110439,28000,3.9
cym_Latn-pbt_Arab,shaomutan_remedy-9b-22,0.793226305,38046,200000,0.2
cym_Latn-plt_Latn,metricx24,0.734175865,36449,1200000,0.0
cym_Latn-pol_Latn,shaomutan_remedy-9b-22,0.921473313,1387439,200000,6.9
cym_Latn-por_Latn,shaomutan_remedy-9b-22,0.937039283,1973438,200000,9.9
cym_Latn-pus_Arab,metricx24,unknown,58153,1200000,0.0
cym_Latn-ron_Latn,shaomutan_remedy-9b-22,0.929760511,1076082,200000,5.4
cym_Latn-rus_Cyrl,shaomutan_remedy-9b-22,0.929881485,1789843,200000,8.9
cym_Latn-sin_Sinh,shaomutan_remedy-9b-22,0.914295845,214189,200000,1.1
cym_Latn-slk_Latn,shaomutan_remedy-9b-22,0.934348494,960376,200000,4.8
cym_Latn-slv_Latn,shaomutan_remedy-9b-22,0.917538669,877563,200000,4.4
cym_Latn-som_Latn,shaomutan_remedy-9b-22,0.788747857,72960,200000,0.4
cym_Latn-spa_Latn,shaomutan_remedy-9b-22,0.938228245,2309915,200000,11.5
cym_Latn-sqi_Latn,metricx24,unknown,232169,1200000,0.2
cym_Latn-srd_Latn,metricx24,0.757040459,172499,1200000,0.1
cym_Latn-srp_Cyrl,shaomutan_remedy-9b-22,0.935477737,634698,200000,3.2
cym_Latn-srp_Latn,metricx24,unknown,387765,1200000,0.3
cym_Latn-sun_Latn,shaomutan_remedy-9b-22,0.804498707,97027,200000,0.5
cym_Latn-swa_Latn,metricx24,unknown,247188,1200000,0.2
cym_Latn-swe_Latn,shaomutan_remedy-9b-22,0.928036939,1268107,200000,6.3
cym_Latn-swh_Latn,shaomutan_remedy-9b-22,0.914266647,240095,200000,1.2
cym_Latn-tam_Taml,shaomutan_remedy-9b-22,0.92027885,264190,200000,1.3
cym_Latn-tel_Telu,shaomutan_remedy-9b-22,0.907573734,220763,200000,1.1
cym_Latn-tgk_Cyrl,shaomutan_remedy-9b-22,0.844243629,110142,200000,0.6
cym_Latn-tgl_Latn,shaomutan_remedy-9b-22,0.928572077,332445,200000,1.7
cym_Latn-tha_Thai,shaomutan_remedy-9b-22,0.940612993,778946,200000,3.9
cym_Latn-tur_Latn,shaomutan_remedy-9b-22,0.922484213,1270312,200000,6.4
cym_Latn-uig_Arab,shaomutan_remedy-9b-22,0.797348857,15854,200000,0.1
cym_Latn-ukr_Cyrl,shaomutan_remedy-9b-22,0.934295781,1009178,200000,5.0
cym_Latn-urd_Arab,shaomutan_remedy-9b-22,0.90050343,311149,200000,1.6
cym_Latn-uzn_Latn,metricx24,0.741880121,152043,1200000,0.1
cym_Latn-vie_Latn,shaomutan_remedy-9b-22,0.937766988,1231656,200000,6.2
cym_Latn-wln_Latn,metricx24,unknown,34762,1200000,0.0
cym_Latn-xho_Latn,shaomutan_remedy-9b-22,0.771224101,172038,200000,0.9
cym_Latn-yor_Latn,shaomutan_remedy-9b-22,0.677555464,71568,200000,0.4
cym_Latn-yue_Hani,metricx24,unknown,129828,1200000,0.1
cym_Latn-zho_Hans,qwen3-4b-instruct-2507,0.928761,429921,28000,15.4
cym_Latn-zho_Hant,qwen3-4b-instruct-2507,0.923489,298876,28000,10.7
cym_Latn-zsm_Latn,metricx24,0.81943419,347575,1200000,0.3
cym_Latn-zul_Latn,shaomutan_remedy-9b-22,0.800401913,43177,200000,0.2
dan_Latn-abk_Cyrl,metricx24,unknown,87224,1200000,0.1
dan_Latn-afr_Latn,shaomutan_remedy-9b-22,0.908811332,275935,200000,1.4
dan_Latn-als_Latn,qwen3-4b-instruct-2507,0.92553,3641038,28000,130.0
dan_Latn-ast_Latn,qwen3-4b-instruct-2507,0.899791,216329,28000,7.7
dan_Latn-azj_Latn,qwen3-4b-instruct-2507,0.876859,68837,28000,2.5
dan_Latn-bak_Cyrl,shaomutan_remedy-9b-22,0.895775625,105576,200000,0.5
dan_Latn-bre_Latn,metricx24,unknown,32301,1200000,0.0
dan_Latn-cat_Latn,qwen3-4b-instruct-2507,0.953011,170661,28000,6.1
dan_Latn-ces_Latn,qwen3-4b-instruct-2507,0.970602,798847,28000,28.5
dan_Latn-ckb_Arab,metricx24,0.78860556,90464,1200000,0.1
dan_Latn-cmn_Hani,metricx24,unknown,13075975,1200000,10.9
dan_Latn-crh_Latn,shaomutan_remedy-9b-22,0.807035553,60351,200000,0.3
dan_Latn-deu_Latn,metricx24,0.942926,94993816,1200000,79.2
dan_Latn-ekk_Latn,metricx24,unknown,25751394,1200000,21.5
dan_Latn-ell_Grek,metricx24,0.86798,57127689,1200000,47.6
dan_Latn-eng_Latn,metricx24,0.860996,159034231,1200000,132.5
dan_Latn-epo_Latn,shaomutan_remedy-9b-22,0.919750472,1896750,200000,9.5
dan_Latn-est_Latn,qwen3-4b-instruct-2507,0.917407,4912131,28000,175.4
dan_Latn-eus_Latn,shaomutan_remedy-9b-22,0.905040761,2344937,200000,11.7
dan_Latn-fao_Latn,shaomutan_remedy-9b-22,0.854355256,91709,200000,0.5
dan_Latn-fas_Arab,metricx24,unknown,28923293,1200000,24.1
dan_Latn-fil_Latn,metricx24,unknown,1069273,1200000,0.9
dan_Latn-fin_Latn,metricx24,0.824435,62238532,1200000,51.9
dan_Latn-fra_Latn,metricx24,0.876896,88215142,1200000,73.5
dan_Latn-fro_Latn,metricx24,unknown,149075,1200000,0.1
dan_Latn-fry_Latn,metricx24,unknown,441272,1200000,0.4
dan_Latn-fur_Latn,qwen3-4b-instruct-2507,0.884196,676248,28000,24.2
dan_Latn-gla_Latn,shaomutan_remedy-9b-22,0.820417344,93393,200000,0.5
dan_Latn-gle_Latn,m-prometheus-7b,0.913449477,1577193,27000,58.4
dan_Latn-glg_Latn,qwen3-4b-instruct-2507,0.974022,1049982,28000,37.5
dan_Latn-gsw_Latn,metricx24,unknown,192480,1200000,0.2
dan_Latn-guj_Gujr,qwen3-4b-instruct-2507,0.947183,99622,28000,3.6
dan_Latn-hat_Latn,shaomutan_remedy-9b-22,0.877932354,330966,200000,1.7
dan_Latn-hau_Latn,shaomutan_remedy-9b-22,0.815798682,275225,200000,1.4
dan_Latn-hbs_Latn,metricx24,unknown,1268242,1200000,1.1
dan_Latn-heb_Hebr,metricx24,0.87865,31381215,1200000,26.2
dan_Latn-hin_Deva,qwen3-4b-instruct-2507,0.939263,3410187,28000,121.8
dan_Latn-hne_Deva,qwen3-4b-instruct-2507,0.84442,96919,28000,3.5
dan_Latn-hrv_Latn,metricx24,0.927965,33185108,1200000,27.7
dan_Latn-hun_Latn,metricx24,0.819823,52333431,1200000,43.6
dan_Latn-hye_Armn,qwen3-4b-instruct-2507,0.94449,383542,28000,13.7
dan_Latn-ibo_Latn,shaomutan_remedy-9b-22,0.778818711,143411,200000,0.7
dan_Latn-ilo_Latn,metricx24,0.775871878,130056,1200000,0.1
dan_Latn-ina_Latn,metricx24,unknown,118779,1200000,0.1
dan_Latn-ind_Latn,metricx24,0.870373,33362395,1200000,27.8
dan_Latn-isl_Latn,shaomutan_remedy-9b-22,0.905331623,7023817,200000,35.1
dan_Latn-ita_Latn,metricx24,0.900958,72507187,1200000,60.4
dan_Latn-jav_Latn,shaomutan_remedy-9b-22,0.892654661,455972,200000,2.3
dan_Latn-jpn_Jpan,metricx24,0.826691,9898247,1200000,8.2
dan_Latn-kab_Latn,metricx24,0.343281015,174197,1200000,0.1
dan_Latn-kan_Knda,qwen3-4b-instruct-2507,0.941025,132801,28000,4.7
dan_Latn-kat_Geor,shaomutan_remedy-9b-22,0.922903746,689408,200000,3.4
dan_Latn-kaz_Cyrl,shaomutan_remedy-9b-22,0.950386878,350269,200000,1.8
dan_Latn-khk_Cyrl,metricx24,0.822913059,143222,1200000,0.1
dan_Latn-khm_Khmr,qwen3-4b-instruct-2507,0.931802,545574,28000,19.5
dan_Latn-kin_Latn,shaomutan_remedy-9b-22,0.825308618,159687,200000,0.8
dan_Latn-kir_Cyrl,shaomutan_remedy-9b-22,0.900268007,134454,200000,0.7
dan_Latn-kiu_Latn,metricx24,unknown,224743,1200000,0.2
dan_Latn-kmr_Latn,metricx24,0.735052256,119700,1200000,0.1
dan_Latn-kor_Hang,metricx24,0.84232,18364607,1200000,15.3
dan_Latn-kor_Zyyy,metricx24,unknown,3009713,1200000,2.5
dan_Latn-lao_Laoo,qwen3-4b-instruct-2507,0.913539,100430,28000,3.6
dan_Latn-lat_Latn,metricx24,unknown,273118,1200000,0.2
dan_Latn-lav_Latn,metricx24,unknown,1608890,1200000,1.3
dan_Latn-lim_Latn,shaomutan_remedy-9b-22,0.830165137,318272,200000,1.6
dan_Latn-lit_Latn,metricx24,0.811587,20287811,1200000,16.9
dan_Latn-ltz_Latn,qwen3-4b-instruct-2507,0.88887,413397,28000,14.8
dan_Latn-lvs_Latn,metricx24,0.759606,16300829,1200000,13.6
dan_Latn-lzh_Hani,metricx24,unknown,522462,1200000,0.4
dan_Latn-mal_Mlym,qwen3-4b-instruct-2507,0.956501,1484836,28000,53.0
dan_Latn-mar_Deva,qwen3-4b-instruct-2507,0.940179,571344,28000,20.4
dan_Latn-mhr_Cyrl,metricx24,unknown,122710,1200000,0.1
dan_Latn-mkd_Cyrl,metricx24,0.872637,5766162,1200000,4.8
dan_Latn-mlg_Latn,metricx24,unknown,219047,1200000,0.2
dan_Latn-mlt_Latn,shaomutan_remedy-9b-22,0.927204913,6452194,200000,32.3
dan_Latn-mon_Cyrl,metricx24,unknown,167251,1200000,0.1
dan_Latn-mri_Latn,shaomutan_remedy-9b-22,0.800472973,98289,200000,0.5
dan_Latn-msa_Latn,metricx24,unknown,4711659,1200000,3.9
dan_Latn-mya_Mymr,shaomutan_remedy-9b-22,0.922247701,665166,200000,3.3
dan_Latn-nds_Latn,metricx24,unknown,242957,1200000,0.2
dan_Latn-nep_Deva,metricx24,unknown,335687,1200000,0.3
dan_Latn-nld_Latn,metricx24,0.909096,82668856,1200000,68.9
dan_Latn-nno_Latn,shaomutan_remedy-9b-22,0.914345605,982924,200000,4.9
dan_Latn-nob_Latn,xcomet-xl,0.934140103,40785618,400000,102.0
dan_Latn-nor_Latn,metricx24,unknown,16717701,1200000,13.9
dan_Latn-npi_Deva,bicleaner-ai,0.948876058,153507,2250000,0.1
dan_Latn-nso_Latn,metricx24,0.656663876,29368,1200000,0.0
dan_Latn-nya_Latn,shaomutan_remedy-9b-22,0.763989922,75952,200000,0.4
dan_Latn-oci_Latn,qwen3-4b-instruct-2507,0.897959,210595,28000,7.5
dan_Latn-pan_Guru,qwen3-4b-instruct-2507,0.958377,135545,28000,4.8
dan_Latn-pap_Latn,qwen3-4b-instruct-2507,0.841538,160810,28000,5.7
dan_Latn-pbt_Arab,shaomutan_remedy-9b-22,0.811970136,73238,200000,0.4
dan_Latn-plt_Latn,metricx24,0.787119013,165856,1200000,0.1
dan_Latn-pol_Latn,metricx24,0.809217,59284752,1200000,49.4
dan_Latn-por_Latn,metricx24,0.866503,74941440,1200000,62.5
dan_Latn-pus_Arab,metricx24,unknown,100911,1200000,0.1
dan_Latn-rmy_Latn,metricx24,unknown,79382,1200000,0.1
dan_Latn-ron_Latn,metricx24,0.846148,56224826,1200000,46.9
dan_Latn-rus_Cyrl,metricx24,0.88606,39798234,1200000,33.2
dan_Latn-scn_Latn,qwen3-4b-instruct-2507,0.86659,146340,28000,5.2
dan_Latn-sco_Latn,metricx24,unknown,95501,1200000,0.1
dan_Latn-sin_Sinh,shaomutan_remedy-9b-22,0.924552794,1654961,200000,8.3
dan_Latn-slk_Latn,metricx24,0.805376,28378848,1200000,23.6
dan_Latn-slv_Latn,metricx24,0.879182,30022544,1200000,25.0
dan_Latn-sna_Latn,shaomutan_remedy-9b-22,0.785981839,95688,200000,0.5
dan_Latn-snd_Arab,qwen3-4b-instruct-2507,0.909139,96580,28000,3.4
dan_Latn-som_Latn,shaomutan_remedy-9b-22,0.779308553,221437,200000,1.1
dan_Latn-spa_Latn,metricx24,0.875563,93376199,1200000,77.8
dan_Latn-sqi_Latn,metricx24,unknown,1393530,1200000,1.2
dan_Latn-srd_Latn,qwen3-4b-instruct-2507,0.8589,1367091,28000,48.8
dan_Latn-srp_Cyrl,metricx24,0.900475,5532623,1200000,4.6
dan_Latn-srp_Latn,metricx24,unknown,26385069,1200000,22.0
dan_Latn-sun_Latn,qwen3-4b-instruct-2507,0.870856,254764,28000,9.1
dan_Latn-swa_Latn,metricx24,unknown,766120,1200000,0.6
dan_Latn-swe_Latn,metricx24,0.863144,80082300,1200000,66.7
dan_Latn-swh_Latn,shaomutan_remedy-9b-22,0.917894145,315115,200000,1.6
dan_Latn-tam_Taml,qwen3-4b-instruct-2507,0.957068,1925745,28000,68.8
dan_Latn-tat_Cyrl,shaomutan_remedy-9b-22,0.892501569,109123,200000,0.5
dan_Latn-tel_Telu,qwen3-4b-instruct-2507,0.949995,1182794,28000,42.2
dan_Latn-tgk_Cyrl,qwen3-4b-instruct-2507,0.890503,192429,28000,6.9
dan_Latn-tgl_Latn,shaomutan_remedy-9b-22,0.938607634,1446726,200000,7.2
dan_Latn-tha_Thai,metricx24,0.841169,14994257,1200000,12.5
dan_Latn-tur_Latn,metricx24,0.768068,37450886,1200000,31.2
dan_Latn-ukr_Cyrl,metricx24,0.85185,11884903,1200000,9.9
dan_Latn-und_Hira,metricx24,unknown,79644,1200000,0.1
dan_Latn-und_Kana,metricx24,unknown,298275,1200000,0.2
dan_Latn-urd_Arab,shaomutan_remedy-9b-22,0.915897999,1301947,200000,6.5
dan_Latn-uzn_Latn,qwen3-4b-instruct-2507,0.868422,174165,28000,6.2
dan_Latn-vec_Latn,qwen3-4b-instruct-2507,0.908621,578254,28000,20.7
dan_Latn-vie_Latn,metricx24,0.876224,21753327,1200000,18.1
dan_Latn-wln_Latn,metricx24,unknown,56915,1200000,0.0
dan_Latn-wol_Latn,shaomutan_remedy-9b-22,0.650252949,75670,200000,0.4
dan_Latn-xho_Latn,shaomutan_remedy-9b-22,0.794256841,395014,200000,2.0
dan_Latn-ydd_Hebr,qwen3-4b-instruct-2507,0.883086,60932,28000,2.2
dan_Latn-yor_Latn,shaomutan_remedy-9b-22,0.729169443,125237,200000,0.6
dan_Latn-yue_Hani,metricx24,unknown,951153,1200000,0.8
dan_Latn-zho_Hans,metricx24,0.876327,7102613,1200000,5.9
dan_Latn-zho_Hant,metricx24,0.867072,5518138,1200000,4.6
dan_Latn-zho_Zyyy,metricx24,unknown,113719,1200000,0.1
dan_Latn-zsm_Latn,qwen3-4b-instruct-2507,0.927616,2832066,28000,101.1
dan_Latn-zul_Latn,shaomutan_remedy-9b-22,0.805312669,115253,200000,0.6
deu_Latn-abk_Cyrl,metricx24,unknown,120494,1200000,0.1
deu_Latn-afr_Latn,shaomutan_remedy-9b-22,0.927340693,424393,200000,2.1
deu_Latn-aln_Latn,metricx24,unknown,63191,1200000,0.1
deu_Latn-als_Latn,metricx24,0.826079,8851096,1200000,7.4
deu_Latn-arg_Latn,metricx24,unknown,132855,1200000,0.1
deu_Latn-ast_Latn,qwen3-4b-instruct-2507,0.917307,723915,28000,25.9
deu_Latn-ayr_Latn,qwen3-4b-instruct-2507,0.340294,107408,28000,3.8
deu_Latn-azj_Latn,qwen3-4b-instruct-2507,0.887098,101259,28000,3.6
deu_Latn-bak_Cyrl,shaomutan_remedy-9b-22,0.90091229,161536,200000,0.8
deu_Latn-bam_Latn,shaomutan_remedy-9b-22,0.541535108,84002,200000,0.4
deu_Latn-bel_Cyrl,shaomutan_remedy-9b-22,0.935809942,68032,200000,0.3
deu_Latn-bre_Latn,metricx24,unknown,47402,1200000,0.0
deu_Latn-cat_Latn,qwen3-4b-instruct-2507,0.977571,266534,28000,9.5
deu_Latn-cbk_Latn,metricx24,unknown,99902,1200000,0.1
deu_Latn-ceb_Latn,qwen3-4b-instruct-2507,0.949238,54553,28000,1.9
deu_Latn-ces_Latn,qwen3-4b-instruct-2507,0.977033,560775,28000,20.0
deu_Latn-ckb_Arab,metricx24,0.773336629,150831,1200000,0.1
deu_Latn-cmn_Hani,metricx24,unknown,26123282,1200000,21.8
deu_Latn-crh_Latn,shaomutan_remedy-9b-22,0.819172735,117150,200000,0.6
deu_Latn-dan_Latn,qwen3-4b-instruct-2507,0.969816,1235264,28000,44.1
deu_Latn-ekk_Latn,metricx24,unknown,35143964,1200000,29.3
deu_Latn-ell_Grek,metricx24,0.852983,80403872,1200000,67.0
deu_Latn-eng_Latn,metricx24,0.85301,801891356,1200000,668.2
deu_Latn-enm_Latn,metricx24,unknown,102112,1200000,0.1
deu_Latn-epo_Latn,shaomutan_remedy-9b-22,0.939463135,5137594,200000,25.7
deu_Latn-est_Latn,metricx24,0.724093,5756662,1200000,4.8
deu_Latn-eus_Latn,shaomutan_remedy-9b-22,0.933756743,1813484,200000,9.1
deu_Latn-fao_Latn,shaomutan_remedy-9b-22,0.89529911,159211,200000,0.8
deu_Latn-fas_Arab,metricx24,unknown,40577602,1200000,33.8
deu_Latn-fil_Latn,metricx24,unknown,2279268,1200000,1.9
deu_Latn-fin_Latn,metricx24,0.791258,83011906,1200000,69.2
deu_Latn-fra_Latn,metricx24,0.870917,281642584,1200000,234.7
deu_Latn-fro_Latn,metricx24,unknown,299956,1200000,0.2
deu_Latn-fry_Latn,metricx24,unknown,485458,1200000,0.4
deu_Latn-fur_Latn,qwen3-4b-instruct-2507,0.898143,1617912,28000,57.8
deu_Latn-gla_Latn,shaomutan_remedy-9b-22,0.835834509,79975,200000,0.4
deu_Latn-gle_Latn,m-prometheus-7b,0.918979592,1790148,27000,66.3
deu_Latn-glg_Latn,qwen3-4b-instruct-2507,0.978104,1274875,28000,45.5
deu_Latn-grc_Grek,metricx24,unknown,94067,1200000,0.1
deu_Latn-gsw_Latn,metricx24,unknown,74742,1200000,0.1
deu_Latn-gug_Latn,metricx24,unknown,148195,1200000,0.1
deu_Latn-guj_Gujr,qwen3-4b-instruct-2507,0.953221,115302,28000,4.1
deu_Latn-hat_Latn,shaomutan_remedy-9b-22,0.887488397,498353,200000,2.5
deu_Latn-hau_Latn,shaomutan_remedy-9b-22,0.848425738,916978,200000,4.6
deu_Latn-hbs_Latn,metricx24,unknown,1248114,1200000,1.0
deu_Latn-heb_Hebr,metricx24,0.878658,40491004,1200000,33.7
deu_Latn-hin_Deva,metricx24,0.810769,10666502,1200000,8.9
deu_Latn-hne_Deva,qwen3-4b-instruct-2507,0.858382,119820,28000,4.3
deu_Latn-hrv_Latn,metricx24,0.918849,44556227,1200000,37.1
deu_Latn-hun_Latn,metricx24,0.798687,80404926,1200000,67.0
deu_Latn-hye_Armn,m-prometheus-7b,0.956441015,486673,27000,18.0
deu_Latn-ibo_Latn,shaomutan_remedy-9b-22,0.782027712,145549,200000,0.7
deu_Latn-ilo_Latn,qwen3-4b-instruct-2507,0.80993,521701,28000,18.6
deu_Latn-ina_Latn,metricx24,unknown,164191,1200000,0.1
deu_Latn-ind_Latn,metricx24,0.854124,53322197,1200000,44.4
deu_Latn-isl_Latn,shaomutan_remedy-9b-22,0.915474005,9869110,200000,49.3
deu_Latn-ita_Latn,metricx24,0.886266,180817355,1200000,150.7
deu_Latn-jam_Latn,metricx24,unknown,135550,1200000,0.1
deu_Latn-jav_Latn,qwen3-4b-instruct-2507,0.90786,1017085,28000,36.3
deu_Latn-jpn_Jpan,metricx24,0.827968,24806168,1200000,20.7
deu_Latn-kab_Latn,qwen3-4b-instruct-2507,0.39767,217354,28000,7.8
deu_Latn-kan_Knda,qwen3-4b-instruct-2507,0.953076,151654,28000,5.4
deu_Latn-kat_Geor,m-prometheus-7b,0.937028372,783618,27000,29.0
deu_Latn-kaz_Cyrl,shaomutan_remedy-9b-22,0.926745791,475578,200000,2.4
deu_Latn-kea_Latn,qwen3-4b-instruct-2507,0.890747,53749,28000,1.9
deu_Latn-khk_Cyrl,metricx24,0.800974601,182013,1200000,0.2
deu_Latn-khm_Khmr,qwen3-4b-instruct-2507,0.928761,619290,28000,22.1
deu_Latn-kin_Latn,shaomutan_remedy-9b-22,0.834966513,342833,200000,1.7
deu_Latn-kir_Cyrl,shaomutan_remedy-9b-22,0.914173287,155031,200000,0.8
deu_Latn-kiu_Latn,metricx24,unknown,941978,1200000,0.8
deu_Latn-kmr_Latn,metricx24,0.70249942,137440,1200000,0.1
deu_Latn-kor_Hang,metricx24,0.829362,28955089,1200000,24.1
deu_Latn-kor_Zyyy,metricx24,unknown,5887658,1200000,4.9
deu_Latn-lao_Laoo,qwen3-4b-instruct-2507,0.915391,113064,28000,4.0
deu_Latn-lat_Latn,metricx24,unknown,419374,1200000,0.3
deu_Latn-lav_Latn,metricx24,unknown,2178191,1200000,1.8
deu_Latn-lim_Latn,qwen3-4b-instruct-2507,0.846207,858565,28000,30.7
deu_Latn-lin_Latn,shaomutan_remedy-9b-22,0.759605219,91931,200000,0.5
deu_Latn-lit_Latn,metricx24,0.782787,31483344,1200000,26.2
deu_Latn-lmo_Latn,qwen3-4b-instruct-2507,0.892036,66299,28000,2.4
deu_Latn-ltz_Latn,shaomutan_remedy-9b-22,0.908371227,1141238,200000,5.7
deu_Latn-lvs_Latn,metricx24,0.724818,25036985,1200000,20.9
deu_Latn-lzh_Hani,metricx24,unknown,924271,1200000,0.8
deu_Latn-mal_Mlym,qwen3-4b-instruct-2507,0.965346,3672411,28000,131.2
deu_Latn-mar_Deva,qwen3-4b-instruct-2507,0.951966,661826,28000,23.6
deu_Latn-mhr_Cyrl,metricx24,unknown,159725,1200000,0.1
deu_Latn-mkd_Cyrl,metricx24,0.851416,8896798,1200000,7.4
deu_Latn-mlg_Latn,metricx24,unknown,242768,1200000,0.2
deu_Latn-mlt_Latn,shaomutan_remedy-9b-22,0.946578234,6201620,200000,31.0
deu_Latn-mon_Cyrl,metricx24,unknown,219775,1200000,0.2
deu_Latn-mri_Latn,shaomutan_remedy-9b-22,0.755775324,111489,200000,0.6
deu_Latn-msa_Latn,metricx24,unknown,7925951,1200000,6.6
deu_Latn-mya_Mymr,shaomutan_remedy-9b-22,0.932848345,771013,200000,3.9
deu_Latn-nap_Latn,metricx24,unknown,97786,1200000,0.1
deu_Latn-nds_Latn,metricx24,unknown,327441,1200000,0.3
deu_Latn-nep_Deva,metricx24,unknown,400157,1200000,0.3
deu_Latn-nld_Latn,metricx24,0.896068,172376391,1200000,143.6
deu_Latn-nno_Latn,qwen3-4b-instruct-2507,0.948437,1482314,28000,52.9
deu_Latn-nob_Latn,metricx24,0.819814,47552366,1200000,39.6
deu_Latn-nor_Latn,metricx24,unknown,18956737,1200000,15.8
deu_Latn-npi_Deva,qwen3-4b-instruct-2507,0.93889,187854,28000,6.7
deu_Latn-nso_Latn,metricx24,0.621263884,52510,1200000,0.0
deu_Latn-nya_Latn,shaomutan_remedy-9b-22,0.790308617,86726,200000,0.4
deu_Latn-oci_Latn,qwen3-4b-instruct-2507,0.920911,321047,28000,11.5
deu_Latn-orv_Cyrl,metricx24,unknown,77232,1200000,0.1
deu_Latn-pag_Latn,qwen3-4b-instruct-2507,0.726391,57626,28000,2.1
deu_Latn-pan_Guru,qwen3-4b-instruct-2507,0.959786,144529,28000,5.2
deu_Latn-pap_Latn,qwen3-4b-instruct-2507,0.886172,385262,28000,13.8
deu_Latn-pbt_Arab,shaomutan_remedy-9b-22,0.817143451,81137,200000,0.4
deu_Latn-pcm_Latn,metricx24,unknown,60858,1200000,0.1
deu_Latn-plt_Latn,metricx24,0.75615231,791425,1200000,0.7
deu_Latn-pol_Latn,metricx24,0.778249,114067056,1200000,95.1
deu_Latn-por_Latn,metricx24,0.832082,155686759,1200000,129.7
deu_Latn-pus_Arab,metricx24,unknown,118219,1200000,0.1
deu_Latn-rmy_Latn,metricx24,unknown,137764,1200000,0.1
deu_Latn-ron_Latn,metricx24,0.828978,81977045,1200000,68.3
deu_Latn-rus_Cyrl,metricx24,0.870327,95008175,1200000,79.2
deu_Latn-scn_Latn,qwen3-4b-instruct-2507,0.879671,306897,28000,11.0
deu_Latn-sco_Latn,metricx24,unknown,446999,1200000,0.4
deu_Latn-sin_Sinh,shaomutan_remedy-9b-22,0.930943597,1966135,200000,9.8
deu_Latn-slk_Latn,metricx24,0.77312,52698844,1200000,43.9
deu_Latn-slv_Latn,metricx24,0.859353,42345681,1200000,35.3
deu_Latn-sna_Latn,shaomutan_remedy-9b-22,0.781656099,111030,200000,0.6
deu_Latn-snd_Arab,qwen3-4b-instruct-2507,0.913564,103138,28000,3.7
deu_Latn-som_Latn,shaomutan_remedy-9b-22,0.779196534,304963,200000,1.5
deu_Latn-spa_Latn,metricx24,0.858387,263275814,1200000,219.4
deu_Latn-sqi_Latn,metricx24,unknown,2119440,1200000,1.8
deu_Latn-srd_Latn,qwen3-4b-instruct-2507,0.870722,4011848,28000,143.3
deu_Latn-srp_Cyrl,metricx24,0.881693,8484476,1200000,7.1
deu_Latn-srp_Latn,metricx24,unknown,34394795,1200000,28.7
deu_Latn-sun_Latn,qwen3-4b-instruct-2507,0.905595,795675,28000,28.4
deu_Latn-swa_Latn,metricx24,unknown,1576282,1200000,1.3
deu_Latn-swc_Latn,metricx24,unknown,344212,1200000,0.3
deu_Latn-swe_Latn,metricx24,0.845129,112806093,1200000,94.0
deu_Latn-swh_Latn,shaomutan_remedy-9b-22,0.922434348,1743730,200000,8.7
deu_Latn-szl_Latn,qwen3-4b-instruct-2507,0.812111,60150,28000,2.1
deu_Latn-tam_Taml,qwen3-4b-instruct-2507,0.960612,3675585,28000,131.3
deu_Latn-tat_Cyrl,shaomutan_remedy-9b-22,0.907197275,162628,200000,0.8
deu_Latn-tel_Telu,qwen3-4b-instruct-2507,0.961394,1263687,28000,45.1
deu_Latn-tgk_Cyrl,qwen3-4b-instruct-2507,0.905441,244426,28000,8.7
deu_Latn-tgl_Latn,qwen3-4b-instruct-2507,0.95117,2448724,28000,87.5
deu_Latn-tha_Thai,metricx24,0.840554,19467564,1200000,16.2
deu_Latn-tok_Latn,metricx24,unknown,25495,1200000,0.0
deu_Latn-tsn_Latn,shaomutan_remedy-9b-22,0.788163005,134745,200000,0.7
deu_Latn-tur_Latn,metricx24,0.735079,61743624,1200000,51.5
deu_Latn-ukr_Cyrl,metricx24,0.829659,20150371,1200000,16.8
deu_Latn-und_Hira,metricx24,unknown,96012,1200000,0.1
deu_Latn-und_Kana,metricx24,unknown,538121,1200000,0.4
deu_Latn-und_Xsux,metricx24,unknown,95543,1200000,0.1
deu_Latn-urd_Arab,shaomutan_remedy-9b-22,0.924114501,1769651,200000,8.8
deu_Latn-uzn_Latn,qwen3-4b-instruct-2507,0.90557,356349,28000,12.7
deu_Latn-vec_Latn,qwen3-4b-instruct-2507,0.922633,1795184,28000,64.1
deu_Latn-vie_Latn,metricx24,0.853941,35707075,1200000,29.8
deu_Latn-war_Latn,qwen3-4b-instruct-2507,0.937188,58726,28000,2.1
deu_Latn-wes_Latn,metricx24,unknown,220893,1200000,0.2
deu_Latn-wln_Latn,metricx24,unknown,56052,1200000,0.0
deu_Latn-wol_Latn,shaomutan_remedy-9b-22,0.640833908,221000,200000,1.1
deu_Latn-wuu_Hani,metricx24,unknown,130512,1200000,0.1
deu_Latn-xav_Latn,metricx24,unknown,100442,1200000,0.1
deu_Latn-xho_Latn,shaomutan_remedy-9b-22,0.796000505,444602,200000,2.2
deu_Latn-ydd_Hebr,qwen3-4b-instruct-2507,0.872977,57531,28000,2.1
deu_Latn-yid_Hebr,metricx24,unknown,56843,1200000,0.0
deu_Latn-yor_Latn,shaomutan_remedy-9b-22,0.733217961,416489,200000,2.1
deu_Latn-yue_Hani,metricx24,unknown,1605690,1200000,1.3
deu_Latn-zho_Hans,metricx24,0.88578,14875434,1200000,12.4
deu_Latn-zho_Hant,metricx24,0.874867,7010101,1200000,5.8
deu_Latn-zsm_Latn,metricx24,0.821337,5355505,1200000,4.5
deu_Latn-zul_Latn,shaomutan_remedy-9b-22,0.833574946,139925,200000,0.7
dik_Latn-eng_Latn,qwen3-4b-instruct-2507,0.833494,145294,28000,5.2
dik_Latn-fra_Latn,qwen3-4b-instruct-2507,0.780129,215735,28000,7.7
diq_Latn-eng_Latn,metricx24,unknown,675007,1200000,0.6
dyu_Latn-eng_Latn,qwen3-4b-instruct-2507,0.790702,232873,28000,8.3
dyu_Latn-fra_Latn,qwen3-4b-instruct-2507,0.741707,299671,28000,10.7
dyu_Latn-hau_Latn,shaomutan_remedy-9b-22,0.644389644,104849,200000,0.5
dzo_Tibt-eng_Latn,qwen3-4b-instruct-2507,0.693883,124834,28000,4.5
ekk_Latn-afr_Latn,metricx24,unknown,72841,1200000,0.1
ekk_Latn-als_Latn,metricx24,unknown,2912324,1200000,2.4
ekk_Latn-ces_Latn,metricx24,unknown,92147,1200000,0.1
ekk_Latn-cmn_Hani,qwen3-4b-instruct-2507,unknown,6136766,28000,219.2
ekk_Latn-dan_Latn,metricx24,unknown,204132,1200000,0.2
ekk_Latn-eng_Latn,metricx24,unknown,556858,1200000,0.5
ekk_Latn-eus_Latn,metricx24,unknown,2053232,1200000,1.7
ekk_Latn-fas_Arab,qwen3-4b-instruct-2507,unknown,11395388,28000,407.0
ekk_Latn-fil_Latn,qwen3-4b-instruct-2507,unknown,446661,28000,16.0
ekk_Latn-fin_Latn,metricx24,unknown,30163497,1200000,25.1
ekk_Latn-fra_Latn,metricx24,unknown,34855644,1200000,29.0
ekk_Latn-fry_Latn,qwen3-4b-instruct-2507,unknown,56009,28000,2.0
ekk_Latn-fur_Latn,qwen3-4b-instruct-2507,unknown,151720,28000,5.4
ekk_Latn-gle_Latn,metricx24,unknown,1580508,1200000,1.3
ekk_Latn-glg_Latn,metricx24,unknown,779850,1200000,0.6
ekk_Latn-guj_Gujr,metricx24,unknown,119499,1200000,0.1
ekk_Latn-hat_Latn,metricx24,unknown,185053,1200000,0.2
ekk_Latn-hau_Latn,metricx24,unknown,105090,1200000,0.1
ekk_Latn-hbs_Latn,qwen3-4b-instruct-2507,unknown,1108644,28000,39.6
ekk_Latn-heb_Hebr,metricx24,unknown,12591529,1200000,10.5
ekk_Latn-hin_Deva,metricx24,unknown,3384542,1200000,2.8
ekk_Latn-hrv_Latn,qwen3-4b-instruct-2507,unknown,17964938,28000,641.6
ekk_Latn-hun_Latn,metricx24,unknown,26742133,1200000,22.3
ekk_Latn-hye_Armn,metricx24,unknown,259083,1200000,0.2
ekk_Latn-ibo_Latn,metricx24,unknown,80482,1200000,0.1
ekk_Latn-ind_Latn,metricx24,unknown,12899437,1200000,10.7
ekk_Latn-isl_Latn,metricx24,unknown,4620692,1200000,3.9
ekk_Latn-ita_Latn,metricx24,unknown,27053814,1200000,22.5
ekk_Latn-jav_Latn,metricx24,unknown,110358,1200000,0.1
ekk_Latn-jpn_Jpan,metricx24,unknown,2653640,1200000,2.2
ekk_Latn-kan_Knda,metricx24,unknown,111111,1200000,0.1
ekk_Latn-kat_Geor,metricx24,unknown,401176,1200000,0.3
ekk_Latn-kaz_Cyrl,metricx24,unknown,450757,1200000,0.4
ekk_Latn-khk_Cyrl,metricx24,unknown,102341,1200000,0.1
ekk_Latn-khm_Khmr,metricx24,unknown,353776,1200000,0.3
ekk_Latn-kin_Latn,qwen3-4b-instruct-2507,unknown,60875,28000,2.2
ekk_Latn-kir_Cyrl,metricx24,unknown,93484,1200000,0.1
ekk_Latn-kmr_Latn,metricx24,unknown,75529,1200000,0.1
ekk_Latn-kor_Hang,metricx24,unknown,7595292,1200000,6.3
ekk_Latn-kor_Zyyy,qwen3-4b-instruct-2507,unknown,559590,28000,20.0
ekk_Latn-lat_Latn,qwen3-4b-instruct-2507,unknown,62793,28000,2.2
ekk_Latn-lav_Latn,qwen3-4b-instruct-2507,unknown,718940,28000,25.7
ekk_Latn-lim_Latn,qwen3-4b-instruct-2507,unknown,60255,28000,2.2
ekk_Latn-lit_Latn,metricx24,unknown,20012481,1200000,16.7
ekk_Latn-ltz_Latn,metricx24,unknown,60838,1200000,0.1
ekk_Latn-lvs_Latn,metricx24,unknown,16559293,1200000,13.8
ekk_Latn-lzh_Hani,qwen3-4b-instruct-2507,unknown,138830,28000,5.0
ekk_Latn-mal_Mlym,metricx24,unknown,768804,1200000,0.6
ekk_Latn-mar_Deva,metricx24,unknown,337316,1200000,0.3
ekk_Latn-mkd_Cyrl,metricx24,unknown,4175002,1200000,3.5
ekk_Latn-mlg_Latn,qwen3-4b-instruct-2507,unknown,75149,28000,2.7
ekk_Latn-mlt_Latn,metricx24,unknown,7194385,1200000,6.0
ekk_Latn-mri_Latn,metricx24,unknown,58931,1200000,0.0
ekk_Latn-msa_Latn,qwen3-4b-instruct-2507,unknown,2013027,28000,71.9
ekk_Latn-mya_Mymr,metricx24,unknown,370479,1200000,0.3
ekk_Latn-nds_Latn,qwen3-4b-instruct-2507,unknown,97438,28000,3.5
ekk_Latn-nep_Deva,qwen3-4b-instruct-2507,unknown,172212,28000,6.2
ekk_Latn-nld_Latn,metricx24,unknown,28917710,1200000,24.1
ekk_Latn-nno_Latn,metricx24,unknown,287644,1200000,0.2
ekk_Latn-nob_Latn,metricx24,unknown,14154893,1200000,11.8
ekk_Latn-nor_Latn,qwen3-4b-instruct-2507,unknown,3469164,28000,123.9
ekk_Latn-npi_Deva,metricx24,unknown,124601,1200000,0.1
ekk_Latn-nya_Latn,qwen3-4b-instruct-2507,unknown,56806,28000,2.0
ekk_Latn-oci_Latn,qwen3-4b-instruct-2507,unknown,70798,28000,2.5
ekk_Latn-pan_Guru,metricx24,unknown,69068,1200000,0.1
ekk_Latn-pbt_Arab,metricx24,unknown,55794,1200000,0.0
ekk_Latn-plt_Latn,metricx24,unknown,113026,1200000,0.1
ekk_Latn-pol_Latn,metricx24,unknown,28371677,1200000,23.6
ekk_Latn-por_Latn,metricx24,unknown,31968496,1200000,26.6
ekk_Latn-ron_Latn,metricx24,unknown,26250013,1200000,21.9
ekk_Latn-rus_Cyrl,metricx24,unknown,19961386,1200000,16.6
ekk_Latn-sin_Sinh,metricx24,unknown,910032,1200000,0.8
ekk_Latn-slk_Latn,metricx24,unknown,20937259,1200000,17.4
ekk_Latn-slv_Latn,metricx24,unknown,22895234,1200000,19.1
ekk_Latn-som_Latn,metricx24,unknown,99006,1200000,0.1
ekk_Latn-spa_Latn,metricx24,unknown,122656,1200000,0.1
ekk_Latn-sqi_Latn,qwen3-4b-instruct-2507,unknown,604102,28000,21.6
ekk_Latn-srd_Latn,qwen3-4b-instruct-2507,unknown,214115,28000,7.6
ekk_Latn-srp_Cyrl,metricx24,unknown,4620808,1200000,3.9
ekk_Latn-srp_Latn,qwen3-4b-instruct-2507,unknown,11546256,28000,412.4
ekk_Latn-sun_Latn,metricx24,unknown,136338,1200000,0.1
ekk_Latn-swa_Latn,qwen3-4b-instruct-2507,unknown,480526,28000,17.2
ekk_Latn-swc_Latn,qwen3-4b-instruct-2507,unknown,140682,28000,5.0
ekk_Latn-swe_Latn,metricx24,unknown,26956359,1200000,22.5
ekk_Latn-swh_Latn,metricx24,unknown,906555,1200000,0.8
ekk_Latn-tam_Taml,metricx24,unknown,1072689,1200000,0.9
ekk_Latn-tel_Telu,metricx24,unknown,612493,1200000,0.5
ekk_Latn-tgk_Cyrl,metricx24,unknown,128770,1200000,0.1
ekk_Latn-tgl_Latn,qwen3-4b-instruct-2507,unknown,405536,28000,14.5
ekk_Latn-tha_Thai,metricx24,unknown,5224464,1200000,4.4
ekk_Latn-tur_Latn,metricx24,unknown,15257379,1200000,12.7
ekk_Latn-ukr_Cyrl,metricx24,unknown,7353621,1200000,6.1
ekk_Latn-urd_Arab,metricx24,unknown,824550,1200000,0.7
ekk_Latn-uzn_Latn,metricx24,unknown,213021,1200000,0.2
ekk_Latn-vec_Latn,qwen3-4b-instruct-2507,unknown,107515,28000,3.8
ekk_Latn-vie_Latn,metricx24,unknown,10311341,1200000,8.6
ekk_Latn-xho_Latn,metricx24,unknown,187022,1200000,0.2
ekk_Latn-yor_Latn,metricx24,unknown,69925,1200000,0.1
ekk_Latn-yue_Hani,qwen3-4b-instruct-2507,unknown,327354,28000,11.7
ekk_Latn-zho_Hans,metricx24,unknown,2927912,1200000,2.4
ekk_Latn-zho_Hant,metricx24,unknown,2227871,1200000,1.9
ekk_Latn-zsm_Latn,metricx24,unknown,1970908,1200000,1.6
ell_Grek-abk_Cyrl,metricx24,unknown,108984,1200000,0.1
ell_Grek-afr_Latn,shaomutan_remedy-9b-22,0.930525567,314521,200000,1.6
ell_Grek-als_Latn,qwen3-4b-instruct-2507,0.914938,4901108,28000,175.0
ell_Grek-ast_Latn,qwen3-4b-instruct-2507,0.900791,251471,28000,9.0
ell_Grek-azj_Latn,qwen3-4b-instruct-2507,0.885306,53805,28000,1.9
ell_Grek-bak_Cyrl,shaomutan_remedy-9b-22,0.879846564,134496,200000,0.7
ell_Grek-bel_Cyrl,shaomutan_remedy-9b-22,0.946863434,51238,200000,0.3
ell_Grek-bre_Latn,metricx24,unknown,49164,1200000,0.0
ell_Grek-cat_Latn,qwen3-4b-instruct-2507,0.970991,246099,28000,8.8
ell_Grek-ces_Latn,qwen3-4b-instruct-2507,0.967855,420206,28000,15.0
ell_Grek-ckb_Arab,metricx24,0.760649717,148595,1200000,0.1
ell_Grek-cmn_Hani,metricx24,unknown,16850742,1200000,14.0
ell_Grek-crh_Latn,shaomutan_remedy-9b-22,0.797885564,72805,200000,0.4
ell_Grek-dan_Latn,qwen3-4b-instruct-2507,0.959567,557086,28000,19.9
ell_Grek-deu_Latn,qwen3-4b-instruct-2507,0.959607,173787,28000,6.2
ell_Grek-ekk_Latn,metricx24,unknown,25017450,1200000,20.8
ell_Grek-eng_Latn,metricx24,0.839104,170109354,1200000,141.8
ell_Grek-epo_Latn,shaomutan_remedy-9b-22,0.925523463,1961736,200000,9.8
ell_Grek-est_Latn,metricx24,0.73553,5702218,1200000,4.8
ell_Grek-eus_Latn,shaomutan_remedy-9b-22,0.928776706,4065980,200000,20.3
ell_Grek-fao_Latn,qwen3-4b-instruct-2507,0.867282,68311,28000,2.4
ell_Grek-fas_Arab,metricx24,unknown,37831699,1200000,31.5
ell_Grek-fil_Latn,metricx24,unknown,911863,1200000,0.8
ell_Grek-fin_Latn,metricx24,0.799953,58675115,1200000,48.9
ell_Grek-fra_Latn,metricx24,0.859695,109613770,1200000,91.3
ell_Grek-fro_Latn,metricx24,unknown,217844,1200000,0.2
ell_Grek-fry_Latn,metricx24,unknown,168641,1200000,0.1
ell_Grek-fur_Latn,qwen3-4b-instruct-2507,0.889741,538458,28000,19.2
ell_Grek-gla_Latn,shaomutan_remedy-9b-22,0.811803906,68005,200000,0.3
ell_Grek-gle_Latn,m-prometheus-7b,0.878685913,1245941,27000,46.1
ell_Grek-glg_Latn,qwen3-4b-instruct-2507,0.966585,1227825,28000,43.9
ell_Grek-gug_Latn,metricx24,unknown,66778,1200000,0.1
ell_Grek-guj_Gujr,qwen3-4b-instruct-2507,0.947969,114656,28000,4.1
ell_Grek-hat_Latn,shaomutan_remedy-9b-22,0.879804755,267845,200000,1.3
ell_Grek-hau_Latn,shaomutan_remedy-9b-22,0.845148874,273971,200000,1.4
ell_Grek-hbs_Latn,metricx24,unknown,1286124,1200000,1.1
ell_Grek-heb_Hebr,metricx24,0.840656,41998543,1200000,35.0
ell_Grek-hin_Deva,metricx24,0.789093,6275776,1200000,5.2
ell_Grek-hne_Deva,qwen3-4b-instruct-2507,0.841533,108653,28000,3.9
ell_Grek-hrv_Latn,metricx24,0.918166,39608264,1200000,33.0
ell_Grek-hun_Latn,metricx24,0.801522,61627518,1200000,51.4
ell_Grek-hye_Armn,qwen3-4b-instruct-2507,0.938183,347455,28000,12.4
ell_Grek-ibo_Latn,shaomutan_remedy-9b-22,0.783075199,115388,200000,0.6
ell_Grek-ilo_Latn,qwen3-4b-instruct-2507,0.777446,152125,28000,5.4
ell_Grek-ina_Latn,metricx24,unknown,135669,1200000,0.1
ell_Grek-ind_Latn,metricx24,0.850705,43159484,1200000,36.0
ell_Grek-isl_Latn,shaomutan_remedy-9b-22,0.904405633,5507949,200000,27.5
ell_Grek-ita_Latn,metricx24,0.888909,75953037,1200000,63.3
ell_Grek-jam_Latn,metricx24,unknown,58397,1200000,0.0
ell_Grek-jav_Latn,qwen3-4b-instruct-2507,0.861374,406853,28000,14.5
ell_Grek-jpn_Jpan,metricx24,0.796015,10409244,1200000,8.7
ell_Grek-kab_Latn,qwen3-4b-instruct-2507,0.408855,237368,28000,8.5
ell_Grek-kan_Knda,qwen3-4b-instruct-2507,0.937576,145572,28000,5.2
ell_Grek-kat_Geor,shaomutan_remedy-9b-22,0.915348698,642018,200000,3.2
ell_Grek-kaz_Cyrl,shaomutan_remedy-9b-22,0.940696806,317404,200000,1.6
ell_Grek-khk_Cyrl,metricx24,0.805216055,145279,1200000,0.1
ell_Grek-khm_Khmr,qwen3-4b-instruct-2507,0.930393,528663,28000,18.9
ell_Grek-kin_Latn,shaomutan_remedy-9b-22,0.83003983,132953,200000,0.7
ell_Grek-kir_Cyrl,shaomutan_remedy-9b-22,0.881646281,89787,200000,0.4
ell_Grek-kiu_Latn,metricx24,unknown,189690,1200000,0.2
ell_Grek-kmr_Latn,metricx24,0.714321811,97617,1200000,0.1
ell_Grek-kor_Hang,metricx24,0.817341,20179315,1200000,16.8
ell_Grek-kor_Zyyy,metricx24,unknown,3572487,1200000,3.0
ell_Grek-lao_Laoo,qwen3-4b-instruct-2507,0.891508,96410,28000,3.4
ell_Grek-lat_Latn,metricx24,unknown,407209,1200000,0.3
ell_Grek-lav_Latn,metricx24,unknown,1577633,1200000,1.3
ell_Grek-lim_Latn,qwen3-4b-instruct-2507,0.839268,257856,28000,9.2
ell_Grek-lit_Latn,metricx24,0.789483,19119746,1200000,15.9
ell_Grek-ltz_Latn,qwen3-4b-instruct-2507,0.901399,185132,28000,6.6
ell_Grek-lug_Latn,shaomutan_remedy-9b-22,0.515291004,33867,200000,0.2
ell_Grek-lvs_Latn,metricx24,0.738082,14944846,1200000,12.5
ell_Grek-lzh_Hani,metricx24,unknown,563966,1200000,0.5
ell_Grek-mal_Mlym,qwen3-4b-instruct-2507,0.95545,1723974,28000,61.6
ell_Grek-mar_Deva,qwen3-4b-instruct-2507,0.932797,485077,28000,17.3
ell_Grek-mhr_Cyrl,metricx24,unknown,155980,1200000,0.1
ell_Grek-mkd_Cyrl,metricx24,0.848707,5167843,1200000,4.3
ell_Grek-mlg_Latn,metricx24,unknown,192446,1200000,0.2
ell_Grek-mlt_Latn,shaomutan_remedy-9b-22,0.929075461,4239732,200000,21.2
ell_Grek-mon_Cyrl,metricx24,unknown,176009,1200000,0.1
ell_Grek-mri_Latn,shaomutan_remedy-9b-22,0.745801133,76420,200000,0.4
ell_Grek-msa_Latn,metricx24,unknown,5635449,1200000,4.7
ell_Grek-mya_Mymr,shaomutan_remedy-9b-22,0.921948813,788776,200000,3.9
ell_Grek-nap_Latn,metricx24,unknown,95825,1200000,0.1
ell_Grek-nds_Latn,metricx24,unknown,216627,1200000,0.2
ell_Grek-nep_Deva,metricx24,unknown,319261,1200000,0.3
ell_Grek-nld_Latn,metricx24,0.89518,75245405,1200000,62.7
ell_Grek-nno_Latn,shaomutan_remedy-9b-22,0.932618983,691125,200000,3.5
ell_Grek-nob_Latn,metricx24,0.82987,25058628,1200000,20.9
ell_Grek-nor_Latn,metricx24,unknown,12064906,1200000,10.1
ell_Grek-npi_Deva,qwen3-4b-instruct-2507,0.926779,153412,28000,5.5
ell_Grek-nso_Latn,metricx24,0.623408317,34279,1200000,0.0
ell_Grek-nya_Latn,shaomutan_remedy-9b-22,0.768800747,51024,200000,0.3
ell_Grek-oci_Latn,qwen3-4b-instruct-2507,0.900209,228087,28000,8.1
ell_Grek-pan_Guru,qwen3-4b-instruct-2507,0.947496,130734,28000,4.7
ell_Grek-pap_Latn,qwen3-4b-instruct-2507,0.881463,186846,28000,6.7
ell_Grek-pbt_Arab,shaomutan_remedy-9b-22,0.779845737,54631,200000,0.3
ell_Grek-plt_Latn,metricx24,0.765894298,132405,1200000,0.1
ell_Grek-pol_Latn,metricx24,0.786648,69147460,1200000,57.6
ell_Grek-por_Latn,metricx24,0.846102,94704997,1200000,78.9
ell_Grek-pus_Arab,metricx24,unknown,92569,1200000,0.1
ell_Grek-rmy_Latn,metricx24,unknown,99347,1200000,0.1
ell_Grek-roh_Latn,metricx24,unknown,18360,1200000,0.0
ell_Grek-ron_Latn,metricx24,0.82811,70722915,1200000,58.9
ell_Grek-rus_Cyrl,metricx24,0.86916,50933035,1200000,42.4
ell_Grek-scn_Latn,qwen3-4b-instruct-2507,0.864291,145152,28000,5.2
ell_Grek-sco_Latn,metricx24,unknown,101216,1200000,0.1
ell_Grek-shp_Latn,metricx24,unknown,30066,1200000,0.0
ell_Grek-sin_Sinh,shaomutan_remedy-9b-22,0.919251203,2042885,200000,10.2
ell_Grek-slk_Latn,metricx24,0.775236,29083430,1200000,24.2
ell_Grek-slv_Latn,metricx24,0.868489,30307185,1200000,25.3
ell_Grek-sna_Latn,shaomutan_remedy-9b-22,0.781958606,79366,200000,0.4
ell_Grek-snd_Arab,qwen3-4b-instruct-2507,0.895963,94696,28000,3.4
ell_Grek-som_Latn,shaomutan_remedy-9b-22,0.78102812,194149,200000,1.0
ell_Grek-spa_Latn,metricx24,0.858354,120372165,1200000,100.3
ell_Grek-sqi_Latn,metricx24,unknown,1544223,1200000,1.3
ell_Grek-srd_Latn,qwen3-4b-instruct-2507,0.859238,1209497,28000,43.2
ell_Grek-srp_Cyrl,metricx24,0.886281,5774330,1200000,4.8
ell_Grek-srp_Latn,metricx24,unknown,42043828,1200000,35.0
ell_Grek-sun_Latn,qwen3-4b-instruct-2507,0.877745,200262,28000,7.2
ell_Grek-swa_Latn,metricx24,unknown,1027428,1200000,0.9
ell_Grek-swc_Latn,metricx24,unknown,220745,1200000,0.2
ell_Grek-swe_Latn,metricx24,0.856662,58502901,1200000,48.8
ell_Grek-swh_Latn,shaomutan_remedy-9b-22,0.915103398,1050855,200000,5.3
ell_Grek-tam_Taml,qwen3-4b-instruct-2507,0.952882,2959319,28000,105.7
ell_Grek-tat_Cyrl,shaomutan_remedy-9b-22,0.873020452,110815,200000,0.6
ell_Grek-tel_Telu,qwen3-4b-instruct-2507,0.947885,1065570,28000,38.1
ell_Grek-tgk_Cyrl,qwen3-4b-instruct-2507,0.888328,153322,28000,5.5
ell_Grek-tgl_Latn,shaomutan_remedy-9b-22,0.940842296,1324427,200000,6.6
ell_Grek-tha_Thai,metricx24,0.807826,16008623,1200000,13.3
ell_Grek-tur_Latn,metricx24,0.745149,55724371,1200000,46.4
ell_Grek-ukr_Cyrl,metricx24,0.82611,12161030,1200000,10.1
ell_Grek-und_Geor,metricx24,unknown,58845,1200000,0.0
ell_Grek-und_Hira,metricx24,unknown,86448,1200000,0.1
ell_Grek-und_Kana,metricx24,unknown,304474,1200000,0.3
ell_Grek-urd_Arab,qwen3-4b-instruct-2507,0.899876,1204978,28000,43.0
ell_Grek-uzn_Latn,qwen3-4b-instruct-2507,0.883698,174675,28000,6.2
ell_Grek-vec_Latn,qwen3-4b-instruct-2507,0.90991,555921,28000,19.9
ell_Grek-vie_Latn,shaomutan_remedy-9b-22,0.937704722,29239111,200000,146.2
ell_Grek-wes_Latn,metricx24,unknown,60091,1200000,0.1
ell_Grek-wln_Latn,metricx24,unknown,50911,1200000,0.0
ell_Grek-wol_Latn,shaomutan_remedy-9b-22,0.533137677,83391,200000,0.4
ell_Grek-xav_Latn,metricx24,unknown,79359,1200000,0.1
ell_Grek-xho_Latn,shaomutan_remedy-9b-22,0.788464204,338524,200000,1.7
ell_Grek-yor_Latn,shaomutan_remedy-9b-22,0.709734786,97728,200000,0.5
ell_Grek-yue_Hani,metricx24,unknown,1051120,1200000,0.9
ell_Grek-zho_Hans,metricx24,0.844011,8687091,1200000,7.2
ell_Grek-zho_Hant,metricx24,0.8274,6545718,1200000,5.5
ell_Grek-zsm_Latn,qwen3-4b-instruct-2507,0.896262,3237993,28000,115.6
ell_Grek-zul_Latn,shaomutan_remedy-9b-22,0.838243696,104014,200000,0.5
eng_Latn-aba_Latn,metricx24,unknown,57167,1200000,0.0
eng_Latn-abk_Cyrl,metricx24,unknown,203444,1200000,0.2
eng_Latn-ace_Latn,metricx24,0.723564094,142174,1200000,0.1
eng_Latn-ach_Latn,metricx24,unknown,310968,1200000,0.3
eng_Latn-aeb_Arab,qwen3-4b-instruct-2507,0.881025,95100,28000,3.4
eng_Latn-afr_Latn,qwen3-4b-instruct-2507,0.979671,739948,28000,26.4
eng_Latn-aln_Latn,metricx24,unknown,555215,1200000,0.5
eng_Latn-als_Latn,metricx24,0.884109,76142957,1200000,63.5
eng_Latn-arb_Arab,qwen3-4b-instruct-2507,0.991573,552778,28000,19.7
eng_Latn-arg_Latn,metricx24,unknown,485554,1200000,0.4
eng_Latn-ars_Arab,qwen3-4b-instruct-2507,0.967651,159591,28000,5.7
eng_Latn-arz_Arab,qwen3-4b-instruct-2507,0.949169,379113,28000,13.5
eng_Latn-ast_Latn,qwen3-4b-instruct-2507,0.94452,2963535,28000,105.8
eng_Latn-awa_Deva,bicleaner-ai,0.971343454,83486,2250000,0.0
eng_Latn-ayr_Latn,bicleaner-ai,0.484782977,442601,2250000,0.2
eng_Latn-azb_Arab,metricx24,0.612925754,78202,1200000,0.1
eng_Latn-azj_Latn,qwen3-4b-instruct-2507,0.914993,210091,28000,7.5
eng_Latn-bak_Cyrl,shaomutan_remedy-9b-22,0.932151716,340978,200000,1.7
eng_Latn-bam_Latn,shaomutan_remedy-9b-22,0.638140505,225054,200000,1.1
eng_Latn-ban_Latn,metricx24,0.778080522,93327,1200000,0.1
eng_Latn-bar_Latn,metricx24,unknown,99407,1200000,0.1
eng_Latn-bcc_Arab,metricx24,unknown,177157,1200000,0.1
eng_Latn-bcl_Latn,metricx24,unknown,346604,1200000,0.3
eng_Latn-bel_Cyrl,qwen3-4b-instruct-2507,0.954067,118867,28000,4.2
eng_Latn-bem_Latn,metricx24,0.618256926,58815,1200000,0.0
eng_Latn-ben_Beng,bicleaner-ai,0.987087108,321502,2250000,0.1
eng_Latn-bew_Latn,metricx24,unknown,861623,1200000,0.7
eng_Latn-bho_Deva,qwen3-4b-instruct-2507,0.884166,429300,28000,15.3
eng_Latn-bjn_Latn,qwen3-4b-instruct-2507,0.873843,200311,28000,7.2
eng_Latn-bre_Latn,metricx24,unknown,105785,1200000,0.1
eng_Latn-btx_Latn,metricx24,unknown,134721,1200000,0.1
eng_Latn-bul_Cyrl,qwen3-4b-instruct-2507,0.990597,119229,28000,4.3
eng_Latn-cat_Latn,qwen3-4b-instruct-2507,0.989323,610141,28000,21.8
eng_Latn-cbk_Latn,metricx24,unknown,549242,1200000,0.5
eng_Latn-ceb_Latn,qwen3-4b-instruct-2507,0.974306,142923,28000,5.1
eng_Latn-ces_Latn,qwen3-4b-instruct-2507,0.990095,664638,28000,23.7
eng_Latn-cfm_Latn,metricx24,unknown,183961,1200000,0.2
eng_Latn-ckb_Arab,m-prometheus-7b,0.880179194,134148,27000,5.0
eng_Latn-cmn_Hani,metricx24,unknown,97243913,1200000,81.0
eng_Latn-cnh_Latn,metricx24,unknown,543551,1200000,0.5
eng_Latn-cnr_Latn,metricx24,unknown,236710,1200000,0.2
eng_Latn-cos_Latn,metricx24,unknown,277479,1200000,0.2
eng_Latn-crh_Latn,shaomutan_remedy-9b-22,0.851786342,261247,200000,1.3
eng_Latn-crs_Latn,metricx24,unknown,343385,1200000,0.3
eng_Latn-cto_Latn,metricx24,unknown,99630,1200000,0.1
eng_Latn-cym_Latn,m-prometheus-7b,0.967446491,31890,27000,1.2
eng_Latn-dan_Latn,qwen3-4b-instruct-2507,0.991339,2682754,28000,95.8
eng_Latn-deu_Latn,qwen3-4b-instruct-2507,0.991747,4719548,28000,168.6
eng_Latn-ekk_Latn,metricx24,unknown,64079582,1200000,53.4
eng_Latn-ell_Grek,qwen3-4b-instruct-2507,0.983295,167403,28000,6.0
eng_Latn-eml_Latn,metricx24,unknown,144536,1200000,0.1
eng_Latn-enm_Latn,metricx24,unknown,77943,1200000,0.1
eng_Latn-epo_Latn,metricx24,0.880257,66065953,1200000,55.1
eng_Latn-est_Latn,metricx24,0.816854,9702116,1200000,8.1
eng_Latn-eus_Latn,metricx24,0.858742,11100064,1200000,9.3
eng_Latn-ewe_Latn,shaomutan_remedy-9b-22,0.519311327,3713158,200000,18.6
eng_Latn-fao_Latn,shaomutan_remedy-9b-22,0.898197627,2871101,200000,14.4
eng_Latn-fas_Arab,metricx24,unknown,90391025,1200000,75.3
eng_Latn-fij_Latn,shaomutan_remedy-9b-22,0.729759324,3365909,200000,16.8
eng_Latn-fil_Latn,metricx24,unknown,57169648,1200000,47.6
eng_Latn-fin_Latn,metricx24,0.860616,186709973,1200000,155.6
eng_Latn-fon_Latn,qwen3-4b-instruct-2507,0.457685,1539846,28000,55.0
eng_Latn-fra_Latn,metricx24,0.89632,878300965,1200000,731.9
eng_Latn-fro_Latn,metricx24,unknown,688911,1200000,0.6
eng_Latn-frp_Latn,metricx24,unknown,65925,1200000,0.1
eng_Latn-fry_Latn,metricx24,unknown,1170885,1200000,1.0
eng_Latn-fub_Latn,metricx24,unknown,162265,1200000,0.1
eng_Latn-ful_Latn,metricx24,unknown,673018,1200000,0.6
eng_Latn-fur_Latn,qwen3-4b-instruct-2507,0.908213,3596954,28000,128.5
eng_Latn-fuv_Latn,qwen3-4b-instruct-2507,0.387571,366989,28000,13.1
eng_Latn-gaa_Latn,metricx24,unknown,134242,1200000,0.1
eng_Latn-gaz_Latn,metricx24,0.634033582,1578679,1200000,1.3
eng_Latn-gcf_Latn,metricx24,unknown,185215,1200000,0.2
eng_Latn-gla_Latn,shaomutan_remedy-9b-22,0.881771636,6291285,200000,31.5
eng_Latn-gle_Latn,m-prometheus-7b,0.950791439,28948093,27000,1072.2
eng_Latn-glg_Latn,metricx24,0.884909,16319639,1200000,13.6
eng_Latn-glk_Arab,metricx24,unknown,98259,1200000,0.1
eng_Latn-gos_Latn,metricx24,unknown,58918,1200000,0.0
eng_Latn-grn_Latn,shaomutan_remedy-9b-22,0.798510274,245233,200000,1.2
eng_Latn-gsw_Latn,metricx24,unknown,239667,1200000,0.2
eng_Latn-gug_Latn,metricx24,unknown,2741430,1200000,2.3
eng_Latn-guj_Gujr,metricx24,0.831454,37828489,1200000,31.5
eng_Latn-hat_Latn,shaomutan_remedy-9b-22,0.916281455,13322044,200000,66.6
eng_Latn-hau_Latn,shaomutan_remedy-9b-22,0.911486391,7961452,200000,39.8
eng_Latn-haw_Latn,metricx24,unknown,331817,1200000,0.3
eng_Latn-hbo_Hebr,metricx24,unknown,88210,1200000,0.1
eng_Latn-hbs_Latn,metricx24,unknown,1733705,1200000,1.4
eng_Latn-heb_Hebr,metricx24,0.91195,79392249,1200000,66.2
eng_Latn-hil_Latn,metricx24,unknown,145515,1200000,0.1
eng_Latn-hin_Deva,metricx24,0.855027,82679042,1200000,68.9
eng_Latn-hin_Latn,metricx24,unknown,153331,1200000,0.1
eng_Latn-hmr_Latn,metricx24,unknown,97220,1200000,0.1
eng_Latn-hne_Deva,bicleaner-ai,0.954876556,839148,2250000,0.4
eng_Latn-hrv_Latn,metricx24,0.944897,104364068,1200000,87.0
eng_Latn-hrx_Latn,metricx24,unknown,69247,1200000,0.1
eng_Latn-hun_Latn,metricx24,0.859033,151333025,1200000,126.1
eng_Latn-hye_Armn,m-prometheus-7b,0.986948731,15095000,27000,559.1
eng_Latn-hyw_Armn,metricx24,unknown,673211,1200000,0.6
eng_Latn-ibo_Latn,shaomutan_remedy-9b-22,0.822213047,5780710,200000,28.9
eng_Latn-ido_Latn,metricx24,unknown,278147,1200000,0.2
eng_Latn-ile_Latn,metricx24,unknown,87621,1200000,0.1
eng_Latn-ilo_Latn,qwen3-4b-instruct-2507,0.893917,1547687,28000,55.3
eng_Latn-ina_Latn,metricx24,unknown,399427,1200000,0.3
eng_Latn-ind_Latn,metricx24,0.910474,138813382,1200000,115.7
eng_Latn-isl_Latn,metricx24,0.834793,23366546,1200000,19.5
eng_Latn-ita_Latn,metricx24,0.927354,410154258,1200000,341.8
eng_Latn-jam_Latn,metricx24,unknown,275210,1200000,0.2
eng_Latn-jav_Latn,metricx24,0.818536,15302778,1200000,12.8
eng_Latn-jbo_Latn,metricx24,unknown,56592,1200000,0.0
eng_Latn-jpn_Jpan,metricx24,0.863388,107009978,1200000,89.2
eng_Latn-kab_Latn,qwen3-4b-instruct-2507,0.476929,3835672,28000,137.0
eng_Latn-kac_Latn,metricx24,0.568372722,877200,1200000,0.7
eng_Latn-kam_Latn,qwen3-4b-instruct-2507,0.435455,1357457,28000,48.5
eng_Latn-kan_Knda,metricx24,0.846882,35930337,1200000,29.9
eng_Latn-kas_Arab,bicleaner-ai,0.830456446,514269,2250000,0.2
eng_Latn-kas_Deva,qwen3-4b-instruct-2507,0.492051,707357,28000,25.3
eng_Latn-kat_Geor,m-prometheus-7b,0.979163763,10909155,27000,404.0
eng_Latn-kau_Zyyy,metricx24,unknown,738784,1200000,0.6
eng_Latn-kaz_Cyrl,shaomutan_remedy-9b-22,0.941472984,31562001,200000,157.8
eng_Latn-kbp_Latn,qwen3-4b-instruct-2507,0.531329,1173978,28000,41.9
eng_Latn-kea_Latn,qwen3-4b-instruct-2507,0.922683,1205518,28000,43.1
eng_Latn-khk_Cyrl,m-prometheus-7b,0.875131906,13732550,27000,508.6
eng_Latn-khm_Khmr,m-prometheus-7b,0.969452464,6638724,27000,245.9
eng_Latn-kik_Latn,shaomutan_remedy-9b-22,0.744070107,1903732,200000,9.5
eng_Latn-kin_Latn,shaomutan_remedy-9b-22,0.885954594,9264247,200000,46.3
eng_Latn-kir_Cyrl,shaomutan_remedy-9b-22,0.949073419,17515942,200000,87.6
eng_Latn-kiu_Latn,metricx24,unknown,1180232,1200000,1.0
eng_Latn-kjh_Cyrl,metricx24,unknown,98077,1200000,0.1
eng_Latn-kmb_Latn,metricx24,0.480137744,169120,1200000,0.1
eng_Latn-kmr_Latn,qwen3-4b-instruct-2507,0.768049,1059907,28000,37.9
eng_Latn-kng_Latn,metricx24,unknown,1173177,1200000,1.0
eng_Latn-kon_Latn,shaomutan_remedy-9b-22,0.614337672,640252,200000,3.2
eng_Latn-kor_Hang,metricx24,0.865746,60158184,1200000,50.1
eng_Latn-kor_Zyyy,metricx24,unknown,13668940,1200000,11.4
eng_Latn-ksh_Latn,metricx24,unknown,152883,1200000,0.1
eng_Latn-ktu_Latn,metricx24,unknown,101040,1200000,0.1
eng_Latn-kwy_Latn,metricx24,unknown,112496,1200000,0.1
eng_Latn-lad_Latn,metricx24,unknown,245806,1200000,0.2
eng_Latn-lao_Laoo,metricx24,0.83972,5282645,1200000,4.4
eng_Latn-lat_Latn,metricx24,unknown,1911701,1200000,1.6
eng_Latn-lav_Latn,metricx24,unknown,3648707,1200000,3.0
eng_Latn-lfn_Latn,metricx24,unknown,135962,1200000,0.1
eng_Latn-lij_Latn,qwen3-4b-instruct-2507,0.911628,985630,28000,35.2
eng_Latn-lim_Latn,qwen3-4b-instruct-2507,0.854191,4743979,28000,169.4
eng_Latn-lin_Latn,shaomutan_remedy-9b-22,0.774348698,2731936,200000,13.7
eng_Latn-lit_Latn,metricx24,0.852908,64337021,1200000,53.6
eng_Latn-lmo_Latn,metricx24,0.656693,6079149,1200000,5.1
eng_Latn-ltg_Latn,metricx24,0.523592398,193683,1200000,0.2
eng_Latn-ltz_Latn,metricx24,0.910113,19929474,1200000,16.6
eng_Latn-lua_Latn,shaomutan_remedy-9b-22,0.588134971,1759244,200000,8.8
eng_Latn-lub_Latn,metricx24,unknown,269504,1200000,0.2
eng_Latn-lug_Latn,shaomutan_remedy-9b-22,0.691064322,2886255,200000,14.4
eng_Latn-luo_Latn,metricx24,0.450027587,2067446,1200000,1.7
eng_Latn-lus_Latn,metricx24,0.66169319,4202722,1200000,3.5
eng_Latn-lus_Zyyy,metricx24,unknown,1067510,1200000,0.9
eng_Latn-lvs_Latn,metricx24,0.809009,49642068,1200000,41.4
eng_Latn-lzh_Hani,metricx24,unknown,2158217,1200000,1.8
eng_Latn-mad_Latn,metricx24,unknown,151650,1200000,0.1
eng_Latn-mag_Deva,bicleaner-ai,0.959124938,1416416,2250000,0.6
eng_Latn-mai_Deva,bicleaner-ai,0.984525137,3119412,2250000,1.4
eng_Latn-mal_Mlym,metricx24,0.857072,50645440,1200000,42.2
eng_Latn-mar_Deva,metricx24,0.846343,37761041,1200000,31.5
eng_Latn-mar_Latn,metricx24,unknown,70116,1200000,0.1
eng_Latn-mav_Latn,metricx24,unknown,62761,1200000,0.1
eng_Latn-mfe_Latn,metricx24,unknown,217927,1200000,0.2
eng_Latn-mhr_Cyrl,metricx24,unknown,285698,1200000,0.2
eng_Latn-min_Latn,qwen3-4b-instruct-2507,0.899348,433293,28000,15.5
eng_Latn-mkd_Cyrl,metricx24,0.89742,21652892,1200000,18.0
eng_Latn-mlg_Latn,metricx24,unknown,917624,1200000,0.8
eng_Latn-mlt_Latn,metricx24,0.842613,23205237,1200000,19.3
eng_Latn-mni_Beng,metricx24,0.531661841,435027,1200000,0.4
eng_Latn-mon_Cyrl,metricx24,unknown,882845,1200000,0.7
eng_Latn-mos_Latn,qwen3-4b-instruct-2507,0.430333,1917706,28000,68.5
eng_Latn-mri_Latn,shaomutan_remedy-9b-22,0.797057622,5163350,200000,25.8
eng_Latn-mrj_Cyrl,metricx24,unknown,60378,1200000,0.1
eng_Latn-msa_Latn,metricx24,unknown,36017429,1200000,30.0
eng_Latn-mui_Latn,metricx24,unknown,243065,1200000,0.2
eng_Latn-mwl_Latn,metricx24,unknown,80690,1200000,0.1
eng_Latn-mya_Mymr,m-prometheus-7b,0.943006471,10731969,27000,397.5
eng_Latn-nah_Latn,metricx24,unknown,118358,1200000,0.1
eng_Latn-nap_Latn,metricx24,unknown,556479,1200000,0.5
eng_Latn-nbl_Latn,metricx24,unknown,102534,1200000,0.1
eng_Latn-nde_Latn,metricx24,unknown,202604,1200000,0.2
eng_Latn-nds_Latn,metricx24,unknown,435330,1200000,0.4
eng_Latn-nep_Deva,metricx24,unknown,5528739,1200000,4.6
eng_Latn-nld_Latn,metricx24,0.937376,348707404,1200000,290.6
eng_Latn-nno_Latn,qwen3-4b-instruct-2507,0.976292,4425778,28000,158.1
eng_Latn-nob_Latn,metricx24,0.890248,118367229,1200000,98.6
eng_Latn-nor_Latn,metricx24,unknown,44842070,1200000,37.4
eng_Latn-npi_Deva,bicleaner-ai,0.98510005,15876445,2250000,7.1
eng_Latn-nso_Latn,metricx24,0.706184008,2961421,1200000,2.5
eng_Latn-nus_Latn,qwen3-4b-instruct-2507,0.605814,1080944,28000,38.6
eng_Latn-nya_Latn,shaomutan_remedy-9b-22,0.824465945,1750709,200000,8.8
eng_Latn-nzi_Latn,metricx24,unknown,169685,1200000,0.1
eng_Latn-oci_Latn,qwen3-4b-instruct-2507,0.94439,1964163,28000,70.1
eng_Latn-ori_Orya,metricx24,unknown,107063,1200000,0.1
eng_Latn-orm_Latn,metricx24,unknown,1135040,1200000,0.9
eng_Latn-orv_Cyrl,metricx24,unknown,175546,1200000,0.1
eng_Latn-ory_Orya,m-prometheus-7b,0.98259333,12589861,27000,466.3
eng_Latn-pag_Latn,qwen3-4b-instruct-2507,0.740085,2855558,28000,102.0
eng_Latn-pam_Latn,metricx24,unknown,100141,1200000,0.1
eng_Latn-pan_Guru,bicleaner-ai,0.991553011,13469678,2250000,6.0
eng_Latn-pan_Latn,metricx24,unknown,96821,1200000,0.1
eng_Latn-pap_Latn,metricx24,0.767098,13300537,1200000,11.1
eng_Latn-pbt_Arab,shaomutan_remedy-9b-22,0.855842805,9968175,200000,49.8
eng_Latn-pcd_Latn,metricx24,unknown,63252,1200000,0.1
eng_Latn-pcm_Latn,metricx24,unknown,95255,1200000,0.1
eng_Latn-plt_Latn,bicleaner-ai,0.87361772,3586163,2250000,1.6
eng_Latn-pms_Latn,metricx24,unknown,177069,1200000,0.1
eng_Latn-pnb_Arab,metricx24,unknown,265198,1200000,0.2
eng_Latn-pol_Latn,metricx24,0.843013,227938949,1200000,189.9
eng_Latn-por_Latn,metricx24,0.887974,434518146,1200000,362.1
eng_Latn-prs_Arab,qwen3-4b-instruct-2507,0.95663,841044,28000,30.0
eng_Latn-pus_Arab,metricx24,unknown,427946,1200000,0.4
eng_Latn-qub_Latn,metricx24,unknown,205982,1200000,0.2
eng_Latn-que_Latn,metricx24,unknown,760379,1200000,0.6
eng_Latn-quh_Latn,metricx24,unknown,167105,1200000,0.1
eng_Latn-quw_Latn,metricx24,unknown,132338,1200000,0.1
eng_Latn-quy_Latn,metricx24,0.479750907,689622,1200000,0.6
eng_Latn-quz_Latn,metricx24,unknown,438277,1200000,0.4
eng_Latn-rmn_Latn,metricx24,unknown,62809,1200000,0.1
eng_Latn-rmy_Latn,metricx24,unknown,350336,1200000,0.3
eng_Latn-rnd_Latn,metricx24,unknown,45952,1200000,0.0
eng_Latn-roh_Latn,metricx24,unknown,46634,1200000,0.0
eng_Latn-ron_Latn,metricx24,0.883327,174094891,1200000,145.1
eng_Latn-run_Latn,shaomutan_remedy-9b-22,0.774656113,845040,200000,4.2
eng_Latn-rus_Cyrl,metricx24,0.921892,274346794,1200000,228.6
eng_Latn-sag_Latn,metricx24,0.471444798,3080731,1200000,2.6
eng_Latn-sah_Cyrl,metricx24,unknown,130373,1200000,0.1
eng_Latn-san_Deva,qwen3-4b-instruct-2507,0.810075,2540030,28000,90.7
eng_Latn-scn_Latn,qwen3-4b-instruct-2507,0.891956,1406797,28000,50.2
eng_Latn-sco_Latn,metricx24,unknown,235439,1200000,0.2
eng_Latn-shn_Mymr,metricx24,0.738388961,572628,1200000,0.5
eng_Latn-shp_Latn,metricx24,unknown,47763,1200000,0.0
eng_Latn-sin_Sinh,m-prometheus-7b,0.959925336,28575828,27000,1058.4
eng_Latn-slk_Latn,metricx24,0.843603,101339084,1200000,84.4
eng_Latn-slv_Latn,metricx24,0.90656,75289157,1200000,62.7
eng_Latn-sme_Latn,metricx24,unknown,103047,1200000,0.1
eng_Latn-smo_Latn,shaomutan_remedy-9b-22,0.816602557,5447967,200000,27.2
eng_Latn-sna_Latn,shaomutan_remedy-9b-22,0.8484522,7978577,200000,39.9
eng_Latn-snd_Arab,metricx24,0.792963,9118948,1200000,7.6
eng_Latn-som_Latn,shaomutan_remedy-9b-22,0.847503082,9764566,200000,48.8
eng_Latn-sot_Latn,shaomutan_remedy-9b-22,0.879988256,1390168,200000,7.0
eng_Latn-spa_Latn,metricx24,0.896272,1077875433,1200000,898.2
eng_Latn-sqi_Latn,metricx24,unknown,12094337,1200000,10.1
eng_Latn-srd_Latn,metricx24,0.833527,8989360,1200000,7.5
eng_Latn-srp_Cyrl,metricx24,0.916491,20502725,1200000,17.1
eng_Latn-srp_Latn,metricx24,unknown,75363563,1200000,62.8
eng_Latn-ssw_Latn,metricx24,0.718627576,322682,1200000,0.3
eng_Latn-sun_Latn,metricx24,0.83849,10189811,1200000,8.5
eng_Latn-swa_Latn,metricx24,unknown,10987572,1200000,9.2
eng_Latn-swc_Latn,metricx24,unknown,3212245,1200000,2.7
eng_Latn-swe_Latn,metricx24,0.908999,205731015,1200000,171.4
eng_Latn-swh_Latn,shaomutan_remedy-9b-22,0.911171569,17580762,200000,87.9
eng_Latn-szl_Latn,qwen3-4b-instruct-2507,0.856058,1588635,28000,56.7
eng_Latn-tam_Taml,metricx24,0.860132,52375522,1200000,43.6
eng_Latn-taq_Latn,qwen3-4b-instruct-2507,0.417312,422102,28000,15.1
eng_Latn-tar_Latn,metricx24,unknown,93119,1200000,0.1
eng_Latn-tat_Cyrl,shaomutan_remedy-9b-22,0.942935181,8644118,200000,43.2
eng_Latn-tel_Latn,metricx24,unknown,112461,1200000,0.1
eng_Latn-tel_Telu,metricx24,0.831182,47111611,1200000,39.3
eng_Latn-tgk_Cyrl,shaomutan_remedy-9b-22,0.920430211,10774485,200000,53.9
eng_Latn-tgl_Latn,metricx24,0.888003,12446184,1200000,10.4
eng_Latn-tha_Thai,metricx24,0.886286,30007390,1200000,25.0
eng_Latn-tig_Ethi,metricx24,unknown,137792,1200000,0.1
eng_Latn-tir_Ethi,shaomutan_remedy-9b-22,0.76844838,1123340,200000,5.6
eng_Latn-tlh_Latn,metricx24,unknown,22223,1200000,0.0
eng_Latn-tpi_Latn,qwen3-4b-instruct-2507,0.797889,1951601,28000,69.7
eng_Latn-tsn_Latn,shaomutan_remedy-9b-22,0.828135603,5187478,200000,25.9
eng_Latn-tso_Latn,shaomutan_remedy-9b-22,0.785474642,561288,200000,2.8
eng_Latn-tuk_Arab,metricx24,unknown,97840,1200000,0.1
eng_Latn-tuk_Latn,shaomutan_remedy-9b-22,0.901674384,280503,200000,1.4
eng_Latn-tum_Latn,metricx24,0.754610118,431979,1200000,0.4
eng_Latn-tur_Latn,metricx24,0.818864,139828038,1200000,116.5
eng_Latn-twi_Latn,shaomutan_remedy-9b-22,0.794078948,3205705,200000,16.0
eng_Latn-tzm_Tfng,metricx24,0.513495894,127423,1200000,0.1
eng_Latn-uig_Arab,bicleaner-ai,0.89915331,8751417,2250000,3.9
eng_Latn-uig_Latn,metricx24,unknown,210835,1200000,0.2
eng_Latn-ukr_Cyrl,metricx24,0.880491,66407936,1200000,55.3
eng_Latn-umb_Latn,qwen3-4b-instruct-2507,0.431677,261891,28000,9.4
eng_Latn-und_Cyrl,metricx24,unknown,129349,1200000,0.1
eng_Latn-und_Geor,metricx24,unknown,64451,1200000,0.1
eng_Latn-und_Hebr,metricx24,unknown,39016,1200000,0.0
eng_Latn-und_Hira,metricx24,unknown,272691,1200000,0.2
eng_Latn-und_Kana,metricx24,unknown,1317813,1200000,1.1
eng_Latn-und_Sind,metricx24,unknown,218585,1200000,0.2
eng_Latn-und_Xsux,metricx24,unknown,208931,1200000,0.2
eng_Latn-urd_Arab,metricx24,0.857342,31075071,1200000,25.9
eng_Latn-urd_Latn,metricx24,unknown,228844,1200000,0.2
eng_Latn-uzb_Latn,metricx24,unknown,1385108,1200000,1.2
eng_Latn-uzn_Cyrl,metricx24,unknown,2243233,1200000,1.9
eng_Latn-uzn_Latn,bicleaner-ai,0.96653559,26977886,2250000,12.0
eng_Latn-vec_Latn,metricx24,0.666039,8129746,1200000,6.8
eng_Latn-ven_Latn,metricx24,unknown,109495,1200000,0.1
eng_Latn-vie_Latn,metricx24,0.905108,95635886,1200000,79.7
eng_Latn-vls_Latn,metricx24,unknown,118965,1200000,0.1
eng_Latn-war_Latn,metricx24,0.820769,7399907,1200000,6.2
eng_Latn-wes_Latn,metricx24,unknown,97287,1200000,0.1
eng_Latn-wln_Latn,metricx24,unknown,88392,1200000,0.1
eng_Latn-wol_Latn,shaomutan_remedy-9b-22,0.722060169,1754932,200000,8.8
eng_Latn-wuu_Hani,metricx24,unknown,498073,1200000,0.4
eng_Latn-xav_Latn,metricx24,unknown,438314,1200000,0.4
eng_Latn-xho_Latn,shaomutan_remedy-9b-22,0.867002115,24840663,200000,124.2
eng_Latn-ydd_Hebr,metricx24,0.833826,6542884,1200000,5.5
eng_Latn-yid_Hebr,metricx24,unknown,271128,1200000,0.2
eng_Latn-yor_Latn,shaomutan_remedy-9b-22,0.766191231,1532343,200000,7.7
eng_Latn-yue_Hani,metricx24,unknown,3392292,1200000,2.8
eng_Latn-zea_Latn,metricx24,unknown,202249,1200000,0.2
eng_Latn-zho_Hani,metricx24,unknown,3307307,1200000,2.8
eng_Latn-zho_Hans,metricx24,0.914598,60953692,1200000,50.8
eng_Latn-zho_Hant,metricx24,0.904452,8659723,1200000,7.2
eng_Latn-zho_Zyyy,metricx24,unknown,217425,1200000,0.2
eng_Latn-zpa_Latn,metricx24,unknown,73660,1200000,0.1
eng_Latn-zsm_Latn,metricx24,0.882342,41503698,1200000,34.6
eng_Latn-zul_Latn,shaomutan_remedy-9b-22,0.903679638,3795478,200000,19.0
enm_Latn-fra_Latn,metricx24,unknown,76995,1200000,0.1
enm_Latn-spa_Latn,metricx24,unknown,80905,1200000,0.1
epo_Latn-als_Latn,qwen3-4b-instruct-2507,0.902509,1065413,28000,38.1
epo_Latn-cmn_Hani,metricx24,unknown,297521,1200000,0.2
epo_Latn-dan_Latn,shaomutan_remedy-9b-22,0.939380465,50387,200000,0.3
epo_Latn-deu_Latn,qwen3-4b-instruct-2507,0.944968,47568,28000,1.7
epo_Latn-ekk_Latn,metricx24,unknown,1088059,1200000,0.9
epo_Latn-ell_Grek,qwen3-4b-instruct-2507,0.949253,35144,28000,1.3
epo_Latn-eng_Latn,qwen3-4b-instruct-2507,0.979119,82763,28000,3.0
epo_Latn-est_Latn,qwen3-4b-instruct-2507,0.873559,432442,28000,15.4
epo_Latn-eus_Latn,qwen3-4b-instruct-2507,0.860772,972369,28000,34.7
epo_Latn-fas_Arab,metricx24,unknown,1638406,1200000,1.4
epo_Latn-fil_Latn,metricx24,unknown,81915,1200000,0.1
epo_Latn-fin_Latn,shaomutan_remedy-9b-22,0.907208503,1927338,200000,9.6
epo_Latn-fra_Latn,metricx24,0.875953,19992404,1200000,16.7
epo_Latn-fry_Latn,metricx24,unknown,167633,1200000,0.1
epo_Latn-fur_Latn,qwen3-4b-instruct-2507,0.751005,48134,28000,1.7
epo_Latn-gle_Latn,m-prometheus-7b,0.857003484,249876,27000,9.3
epo_Latn-glg_Latn,qwen3-4b-instruct-2507,0.936585,761042,28000,27.2
epo_Latn-guj_Gujr,shaomutan_remedy-9b-22,0.942403921,95778,200000,0.5
epo_Latn-hat_Latn,shaomutan_remedy-9b-22,0.747760955,41585,200000,0.2
epo_Latn-hau_Latn,metricx24,0.786715627,112302,1200000,0.1
epo_Latn-hbs_Latn,metricx24,unknown,136465,1200000,0.1
epo_Latn-heb_Hebr,qwen3-4b-instruct-2507,0.960189,1730855,28000,61.8
epo_Latn-hin_Deva,shaomutan_remedy-9b-22,0.924097864,585232,200000,2.9
epo_Latn-hne_Deva,qwen3-4b-instruct-2507,0.8066,58692,28000,2.1
epo_Latn-hrv_Latn,qwen3-4b-instruct-2507,0.922081,1484020,28000,53.0
epo_Latn-hun_Latn,qwen3-4b-instruct-2507,0.94772,1910249,28000,68.2
epo_Latn-hye_Armn,qwen3-4b-instruct-2507,0.935276,65391,28000,2.3
epo_Latn-ibo_Latn,shaomutan_remedy-9b-22,0.67286939,38292,200000,0.2
epo_Latn-ilo_Latn,metricx24,0.744528289,47738,1200000,0.0
epo_Latn-ind_Latn,shaomutan_remedy-9b-22,0.935770663,790419,200000,4.0
epo_Latn-isl_Latn,shaomutan_remedy-9b-22,0.868271598,522605,200000,2.6
epo_Latn-ita_Latn,qwen3-4b-instruct-2507,0.950289,3213566,28000,114.8
epo_Latn-jav_Latn,qwen3-4b-instruct-2507,0.806137,86517,28000,3.1
epo_Latn-jpn_Jpan,qwen3-4b-instruct-2507,0.952957,927645,28000,33.1
epo_Latn-kan_Knda,shaomutan_remedy-9b-22,0.919832479,95773,200000,0.5
epo_Latn-kat_Geor,shaomutan_remedy-9b-22,0.927961325,92156,200000,0.5
epo_Latn-kaz_Cyrl,shaomutan_remedy-9b-22,0.939560804,163185,200000,0.8
epo_Latn-khm_Khmr,shaomutan_remedy-9b-22,0.925165735,52168,200000,0.3
epo_Latn-kin_Latn,metricx24,0.756971702,29786,1200000,0.0
epo_Latn-kor_Hang,qwen3-4b-instruct-2507,0.935824,465411,28000,16.6
epo_Latn-kor_Zyyy,metricx24,unknown,396818,1200000,0.3
epo_Latn-lat_Latn,metricx24,unknown,164912,1200000,0.1
epo_Latn-lav_Latn,metricx24,unknown,205449,1200000,0.2
epo_Latn-lit_Latn,shaomutan_remedy-9b-22,0.925879917,1357692,200000,6.8
epo_Latn-ltz_Latn,metricx24,0.890596323,132925,1200000,0.1
epo_Latn-lvs_Latn,qwen3-4b-instruct-2507,0.927616,867899,28000,31.0
epo_Latn-lzh_Hani,metricx24,unknown,139614,1200000,0.1
epo_Latn-mal_Mlym,qwen3-4b-instruct-2507,0.932115,385180,28000,13.8
epo_Latn-mar_Deva,shaomutan_remedy-9b-22,0.924320835,308498,200000,1.5
epo_Latn-mkd_Cyrl,qwen3-4b-instruct-2507,0.94888,1167653,28000,41.7
epo_Latn-mlg_Latn,metricx24,unknown,128293,1200000,0.1
epo_Latn-msa_Latn,metricx24,unknown,509904,1200000,0.4
epo_Latn-mya_Mymr,shaomutan_remedy-9b-22,0.954382068,65989,200000,0.3
epo_Latn-nds_Latn,metricx24,unknown,146252,1200000,0.1
epo_Latn-nep_Deva,metricx24,unknown,174829,1200000,0.1
epo_Latn-nld_Latn,qwen3-4b-instruct-2507,0.92552,2929195,28000,104.6
epo_Latn-nno_Latn,shaomutan_remedy-9b-22,0.906825598,110725,200000,0.6
epo_Latn-nob_Latn,shaomutan_remedy-9b-22,0.935120369,1212266,200000,6.1
epo_Latn-nor_Latn,metricx24,unknown,741912,1200000,0.6
epo_Latn-npi_Deva,shaomutan_remedy-9b-22,0.914552189,86542,200000,0.4
epo_Latn-oci_Latn,qwen3-4b-instruct-2507,0.841976,142906,28000,5.1
epo_Latn-pan_Guru,qwen3-4b-instruct-2507,0.941797,53126,28000,1.9
epo_Latn-plt_Latn,metricx24,0.789686339,57315,1200000,0.0
epo_Latn-pol_Latn,qwen3-4b-instruct-2507,0.949537,1087358,28000,38.8
epo_Latn-por_Latn,qwen3-4b-instruct-2507,0.943733,1169270,28000,41.8
epo_Latn-ron_Latn,qwen3-4b-instruct-2507,0.944385,2053135,28000,73.3
epo_Latn-rus_Cyrl,qwen3-4b-instruct-2507,0.957621,1394611,28000,49.8
epo_Latn-sin_Sinh,shaomutan_remedy-9b-22,0.920626083,324027,200000,1.6
epo_Latn-slk_Latn,qwen3-4b-instruct-2507,0.941294,1948508,28000,69.6
epo_Latn-slv_Latn,qwen3-4b-instruct-2507,0.931692,1470369,28000,52.5
epo_Latn-snd_Arab,qwen3-4b-instruct-2507,0.879398,71223,28000,2.5
epo_Latn-som_Latn,metricx24,0.702157589,57828,1200000,0.0
epo_Latn-spa_Latn,shaomutan_remedy-9b-22,0.938868918,6004175,200000,30.0
epo_Latn-sqi_Latn,metricx24,unknown,489490,1200000,0.4
epo_Latn-srd_Latn,metricx24,0.801092595,104084,1200000,0.1
epo_Latn-srp_Cyrl,qwen3-4b-instruct-2507,0.952389,1167582,28000,41.7
epo_Latn-srp_Latn,metricx24,unknown,703575,1200000,0.6
epo_Latn-sun_Latn,metricx24,0.800737242,60238,1200000,0.1
epo_Latn-swa_Latn,metricx24,unknown,340219,1200000,0.3
epo_Latn-swe_Latn,shaomutan_remedy-9b-22,0.922030616,2446636,200000,12.2
epo_Latn-swh_Latn,shaomutan_remedy-9b-22,0.807942251,307278,200000,1.5
epo_Latn-tam_Taml,qwen3-4b-instruct-2507,0.939736,315457,28000,11.3
epo_Latn-tel_Telu,qwen3-4b-instruct-2507,0.92324,172661,28000,6.2
epo_Latn-tgl_Latn,qwen3-4b-instruct-2507,0.899537,263237,28000,9.4
epo_Latn-tha_Thai,qwen3-4b-instruct-2507,0.934858,364891,28000,13.0
epo_Latn-tur_Latn,shaomutan_remedy-9b-22,0.921562206,1051709,200000,5.3
epo_Latn-ukr_Cyrl,qwen3-4b-instruct-2507,0.950085,1753301,28000,62.6
epo_Latn-und_Kana,metricx24,unknown,102900,1200000,0.1
epo_Latn-urd_Arab,shaomutan_remedy-9b-22,0.901763797,305364,200000,1.5
epo_Latn-uzn_Latn,qwen3-4b-instruct-2507,0.809701,122714,28000,4.4
epo_Latn-vie_Latn,shaomutan_remedy-9b-22,0.932684325,482253,200000,2.4
epo_Latn-wln_Latn,metricx24,unknown,43098,1200000,0.0
epo_Latn-xho_Latn,metricx24,0.736567221,303360,1200000,0.3
epo_Latn-yue_Hani,metricx24,unknown,108334,1200000,0.1
epo_Latn-zho_Hans,qwen3-4b-instruct-2507,0.971732,760310,28000,27.2
epo_Latn-zho_Hant,qwen3-4b-instruct-2507,0.963201,109832,28000,3.9
epo_Latn-zsm_Latn,qwen3-4b-instruct-2507,0.88332,150155,28000,5.4
est_Latn-abk_Cyrl,metricx24,unknown,42793,1200000,0.0
est_Latn-afr_Latn,shaomutan_remedy-9b-22,0.888660861,58357,200000,0.3
est_Latn-als_Latn,qwen3-4b-instruct-2507,0.861294,450924,28000,16.1
est_Latn-bak_Cyrl,shaomutan_remedy-9b-22,0.881049044,49150,200000,0.2
est_Latn-cat_Latn,shaomutan_remedy-9b-22,0.928488852,45006,200000,0.2
est_Latn-ces_Latn,qwen3-4b-instruct-2507,0.930438,109048,28000,3.9
est_Latn-cmn_Hani,metricx24,unknown,1323880,1200000,1.1
est_Latn-dan_Latn,shaomutan_remedy-9b-22,0.939029209,94249,200000,0.5
est_Latn-deu_Latn,qwen3-4b-instruct-2507,0.937407,44801,28000,1.6
est_Latn-eng_Latn,qwen3-4b-instruct-2507,0.968064,216159,28000,7.7
est_Latn-epo_Latn,shaomutan_remedy-9b-22,0.827304126,50778,200000,0.3
est_Latn-eus_Latn,qwen3-4b-instruct-2507,0.836511,637012,28000,22.8
est_Latn-fas_Arab,metricx24,unknown,4653517,1200000,3.9
est_Latn-fil_Latn,metricx24,unknown,100088,1200000,0.1
est_Latn-fin_Latn,shaomutan_remedy-9b-22,0.910255127,5759573,200000,28.8
est_Latn-fra_Latn,shaomutan_remedy-9b-22,0.939783636,7336066,200000,36.7
est_Latn-fro_Latn,metricx24,unknown,44166,1200000,0.0
est_Latn-fry_Latn,metricx24,unknown,117028,1200000,0.1
est_Latn-fur_Latn,qwen3-4b-instruct-2507,0.800677,158082,28000,5.6
est_Latn-gle_Latn,m-prometheus-7b,0.857879542,137813,27000,5.1
est_Latn-glg_Latn,qwen3-4b-instruct-2507,0.916147,384223,28000,13.7
est_Latn-hat_Latn,shaomutan_remedy-9b-22,0.828668616,106302,200000,0.5
est_Latn-hau_Latn,metricx24,0.747344524,131041,1200000,0.1
est_Latn-hbs_Latn,metricx24,unknown,178990,1200000,0.1
est_Latn-heb_Hebr,shaomutan_remedy-9b-22,0.937986584,4714806,200000,23.6
est_Latn-hin_Deva,shaomutan_remedy-9b-22,0.916962394,1062623,200000,5.3
est_Latn-hrv_Latn,metricx24,0.909380334,4768040,1200000,4.0
est_Latn-hun_Latn,metricx24,0.796696,5957009,1200000,5.0
est_Latn-hye_Armn,shaomutan_remedy-9b-22,0.924290347,125229,200000,0.6
est_Latn-ibo_Latn,shaomutan_remedy-9b-22,0.70693913,52557,200000,0.3
est_Latn-ilo_Latn,metricx24,0.69456114,51380,1200000,0.0
est_Latn-ind_Latn,shaomutan_remedy-9b-22,0.937780455,5075725,200000,25.4
est_Latn-isl_Latn,shaomutan_remedy-9b-22,0.852889546,1256125,200000,6.3
est_Latn-ita_Latn,metricx24,0.878081,6208827,1200000,5.2
est_Latn-jav_Latn,shaomutan_remedy-9b-22,0.769794332,182987,200000,0.9
est_Latn-jpn_Jpan,qwen3-4b-instruct-2507,0.934759,1512694,28000,54.0
est_Latn-kab_Latn,metricx24,0.3223727,62326,1200000,0.1
est_Latn-kat_Geor,shaomutan_remedy-9b-22,0.920582873,221556,200000,1.1
est_Latn-kaz_Cyrl,shaomutan_remedy-9b-22,0.941775401,136129,200000,0.7
est_Latn-khm_Khmr,shaomutan_remedy-9b-22,0.916861483,163183,200000,0.8
est_Latn-kin_Latn,shaomutan_remedy-9b-22,0.743352011,54098,200000,0.3
est_Latn-kor_Hang,shaomutan_remedy-9b-22,0.921889849,2040100,200000,10.2
est_Latn-kor_Zyyy,metricx24,unknown,845586,1200000,0.7
est_Latn-lat_Latn,metricx24,unknown,135554,1200000,0.1
est_Latn-lav_Latn,metricx24,unknown,1036255,1200000,0.9
est_Latn-lim_Latn,shaomutan_remedy-9b-22,0.70671325,59557,200000,0.3
est_Latn-lit_Latn,shaomutan_remedy-9b-22,0.893540363,2445013,200000,12.2
est_Latn-ltz_Latn,metricx24,0.860995364,104447,1200000,0.1
est_Latn-lvs_Latn,shaomutan_remedy-9b-22,0.905036024,1103500,200000,5.5
est_Latn-lzh_Hani,metricx24,unknown,181643,1200000,0.2
est_Latn-mal_Mlym,qwen3-4b-instruct-2507,0.92341,482319,28000,17.2
est_Latn-mar_Deva,shaomutan_remedy-9b-22,0.918261479,257847,200000,1.3
est_Latn-mhr_Cyrl,metricx24,unknown,54784,1200000,0.0
est_Latn-mkd_Cyrl,shaomutan_remedy-9b-22,0.933503225,1344001,200000,6.7
est_Latn-mlg_Latn,metricx24,unknown,120810,1200000,0.1
est_Latn-mlt_Latn,shaomutan_remedy-9b-22,0.856040446,477514,200000,2.4
est_Latn-mon_Cyrl,metricx24,unknown,86849,1200000,0.1
est_Latn-msa_Latn,metricx24,unknown,1390597,1200000,1.2
est_Latn-mya_Mymr,shaomutan_remedy-9b-22,0.911744049,192815,200000,1.0
est_Latn-nds_Latn,metricx24,unknown,96381,1200000,0.1
est_Latn-nep_Deva,metricx24,unknown,173331,1200000,0.1
est_Latn-nld_Latn,shaomutan_remedy-9b-22,0.926940585,6429436,200000,32.1
est_Latn-nno_Latn,shaomutan_remedy-9b-22,0.881083903,148226,200000,0.7
est_Latn-nob_Latn,shaomutan_remedy-9b-22,0.923205555,1587872,200000,7.9
est_Latn-nor_Latn,metricx24,unknown,2427227,1200000,2.0
est_Latn-oci_Latn,shaomutan_remedy-9b-22,0.851242918,106431,200000,0.5
est_Latn-pan_Guru,qwen3-4b-instruct-2507,0.91891,56523,28000,2.0
est_Latn-pol_Latn,shaomutan_remedy-9b-22,0.92160762,6485166,200000,32.4
est_Latn-por_Latn,shaomutan_remedy-9b-22,0.934357633,6685588,200000,33.4
est_Latn-pus_Arab,metricx24,unknown,46641,1200000,0.0
est_Latn-ron_Latn,shaomutan_remedy-9b-22,0.920784187,6265471,200000,31.3
est_Latn-rus_Cyrl,shaomutan_remedy-9b-22,0.938544381,5582462,200000,27.9
est_Latn-sin_Sinh,shaomutan_remedy-9b-22,0.910828301,503180,200000,2.5
est_Latn-slk_Latn,shaomutan_remedy-9b-22,0.912492734,2900918,200000,14.5
est_Latn-slv_Latn,shaomutan_remedy-9b-22,0.923558677,3801328,200000,19.0
est_Latn-snd_Arab,qwen3-4b-instruct-2507,0.834739,51694,28000,1.8
est_Latn-som_Latn,metricx24,0.656817494,76920,1200000,0.1
est_Latn-spa_Latn,shaomutan_remedy-9b-22,0.939684631,30641,200000,0.2
est_Latn-sqi_Latn,metricx24,unknown,747561,1200000,0.6
est_Latn-srd_Latn,metricx24,0.776657321,253111,1200000,0.2
est_Latn-srp_Cyrl,shaomutan_remedy-9b-22,0.933587919,836153,200000,4.2
est_Latn-srp_Latn,metricx24,unknown,4455664,1200000,3.7
est_Latn-sun_Latn,metricx24,0.776109245,90253,1200000,0.1
est_Latn-swa_Latn,metricx24,unknown,333159,1200000,0.3
est_Latn-swe_Latn,shaomutan_remedy-9b-22,0.915883495,5352049,200000,26.8
est_Latn-swh_Latn,shaomutan_remedy-9b-22,0.814472008,49314,200000,0.2
est_Latn-tam_Taml,qwen3-4b-instruct-2507,0.914301,468471,28000,16.7
est_Latn-tel_Telu,shaomutan_remedy-9b-22,0.905155609,305350,200000,1.5
est_Latn-tgk_Cyrl,shaomutan_remedy-9b-22,0.842082234,62642,200000,0.3
est_Latn-tgl_Latn,qwen3-4b-instruct-2507,0.869886,560376,28000,20.0
est_Latn-tha_Thai,shaomutan_remedy-9b-22,0.938737587,2354397,200000,11.8
est_Latn-tur_Latn,shaomutan_remedy-9b-22,0.924562849,5400994,200000,27.0
est_Latn-ukr_Cyrl,shaomutan_remedy-9b-22,0.929565597,2262310,200000,11.3
est_Latn-und_Kana,metricx24,unknown,113003,1200000,0.1
est_Latn-urd_Arab,shaomutan_remedy-9b-22,0.890761055,453445,200000,2.3
est_Latn-uzn_Latn,qwen3-4b-instruct-2507,0.799149,62608,28000,2.2
est_Latn-vec_Latn,qwen3-4b-instruct-2507,0.845162,85259,28000,3.0
est_Latn-vie_Latn,shaomutan_remedy-9b-22,0.932760138,3312081,200000,16.6
est_Latn-xho_Latn,shaomutan_remedy-9b-22,0.715132987,175834,200000,0.9
est_Latn-yue_Hani,metricx24,unknown,277699,1200000,0.2
est_Latn-zho_Hans,qwen3-4b-instruct-2507,0.956252,1442716,28000,51.5
est_Latn-zho_Hant,qwen3-4b-instruct-2507,0.949691,1213114,28000,43.3
est_Latn-zsm_Latn,qwen3-4b-instruct-2507,0.811548,304000,28000,10.9
eus_Latn-als_Latn,metricx24,0.827450955,1036017,1200000,0.9
eus_Latn-ces_Latn,shaomutan_remedy-9b-22,0.936731486,70045,200000,0.4
eus_Latn-cmn_Hani,metricx24,unknown,695466,1200000,0.6
eus_Latn-dan_Latn,shaomutan_remedy-9b-22,0.924422529,71189,200000,0.4
eus_Latn-deu_Latn,shaomutan_remedy-9b-22,0.944279866,95217,200000,0.5
eus_Latn-ell_Grek,shaomutan_remedy-9b-22,0.944633196,132198,200000,0.7
eus_Latn-eng_Latn,qwen3-4b-instruct-2507,0.94778,244309,28000,8.7
eus_Latn-est_Latn,shaomutan_remedy-9b-22,0.872867844,41977,200000,0.2
eus_Latn-fas_Arab,metricx24,unknown,3321568,1200000,2.8
eus_Latn-fil_Latn,metricx24,unknown,129059,1200000,0.1
eus_Latn-fin_Latn,shaomutan_remedy-9b-22,0.929270632,3676961,200000,18.4
eus_Latn-fra_Latn,shaomutan_remedy-9b-22,0.924746738,2217131,200000,11.1
eus_Latn-fry_Latn,metricx24,unknown,128890,1200000,0.1
eus_Latn-fur_Latn,metricx24,0.723221884,34343,1200000,0.0
eus_Latn-gle_Latn,m-prometheus-7b,0.815161772,282908,27000,10.5
eus_Latn-glg_Latn,qwen3-4b-instruct-2507,0.875714,902734,28000,32.2
eus_Latn-guj_Gujr,shaomutan_remedy-9b-22,0.927784532,149567,200000,0.7
eus_Latn-hau_Latn,metricx24,0.736455651,86074,1200000,0.1
eus_Latn-hbs_Latn,metricx24,unknown,95058,1200000,0.1
eus_Latn-heb_Hebr,shaomutan_remedy-9b-22,0.928027662,3153126,200000,15.8
eus_Latn-hin_Deva,shaomutan_remedy-9b-22,0.90257857,587579,200000,2.9
eus_Latn-hne_Deva,metricx24,0.697792038,72965,1200000,0.1
eus_Latn-hrv_Latn,shaomutan_remedy-9b-22,0.924593963,1659683,200000,8.3
eus_Latn-hun_Latn,shaomutan_remedy-9b-22,0.929378399,3762347,200000,18.8
eus_Latn-hye_Armn,shaomutan_remedy-9b-22,0.948636864,58978,200000,0.3
eus_Latn-ilo_Latn,metricx24,0.725461257,39999,1200000,0.0
eus_Latn-ind_Latn,shaomutan_remedy-9b-22,0.922738394,1469090,200000,7.3
eus_Latn-isl_Latn,shaomutan_remedy-9b-22,0.865657791,663761,200000,3.3
eus_Latn-ita_Latn,shaomutan_remedy-9b-22,0.946407579,3210949,200000,16.1
eus_Latn-jav_Latn,metricx24,0.745912662,77272,1200000,0.1
eus_Latn-jpn_Jpan,shaomutan_remedy-9b-22,0.923509353,784393,200000,3.9
eus_Latn-kab_Latn,metricx24,0.329314803,28228,1200000,0.0
eus_Latn-kan_Knda,shaomutan_remedy-9b-22,0.918184322,89127,200000,0.4
eus_Latn-kat_Geor,shaomutan_remedy-9b-22,0.943713968,96366,200000,0.5
eus_Latn-kaz_Cyrl,shaomutan_remedy-9b-22,0.934725025,187994,200000,0.9
eus_Latn-khm_Khmr,shaomutan_remedy-9b-22,0.904842267,63512,200000,0.3
eus_Latn-kin_Latn,metricx24,0.655536916,51282,1200000,0.0
eus_Latn-kor_Hang,shaomutan_remedy-9b-22,0.945340267,950116,200000,4.8
eus_Latn-kor_Zyyy,metricx24,unknown,396749,1200000,0.3
eus_Latn-lat_Latn,metricx24,unknown,166089,1200000,0.1
eus_Latn-lav_Latn,metricx24,unknown,267039,1200000,0.2
eus_Latn-lit_Latn,shaomutan_remedy-9b-22,0.913661889,2117686,200000,10.6
eus_Latn-ltz_Latn,metricx24,0.867121149,120978,1200000,0.1
eus_Latn-lvs_Latn,shaomutan_remedy-9b-22,0.927357809,1630855,200000,8.2
eus_Latn-lzh_Hani,metricx24,unknown,103157,1200000,0.1
eus_Latn-mal_Mlym,shaomutan_remedy-9b-22,0.911104164,466029,200000,2.3
eus_Latn-mar_Deva,shaomutan_remedy-9b-22,0.91177191,216327,200000,1.1
eus_Latn-mkd_Cyrl,shaomutan_remedy-9b-22,0.944013,826712,200000,4.1
eus_Latn-mlg_Latn,metricx24,unknown,105310,1200000,0.1
eus_Latn-mlt_Latn,shaomutan_remedy-9b-22,0.879698929,78780,200000,0.4
eus_Latn-msa_Latn,metricx24,unknown,705902,1200000,0.6
eus_Latn-mya_Mymr,shaomutan_remedy-9b-22,0.906423859,85821,200000,0.4
eus_Latn-nds_Latn,metricx24,unknown,137850,1200000,0.1
eus_Latn-nep_Deva,metricx24,unknown,194588,1200000,0.2
eus_Latn-nld_Latn,shaomutan_remedy-9b-22,0.92786563,1755766,200000,8.8
eus_Latn-nno_Latn,shaomutan_remedy-9b-22,0.894325998,152941,200000,0.8
eus_Latn-nob_Latn,shaomutan_remedy-9b-22,0.923024692,1378458,200000,6.9
eus_Latn-nor_Latn,metricx24,unknown,894398,1200000,0.7
eus_Latn-npi_Deva,shaomutan_remedy-9b-22,0.891984558,78461,200000,0.4
eus_Latn-oci_Latn,qwen3-4b-instruct-2507,0.717287,126663,28000,4.5
eus_Latn-pan_Guru,qwen3-4b-instruct-2507,0.847695,60507,28000,2.2
eus_Latn-pol_Latn,shaomutan_remedy-9b-22,0.942405326,1879577,200000,9.4
eus_Latn-por_Latn,shaomutan_remedy-9b-22,0.922731715,3595134,200000,18.0
eus_Latn-ron_Latn,shaomutan_remedy-9b-22,0.936338225,2049391,200000,10.2
eus_Latn-rus_Cyrl,shaomutan_remedy-9b-22,0.934907832,1978672,200000,9.9
eus_Latn-sin_Sinh,shaomutan_remedy-9b-22,0.904338605,323958,200000,1.6
eus_Latn-slk_Latn,shaomutan_remedy-9b-22,0.925880366,1930968,200000,9.7
eus_Latn-slv_Latn,shaomutan_remedy-9b-22,0.92249332,1951866,200000,9.8
eus_Latn-snd_Arab,shaomutan_remedy-9b-22,0.802569184,57353,200000,0.3
eus_Latn-spa_Latn,shaomutan_remedy-9b-22,0.931308002,190796,200000,1.0
eus_Latn-sqi_Latn,metricx24,unknown,405919,1200000,0.3
eus_Latn-srd_Latn,metricx24,0.787261323,66411,1200000,0.1
eus_Latn-srp_Cyrl,shaomutan_remedy-9b-22,0.92950104,979067,200000,4.9
eus_Latn-srp_Latn,metricx24,unknown,1696637,1200000,1.4
eus_Latn-sun_Latn,metricx24,0.763886692,49660,1200000,0.0
eus_Latn-swa_Latn,metricx24,unknown,208976,1200000,0.2
eus_Latn-swe_Latn,shaomutan_remedy-9b-22,0.935622754,1677434,200000,8.4
eus_Latn-swh_Latn,shaomutan_remedy-9b-22,0.840611837,110849,200000,0.6
eus_Latn-tam_Taml,shaomutan_remedy-9b-22,0.909224601,374477,200000,1.9
eus_Latn-tel_Telu,shaomutan_remedy-9b-22,0.89763438,197236,200000,1.0
eus_Latn-tgk_Cyrl,metricx24,0.814440644,70620,1200000,0.1
eus_Latn-tgl_Latn,shaomutan_remedy-9b-22,0.892762463,222675,200000,1.1
eus_Latn-tha_Thai,shaomutan_remedy-9b-22,0.923308512,958794,200000,4.8
eus_Latn-tur_Latn,shaomutan_remedy-9b-22,0.947024101,5362976,200000,26.8
eus_Latn-ukr_Cyrl,shaomutan_remedy-9b-22,0.919649112,1304859,200000,6.5
eus_Latn-und_Kana,metricx24,unknown,66954,1200000,0.1
eus_Latn-urd_Arab,shaomutan_remedy-9b-22,0.882755044,333363,200000,1.7
eus_Latn-uzn_Latn,metricx24,0.767919295,112546,1200000,0.1
eus_Latn-vie_Latn,shaomutan_remedy-9b-22,0.915570179,1263124,200000,6.3
eus_Latn-wln_Latn,metricx24,unknown,46390,1200000,0.0
eus_Latn-xho_Latn,metricx24,0.679647518,231013,1200000,0.2
eus_Latn-yue_Hani,metricx24,unknown,103583,1200000,0.1
eus_Latn-zho_Hans,qwen3-4b-instruct-2507,0.923668,711485,28000,25.4
eus_Latn-zho_Hant,qwen3-4b-instruct-2507,0.91671,524360,28000,18.7
eus_Latn-zsm_Latn,metricx24,0.826260187,252675,1200000,0.2
eus_Latn-zul_Latn,metricx24,0.717238303,31483,1200000,0.0
ewe_Latn-fra_Latn,qwen3-4b-instruct-2507,0.753021,880680,28000,31.5
ewe_Latn-hau_Latn,metricx24,0.623574867,174099,1200000,0.1
ewe_Latn-ibo_Latn,shaomutan_remedy-9b-22,0.506618269,98161,200000,0.5
ewe_Latn-kin_Latn,shaomutan_remedy-9b-22,0.647594015,189995,200000,0.9
ewe_Latn-lin_Latn,shaomutan_remedy-9b-22,0.652662661,116469,200000,0.6
ewe_Latn-lua_Latn,shaomutan_remedy-9b-22,0.408880878,89014,200000,0.4
ewe_Latn-lug_Latn,shaomutan_remedy-9b-22,0.407176321,94140,200000,0.5
ewe_Latn-nso_Latn,metricx24,0.443791019,95387,1200000,0.1
ewe_Latn-nya_Latn,shaomutan_remedy-9b-22,0.518087031,239108,200000,1.2
ewe_Latn-run_Latn,metricx24,0.47561135,160217,1200000,0.1
ewe_Latn-sna_Latn,shaomutan_remedy-9b-22,0.599848359,230833,200000,1.2
ewe_Latn-som_Latn,shaomutan_remedy-9b-22,0.520343421,157172,200000,0.8
ewe_Latn-sot_Latn,shaomutan_remedy-9b-22,0.604351865,162454,200000,0.8
ewe_Latn-swa_Latn,qwen3-4b-instruct-2507,unknown,183138,28000,6.5
ewe_Latn-swc_Latn,qwen3-4b-instruct-2507,unknown,121894,28000,4.4
ewe_Latn-swh_Latn,shaomutan_remedy-9b-22,0.683859693,161394,200000,0.8
ewe_Latn-tir_Ethi,shaomutan_remedy-9b-22,0.607927955,125860,200000,0.6
ewe_Latn-tsn_Latn,shaomutan_remedy-9b-22,0.630348491,180375,200000,0.9
ewe_Latn-tso_Latn,shaomutan_remedy-9b-22,0.522588088,164152,200000,0.8
ewe_Latn-tum_Latn,metricx24,0.513211205,132938,1200000,0.1
ewe_Latn-twi_Latn,shaomutan_remedy-9b-22,0.605566128,161549,200000,0.8
ewe_Latn-xho_Latn,shaomutan_remedy-9b-22,0.543652459,209297,200000,1.0
ewe_Latn-yor_Latn,shaomutan_remedy-9b-22,0.462174794,153922,200000,0.8
ewe_Latn-zul_Latn,shaomutan_remedy-9b-22,0.562101572,227130,200000,1.1
fao_Latn-fra_Latn,shaomutan_remedy-9b-22,0.944206331,76567,200000,0.4
fao_Latn-heb_Hebr,shaomutan_remedy-9b-22,0.908806667,65878,200000,0.3
fao_Latn-hrv_Latn,shaomutan_remedy-9b-22,0.929265481,60173,200000,0.3
fao_Latn-hun_Latn,shaomutan_remedy-9b-22,0.918327744,54602,200000,0.3
fao_Latn-ind_Latn,shaomutan_remedy-9b-22,0.90819229,46359,200000,0.2
fao_Latn-ita_Latn,shaomutan_remedy-9b-22,0.927455472,122595,200000,0.6
fao_Latn-jpn_Jpan,shaomutan_remedy-9b-22,0.933766253,70205,200000,0.4
fao_Latn-lit_Latn,shaomutan_remedy-9b-22,0.929838795,70360,200000,0.4
fao_Latn-mkd_Cyrl,shaomutan_remedy-9b-22,0.934885703,71076,200000,0.4
fao_Latn-nld_Latn,shaomutan_remedy-9b-22,0.917089942,140791,200000,0.7
fao_Latn-nor_Latn,qwen3-4b-instruct-2507,unknown,80761,28000,2.9
fao_Latn-pol_Latn,shaomutan_remedy-9b-22,0.929875896,121822,200000,0.6
fao_Latn-por_Latn,shaomutan_remedy-9b-22,0.906374171,136916,200000,0.7
fao_Latn-ron_Latn,shaomutan_remedy-9b-22,0.92259106,102530,200000,0.5
fao_Latn-rus_Cyrl,shaomutan_remedy-9b-22,0.941263432,149335,200000,0.7
fao_Latn-slk_Latn,shaomutan_remedy-9b-22,0.939962081,87164,200000,0.4
fao_Latn-slv_Latn,shaomutan_remedy-9b-22,0.914424235,64188,200000,0.3
fao_Latn-srp_Cyrl,shaomutan_remedy-9b-22,0.94680831,61455,200000,0.3
fao_Latn-swe_Latn,shaomutan_remedy-9b-22,0.942244585,117821,200000,0.6
fao_Latn-tur_Latn,shaomutan_remedy-9b-22,0.923168684,89019,200000,0.4
fao_Latn-ukr_Cyrl,shaomutan_remedy-9b-22,0.940093958,86782,200000,0.4
fao_Latn-zho_Hans,qwen3-4b-instruct-2507,0.909059,66842,28000,2.4
fas_Arab-abk_Cyrl,qwen3-4b-instruct-2507,unknown,99658,28000,3.6
fas_Arab-afr_Latn,metricx24,unknown,234796,1200000,0.2
fas_Arab-als_Latn,metricx24,unknown,4073129,1200000,3.4
fas_Arab-azj_Latn,metricx24,unknown,71502,1200000,0.1
fas_Arab-bak_Cyrl,qwen3-4b-instruct-2507,unknown,152354,28000,5.4
fas_Arab-bul_Cyrl,metricx24,unknown,58335,1200000,0.0
fas_Arab-cat_Latn,metricx24,unknown,145814,1200000,0.1
fas_Arab-ces_Latn,metricx24,unknown,365659,1200000,0.3
fas_Arab-ckb_Arab,metricx24,unknown,257313,1200000,0.2
fas_Arab-cmn_Hani,qwen3-4b-instruct-2507,unknown,11503854,28000,410.9
fas_Arab-dan_Latn,metricx24,unknown,381931,1200000,0.3
fas_Arab-deu_Latn,metricx24,unknown,183592,1200000,0.2
fas_Arab-eng_Latn,metricx24,unknown,1369690,1200000,1.1
fas_Arab-epo_Latn,metricx24,unknown,147651,1200000,0.1
fas_Arab-eus_Latn,metricx24,unknown,560967,1200000,0.5
fas_Arab-fil_Latn,qwen3-4b-instruct-2507,unknown,1422189,28000,50.8
fas_Arab-fin_Latn,metricx24,unknown,32218381,1200000,26.8
fas_Arab-fra_Latn,metricx24,unknown,50485294,1200000,42.1
fas_Arab-fro_Latn,qwen3-4b-instruct-2507,unknown,121912,28000,4.4
fas_Arab-fry_Latn,qwen3-4b-instruct-2507,unknown,175985,28000,6.3
fas_Arab-fur_Latn,qwen3-4b-instruct-2507,unknown,228906,28000,8.2
fas_Arab-gle_Latn,metricx24,unknown,266479,1200000,0.2
fas_Arab-glg_Latn,metricx24,unknown,1241167,1200000,1.0
fas_Arab-guj_Gujr,metricx24,unknown,229144,1200000,0.2
fas_Arab-hat_Latn,metricx24,unknown,342049,1200000,0.3
fas_Arab-hau_Latn,metricx24,unknown,375183,1200000,0.3
fas_Arab-hbs_Latn,qwen3-4b-instruct-2507,unknown,110635,28000,4.0
fas_Arab-heb_Hebr,metricx24,unknown,34029214,1200000,28.4
fas_Arab-hin_Deva,metricx24,unknown,7461477,1200000,6.2
fas_Arab-hne_Deva,qwen3-4b-instruct-2507,unknown,99027,28000,3.5
fas_Arab-hrv_Latn,qwen3-4b-instruct-2507,unknown,26961720,28000,962.9
fas_Arab-hun_Latn,metricx24,unknown,35279791,1200000,29.4
fas_Arab-hye_Armn,metricx24,unknown,463511,1200000,0.4
fas_Arab-ibo_Latn,metricx24,unknown,148007,1200000,0.1
fas_Arab-ilo_Latn,qwen3-4b-instruct-2507,unknown,116860,28000,4.2
fas_Arab-ina_Latn,qwen3-4b-instruct-2507,unknown,76000,28000,2.7
fas_Arab-ind_Latn,metricx24,unknown,48345732,1200000,40.3
fas_Arab-isl_Latn,metricx24,unknown,3699333,1200000,3.1
fas_Arab-ita_Latn,metricx24,unknown,41134753,1200000,34.3
fas_Arab-jav_Latn,metricx24,unknown,333424,1200000,0.3
fas_Arab-jpn_Jpan,metricx24,unknown,8834000,1200000,7.4
fas_Arab-kab_Latn,qwen3-4b-instruct-2507,unknown,199752,28000,7.1
fas_Arab-kan_Knda,metricx24,unknown,222815,1200000,0.2
fas_Arab-kat_Geor,metricx24,unknown,795402,1200000,0.7
fas_Arab-kaz_Cyrl,metricx24,unknown,479238,1200000,0.4
fas_Arab-khk_Cyrl,metricx24,unknown,189014,1200000,0.2
fas_Arab-khm_Khmr,metricx24,unknown,773735,1200000,0.6
fas_Arab-kin_Latn,qwen3-4b-instruct-2507,unknown,71600,28000,2.6
fas_Arab-kir_Cyrl,metricx24,unknown,152914,1200000,0.1
fas_Arab-kmr_Latn,metricx24,unknown,128378,1200000,0.1
fas_Arab-kor_Hang,metricx24,unknown,22098539,1200000,18.4
fas_Arab-kor_Zyyy,qwen3-4b-instruct-2507,unknown,2774852,28000,99.1
fas_Arab-lao_Laoo,metricx24,unknown,127923,1200000,0.1
fas_Arab-lat_Latn,qwen3-4b-instruct-2507,unknown,303845,28000,10.9
fas_Arab-lav_Latn,qwen3-4b-instruct-2507,unknown,774246,28000,27.7
fas_Arab-lim_Latn,qwen3-4b-instruct-2507,unknown,138330,28000,4.9
fas_Arab-lit_Latn,metricx24,unknown,5795265,1200000,4.8
fas_Arab-ltz_Latn,metricx24,unknown,180626,1200000,0.2
fas_Arab-lvs_Latn,metricx24,unknown,2910735,1200000,2.4
fas_Arab-lzh_Hani,qwen3-4b-instruct-2507,unknown,537442,28000,19.2
fas_Arab-mal_Mlym,metricx24,unknown,4276221,1200000,3.6
fas_Arab-mar_Deva,metricx24,unknown,1535638,1200000,1.3
fas_Arab-mhr_Cyrl,qwen3-4b-instruct-2507,unknown,145571,28000,5.2
fas_Arab-mkd_Cyrl,metricx24,unknown,5041738,1200000,4.2
fas_Arab-mlg_Latn,qwen3-4b-instruct-2507,unknown,217217,28000,7.8
fas_Arab-mlt_Latn,metricx24,unknown,105384,1200000,0.1
fas_Arab-mon_Cyrl,qwen3-4b-instruct-2507,unknown,165155,28000,5.9
fas_Arab-mri_Latn,metricx24,unknown,78493,1200000,0.1
fas_Arab-msa_Latn,qwen3-4b-instruct-2507,unknown,6642244,28000,237.2
fas_Arab-mya_Mymr,metricx24,unknown,1236283,1200000,1.0
fas_Arab-nds_Latn,qwen3-4b-instruct-2507,unknown,149374,28000,5.3
fas_Arab-nep_Deva,qwen3-4b-instruct-2507,unknown,508791,28000,18.2
fas_Arab-nld_Latn,metricx24,unknown,43292727,1200000,36.1
fas_Arab-nno_Latn,metricx24,unknown,370302,1200000,0.3
fas_Arab-nob_Latn,metricx24,unknown,15981553,1200000,13.3
fas_Arab-nor_Latn,qwen3-4b-instruct-2507,unknown,7425654,28000,265.2
fas_Arab-npi_Deva,metricx24,unknown,1755267,1200000,1.5
fas_Arab-nya_Latn,qwen3-4b-instruct-2507,unknown,84780,28000,3.0
fas_Arab-oci_Latn,qwen3-4b-instruct-2507,unknown,205294,28000,7.3
fas_Arab-pan_Guru,metricx24,unknown,145650,1200000,0.1
fas_Arab-pap_Latn,qwen3-4b-instruct-2507,unknown,72113,28000,2.6
fas_Arab-pbt_Arab,metricx24,unknown,194327,1200000,0.2
fas_Arab-plt_Latn,metricx24,unknown,193737,1200000,0.2
fas_Arab-pol_Latn,metricx24,unknown,43173194,1200000,36.0
fas_Arab-por_Latn,metricx24,unknown,47872367,1200000,39.9
fas_Arab-pus_Arab,qwen3-4b-instruct-2507,unknown,163374,28000,5.8
fas_Arab-ron_Latn,metricx24,unknown,41743783,1200000,34.8
fas_Arab-rus_Cyrl,metricx24,unknown,40687791,1200000,33.9
fas_Arab-sin_Sinh,metricx24,unknown,4721177,1200000,3.9
fas_Arab-slk_Latn,metricx24,unknown,11366123,1200000,9.5
fas_Arab-slv_Latn,metricx24,unknown,15291695,1200000,12.7
fas_Arab-sna_Latn,metricx24,unknown,99102,1200000,0.1
fas_Arab-snd_Arab,metricx24,unknown,475858,1200000,0.4
fas_Arab-som_Latn,metricx24,unknown,292121,1200000,0.2
fas_Arab-spa_Latn,metricx24,unknown,179848,1200000,0.1
fas_Arab-sqi_Latn,qwen3-4b-instruct-2507,unknown,1210748,28000,43.2
fas_Arab-srd_Latn,qwen3-4b-instruct-2507,unknown,491210,28000,17.5
fas_Arab-srp_Cyrl,metricx24,unknown,4170005,1200000,3.5
fas_Arab-srp_Latn,qwen3-4b-instruct-2507,unknown,23669745,28000,845.3
fas_Arab-sun_Latn,metricx24,unknown,294475,1200000,0.2
fas_Arab-swa_Latn,qwen3-4b-instruct-2507,unknown,986467,28000,35.2
fas_Arab-swc_Latn,qwen3-4b-instruct-2507,unknown,229932,28000,8.2
fas_Arab-swe_Latn,metricx24,unknown,31703800,1200000,26.4
fas_Arab-swh_Latn,metricx24,unknown,1387938,1200000,1.2
fas_Arab-tam_Taml,metricx24,unknown,3744265,1200000,3.1
fas_Arab-tat_Cyrl,qwen3-4b-instruct-2507,unknown,208097,28000,7.4
fas_Arab-tel_Telu,metricx24,unknown,1427555,1200000,1.2
fas_Arab-tgk_Cyrl,metricx24,unknown,335057,1200000,0.3
fas_Arab-tgl_Latn,qwen3-4b-instruct-2507,unknown,1250123,28000,44.6
fas_Arab-tha_Thai,metricx24,unknown,18537668,1200000,15.4
fas_Arab-tur_Latn,metricx24,unknown,41388692,1200000,34.5
fas_Arab-uig_Arab,qwen3-4b-instruct-2507,unknown,83178,28000,3.0
fas_Arab-ukr_Cyrl,metricx24,unknown,9843370,1200000,8.2
fas_Arab-und_Hira,qwen3-4b-instruct-2507,unknown,66734,28000,2.4
fas_Arab-und_Kana,qwen3-4b-instruct-2507,unknown,201387,28000,7.2
fas_Arab-urd_Arab,metricx24,unknown,4441309,1200000,3.7
fas_Arab-uzb_Cyrl,qwen3-4b-instruct-2507,unknown,407923,28000,14.6
fas_Arab-uzb_Latn,qwen3-4b-instruct-2507,unknown,410460,28000,14.7
fas_Arab-uzn_Cyrl,qwen3-4b-instruct-2507,unknown,197562,28000,7.1
fas_Arab-uzn_Latn,metricx24,unknown,197377,1200000,0.2
fas_Arab-vec_Latn,qwen3-4b-instruct-2507,unknown,168883,28000,6.0
fas_Arab-vie_Latn,metricx24,unknown,30956022,1200000,25.8
fas_Arab-xho_Latn,metricx24,unknown,379982,1200000,0.3
fas_Arab-yor_Latn,metricx24,unknown,149780,1200000,0.1
fas_Arab-yue_Hani,qwen3-4b-instruct-2507,unknown,953196,28000,34.0
fas_Arab-zho_Hans,metricx24,unknown,6721147,1200000,5.6
fas_Arab-zho_Hant,metricx24,unknown,6410150,1200000,5.3
fas_Arab-zsm_Latn,metricx24,unknown,4906224,1200000,4.1
fas_Arab-zul_Latn,metricx24,unknown,124420,1200000,0.1
fij_Latn-hin_Deva,shaomutan_remedy-9b-22,0.767932985,238690,200000,1.2
fij_Latn-ilo_Latn,metricx24,0.61558611,176865,1200000,0.1
fij_Latn-jav_Latn,shaomutan_remedy-9b-22,0.675681709,181539,200000,0.9
fij_Latn-mri_Latn,shaomutan_remedy-9b-22,0.623950493,100752,200000,0.5
fij_Latn-pag_Latn,metricx24,0.429554679,112487,1200000,0.1
fij_Latn-plt_Latn,metricx24,0.61140716,191803,1200000,0.2
fij_Latn-smo_Latn,shaomutan_remedy-9b-22,0.683503085,150031,200000,0.8
fij_Latn-sun_Latn,shaomutan_remedy-9b-22,0.678518385,118960,200000,0.6
fij_Latn-war_Latn,metricx24,0.654051968,143659,1200000,0.1
fil_Latn-cmn_Hani,qwen3-4b-instruct-2507,unknown,684715,28000,24.5
fil_Latn-eng_Latn,metricx24,unknown,161954,1200000,0.1
fil_Latn-fra_Latn,metricx24,unknown,83555,1200000,0.1
fil_Latn-ita_Latn,metricx24,unknown,68296,1200000,0.1
fil_Latn-nld_Latn,metricx24,unknown,68895,1200000,0.1
fil_Latn-pol_Latn,metricx24,unknown,63374,1200000,0.1
fil_Latn-por_Latn,metricx24,unknown,67596,1200000,0.1
fil_Latn-ron_Latn,metricx24,unknown,62352,1200000,0.1
fil_Latn-rus_Cyrl,metricx24,unknown,76054,1200000,0.1
fil_Latn-tur_Latn,metricx24,unknown,2354731,1200000,2.0
fil_Latn-ukr_Cyrl,metricx24,unknown,887932,1200000,0.7
fil_Latn-urd_Arab,metricx24,unknown,245782,1200000,0.2
fil_Latn-vie_Latn,metricx24,unknown,2461726,1200000,2.1
fil_Latn-xho_Latn,metricx24,unknown,71039,1200000,0.1
fil_Latn-zho_Hans,metricx24,unknown,303563,1200000,0.3
fil_Latn-zho_Hant,metricx24,unknown,271921,1200000,0.2
fin_Latn-abk_Cyrl,metricx24,unknown,96795,1200000,0.1
fin_Latn-afr_Latn,shaomutan_remedy-9b-22,0.87859455,274382,200000,1.4
fin_Latn-als_Latn,qwen3-4b-instruct-2507,0.871877,4297501,28000,153.5
fin_Latn-ast_Latn,qwen3-4b-instruct-2507,0.845072,49803,28000,1.8
fin_Latn-azj_Latn,m-prometheus-7b,0.837197611,63397,27000,2.3
fin_Latn-bak_Cyrl,shaomutan_remedy-9b-22,0.874559722,120291,200000,0.6
fin_Latn-bel_Cyrl,shaomutan_remedy-9b-22,0.950183395,51036,200000,0.3
fin_Latn-cat_Latn,qwen3-4b-instruct-2507,0.940861,143926,28000,5.1
fin_Latn-ces_Latn,qwen3-4b-instruct-2507,0.947437,330389,28000,11.8
fin_Latn-ckb_Arab,metricx24,0.764552113,97577,1200000,0.1
fin_Latn-cmn_Hani,metricx24,unknown,14049522,1200000,11.7
fin_Latn-crh_Latn,shaomutan_remedy-9b-22,0.791874921,58963,200000,0.3
fin_Latn-dan_Latn,qwen3-4b-instruct-2507,0.945879,632694,28000,22.6
fin_Latn-deu_Latn,qwen3-4b-instruct-2507,0.954425,129695,28000,4.6
fin_Latn-ekk_Latn,metricx24,unknown,48106,1200000,0.0
fin_Latn-eng_Latn,qwen3-4b-instruct-2507,0.975172,1547558,28000,55.3
fin_Latn-epo_Latn,qwen3-4b-instruct-2507,0.841787,129393,28000,4.6
fin_Latn-eus_Latn,qwen3-4b-instruct-2507,0.863609,468902,28000,16.7
fin_Latn-fao_Latn,shaomutan_remedy-9b-22,0.790090599,106839,200000,0.5
fin_Latn-fil_Latn,metricx24,unknown,1088067,1200000,0.9
fin_Latn-fra_Latn,metricx24,0.865315,96075443,1200000,80.1
fin_Latn-fro_Latn,metricx24,unknown,162125,1200000,0.1
fin_Latn-fry_Latn,metricx24,unknown,169599,1200000,0.1
fin_Latn-fur_Latn,qwen3-4b-instruct-2507,0.860329,501519,28000,17.9
fin_Latn-gle_Latn,m-prometheus-7b,0.882837232,2169323,27000,80.3
fin_Latn-glg_Latn,qwen3-4b-instruct-2507,0.946103,1632608,28000,58.3
fin_Latn-guj_Gujr,shaomutan_remedy-9b-22,0.932638878,226595,200000,1.1
fin_Latn-hat_Latn,shaomutan_remedy-9b-22,0.844248857,414401,200000,2.1
fin_Latn-hau_Latn,shaomutan_remedy-9b-22,0.763317204,280166,200000,1.4
fin_Latn-hbs_Latn,metricx24,unknown,1275097,1200000,1.1
fin_Latn-heb_Hebr,metricx24,0.843911,38824974,1200000,32.4
fin_Latn-hin_Deva,shaomutan_remedy-9b-22,0.917078975,7377235,200000,36.9
fin_Latn-hne_Deva,qwen3-4b-instruct-2507,0.792962,95105,28000,3.4
fin_Latn-hrv_Latn,shaomutan_remedy-9b-22,0.914709122,40779785,200000,203.9
fin_Latn-hun_Latn,metricx24,0.805331,57890037,1200000,48.2
fin_Latn-hye_Armn,shaomutan_remedy-9b-22,0.951275651,403935,200000,2.0
fin_Latn-ibo_Latn,shaomutan_remedy-9b-22,0.740699868,143375,200000,0.7
fin_Latn-ilo_Latn,metricx24,0.713567842,116773,1200000,0.1
fin_Latn-ina_Latn,metricx24,unknown,93410,1200000,0.1
fin_Latn-ind_Latn,shaomutan_remedy-9b-22,0.93845173,39272129,200000,196.4
fin_Latn-isl_Latn,shaomutan_remedy-9b-22,0.872477309,7354504,200000,36.8
fin_Latn-ita_Latn,metricx24,0.887467,68710174,1200000,57.3
fin_Latn-jav_Latn,qwen3-4b-instruct-2507,0.828835,448498,28000,16.0
fin_Latn-jpn_Jpan,metricx24,0.794672,11336953,1200000,9.4
fin_Latn-kab_Latn,metricx24,0.331148823,167284,1200000,0.1
fin_Latn-kan_Knda,qwen3-4b-instruct-2507,0.913569,237422,28000,8.5
fin_Latn-kat_Geor,shaomutan_remedy-9b-22,0.946019689,690676,200000,3.5
fin_Latn-kaz_Cyrl,shaomutan_remedy-9b-22,0.942535305,704672,200000,3.5
fin_Latn-khk_Cyrl,metricx24,0.794161659,145312,1200000,0.1
fin_Latn-khm_Khmr,shaomutan_remedy-9b-22,0.912275782,551866,200000,2.8
fin_Latn-kin_Latn,shaomutan_remedy-9b-22,0.790978126,94749,200000,0.5
fin_Latn-kir_Cyrl,shaomutan_remedy-9b-22,0.884988388,135298,200000,0.7
fin_Latn-kiu_Latn,metricx24,unknown,73602,1200000,0.1
fin_Latn-kmr_Latn,metricx24,0.710066914,107513,1200000,0.1
fin_Latn-kor_Hang,shaomutan_remedy-9b-22,0.92442444,20812524,200000,104.1
fin_Latn-kor_Zyyy,metricx24,unknown,3284932,1200000,2.7
fin_Latn-lao_Laoo,qwen3-4b-instruct-2507,0.865261,103766,28000,3.7
fin_Latn-lat_Latn,metricx24,unknown,260715,1200000,0.2
fin_Latn-lav_Latn,metricx24,unknown,1863636,1200000,1.6
fin_Latn-lim_Latn,qwen3-4b-instruct-2507,0.741473,262362,28000,9.4
fin_Latn-lit_Latn,shaomutan_remedy-9b-22,0.893763291,23635652,200000,118.2
fin_Latn-ltz_Latn,metricx24,0.866726779,185871,1200000,0.2
fin_Latn-lvs_Latn,metricx24,0.730817,18301540,1200000,15.3
fin_Latn-lzh_Hani,metricx24,unknown,564139,1200000,0.5
fin_Latn-mal_Mlym,qwen3-4b-instruct-2507,0.924838,1677796,28000,59.9
fin_Latn-mar_Deva,shaomutan_remedy-9b-22,0.920547946,671459,200000,3.4
fin_Latn-mhr_Cyrl,metricx24,unknown,138546,1200000,0.1
fin_Latn-mkd_Cyrl,shaomutan_remedy-9b-22,0.946511152,6818465,200000,34.1
fin_Latn-mlg_Latn,metricx24,unknown,228556,1200000,0.2
fin_Latn-mlt_Latn,shaomutan_remedy-9b-22,0.887210463,7261187,200000,36.3
fin_Latn-mon_Cyrl,metricx24,unknown,184907,1200000,0.2
fin_Latn-mri_Latn,shaomutan_remedy-9b-22,0.724183861,93607,200000,0.5
fin_Latn-msa_Latn,metricx24,unknown,5564368,1200000,4.6
fin_Latn-mya_Mymr,shaomutan_remedy-9b-22,0.916709271,728295,200000,3.6
fin_Latn-nap_Latn,metricx24,unknown,80160,1200000,0.1
fin_Latn-nds_Latn,metricx24,unknown,210325,1200000,0.2
fin_Latn-nep_Deva,metricx24,unknown,388218,1200000,0.3
fin_Latn-nld_Latn,metricx24,0.898631,74824021,1200000,62.4
fin_Latn-nno_Latn,shaomutan_remedy-9b-22,0.90517266,883222,200000,4.4
fin_Latn-nob_Latn,shaomutan_remedy-9b-22,0.935826796,34546706,200000,172.7
fin_Latn-nor_Latn,metricx24,unknown,13376583,1200000,11.1
fin_Latn-npi_Deva,shaomutan_remedy-9b-22,0.894559807,197165,200000,1.0
fin_Latn-nso_Latn,metricx24,0.602009253,23154,1200000,0.0
fin_Latn-nya_Latn,shaomutan_remedy-9b-22,0.740541022,70941,200000,0.4
fin_Latn-oci_Latn,qwen3-4b-instruct-2507,0.875625,208247,28000,7.4
fin_Latn-pan_Guru,qwen3-4b-instruct-2507,0.91671,134973,28000,4.8
fin_Latn-pap_Latn,qwen3-4b-instruct-2507,0.809119,94002,28000,3.4
fin_Latn-pbt_Arab,shaomutan_remedy-9b-22,0.78046584,67543,200000,0.3
fin_Latn-plt_Latn,metricx24,0.746800484,165497,1200000,0.1
fin_Latn-pol_Latn,metricx24,0.818495,65221923,1200000,54.4
fin_Latn-por_Latn,metricx24,0.850659,74194640,1200000,61.8
fin_Latn-pus_Arab,metricx24,unknown,96478,1200000,0.1
fin_Latn-rmy_Latn,metricx24,unknown,80751,1200000,0.1
fin_Latn-ron_Latn,metricx24,0.849857,62911822,1200000,52.4
fin_Latn-rus_Cyrl,metricx24,0.873298,45277000,1200000,37.7
fin_Latn-scn_Latn,qwen3-4b-instruct-2507,0.830667,97180,28000,3.5
fin_Latn-sin_Sinh,shaomutan_remedy-9b-22,0.908280517,1816834,200000,9.1
fin_Latn-slk_Latn,metricx24,0.804205,31758271,1200000,26.5
fin_Latn-slv_Latn,metricx24,0.864721,33243418,1200000,27.7
fin_Latn-sna_Latn,shaomutan_remedy-9b-22,0.674178944,90159,200000,0.5
fin_Latn-snd_Arab,qwen3-4b-instruct-2507,0.851165,97279,28000,3.5
fin_Latn-som_Latn,shaomutan_remedy-9b-22,0.702280432,231594,200000,1.2
fin_Latn-spa_Latn,qwen3-4b-instruct-2507,0.929716,148930,28000,5.3
fin_Latn-sqi_Latn,metricx24,unknown,1609792,1200000,1.3
fin_Latn-srd_Latn,qwen3-4b-instruct-2507,0.812713,1059927,28000,37.9
fin_Latn-srp_Cyrl,shaomutan_remedy-9b-22,0.932196993,6388699,200000,31.9
fin_Latn-srp_Latn,metricx24,unknown,33501961,1200000,27.9
fin_Latn-sun_Latn,qwen3-4b-instruct-2507,0.82118,260207,28000,9.3
fin_Latn-swa_Latn,metricx24,unknown,1211903,1200000,1.0
fin_Latn-swc_Latn,metricx24,unknown,257039,1200000,0.2
fin_Latn-swe_Latn,metricx24,0.865731,80942910,1200000,67.5
fin_Latn-swh_Latn,shaomutan_remedy-9b-22,0.865280757,1387252,200000,6.9
fin_Latn-tam_Taml,qwen3-4b-instruct-2507,0.925017,3175131,28000,113.4
fin_Latn-tat_Cyrl,shaomutan_remedy-9b-22,0.870214072,119272,200000,0.6
fin_Latn-tel_Telu,qwen3-4b-instruct-2507,0.924151,1370485,28000,48.9
fin_Latn-tgk_Cyrl,shaomutan_remedy-9b-22,0.834552894,191524,200000,1.0
fin_Latn-tgl_Latn,shaomutan_remedy-9b-22,0.943283975,1449561,200000,7.2
fin_Latn-tha_Thai,metricx24,0.81842,16675780,1200000,13.9
fin_Latn-tur_Latn,shaomutan_remedy-9b-22,0.929577394,44953754,200000,224.8
fin_Latn-ukr_Cyrl,shaomutan_remedy-9b-22,0.93159628,14557418,200000,72.8
fin_Latn-und_Hira,metricx24,unknown,82163,1200000,0.1
fin_Latn-und_Kana,metricx24,unknown,286485,1200000,0.2
fin_Latn-urd_Arab,shaomutan_remedy-9b-22,0.890920047,1626789,200000,8.1
fin_Latn-uzn_Latn,qwen3-4b-instruct-2507,0.831762,345171,28000,12.3
fin_Latn-vec_Latn,qwen3-4b-instruct-2507,0.887745,382087,28000,13.6
fin_Latn-vie_Latn,shaomutan_remedy-9b-22,0.936142537,29963890,200000,149.8
fin_Latn-wln_Latn,metricx24,unknown,48143,1200000,0.0
fin_Latn-wol_Latn,shaomutan_remedy-9b-22,0.567913198,70670,200000,0.4
fin_Latn-xho_Latn,shaomutan_remedy-9b-22,0.760261642,448179,200000,2.2
fin_Latn-yor_Latn,shaomutan_remedy-9b-22,0.69395757,119671,200000,0.6
fin_Latn-yue_Hani,metricx24,unknown,1026100,1200000,0.9
fin_Latn-zho_Hans,metricx24,0.850531,7924361,1200000,6.6
fin_Latn-zho_Hant,metricx24,0.834018,5655706,1200000,4.7
fin_Latn-zho_Zyyy,metricx24,unknown,146137,1200000,0.1
fin_Latn-zsm_Latn,qwen3-4b-instruct-2507,0.870085,3877319,28000,138.5
fin_Latn-zul_Latn,shaomutan_remedy-9b-22,0.799207373,108005,200000,0.5
fon_Latn-fra_Latn,qwen3-4b-instruct-2507,0.768158,470686,28000,16.8
fon_Latn-kin_Latn,shaomutan_remedy-9b-22,0.653583462,87796,200000,0.4
fon_Latn-nya_Latn,shaomutan_remedy-9b-22,0.485478418,103459,200000,0.5
fra_Latn-abk_Cyrl,metricx24,unknown,124091,1200000,0.1
fra_Latn-afr_Latn,qwen3-4b-instruct-2507,0.928367,361828,28000,12.9
fra_Latn-als_Latn,qwen3-4b-instruct-2507,0.935012,2043423,28000,73.0
fra_Latn-arb_Arab,qwen3-4b-instruct-2507,0.967805,950433,28000,33.9
fra_Latn-arz_Arab,qwen3-4b-instruct-2507,0.924082,295240,28000,10.5
fra_Latn-ast_Latn,qwen3-4b-instruct-2507,0.88107,123329,28000,4.4
fra_Latn-azj_Latn,qwen3-4b-instruct-2507,0.88656,102769,28000,3.7
fra_Latn-bak_Cyrl,shaomutan_remedy-9b-22,0.903530765,162330,200000,0.8
fra_Latn-bel_Cyrl,shaomutan_remedy-9b-22,0.936803459,69227,200000,0.3
fra_Latn-bho_Deva,qwen3-4b-instruct-2507,0.865565,50908,28000,1.8
fra_Latn-bul_Cyrl,qwen3-4b-instruct-2507,0.965525,61169,28000,2.2
fra_Latn-cat_Latn,qwen3-4b-instruct-2507,0.950169,274819,28000,9.8
fra_Latn-ces_Latn,qwen3-4b-instruct-2507,0.974301,439934,28000,15.7
fra_Latn-ckb_Arab,metricx24,0.784429298,114858,1200000,0.1
fra_Latn-cmn_Hani,metricx24,unknown,44812484,1200000,37.3
fra_Latn-cos_Latn,metricx24,unknown,424983,1200000,0.4
fra_Latn-crh_Latn,shaomutan_remedy-9b-22,0.823771801,138342,200000,0.7
fra_Latn-dan_Latn,qwen3-4b-instruct-2507,0.967959,850860,28000,30.4
fra_Latn-deu_Latn,qwen3-4b-instruct-2507,0.976456,336412,28000,12.0
fra_Latn-ekk_Latn,metricx24,unknown,76177,1200000,0.1
fra_Latn-ell_Grek,qwen3-4b-instruct-2507,0.961797,60155,28000,2.1
fra_Latn-eng_Latn,qwen3-4b-instruct-2507,0.982549,1892152,28000,67.6
fra_Latn-epo_Latn,shaomutan_remedy-9b-22,0.935956567,160817,200000,0.8
fra_Latn-eus_Latn,shaomutan_remedy-9b-22,0.939970599,515375,200000,2.6
fra_Latn-fao_Latn,qwen3-4b-instruct-2507,0.874375,73591,28000,2.6
fra_Latn-fas_Arab,metricx24,unknown,105917,1200000,0.1
fra_Latn-fil_Latn,metricx24,unknown,2269365,1200000,1.9
fra_Latn-fin_Latn,qwen3-4b-instruct-2507,0.938283,140568,28000,5.0
fra_Latn-fro_Latn,metricx24,unknown,145383,1200000,0.1
fra_Latn-fry_Latn,metricx24,unknown,205203,1200000,0.2
fra_Latn-ful_Latn,metricx24,unknown,266412,1200000,0.2
fra_Latn-fur_Latn,qwen3-4b-instruct-2507,0.874679,946432,28000,33.8
fra_Latn-fuv_Latn,qwen3-4b-instruct-2507,0.361065,184150,28000,6.6
fra_Latn-gaz_Latn,metricx24,0.58617528,421650,1200000,0.4
fra_Latn-gla_Latn,shaomutan_remedy-9b-22,0.838815993,58374,200000,0.3
fra_Latn-gle_Latn,m-prometheus-7b,0.897172723,1704435,27000,63.1
fra_Latn-glg_Latn,metricx24,0.838465,32981107,1200000,27.5
fra_Latn-guj_Gujr,qwen3-4b-instruct-2507,0.958024,134524,28000,4.8
fra_Latn-hat_Latn,shaomutan_remedy-9b-22,0.895459879,3804225,200000,19.0
fra_Latn-hau_Latn,shaomutan_remedy-9b-22,0.857168005,3462233,200000,17.3
fra_Latn-hbs_Latn,metricx24,unknown,1275906,1200000,1.1
fra_Latn-heb_Hebr,metricx24,0.884666,56147591,1200000,46.8
fra_Latn-hin_Deva,metricx24,0.822987,15858266,1200000,13.2
fra_Latn-hne_Deva,qwen3-4b-instruct-2507,0.86445,125848,28000,4.5
fra_Latn-hrv_Latn,metricx24,0.928595,49232834,1200000,41.0
fra_Latn-hun_Latn,metricx24,0.820368,95701048,1200000,79.8
fra_Latn-hye_Armn,m-prometheus-7b,0.952608263,511334,27000,18.9
fra_Latn-ibo_Latn,shaomutan_remedy-9b-22,0.781282359,1355573,200000,6.8
fra_Latn-ilo_Latn,qwen3-4b-instruct-2507,0.80563,156397,28000,5.6
fra_Latn-ina_Latn,metricx24,unknown,158449,1200000,0.1
fra_Latn-ind_Latn,metricx24,0.874079,59833559,1200000,49.9
fra_Latn-isl_Latn,shaomutan_remedy-9b-22,0.920197687,6716083,200000,33.6
fra_Latn-ita_Latn,metricx24,0.898505,252239681,1200000,210.2
fra_Latn-jav_Latn,qwen3-4b-instruct-2507,0.904475,815274,28000,29.1
fra_Latn-jpn_Jpan,metricx24,0.834888,26062639,1200000,21.7
fra_Latn-kab_Latn,qwen3-4b-instruct-2507,0.408671,1108736,28000,39.6
fra_Latn-kam_Latn,qwen3-4b-instruct-2507,0.416914,333642,28000,11.9
fra_Latn-kan_Knda,qwen3-4b-instruct-2507,0.949945,155265,28000,5.5
fra_Latn-kat_Geor,shaomutan_remedy-9b-22,0.92941353,821907,200000,4.1
fra_Latn-kau_Latn,metricx24,unknown,102037,1200000,0.1
fra_Latn-kau_Zyyy,metricx24,unknown,1323482,1200000,1.1
fra_Latn-kaz_Cyrl,shaomutan_remedy-9b-22,0.929432576,469965,200000,2.3
fra_Latn-kea_Latn,qwen3-4b-instruct-2507,0.896894,117776,28000,4.2
fra_Latn-khk_Cyrl,metricx24,0.815125258,176833,1200000,0.1
fra_Latn-khm_Khmr,shaomutan_remedy-9b-22,0.9283266,658976,200000,3.3
fra_Latn-kik_Latn,shaomutan_remedy-9b-22,0.722773092,392989,200000,2.0
fra_Latn-kin_Latn,shaomutan_remedy-9b-22,0.836888097,2622460,200000,13.1
fra_Latn-kir_Cyrl,shaomutan_remedy-9b-22,0.920447882,169584,200000,0.8
fra_Latn-kiu_Latn,metricx24,unknown,173413,1200000,0.1
fra_Latn-kmb_Latn,metricx24,0.438256467,272670,1200000,0.2
fra_Latn-kmr_Latn,metricx24,0.727477181,136918,1200000,0.1
fra_Latn-kng_Latn,metricx24,unknown,249307,1200000,0.2
fra_Latn-kon_Latn,shaomutan_remedy-9b-22,0.639339847,154389,200000,0.8
fra_Latn-kor_Hang,metricx24,0.836087,27951636,1200000,23.3
fra_Latn-kor_Zyyy,metricx24,unknown,5865729,1200000,4.9
fra_Latn-lao_Laoo,qwen3-4b-instruct-2507,0.910423,123218,28000,4.4
fra_Latn-lat_Latn,metricx24,unknown,878281,1200000,0.7
fra_Latn-lav_Latn,metricx24,unknown,2159870,1200000,1.8
fra_Latn-lij_Latn,qwen3-4b-instruct-2507,0.880154,56560,28000,2.0
fra_Latn-lim_Latn,qwen3-4b-instruct-2507,0.828566,472731,28000,16.9
fra_Latn-lin_Latn,shaomutan_remedy-9b-22,0.764836838,621635,200000,3.1
fra_Latn-lit_Latn,metricx24,0.805597,40949661,1200000,34.1
fra_Latn-lmo_Latn,qwen3-4b-instruct-2507,0.868507,58152,28000,2.1
fra_Latn-ltz_Latn,qwen3-4b-instruct-2507,0.911349,2944869,28000,105.2
fra_Latn-lua_Latn,shaomutan_remedy-9b-22,0.613003045,433735,200000,2.2
fra_Latn-lug_Latn,shaomutan_remedy-9b-22,0.664873596,669614,200000,3.3
fra_Latn-luo_Latn,metricx24,0.410231397,453299,1200000,0.4
fra_Latn-lvs_Latn,metricx24,0.75642,24205257,1200000,20.2
fra_Latn-lzh_Hani,metricx24,unknown,1028743,1200000,0.9
fra_Latn-mal_Mlym,qwen3-4b-instruct-2507,0.962464,3880344,28000,138.6
fra_Latn-mar_Deva,shaomutan_remedy-9b-22,0.942060628,733495,200000,3.7
fra_Latn-mhr_Cyrl,metricx24,unknown,168118,1200000,0.1
fra_Latn-mkd_Cyrl,metricx24,0.864877,5187675,1200000,4.3
fra_Latn-mlg_Latn,metricx24,unknown,915367,1200000,0.8
fra_Latn-mlt_Latn,shaomutan_remedy-9b-22,0.930880573,6241662,200000,31.2
fra_Latn-mon_Cyrl,metricx24,unknown,233533,1200000,0.2
fra_Latn-mri_Latn,shaomutan_remedy-9b-22,0.761703199,110628,200000,0.6
fra_Latn-msa_Latn,metricx24,unknown,8712561,1200000,7.3
fra_Latn-mya_Mymr,shaomutan_remedy-9b-22,0.934281849,849162,200000,4.2
fra_Latn-nap_Latn,metricx24,unknown,240298,1200000,0.2
fra_Latn-nde_Latn,metricx24,unknown,138751,1200000,0.1
fra_Latn-nds_Latn,metricx24,unknown,283785,1200000,0.2
fra_Latn-nep_Deva,metricx24,unknown,434862,1200000,0.4
fra_Latn-nld_Latn,metricx24,0.911004,144742143,1200000,120.6
fra_Latn-nno_Latn,qwen3-4b-instruct-2507,0.949607,1174294,28000,41.9
fra_Latn-nob_Latn,metricx24,0.848716,42170567,1200000,35.1
fra_Latn-nor_Latn,metricx24,unknown,17472114,1200000,14.6
fra_Latn-npi_Deva,bicleaner-ai,0.966264808,215773,2250000,0.1
fra_Latn-nso_Latn,metricx24,0.649938435,704403,1200000,0.6
fra_Latn-nus_Latn,qwen3-4b-instruct-2507,0.483703,178317,28000,6.4
fra_Latn-nya_Latn,shaomutan_remedy-9b-22,0.767685993,2522470,200000,12.6
fra_Latn-oci_Latn,shaomutan_remedy-9b-22,0.892494524,7247767,200000,36.2
fra_Latn-orm_Latn,metricx24,unknown,274331,1200000,0.2
fra_Latn-orv_Cyrl,metricx24,unknown,76901,1200000,0.1
fra_Latn-pan_Guru,qwen3-4b-instruct-2507,0.958462,169713,28000,6.1
fra_Latn-pap_Latn,qwen3-4b-instruct-2507,0.877442,279332,28000,10.0
fra_Latn-pbt_Arab,shaomutan_remedy-9b-22,0.813209415,81504,200000,0.4
fra_Latn-plt_Latn,metricx24,0.784285,2857866,1200000,2.4
fra_Latn-pol_Latn,metricx24,0.797495,116112607,1200000,96.8
fra_Latn-por_Latn,metricx24,0.841013,236185444,1200000,196.8
fra_Latn-pus_Arab,metricx24,unknown,125465,1200000,0.1
fra_Latn-rmy_Latn,metricx24,unknown,240528,1200000,0.2
fra_Latn-ron_Latn,metricx24,0.839102,118564635,1200000,98.8
fra_Latn-run_Latn,shaomutan_remedy-9b-22,0.766635917,1025183,200000,5.1
fra_Latn-rus_Cyrl,metricx24,0.89014,124970561,1200000,104.1
fra_Latn-sag_Latn,shaomutan_remedy-9b-22,0.518729283,809281,200000,4.0
fra_Latn-scn_Latn,qwen3-4b-instruct-2507,0.861563,1313062,28000,46.9
fra_Latn-sin_Sinh,shaomutan_remedy-9b-22,0.932850267,2413356,200000,12.1
fra_Latn-slk_Latn,metricx24,0.795625,48192372,1200000,40.2
fra_Latn-slv_Latn,metricx24,0.876473,42505360,1200000,35.4
fra_Latn-sna_Latn,shaomutan_remedy-9b-22,0.783299697,1999367,200000,10.0
fra_Latn-snd_Arab,qwen3-4b-instruct-2507,0.912593,105744,28000,3.8
fra_Latn-som_Latn,shaomutan_remedy-9b-22,0.795851436,2785121,200000,13.9
fra_Latn-sot_Latn,shaomutan_remedy-9b-22,0.808365066,1963982,200000,9.8
fra_Latn-spa_Latn,qwen3-4b-instruct-2507,0.951349,1549099,28000,55.3
fra_Latn-sqi_Latn,metricx24,unknown,1589390,1200000,1.3
fra_Latn-srd_Latn,qwen3-4b-instruct-2507,0.852842,2606345,28000,93.1
fra_Latn-srp_Cyrl,metricx24,0.891384,8812823,1200000,7.3
fra_Latn-srp_Latn,metricx24,unknown,46358126,1200000,38.6
fra_Latn-ssw_Latn,metricx24,0.669375915,335370,1200000,0.3
fra_Latn-sun_Latn,qwen3-4b-instruct-2507,0.896909,329537,28000,11.8
fra_Latn-swa_Latn,metricx24,unknown,4514104,1200000,3.8
fra_Latn-swc_Latn,metricx24,unknown,1390297,1200000,1.2
fra_Latn-swe_Latn,metricx24,0.871419,99854839,1200000,83.2
fra_Latn-swh_Latn,shaomutan_remedy-9b-22,0.92635932,7783024,200000,38.9
fra_Latn-szl_Latn,qwen3-4b-instruct-2507,0.814634,61395,28000,2.2
fra_Latn-tam_Taml,metricx24,0.825842,8595576,1200000,7.2
fra_Latn-tat_Cyrl,shaomutan_remedy-9b-22,0.910959844,132118,200000,0.7
fra_Latn-tel_Telu,qwen3-4b-instruct-2507,0.953499,1277559,28000,45.6
fra_Latn-tgk_Cyrl,qwen3-4b-instruct-2507,0.897307,221221,28000,7.9
fra_Latn-tgl_Latn,qwen3-4b-instruct-2507,0.949871,2664861,28000,95.2
fra_Latn-tha_Thai,metricx24,0.856159,19766830,1200000,16.5
fra_Latn-tig_Ethi,metricx24,unknown,105385,1200000,0.1
fra_Latn-tir_Ethi,shaomutan_remedy-9b-22,0.777978377,882013,200000,4.4
fra_Latn-tsn_Latn,shaomutan_remedy-9b-22,0.784459512,1236220,200000,6.2
fra_Latn-tso_Latn,shaomutan_remedy-9b-22,0.753233068,756082,200000,3.8
fra_Latn-tum_Latn,metricx24,0.711841553,600926,1200000,0.5
fra_Latn-tur_Latn,metricx24,0.765988,70580977,1200000,58.8
fra_Latn-twi_Latn,shaomutan_remedy-9b-22,0.751591109,750405,200000,3.8
fra_Latn-tzm_Tfng,metricx24,0.479249343,101803,1200000,0.1
fra_Latn-ukr_Cyrl,metricx24,0.844075,18978883,1200000,15.8
fra_Latn-umb_Latn,qwen3-4b-instruct-2507,0.391857,371326,28000,13.3
fra_Latn-und_Cyrl,metricx24,unknown,69457,1200000,0.1
fra_Latn-und_Geor,metricx24,unknown,51171,1200000,0.0
fra_Latn-und_Hira,metricx24,unknown,108743,1200000,0.1
fra_Latn-und_Kana,metricx24,unknown,608264,1200000,0.5
fra_Latn-urd_Arab,shaomutan_remedy-9b-22,0.925155063,1714105,200000,8.6
fra_Latn-uzn_Latn,qwen3-4b-instruct-2507,0.903892,240394,28000,8.6
fra_Latn-vec_Latn,qwen3-4b-instruct-2507,0.907785,1329764,28000,47.5
fra_Latn-ven_Latn,metricx24,unknown,100680,1200000,0.1
fra_Latn-vie_Latn,metricx24,0.871463,39256570,1200000,32.7
fra_Latn-wol_Latn,shaomutan_remedy-9b-22,0.681201771,394353,200000,2.0
fra_Latn-wuu_Hani,metricx24,unknown,247845,1200000,0.2
fra_Latn-xav_Latn,metricx24,unknown,234390,1200000,0.2
fra_Latn-xho_Latn,shaomutan_remedy-9b-22,0.803261077,2317233,200000,11.6
fra_Latn-yor_Latn,shaomutan_remedy-9b-22,0.731236658,2429177,200000,12.1
fra_Latn-yue_Hani,metricx24,unknown,1729964,1200000,1.4
fra_Latn-zho_Hans,metricx24,0.893031,22097974,1200000,18.4
fra_Latn-zho_Hant,metricx24,0.880164,7636253,1200000,6.4
fra_Latn-zho_Zyyy,metricx24,unknown,104024,1200000,0.1
fra_Latn-zsm_Latn,metricx24,0.840454,5789357,1200000,4.8
fra_Latn-zul_Latn,shaomutan_remedy-9b-22,0.848348484,3089300,200000,15.4
fro_Latn-fra_Latn,metricx24,unknown,104779,1200000,0.1
fro_Latn-heb_Hebr,metricx24,unknown,114098,1200000,0.1
fro_Latn-hrv_Latn,qwen3-4b-instruct-2507,unknown,101584,28000,3.6
fro_Latn-hun_Latn,metricx24,unknown,146320,1200000,0.1
fro_Latn-ind_Latn,metricx24,unknown,117793,1200000,0.1
fro_Latn-ita_Latn,metricx24,unknown,234239,1200000,0.2
fro_Latn-nld_Latn,metricx24,unknown,198107,1200000,0.2
fro_Latn-pol_Latn,metricx24,unknown,193411,1200000,0.2
fro_Latn-por_Latn,metricx24,unknown,444527,1200000,0.4
fro_Latn-ron_Latn,metricx24,unknown,210338,1200000,0.2
fro_Latn-rus_Cyrl,metricx24,unknown,219048,1200000,0.2
fro_Latn-slk_Latn,metricx24,unknown,65272,1200000,0.1
fro_Latn-slv_Latn,metricx24,unknown,81860,1200000,0.1
fro_Latn-spa_Latn,metricx24,unknown,68922,1200000,0.1
fro_Latn-srp_Latn,qwen3-4b-instruct-2507,unknown,134436,28000,4.8
fro_Latn-swe_Latn,metricx24,unknown,163037,1200000,0.1
fro_Latn-tur_Latn,metricx24,unknown,213742,1200000,0.2
fro_Latn-vie_Latn,metricx24,unknown,97774,1200000,0.1
fry_Latn-gle_Latn,metricx24,unknown,56653,1200000,0.0
fry_Latn-glg_Latn,metricx24,unknown,175498,1200000,0.1
fry_Latn-hau_Latn,metricx24,unknown,54410,1200000,0.0
fry_Latn-heb_Hebr,metricx24,unknown,260373,1200000,0.2
fry_Latn-hin_Deva,metricx24,unknown,171957,1200000,0.1
fry_Latn-hrv_Latn,qwen3-4b-instruct-2507,unknown,234386,28000,8.4
fry_Latn-hun_Latn,metricx24,unknown,235487,1200000,0.2
fry_Latn-ind_Latn,metricx24,unknown,174757,1200000,0.1
fry_Latn-isl_Latn,metricx24,unknown,221900,1200000,0.2
fry_Latn-ita_Latn,metricx24,unknown,220995,1200000,0.2
fry_Latn-jav_Latn,metricx24,unknown,48656,1200000,0.0
fry_Latn-jpn_Jpan,metricx24,unknown,216364,1200000,0.2
fry_Latn-kat_Geor,metricx24,unknown,40269,1200000,0.0
fry_Latn-kaz_Cyrl,metricx24,unknown,59776,1200000,0.0
fry_Latn-kor_Hang,metricx24,unknown,106379,1200000,0.1
fry_Latn-kor_Zyyy,qwen3-4b-instruct-2507,unknown,131077,28000,4.7
fry_Latn-lat_Latn,qwen3-4b-instruct-2507,unknown,58233,28000,2.1
fry_Latn-lav_Latn,qwen3-4b-instruct-2507,unknown,78203,28000,2.8
fry_Latn-lit_Latn,metricx24,unknown,165049,1200000,0.1
fry_Latn-ltz_Latn,metricx24,unknown,108592,1200000,0.1
fry_Latn-lvs_Latn,metricx24,unknown,79269,1200000,0.1
fry_Latn-mal_Mlym,metricx24,unknown,124591,1200000,0.1
fry_Latn-mar_Deva,metricx24,unknown,105069,1200000,0.1
fry_Latn-mkd_Cyrl,metricx24,unknown,194165,1200000,0.2
fry_Latn-mlg_Latn,qwen3-4b-instruct-2507,unknown,55924,28000,2.0
fry_Latn-msa_Latn,qwen3-4b-instruct-2507,unknown,146209,28000,5.2
fry_Latn-nds_Latn,qwen3-4b-instruct-2507,unknown,64223,28000,2.3
fry_Latn-nep_Deva,qwen3-4b-instruct-2507,unknown,80315,28000,2.9
fry_Latn-nld_Latn,metricx24,unknown,484102,1200000,0.4
fry_Latn-nob_Latn,metricx24,unknown,273710,1200000,0.2
fry_Latn-nor_Latn,qwen3-4b-instruct-2507,unknown,255712,28000,9.1
fry_Latn-oci_Latn,qwen3-4b-instruct-2507,unknown,76561,28000,2.7
fry_Latn-pol_Latn,metricx24,unknown,274913,1200000,0.2
fry_Latn-por_Latn,metricx24,unknown,290949,1200000,0.2
fry_Latn-ron_Latn,metricx24,unknown,231205,1200000,0.2
fry_Latn-rus_Cyrl,metricx24,unknown,357811,1200000,0.3
fry_Latn-sin_Sinh,metricx24,unknown,112741,1200000,0.1
fry_Latn-slk_Latn,metricx24,unknown,219422,1200000,0.2
fry_Latn-slv_Latn,metricx24,unknown,143411,1200000,0.1
fry_Latn-sqi_Latn,qwen3-4b-instruct-2507,unknown,134380,28000,4.8
fry_Latn-srp_Cyrl,metricx24,unknown,178844,1200000,0.1
fry_Latn-swa_Latn,qwen3-4b-instruct-2507,unknown,98599,28000,3.5
fry_Latn-swe_Latn,metricx24,unknown,243560,1200000,0.2
fry_Latn-tam_Taml,metricx24,unknown,119600,1200000,0.1
fry_Latn-tel_Telu,metricx24,unknown,51258,1200000,0.0
fry_Latn-tgl_Latn,qwen3-4b-instruct-2507,unknown,99809,28000,3.6
fry_Latn-tha_Thai,metricx24,unknown,86541,1200000,0.1
fry_Latn-tur_Latn,metricx24,unknown,224105,1200000,0.2
fry_Latn-ukr_Cyrl,metricx24,unknown,250372,1200000,0.2
fry_Latn-urd_Arab,metricx24,unknown,99065,1200000,0.1
fry_Latn-xho_Latn,metricx24,unknown,76031,1200000,0.1
fry_Latn-zho_Hans,metricx24,unknown,226946,1200000,0.2
ful_Latn-fin_Latn,metricx24,unknown,107920,1200000,0.1
ful_Latn-fra_Latn,metricx24,unknown,772643,1200000,0.6
ful_Latn-hau_Latn,metricx24,unknown,118584,1200000,0.1
ful_Latn-hrv_Latn,qwen3-4b-instruct-2507,unknown,124967,28000,4.5
ful_Latn-hun_Latn,metricx24,unknown,110724,1200000,0.1
ful_Latn-ind_Latn,metricx24,unknown,388416,1200000,0.3
ful_Latn-ita_Latn,metricx24,unknown,552181,1200000,0.5
ful_Latn-jpn_Jpan,metricx24,unknown,197475,1200000,0.2
ful_Latn-nld_Latn,metricx24,unknown,355085,1200000,0.3
ful_Latn-pol_Latn,metricx24,unknown,245880,1200000,0.2
ful_Latn-por_Latn,metricx24,unknown,539372,1200000,0.4
ful_Latn-ron_Latn,metricx24,unknown,129020,1200000,0.1
ful_Latn-rus_Cyrl,metricx24,unknown,403010,1200000,0.3
ful_Latn-som_Latn,metricx24,unknown,104288,1200000,0.1
ful_Latn-swe_Latn,metricx24,unknown,136079,1200000,0.1
ful_Latn-tgl_Latn,qwen3-4b-instruct-2507,unknown,130486,28000,4.7
ful_Latn-tur_Latn,metricx24,unknown,202914,1200000,0.2
ful_Latn-ukr_Cyrl,metricx24,unknown,88690,1200000,0.1
ful_Latn-vie_Latn,metricx24,unknown,129884,1200000,0.1
ful_Latn-yor_Latn,metricx24,unknown,168002,1200000,0.1
ful_Latn-zho_Hans,metricx24,unknown,145803,1200000,0.1
ful_Latn-zho_Hant,metricx24,unknown,117782,1200000,0.1
fur_Latn-deu_Latn,shaomutan_remedy-9b-22,0.935577285,111241,200000,0.6
fur_Latn-ell_Grek,shaomutan_remedy-9b-22,0.940024231,67098,200000,0.3
fur_Latn-eng_Latn,qwen3-4b-instruct-2507,0.965729,640183,28000,22.9
fur_Latn-est_Latn,shaomutan_remedy-9b-22,0.926295296,53333,200000,0.3
fur_Latn-fas_Arab,qwen3-4b-instruct-2507,unknown,74287,28000,2.7
fur_Latn-fin_Latn,shaomutan_remedy-9b-22,0.918437848,210183,200000,1.1
fur_Latn-fra_Latn,qwen3-4b-instruct-2507,0.941115,876184,28000,31.3
fur_Latn-glg_Latn,shaomutan_remedy-9b-22,0.939369443,53434,200000,0.3
fur_Latn-heb_Hebr,shaomutan_remedy-9b-22,0.923786646,170157,200000,0.9
fur_Latn-hin_Deva,shaomutan_remedy-9b-22,0.885837247,102748,200000,0.5
fur_Latn-hrv_Latn,shaomutan_remedy-9b-22,0.909412972,262036,200000,1.3
fur_Latn-hun_Latn,shaomutan_remedy-9b-22,0.921154913,419396,200000,2.1
fur_Latn-ind_Latn,shaomutan_remedy-9b-22,0.917286142,381903,200000,1.9
fur_Latn-isl_Latn,shaomutan_remedy-9b-22,0.875307694,44371,200000,0.2
fur_Latn-ita_Latn,qwen3-4b-instruct-2507,0.941349,815321,28000,29.1
fur_Latn-jpn_Jpan,shaomutan_remedy-9b-22,0.932116973,394660,200000,2.0
fur_Latn-kor_Hang,shaomutan_remedy-9b-22,0.920999125,100694,200000,0.5
fur_Latn-kor_Zyyy,qwen3-4b-instruct-2507,unknown,134772,28000,4.8
fur_Latn-lav_Latn,qwen3-4b-instruct-2507,unknown,116913,28000,4.2
fur_Latn-lit_Latn,shaomutan_remedy-9b-22,0.935161851,293941,200000,1.5
fur_Latn-lvs_Latn,shaomutan_remedy-9b-22,0.935864016,164412,200000,0.8
fur_Latn-mal_Mlym,shaomutan_remedy-9b-22,0.901369539,31768,200000,0.2
fur_Latn-mkd_Cyrl,shaomutan_remedy-9b-22,0.928503116,103713,200000,0.5
fur_Latn-msa_Latn,qwen3-4b-instruct-2507,unknown,125791,28000,4.5
fur_Latn-nld_Latn,shaomutan_remedy-9b-22,0.925016589,853296,200000,4.3
fur_Latn-nno_Latn,shaomutan_remedy-9b-22,0.931413294,48783,200000,0.2
fur_Latn-nob_Latn,shaomutan_remedy-9b-22,0.932479932,72622,200000,0.4
fur_Latn-nor_Latn,qwen3-4b-instruct-2507,unknown,280056,28000,10.0
fur_Latn-pol_Latn,shaomutan_remedy-9b-22,0.935734215,787020,200000,3.9
fur_Latn-por_Latn,shaomutan_remedy-9b-22,0.926859917,1542145,200000,7.7
fur_Latn-ron_Latn,qwen3-4b-instruct-2507,0.923176,466912,28000,16.7
fur_Latn-rus_Cyrl,shaomutan_remedy-9b-22,0.9376932,1032816,200000,5.2
fur_Latn-sin_Sinh,shaomutan_remedy-9b-22,0.887217371,32070,200000,0.2
fur_Latn-slk_Latn,shaomutan_remedy-9b-22,0.938864147,402269,200000,2.0
fur_Latn-slv_Latn,shaomutan_remedy-9b-22,0.913297939,216133,200000,1.1
fur_Latn-spa_Latn,qwen3-4b-instruct-2507,0.928467,1084039,28000,38.7
fur_Latn-sqi_Latn,qwen3-4b-instruct-2507,unknown,146467,28000,5.2
fur_Latn-srd_Latn,shaomutan_remedy-9b-22,0.860002203,335170,200000,1.7
fur_Latn-srp_Cyrl,shaomutan_remedy-9b-22,0.917903324,87958,200000,0.4
fur_Latn-srp_Latn,qwen3-4b-instruct-2507,unknown,49312,28000,1.8
fur_Latn-swa_Latn,qwen3-4b-instruct-2507,unknown,86436,28000,3.1
fur_Latn-swe_Latn,shaomutan_remedy-9b-22,0.937125267,629514,200000,3.1
fur_Latn-tam_Taml,shaomutan_remedy-9b-22,0.891629583,44532,200000,0.2
fur_Latn-tgl_Latn,shaomutan_remedy-9b-22,0.912784379,200395,200000,1.0
fur_Latn-tha_Thai,shaomutan_remedy-9b-22,0.916477534,232253,200000,1.2
fur_Latn-tur_Latn,shaomutan_remedy-9b-22,0.926497836,724028,200000,3.6
fur_Latn-ukr_Cyrl,qwen3-4b-instruct-2507,0.914405,338869,28000,12.1
fur_Latn-urd_Arab,shaomutan_remedy-9b-22,0.869612317,51689,200000,0.3
fur_Latn-vec_Latn,m-prometheus-7b,0.866993529,96251,27000,3.6
fur_Latn-vie_Latn,shaomutan_remedy-9b-22,0.903077848,357638,200000,1.8
fur_Latn-xho_Latn,shaomutan_remedy-9b-22,0.750395008,31452,200000,0.2
fur_Latn-zho_Hans,qwen3-4b-instruct-2507,0.933748,339242,28000,12.1
fur_Latn-zho_Hant,qwen3-4b-instruct-2507,0.929428,161398,28000,5.8
gla_Latn-heb_Hebr,shaomutan_remedy-9b-22,0.896536063,71821,200000,0.4
gla_Latn-hin_Deva,shaomutan_remedy-9b-22,0.857917796,46915,200000,0.2
gla_Latn-hrv_Latn,shaomutan_remedy-9b-22,0.907588669,72581,200000,0.4
gla_Latn-hun_Latn,shaomutan_remedy-9b-22,0.933081051,75912,200000,0.4
gla_Latn-ind_Latn,shaomutan_remedy-9b-22,0.897069532,65872,200000,0.3
gla_Latn-ita_Latn,shaomutan_remedy-9b-22,0.910254731,84964,200000,0.4
gla_Latn-jpn_Jpan,shaomutan_remedy-9b-22,0.912094332,59103,200000,0.3
gla_Latn-lit_Latn,shaomutan_remedy-9b-22,0.909881077,50136,200000,0.3
gla_Latn-mkd_Cyrl,shaomutan_remedy-9b-22,0.921667395,50218,200000,0.3
gla_Latn-nld_Latn,shaomutan_remedy-9b-22,0.903097146,208835,200000,1.0
gla_Latn-nor_Latn,metricx24,unknown,63468,1200000,0.1
gla_Latn-pol_Latn,shaomutan_remedy-9b-22,0.911765461,89668,200000,0.4
gla_Latn-por_Latn,shaomutan_remedy-9b-22,0.885529711,106290,200000,0.5
gla_Latn-ron_Latn,shaomutan_remedy-9b-22,0.9202298,84862,200000,0.4
gla_Latn-rus_Cyrl,shaomutan_remedy-9b-22,0.927004465,116420,200000,0.6
gla_Latn-slk_Latn,shaomutan_remedy-9b-22,0.918272381,66130,200000,0.3
gla_Latn-srp_Cyrl,shaomutan_remedy-9b-22,0.931217568,54396,200000,0.3
gla_Latn-swe_Latn,shaomutan_remedy-9b-22,0.917304979,86164,200000,0.4
gla_Latn-tur_Latn,shaomutan_remedy-9b-22,0.906307811,84092,200000,0.4
gla_Latn-ukr_Cyrl,shaomutan_remedy-9b-22,0.930551386,75770,200000,0.4
gla_Latn-zho_Hans,qwen3-4b-instruct-2507,0.894505,50820,28000,1.8
gle_Latn-als_Latn,metricx24,0.812658046,519673,1200000,0.4
gle_Latn-glg_Latn,shaomutan_remedy-9b-22,0.886212247,618806,200000,3.1
gle_Latn-guj_Gujr,shaomutan_remedy-9b-22,0.918869246,101195,200000,0.5
gle_Latn-hau_Latn,shaomutan_remedy-9b-22,0.784619317,26731,200000,0.1
gle_Latn-hbs_Latn,metricx24,unknown,104651,1200000,0.1
gle_Latn-heb_Hebr,shaomutan_remedy-9b-22,0.926911409,342201,200000,1.7
gle_Latn-hin_Deva,shaomutan_remedy-9b-22,0.892759384,395400,200000,2.0
gle_Latn-hne_Deva,metricx24,0.689628107,66168,1200000,0.1
gle_Latn-hrv_Latn,shaomutan_remedy-9b-22,0.931659151,1897130,200000,9.5
gle_Latn-hun_Latn,shaomutan_remedy-9b-22,0.92201359,1208238,200000,6.0
gle_Latn-ind_Latn,shaomutan_remedy-9b-22,0.923918645,160810,200000,0.8
gle_Latn-isl_Latn,shaomutan_remedy-9b-22,0.888176116,1243537,200000,6.2
gle_Latn-ita_Latn,shaomutan_remedy-9b-22,0.934803583,1474637,200000,7.4
gle_Latn-jpn_Jpan,shaomutan_remedy-9b-22,0.936628221,321188,200000,1.6
gle_Latn-kan_Knda,shaomutan_remedy-9b-22,0.902764038,74908,200000,0.4
gle_Latn-kaz_Cyrl,shaomutan_remedy-9b-22,0.924866285,201447,200000,1.0
gle_Latn-kor_Hang,shaomutan_remedy-9b-22,0.93090126,247405,200000,1.2
gle_Latn-kor_Zyyy,metricx24,unknown,104176,1200000,0.1
gle_Latn-lav_Latn,metricx24,unknown,107220,1200000,0.1
gle_Latn-lit_Latn,shaomutan_remedy-9b-22,0.936162665,1752779,200000,8.8
gle_Latn-lvs_Latn,shaomutan_remedy-9b-22,0.941716812,1689465,200000,8.4
gle_Latn-mal_Mlym,shaomutan_remedy-9b-22,0.914927202,133808,200000,0.7
gle_Latn-mar_Deva,shaomutan_remedy-9b-22,0.905729757,102309,200000,0.5
gle_Latn-mkd_Cyrl,shaomutan_remedy-9b-22,0.939987778,666647,200000,3.3
gle_Latn-mlt_Latn,shaomutan_remedy-9b-22,0.91036695,1083259,200000,5.4
gle_Latn-msa_Latn,metricx24,unknown,306142,1200000,0.3
gle_Latn-nds_Latn,metricx24,unknown,99894,1200000,0.1
gle_Latn-nep_Deva,metricx24,unknown,103434,1200000,0.1
gle_Latn-nld_Latn,shaomutan_remedy-9b-22,0.927044209,1626065,200000,8.1
gle_Latn-nno_Latn,shaomutan_remedy-9b-22,0.915712528,144583,200000,0.7
gle_Latn-nob_Latn,shaomutan_remedy-9b-22,0.930822275,1729593,200000,8.6
gle_Latn-nor_Latn,metricx24,unknown,185695,1200000,0.2
gle_Latn-oci_Latn,shaomutan_remedy-9b-22,0.806248161,57386,200000,0.3
gle_Latn-pol_Latn,shaomutan_remedy-9b-22,0.933904707,1269442,200000,6.3
gle_Latn-por_Latn,shaomutan_remedy-9b-22,0.914050391,1494491,200000,7.5
gle_Latn-ron_Latn,shaomutan_remedy-9b-22,0.942795335,1169298,200000,5.8
gle_Latn-rus_Cyrl,shaomutan_remedy-9b-22,0.944737033,377844,200000,1.9
gle_Latn-sin_Sinh,shaomutan_remedy-9b-22,0.904756074,127852,200000,0.6
gle_Latn-slk_Latn,shaomutan_remedy-9b-22,0.930258348,1905763,200000,9.5
gle_Latn-slv_Latn,shaomutan_remedy-9b-22,0.925718908,1535583,200000,7.7
gle_Latn-sqi_Latn,metricx24,unknown,126199,1200000,0.1
gle_Latn-srp_Cyrl,shaomutan_remedy-9b-22,0.934183927,562788,200000,2.8
gle_Latn-swa_Latn,metricx24,unknown,120946,1200000,0.1
gle_Latn-swe_Latn,shaomutan_remedy-9b-22,0.939765624,1505404,200000,7.5
gle_Latn-swh_Latn,shaomutan_remedy-9b-22,0.877952113,211824,200000,1.1
gle_Latn-tam_Taml,shaomutan_remedy-9b-22,0.907393944,158625,200000,0.8
gle_Latn-tel_Telu,shaomutan_remedy-9b-22,0.893991824,104222,200000,0.5
gle_Latn-tgl_Latn,shaomutan_remedy-9b-22,0.905904275,56060,200000,0.3
gle_Latn-tha_Thai,shaomutan_remedy-9b-22,0.92410034,176676,200000,0.9
gle_Latn-tur_Latn,shaomutan_remedy-9b-22,0.933052924,388363,200000,1.9
gle_Latn-ukr_Cyrl,shaomutan_remedy-9b-22,0.948088755,1016653,200000,5.1
gle_Latn-urd_Arab,shaomutan_remedy-9b-22,0.878135155,132872,200000,0.7
gle_Latn-uzn_Latn,metricx24,0.755546471,152801,1200000,0.1
gle_Latn-vie_Latn,shaomutan_remedy-9b-22,0.913845129,513359,200000,2.6
gle_Latn-xho_Latn,shaomutan_remedy-9b-22,0.774872954,110294,200000,0.6
gle_Latn-zho_Hans,qwen3-4b-instruct-2507,0.904759,171344,28000,6.1
gle_Latn-zsm_Latn,metricx24,0.813040032,340026,1200000,0.3
glg_Latn-als_Latn,qwen3-4b-instruct-2507,0.907402,568580,28000,20.3
glg_Latn-cmn_Hani,metricx24,unknown,384605,1200000,0.3
glg_Latn-eng_Latn,qwen3-4b-instruct-2507,0.986376,61948,28000,2.2
glg_Latn-fil_Latn,metricx24,unknown,137402,1200000,0.1
glg_Latn-fin_Latn,qwen3-4b-instruct-2507,0.918024,71431,28000,2.6
glg_Latn-fra_Latn,qwen3-4b-instruct-2507,0.96884,298482,28000,10.7
glg_Latn-fur_Latn,qwen3-4b-instruct-2507,0.831702,67376,28000,2.4
glg_Latn-guj_Gujr,shaomutan_remedy-9b-22,0.943394379,116000,200000,0.6
glg_Latn-hau_Latn,shaomutan_remedy-9b-22,0.803452214,104364,200000,0.5
glg_Latn-hbs_Latn,metricx24,unknown,117861,1200000,0.1
glg_Latn-heb_Hebr,qwen3-4b-instruct-2507,0.966073,1313858,28000,46.9
glg_Latn-hin_Deva,qwen3-4b-instruct-2507,0.931289,739774,28000,26.4
glg_Latn-hne_Deva,qwen3-4b-instruct-2507,0.817611,83854,28000,3.0
glg_Latn-hrv_Latn,qwen3-4b-instruct-2507,0.94438,1546134,28000,55.2
glg_Latn-hun_Latn,qwen3-4b-instruct-2507,0.950851,1223244,28000,43.7
glg_Latn-hye_Armn,qwen3-4b-instruct-2507,0.935864,62871,28000,2.2
glg_Latn-ibo_Latn,shaomutan_remedy-9b-22,0.743768733,38953,200000,0.2
glg_Latn-ilo_Latn,metricx24,0.757526951,41249,1200000,0.0
glg_Latn-ind_Latn,qwen3-4b-instruct-2507,0.930986,1094831,28000,39.1
glg_Latn-isl_Latn,shaomutan_remedy-9b-22,0.913928423,767331,200000,3.8
glg_Latn-ita_Latn,qwen3-4b-instruct-2507,0.964515,4713586,28000,168.3
glg_Latn-jav_Latn,shaomutan_remedy-9b-22,0.85770677,81024,200000,0.4
glg_Latn-jpn_Jpan,qwen3-4b-instruct-2507,0.970637,995567,28000,35.6
glg_Latn-kan_Knda,qwen3-4b-instruct-2507,0.94011,101055,28000,3.6
glg_Latn-kat_Geor,shaomutan_remedy-9b-22,0.922506767,89538,200000,0.4
glg_Latn-kaz_Cyrl,shaomutan_remedy-9b-22,0.946267666,250957,200000,1.3
glg_Latn-khm_Khmr,shaomutan_remedy-9b-22,0.921819559,88676,200000,0.4
glg_Latn-kor_Hang,qwen3-4b-instruct-2507,0.958074,799836,28000,28.6
glg_Latn-kor_Zyyy,metricx24,unknown,425884,1200000,0.4
glg_Latn-lat_Latn,metricx24,unknown,192356,1200000,0.2
glg_Latn-lav_Latn,metricx24,unknown,204095,1200000,0.2
glg_Latn-lit_Latn,qwen3-4b-instruct-2507,0.920572,921156,28000,32.9
glg_Latn-ltz_Latn,metricx24,0.887078185,129986,1200000,0.1
glg_Latn-lvs_Latn,qwen3-4b-instruct-2507,0.934624,630307,28000,22.5
glg_Latn-lzh_Hani,metricx24,unknown,124882,1200000,0.1
glg_Latn-mal_Mlym,qwen3-4b-instruct-2507,0.952753,446209,28000,15.9
glg_Latn-mar_Deva,shaomutan_remedy-9b-22,0.932653542,297008,200000,1.5
glg_Latn-mkd_Cyrl,qwen3-4b-instruct-2507,0.960622,1102183,28000,39.4
glg_Latn-mlg_Latn,metricx24,unknown,114666,1200000,0.1
glg_Latn-mlt_Latn,shaomutan_remedy-9b-22,0.930594245,213211,200000,1.1
glg_Latn-msa_Latn,metricx24,unknown,714494,1200000,0.6
glg_Latn-mya_Mymr,shaomutan_remedy-9b-22,0.916030032,50307,200000,0.3
glg_Latn-nds_Latn,metricx24,unknown,179987,1200000,0.1
glg_Latn-nep_Deva,metricx24,unknown,179293,1200000,0.1
glg_Latn-nld_Latn,qwen3-4b-instruct-2507,0.945709,1323353,28000,47.3
glg_Latn-nno_Latn,shaomutan_remedy-9b-22,0.920266489,151740,200000,0.8
glg_Latn-nob_Latn,qwen3-4b-instruct-2507,0.934007,850792,28000,30.4
glg_Latn-nor_Latn,metricx24,unknown,564708,1200000,0.5
glg_Latn-npi_Deva,qwen3-4b-instruct-2507,0.931976,76929,28000,2.7
glg_Latn-oci_Latn,shaomutan_remedy-9b-22,0.855080213,238576,200000,1.2
glg_Latn-pan_Guru,qwen3-4b-instruct-2507,0.957158,81643,28000,2.9
glg_Latn-pol_Latn,qwen3-4b-instruct-2507,0.960403,1358011,28000,48.5
glg_Latn-por_Latn,metricx24,0.820679,80784351,1200000,67.3
glg_Latn-ron_Latn,qwen3-4b-instruct-2507,0.955261,2738788,28000,97.8
glg_Latn-rus_Cyrl,qwen3-4b-instruct-2507,0.964704,1602350,28000,57.2
glg_Latn-sin_Sinh,shaomutan_remedy-9b-22,0.918250227,342518,200000,1.7
glg_Latn-slk_Latn,qwen3-4b-instruct-2507,0.94886,1183797,28000,42.3
glg_Latn-slv_Latn,qwen3-4b-instruct-2507,0.94552,981038,28000,35.0
glg_Latn-snd_Arab,qwen3-4b-instruct-2507,0.897964,69533,28000,2.5
glg_Latn-spa_Latn,qwen3-4b-instruct-2507,0.941289,78765,28000,2.8
glg_Latn-sqi_Latn,metricx24,unknown,385777,1200000,0.3
glg_Latn-srd_Latn,metricx24,0.770560848,134069,1200000,0.1
glg_Latn-srp_Cyrl,qwen3-4b-instruct-2507,0.963211,941465,28000,33.6
glg_Latn-srp_Latn,metricx24,unknown,440588,1200000,0.4
glg_Latn-sun_Latn,qwen3-4b-instruct-2507,0.853649,57726,28000,2.1
glg_Latn-swa_Latn,metricx24,unknown,293744,1200000,0.2
glg_Latn-swe_Latn,qwen3-4b-instruct-2507,0.946944,1235624,28000,44.1
glg_Latn-swh_Latn,shaomutan_remedy-9b-22,0.915808723,218593,200000,1.1
glg_Latn-tam_Taml,qwen3-4b-instruct-2507,0.951409,398126,28000,14.2
glg_Latn-tel_Telu,qwen3-4b-instruct-2507,0.954251,195616,28000,7.0
glg_Latn-tgk_Cyrl,qwen3-4b-instruct-2507,0.855983,71260,28000,2.5
glg_Latn-tgl_Latn,qwen3-4b-instruct-2507,0.942081,265753,28000,9.5
glg_Latn-tha_Thai,qwen3-4b-instruct-2507,0.945968,624500,28000,22.3
glg_Latn-tur_Latn,qwen3-4b-instruct-2507,0.94214,4902650,28000,175.1
glg_Latn-ukr_Cyrl,qwen3-4b-instruct-2507,0.962897,1519032,28000,54.3
glg_Latn-und_Kana,metricx24,unknown,92040,1200000,0.1
glg_Latn-urd_Arab,qwen3-4b-instruct-2507,0.906625,338584,28000,12.1
glg_Latn-uzn_Latn,qwen3-4b-instruct-2507,0.876899,162015,28000,5.8
glg_Latn-vie_Latn,qwen3-4b-instruct-2507,0.938865,1024259,28000,36.6
glg_Latn-wln_Latn,metricx24,unknown,46761,1200000,0.0
glg_Latn-xho_Latn,shaomutan_remedy-9b-22,0.767787905,248130,200000,1.2
glg_Latn-yue_Hani,metricx24,unknown,108336,1200000,0.1
glg_Latn-zho_Hans,qwen3-4b-instruct-2507,0.978815,720677,28000,25.7
glg_Latn-zho_Hant,qwen3-4b-instruct-2507,0.975814,198349,28000,7.1
glg_Latn-zsm_Latn,qwen3-4b-instruct-2507,0.903683,385947,28000,13.8
grc_Grek-eng_Latn,metricx24,unknown,179312,1200000,0.1
grc_Grek-fin_Latn,metricx24,unknown,63094,1200000,0.1
grc_Grek-fra_Latn,metricx24,unknown,111995,1200000,0.1
grc_Grek-hun_Latn,metricx24,unknown,63171,1200000,0.1
grc_Grek-ita_Latn,metricx24,unknown,72859,1200000,0.1
grc_Grek-nld_Latn,metricx24,unknown,69677,1200000,0.1
grc_Grek-pol_Latn,metricx24,unknown,54682,1200000,0.0
grc_Grek-por_Latn,metricx24,unknown,89720,1200000,0.1
grc_Grek-ron_Latn,metricx24,unknown,76157,1200000,0.1
grc_Grek-spa_Latn,metricx24,unknown,132792,1200000,0.1
grc_Grek-tur_Latn,metricx24,unknown,54201,1200000,0.0
grn_Latn-por_Latn,shaomutan_remedy-9b-22,0.829631936,111242,200000,0.6
gsw_Latn-ekk_Latn,qwen3-4b-instruct-2507,unknown,64884,28000,2.3
gsw_Latn-ell_Grek,metricx24,unknown,143509,1200000,0.1
gsw_Latn-eng_Latn,metricx24,unknown,2000697,1200000,1.7
gsw_Latn-fin_Latn,metricx24,unknown,152122,1200000,0.1
gsw_Latn-fra_Latn,metricx24,unknown,661545,1200000,0.6
gsw_Latn-heb_Hebr,metricx24,unknown,62533,1200000,0.1
gsw_Latn-hrv_Latn,qwen3-4b-instruct-2507,unknown,80935,28000,2.9
gsw_Latn-hun_Latn,metricx24,unknown,173459,1200000,0.1
gsw_Latn-ind_Latn,metricx24,unknown,104224,1200000,0.1
gsw_Latn-ita_Latn,metricx24,unknown,390338,1200000,0.3
gsw_Latn-jpn_Jpan,metricx24,unknown,88012,1200000,0.1
gsw_Latn-kor_Hang,metricx24,unknown,62775,1200000,0.1
gsw_Latn-lit_Latn,metricx24,unknown,86645,1200000,0.1
gsw_Latn-lvs_Latn,metricx24,unknown,66719,1200000,0.1
gsw_Latn-nld_Latn,metricx24,unknown,383922,1200000,0.3
gsw_Latn-nob_Latn,metricx24,unknown,98339,1200000,0.1
gsw_Latn-pol_Latn,metricx24,unknown,279501,1200000,0.2
gsw_Latn-por_Latn,metricx24,unknown,353080,1200000,0.3
gsw_Latn-ron_Latn,metricx24,unknown,156319,1200000,0.1
gsw_Latn-rus_Cyrl,metricx24,unknown,247098,1200000,0.2
gsw_Latn-slk_Latn,metricx24,unknown,139286,1200000,0.1
gsw_Latn-slv_Latn,metricx24,unknown,104817,1200000,0.1
gsw_Latn-spa_Latn,metricx24,unknown,596995,1200000,0.5
gsw_Latn-swe_Latn,metricx24,unknown,251999,1200000,0.2
gsw_Latn-tur_Latn,metricx24,unknown,141571,1200000,0.1
gsw_Latn-ukr_Cyrl,metricx24,unknown,76595,1200000,0.1
gsw_Latn-vie_Latn,metricx24,unknown,73073,1200000,0.1
gsw_Latn-zho_Hans,metricx24,unknown,63988,1200000,0.1
gug_Latn-fin_Latn,metricx24,unknown,48546,1200000,0.0
gug_Latn-fra_Latn,metricx24,unknown,199882,1200000,0.2
gug_Latn-hun_Latn,metricx24,unknown,53956,1200000,0.0
gug_Latn-ita_Latn,metricx24,unknown,108659,1200000,0.1
gug_Latn-nld_Latn,metricx24,unknown,61377,1200000,0.1
gug_Latn-pol_Latn,metricx24,unknown,97141,1200000,0.1
gug_Latn-por_Latn,metricx24,unknown,744614,1200000,0.6
gug_Latn-ron_Latn,metricx24,unknown,68645,1200000,0.1
gug_Latn-rus_Cyrl,metricx24,unknown,104031,1200000,0.1
gug_Latn-swe_Latn,metricx24,unknown,69117,1200000,0.1
gug_Latn-tur_Latn,metricx24,unknown,71279,1200000,0.1
guj_Gujr-als_Latn,qwen3-4b-instruct-2507,0.913688,107542,28000,3.8
guj_Gujr-cmn_Hani,metricx24,unknown,93425,1200000,0.1
guj_Gujr-heb_Hebr,qwen3-4b-instruct-2507,0.935052,226171,28000,8.1
guj_Gujr-hin_Deva,shaomutan_remedy-9b-22,0.933337818,1460599,200000,7.3
guj_Gujr-hne_Deva,qwen3-4b-instruct-2507,0.779522,97849,28000,3.5
guj_Gujr-hrv_Latn,shaomutan_remedy-9b-22,0.940059886,287229,200000,1.4
guj_Gujr-hun_Latn,qwen3-4b-instruct-2507,0.939094,192643,28000,6.9
guj_Gujr-hye_Armn,shaomutan_remedy-9b-22,0.942100299,74437,200000,0.4
guj_Gujr-ind_Latn,shaomutan_remedy-9b-22,0.930350758,413903,200000,2.1
guj_Gujr-isl_Latn,shaomutan_remedy-9b-22,0.882398088,141100,200000,0.7
guj_Gujr-ita_Latn,qwen3-4b-instruct-2507,0.950518,496995,28000,17.7
guj_Gujr-jpn_Jpan,shaomutan_remedy-9b-22,0.947203274,333237,200000,1.7
guj_Gujr-kan_Knda,shaomutan_remedy-9b-22,0.931722228,7958822,200000,39.8
guj_Gujr-kas_Deva,metricx24,0.466509233,85035,1200000,0.1
guj_Gujr-kat_Geor,shaomutan_remedy-9b-22,0.939865391,83340,200000,0.4
guj_Gujr-kaz_Cyrl,shaomutan_remedy-9b-22,0.933517093,116119,200000,0.6
guj_Gujr-khm_Khmr,qwen3-4b-instruct-2507,0.911045,67453,28000,2.4
guj_Gujr-kin_Latn,shaomutan_remedy-9b-22,0.808872842,35895,200000,0.2
guj_Gujr-kmr_Latn,metricx24,0.71255222,28712,1200000,0.0
guj_Gujr-kor_Hang,shaomutan_remedy-9b-22,0.949388918,215961,200000,1.1
guj_Gujr-kor_Zyyy,metricx24,unknown,113563,1200000,0.1
guj_Gujr-lit_Latn,shaomutan_remedy-9b-22,0.934726688,232735,200000,1.2
guj_Gujr-lvs_Latn,shaomutan_remedy-9b-22,0.944199007,158280,200000,0.8
guj_Gujr-mag_Deva,qwen3-4b-instruct-2507,0.80674,182109,28000,6.5
guj_Gujr-mai_Deva,qwen3-4b-instruct-2507,0.859214,326468,28000,11.7
guj_Gujr-mal_Mlym,qwen3-4b-instruct-2507,0.946292,4722630,28000,168.7
guj_Gujr-mar_Deva,shaomutan_remedy-9b-22,0.938489785,3237956,200000,16.2
guj_Gujr-mkd_Cyrl,qwen3-4b-instruct-2507,0.95223,178014,28000,6.4
guj_Gujr-mlg_Latn,metricx24,unknown,39587,1200000,0.0
guj_Gujr-msa_Latn,metricx24,unknown,193117,1200000,0.2
guj_Gujr-mya_Mymr,shaomutan_remedy-9b-22,0.915891425,62514,200000,0.3
guj_Gujr-nds_Latn,metricx24,unknown,48572,1200000,0.0
guj_Gujr-nep_Deva,metricx24,unknown,514599,1200000,0.4
guj_Gujr-nld_Latn,shaomutan_remedy-9b-22,0.932302695,430355,200000,2.2
guj_Gujr-nno_Latn,shaomutan_remedy-9b-22,0.921109939,82369,200000,0.4
guj_Gujr-nob_Latn,shaomutan_remedy-9b-22,0.937055004,128980,200000,0.6
guj_Gujr-nor_Latn,metricx24,unknown,111542,1200000,0.1
guj_Gujr-npi_Deva,shaomutan_remedy-9b-22,0.912307915,1048020,200000,5.2
guj_Gujr-ory_Orya,qwen3-4b-instruct-2507,0.937053,1697713,28000,60.6
guj_Gujr-pan_Guru,qwen3-4b-instruct-2507,0.928049,1082430,28000,38.7
guj_Gujr-pol_Latn,qwen3-4b-instruct-2507,0.934764,286581,28000,10.2
guj_Gujr-por_Latn,qwen3-4b-instruct-2507,0.943136,478124,28000,17.1
guj_Gujr-pus_Arab,metricx24,unknown,36490,1200000,0.0
guj_Gujr-ron_Latn,shaomutan_remedy-9b-22,0.949321484,201528,200000,1.0
guj_Gujr-rus_Cyrl,qwen3-4b-instruct-2507,0.93112,488720,28000,17.5
guj_Gujr-san_Deva,shaomutan_remedy-9b-22,0.778670245,223601,200000,1.1
guj_Gujr-sin_Sinh,shaomutan_remedy-9b-22,0.912640926,935860,200000,4.7
guj_Gujr-slk_Latn,qwen3-4b-instruct-2507,0.942359,235892,28000,8.4
guj_Gujr-slv_Latn,shaomutan_remedy-9b-22,0.958753319,185721,200000,0.9
guj_Gujr-snd_Arab,qwen3-4b-instruct-2507,0.895117,618978,28000,22.1
guj_Gujr-sqi_Latn,metricx24,unknown,101801,1200000,0.1
guj_Gujr-srp_Cyrl,qwen3-4b-instruct-2507,0.956994,146582,28000,5.2
guj_Gujr-swa_Latn,metricx24,unknown,84834,1200000,0.1
guj_Gujr-swe_Latn,shaomutan_remedy-9b-22,0.943150701,190165,200000,1.0
guj_Gujr-tam_Taml,qwen3-4b-instruct-2507,0.944266,2229136,28000,79.6
guj_Gujr-tel_Telu,metricx24,0.776177,8150842,1200000,6.8
guj_Gujr-tgk_Cyrl,qwen3-4b-instruct-2507,0.879472,58617,28000,2.1
guj_Gujr-tgl_Latn,shaomutan_remedy-9b-22,0.926419448,122735,200000,0.6
guj_Gujr-tha_Thai,qwen3-4b-instruct-2507,0.927855,214920,28000,7.7
guj_Gujr-tur_Latn,shaomutan_remedy-9b-22,0.948944235,371978,200000,1.9
guj_Gujr-ukr_Cyrl,qwen3-4b-instruct-2507,0.941065,274345,28000,9.8
guj_Gujr-urd_Arab,qwen3-4b-instruct-2507,0.903066,2437048,28000,87.0
guj_Gujr-uzn_Latn,qwen3-4b-instruct-2507,0.872947,57010,28000,2.0
guj_Gujr-vie_Latn,shaomutan_remedy-9b-22,0.921589589,278974,200000,1.4
guj_Gujr-wln_Latn,metricx24,unknown,29287,1200000,0.0
guj_Gujr-xho_Latn,shaomutan_remedy-9b-22,0.797728399,96089,200000,0.5
guj_Gujr-zho_Hans,qwen3-4b-instruct-2507,0.959517,152376,28000,5.4
guj_Gujr-zho_Hant,qwen3-4b-instruct-2507,0.958362,129564,28000,4.6
guj_Gujr-zsm_Latn,qwen3-4b-instruct-2507,0.863489,75653,28000,2.7
hac_Arab-eng_Latn,metricx24,unknown,181336,1200000,0.2
hat_Latn-als_Latn,qwen3-4b-instruct-2507,0.830264,136774,28000,4.9
hat_Latn-cmn_Hani,metricx24,unknown,174532,1200000,0.1
hat_Latn-eng_Latn,qwen3-4b-instruct-2507,0.947641,84375,28000,3.0
hat_Latn-fil_Latn,metricx24,unknown,126898,1200000,0.1
hat_Latn-fra_Latn,qwen3-4b-instruct-2507,0.937581,85895,28000,3.1
hat_Latn-hun_Latn,shaomutan_remedy-9b-22,0.923589227,627505,200000,3.1
hat_Latn-hye_Armn,shaomutan_remedy-9b-22,0.941150658,175740,200000,0.9
hat_Latn-ibo_Latn,shaomutan_remedy-9b-22,0.741424008,77389,200000,0.4
hat_Latn-ind_Latn,shaomutan_remedy-9b-22,0.925694655,1071417,200000,5.4
hat_Latn-isl_Latn,shaomutan_remedy-9b-22,0.888810173,251724,200000,1.3
hat_Latn-ita_Latn,shaomutan_remedy-9b-22,0.935592039,1296653,200000,6.5
hat_Latn-jav_Latn,m-prometheus-7b,0.798158288,93451,27000,3.5
hat_Latn-jpn_Jpan,shaomutan_remedy-9b-22,0.934950473,692929,200000,3.5
hat_Latn-kan_Knda,shaomutan_remedy-9b-22,0.898913964,67486,200000,0.3
hat_Latn-kat_Geor,shaomutan_remedy-9b-22,0.93538698,193646,200000,1.0
hat_Latn-kaz_Cyrl,shaomutan_remedy-9b-22,0.916485098,115777,200000,0.6
hat_Latn-khk_Cyrl,metricx24,0.801763539,64052,1200000,0.1
hat_Latn-khm_Khmr,shaomutan_remedy-9b-22,0.913594077,114244,200000,0.6
hat_Latn-kir_Cyrl,shaomutan_remedy-9b-22,0.882497972,68007,200000,0.3
hat_Latn-kor_Hang,shaomutan_remedy-9b-22,0.932989127,301264,200000,1.5
hat_Latn-kor_Zyyy,metricx24,unknown,215547,1200000,0.2
hat_Latn-lav_Latn,metricx24,unknown,121697,1200000,0.1
hat_Latn-lit_Latn,shaomutan_remedy-9b-22,0.938206972,530056,200000,2.7
hat_Latn-lvs_Latn,shaomutan_remedy-9b-22,0.927419904,341340,200000,1.7
hat_Latn-mal_Mlym,shaomutan_remedy-9b-22,0.908358893,193114,200000,1.0
hat_Latn-mar_Deva,shaomutan_remedy-9b-22,0.895203152,196185,200000,1.0
hat_Latn-mkd_Cyrl,shaomutan_remedy-9b-22,0.943360802,304743,200000,1.5
hat_Latn-mlg_Latn,metricx24,unknown,79767,1200000,0.1
hat_Latn-mon_Cyrl,metricx24,unknown,62772,1200000,0.1
hat_Latn-mri_Latn,shaomutan_remedy-9b-22,0.655274494,70398,200000,0.4
hat_Latn-msa_Latn,metricx24,unknown,224145,1200000,0.2
hat_Latn-mya_Mymr,shaomutan_remedy-9b-22,0.894410673,128051,200000,0.6
hat_Latn-nep_Deva,metricx24,unknown,108433,1200000,0.1
hat_Latn-nld_Latn,shaomutan_remedy-9b-22,0.922438113,984405,200000,4.9
hat_Latn-nob_Latn,shaomutan_remedy-9b-22,0.92710402,162483,200000,0.8
hat_Latn-nor_Latn,metricx24,unknown,383046,1200000,0.3
hat_Latn-npi_Deva,shaomutan_remedy-9b-22,0.888125791,59479,200000,0.3
hat_Latn-nya_Latn,metricx24,0.708928903,50121,1200000,0.0
hat_Latn-plt_Latn,metricx24,0.772956342,85892,1200000,0.1
hat_Latn-pol_Latn,shaomutan_remedy-9b-22,0.933508753,855717,200000,4.3
hat_Latn-por_Latn,shaomutan_remedy-9b-22,0.920309456,1418565,200000,7.1
hat_Latn-ron_Latn,shaomutan_remedy-9b-22,0.916824255,624896,200000,3.1
hat_Latn-rus_Cyrl,shaomutan_remedy-9b-22,0.943652822,1268796,200000,6.3
hat_Latn-sin_Sinh,shaomutan_remedy-9b-22,0.894022301,170791,200000,0.9
hat_Latn-slk_Latn,shaomutan_remedy-9b-22,0.942607954,509492,200000,2.5
hat_Latn-slv_Latn,shaomutan_remedy-9b-22,0.932447438,338329,200000,1.7
hat_Latn-som_Latn,shaomutan_remedy-9b-22,0.766783957,100384,200000,0.5
hat_Latn-spa_Latn,shaomutan_remedy-9b-22,0.918593918,72323,200000,0.4
hat_Latn-sqi_Latn,metricx24,unknown,183840,1200000,0.2
hat_Latn-srd_Latn,m-prometheus-7b,0.790676954,95065,27000,3.5
hat_Latn-srp_Cyrl,shaomutan_remedy-9b-22,0.9203915,262651,200000,1.3
hat_Latn-sun_Latn,m-prometheus-7b,0.796067695,109312,27000,4.0
hat_Latn-swa_Latn,metricx24,unknown,191218,1200000,0.2
hat_Latn-swe_Latn,shaomutan_remedy-9b-22,0.934223886,523510,200000,2.6
hat_Latn-swh_Latn,shaomutan_remedy-9b-22,0.860347049,98062,200000,0.5
hat_Latn-tam_Taml,shaomutan_remedy-9b-22,0.896663379,170688,200000,0.9
hat_Latn-tel_Telu,shaomutan_remedy-9b-22,0.885196709,180836,200000,0.9
hat_Latn-tgk_Cyrl,shaomutan_remedy-9b-22,0.824830741,66882,200000,0.3
hat_Latn-tgl_Latn,shaomutan_remedy-9b-22,0.879915446,308759,200000,1.5
hat_Latn-tha_Thai,shaomutan_remedy-9b-22,0.921682183,522899,200000,2.6
hat_Latn-tur_Latn,shaomutan_remedy-9b-22,0.934687561,806012,200000,4.0
hat_Latn-ukr_Cyrl,shaomutan_remedy-9b-22,0.933466747,461702,200000,2.3
hat_Latn-urd_Arab,shaomutan_remedy-9b-22,0.868903785,250422,200000,1.3
hat_Latn-vie_Latn,shaomutan_remedy-9b-22,0.917567742,482633,200000,2.4
hat_Latn-xho_Latn,shaomutan_remedy-9b-22,0.767246496,96114,200000,0.5
hat_Latn-yor_Latn,shaomutan_remedy-9b-22,0.632209152,79734,200000,0.4
hat_Latn-yue_Hani,metricx24,unknown,116250,1200000,0.1
hat_Latn-zho_Hans,qwen3-4b-instruct-2507,0.909647,381675,28000,13.6
hat_Latn-zho_Hant,qwen3-4b-instruct-2507,0.902409,242869,28000,8.7
hat_Latn-zsm_Latn,metricx24,0.834571126,77204,1200000,0.1
hat_Latn-zul_Latn,shaomutan_remedy-9b-22,0.780922585,51074,200000,0.3
hau_Latn-als_Latn,metricx24,0.791092362,92367,1200000,0.1
hau_Latn-cmn_Hani,metricx24,unknown,132830,1200000,0.1
hau_Latn-fil_Latn,metricx24,unknown,60447,1200000,0.1
hau_Latn-hat_Latn,shaomutan_remedy-9b-22,0.80697767,85293,200000,0.4
hau_Latn-heb_Hebr,shaomutan_remedy-9b-22,0.899994019,388501,200000,1.9
hau_Latn-hin_Deva,shaomutan_remedy-9b-22,0.876197074,351017,200000,1.8
hau_Latn-hrv_Latn,shaomutan_remedy-9b-22,0.91336689,527861,200000,2.6
hau_Latn-hun_Latn,shaomutan_remedy-9b-22,0.93896545,521911,200000,2.6
hau_Latn-hye_Armn,shaomutan_remedy-9b-22,0.922562916,110035,200000,0.6
hau_Latn-ibo_Latn,shaomutan_remedy-9b-22,0.743932416,708064,200000,3.5
hau_Latn-ind_Latn,shaomutan_remedy-9b-22,0.906026058,1204740,200000,6.0
hau_Latn-isl_Latn,shaomutan_remedy-9b-22,0.872392707,198411,200000,1.0
hau_Latn-ita_Latn,shaomutan_remedy-9b-22,0.919601496,1325619,200000,6.6
hau_Latn-jav_Latn,shaomutan_remedy-9b-22,0.779085774,128297,200000,0.6
hau_Latn-jpn_Jpan,shaomutan_remedy-9b-22,0.921221817,678503,200000,3.4
hau_Latn-kat_Geor,shaomutan_remedy-9b-22,0.913815368,133830,200000,0.7
hau_Latn-kaz_Cyrl,shaomutan_remedy-9b-22,0.922364828,95625,200000,0.5
hau_Latn-khm_Khmr,shaomutan_remedy-9b-22,0.903886715,84679,200000,0.4
hau_Latn-kik_Latn,shaomutan_remedy-9b-22,0.619827522,96168,200000,0.5
hau_Latn-kin_Latn,shaomutan_remedy-9b-22,0.736017827,343694,200000,1.7
hau_Latn-kor_Hang,shaomutan_remedy-9b-22,0.916805933,253097,200000,1.3
hau_Latn-kor_Zyyy,metricx24,unknown,252443,1200000,0.2
hau_Latn-lat_Latn,metricx24,unknown,55409,1200000,0.0
hau_Latn-lav_Latn,metricx24,unknown,117033,1200000,0.1
hau_Latn-lin_Latn,metricx24,0.493295694,151536,1200000,0.1
hau_Latn-lit_Latn,shaomutan_remedy-9b-22,0.923984717,326735,200000,1.6
hau_Latn-ltz_Latn,metricx24,0.85476526,34098,1200000,0.0
hau_Latn-lua_Latn,metricx24,0.397972294,100737,1200000,0.1
hau_Latn-lug_Latn,metricx24,0.449558139,143503,1200000,0.1
hau_Latn-luo_Latn,qwen3-4b-instruct-2507,0.379671,114500,28000,4.1
hau_Latn-lvs_Latn,shaomutan_remedy-9b-22,0.918796878,173594,200000,0.9
hau_Latn-lzh_Hani,metricx24,unknown,82479,1200000,0.1
hau_Latn-mal_Mlym,shaomutan_remedy-9b-22,0.882191643,200673,200000,1.0
hau_Latn-mar_Deva,shaomutan_remedy-9b-22,0.893346585,174138,200000,0.9
hau_Latn-mkd_Cyrl,shaomutan_remedy-9b-22,0.923973658,289737,200000,1.4
hau_Latn-mlg_Latn,metricx24,unknown,91018,1200000,0.1
hau_Latn-mon_Cyrl,metricx24,unknown,57248,1200000,0.0
hau_Latn-msa_Latn,metricx24,unknown,287007,1200000,0.2
hau_Latn-mya_Mymr,shaomutan_remedy-9b-22,0.902395565,70190,200000,0.4
hau_Latn-nep_Deva,metricx24,unknown,110344,1200000,0.1
hau_Latn-nld_Latn,shaomutan_remedy-9b-22,0.901057173,1194876,200000,6.0
hau_Latn-nob_Latn,shaomutan_remedy-9b-22,0.912315874,91168,200000,0.5
hau_Latn-nor_Latn,metricx24,unknown,355301,1200000,0.3
hau_Latn-nso_Latn,metricx24,0.590924537,165002,1200000,0.1
hau_Latn-nya_Latn,metricx24,0.657024188,1148991,1200000,1.0
hau_Latn-oci_Latn,shaomutan_remedy-9b-22,0.794023048,47107,200000,0.2
hau_Latn-pol_Latn,shaomutan_remedy-9b-22,0.919115732,836700,200000,4.2
hau_Latn-por_Latn,shaomutan_remedy-9b-22,0.894033281,1427835,200000,7.1
hau_Latn-ron_Latn,shaomutan_remedy-9b-22,0.9181188,550006,200000,2.8
hau_Latn-run_Latn,metricx24,0.624747766,206053,1200000,0.2
hau_Latn-rus_Cyrl,shaomutan_remedy-9b-22,0.929276827,1296794,200000,6.5
hau_Latn-sin_Sinh,shaomutan_remedy-9b-22,0.87543401,176773,200000,0.9
hau_Latn-slk_Latn,shaomutan_remedy-9b-22,0.918469449,417289,200000,2.1
hau_Latn-slv_Latn,shaomutan_remedy-9b-22,0.885428494,275600,200000,1.4
hau_Latn-sna_Latn,shaomutan_remedy-9b-22,0.688317097,730613,200000,3.7
hau_Latn-snd_Arab,shaomutan_remedy-9b-22,0.780537557,45436,200000,0.2
hau_Latn-som_Latn,shaomutan_remedy-9b-22,0.754294673,557633,200000,2.8
hau_Latn-sot_Latn,shaomutan_remedy-9b-22,0.671945881,733476,200000,3.7
hau_Latn-sqi_Latn,metricx24,unknown,231794,1200000,0.2
hau_Latn-srd_Latn,metricx24,0.771647456,117653,1200000,0.1
hau_Latn-srp_Cyrl,shaomutan_remedy-9b-22,0.937783034,254771,200000,1.3
hau_Latn-sun_Latn,shaomutan_remedy-9b-22,0.777751338,101759,200000,0.5
hau_Latn-swa_Latn,metricx24,unknown,533753,1200000,0.4
hau_Latn-swc_Latn,metricx24,unknown,116112,1200000,0.1
hau_Latn-swe_Latn,shaomutan_remedy-9b-22,0.916896956,566520,200000,2.8
hau_Latn-swh_Latn,shaomutan_remedy-9b-22,0.836036581,548511,200000,2.7
hau_Latn-tam_Taml,shaomutan_remedy-9b-22,0.888486262,188864,200000,0.9
hau_Latn-tel_Telu,shaomutan_remedy-9b-22,0.880478265,113197,200000,0.6
hau_Latn-tgk_Cyrl,shaomutan_remedy-9b-22,0.81991246,55191,200000,0.3
hau_Latn-tgl_Latn,shaomutan_remedy-9b-22,0.876399573,362958,200000,1.8
hau_Latn-tha_Thai,shaomutan_remedy-9b-22,0.905501634,330395,200000,1.7
hau_Latn-tir_Ethi,shaomutan_remedy-9b-22,0.722615482,135167,200000,0.7
hau_Latn-tsn_Latn,metricx24,0.615172897,249819,1200000,0.2
hau_Latn-tso_Latn,metricx24,0.534891034,176399,1200000,0.1
hau_Latn-tum_Latn,metricx24,0.652263235,149208,1200000,0.1
hau_Latn-tur_Latn,shaomutan_remedy-9b-22,0.920521525,804885,200000,4.0
hau_Latn-twi_Latn,shaomutan_remedy-9b-22,0.600519409,165079,200000,0.8
hau_Latn-ukr_Cyrl,shaomutan_remedy-9b-22,0.932221244,477164,200000,2.4
hau_Latn-und_Kana,metricx24,unknown,63784,1200000,0.1
hau_Latn-urd_Arab,shaomutan_remedy-9b-22,0.87484956,261545,200000,1.3
hau_Latn-vie_Latn,shaomutan_remedy-9b-22,0.904248715,357836,200000,1.8
hau_Latn-xho_Latn,shaomutan_remedy-9b-22,0.752038033,630182,200000,3.2
hau_Latn-yor_Latn,shaomutan_remedy-9b-22,0.673206005,767869,200000,3.8
hau_Latn-yue_Hani,metricx24,unknown,126866,1200000,0.1
hau_Latn-zho_Hans,qwen3-4b-instruct-2507,0.868955,501374,28000,17.9
hau_Latn-zho_Hant,shaomutan_remedy-9b-22,0.903053113,256852,200000,1.3
hau_Latn-zsm_Latn,metricx24,0.81742463,47130,1200000,0.0
hau_Latn-zul_Latn,shaomutan_remedy-9b-22,0.786657278,829505,200000,4.1
hbs_Latn-sin_Sinh,metricx24,unknown,83079,1200000,0.1
hbs_Latn-slk_Latn,metricx24,unknown,1339123,1200000,1.1
hbs_Latn-slv_Latn,metricx24,unknown,1290130,1200000,1.1
hbs_Latn-sqi_Latn,qwen3-4b-instruct-2507,unknown,100117,28000,3.6
hbs_Latn-srp_Cyrl,metricx24,unknown,418408,1200000,0.3
hbs_Latn-swa_Latn,qwen3-4b-instruct-2507,unknown,58563,28000,2.1
hbs_Latn-swe_Latn,metricx24,unknown,1315165,1200000,1.1
hbs_Latn-tam_Taml,metricx24,unknown,73155,1200000,0.1
hbs_Latn-tgl_Latn,qwen3-4b-instruct-2507,unknown,71443,28000,2.6
hbs_Latn-tur_Latn,metricx24,unknown,183822,1200000,0.2
hbs_Latn-ukr_Cyrl,metricx24,unknown,220062,1200000,0.2
hbs_Latn-urd_Arab,metricx24,unknown,66144,1200000,0.1
hbs_Latn-xho_Latn,metricx24,unknown,41030,1200000,0.0
hbs_Latn-zho_Hans,metricx24,unknown,152493,1200000,0.1
heb_Hebr-abk_Cyrl,metricx24,unknown,92060,1200000,0.1
heb_Hebr-afr_Latn,shaomutan_remedy-9b-22,0.939325497,256708,200000,1.3
heb_Hebr-als_Latn,qwen3-4b-instruct-2507,0.923723,3101919,28000,110.8
heb_Hebr-bak_Cyrl,shaomutan_remedy-9b-22,0.88658141,112858,200000,0.6
heb_Hebr-bel_Cyrl,shaomutan_remedy-9b-22,0.952513871,46229,200000,0.2
heb_Hebr-cat_Latn,qwen3-4b-instruct-2507,0.957242,119863,28000,4.3
heb_Hebr-ces_Latn,qwen3-4b-instruct-2507,0.962797,325300,28000,11.6
heb_Hebr-ckb_Arab,metricx24,0.769355534,131966,1200000,0.1
heb_Hebr-cmn_Hani,metricx24,unknown,13758017,1200000,11.5
heb_Hebr-crh_Latn,m-prometheus-7b,0.809601792,66376,27000,2.5
heb_Hebr-dan_Latn,qwen3-4b-instruct-2507,0.950473,356942,28000,12.7
heb_Hebr-deu_Latn,qwen3-4b-instruct-2507,0.955162,105672,28000,3.8
heb_Hebr-eng_Latn,qwen3-4b-instruct-2507,0.98122,1140368,28000,40.7
heb_Hebr-epo_Latn,shaomutan_remedy-9b-22,0.940553921,126374,200000,0.6
heb_Hebr-eus_Latn,shaomutan_remedy-9b-22,0.933776784,486990,200000,2.4
heb_Hebr-fil_Latn,metricx24,unknown,1316223,1200000,1.1
heb_Hebr-fra_Latn,qwen3-4b-instruct-2507,0.968213,107006,28000,3.8
heb_Hebr-fro_Latn,metricx24,unknown,51338,1200000,0.0
heb_Hebr-fur_Latn,qwen3-4b-instruct-2507,0.881453,267676,28000,9.6
heb_Hebr-hat_Latn,shaomutan_remedy-9b-22,0.890634105,181745,200000,0.9
heb_Hebr-hau_Latn,shaomutan_remedy-9b-22,0.851495608,40483,200000,0.2
heb_Hebr-hbs_Latn,metricx24,unknown,140683,1200000,0.1
heb_Hebr-hin_Deva,shaomutan_remedy-9b-22,0.921384234,6116178,200000,30.6
heb_Hebr-hne_Deva,qwen3-4b-instruct-2507,0.823972,75251,28000,2.7
heb_Hebr-hrv_Latn,shaomutan_remedy-9b-22,0.931279574,29005148,200000,145.0
heb_Hebr-hun_Latn,metricx24,0.813919,40714701,1200000,33.9
heb_Hebr-hye_Armn,shaomutan_remedy-9b-22,0.936478943,286150,200000,1.4
heb_Hebr-ibo_Latn,shaomutan_remedy-9b-22,0.789234909,81946,200000,0.4
heb_Hebr-ilo_Latn,qwen3-4b-instruct-2507,0.765207,106957,28000,3.8
heb_Hebr-ina_Latn,metricx24,unknown,113746,1200000,0.1
heb_Hebr-ind_Latn,metricx24,0.868349,34683105,1200000,28.9
heb_Hebr-isl_Latn,shaomutan_remedy-9b-22,0.912499362,3638445,200000,18.2
heb_Hebr-ita_Latn,metricx24,0.903862,37152958,1200000,31.0
heb_Hebr-jav_Latn,shaomutan_remedy-9b-22,0.870770966,341772,200000,1.7
heb_Hebr-jpn_Jpan,metricx24,0.800666,12736356,1200000,10.6
heb_Hebr-kab_Latn,metricx24,0.395929293,178140,1200000,0.1
heb_Hebr-kan_Knda,shaomutan_remedy-9b-22,0.921205942,202726,200000,1.0
heb_Hebr-kat_Geor,shaomutan_remedy-9b-22,0.920873863,528581,200000,2.6
heb_Hebr-kaz_Cyrl,shaomutan_remedy-9b-22,0.945758794,340984,200000,1.7
heb_Hebr-khk_Cyrl,metricx24,0.799109822,115713,1200000,0.1
heb_Hebr-khm_Khmr,shaomutan_remedy-9b-22,0.918726599,421694,200000,2.1
heb_Hebr-kin_Latn,shaomutan_remedy-9b-22,0.836664312,77213,200000,0.4
heb_Hebr-kir_Cyrl,shaomutan_remedy-9b-22,0.890456684,71922,200000,0.4
heb_Hebr-kmr_Latn,metricx24,0.723139492,77045,1200000,0.1
heb_Hebr-kor_Hang,metricx24,0.824962,21208075,1200000,17.7
heb_Hebr-kor_Zyyy,metricx24,unknown,3251480,1200000,2.7
heb_Hebr-lao_Laoo,qwen3-4b-instruct-2507,0.885913,71772,28000,2.6
heb_Hebr-lat_Latn,metricx24,unknown,338563,1200000,0.3
heb_Hebr-lav_Latn,metricx24,unknown,961650,1200000,0.8
heb_Hebr-lim_Latn,qwen3-4b-instruct-2507,0.809791,157620,28000,5.6
heb_Hebr-lit_Latn,metricx24,0.802508,7915210,1200000,6.6
heb_Hebr-ltz_Latn,qwen3-4b-instruct-2507,0.895321,179619,28000,6.4
heb_Hebr-lvs_Latn,qwen3-4b-instruct-2507,0.9345,3617714,28000,129.2
heb_Hebr-lzh_Hani,metricx24,unknown,496582,1200000,0.4
heb_Hebr-mal_Mlym,qwen3-4b-instruct-2507,0.943355,3196305,28000,114.2
heb_Hebr-mar_Deva,qwen3-4b-instruct-2507,0.920204,1413248,28000,50.5
heb_Hebr-mhr_Cyrl,metricx24,unknown,133580,1200000,0.1
heb_Hebr-mkd_Cyrl,qwen3-4b-instruct-2507,0.960662,4576433,28000,163.4
heb_Hebr-mlg_Latn,metricx24,unknown,214006,1200000,0.2
heb_Hebr-mlt_Latn,shaomutan_remedy-9b-22,0.938253993,124489,200000,0.6
heb_Hebr-mon_Cyrl,metricx24,unknown,125079,1200000,0.1
heb_Hebr-mri_Latn,shaomutan_remedy-9b-22,0.764914974,58756,200000,0.3
heb_Hebr-msa_Latn,metricx24,unknown,5603873,1200000,4.7
heb_Hebr-mya_Mymr,shaomutan_remedy-9b-22,0.91163837,663027,200000,3.3
heb_Hebr-nap_Latn,metricx24,unknown,81661,1200000,0.1
heb_Hebr-nds_Latn,metricx24,unknown,162143,1200000,0.1
heb_Hebr-nep_Deva,metricx24,unknown,427893,1200000,0.4
heb_Hebr-nld_Latn,metricx24,0.911839,49305278,1200000,41.1
heb_Hebr-nno_Latn,shaomutan_remedy-9b-22,0.939660434,407710,200000,2.0
heb_Hebr-nob_Latn,shaomutan_remedy-9b-22,0.926326085,17285674,200000,86.4
heb_Hebr-nor_Latn,metricx24,unknown,8836153,1200000,7.4
heb_Hebr-npi_Deva,shaomutan_remedy-9b-22,0.906835872,1077881,200000,5.4
heb_Hebr-nso_Latn,metricx24,0.64274386,21697,1200000,0.0
heb_Hebr-oci_Latn,shaomutan_remedy-9b-22,0.898919171,173441,200000,0.9
heb_Hebr-pan_Guru,qwen3-4b-instruct-2507,0.946755,97485,28000,3.5
heb_Hebr-pap_Latn,qwen3-4b-instruct-2507,0.853997,69791,28000,2.5
heb_Hebr-plt_Latn,metricx24,0.776484845,497702,1200000,0.4
heb_Hebr-pol_Latn,metricx24,0.804098,48659624,1200000,40.5
heb_Hebr-por_Latn,metricx24,0.871102,53202884,1200000,44.3
heb_Hebr-pus_Arab,metricx24,unknown,64229,1200000,0.1
heb_Hebr-rmy_Latn,metricx24,unknown,58127,1200000,0.0
heb_Hebr-ron_Latn,metricx24,0.860097,46472483,1200000,38.7
heb_Hebr-rus_Cyrl,metricx24,0.890242,40706274,1200000,33.9
heb_Hebr-scn_Latn,qwen3-4b-instruct-2507,0.832419,99766,28000,3.6
heb_Hebr-sin_Sinh,shaomutan_remedy-9b-22,0.916993906,3326245,200000,16.6
heb_Hebr-slk_Latn,metricx24,0.793894,12229939,1200000,10.2
heb_Hebr-slv_Latn,metricx24,0.869783,17839078,1200000,14.9
heb_Hebr-sna_Latn,shaomutan_remedy-9b-22,0.786582368,62785,200000,0.3
heb_Hebr-snd_Arab,qwen3-4b-instruct-2507,0.87446,112782,28000,4.0
heb_Hebr-som_Latn,shaomutan_remedy-9b-22,0.780962979,127001,200000,0.6
heb_Hebr-spa_Latn,qwen3-4b-instruct-2507,0.950772,99169,28000,3.5
heb_Hebr-sqi_Latn,metricx24,unknown,1418510,1200000,1.2
heb_Hebr-srd_Latn,qwen3-4b-instruct-2507,0.842638,510472,28000,18.2
heb_Hebr-srp_Cyrl,qwen3-4b-instruct-2507,0.963922,4503474,28000,160.8
heb_Hebr-srp_Latn,metricx24,unknown,32616861,1200000,27.2
heb_Hebr-sun_Latn,shaomutan_remedy-9b-22,0.867003537,166755,200000,0.8
heb_Hebr-swa_Latn,metricx24,unknown,822771,1200000,0.7
heb_Hebr-swc_Latn,metricx24,unknown,166154,1200000,0.1
heb_Hebr-swe_Latn,metricx24,0.88054,38152998,1200000,31.8
heb_Hebr-swh_Latn,shaomutan_remedy-9b-22,0.923843999,724743,200000,3.6
heb_Hebr-tam_Taml,qwen3-4b-instruct-2507,0.93776,3064963,28000,109.5
heb_Hebr-tat_Cyrl,shaomutan_remedy-9b-22,0.888946747,108631,200000,0.5
heb_Hebr-tel_Telu,qwen3-4b-instruct-2507,0.931608,1127153,28000,40.3
heb_Hebr-tgk_Cyrl,qwen3-4b-instruct-2507,0.884689,101900,28000,3.6
heb_Hebr-tgl_Latn,shaomutan_remedy-9b-22,0.945765937,1199010,200000,6.0
heb_Hebr-tha_Thai,metricx24,0.821228,15194957,1200000,12.7
heb_Hebr-tur_Latn,metricx24,0.769187,45317876,1200000,37.8
heb_Hebr-ukr_Cyrl,metricx24,0.821517,10574499,1200000,8.8
heb_Hebr-und_Geor,metricx24,unknown,44696,1200000,0.0
heb_Hebr-und_Hira,metricx24,unknown,84134,1200000,0.1
heb_Hebr-und_Kana,metricx24,unknown,295714,1200000,0.2
heb_Hebr-urd_Arab,shaomutan_remedy-9b-22,0.898618303,2175711,200000,10.9
heb_Hebr-uzn_Latn,qwen3-4b-instruct-2507,0.862205,179251,28000,6.4
heb_Hebr-vec_Latn,qwen3-4b-instruct-2507,0.884077,237423,28000,8.5
heb_Hebr-vie_Latn,shaomutan_remedy-9b-22,0.945571032,24693910,200000,123.5
heb_Hebr-wln_Latn,metricx24,unknown,41284,1200000,0.0
heb_Hebr-xho_Latn,shaomutan_remedy-9b-22,0.798894319,359909,200000,1.8
heb_Hebr-yor_Latn,shaomutan_remedy-9b-22,0.737696807,70147,200000,0.4
heb_Hebr-yue_Hani,metricx24,unknown,913652,1200000,0.8
heb_Hebr-zho_Hans,metricx24,0.851112,7662864,1200000,6.4
heb_Hebr-zho_Hant,metricx24,0.835019,5393578,1200000,4.5
heb_Hebr-zsm_Latn,qwen3-4b-instruct-2507,0.880607,3540551,28000,126.4
heb_Hebr-zul_Latn,shaomutan_remedy-9b-22,0.841894266,73141,200000,0.4
hil_Latn-eng_Latn,metricx24,unknown,886274,1200000,0.7
hin_Deva-als_Latn,qwen3-4b-instruct-2507,0.932698,861508,28000,30.8
hin_Deva-cmn_Hani,metricx24,unknown,3170357,1200000,2.6
hin_Deva-dan_Latn,qwen3-4b-instruct-2507,0.951339,98615,28000,3.5
hin_Deva-eng_Latn,qwen3-4b-instruct-2507,0.978347,614014,28000,21.9
hin_Deva-eus_Latn,shaomutan_remedy-9b-22,0.928604716,43969,200000,0.2
hin_Deva-fil_Latn,metricx24,unknown,778832,1200000,0.6
hin_Deva-fur_Latn,qwen3-4b-instruct-2507,0.895679,192482,28000,6.9
hin_Deva-hat_Latn,shaomutan_remedy-9b-22,0.88530358,304728,200000,1.5
hin_Deva-hbs_Latn,metricx24,unknown,101241,1200000,0.1
hin_Deva-hne_Deva,bicleaner-ai,0.925710304,157871,2250000,0.1
hin_Deva-hrv_Latn,qwen3-4b-instruct-2507,0.94555,3997500,28000,142.8
hin_Deva-hun_Latn,metricx24,0.810842,6447704,1200000,5.4
hin_Deva-hye_Armn,qwen3-4b-instruct-2507,0.926849,434687,28000,15.5
hin_Deva-ibo_Latn,shaomutan_remedy-9b-22,0.784208901,141377,200000,0.7
hin_Deva-ilo_Latn,qwen3-4b-instruct-2507,0.819881,83288,28000,3.0
hin_Deva-ind_Latn,metricx24,0.862962,10966498,1200000,9.1
hin_Deva-isl_Latn,shaomutan_remedy-9b-22,0.903228277,1230923,200000,6.2
hin_Deva-ita_Latn,metricx24,0.882467,9866540,1200000,8.2
hin_Deva-jav_Latn,qwen3-4b-instruct-2507,0.885719,392666,28000,14.0
hin_Deva-jpn_Jpan,metricx24,0.803425,6141537,1200000,5.1
hin_Deva-kan_Knda,shaomutan_remedy-9b-22,0.944518172,1903047,200000,9.5
hin_Deva-kas_Deva,metricx24,0.433906746,142508,1200000,0.1
hin_Deva-kat_Geor,shaomutan_remedy-9b-22,0.946382359,568912,200000,2.8
hin_Deva-kaz_Cyrl,shaomutan_remedy-9b-22,0.927323725,490890,200000,2.5
hin_Deva-khk_Cyrl,metricx24,0.815842593,162544,1200000,0.1
hin_Deva-khm_Khmr,qwen3-4b-instruct-2507,0.91892,333146,28000,11.9
hin_Deva-kin_Latn,shaomutan_remedy-9b-22,0.84570969,63337,200000,0.3
hin_Deva-kir_Cyrl,shaomutan_remedy-9b-22,0.906364416,168407,200000,0.8
hin_Deva-kmr_Latn,metricx24,0.738223466,96990,1200000,0.1
hin_Deva-kor_Hang,metricx24,0.831554,5028532,1200000,4.2
hin_Deva-kor_Zyyy,metricx24,unknown,1443183,1200000,1.2
hin_Deva-lao_Laoo,qwen3-4b-instruct-2507,0.90002,135488,28000,4.8
hin_Deva-lat_Latn,metricx24,unknown,225944,1200000,0.2
hin_Deva-lav_Latn,metricx24,unknown,717976,1200000,0.6
hin_Deva-lim_Latn,qwen3-4b-instruct-2507,0.840886,69350,28000,2.5
hin_Deva-lit_Latn,qwen3-4b-instruct-2507,0.928751,4881802,28000,174.4
hin_Deva-ltz_Latn,qwen3-4b-instruct-2507,0.904256,146129,28000,5.2
hin_Deva-lvs_Latn,qwen3-4b-instruct-2507,0.937098,2763707,28000,98.7
hin_Deva-lzh_Hani,metricx24,unknown,249149,1200000,0.2
hin_Deva-mag_Deva,bicleaner-ai,0.919240916,212774,2250000,0.1
hin_Deva-mai_Deva,bicleaner-ai,0.949877551,393897,2250000,0.2
hin_Deva-mal_Mlym,qwen3-4b-instruct-2507,0.96121,3351104,28000,119.7
hin_Deva-mar_Deva,qwen3-4b-instruct-2507,0.930134,2989181,28000,106.8
hin_Deva-mkd_Cyrl,qwen3-4b-instruct-2507,0.966356,1620284,28000,57.9
hin_Deva-mlg_Latn,metricx24,unknown,232443,1200000,0.2
hin_Deva-mlt_Latn,shaomutan_remedy-9b-22,0.930233878,162198,200000,0.8
hin_Deva-mon_Cyrl,metricx24,unknown,188778,1200000,0.2
hin_Deva-mri_Latn,shaomutan_remedy-9b-22,0.762741626,103855,200000,0.5
hin_Deva-msa_Latn,metricx24,unknown,2714726,1200000,2.3
hin_Deva-mya_Mymr,shaomutan_remedy-9b-22,0.930597054,361946,200000,1.8
hin_Deva-nds_Latn,metricx24,unknown,132776,1200000,0.1
hin_Deva-nep_Deva,metricx24,unknown,1139040,1200000,0.9
hin_Deva-nld_Latn,metricx24,0.893597,8708167,1200000,7.3
hin_Deva-nno_Latn,shaomutan_remedy-9b-22,0.93507642,245151,200000,1.2
hin_Deva-nob_Latn,shaomutan_remedy-9b-22,0.930060961,2063199,200000,10.3
hin_Deva-nor_Latn,metricx24,unknown,1992544,1200000,1.7
hin_Deva-npi_Deva,bicleaner-ai,0.964700846,864468,2250000,0.4
hin_Deva-nya_Latn,shaomutan_remedy-9b-22,0.79344412,90394,200000,0.5
hin_Deva-oci_Latn,qwen3-4b-instruct-2507,0.896864,135788,28000,4.8
hin_Deva-ory_Orya,m-prometheus-7b,0.952473868,1161050,27000,43.0
hin_Deva-pan_Guru,bicleaner-ai,0.935418118,996670,2250000,0.4
hin_Deva-pbt_Arab,shaomutan_remedy-9b-22,0.812753307,330332,200000,1.7
hin_Deva-plt_Latn,metricx24,0.782062975,489339,1200000,0.4
hin_Deva-pol_Latn,metricx24,0.794187,8064655,1200000,6.7
hin_Deva-por_Latn,metricx24,0.852365,11460637,1200000,9.6
hin_Deva-pus_Arab,metricx24,unknown,143717,1200000,0.1
hin_Deva-ron_Latn,metricx24,0.839634,5499606,1200000,4.6
hin_Deva-rus_Cyrl,metricx24,0.866761,11177805,1200000,9.3
hin_Deva-san_Deva,shaomutan_remedy-9b-22,0.801898731,291608,200000,1.5
hin_Deva-sin_Sinh,shaomutan_remedy-9b-22,0.926753239,1909125,200000,9.5
hin_Deva-slk_Latn,qwen3-4b-instruct-2507,0.955356,4511639,28000,161.1
hin_Deva-slv_Latn,qwen3-4b-instruct-2507,0.951837,3784726,28000,135.2
hin_Deva-sna_Latn,shaomutan_remedy-9b-22,0.802801347,86802,200000,0.4
hin_Deva-snd_Arab,qwen3-4b-instruct-2507,0.914604,548644,28000,19.6
hin_Deva-som_Latn,shaomutan_remedy-9b-22,0.794162317,205068,200000,1.0
hin_Deva-sqi_Latn,metricx24,unknown,991894,1200000,0.8
hin_Deva-srd_Latn,qwen3-4b-instruct-2507,0.856207,306893,28000,11.0
hin_Deva-srp_Cyrl,qwen3-4b-instruct-2507,0.966327,2588871,28000,92.5
hin_Deva-srp_Latn,metricx24,unknown,1483309,1200000,1.2
hin_Deva-sun_Latn,qwen3-4b-instruct-2507,0.889263,265827,28000,9.5
hin_Deva-swa_Latn,metricx24,unknown,988318,1200000,0.8
hin_Deva-swc_Latn,metricx24,unknown,190462,1200000,0.2
hin_Deva-swe_Latn,metricx24,0.867238,6030423,1200000,5.0
hin_Deva-swh_Latn,shaomutan_remedy-9b-22,0.922389723,1195860,200000,6.0
hin_Deva-tam_Taml,qwen3-4b-instruct-2507,0.951563,4018930,28000,143.5
hin_Deva-tel_Telu,qwen3-4b-instruct-2507,0.943146,3815736,28000,136.3
hin_Deva-tgk_Cyrl,m-prometheus-7b,0.903235441,240309,27000,8.9
hin_Deva-tgl_Latn,shaomutan_remedy-9b-22,0.945199658,1127268,200000,5.6
hin_Deva-tha_Thai,shaomutan_remedy-9b-22,0.945745449,5295264,200000,26.5
hin_Deva-tur_Latn,metricx24,0.77953,12029724,1200000,10.0
hin_Deva-ukr_Cyrl,qwen3-4b-instruct-2507,0.950095,4420298,28000,157.9
hin_Deva-und_Kana,metricx24,unknown,160792,1200000,0.1
hin_Deva-urd_Arab,shaomutan_remedy-9b-22,0.928459356,4098831,200000,20.5
hin_Deva-uzn_Latn,qwen3-4b-instruct-2507,0.894813,153864,28000,5.5
hin_Deva-vec_Latn,qwen3-4b-instruct-2507,0.902474,88260,28000,3.2
hin_Deva-vie_Latn,shaomutan_remedy-9b-22,0.935403831,8481210,200000,42.4
hin_Deva-wln_Latn,metricx24,unknown,39556,1200000,0.0
hin_Deva-xho_Latn,shaomutan_remedy-9b-22,0.819405336,334788,200000,1.7
hin_Deva-yor_Latn,shaomutan_remedy-9b-22,0.74949755,142336,200000,0.7
hin_Deva-yue_Hani,metricx24,unknown,428286,1200000,0.4
hin_Deva-zho_Hans,qwen3-4b-instruct-2507,0.968223,2175981,28000,77.7
hin_Deva-zho_Hant,qwen3-4b-instruct-2507,0.964555,1420612,28000,50.7
hin_Deva-zsm_Latn,qwen3-4b-instruct-2507,0.890169,1600842,28000,57.2
hin_Deva-zul_Latn,shaomutan_remedy-9b-22,0.84470143,91322,200000,0.5
hne_Deva-hrv_Latn,shaomutan_remedy-9b-22,0.927469893,65368,200000,0.3
hne_Deva-hun_Latn,shaomutan_remedy-9b-22,0.930400254,84448,200000,0.4
hne_Deva-ita_Latn,qwen3-4b-instruct-2507,0.921941,109340,28000,3.9
hne_Deva-jpn_Jpan,shaomutan_remedy-9b-22,0.934112567,102202,200000,0.5
hne_Deva-kan_Knda,shaomutan_remedy-9b-22,0.921759633,93907,200000,0.5
hne_Deva-lit_Latn,shaomutan_remedy-9b-22,0.932405615,68339,200000,0.3
hne_Deva-mal_Mlym,qwen3-4b-instruct-2507,0.926068,142536,28000,5.1
hne_Deva-mar_Deva,shaomutan_remedy-9b-22,0.936130729,94803,200000,0.5
hne_Deva-nds_Latn,qwen3-4b-instruct-2507,unknown,84047,28000,3.0
hne_Deva-nep_Deva,qwen3-4b-instruct-2507,unknown,81249,28000,2.9
hne_Deva-nld_Latn,shaomutan_remedy-9b-22,0.909840811,130593,200000,0.7
hne_Deva-nno_Latn,shaomutan_remedy-9b-22,0.911062518,81290,200000,0.4
hne_Deva-pan_Guru,qwen3-4b-instruct-2507,0.928377,78425,28000,2.8
hne_Deva-pol_Latn,shaomutan_remedy-9b-22,0.918867853,123632,200000,0.6
hne_Deva-por_Latn,qwen3-4b-instruct-2507,0.905744,141490,28000,5.1
hne_Deva-ron_Latn,shaomutan_remedy-9b-22,0.931770152,88424,200000,0.4
hne_Deva-rus_Cyrl,qwen3-4b-instruct-2507,0.909537,143521,28000,5.1
hne_Deva-slk_Latn,shaomutan_remedy-9b-22,0.957055048,82760,200000,0.4
hne_Deva-slv_Latn,shaomutan_remedy-9b-22,0.926762022,81956,200000,0.4
hne_Deva-swe_Latn,shaomutan_remedy-9b-22,0.924005315,99103,200000,0.5
hne_Deva-tam_Taml,shaomutan_remedy-9b-22,0.915859104,213451,200000,1.1
hne_Deva-tel_Telu,qwen3-4b-instruct-2507,0.920468,164581,28000,5.9
hne_Deva-tha_Thai,shaomutan_remedy-9b-22,0.915398948,78953,200000,0.4
hne_Deva-tur_Latn,shaomutan_remedy-9b-22,0.927984772,125838,200000,0.6
hne_Deva-ukr_Cyrl,shaomutan_remedy-9b-22,0.937761242,100275,200000,0.5
hne_Deva-urd_Arab,shaomutan_remedy-9b-22,0.920920972,100691,200000,0.5
hne_Deva-vie_Latn,shaomutan_remedy-9b-22,0.893883033,65862,200000,0.3
hne_Deva-zho_Hans,qwen3-4b-instruct-2507,0.933758,80402,28000,2.9
hne_Deva-zho_Hant,qwen3-4b-instruct-2507,0.918671,73866,28000,2.6
hrv_Latn-abk_Cyrl,qwen3-4b-instruct-2507,unknown,88422,28000,3.2
hrv_Latn-afr_Latn,shaomutan_remedy-9b-22,0.916107395,228119,200000,1.1
hrv_Latn-als_Latn,qwen3-4b-instruct-2507,0.902081,4214743,28000,150.5
hrv_Latn-azj_Latn,m-prometheus-7b,0.862747636,66402,27000,2.5
hrv_Latn-bak_Cyrl,shaomutan_remedy-9b-22,0.878051161,103322,200000,0.5
hrv_Latn-bel_Cyrl,shaomutan_remedy-9b-22,0.924341315,48286,200000,0.2
hrv_Latn-cat_Latn,qwen3-4b-instruct-2507,0.957825,175204,28000,6.3
hrv_Latn-ces_Latn,qwen3-4b-instruct-2507,0.952967,946553,28000,33.8
hrv_Latn-ckb_Arab,metricx24,0.79159235,112292,1200000,0.1
hrv_Latn-cmn_Hani,qwen3-4b-instruct-2507,unknown,10731131,28000,383.3
hrv_Latn-dan_Latn,qwen3-4b-instruct-2507,0.949492,862088,28000,30.8
hrv_Latn-deu_Latn,qwen3-4b-instruct-2507,0.963335,608171,28000,21.7
hrv_Latn-ekk_Latn,qwen3-4b-instruct-2507,unknown,290157,28000,10.4
hrv_Latn-ell_Grek,qwen3-4b-instruct-2507,0.948547,714667,28000,25.5
hrv_Latn-eng_Latn,metricx24,0.876518,5296879,1200000,4.4
hrv_Latn-epo_Latn,shaomutan_remedy-9b-22,0.894223916,135393,200000,0.7
hrv_Latn-est_Latn,shaomutan_remedy-9b-22,0.905047827,70706,200000,0.4
hrv_Latn-eus_Latn,qwen3-4b-instruct-2507,0.900045,371757,28000,13.3
hrv_Latn-fao_Latn,qwen3-4b-instruct-2507,0.841593,65464,28000,2.3
hrv_Latn-fas_Arab,qwen3-4b-instruct-2507,unknown,535592,28000,19.1
hrv_Latn-fil_Latn,qwen3-4b-instruct-2507,unknown,853166,28000,30.5
hrv_Latn-fin_Latn,shaomutan_remedy-9b-22,0.918983103,621690,200000,3.1
hrv_Latn-fra_Latn,qwen3-4b-instruct-2507,0.972907,737065,28000,26.3
hrv_Latn-fro_Latn,qwen3-4b-instruct-2507,unknown,49255,28000,1.8
hrv_Latn-fur_Latn,qwen3-4b-instruct-2507,0.870806,325657,28000,11.6
hrv_Latn-glg_Latn,qwen3-4b-instruct-2507,0.956436,72137,28000,2.6
hrv_Latn-hat_Latn,shaomutan_remedy-9b-22,0.854270772,388487,200000,1.9
hrv_Latn-hbs_Latn,qwen3-4b-instruct-2507,unknown,371807,28000,13.3
hrv_Latn-heb_Hebr,qwen3-4b-instruct-2507,0.964097,577848,28000,20.6
hrv_Latn-hin_Deva,qwen3-4b-instruct-2507,0.91899,59633,28000,2.1
hrv_Latn-hun_Latn,metricx24,0.826949,41656053,1200000,34.7
hrv_Latn-hye_Armn,shaomutan_remedy-9b-22,0.950315275,437924,200000,2.2
hrv_Latn-ibo_Latn,shaomutan_remedy-9b-22,0.726769682,134459,200000,0.7
hrv_Latn-ilo_Latn,metricx24,0.738959229,95108,1200000,0.1
hrv_Latn-ina_Latn,qwen3-4b-instruct-2507,unknown,58086,28000,2.1
hrv_Latn-ind_Latn,metricx24,0.873499,25513972,1200000,21.3
hrv_Latn-isl_Latn,shaomutan_remedy-9b-22,0.896073176,5952503,200000,29.8
hrv_Latn-ita_Latn,metricx24,0.907582,40528481,1200000,33.8
hrv_Latn-jav_Latn,qwen3-4b-instruct-2507,0.866914,447674,28000,16.0
hrv_Latn-jpn_Jpan,metricx24,0.837066,6004386,1200000,5.0
hrv_Latn-kab_Latn,metricx24,0.343887144,143824,1200000,0.1
hrv_Latn-kan_Knda,qwen3-4b-instruct-2507,0.932205,234349,28000,8.4
hrv_Latn-kat_Geor,shaomutan_remedy-9b-22,0.918780332,737779,200000,3.7
hrv_Latn-kaz_Cyrl,shaomutan_remedy-9b-22,0.939441588,666676,200000,3.3
hrv_Latn-khk_Cyrl,metricx24,0.821446843,158567,1200000,0.1
hrv_Latn-khm_Khmr,shaomutan_remedy-9b-22,0.915533261,523030,200000,2.6
hrv_Latn-kin_Latn,shaomutan_remedy-9b-22,0.782853238,74011,200000,0.4
hrv_Latn-kir_Cyrl,shaomutan_remedy-9b-22,0.885374524,145978,200000,0.7
hrv_Latn-kmr_Latn,metricx24,0.74015285,115438,1200000,0.1
hrv_Latn-kor_Hang,metricx24,0.845514,13172711,1200000,11.0
hrv_Latn-kor_Zyyy,qwen3-4b-instruct-2507,unknown,2219211,28000,79.3
hrv_Latn-lao_Laoo,qwen3-4b-instruct-2507,0.893624,110259,28000,3.9
hrv_Latn-lat_Latn,qwen3-4b-instruct-2507,unknown,236705,28000,8.5
hrv_Latn-lav_Latn,qwen3-4b-instruct-2507,unknown,1241438,28000,44.3
hrv_Latn-lim_Latn,qwen3-4b-instruct-2507,0.833828,174654,28000,6.2
hrv_Latn-lit_Latn,metricx24,0.812526,13429202,1200000,11.2
hrv_Latn-ltz_Latn,qwen3-4b-instruct-2507,0.899866,181707,28000,6.5
hrv_Latn-lvs_Latn,metricx24,0.762288,9862446,1200000,8.2
hrv_Latn-lzh_Hani,qwen3-4b-instruct-2507,unknown,432029,28000,15.4
hrv_Latn-mal_Mlym,qwen3-4b-instruct-2507,0.943574,1634613,28000,58.4
hrv_Latn-mar_Deva,qwen3-4b-instruct-2507,0.925485,693615,28000,24.8
hrv_Latn-mhr_Cyrl,qwen3-4b-instruct-2507,unknown,122089,28000,4.4
hrv_Latn-mkd_Cyrl,metricx24,0.881726,7312339,1200000,6.1
hrv_Latn-mlg_Latn,qwen3-4b-instruct-2507,unknown,233407,28000,8.3
hrv_Latn-mlt_Latn,shaomutan_remedy-9b-22,0.917509247,3691108,200000,18.5
hrv_Latn-mon_Cyrl,qwen3-4b-instruct-2507,unknown,185074,28000,6.6
hrv_Latn-mri_Latn,shaomutan_remedy-9b-22,0.695346347,99777,200000,0.5
hrv_Latn-msa_Latn,qwen3-4b-instruct-2507,unknown,4854525,28000,173.4
hrv_Latn-mya_Mymr,shaomutan_remedy-9b-22,0.902928403,699120,200000,3.5
hrv_Latn-nap_Latn,qwen3-4b-instruct-2507,unknown,71664,28000,2.6
hrv_Latn-nds_Latn,qwen3-4b-instruct-2507,unknown,162140,28000,5.8
hrv_Latn-nep_Deva,qwen3-4b-instruct-2507,unknown,387889,28000,13.9
hrv_Latn-nld_Latn,metricx24,0.917419,43434591,1200000,36.2
hrv_Latn-nno_Latn,shaomutan_remedy-9b-22,0.922798922,595531,200000,3.0
hrv_Latn-nob_Latn,metricx24,0.866157,19682654,1200000,16.4
hrv_Latn-nor_Latn,qwen3-4b-instruct-2507,unknown,9417781,28000,336.3
hrv_Latn-npi_Deva,qwen3-4b-instruct-2507,0.910896,191216,28000,6.8
hrv_Latn-nso_Latn,metricx24,0.631245978,14075,1200000,0.0
hrv_Latn-nya_Latn,metricx24,0.720766981,76557,1200000,0.1
hrv_Latn-oci_Latn,qwen3-4b-instruct-2507,0.895162,175759,28000,6.3
hrv_Latn-pan_Guru,qwen3-4b-instruct-2507,0.946531,128447,28000,4.6
hrv_Latn-pap_Latn,qwen3-4b-instruct-2507,0.811215,70262,28000,2.5
hrv_Latn-pbt_Arab,shaomutan_remedy-9b-22,0.792657402,76874,200000,0.4
hrv_Latn-plt_Latn,metricx24,0.793796605,177360,1200000,0.1
hrv_Latn-pol_Latn,metricx24,0.829204,46857623,1200000,39.0
hrv_Latn-por_Latn,metricx24,0.875936,47701432,1200000,39.8
hrv_Latn-pus_Arab,qwen3-4b-instruct-2507,unknown,107926,28000,3.9
hrv_Latn-rmy_Latn,qwen3-4b-instruct-2507,unknown,58859,28000,2.1
hrv_Latn-ron_Latn,metricx24,0.862205,49129577,1200000,40.9
hrv_Latn-rus_Cyrl,metricx24,0.892084,36555774,1200000,30.5
hrv_Latn-scn_Latn,qwen3-4b-instruct-2507,0.848352,79016,28000,2.8
hrv_Latn-sin_Sinh,shaomutan_remedy-9b-22,0.907165735,1763017,200000,8.8
hrv_Latn-slk_Latn,metricx24,0.811427,20612685,1200000,17.2
hrv_Latn-slv_Latn,shaomutan_remedy-9b-22,0.922893098,26116061,200000,130.6
hrv_Latn-sna_Latn,metricx24,0.698696426,89784,1200000,0.1
hrv_Latn-snd_Arab,qwen3-4b-instruct-2507,0.891916,103479,28000,3.7
hrv_Latn-som_Latn,shaomutan_remedy-9b-22,0.75835763,201489,200000,1.0
hrv_Latn-spa_Latn,qwen3-4b-instruct-2507,0.952106,810944,28000,29.0
hrv_Latn-sqi_Latn,qwen3-4b-instruct-2507,unknown,1548504,28000,55.3
hrv_Latn-srd_Latn,qwen3-4b-instruct-2507,0.83004,677113,28000,24.2
hrv_Latn-srp_Cyrl,metricx24,0.903408,7238261,1200000,6.0
hrv_Latn-srp_Latn,qwen3-4b-instruct-2507,unknown,28573533,28000,1020.5
hrv_Latn-sun_Latn,shaomutan_remedy-9b-22,0.848553164,260521,200000,1.3
hrv_Latn-swa_Latn,qwen3-4b-instruct-2507,unknown,900222,28000,32.2
hrv_Latn-swc_Latn,qwen3-4b-instruct-2507,unknown,90474,28000,3.2
hrv_Latn-swe_Latn,metricx24,0.889089,31833577,1200000,26.5
hrv_Latn-swh_Latn,shaomutan_remedy-9b-22,0.868266494,654673,200000,3.3
hrv_Latn-tam_Taml,qwen3-4b-instruct-2507,0.942927,1786946,28000,63.8
hrv_Latn-tat_Cyrl,qwen3-4b-instruct-2507,0.86334,99450,28000,3.6
hrv_Latn-tel_Telu,qwen3-4b-instruct-2507,0.936804,965934,28000,34.5
hrv_Latn-tgk_Cyrl,qwen3-4b-instruct-2507,0.877506,187000,28000,6.7
hrv_Latn-tgl_Latn,qwen3-4b-instruct-2507,0.923783,1384714,28000,49.5
hrv_Latn-tha_Thai,shaomutan_remedy-9b-22,0.944591305,12615312,200000,63.1
hrv_Latn-tur_Latn,metricx24,0.785827,36491714,1200000,30.4
hrv_Latn-ukr_Cyrl,metricx24,0.859396,11649573,1200000,9.7
hrv_Latn-und_Geor,qwen3-4b-instruct-2507,unknown,48030,28000,1.7
hrv_Latn-und_Hira,qwen3-4b-instruct-2507,unknown,72419,28000,2.6
hrv_Latn-und_Kana,qwen3-4b-instruct-2507,unknown,234598,28000,8.4
hrv_Latn-urd_Arab,shaomutan_remedy-9b-22,0.900039086,1471426,200000,7.4
hrv_Latn-uzn_Latn,qwen3-4b-instruct-2507,0.868641,342538,28000,12.2
hrv_Latn-vec_Latn,qwen3-4b-instruct-2507,0.886874,265225,28000,9.5
hrv_Latn-vie_Latn,shaomutan_remedy-9b-22,0.937238426,17779425,200000,88.9
hrv_Latn-wln_Latn,qwen3-4b-instruct-2507,unknown,44244,28000,1.6
hrv_Latn-xho_Latn,shaomutan_remedy-9b-22,0.771784775,444508,200000,2.2
hrv_Latn-yor_Latn,shaomutan_remedy-9b-22,0.682441695,124652,200000,0.6
hrv_Latn-yue_Hani,qwen3-4b-instruct-2507,unknown,782599,28000,27.9
hrv_Latn-zho_Hans,metricx24,0.895438,5636172,1200000,4.7
hrv_Latn-zho_Hant,qwen3-4b-instruct-2507,0.969149,4640263,28000,165.7
hrv_Latn-zsm_Latn,qwen3-4b-instruct-2507,0.891394,2948776,28000,105.3
hrv_Latn-zul_Latn,shaomutan_remedy-9b-22,0.776894891,103461,200000,0.5
hun_Latn-abk_Cyrl,metricx24,unknown,104820,1200000,0.1
hun_Latn-afr_Latn,qwen3-4b-instruct-2507,0.875963,288829,28000,10.3
hun_Latn-als_Latn,qwen3-4b-instruct-2507,0.908442,4127590,28000,147.4
hun_Latn-azj_Latn,m-prometheus-7b,0.846356396,73389,27000,2.7
hun_Latn-bak_Cyrl,shaomutan_remedy-9b-22,0.889456601,136498,200000,0.7
hun_Latn-bel_Cyrl,shaomutan_remedy-9b-22,0.948154287,55578,200000,0.3
hun_Latn-cat_Latn,qwen3-4b-instruct-2507,0.939443,104472,28000,3.7
hun_Latn-ces_Latn,qwen3-4b-instruct-2507,0.956292,373388,28000,13.3
hun_Latn-ckb_Arab,metricx24,0.776748715,137273,1200000,0.1
hun_Latn-cmn_Hani,metricx24,unknown,15031505,1200000,12.5
hun_Latn-crh_Latn,shaomutan_remedy-9b-22,0.791911441,80797,200000,0.4
hun_Latn-dan_Latn,qwen3-4b-instruct-2507,0.954569,524757,28000,18.7
hun_Latn-deu_Latn,qwen3-4b-instruct-2507,0.955669,130557,28000,4.7
hun_Latn-eng_Latn,qwen3-4b-instruct-2507,0.978945,1364069,28000,48.7
hun_Latn-epo_Latn,qwen3-4b-instruct-2507,0.880727,135701,28000,4.8
hun_Latn-eus_Latn,qwen3-4b-instruct-2507,0.871667,435262,28000,15.5
hun_Latn-fao_Latn,qwen3-4b-instruct-2507,0.810757,56287,28000,2.0
hun_Latn-fil_Latn,metricx24,unknown,943252,1200000,0.8
hun_Latn-fin_Latn,shaomutan_remedy-9b-22,0.924318409,62944,200000,0.3
hun_Latn-fra_Latn,qwen3-4b-instruct-2507,0.961055,155417,28000,5.6
hun_Latn-fro_Latn,metricx24,unknown,57855,1200000,0.0
hun_Latn-fur_Latn,qwen3-4b-instruct-2507,0.87446,455994,28000,16.3
hun_Latn-hau_Latn,metricx24,0.781627115,39816,1200000,0.0
hun_Latn-hbs_Latn,metricx24,unknown,1299679,1200000,1.1
hun_Latn-hrv_Latn,qwen3-4b-instruct-2507,0.937277,1252563,28000,44.7
hun_Latn-hye_Armn,shaomutan_remedy-9b-22,0.936470784,449607,200000,2.2
hun_Latn-ibo_Latn,shaomutan_remedy-9b-22,0.726758232,148177,200000,0.7
hun_Latn-ilo_Latn,metricx24,0.739939047,115948,1200000,0.1
hun_Latn-ina_Latn,metricx24,unknown,72421,1200000,0.1
hun_Latn-ind_Latn,shaomutan_remedy-9b-22,0.934861467,36271744,200000,181.4
hun_Latn-isl_Latn,shaomutan_remedy-9b-22,0.856451825,5595432,200000,28.0
hun_Latn-ita_Latn,metricx24,0.88951,71058544,1200000,59.2
hun_Latn-jav_Latn,qwen3-4b-instruct-2507,0.867018,515775,28000,18.4
hun_Latn-jpn_Jpan,metricx24,0.80279,11770946,1200000,9.8
hun_Latn-kab_Latn,qwen3-4b-instruct-2507,0.352344,139684,28000,5.0
hun_Latn-kan_Knda,qwen3-4b-instruct-2507,0.930767,150221,28000,5.4
hun_Latn-kat_Geor,shaomutan_remedy-9b-22,0.917111017,760316,200000,3.8
hun_Latn-kaz_Cyrl,shaomutan_remedy-9b-22,0.933887188,392338,200000,2.0
hun_Latn-khk_Cyrl,metricx24,0.81845836,165015,1200000,0.1
hun_Latn-khm_Khmr,shaomutan_remedy-9b-22,0.912406337,545374,200000,2.7
hun_Latn-kin_Latn,shaomutan_remedy-9b-22,0.792941847,82619,200000,0.4
hun_Latn-kir_Cyrl,shaomutan_remedy-9b-22,0.869100234,135537,200000,0.7
hun_Latn-kiu_Latn,metricx24,unknown,63184,1200000,0.1
hun_Latn-kmr_Latn,metricx24,0.717006226,111388,1200000,0.1
hun_Latn-kor_Hang,metricx24,0.814727,18848407,1200000,15.7
hun_Latn-kor_Zyyy,metricx24,unknown,3445643,1200000,2.9
hun_Latn-lao_Laoo,qwen3-4b-instruct-2507,0.889647,107239,28000,3.8
hun_Latn-lat_Latn,metricx24,unknown,263361,1200000,0.2
hun_Latn-lav_Latn,metricx24,unknown,1956155,1200000,1.6
hun_Latn-lim_Latn,qwen3-4b-instruct-2507,0.804326,240388,28000,8.6
hun_Latn-lit_Latn,shaomutan_remedy-9b-22,0.906190727,22905458,200000,114.5
hun_Latn-ltz_Latn,qwen3-4b-instruct-2507,0.887392,192533,28000,6.9
hun_Latn-lvs_Latn,metricx24,0.734428,17564966,1200000,14.6
hun_Latn-lzh_Hani,metricx24,unknown,602178,1200000,0.5
hun_Latn-mal_Mlym,qwen3-4b-instruct-2507,0.941976,1728093,28000,61.7
hun_Latn-mar_Deva,shaomutan_remedy-9b-22,0.917405144,635624,200000,3.2
hun_Latn-mhr_Cyrl,metricx24,unknown,162448,1200000,0.1
hun_Latn-mkd_Cyrl,metricx24,0.862417,6777791,1200000,5.6
hun_Latn-mlg_Latn,metricx24,unknown,233172,1200000,0.2
hun_Latn-mlt_Latn,shaomutan_remedy-9b-22,0.885831676,4277253,200000,21.4
hun_Latn-mon_Cyrl,metricx24,unknown,190812,1200000,0.2
hun_Latn-mri_Latn,shaomutan_remedy-9b-22,0.718505069,92362,200000,0.5
hun_Latn-msa_Latn,metricx24,unknown,5242567,1200000,4.4
hun_Latn-mya_Mymr,shaomutan_remedy-9b-22,0.917498207,803809,200000,4.0
hun_Latn-nap_Latn,metricx24,unknown,99498,1200000,0.1
hun_Latn-nds_Latn,metricx24,unknown,202321,1200000,0.2
hun_Latn-nep_Deva,metricx24,unknown,370175,1200000,0.3
hun_Latn-nld_Latn,metricx24,0.897902,70667523,1200000,58.9
hun_Latn-nno_Latn,qwen3-4b-instruct-2507,0.925167,693336,28000,24.8
hun_Latn-nob_Latn,metricx24,0.848006,24803377,1200000,20.7
hun_Latn-nor_Latn,metricx24,unknown,11991562,1200000,10.0
hun_Latn-npi_Deva,qwen3-4b-instruct-2507,0.905485,157220,28000,5.6
hun_Latn-nya_Latn,metricx24,0.701695194,73991,1200000,0.1
hun_Latn-oci_Latn,qwen3-4b-instruct-2507,0.872006,193872,28000,6.9
hun_Latn-pan_Guru,qwen3-4b-instruct-2507,0.944271,129935,28000,4.6
hun_Latn-pap_Latn,qwen3-4b-instruct-2507,0.825764,97762,28000,3.5
hun_Latn-pbt_Arab,shaomutan_remedy-9b-22,0.783683817,70425,200000,0.4
hun_Latn-plt_Latn,metricx24,0.772744092,172902,1200000,0.1
hun_Latn-pol_Latn,metricx24,0.821983,73782931,1200000,61.5
hun_Latn-por_Latn,metricx24,0.853159,78806378,1200000,65.7
hun_Latn-pus_Arab,metricx24,unknown,100882,1200000,0.1
hun_Latn-rmy_Latn,metricx24,unknown,86397,1200000,0.1
hun_Latn-ron_Latn,metricx24,0.852109,70236233,1200000,58.5
hun_Latn-rus_Cyrl,metricx24,0.875259,51564372,1200000,43.0
hun_Latn-scn_Latn,qwen3-4b-instruct-2507,0.843016,154191,28000,5.5
hun_Latn-sin_Sinh,shaomutan_remedy-9b-22,0.90805156,1911201,200000,9.6
hun_Latn-slk_Latn,metricx24,0.814786,36217351,1200000,30.2
hun_Latn-slv_Latn,metricx24,0.874818,31991847,1200000,26.7
hun_Latn-sna_Latn,metricx24,0.688440736,90762,1200000,0.1
hun_Latn-snd_Arab,qwen3-4b-instruct-2507,0.892872,98791,28000,3.5
hun_Latn-som_Latn,shaomutan_remedy-9b-22,0.734487192,226692,200000,1.1
hun_Latn-spa_Latn,shaomutan_remedy-9b-22,0.94747237,155616,200000,0.8
hun_Latn-sqi_Latn,metricx24,unknown,1722513,1200000,1.4
hun_Latn-srd_Latn,qwen3-4b-instruct-2507,0.84114,988466,28000,35.3
hun_Latn-srp_Cyrl,metricx24,0.890911,6046958,1200000,5.0
hun_Latn-srp_Latn,metricx24,unknown,39776447,1200000,33.1
hun_Latn-sun_Latn,qwen3-4b-instruct-2507,0.856829,265117,28000,9.5
hun_Latn-swa_Latn,metricx24,unknown,1176790,1200000,1.0
hun_Latn-swc_Latn,metricx24,unknown,205632,1200000,0.2
hun_Latn-swe_Latn,metricx24,0.866416,56311363,1200000,46.9
hun_Latn-swh_Latn,shaomutan_remedy-9b-22,0.881393061,1099216,200000,5.5
hun_Latn-tam_Taml,qwen3-4b-instruct-2507,0.945326,3090515,28000,110.4
hun_Latn-tat_Cyrl,shaomutan_remedy-9b-22,0.870705803,100748,200000,0.5
hun_Latn-tel_Telu,qwen3-4b-instruct-2507,0.932573,1266625,28000,45.2
hun_Latn-tgk_Cyrl,qwen3-4b-instruct-2507,0.874654,197368,28000,7.0
hun_Latn-tgl_Latn,qwen3-4b-instruct-2507,0.92893,1577815,28000,56.4
hun_Latn-tha_Thai,metricx24,0.824347,15221450,1200000,12.7
hun_Latn-tur_Latn,metricx24,0.76935,49328421,1200000,41.1
hun_Latn-ukr_Cyrl,metricx24,0.842004,12888273,1200000,10.7
hun_Latn-und_Geor,metricx24,unknown,54036,1200000,0.0
hun_Latn-und_Hira,metricx24,unknown,89555,1200000,0.1
hun_Latn-und_Kana,metricx24,unknown,348443,1200000,0.3
hun_Latn-urd_Arab,qwen3-4b-instruct-2507,0.89331,1357747,28000,48.5
hun_Latn-uzn_Latn,qwen3-4b-instruct-2507,0.851966,143476,28000,5.1
hun_Latn-vec_Latn,qwen3-4b-instruct-2507,0.880906,424028,28000,15.1
hun_Latn-vie_Latn,shaomutan_remedy-9b-22,0.935351288,27347494,200000,136.7
hun_Latn-wln_Latn,metricx24,unknown,51050,1200000,0.0
hun_Latn-xho_Latn,shaomutan_remedy-9b-22,0.753553416,487206,200000,2.4
hun_Latn-yor_Latn,shaomutan_remedy-9b-22,0.636410254,125168,200000,0.6
hun_Latn-yue_Hani,metricx24,unknown,1083870,1200000,0.9
hun_Latn-zho_Hans,metricx24,0.856142,8713709,1200000,7.3
hun_Latn-zho_Hant,metricx24,0.841637,5997521,1200000,5.0
hun_Latn-zho_Zyyy,metricx24,unknown,111609,1200000,0.1
hun_Latn-zsm_Latn,qwen3-4b-instruct-2507,0.88554,2887113,28000,103.1
hun_Latn-zul_Latn,shaomutan_remedy-9b-22,0.787672968,129665,200000,0.6
hye_Armn-als_Latn,qwen3-4b-instruct-2507,0.874769,185059,28000,6.6
hye_Armn-cmn_Hani,metricx24,unknown,225324,1200000,0.2
hye_Armn-fil_Latn,metricx24,unknown,141010,1200000,0.1
hye_Armn-ibo_Latn,shaomutan_remedy-9b-22,0.761495639,84826,200000,0.4
hye_Armn-ind_Latn,shaomutan_remedy-9b-22,0.9307192,1106531,200000,5.5
hye_Armn-isl_Latn,shaomutan_remedy-9b-22,0.889144043,261706,200000,1.3
hye_Armn-ita_Latn,shaomutan_remedy-9b-22,0.945317739,1341828,200000,6.7
hye_Armn-jav_Latn,shaomutan_remedy-9b-22,0.816293088,99046,200000,0.5
hye_Armn-jpn_Jpan,shaomutan_remedy-9b-22,0.948898337,764826,200000,3.8
hye_Armn-kan_Knda,shaomutan_remedy-9b-22,0.916219927,60404,200000,0.3
hye_Armn-kat_Geor,shaomutan_remedy-9b-22,0.920163325,360502,200000,1.8
hye_Armn-kaz_Cyrl,shaomutan_remedy-9b-22,0.942073631,240284,200000,1.2
hye_Armn-khk_Cyrl,metricx24,0.783397193,85338,1200000,0.1
hye_Armn-khm_Khmr,shaomutan_remedy-9b-22,0.918043319,186056,200000,0.9
hye_Armn-kir_Cyrl,shaomutan_remedy-9b-22,0.879600268,101935,200000,0.5
hye_Armn-kor_Hang,shaomutan_remedy-9b-22,0.947492842,328980,200000,1.6
hye_Armn-kor_Zyyy,metricx24,unknown,220822,1200000,0.2
hye_Armn-lao_Laoo,qwen3-4b-instruct-2507,0.853962,66248,28000,2.4
hye_Armn-lav_Latn,metricx24,unknown,122028,1200000,0.1
hye_Armn-lit_Latn,shaomutan_remedy-9b-22,0.922438256,476684,200000,2.4
hye_Armn-lvs_Latn,shaomutan_remedy-9b-22,0.93130503,312542,200000,1.6
hye_Armn-mal_Mlym,qwen3-4b-instruct-2507,0.931802,216903,28000,7.7
hye_Armn-mar_Deva,qwen3-4b-instruct-2507,0.908681,225019,28000,8.0
hye_Armn-mkd_Cyrl,qwen3-4b-instruct-2507,0.936645,383725,28000,13.7
hye_Armn-mlg_Latn,metricx24,unknown,89460,1200000,0.1
hye_Armn-mon_Cyrl,metricx24,unknown,84100,1200000,0.1
hye_Armn-mri_Latn,shaomutan_remedy-9b-22,0.725124316,56721,200000,0.3
hye_Armn-msa_Latn,metricx24,unknown,266102,1200000,0.2
hye_Armn-mya_Mymr,shaomutan_remedy-9b-22,0.912950379,156056,200000,0.8
hye_Armn-nep_Deva,metricx24,unknown,133906,1200000,0.1
hye_Armn-nld_Latn,shaomutan_remedy-9b-22,0.93547947,999806,200000,5.0
hye_Armn-nob_Latn,shaomutan_remedy-9b-22,0.938945202,157274,200000,0.8
hye_Armn-nor_Latn,metricx24,unknown,332890,1200000,0.3
hye_Armn-npi_Deva,qwen3-4b-instruct-2507,0.903733,47659,28000,1.7
hye_Armn-nya_Latn,shaomutan_remedy-9b-22,0.719338019,54398,200000,0.3
hye_Armn-pan_Guru,qwen3-4b-instruct-2507,0.929686,60967,28000,2.2
hye_Armn-pbt_Arab,shaomutan_remedy-9b-22,0.771254895,48621,200000,0.2
hye_Armn-plt_Latn,metricx24,0.76753509,68451,1200000,0.1
hye_Armn-pol_Latn,shaomutan_remedy-9b-22,0.947550296,870406,200000,4.4
hye_Armn-por_Latn,shaomutan_remedy-9b-22,0.921926254,1325871,200000,6.6
hye_Armn-pus_Arab,metricx24,unknown,62400,1200000,0.1
hye_Armn-ron_Latn,qwen3-4b-instruct-2507,0.932792,646570,28000,23.1
hye_Armn-rus_Cyrl,metricx24,0.879178,5486579,1200000,4.6
hye_Armn-sin_Sinh,shaomutan_remedy-9b-22,0.912458118,226647,200000,1.1
hye_Armn-slk_Latn,qwen3-4b-instruct-2507,0.931429,494868,28000,17.7
hye_Armn-slv_Latn,qwen3-4b-instruct-2507,0.92212,360740,28000,12.9
hye_Armn-som_Latn,shaomutan_remedy-9b-22,0.755294824,89967,200000,0.4
hye_Armn-sqi_Latn,metricx24,unknown,228602,1200000,0.2
hye_Armn-srd_Latn,metricx24,0.795842216,85130,1200000,0.1
hye_Armn-srp_Cyrl,qwen3-4b-instruct-2507,0.942787,362224,28000,12.9
hye_Armn-sun_Latn,qwen3-4b-instruct-2507,0.820577,124483,28000,4.4
hye_Armn-swa_Latn,metricx24,unknown,206299,1200000,0.2
hye_Armn-swe_Latn,shaomutan_remedy-9b-22,0.931280128,578195,200000,2.9
hye_Armn-swh_Latn,shaomutan_remedy-9b-22,0.901952075,101224,200000,0.5
hye_Armn-tam_Taml,qwen3-4b-instruct-2507,0.928337,229667,28000,8.2
hye_Armn-tat_Cyrl,shaomutan_remedy-9b-22,0.877491924,57932,200000,0.3
hye_Armn-tel_Telu,qwen3-4b-instruct-2507,0.912066,211721,28000,7.6
hye_Armn-tgk_Cyrl,qwen3-4b-instruct-2507,0.862076,95639,28000,3.4
hye_Armn-tgl_Latn,shaomutan_remedy-9b-22,0.929201466,337144,200000,1.7
hye_Armn-tha_Thai,shaomutan_remedy-9b-22,0.939676373,500407,200000,2.5
hye_Armn-tur_Latn,shaomutan_remedy-9b-22,0.933408058,1136293,200000,5.7
hye_Armn-ukr_Cyrl,shaomutan_remedy-9b-22,0.931482026,615247,200000,3.1
hye_Armn-urd_Arab,shaomutan_remedy-9b-22,0.892479785,296679,200000,1.5
hye_Armn-vie_Latn,shaomutan_remedy-9b-22,0.924142168,859331,200000,4.3
hye_Armn-xho_Latn,shaomutan_remedy-9b-22,0.772320447,85906,200000,0.4
hye_Armn-yor_Latn,shaomutan_remedy-9b-22,0.668402086,89727,200000,0.4
hye_Armn-yue_Hani,metricx24,unknown,129473,1200000,0.1
hye_Armn-zho_Hans,qwen3-4b-instruct-2507,0.946112,388097,28000,13.9
hye_Armn-zho_Hant,qwen3-4b-instruct-2507,0.938193,259041,28000,9.3
hye_Armn-zsm_Latn,metricx24,0.836218094,106201,1200000,0.1
hye_Armn-zul_Latn,shaomutan_remedy-9b-22,0.795344883,51785,200000,0.3
hyw_Armn-rus_Cyrl,metricx24,unknown,230106,1200000,0.2
ibo_Latn-als_Latn,metricx24,0.771742239,58235,1200000,0.0
ibo_Latn-isl_Latn,shaomutan_remedy-9b-22,0.835443684,144062,200000,0.7
ibo_Latn-ita_Latn,shaomutan_remedy-9b-22,0.880948009,616917,200000,3.1
ibo_Latn-jav_Latn,shaomutan_remedy-9b-22,0.758232021,57908,200000,0.3
ibo_Latn-jpn_Jpan,shaomutan_remedy-9b-22,0.883157315,317632,200000,1.6
ibo_Latn-kat_Geor,shaomutan_remedy-9b-22,0.879622017,104892,200000,0.5
ibo_Latn-kaz_Cyrl,shaomutan_remedy-9b-22,0.872373552,80895,200000,0.4
ibo_Latn-khm_Khmr,shaomutan_remedy-9b-22,0.878437429,81675,200000,0.4
ibo_Latn-kin_Latn,shaomutan_remedy-9b-22,0.79172142,179441,200000,0.9
ibo_Latn-kor_Hang,shaomutan_remedy-9b-22,0.883161025,132581,200000,0.7
ibo_Latn-kor_Zyyy,metricx24,unknown,115084,1200000,0.1
ibo_Latn-lav_Latn,metricx24,unknown,60652,1200000,0.1
ibo_Latn-lit_Latn,shaomutan_remedy-9b-22,0.875261494,199860,200000,1.0
ibo_Latn-lvs_Latn,shaomutan_remedy-9b-22,0.878206094,128085,200000,0.6
ibo_Latn-mal_Mlym,shaomutan_remedy-9b-22,0.85036979,119853,200000,0.6
ibo_Latn-mar_Deva,shaomutan_remedy-9b-22,0.832150685,114447,200000,0.6
ibo_Latn-mkd_Cyrl,shaomutan_remedy-9b-22,0.859992465,170011,200000,0.9
ibo_Latn-mlg_Latn,metricx24,unknown,64535,1200000,0.1
ibo_Latn-msa_Latn,metricx24,unknown,124806,1200000,0.1
ibo_Latn-mya_Mymr,shaomutan_remedy-9b-22,0.872874522,68722,200000,0.3
ibo_Latn-nep_Deva,metricx24,unknown,81466,1200000,0.1
ibo_Latn-nld_Latn,shaomutan_remedy-9b-22,0.861047845,577731,200000,2.9
ibo_Latn-nob_Latn,shaomutan_remedy-9b-22,0.853427009,64762,200000,0.3
ibo_Latn-nor_Latn,metricx24,unknown,170903,1200000,0.1
ibo_Latn-nso_Latn,metricx24,0.553487639,93463,1200000,0.1
ibo_Latn-nya_Latn,shaomutan_remedy-9b-22,0.651678957,534802,200000,2.7
ibo_Latn-pol_Latn,shaomutan_remedy-9b-22,0.879667738,393341,200000,2.0
ibo_Latn-por_Latn,shaomutan_remedy-9b-22,0.854499809,643684,200000,3.2
ibo_Latn-ron_Latn,shaomutan_remedy-9b-22,0.89271264,279178,200000,1.4
ibo_Latn-run_Latn,shaomutan_remedy-9b-22,0.657788762,102898,200000,0.5
ibo_Latn-rus_Cyrl,shaomutan_remedy-9b-22,0.899088673,619622,200000,3.1
ibo_Latn-sin_Sinh,shaomutan_remedy-9b-22,0.833297103,120936,200000,0.6
ibo_Latn-slk_Latn,shaomutan_remedy-9b-22,0.883023062,220045,200000,1.1
ibo_Latn-slv_Latn,shaomutan_remedy-9b-22,0.822616729,160976,200000,0.8
ibo_Latn-sna_Latn,shaomutan_remedy-9b-22,0.741689606,452342,200000,2.3
ibo_Latn-som_Latn,shaomutan_remedy-9b-22,0.787186252,396146,200000,2.0
ibo_Latn-sot_Latn,shaomutan_remedy-9b-22,0.726852939,443300,200000,2.2
ibo_Latn-sqi_Latn,metricx24,unknown,114080,1200000,0.1
ibo_Latn-srp_Cyrl,shaomutan_remedy-9b-22,0.893178143,152341,200000,0.8
ibo_Latn-sun_Latn,metricx24,0.758163868,81684,1200000,0.1
ibo_Latn-swa_Latn,metricx24,unknown,285840,1200000,0.2
ibo_Latn-swe_Latn,shaomutan_remedy-9b-22,0.863856295,270447,200000,1.4
ibo_Latn-swh_Latn,shaomutan_remedy-9b-22,0.808011859,310308,200000,1.6
ibo_Latn-tam_Taml,shaomutan_remedy-9b-22,0.859863563,113763,200000,0.6
ibo_Latn-tel_Telu,shaomutan_remedy-9b-22,0.835884132,104837,200000,0.5
ibo_Latn-tgl_Latn,shaomutan_remedy-9b-22,0.819579093,174609,200000,0.9
ibo_Latn-tha_Thai,shaomutan_remedy-9b-22,0.871521172,181603,200000,0.9
ibo_Latn-tsn_Latn,metricx24,0.633946828,133542,1200000,0.1
ibo_Latn-tso_Latn,shaomutan_remedy-9b-22,0.568905285,92566,200000,0.5
ibo_Latn-tur_Latn,shaomutan_remedy-9b-22,0.879651191,339871,200000,1.7
ibo_Latn-twi_Latn,shaomutan_remedy-9b-22,0.608733148,98113,200000,0.5
ibo_Latn-ukr_Cyrl,shaomutan_remedy-9b-22,0.905096555,247267,200000,1.2
ibo_Latn-urd_Arab,shaomutan_remedy-9b-22,0.802819727,129881,200000,0.6
ibo_Latn-vie_Latn,shaomutan_remedy-9b-22,0.871336774,195445,200000,1.0
ibo_Latn-xho_Latn,shaomutan_remedy-9b-22,0.746943371,380088,200000,1.9
ibo_Latn-yor_Latn,shaomutan_remedy-9b-22,0.652349036,438469,200000,2.2
ibo_Latn-zho_Hans,qwen3-4b-instruct-2507,0.863375,212880,28000,7.6
ibo_Latn-zho_Hant,qwen3-4b-instruct-2507,0.865978,133554,28000,4.8
ibo_Latn-zul_Latn,shaomutan_remedy-9b-22,0.789535222,540215,200000,2.7
ido_Latn-ita_Latn,metricx24,unknown,56733,1200000,0.0
ido_Latn-nld_Latn,metricx24,unknown,61796,1200000,0.1
ido_Latn-pol_Latn,metricx24,unknown,67472,1200000,0.1
ido_Latn-por_Latn,metricx24,unknown,74390,1200000,0.1
ido_Latn-ron_Latn,metricx24,unknown,59505,1200000,0.0
ido_Latn-rus_Cyrl,metricx24,unknown,81484,1200000,0.1
ido_Latn-swe_Latn,metricx24,unknown,52194,1200000,0.0
ido_Latn-tur_Latn,metricx24,unknown,54285,1200000,0.0
ilo_Latn-fra_Latn,shaomutan_remedy-9b-22,0.920291381,112872,200000,0.6
ilo_Latn-hun_Latn,shaomutan_remedy-9b-22,0.92423791,52670,200000,0.3
ilo_Latn-ind_Latn,shaomutan_remedy-9b-22,0.89999463,73732,200000,0.4
ilo_Latn-isl_Latn,shaomutan_remedy-9b-22,0.823561998,62584,200000,0.3
ilo_Latn-ita_Latn,shaomutan_remedy-9b-22,0.906479109,160119,200000,0.8
ilo_Latn-jav_Latn,m-prometheus-7b,0.817580886,313535,27000,11.6
ilo_Latn-jpn_Jpan,shaomutan_remedy-9b-22,0.916897785,104890,200000,0.5
ilo_Latn-kor_Hang,shaomutan_remedy-9b-22,0.91112237,57786,200000,0.3
ilo_Latn-kor_Zyyy,qwen3-4b-instruct-2507,unknown,68504,28000,2.4
ilo_Latn-lao_Laoo,shaomutan_remedy-9b-22,0.806264452,18018,200000,0.1
ilo_Latn-lit_Latn,shaomutan_remedy-9b-22,0.906027048,73750,200000,0.4
ilo_Latn-mal_Mlym,shaomutan_remedy-9b-22,0.8734691,75023,200000,0.4
ilo_Latn-mar_Deva,shaomutan_remedy-9b-22,0.858624521,45670,200000,0.2
ilo_Latn-mkd_Cyrl,shaomutan_remedy-9b-22,0.913078472,82082,200000,0.4
ilo_Latn-mlg_Latn,qwen3-4b-instruct-2507,unknown,144273,28000,5.2
ilo_Latn-mri_Latn,shaomutan_remedy-9b-22,0.689208176,122542,200000,0.6
ilo_Latn-msa_Latn,qwen3-4b-instruct-2507,unknown,78741,28000,2.8
ilo_Latn-nld_Latn,shaomutan_remedy-9b-22,0.898260934,179734,200000,0.9
ilo_Latn-nor_Latn,qwen3-4b-instruct-2507,unknown,103641,28000,3.7
ilo_Latn-pag_Latn,m-prometheus-7b,0.634221005,213165,27000,7.9
ilo_Latn-plt_Latn,metricx24,0.723086736,277280,1200000,0.2
ilo_Latn-pol_Latn,shaomutan_remedy-9b-22,0.904424223,176157,200000,0.9
ilo_Latn-por_Latn,shaomutan_remedy-9b-22,0.880336453,234799,200000,1.2
ilo_Latn-ron_Latn,shaomutan_remedy-9b-22,0.911923077,153490,200000,0.8
ilo_Latn-rus_Cyrl,shaomutan_remedy-9b-22,0.912647811,237412,200000,1.2
ilo_Latn-sin_Sinh,shaomutan_remedy-9b-22,0.85775025,56915,200000,0.3
ilo_Latn-slk_Latn,shaomutan_remedy-9b-22,0.904335303,108372,200000,0.5
ilo_Latn-slv_Latn,shaomutan_remedy-9b-22,0.895943656,70970,200000,0.4
ilo_Latn-smo_Latn,metricx24,0.678015771,182017,1200000,0.2
ilo_Latn-spa_Latn,shaomutan_remedy-9b-22,0.890043817,90520,200000,0.5
ilo_Latn-sqi_Latn,qwen3-4b-instruct-2507,unknown,68567,28000,2.4
ilo_Latn-srp_Cyrl,shaomutan_remedy-9b-22,0.91788686,82413,200000,0.4
ilo_Latn-srp_Latn,qwen3-4b-instruct-2507,unknown,48626,28000,1.7
ilo_Latn-sun_Latn,m-prometheus-7b,0.809761075,190441,27000,7.1
ilo_Latn-swa_Latn,qwen3-4b-instruct-2507,unknown,54004,28000,1.9
ilo_Latn-swe_Latn,shaomutan_remedy-9b-22,0.908795843,155456,200000,0.8
ilo_Latn-tam_Taml,shaomutan_remedy-9b-22,0.862109195,47980,200000,0.2
ilo_Latn-tgl_Latn,shaomutan_remedy-9b-22,0.921199826,65231,200000,0.3
ilo_Latn-tha_Thai,shaomutan_remedy-9b-22,0.901611434,69076,200000,0.3
ilo_Latn-tur_Latn,shaomutan_remedy-9b-22,0.889886618,196078,200000,1.0
ilo_Latn-ukr_Cyrl,shaomutan_remedy-9b-22,0.919058105,123993,200000,0.6
ilo_Latn-urd_Arab,shaomutan_remedy-9b-22,0.839459722,47136,200000,0.2
ilo_Latn-vie_Latn,shaomutan_remedy-9b-22,0.891534132,67189,200000,0.3
ilo_Latn-war_Latn,m-prometheus-7b,0.805798905,330376,27000,12.2
ilo_Latn-zho_Hans,qwen3-4b-instruct-2507,0.891364,112303,28000,4.0
ina_Latn-fra_Latn,metricx24,unknown,79194,1200000,0.1
ina_Latn-heb_Hebr,metricx24,unknown,41086,1200000,0.0
ina_Latn-hun_Latn,metricx24,unknown,56460,1200000,0.0
ina_Latn-ita_Latn,metricx24,unknown,131613,1200000,0.1
ina_Latn-nld_Latn,metricx24,unknown,106542,1200000,0.1
ina_Latn-pol_Latn,metricx24,unknown,148518,1200000,0.1
ina_Latn-por_Latn,metricx24,unknown,257851,1200000,0.2
ina_Latn-ron_Latn,metricx24,unknown,128482,1200000,0.1
ina_Latn-rus_Cyrl,metricx24,unknown,159140,1200000,0.1
ina_Latn-slv_Latn,metricx24,unknown,53117,1200000,0.0
ina_Latn-srp_Latn,qwen3-4b-instruct-2507,unknown,104550,28000,3.7
ina_Latn-swe_Latn,metricx24,unknown,141841,1200000,0.1
ina_Latn-tur_Latn,metricx24,unknown,131920,1200000,0.1
ina_Latn-vie_Latn,metricx24,unknown,64490,1200000,0.1
ind_Latn-abk_Cyrl,metricx24,unknown,94950,1200000,0.1
ind_Latn-ace_Latn,metricx24,0.680244854,1102783,1200000,0.9
ind_Latn-afr_Latn,qwen3-4b-instruct-2507,0.943982,211915,28000,7.6
ind_Latn-als_Latn,qwen3-4b-instruct-2507,0.947138,2263333,28000,80.8
ind_Latn-azj_Latn,qwen3-4b-instruct-2507,0.897476,79432,28000,2.8
ind_Latn-bak_Cyrl,shaomutan_remedy-9b-22,0.897698779,115494,200000,0.6
ind_Latn-ban_Latn,metricx24,0.735975558,588470,1200000,0.5
ind_Latn-bel_Cyrl,qwen3-4b-instruct-2507,0.940722,59303,28000,2.1
ind_Latn-bew_Latn,metricx24,unknown,119307,1200000,0.1
ind_Latn-cat_Latn,qwen3-4b-instruct-2507,0.97885,73602,28000,2.6
ind_Latn-ces_Latn,qwen3-4b-instruct-2507,0.981334,283877,28000,10.1
ind_Latn-ckb_Arab,qwen3-4b-instruct-2507,0.805391,174375,28000,6.2
ind_Latn-cmn_Hani,metricx24,unknown,16642515,1200000,13.9
ind_Latn-crh_Latn,m-prometheus-7b,0.819512195,62019,27000,2.3
ind_Latn-dan_Latn,qwen3-4b-instruct-2507,0.975719,398592,28000,14.2
ind_Latn-deu_Latn,qwen3-4b-instruct-2507,0.976252,99313,28000,3.5
ind_Latn-eng_Latn,qwen3-4b-instruct-2507,0.987591,1008421,28000,36.0
ind_Latn-epo_Latn,qwen3-4b-instruct-2507,0.939652,100781,28000,3.6
ind_Latn-eus_Latn,qwen3-4b-instruct-2507,0.924251,320160,28000,11.4
ind_Latn-fil_Latn,metricx24,unknown,2866490,1200000,2.4
ind_Latn-fra_Latn,qwen3-4b-instruct-2507,0.983061,91655,28000,3.3
ind_Latn-fur_Latn,qwen3-4b-instruct-2507,0.899004,399259,28000,14.3
ind_Latn-hbs_Latn,metricx24,unknown,149100,1200000,0.1
ind_Latn-hrv_Latn,qwen3-4b-instruct-2507,0.964878,585034,28000,20.9
ind_Latn-ibo_Latn,shaomutan_remedy-9b-22,0.779958509,163504,200000,0.8
ind_Latn-ilo_Latn,qwen3-4b-instruct-2507,0.814579,243826,28000,8.7
ind_Latn-isl_Latn,shaomutan_remedy-9b-22,0.904646602,3378820,200000,16.9
ind_Latn-ita_Latn,metricx24,0.90636,45071890,1200000,37.6
ind_Latn-jav_Latn,qwen3-4b-instruct-2507,0.897267,2680422,28000,95.7
ind_Latn-jpn_Jpan,metricx24,0.827958,14617791,1200000,12.2
ind_Latn-kab_Latn,qwen3-4b-instruct-2507,0.376964,106496,28000,3.8
ind_Latn-kan_Knda,qwen3-4b-instruct-2507,0.955286,169837,28000,6.1
ind_Latn-kat_Geor,shaomutan_remedy-9b-22,0.92349427,811061,200000,4.1
ind_Latn-kaz_Cyrl,qwen3-4b-instruct-2507,0.932021,445598,28000,15.9
ind_Latn-khk_Cyrl,metricx24,0.82157566,205756,1200000,0.2
ind_Latn-khm_Khmr,qwen3-4b-instruct-2507,0.939587,4946854,28000,176.7
ind_Latn-kin_Latn,shaomutan_remedy-9b-22,0.831922901,103774,200000,0.5
ind_Latn-kir_Cyrl,shaomutan_remedy-9b-22,0.911028827,195404,200000,1.0
ind_Latn-kiu_Latn,metricx24,unknown,80557,1200000,0.1
ind_Latn-kmr_Latn,metricx24,0.727640409,123996,1200000,0.1
ind_Latn-kor_Hang,metricx24,0.841155,20532942,1200000,17.1
ind_Latn-kor_Zyyy,metricx24,unknown,3744987,1200000,3.1
ind_Latn-lao_Laoo,qwen3-4b-instruct-2507,0.926197,2010343,28000,71.8
ind_Latn-lat_Latn,metricx24,unknown,223321,1200000,0.2
ind_Latn-lav_Latn,metricx24,unknown,1168042,1200000,1.0
ind_Latn-lim_Latn,qwen3-4b-instruct-2507,0.837959,202401,28000,7.2
ind_Latn-lit_Latn,metricx24,0.803781,7895934,1200000,6.6
ind_Latn-ltz_Latn,qwen3-4b-instruct-2507,0.918019,158271,28000,5.7
ind_Latn-lvs_Latn,qwen3-4b-instruct-2507,0.952817,4307755,28000,153.8
ind_Latn-lzh_Hani,metricx24,unknown,644364,1200000,0.5
ind_Latn-mal_Mlym,qwen3-4b-instruct-2507,0.972399,3972025,28000,141.9
ind_Latn-mar_Deva,qwen3-4b-instruct-2507,0.964077,1829865,28000,65.4
ind_Latn-mhr_Cyrl,metricx24,unknown,140461,1200000,0.1
ind_Latn-min_Latn,qwen3-4b-instruct-2507,0.839039,1151957,28000,41.1
ind_Latn-mkd_Cyrl,qwen3-4b-instruct-2507,0.97783,4522369,28000,161.5
ind_Latn-mlg_Latn,metricx24,unknown,320206,1200000,0.3
ind_Latn-mlt_Latn,shaomutan_remedy-9b-22,0.953594025,107400,200000,0.5
ind_Latn-mon_Cyrl,metricx24,unknown,266779,1200000,0.2
ind_Latn-mri_Latn,shaomutan_remedy-9b-22,0.787786047,120775,200000,0.6
ind_Latn-msa_Latn,metricx24,unknown,11849384,1200000,9.9
ind_Latn-mya_Mymr,shaomutan_remedy-9b-22,0.931763113,4941019,200000,24.7
ind_Latn-nds_Latn,metricx24,unknown,113980,1200000,0.1
ind_Latn-nep_Deva,metricx24,unknown,831281,1200000,0.7
ind_Latn-nld_Latn,metricx24,0.919452,44517704,1200000,37.1
ind_Latn-nno_Latn,qwen3-4b-instruct-2507,0.960712,437311,28000,15.6
ind_Latn-nob_Latn,metricx24,0.856891,17812909,1200000,14.8
ind_Latn-nor_Latn,metricx24,unknown,9999625,1200000,8.3
ind_Latn-npi_Deva,bicleaner-ai,0.962117969,5185724,2250000,2.3
ind_Latn-nya_Latn,shaomutan_remedy-9b-22,0.764119958,96454,200000,0.5
ind_Latn-oci_Latn,qwen3-4b-instruct-2507,0.917666,148775,28000,5.3
ind_Latn-pan_Guru,qwen3-4b-instruct-2507,0.968691,126450,28000,4.5
ind_Latn-pap_Latn,qwen3-4b-instruct-2507,0.872111,81875,28000,2.9
ind_Latn-pbt_Arab,shaomutan_remedy-9b-22,0.806776706,90221,200000,0.5
ind_Latn-plt_Latn,metricx24,0.791089461,1150829,1200000,1.0
ind_Latn-pol_Latn,metricx24,0.797601,48242667,1200000,40.2
ind_Latn-por_Latn,metricx24,0.874663,57855635,1200000,48.2
ind_Latn-pus_Arab,metricx24,unknown,146532,1200000,0.1
ind_Latn-ron_Latn,metricx24,0.848464,43813658,1200000,36.5
ind_Latn-rus_Cyrl,metricx24,0.891035,47383671,1200000,39.5
ind_Latn-scn_Latn,qwen3-4b-instruct-2507,0.885042,91763,28000,3.3
ind_Latn-shn_Mymr,metricx24,0.718152875,209013,1200000,0.2
ind_Latn-sin_Sinh,shaomutan_remedy-9b-22,0.928602731,4958163,200000,24.8
ind_Latn-slk_Latn,metricx24,0.797751,14032001,1200000,11.7
ind_Latn-slv_Latn,metricx24,0.8746,16144092,1200000,13.5
ind_Latn-sna_Latn,shaomutan_remedy-9b-22,0.763146786,104140,200000,0.5
ind_Latn-snd_Arab,qwen3-4b-instruct-2507,0.922449,138452,28000,4.9
ind_Latn-som_Latn,shaomutan_remedy-9b-22,0.789011752,302911,200000,1.5
ind_Latn-spa_Latn,qwen3-4b-instruct-2507,0.974828,86338,28000,3.1
ind_Latn-sqi_Latn,metricx24,unknown,1750924,1200000,1.5
ind_Latn-srd_Latn,qwen3-4b-instruct-2507,0.87232,794614,28000,28.4
ind_Latn-srp_Cyrl,metricx24,0.894092,5749443,1200000,4.8
ind_Latn-srp_Latn,metricx24,unknown,20894969,1200000,17.4
ind_Latn-sun_Latn,shaomutan_remedy-9b-22,0.896833113,2879142,200000,14.4
ind_Latn-swa_Latn,metricx24,unknown,1759615,1200000,1.5
ind_Latn-swc_Latn,metricx24,unknown,333721,1200000,0.3
ind_Latn-swe_Latn,metricx24,0.881098,35894644,1200000,29.9
ind_Latn-swh_Latn,shaomutan_remedy-9b-22,0.908025261,1780485,200000,8.9
ind_Latn-tam_Taml,qwen3-4b-instruct-2507,0.973673,3994392,28000,142.7
ind_Latn-tat_Cyrl,qwen3-4b-instruct-2507,0.896526,159684,28000,5.7
ind_Latn-tel_Telu,qwen3-4b-instruct-2507,0.968492,1578837,28000,56.4
ind_Latn-tgk_Cyrl,qwen3-4b-instruct-2507,0.90105,228952,28000,8.2
ind_Latn-tgl_Latn,qwen3-4b-instruct-2507,0.940637,2497502,28000,89.2
ind_Latn-tha_Thai,metricx24,0.851315,22944967,1200000,19.1
ind_Latn-tur_Latn,metricx24,0.76888,42771975,1200000,35.6
ind_Latn-ukr_Cyrl,metricx24,0.844603,11846674,1200000,9.9
ind_Latn-und_Hira,metricx24,unknown,90205,1200000,0.1
ind_Latn-und_Kana,metricx24,unknown,390947,1200000,0.3
ind_Latn-urd_Arab,qwen3-4b-instruct-2507,0.937232,3714990,28000,132.7
ind_Latn-uzn_Latn,qwen3-4b-instruct-2507,0.895739,140505,28000,5.0
ind_Latn-vec_Latn,qwen3-4b-instruct-2507,0.919876,355469,28000,12.7
ind_Latn-vie_Latn,metricx24,0.877685,38553870,1200000,32.1
ind_Latn-wln_Latn,metricx24,unknown,33433,1200000,0.0
ind_Latn-wol_Latn,shaomutan_remedy-9b-22,0.592834191,66814,200000,0.3
ind_Latn-xav_Latn,metricx24,unknown,67937,1200000,0.1
ind_Latn-xho_Latn,shaomutan_remedy-9b-22,0.812391969,365147,200000,1.8
ind_Latn-yor_Latn,shaomutan_remedy-9b-22,0.749526095,154155,200000,0.8
ind_Latn-yue_Hani,metricx24,unknown,1188869,1200000,1.0
ind_Latn-zho_Hans,metricx24,0.870309,7503637,1200000,6.3
ind_Latn-zho_Hant,metricx24,0.86325,7990700,1200000,6.7
ind_Latn-zsm_Latn,metricx24,0.787105,6452314,1200000,5.4
ind_Latn-zul_Latn,shaomutan_remedy-9b-22,0.844585421,129983,200000,0.6
isl_Latn-als_Latn,qwen3-4b-instruct-2507,0.829861,1236391,28000,44.2
isl_Latn-ces_Latn,shaomutan_remedy-9b-22,0.922880552,57122,200000,0.3
isl_Latn-cmn_Hani,metricx24,unknown,1584840,1200000,1.3
isl_Latn-dan_Latn,shaomutan_remedy-9b-22,0.912131126,115431,200000,0.6
isl_Latn-eng_Latn,qwen3-4b-instruct-2507,0.965963,109845,28000,3.9
isl_Latn-eus_Latn,shaomutan_remedy-9b-22,0.838955561,48111,200000,0.2
isl_Latn-fil_Latn,metricx24,unknown,320707,1200000,0.3
isl_Latn-fur_Latn,qwen3-4b-instruct-2507,0.699512,72798,28000,2.6
isl_Latn-hbs_Latn,metricx24,unknown,86325,1200000,0.1
isl_Latn-hrv_Latn,shaomutan_remedy-9b-22,0.921424806,118512,200000,0.6
isl_Latn-ind_Latn,shaomutan_remedy-9b-22,0.898321846,783450,200000,3.9
isl_Latn-ita_Latn,shaomutan_remedy-9b-22,0.930288935,6876368,200000,34.4
isl_Latn-jav_Latn,shaomutan_remedy-9b-22,0.766381613,163501,200000,0.8
isl_Latn-jpn_Jpan,shaomutan_remedy-9b-22,0.942168756,1845616,200000,9.2
isl_Latn-kan_Knda,shaomutan_remedy-9b-22,0.858305176,139195,200000,0.7
isl_Latn-kat_Geor,shaomutan_remedy-9b-22,0.920599008,389670,200000,1.9
isl_Latn-kaz_Cyrl,shaomutan_remedy-9b-22,0.911428793,354339,200000,1.8
isl_Latn-khk_Cyrl,metricx24,0.777118281,84297,1200000,0.1
isl_Latn-khm_Khmr,shaomutan_remedy-9b-22,0.90290663,261688,200000,1.3
isl_Latn-kir_Cyrl,shaomutan_remedy-9b-22,0.82646327,85373,200000,0.4
isl_Latn-kmr_Latn,metricx24,0.680586126,74283,1200000,0.1
isl_Latn-kor_Hang,shaomutan_remedy-9b-22,0.925414294,2172884,200000,10.9
isl_Latn-kor_Zyyy,metricx24,unknown,632950,1200000,0.5
isl_Latn-lao_Laoo,shaomutan_remedy-9b-22,0.828674198,78206,200000,0.4
isl_Latn-lat_Latn,metricx24,unknown,139536,1200000,0.1
isl_Latn-lav_Latn,metricx24,unknown,522550,1200000,0.4
isl_Latn-lim_Latn,shaomutan_remedy-9b-22,0.695800325,37289,200000,0.2
isl_Latn-lit_Latn,shaomutan_remedy-9b-22,0.907466995,3956457,200000,19.8
isl_Latn-ltz_Latn,metricx24,0.856522927,173501,1200000,0.1
isl_Latn-lvs_Latn,shaomutan_remedy-9b-22,0.920561437,3143601,200000,15.7
isl_Latn-lzh_Hani,metricx24,unknown,179266,1200000,0.1
isl_Latn-mal_Mlym,shaomutan_remedy-9b-22,0.867777184,727137,200000,3.6
isl_Latn-mar_Deva,shaomutan_remedy-9b-22,0.892654917,448256,200000,2.2
isl_Latn-mkd_Cyrl,shaomutan_remedy-9b-22,0.919671118,2119444,200000,10.6
isl_Latn-mlg_Latn,metricx24,unknown,166819,1200000,0.1
isl_Latn-mlt_Latn,shaomutan_remedy-9b-22,0.829186349,1011909,200000,5.1
isl_Latn-mon_Cyrl,metricx24,unknown,91082,1200000,0.1
isl_Latn-mri_Latn,shaomutan_remedy-9b-22,0.668011692,82621,200000,0.4
isl_Latn-msa_Latn,metricx24,unknown,1543941,1200000,1.3
isl_Latn-mya_Mymr,shaomutan_remedy-9b-22,0.870483924,311163,200000,1.6
isl_Latn-nds_Latn,metricx24,unknown,119194,1200000,0.1
isl_Latn-nep_Deva,metricx24,unknown,263130,1200000,0.2
isl_Latn-nld_Latn,shaomutan_remedy-9b-22,0.911665446,8374206,200000,41.9
isl_Latn-nno_Latn,shaomutan_remedy-9b-22,0.884842027,312922,200000,1.6
isl_Latn-nob_Latn,shaomutan_remedy-9b-22,0.905757656,5786759,200000,28.9
isl_Latn-nor_Latn,metricx24,unknown,2606524,1200000,2.2
isl_Latn-npi_Deva,shaomutan_remedy-9b-22,0.837688141,144647,200000,0.7
isl_Latn-nya_Latn,metricx24,0.679234675,59251,1200000,0.0
isl_Latn-oci_Latn,shaomutan_remedy-9b-22,0.819462169,127993,200000,0.6
isl_Latn-pan_Guru,qwen3-4b-instruct-2507,0.863111,100188,28000,3.6
isl_Latn-pbt_Arab,shaomutan_remedy-9b-22,0.747100196,57457,200000,0.3
isl_Latn-plt_Latn,metricx24,0.735779727,143033,1200000,0.1
isl_Latn-pol_Latn,shaomutan_remedy-9b-22,0.924043413,6201834,200000,31.0
isl_Latn-por_Latn,shaomutan_remedy-9b-22,0.908306191,7252832,200000,36.3
isl_Latn-pus_Arab,metricx24,unknown,66897,1200000,0.1
isl_Latn-ron_Latn,shaomutan_remedy-9b-22,0.897874005,5951053,200000,29.8
isl_Latn-rus_Cyrl,shaomutan_remedy-9b-22,0.945760847,4844521,200000,24.2
isl_Latn-sin_Sinh,shaomutan_remedy-9b-22,0.876571719,761684,200000,3.8
isl_Latn-slk_Latn,shaomutan_remedy-9b-22,0.929636532,4477216,200000,22.4
isl_Latn-slv_Latn,qwen3-4b-instruct-2507,0.847675,4632029,28000,165.4
isl_Latn-sna_Latn,metricx24,0.663174072,70633,1200000,0.1
isl_Latn-snd_Arab,shaomutan_remedy-9b-22,0.779629678,59105,200000,0.3
isl_Latn-som_Latn,shaomutan_remedy-9b-22,0.705761735,139641,200000,0.7
isl_Latn-sqi_Latn,metricx24,unknown,642641,1200000,0.5
isl_Latn-srd_Latn,metricx24,0.773339464,165633,1200000,0.1
isl_Latn-srp_Cyrl,shaomutan_remedy-9b-22,0.946454318,1510123,200000,7.6
isl_Latn-srp_Latn,metricx24,unknown,3075165,1200000,2.6
isl_Latn-sun_Latn,metricx24,0.763752869,181740,1200000,0.2
isl_Latn-swa_Latn,metricx24,unknown,461662,1200000,0.4
isl_Latn-swe_Latn,shaomutan_remedy-9b-22,0.923010775,7701128,200000,38.5
isl_Latn-swh_Latn,shaomutan_remedy-9b-22,0.820328883,393245,200000,2.0
isl_Latn-tam_Taml,shaomutan_remedy-9b-22,0.872164013,563369,200000,2.8
isl_Latn-tel_Telu,shaomutan_remedy-9b-22,0.862687675,374465,200000,1.9
isl_Latn-tgk_Cyrl,metricx24,0.802620346,142441,1200000,0.1
isl_Latn-tgl_Latn,shaomutan_remedy-9b-22,0.878430873,558602,200000,2.8
isl_Latn-tha_Thai,shaomutan_remedy-9b-22,0.919682676,2371445,200000,11.9
isl_Latn-tur_Latn,shaomutan_remedy-9b-22,0.922879034,4541509,200000,22.7
isl_Latn-ukr_Cyrl,shaomutan_remedy-9b-22,0.931441396,3586506,200000,17.9
isl_Latn-und_Kana,metricx24,unknown,102677,1200000,0.1
isl_Latn-urd_Arab,shaomutan_remedy-9b-22,0.859550757,846508,200000,4.2
isl_Latn-uzn_Latn,qwen3-4b-instruct-2507,0.669184,153671,28000,5.5
isl_Latn-vie_Latn,shaomutan_remedy-9b-22,0.893250702,3509262,200000,17.5
isl_Latn-wln_Latn,metricx24,unknown,32540,1200000,0.0
isl_Latn-xho_Latn,shaomutan_remedy-9b-22,0.730067275,297643,200000,1.5
isl_Latn-yor_Latn,shaomutan_remedy-9b-22,0.583991261,102565,200000,0.5
isl_Latn-yue_Hani,metricx24,unknown,307159,1200000,0.3
isl_Latn-zho_Hans,qwen3-4b-instruct-2507,0.917506,1157282,28000,41.3
isl_Latn-zho_Hant,qwen3-4b-instruct-2507,0.917566,1297514,28000,46.3
isl_Latn-zsm_Latn,metricx24,0.810986748,858044,1200000,0.7
isl_Latn-zul_Latn,shaomutan_remedy-9b-22,0.739319058,65392,200000,0.3
ita_Latn-abk_Cyrl,metricx24,unknown,119929,1200000,0.1
ita_Latn-afr_Latn,shaomutan_remedy-9b-22,0.936735318,304145,200000,1.5
ita_Latn-als_Latn,metricx24,0.841501,6642258,1200000,5.5
ita_Latn-azj_Latn,qwen3-4b-instruct-2507,0.895784,79652,28000,2.8
ita_Latn-bak_Cyrl,shaomutan_remedy-9b-22,0.892298115,151851,200000,0.8
ita_Latn-bel_Cyrl,qwen3-4b-instruct-2507,0.932862,64383,28000,2.3
ita_Latn-cat_Latn,qwen3-4b-instruct-2507,0.956556,121880,28000,4.4
ita_Latn-ces_Latn,qwen3-4b-instruct-2507,0.979253,343762,28000,12.3
ita_Latn-ckb_Arab,metricx24,0.780984956,146338,1200000,0.1
ita_Latn-cmn_Hani,metricx24,unknown,20113642,1200000,16.8
ita_Latn-crh_Latn,shaomutan_remedy-9b-22,0.814485208,100193,200000,0.5
ita_Latn-dan_Latn,qwen3-4b-instruct-2507,0.972046,654205,28000,23.4
ita_Latn-deu_Latn,qwen3-4b-instruct-2507,0.975326,138878,28000,5.0
ita_Latn-ell_Grek,qwen3-4b-instruct-2507,0.960956,30357,28000,1.1
ita_Latn-eng_Latn,qwen3-4b-instruct-2507,0.984555,1261068,28000,45.0
ita_Latn-epo_Latn,shaomutan_remedy-9b-22,0.91816099,114571,200000,0.6
ita_Latn-eus_Latn,qwen3-4b-instruct-2507,0.940687,405567,28000,14.5
ita_Latn-fas_Arab,metricx24,unknown,82999,1200000,0.1
ita_Latn-fil_Latn,metricx24,unknown,1201444,1200000,1.0
ita_Latn-fin_Latn,qwen3-4b-instruct-2507,0.947591,77074,28000,2.8
ita_Latn-fra_Latn,qwen3-4b-instruct-2507,0.968542,376492,28000,13.4
ita_Latn-fro_Latn,metricx24,unknown,56548,1200000,0.0
ita_Latn-fur_Latn,qwen3-4b-instruct-2507,0.850528,335897,28000,12.0
ita_Latn-glg_Latn,qwen3-4b-instruct-2507,0.969368,58338,28000,2.1
ita_Latn-hau_Latn,shaomutan_remedy-9b-22,0.84030589,36175,200000,0.2
ita_Latn-hbs_Latn,metricx24,unknown,1286829,1200000,1.1
ita_Latn-heb_Hebr,qwen3-4b-instruct-2507,0.973912,65994,28000,2.4
ita_Latn-hrv_Latn,qwen3-4b-instruct-2507,0.956058,1127709,28000,40.3
ita_Latn-hun_Latn,qwen3-4b-instruct-2507,0.969602,109663,28000,3.9
ita_Latn-ilo_Latn,qwen3-4b-instruct-2507,0.801444,70405,28000,2.5
ita_Latn-ina_Latn,metricx24,unknown,44232,1200000,0.0
ita_Latn-ind_Latn,qwen3-4b-instruct-2507,0.957979,2071216,28000,74.0
ita_Latn-isl_Latn,shaomutan_remedy-9b-22,0.909231615,32146,200000,0.2
ita_Latn-jav_Latn,qwen3-4b-instruct-2507,0.904619,680933,28000,24.3
ita_Latn-jpn_Jpan,metricx24,0.833114,19187043,1200000,16.0
ita_Latn-kab_Latn,qwen3-4b-instruct-2507,0.406994,121246,28000,4.3
ita_Latn-kan_Knda,qwen3-4b-instruct-2507,0.949209,143461,28000,5.1
ita_Latn-kat_Geor,shaomutan_remedy-9b-22,0.924319965,743891,200000,3.7
ita_Latn-kaz_Cyrl,shaomutan_remedy-9b-22,0.951855512,432790,200000,2.2
ita_Latn-kea_Latn,qwen3-4b-instruct-2507,0.860811,62296,28000,2.2
ita_Latn-khk_Cyrl,metricx24,0.811629788,175904,1200000,0.1
ita_Latn-khm_Khmr,qwen3-4b-instruct-2507,0.932718,554848,28000,19.8
ita_Latn-kin_Latn,shaomutan_remedy-9b-22,0.824968027,120528,200000,0.6
ita_Latn-kir_Cyrl,shaomutan_remedy-9b-22,0.908693702,156057,200000,0.8
ita_Latn-kiu_Latn,metricx24,unknown,90878,1200000,0.1
ita_Latn-kmr_Latn,metricx24,0.724291249,123054,1200000,0.1
ita_Latn-kor_Hang,metricx24,0.833459,23545077,1200000,19.6
ita_Latn-kor_Zyyy,metricx24,unknown,4433177,1200000,3.7
ita_Latn-lao_Laoo,qwen3-4b-instruct-2507,0.910856,109400,28000,3.9
ita_Latn-lat_Latn,metricx24,unknown,491018,1200000,0.4
ita_Latn-lav_Latn,metricx24,unknown,1846787,1200000,1.5
ita_Latn-lim_Latn,qwen3-4b-instruct-2507,0.865799,308740,28000,11.0
ita_Latn-lit_Latn,metricx24,0.801634,23694440,1200000,19.7
ita_Latn-ltz_Latn,qwen3-4b-instruct-2507,0.920518,179368,28000,6.4
ita_Latn-lvs_Latn,metricx24,0.748708,18493577,1200000,15.4
ita_Latn-lzh_Hani,metricx24,unknown,763347,1200000,0.6
ita_Latn-mal_Mlym,qwen3-4b-instruct-2507,0.96445,1769393,28000,63.2
ita_Latn-mar_Deva,qwen3-4b-instruct-2507,0.945923,688419,28000,24.6
ita_Latn-mhr_Cyrl,metricx24,unknown,170980,1200000,0.1
ita_Latn-mkd_Cyrl,qwen3-4b-instruct-2507,0.967551,4642447,28000,165.8
ita_Latn-mlg_Latn,metricx24,unknown,232520,1200000,0.2
ita_Latn-mlt_Latn,shaomutan_remedy-9b-22,0.940147792,4209726,200000,21.0
ita_Latn-mon_Cyrl,metricx24,unknown,204461,1200000,0.2
ita_Latn-mri_Latn,shaomutan_remedy-9b-22,0.740298721,95020,200000,0.5
ita_Latn-msa_Latn,metricx24,unknown,6104731,1200000,5.1
ita_Latn-mya_Mymr,shaomutan_remedy-9b-22,0.92505449,789108,200000,3.9
ita_Latn-nds_Latn,metricx24,unknown,247312,1200000,0.2
ita_Latn-nep_Deva,metricx24,unknown,414106,1200000,0.3
ita_Latn-nld_Latn,metricx24,0.907646,111772035,1200000,93.1
ita_Latn-nno_Latn,qwen3-4b-instruct-2507,0.948198,917821,28000,32.8
ita_Latn-nob_Latn,metricx24,0.847152,33190627,1200000,27.7
ita_Latn-nor_Latn,metricx24,unknown,14536924,1200000,12.1
ita_Latn-npi_Deva,qwen3-4b-instruct-2507,0.938641,206299,28000,7.4
ita_Latn-nya_Latn,shaomutan_remedy-9b-22,0.772175132,73356,200000,0.4
ita_Latn-oci_Latn,shaomutan_remedy-9b-22,0.87923638,1285857,200000,6.4
ita_Latn-pan_Guru,qwen3-4b-instruct-2507,0.958686,141108,28000,5.0
ita_Latn-pap_Latn,qwen3-4b-instruct-2507,0.852369,69783,28000,2.5
ita_Latn-pbt_Arab,shaomutan_remedy-9b-22,0.795558984,75808,200000,0.4
ita_Latn-plt_Latn,metricx24,0.780144178,214998,1200000,0.2
ita_Latn-pol_Latn,metricx24,0.798045,84863582,1200000,70.7
ita_Latn-por_Latn,metricx24,0.83525,160006617,1200000,133.3
ita_Latn-pus_Arab,metricx24,unknown,114918,1200000,0.1
ita_Latn-rmy_Latn,metricx24,unknown,142861,1200000,0.1
ita_Latn-ron_Latn,metricx24,0.834461,86193677,1200000,71.8
ita_Latn-rus_Cyrl,metricx24,0.880315,69012932,1200000,57.5
ita_Latn-sin_Sinh,shaomutan_remedy-9b-22,0.92301214,1897378,200000,9.5
ita_Latn-slk_Latn,metricx24,0.793299,36245707,1200000,30.2
ita_Latn-slv_Latn,metricx24,0.870176,32977692,1200000,27.5
ita_Latn-sna_Latn,shaomutan_remedy-9b-22,0.785035573,86882,200000,0.4
ita_Latn-snd_Arab,qwen3-4b-instruct-2507,0.917805,95876,28000,3.4
ita_Latn-som_Latn,shaomutan_remedy-9b-22,0.783587208,244559,200000,1.2
ita_Latn-spa_Latn,qwen3-4b-instruct-2507,0.960144,182846,28000,6.5
ita_Latn-sqi_Latn,metricx24,unknown,1856959,1200000,1.5
ita_Latn-srd_Latn,qwen3-4b-instruct-2507,0.834107,518152,28000,18.5
ita_Latn-srp_Cyrl,metricx24,0.888458,7107332,1200000,5.9
ita_Latn-srp_Latn,metricx24,unknown,34735257,1200000,28.9
ita_Latn-sun_Latn,qwen3-4b-instruct-2507,0.90119,282964,28000,10.1
ita_Latn-swa_Latn,metricx24,unknown,1234851,1200000,1.0
ita_Latn-swc_Latn,metricx24,unknown,195083,1200000,0.2
ita_Latn-swe_Latn,metricx24,0.869536,77394935,1200000,64.5
ita_Latn-swh_Latn,shaomutan_remedy-9b-22,0.916685807,1012623,200000,5.1
ita_Latn-tam_Taml,qwen3-4b-instruct-2507,0.963659,2517584,28000,89.9
ita_Latn-tat_Cyrl,shaomutan_remedy-9b-22,0.895738973,135647,200000,0.7
ita_Latn-tel_Telu,qwen3-4b-instruct-2507,0.952967,1260923,28000,45.0
ita_Latn-tgk_Cyrl,qwen3-4b-instruct-2507,0.897496,215378,28000,7.7
ita_Latn-tgl_Latn,qwen3-4b-instruct-2507,0.947461,2155960,28000,77.0
ita_Latn-tha_Thai,metricx24,0.85219,18060099,1200000,15.1
ita_Latn-tur_Latn,metricx24,0.761906,56121859,1200000,46.8
ita_Latn-ukr_Cyrl,metricx24,0.841175,13510073,1200000,11.3
ita_Latn-und_Hira,metricx24,unknown,96194,1200000,0.1
ita_Latn-und_Kana,metricx24,unknown,524134,1200000,0.4
ita_Latn-urd_Arab,qwen3-4b-instruct-2507,0.925286,1555042,28000,55.5
ita_Latn-uzn_Latn,qwen3-4b-instruct-2507,0.906675,153864,28000,5.5
ita_Latn-vec_Latn,qwen3-4b-instruct-2507,0.873206,188572,28000,6.7
ita_Latn-vie_Latn,metricx24,0.867272,30285026,1200000,25.2
ita_Latn-wuu_Hani,metricx24,unknown,85552,1200000,0.1
ita_Latn-xav_Latn,metricx24,unknown,139684,1200000,0.1
ita_Latn-xho_Latn,shaomutan_remedy-9b-22,0.766349269,384331,200000,1.9
ita_Latn-yor_Latn,shaomutan_remedy-9b-22,0.709796568,110937,200000,0.6
ita_Latn-yue_Hani,metricx24,unknown,1335891,1200000,1.1
ita_Latn-zho_Hans,metricx24,0.891432,11052689,1200000,9.2
ita_Latn-zho_Hant,metricx24,0.879757,6611214,1200000,5.5
ita_Latn-zsm_Latn,qwen3-4b-instruct-2507,0.929816,3068621,28000,109.6
ita_Latn-zul_Latn,shaomutan_remedy-9b-22,0.820376542,107051,200000,0.5
jam_Latn-fra_Latn,metricx24,unknown,167560,1200000,0.1
jam_Latn-hun_Latn,metricx24,unknown,62923,1200000,0.1
jam_Latn-ita_Latn,metricx24,unknown,116839,1200000,0.1
jam_Latn-nld_Latn,metricx24,unknown,82669,1200000,0.1
jam_Latn-pol_Latn,metricx24,unknown,77512,1200000,0.1
jam_Latn-por_Latn,metricx24,unknown,168457,1200000,0.1
jam_Latn-ron_Latn,metricx24,unknown,81131,1200000,0.1
jam_Latn-rus_Cyrl,metricx24,unknown,62045,1200000,0.1
jam_Latn-spa_Latn,metricx24,unknown,252056,1200000,0.2
jam_Latn-tur_Latn,metricx24,unknown,73526,1200000,0.1
jav_Latn-cmn_Hani,metricx24,unknown,124432,1200000,0.1
jav_Latn-fil_Latn,metricx24,unknown,75568,1200000,0.1
jav_Latn-fur_Latn,m-prometheus-7b,0.826545545,61218,27000,2.3
jav_Latn-kat_Geor,shaomutan_remedy-9b-22,0.934178152,114636,200000,0.6
jav_Latn-kaz_Cyrl,shaomutan_remedy-9b-22,0.933696681,77664,200000,0.4
jav_Latn-kor_Hang,shaomutan_remedy-9b-22,0.94098211,278302,200000,1.4
jav_Latn-kor_Zyyy,metricx24,unknown,424074,1200000,0.4
jav_Latn-lat_Latn,metricx24,unknown,52346,1200000,0.0
jav_Latn-lav_Latn,metricx24,unknown,147382,1200000,0.1
jav_Latn-lit_Latn,shaomutan_remedy-9b-22,0.926078017,394754,200000,2.0
jav_Latn-ltz_Latn,metricx24,0.861261723,42813,1200000,0.0
jav_Latn-lvs_Latn,shaomutan_remedy-9b-22,0.943608121,182933,200000,0.9
jav_Latn-lzh_Hani,metricx24,unknown,80558,1200000,0.1
jav_Latn-mal_Mlym,shaomutan_remedy-9b-22,0.914018674,152415,200000,0.8
jav_Latn-mar_Deva,shaomutan_remedy-9b-22,0.918698788,154306,200000,0.8
jav_Latn-mkd_Cyrl,shaomutan_remedy-9b-22,0.946854214,227914,200000,1.1
jav_Latn-mlg_Latn,metricx24,unknown,224875,1200000,0.2
jav_Latn-mon_Cyrl,metricx24,unknown,73899,1200000,0.1
jav_Latn-mri_Latn,shaomutan_remedy-9b-22,0.742876581,437563,200000,2.2
jav_Latn-msa_Latn,metricx24,unknown,510132,1200000,0.4
jav_Latn-nep_Deva,metricx24,unknown,104302,1200000,0.1
jav_Latn-nld_Latn,shaomutan_remedy-9b-22,0.928326405,1576661,200000,7.9
jav_Latn-nob_Latn,shaomutan_remedy-9b-22,0.937065614,67185,200000,0.3
jav_Latn-nor_Latn,metricx24,unknown,622513,1200000,0.5
jav_Latn-oci_Latn,m-prometheus-7b,0.824763564,48087,27000,1.8
jav_Latn-pag_Latn,m-prometheus-7b,0.571458437,132943,27000,4.9
jav_Latn-plt_Latn,metricx24,0.762068074,845399,1200000,0.7
jav_Latn-pol_Latn,shaomutan_remedy-9b-22,0.94033101,1345906,200000,6.7
jav_Latn-por_Latn,shaomutan_remedy-9b-22,0.920136812,2585898,200000,12.9
jav_Latn-ron_Latn,shaomutan_remedy-9b-22,0.945323848,705372,200000,3.5
jav_Latn-rus_Cyrl,shaomutan_remedy-9b-22,0.94812741,2066573,200000,10.3
jav_Latn-sin_Sinh,shaomutan_remedy-9b-22,0.902638421,128759,200000,0.6
jav_Latn-slk_Latn,shaomutan_remedy-9b-22,0.918953426,567206,200000,2.8
jav_Latn-slv_Latn,shaomutan_remedy-9b-22,0.938307701,345302,200000,1.7
jav_Latn-smo_Latn,metricx24,0.736756124,534136,1200000,0.4
jav_Latn-som_Latn,shaomutan_remedy-9b-22,0.76850028,68906,200000,0.3
jav_Latn-sqi_Latn,metricx24,unknown,293183,1200000,0.2
jav_Latn-srd_Latn,m-prometheus-7b,0.814106521,83518,27000,3.1
jav_Latn-srp_Cyrl,shaomutan_remedy-9b-22,0.92550167,212596,200000,1.1
jav_Latn-sun_Latn,shaomutan_remedy-9b-22,0.901942011,899371,200000,4.5
jav_Latn-swa_Latn,metricx24,unknown,316096,1200000,0.3
jav_Latn-swe_Latn,shaomutan_remedy-9b-22,0.943593133,796709,200000,4.0
jav_Latn-tam_Taml,shaomutan_remedy-9b-22,0.911854434,130902,200000,0.7
jav_Latn-tel_Telu,shaomutan_remedy-9b-22,0.901548095,75550,200000,0.4
jav_Latn-tgl_Latn,shaomutan_remedy-9b-22,0.904135713,630572,200000,3.2
jav_Latn-tha_Thai,shaomutan_remedy-9b-22,0.935468101,490206,200000,2.5
jav_Latn-tur_Latn,shaomutan_remedy-9b-22,0.934851486,1180146,200000,5.9
jav_Latn-ukr_Cyrl,shaomutan_remedy-9b-22,0.921917471,553739,200000,2.8
jav_Latn-urd_Arab,shaomutan_remedy-9b-22,0.883283118,174934,200000,0.9
jav_Latn-vie_Latn,shaomutan_remedy-9b-22,0.929172785,681719,200000,3.4
jav_Latn-war_Latn,qwen3-4b-instruct-2507,0.83786,330151,28000,11.8
jav_Latn-xho_Latn,shaomutan_remedy-9b-22,0.795258381,62990,200000,0.3
jav_Latn-yue_Hani,metricx24,unknown,164473,1200000,0.1
jav_Latn-zho_Hans,qwen3-4b-instruct-2507,0.931931,611256,28000,21.8
jav_Latn-zho_Hant,qwen3-4b-instruct-2507,0.921633,455680,28000,16.3
jav_Latn-zsm_Latn,qwen3-4b-instruct-2507,0.845938,57374,28000,2.0
jpn_Jpan-afr_Latn,shaomutan_remedy-9b-22,0.910374939,69050,200000,0.3
jpn_Jpan-als_Latn,qwen3-4b-instruct-2507,0.910134,1033597,28000,36.9
jpn_Jpan-ces_Latn,qwen3-4b-instruct-2507,0.965465,63237,28000,2.3
jpn_Jpan-cmn_Hani,metricx24,unknown,9853799,1200000,8.2
jpn_Jpan-crh_Latn,shaomutan_remedy-9b-22,0.775247934,88881,200000,0.4
jpn_Jpan-dan_Latn,qwen3-4b-instruct-2507,0.94545,193224,28000,6.9
jpn_Jpan-deu_Latn,qwen3-4b-instruct-2507,0.959308,47480,28000,1.7
jpn_Jpan-eng_Latn,qwen3-4b-instruct-2507,0.974151,208696,28000,7.5
jpn_Jpan-fil_Latn,metricx24,unknown,725688,1200000,0.6
jpn_Jpan-fur_Latn,qwen3-4b-instruct-2507,0.870144,198780,28000,7.1
jpn_Jpan-hbs_Latn,metricx24,unknown,128396,1200000,0.1
jpn_Jpan-hrv_Latn,qwen3-4b-instruct-2507,0.939343,157897,28000,5.6
jpn_Jpan-ind_Latn,qwen3-4b-instruct-2507,0.931513,535552,28000,19.1
jpn_Jpan-jav_Latn,qwen3-4b-instruct-2507,0.853778,493526,28000,17.6
jpn_Jpan-kan_Knda,qwen3-4b-instruct-2507,0.915291,194503,28000,6.9
jpn_Jpan-kat_Geor,shaomutan_remedy-9b-22,0.924659359,578438,200000,2.9
jpn_Jpan-kaz_Cyrl,shaomutan_remedy-9b-22,0.942114915,433674,200000,2.2
jpn_Jpan-khk_Cyrl,metricx24,0.822270763,154813,1200000,0.1
jpn_Jpan-khm_Khmr,qwen3-4b-instruct-2507,0.919502,293072,28000,10.5
jpn_Jpan-kin_Latn,shaomutan_remedy-9b-22,0.784427771,56441,200000,0.3
jpn_Jpan-kir_Cyrl,shaomutan_remedy-9b-22,0.896175556,124894,200000,0.6
jpn_Jpan-kiu_Latn,metricx24,unknown,65063,1200000,0.1
jpn_Jpan-kmr_Latn,metricx24,0.733271801,90403,1200000,0.1
jpn_Jpan-kor_Hang,metricx24,0.846777,12931005,1200000,10.8
jpn_Jpan-kor_Zyyy,metricx24,unknown,4691605,1200000,3.9
jpn_Jpan-lao_Laoo,qwen3-4b-instruct-2507,0.879691,102369,28000,3.7
jpn_Jpan-lat_Latn,metricx24,unknown,176354,1200000,0.1
jpn_Jpan-lav_Latn,metricx24,unknown,624712,1200000,0.5
jpn_Jpan-lim_Latn,qwen3-4b-instruct-2507,0.802285,140999,28000,5.0
jpn_Jpan-lit_Latn,metricx24,0.811495,5518076,1200000,4.6
jpn_Jpan-ltz_Latn,qwen3-4b-instruct-2507,0.872633,148905,28000,5.3
jpn_Jpan-lvs_Latn,qwen3-4b-instruct-2507,0.931593,1946521,28000,69.5
jpn_Jpan-lzh_Hani,metricx24,unknown,466866,1200000,0.4
jpn_Jpan-mal_Mlym,qwen3-4b-instruct-2507,0.931339,1728043,28000,61.7
jpn_Jpan-mar_Deva,qwen3-4b-instruct-2507,0.923275,678640,28000,24.2
jpn_Jpan-mkd_Cyrl,qwen3-4b-instruct-2507,0.941762,2060693,28000,73.6
jpn_Jpan-mlg_Latn,metricx24,unknown,200271,1200000,0.2
jpn_Jpan-mlt_Latn,shaomutan_remedy-9b-22,0.912746234,98282,200000,0.5
jpn_Jpan-mon_Cyrl,metricx24,unknown,178096,1200000,0.1
jpn_Jpan-mri_Latn,shaomutan_remedy-9b-22,0.697310104,97660,200000,0.5
jpn_Jpan-msa_Latn,metricx24,unknown,3016115,1200000,2.5
jpn_Jpan-mya_Mymr,shaomutan_remedy-9b-22,0.912902836,374024,200000,1.9
jpn_Jpan-nds_Latn,metricx24,unknown,162096,1200000,0.1
jpn_Jpan-nep_Deva,metricx24,unknown,378677,1200000,0.3
jpn_Jpan-nld_Latn,shaomutan_remedy-9b-22,0.939008607,21305045,200000,106.5
jpn_Jpan-nno_Latn,shaomutan_remedy-9b-22,0.9201932,387984,200000,1.9
jpn_Jpan-nob_Latn,shaomutan_remedy-9b-22,0.93171249,5220465,200000,26.1
jpn_Jpan-nor_Latn,metricx24,unknown,3598125,1200000,3.0
jpn_Jpan-npi_Deva,qwen3-4b-instruct-2507,0.910652,164139,28000,5.9
jpn_Jpan-nya_Latn,shaomutan_remedy-9b-22,0.735146369,64338,200000,0.3
jpn_Jpan-oci_Latn,qwen3-4b-instruct-2507,0.878547,149388,28000,5.3
jpn_Jpan-pan_Guru,qwen3-4b-instruct-2507,0.934689,126713,28000,4.5
jpn_Jpan-pbt_Arab,shaomutan_remedy-9b-22,0.759487386,60459,200000,0.3
jpn_Jpan-plt_Latn,metricx24,0.788207899,182260,1200000,0.2
jpn_Jpan-pol_Latn,metricx24,0.817549,20203710,1200000,16.8
jpn_Jpan-por_Latn,metricx24,0.869834,21208952,1200000,17.7
jpn_Jpan-pus_Arab,metricx24,unknown,98185,1200000,0.1
jpn_Jpan-ron_Latn,metricx24,0.865756,9579894,1200000,8.0
jpn_Jpan-rus_Cyrl,metricx24,0.889417,23052150,1200000,19.2
jpn_Jpan-sin_Sinh,qwen3-4b-instruct-2507,0.898875,825906,28000,29.5
jpn_Jpan-slk_Latn,metricx24,0.807408,8240473,1200000,6.9
jpn_Jpan-slv_Latn,metricx24,0.873899,6979681,1200000,5.8
jpn_Jpan-sna_Latn,shaomutan_remedy-9b-22,0.757613886,82500,200000,0.4
jpn_Jpan-snd_Arab,qwen3-4b-instruct-2507,0.886491,68966,28000,2.5
jpn_Jpan-som_Latn,shaomutan_remedy-9b-22,0.716753706,215056,200000,1.1
jpn_Jpan-sqi_Latn,metricx24,unknown,1018284,1200000,0.8
jpn_Jpan-srd_Latn,qwen3-4b-instruct-2507,0.837875,332902,28000,11.9
jpn_Jpan-srp_Cyrl,qwen3-4b-instruct-2507,0.957168,2943961,28000,105.1
jpn_Jpan-srp_Latn,metricx24,unknown,4174860,1200000,3.5
jpn_Jpan-sun_Latn,qwen3-4b-instruct-2507,0.853798,257023,28000,9.2
jpn_Jpan-swa_Latn,metricx24,unknown,1034920,1200000,0.9
jpn_Jpan-swc_Latn,metricx24,unknown,177906,1200000,0.1
jpn_Jpan-swe_Latn,metricx24,0.884329,16583818,1200000,13.8
jpn_Jpan-swh_Latn,shaomutan_remedy-9b-22,0.894298915,798044,200000,4.0
jpn_Jpan-tam_Taml,qwen3-4b-instruct-2507,0.925834,1414287,28000,50.5
jpn_Jpan-tel_Telu,qwen3-4b-instruct-2507,0.931249,500438,28000,17.9
jpn_Jpan-tgk_Cyrl,qwen3-4b-instruct-2507,0.879791,185792,28000,6.6
jpn_Jpan-tgl_Latn,shaomutan_remedy-9b-22,0.922739713,1467195,200000,7.3
jpn_Jpan-tha_Thai,metricx24,0.837758,5343550,1200000,4.5
jpn_Jpan-tur_Latn,metricx24,0.804383,22351075,1200000,18.6
jpn_Jpan-ukr_Cyrl,metricx24,0.839863,6501115,1200000,5.4
jpn_Jpan-urd_Arab,qwen3-4b-instruct-2507,0.894893,1188029,28000,42.4
jpn_Jpan-uzn_Latn,qwen3-4b-instruct-2507,0.888328,165193,28000,5.9
jpn_Jpan-vec_Latn,qwen3-4b-instruct-2507,0.88666,101000,28000,3.6
jpn_Jpan-vie_Latn,metricx24,0.87126,9368840,1200000,7.8
jpn_Jpan-wuu_Hani,metricx24,unknown,86317,1200000,0.1
jpn_Jpan-xho_Latn,shaomutan_remedy-9b-22,0.754779361,381906,200000,1.9
jpn_Jpan-yor_Latn,shaomutan_remedy-9b-22,0.643028062,106964,200000,0.5
jpn_Jpan-yue_Hani,metricx24,unknown,831371,1200000,0.7
jpn_Jpan-zho_Hans,metricx24,0.865037,9627759,1200000,8.0
jpn_Jpan-zho_Hant,qwen3-4b-instruct-2507,0.935575,2439114,28000,87.1
jpn_Jpan-zsm_Latn,qwen3-4b-instruct-2507,0.8856,1535775,28000,54.8
jpn_Jpan-zul_Latn,shaomutan_remedy-9b-22,0.773015772,77571,200000,0.4
kab_Latn-cmn_Hani,qwen3-4b-instruct-2507,unknown,67684,28000,2.4
kab_Latn-deu_Latn,qwen3-4b-instruct-2507,0.726167,41680,28000,1.5
kab_Latn-ell_Grek,shaomutan_remedy-9b-22,0.788181162,49055,200000,0.2
kab_Latn-eng_Latn,qwen3-4b-instruct-2507,0.858741,189902,28000,6.8
kab_Latn-eus_Latn,shaomutan_remedy-9b-22,0.737614638,18008,200000,0.1
kab_Latn-fas_Arab,qwen3-4b-instruct-2507,unknown,79180,28000,2.8
kab_Latn-fin_Latn,shaomutan_remedy-9b-22,0.821346921,57775,200000,0.3
kab_Latn-fra_Latn,qwen3-4b-instruct-2507,0.784201,143443,28000,5.1
kab_Latn-heb_Hebr,shaomutan_remedy-9b-22,0.778666676,68003,200000,0.3
kab_Latn-hrv_Latn,shaomutan_remedy-9b-22,0.772923832,63057,200000,0.3
kab_Latn-hun_Latn,shaomutan_remedy-9b-22,0.813174666,85348,200000,0.4
kab_Latn-ind_Latn,shaomutan_remedy-9b-22,0.759232115,108594,200000,0.5
kab_Latn-ita_Latn,qwen3-4b-instruct-2507,0.812245,151632,28000,5.4
kab_Latn-kor_Hang,shaomutan_remedy-9b-22,0.796531262,69950,200000,0.3
kab_Latn-kor_Zyyy,qwen3-4b-instruct-2507,unknown,34856,28000,1.2
kab_Latn-msa_Latn,qwen3-4b-instruct-2507,unknown,32838,28000,1.2
kab_Latn-nld_Latn,qwen3-4b-instruct-2507,0.715192,161026,28000,5.8
kab_Latn-nor_Latn,qwen3-4b-instruct-2507,unknown,72052,28000,2.6
kab_Latn-pol_Latn,shaomutan_remedy-9b-22,0.781468552,207162,200000,1.0
kab_Latn-por_Latn,qwen3-4b-instruct-2507,0.767432,245150,28000,8.8
kab_Latn-ron_Latn,shaomutan_remedy-9b-22,0.798254332,233487,200000,1.2
kab_Latn-rus_Cyrl,qwen3-4b-instruct-2507,0.788367,218319,28000,7.8
kab_Latn-slk_Latn,shaomutan_remedy-9b-22,0.769486949,66368,200000,0.3
kab_Latn-slv_Latn,shaomutan_remedy-9b-22,0.773138205,104295,200000,0.5
kab_Latn-spa_Latn,qwen3-4b-instruct-2507,0.799761,108700,28000,3.9
kab_Latn-srp_Latn,qwen3-4b-instruct-2507,unknown,200943,28000,7.2
kab_Latn-swe_Latn,shaomutan_remedy-9b-22,0.766768837,194458,200000,1.0
kab_Latn-tha_Thai,qwen3-4b-instruct-2507,0.797785,131253,28000,4.7
kab_Latn-tur_Latn,shaomutan_remedy-9b-22,0.778902022,266443,200000,1.3
kab_Latn-ukr_Cyrl,shaomutan_remedy-9b-22,0.805927422,76512,200000,0.4
kab_Latn-vie_Latn,shaomutan_remedy-9b-22,0.817292102,177356,200000,0.9
kab_Latn-zho_Hans,qwen3-4b-instruct-2507,0.854729,82924,28000,3.0
kab_Latn-zho_Hant,qwen3-4b-instruct-2507,0.844012,70405,28000,2.5
kan_Knda-als_Latn,qwen3-4b-instruct-2507,0.907222,105723,28000,3.8
kan_Knda-cmn_Hani,metricx24,unknown,136695,1200000,0.1
kan_Knda-hin_Deva,shaomutan_remedy-9b-22,0.924066664,134797,200000,0.7
kan_Knda-kas_Deva,metricx24,0.466909425,92395,1200000,0.1
kan_Knda-kor_Hang,shaomutan_remedy-9b-22,0.943533734,231580,200000,1.2
kan_Knda-kor_Zyyy,metricx24,unknown,107612,1200000,0.1
kan_Knda-lit_Latn,shaomutan_remedy-9b-22,0.935312833,221264,200000,1.1
kan_Knda-lvs_Latn,shaomutan_remedy-9b-22,0.941205948,139557,200000,0.7
kan_Knda-mag_Deva,qwen3-4b-instruct-2507,0.804425,186487,28000,6.7
kan_Knda-mai_Deva,qwen3-4b-instruct-2507,0.858676,355779,28000,12.7
kan_Knda-mal_Mlym,shaomutan_remedy-9b-22,0.938475309,7771042,200000,38.9
kan_Knda-mar_Deva,shaomutan_remedy-9b-22,0.927969092,4046706,200000,20.2
kan_Knda-mkd_Cyrl,qwen3-4b-instruct-2507,0.932892,165519,28000,5.9
kan_Knda-mlg_Latn,metricx24,unknown,40833,1200000,0.0
kan_Knda-msa_Latn,metricx24,unknown,137295,1200000,0.1
kan_Knda-mya_Mymr,shaomutan_remedy-9b-22,0.916019155,79389,200000,0.4
kan_Knda-nep_Deva,metricx24,unknown,541548,1200000,0.5
kan_Knda-nld_Latn,shaomutan_remedy-9b-22,0.92139905,391765,200000,2.0
kan_Knda-nob_Latn,shaomutan_remedy-9b-22,0.925287497,132957,200000,0.7
kan_Knda-nor_Latn,metricx24,unknown,127012,1200000,0.1
kan_Knda-npi_Deva,shaomutan_remedy-9b-22,0.904167778,1305057,200000,6.5
kan_Knda-ory_Orya,qwen3-4b-instruct-2507,0.919179,2117754,28000,75.6
kan_Knda-pan_Guru,qwen3-4b-instruct-2507,0.919154,1317003,28000,47.0
kan_Knda-plt_Latn,metricx24,0.755572363,45258,1200000,0.0
kan_Knda-pol_Latn,shaomutan_remedy-9b-22,0.929607185,325562,200000,1.6
kan_Knda-por_Latn,qwen3-4b-instruct-2507,0.917093,528804,28000,18.9
kan_Knda-pus_Arab,metricx24,unknown,35571,1200000,0.0
kan_Knda-ron_Latn,shaomutan_remedy-9b-22,0.940006481,232980,200000,1.2
kan_Knda-rus_Cyrl,shaomutan_remedy-9b-22,0.93921581,537091,200000,2.7
kan_Knda-san_Deva,shaomutan_remedy-9b-22,0.781517917,243011,200000,1.2
kan_Knda-sin_Sinh,shaomutan_remedy-9b-22,0.918367096,1370767,200000,6.9
kan_Knda-slk_Latn,shaomutan_remedy-9b-22,0.941537746,232015,200000,1.2
kan_Knda-slv_Latn,shaomutan_remedy-9b-22,0.9360156,182573,200000,0.9
kan_Knda-snd_Arab,qwen3-4b-instruct-2507,0.863056,826173,28000,29.5
kan_Knda-som_Latn,shaomutan_remedy-9b-22,0.752210145,58860,200000,0.3
kan_Knda-sqi_Latn,metricx24,unknown,92828,1200000,0.1
kan_Knda-srp_Cyrl,qwen3-4b-instruct-2507,0.945455,142414,28000,5.1
kan_Knda-swa_Latn,metricx24,unknown,81705,1200000,0.1
kan_Knda-swe_Latn,shaomutan_remedy-9b-22,0.932809624,229255,200000,1.1
kan_Knda-tam_Taml,shaomutan_remedy-9b-22,0.938142881,3310393,200000,16.6
kan_Knda-tel_Telu,shaomutan_remedy-9b-22,0.92642867,12242438,200000,61.2
kan_Knda-tgl_Latn,shaomutan_remedy-9b-22,0.915452127,130497,200000,0.7
kan_Knda-tha_Thai,shaomutan_remedy-9b-22,0.925824561,254097,200000,1.3
kan_Knda-tur_Latn,shaomutan_remedy-9b-22,0.940950695,377153,200000,1.9
kan_Knda-ukr_Cyrl,shaomutan_remedy-9b-22,0.943734348,277092,200000,1.4
kan_Knda-urd_Arab,shaomutan_remedy-9b-22,0.893071311,2560318,200000,12.8
kan_Knda-uzn_Latn,qwen3-4b-instruct-2507,0.850637,47547,28000,1.7
kan_Knda-vie_Latn,shaomutan_remedy-9b-22,0.910864162,302371,200000,1.5
kan_Knda-wln_Latn,metricx24,unknown,23576,1200000,0.0
kan_Knda-xho_Latn,shaomutan_remedy-9b-22,0.852891097,96121,200000,0.5
kan_Knda-zho_Hans,qwen3-4b-instruct-2507,0.934704,153231,28000,5.5
kan_Knda-zho_Hant,qwen3-4b-instruct-2507,0.935699,133036,28000,4.8
kas_Arab-tel_Telu,qwen3-4b-instruct-2507,0.841319,91932,28000,3.3
kas_Deva-mal_Mlym,shaomutan_remedy-9b-22,0.821800634,115003,200000,0.6
kas_Deva-mar_Deva,shaomutan_remedy-9b-22,0.821858331,80613,200000,0.4
kas_Deva-tam_Taml,shaomutan_remedy-9b-22,0.8085855,117326,200000,0.6
kas_Deva-tel_Telu,shaomutan_remedy-9b-22,0.800180384,153292,200000,0.8
kas_Deva-urd_Arab,shaomutan_remedy-9b-22,0.831989194,94005,200000,0.5
kat_Geor-als_Latn,qwen3-4b-instruct-2507,0.843041,231598,28000,8.3
kat_Geor-cmn_Hani,metricx24,unknown,293934,1200000,0.2
kat_Geor-fil_Latn,metricx24,unknown,194973,1200000,0.2
kat_Geor-kan_Knda,shaomutan_remedy-9b-22,0.911097982,72446,200000,0.4
kat_Geor-kaz_Cyrl,shaomutan_remedy-9b-22,0.930049854,250899,200000,1.3
kat_Geor-khk_Cyrl,metricx24,0.800692225,97272,1200000,0.1
kat_Geor-khm_Khmr,shaomutan_remedy-9b-22,0.900654715,196473,200000,1.0
kat_Geor-kir_Cyrl,shaomutan_remedy-9b-22,0.872181926,106877,200000,0.5
kat_Geor-kmr_Latn,metricx24,0.709610215,56878,1200000,0.0
kat_Geor-kor_Hang,shaomutan_remedy-9b-22,0.935639096,443701,200000,2.2
kat_Geor-kor_Zyyy,metricx24,unknown,298876,1200000,0.2
kat_Geor-lao_Laoo,qwen3-4b-instruct-2507,0.830826,73375,28000,2.6
kat_Geor-lav_Latn,metricx24,unknown,177989,1200000,0.1
kat_Geor-lit_Latn,shaomutan_remedy-9b-22,0.924494194,681276,200000,3.4
kat_Geor-lvs_Latn,shaomutan_remedy-9b-22,0.930674065,434651,200000,2.2
kat_Geor-mal_Mlym,shaomutan_remedy-9b-22,0.909264341,285419,200000,1.4
kat_Geor-mar_Deva,shaomutan_remedy-9b-22,0.895132708,273580,200000,1.4
kat_Geor-mkd_Cyrl,shaomutan_remedy-9b-22,0.918976964,550350,200000,2.8
kat_Geor-mlg_Latn,metricx24,unknown,107194,1200000,0.1
kat_Geor-mon_Cyrl,metricx24,unknown,102778,1200000,0.1
kat_Geor-mri_Latn,shaomutan_remedy-9b-22,0.699629254,58257,200000,0.3
kat_Geor-msa_Latn,metricx24,unknown,390720,1200000,0.3
kat_Geor-mya_Mymr,shaomutan_remedy-9b-22,0.910584382,162139,200000,0.8
kat_Geor-nep_Deva,metricx24,unknown,169055,1200000,0.1
kat_Geor-nld_Latn,shaomutan_remedy-9b-22,0.923145289,1467248,200000,7.3
kat_Geor-nob_Latn,shaomutan_remedy-9b-22,0.924076785,293009,200000,1.5
kat_Geor-nor_Latn,metricx24,unknown,509858,1200000,0.4
kat_Geor-npi_Deva,shaomutan_remedy-9b-22,0.882652026,57667,200000,0.3
kat_Geor-nya_Latn,shaomutan_remedy-9b-22,0.707202536,61326,200000,0.3
kat_Geor-pan_Guru,qwen3-4b-instruct-2507,0.884355,72859,28000,2.6
kat_Geor-pbt_Arab,shaomutan_remedy-9b-22,0.760458516,55542,200000,0.3
kat_Geor-plt_Latn,metricx24,0.765637878,84101,1200000,0.1
kat_Geor-pol_Latn,shaomutan_remedy-9b-22,0.935124915,1334923,200000,6.7
kat_Geor-por_Latn,shaomutan_remedy-9b-22,0.903820068,1935294,200000,9.7
kat_Geor-pus_Arab,metricx24,unknown,73436,1200000,0.1
kat_Geor-ron_Latn,shaomutan_remedy-9b-22,0.942119804,1041621,200000,5.2
kat_Geor-rus_Cyrl,shaomutan_remedy-9b-22,0.944283319,4651396,200000,23.3
kat_Geor-sin_Sinh,shaomutan_remedy-9b-22,0.900069984,286968,200000,1.4
kat_Geor-slk_Latn,shaomutan_remedy-9b-22,0.929131827,706043,200000,3.5
kat_Geor-slv_Latn,shaomutan_remedy-9b-22,0.939485422,632334,200000,3.2
kat_Geor-som_Latn,shaomutan_remedy-9b-22,0.740368123,97404,200000,0.5
kat_Geor-sqi_Latn,metricx24,unknown,305475,1200000,0.3
kat_Geor-srp_Cyrl,shaomutan_remedy-9b-22,0.940730798,477282,200000,2.4
kat_Geor-srp_Latn,metricx24,unknown,182768,1200000,0.2
kat_Geor-sun_Latn,shaomutan_remedy-9b-22,0.813853484,145490,200000,0.7
kat_Geor-swa_Latn,metricx24,unknown,261687,1200000,0.2
kat_Geor-swe_Latn,shaomutan_remedy-9b-22,0.934764971,916940,200000,4.6
kat_Geor-swh_Latn,shaomutan_remedy-9b-22,0.879195648,124057,200000,0.6
kat_Geor-tam_Taml,shaomutan_remedy-9b-22,0.90652119,308931,200000,1.5
kat_Geor-tel_Telu,shaomutan_remedy-9b-22,0.894840219,258207,200000,1.3
kat_Geor-tgk_Cyrl,shaomutan_remedy-9b-22,0.836733222,118242,200000,0.6
kat_Geor-tgl_Latn,shaomutan_remedy-9b-22,0.911101631,442153,200000,2.2
kat_Geor-tha_Thai,shaomutan_remedy-9b-22,0.924074922,731580,200000,3.7
kat_Geor-tur_Latn,shaomutan_remedy-9b-22,0.938469316,1358404,200000,6.8
kat_Geor-ukr_Cyrl,shaomutan_remedy-9b-22,0.919120233,881982,200000,4.4
kat_Geor-urd_Arab,shaomutan_remedy-9b-22,0.863258488,384492,200000,1.9
kat_Geor-vie_Latn,shaomutan_remedy-9b-22,0.905811681,933617,200000,4.7
kat_Geor-xho_Latn,shaomutan_remedy-9b-22,0.772293297,98630,200000,0.5
kat_Geor-yor_Latn,shaomutan_remedy-9b-22,0.64614196,99972,200000,0.5
kat_Geor-yue_Hani,metricx24,unknown,139211,1200000,0.1
kat_Geor-zho_Hans,qwen3-4b-instruct-2507,0.919318,505091,28000,18.0
kat_Geor-zho_Hant,qwen3-4b-instruct-2507,0.919597,368909,28000,13.2
kat_Geor-zsm_Latn,metricx24,0.828675711,146141,1200000,0.1
kat_Geor-zul_Latn,shaomutan_remedy-9b-22,0.782643653,57567,200000,0.3
kau_Zyyy-kin_Latn,qwen3-4b-instruct-2507,unknown,121581,28000,4.3
kau_Zyyy-lin_Latn,qwen3-4b-instruct-2507,unknown,102032,28000,3.6
kau_Zyyy-nso_Latn,metricx24,unknown,103120,1200000,0.1
kau_Zyyy-nya_Latn,qwen3-4b-instruct-2507,unknown,157391,28000,5.6
kau_Zyyy-run_Latn,qwen3-4b-instruct-2507,unknown,108491,28000,3.9
kau_Zyyy-sna_Latn,metricx24,unknown,127504,1200000,0.1
kau_Zyyy-sot_Latn,metricx24,unknown,181633,1200000,0.2
kau_Zyyy-swh_Latn,metricx24,unknown,124533,1200000,0.1
kau_Zyyy-xho_Latn,metricx24,unknown,106304,1200000,0.1
kau_Zyyy-zul_Latn,metricx24,unknown,113931,1200000,0.1
kaz_Cyrl-als_Latn,qwen3-4b-instruct-2507,0.870413,267655,28000,9.6
kaz_Cyrl-cmn_Hani,metricx24,unknown,183053,1200000,0.2
kaz_Cyrl-fil_Latn,metricx24,unknown,87531,1200000,0.1
kaz_Cyrl-kan_Knda,shaomutan_remedy-9b-22,0.904181221,101097,200000,0.5
kaz_Cyrl-khk_Cyrl,metricx24,0.806752113,81851,1200000,0.1
kaz_Cyrl-khm_Khmr,shaomutan_remedy-9b-22,0.898064841,153056,200000,0.8
kaz_Cyrl-kir_Cyrl,shaomutan_remedy-9b-22,0.89276327,101958,200000,0.5
kaz_Cyrl-kmr_Latn,metricx24,0.716039729,55278,1200000,0.0
kaz_Cyrl-kor_Hang,shaomutan_remedy-9b-22,0.943865949,372120,200000,1.9
kaz_Cyrl-kor_Zyyy,metricx24,unknown,233134,1200000,0.2
kaz_Cyrl-lao_Laoo,qwen3-4b-instruct-2507,0.835321,60800,28000,2.2
kaz_Cyrl-lav_Latn,metricx24,unknown,129640,1200000,0.1
kaz_Cyrl-lit_Latn,shaomutan_remedy-9b-22,0.910958792,648592,200000,3.2
kaz_Cyrl-lvs_Latn,shaomutan_remedy-9b-22,0.940291318,495175,200000,2.5
kaz_Cyrl-mal_Mlym,shaomutan_remedy-9b-22,0.905831407,259078,200000,1.3
kaz_Cyrl-mar_Deva,shaomutan_remedy-9b-22,0.902192858,232940,200000,1.2
kaz_Cyrl-mkd_Cyrl,qwen3-4b-instruct-2507,0.900861,513348,28000,18.3
kaz_Cyrl-mlg_Latn,metricx24,unknown,87768,1200000,0.1
kaz_Cyrl-mon_Cyrl,metricx24,unknown,91632,1200000,0.1
kaz_Cyrl-msa_Latn,metricx24,unknown,375190,1200000,0.3
kaz_Cyrl-mya_Mymr,shaomutan_remedy-9b-22,0.896916169,130997,200000,0.7
kaz_Cyrl-nep_Deva,metricx24,unknown,174045,1200000,0.1
kaz_Cyrl-nld_Latn,shaomutan_remedy-9b-22,0.921775661,1011763,200000,5.1
kaz_Cyrl-nno_Latn,shaomutan_remedy-9b-22,0.891192858,93785,200000,0.5
kaz_Cyrl-nob_Latn,shaomutan_remedy-9b-22,0.917622224,418130,200000,2.1
kaz_Cyrl-nor_Latn,metricx24,unknown,336401,1200000,0.3
kaz_Cyrl-npi_Deva,shaomutan_remedy-9b-22,0.859517299,60391,200000,0.3
kaz_Cyrl-oci_Latn,shaomutan_remedy-9b-22,0.857175084,47585,200000,0.2
kaz_Cyrl-pan_Guru,qwen3-4b-instruct-2507,0.909368,94052,28000,3.4
kaz_Cyrl-pbt_Arab,shaomutan_remedy-9b-22,0.746336932,44920,200000,0.2
kaz_Cyrl-plt_Latn,metricx24,0.749574249,48627,1200000,0.0
kaz_Cyrl-pol_Latn,shaomutan_remedy-9b-22,0.927623556,872142,200000,4.4
kaz_Cyrl-por_Latn,qwen3-4b-instruct-2507,0.899467,1382245,28000,49.4
kaz_Cyrl-pus_Arab,metricx24,unknown,63758,1200000,0.1
kaz_Cyrl-ron_Latn,shaomutan_remedy-9b-22,0.937837843,603630,200000,3.0
kaz_Cyrl-rus_Cyrl,shaomutan_remedy-9b-22,0.941561271,1812148,200000,9.1
kaz_Cyrl-sin_Sinh,shaomutan_remedy-9b-22,0.89275356,253504,200000,1.3
kaz_Cyrl-slk_Latn,shaomutan_remedy-9b-22,0.937255495,704321,200000,3.5
kaz_Cyrl-slv_Latn,shaomutan_remedy-9b-22,0.916116703,559388,200000,2.8
kaz_Cyrl-som_Latn,shaomutan_remedy-9b-22,0.710955079,81623,200000,0.4
kaz_Cyrl-sqi_Latn,metricx24,unknown,219286,1200000,0.2
kaz_Cyrl-srp_Cyrl,shaomutan_remedy-9b-22,0.914779583,466539,200000,2.3
kaz_Cyrl-sun_Latn,shaomutan_remedy-9b-22,0.788153402,108565,200000,0.5
kaz_Cyrl-swa_Latn,metricx24,unknown,203796,1200000,0.2
kaz_Cyrl-swe_Latn,shaomutan_remedy-9b-22,0.930009616,578129,200000,2.9
kaz_Cyrl-swh_Latn,shaomutan_remedy-9b-22,0.871702977,129901,200000,0.6
kaz_Cyrl-tam_Taml,qwen3-4b-instruct-2507,0.906859,286327,28000,10.2
kaz_Cyrl-tat_Cyrl,shaomutan_remedy-9b-22,0.857591452,72047,200000,0.4
kaz_Cyrl-tel_Telu,qwen3-4b-instruct-2507,0.900861,237545,28000,8.5
kaz_Cyrl-tgk_Cyrl,metricx24,0.806233409,137597,1200000,0.1
kaz_Cyrl-tgl_Latn,shaomutan_remedy-9b-22,0.905891733,334708,200000,1.7
kaz_Cyrl-tha_Thai,shaomutan_remedy-9b-22,0.914323615,479418,200000,2.4
kaz_Cyrl-tur_Latn,shaomutan_remedy-9b-22,0.933335913,1114163,200000,5.6
kaz_Cyrl-ukr_Cyrl,shaomutan_remedy-9b-22,0.940693604,883393,200000,4.4
kaz_Cyrl-urd_Arab,shaomutan_remedy-9b-22,0.885453842,282090,200000,1.4
kaz_Cyrl-uzn_Latn,qwen3-4b-instruct-2507,0.832524,203005,28000,7.3
kaz_Cyrl-vie_Latn,shaomutan_remedy-9b-22,0.903108413,880869,200000,4.4
kaz_Cyrl-xho_Latn,shaomutan_remedy-9b-22,0.750925451,146400,200000,0.7
kaz_Cyrl-yor_Latn,shaomutan_remedy-9b-22,0.629961092,75034,200000,0.4
kaz_Cyrl-yue_Hani,metricx24,unknown,124436,1200000,0.1
kaz_Cyrl-zho_Hans,qwen3-4b-instruct-2507,0.943126,460634,28000,16.5
kaz_Cyrl-zho_Hant,qwen3-4b-instruct-2507,0.935759,315752,28000,11.3
kaz_Cyrl-zsm_Latn,qwen3-4b-instruct-2507,0.800294,213770,28000,7.6
kaz_Cyrl-zul_Latn,shaomutan_remedy-9b-22,0.784681737,44887,200000,0.2
kea_Latn-por_Latn,qwen3-4b-instruct-2507,0.949348,226442,28000,8.1
khk_Cyrl-als_Latn,qwen3-4b-instruct-2507,0.818651,72596,28000,2.6
khk_Cyrl-cmn_Hani,metricx24,unknown,99187,1200000,0.1
khk_Cyrl-mar_Deva,shaomutan_remedy-9b-22,0.869449581,88986,200000,0.4
khk_Cyrl-msa_Latn,metricx24,unknown,81577,1200000,0.1
khk_Cyrl-mya_Mymr,shaomutan_remedy-9b-22,0.892910181,76564,200000,0.4
khk_Cyrl-nld_Latn,metricx24,0.879324173,304092,1200000,0.3
khk_Cyrl-nob_Latn,shaomutan_remedy-9b-22,0.870042856,63897,200000,0.3
khk_Cyrl-nor_Latn,metricx24,unknown,96989,1200000,0.1
khk_Cyrl-pol_Latn,shaomutan_remedy-9b-22,0.872766398,275969,200000,1.4
khk_Cyrl-por_Latn,qwen3-4b-instruct-2507,0.857596,389475,28000,13.9
khk_Cyrl-ron_Latn,shaomutan_remedy-9b-22,0.881672937,212062,200000,1.1
khk_Cyrl-rus_Cyrl,shaomutan_remedy-9b-22,0.884188725,456241,200000,2.3
khk_Cyrl-sin_Sinh,shaomutan_remedy-9b-22,0.867728965,91588,200000,0.5
khk_Cyrl-slk_Latn,shaomutan_remedy-9b-22,0.880603048,156403,200000,0.8
khk_Cyrl-slv_Latn,shaomutan_remedy-9b-22,0.870812723,123243,200000,0.6
khk_Cyrl-srp_Cyrl,metricx24,0.861634089,107670,1200000,0.1
khk_Cyrl-sun_Latn,shaomutan_remedy-9b-22,0.815566966,53563,200000,0.3
khk_Cyrl-swe_Latn,shaomutan_remedy-9b-22,0.877505001,193355,200000,1.0
khk_Cyrl-tam_Taml,qwen3-4b-instruct-2507,0.85107,96150,28000,3.4
khk_Cyrl-tel_Telu,shaomutan_remedy-9b-22,0.848949227,92896,200000,0.5
khk_Cyrl-tgk_Cyrl,shaomutan_remedy-9b-22,0.773553705,53560,200000,0.3
khk_Cyrl-tgl_Latn,shaomutan_remedy-9b-22,0.842019236,91061,200000,0.5
khk_Cyrl-tha_Thai,shaomutan_remedy-9b-22,0.854307408,191755,200000,1.0
khk_Cyrl-tur_Latn,shaomutan_remedy-9b-22,0.895490884,269622,200000,1.3
khk_Cyrl-ukr_Cyrl,shaomutan_remedy-9b-22,0.864322482,205276,200000,1.0
khk_Cyrl-urd_Arab,shaomutan_remedy-9b-22,0.824991396,108958,200000,0.5
khk_Cyrl-vie_Latn,shaomutan_remedy-9b-22,0.837356253,202429,200000,1.0
khk_Cyrl-zho_Hans,qwen3-4b-instruct-2507,0.90998,116602,28000,4.2
khk_Cyrl-zho_Hant,qwen3-4b-instruct-2507,0.911384,82998,28000,3.0
khm_Khmr-als_Latn,qwen3-4b-instruct-2507,0.880209,116043,28000,4.1
khm_Khmr-cmn_Hani,metricx24,unknown,423953,1200000,0.4
khm_Khmr-fil_Latn,metricx24,unknown,97817,1200000,0.1
khm_Khmr-ind_Latn,shaomutan_remedy-9b-22,0.898240518,104304,200000,0.5
khm_Khmr-kan_Knda,shaomutan_remedy-9b-22,0.885033575,63665,200000,0.3
khm_Khmr-khk_Cyrl,metricx24,0.791847376,81872,1200000,0.1
khm_Khmr-kir_Cyrl,shaomutan_remedy-9b-22,0.833842645,75230,200000,0.4
khm_Khmr-kor_Hang,shaomutan_remedy-9b-22,0.916929183,485646,200000,2.4
khm_Khmr-kor_Zyyy,metricx24,unknown,205629,1200000,0.2
khm_Khmr-lao_Laoo,qwen3-4b-instruct-2507,0.862071,67498,28000,2.4
khm_Khmr-lav_Latn,metricx24,unknown,103370,1200000,0.1
khm_Khmr-lit_Latn,shaomutan_remedy-9b-22,0.914629266,395037,200000,2.0
khm_Khmr-lvs_Latn,shaomutan_remedy-9b-22,0.92136953,237070,200000,1.2
khm_Khmr-mal_Mlym,qwen3-4b-instruct-2507,0.898094,250317,28000,8.9
khm_Khmr-mar_Deva,shaomutan_remedy-9b-22,0.87921369,191530,200000,1.0
khm_Khmr-mkd_Cyrl,qwen3-4b-instruct-2507,0.918995,305502,28000,10.9
khm_Khmr-mlg_Latn,metricx24,unknown,75105,1200000,0.1
khm_Khmr-mon_Cyrl,metricx24,unknown,82252,1200000,0.1
khm_Khmr-msa_Latn,metricx24,unknown,414924,1200000,0.3
khm_Khmr-mya_Mymr,shaomutan_remedy-9b-22,0.907302824,368814,200000,1.8
khm_Khmr-nep_Deva,metricx24,unknown,154771,1200000,0.1
khm_Khmr-nld_Latn,metricx24,0.901250361,1052895,1200000,0.9
khm_Khmr-nno_Latn,shaomutan_remedy-9b-22,0.885563084,70034,200000,0.4
khm_Khmr-nob_Latn,shaomutan_remedy-9b-22,0.905801381,282968,200000,1.4
khm_Khmr-nor_Latn,metricx24,unknown,324801,1200000,0.3
khm_Khmr-npi_Deva,shaomutan_remedy-9b-22,0.8592141,98934,200000,0.5
khm_Khmr-nya_Latn,shaomutan_remedy-9b-22,0.757787044,49125,200000,0.2
khm_Khmr-pan_Guru,qwen3-4b-instruct-2507,0.889358,81144,28000,2.9
khm_Khmr-plt_Latn,metricx24,0.777622342,55822,1200000,0.0
khm_Khmr-pol_Latn,shaomutan_remedy-9b-22,0.909451372,862066,200000,4.3
khm_Khmr-por_Latn,qwen3-4b-instruct-2507,0.892817,1326320,28000,47.4
khm_Khmr-pus_Arab,metricx24,unknown,55700,1200000,0.0
khm_Khmr-ron_Latn,shaomutan_remedy-9b-22,0.921522934,733644,200000,3.7
khm_Khmr-rus_Cyrl,shaomutan_remedy-9b-22,0.924377685,1269132,200000,6.3
khm_Khmr-sin_Sinh,shaomutan_remedy-9b-22,0.880426526,543551,200000,2.7
khm_Khmr-slk_Latn,shaomutan_remedy-9b-22,0.921961862,409359,200000,2.0
khm_Khmr-slv_Latn,shaomutan_remedy-9b-22,0.913524359,396685,200000,2.0
khm_Khmr-som_Latn,shaomutan_remedy-9b-22,0.763860712,77886,200000,0.4
khm_Khmr-sqi_Latn,metricx24,unknown,163187,1200000,0.1
khm_Khmr-srp_Cyrl,shaomutan_remedy-9b-22,0.921646156,277452,200000,1.4
khm_Khmr-srp_Latn,metricx24,unknown,176965,1200000,0.1
khm_Khmr-sun_Latn,metricx24,0.803139085,106251,1200000,0.1
khm_Khmr-swa_Latn,metricx24,unknown,154118,1200000,0.1
khm_Khmr-swe_Latn,shaomutan_remedy-9b-22,0.91281612,713408,200000,3.6
khm_Khmr-swh_Latn,shaomutan_remedy-9b-22,0.865492088,67292,200000,0.3
khm_Khmr-tam_Taml,qwen3-4b-instruct-2507,0.896152,237196,28000,8.5
khm_Khmr-tel_Telu,qwen3-4b-instruct-2507,0.891165,182582,28000,6.5
khm_Khmr-tgk_Cyrl,m-prometheus-7b,0.822941762,107947,27000,4.0
khm_Khmr-tgl_Latn,shaomutan_remedy-9b-22,0.892486367,256718,200000,1.3
khm_Khmr-tha_Thai,shaomutan_remedy-9b-22,0.924925353,781840,200000,3.9
khm_Khmr-tur_Latn,shaomutan_remedy-9b-22,0.910852796,1011470,200000,5.1
khm_Khmr-ukr_Cyrl,shaomutan_remedy-9b-22,0.9279192,508651,200000,2.5
khm_Khmr-urd_Arab,shaomutan_remedy-9b-22,0.850233978,279283,200000,1.4
khm_Khmr-vie_Latn,shaomutan_remedy-9b-22,0.895607364,794372,200000,4.0
khm_Khmr-xho_Latn,shaomutan_remedy-9b-22,0.772741763,78825,200000,0.4
khm_Khmr-yor_Latn,shaomutan_remedy-9b-22,0.67653722,81186,200000,0.4
khm_Khmr-yue_Hani,metricx24,unknown,104016,1200000,0.1
khm_Khmr-zho_Hans,qwen3-4b-instruct-2507,0.926625,325555,28000,11.6
khm_Khmr-zho_Hant,qwen3-4b-instruct-2507,0.91782,409785,28000,14.6
khm_Khmr-zsm_Latn,metricx24,0.851176229,201453,1200000,0.2
kin_Latn-eng_Latn,shaomutan_remedy-9b-22,0.869437977,84236,200000,0.4
kin_Latn-fra_Latn,shaomutan_remedy-9b-22,0.902906813,188075,200000,0.9
kin_Latn-heb_Hebr,shaomutan_remedy-9b-22,0.866632165,33057,200000,0.2
kin_Latn-hun_Latn,shaomutan_remedy-9b-22,0.915875624,61443,200000,0.3
kin_Latn-ind_Latn,shaomutan_remedy-9b-22,0.861966747,108940,200000,0.5
kin_Latn-ita_Latn,shaomutan_remedy-9b-22,0.883722497,191826,200000,1.0
kin_Latn-jpn_Jpan,shaomutan_remedy-9b-22,0.926130659,99758,200000,0.5
kin_Latn-lin_Latn,shaomutan_remedy-9b-22,0.486876461,179796,200000,0.9
kin_Latn-lua_Latn,metricx24,0.381524221,101773,1200000,0.1
kin_Latn-lug_Latn,shaomutan_remedy-9b-22,0.522846548,146287,200000,0.7
kin_Latn-luo_Latn,metricx24,0.32541308,110567,1200000,0.1
kin_Latn-nld_Latn,shaomutan_remedy-9b-22,0.866714103,155158,200000,0.8
kin_Latn-nso_Latn,metricx24,0.579985976,189952,1200000,0.2
kin_Latn-nya_Latn,shaomutan_remedy-9b-22,0.677913167,352007,200000,1.8
kin_Latn-pol_Latn,shaomutan_remedy-9b-22,0.885735139,143092,200000,0.7
kin_Latn-por_Latn,shaomutan_remedy-9b-22,0.853204263,256821,200000,1.3
kin_Latn-ron_Latn,shaomutan_remedy-9b-22,0.896264032,90469,200000,0.5
kin_Latn-run_Latn,m-prometheus-7b,0.81269786,333216,27000,12.3
kin_Latn-rus_Cyrl,shaomutan_remedy-9b-22,0.905451492,244274,200000,1.2
kin_Latn-sin_Sinh,shaomutan_remedy-9b-22,0.844795777,24065,200000,0.1
kin_Latn-slk_Latn,shaomutan_remedy-9b-22,0.895852493,65741,200000,0.3
kin_Latn-slv_Latn,shaomutan_remedy-9b-22,0.881921106,46667,200000,0.2
kin_Latn-sna_Latn,shaomutan_remedy-9b-22,0.707428442,334139,200000,1.7
kin_Latn-som_Latn,shaomutan_remedy-9b-22,0.715287119,260043,200000,1.3
kin_Latn-sot_Latn,metricx24,0.663485929,314075,1200000,0.3
kin_Latn-spa_Latn,shaomutan_remedy-9b-22,0.866134294,193190,200000,1.0
kin_Latn-srp_Cyrl,shaomutan_remedy-9b-22,0.910256514,32788,200000,0.2
kin_Latn-ssw_Latn,metricx24,0.552922446,95723,1200000,0.1
kin_Latn-swa_Latn,qwen3-4b-instruct-2507,unknown,324254,28000,11.6
kin_Latn-swc_Latn,qwen3-4b-instruct-2507,unknown,121232,28000,4.3
kin_Latn-swe_Latn,shaomutan_remedy-9b-22,0.883863278,155503,200000,0.8
kin_Latn-swh_Latn,shaomutan_remedy-9b-22,0.830590082,308733,200000,1.5
kin_Latn-tgl_Latn,metricx24,0.807290007,66234,1200000,0.1
kin_Latn-tha_Thai,shaomutan_remedy-9b-22,0.87271522,56171,200000,0.3
kin_Latn-tir_Ethi,shaomutan_remedy-9b-22,0.667854666,137692,200000,0.7
kin_Latn-tsn_Latn,metricx24,0.635565843,256880,1200000,0.2
kin_Latn-tso_Latn,metricx24,0.536891142,254854,1200000,0.2
kin_Latn-tum_Latn,metricx24,0.641197489,163736,1200000,0.1
kin_Latn-tur_Latn,shaomutan_remedy-9b-22,0.880293156,169447,200000,0.8
kin_Latn-twi_Latn,metricx24,0.432333651,190886,1200000,0.2
kin_Latn-ukr_Cyrl,shaomutan_remedy-9b-22,0.906314952,112889,200000,0.6
kin_Latn-umb_Latn,qwen3-4b-instruct-2507,0.355346,98330,28000,3.5
kin_Latn-vie_Latn,shaomutan_remedy-9b-22,0.866334055,68112,200000,0.3
kin_Latn-wln_Latn,qwen3-4b-instruct-2507,unknown,9094,28000,0.3
kin_Latn-xho_Latn,shaomutan_remedy-9b-22,0.738859326,376020,200000,1.9
kin_Latn-yor_Latn,shaomutan_remedy-9b-22,0.509629346,219232,200000,1.1
kin_Latn-zho_Hans,qwen3-4b-instruct-2507,0.827919,116845,28000,4.2
kin_Latn-zul_Latn,shaomutan_remedy-9b-22,0.767383065,426536,200000,2.1
kir_Cyrl-als_Latn,qwen3-4b-instruct-2507,0.813664,60338,28000,2.2
kir_Cyrl-fil_Latn,metricx24,unknown,58558,1200000,0.0
kir_Cyrl-khk_Cyrl,metricx24,0.777870314,51597,1200000,0.0
kir_Cyrl-lit_Latn,shaomutan_remedy-9b-22,0.920893613,185516,200000,0.9
kir_Cyrl-lvs_Latn,shaomutan_remedy-9b-22,0.922898526,124922,200000,0.6
kir_Cyrl-mal_Mlym,shaomutan_remedy-9b-22,0.891213191,99116,200000,0.5
kir_Cyrl-mar_Deva,shaomutan_remedy-9b-22,0.89478267,108211,200000,0.5
kir_Cyrl-mkd_Cyrl,shaomutan_remedy-9b-22,0.890422523,135340,200000,0.7
kir_Cyrl-mlg_Latn,metricx24,unknown,39676,1200000,0.0
kir_Cyrl-msa_Latn,metricx24,unknown,110215,1200000,0.1
kir_Cyrl-mya_Mymr,shaomutan_remedy-9b-22,0.903559348,72722,200000,0.4
kir_Cyrl-nep_Deva,metricx24,unknown,70741,1200000,0.1
kir_Cyrl-nld_Latn,shaomutan_remedy-9b-22,0.898837703,502256,200000,2.5
kir_Cyrl-nob_Latn,shaomutan_remedy-9b-22,0.894352006,64234,200000,0.3
kir_Cyrl-nor_Latn,metricx24,unknown,146834,1200000,0.1
kir_Cyrl-pol_Latn,shaomutan_remedy-9b-22,0.908906844,391231,200000,2.0
kir_Cyrl-por_Latn,shaomutan_remedy-9b-22,0.869508929,710343,200000,3.6
kir_Cyrl-ron_Latn,shaomutan_remedy-9b-22,0.915839947,259815,200000,1.3
kir_Cyrl-rus_Cyrl,shaomutan_remedy-9b-22,0.920269027,5870159,200000,29.4
kir_Cyrl-sin_Sinh,shaomutan_remedy-9b-22,0.885372477,117011,200000,0.6
kir_Cyrl-slk_Latn,shaomutan_remedy-9b-22,0.919079067,173495,200000,0.9
kir_Cyrl-slv_Latn,shaomutan_remedy-9b-22,0.907893414,146532,200000,0.7
kir_Cyrl-som_Latn,shaomutan_remedy-9b-22,0.679055953,48820,200000,0.2
kir_Cyrl-sqi_Latn,metricx24,unknown,87397,1200000,0.1
kir_Cyrl-srp_Cyrl,shaomutan_remedy-9b-22,0.913826578,111354,200000,0.6
kir_Cyrl-sun_Latn,shaomutan_remedy-9b-22,0.770536567,66236,200000,0.3
kir_Cyrl-swa_Latn,metricx24,unknown,82643,1200000,0.1
kir_Cyrl-swe_Latn,shaomutan_remedy-9b-22,0.905539569,251796,200000,1.3
kir_Cyrl-tam_Taml,shaomutan_remedy-9b-22,0.894668353,100895,200000,0.5
kir_Cyrl-tat_Cyrl,shaomutan_remedy-9b-22,0.896038229,410735,200000,2.1
kir_Cyrl-tel_Telu,shaomutan_remedy-9b-22,0.876940328,108332,200000,0.5
kir_Cyrl-tgk_Cyrl,shaomutan_remedy-9b-22,0.808344306,78419,200000,0.4
kir_Cyrl-tgl_Latn,shaomutan_remedy-9b-22,0.915439971,178081,200000,0.9
kir_Cyrl-tha_Thai,shaomutan_remedy-9b-22,0.894134891,196126,200000,1.0
kir_Cyrl-tur_Latn,shaomutan_remedy-9b-22,0.927412872,356361,200000,1.8
kir_Cyrl-uig_Arab,shaomutan_remedy-9b-22,0.871251618,118188,200000,0.6
kir_Cyrl-ukr_Cyrl,shaomutan_remedy-9b-22,0.915862888,232589,200000,1.2
kir_Cyrl-urd_Arab,shaomutan_remedy-9b-22,0.871889211,124527,200000,0.6
kir_Cyrl-uzn_Latn,qwen3-4b-instruct-2507,0.762658,571567,28000,20.4
kir_Cyrl-vie_Latn,shaomutan_remedy-9b-22,0.872873685,265007,200000,1.3
kir_Cyrl-zho_Hans,qwen3-4b-instruct-2507,0.926003,206237,28000,7.4
kir_Cyrl-zho_Hant,qwen3-4b-instruct-2507,0.915684,161716,28000,5.8
kiu_Latn-eng_Latn,metricx24,unknown,584267,1200000,0.5
kiu_Latn-fin_Latn,metricx24,unknown,124539,1200000,0.1
kiu_Latn-fra_Latn,metricx24,unknown,809312,1200000,0.7
kiu_Latn-heb_Hebr,metricx24,unknown,50702,1200000,0.0
kiu_Latn-hrv_Latn,qwen3-4b-instruct-2507,unknown,60070,28000,2.1
kiu_Latn-hun_Latn,metricx24,unknown,135831,1200000,0.1
kiu_Latn-ind_Latn,metricx24,unknown,114234,1200000,0.1
kiu_Latn-ita_Latn,metricx24,unknown,484919,1200000,0.4
kiu_Latn-jpn_Jpan,metricx24,unknown,141214,1200000,0.1
kiu_Latn-lit_Latn,metricx24,unknown,66610,1200000,0.1
kiu_Latn-nld_Latn,metricx24,unknown,423213,1200000,0.4
kiu_Latn-nor_Latn,qwen3-4b-instruct-2507,unknown,123877,28000,4.4
kiu_Latn-pol_Latn,metricx24,unknown,287762,1200000,0.2
kiu_Latn-por_Latn,metricx24,unknown,627581,1200000,0.5
kiu_Latn-ron_Latn,metricx24,unknown,113654,1200000,0.1
kiu_Latn-rus_Cyrl,metricx24,unknown,342251,1200000,0.3
kiu_Latn-slk_Latn,metricx24,unknown,92564,1200000,0.1
kiu_Latn-spa_Latn,metricx24,unknown,837466,1200000,0.7
kiu_Latn-swe_Latn,metricx24,unknown,245698,1200000,0.2
kiu_Latn-tur_Latn,metricx24,unknown,186375,1200000,0.2
kiu_Latn-ukr_Cyrl,metricx24,unknown,97842,1200000,0.1
kiu_Latn-vie_Latn,metricx24,unknown,101841,1200000,0.1
kiu_Latn-zho_Hans,metricx24,unknown,147446,1200000,0.1
kmb_Latn-por_Latn,qwen3-4b-instruct-2507,0.784973,213310,28000,7.6
kmr_Latn-als_Latn,qwen3-4b-instruct-2507,0.737889,50157,28000,1.8
kmr_Latn-kir_Cyrl,shaomutan_remedy-9b-22,0.845585448,44341,200000,0.2
kmr_Latn-lit_Latn,shaomutan_remedy-9b-22,0.87631783,117141,200000,0.6
kmr_Latn-lvs_Latn,shaomutan_remedy-9b-22,0.873446302,86230,200000,0.4
kmr_Latn-mal_Mlym,shaomutan_remedy-9b-22,0.834399278,78333,200000,0.4
kmr_Latn-mar_Deva,shaomutan_remedy-9b-22,0.83270395,71696,200000,0.4
kmr_Latn-mkd_Cyrl,shaomutan_remedy-9b-22,0.868359795,80986,200000,0.4
kmr_Latn-msa_Latn,metricx24,unknown,77134,1200000,0.1
kmr_Latn-nep_Deva,metricx24,unknown,46167,1200000,0.0
kmr_Latn-nld_Latn,metricx24,0.868656323,372464,1200000,0.3
kmr_Latn-nno_Latn,shaomutan_remedy-9b-22,0.821963988,41297,200000,0.2
kmr_Latn-nob_Latn,shaomutan_remedy-9b-22,0.846188923,75119,200000,0.4
kmr_Latn-nor_Latn,metricx24,unknown,88139,1200000,0.1
kmr_Latn-pan_Guru,qwen3-4b-instruct-2507,0.848163,36227,28000,1.3
kmr_Latn-pbt_Arab,shaomutan_remedy-9b-22,0.750731784,120674,200000,0.6
kmr_Latn-pol_Latn,shaomutan_remedy-9b-22,0.870241675,276196,200000,1.4
kmr_Latn-por_Latn,qwen3-4b-instruct-2507,0.865923,504743,28000,18.0
kmr_Latn-ron_Latn,shaomutan_remedy-9b-22,0.883297094,196549,200000,1.0
kmr_Latn-rus_Cyrl,shaomutan_remedy-9b-22,0.884074111,456983,200000,2.3
kmr_Latn-sin_Sinh,shaomutan_remedy-9b-22,0.833368493,75215,200000,0.4
kmr_Latn-slk_Latn,shaomutan_remedy-9b-22,0.871683741,131847,200000,0.7
kmr_Latn-slv_Latn,shaomutan_remedy-9b-22,0.850988471,112185,200000,0.6
kmr_Latn-srp_Cyrl,shaomutan_remedy-9b-22,0.885824833,76244,200000,0.4
kmr_Latn-swe_Latn,shaomutan_remedy-9b-22,0.8616706,194714,200000,1.0
kmr_Latn-tam_Taml,shaomutan_remedy-9b-22,0.825913106,75053,200000,0.4
kmr_Latn-tel_Telu,shaomutan_remedy-9b-22,0.807505913,73070,200000,0.4
kmr_Latn-tgk_Cyrl,shaomutan_remedy-9b-22,0.825101301,162407,200000,0.8
kmr_Latn-tgl_Latn,metricx24,0.824404534,106136,1200000,0.1
kmr_Latn-tha_Thai,shaomutan_remedy-9b-22,0.850845643,151786,200000,0.8
kmr_Latn-tur_Latn,shaomutan_remedy-9b-22,0.888603451,267105,200000,1.3
kmr_Latn-ukr_Cyrl,shaomutan_remedy-9b-22,0.891995706,158639,200000,0.8
kmr_Latn-urd_Arab,shaomutan_remedy-9b-22,0.816040925,72774,200000,0.4
kmr_Latn-vie_Latn,qwen3-4b-instruct-2507,0.850299,189058,28000,6.8
kmr_Latn-xho_Latn,metricx24,0.663668005,35003,1200000,0.0
kmr_Latn-zho_Hans,qwen3-4b-instruct-2507,0.912394,139372,28000,5.0
kmr_Latn-zho_Hant,qwen3-4b-instruct-2507,0.91338,129376,28000,4.6
kor_Hang-abk_Cyrl,metricx24,unknown,47524,1200000,0.0
kor_Hang-afr_Latn,shaomutan_remedy-9b-22,0.915905836,128148,200000,0.6
kor_Hang-als_Latn,qwen3-4b-instruct-2507,0.92111,1068487,28000,38.2
kor_Hang-bak_Cyrl,shaomutan_remedy-9b-22,0.885743031,57421,200000,0.3
kor_Hang-ces_Latn,qwen3-4b-instruct-2507,0.968347,131305,28000,4.7
kor_Hang-ckb_Arab,metricx24,0.754084579,129338,1200000,0.1
kor_Hang-cmn_Hani,metricx24,unknown,9541368,1200000,8.0
kor_Hang-dan_Latn,qwen3-4b-instruct-2507,0.948412,215991,28000,7.7
kor_Hang-eng_Latn,qwen3-4b-instruct-2507,0.975296,266487,28000,9.5
kor_Hang-eus_Latn,shaomutan_remedy-9b-22,0.912378143,185741,200000,0.9
kor_Hang-fil_Latn,metricx24,unknown,779014,1200000,0.6
kor_Hang-fur_Latn,qwen3-4b-instruct-2507,0.878492,64757,28000,2.3
kor_Hang-hbs_Latn,metricx24,unknown,74192,1200000,0.1
kor_Hang-hrv_Latn,qwen3-4b-instruct-2507,0.94893,287312,28000,10.3
kor_Hang-ind_Latn,qwen3-4b-instruct-2507,0.932379,1632477,28000,58.3
kor_Hang-kab_Latn,metricx24,0.381400767,46620,1200000,0.0
kor_Hang-khk_Cyrl,metricx24,0.815110908,121794,1200000,0.1
kor_Hang-kir_Cyrl,shaomutan_remedy-9b-22,0.881884696,62791,200000,0.3
kor_Hang-kmr_Latn,metricx24,0.720973032,59771,1200000,0.0
kor_Hang-lat_Latn,metricx24,unknown,119370,1200000,0.1
kor_Hang-lav_Latn,metricx24,unknown,502280,1200000,0.4
kor_Hang-lim_Latn,qwen3-4b-instruct-2507,0.798716,65991,28000,2.4
kor_Hang-lit_Latn,qwen3-4b-instruct-2507,0.913574,4500837,28000,160.7
kor_Hang-ltz_Latn,qwen3-4b-instruct-2507,0.887103,79251,28000,2.8
kor_Hang-lvs_Latn,qwen3-4b-instruct-2507,0.93665,2754652,28000,98.4
kor_Hang-lzh_Hani,metricx24,unknown,310042,1200000,0.3
kor_Hang-mal_Mlym,qwen3-4b-instruct-2507,0.934769,1137027,28000,40.6
kor_Hang-mar_Deva,qwen3-4b-instruct-2507,0.929283,379184,28000,13.5
kor_Hang-mkd_Cyrl,qwen3-4b-instruct-2507,0.94892,3075980,28000,109.9
kor_Hang-mlg_Latn,metricx24,unknown,91098,1200000,0.1
kor_Hang-mlt_Latn,shaomutan_remedy-9b-22,0.906677956,110966,200000,0.6
kor_Hang-mon_Cyrl,metricx24,unknown,72180,1200000,0.1
kor_Hang-mri_Latn,shaomutan_remedy-9b-22,0.70238188,63599,200000,0.3
kor_Hang-msa_Latn,metricx24,unknown,3882618,1200000,3.2
kor_Hang-mya_Mymr,shaomutan_remedy-9b-22,0.916068211,585403,200000,2.9
kor_Hang-nep_Deva,metricx24,unknown,182784,1200000,0.2
kor_Hang-nld_Latn,metricx24,0.900098,27355196,1200000,22.8
kor_Hang-nno_Latn,qwen3-4b-instruct-2507,0.91782,251533,28000,9.0
kor_Hang-nob_Latn,shaomutan_remedy-9b-22,0.957533121,11972631,200000,59.9
kor_Hang-nor_Latn,metricx24,unknown,5195949,1200000,4.3
kor_Hang-npi_Deva,qwen3-4b-instruct-2507,0.913932,136984,28000,4.9
kor_Hang-oci_Latn,qwen3-4b-instruct-2507,0.882987,80798,28000,2.9
kor_Hang-pan_Guru,qwen3-4b-instruct-2507,0.944594,61151,28000,2.2
kor_Hang-plt_Latn,metricx24,0.774520233,88154,1200000,0.1
kor_Hang-pol_Latn,metricx24,0.823412,25795817,1200000,21.5
kor_Hang-por_Latn,metricx24,0.857126,25014464,1200000,20.8
kor_Hang-ron_Latn,metricx24,0.854294,20182442,1200000,16.8
kor_Hang-rus_Cyrl,metricx24,0.875894,24649625,1200000,20.5
kor_Hang-sin_Sinh,shaomutan_remedy-9b-22,0.909214603,1276869,200000,6.4
kor_Hang-slk_Latn,metricx24,0.804387,7623835,1200000,6.4
kor_Hang-slv_Latn,metricx24,0.860322,8043917,1200000,6.7
kor_Hang-snd_Arab,qwen3-4b-instruct-2507,0.891817,76554,28000,2.7
kor_Hang-som_Latn,shaomutan_remedy-9b-22,0.723397324,116932,200000,0.6
kor_Hang-sqi_Latn,metricx24,unknown,512316,1200000,0.4
kor_Hang-srd_Latn,qwen3-4b-instruct-2507,0.831847,106671,28000,3.8
kor_Hang-srp_Cyrl,qwen3-4b-instruct-2507,0.955679,2586934,28000,92.4
kor_Hang-srp_Latn,metricx24,unknown,10296563,1200000,8.6
kor_Hang-sun_Latn,qwen3-4b-instruct-2507,0.863992,110929,28000,4.0
kor_Hang-swa_Latn,metricx24,unknown,470515,1200000,0.4
kor_Hang-swc_Latn,metricx24,unknown,114988,1200000,0.1
kor_Hang-swe_Latn,metricx24,0.875582,24021149,1200000,20.0
kor_Hang-swh_Latn,shaomutan_remedy-9b-22,0.896741802,520806,200000,2.6
kor_Hang-tam_Taml,qwen3-4b-instruct-2507,0.92888,1684687,28000,60.2
kor_Hang-tat_Cyrl,shaomutan_remedy-9b-22,0.873777806,89260,200000,0.4
kor_Hang-tel_Telu,qwen3-4b-instruct-2507,0.938079,1072655,28000,38.3
kor_Hang-tgk_Cyrl,qwen3-4b-instruct-2507,0.87989,86526,28000,3.1
kor_Hang-tgl_Latn,qwen3-4b-instruct-2507,0.925694,631188,28000,22.5
kor_Hang-tha_Thai,metricx24,0.827449,12811634,1200000,10.7
kor_Hang-tur_Latn,metricx24,0.799585,24634589,1200000,20.5
kor_Hang-ukr_Cyrl,metricx24,0.82435,7684564,1200000,6.4
kor_Hang-urd_Arab,qwen3-4b-instruct-2507,0.895913,1191605,28000,42.6
kor_Hang-uzn_Latn,qwen3-4b-instruct-2507,0.882693,106147,28000,3.8
kor_Hang-vie_Latn,metricx24,0.852813,18352540,1200000,15.3
kor_Hang-xho_Latn,shaomutan_remedy-9b-22,0.771428434,214353,200000,1.1
kor_Hang-yor_Latn,shaomutan_remedy-9b-22,0.660085298,57918,200000,0.3
kor_Hang-yue_Hani,metricx24,unknown,609733,1200000,0.5
kor_Hang-zho_Hans,qwen3-4b-instruct-2507,0.968138,3848089,28000,137.4
kor_Hang-zho_Hant,qwen3-4b-instruct-2507,0.955769,4427332,28000,158.1
kor_Hang-zsm_Latn,qwen3-4b-instruct-2507,0.889751,2425647,28000,86.6
kor_Zyyy-als_Latn,metricx24,unknown,110262,1200000,0.1
kor_Zyyy-cmn_Hani,qwen3-4b-instruct-2507,unknown,519230,28000,18.5
kor_Zyyy-dan_Latn,metricx24,unknown,77123,1200000,0.1
kor_Zyyy-eng_Latn,metricx24,unknown,54903,1200000,0.0
kor_Zyyy-eus_Latn,metricx24,unknown,71607,1200000,0.1
kor_Zyyy-fil_Latn,qwen3-4b-instruct-2507,unknown,73248,28000,2.6
kor_Zyyy-fur_Latn,qwen3-4b-instruct-2507,unknown,97568,28000,3.5
kor_Zyyy-hbs_Latn,qwen3-4b-instruct-2507,unknown,54803,28000,2.0
kor_Zyyy-ind_Latn,metricx24,unknown,172083,1200000,0.1
kor_Zyyy-lat_Latn,qwen3-4b-instruct-2507,unknown,75194,28000,2.7
kor_Zyyy-lav_Latn,qwen3-4b-instruct-2507,unknown,327750,28000,11.7
kor_Zyyy-lit_Latn,metricx24,unknown,1035971,1200000,0.9
kor_Zyyy-ltz_Latn,metricx24,unknown,96930,1200000,0.1
kor_Zyyy-lvs_Latn,metricx24,unknown,491348,1200000,0.4
kor_Zyyy-lzh_Hani,qwen3-4b-instruct-2507,unknown,202656,28000,7.2
kor_Zyyy-mal_Mlym,metricx24,unknown,344898,1200000,0.3
kor_Zyyy-mar_Deva,metricx24,unknown,245981,1200000,0.2
kor_Zyyy-mkd_Cyrl,metricx24,unknown,676073,1200000,0.6
kor_Zyyy-mlg_Latn,qwen3-4b-instruct-2507,unknown,94504,28000,3.4
kor_Zyyy-mon_Cyrl,qwen3-4b-instruct-2507,unknown,98742,28000,3.5
kor_Zyyy-msa_Latn,qwen3-4b-instruct-2507,unknown,1109837,28000,39.6
kor_Zyyy-mya_Mymr,metricx24,unknown,113164,1200000,0.1
kor_Zyyy-nep_Deva,qwen3-4b-instruct-2507,unknown,158311,28000,5.7
kor_Zyyy-nld_Latn,metricx24,unknown,5321034,1200000,4.4
kor_Zyyy-nno_Latn,metricx24,unknown,134854,1200000,0.1
kor_Zyyy-nob_Latn,metricx24,unknown,688700,1200000,0.6
kor_Zyyy-nor_Latn,qwen3-4b-instruct-2507,unknown,1808497,28000,64.6
kor_Zyyy-oci_Latn,qwen3-4b-instruct-2507,unknown,90650,28000,3.2
kor_Zyyy-pan_Guru,metricx24,unknown,66558,1200000,0.1
kor_Zyyy-pol_Latn,metricx24,unknown,5427718,1200000,4.5
kor_Zyyy-por_Latn,metricx24,unknown,6362452,1200000,5.3
kor_Zyyy-ron_Latn,metricx24,unknown,2929304,1200000,2.4
kor_Zyyy-rus_Cyrl,metricx24,unknown,6525846,1200000,5.4
kor_Zyyy-sin_Sinh,metricx24,unknown,350519,1200000,0.3
kor_Zyyy-slk_Latn,metricx24,unknown,1806459,1200000,1.5
kor_Zyyy-slv_Latn,metricx24,unknown,1273931,1200000,1.1
kor_Zyyy-som_Latn,metricx24,unknown,80058,1200000,0.1
kor_Zyyy-sqi_Latn,qwen3-4b-instruct-2507,unknown,455810,28000,16.3
kor_Zyyy-srd_Latn,qwen3-4b-instruct-2507,unknown,152329,28000,5.4
kor_Zyyy-srp_Cyrl,metricx24,unknown,518758,1200000,0.4
kor_Zyyy-srp_Latn,qwen3-4b-instruct-2507,unknown,853461,28000,30.5
kor_Zyyy-sun_Latn,metricx24,unknown,96634,1200000,0.1
kor_Zyyy-swa_Latn,qwen3-4b-instruct-2507,unknown,360130,28000,12.9
kor_Zyyy-swe_Latn,metricx24,unknown,4794860,1200000,4.0
kor_Zyyy-tam_Taml,metricx24,unknown,445791,1200000,0.4
kor_Zyyy-tel_Telu,metricx24,unknown,203375,1200000,0.2
kor_Zyyy-tgl_Latn,qwen3-4b-instruct-2507,unknown,738256,28000,26.4
kor_Zyyy-tha_Thai,metricx24,unknown,2172124,1200000,1.8
kor_Zyyy-tur_Latn,metricx24,unknown,5127292,1200000,4.3
kor_Zyyy-ukr_Cyrl,metricx24,unknown,1767991,1200000,1.5
kor_Zyyy-urd_Arab,metricx24,unknown,390195,1200000,0.3
kor_Zyyy-vie_Latn,metricx24,unknown,3358892,1200000,2.8
kor_Zyyy-xho_Latn,metricx24,unknown,170232,1200000,0.1
kor_Zyyy-yue_Hani,qwen3-4b-instruct-2507,unknown,288122,28000,10.3
kor_Zyyy-zho_Hans,metricx24,unknown,2885519,1200000,2.4
kor_Zyyy-zho_Hant,metricx24,unknown,1279641,1200000,1.1
kor_Zyyy-zsm_Latn,metricx24,unknown,154896,1200000,0.1
lad_Latn-fra_Latn,metricx24,unknown,69492,1200000,0.1
lao_Laoo-lit_Latn,shaomutan_remedy-9b-22,0.896260476,107148,200000,0.5
lao_Laoo-lvs_Latn,shaomutan_remedy-9b-22,0.897962053,62274,200000,0.3
lao_Laoo-mal_Mlym,shaomutan_remedy-9b-22,0.867343111,60714,200000,0.3
lao_Laoo-mar_Deva,shaomutan_remedy-9b-22,0.861186213,61800,200000,0.3
lao_Laoo-mkd_Cyrl,qwen3-4b-instruct-2507,0.890114,77400,28000,2.8
lao_Laoo-msa_Latn,metricx24,unknown,81820,1200000,0.1
lao_Laoo-mya_Mymr,shaomutan_remedy-9b-22,0.895260679,54783,200000,0.3
lao_Laoo-nld_Latn,metricx24,0.904767897,311664,1200000,0.3
lao_Laoo-nor_Latn,metricx24,unknown,97587,1200000,0.1
lao_Laoo-pol_Latn,shaomutan_remedy-9b-22,0.891300332,247434,200000,1.2
lao_Laoo-por_Latn,shaomutan_remedy-9b-22,0.902520741,452280,200000,2.3
lao_Laoo-ron_Latn,shaomutan_remedy-9b-22,0.905455897,155710,200000,0.8
lao_Laoo-rus_Cyrl,shaomutan_remedy-9b-22,0.943184868,1307408,200000,6.5
lao_Laoo-sin_Sinh,shaomutan_remedy-9b-22,0.858312351,66752,200000,0.3
lao_Laoo-slk_Latn,shaomutan_remedy-9b-22,0.904998787,105057,200000,0.5
lao_Laoo-slv_Latn,shaomutan_remedy-9b-22,0.885093537,80381,200000,0.4
lao_Laoo-srp_Cyrl,shaomutan_remedy-9b-22,0.900145177,63107,200000,0.3
lao_Laoo-swe_Latn,shaomutan_remedy-9b-22,0.897499838,145951,200000,0.7
lao_Laoo-tam_Taml,shaomutan_remedy-9b-22,0.865410977,70394,200000,0.4
lao_Laoo-tel_Telu,qwen3-4b-instruct-2507,0.862643,62797,28000,2.2
lao_Laoo-tgl_Latn,shaomutan_remedy-9b-22,0.877945862,130000,200000,0.7
lao_Laoo-tha_Thai,shaomutan_remedy-9b-22,0.928878291,137967,200000,0.7
lao_Laoo-tur_Latn,shaomutan_remedy-9b-22,0.888040628,216009,200000,1.1
lao_Laoo-ukr_Cyrl,shaomutan_remedy-9b-22,0.914436868,138122,200000,0.7
lao_Laoo-urd_Arab,shaomutan_remedy-9b-22,0.838396544,81376,200000,0.4
lao_Laoo-vie_Latn,shaomutan_remedy-9b-22,0.881079876,163694,200000,0.8
lao_Laoo-zho_Hans,qwen3-4b-instruct-2507,0.906018,132779,28000,4.7
lao_Laoo-zho_Hant,qwen3-4b-instruct-2507,0.895794,113398,28000,4.0
lat_Latn-cmn_Hani,qwen3-4b-instruct-2507,unknown,91387,28000,3.3
lat_Latn-eng_Latn,metricx24,unknown,96394,1200000,0.1
lat_Latn-fra_Latn,metricx24,unknown,199321,1200000,0.2
lat_Latn-heb_Hebr,metricx24,unknown,44064,1200000,0.0
lat_Latn-hrv_Latn,qwen3-4b-instruct-2507,unknown,48340,28000,1.7
lat_Latn-hun_Latn,metricx24,unknown,68249,1200000,0.1
lat_Latn-ind_Latn,metricx24,unknown,64548,1200000,0.1
lat_Latn-ita_Latn,metricx24,unknown,153221,1200000,0.1
lat_Latn-jpn_Jpan,metricx24,unknown,51450,1200000,0.0
lat_Latn-lav_Latn,qwen3-4b-instruct-2507,unknown,62205,28000,2.2
lat_Latn-lit_Latn,metricx24,unknown,192186,1200000,0.2
lat_Latn-ltz_Latn,metricx24,unknown,60515,1200000,0.1
lat_Latn-lvs_Latn,metricx24,unknown,79150,1200000,0.1
lat_Latn-mal_Mlym,metricx24,unknown,145635,1200000,0.1
lat_Latn-mar_Deva,metricx24,unknown,129942,1200000,0.1
lat_Latn-mkd_Cyrl,metricx24,unknown,184869,1200000,0.2
lat_Latn-mlg_Latn,qwen3-4b-instruct-2507,unknown,49082,28000,1.8
lat_Latn-msa_Latn,qwen3-4b-instruct-2507,unknown,117530,28000,4.2
lat_Latn-nep_Deva,qwen3-4b-instruct-2507,unknown,52391,28000,1.9
lat_Latn-nld_Latn,metricx24,unknown,371453,1200000,0.3
lat_Latn-nor_Latn,qwen3-4b-instruct-2507,unknown,178170,28000,6.4
lat_Latn-oci_Latn,qwen3-4b-instruct-2507,unknown,77146,28000,2.8
lat_Latn-pol_Latn,metricx24,unknown,390441,1200000,0.3
lat_Latn-por_Latn,metricx24,unknown,875720,1200000,0.7
lat_Latn-ron_Latn,metricx24,unknown,467301,1200000,0.4
lat_Latn-rus_Cyrl,metricx24,unknown,542091,1200000,0.5
lat_Latn-sin_Sinh,metricx24,unknown,112083,1200000,0.1
lat_Latn-slk_Latn,metricx24,unknown,265930,1200000,0.2
lat_Latn-slv_Latn,metricx24,unknown,188593,1200000,0.2
lat_Latn-spa_Latn,metricx24,unknown,142306,1200000,0.1
lat_Latn-sqi_Latn,qwen3-4b-instruct-2507,unknown,129509,28000,4.6
lat_Latn-srp_Cyrl,metricx24,unknown,181892,1200000,0.2
lat_Latn-srp_Latn,qwen3-4b-instruct-2507,unknown,108731,28000,3.9
lat_Latn-swa_Latn,qwen3-4b-instruct-2507,unknown,102991,28000,3.7
lat_Latn-swe_Latn,metricx24,unknown,396127,1200000,0.3
lat_Latn-tam_Taml,metricx24,unknown,189114,1200000,0.2
lat_Latn-tel_Telu,metricx24,unknown,68709,1200000,0.1
lat_Latn-tgl_Latn,qwen3-4b-instruct-2507,unknown,119577,28000,4.3
lat_Latn-tha_Thai,metricx24,unknown,167462,1200000,0.1
lat_Latn-tur_Latn,metricx24,unknown,509655,1200000,0.4
lat_Latn-ukr_Cyrl,metricx24,unknown,273684,1200000,0.2
lat_Latn-urd_Arab,metricx24,unknown,105885,1200000,0.1
lat_Latn-vie_Latn,metricx24,unknown,143340,1200000,0.1
lat_Latn-xho_Latn,metricx24,unknown,91306,1200000,0.1
lat_Latn-zho_Hans,metricx24,unknown,231173,1200000,0.2
lav_Latn-als_Latn,metricx24,unknown,142288,1200000,0.1
lav_Latn-cmn_Hani,qwen3-4b-instruct-2507,unknown,270072,28000,9.6
lav_Latn-fur_Latn,qwen3-4b-instruct-2507,unknown,70007,28000,2.5
lav_Latn-hbs_Latn,qwen3-4b-instruct-2507,unknown,121910,28000,4.4
lav_Latn-ind_Latn,metricx24,unknown,99985,1200000,0.1
lav_Latn-mal_Mlym,metricx24,unknown,213620,1200000,0.2
lav_Latn-mar_Deva,metricx24,unknown,178102,1200000,0.1
lav_Latn-mkd_Cyrl,metricx24,unknown,492899,1200000,0.4
lav_Latn-mlg_Latn,qwen3-4b-instruct-2507,unknown,83424,28000,3.0
lav_Latn-mlt_Latn,metricx24,unknown,399391,1200000,0.3
lav_Latn-mon_Cyrl,qwen3-4b-instruct-2507,unknown,62137,28000,2.2
lav_Latn-msa_Latn,qwen3-4b-instruct-2507,unknown,550267,28000,19.7
lav_Latn-mya_Mymr,metricx24,unknown,74737,1200000,0.1
lav_Latn-nep_Deva,qwen3-4b-instruct-2507,unknown,114715,28000,4.1
lav_Latn-nld_Latn,metricx24,unknown,2328885,1200000,1.9
lav_Latn-nno_Latn,metricx24,unknown,75676,1200000,0.1
lav_Latn-nob_Latn,metricx24,unknown,441176,1200000,0.4
lav_Latn-nor_Latn,qwen3-4b-instruct-2507,unknown,784187,28000,28.0
lav_Latn-oci_Latn,qwen3-4b-instruct-2507,unknown,62272,28000,2.2
lav_Latn-pol_Latn,metricx24,unknown,2327588,1200000,1.9
lav_Latn-por_Latn,metricx24,unknown,2662814,1200000,2.2
lav_Latn-ron_Latn,metricx24,unknown,1781668,1200000,1.5
lav_Latn-rus_Cyrl,metricx24,unknown,2149682,1200000,1.8
lav_Latn-sin_Sinh,metricx24,unknown,217269,1200000,0.2
lav_Latn-slk_Latn,metricx24,unknown,1750261,1200000,1.5
lav_Latn-slv_Latn,metricx24,unknown,1322763,1200000,1.1
lav_Latn-sqi_Latn,qwen3-4b-instruct-2507,unknown,368980,28000,13.2
lav_Latn-srd_Latn,qwen3-4b-instruct-2507,unknown,98414,28000,3.5
lav_Latn-srp_Cyrl,metricx24,unknown,448531,1200000,0.4
lav_Latn-srp_Latn,qwen3-4b-instruct-2507,unknown,318785,28000,11.4
lav_Latn-sun_Latn,metricx24,unknown,71014,1200000,0.1
lav_Latn-swa_Latn,qwen3-4b-instruct-2507,unknown,217282,28000,7.8
lav_Latn-swe_Latn,metricx24,unknown,1886020,1200000,1.6
lav_Latn-tam_Taml,metricx24,unknown,334688,1200000,0.3
lav_Latn-tel_Telu,metricx24,unknown,237839,1200000,0.2
lav_Latn-tgl_Latn,qwen3-4b-instruct-2507,unknown,416177,28000,14.9
lav_Latn-tha_Thai,metricx24,unknown,824305,1200000,0.7
lav_Latn-tur_Latn,metricx24,unknown,1446874,1200000,1.2
lav_Latn-ukr_Cyrl,metricx24,unknown,1194867,1200000,1.0
lav_Latn-urd_Arab,metricx24,unknown,250980,1200000,0.2
lav_Latn-vie_Latn,metricx24,unknown,895681,1200000,0.7
lav_Latn-xho_Latn,metricx24,unknown,100536,1200000,0.1
lav_Latn-yue_Hani,qwen3-4b-instruct-2507,unknown,96800,28000,3.5
lav_Latn-zho_Hans,metricx24,unknown,570586,1200000,0.5
lav_Latn-zho_Hant,metricx24,unknown,396330,1200000,0.3
lav_Latn-zsm_Latn,metricx24,unknown,99793,1200000,0.1
lfn_Latn-por_Latn,metricx24,unknown,82804,1200000,0.1
lfn_Latn-tur_Latn,metricx24,unknown,42485,1200000,0.0
lij_Latn-por_Latn,qwen3-4b-instruct-2507,0.933161,68130,28000,2.4
lim_Latn-eng_Latn,qwen3-4b-instruct-2507,0.958173,581756,28000,20.8
lim_Latn-fin_Latn,shaomutan_remedy-9b-22,0.933421762,130239,200000,0.7
lim_Latn-fra_Latn,shaomutan_remedy-9b-22,0.92646607,505213,200000,2.5
lim_Latn-heb_Hebr,shaomutan_remedy-9b-22,0.934475632,64153,200000,0.3
lim_Latn-hin_Deva,shaomutan_remedy-9b-22,0.905738464,63338,200000,0.3
lim_Latn-hrv_Latn,shaomutan_remedy-9b-22,0.922406409,80519,200000,0.4
lim_Latn-hun_Latn,shaomutan_remedy-9b-22,0.934638731,149862,200000,0.7
lim_Latn-ind_Latn,shaomutan_remedy-9b-22,0.934699809,161413,200000,0.8
lim_Latn-ita_Latn,shaomutan_remedy-9b-22,0.947206549,365644,200000,1.8
lim_Latn-jpn_Jpan,shaomutan_remedy-9b-22,0.947273147,145554,200000,0.7
lim_Latn-lit_Latn,shaomutan_remedy-9b-22,0.921890159,75627,200000,0.4
lim_Latn-lvs_Latn,shaomutan_remedy-9b-22,0.925042571,47478,200000,0.2
lim_Latn-mkd_Cyrl,shaomutan_remedy-9b-22,0.924630711,27953,200000,0.1
lim_Latn-msa_Latn,qwen3-4b-instruct-2507,unknown,52150,28000,1.9
lim_Latn-nld_Latn,shaomutan_remedy-9b-22,0.928280767,397390,200000,2.0
lim_Latn-nno_Latn,shaomutan_remedy-9b-22,0.919692757,27491,200000,0.1
lim_Latn-nob_Latn,shaomutan_remedy-9b-22,0.918751909,84130,200000,0.4
lim_Latn-nor_Latn,qwen3-4b-instruct-2507,unknown,186872,28000,6.7
lim_Latn-pol_Latn,shaomutan_remedy-9b-22,0.932068512,570431,200000,2.9
lim_Latn-por_Latn,shaomutan_remedy-9b-22,0.929417934,827974,200000,4.1
lim_Latn-ron_Latn,shaomutan_remedy-9b-22,0.921180763,305406,200000,1.5
lim_Latn-rus_Cyrl,shaomutan_remedy-9b-22,0.922295972,584376,200000,2.9
lim_Latn-slk_Latn,shaomutan_remedy-9b-22,0.931253786,168199,200000,0.8
lim_Latn-slv_Latn,shaomutan_remedy-9b-22,0.925240962,127920,200000,0.6
lim_Latn-spa_Latn,shaomutan_remedy-9b-22,0.930213624,571465,200000,2.9
lim_Latn-sqi_Latn,qwen3-4b-instruct-2507,unknown,49363,28000,1.8
lim_Latn-srd_Latn,m-prometheus-7b,0.80767546,72941,27000,2.7
lim_Latn-srp_Cyrl,shaomutan_remedy-9b-22,0.935189837,43784,200000,0.2
lim_Latn-srp_Latn,qwen3-4b-instruct-2507,unknown,91877,28000,3.3
lim_Latn-swe_Latn,shaomutan_remedy-9b-22,0.926512207,378371,200000,1.9
lim_Latn-tam_Taml,shaomutan_remedy-9b-22,0.908307226,30258,200000,0.2
lim_Latn-tgl_Latn,shaomutan_remedy-9b-22,0.927116041,62143,200000,0.3
lim_Latn-tha_Thai,shaomutan_remedy-9b-22,0.930408449,134274,200000,0.7
lim_Latn-tur_Latn,shaomutan_remedy-9b-22,0.945447967,441424,200000,2.2
lim_Latn-ukr_Cyrl,shaomutan_remedy-9b-22,0.929120361,136115,200000,0.7
lim_Latn-vie_Latn,shaomutan_remedy-9b-22,0.925343005,214051,200000,1.1
lim_Latn-zho_Hans,qwen3-4b-instruct-2507,0.924161,171310,28000,6.1
lim_Latn-zho_Hant,qwen3-4b-instruct-2507,0.921986,61934,28000,2.2
lin_Latn-ita_Latn,shaomutan_remedy-9b-22,0.825783356,62325,200000,0.3
lin_Latn-nld_Latn,shaomutan_remedy-9b-22,0.813379914,260374,200000,1.3
lin_Latn-nso_Latn,m-prometheus-7b,0.559034345,96845,27000,3.6
lin_Latn-nya_Latn,shaomutan_remedy-9b-22,0.619046314,182612,200000,0.9
lin_Latn-pol_Latn,shaomutan_remedy-9b-22,0.871110319,189337,200000,0.9
lin_Latn-por_Latn,qwen3-4b-instruct-2507,0.776984,408417,28000,14.6
lin_Latn-ron_Latn,shaomutan_remedy-9b-22,0.843532117,102659,200000,0.5
lin_Latn-run_Latn,shaomutan_remedy-9b-22,0.563358762,140886,200000,0.7
lin_Latn-rus_Cyrl,shaomutan_remedy-9b-22,0.851763864,286749,200000,1.4
lin_Latn-sna_Latn,shaomutan_remedy-9b-22,0.687678964,162012,200000,0.8
lin_Latn-som_Latn,shaomutan_remedy-9b-22,0.607438142,126578,200000,0.6
lin_Latn-sot_Latn,shaomutan_remedy-9b-22,0.708952117,136403,200000,0.7
lin_Latn-swa_Latn,qwen3-4b-instruct-2507,unknown,188927,28000,6.7
lin_Latn-swe_Latn,shaomutan_remedy-9b-22,0.825019149,105703,200000,0.5
lin_Latn-swh_Latn,shaomutan_remedy-9b-22,0.749175077,108798,200000,0.5
lin_Latn-tgl_Latn,shaomutan_remedy-9b-22,0.791405708,82867,200000,0.4
lin_Latn-tsn_Latn,shaomutan_remedy-9b-22,0.671086092,142957,200000,0.7
lin_Latn-tso_Latn,shaomutan_remedy-9b-22,0.618043012,141875,200000,0.7
lin_Latn-tum_Latn,metricx24,0.592826169,94086,1200000,0.1
lin_Latn-tur_Latn,shaomutan_remedy-9b-22,0.819103105,151986,200000,0.8
lin_Latn-twi_Latn,shaomutan_remedy-9b-22,0.578468308,112906,200000,0.6
lin_Latn-vie_Latn,shaomutan_remedy-9b-22,0.802289571,84017,200000,0.4
lin_Latn-xho_Latn,shaomutan_remedy-9b-22,0.654409299,184454,200000,0.9
lin_Latn-yor_Latn,m-prometheus-7b,0.528944749,124581,27000,4.6
lin_Latn-zho_Hans,qwen3-4b-instruct-2507,0.832399,110219,28000,3.9
lin_Latn-zho_Hant,shaomutan_remedy-9b-22,0.846515472,80508,200000,0.4
lin_Latn-zul_Latn,shaomutan_remedy-9b-22,0.690660345,189364,200000,0.9
lit_Latn-afr_Latn,shaomutan_remedy-9b-22,0.854742049,49166,200000,0.2
lit_Latn-als_Latn,qwen3-4b-instruct-2507,0.87775,2781939,28000,99.4
lit_Latn-ces_Latn,qwen3-4b-instruct-2507,0.933698,76203,28000,2.7
lit_Latn-cmn_Hani,metricx24,unknown,4107704,1200000,3.4
lit_Latn-dan_Latn,qwen3-4b-instruct-2507,0.911224,195820,28000,7.0
lit_Latn-eng_Latn,qwen3-4b-instruct-2507,0.96657,183613,28000,6.6
lit_Latn-eus_Latn,qwen3-4b-instruct-2507,0.860413,38919,28000,1.4
lit_Latn-fil_Latn,metricx24,unknown,444891,1200000,0.4
lit_Latn-fra_Latn,qwen3-4b-instruct-2507,0.942549,90240,28000,3.2
lit_Latn-fur_Latn,qwen3-4b-instruct-2507,0.832967,186230,28000,6.7
lit_Latn-hbs_Latn,metricx24,unknown,1285237,1200000,1.1
lit_Latn-hrv_Latn,metricx24,0.900436179,224017,1200000,0.2
lit_Latn-hun_Latn,shaomutan_remedy-9b-22,0.904825021,44984,200000,0.2
lit_Latn-ind_Latn,shaomutan_remedy-9b-22,0.91471824,550122,200000,2.8
lit_Latn-ita_Latn,qwen3-4b-instruct-2507,0.946446,79413,28000,2.8
lit_Latn-jpn_Jpan,qwen3-4b-instruct-2507,0.944241,61312,28000,2.2
lit_Latn-khk_Cyrl,metricx24,0.807383476,145875,1200000,0.1
lit_Latn-kin_Latn,shaomutan_remedy-9b-22,0.728095081,50469,200000,0.3
lit_Latn-lav_Latn,metricx24,unknown,2035216,1200000,1.7
lit_Latn-lim_Latn,qwen3-4b-instruct-2507,0.784793,106763,28000,3.8
lit_Latn-lvs_Latn,shaomutan_remedy-9b-22,0.883360378,21110819,200000,105.6
lit_Latn-lzh_Hani,metricx24,unknown,202570,1200000,0.2
lit_Latn-mal_Mlym,qwen3-4b-instruct-2507,0.916939,903845,28000,32.3
lit_Latn-mar_Deva,qwen3-4b-instruct-2507,0.888218,631788,28000,22.6
lit_Latn-mkd_Cyrl,shaomutan_remedy-9b-22,0.923176055,3811172,200000,19.1
lit_Latn-mlg_Latn,metricx24,unknown,223986,1200000,0.2
lit_Latn-mlt_Latn,shaomutan_remedy-9b-22,0.846483857,7539464,200000,37.7
lit_Latn-mon_Cyrl,metricx24,unknown,156218,1200000,0.1
lit_Latn-mri_Latn,metricx24,0.633621542,94063,1200000,0.1
lit_Latn-msa_Latn,metricx24,unknown,2404703,1200000,2.0
lit_Latn-mya_Mymr,shaomutan_remedy-9b-22,0.885910423,390118,200000,2.0
lit_Latn-nds_Latn,metricx24,unknown,128877,1200000,0.1
lit_Latn-nep_Deva,metricx24,unknown,356796,1200000,0.3
lit_Latn-nld_Latn,shaomutan_remedy-9b-22,0.923506913,24505661,200000,122.5
lit_Latn-nno_Latn,qwen3-4b-instruct-2507,0.854853,383027,28000,13.7
lit_Latn-nob_Latn,shaomutan_remedy-9b-22,0.89346378,10553315,200000,52.8
lit_Latn-nor_Latn,metricx24,unknown,3685508,1200000,3.1
lit_Latn-npi_Deva,qwen3-4b-instruct-2507,0.873529,163853,28000,5.9
lit_Latn-nya_Latn,metricx24,0.686463639,73366,1200000,0.1
lit_Latn-oci_Latn,qwen3-4b-instruct-2507,0.856381,126017,28000,4.5
lit_Latn-pan_Guru,qwen3-4b-instruct-2507,0.907561,120511,28000,4.3
lit_Latn-pbt_Arab,shaomutan_remedy-9b-22,0.751120539,75600,200000,0.4
lit_Latn-plt_Latn,metricx24,0.759762634,553467,1200000,0.5
lit_Latn-pol_Latn,metricx24,0.812443,25766188,1200000,21.5
lit_Latn-por_Latn,metricx24,0.837864,24509006,1200000,20.4
lit_Latn-pus_Arab,metricx24,unknown,103006,1200000,0.1
lit_Latn-rmy_Latn,metricx24,unknown,39946,1200000,0.0
lit_Latn-ron_Latn,metricx24,0.84029,20647381,1200000,17.2
lit_Latn-rus_Cyrl,metricx24,0.866143,20363313,1200000,17.0
lit_Latn-sin_Sinh,shaomutan_remedy-9b-22,0.861811931,899025,200000,4.5
lit_Latn-slk_Latn,metricx24,0.794078,24108175,1200000,20.1
lit_Latn-slv_Latn,metricx24,0.845847,20762916,1200000,17.3
lit_Latn-sna_Latn,metricx24,0.660251893,79453,1200000,0.1
lit_Latn-snd_Arab,qwen3-4b-instruct-2507,0.834654,61471,28000,2.2
lit_Latn-som_Latn,shaomutan_remedy-9b-22,0.734853509,183262,200000,0.9
lit_Latn-spa_Latn,qwen3-4b-instruct-2507,0.932693,51378,28000,1.8
lit_Latn-sqi_Latn,metricx24,unknown,1215570,1200000,1.0
lit_Latn-srd_Latn,qwen3-4b-instruct-2507,0.792558,239490,28000,8.6
lit_Latn-srp_Cyrl,metricx24,0.881066,5062854,1200000,4.2
lit_Latn-srp_Latn,metricx24,unknown,3162340,1200000,2.6
lit_Latn-sun_Latn,shaomutan_remedy-9b-22,0.787318633,233692,200000,1.2
lit_Latn-swa_Latn,metricx24,unknown,874585,1200000,0.7
lit_Latn-swc_Latn,metricx24,unknown,168363,1200000,0.1
lit_Latn-swe_Latn,shaomutan_remedy-9b-22,0.922568004,21675468,200000,108.4
lit_Latn-swh_Latn,shaomutan_remedy-9b-22,0.802206523,996858,200000,5.0
lit_Latn-tam_Taml,qwen3-4b-instruct-2507,0.916486,2269584,28000,81.1
lit_Latn-tel_Telu,qwen3-4b-instruct-2507,0.911294,890721,28000,31.8
lit_Latn-tgk_Cyrl,qwen3-4b-instruct-2507,0.826053,193812,28000,6.9
lit_Latn-tgl_Latn,qwen3-4b-instruct-2507,0.892414,1025295,28000,36.6
lit_Latn-tha_Thai,qwen3-4b-instruct-2507,0.913793,3836920,28000,137.0
lit_Latn-tur_Latn,shaomutan_remedy-9b-22,0.935314626,12896452,200000,64.5
lit_Latn-ukr_Cyrl,metricx24,0.838288,9582476,1200000,8.0
lit_Latn-urd_Arab,qwen3-4b-instruct-2507,0.846784,1066041,28000,38.1
lit_Latn-uzn_Latn,qwen3-4b-instruct-2507,0.8056,290600,28000,10.4
lit_Latn-vec_Latn,qwen3-4b-instruct-2507,0.863375,57409,28000,2.1
lit_Latn-vie_Latn,metricx24,0.83525,9862350,1200000,8.2
lit_Latn-xho_Latn,shaomutan_remedy-9b-22,0.714148914,344689,200000,1.7
lit_Latn-yor_Latn,shaomutan_remedy-9b-22,0.642960549,124894,200000,0.6
lit_Latn-yue_Hani,metricx24,unknown,403907,1200000,0.3
lit_Latn-zho_Hans,qwen3-4b-instruct-2507,0.949831,2729882,28000,97.5
lit_Latn-zho_Hant,qwen3-4b-instruct-2507,0.951055,1498544,28000,53.5
lit_Latn-zsm_Latn,qwen3-4b-instruct-2507,0.845794,1543756,28000,55.1
lit_Latn-zul_Latn,shaomutan_remedy-9b-22,0.755871749,81097,200000,0.4
lmo_Latn-nld_Latn,shaomutan_remedy-9b-22,0.930694798,68466,200000,0.3
lmo_Latn-pol_Latn,shaomutan_remedy-9b-22,0.939736861,53221,200000,0.3
lmo_Latn-por_Latn,shaomutan_remedy-9b-22,0.931012981,83992,200000,0.4
lmo_Latn-rus_Cyrl,shaomutan_remedy-9b-22,0.942936435,63992,200000,0.3
lmo_Latn-swe_Latn,shaomutan_remedy-9b-22,0.911453217,47763,200000,0.2
ltg_Latn-rus_Cyrl,shaomutan_remedy-9b-22,0.922367587,265385,200000,1.3
ltz_Latn-cmn_Hani,metricx24,unknown,278240,1200000,0.2
ltz_Latn-eng_Latn,qwen3-4b-instruct-2507,0.963011,380465,28000,13.6
ltz_Latn-fra_Latn,qwen3-4b-instruct-2507,0.934017,162126,28000,5.8
ltz_Latn-hun_Latn,shaomutan_remedy-9b-22,0.925240601,55167,200000,0.3
ltz_Latn-ita_Latn,shaomutan_remedy-9b-22,0.933893711,124911,200000,0.6
ltz_Latn-lav_Latn,metricx24,unknown,76570,1200000,0.1
ltz_Latn-lit_Latn,shaomutan_remedy-9b-22,0.923153116,175286,200000,0.9
ltz_Latn-lvs_Latn,shaomutan_remedy-9b-22,0.929972536,83354,200000,0.4
ltz_Latn-mal_Mlym,shaomutan_remedy-9b-22,0.916185173,127086,200000,0.6
ltz_Latn-mar_Deva,shaomutan_remedy-9b-22,0.920192368,106121,200000,0.5
ltz_Latn-mkd_Cyrl,shaomutan_remedy-9b-22,0.925764272,192669,200000,1.0
ltz_Latn-mlg_Latn,metricx24,unknown,54129,1200000,0.0
ltz_Latn-msa_Latn,metricx24,unknown,144382,1200000,0.1
ltz_Latn-nep_Deva,metricx24,unknown,60872,1200000,0.1
ltz_Latn-nld_Latn,shaomutan_remedy-9b-22,0.932168054,837980,200000,4.2
ltz_Latn-nob_Latn,shaomutan_remedy-9b-22,0.919134319,166489,200000,0.8
ltz_Latn-nor_Latn,metricx24,unknown,266423,1200000,0.2
ltz_Latn-oci_Latn,shaomutan_remedy-9b-22,0.876500881,57543,200000,0.3
ltz_Latn-pol_Latn,shaomutan_remedy-9b-22,0.91794312,349568,200000,1.7
ltz_Latn-por_Latn,shaomutan_remedy-9b-22,0.931616276,371255,200000,1.9
ltz_Latn-ron_Latn,shaomutan_remedy-9b-22,0.924756267,292193,200000,1.5
ltz_Latn-rus_Cyrl,shaomutan_remedy-9b-22,0.925829506,451290,200000,2.3
ltz_Latn-sin_Sinh,shaomutan_remedy-9b-22,0.907692496,118726,200000,0.6
ltz_Latn-slk_Latn,shaomutan_remedy-9b-22,0.921121323,242077,200000,1.2
ltz_Latn-slv_Latn,shaomutan_remedy-9b-22,0.927514566,162615,200000,0.8
ltz_Latn-spa_Latn,shaomutan_remedy-9b-22,0.931376575,133426,200000,0.7
ltz_Latn-sqi_Latn,metricx24,unknown,143512,1200000,0.1
ltz_Latn-srp_Cyrl,shaomutan_remedy-9b-22,0.934243062,177532,200000,0.9
ltz_Latn-swa_Latn,metricx24,unknown,109328,1200000,0.1
ltz_Latn-swe_Latn,shaomutan_remedy-9b-22,0.929594448,321189,200000,1.6
ltz_Latn-tam_Taml,shaomutan_remedy-9b-22,0.908742642,106119,200000,0.5
ltz_Latn-tel_Telu,shaomutan_remedy-9b-22,0.90201731,52097,200000,0.3
ltz_Latn-tgl_Latn,shaomutan_remedy-9b-22,0.919607828,113465,200000,0.6
ltz_Latn-tha_Thai,shaomutan_remedy-9b-22,0.932515011,89041,200000,0.4
ltz_Latn-tur_Latn,shaomutan_remedy-9b-22,0.932454865,263012,200000,1.3
ltz_Latn-ukr_Cyrl,shaomutan_remedy-9b-22,0.931050303,256014,200000,1.3
ltz_Latn-urd_Arab,shaomutan_remedy-9b-22,0.889744765,103162,200000,0.5
ltz_Latn-xho_Latn,shaomutan_remedy-9b-22,0.763582815,38257,200000,0.2
ltz_Latn-zho_Hans,qwen3-4b-instruct-2507,0.929517,467514,28000,16.7
lua_Latn-nya_Latn,shaomutan_remedy-9b-22,0.644672719,121592,200000,0.6
lua_Latn-run_Latn,shaomutan_remedy-9b-22,0.593094559,93610,200000,0.5
lua_Latn-sna_Latn,shaomutan_remedy-9b-22,0.680305897,114805,200000,0.6
lua_Latn-swa_Latn,qwen3-4b-instruct-2507,unknown,102930,28000,3.7
lua_Latn-tsn_Latn,shaomutan_remedy-9b-22,0.716982834,92179,200000,0.5
lua_Latn-xho_Latn,shaomutan_remedy-9b-22,0.665891602,107253,200000,0.5
lua_Latn-zul_Latn,shaomutan_remedy-9b-22,0.674825657,113383,200000,0.6
lue_Latn-fra_Latn,metricx24,unknown,129122,1200000,0.1
lug_Latn-nld_Latn,shaomutan_remedy-9b-22,0.81615758,210556,200000,1.1
lug_Latn-nso_Latn,metricx24,0.491449163,89409,1200000,0.1
lug_Latn-nya_Latn,shaomutan_remedy-9b-22,0.688617709,144047,200000,0.7
lug_Latn-pol_Latn,shaomutan_remedy-9b-22,0.827437651,150828,200000,0.8
lug_Latn-por_Latn,qwen3-4b-instruct-2507,0.763176,310370,28000,11.1
lug_Latn-ron_Latn,shaomutan_remedy-9b-22,0.830997256,90406,200000,0.5
lug_Latn-run_Latn,shaomutan_remedy-9b-22,0.632145159,95564,200000,0.5
lug_Latn-rus_Cyrl,shaomutan_remedy-9b-22,0.848214654,228213,200000,1.1
lug_Latn-sna_Latn,shaomutan_remedy-9b-22,0.728787782,139717,200000,0.7
lug_Latn-som_Latn,shaomutan_remedy-9b-22,0.664749331,116164,200000,0.6
lug_Latn-sot_Latn,shaomutan_remedy-9b-22,0.786093206,126404,200000,0.6
lug_Latn-swa_Latn,qwen3-4b-instruct-2507,unknown,141002,28000,5.0
lug_Latn-swe_Latn,shaomutan_remedy-9b-22,0.822923517,91989,200000,0.5
lug_Latn-swh_Latn,shaomutan_remedy-9b-22,0.790635972,108676,200000,0.5
lug_Latn-tsn_Latn,shaomutan_remedy-9b-22,0.700629548,132147,200000,0.7
lug_Latn-tso_Latn,shaomutan_remedy-9b-22,0.607290749,94446,200000,0.5
lug_Latn-tur_Latn,shaomutan_remedy-9b-22,0.80825914,129021,200000,0.6
lug_Latn-twi_Latn,shaomutan_remedy-9b-22,0.588998351,103200,200000,0.5
lug_Latn-vie_Latn,shaomutan_remedy-9b-22,0.807075557,78582,200000,0.4
lug_Latn-xho_Latn,shaomutan_remedy-9b-22,0.725559145,124703,200000,0.6
lug_Latn-yor_Latn,shaomutan_remedy-9b-22,0.605386886,114441,200000,0.6
lug_Latn-zho_Hans,qwen3-4b-instruct-2507,0.824928,87267,28000,3.1
lug_Latn-zul_Latn,shaomutan_remedy-9b-22,0.737660573,141707,200000,0.7
luo_Latn-nya_Latn,shaomutan_remedy-9b-22,0.626788342,105230,200000,0.5
luo_Latn-sna_Latn,shaomutan_remedy-9b-22,0.667045407,127008,200000,0.6
luo_Latn-som_Latn,m-prometheus-7b,0.596809358,89898,27000,3.3
luo_Latn-swa_Latn,qwen3-4b-instruct-2507,unknown,112346,28000,4.0
luo_Latn-tsn_Latn,shaomutan_remedy-9b-22,0.709089713,91017,200000,0.5
luo_Latn-xho_Latn,shaomutan_remedy-9b-22,0.62495281,98875,200000,0.5
luo_Latn-zul_Latn,shaomutan_remedy-9b-22,0.653311391,109658,200000,0.5
lvs_Latn-als_Latn,qwen3-4b-instruct-2507,0.89454,1958838,28000,70.0
lvs_Latn-cmn_Hani,metricx24,unknown,2490753,1200000,2.1
lvs_Latn-dan_Latn,qwen3-4b-instruct-2507,0.930667,145754,28000,5.2
lvs_Latn-eng_Latn,qwen3-4b-instruct-2507,0.981921,136018,28000,4.9
lvs_Latn-fil_Latn,metricx24,unknown,362999,1200000,0.3
lvs_Latn-fra_Latn,qwen3-4b-instruct-2507,0.957516,97162,28000,3.5
lvs_Latn-fur_Latn,qwen3-4b-instruct-2507,0.84334,101680,28000,3.6
lvs_Latn-hbs_Latn,metricx24,unknown,1117567,1200000,0.9
lvs_Latn-hrv_Latn,metricx24,0.906249732,152988,1200000,0.1
lvs_Latn-ind_Latn,shaomutan_remedy-9b-22,0.921010409,260333,200000,1.3
lvs_Latn-ita_Latn,qwen3-4b-instruct-2507,0.958009,108352,28000,3.9
lvs_Latn-khk_Cyrl,metricx24,0.809849138,108038,1200000,0.1
lvs_Latn-lit_Latn,shaomutan_remedy-9b-22,0.896080907,52597,200000,0.3
lvs_Latn-lzh_Hani,metricx24,unknown,106142,1200000,0.1
lvs_Latn-mal_Mlym,qwen3-4b-instruct-2507,0.933559,439473,28000,15.7
lvs_Latn-mar_Deva,qwen3-4b-instruct-2507,0.921872,386749,28000,13.8
lvs_Latn-mkd_Cyrl,qwen3-4b-instruct-2507,0.937571,2297691,28000,82.1
lvs_Latn-mlg_Latn,metricx24,unknown,108755,1200000,0.1
lvs_Latn-mlt_Latn,shaomutan_remedy-9b-22,0.857872741,7290237,200000,36.5
lvs_Latn-mon_Cyrl,metricx24,unknown,73164,1200000,0.1
lvs_Latn-mri_Latn,metricx24,0.615289926,62984,1200000,0.1
lvs_Latn-msa_Latn,metricx24,unknown,1311138,1200000,1.1
lvs_Latn-mya_Mymr,shaomutan_remedy-9b-22,0.876511681,181094,200000,0.9
lvs_Latn-nds_Latn,metricx24,unknown,71769,1200000,0.1
lvs_Latn-nep_Deva,metricx24,unknown,223303,1200000,0.2
lvs_Latn-nld_Latn,metricx24,0.895123,19162155,1200000,16.0
lvs_Latn-nno_Latn,shaomutan_remedy-9b-22,0.874608347,276211,200000,1.4
lvs_Latn-nob_Latn,shaomutan_remedy-9b-22,0.906476676,8204098,200000,41.0
lvs_Latn-nor_Latn,metricx24,unknown,2201396,1200000,1.8
lvs_Latn-npi_Deva,qwen3-4b-instruct-2507,0.906546,134093,28000,4.8
lvs_Latn-nya_Latn,metricx24,0.684066449,62441,1200000,0.1
lvs_Latn-oci_Latn,qwen3-4b-instruct-2507,0.861175,56894,28000,2.0
lvs_Latn-pan_Guru,qwen3-4b-instruct-2507,0.932952,77389,28000,2.8
lvs_Latn-pbt_Arab,shaomutan_remedy-9b-22,0.763089122,67269,200000,0.3
lvs_Latn-plt_Latn,metricx24,0.759835505,120392,1200000,0.1
lvs_Latn-pol_Latn,metricx24,0.822866,19138211,1200000,15.9
lvs_Latn-por_Latn,metricx24,0.843217,19438122,1200000,16.2
lvs_Latn-pus_Arab,metricx24,unknown,58063,1200000,0.0
lvs_Latn-ron_Latn,metricx24,0.845971,15690391,1200000,13.1
lvs_Latn-rus_Cyrl,metricx24,0.872588,13026824,1200000,10.9
lvs_Latn-sin_Sinh,shaomutan_remedy-9b-22,0.890399355,476356,200000,2.4
lvs_Latn-slk_Latn,shaomutan_remedy-9b-22,0.915529156,19425604,200000,97.1
lvs_Latn-slv_Latn,metricx24,0.847195,17229702,1200000,14.4
lvs_Latn-som_Latn,shaomutan_remedy-9b-22,0.698115986,100135,200000,0.5
lvs_Latn-spa_Latn,qwen3-4b-instruct-2507,0.9456,91297,28000,3.3
lvs_Latn-sqi_Latn,metricx24,unknown,620968,1200000,0.5
lvs_Latn-srd_Latn,qwen3-4b-instruct-2507,0.801309,127469,28000,4.6
lvs_Latn-srp_Cyrl,qwen3-4b-instruct-2507,0.937511,3938567,28000,140.7
lvs_Latn-srp_Latn,metricx24,unknown,1342967,1200000,1.1
lvs_Latn-sun_Latn,qwen3-4b-instruct-2507,0.830826,154812,28000,5.5
lvs_Latn-swa_Latn,metricx24,unknown,571836,1200000,0.5
lvs_Latn-swc_Latn,metricx24,unknown,143909,1200000,0.1
lvs_Latn-swe_Latn,metricx24,0.85896,17164619,1200000,14.3
lvs_Latn-swh_Latn,shaomutan_remedy-9b-22,0.792601837,882245,200000,4.4
lvs_Latn-tam_Taml,qwen3-4b-instruct-2507,0.942972,895841,28000,32.0
lvs_Latn-tel_Telu,qwen3-4b-instruct-2507,0.927969,598743,28000,21.4
lvs_Latn-tgk_Cyrl,qwen3-4b-instruct-2507,0.865276,136118,28000,4.9
lvs_Latn-tgl_Latn,qwen3-4b-instruct-2507,0.895714,557981,28000,19.9
lvs_Latn-tha_Thai,qwen3-4b-instruct-2507,0.936058,2208823,28000,78.9
lvs_Latn-tur_Latn,shaomutan_remedy-9b-22,0.940436639,5813817,200000,29.1
lvs_Latn-ukr_Cyrl,metricx24,0.844639,6441129,1200000,5.4
lvs_Latn-urd_Arab,qwen3-4b-instruct-2507,0.88221,645622,28000,23.1
lvs_Latn-uzn_Latn,qwen3-4b-instruct-2507,0.852125,249911,28000,8.9
lvs_Latn-vie_Latn,qwen3-4b-instruct-2507,0.917432,4798989,28000,171.4
lvs_Latn-xho_Latn,metricx24,0.697806309,217144,1200000,0.2
lvs_Latn-yor_Latn,shaomutan_remedy-9b-22,0.638025988,87646,200000,0.4
lvs_Latn-yue_Hani,metricx24,unknown,243523,1200000,0.2
lvs_Latn-zho_Hans,qwen3-4b-instruct-2507,0.967939,1636617,28000,58.5
lvs_Latn-zho_Hant,qwen3-4b-instruct-2507,0.967422,698311,28000,24.9
lvs_Latn-zsm_Latn,qwen3-4b-instruct-2507,0.877287,1214126,28000,43.4
lvs_Latn-zul_Latn,shaomutan_remedy-9b-22,0.745689165,57149,200000,0.3
lzh_Hani-kor_Hang,metricx24,unknown,78424,1200000,0.1
lzh_Hani-nld_Latn,metricx24,unknown,160127,1200000,0.1
lzh_Hani-pol_Latn,metricx24,unknown,164264,1200000,0.1
lzh_Hani-por_Latn,metricx24,unknown,180758,1200000,0.2
lzh_Hani-ron_Latn,metricx24,unknown,86219,1200000,0.1
lzh_Hani-rus_Cyrl,metricx24,unknown,228417,1200000,0.2
lzh_Hani-swe_Latn,metricx24,unknown,129353,1200000,0.1
lzh_Hani-tur_Latn,metricx24,unknown,125665,1200000,0.1
lzh_Hani-ukr_Cyrl,metricx24,unknown,59501,1200000,0.0
lzh_Hani-zho_Hans,metricx24,unknown,237341,1200000,0.2
lzh_Hani-zho_Hant,metricx24,unknown,138982,1200000,0.1
mag_Deva-mal_Mlym,qwen3-4b-instruct-2507,0.942932,248554,28000,8.9
mag_Deva-mar_Deva,shaomutan_remedy-9b-22,0.929639886,146139,200000,0.7
mag_Deva-npi_Deva,bicleaner-ai,0.921668492,127410,2250000,0.1
mag_Deva-ory_Orya,qwen3-4b-instruct-2507,0.953982,97746,28000,3.5
mag_Deva-sin_Sinh,shaomutan_remedy-9b-22,0.911500284,134127,200000,0.7
mag_Deva-tam_Taml,qwen3-4b-instruct-2507,0.938556,259239,28000,9.3
mag_Deva-tel_Telu,qwen3-4b-instruct-2507,0.94105,301193,28000,10.8
mag_Deva-urd_Arab,shaomutan_remedy-9b-22,0.930138434,164672,200000,0.8
mai_Deva-mal_Mlym,qwen3-4b-instruct-2507,0.936033,432108,28000,15.4
mai_Deva-mar_Deva,shaomutan_remedy-9b-22,0.942776863,309700,200000,1.5
mai_Deva-nds_Latn,qwen3-4b-instruct-2507,unknown,37452,28000,1.3
mai_Deva-nep_Deva,qwen3-4b-instruct-2507,unknown,188623,28000,6.7
mai_Deva-nno_Latn,shaomutan_remedy-9b-22,0.925034401,35021,200000,0.2
mai_Deva-npi_Deva,shaomutan_remedy-9b-22,0.91829453,256457,200000,1.3
mai_Deva-oci_Latn,qwen3-4b-instruct-2507,0.876605,16841,28000,0.6
mai_Deva-ory_Orya,qwen3-4b-instruct-2507,0.948616,209372,28000,7.5
mai_Deva-pan_Guru,qwen3-4b-instruct-2507,0.94671,168970,28000,6.0
mai_Deva-san_Deva,m-prometheus-7b,0.831314087,119389,27000,4.4
mai_Deva-sin_Sinh,shaomutan_remedy-9b-22,0.910017198,234465,200000,1.2
mai_Deva-snd_Arab,qwen3-4b-instruct-2507,0.905027,130359,28000,4.7
mai_Deva-tam_Taml,qwen3-4b-instruct-2507,0.937636,491302,28000,17.5
mai_Deva-tel_Telu,qwen3-4b-instruct-2507,0.935884,532302,28000,19.0
mai_Deva-urd_Arab,shaomutan_remedy-9b-22,0.923484311,286118,200000,1.4
mal_Mlym-als_Latn,qwen3-4b-instruct-2507,0.894425,410673,28000,14.7
mal_Mlym-cmn_Hani,metricx24,unknown,1567667,1200000,1.3
mal_Mlym-fil_Latn,metricx24,unknown,383471,1200000,0.3
mal_Mlym-hbs_Latn,metricx24,unknown,76486,1200000,0.1
mal_Mlym-ind_Latn,shaomutan_remedy-9b-22,0.924595121,273866,200000,1.4
mal_Mlym-khk_Cyrl,metricx24,0.794793024,90289,1200000,0.1
mal_Mlym-kin_Latn,shaomutan_remedy-9b-22,0.808685605,27735,200000,0.1
mal_Mlym-lzh_Hani,metricx24,unknown,124642,1200000,0.1
mal_Mlym-mar_Deva,shaomutan_remedy-9b-22,0.928776398,4512944,200000,22.6
mal_Mlym-mon_Cyrl,metricx24,unknown,99892,1200000,0.1
mal_Mlym-msa_Latn,metricx24,unknown,1065162,1200000,0.9
mal_Mlym-mya_Mymr,shaomutan_remedy-9b-22,0.915241889,315626,200000,1.6
mal_Mlym-nds_Latn,metricx24,unknown,80012,1200000,0.1
mal_Mlym-nep_Deva,metricx24,unknown,691791,1200000,0.6
mal_Mlym-nld_Latn,shaomutan_remedy-9b-22,0.925809702,2311358,200000,11.6
mal_Mlym-nno_Latn,shaomutan_remedy-9b-22,0.912611888,89675,200000,0.4
mal_Mlym-nob_Latn,shaomutan_remedy-9b-22,0.929512933,805332,200000,4.0
mal_Mlym-nor_Latn,metricx24,unknown,820726,1200000,0.7
mal_Mlym-npi_Deva,shaomutan_remedy-9b-22,0.911694158,1357165,200000,6.8
mal_Mlym-nya_Latn,shaomutan_remedy-9b-22,0.724016436,62424,200000,0.3
mal_Mlym-oci_Latn,qwen3-4b-instruct-2507,0.850129,115034,28000,4.1
mal_Mlym-ory_Orya,qwen3-4b-instruct-2507,0.92004,2388763,28000,85.3
mal_Mlym-pan_Guru,qwen3-4b-instruct-2507,0.910408,1183734,28000,42.3
mal_Mlym-pbt_Arab,shaomutan_remedy-9b-22,0.783883545,66594,200000,0.3
mal_Mlym-pol_Latn,shaomutan_remedy-9b-22,0.931851549,2184711,200000,10.9
mal_Mlym-por_Latn,qwen3-4b-instruct-2507,0.925112,1794898,28000,64.1
mal_Mlym-pus_Arab,metricx24,unknown,83590,1200000,0.1
mal_Mlym-ron_Latn,shaomutan_remedy-9b-22,0.943423366,2098538,200000,10.5
mal_Mlym-rus_Cyrl,shaomutan_remedy-9b-22,0.942713683,4143248,200000,20.7
mal_Mlym-san_Deva,shaomutan_remedy-9b-22,0.776831651,263432,200000,1.3
mal_Mlym-sin_Sinh,shaomutan_remedy-9b-22,0.923817768,2143023,200000,10.7
mal_Mlym-slk_Latn,shaomutan_remedy-9b-22,0.931145929,1125247,200000,5.6
mal_Mlym-slv_Latn,shaomutan_remedy-9b-22,0.939878711,1122127,200000,5.6
mal_Mlym-sna_Latn,shaomutan_remedy-9b-22,0.715510523,70767,200000,0.4
mal_Mlym-snd_Arab,qwen3-4b-instruct-2507,0.86006,889344,28000,31.8
mal_Mlym-som_Latn,shaomutan_remedy-9b-22,0.761636665,141648,200000,0.7
mal_Mlym-sqi_Latn,metricx24,unknown,426724,1200000,0.4
mal_Mlym-srd_Latn,qwen3-4b-instruct-2507,0.808288,46786,28000,1.7
mal_Mlym-srp_Cyrl,qwen3-4b-instruct-2507,0.948034,705927,28000,25.2
mal_Mlym-srp_Latn,metricx24,unknown,1020733,1200000,0.9
mal_Mlym-sun_Latn,qwen3-4b-instruct-2507,0.825819,213793,28000,7.6
mal_Mlym-swa_Latn,metricx24,unknown,344455,1200000,0.3
mal_Mlym-swe_Latn,shaomutan_remedy-9b-22,0.937926907,1785913,200000,8.9
mal_Mlym-swh_Latn,shaomutan_remedy-9b-22,0.891807335,157706,200000,0.8
mal_Mlym-tam_Taml,shaomutan_remedy-9b-22,0.9429287,4295288,200000,21.5
mal_Mlym-tel_Telu,shaomutan_remedy-9b-22,0.926780665,8374061,200000,41.9
mal_Mlym-tgk_Cyrl,qwen3-4b-instruct-2507,0.853892,145183,28000,5.2
mal_Mlym-tgl_Latn,shaomutan_remedy-9b-22,0.920837166,470789,200000,2.4
mal_Mlym-tha_Thai,shaomutan_remedy-9b-22,0.930672919,1400978,200000,7.0
mal_Mlym-tur_Latn,shaomutan_remedy-9b-22,0.946266753,5312829,200000,26.6
mal_Mlym-ukr_Cyrl,shaomutan_remedy-9b-22,0.933825247,1445247,200000,7.2
mal_Mlym-urd_Arab,shaomutan_remedy-9b-22,0.893753732,3168503,200000,15.8
mal_Mlym-uzn_Latn,qwen3-4b-instruct-2507,0.84889,56426,28000,2.0
mal_Mlym-vie_Latn,shaomutan_remedy-9b-22,0.916031357,1702157,200000,8.5
mal_Mlym-wln_Latn,metricx24,unknown,33059,1200000,0.0
mal_Mlym-xho_Latn,shaomutan_remedy-9b-22,0.784960806,248554,200000,1.2
mal_Mlym-yor_Latn,shaomutan_remedy-9b-22,0.70127762,109329,200000,0.5
mal_Mlym-yue_Hani,metricx24,unknown,195188,1200000,0.2
mal_Mlym-zho_Hans,qwen3-4b-instruct-2507,0.948686,1096480,28000,39.2
mal_Mlym-zho_Hant,qwen3-4b-instruct-2507,0.939637,680308,28000,24.3
mal_Mlym-zsm_Latn,qwen3-4b-instruct-2507,0.831667,435578,28000,15.6
mal_Mlym-zul_Latn,shaomutan_remedy-9b-22,0.788808539,68281,200000,0.3
mar_Deva-als_Latn,qwen3-4b-instruct-2507,0.891045,263046,28000,9.4
mar_Deva-cmn_Hani,metricx24,unknown,266238,1200000,0.2
mar_Deva-fil_Latn,metricx24,unknown,188314,1200000,0.2
mar_Deva-hbs_Latn,metricx24,unknown,71141,1200000,0.1
mar_Deva-lzh_Hani,metricx24,unknown,92136,1200000,0.1
mar_Deva-msa_Latn,metricx24,unknown,477956,1200000,0.4
mar_Deva-mya_Mymr,shaomutan_remedy-9b-22,0.896481188,195666,200000,1.0
mar_Deva-nds_Latn,metricx24,unknown,52398,1200000,0.0
mar_Deva-nep_Deva,metricx24,unknown,673978,1200000,0.6
mar_Deva-nld_Latn,shaomutan_remedy-9b-22,0.929647828,1346736,200000,6.7
mar_Deva-nno_Latn,shaomutan_remedy-9b-22,0.918589604,59682,200000,0.3
mar_Deva-nob_Latn,shaomutan_remedy-9b-22,0.931054241,258509,200000,1.3
mar_Deva-nor_Latn,metricx24,unknown,555417,1200000,0.5
mar_Deva-npi_Deva,qwen3-4b-instruct-2507,0.840035,1248614,28000,44.6
mar_Deva-nya_Latn,shaomutan_remedy-9b-22,0.711048783,61708,200000,0.3
mar_Deva-oci_Latn,shaomutan_remedy-9b-22,0.859613657,80186,200000,0.4
mar_Deva-ory_Orya,qwen3-4b-instruct-2507,0.932668,1724879,28000,61.6
mar_Deva-pan_Guru,qwen3-4b-instruct-2507,0.913833,983132,28000,35.1
mar_Deva-pbt_Arab,shaomutan_remedy-9b-22,0.756806021,60704,200000,0.3
mar_Deva-pol_Latn,shaomutan_remedy-9b-22,0.92440131,1189796,200000,5.9
mar_Deva-por_Latn,qwen3-4b-instruct-2507,0.924121,1717181,28000,61.3
mar_Deva-pus_Arab,metricx24,unknown,76582,1200000,0.1
mar_Deva-ron_Latn,shaomutan_remedy-9b-22,0.944527463,884541,200000,4.4
mar_Deva-rus_Cyrl,shaomutan_remedy-9b-22,0.936274179,2373912,200000,11.9
mar_Deva-san_Deva,shaomutan_remedy-9b-22,0.765385288,232252,200000,1.2
mar_Deva-sin_Sinh,shaomutan_remedy-9b-22,0.894413662,1671282,200000,8.4
mar_Deva-slk_Latn,shaomutan_remedy-9b-22,0.93580174,787004,200000,3.9
mar_Deva-slv_Latn,shaomutan_remedy-9b-22,0.938743407,556785,200000,2.8
mar_Deva-sna_Latn,shaomutan_remedy-9b-22,0.686462097,69761,200000,0.3
mar_Deva-snd_Arab,qwen3-4b-instruct-2507,0.869487,643537,28000,23.0
mar_Deva-som_Latn,shaomutan_remedy-9b-22,0.761304284,132719,200000,0.7
mar_Deva-sqi_Latn,metricx24,unknown,399906,1200000,0.3
mar_Deva-srd_Latn,qwen3-4b-instruct-2507,0.795032,52842,28000,1.9
mar_Deva-srp_Cyrl,qwen3-4b-instruct-2507,0.937247,525591,28000,18.8
mar_Deva-sun_Latn,qwen3-4b-instruct-2507,0.839557,175458,28000,6.3
mar_Deva-swa_Latn,metricx24,unknown,330106,1200000,0.3
mar_Deva-swe_Latn,shaomutan_remedy-9b-22,0.942138092,857167,200000,4.3
mar_Deva-swh_Latn,shaomutan_remedy-9b-22,0.899323503,155539,200000,0.8
mar_Deva-tam_Taml,qwen3-4b-instruct-2507,0.93997,2817974,28000,100.6
mar_Deva-tel_Telu,metricx24,0.783459,5061538,1200000,4.2
mar_Deva-tgk_Cyrl,m-prometheus-7b,0.860024888,120255,27000,4.5
mar_Deva-tgl_Latn,shaomutan_remedy-9b-22,0.917116506,485413,200000,2.4
mar_Deva-tha_Thai,qwen3-4b-instruct-2507,0.909099,685498,28000,24.5
mar_Deva-tur_Latn,shaomutan_remedy-9b-22,0.946609683,2601458,200000,13.0
mar_Deva-ukr_Cyrl,shaomutan_remedy-9b-22,0.947174549,913437,200000,4.6
mar_Deva-urd_Arab,shaomutan_remedy-9b-22,0.916197113,2182218,200000,10.9
mar_Deva-uzn_Latn,qwen3-4b-instruct-2507,0.838721,58670,28000,2.1
mar_Deva-vie_Latn,qwen3-4b-instruct-2507,0.906431,708205,28000,25.3
mar_Deva-wln_Latn,metricx24,unknown,24027,1200000,0.0
mar_Deva-xho_Latn,shaomutan_remedy-9b-22,0.79025923,207753,200000,1.0
mar_Deva-yor_Latn,shaomutan_remedy-9b-22,0.718430314,103187,200000,0.5
mar_Deva-yue_Hani,metricx24,unknown,146641,1200000,0.1
mar_Deva-zho_Hans,qwen3-4b-instruct-2507,0.952369,628450,28000,22.4
mar_Deva-zho_Hant,qwen3-4b-instruct-2507,0.945132,289823,28000,10.4
mar_Deva-zsm_Latn,qwen3-4b-instruct-2507,0.847456,140544,28000,5.0
mar_Deva-zul_Latn,shaomutan_remedy-9b-22,0.816818233,64242,200000,0.3
mhr_Cyrl-bos_Latn,qwen3-4b-instruct-2507,unknown,37404,28000,1.3
mhr_Cyrl-ces_Latn,metricx24,unknown,118393,1200000,0.1
mhr_Cyrl-dan_Latn,metricx24,unknown,76101,1200000,0.1
mhr_Cyrl-deu_Latn,metricx24,unknown,103564,1200000,0.1
mhr_Cyrl-ell_Grek,metricx24,unknown,119176,1200000,0.1
mhr_Cyrl-eng_Latn,metricx24,unknown,155134,1200000,0.1
mhr_Cyrl-est_Latn,metricx24,unknown,37518,1200000,0.0
mhr_Cyrl-fas_Arab,qwen3-4b-instruct-2507,unknown,91987,28000,3.3
mhr_Cyrl-fin_Latn,metricx24,unknown,88370,1200000,0.1
mhr_Cyrl-fra_Latn,metricx24,unknown,117084,1200000,0.1
mhr_Cyrl-heb_Hebr,metricx24,unknown,88179,1200000,0.1
mhr_Cyrl-hrv_Latn,qwen3-4b-instruct-2507,unknown,92392,28000,3.3
mhr_Cyrl-hun_Latn,metricx24,unknown,117832,1200000,0.1
mhr_Cyrl-ind_Latn,metricx24,unknown,85055,1200000,0.1
mhr_Cyrl-ita_Latn,metricx24,unknown,108443,1200000,0.1
mhr_Cyrl-nld_Latn,metricx24,unknown,125664,1200000,0.1
mhr_Cyrl-nor_Latn,qwen3-4b-instruct-2507,unknown,46018,28000,1.6
mhr_Cyrl-pol_Latn,metricx24,unknown,138654,1200000,0.1
mhr_Cyrl-por_Latn,metricx24,unknown,155025,1200000,0.1
mhr_Cyrl-ron_Latn,metricx24,unknown,151579,1200000,0.1
mhr_Cyrl-rus_Cyrl,metricx24,unknown,137687,1200000,0.1
mhr_Cyrl-slk_Latn,metricx24,unknown,71795,1200000,0.1
mhr_Cyrl-slv_Latn,metricx24,unknown,107386,1200000,0.1
mhr_Cyrl-spa_Latn,metricx24,unknown,141970,1200000,0.1
mhr_Cyrl-srp_Latn,qwen3-4b-instruct-2507,unknown,192712,28000,6.9
mhr_Cyrl-swe_Latn,metricx24,unknown,191636,1200000,0.2
mhr_Cyrl-tha_Thai,metricx24,unknown,100269,1200000,0.1
mhr_Cyrl-tur_Latn,metricx24,unknown,258848,1200000,0.2
mhr_Cyrl-ukr_Cyrl,metricx24,unknown,70102,1200000,0.1
mhr_Cyrl-vie_Latn,metricx24,unknown,168488,1200000,0.1
mhr_Cyrl-zho_Hant,metricx24,unknown,71720,1200000,0.1
min_Latn-war_Latn,qwen3-4b-instruct-2507,0.828407,121812,28000,4.4
mkd_Cyrl-afr_Latn,shaomutan_remedy-9b-22,0.931984375,42845,200000,0.2
mkd_Cyrl-als_Latn,qwen3-4b-instruct-2507,0.912623,3739335,28000,133.5
mkd_Cyrl-bos_Latn,metricx24,0.933230925,43058,1200000,0.0
mkd_Cyrl-ces_Latn,qwen3-4b-instruct-2507,0.95115,229862,28000,8.2
mkd_Cyrl-cmn_Hani,metricx24,unknown,3127326,1200000,2.6
mkd_Cyrl-dan_Latn,qwen3-4b-instruct-2507,0.950169,202724,28000,7.2
mkd_Cyrl-deu_Latn,qwen3-4b-instruct-2507,0.958616,178070,28000,6.4
mkd_Cyrl-ekk_Latn,metricx24,unknown,50049,1200000,0.0
mkd_Cyrl-ell_Grek,qwen3-4b-instruct-2507,0.961399,169207,28000,6.0
mkd_Cyrl-eng_Latn,qwen3-4b-instruct-2507,0.987715,392232,28000,14.0
mkd_Cyrl-epo_Latn,shaomutan_remedy-9b-22,0.937780183,25099,200000,0.1
mkd_Cyrl-est_Latn,shaomutan_remedy-9b-22,0.927456607,31717,200000,0.2
mkd_Cyrl-eus_Latn,shaomutan_remedy-9b-22,0.924572415,57834,200000,0.3
mkd_Cyrl-fas_Arab,metricx24,unknown,138505,1200000,0.1
mkd_Cyrl-fil_Latn,metricx24,unknown,276273,1200000,0.2
mkd_Cyrl-fin_Latn,shaomutan_remedy-9b-22,0.919789128,139984,200000,0.7
mkd_Cyrl-fra_Latn,qwen3-4b-instruct-2507,0.966984,202993,28000,7.2
mkd_Cyrl-fur_Latn,qwen3-4b-instruct-2507,0.858014,94565,28000,3.4
mkd_Cyrl-hbs_Latn,metricx24,unknown,133902,1200000,0.1
mkd_Cyrl-heb_Hebr,qwen3-4b-instruct-2507,0.954749,139189,28000,5.0
mkd_Cyrl-hrv_Latn,metricx24,0.926816783,279045,1200000,0.2
mkd_Cyrl-hun_Latn,qwen3-4b-instruct-2507,0.94884,181725,28000,6.5
mkd_Cyrl-ind_Latn,shaomutan_remedy-9b-22,0.92853612,571911,200000,2.9
mkd_Cyrl-ita_Latn,qwen3-4b-instruct-2507,0.968218,174531,28000,6.2
mkd_Cyrl-khk_Cyrl,metricx24,0.816727229,120250,1200000,0.1
mkd_Cyrl-lim_Latn,qwen3-4b-instruct-2507,0.811095,64315,28000,2.3
mkd_Cyrl-lzh_Hani,metricx24,unknown,188265,1200000,0.2
mkd_Cyrl-mal_Mlym,qwen3-4b-instruct-2507,0.954485,952519,28000,34.0
mkd_Cyrl-mar_Deva,qwen3-4b-instruct-2507,0.940418,531063,28000,19.0
mkd_Cyrl-mlt_Latn,shaomutan_remedy-9b-22,0.927475745,232877,200000,1.2
mkd_Cyrl-mon_Cyrl,metricx24,unknown,122029,1200000,0.1
mkd_Cyrl-msa_Latn,metricx24,unknown,1699328,1200000,1.4
mkd_Cyrl-mya_Mymr,shaomutan_remedy-9b-22,0.902741646,333431,200000,1.7
mkd_Cyrl-nds_Latn,metricx24,unknown,114952,1200000,0.1
mkd_Cyrl-nep_Deva,metricx24,unknown,318897,1200000,0.3
mkd_Cyrl-nld_Latn,metricx24,0.907159,8263493,1200000,6.9
mkd_Cyrl-nno_Latn,shaomutan_remedy-9b-22,0.918825736,177982,200000,0.9
mkd_Cyrl-nob_Latn,shaomutan_remedy-9b-22,0.922986515,3915619,200000,19.6
mkd_Cyrl-nor_Latn,metricx24,unknown,2162704,1200000,1.8
mkd_Cyrl-npi_Deva,qwen3-4b-instruct-2507,0.923196,122768,28000,4.4
mkd_Cyrl-nya_Latn,metricx24,0.717454798,70597,1200000,0.1
mkd_Cyrl-oci_Latn,shaomutan_remedy-9b-22,0.883738694,132166,200000,0.7
mkd_Cyrl-pan_Guru,qwen3-4b-instruct-2507,0.950672,110566,28000,3.9
mkd_Cyrl-pbt_Arab,shaomutan_remedy-9b-22,0.774946218,70695,200000,0.4
mkd_Cyrl-pol_Latn,metricx24,0.834316,8443834,1200000,7.0
mkd_Cyrl-por_Latn,metricx24,0.865509,5796435,1200000,4.8
mkd_Cyrl-pus_Arab,metricx24,unknown,94797,1200000,0.1
mkd_Cyrl-ron_Latn,metricx24,0.862222,8338889,1200000,6.9
mkd_Cyrl-rus_Cyrl,shaomutan_remedy-9b-22,0.929889264,10370982,200000,51.9
mkd_Cyrl-sin_Sinh,qwen3-4b-instruct-2507,0.897402,910133,28000,32.5
mkd_Cyrl-slk_Latn,qwen3-4b-instruct-2507,0.937999,4867926,28000,173.9
mkd_Cyrl-slv_Latn,metricx24,0.871178,5647315,1200000,4.7
mkd_Cyrl-snd_Arab,qwen3-4b-instruct-2507,0.89453,71000,28000,2.5
mkd_Cyrl-som_Latn,shaomutan_remedy-9b-22,0.77049798,124685,200000,0.6
mkd_Cyrl-spa_Latn,qwen3-4b-instruct-2507,0.952822,241684,28000,8.6
mkd_Cyrl-sqi_Latn,metricx24,unknown,981537,1200000,0.8
mkd_Cyrl-srd_Latn,qwen3-4b-instruct-2507,0.829662,157297,28000,5.6
mkd_Cyrl-srp_Cyrl,qwen3-4b-instruct-2507,0.924515,2306570,28000,82.4
mkd_Cyrl-srp_Latn,metricx24,unknown,4338272,1200000,3.6
mkd_Cyrl-sun_Latn,qwen3-4b-instruct-2507,0.843668,211356,28000,7.5
mkd_Cyrl-swa_Latn,metricx24,unknown,570631,1200000,0.5
mkd_Cyrl-swe_Latn,metricx24,0.876171,6495489,1200000,5.4
mkd_Cyrl-swh_Latn,shaomutan_remedy-9b-22,0.907739086,438138,200000,2.2
mkd_Cyrl-tam_Taml,qwen3-4b-instruct-2507,0.950567,748463,28000,26.7
mkd_Cyrl-tel_Telu,qwen3-4b-instruct-2507,0.952344,486901,28000,17.4
mkd_Cyrl-tgk_Cyrl,qwen3-4b-instruct-2507,0.870557,172971,28000,6.2
mkd_Cyrl-tgl_Latn,shaomutan_remedy-9b-22,0.931044516,709452,200000,3.5
mkd_Cyrl-tha_Thai,qwen3-4b-instruct-2507,0.939378,2898275,28000,103.5
mkd_Cyrl-tur_Latn,metricx24,0.783504,6417257,1200000,5.3
mkd_Cyrl-ukr_Cyrl,shaomutan_remedy-9b-22,0.926503759,4575439,200000,22.9
mkd_Cyrl-urd_Arab,qwen3-4b-instruct-2507,0.897023,952041,28000,34.0
mkd_Cyrl-uzn_Latn,qwen3-4b-instruct-2507,0.865938,208564,28000,7.4
mkd_Cyrl-vie_Latn,shaomutan_remedy-9b-22,0.930670598,5533795,200000,27.7
mkd_Cyrl-xho_Latn,shaomutan_remedy-9b-22,0.777341781,313527,200000,1.6
mkd_Cyrl-yor_Latn,shaomutan_remedy-9b-22,0.696756924,116533,200000,0.6
mkd_Cyrl-yue_Hani,metricx24,unknown,327979,1200000,0.3
mkd_Cyrl-zho_Hans,qwen3-4b-instruct-2507,0.972842,2239601,28000,80.0
mkd_Cyrl-zho_Hant,qwen3-4b-instruct-2507,0.970249,1262666,28000,45.1
mkd_Cyrl-zsm_Latn,qwen3-4b-instruct-2507,0.895217,972870,28000,34.7
mkd_Cyrl-zul_Latn,shaomutan_remedy-9b-22,0.79966057,64584,200000,0.3
mlg_Latn-cmn_Hani,qwen3-4b-instruct-2507,unknown,86073,28000,3.1
mlg_Latn-mal_Mlym,metricx24,unknown,190822,1200000,0.2
mlg_Latn-mar_Deva,metricx24,unknown,168502,1200000,0.1
mlg_Latn-mkd_Cyrl,metricx24,unknown,272056,1200000,0.2
mlg_Latn-mon_Cyrl,qwen3-4b-instruct-2507,unknown,54131,28000,1.9
mlg_Latn-msa_Latn,qwen3-4b-instruct-2507,unknown,219685,28000,7.8
mlg_Latn-mya_Mymr,metricx24,unknown,68177,1200000,0.1
mlg_Latn-nds_Latn,qwen3-4b-instruct-2507,unknown,26791,28000,1.0
mlg_Latn-nep_Deva,qwen3-4b-instruct-2507,unknown,108819,28000,3.9
mlg_Latn-nld_Latn,metricx24,unknown,830114,1200000,0.7
mlg_Latn-nno_Latn,metricx24,unknown,38603,1200000,0.0
mlg_Latn-nor_Latn,qwen3-4b-instruct-2507,unknown,295737,28000,10.6
mlg_Latn-oci_Latn,qwen3-4b-instruct-2507,unknown,51395,28000,1.8
mlg_Latn-pan_Guru,metricx24,unknown,42984,1200000,0.0
mlg_Latn-pol_Latn,metricx24,unknown,675461,1200000,0.6
mlg_Latn-por_Latn,metricx24,unknown,1132838,1200000,0.9
mlg_Latn-pus_Arab,qwen3-4b-instruct-2507,unknown,43167,28000,1.5
mlg_Latn-ron_Latn,metricx24,unknown,461012,1200000,0.4
mlg_Latn-rus_Cyrl,metricx24,unknown,1107838,1200000,0.9
mlg_Latn-sin_Sinh,metricx24,unknown,185811,1200000,0.2
mlg_Latn-slk_Latn,metricx24,unknown,355199,1200000,0.3
mlg_Latn-slv_Latn,metricx24,unknown,228416,1200000,0.2
mlg_Latn-som_Latn,metricx24,unknown,60953,1200000,0.1
mlg_Latn-sqi_Latn,qwen3-4b-instruct-2507,unknown,206689,28000,7.4
mlg_Latn-srp_Cyrl,metricx24,unknown,240828,1200000,0.2
mlg_Latn-sun_Latn,metricx24,unknown,159655,1200000,0.1
mlg_Latn-swa_Latn,qwen3-4b-instruct-2507,unknown,190817,28000,6.8
mlg_Latn-swe_Latn,metricx24,unknown,441011,1200000,0.4
mlg_Latn-tam_Taml,metricx24,unknown,168828,1200000,0.1
mlg_Latn-tel_Telu,metricx24,unknown,107043,1200000,0.1
mlg_Latn-tgl_Latn,qwen3-4b-instruct-2507,unknown,342079,28000,12.2
mlg_Latn-tha_Thai,metricx24,unknown,253116,1200000,0.2
mlg_Latn-tur_Latn,metricx24,unknown,572927,1200000,0.5
mlg_Latn-ukr_Cyrl,metricx24,unknown,412887,1200000,0.3
mlg_Latn-urd_Arab,metricx24,unknown,192751,1200000,0.2
mlg_Latn-vie_Latn,metricx24,unknown,263849,1200000,0.2
mlg_Latn-war_Latn,qwen3-4b-instruct-2507,unknown,200800,28000,7.2
mlg_Latn-xho_Latn,metricx24,unknown,84544,1200000,0.1
mlg_Latn-yor_Latn,metricx24,unknown,53165,1200000,0.0
mlg_Latn-yue_Hani,qwen3-4b-instruct-2507,unknown,91863,28000,3.3
mlg_Latn-zho_Hans,metricx24,unknown,434619,1200000,0.4
mlg_Latn-zho_Hant,metricx24,unknown,211191,1200000,0.2
mlt_Latn-als_Latn,qwen3-4b-instruct-2507,0.869871,224574,28000,8.0
mlt_Latn-fra_Latn,qwen3-4b-instruct-2507,0.948855,68618,28000,2.5
mlt_Latn-hbs_Latn,metricx24,unknown,1162656,1200000,1.0
mlt_Latn-hrv_Latn,shaomutan_remedy-9b-22,0.899546,106060,200000,0.5
mlt_Latn-ita_Latn,qwen3-4b-instruct-2507,0.960572,69016,28000,2.5
mlt_Latn-lit_Latn,shaomutan_remedy-9b-22,0.912802808,54674,200000,0.3
mlt_Latn-lvs_Latn,shaomutan_remedy-9b-22,0.929002394,46318,200000,0.2
mlt_Latn-nld_Latn,shaomutan_remedy-9b-22,0.929175504,4366943,200000,21.8
mlt_Latn-nob_Latn,shaomutan_remedy-9b-22,0.930872198,967788,200000,4.8
mlt_Latn-nor_Latn,metricx24,unknown,259744,1200000,0.2
mlt_Latn-pol_Latn,shaomutan_remedy-9b-22,0.924696993,4281683,200000,21.4
mlt_Latn-por_Latn,shaomutan_remedy-9b-22,0.945300195,4446281,200000,22.2
mlt_Latn-ron_Latn,shaomutan_remedy-9b-22,0.932740752,4269444,200000,21.3
mlt_Latn-rus_Cyrl,shaomutan_remedy-9b-22,0.933867637,266868,200000,1.3
mlt_Latn-slk_Latn,shaomutan_remedy-9b-22,0.923373828,7761961,200000,38.8
mlt_Latn-slv_Latn,shaomutan_remedy-9b-22,0.91052959,4786608,200000,23.9
mlt_Latn-spa_Latn,shaomutan_remedy-9b-22,0.942903956,62863,200000,0.3
mlt_Latn-srp_Cyrl,shaomutan_remedy-9b-22,0.932417341,203587,200000,1.0
mlt_Latn-swe_Latn,shaomutan_remedy-9b-22,0.920225804,6476914,200000,32.4
mlt_Latn-swh_Latn,shaomutan_remedy-9b-22,0.861886232,104617,200000,0.5
mlt_Latn-tha_Thai,shaomutan_remedy-9b-22,0.942522778,81333,200000,0.4
mlt_Latn-tur_Latn,shaomutan_remedy-9b-22,0.933323582,186310,200000,0.9
mlt_Latn-ukr_Cyrl,shaomutan_remedy-9b-22,0.93686875,442418,200000,2.2
mlt_Latn-vie_Latn,shaomutan_remedy-9b-22,0.934562442,258975,200000,1.3
mlt_Latn-zho_Hans,qwen3-4b-instruct-2507,0.953982,64073,28000,2.3
mon_Cyrl-mar_Deva,metricx24,unknown,104367,1200000,0.1
mon_Cyrl-msa_Latn,qwen3-4b-instruct-2507,unknown,164323,28000,5.9
mon_Cyrl-mya_Mymr,metricx24,unknown,64509,1200000,0.1
mon_Cyrl-nep_Deva,qwen3-4b-instruct-2507,unknown,70821,28000,2.5
mon_Cyrl-nld_Latn,metricx24,unknown,742497,1200000,0.6
mon_Cyrl-nor_Latn,qwen3-4b-instruct-2507,unknown,262855,28000,9.4
mon_Cyrl-pol_Latn,metricx24,unknown,633823,1200000,0.5
mon_Cyrl-por_Latn,metricx24,unknown,1161465,1200000,1.0
mon_Cyrl-ron_Latn,metricx24,unknown,364016,1200000,0.3
mon_Cyrl-rus_Cyrl,metricx24,unknown,1205378,1200000,1.0
mon_Cyrl-sin_Sinh,metricx24,unknown,110627,1200000,0.1
mon_Cyrl-slk_Latn,metricx24,unknown,274983,1200000,0.2
mon_Cyrl-slv_Latn,metricx24,unknown,179619,1200000,0.1
mon_Cyrl-sqi_Latn,qwen3-4b-instruct-2507,unknown,138994,28000,5.0
mon_Cyrl-srp_Cyrl,metricx24,unknown,143520,1200000,0.1
mon_Cyrl-sun_Latn,metricx24,unknown,57015,1200000,0.0
mon_Cyrl-swa_Latn,qwen3-4b-instruct-2507,unknown,149676,28000,5.3
mon_Cyrl-swe_Latn,metricx24,unknown,368146,1200000,0.3
mon_Cyrl-tam_Taml,metricx24,unknown,113052,1200000,0.1
mon_Cyrl-tel_Telu,metricx24,unknown,92486,1200000,0.1
mon_Cyrl-tgl_Latn,qwen3-4b-instruct-2507,unknown,307146,28000,11.0
mon_Cyrl-tha_Thai,metricx24,unknown,270395,1200000,0.2
mon_Cyrl-tur_Latn,metricx24,unknown,539465,1200000,0.4
mon_Cyrl-ukr_Cyrl,metricx24,unknown,360703,1200000,0.3
mon_Cyrl-urd_Arab,metricx24,unknown,134515,1200000,0.1
mon_Cyrl-vie_Latn,metricx24,unknown,347471,1200000,0.3
mon_Cyrl-zho_Hans,metricx24,unknown,305769,1200000,0.3
mon_Cyrl-zho_Hant,metricx24,unknown,244326,1200000,0.2
mri_Latn-als_Latn,metricx24,0.763593225,65584,1200000,0.1
mri_Latn-cmn_Hani,metricx24,unknown,99857,1200000,0.1
mri_Latn-fil_Latn,metricx24,unknown,69927,1200000,0.1
mri_Latn-mal_Mlym,shaomutan_remedy-9b-22,0.843168874,86545,200000,0.4
mri_Latn-mar_Deva,shaomutan_remedy-9b-22,0.832986093,88236,200000,0.4
mri_Latn-mkd_Cyrl,shaomutan_remedy-9b-22,0.889490008,73582,200000,0.4
mri_Latn-msa_Latn,metricx24,unknown,58975,1200000,0.0
mri_Latn-mya_Mymr,shaomutan_remedy-9b-22,0.85610316,72171,200000,0.4
mri_Latn-nld_Latn,shaomutan_remedy-9b-22,0.865327676,350288,200000,1.8
mri_Latn-nob_Latn,shaomutan_remedy-9b-22,0.879206648,63938,200000,0.3
mri_Latn-nor_Latn,metricx24,unknown,86543,1200000,0.1
mri_Latn-pol_Latn,shaomutan_remedy-9b-22,0.877906292,273222,200000,1.4
mri_Latn-por_Latn,shaomutan_remedy-9b-22,0.850106042,487550,200000,2.4
mri_Latn-ron_Latn,shaomutan_remedy-9b-22,0.890233275,178419,200000,0.9
mri_Latn-rus_Cyrl,shaomutan_remedy-9b-22,0.896651609,435270,200000,2.2
mri_Latn-sin_Sinh,shaomutan_remedy-9b-22,0.844330902,62162,200000,0.3
mri_Latn-slk_Latn,shaomutan_remedy-9b-22,0.894521644,134037,200000,0.7
mri_Latn-slv_Latn,shaomutan_remedy-9b-22,0.878381023,113829,200000,0.6
mri_Latn-smo_Latn,shaomutan_remedy-9b-22,0.735209081,375476,200000,1.9
mri_Latn-srp_Cyrl,shaomutan_remedy-9b-22,0.901056445,64208,200000,0.3
mri_Latn-sun_Latn,shaomutan_remedy-9b-22,0.769037739,352442,200000,1.8
mri_Latn-swe_Latn,shaomutan_remedy-9b-22,0.884219897,181852,200000,0.9
mri_Latn-tel_Telu,shaomutan_remedy-9b-22,0.86399595,91030,200000,0.5
mri_Latn-tgl_Latn,shaomutan_remedy-9b-22,0.846370186,102500,200000,0.5
mri_Latn-tha_Thai,shaomutan_remedy-9b-22,0.869946447,171337,200000,0.9
mri_Latn-tur_Latn,shaomutan_remedy-9b-22,0.873154894,236743,200000,1.2
mri_Latn-ukr_Cyrl,shaomutan_remedy-9b-22,0.900618865,134375,200000,0.7
mri_Latn-urd_Arab,shaomutan_remedy-9b-22,0.81016351,75372,200000,0.4
mri_Latn-vie_Latn,shaomutan_remedy-9b-22,0.864058114,207050,200000,1.0
mri_Latn-war_Latn,metricx24,0.749202602,124957,1200000,0.1
mri_Latn-xho_Latn,shaomutan_remedy-9b-22,0.754651089,56918,200000,0.3
mri_Latn-zho_Hans,qwen3-4b-instruct-2507,0.88448,117634,28000,4.2
mri_Latn-zho_Hant,qwen3-4b-instruct-2507,0.877063,104593,28000,3.7
msa_Latn-abk_Cyrl,qwen3-4b-instruct-2507,unknown,31466,28000,1.1
msa_Latn-als_Latn,metricx24,unknown,716742,1200000,0.6
msa_Latn-ces_Latn,metricx24,unknown,68725,1200000,0.1
msa_Latn-cmn_Hani,qwen3-4b-instruct-2507,unknown,2338457,28000,83.5
msa_Latn-dan_Latn,metricx24,unknown,101687,1200000,0.1
msa_Latn-eng_Latn,metricx24,unknown,128453,1200000,0.1
msa_Latn-eus_Latn,metricx24,unknown,60275,1200000,0.1
msa_Latn-fil_Latn,qwen3-4b-instruct-2507,unknown,423223,28000,15.1
msa_Latn-fur_Latn,qwen3-4b-instruct-2507,unknown,105709,28000,3.8
msa_Latn-hbs_Latn,qwen3-4b-instruct-2507,unknown,75022,28000,2.7
msa_Latn-hrv_Latn,qwen3-4b-instruct-2507,unknown,80683,28000,2.9
msa_Latn-kin_Latn,qwen3-4b-instruct-2507,unknown,52616,28000,1.9
msa_Latn-lzh_Hani,qwen3-4b-instruct-2507,unknown,217958,28000,7.8
msa_Latn-mlt_Latn,metricx24,unknown,90685,1200000,0.1
msa_Latn-mya_Mymr,metricx24,unknown,460408,1200000,0.4
msa_Latn-nds_Latn,qwen3-4b-instruct-2507,unknown,111802,28000,4.0
msa_Latn-nep_Deva,qwen3-4b-instruct-2507,unknown,301389,28000,10.8
msa_Latn-nld_Latn,metricx24,unknown,6871921,1200000,5.7
msa_Latn-nno_Latn,metricx24,unknown,214197,1200000,0.2
msa_Latn-nob_Latn,metricx24,unknown,2553183,1200000,2.1
msa_Latn-nor_Latn,qwen3-4b-instruct-2507,unknown,2342592,28000,83.7
msa_Latn-npi_Deva,metricx24,unknown,105710,1200000,0.1
msa_Latn-oci_Latn,qwen3-4b-instruct-2507,unknown,140737,28000,5.0
msa_Latn-pan_Guru,metricx24,unknown,88441,1200000,0.1
msa_Latn-pol_Latn,metricx24,unknown,7022154,1200000,5.9
msa_Latn-por_Latn,metricx24,unknown,6384732,1200000,5.3
msa_Latn-pus_Arab,qwen3-4b-instruct-2507,unknown,73953,28000,2.6
msa_Latn-ron_Latn,metricx24,unknown,5935728,1200000,4.9
msa_Latn-rus_Cyrl,metricx24,unknown,8569554,1200000,7.1
msa_Latn-sin_Sinh,metricx24,unknown,1100505,1200000,0.9
msa_Latn-slk_Latn,metricx24,unknown,3215115,1200000,2.7
msa_Latn-slv_Latn,metricx24,unknown,2920068,1200000,2.4
msa_Latn-snd_Arab,metricx24,unknown,83559,1200000,0.1
msa_Latn-som_Latn,metricx24,unknown,126287,1200000,0.1
msa_Latn-sqi_Latn,qwen3-4b-instruct-2507,unknown,777879,28000,27.8
msa_Latn-srd_Latn,qwen3-4b-instruct-2507,unknown,144520,28000,5.2
msa_Latn-srp_Cyrl,metricx24,unknown,1337794,1200000,1.1
msa_Latn-srp_Latn,qwen3-4b-instruct-2507,unknown,2108654,28000,75.3
msa_Latn-sun_Latn,metricx24,unknown,195412,1200000,0.2
msa_Latn-swa_Latn,qwen3-4b-instruct-2507,unknown,551857,28000,19.7
msa_Latn-swe_Latn,metricx24,unknown,5261987,1200000,4.4
msa_Latn-swh_Latn,metricx24,unknown,209087,1200000,0.2
msa_Latn-tam_Taml,metricx24,unknown,1048066,1200000,0.9
msa_Latn-tel_Telu,metricx24,unknown,630857,1200000,0.5
msa_Latn-tgk_Cyrl,metricx24,unknown,123897,1200000,0.1
msa_Latn-tgl_Latn,qwen3-4b-instruct-2507,unknown,1192338,28000,42.6
msa_Latn-tha_Thai,metricx24,unknown,5535273,1200000,4.6
msa_Latn-tur_Latn,metricx24,unknown,9040653,1200000,7.5
msa_Latn-uig_Arab,qwen3-4b-instruct-2507,unknown,24409,28000,0.9
msa_Latn-ukr_Cyrl,metricx24,unknown,3800269,1200000,3.2
msa_Latn-urd_Arab,metricx24,unknown,957437,1200000,0.8
msa_Latn-uzn_Latn,metricx24,unknown,121616,1200000,0.1
msa_Latn-vie_Latn,metricx24,unknown,8560587,1200000,7.1
msa_Latn-wln_Latn,qwen3-4b-instruct-2507,unknown,30925,28000,1.1
msa_Latn-xho_Latn,metricx24,unknown,257616,1200000,0.2
msa_Latn-yor_Latn,metricx24,unknown,71221,1200000,0.1
msa_Latn-yue_Hani,qwen3-4b-instruct-2507,unknown,386038,28000,13.8
msa_Latn-zho_Hans,metricx24,unknown,2020955,1200000,1.7
msa_Latn-zho_Hant,metricx24,unknown,2458537,1200000,2.0
msa_Latn-zul_Latn,metricx24,unknown,54025,1200000,0.0
mwl_Latn-por_Latn,metricx24,unknown,111663,1200000,0.1
mya_Mymr-als_Latn,qwen3-4b-instruct-2507,0.865475,197569,28000,7.1
mya_Mymr-cmn_Hani,metricx24,unknown,618778,1200000,0.5
mya_Mymr-fil_Latn,metricx24,unknown,106516,1200000,0.1
mya_Mymr-nep_Deva,metricx24,unknown,125141,1200000,0.1
mya_Mymr-nld_Latn,metricx24,0.875960687,1180690,1200000,1.0
mya_Mymr-nob_Latn,shaomutan_remedy-9b-22,0.862887651,377168,200000,1.9
mya_Mymr-nor_Latn,metricx24,unknown,366621,1200000,0.3
mya_Mymr-npi_Deva,shaomutan_remedy-9b-22,0.847824434,95845,200000,0.5
mya_Mymr-pan_Guru,qwen3-4b-instruct-2507,0.865709,57105,28000,2.0
mya_Mymr-pbt_Arab,shaomutan_remedy-9b-22,0.734713678,43656,200000,0.2
mya_Mymr-pol_Latn,shaomutan_remedy-9b-22,0.869395659,1064551,200000,5.3
mya_Mymr-por_Latn,qwen3-4b-instruct-2507,0.861309,1603177,28000,57.3
mya_Mymr-pus_Arab,metricx24,unknown,55064,1200000,0.0
mya_Mymr-ron_Latn,qwen3-4b-instruct-2507,0.878805,987468,28000,35.3
mya_Mymr-rus_Cyrl,shaomutan_remedy-9b-22,0.882596571,1335068,200000,6.7
mya_Mymr-sin_Sinh,shaomutan_remedy-9b-22,0.877564794,514867,200000,2.6
mya_Mymr-slk_Latn,shaomutan_remedy-9b-22,0.882172052,510055,200000,2.6
mya_Mymr-slv_Latn,qwen3-4b-instruct-2507,0.872768,493203,28000,17.6
mya_Mymr-som_Latn,shaomutan_remedy-9b-22,0.697265058,95230,200000,0.5
mya_Mymr-sqi_Latn,metricx24,unknown,157931,1200000,0.1
mya_Mymr-srp_Cyrl,qwen3-4b-instruct-2507,0.901229,273136,28000,9.8
mya_Mymr-srp_Latn,metricx24,unknown,407722,1200000,0.3
mya_Mymr-sun_Latn,shaomutan_remedy-9b-22,0.763794177,95700,200000,0.5
mya_Mymr-swa_Latn,metricx24,unknown,154577,1200000,0.1
mya_Mymr-swe_Latn,qwen3-4b-instruct-2507,0.866247,859194,28000,30.7
mya_Mymr-swh_Latn,shaomutan_remedy-9b-22,0.817373435,77014,200000,0.4
mya_Mymr-tam_Taml,qwen3-4b-instruct-2507,0.883619,226461,28000,8.1
mya_Mymr-tel_Telu,shaomutan_remedy-9b-22,0.896087347,193805,200000,1.0
mya_Mymr-tgk_Cyrl,shaomutan_remedy-9b-22,0.78132398,78931,200000,0.4
mya_Mymr-tgl_Latn,shaomutan_remedy-9b-22,0.856735958,228245,200000,1.1
mya_Mymr-tha_Thai,shaomutan_remedy-9b-22,0.878109804,957551,200000,4.8
mya_Mymr-tur_Latn,shaomutan_remedy-9b-22,0.887973984,1187614,200000,5.9
mya_Mymr-ukr_Cyrl,shaomutan_remedy-9b-22,0.888616529,614064,200000,3.1
mya_Mymr-urd_Arab,shaomutan_remedy-9b-22,0.831929594,298485,200000,1.5
mya_Mymr-vie_Latn,qwen3-4b-instruct-2507,0.850518,1061533,28000,37.9
mya_Mymr-xho_Latn,shaomutan_remedy-9b-22,0.740540215,84630,200000,0.4
mya_Mymr-yor_Latn,shaomutan_remedy-9b-22,0.599451156,72447,200000,0.4
mya_Mymr-yue_Hani,metricx24,unknown,103691,1200000,0.1
mya_Mymr-zho_Hans,qwen3-4b-instruct-2507,0.90343,278593,28000,9.9
mya_Mymr-zho_Hant,qwen3-4b-instruct-2507,0.890851,476250,28000,17.0
mya_Mymr-zul_Latn,shaomutan_remedy-9b-22,0.760776387,44449,200000,0.2
nah_Latn-por_Latn,metricx24,unknown,67331,1200000,0.1
nap_Latn-nld_Latn,metricx24,unknown,97932,1200000,0.1
nap_Latn-pol_Latn,metricx24,unknown,102530,1200000,0.1
nap_Latn-por_Latn,metricx24,unknown,147857,1200000,0.1
nap_Latn-ron_Latn,metricx24,unknown,107532,1200000,0.1
nap_Latn-rus_Cyrl,metricx24,unknown,86162,1200000,0.1
nap_Latn-srp_Latn,qwen3-4b-instruct-2507,unknown,70629,28000,2.5
nap_Latn-swe_Latn,metricx24,unknown,64976,1200000,0.1
nap_Latn-tur_Latn,metricx24,unknown,88270,1200000,0.1
nds_Latn-eng_Latn,metricx24,unknown,213893,1200000,0.2
nds_Latn-fra_Latn,metricx24,unknown,64535,1200000,0.1
nds_Latn-nep_Deva,qwen3-4b-instruct-2507,unknown,83201,28000,3.0
nds_Latn-nld_Latn,metricx24,unknown,288310,1200000,0.2
nds_Latn-nno_Latn,metricx24,unknown,112872,1200000,0.1
nds_Latn-nor_Latn,qwen3-4b-instruct-2507,unknown,94822,28000,3.4
nds_Latn-oci_Latn,qwen3-4b-instruct-2507,unknown,65541,28000,2.3
nds_Latn-pan_Guru,metricx24,unknown,72228,1200000,0.1
nds_Latn-pol_Latn,metricx24,unknown,312594,1200000,0.3
nds_Latn-por_Latn,metricx24,unknown,316872,1200000,0.3
nds_Latn-ron_Latn,metricx24,unknown,262898,1200000,0.2
nds_Latn-rus_Cyrl,metricx24,unknown,338261,1200000,0.3
nds_Latn-sin_Sinh,metricx24,unknown,72083,1200000,0.1
nds_Latn-slk_Latn,metricx24,unknown,203272,1200000,0.2
nds_Latn-slv_Latn,metricx24,unknown,179281,1200000,0.1
nds_Latn-sqi_Latn,qwen3-4b-instruct-2507,unknown,61390,28000,2.2
nds_Latn-srp_Cyrl,metricx24,unknown,115733,1200000,0.1
nds_Latn-swe_Latn,metricx24,unknown,293056,1200000,0.2
nds_Latn-tam_Taml,metricx24,unknown,117070,1200000,0.1
nds_Latn-tha_Thai,metricx24,unknown,108138,1200000,0.1
nds_Latn-tur_Latn,metricx24,unknown,253050,1200000,0.2
nds_Latn-ukr_Cyrl,metricx24,unknown,258474,1200000,0.2
nds_Latn-vie_Latn,metricx24,unknown,87629,1200000,0.1
nds_Latn-xho_Latn,metricx24,unknown,77055,1200000,0.1
nds_Latn-zho_Hans,metricx24,unknown,172636,1200000,0.1
nds_Latn-zho_Hant,metricx24,unknown,91949,1200000,0.1
nep_Deva-als_Latn,metricx24,unknown,100152,1200000,0.1
nep_Deva-cmn_Hani,qwen3-4b-instruct-2507,unknown,108412,28000,3.9
nep_Deva-fil_Latn,qwen3-4b-instruct-2507,unknown,57194,28000,2.0
nep_Deva-kin_Latn,qwen3-4b-instruct-2507,unknown,34516,28000,1.2
nep_Deva-nld_Latn,metricx24,unknown,1016549,1200000,0.8
nep_Deva-nno_Latn,metricx24,unknown,118392,1200000,0.1
nep_Deva-nob_Latn,metricx24,unknown,71662,1200000,0.1
nep_Deva-nor_Latn,qwen3-4b-instruct-2507,unknown,345315,28000,12.3
nep_Deva-oci_Latn,qwen3-4b-instruct-2507,unknown,71604,28000,2.6
nep_Deva-ory_Orya,qwen3-4b-instruct-2507,unknown,214885,28000,7.7
nep_Deva-pan_Guru,metricx24,unknown,370480,1200000,0.3
nep_Deva-pol_Latn,metricx24,unknown,834576,1200000,0.7
nep_Deva-por_Latn,metricx24,unknown,1308359,1200000,1.1
nep_Deva-pus_Arab,qwen3-4b-instruct-2507,unknown,60394,28000,2.2
nep_Deva-ron_Latn,metricx24,unknown,590388,1200000,0.5
nep_Deva-rus_Cyrl,metricx24,unknown,1359582,1200000,1.1
nep_Deva-san_Deva,qwen3-4b-instruct-2507,unknown,109378,28000,3.9
nep_Deva-sin_Sinh,metricx24,unknown,498065,1200000,0.4
nep_Deva-slk_Latn,metricx24,unknown,497766,1200000,0.4
nep_Deva-slv_Latn,metricx24,unknown,371600,1200000,0.3
nep_Deva-snd_Arab,metricx24,unknown,227961,1200000,0.2
nep_Deva-som_Latn,metricx24,unknown,79685,1200000,0.1
nep_Deva-sqi_Latn,qwen3-4b-instruct-2507,unknown,252654,28000,9.0
nep_Deva-srp_Cyrl,metricx24,unknown,321415,1200000,0.3
nep_Deva-sun_Latn,metricx24,unknown,115823,1200000,0.1
nep_Deva-swa_Latn,qwen3-4b-instruct-2507,unknown,202739,28000,7.2
nep_Deva-swe_Latn,metricx24,unknown,581603,1200000,0.5
nep_Deva-swh_Latn,metricx24,unknown,61864,1200000,0.1
nep_Deva-tam_Taml,metricx24,unknown,725460,1200000,0.6
nep_Deva-tel_Telu,metricx24,unknown,730870,1200000,0.6
nep_Deva-tgk_Cyrl,metricx24,unknown,105227,1200000,0.1
nep_Deva-tgl_Latn,qwen3-4b-instruct-2507,unknown,378527,28000,13.5
nep_Deva-tha_Thai,metricx24,unknown,465903,1200000,0.4
nep_Deva-tur_Latn,metricx24,unknown,1141695,1200000,1.0
nep_Deva-ukr_Cyrl,metricx24,unknown,597394,1200000,0.5
nep_Deva-urd_Arab,metricx24,unknown,765446,1200000,0.6
nep_Deva-vie_Latn,metricx24,unknown,454532,1200000,0.4
nep_Deva-wln_Latn,qwen3-4b-instruct-2507,unknown,28400,28000,1.0
nep_Deva-xho_Latn,metricx24,unknown,141486,1200000,0.1
nep_Deva-yor_Latn,metricx24,unknown,68873,1200000,0.1
nep_Deva-yue_Hani,qwen3-4b-instruct-2507,unknown,110281,28000,3.9
nep_Deva-zho_Hans,metricx24,unknown,487002,1200000,0.4
nep_Deva-zho_Hant,metricx24,unknown,299345,1200000,0.2
nep_Deva-zul_Latn,metricx24,unknown,43898,1200000,0.0
nld_Latn-abk_Cyrl,metricx24,unknown,95239,1200000,0.1
nld_Latn-als_Latn,qwen3-4b-instruct-2507,0.892668,2206162,28000,78.8
nld_Latn-azj_Latn,m-prometheus-7b,0.866495769,79741,27000,3.0
nld_Latn-bak_Cyrl,shaomutan_remedy-9b-22,0.87810692,117394,200000,0.6
nld_Latn-bel_Cyrl,shaomutan_remedy-9b-22,0.926219545,62925,200000,0.3
nld_Latn-cat_Latn,qwen3-4b-instruct-2507,0.931429,90967,28000,3.2
nld_Latn-ces_Latn,qwen3-4b-instruct-2507,0.959308,362163,28000,12.9
nld_Latn-cmn_Hani,metricx24,unknown,18857363,1200000,15.7
nld_Latn-crh_Latn,shaomutan_remedy-9b-22,0.801472179,103844,200000,0.5
nld_Latn-dan_Latn,shaomutan_remedy-9b-22,0.918382322,775393,200000,3.9
nld_Latn-deu_Latn,metricx24,0.940943658,226134,1200000,0.2
nld_Latn-ekk_Latn,metricx24,unknown,63333,1200000,0.1
nld_Latn-ell_Grek,qwen3-4b-instruct-2507,0.946222,72076,28000,2.6
nld_Latn-eng_Latn,qwen3-4b-instruct-2507,0.974649,2563107,28000,91.5
nld_Latn-epo_Latn,shaomutan_remedy-9b-22,0.928592304,111544,200000,0.6
nld_Latn-eus_Latn,shaomutan_remedy-9b-22,0.905104781,385912,200000,1.9
nld_Latn-fas_Arab,metricx24,unknown,86889,1200000,0.1
nld_Latn-fil_Latn,metricx24,unknown,1033698,1200000,0.9
nld_Latn-fin_Latn,qwen3-4b-instruct-2507,0.916914,129449,28000,4.6
nld_Latn-fra_Latn,qwen3-4b-instruct-2507,0.964037,794882,28000,28.4
nld_Latn-fro_Latn,metricx24,unknown,46684,1200000,0.0
nld_Latn-fur_Latn,qwen3-4b-instruct-2507,0.870254,292809,28000,10.5
nld_Latn-glg_Latn,qwen3-4b-instruct-2507,0.954793,65850,28000,2.4
nld_Latn-hau_Latn,shaomutan_remedy-9b-22,0.817451432,77093,200000,0.4
nld_Latn-hbs_Latn,metricx24,unknown,1289424,1200000,1.1
nld_Latn-heb_Hebr,qwen3-4b-instruct-2507,0.950767,62122,28000,2.2
nld_Latn-hin_Deva,shaomutan_remedy-9b-22,0.922890353,50060,200000,0.3
nld_Latn-hrv_Latn,qwen3-4b-instruct-2507,0.929094,1326365,28000,47.4
nld_Latn-hun_Latn,qwen3-4b-instruct-2507,0.940856,154732,28000,5.5
nld_Latn-ilo_Latn,metricx24,0.772332774,55940,1200000,0.0
nld_Latn-ina_Latn,metricx24,unknown,41090,1200000,0.0
nld_Latn-ind_Latn,qwen3-4b-instruct-2507,0.933793,152882,28000,5.5
nld_Latn-isl_Latn,shaomutan_remedy-9b-22,0.900302258,80266,200000,0.4
nld_Latn-ita_Latn,qwen3-4b-instruct-2507,0.96893,375615,28000,13.4
nld_Latn-jpn_Jpan,qwen3-4b-instruct-2507,0.964654,231752,28000,8.3
nld_Latn-kab_Latn,metricx24,0.345821213,94030,1200000,0.1
nld_Latn-kin_Latn,shaomutan_remedy-9b-22,0.804667343,145562,200000,0.7
nld_Latn-kiu_Latn,metricx24,unknown,78271,1200000,0.1
nld_Latn-lat_Latn,metricx24,unknown,87012,1200000,0.1
nld_Latn-lit_Latn,shaomutan_remedy-9b-22,0.910466414,122970,200000,0.6
nld_Latn-lvs_Latn,shaomutan_remedy-9b-22,0.929752946,89123,200000,0.4
nld_Latn-lzh_Hani,metricx24,unknown,586105,1200000,0.5
nld_Latn-mhr_Cyrl,metricx24,unknown,134631,1200000,0.1
nld_Latn-mkd_Cyrl,qwen3-4b-instruct-2507,0.946715,91151,28000,3.3
nld_Latn-mlt_Latn,shaomutan_remedy-9b-22,0.926061826,57865,200000,0.3
nld_Latn-nno_Latn,shaomutan_remedy-9b-22,0.927955614,916321,200000,4.6
nld_Latn-nob_Latn,shaomutan_remedy-9b-22,0.912826458,33628433,200000,168.1
nld_Latn-nor_Latn,metricx24,unknown,16966421,1200000,14.1
nld_Latn-nso_Latn,metricx24,0.640049812,29493,1200000,0.0
nld_Latn-nya_Latn,shaomutan_remedy-9b-22,0.767920074,101432,200000,0.5
nld_Latn-oci_Latn,shaomutan_remedy-9b-22,0.877375663,199900,200000,1.0
nld_Latn-pan_Guru,qwen3-4b-instruct-2507,0.937387,151010,28000,5.4
nld_Latn-pap_Latn,qwen3-4b-instruct-2507,0.851767,60502,28000,2.2
nld_Latn-pbt_Arab,shaomutan_remedy-9b-22,0.799152092,79013,200000,0.4
nld_Latn-pol_Latn,metricx24,0.798153,100845587,1200000,84.0
nld_Latn-por_Latn,metricx24,0.847799,117988624,1200000,98.3
nld_Latn-pus_Arab,metricx24,unknown,121775,1200000,0.1
nld_Latn-rmy_Latn,metricx24,unknown,100180,1200000,0.1
nld_Latn-ron_Latn,metricx24,0.837573,79847949,1200000,66.5
nld_Latn-rus_Cyrl,metricx24,0.879375,69710391,1200000,58.1
nld_Latn-sin_Sinh,shaomutan_remedy-9b-22,0.920067815,1965736,200000,9.8
nld_Latn-slk_Latn,metricx24,0.795109,35629009,1200000,29.7
nld_Latn-slv_Latn,metricx24,0.875831,34570945,1200000,28.8
nld_Latn-sna_Latn,shaomutan_remedy-9b-22,0.770892035,109460,200000,0.5
nld_Latn-snd_Arab,qwen3-4b-instruct-2507,0.881379,121949,28000,4.4
nld_Latn-som_Latn,shaomutan_remedy-9b-22,0.759746297,397315,200000,2.0
nld_Latn-spa_Latn,qwen3-4b-instruct-2507,0.945968,481700,28000,17.2
nld_Latn-sqi_Latn,metricx24,unknown,1549272,1200000,1.3
nld_Latn-srd_Latn,qwen3-4b-instruct-2507,0.832718,422296,28000,15.1
nld_Latn-srp_Cyrl,metricx24,0.893789,6572966,1200000,5.5
nld_Latn-srp_Latn,metricx24,unknown,39864073,1200000,33.2
nld_Latn-sun_Latn,qwen3-4b-instruct-2507,0.855197,289611,28000,10.3
nld_Latn-swa_Latn,metricx24,unknown,1288822,1200000,1.1
nld_Latn-swc_Latn,metricx24,unknown,207083,1200000,0.2
nld_Latn-swe_Latn,metricx24,0.870273,89945267,1200000,75.0
nld_Latn-swh_Latn,shaomutan_remedy-9b-22,0.901098178,1038000,200000,5.2
nld_Latn-tam_Taml,qwen3-4b-instruct-2507,0.937008,2456647,28000,87.7
nld_Latn-tat_Cyrl,shaomutan_remedy-9b-22,0.877323535,139687,200000,0.7
nld_Latn-tel_Telu,qwen3-4b-instruct-2507,0.933534,1211928,28000,43.3
nld_Latn-tgk_Cyrl,qwen3-4b-instruct-2507,0.867511,228981,28000,8.2
nld_Latn-tgl_Latn,shaomutan_remedy-9b-22,0.937135145,2015080,200000,10.1
nld_Latn-tha_Thai,metricx24,0.84707,18318905,1200000,15.3
nld_Latn-tur_Latn,metricx24,0.758399,64997859,1200000,54.2
nld_Latn-ukr_Cyrl,metricx24,0.843613,14329309,1200000,11.9
nld_Latn-urd_Arab,shaomutan_remedy-9b-22,0.910615477,1635986,200000,8.2
nld_Latn-uzn_Latn,qwen3-4b-instruct-2507,0.85439,135615,28000,4.8
nld_Latn-vec_Latn,qwen3-4b-instruct-2507,0.885849,162571,28000,5.8
nld_Latn-vie_Latn,metricx24,0.871473,33032869,1200000,27.5
nld_Latn-wln_Latn,metricx24,unknown,53728,1200000,0.0
nld_Latn-wuu_Hani,metricx24,unknown,70169,1200000,0.1
nld_Latn-xav_Latn,metricx24,unknown,74183,1200000,0.1
nld_Latn-xho_Latn,shaomutan_remedy-9b-22,0.771869957,454072,200000,2.3
nld_Latn-yid_Hebr,metricx24,unknown,46931,1200000,0.0
nld_Latn-yor_Latn,shaomutan_remedy-9b-22,0.706637912,290699,200000,1.5
nld_Latn-yue_Hani,metricx24,unknown,1125606,1200000,0.9
nld_Latn-zho_Hans,metricx24,0.89038,10720126,1200000,8.9
nld_Latn-zho_Hant,metricx24,0.878954,6346409,1200000,5.3
nld_Latn-zho_Zyyy,metricx24,unknown,126149,1200000,0.1
nld_Latn-zul_Latn,shaomutan_remedy-9b-22,0.802567204,142654,200000,0.7
nno_Latn-als_Latn,qwen3-4b-instruct-2507,0.895475,64034,28000,2.3
nno_Latn-cmn_Hani,metricx24,unknown,148706,1200000,0.1
nno_Latn-deu_Latn,qwen3-4b-instruct-2507,0.94212,181840,28000,6.5
nno_Latn-ell_Grek,qwen3-4b-instruct-2507,0.942748,78190,28000,2.8
nno_Latn-eng_Latn,qwen3-4b-instruct-2507,0.983171,356912,28000,12.7
nno_Latn-fin_Latn,shaomutan_remedy-9b-22,0.924703874,111031,200000,0.6
nno_Latn-fra_Latn,qwen3-4b-instruct-2507,0.956396,313426,28000,11.2
nno_Latn-heb_Hebr,qwen3-4b-instruct-2507,0.947038,60339,28000,2.2
nno_Latn-hrv_Latn,qwen3-4b-instruct-2507,0.920264,81515,28000,2.9
nno_Latn-hun_Latn,qwen3-4b-instruct-2507,0.930478,112730,28000,4.0
nno_Latn-ind_Latn,shaomutan_remedy-9b-22,0.919108149,133343,200000,0.7
nno_Latn-ita_Latn,qwen3-4b-instruct-2507,0.956844,261467,28000,9.3
nno_Latn-jpn_Jpan,qwen3-4b-instruct-2507,0.952519,115263,28000,4.1
nno_Latn-kin_Latn,shaomutan_remedy-9b-22,0.802396232,40552,200000,0.2
nno_Latn-lit_Latn,shaomutan_remedy-9b-22,0.926367093,62894,200000,0.3
nno_Latn-nld_Latn,qwen3-4b-instruct-2507,0.924714,412349,28000,14.7
nno_Latn-nor_Latn,metricx24,unknown,106248,1200000,0.1
nno_Latn-nso_Latn,metricx24,0.645297549,11180,1200000,0.0
nno_Latn-oci_Latn,qwen3-4b-instruct-2507,0.883659,54122,28000,1.9
nno_Latn-pan_Guru,qwen3-4b-instruct-2507,0.934669,78184,28000,2.8
nno_Latn-pol_Latn,qwen3-4b-instruct-2507,0.935893,908841,28000,32.5
nno_Latn-por_Latn,qwen3-4b-instruct-2507,0.955396,1194833,28000,42.7
nno_Latn-pus_Arab,metricx24,unknown,20914,1200000,0.0
nno_Latn-ron_Latn,qwen3-4b-instruct-2507,0.934983,645071,28000,23.0
nno_Latn-rus_Cyrl,qwen3-4b-instruct-2507,0.945565,873762,28000,31.2
nno_Latn-sin_Sinh,shaomutan_remedy-9b-22,0.911952498,50854,200000,0.3
nno_Latn-slk_Latn,qwen3-4b-instruct-2507,0.93896,528162,28000,18.9
nno_Latn-slv_Latn,qwen3-4b-instruct-2507,0.931075,381408,28000,13.6
nno_Latn-spa_Latn,shaomutan_remedy-9b-22,0.943241359,325917,200000,1.6
nno_Latn-sqi_Latn,metricx24,unknown,72772,1200000,0.1
nno_Latn-srp_Cyrl,qwen3-4b-instruct-2507,0.945137,126094,28000,4.5
nno_Latn-srp_Latn,metricx24,unknown,167175,1200000,0.1
nno_Latn-swe_Latn,qwen3-4b-instruct-2507,0.940926,1015944,28000,36.3
nno_Latn-tam_Taml,qwen3-4b-instruct-2507,0.929681,130797,28000,4.7
nno_Latn-tel_Telu,qwen3-4b-instruct-2507,0.932245,54905,28000,2.0
nno_Latn-tgk_Cyrl,shaomutan_remedy-9b-22,0.84540722,77779,200000,0.4
nno_Latn-tgl_Latn,shaomutan_remedy-9b-22,0.925996306,127585,200000,0.6
nno_Latn-tha_Thai,shaomutan_remedy-9b-22,0.943656885,293944,200000,1.5
nno_Latn-tur_Latn,shaomutan_remedy-9b-22,0.931668698,733748,200000,3.7
nno_Latn-ukr_Cyrl,qwen3-4b-instruct-2507,0.942424,424157,28000,15.1
nno_Latn-urd_Arab,shaomutan_remedy-9b-22,0.896461992,58154,200000,0.3
nno_Latn-uzn_Latn,qwen3-4b-instruct-2507,0.841658,37273,28000,1.3
nno_Latn-vie_Latn,shaomutan_remedy-9b-22,0.93802104,423616,200000,2.1
nno_Latn-wln_Latn,metricx24,unknown,64850,1200000,0.1
nno_Latn-xho_Latn,shaomutan_remedy-9b-22,0.767325574,101293,200000,0.5
nno_Latn-zho_Hans,qwen3-4b-instruct-2507,0.959652,304911,28000,10.9
nno_Latn-zho_Hant,qwen3-4b-instruct-2507,0.961244,199047,28000,7.1
nob_Latn-als_Latn,qwen3-4b-instruct-2507,0.909243,3165602,28000,113.1
nob_Latn-ces_Latn,qwen3-4b-instruct-2507,0.958099,103698,28000,3.7
nob_Latn-cmn_Hani,metricx24,unknown,7957528,1200000,6.6
nob_Latn-deu_Latn,qwen3-4b-instruct-2507,0.9599,1292673,28000,46.2
nob_Latn-ekk_Latn,metricx24,unknown,389119,1200000,0.3
nob_Latn-ell_Grek,qwen3-4b-instruct-2507,0.95331,1099936,28000,39.3
nob_Latn-eng_Latn,qwen3-4b-instruct-2507,0.981254,2156772,28000,77.0
nob_Latn-epo_Latn,shaomutan_remedy-9b-22,0.912247809,54194,200000,0.3
nob_Latn-est_Latn,shaomutan_remedy-9b-22,0.910926695,152353,200000,0.8
nob_Latn-eus_Latn,shaomutan_remedy-9b-22,0.908396291,112723,200000,0.6
nob_Latn-fas_Arab,metricx24,unknown,944132,1200000,0.8
nob_Latn-fil_Latn,metricx24,unknown,694234,1200000,0.6
nob_Latn-fin_Latn,qwen3-4b-instruct-2507,0.92439,1171894,28000,41.9
nob_Latn-fra_Latn,qwen3-4b-instruct-2507,0.963216,1315303,28000,47.0
nob_Latn-heb_Hebr,qwen3-4b-instruct-2507,0.953255,934772,28000,33.4
nob_Latn-hin_Deva,shaomutan_remedy-9b-22,0.924889726,70054,200000,0.4
nob_Latn-hrv_Latn,qwen3-4b-instruct-2507,0.93786,1167477,28000,41.7
nob_Latn-hun_Latn,qwen3-4b-instruct-2507,0.947043,1055430,28000,37.7
nob_Latn-ind_Latn,qwen3-4b-instruct-2507,0.946645,919687,28000,32.8
nob_Latn-isl_Latn,shaomutan_remedy-9b-22,0.897100099,141250,200000,0.7
nob_Latn-ita_Latn,qwen3-4b-instruct-2507,0.968417,1125972,28000,40.2
nob_Latn-jpn_Jpan,qwen3-4b-instruct-2507,0.964729,184902,28000,6.6
nob_Latn-kor_Hang,qwen3-4b-instruct-2507,0.946267,540911,28000,19.3
nob_Latn-lit_Latn,qwen3-4b-instruct-2507,0.917939,154141,28000,5.5
nob_Latn-lvs_Latn,shaomutan_remedy-9b-22,0.931286088,82304,200000,0.4
nob_Latn-lzh_Hani,metricx24,unknown,96346,1200000,0.1
nob_Latn-mkd_Cyrl,qwen3-4b-instruct-2507,0.955809,154749,28000,5.5
nob_Latn-msa_Latn,metricx24,unknown,120685,1200000,0.1
nob_Latn-nds_Latn,metricx24,unknown,101909,1200000,0.1
nob_Latn-nld_Latn,metricx24,0.909417,9322252,1200000,7.8
nob_Latn-nno_Latn,shaomutan_remedy-9b-22,0.927683677,334118,200000,1.7
nob_Latn-nor_Latn,metricx24,unknown,343710,1200000,0.3
nob_Latn-pbt_Arab,shaomutan_remedy-9b-22,0.802480924,40279,200000,0.2
nob_Latn-pol_Latn,metricx24,0.812363,28242765,1200000,23.5
nob_Latn-por_Latn,metricx24,0.867733,34143457,1200000,28.5
nob_Latn-ron_Latn,metricx24,0.851395,28632131,1200000,23.9
nob_Latn-rus_Cyrl,metricx24,0.883164,21099060,1200000,17.6
nob_Latn-sin_Sinh,shaomutan_remedy-9b-22,0.917336069,905034,200000,4.5
nob_Latn-slk_Latn,metricx24,0.804488,15575714,1200000,13.0
nob_Latn-slv_Latn,metricx24,0.870988,15608222,1200000,13.0
nob_Latn-som_Latn,shaomutan_remedy-9b-22,0.774453772,73353,200000,0.4
nob_Latn-spa_Latn,qwen3-4b-instruct-2507,0.944699,1346830,28000,48.1
nob_Latn-sqi_Latn,metricx24,unknown,384603,1200000,0.3
nob_Latn-srd_Latn,qwen3-4b-instruct-2507,0.847521,62864,28000,2.2
nob_Latn-srp_Cyrl,qwen3-4b-instruct-2507,0.959915,4971846,28000,177.6
nob_Latn-srp_Latn,metricx24,unknown,13507401,1200000,11.3
nob_Latn-sun_Latn,qwen3-4b-instruct-2507,0.854002,75591,28000,2.7
nob_Latn-swa_Latn,metricx24,unknown,215426,1200000,0.2
nob_Latn-swe_Latn,metricx24,0.864667,45653828,1200000,38.0
nob_Latn-swh_Latn,shaomutan_remedy-9b-22,0.917645318,467467,200000,2.3
nob_Latn-tam_Taml,qwen3-4b-instruct-2507,0.942016,1379974,28000,49.3
nob_Latn-tel_Telu,qwen3-4b-instruct-2507,0.94556,779034,28000,27.8
nob_Latn-tgk_Cyrl,qwen3-4b-instruct-2507,0.861394,96363,28000,3.4
nob_Latn-tgl_Latn,shaomutan_remedy-9b-22,0.935423317,199635,200000,1.0
nob_Latn-tha_Thai,metricx24,0.832258,9009746,1200000,7.5
nob_Latn-tur_Latn,metricx24,0.763459,21985168,1200000,18.3
nob_Latn-ukr_Cyrl,metricx24,0.847839,8986839,1200000,7.5
nob_Latn-urd_Arab,shaomutan_remedy-9b-22,0.90714801,801226,200000,4.0
nob_Latn-uzn_Latn,qwen3-4b-instruct-2507,0.862568,225924,28000,8.1
nob_Latn-vie_Latn,metricx24,0.865208,15017583,1200000,12.5
nob_Latn-wln_Latn,metricx24,unknown,42141,1200000,0.0
nob_Latn-xho_Latn,shaomutan_remedy-9b-22,0.783783473,198063,200000,1.0
nob_Latn-yue_Hani,metricx24,unknown,261282,1200000,0.2
nob_Latn-zho_Hans,qwen3-4b-instruct-2507,0.968636,2252999,28000,80.5
nob_Latn-zho_Hant,qwen3-4b-instruct-2507,0.969398,2695180,28000,96.3
nor_Latn-abk_Cyrl,qwen3-4b-instruct-2507,unknown,46474,28000,1.7
nor_Latn-als_Latn,metricx24,unknown,809568,1200000,0.7
nor_Latn-bak_Cyrl,qwen3-4b-instruct-2507,unknown,62617,28000,2.2
nor_Latn-ces_Latn,metricx24,unknown,125485,1200000,0.1
nor_Latn-cmn_Hani,qwen3-4b-instruct-2507,unknown,2075321,28000,74.1
nor_Latn-eng_Latn,metricx24,unknown,208126,1200000,0.2
nor_Latn-epo_Latn,metricx24,unknown,39710,1200000,0.0
nor_Latn-eus_Latn,metricx24,unknown,122650,1200000,0.1
nor_Latn-fil_Latn,qwen3-4b-instruct-2507,unknown,244158,28000,8.7
nor_Latn-fur_Latn,qwen3-4b-instruct-2507,unknown,151047,28000,5.4
nor_Latn-hbs_Latn,qwen3-4b-instruct-2507,unknown,95160,28000,3.4
nor_Latn-hrv_Latn,qwen3-4b-instruct-2507,unknown,197593,28000,7.1
nor_Latn-kab_Latn,qwen3-4b-instruct-2507,unknown,36081,28000,1.3
nor_Latn-lzh_Hani,qwen3-4b-instruct-2507,unknown,213291,28000,7.6
nor_Latn-mhr_Cyrl,qwen3-4b-instruct-2507,unknown,61579,28000,2.2
nor_Latn-nno_Latn,metricx24,unknown,65420,1200000,0.1
nor_Latn-oci_Latn,qwen3-4b-instruct-2507,unknown,112891,28000,4.0
nor_Latn-pan_Guru,metricx24,unknown,57602,1200000,0.0
nor_Latn-pol_Latn,metricx24,unknown,14734889,1200000,12.3
nor_Latn-por_Latn,metricx24,unknown,16872742,1200000,14.1
nor_Latn-pus_Arab,qwen3-4b-instruct-2507,unknown,67300,28000,2.4
nor_Latn-ron_Latn,metricx24,unknown,12750720,1200000,10.6
nor_Latn-rus_Cyrl,metricx24,unknown,12942114,1200000,10.8
nor_Latn-sin_Sinh,metricx24,unknown,747956,1200000,0.6
nor_Latn-slk_Latn,metricx24,unknown,5652319,1200000,4.7
nor_Latn-slv_Latn,metricx24,unknown,5733159,1200000,4.8
nor_Latn-snd_Arab,metricx24,unknown,62155,1200000,0.1
nor_Latn-som_Latn,metricx24,unknown,136054,1200000,0.1
nor_Latn-sqi_Latn,qwen3-4b-instruct-2507,unknown,925885,28000,33.1
nor_Latn-srd_Latn,qwen3-4b-instruct-2507,unknown,197324,28000,7.0
nor_Latn-srp_Cyrl,metricx24,unknown,1526537,1200000,1.3
nor_Latn-srp_Latn,qwen3-4b-instruct-2507,unknown,5371217,28000,191.8
nor_Latn-sun_Latn,metricx24,unknown,166574,1200000,0.1
nor_Latn-swa_Latn,qwen3-4b-instruct-2507,unknown,558875,28000,20.0
nor_Latn-swe_Latn,metricx24,unknown,17121895,1200000,14.3
nor_Latn-swh_Latn,metricx24,unknown,104635,1200000,0.1
nor_Latn-tam_Taml,metricx24,unknown,797653,1200000,0.7
nor_Latn-tel_Telu,metricx24,unknown,514601,1200000,0.4
nor_Latn-tgk_Cyrl,metricx24,unknown,79356,1200000,0.1
nor_Latn-tgl_Latn,qwen3-4b-instruct-2507,unknown,1214683,28000,43.4
nor_Latn-tha_Thai,metricx24,unknown,5162231,1200000,4.3
nor_Latn-tur_Latn,metricx24,unknown,11419642,1200000,9.5
nor_Latn-ukr_Cyrl,metricx24,unknown,4082216,1200000,3.4
nor_Latn-urd_Arab,metricx24,unknown,710382,1200000,0.6
nor_Latn-vie_Latn,metricx24,unknown,6780747,1200000,5.7
nor_Latn-xho_Latn,metricx24,unknown,206889,1200000,0.2
nor_Latn-yor_Latn,metricx24,unknown,76230,1200000,0.1
nor_Latn-yue_Hani,qwen3-4b-instruct-2507,unknown,375884,28000,13.4
nor_Latn-zho_Hans,metricx24,unknown,2538608,1200000,2.1
nor_Latn-zho_Hant,metricx24,unknown,2387839,1200000,2.0
npi_Deva-als_Latn,qwen3-4b-instruct-2507,0.90562,116130,28000,4.1
npi_Deva-cmn_Hani,metricx24,unknown,143709,1200000,0.1
npi_Deva-fil_Latn,metricx24,unknown,87942,1200000,0.1
npi_Deva-kin_Latn,shaomutan_remedy-9b-22,0.812921335,14456,200000,0.1
npi_Deva-nld_Latn,shaomutan_remedy-9b-22,0.927445381,247312,200000,1.2
npi_Deva-nno_Latn,shaomutan_remedy-9b-22,0.920732596,32686,200000,0.2
npi_Deva-nob_Latn,shaomutan_remedy-9b-22,0.93305016,89926,200000,0.4
npi_Deva-nor_Latn,metricx24,unknown,62670,1200000,0.1
npi_Deva-ory_Orya,qwen3-4b-instruct-2507,0.939164,850656,28000,30.4
npi_Deva-pan_Guru,qwen3-4b-instruct-2507,0.937008,555497,28000,19.8
npi_Deva-pol_Latn,shaomutan_remedy-9b-22,0.930678689,225851,200000,1.1
npi_Deva-por_Latn,qwen3-4b-instruct-2507,0.928616,296163,28000,10.6
npi_Deva-ron_Latn,qwen3-4b-instruct-2507,0.93545,191906,28000,6.9
npi_Deva-rus_Cyrl,shaomutan_remedy-9b-22,0.93813046,382834,200000,1.9
npi_Deva-san_Deva,shaomutan_remedy-9b-22,0.797303223,136420,200000,0.7
npi_Deva-sin_Sinh,shaomutan_remedy-9b-22,0.913197717,675757,200000,3.4
npi_Deva-slk_Latn,qwen3-4b-instruct-2507,0.933639,183954,28000,6.6
npi_Deva-slv_Latn,qwen3-4b-instruct-2507,0.920866,165083,28000,5.9
npi_Deva-snd_Arab,qwen3-4b-instruct-2507,0.89217,427062,28000,15.3
npi_Deva-sqi_Latn,metricx24,unknown,45764,1200000,0.0
npi_Deva-srp_Cyrl,qwen3-4b-instruct-2507,0.949627,120501,28000,4.3
npi_Deva-sun_Latn,qwen3-4b-instruct-2507,0.834918,42336,28000,1.5
npi_Deva-swe_Latn,shaomutan_remedy-9b-22,0.941587709,189298,200000,0.9
npi_Deva-swh_Latn,shaomutan_remedy-9b-22,0.905999951,61884,200000,0.3
npi_Deva-tam_Taml,qwen3-4b-instruct-2507,0.950513,1158082,28000,41.4
npi_Deva-tel_Telu,qwen3-4b-instruct-2507,0.939457,1672189,28000,59.7
npi_Deva-tha_Thai,qwen3-4b-instruct-2507,0.93221,244963,28000,8.7
npi_Deva-tur_Latn,shaomutan_remedy-9b-22,0.931022307,3743718,200000,18.7
npi_Deva-ukr_Cyrl,qwen3-4b-instruct-2507,0.931638,186482,28000,6.7
npi_Deva-urd_Arab,shaomutan_remedy-9b-22,0.913859581,1124953,200000,5.6
npi_Deva-vie_Latn,qwen3-4b-instruct-2507,0.923091,225667,28000,8.1
npi_Deva-xho_Latn,shaomutan_remedy-9b-22,0.780482002,75281,200000,0.4
npi_Deva-zho_Hans,qwen3-4b-instruct-2507,0.952439,73272,28000,2.6
nso_Latn-nya_Latn,metricx24,0.631555295,151984,1200000,0.1
nso_Latn-pol_Latn,shaomutan_remedy-9b-22,0.852722024,65056,200000,0.3
nso_Latn-por_Latn,shaomutan_remedy-9b-22,0.818896348,118251,200000,0.6
nso_Latn-ron_Latn,shaomutan_remedy-9b-22,0.864695179,27652,200000,0.1
nso_Latn-run_Latn,metricx24,0.619911615,103087,1200000,0.1
nso_Latn-rus_Cyrl,shaomutan_remedy-9b-22,0.868211221,36139,200000,0.2
nso_Latn-sna_Latn,shaomutan_remedy-9b-22,0.715458174,130469,200000,0.7
nso_Latn-som_Latn,shaomutan_remedy-9b-22,0.699522248,127374,200000,0.6
nso_Latn-sot_Latn,shaomutan_remedy-9b-22,0.839231178,194063,200000,1.0
nso_Latn-swa_Latn,metricx24,unknown,160191,1200000,0.1
nso_Latn-swe_Latn,shaomutan_remedy-9b-22,0.856581587,30898,200000,0.2
nso_Latn-swh_Latn,shaomutan_remedy-9b-22,0.80568006,110818,200000,0.6
nso_Latn-tsn_Latn,shaomutan_remedy-9b-22,0.803337224,215182,200000,1.1
nso_Latn-tso_Latn,shaomutan_remedy-9b-22,0.686613157,184802,200000,0.9
nso_Latn-tur_Latn,shaomutan_remedy-9b-22,0.846155498,37211,200000,0.2
nso_Latn-twi_Latn,shaomutan_remedy-9b-22,0.508818824,96226,200000,0.5
nso_Latn-xho_Latn,shaomutan_remedy-9b-22,0.757650581,222103,200000,1.1
nso_Latn-yor_Latn,shaomutan_remedy-9b-22,0.606932503,148988,200000,0.7
nso_Latn-zul_Latn,shaomutan_remedy-9b-22,0.769971154,252139,200000,1.3
nya_Latn-pol_Latn,shaomutan_remedy-9b-22,0.87207595,235918,200000,1.2
nya_Latn-por_Latn,shaomutan_remedy-9b-22,0.846498203,456535,200000,2.3
nya_Latn-ron_Latn,shaomutan_remedy-9b-22,0.882908203,155715,200000,0.8
nya_Latn-run_Latn,metricx24,0.659410222,242623,1200000,0.2
nya_Latn-rus_Cyrl,shaomutan_remedy-9b-22,0.893107069,399147,200000,2.0
nya_Latn-sin_Sinh,shaomutan_remedy-9b-22,0.826974372,71187,200000,0.4
nya_Latn-slk_Latn,shaomutan_remedy-9b-22,0.880491249,112585,200000,0.6
nya_Latn-slv_Latn,shaomutan_remedy-9b-22,0.864622318,89624,200000,0.4
nya_Latn-sna_Latn,shaomutan_remedy-9b-22,0.783699913,831845,200000,4.2
nya_Latn-som_Latn,shaomutan_remedy-9b-22,0.693372127,508363,200000,2.5
nya_Latn-sot_Latn,shaomutan_remedy-9b-22,0.717545507,753139,200000,3.8
nya_Latn-srp_Cyrl,shaomutan_remedy-9b-22,0.889614739,67607,200000,0.3
nya_Latn-sun_Latn,metricx24,0.767862268,52769,1200000,0.0
nya_Latn-swa_Latn,qwen3-4b-instruct-2507,unknown,372960,28000,13.3
nya_Latn-swc_Latn,qwen3-4b-instruct-2507,unknown,177786,28000,6.3
nya_Latn-swe_Latn,shaomutan_remedy-9b-22,0.873194842,152913,200000,0.8
nya_Latn-swh_Latn,shaomutan_remedy-9b-22,0.833418826,492002,200000,2.5
nya_Latn-tam_Taml,shaomutan_remedy-9b-22,0.838834544,65041,200000,0.3
nya_Latn-tel_Telu,shaomutan_remedy-9b-22,0.815142063,67011,200000,0.3
nya_Latn-tgl_Latn,metricx24,0.825601161,110007,1200000,0.1
nya_Latn-tha_Thai,shaomutan_remedy-9b-22,0.867593039,123046,200000,0.6
nya_Latn-tir_Ethi,shaomutan_remedy-9b-22,0.702013503,150079,200000,0.8
nya_Latn-tsn_Latn,metricx24,0.671664759,233484,1200000,0.2
nya_Latn-tso_Latn,metricx24,0.588559876,246994,1200000,0.2
nya_Latn-tum_Latn,m-prometheus-7b,0.697839721,181325,27000,6.7
nya_Latn-tur_Latn,shaomutan_remedy-9b-22,0.862713032,218962,200000,1.1
nya_Latn-twi_Latn,shaomutan_remedy-9b-22,0.518076582,211005,200000,1.1
nya_Latn-ukr_Cyrl,shaomutan_remedy-9b-22,0.890394509,129283,200000,0.6
nya_Latn-urd_Arab,shaomutan_remedy-9b-22,0.788141499,75999,200000,0.4
nya_Latn-vie_Latn,shaomutan_remedy-9b-22,0.861085558,150795,200000,0.8
nya_Latn-xho_Latn,shaomutan_remedy-9b-22,0.753334821,677441,200000,3.4
nya_Latn-yor_Latn,shaomutan_remedy-9b-22,0.595300291,531864,200000,2.7
nya_Latn-zho_Hans,qwen3-4b-instruct-2507,0.850338,112682,28000,4.0
nya_Latn-zho_Hant,shaomutan_remedy-9b-22,0.859646615,93356,200000,0.5
nya_Latn-zul_Latn,shaomutan_remedy-9b-22,0.769275386,974508,200000,4.9
oci_Latn-eng_Latn,qwen3-4b-instruct-2507,0.97989,74997,28000,2.7
oci_Latn-fra_Latn,qwen3-4b-instruct-2507,0.964191,157622,28000,5.6
oci_Latn-hun_Latn,shaomutan_remedy-9b-22,0.927227569,49798,200000,0.2
oci_Latn-ita_Latn,qwen3-4b-instruct-2507,0.956197,131318,28000,4.7
oci_Latn-nld_Latn,shaomutan_remedy-9b-22,0.925489114,99964,200000,0.5
oci_Latn-pan_Guru,qwen3-4b-instruct-2507,0.925784,38566,28000,1.4
oci_Latn-pol_Latn,qwen3-4b-instruct-2507,0.937456,332321,28000,11.9
oci_Latn-por_Latn,metricx24,0.838108,33835140,1200000,28.2
oci_Latn-ron_Latn,qwen3-4b-instruct-2507,0.942733,447735,28000,16.0
oci_Latn-rus_Cyrl,shaomutan_remedy-9b-22,0.939980355,452993,200000,2.3
oci_Latn-sin_Sinh,shaomutan_remedy-9b-22,0.920917656,110314,200000,0.6
oci_Latn-slk_Latn,qwen3-4b-instruct-2507,0.935724,222928,28000,8.0
oci_Latn-slv_Latn,qwen3-4b-instruct-2507,0.92219,157068,28000,5.6
oci_Latn-spa_Latn,qwen3-4b-instruct-2507,0.932643,150037,28000,5.4
oci_Latn-sqi_Latn,qwen3-4b-instruct-2507,unknown,134389,28000,4.8
oci_Latn-srp_Cyrl,qwen3-4b-instruct-2507,0.932822,179258,28000,6.4
oci_Latn-swa_Latn,qwen3-4b-instruct-2507,unknown,93575,28000,3.3
oci_Latn-swe_Latn,shaomutan_remedy-9b-22,0.939678091,297195,200000,1.5
oci_Latn-tam_Taml,shaomutan_remedy-9b-22,0.93052185,132012,200000,0.7
oci_Latn-tgl_Latn,shaomutan_remedy-9b-22,0.944969139,96126,200000,0.5
oci_Latn-tha_Thai,shaomutan_remedy-9b-22,0.935800038,89828,200000,0.4
oci_Latn-tur_Latn,shaomutan_remedy-9b-22,0.932914676,281475,200000,1.4
oci_Latn-ukr_Cyrl,qwen3-4b-instruct-2507,0.945062,260522,28000,9.3
oci_Latn-urd_Arab,shaomutan_remedy-9b-22,0.911694649,100011,200000,0.5
oci_Latn-xho_Latn,shaomutan_remedy-9b-22,0.807157239,78475,200000,0.4
oci_Latn-zho_Hans,qwen3-4b-instruct-2507,0.954092,225098,28000,8.0
orm_Latn-pol_Latn,metricx24,unknown,150410,1200000,0.1
orm_Latn-por_Latn,metricx24,unknown,332724,1200000,0.3
orm_Latn-rus_Cyrl,metricx24,unknown,246039,1200000,0.2
orm_Latn-tur_Latn,metricx24,unknown,124531,1200000,0.1
orv_Cyrl-eng_Latn,metricx24,unknown,247364,1200000,0.2
orv_Cyrl-rus_Cyrl,metricx24,unknown,93428,1200000,0.1
ory_Orya-pan_Guru,qwen3-4b-instruct-2507,0.937969,540346,28000,19.3
ory_Orya-por_Latn,qwen3-4b-instruct-2507,0.930538,103397,28000,3.7
ory_Orya-rus_Cyrl,qwen3-4b-instruct-2507,0.930986,91610,28000,3.3
ory_Orya-san_Deva,shaomutan_remedy-9b-22,0.789742015,159423,200000,0.8
ory_Orya-sin_Sinh,shaomutan_remedy-9b-22,0.901097527,692015,200000,3.5
ory_Orya-snd_Arab,qwen3-4b-instruct-2507,0.876979,298005,28000,10.6
ory_Orya-tam_Taml,qwen3-4b-instruct-2507,0.934734,1738898,28000,62.1
ory_Orya-tel_Telu,qwen3-4b-instruct-2507,0.932469,2470283,28000,88.2
ory_Orya-urd_Arab,qwen3-4b-instruct-2507,0.892021,1110419,28000,39.7
ory_Orya-wln_Latn,qwen3-4b-instruct-2507,unknown,15353,28000,0.5
pag_Latn-por_Latn,shaomutan_remedy-9b-22,0.863208487,64499,200000,0.3
pag_Latn-rus_Cyrl,shaomutan_remedy-9b-22,0.866587665,50281,200000,0.3
pan_Guru-als_Latn,qwen3-4b-instruct-2507,0.921812,34735,28000,1.2
pan_Guru-pol_Latn,qwen3-4b-instruct-2507,0.936541,314346,28000,11.2
pan_Guru-por_Latn,qwen3-4b-instruct-2507,0.941284,497439,28000,17.8
pan_Guru-pus_Arab,metricx24,unknown,37534,1200000,0.0
pan_Guru-ron_Latn,qwen3-4b-instruct-2507,0.953146,213940,28000,7.6
pan_Guru-rus_Cyrl,shaomutan_remedy-9b-22,0.941218126,516978,200000,2.6
pan_Guru-san_Deva,qwen3-4b-instruct-2507,0.779144,127305,28000,4.5
pan_Guru-sin_Sinh,shaomutan_remedy-9b-22,0.904932983,619404,200000,3.1
pan_Guru-slk_Latn,qwen3-4b-instruct-2507,0.95217,170535,28000,6.1
pan_Guru-slv_Latn,qwen3-4b-instruct-2507,0.937825,135322,28000,4.8
pan_Guru-snd_Arab,qwen3-4b-instruct-2507,0.909612,453997,28000,16.2
pan_Guru-sqi_Latn,metricx24,unknown,87817,1200000,0.1
pan_Guru-srp_Cyrl,qwen3-4b-instruct-2507,0.969452,98038,28000,3.5
pan_Guru-swa_Latn,metricx24,unknown,68801,1200000,0.1
pan_Guru-swe_Latn,qwen3-4b-instruct-2507,0.942822,234538,28000,8.4
pan_Guru-tam_Taml,qwen3-4b-instruct-2507,0.953464,1192961,28000,42.6
pan_Guru-tel_Telu,qwen3-4b-instruct-2507,0.943967,1510524,28000,53.9
pan_Guru-tgk_Cyrl,qwen3-4b-instruct-2507,0.883405,70290,28000,2.5
pan_Guru-tgl_Latn,qwen3-4b-instruct-2507,0.92447,120059,28000,4.3
pan_Guru-tha_Thai,qwen3-4b-instruct-2507,0.932698,164343,28000,5.9
pan_Guru-tur_Latn,shaomutan_remedy-9b-22,0.944332821,288609,200000,1.4
pan_Guru-ukr_Cyrl,qwen3-4b-instruct-2507,0.94887,220221,28000,7.9
pan_Guru-urd_Arab,shaomutan_remedy-9b-22,0.921321399,1189748,200000,5.9
pan_Guru-vie_Latn,qwen3-4b-instruct-2507,0.910856,181275,28000,6.5
pan_Guru-wln_Latn,metricx24,unknown,39715,1200000,0.0
pan_Guru-xho_Latn,shaomutan_remedy-9b-22,0.798519092,63364,200000,0.3
pan_Guru-zho_Hans,qwen3-4b-instruct-2507,0.965117,171374,28000,6.1
pan_Guru-zho_Hant,qwen3-4b-instruct-2507,0.959517,150942,28000,5.4
pap_Latn-eng_Latn,qwen3-4b-instruct-2507,0.96547,53131,28000,1.9
pap_Latn-fin_Latn,shaomutan_remedy-9b-22,0.919564259,76818,200000,0.4
pap_Latn-fra_Latn,qwen3-4b-instruct-2507,0.939781,338385,28000,12.1
pap_Latn-heb_Hebr,shaomutan_remedy-9b-22,0.932145988,53065,200000,0.3
pap_Latn-hrv_Latn,shaomutan_remedy-9b-22,0.914993307,46350,200000,0.2
pap_Latn-hun_Latn,shaomutan_remedy-9b-22,0.921571003,92453,200000,0.5
pap_Latn-ind_Latn,shaomutan_remedy-9b-22,0.928225381,93570,200000,0.5
pap_Latn-ita_Latn,shaomutan_remedy-9b-22,0.947077031,229671,200000,1.1
pap_Latn-jpn_Jpan,shaomutan_remedy-9b-22,0.933884324,92940,200000,0.5
pap_Latn-lit_Latn,shaomutan_remedy-9b-22,0.933025062,51921,200000,0.3
pap_Latn-nld_Latn,shaomutan_remedy-9b-22,0.939095656,209234,200000,1.0
pap_Latn-pol_Latn,shaomutan_remedy-9b-22,0.936985696,207845,200000,1.0
pap_Latn-por_Latn,qwen3-4b-instruct-2507,0.92786,646090,28000,23.1
pap_Latn-ron_Latn,qwen3-4b-instruct-2507,0.930403,165050,28000,5.9
pap_Latn-rus_Cyrl,shaomutan_remedy-9b-22,0.942146378,262633,200000,1.3
pap_Latn-slk_Latn,shaomutan_remedy-9b-22,0.936152873,79330,200000,0.4
pap_Latn-slv_Latn,shaomutan_remedy-9b-22,0.921916588,62179,200000,0.3
pap_Latn-spa_Latn,shaomutan_remedy-9b-22,0.938353376,105505,200000,0.5
pap_Latn-srp_Latn,qwen3-4b-instruct-2507,unknown,56797,28000,2.0
pap_Latn-swe_Latn,shaomutan_remedy-9b-22,0.913467423,182915,200000,0.9
pap_Latn-tha_Thai,shaomutan_remedy-9b-22,0.92816372,57670,200000,0.3
pap_Latn-tur_Latn,shaomutan_remedy-9b-22,0.934027725,185350,200000,0.9
pap_Latn-ukr_Cyrl,qwen3-4b-instruct-2507,0.923828,68965,28000,2.5
pap_Latn-vie_Latn,shaomutan_remedy-9b-22,0.918549377,96094,200000,0.5
pap_Latn-zho_Hans,qwen3-4b-instruct-2507,0.940478,99564,28000,3.6
pbt_Arab-als_Latn,qwen3-4b-instruct-2507,0.804196,42386,28000,1.5
pbt_Arab-por_Latn,shaomutan_remedy-9b-22,0.863064731,180205,200000,0.9
pbt_Arab-ron_Latn,shaomutan_remedy-9b-22,0.909226912,94086,200000,0.5
pbt_Arab-rus_Cyrl,shaomutan_remedy-9b-22,0.906243962,186846,200000,0.9
pbt_Arab-sin_Sinh,shaomutan_remedy-9b-22,0.867567002,71300,200000,0.4
pbt_Arab-slk_Latn,shaomutan_remedy-9b-22,0.916866626,73701,200000,0.4
pbt_Arab-slv_Latn,shaomutan_remedy-9b-22,0.90797275,71535,200000,0.4
pbt_Arab-srp_Cyrl,shaomutan_remedy-9b-22,0.895764538,61755,200000,0.3
pbt_Arab-swe_Latn,shaomutan_remedy-9b-22,0.89802206,84651,200000,0.4
pbt_Arab-tam_Taml,shaomutan_remedy-9b-22,0.868384926,896065,200000,4.5
pbt_Arab-tel_Telu,shaomutan_remedy-9b-22,0.865021453,63658,200000,0.3
pbt_Arab-tgk_Cyrl,m-prometheus-7b,0.845420607,297007,27000,11.0
pbt_Arab-tha_Thai,shaomutan_remedy-9b-22,0.874402405,82415,200000,0.4
pbt_Arab-tur_Latn,shaomutan_remedy-9b-22,0.90276148,105316,200000,0.5
pbt_Arab-ukr_Cyrl,shaomutan_remedy-9b-22,0.894516574,91160,200000,0.5
pbt_Arab-urd_Arab,shaomutan_remedy-9b-22,0.877865707,70633,200000,0.4
pbt_Arab-vie_Latn,shaomutan_remedy-9b-22,0.855402551,95726,200000,0.5
plt_Latn-als_Latn,metricx24,0.804348891,132437,1200000,0.1
plt_Latn-cmn_Hani,metricx24,unknown,418175,1200000,0.3
plt_Latn-fil_Latn,metricx24,unknown,179541,1200000,0.1
plt_Latn-mal_Mlym,shaomutan_remedy-9b-22,0.80876617,206463,200000,1.0
plt_Latn-mar_Deva,shaomutan_remedy-9b-22,0.809559194,113297,200000,0.6
plt_Latn-mkd_Cyrl,shaomutan_remedy-9b-22,0.863332664,173564,200000,0.9
plt_Latn-mri_Latn,metricx24,0.598064012,498961,1200000,0.4
plt_Latn-msa_Latn,metricx24,unknown,90334,1200000,0.1
plt_Latn-mya_Mymr,shaomutan_remedy-9b-22,0.87550929,46240,200000,0.2
plt_Latn-nep_Deva,metricx24,unknown,39943,1200000,0.0
plt_Latn-nld_Latn,metricx24,0.879741599,224091,1200000,0.2
plt_Latn-nob_Latn,shaomutan_remedy-9b-22,0.852316281,86266,200000,0.4
plt_Latn-nor_Latn,metricx24,unknown,65531,1200000,0.1
plt_Latn-npi_Deva,shaomutan_remedy-9b-22,0.801246001,46620,200000,0.2
plt_Latn-pag_Latn,metricx24,0.487602236,115010,1200000,0.1
plt_Latn-pol_Latn,shaomutan_remedy-9b-22,0.868962181,223066,200000,1.1
plt_Latn-por_Latn,shaomutan_remedy-9b-22,0.842930657,282797,200000,1.4
plt_Latn-ron_Latn,shaomutan_remedy-9b-22,0.884739791,204242,200000,1.0
plt_Latn-rus_Cyrl,shaomutan_remedy-9b-22,0.886536414,699775,200000,3.5
plt_Latn-sin_Sinh,shaomutan_remedy-9b-22,0.825012569,115451,200000,0.6
plt_Latn-slk_Latn,shaomutan_remedy-9b-22,0.874775983,177678,200000,0.9
plt_Latn-slv_Latn,metricx24,0.84509179,156102,1200000,0.1
plt_Latn-smo_Latn,metricx24,0.668386193,555371,1200000,0.5
plt_Latn-srp_Cyrl,shaomutan_remedy-9b-22,0.879705464,122805,200000,0.6
plt_Latn-sun_Latn,metricx24,0.760233429,622908,1200000,0.5
plt_Latn-swe_Latn,shaomutan_remedy-9b-22,0.862557371,190092,200000,1.0
plt_Latn-swh_Latn,shaomutan_remedy-9b-22,0.77654075,86894,200000,0.4
plt_Latn-tam_Taml,shaomutan_remedy-9b-22,0.832929223,240616,200000,1.2
plt_Latn-tel_Telu,shaomutan_remedy-9b-22,0.791187475,133402,200000,0.7
plt_Latn-tha_Thai,shaomutan_remedy-9b-22,0.870025022,186821,200000,0.9
plt_Latn-tur_Latn,shaomutan_remedy-9b-22,0.849687373,218097,200000,1.1
plt_Latn-ukr_Cyrl,shaomutan_remedy-9b-22,0.884185397,161220,200000,0.8
plt_Latn-urd_Arab,shaomutan_remedy-9b-22,0.778670856,111578,200000,0.6
plt_Latn-vie_Latn,shaomutan_remedy-9b-22,0.86329945,186051,200000,0.9
plt_Latn-war_Latn,metricx24,0.757619125,202335,1200000,0.2
plt_Latn-xho_Latn,metricx24,0.662865905,63118,1200000,0.1
plt_Latn-zho_Hans,qwen3-4b-instruct-2507,0.86895,186701,28000,6.7
plt_Latn-zsm_Latn,metricx24,0.812737937,98214,1200000,0.1
pol_Latn-abk_Cyrl,metricx24,unknown,102788,1200000,0.1
pol_Latn-als_Latn,metricx24,0.827392,5227086,1200000,4.4
pol_Latn-azj_Latn,qwen3-4b-instruct-2507,0.86661,81303,28000,2.9
pol_Latn-bak_Cyrl,shaomutan_remedy-9b-22,0.87061757,134707,200000,0.7
pol_Latn-bel_Cyrl,shaomutan_remedy-9b-22,0.925272417,64211,200000,0.3
pol_Latn-cat_Latn,qwen3-4b-instruct-2507,0.957626,70547,28000,2.5
pol_Latn-ces_Latn,qwen3-4b-instruct-2507,0.955724,723760,28000,25.8
pol_Latn-cmn_Hani,metricx24,unknown,18473396,1200000,15.4
pol_Latn-crh_Latn,qwen3-4b-instruct-2507,0.792638,115137,28000,4.1
pol_Latn-dan_Latn,qwen3-4b-instruct-2507,0.957332,79766,28000,2.8
pol_Latn-deu_Latn,qwen3-4b-instruct-2507,0.960762,79224,28000,2.8
pol_Latn-eng_Latn,qwen3-4b-instruct-2507,0.974286,1503794,28000,53.7
pol_Latn-epo_Latn,qwen3-4b-instruct-2507,0.897237,102779,28000,3.7
pol_Latn-eus_Latn,shaomutan_remedy-9b-22,0.913024145,301477,200000,1.5
pol_Latn-fil_Latn,metricx24,unknown,1068227,1200000,0.9
pol_Latn-fin_Latn,qwen3-4b-instruct-2507,0.912942,54333,28000,1.9
pol_Latn-fra_Latn,qwen3-4b-instruct-2507,0.971672,134602,28000,4.8
pol_Latn-fur_Latn,qwen3-4b-instruct-2507,0.897561,274062,28000,9.8
pol_Latn-glg_Latn,qwen3-4b-instruct-2507,0.964156,53030,28000,1.9
pol_Latn-hau_Latn,metricx24,0.773575184,34915,1200000,0.0
pol_Latn-hbs_Latn,metricx24,unknown,1319912,1200000,1.1
pol_Latn-hrv_Latn,qwen3-4b-instruct-2507,0.921847,1389616,28000,49.6
pol_Latn-hun_Latn,qwen3-4b-instruct-2507,0.952897,54693,28000,2.0
pol_Latn-ilo_Latn,qwen3-4b-instruct-2507,0.75775,53440,28000,1.9
pol_Latn-ina_Latn,metricx24,unknown,41461,1200000,0.0
pol_Latn-ita_Latn,qwen3-4b-instruct-2507,0.975669,132153,28000,4.7
pol_Latn-jpn_Jpan,qwen3-4b-instruct-2507,0.970767,150353,28000,5.4
pol_Latn-kab_Latn,qwen3-4b-instruct-2507,0.358716,78112,28000,2.8
pol_Latn-kin_Latn,shaomutan_remedy-9b-22,0.775890916,69701,200000,0.3
pol_Latn-kiu_Latn,metricx24,unknown,68583,1200000,0.1
pol_Latn-lat_Latn,metricx24,unknown,76955,1200000,0.1
pol_Latn-lit_Latn,qwen3-4b-instruct-2507,0.920951,47320,28000,1.7
pol_Latn-lzh_Hani,metricx24,unknown,624767,1200000,0.5
pol_Latn-mhr_Cyrl,metricx24,unknown,151982,1200000,0.1
pol_Latn-mkd_Cyrl,qwen3-4b-instruct-2507,0.957994,74848,28000,2.7
pol_Latn-nld_Latn,qwen3-4b-instruct-2507,0.950921,83742,28000,3.0
pol_Latn-nno_Latn,qwen3-4b-instruct-2507,0.934778,168737,28000,6.0
pol_Latn-nob_Latn,shaomutan_remedy-9b-22,0.933875696,135097,200000,0.7
pol_Latn-pap_Latn,qwen3-4b-instruct-2507,0.841329,52762,28000,1.9
pol_Latn-pbt_Arab,shaomutan_remedy-9b-22,0.777592627,83389,200000,0.4
pol_Latn-por_Latn,metricx24,0.819425,114938662,1200000,95.8
pol_Latn-pus_Arab,metricx24,unknown,124238,1200000,0.1
pol_Latn-rmy_Latn,metricx24,unknown,100083,1200000,0.1
pol_Latn-ron_Latn,metricx24,0.823902,79116066,1200000,65.9
pol_Latn-rus_Cyrl,metricx24,0.850663,78402309,1200000,65.3
pol_Latn-sin_Sinh,shaomutan_remedy-9b-22,0.905075363,1976045,200000,9.9
pol_Latn-slk_Latn,metricx24,0.774049,48530479,1200000,40.4
pol_Latn-slv_Latn,metricx24,0.850557,41375028,1200000,34.5
pol_Latn-sna_Latn,metricx24,0.670089406,87449,1200000,0.1
pol_Latn-snd_Arab,qwen3-4b-instruct-2507,0.903878,122293,28000,4.4
pol_Latn-som_Latn,shaomutan_remedy-9b-22,0.739700498,244548,200000,1.2
pol_Latn-spa_Latn,qwen3-4b-instruct-2507,0.960075,158690,28000,5.7
pol_Latn-sqi_Latn,metricx24,unknown,1943271,1200000,1.6
pol_Latn-srd_Latn,qwen3-4b-instruct-2507,0.85666,404554,28000,14.4
pol_Latn-srp_Cyrl,metricx24,0.884095,7986646,1200000,6.7
pol_Latn-srp_Latn,metricx24,unknown,44643325,1200000,37.2
pol_Latn-sun_Latn,qwen3-4b-instruct-2507,0.860428,300617,28000,10.7
pol_Latn-swa_Latn,metricx24,unknown,1230124,1200000,1.0
pol_Latn-swc_Latn,metricx24,unknown,178053,1200000,0.1
pol_Latn-swe_Latn,metricx24,0.836671,78957093,1200000,65.8
pol_Latn-swh_Latn,shaomutan_remedy-9b-22,0.873393286,906758,200000,4.5
pol_Latn-tam_Taml,qwen3-4b-instruct-2507,0.938805,2386429,28000,85.2
pol_Latn-tat_Cyrl,qwen3-4b-instruct-2507,0.884993,138820,28000,5.0
pol_Latn-tel_Telu,qwen3-4b-instruct-2507,0.943091,1274431,28000,45.5
pol_Latn-tgk_Cyrl,qwen3-4b-instruct-2507,0.886322,195758,28000,7.0
pol_Latn-tgl_Latn,qwen3-4b-instruct-2507,0.92563,1912506,28000,68.3
pol_Latn-tha_Thai,metricx24,0.797917,18139787,1200000,15.1
pol_Latn-tur_Latn,metricx24,0.74096,66733315,1200000,55.6
pol_Latn-ukr_Cyrl,metricx24,0.829269,16704234,1200000,13.9
pol_Latn-urd_Arab,qwen3-4b-instruct-2507,0.900244,1553649,28000,55.5
pol_Latn-uzn_Latn,qwen3-4b-instruct-2507,0.87328,140752,28000,5.0
pol_Latn-vec_Latn,qwen3-4b-instruct-2507,0.915839,113863,28000,4.1
pol_Latn-vie_Latn,shaomutan_remedy-9b-22,0.934489649,28076625,200000,140.4
pol_Latn-wln_Latn,metricx24,unknown,56256,1200000,0.0
pol_Latn-wuu_Hani,metricx24,unknown,69398,1200000,0.1
pol_Latn-xav_Latn,metricx24,unknown,86262,1200000,0.1
pol_Latn-xho_Latn,shaomutan_remedy-9b-22,0.733862569,374371,200000,1.9
pol_Latn-yor_Latn,shaomutan_remedy-9b-22,0.679847456,132948,200000,0.7
pol_Latn-yue_Hani,metricx24,unknown,1177056,1200000,1.0
pol_Latn-zho_Hans,metricx24,0.832461,10860474,1200000,9.1
pol_Latn-zho_Hant,metricx24,0.816332,6830511,1200000,5.7
pol_Latn-zho_Zyyy,metricx24,unknown,132786,1200000,0.1
pol_Latn-zul_Latn,shaomutan_remedy-9b-22,0.771429165,99171,200000,0.5
por_Latn-abk_Cyrl,metricx24,unknown,106344,1200000,0.1
por_Latn-als_Latn,qwen3-4b-instruct-2507,0.95115,1967270,28000,70.3
por_Latn-aym_Latn,metricx24,unknown,251977,1200000,0.2
por_Latn-ayr_Latn,qwen3-4b-instruct-2507,0.348512,254957,28000,9.1
por_Latn-azj_Latn,qwen3-4b-instruct-2507,0.898462,88136,28000,3.1
por_Latn-bak_Cyrl,shaomutan_remedy-9b-22,0.897774732,129049,200000,0.6
por_Latn-bel_Cyrl,qwen3-4b-instruct-2507,0.942703,53078,28000,1.9
por_Latn-cat_Latn,qwen3-4b-instruct-2507,0.960538,61181,28000,2.2
por_Latn-ces_Latn,qwen3-4b-instruct-2507,0.981906,346749,28000,12.4
por_Latn-cmn_Hani,metricx24,unknown,23175166,1200000,19.3
por_Latn-crh_Latn,qwen3-4b-instruct-2507,0.815301,127715,28000,4.6
por_Latn-dan_Latn,qwen3-4b-instruct-2507,0.975361,76937,28000,2.7
por_Latn-deu_Latn,qwen3-4b-instruct-2507,0.976819,109565,28000,3.9
por_Latn-ekk_Latn,metricx24,unknown,88616,1200000,0.1
por_Latn-eng_Latn,qwen3-4b-instruct-2507,0.985839,1492682,28000,53.3
por_Latn-epo_Latn,qwen3-4b-instruct-2507,0.917979,106930,28000,3.8
por_Latn-eus_Latn,qwen3-4b-instruct-2507,0.934774,316194,28000,11.3
por_Latn-fil_Latn,metricx24,unknown,1259931,1200000,1.0
por_Latn-fin_Latn,qwen3-4b-instruct-2507,0.954495,159463,28000,5.7
por_Latn-fra_Latn,qwen3-4b-instruct-2507,0.972628,595668,28000,21.3
por_Latn-fro_Latn,metricx24,unknown,42932,1200000,0.0
por_Latn-fur_Latn,qwen3-4b-instruct-2507,0.9023,227807,28000,8.1
por_Latn-hau_Latn,shaomutan_remedy-9b-22,0.857109057,43517,200000,0.2
por_Latn-hbs_Latn,metricx24,unknown,1333580,1200000,1.1
por_Latn-heb_Hebr,qwen3-4b-instruct-2507,0.978427,76646,28000,2.7
por_Latn-hrv_Latn,qwen3-4b-instruct-2507,0.967173,1574337,28000,56.2
por_Latn-hun_Latn,qwen3-4b-instruct-2507,0.976237,169993,28000,6.1
por_Latn-ilo_Latn,qwen3-4b-instruct-2507,0.859652,57315,28000,2.0
por_Latn-ina_Latn,metricx24,unknown,38322,1200000,0.0
por_Latn-ind_Latn,qwen3-4b-instruct-2507,0.964848,113307,28000,4.0
por_Latn-ita_Latn,qwen3-4b-instruct-2507,0.979671,507191,28000,18.1
por_Latn-jpn_Jpan,qwen3-4b-instruct-2507,0.982359,227915,28000,8.1
por_Latn-kab_Latn,qwen3-4b-instruct-2507,0.399004,83816,28000,3.0
por_Latn-kin_Latn,shaomutan_remedy-9b-22,0.836094359,89518,200000,0.4
por_Latn-kiu_Latn,metricx24,unknown,74071,1200000,0.1
por_Latn-lat_Latn,metricx24,unknown,80986,1200000,0.1
por_Latn-lit_Latn,qwen3-4b-instruct-2507,0.9512,116616,28000,4.2
por_Latn-lvs_Latn,qwen3-4b-instruct-2507,0.96342,93545,28000,3.3
por_Latn-lzh_Hani,metricx24,unknown,640863,1200000,0.5
por_Latn-mhr_Cyrl,metricx24,unknown,139674,1200000,0.1
por_Latn-mkd_Cyrl,qwen3-4b-instruct-2507,0.975381,87270,28000,3.1
por_Latn-mlt_Latn,shaomutan_remedy-9b-22,0.938940646,60548,200000,0.3
por_Latn-nld_Latn,qwen3-4b-instruct-2507,0.965336,290249,28000,10.4
por_Latn-nno_Latn,qwen3-4b-instruct-2507,0.954778,181677,28000,6.5
por_Latn-nob_Latn,qwen3-4b-instruct-2507,0.949607,160361,28000,5.7
por_Latn-pol_Latn,qwen3-4b-instruct-2507,0.972111,274755,28000,9.8
por_Latn-que_Latn,metricx24,unknown,1079015,1200000,0.9
por_Latn-quy_Latn,metricx24,0.441479563,239349,1200000,0.2
por_Latn-quz_Latn,metricx24,unknown,133413,1200000,0.1
por_Latn-rmy_Latn,metricx24,unknown,115262,1200000,0.1
por_Latn-ron_Latn,metricx24,0.847337,94073023,1200000,78.4
por_Latn-rus_Cyrl,metricx24,0.88311,79313695,1200000,66.1
por_Latn-sin_Sinh,shaomutan_remedy-9b-22,0.930887088,1168867,200000,5.8
por_Latn-slk_Latn,metricx24,0.808097,36671288,1200000,30.6
por_Latn-slv_Latn,metricx24,0.882221,35760409,1200000,29.8
por_Latn-sna_Latn,shaomutan_remedy-9b-22,0.783042033,88100,200000,0.4
por_Latn-snd_Arab,qwen3-4b-instruct-2507,0.922349,114715,28000,4.1
por_Latn-som_Latn,shaomutan_remedy-9b-22,0.792926016,286445,200000,1.4
por_Latn-spa_Latn,qwen3-4b-instruct-2507,0.957133,243582,28000,8.7
por_Latn-sqi_Latn,metricx24,unknown,1578581,1200000,1.3
por_Latn-srd_Latn,qwen3-4b-instruct-2507,0.848387,240130,28000,8.6
por_Latn-srp_Cyrl,metricx24,0.897529,6667943,1200000,5.6
por_Latn-srp_Latn,metricx24,unknown,49160261,1200000,41.0
por_Latn-sun_Latn,qwen3-4b-instruct-2507,0.900841,324027,28000,11.6
por_Latn-swa_Latn,metricx24,unknown,1933569,1200000,1.6
por_Latn-swc_Latn,metricx24,unknown,434332,1200000,0.4
por_Latn-swe_Latn,metricx24,0.881042,90359104,1200000,75.3
por_Latn-swh_Latn,shaomutan_remedy-9b-22,0.922675231,2337898,200000,11.7
por_Latn-tam_Taml,metricx24,0.835582,5561979,1200000,4.6
por_Latn-tat_Cyrl,qwen3-4b-instruct-2507,0.900886,148202,28000,5.3
por_Latn-tel_Telu,qwen3-4b-instruct-2507,0.964798,1329311,28000,47.5
por_Latn-tgk_Cyrl,qwen3-4b-instruct-2507,0.905212,223594,28000,8.0
por_Latn-tgl_Latn,qwen3-4b-instruct-2507,0.956829,2498863,28000,89.2
por_Latn-tha_Thai,metricx24,0.85394,15389947,1200000,12.8
por_Latn-tur_Latn,metricx24,0.778776,75988247,1200000,63.3
por_Latn-ukr_Cyrl,metricx24,0.853398,10463712,1200000,8.7
por_Latn-urd_Arab,qwen3-4b-instruct-2507,0.91115,1700628,28000,60.7
por_Latn-uzn_Latn,qwen3-4b-instruct-2507,0.923221,142183,28000,5.1
por_Latn-vec_Latn,qwen3-4b-instruct-2507,0.910189,80903,28000,2.9
por_Latn-vie_Latn,metricx24,0.879479,28116028,1200000,23.4
por_Latn-wln_Latn,metricx24,unknown,56028,1200000,0.0
por_Latn-wuu_Hani,metricx24,unknown,97375,1200000,0.1
por_Latn-xho_Latn,shaomutan_remedy-9b-22,0.786398586,362128,200000,1.8
por_Latn-yor_Latn,shaomutan_remedy-9b-22,0.720230169,137478,200000,0.7
por_Latn-yue_Hani,metricx24,unknown,1197526,1200000,1.0
por_Latn-zho_Hans,metricx24,0.89235,13891202,1200000,11.6
por_Latn-zho_Hant,metricx24,0.883496,5659190,1200000,4.7
por_Latn-zho_Zyyy,metricx24,unknown,145992,1200000,0.1
por_Latn-zul_Latn,shaomutan_remedy-9b-22,0.832085456,107328,200000,0.5
pus_Arab-por_Latn,metricx24,unknown,847107,1200000,0.7
pus_Arab-ron_Latn,metricx24,unknown,274765,1200000,0.2
pus_Arab-rus_Cyrl,metricx24,unknown,824066,1200000,0.7
pus_Arab-sin_Sinh,metricx24,unknown,94718,1200000,0.1
pus_Arab-slk_Latn,metricx24,unknown,181936,1200000,0.2
pus_Arab-slv_Latn,metricx24,unknown,128947,1200000,0.1
pus_Arab-sqi_Latn,qwen3-4b-instruct-2507,unknown,102522,28000,3.7
pus_Arab-srp_Cyrl,metricx24,unknown,107716,1200000,0.1
pus_Arab-swa_Latn,qwen3-4b-instruct-2507,unknown,95437,28000,3.4
pus_Arab-swe_Latn,metricx24,unknown,260737,1200000,0.2
pus_Arab-tam_Taml,metricx24,unknown,109961,1200000,0.1
pus_Arab-tel_Telu,metricx24,unknown,77319,1200000,0.1
pus_Arab-tgl_Latn,qwen3-4b-instruct-2507,unknown,220131,28000,7.9
pus_Arab-tha_Thai,metricx24,unknown,198207,1200000,0.2
pus_Arab-tur_Latn,metricx24,unknown,395125,1200000,0.3
pus_Arab-ukr_Cyrl,metricx24,unknown,245401,1200000,0.2
pus_Arab-urd_Arab,metricx24,unknown,127690,1200000,0.1
pus_Arab-vie_Latn,metricx24,unknown,260710,1200000,0.2
pus_Arab-xho_Latn,metricx24,unknown,39188,1200000,0.0
pus_Arab-zho_Hans,metricx24,unknown,269551,1200000,0.2
pus_Arab-zho_Hant,metricx24,unknown,199969,1200000,0.2
que_Latn-spa_Latn,metricx24,unknown,221528,1200000,0.2
quw_Latn-fra_Latn,metricx24,unknown,60968,1200000,0.1
quy_Latn-fra_Latn,shaomutan_remedy-9b-22,0.821630066,51834,200000,0.3
quy_Latn-spa_Latn,shaomutan_remedy-9b-22,0.854483104,159813,200000,0.8
quz_Latn-spa_Latn,metricx24,unknown,94275,1200000,0.1
rmy_Latn-rus_Cyrl,metricx24,unknown,77175,1200000,0.1
rmy_Latn-slk_Latn,metricx24,unknown,55282,1200000,0.0
rmy_Latn-slv_Latn,metricx24,unknown,50405,1200000,0.0
rmy_Latn-swe_Latn,metricx24,unknown,92281,1200000,0.1
rmy_Latn-tur_Latn,metricx24,unknown,84374,1200000,0.1
roh_Latn-pol_Latn,metricx24,unknown,17608,1200000,0.0
roh_Latn-por_Latn,metricx24,unknown,32882,1200000,0.0
roh_Latn-ron_Latn,metricx24,unknown,21362,1200000,0.0
roh_Latn-rus_Cyrl,metricx24,unknown,18844,1200000,0.0
roh_Latn-swe_Latn,metricx24,unknown,17423,1200000,0.0
roh_Latn-tur_Latn,metricx24,unknown,18121,1200000,0.0
ron_Latn-abk_Cyrl,metricx24,unknown,97519,1200000,0.1
ron_Latn-als_Latn,metricx24,0.85678,5212951,1200000,4.3
ron_Latn-azj_Latn,qwen3-4b-instruct-2507,0.901145,64384,28000,2.3
ron_Latn-bak_Cyrl,shaomutan_remedy-9b-22,0.889241434,134652,200000,0.7
ron_Latn-bel_Cyrl,shaomutan_remedy-9b-22,0.95105047,52825,200000,0.3
ron_Latn-ces_Latn,qwen3-4b-instruct-2507,0.974027,324176,28000,11.6
ron_Latn-cmn_Hani,metricx24,unknown,17819918,1200000,14.8
ron_Latn-deu_Latn,qwen3-4b-instruct-2507,0.978069,50460,28000,1.8
ron_Latn-eng_Latn,qwen3-4b-instruct-2507,0.987904,1466274,28000,52.4
ron_Latn-epo_Latn,qwen3-4b-instruct-2507,0.896287,83576,28000,3.0
ron_Latn-eus_Latn,qwen3-4b-instruct-2507,0.934375,244563,28000,8.7
ron_Latn-fil_Latn,metricx24,unknown,1016395,1200000,0.8
ron_Latn-fra_Latn,qwen3-4b-instruct-2507,0.979109,64906,28000,2.3
ron_Latn-fur_Latn,qwen3-4b-instruct-2507,0.880597,94689,28000,3.4
ron_Latn-hbs_Latn,metricx24,unknown,1275030,1200000,1.1
ron_Latn-hrv_Latn,qwen3-4b-instruct-2507,0.958716,1430319,28000,51.1
ron_Latn-ita_Latn,qwen3-4b-instruct-2507,0.973479,50769,28000,1.8
ron_Latn-jpn_Jpan,qwen3-4b-instruct-2507,0.984226,90168,28000,3.2
ron_Latn-kab_Latn,qwen3-4b-instruct-2507,0.40333,58586,28000,2.1
ron_Latn-kin_Latn,shaomutan_remedy-9b-22,0.804374857,39894,200000,0.2
ron_Latn-lzh_Hani,metricx24,unknown,525334,1200000,0.4
ron_Latn-mhr_Cyrl,metricx24,unknown,154247,1200000,0.1
ron_Latn-mkd_Cyrl,qwen3-4b-instruct-2507,0.972698,65341,28000,2.3
ron_Latn-nno_Latn,qwen3-4b-instruct-2507,0.934898,102144,28000,3.6
ron_Latn-nob_Latn,qwen3-4b-instruct-2507,0.945042,119538,28000,4.3
ron_Latn-por_Latn,qwen3-4b-instruct-2507,0.959915,67770,28000,2.4
ron_Latn-rus_Cyrl,metricx24,0.879252,45438086,1200000,37.9
ron_Latn-sin_Sinh,qwen3-4b-instruct-2507,0.914928,2092911,28000,74.7
ron_Latn-slk_Latn,metricx24,0.803952,31474961,1200000,26.2
ron_Latn-slv_Latn,metricx24,0.879662,33408680,1200000,27.8
ron_Latn-sna_Latn,metricx24,0.712418063,78846,1200000,0.1
ron_Latn-snd_Arab,qwen3-4b-instruct-2507,0.916038,108158,28000,3.9
ron_Latn-som_Latn,shaomutan_remedy-9b-22,0.756631428,212474,200000,1.1
ron_Latn-spa_Latn,qwen3-4b-instruct-2507,0.965182,35135,28000,1.3
ron_Latn-sqi_Latn,metricx24,unknown,1694767,1200000,1.4
ron_Latn-srd_Latn,qwen3-4b-instruct-2507,0.825784,77618,28000,2.8
ron_Latn-srp_Cyrl,metricx24,0.900945,6653496,1200000,5.5
ron_Latn-srp_Latn,metricx24,unknown,47819176,1200000,39.8
ron_Latn-sun_Latn,qwen3-4b-instruct-2507,0.890906,238262,28000,8.5
ron_Latn-swa_Latn,metricx24,unknown,730970,1200000,0.6
ron_Latn-swe_Latn,metricx24,0.871724,59912211,1200000,49.9
ron_Latn-swh_Latn,shaomutan_remedy-9b-22,0.881996957,350975,200000,1.8
ron_Latn-tam_Taml,qwen3-4b-instruct-2507,0.965978,2071461,28000,74.0
ron_Latn-tat_Cyrl,qwen3-4b-instruct-2507,0.902837,123802,28000,4.4
ron_Latn-tel_Telu,qwen3-4b-instruct-2507,0.959363,1109517,28000,39.6
ron_Latn-tgk_Cyrl,qwen3-4b-instruct-2507,0.908487,193918,28000,6.9
ron_Latn-tgl_Latn,qwen3-4b-instruct-2507,0.946471,1468666,28000,52.5
ron_Latn-tha_Thai,metricx24,0.830585,17725378,1200000,14.8
ron_Latn-tur_Latn,metricx24,0.770242,57354060,1200000,47.8
ron_Latn-ukr_Cyrl,metricx24,0.856397,14383129,1200000,12.0
ron_Latn-urd_Arab,qwen3-4b-instruct-2507,0.927999,1436425,28000,51.3
ron_Latn-uzn_Latn,qwen3-4b-instruct-2507,0.895918,87999,28000,3.1
ron_Latn-vie_Latn,metricx24,0.869005,27438433,1200000,22.9
ron_Latn-wln_Latn,metricx24,unknown,45584,1200000,0.0
ron_Latn-xho_Latn,shaomutan_remedy-9b-22,0.759372669,339276,200000,1.7
ron_Latn-yor_Latn,shaomutan_remedy-9b-22,0.722432439,120170,200000,0.6
ron_Latn-yue_Hani,metricx24,unknown,1014132,1200000,0.8
ron_Latn-zho_Hans,metricx24,0.861302,9124017,1200000,7.6
ron_Latn-zho_Hant,metricx24,0.853747,6434507,1200000,5.4
ron_Latn-zho_Zyyy,metricx24,unknown,144217,1200000,0.1
ron_Latn-zul_Latn,shaomutan_remedy-9b-22,0.782094793,95658,200000,0.5
run_Latn-sna_Latn,shaomutan_remedy-9b-22,0.738253566,249204,200000,1.2
run_Latn-som_Latn,shaomutan_remedy-9b-22,0.692776566,166020,200000,0.8
run_Latn-sot_Latn,shaomutan_remedy-9b-22,0.776494949,175060,200000,0.9
run_Latn-swa_Latn,qwen3-4b-instruct-2507,unknown,197843,28000,7.1
run_Latn-swc_Latn,qwen3-4b-instruct-2507,unknown,133433,28000,4.8
run_Latn-swh_Latn,shaomutan_remedy-9b-22,0.860141567,196321,200000,1.0
run_Latn-tir_Ethi,shaomutan_remedy-9b-22,0.663846876,127506,200000,0.6
run_Latn-tsn_Latn,shaomutan_remedy-9b-22,0.699609808,162857,200000,0.8
run_Latn-tso_Latn,shaomutan_remedy-9b-22,0.591816937,185366,200000,0.9
run_Latn-tum_Latn,metricx24,0.631858935,135081,1200000,0.1
run_Latn-twi_Latn,shaomutan_remedy-9b-22,0.489591465,140749,200000,0.7
run_Latn-xho_Latn,shaomutan_remedy-9b-22,0.723005447,247249,200000,1.2
run_Latn-yor_Latn,shaomutan_remedy-9b-22,0.586506923,131914,200000,0.7
run_Latn-zul_Latn,shaomutan_remedy-9b-22,0.768814525,279279,200000,1.4
rus_Cyrl-als_Latn,metricx24,0.845976,6396658,1200000,5.3
rus_Cyrl-azj_Latn,qwen3-4b-instruct-2507,0.912738,110228,28000,3.9
rus_Cyrl-bos_Latn,qwen3-4b-instruct-2507,0.96658,35148,28000,1.3
rus_Cyrl-ces_Latn,qwen3-4b-instruct-2507,0.972997,723524,28000,25.8
rus_Cyrl-cmn_Hani,metricx24,unknown,33692528,1200000,28.1
rus_Cyrl-crh_Latn,shaomutan_remedy-9b-22,0.81969577,133288,200000,0.7
rus_Cyrl-dan_Latn,qwen3-4b-instruct-2507,0.975376,189278,28000,6.8
rus_Cyrl-deu_Latn,qwen3-4b-instruct-2507,0.974983,298706,28000,10.7
rus_Cyrl-ekk_Latn,metricx24,unknown,70173,1200000,0.1
rus_Cyrl-ell_Grek,qwen3-4b-instruct-2507,0.965809,177367,28000,6.3
rus_Cyrl-eng_Latn,qwen3-4b-instruct-2507,0.983883,1569866,28000,56.1
rus_Cyrl-epo_Latn,qwen3-4b-instruct-2507,0.942683,65518,28000,2.3
rus_Cyrl-est_Latn,qwen3-4b-instruct-2507,0.951045,47496,28000,1.7
rus_Cyrl-eus_Latn,qwen3-4b-instruct-2507,0.950503,185569,28000,6.6
rus_Cyrl-fas_Arab,metricx24,unknown,118749,1200000,0.1
rus_Cyrl-fil_Latn,metricx24,unknown,1564732,1200000,1.3
rus_Cyrl-fin_Latn,qwen3-4b-instruct-2507,0.954156,179430,28000,6.4
rus_Cyrl-fra_Latn,qwen3-4b-instruct-2507,0.978965,321878,28000,11.5
rus_Cyrl-fur_Latn,qwen3-4b-instruct-2507,0.910781,149278,28000,5.3
rus_Cyrl-hbs_Latn,metricx24,unknown,204280,1200000,0.2
rus_Cyrl-heb_Hebr,qwen3-4b-instruct-2507,0.977377,117603,28000,4.2
rus_Cyrl-hrv_Latn,qwen3-4b-instruct-2507,0.953106,1046917,28000,37.4
rus_Cyrl-hun_Latn,qwen3-4b-instruct-2507,0.967805,188183,28000,6.7
rus_Cyrl-ind_Latn,qwen3-4b-instruct-2507,0.961896,147208,28000,5.3
rus_Cyrl-ita_Latn,qwen3-4b-instruct-2507,0.985271,260555,28000,9.3
rus_Cyrl-jpn_Jpan,qwen3-4b-instruct-2507,0.984978,225496,28000,8.1
rus_Cyrl-kab_Latn,qwen3-4b-instruct-2507,0.424271,52080,28000,1.9
rus_Cyrl-kin_Latn,shaomutan_remedy-9b-22,0.826701913,64395,200000,0.3
rus_Cyrl-kiu_Latn,metricx24,unknown,72999,1200000,0.1
rus_Cyrl-lit_Latn,qwen3-4b-instruct-2507,0.951643,88243,28000,3.2
rus_Cyrl-lvs_Latn,qwen3-4b-instruct-2507,0.966859,62265,28000,2.2
rus_Cyrl-lzh_Hani,metricx24,unknown,750602,1200000,0.6
rus_Cyrl-mkd_Cyrl,qwen3-4b-instruct-2507,0.949313,93297,28000,3.3
rus_Cyrl-mlt_Latn,qwen3-4b-instruct-2507,0.941707,45744,28000,1.6
rus_Cyrl-nld_Latn,qwen3-4b-instruct-2507,0.96885,235688,28000,8.4
rus_Cyrl-nno_Latn,qwen3-4b-instruct-2507,0.963659,142661,28000,5.1
rus_Cyrl-nob_Latn,qwen3-4b-instruct-2507,0.955022,134758,28000,4.8
rus_Cyrl-nor_Latn,metricx24,unknown,72217,1200000,0.1
rus_Cyrl-pol_Latn,qwen3-4b-instruct-2507,0.968805,238710,28000,8.5
rus_Cyrl-por_Latn,qwen3-4b-instruct-2507,0.967372,295448,28000,10.6
rus_Cyrl-ron_Latn,qwen3-4b-instruct-2507,0.977501,208563,28000,7.4
rus_Cyrl-sin_Sinh,shaomutan_remedy-9b-22,0.912692089,3127731,200000,15.6
rus_Cyrl-slk_Latn,metricx24,0.788036,26872490,1200000,22.4
rus_Cyrl-slv_Latn,metricx24,0.870045,25747741,1200000,21.5
rus_Cyrl-sna_Latn,shaomutan_remedy-9b-22,0.7627451,88815,200000,0.4
rus_Cyrl-snd_Arab,qwen3-4b-instruct-2507,0.92329,143347,28000,5.1
rus_Cyrl-som_Latn,shaomutan_remedy-9b-22,0.776003742,322109,200000,1.6
rus_Cyrl-spa_Latn,qwen3-4b-instruct-2507,0.966192,352856,28000,12.6
rus_Cyrl-sqi_Latn,metricx24,unknown,1927923,1200000,1.6
rus_Cyrl-srd_Latn,qwen3-4b-instruct-2507,0.881603,156748,28000,5.6
rus_Cyrl-srp_Cyrl,metricx24,0.885913,9031112,1200000,7.5
rus_Cyrl-srp_Latn,metricx24,unknown,31277195,1200000,26.1
rus_Cyrl-sun_Latn,qwen3-4b-instruct-2507,0.89677,342841,28000,12.2
rus_Cyrl-swa_Latn,metricx24,unknown,1428722,1200000,1.2
rus_Cyrl-swc_Latn,metricx24,unknown,224094,1200000,0.2
rus_Cyrl-swe_Latn,metricx24,0.864326,50911542,1200000,42.4
rus_Cyrl-swh_Latn,shaomutan_remedy-9b-22,0.917493742,1191961,200000,6.0
rus_Cyrl-tam_Taml,qwen3-4b-instruct-2507,0.957954,3097331,28000,110.6
rus_Cyrl-tat_Cyrl,shaomutan_remedy-9b-22,0.908522862,849340,200000,4.2
rus_Cyrl-tel_Telu,qwen3-4b-instruct-2507,0.955983,1410184,28000,50.4
rus_Cyrl-tgk_Cyrl,m-prometheus-7b,0.907401692,3329357,27000,123.3
rus_Cyrl-tgl_Latn,qwen3-4b-instruct-2507,0.950682,2267613,28000,81.0
rus_Cyrl-tha_Thai,metricx24,0.843821,17784504,1200000,14.8
rus_Cyrl-tur_Latn,metricx24,0.765045,51021451,1200000,42.5
rus_Cyrl-ukr_Cyrl,metricx24,0.833931,40023815,1200000,33.4
rus_Cyrl-urd_Arab,qwen3-4b-instruct-2507,0.925754,3306116,28000,118.1
rus_Cyrl-uzn_Cyrl,metricx24,unknown,396841,1200000,0.3
rus_Cyrl-uzn_Latn,qwen3-4b-instruct-2507,0.917402,488621,28000,17.5
rus_Cyrl-vie_Latn,metricx24,0.866092,30009500,1200000,25.0
rus_Cyrl-wln_Latn,metricx24,unknown,48336,1200000,0.0
rus_Cyrl-wuu_Hani,metricx24,unknown,219214,1200000,0.2
rus_Cyrl-xho_Latn,shaomutan_remedy-9b-22,0.769947383,409929,200000,2.0
rus_Cyrl-yor_Latn,shaomutan_remedy-9b-22,0.699322261,144006,200000,0.7
rus_Cyrl-yue_Hani,metricx24,unknown,1355372,1200000,1.1
rus_Cyrl-zho_Hans,metricx24,0.88272,17904226,1200000,14.9
rus_Cyrl-zho_Hant,metricx24,0.877018,6376922,1200000,5.3
rus_Cyrl-zul_Latn,shaomutan_remedy-9b-22,0.816013732,101261,200000,0.5
sag_Latn-por_Latn,qwen3-4b-instruct-2507,0.746356,38287,28000,1.4
san_Deva-sin_Sinh,shaomutan_remedy-9b-22,0.874325037,161520,200000,0.8
san_Deva-snd_Arab,m-prometheus-7b,0.808521653,123742,27000,4.6
san_Deva-tam_Taml,shaomutan_remedy-9b-22,0.885446773,278558,200000,1.4
san_Deva-tel_Telu,shaomutan_remedy-9b-22,0.870147405,357974,200000,1.8
san_Deva-urd_Arab,shaomutan_remedy-9b-22,0.857977094,238284,200000,1.2
scn_Latn-jpn_Jpan,shaomutan_remedy-9b-22,0.934738259,90300,200000,0.5
scn_Latn-nld_Latn,shaomutan_remedy-9b-22,0.930298965,187579,200000,0.9
scn_Latn-pol_Latn,shaomutan_remedy-9b-22,0.940413697,164784,200000,0.8
scn_Latn-por_Latn,shaomutan_remedy-9b-22,0.926837766,252898,200000,1.3
scn_Latn-ron_Latn,shaomutan_remedy-9b-22,0.922782731,98927,200000,0.5
scn_Latn-rus_Cyrl,shaomutan_remedy-9b-22,0.94318099,183656,200000,0.9
scn_Latn-slk_Latn,shaomutan_remedy-9b-22,0.914491506,72281,200000,0.4
scn_Latn-slv_Latn,shaomutan_remedy-9b-22,0.913992505,60202,200000,0.3
scn_Latn-swe_Latn,shaomutan_remedy-9b-22,0.93978078,150349,200000,0.8
scn_Latn-tur_Latn,shaomutan_remedy-9b-22,0.930675171,130583,200000,0.7
scn_Latn-vie_Latn,shaomutan_remedy-9b-22,0.911745425,63478,200000,0.3
scn_Latn-zho_Hans,qwen3-4b-instruct-2507,0.927292,58547,28000,2.1
sco_Latn-fin_Latn,metricx24,unknown,100269,1200000,0.1
sco_Latn-fra_Latn,metricx24,unknown,498017,1200000,0.4
sco_Latn-hrv_Latn,qwen3-4b-instruct-2507,unknown,54748,28000,2.0
sco_Latn-hun_Latn,metricx24,unknown,72785,1200000,0.1
sco_Latn-ita_Latn,metricx24,unknown,232379,1200000,0.2
sco_Latn-jpn_Jpan,metricx24,unknown,55687,1200000,0.0
sco_Latn-nld_Latn,metricx24,unknown,177408,1200000,0.1
sco_Latn-nob_Latn,metricx24,unknown,74797,1200000,0.1
sco_Latn-pol_Latn,metricx24,unknown,122625,1200000,0.1
sco_Latn-por_Latn,metricx24,unknown,246004,1200000,0.2
sco_Latn-ron_Latn,metricx24,unknown,67852,1200000,0.1
sco_Latn-rus_Cyrl,metricx24,unknown,123418,1200000,0.1
sco_Latn-spa_Latn,metricx24,unknown,537113,1200000,0.4
sco_Latn-swe_Latn,metricx24,unknown,108916,1200000,0.1
sco_Latn-tur_Latn,metricx24,unknown,64387,1200000,0.1
sco_Latn-ukr_Cyrl,metricx24,unknown,53697,1200000,0.0
sco_Latn-vie_Latn,metricx24,unknown,58695,1200000,0.0
sdh_Arab-eng_Latn,metricx24,unknown,510337,1200000,0.4
shp_Latn-por_Latn,metricx24,unknown,31424,1200000,0.0
shp_Latn-ron_Latn,metricx24,unknown,29042,1200000,0.0
shp_Latn-rus_Cyrl,metricx24,unknown,25216,1200000,0.0
shp_Latn-tur_Latn,metricx24,unknown,29286,1200000,0.0
sin_Sinh-als_Latn,qwen3-4b-instruct-2507,0.866486,395037,28000,14.1
sin_Sinh-cmn_Hani,metricx24,unknown,979537,1200000,0.8
sin_Sinh-fil_Latn,metricx24,unknown,185043,1200000,0.2
sin_Sinh-lzh_Hani,metricx24,unknown,120583,1200000,0.1
sin_Sinh-slk_Latn,shaomutan_remedy-9b-22,0.923673328,1203406,200000,6.0
sin_Sinh-slv_Latn,shaomutan_remedy-9b-22,0.909103134,1184016,200000,5.9
sin_Sinh-snd_Arab,qwen3-4b-instruct-2507,0.800488,425665,28000,15.2
sin_Sinh-som_Latn,shaomutan_remedy-9b-22,0.757546035,108988,200000,0.5
sin_Sinh-sqi_Latn,metricx24,unknown,430288,1200000,0.4
sin_Sinh-srp_Cyrl,shaomutan_remedy-9b-22,0.922981092,700695,200000,3.5
sin_Sinh-srp_Latn,metricx24,unknown,1019239,1200000,0.8
sin_Sinh-sun_Latn,shaomutan_remedy-9b-22,0.791767836,185881,200000,0.9
sin_Sinh-swa_Latn,metricx24,unknown,355761,1200000,0.3
sin_Sinh-swe_Latn,shaomutan_remedy-9b-22,0.911980022,1929831,200000,9.6
sin_Sinh-swh_Latn,shaomutan_remedy-9b-22,0.862974487,169946,200000,0.8
sin_Sinh-tam_Taml,shaomutan_remedy-9b-22,0.923503712,2129812,200000,10.6
sin_Sinh-tel_Telu,shaomutan_remedy-9b-22,0.905074014,1867217,200000,9.3
sin_Sinh-tgk_Cyrl,shaomutan_remedy-9b-22,0.796930276,127909,200000,0.6
sin_Sinh-tgl_Latn,shaomutan_remedy-9b-22,0.89243453,468335,200000,2.3
sin_Sinh-tha_Thai,shaomutan_remedy-9b-22,0.908505959,1646490,200000,8.2
sin_Sinh-tur_Latn,shaomutan_remedy-9b-22,0.92605498,5427672,200000,27.1
sin_Sinh-ukr_Cyrl,shaomutan_remedy-9b-22,0.928256929,1367136,200000,6.8
sin_Sinh-urd_Arab,shaomutan_remedy-9b-22,0.874841085,1883690,200000,9.4
sin_Sinh-vie_Latn,shaomutan_remedy-9b-22,0.887228107,2064283,200000,10.3
sin_Sinh-wln_Latn,metricx24,unknown,14639,1200000,0.0
sin_Sinh-xho_Latn,shaomutan_remedy-9b-22,0.773022372,188613,200000,0.9
sin_Sinh-yor_Latn,shaomutan_remedy-9b-22,0.686049906,107290,200000,0.5
sin_Sinh-yue_Hani,metricx24,unknown,210507,1200000,0.2
sin_Sinh-zho_Hans,qwen3-4b-instruct-2507,0.914306,797299,28000,28.5
sin_Sinh-zho_Hant,qwen3-4b-instruct-2507,0.908656,847416,28000,30.3
sin_Sinh-zul_Latn,shaomutan_remedy-9b-22,0.793894783,54772,200000,0.3
skg_Latn-zho_Hans,metricx24,unknown,97555,1200000,0.1
slk_Latn-als_Latn,qwen3-4b-instruct-2507,0.915217,4153323,28000,148.3
slk_Latn-ces_Latn,xcomet-xl,0.949901687,34501,400000,0.1
slk_Latn-cmn_Hani,metricx24,unknown,6494275,1200000,5.4
slk_Latn-dan_Latn,qwen3-4b-instruct-2507,0.94448,552288,28000,19.7
slk_Latn-deu_Latn,qwen3-4b-instruct-2507,0.963469,1027425,28000,36.7
slk_Latn-ekk_Latn,metricx24,unknown,286831,1200000,0.2
slk_Latn-ell_Grek,qwen3-4b-instruct-2507,0.956033,454923,28000,16.2
slk_Latn-eng_Latn,qwen3-4b-instruct-2507,0.986436,2066077,28000,73.8
slk_Latn-epo_Latn,qwen3-4b-instruct-2507,0.869069,41016,28000,1.5
slk_Latn-est_Latn,qwen3-4b-instruct-2507,0.90323,94816,28000,3.4
slk_Latn-eus_Latn,qwen3-4b-instruct-2507,0.901379,61059,28000,2.2
slk_Latn-fas_Arab,metricx24,unknown,178733,1200000,0.1
slk_Latn-fil_Latn,metricx24,unknown,456300,1200000,0.4
slk_Latn-fin_Latn,shaomutan_remedy-9b-22,0.911477523,601278,200000,3.0
slk_Latn-fra_Latn,qwen3-4b-instruct-2507,0.971623,1190389,28000,42.5
slk_Latn-fur_Latn,qwen3-4b-instruct-2507,0.869791,137584,28000,4.9
slk_Latn-heb_Hebr,qwen3-4b-instruct-2507,0.967521,192803,28000,6.9
slk_Latn-hin_Deva,qwen3-4b-instruct-2507,0.940657,98057,28000,3.5
slk_Latn-hrv_Latn,qwen3-4b-instruct-2507,0.906551,696926,28000,24.9
slk_Latn-hun_Latn,qwen3-4b-instruct-2507,0.958133,683505,28000,24.4
slk_Latn-ind_Latn,qwen3-4b-instruct-2507,0.934226,440036,28000,15.7
slk_Latn-isl_Latn,qwen3-4b-instruct-2507,0.87231,66670,28000,2.4
slk_Latn-ita_Latn,qwen3-4b-instruct-2507,0.974111,917343,28000,32.8
slk_Latn-jpn_Jpan,qwen3-4b-instruct-2507,0.96788,360929,28000,12.9
slk_Latn-kor_Hang,qwen3-4b-instruct-2507,0.950065,125658,28000,4.5
slk_Latn-kor_Zyyy,metricx24,unknown,130846,1200000,0.1
slk_Latn-lav_Latn,metricx24,unknown,82339,1200000,0.1
slk_Latn-lit_Latn,qwen3-4b-instruct-2507,0.916585,427767,28000,15.3
slk_Latn-lvs_Latn,qwen3-4b-instruct-2507,0.932623,339134,28000,12.1
slk_Latn-lzh_Hani,metricx24,unknown,276885,1200000,0.2
slk_Latn-mkd_Cyrl,qwen3-4b-instruct-2507,0.95328,120057,28000,4.3
slk_Latn-mlt_Latn,shaomutan_remedy-9b-22,0.89396347,149560,200000,0.7
slk_Latn-msa_Latn,metricx24,unknown,102372,1200000,0.1
slk_Latn-nld_Latn,qwen3-4b-instruct-2507,0.945027,918909,28000,32.8
slk_Latn-nno_Latn,qwen3-4b-instruct-2507,0.919,87163,28000,3.1
slk_Latn-nob_Latn,qwen3-4b-instruct-2507,0.924102,124768,28000,4.5
slk_Latn-nor_Latn,metricx24,unknown,247105,1200000,0.2
slk_Latn-pol_Latn,qwen3-4b-instruct-2507,0.949915,1138250,28000,40.7
slk_Latn-por_Latn,qwen3-4b-instruct-2507,0.960413,1098507,28000,39.2
slk_Latn-ron_Latn,qwen3-4b-instruct-2507,0.954156,569366,28000,20.3
slk_Latn-rus_Cyrl,qwen3-4b-instruct-2507,0.968701,961506,28000,34.3
slk_Latn-slv_Latn,metricx24,0.84706,32336440,1200000,26.9
slk_Latn-sna_Latn,metricx24,0.677959614,78660,1200000,0.1
slk_Latn-som_Latn,shaomutan_remedy-9b-22,0.743483114,208312,200000,1.0
slk_Latn-spa_Latn,qwen3-4b-instruct-2507,0.954953,1344220,28000,48.0
slk_Latn-sqi_Latn,metricx24,unknown,1517406,1200000,1.3
slk_Latn-srd_Latn,qwen3-4b-instruct-2507,0.848945,175062,28000,6.3
slk_Latn-srp_Cyrl,metricx24,0.889248,6754071,1200000,5.6
slk_Latn-srp_Latn,metricx24,unknown,12075769,1200000,10.1
slk_Latn-sun_Latn,qwen3-4b-instruct-2507,0.858208,256858,28000,9.2
slk_Latn-swa_Latn,metricx24,unknown,958877,1200000,0.8
slk_Latn-swc_Latn,metricx24,unknown,134484,1200000,0.1
slk_Latn-swe_Latn,metricx24,0.853945,33027202,1200000,27.5
slk_Latn-swh_Latn,shaomutan_remedy-9b-22,0.836401758,878334,200000,4.4
slk_Latn-tam_Taml,qwen3-4b-instruct-2507,0.951777,1563155,28000,55.8
slk_Latn-tel_Telu,qwen3-4b-instruct-2507,0.949353,915820,28000,32.7
slk_Latn-tgk_Cyrl,qwen3-4b-instruct-2507,0.8889,177200,28000,6.3
slk_Latn-tgl_Latn,qwen3-4b-instruct-2507,0.927914,1226353,28000,43.8
slk_Latn-tha_Thai,metricx24,0.81387,5730168,1200000,4.8
slk_Latn-tur_Latn,metricx24,0.76117,19045962,1200000,15.9
slk_Latn-ukr_Cyrl,metricx24,0.838788,13687445,1200000,11.4
slk_Latn-urd_Arab,qwen3-4b-instruct-2507,0.909238,1165734,28000,41.6
slk_Latn-uzn_Latn,qwen3-4b-instruct-2507,0.874769,343779,28000,12.3
slk_Latn-vie_Latn,metricx24,0.829942,12706172,1200000,10.6
slk_Latn-wln_Latn,metricx24,unknown,46821,1200000,0.0
slk_Latn-xho_Latn,shaomutan_remedy-9b-22,0.715664303,397598,200000,2.0
slk_Latn-yor_Latn,shaomutan_remedy-9b-22,0.635247592,127281,200000,0.6
slk_Latn-yue_Hani,metricx24,unknown,536509,1200000,0.4
slk_Latn-zho_Hans,qwen3-4b-instruct-2507,0.980274,4241435,28000,151.5
slk_Latn-zho_Hant,qwen3-4b-instruct-2507,0.975007,2284513,28000,81.6
slk_Latn-zul_Latn,shaomutan_remedy-9b-22,0.75744392,78047,200000,0.4
slv_Latn-als_Latn,qwen3-4b-instruct-2507,0.890159,4182730,28000,149.4
slv_Latn-ces_Latn,qwen3-4b-instruct-2507,0.948188,52841,28000,1.9
slv_Latn-cmn_Hani,metricx24,unknown,7914989,1200000,6.6
slv_Latn-dan_Latn,qwen3-4b-instruct-2507,0.940085,77879,28000,2.8
slv_Latn-deu_Latn,qwen3-4b-instruct-2507,0.954888,118790,28000,4.2
slv_Latn-ell_Grek,qwen3-4b-instruct-2507,0.941379,64590,28000,2.3
slv_Latn-eng_Latn,qwen3-4b-instruct-2507,0.980577,854217,28000,30.5
slv_Latn-eus_Latn,qwen3-4b-instruct-2507,0.876187,60883,28000,2.2
slv_Latn-fil_Latn,metricx24,unknown,410212,1200000,0.3
slv_Latn-fin_Latn,shaomutan_remedy-9b-22,0.908188188,83462,200000,0.4
slv_Latn-fra_Latn,qwen3-4b-instruct-2507,0.966924,176085,28000,6.3
slv_Latn-fur_Latn,qwen3-4b-instruct-2507,0.84441,63513,28000,2.3
slv_Latn-heb_Hebr,qwen3-4b-instruct-2507,0.953693,48283,28000,1.7
slv_Latn-hrv_Latn,shaomutan_remedy-9b-22,0.92400626,638613,200000,3.2
slv_Latn-hun_Latn,qwen3-4b-instruct-2507,0.939841,250865,28000,9.0
slv_Latn-ind_Latn,shaomutan_remedy-9b-22,0.936796069,265535,200000,1.3
slv_Latn-ita_Latn,qwen3-4b-instruct-2507,0.965993,402148,28000,14.4
slv_Latn-jpn_Jpan,qwen3-4b-instruct-2507,0.953056,182971,28000,6.5
slv_Latn-kor_Hang,shaomutan_remedy-9b-22,0.944675246,68256,200000,0.3
slv_Latn-lit_Latn,shaomutan_remedy-9b-22,0.91808484,121889,200000,0.6
slv_Latn-lvs_Latn,qwen3-4b-instruct-2507,0.923668,86403,28000,3.1
slv_Latn-lzh_Hani,metricx24,unknown,255034,1200000,0.2
slv_Latn-mkd_Cyrl,shaomutan_remedy-9b-22,0.922004361,86435,200000,0.4
slv_Latn-nld_Latn,shaomutan_remedy-9b-22,0.935944758,355565,200000,1.8
slv_Latn-nno_Latn,shaomutan_remedy-9b-22,0.905112727,58827,200000,0.3
slv_Latn-nob_Latn,shaomutan_remedy-9b-22,0.931324772,87581,200000,0.4
slv_Latn-nor_Latn,metricx24,unknown,112618,1200000,0.1
slv_Latn-pol_Latn,qwen3-4b-instruct-2507,0.935799,351584,28000,12.6
slv_Latn-por_Latn,qwen3-4b-instruct-2507,0.947282,481819,28000,17.2
slv_Latn-ron_Latn,qwen3-4b-instruct-2507,0.939472,273525,28000,9.8
slv_Latn-rus_Cyrl,qwen3-4b-instruct-2507,0.948094,564756,28000,20.2
slv_Latn-slk_Latn,qwen3-4b-instruct-2507,0.923579,197559,28000,7.1
slv_Latn-sna_Latn,metricx24,0.670100532,74981,1200000,0.1
slv_Latn-som_Latn,shaomutan_remedy-9b-22,0.734589082,171973,200000,0.9
slv_Latn-spa_Latn,shaomutan_remedy-9b-22,0.942674776,200215,200000,1.0
slv_Latn-sqi_Latn,metricx24,unknown,1255772,1200000,1.0
slv_Latn-srd_Latn,qwen3-4b-instruct-2507,0.801409,54331,28000,1.9
slv_Latn-srp_Cyrl,shaomutan_remedy-9b-22,0.933696762,6881146,200000,34.4
slv_Latn-srp_Latn,metricx24,unknown,20378037,1200000,17.0
slv_Latn-sun_Latn,qwen3-4b-instruct-2507,0.825879,210181,28000,7.5
slv_Latn-swa_Latn,metricx24,unknown,701827,1200000,0.6
slv_Latn-swc_Latn,metricx24,unknown,119221,1200000,0.1
slv_Latn-swe_Latn,metricx24,0.868343,32829007,1200000,27.4
slv_Latn-swh_Latn,shaomutan_remedy-9b-22,0.836333892,715538,200000,3.6
slv_Latn-tam_Taml,qwen3-4b-instruct-2507,0.925844,1301314,28000,46.5
slv_Latn-tat_Cyrl,qwen3-4b-instruct-2507,0.842081,72989,28000,2.6
slv_Latn-tel_Telu,qwen3-4b-instruct-2507,0.9266,744096,28000,26.6
slv_Latn-tgk_Cyrl,qwen3-4b-instruct-2507,0.868477,176473,28000,6.3
slv_Latn-tgl_Latn,qwen3-4b-instruct-2507,0.901638,902627,28000,32.2
slv_Latn-tha_Thai,shaomutan_remedy-9b-22,0.934599691,7115257,200000,35.6
slv_Latn-tur_Latn,metricx24,0.773762,23267653,1200000,19.4
slv_Latn-ukr_Cyrl,metricx24,0.844992,10880558,1200000,9.1
slv_Latn-urd_Arab,qwen3-4b-instruct-2507,0.884769,1114194,28000,39.8
slv_Latn-uzn_Latn,qwen3-4b-instruct-2507,0.853624,256721,28000,9.2
slv_Latn-vie_Latn,shaomutan_remedy-9b-22,0.928030182,13595069,200000,68.0
slv_Latn-wln_Latn,metricx24,unknown,56531,1200000,0.0
slv_Latn-xho_Latn,shaomutan_remedy-9b-22,0.753637694,302673,200000,1.5
slv_Latn-yor_Latn,shaomutan_remedy-9b-22,0.638201224,105733,200000,0.5
slv_Latn-yue_Hani,metricx24,unknown,534269,1200000,0.4
slv_Latn-zho_Hans,qwen3-4b-instruct-2507,0.966904,4337811,28000,154.9
slv_Latn-zho_Hant,qwen3-4b-instruct-2507,0.959014,3015293,28000,107.7
slv_Latn-zul_Latn,shaomutan_remedy-9b-22,0.747807688,72938,200000,0.4
smo_Latn-sun_Latn,metricx24,0.760565494,385125,1200000,0.3
smo_Latn-war_Latn,metricx24,0.761101022,162208,1200000,0.1
sna_Latn-als_Latn,metricx24,0.764918819,60163,1200000,0.1
sna_Latn-cmn_Hani,metricx24,unknown,98427,1200000,0.1
sna_Latn-por_Latn,shaomutan_remedy-9b-22,0.86497096,44169,200000,0.2
sna_Latn-rus_Cyrl,shaomutan_remedy-9b-22,0.908562877,38978,200000,0.2
sna_Latn-som_Latn,shaomutan_remedy-9b-22,0.678185369,507821,200000,2.5
sna_Latn-sot_Latn,shaomutan_remedy-9b-22,0.766361628,777132,200000,3.9
sna_Latn-srp_Cyrl,shaomutan_remedy-9b-22,0.906671124,50572,200000,0.3
sna_Latn-swa_Latn,metricx24,unknown,367442,1200000,0.3
sna_Latn-swc_Latn,metricx24,unknown,181272,1200000,0.2
sna_Latn-swe_Latn,shaomutan_remedy-9b-22,0.893238305,169888,200000,0.8
sna_Latn-swh_Latn,shaomutan_remedy-9b-22,0.829907787,480044,200000,2.4
sna_Latn-tel_Telu,shaomutan_remedy-9b-22,0.828569849,76704,200000,0.4
sna_Latn-tgl_Latn,metricx24,0.809022907,92197,1200000,0.1
sna_Latn-tha_Thai,shaomutan_remedy-9b-22,0.875384264,158897,200000,0.8
sna_Latn-tir_Ethi,shaomutan_remedy-9b-22,0.701626747,175384,200000,0.9
sna_Latn-tsn_Latn,shaomutan_remedy-9b-22,0.726665884,229033,200000,1.1
sna_Latn-tso_Latn,shaomutan_remedy-9b-22,0.649605788,231757,200000,1.2
sna_Latn-tum_Latn,metricx24,0.637591804,185920,1200000,0.2
sna_Latn-tur_Latn,shaomutan_remedy-9b-22,0.881717627,226833,200000,1.1
sna_Latn-twi_Latn,metricx24,0.443446506,193783,1200000,0.2
sna_Latn-ukr_Cyrl,shaomutan_remedy-9b-22,0.907572869,114475,200000,0.6
sna_Latn-urd_Arab,shaomutan_remedy-9b-22,0.814425125,54789,200000,0.3
sna_Latn-vie_Latn,shaomutan_remedy-9b-22,0.877180108,189993,200000,0.9
sna_Latn-xho_Latn,shaomutan_remedy-9b-22,0.761497441,782633,200000,3.9
sna_Latn-yor_Latn,shaomutan_remedy-9b-22,0.556797886,484124,200000,2.4
sna_Latn-zho_Hans,qwen3-4b-instruct-2507,0.836889,103321,28000,3.7
sna_Latn-zho_Hant,shaomutan_remedy-9b-22,0.874805602,93416,200000,0.5
sna_Latn-zul_Latn,shaomutan_remedy-9b-22,0.799924005,1015368,200000,5.1
snd_Arab-sin_Sinh,shaomutan_remedy-9b-22,0.879404974,69191,200000,0.3
snd_Arab-slk_Latn,shaomutan_remedy-9b-22,0.912067618,113639,200000,0.6
snd_Arab-slv_Latn,shaomutan_remedy-9b-22,0.907707642,85048,200000,0.4
snd_Arab-sqi_Latn,metricx24,unknown,89043,1200000,0.1
snd_Arab-srp_Cyrl,shaomutan_remedy-9b-22,0.92838516,97980,200000,0.5
snd_Arab-swa_Latn,metricx24,unknown,78882,1200000,0.1
snd_Arab-swe_Latn,shaomutan_remedy-9b-22,0.905397515,149273,200000,0.7
snd_Arab-tam_Taml,qwen3-4b-instruct-2507,0.904873,749498,28000,26.8
snd_Arab-tel_Telu,qwen3-4b-instruct-2507,0.908885,1000627,28000,35.7
snd_Arab-tgl_Latn,shaomutan_remedy-9b-22,0.880147858,57394,200000,0.3
snd_Arab-tha_Thai,qwen3-4b-instruct-2507,0.872165,69501,28000,2.5
snd_Arab-tur_Latn,shaomutan_remedy-9b-22,0.910231511,191771,200000,1.0
snd_Arab-ukr_Cyrl,qwen3-4b-instruct-2507,0.890348,136990,28000,4.9
snd_Arab-urd_Arab,shaomutan_remedy-9b-22,0.92162652,975630,200000,4.9
snd_Arab-xho_Latn,shaomutan_remedy-9b-22,0.763218771,32225,200000,0.2
snd_Arab-zho_Hans,qwen3-4b-instruct-2507,0.933738,93341,28000,3.3
som_Latn-als_Latn,metricx24,0.770749619,100226,1200000,0.1
som_Latn-cmn_Hani,metricx24,unknown,155719,1200000,0.1
som_Latn-fil_Latn,metricx24,unknown,77913,1200000,0.1
som_Latn-sot_Latn,shaomutan_remedy-9b-22,0.635876093,533233,200000,2.7
som_Latn-sqi_Latn,metricx24,unknown,149257,1200000,0.1
som_Latn-srp_Cyrl,shaomutan_remedy-9b-22,0.912985839,155618,200000,0.8
som_Latn-sun_Latn,metricx24,0.74110155,81672,1200000,0.1
som_Latn-swa_Latn,metricx24,unknown,362635,1200000,0.3
som_Latn-swe_Latn,shaomutan_remedy-9b-22,0.888598708,451462,200000,2.3
som_Latn-swh_Latn,shaomutan_remedy-9b-22,0.804958161,403020,200000,2.0
som_Latn-tam_Taml,shaomutan_remedy-9b-22,0.862554287,131436,200000,0.7
som_Latn-tel_Telu,shaomutan_remedy-9b-22,0.846527712,122267,200000,0.6
som_Latn-tgk_Cyrl,shaomutan_remedy-9b-22,0.788601476,57825,200000,0.3
som_Latn-tgl_Latn,shaomutan_remedy-9b-22,0.825070297,300137,200000,1.5
som_Latn-tha_Thai,shaomutan_remedy-9b-22,0.882788534,304066,200000,1.5
som_Latn-tir_Ethi,m-prometheus-7b,0.753987058,138313,27000,5.1
som_Latn-tsn_Latn,metricx24,0.575750042,168063,1200000,0.1
som_Latn-tso_Latn,metricx24,0.487631428,137370,1200000,0.1
som_Latn-tum_Latn,metricx24,0.594538109,111872,1200000,0.1
som_Latn-tur_Latn,shaomutan_remedy-9b-22,0.891764465,639547,200000,3.2
som_Latn-twi_Latn,metricx24,0.44308083,146794,1200000,0.1
som_Latn-ukr_Cyrl,shaomutan_remedy-9b-22,0.912360798,326426,200000,1.6
som_Latn-urd_Arab,shaomutan_remedy-9b-22,0.825082708,193935,200000,1.0
som_Latn-vie_Latn,shaomutan_remedy-9b-22,0.876520082,390794,200000,2.0
som_Latn-xho_Latn,shaomutan_remedy-9b-22,0.685339348,419901,200000,2.1
som_Latn-yor_Latn,shaomutan_remedy-9b-22,0.537950873,388954,200000,1.9
som_Latn-yue_Hani,metricx24,unknown,89326,1200000,0.1
som_Latn-zho_Hans,qwen3-4b-instruct-2507,0.871095,326091,28000,11.6
som_Latn-zho_Hant,shaomutan_remedy-9b-22,0.873666868,233600,200000,1.2
som_Latn-zul_Latn,shaomutan_remedy-9b-22,0.726341177,538046,200000,2.7
sot_Latn-ssw_Latn,shaomutan_remedy-9b-22,0.740955242,88497,200000,0.4
sot_Latn-swa_Latn,metricx24,unknown,306616,1200000,0.3
sot_Latn-swc_Latn,metricx24,unknown,112671,1200000,0.1
sot_Latn-swh_Latn,shaomutan_remedy-9b-22,0.837602047,452289,200000,2.3
sot_Latn-tir_Ethi,shaomutan_remedy-9b-22,0.678563446,124985,200000,0.6
sot_Latn-tsn_Latn,shaomutan_remedy-9b-22,0.813307829,225873,200000,1.1
sot_Latn-tso_Latn,shaomutan_remedy-9b-22,0.73345477,220711,200000,1.1
sot_Latn-tum_Latn,metricx24,0.662063612,120454,1200000,0.1
sot_Latn-twi_Latn,shaomutan_remedy-9b-22,0.536747263,152183,200000,0.8
sot_Latn-xho_Latn,shaomutan_remedy-9b-22,0.787164192,703721,200000,3.5
sot_Latn-yor_Latn,shaomutan_remedy-9b-22,0.632217266,565329,200000,2.8
sot_Latn-zul_Latn,shaomutan_remedy-9b-22,0.825267798,957417,200000,4.8
spa_Latn-abk_Cyrl,metricx24,unknown,123783,1200000,0.1
spa_Latn-ace_Latn,metricx24,0.67430296,66736,1200000,0.1
spa_Latn-afr_Latn,shaomutan_remedy-9b-22,0.923595086,419271,200000,2.1
spa_Latn-aln_Latn,metricx24,unknown,77407,1200000,0.1
spa_Latn-als_Latn,metricx24,0.850683,10701045,1200000,8.9
spa_Latn-arg_Latn,metricx24,unknown,85939,1200000,0.1
spa_Latn-ast_Latn,qwen3-4b-instruct-2507,0.838865,310782,28000,11.1
spa_Latn-azj_Latn,qwen3-4b-instruct-2507,0.888651,113111,28000,4.0
spa_Latn-bak_Cyrl,shaomutan_remedy-9b-22,0.895369679,151930,200000,0.8
spa_Latn-bam_Latn,shaomutan_remedy-9b-22,0.563030479,96199,200000,0.5
spa_Latn-bel_Cyrl,qwen3-4b-instruct-2507,0.936954,69276,28000,2.5
spa_Latn-bjn_Latn,qwen3-4b-instruct-2507,0.8367,54811,28000,2.0
spa_Latn-bre_Latn,metricx24,unknown,46017,1200000,0.0
spa_Latn-bul_Cyrl,qwen3-4b-instruct-2507,0.966232,56170,28000,2.0
spa_Latn-cat_Latn,qwen3-4b-instruct-2507,0.952877,338386,28000,12.1
spa_Latn-ceb_Latn,qwen3-4b-instruct-2507,0.934783,50973,28000,1.8
spa_Latn-ces_Latn,qwen3-4b-instruct-2507,0.973534,643129,28000,23.0
spa_Latn-cmn_Hani,metricx24,unknown,45115966,1200000,37.6
spa_Latn-crh_Latn,shaomutan_remedy-9b-22,0.81384056,147645,200000,0.7
spa_Latn-dan_Latn,qwen3-4b-instruct-2507,0.966501,1057049,28000,37.8
spa_Latn-deu_Latn,qwen3-4b-instruct-2507,0.971503,213536,28000,7.6
spa_Latn-ekk_Latn,metricx24,unknown,34091746,1200000,28.4
spa_Latn-ell_Grek,qwen3-4b-instruct-2507,0.957392,87255,28000,3.1
spa_Latn-eng_Latn,qwen3-4b-instruct-2507,0.983305,2810701,28000,100.4
spa_Latn-epo_Latn,shaomutan_remedy-9b-22,0.923550035,212298,200000,1.1
spa_Latn-est_Latn,metricx24,0.765518,6322246,1200000,5.3
spa_Latn-eus_Latn,shaomutan_remedy-9b-22,0.947653898,13502531,200000,67.5
spa_Latn-fao_Latn,qwen3-4b-instruct-2507,0.862743,129909,28000,4.6
spa_Latn-fas_Arab,metricx24,unknown,54398437,1200000,45.3
spa_Latn-fil_Latn,metricx24,unknown,999492,1200000,0.8
spa_Latn-fin_Latn,metricx24,0.82039,96759262,1200000,80.6
spa_Latn-fra_Latn,metricx24,0.864524,450850475,1200000,375.7
spa_Latn-fro_Latn,metricx24,unknown,368071,1200000,0.3
spa_Latn-fry_Latn,metricx24,unknown,201145,1200000,0.2
spa_Latn-fur_Latn,qwen3-4b-instruct-2507,0.889975,1246040,28000,44.5
spa_Latn-gla_Latn,shaomutan_remedy-9b-22,0.830349524,55019,200000,0.3
spa_Latn-gle_Latn,m-prometheus-7b,0.877222499,1809917,27000,67.0
spa_Latn-glg_Latn,metricx24,0.825823,37741506,1200000,31.5
spa_Latn-gug_Latn,metricx24,unknown,48754,1200000,0.0
spa_Latn-guj_Gujr,qwen3-4b-instruct-2507,0.951429,139029,28000,5.0
spa_Latn-hat_Latn,shaomutan_remedy-9b-22,0.879004196,588269,200000,2.9
spa_Latn-hau_Latn,shaomutan_remedy-9b-22,0.847502245,416838,200000,2.1
spa_Latn-hbs_Latn,metricx24,unknown,1314153,1200000,1.1
spa_Latn-heb_Hebr,metricx24,0.889131,58665986,1200000,48.9
spa_Latn-hin_Deva,shaomutan_remedy-9b-22,0.936503061,15167916,200000,75.8
spa_Latn-hne_Deva,qwen3-4b-instruct-2507,0.847307,125042,28000,4.5
spa_Latn-hrv_Latn,metricx24,0.927098,47071665,1200000,39.2
spa_Latn-hun_Latn,metricx24,0.825917,107982197,1200000,90.0
spa_Latn-hye_Armn,shaomutan_remedy-9b-22,0.93451816,552483,200000,2.8
spa_Latn-ibo_Latn,shaomutan_remedy-9b-22,0.779952543,170520,200000,0.9
spa_Latn-ido_Latn,metricx24,unknown,43713,1200000,0.0
spa_Latn-ilo_Latn,qwen3-4b-instruct-2507,0.796934,176329,28000,6.3
spa_Latn-ina_Latn,metricx24,unknown,184090,1200000,0.2
spa_Latn-ind_Latn,metricx24,0.878739,73956696,1200000,61.6
spa_Latn-isl_Latn,shaomutan_remedy-9b-22,0.916576953,5661609,200000,28.3
spa_Latn-ita_Latn,metricx24,0.899019,262339711,1200000,218.6
spa_Latn-jav_Latn,qwen3-4b-instruct-2507,0.893156,925750,28000,33.1
spa_Latn-jpn_Jpan,bicleaner-ai,0.981618218,27191053,2250000,12.1
spa_Latn-kab_Latn,qwen3-4b-instruct-2507,0.397163,236703,28000,8.5
spa_Latn-kan_Knda,qwen3-4b-instruct-2507,0.936237,135153,28000,4.8
spa_Latn-kat_Geor,shaomutan_remedy-9b-22,0.926115039,884515,200000,4.4
spa_Latn-kaz_Cyrl,shaomutan_remedy-9b-22,0.92671818,466947,200000,2.3
spa_Latn-kea_Latn,qwen3-4b-instruct-2507,0.853141,151468,28000,5.4
spa_Latn-khk_Cyrl,metricx24,0.81742271,185979,1200000,0.2
spa_Latn-khm_Khmr,shaomutan_remedy-9b-22,0.921950652,350341,200000,1.8
spa_Latn-kin_Latn,shaomutan_remedy-9b-22,0.828403448,240616,200000,1.2
spa_Latn-kir_Cyrl,shaomutan_remedy-9b-22,0.919639339,163762,200000,0.8
spa_Latn-kiu_Latn,metricx24,unknown,280185,1200000,0.2
spa_Latn-kmr_Latn,metricx24,0.729768305,117226,1200000,0.1
spa_Latn-kor_Hang,metricx24,0.837514,23889231,1200000,19.9
spa_Latn-kor_Zyyy,metricx24,unknown,5917421,1200000,4.9
spa_Latn-lao_Laoo,qwen3-4b-instruct-2507,0.904654,135984,28000,4.9
spa_Latn-lat_Latn,metricx24,unknown,937787,1200000,0.8
spa_Latn-lav_Latn,metricx24,unknown,2018651,1200000,1.7
spa_Latn-lij_Latn,qwen3-4b-instruct-2507,0.863614,57429,28000,2.1
spa_Latn-lim_Latn,qwen3-4b-instruct-2507,0.844405,630118,28000,22.5
spa_Latn-lin_Latn,shaomutan_remedy-9b-22,0.742547648,117068,200000,0.6
spa_Latn-lit_Latn,metricx24,0.809729,39275792,1200000,32.7
spa_Latn-lmo_Latn,qwen3-4b-instruct-2507,0.855406,63018,28000,2.3
spa_Latn-ltz_Latn,qwen3-4b-instruct-2507,0.915366,271177,28000,9.7
spa_Latn-lug_Latn,shaomutan_remedy-9b-22,0.547704313,44452,200000,0.2
spa_Latn-lvs_Latn,metricx24,0.757506,23085960,1200000,19.2
spa_Latn-lzh_Hani,metricx24,unknown,994492,1200000,0.8
spa_Latn-mal_Mlym,qwen3-4b-instruct-2507,0.955973,1074782,28000,38.4
spa_Latn-mar_Deva,shaomutan_remedy-9b-22,0.940962838,820208,200000,4.1
spa_Latn-mav_Latn,metricx24,unknown,52135,1200000,0.0
spa_Latn-mhr_Cyrl,metricx24,unknown,160334,1200000,0.1
spa_Latn-mkd_Cyrl,metricx24,0.869899,9716041,1200000,8.1
spa_Latn-mlg_Latn,metricx24,unknown,283035,1200000,0.2
spa_Latn-mlt_Latn,shaomutan_remedy-9b-22,0.940695915,4696519,200000,23.5
spa_Latn-mon_Cyrl,metricx24,unknown,262787,1200000,0.2
spa_Latn-mri_Latn,shaomutan_remedy-9b-22,0.761543514,97100,200000,0.5
spa_Latn-msa_Latn,metricx24,unknown,4781546,1200000,4.0
spa_Latn-mya_Mymr,shaomutan_remedy-9b-22,0.927706999,356374,200000,1.8
spa_Latn-nap_Latn,metricx24,unknown,164623,1200000,0.1
spa_Latn-nds_Latn,metricx24,unknown,260025,1200000,0.2
spa_Latn-nep_Deva,metricx24,unknown,450225,1200000,0.4
spa_Latn-nld_Latn,metricx24,0.91036,155406770,1200000,129.5
spa_Latn-nno_Latn,qwen3-4b-instruct-2507,0.951334,1466870,28000,52.4
spa_Latn-nob_Latn,metricx24,0.855997,45834404,1200000,38.2
spa_Latn-nor_Latn,metricx24,unknown,19224316,1200000,16.0
spa_Latn-npi_Deva,qwen3-4b-instruct-2507,0.933683,180460,28000,6.4
spa_Latn-nso_Latn,metricx24,0.649081677,38283,1200000,0.0
spa_Latn-nya_Latn,shaomutan_remedy-9b-22,0.793511396,91847,200000,0.5
spa_Latn-oci_Latn,shaomutan_remedy-9b-22,0.873198075,1003262,200000,5.0
spa_Latn-orv_Cyrl,metricx24,unknown,81316,1200000,0.1
spa_Latn-pan_Guru,qwen3-4b-instruct-2507,0.957093,165037,28000,5.9
spa_Latn-pap_Latn,qwen3-4b-instruct-2507,0.844798,275566,28000,9.8
spa_Latn-pbt_Arab,shaomutan_remedy-9b-22,0.806509236,85411,200000,0.4
spa_Latn-plt_Latn,metricx24,0.785030614,396612,1200000,0.3
spa_Latn-pol_Latn,metricx24,0.803997,126683786,1200000,105.6
spa_Latn-por_Latn,metricx24,0.834464,328267554,1200000,273.6
spa_Latn-pus_Arab,metricx24,unknown,133199,1200000,0.1
spa_Latn-rmy_Latn,metricx24,unknown,246284,1200000,0.2
spa_Latn-roh_Latn,metricx24,unknown,24943,1200000,0.0
spa_Latn-ron_Latn,metricx24,0.843623,132377306,1200000,110.3
spa_Latn-rus_Cyrl,metricx24,0.885726,130139067,1200000,108.4
spa_Latn-sag_Latn,shaomutan_remedy-9b-22,0.420097565,46980,200000,0.2
spa_Latn-scn_Latn,qwen3-4b-instruct-2507,0.861936,387631,28000,13.8
spa_Latn-sin_Sinh,shaomutan_remedy-9b-22,0.928854763,1294185,200000,6.5
spa_Latn-slk_Latn,metricx24,0.799818,50495573,1200000,42.1
spa_Latn-slv_Latn,metricx24,0.878104,43965738,1200000,36.6
spa_Latn-sna_Latn,shaomutan_remedy-9b-22,0.783935042,114053,200000,0.6
spa_Latn-snd_Arab,qwen3-4b-instruct-2507,0.906789,72467,28000,2.6
spa_Latn-som_Latn,shaomutan_remedy-9b-22,0.784450065,349669,200000,1.7
spa_Latn-sqi_Latn,metricx24,unknown,2540950,1200000,2.1
spa_Latn-srd_Latn,qwen3-4b-instruct-2507,0.831224,2975917,28000,106.3
spa_Latn-srp_Cyrl,metricx24,0.894975,9246641,1200000,7.7
spa_Latn-srp_Latn,metricx24,unknown,53712664,1200000,44.8
spa_Latn-sun_Latn,qwen3-4b-instruct-2507,0.891389,366478,28000,13.1
spa_Latn-swa_Latn,metricx24,unknown,2868851,1200000,2.4
spa_Latn-swc_Latn,metricx24,unknown,793309,1200000,0.7
spa_Latn-swe_Latn,metricx24,0.877012,104331780,1200000,86.9
spa_Latn-swh_Latn,shaomutan_remedy-9b-22,0.923789624,4287437,200000,21.4
spa_Latn-szl_Latn,qwen3-4b-instruct-2507,0.804913,68197,28000,2.4
spa_Latn-tam_Taml,metricx24,0.828178,8633687,1200000,7.2
spa_Latn-tat_Cyrl,shaomutan_remedy-9b-22,0.902502881,62463,200000,0.3
spa_Latn-tel_Telu,qwen3-4b-instruct-2507,0.952608,623757,28000,22.3
spa_Latn-tgk_Cyrl,qwen3-4b-instruct-2507,0.889219,232078,28000,8.3
spa_Latn-tgl_Latn,qwen3-4b-instruct-2507,0.943609,2729516,28000,97.5
spa_Latn-tha_Thai,metricx24,0.856528,15582542,1200000,13.0
spa_Latn-tsn_Latn,shaomutan_remedy-9b-22,0.772127851,67556,200000,0.3
spa_Latn-tur_Latn,metricx24,0.771283,78925180,1200000,65.8
spa_Latn-ukr_Cyrl,metricx24,0.84785,16432289,1200000,13.7
spa_Latn-und_Cyrl,metricx24,unknown,64878,1200000,0.1
spa_Latn-und_Hira,metricx24,unknown,113611,1200000,0.1
spa_Latn-und_Kana,metricx24,unknown,675233,1200000,0.6
spa_Latn-urd_Arab,shaomutan_remedy-9b-22,0.921817963,1166446,200000,5.8
spa_Latn-uzn_Latn,qwen3-4b-instruct-2507,0.895933,278476,28000,9.9
spa_Latn-vec_Latn,qwen3-4b-instruct-2507,0.893664,1633391,28000,58.3
spa_Latn-vie_Latn,metricx24,0.872836,49914413,1200000,41.6
spa_Latn-wol_Latn,shaomutan_remedy-9b-22,0.652516428,197166,200000,1.0
spa_Latn-wuu_Hani,metricx24,unknown,246667,1200000,0.2
spa_Latn-xav_Latn,metricx24,unknown,331831,1200000,0.3
spa_Latn-xho_Latn,shaomutan_remedy-9b-22,0.785472298,464645,200000,2.3
spa_Latn-yor_Latn,shaomutan_remedy-9b-22,0.720271242,148144,200000,0.7
spa_Latn-yue_Hani,metricx24,unknown,1682912,1200000,1.4
spa_Latn-zea_Latn,metricx24,unknown,56048,1200000,0.0
spa_Latn-zho_Hans,metricx24,0.893936,23393708,1200000,19.5
spa_Latn-zho_Hant,metricx24,0.883489,6220293,1200000,5.2
spa_Latn-zho_Zyyy,metricx24,unknown,149071,1200000,0.1
spa_Latn-zsm_Latn,qwen3-4b-instruct-2507,0.919716,2709728,28000,96.8
spa_Latn-zul_Latn,shaomutan_remedy-9b-22,0.831841158,142123,200000,0.7
sqi_Latn-cmn_Hani,qwen3-4b-instruct-2507,unknown,271249,28000,9.7
sqi_Latn-fil_Latn,qwen3-4b-instruct-2507,unknown,83760,28000,3.0
sqi_Latn-lzh_Hani,qwen3-4b-instruct-2507,unknown,116782,28000,4.2
sqi_Latn-srp_Cyrl,metricx24,unknown,723657,1200000,0.6
sqi_Latn-srp_Latn,qwen3-4b-instruct-2507,unknown,506490,28000,18.1
sqi_Latn-sun_Latn,metricx24,unknown,137283,1200000,0.1
sqi_Latn-swa_Latn,qwen3-4b-instruct-2507,unknown,414324,28000,14.8
sqi_Latn-swe_Latn,metricx24,unknown,1956617,1200000,1.6
sqi_Latn-swh_Latn,metricx24,unknown,75870,1200000,0.1
sqi_Latn-tam_Taml,metricx24,unknown,338729,1200000,0.3
sqi_Latn-tel_Telu,metricx24,unknown,192863,1200000,0.2
sqi_Latn-tgk_Cyrl,metricx24,unknown,72725,1200000,0.1
sqi_Latn-tgl_Latn,qwen3-4b-instruct-2507,unknown,826439,28000,29.5
sqi_Latn-tha_Thai,metricx24,unknown,1004459,1200000,0.8
sqi_Latn-tur_Latn,metricx24,unknown,2951144,1200000,2.5
sqi_Latn-ukr_Cyrl,metricx24,unknown,1562083,1200000,1.3
sqi_Latn-urd_Arab,metricx24,unknown,440135,1200000,0.4
sqi_Latn-vie_Latn,metricx24,unknown,1199219,1200000,1.0
sqi_Latn-xho_Latn,metricx24,unknown,171224,1200000,0.1
sqi_Latn-yor_Latn,metricx24,unknown,67595,1200000,0.1
sqi_Latn-yue_Hani,qwen3-4b-instruct-2507,unknown,191866,28000,6.9
sqi_Latn-zho_Hans,metricx24,unknown,1062808,1200000,0.9
sqi_Latn-zho_Hant,metricx24,unknown,543190,1200000,0.5
srd_Latn-als_Latn,qwen3-4b-instruct-2507,0.852997,60988,28000,2.2
srd_Latn-ces_Latn,shaomutan_remedy-9b-22,0.94427434,63259,200000,0.3
srd_Latn-cmn_Hani,qwen3-4b-instruct-2507,unknown,133769,28000,4.8
srd_Latn-dan_Latn,shaomutan_remedy-9b-22,0.934640809,86755,200000,0.4
srd_Latn-deu_Latn,shaomutan_remedy-9b-22,0.939002557,240201,200000,1.2
srd_Latn-ekk_Latn,qwen3-4b-instruct-2507,unknown,82476,28000,2.9
srd_Latn-ell_Grek,shaomutan_remedy-9b-22,0.945233299,124418,200000,0.6
srd_Latn-eng_Latn,qwen3-4b-instruct-2507,0.964609,776254,28000,27.7
srd_Latn-epo_Latn,shaomutan_remedy-9b-22,0.915966987,94152,200000,0.5
srd_Latn-est_Latn,shaomutan_remedy-9b-22,0.931210127,87035,200000,0.4
srd_Latn-eus_Latn,shaomutan_remedy-9b-22,0.9223134,48832,200000,0.2
srd_Latn-fas_Arab,qwen3-4b-instruct-2507,unknown,212999,28000,7.6
srd_Latn-fin_Latn,shaomutan_remedy-9b-22,0.921482801,605106,200000,3.0
srd_Latn-fra_Latn,shaomutan_remedy-9b-22,0.923789379,2092389,200000,10.5
srd_Latn-fur_Latn,m-prometheus-7b,0.831781981,386525,27000,14.3
srd_Latn-glg_Latn,shaomutan_remedy-9b-22,0.935603034,114540,200000,0.6
srd_Latn-heb_Hebr,shaomutan_remedy-9b-22,0.932090178,312271,200000,1.6
srd_Latn-hin_Deva,shaomutan_remedy-9b-22,0.894593919,189348,200000,0.9
srd_Latn-hrv_Latn,shaomutan_remedy-9b-22,0.927685703,523468,200000,2.6
srd_Latn-hun_Latn,shaomutan_remedy-9b-22,0.926911442,817979,200000,4.1
srd_Latn-ind_Latn,shaomutan_remedy-9b-22,0.924829971,689333,200000,3.4
srd_Latn-isl_Latn,shaomutan_remedy-9b-22,0.896209457,95627,200000,0.5
srd_Latn-ita_Latn,qwen3-4b-instruct-2507,0.940587,1723998,28000,61.6
srd_Latn-jav_Latn,shaomutan_remedy-9b-22,0.8599319,100567,200000,0.5
srd_Latn-jpn_Jpan,shaomutan_remedy-9b-22,0.939369891,1045496,200000,5.2
srd_Latn-kat_Geor,shaomutan_remedy-9b-22,0.935276383,49755,200000,0.2
srd_Latn-kor_Hang,shaomutan_remedy-9b-22,0.932075904,274512,200000,1.4
srd_Latn-kor_Zyyy,qwen3-4b-instruct-2507,unknown,353225,28000,12.6
srd_Latn-lav_Latn,qwen3-4b-instruct-2507,unknown,243274,28000,8.7
srd_Latn-lim_Latn,m-prometheus-7b,0.804788452,87537,27000,3.2
srd_Latn-lit_Latn,shaomutan_remedy-9b-22,0.940612197,659535,200000,3.3
srd_Latn-ltz_Latn,shaomutan_remedy-9b-22,0.877685047,35252,200000,0.2
srd_Latn-lvs_Latn,shaomutan_remedy-9b-22,0.930686756,411440,200000,2.1
srd_Latn-lzh_Hani,qwen3-4b-instruct-2507,unknown,78358,28000,2.8
srd_Latn-mal_Mlym,shaomutan_remedy-9b-22,0.908821524,73122,200000,0.4
srd_Latn-mar_Deva,shaomutan_remedy-9b-22,0.904953981,74897,200000,0.4
srd_Latn-mkd_Cyrl,shaomutan_remedy-9b-22,0.94917415,317647,200000,1.6
srd_Latn-msa_Latn,qwen3-4b-instruct-2507,unknown,258724,28000,9.2
srd_Latn-nep_Deva,qwen3-4b-instruct-2507,unknown,47976,28000,1.7
srd_Latn-nld_Latn,shaomutan_remedy-9b-22,0.92918081,1955417,200000,9.8
srd_Latn-nno_Latn,shaomutan_remedy-9b-22,0.930913259,71765,200000,0.4
srd_Latn-nob_Latn,shaomutan_remedy-9b-22,0.957747583,282387,200000,1.4
srd_Latn-nor_Latn,qwen3-4b-instruct-2507,unknown,696006,28000,24.9
srd_Latn-oci_Latn,shaomutan_remedy-9b-22,0.896099213,48243,200000,0.2
srd_Latn-pol_Latn,shaomutan_remedy-9b-22,0.939214993,1919391,200000,9.6
srd_Latn-por_Latn,shaomutan_remedy-9b-22,0.930011975,3847728,200000,19.2
srd_Latn-ron_Latn,shaomutan_remedy-9b-22,0.947950829,1157605,200000,5.8
srd_Latn-rus_Cyrl,shaomutan_remedy-9b-22,0.947313636,2500105,200000,12.5
srd_Latn-sin_Sinh,shaomutan_remedy-9b-22,0.890609799,79771,200000,0.4
srd_Latn-slk_Latn,shaomutan_remedy-9b-22,0.91792808,909624,200000,4.5
srd_Latn-slv_Latn,shaomutan_remedy-9b-22,0.914477669,411444,200000,2.1
srd_Latn-spa_Latn,shaomutan_remedy-9b-22,0.929586008,2316933,200000,11.6
srd_Latn-sqi_Latn,qwen3-4b-instruct-2507,unknown,237698,28000,8.5
srd_Latn-srp_Cyrl,shaomutan_remedy-9b-22,0.925995735,209204,200000,1.0
srd_Latn-srp_Latn,qwen3-4b-instruct-2507,unknown,151157,28000,5.4
srd_Latn-swa_Latn,qwen3-4b-instruct-2507,unknown,162694,28000,5.8
srd_Latn-swe_Latn,shaomutan_remedy-9b-22,0.942232306,1320980,200000,6.6
srd_Latn-tam_Taml,shaomutan_remedy-9b-22,0.899253274,104939,200000,0.5
srd_Latn-tel_Telu,shaomutan_remedy-9b-22,0.886920443,64925,200000,0.3
srd_Latn-tgl_Latn,shaomutan_remedy-9b-22,0.921149784,340322,200000,1.7
srd_Latn-tha_Thai,shaomutan_remedy-9b-22,0.924150932,375191,200000,1.9
srd_Latn-tur_Latn,shaomutan_remedy-9b-22,0.93346873,1566130,200000,7.8
srd_Latn-ukr_Cyrl,shaomutan_remedy-9b-22,0.92170134,666379,200000,3.3
srd_Latn-und_Kana,qwen3-4b-instruct-2507,unknown,68655,28000,2.5
srd_Latn-urd_Arab,shaomutan_remedy-9b-22,0.875272562,110964,200000,0.6
srd_Latn-vec_Latn,m-prometheus-7b,0.841697362,182299,27000,6.8
srd_Latn-vie_Latn,shaomutan_remedy-9b-22,0.945559361,563141,200000,2.8
srd_Latn-xho_Latn,shaomutan_remedy-9b-22,0.778230159,92967,200000,0.5
srd_Latn-yue_Hani,qwen3-4b-instruct-2507,unknown,113004,28000,4.0
srd_Latn-zho_Hans,qwen3-4b-instruct-2507,0.921215,791372,28000,28.3
srd_Latn-zho_Hant,qwen3-4b-instruct-2507,0.911857,258448,28000,9.2
srp_Cyrl-ces_Latn,qwen3-4b-instruct-2507,0.956247,34523,28000,1.2
srp_Cyrl-cmn_Hani,metricx24,unknown,2098060,1200000,1.7
srp_Cyrl-ell_Grek,qwen3-4b-instruct-2507,0.965331,32490,28000,1.2
srp_Cyrl-eng_Latn,qwen3-4b-instruct-2507,0.991389,200740,28000,7.2
srp_Cyrl-fil_Latn,metricx24,unknown,302261,1200000,0.3
srp_Cyrl-fra_Latn,qwen3-4b-instruct-2507,0.979109,37106,28000,1.3
srp_Cyrl-heb_Hebr,qwen3-4b-instruct-2507,0.964803,34720,28000,1.2
srp_Cyrl-hrv_Latn,qwen3-4b-instruct-2507,0.930314,37084,28000,1.3
srp_Cyrl-hun_Latn,qwen3-4b-instruct-2507,0.960592,37715,28000,1.3
srp_Cyrl-ita_Latn,qwen3-4b-instruct-2507,0.975913,32991,28000,1.2
srp_Cyrl-lzh_Hani,metricx24,unknown,146675,1200000,0.1
srp_Cyrl-nld_Latn,qwen3-4b-instruct-2507,0.952892,95062,28000,3.4
srp_Cyrl-pol_Latn,qwen3-4b-instruct-2507,0.937989,98741,28000,3.5
srp_Cyrl-por_Latn,qwen3-4b-instruct-2507,0.963967,112379,28000,4.0
srp_Cyrl-ron_Latn,qwen3-4b-instruct-2507,0.963534,95566,28000,3.4
srp_Cyrl-rus_Cyrl,qwen3-4b-instruct-2507,0.952115,130629,28000,4.7
srp_Cyrl-slk_Latn,qwen3-4b-instruct-2507,0.942947,49426,28000,1.8
srp_Cyrl-slv_Latn,shaomutan_remedy-9b-22,0.935839703,45712,200000,0.2
srp_Cyrl-spa_Latn,qwen3-4b-instruct-2507,0.956715,42571,28000,1.5
srp_Cyrl-srp_Latn,metricx24,unknown,309908,1200000,0.3
srp_Cyrl-sun_Latn,qwen3-4b-instruct-2507,0.872653,188903,28000,6.7
srp_Cyrl-swa_Latn,metricx24,unknown,569931,1200000,0.5
srp_Cyrl-swc_Latn,metricx24,unknown,90136,1200000,0.1
srp_Cyrl-swe_Latn,metricx24,0.885687,6254032,1200000,5.2
srp_Cyrl-swh_Latn,shaomutan_remedy-9b-22,0.911162048,573206,200000,2.9
srp_Cyrl-tam_Taml,qwen3-4b-instruct-2507,0.957894,763808,28000,27.3
srp_Cyrl-tel_Telu,qwen3-4b-instruct-2507,0.951961,449707,28000,16.1
srp_Cyrl-tgk_Cyrl,qwen3-4b-instruct-2507,0.87675,121282,28000,4.3
srp_Cyrl-tgl_Latn,qwen3-4b-instruct-2507,0.934709,634532,28000,22.7
srp_Cyrl-tha_Thai,qwen3-4b-instruct-2507,0.949338,2017912,28000,72.1
srp_Cyrl-tur_Latn,metricx24,0.799581,6366238,1200000,5.3
srp_Cyrl-ukr_Cyrl,metricx24,0.844496,5334556,1200000,4.4
srp_Cyrl-urd_Arab,qwen3-4b-instruct-2507,0.915665,812406,28000,29.0
srp_Cyrl-uzn_Latn,qwen3-4b-instruct-2507,0.880119,190072,28000,6.8
srp_Cyrl-vie_Latn,qwen3-4b-instruct-2507,0.938258,4956822,28000,177.0
srp_Cyrl-xho_Latn,shaomutan_remedy-9b-22,0.776158784,267139,200000,1.3
srp_Cyrl-yor_Latn,shaomutan_remedy-9b-22,0.718502517,103966,200000,0.5
srp_Cyrl-yue_Hani,metricx24,unknown,250048,1200000,0.2
srp_Cyrl-zho_Hans,qwen3-4b-instruct-2507,0.98114,1623051,28000,58.0
srp_Cyrl-zho_Hant,qwen3-4b-instruct-2507,0.977143,761441,28000,27.2
srp_Cyrl-zul_Latn,shaomutan_remedy-9b-22,0.816223295,53557,200000,0.3
srp_Latn-als_Latn,metricx24,unknown,365051,1200000,0.3
srp_Latn-cat_Latn,metricx24,unknown,86326,1200000,0.1
srp_Latn-ces_Latn,metricx24,unknown,2564628,1200000,2.1
srp_Latn-cmn_Hani,qwen3-4b-instruct-2507,unknown,9350390,28000,333.9
srp_Latn-dan_Latn,metricx24,unknown,1919909,1200000,1.6
srp_Latn-deu_Latn,metricx24,unknown,2047261,1200000,1.7
srp_Latn-ekk_Latn,qwen3-4b-instruct-2507,unknown,862499,28000,30.8
srp_Latn-ell_Grek,metricx24,unknown,2738930,1200000,2.3
srp_Latn-eng_Latn,metricx24,unknown,12357979,1200000,10.3
srp_Latn-epo_Latn,metricx24,unknown,35412,1200000,0.0
srp_Latn-est_Latn,metricx24,unknown,308164,1200000,0.3
srp_Latn-eus_Latn,metricx24,unknown,179851,1200000,0.1
srp_Latn-fas_Arab,qwen3-4b-instruct-2507,unknown,1781687,28000,63.6
srp_Latn-fil_Latn,qwen3-4b-instruct-2507,unknown,148762,28000,5.3
srp_Latn-fin_Latn,metricx24,unknown,2193443,1200000,1.8
srp_Latn-fra_Latn,metricx24,unknown,2497212,1200000,2.1
srp_Latn-heb_Hebr,metricx24,unknown,2104356,1200000,1.8
srp_Latn-hrv_Latn,qwen3-4b-instruct-2507,unknown,1255062,28000,44.8
srp_Latn-hun_Latn,metricx24,unknown,5061509,1200000,4.2
srp_Latn-ind_Latn,metricx24,unknown,3509246,1200000,2.9
srp_Latn-isl_Latn,metricx24,unknown,521007,1200000,0.4
srp_Latn-ita_Latn,metricx24,unknown,4531315,1200000,3.8
srp_Latn-jpn_Jpan,metricx24,unknown,366217,1200000,0.3
srp_Latn-kab_Latn,qwen3-4b-instruct-2507,unknown,37915,28000,1.4
srp_Latn-kor_Hang,metricx24,unknown,1947407,1200000,1.6
srp_Latn-kor_Zyyy,qwen3-4b-instruct-2507,unknown,120116,28000,4.3
srp_Latn-lav_Latn,qwen3-4b-instruct-2507,unknown,62971,28000,2.2
srp_Latn-lit_Latn,metricx24,unknown,445126,1200000,0.4
srp_Latn-lvs_Latn,metricx24,unknown,148623,1200000,0.1
srp_Latn-lzh_Hani,qwen3-4b-instruct-2507,unknown,175076,28000,6.3
srp_Latn-mal_Mlym,metricx24,unknown,201818,1200000,0.2
srp_Latn-mkd_Cyrl,metricx24,unknown,687893,1200000,0.6
srp_Latn-msa_Latn,qwen3-4b-instruct-2507,unknown,412667,28000,14.7
srp_Latn-nld_Latn,metricx24,unknown,5451197,1200000,4.5
srp_Latn-nob_Latn,metricx24,unknown,2293069,1200000,1.9
srp_Latn-nor_Latn,qwen3-4b-instruct-2507,unknown,748758,28000,26.7
srp_Latn-pol_Latn,metricx24,unknown,5505698,1200000,4.6
srp_Latn-por_Latn,metricx24,unknown,5705491,1200000,4.8
srp_Latn-ron_Latn,metricx24,unknown,6222606,1200000,5.2
srp_Latn-rus_Cyrl,metricx24,unknown,4126154,1200000,3.4
srp_Latn-sin_Sinh,metricx24,unknown,211968,1200000,0.2
srp_Latn-slk_Latn,metricx24,unknown,1201430,1200000,1.0
srp_Latn-slv_Latn,metricx24,unknown,2437818,1200000,2.0
srp_Latn-spa_Latn,metricx24,unknown,2673779,1200000,2.2
srp_Latn-sqi_Latn,qwen3-4b-instruct-2507,unknown,60533,28000,2.2
srp_Latn-srp_Cyrl,metricx24,unknown,447677,1200000,0.4
srp_Latn-swa_Latn,qwen3-4b-instruct-2507,unknown,60941,28000,2.2
srp_Latn-swe_Latn,metricx24,unknown,29058882,1200000,24.2
srp_Latn-swh_Latn,metricx24,unknown,108381,1200000,0.1
srp_Latn-tam_Taml,metricx24,unknown,871084,1200000,0.7
srp_Latn-tel_Telu,metricx24,unknown,442306,1200000,0.4
srp_Latn-tha_Thai,metricx24,unknown,10230176,1200000,8.5
srp_Latn-tur_Latn,metricx24,unknown,44350798,1200000,37.0
srp_Latn-ukr_Cyrl,metricx24,unknown,6751693,1200000,5.6
srp_Latn-urd_Arab,metricx24,unknown,602192,1200000,0.5
srp_Latn-vie_Latn,metricx24,unknown,16605311,1200000,13.8
srp_Latn-yue_Hani,qwen3-4b-instruct-2507,unknown,415574,28000,14.8
srp_Latn-zho_Hans,metricx24,unknown,4202740,1200000,3.5
srp_Latn-zho_Hant,metricx24,unknown,4006421,1200000,3.3
srp_Latn-zho_Zyyy,qwen3-4b-instruct-2507,unknown,90137,28000,3.2
srp_Latn-zsm_Latn,metricx24,unknown,360878,1200000,0.3
ssw_Latn-swa_Latn,qwen3-4b-instruct-2507,unknown,102507,28000,3.7
ssw_Latn-swe_Latn,shaomutan_remedy-9b-22,0.857450632,76448,200000,0.4
ssw_Latn-tsn_Latn,shaomutan_remedy-9b-22,0.766229213,86626,200000,0.4
ssw_Latn-tso_Latn,shaomutan_remedy-9b-22,0.724648519,89730,200000,0.4
ssw_Latn-tur_Latn,shaomutan_remedy-9b-22,0.843376678,114804,200000,0.6
ssw_Latn-xho_Latn,shaomutan_remedy-9b-22,0.807725707,114845,200000,0.6
ssw_Latn-zho_Hans,qwen3-4b-instruct-2507,0.825759,80486,28000,2.9
ssw_Latn-zul_Latn,shaomutan_remedy-9b-22,0.908931446,151394,200000,0.8
sun_Latn-cmn_Hani,metricx24,unknown,104171,1200000,0.1
sun_Latn-fil_Latn,metricx24,unknown,119016,1200000,0.1
sun_Latn-swa_Latn,metricx24,unknown,206686,1200000,0.2
sun_Latn-swe_Latn,shaomutan_remedy-9b-22,0.938498933,487219,200000,2.4
sun_Latn-swh_Latn,shaomutan_remedy-9b-22,0.872749652,80046,200000,0.4
sun_Latn-tam_Taml,shaomutan_remedy-9b-22,0.901408195,176944,200000,0.9
sun_Latn-tel_Telu,shaomutan_remedy-9b-22,0.890845038,155262,200000,0.8
sun_Latn-tgk_Cyrl,shaomutan_remedy-9b-22,0.847614663,71912,200000,0.4
sun_Latn-tgl_Latn,shaomutan_remedy-9b-22,0.915027577,356232,200000,1.8
sun_Latn-tha_Thai,shaomutan_remedy-9b-22,0.930373636,358558,200000,1.8
sun_Latn-tur_Latn,shaomutan_remedy-9b-22,0.931530224,689042,200000,3.4
sun_Latn-ukr_Cyrl,shaomutan_remedy-9b-22,0.91931139,432933,200000,2.2
sun_Latn-urd_Arab,shaomutan_remedy-9b-22,0.878451333,222599,200000,1.1
sun_Latn-vie_Latn,shaomutan_remedy-9b-22,0.924600582,403098,200000,2.0
sun_Latn-war_Latn,qwen3-4b-instruct-2507,0.849383,178877,28000,6.4
sun_Latn-xho_Latn,shaomutan_remedy-9b-22,0.793705491,76904,200000,0.4
sun_Latn-yor_Latn,shaomutan_remedy-9b-22,0.696335644,80383,200000,0.4
sun_Latn-yue_Hani,metricx24,unknown,109931,1200000,0.1
sun_Latn-zho_Hans,qwen3-4b-instruct-2507,0.941354,407004,28000,14.5
sun_Latn-zho_Hant,qwen3-4b-instruct-2507,0.932285,251117,28000,9.0
swa_Latn-cmn_Hani,qwen3-4b-instruct-2507,unknown,340106,28000,12.1
swa_Latn-fil_Latn,qwen3-4b-instruct-2507,unknown,85772,28000,3.1
swa_Latn-lzh_Hani,qwen3-4b-instruct-2507,unknown,100226,28000,3.6
swa_Latn-tam_Taml,metricx24,unknown,687044,1200000,0.6
swa_Latn-tel_Telu,metricx24,unknown,191312,1200000,0.2
swa_Latn-tgk_Cyrl,metricx24,unknown,67520,1200000,0.1
swa_Latn-tgl_Latn,qwen3-4b-instruct-2507,unknown,817238,28000,29.2
swa_Latn-tha_Thai,metricx24,unknown,642554,1200000,0.5
swa_Latn-tir_Ethi,qwen3-4b-instruct-2507,unknown,126229,28000,4.5
swa_Latn-tsn_Latn,qwen3-4b-instruct-2507,unknown,210236,28000,7.5
swa_Latn-tso_Latn,qwen3-4b-instruct-2507,unknown,196485,28000,7.0
swa_Latn-tum_Latn,qwen3-4b-instruct-2507,unknown,140862,28000,5.0
swa_Latn-tur_Latn,metricx24,unknown,2359111,1200000,2.0
swa_Latn-twi_Latn,qwen3-4b-instruct-2507,unknown,180358,28000,6.4
swa_Latn-ukr_Cyrl,metricx24,unknown,1084995,1200000,0.9
swa_Latn-urd_Arab,metricx24,unknown,443530,1200000,0.4
swa_Latn-vie_Latn,metricx24,unknown,1509539,1200000,1.3
swa_Latn-xho_Latn,metricx24,unknown,443857,1200000,0.4
swa_Latn-yor_Latn,metricx24,unknown,262281,1200000,0.2
swa_Latn-yue_Hani,qwen3-4b-instruct-2507,unknown,171480,28000,6.1
swa_Latn-zho_Hans,metricx24,unknown,966456,1200000,0.8
swa_Latn-zho_Hant,metricx24,unknown,465160,1200000,0.4
swa_Latn-zul_Latn,metricx24,unknown,416015,1200000,0.3
swc_Latn-cmn_Hani,qwen3-4b-instruct-2507,unknown,118891,28000,4.2
swc_Latn-tam_Taml,metricx24,unknown,208612,1200000,0.2
swc_Latn-tso_Latn,qwen3-4b-instruct-2507,unknown,113384,28000,4.0
swc_Latn-tum_Latn,qwen3-4b-instruct-2507,unknown,100538,28000,3.6
swc_Latn-tur_Latn,metricx24,unknown,460598,1200000,0.4
swc_Latn-ukr_Cyrl,metricx24,unknown,135529,1200000,0.1
swc_Latn-vie_Latn,metricx24,unknown,332725,1200000,0.3
swc_Latn-xho_Latn,metricx24,unknown,155468,1200000,0.1
swc_Latn-zho_Hans,metricx24,unknown,81985,1200000,0.1
swc_Latn-zul_Latn,metricx24,unknown,169281,1200000,0.1
swe_Latn-azj_Latn,qwen3-4b-instruct-2507,0.867506,61063,28000,2.2
swe_Latn-cmn_Hani,metricx24,unknown,15088036,1200000,12.6
swe_Latn-crh_Latn,shaomutan_remedy-9b-22,0.807327066,95452,200000,0.5
swe_Latn-deu_Latn,qwen3-4b-instruct-2507,0.969169,92203,28000,3.3
swe_Latn-ekk_Latn,metricx24,unknown,42679,1200000,0.0
swe_Latn-ell_Grek,qwen3-4b-instruct-2507,0.95889,77807,28000,2.8
swe_Latn-eng_Latn,qwen3-4b-instruct-2507,0.986401,1332905,28000,47.6
swe_Latn-fil_Latn,metricx24,unknown,996212,1200000,0.8
swe_Latn-fin_Latn,qwen3-4b-instruct-2507,0.93333,136780,28000,4.9
swe_Latn-fra_Latn,qwen3-4b-instruct-2507,0.978382,269518,28000,9.6
swe_Latn-fur_Latn,qwen3-4b-instruct-2507,0.875988,64454,28000,2.3
swe_Latn-heb_Hebr,qwen3-4b-instruct-2507,0.970319,57983,28000,2.1
swe_Latn-hrv_Latn,qwen3-4b-instruct-2507,0.947322,64441,28000,2.3
swe_Latn-hun_Latn,qwen3-4b-instruct-2507,0.961633,117866,28000,4.2
swe_Latn-ind_Latn,qwen3-4b-instruct-2507,0.949821,99947,28000,3.6
swe_Latn-ita_Latn,qwen3-4b-instruct-2507,0.979069,213185,28000,7.6
swe_Latn-jpn_Jpan,qwen3-4b-instruct-2507,0.966809,162369,28000,5.8
swe_Latn-lit_Latn,qwen3-4b-instruct-2507,0.930806,63951,28000,2.3
swe_Latn-lvs_Latn,qwen3-4b-instruct-2507,0.943479,45924,28000,1.6
swe_Latn-lzh_Hani,metricx24,unknown,521490,1200000,0.4
swe_Latn-nld_Latn,qwen3-4b-instruct-2507,0.950712,230190,28000,8.2
swe_Latn-nor_Latn,metricx24,unknown,68768,1200000,0.1
swe_Latn-pol_Latn,qwen3-4b-instruct-2507,0.965416,261763,28000,9.3
swe_Latn-por_Latn,qwen3-4b-instruct-2507,0.967576,356786,28000,12.7
swe_Latn-ron_Latn,qwen3-4b-instruct-2507,0.965849,168037,28000,6.0
swe_Latn-rus_Cyrl,qwen3-4b-instruct-2507,0.975062,420362,28000,15.0
swe_Latn-slk_Latn,qwen3-4b-instruct-2507,0.962429,135232,28000,4.8
swe_Latn-slv_Latn,qwen3-4b-instruct-2507,0.955953,93423,28000,3.3
swe_Latn-spa_Latn,qwen3-4b-instruct-2507,0.959014,268769,28000,9.6
swe_Latn-srd_Latn,qwen3-4b-instruct-2507,0.845127,65324,28000,2.3
swe_Latn-srp_Latn,metricx24,unknown,52706,1200000,0.0
swe_Latn-swa_Latn,metricx24,unknown,1004999,1200000,0.8
swe_Latn-swc_Latn,metricx24,unknown,158098,1200000,0.1
swe_Latn-swh_Latn,shaomutan_remedy-9b-22,0.92214461,819961,200000,4.1
swe_Latn-tam_Taml,qwen3-4b-instruct-2507,0.95897,2221461,28000,79.3
swe_Latn-tat_Cyrl,qwen3-4b-instruct-2507,0.881946,106464,28000,3.8
swe_Latn-tel_Telu,qwen3-4b-instruct-2507,0.952807,1189153,28000,42.5
swe_Latn-tgk_Cyrl,qwen3-4b-instruct-2507,0.901448,190506,28000,6.8
swe_Latn-tgl_Latn,qwen3-4b-instruct-2507,0.942648,1528437,28000,54.6
swe_Latn-tha_Thai,metricx24,0.840781,15714200,1200000,13.1
swe_Latn-tur_Latn,metricx24,0.771281,50793195,1200000,42.3
swe_Latn-ukr_Cyrl,metricx24,0.854888,13102991,1200000,10.9
swe_Latn-urd_Arab,qwen3-4b-instruct-2507,0.914778,1420817,28000,50.7
swe_Latn-uzn_Latn,qwen3-4b-instruct-2507,0.879925,70539,28000,2.5
swe_Latn-vie_Latn,metricx24,0.876236,25738548,1200000,21.4
swe_Latn-wln_Latn,metricx24,unknown,50423,1200000,0.0
swe_Latn-wuu_Hani,metricx24,unknown,56427,1200000,0.0
swe_Latn-xho_Latn,shaomutan_remedy-9b-22,0.774952701,320714,200000,1.6
swe_Latn-yor_Latn,shaomutan_remedy-9b-22,0.730688961,115227,200000,0.6
swe_Latn-yue_Hani,metricx24,unknown,959307,1200000,0.8
swe_Latn-zho_Hans,metricx24,0.879269,8694518,1200000,7.2
swe_Latn-zho_Hant,metricx24,0.87463,5604591,1200000,4.7
swe_Latn-zho_Zyyy,metricx24,unknown,106681,1200000,0.1
swe_Latn-zul_Latn,shaomutan_remedy-9b-22,0.823376395,77080,200000,0.4
swh_Latn-cmn_Hani,metricx24,unknown,609267,1200000,0.5
swh_Latn-fil_Latn,metricx24,unknown,176766,1200000,0.1
swh_Latn-tam_Taml,shaomutan_remedy-9b-22,0.926055184,884682,200000,4.4
swh_Latn-tel_Telu,shaomutan_remedy-9b-22,0.917982945,154142,200000,0.8
swh_Latn-tgk_Cyrl,shaomutan_remedy-9b-22,0.858334194,52511,200000,0.3
swh_Latn-tgl_Latn,shaomutan_remedy-9b-22,0.896745345,66247,200000,0.3
swh_Latn-tha_Thai,shaomutan_remedy-9b-22,0.932530537,339167,200000,1.7
swh_Latn-tir_Ethi,shaomutan_remedy-9b-22,0.760836083,140666,200000,0.7
swh_Latn-tsn_Latn,shaomutan_remedy-9b-22,0.731202475,139465,200000,0.7
swh_Latn-tso_Latn,shaomutan_remedy-9b-22,0.615180934,131259,200000,0.7
swh_Latn-tum_Latn,metricx24,0.653354103,123931,1200000,0.1
swh_Latn-tur_Latn,shaomutan_remedy-9b-22,0.93098595,2319663,200000,11.6
swh_Latn-twi_Latn,shaomutan_remedy-9b-22,0.596565431,147425,200000,0.7
swh_Latn-ukr_Cyrl,shaomutan_remedy-9b-22,0.935159277,775823,200000,3.9
swh_Latn-urd_Arab,shaomutan_remedy-9b-22,0.917796804,311134,200000,1.6
swh_Latn-vie_Latn,shaomutan_remedy-9b-22,0.931697174,1808618,200000,9.0
swh_Latn-xho_Latn,shaomutan_remedy-9b-22,0.774393112,378060,200000,1.9
swh_Latn-yor_Latn,shaomutan_remedy-9b-22,0.722391459,326180,200000,1.6
swh_Latn-zho_Hans,qwen3-4b-instruct-2507,0.921259,414068,28000,14.8
swh_Latn-zul_Latn,shaomutan_remedy-9b-22,0.79793999,565490,200000,2.8
szl_Latn-por_Latn,qwen3-4b-instruct-2507,0.917437,58073,28000,2.1
szl_Latn-rus_Cyrl,qwen3-4b-instruct-2507,0.92673,53688,28000,1.9
szl_Latn-tur_Latn,shaomutan_remedy-9b-22,0.937069137,58214,200000,0.3
tam_Taml-cmn_Hani,metricx24,unknown,1452885,1200000,1.2
tam_Taml-fil_Latn,metricx24,unknown,516446,1200000,0.4
tam_Taml-lzh_Hani,metricx24,unknown,112875,1200000,0.1
tam_Taml-tel_Telu,metricx24,0.778543,5260205,1200000,4.4
tam_Taml-tgk_Cyrl,qwen3-4b-instruct-2507,0.866237,174892,28000,6.2
tam_Taml-tgl_Latn,shaomutan_remedy-9b-22,0.920339203,538282,200000,2.7
tam_Taml-tha_Thai,shaomutan_remedy-9b-22,0.929950776,1657330,200000,8.3
tam_Taml-tur_Latn,shaomutan_remedy-9b-22,0.94544481,4993724,200000,25.0
tam_Taml-ukr_Cyrl,shaomutan_remedy-9b-22,0.942437757,1924011,200000,9.6
tam_Taml-urd_Arab,shaomutan_remedy-9b-22,0.888756509,3336374,200000,16.7
tam_Taml-uzn_Latn,qwen3-4b-instruct-2507,0.854848,64884,28000,2.3
tam_Taml-vie_Latn,shaomutan_remedy-9b-22,0.912337633,2604060,200000,13.0
tam_Taml-wln_Latn,metricx24,unknown,35699,1200000,0.0
tam_Taml-xho_Latn,shaomutan_remedy-9b-22,0.780257066,216677,200000,1.1
tam_Taml-yor_Latn,shaomutan_remedy-9b-22,0.705496253,104666,200000,0.5
tam_Taml-yue_Hani,metricx24,unknown,192943,1200000,0.2
tam_Taml-zho_Hans,qwen3-4b-instruct-2507,0.939049,1005587,28000,35.9
tam_Taml-zho_Hant,qwen3-4b-instruct-2507,0.939278,772653,28000,27.6
tam_Taml-zul_Latn,shaomutan_remedy-9b-22,0.81478142,60030,200000,0.3
tar_Latn-rus_Cyrl,metricx24,unknown,56946,1200000,0.0
tat_Cyrl-uig_Arab,shaomutan_remedy-9b-22,0.884517874,225053,200000,1.1
tat_Cyrl-ukr_Cyrl,shaomutan_remedy-9b-22,0.927965078,144522,200000,0.7
tat_Cyrl-urd_Arab,shaomutan_remedy-9b-22,0.862419445,82778,200000,0.4
tat_Cyrl-uzn_Latn,qwen3-4b-instruct-2507,0.805032,325422,28000,11.6
tat_Cyrl-vie_Latn,shaomutan_remedy-9b-22,0.890405949,97304,200000,0.5
tat_Latn-eng_Latn,metricx24,unknown,213209,1200000,0.2
tel_Telu-cmn_Hani,metricx24,unknown,674933,1200000,0.6
tel_Telu-fil_Latn,metricx24,unknown,358505,1200000,0.3
tel_Telu-tgk_Cyrl,qwen3-4b-instruct-2507,0.851439,131927,28000,4.7
tel_Telu-tgl_Latn,shaomutan_remedy-9b-22,0.922960668,381017,200000,1.9
tel_Telu-tha_Thai,shaomutan_remedy-9b-22,0.931065006,1424247,200000,7.1
tel_Telu-tur_Latn,shaomutan_remedy-9b-22,0.932634554,1704616,200000,8.5
tel_Telu-ukr_Cyrl,qwen3-4b-instruct-2507,0.939403,1260529,28000,45.0
tel_Telu-urd_Arab,shaomutan_remedy-9b-22,0.899460976,3258146,200000,16.3
tel_Telu-uzn_Latn,qwen3-4b-instruct-2507,0.858074,58994,28000,2.1
tel_Telu-vie_Latn,shaomutan_remedy-9b-22,0.917638142,1283312,200000,6.4
tel_Telu-xho_Latn,shaomutan_remedy-9b-22,0.782149203,151807,200000,0.8
tel_Telu-yor_Latn,shaomutan_remedy-9b-22,0.710974809,100542,200000,0.5
tel_Telu-yue_Hani,metricx24,unknown,141187,1200000,0.1
tel_Telu-zho_Hans,qwen3-4b-instruct-2507,0.950274,404997,28000,14.5
tel_Telu-zho_Hant,qwen3-4b-instruct-2507,0.955465,636072,28000,22.7
tel_Telu-zul_Latn,shaomutan_remedy-9b-22,0.813215995,61944,200000,0.3
tgk_Cyrl-cmn_Hani,metricx24,unknown,98257,1200000,0.1
tgk_Cyrl-fil_Latn,metricx24,unknown,57205,1200000,0.0
tgk_Cyrl-tgl_Latn,shaomutan_remedy-9b-22,0.881244756,182525,200000,0.9
tgk_Cyrl-tha_Thai,shaomutan_remedy-9b-22,0.887933303,264205,200000,1.3
tgk_Cyrl-tur_Latn,shaomutan_remedy-9b-22,0.912144146,490859,200000,2.5
tgk_Cyrl-ukr_Cyrl,shaomutan_remedy-9b-22,0.895362533,313215,200000,1.6
tgk_Cyrl-urd_Arab,shaomutan_remedy-9b-22,0.845591544,187316,200000,0.9
tgk_Cyrl-vie_Latn,shaomutan_remedy-9b-22,0.865567587,294537,200000,1.5
tgk_Cyrl-xho_Latn,shaomutan_remedy-9b-22,0.752585084,74087,200000,0.4
tgk_Cyrl-zho_Hans,qwen3-4b-instruct-2507,0.942603,242468,28000,8.7
tgk_Cyrl-zho_Hant,qwen3-4b-instruct-2507,0.937048,204312,28000,7.3
tgl_Latn-cmn_Hani,qwen3-4b-instruct-2507,unknown,287603,28000,10.3
tgl_Latn-lzh_Hani,qwen3-4b-instruct-2507,unknown,137205,28000,4.9
tgl_Latn-tur_Latn,shaomutan_remedy-9b-22,0.9426006,2302549,200000,11.5
tgl_Latn-ukr_Cyrl,qwen3-4b-instruct-2507,0.956307,1248404,28000,44.6
tgl_Latn-urd_Arab,shaomutan_remedy-9b-22,0.914590632,371440,200000,1.9
tgl_Latn-vie_Latn,qwen3-4b-instruct-2507,0.942076,1385540,28000,49.5
tgl_Latn-xho_Latn,shaomutan_remedy-9b-22,0.822483082,135687,200000,0.7
tgl_Latn-yor_Latn,shaomutan_remedy-9b-22,0.729975705,62945,200000,0.3
tgl_Latn-yue_Hani,qwen3-4b-instruct-2507,unknown,267162,28000,9.5
tgl_Latn-zho_Hans,qwen3-4b-instruct-2507,0.974863,1214994,28000,43.4
tgl_Latn-zho_Hant,qwen3-4b-instruct-2507,0.962743,746116,28000,26.6
tha_Thai-cmn_Hani,metricx24,unknown,7033983,1200000,5.9
tha_Thai-eng_Latn,qwen3-4b-instruct-2507,0.985819,174809,28000,6.2
tha_Thai-fil_Latn,metricx24,unknown,1046632,1200000,0.9
tha_Thai-lzh_Hani,metricx24,unknown,314139,1200000,0.3
tha_Thai-rus_Cyrl,qwen3-4b-instruct-2507,0.972982,76452,28000,2.7
tha_Thai-tgl_Latn,qwen3-4b-instruct-2507,0.943225,1191480,28000,42.6
tha_Thai-tur_Latn,metricx24,0.771112,19887730,1200000,16.6
tha_Thai-ukr_Cyrl,metricx24,0.833738,7103527,1200000,5.9
tha_Thai-urd_Arab,qwen3-4b-instruct-2507,0.914958,1541665,28000,55.1
tha_Thai-uzn_Latn,qwen3-4b-instruct-2507,0.90884,77736,28000,2.8
tha_Thai-vie_Latn,metricx24,0.875018,17769863,1200000,14.8
tha_Thai-xho_Latn,shaomutan_remedy-9b-22,0.780244422,223521,200000,1.1
tha_Thai-yor_Latn,shaomutan_remedy-9b-22,0.690987733,120043,200000,0.6
tha_Thai-yue_Hani,metricx24,unknown,694000,1200000,0.6
tha_Thai-zho_Hans,qwen3-4b-instruct-2507,0.984828,2437852,28000,87.1
tha_Thai-zho_Hant,metricx24,0.855818,5386476,1200000,4.5
tha_Thai-zul_Latn,shaomutan_remedy-9b-22,0.81806084,80930,200000,0.4
tir_Ethi-tsn_Latn,shaomutan_remedy-9b-22,0.656876698,109326,200000,0.5
tir_Ethi-tso_Latn,metricx24,0.501109658,102737,1200000,0.1
tir_Ethi-tum_Latn,metricx24,0.576889449,109967,1200000,0.1
tir_Ethi-twi_Latn,shaomutan_remedy-9b-22,0.530557627,103285,200000,0.5
tir_Ethi-xho_Latn,shaomutan_remedy-9b-22,0.630603576,130146,200000,0.7
tir_Ethi-yor_Latn,shaomutan_remedy-9b-22,0.496832068,105949,200000,0.5
tir_Ethi-zul_Latn,shaomutan_remedy-9b-22,0.669633616,154182,200000,0.8
tsn_Latn-tso_Latn,shaomutan_remedy-9b-22,0.711078247,222509,200000,1.1
tsn_Latn-tum_Latn,metricx24,0.630643897,123897,1200000,0.1
tsn_Latn-tur_Latn,shaomutan_remedy-9b-22,0.844529695,249639,200000,1.2
tsn_Latn-twi_Latn,shaomutan_remedy-9b-22,0.544272161,174329,200000,0.9
tsn_Latn-ukr_Cyrl,shaomutan_remedy-9b-22,0.874763742,107702,200000,0.5
tsn_Latn-vie_Latn,shaomutan_remedy-9b-22,0.833250515,167388,200000,0.8
tsn_Latn-xho_Latn,shaomutan_remedy-9b-22,0.736319211,275064,200000,1.4
tsn_Latn-yor_Latn,shaomutan_remedy-9b-22,0.580618507,170358,200000,0.9
tsn_Latn-zho_Hans,qwen3-4b-instruct-2507,0.844933,179779,28000,6.4
tsn_Latn-zho_Hant,qwen3-4b-instruct-2507,0.849447,157072,28000,5.6
tsn_Latn-zul_Latn,shaomutan_remedy-9b-22,0.777160969,296057,200000,1.5
tso_Latn-tum_Latn,metricx24,0.611490745,120465,1200000,0.1
tso_Latn-twi_Latn,shaomutan_remedy-9b-22,0.631753097,140472,200000,0.7
tso_Latn-xho_Latn,shaomutan_remedy-9b-22,0.753969876,305290,200000,1.5
tso_Latn-yor_Latn,shaomutan_remedy-9b-22,0.594147558,129034,200000,0.6
tso_Latn-zul_Latn,shaomutan_remedy-9b-22,0.787124153,316196,200000,1.6
tum_Latn-twi_Latn,shaomutan_remedy-9b-22,0.480810962,113999,200000,0.6
tum_Latn-xho_Latn,shaomutan_remedy-9b-22,0.683595693,161547,200000,0.8
tum_Latn-yor_Latn,shaomutan_remedy-9b-22,0.529297681,101941,200000,0.5
tum_Latn-zul_Latn,shaomutan_remedy-9b-22,0.682068408,176480,200000,0.9
tur_Latn-cmn_Hani,metricx24,unknown,18771436,1200000,15.6
tur_Latn-eng_Latn,qwen3-4b-instruct-2507,0.976108,1319712,28000,47.1
tur_Latn-fas_Arab,metricx24,unknown,45591,1200000,0.0
tur_Latn-fin_Latn,shaomutan_remedy-9b-22,0.926579248,31153,200000,0.2
tur_Latn-fra_Latn,qwen3-4b-instruct-2507,0.968935,64706,28000,2.3
tur_Latn-heb_Hebr,qwen3-4b-instruct-2507,0.946899,47071,28000,1.7
tur_Latn-hrv_Latn,qwen3-4b-instruct-2507,0.944843,33454,28000,1.2
tur_Latn-hun_Latn,qwen3-4b-instruct-2507,0.942593,50774,28000,1.8
tur_Latn-ind_Latn,shaomutan_remedy-9b-22,0.937521878,45467,200000,0.2
tur_Latn-ita_Latn,qwen3-4b-instruct-2507,0.968009,67979,28000,2.4
tur_Latn-jpn_Jpan,qwen3-4b-instruct-2507,0.959642,131032,28000,4.7
tur_Latn-lzh_Hani,metricx24,unknown,563841,1200000,0.5
tur_Latn-nld_Latn,qwen3-4b-instruct-2507,0.943758,72244,28000,2.6
tur_Latn-pol_Latn,qwen3-4b-instruct-2507,0.954694,77290,28000,2.8
tur_Latn-por_Latn,qwen3-4b-instruct-2507,0.958606,95025,28000,3.4
tur_Latn-ron_Latn,qwen3-4b-instruct-2507,0.959691,89467,28000,3.2
tur_Latn-rus_Cyrl,qwen3-4b-instruct-2507,0.956491,339179,28000,12.1
tur_Latn-slk_Latn,qwen3-4b-instruct-2507,0.958133,28282,28000,1.0
tur_Latn-slv_Latn,qwen3-4b-instruct-2507,0.949836,40388,28000,1.4
tur_Latn-spa_Latn,qwen3-4b-instruct-2507,0.956984,54330,28000,1.9
tur_Latn-srp_Latn,metricx24,unknown,83153,1200000,0.1
tur_Latn-swe_Latn,qwen3-4b-instruct-2507,0.945097,79193,28000,2.8
tur_Latn-tat_Cyrl,shaomutan_remedy-9b-22,0.882994779,183439,200000,0.9
tur_Latn-tha_Thai,qwen3-4b-instruct-2507,0.949214,49422,28000,1.8
tur_Latn-ukr_Cyrl,metricx24,0.840317,12799448,1200000,10.7
tur_Latn-urd_Arab,shaomutan_remedy-9b-22,0.90804367,4879122,200000,24.4
tur_Latn-uzb_Cyrl,metricx24,unknown,1116492,1200000,0.9
tur_Latn-uzb_Latn,metricx24,unknown,1129134,1200000,0.9
tur_Latn-uzn_Cyrl,metricx24,unknown,287747,1200000,0.2
tur_Latn-uzn_Latn,bicleaner-ai,0.865813838,165372,2250000,0.1
tur_Latn-vie_Latn,metricx24,0.845974,31488677,1200000,26.2
tur_Latn-wln_Latn,metricx24,unknown,46668,1200000,0.0
tur_Latn-wuu_Hani,metricx24,unknown,59879,1200000,0.0
tur_Latn-xho_Latn,shaomutan_remedy-9b-22,0.755184336,359796,200000,1.8
tur_Latn-yor_Latn,shaomutan_remedy-9b-22,0.690478884,133311,200000,0.7
tur_Latn-yue_Hani,metricx24,unknown,1124979,1200000,0.9
tur_Latn-zho_Hans,metricx24,0.851956,10807166,1200000,9.0
tur_Latn-zho_Hant,metricx24,0.839635,6795564,1200000,5.7
tur_Latn-zho_Zyyy,metricx24,unknown,134365,1200000,0.1
tur_Latn-zul_Latn,shaomutan_remedy-9b-22,0.767043155,83607,200000,0.4
twi_Latn-fra_Latn,shaomutan_remedy-9b-22,0.878339137,131840,200000,0.7
twi_Latn-xho_Latn,shaomutan_remedy-9b-22,0.700828004,205224,200000,1.0
twi_Latn-yor_Latn,shaomutan_remedy-9b-22,0.624347522,177547,200000,0.9
twi_Latn-zul_Latn,shaomutan_remedy-9b-22,0.731844123,212195,200000,1.1
uig_Arab-uzn_Latn,qwen3-4b-instruct-2507,0.730762,99218,28000,3.5
uig_Cyrl-eng_Latn,metricx24,unknown,126646,1200000,0.1
ukr_Cyrl-cmn_Hani,metricx24,unknown,4587230,1200000,3.8
ukr_Cyrl-eng_Latn,qwen3-4b-instruct-2507,0.98779,150164,28000,5.4
ukr_Cyrl-lzh_Hani,metricx24,unknown,268172,1200000,0.2
ukr_Cyrl-pol_Latn,qwen3-4b-instruct-2507,0.95898,40398,28000,1.4
ukr_Cyrl-por_Latn,qwen3-4b-instruct-2507,0.966575,47167,28000,1.7
ukr_Cyrl-ron_Latn,qwen3-4b-instruct-2507,0.972459,35287,28000,1.3
ukr_Cyrl-rus_Cyrl,qwen3-4b-instruct-2507,0.959303,62838,28000,2.2
ukr_Cyrl-spa_Latn,qwen3-4b-instruct-2507,0.962758,51246,28000,1.8
ukr_Cyrl-swe_Latn,qwen3-4b-instruct-2507,0.960866,46193,28000,1.6
ukr_Cyrl-tur_Latn,qwen3-4b-instruct-2507,0.961359,57821,28000,2.1
ukr_Cyrl-urd_Arab,qwen3-4b-instruct-2507,0.912827,1415421,28000,50.6
ukr_Cyrl-uzn_Latn,qwen3-4b-instruct-2507,0.901762,307462,28000,11.0
ukr_Cyrl-vie_Latn,metricx24,0.838384,11405548,1200000,9.5
ukr_Cyrl-wln_Latn,metricx24,unknown,50950,1200000,0.0
ukr_Cyrl-xho_Latn,shaomutan_remedy-9b-22,0.773270737,418955,200000,2.1
ukr_Cyrl-yor_Latn,shaomutan_remedy-9b-22,0.712988769,127222,200000,0.6
ukr_Cyrl-yue_Hani,metricx24,unknown,514306,1200000,0.4
ukr_Cyrl-zho_Hans,qwen3-4b-instruct-2507,0.978766,2912165,28000,104.0
ukr_Cyrl-zho_Hant,qwen3-4b-instruct-2507,0.979915,2691814,28000,96.1
ukr_Cyrl-zul_Latn,shaomutan_remedy-9b-22,0.814960267,85533,200000,0.4
umb_Latn-zul_Latn,shaomutan_remedy-9b-22,0.624849523,102489,200000,0.5
und_Beng-ces_Latn,metricx24,unknown,138621,1200000,0.1
und_Beng-dan_Latn,metricx24,unknown,118641,1200000,0.1
und_Beng-deu_Latn,metricx24,unknown,198110,1200000,0.2
und_Beng-ell_Grek,metricx24,unknown,155109,1200000,0.1
und_Beng-eng_Latn,metricx24,unknown,45934,1200000,0.0
und_Beng-fas_Arab,qwen3-4b-instruct-2507,unknown,243830,28000,8.7
und_Beng-fin_Latn,metricx24,unknown,130769,1200000,0.1
und_Beng-fra_Latn,metricx24,unknown,215677,1200000,0.2
und_Beng-heb_Hebr,metricx24,unknown,122916,1200000,0.1
und_Beng-hrv_Latn,qwen3-4b-instruct-2507,unknown,118636,28000,4.2
und_Beng-hun_Latn,metricx24,unknown,137480,1200000,0.1
und_Beng-ind_Latn,metricx24,unknown,262627,1200000,0.2
und_Beng-ita_Latn,metricx24,unknown,173846,1200000,0.1
und_Beng-kor_Hang,metricx24,unknown,121312,1200000,0.1
und_Beng-nld_Latn,metricx24,unknown,157360,1200000,0.1
und_Beng-pol_Latn,metricx24,unknown,156251,1200000,0.1
und_Beng-ron_Latn,metricx24,unknown,155959,1200000,0.1
und_Beng-rus_Cyrl,metricx24,unknown,168396,1200000,0.1
und_Beng-spa_Latn,metricx24,unknown,97238,1200000,0.1
und_Beng-swe_Latn,metricx24,unknown,120239,1200000,0.1
und_Beng-tha_Thai,metricx24,unknown,124021,1200000,0.1
und_Beng-tur_Latn,metricx24,unknown,176980,1200000,0.1
und_Beng-ukr_Cyrl,metricx24,unknown,82999,1200000,0.1
und_Beng-vie_Latn,metricx24,unknown,170736,1200000,0.1
und_Geor-nld_Latn,metricx24,unknown,57433,1200000,0.0
und_Geor-pol_Latn,metricx24,unknown,57515,1200000,0.0
und_Geor-por_Latn,metricx24,unknown,66028,1200000,0.1
und_Geor-ron_Latn,metricx24,unknown,62717,1200000,0.1
und_Geor-tur_Latn,metricx24,unknown,56910,1200000,0.0
und_Grek-eng_Latn,metricx24,unknown,94034,1200000,0.1
und_Grek-fra_Latn,metricx24,unknown,75366,1200000,0.1
und_Grek-spa_Latn,metricx24,unknown,87369,1200000,0.1
und_Hira-nld_Latn,metricx24,unknown,101326,1200000,0.1
und_Hira-pol_Latn,metricx24,unknown,97063,1200000,0.1
und_Hira-por_Latn,metricx24,unknown,100439,1200000,0.1
und_Hira-ron_Latn,metricx24,unknown,79041,1200000,0.1
und_Hira-rus_Cyrl,metricx24,unknown,115009,1200000,0.1
und_Hira-slv_Latn,metricx24,unknown,53687,1200000,0.0
und_Hira-swe_Latn,metricx24,unknown,82247,1200000,0.1
und_Hira-tur_Latn,metricx24,unknown,92492,1200000,0.1
und_Kana-eng_Latn,metricx24,unknown,383296,1200000,0.3
und_Kana-kor_Hang,metricx24,unknown,155782,1200000,0.1
und_Kana-kor_Zyyy,qwen3-4b-instruct-2507,unknown,171538,28000,6.1
und_Kana-lit_Latn,metricx24,unknown,123367,1200000,0.1
und_Kana-mal_Mlym,metricx24,unknown,62841,1200000,0.1
und_Kana-mkd_Cyrl,metricx24,unknown,109007,1200000,0.1
und_Kana-msa_Latn,qwen3-4b-instruct-2507,unknown,134137,28000,4.8
und_Kana-nld_Latn,metricx24,unknown,501137,1200000,0.4
und_Kana-nor_Latn,qwen3-4b-instruct-2507,unknown,163378,28000,5.8
und_Kana-pol_Latn,metricx24,unknown,507457,1200000,0.4
und_Kana-por_Latn,metricx24,unknown,764415,1200000,0.6
und_Kana-ron_Latn,metricx24,unknown,272116,1200000,0.2
und_Kana-rus_Cyrl,metricx24,unknown,740458,1200000,0.6
und_Kana-sin_Sinh,metricx24,unknown,56370,1200000,0.0
und_Kana-slk_Latn,metricx24,unknown,170913,1200000,0.1
und_Kana-slv_Latn,metricx24,unknown,95148,1200000,0.1
und_Kana-sqi_Latn,qwen3-4b-instruct-2507,unknown,93798,28000,3.3
und_Kana-srp_Cyrl,metricx24,unknown,100825,1200000,0.1
und_Kana-swa_Latn,qwen3-4b-instruct-2507,unknown,73161,28000,2.6
und_Kana-swe_Latn,metricx24,unknown,349257,1200000,0.3
und_Kana-tam_Taml,metricx24,unknown,52695,1200000,0.0
und_Kana-tgl_Latn,qwen3-4b-instruct-2507,unknown,150322,28000,5.4
und_Kana-tha_Thai,metricx24,unknown,106867,1200000,0.1
und_Kana-tur_Latn,metricx24,unknown,420469,1200000,0.4
und_Kana-ukr_Cyrl,metricx24,unknown,205003,1200000,0.2
und_Kana-urd_Arab,metricx24,unknown,61543,1200000,0.1
und_Kana-vie_Latn,metricx24,unknown,103614,1200000,0.1
und_Kana-zho_Hans,metricx24,unknown,352569,1200000,0.3
und_Kana-zho_Hant,metricx24,unknown,82179,1200000,0.1
urd_Arab-cmn_Hani,metricx24,unknown,660361,1200000,0.6
urd_Arab-lzh_Hani,metricx24,unknown,116794,1200000,0.1
urd_Arab-vie_Latn,qwen3-4b-instruct-2507,0.905963,1711411,28000,61.1
urd_Arab-xho_Latn,shaomutan_remedy-9b-22,0.796303457,174726,200000,0.9
urd_Arab-yor_Latn,shaomutan_remedy-9b-22,0.736220869,107722,200000,0.5
urd_Arab-yue_Hani,metricx24,unknown,211659,1200000,0.2
urd_Arab-zho_Hans,qwen3-4b-instruct-2507,0.949059,793793,28000,28.3
urd_Arab-zho_Hant,qwen3-4b-instruct-2507,0.956222,641403,28000,22.9
urd_Arab-zul_Latn,shaomutan_remedy-9b-22,0.832386258,54635,200000,0.3
uzn_Cyrl-rus_Cyrl,metricx24,unknown,195802,1200000,0.2
uzn_Cyrl-uzn_Latn,metricx24,unknown,102596,1200000,0.1
uzn_Latn-deu_Latn,shaomutan_remedy-9b-22,0.934944899,145776,200000,0.7
uzn_Latn-eng_Latn,qwen3-4b-instruct-2507,0.964888,183749,28000,6.6
uzn_Latn-fas_Arab,metricx24,unknown,55844,1200000,0.0
uzn_Latn-fin_Latn,shaomutan_remedy-9b-22,0.938207346,75220,200000,0.4
uzn_Latn-fra_Latn,shaomutan_remedy-9b-22,0.943799667,296101,200000,1.5
uzn_Latn-heb_Hebr,shaomutan_remedy-9b-22,0.906801169,54930,200000,0.3
uzn_Latn-hin_Deva,shaomutan_remedy-9b-22,0.893465654,37560,200000,0.2
uzn_Latn-hrv_Latn,shaomutan_remedy-9b-22,0.925786496,79945,200000,0.4
uzn_Latn-hun_Latn,shaomutan_remedy-9b-22,0.92230622,97605,200000,0.5
uzn_Latn-ind_Latn,shaomutan_remedy-9b-22,0.907110575,174044,200000,0.9
uzn_Latn-ita_Latn,qwen3-4b-instruct-2507,0.931533,265338,28000,9.5
uzn_Latn-jpn_Jpan,shaomutan_remedy-9b-22,0.945280614,123326,200000,0.6
uzn_Latn-kor_Zyyy,metricx24,unknown,51731,1200000,0.0
uzn_Latn-lit_Latn,shaomutan_remedy-9b-22,0.93378209,60588,200000,0.3
uzn_Latn-mkd_Cyrl,shaomutan_remedy-9b-22,0.938603695,41341,200000,0.2
uzn_Latn-msa_Latn,metricx24,unknown,49727,1200000,0.0
uzn_Latn-nld_Latn,shaomutan_remedy-9b-22,0.911244398,214167,200000,1.1
uzn_Latn-nor_Latn,metricx24,unknown,73163,1200000,0.1
uzn_Latn-pol_Latn,shaomutan_remedy-9b-22,0.926576302,231386,200000,1.2
uzn_Latn-por_Latn,qwen3-4b-instruct-2507,0.919527,344769,28000,12.3
uzn_Latn-ron_Latn,shaomutan_remedy-9b-22,0.937165494,143588,200000,0.7
uzn_Latn-rus_Cyrl,shaomutan_remedy-9b-22,0.946656785,639571,200000,3.2
uzn_Latn-slk_Latn,shaomutan_remedy-9b-22,0.961366515,99338,200000,0.5
uzn_Latn-slv_Latn,shaomutan_remedy-9b-22,0.91986162,67917,200000,0.3
uzn_Latn-spa_Latn,qwen3-4b-instruct-2507,0.924067,309883,28000,11.1
uzn_Latn-sqi_Latn,metricx24,unknown,46653,1200000,0.0
uzn_Latn-srp_Cyrl,shaomutan_remedy-9b-22,0.920135403,47256,200000,0.2
uzn_Latn-swe_Latn,shaomutan_remedy-9b-22,0.922516957,171278,200000,0.9
uzn_Latn-tgl_Latn,shaomutan_remedy-9b-22,0.879829597,90489,200000,0.5
uzn_Latn-tha_Thai,shaomutan_remedy-9b-22,0.905033575,69037,200000,0.3
uzn_Latn-tur_Latn,shaomutan_remedy-9b-22,0.927669687,234337,200000,1.2
uzn_Latn-ukr_Cyrl,qwen3-4b-instruct-2507,0.919746,201772,28000,7.2
uzn_Latn-urd_Arab,shaomutan_remedy-9b-22,0.896946317,35522,200000,0.2
uzn_Latn-vie_Latn,shaomutan_remedy-9b-22,0.907155701,304454,200000,1.5
uzn_Latn-xho_Latn,shaomutan_remedy-9b-22,0.723331608,73741,200000,0.4
uzn_Latn-zho_Hans,qwen3-4b-instruct-2507,0.951274,170343,28000,6.1
uzn_Latn-zho_Hant,qwen3-4b-instruct-2507,0.948726,87320,28000,3.1
vec_Latn-eng_Latn,qwen3-4b-instruct-2507,0.97451,335728,28000,12.0
vec_Latn-fin_Latn,shaomutan_remedy-9b-22,0.915383075,117297,200000,0.6
vec_Latn-fra_Latn,shaomutan_remedy-9b-22,0.940386072,658330,200000,3.3
vec_Latn-fur_Latn,m-prometheus-7b,0.841080139,57765,27000,2.1
vec_Latn-heb_Hebr,shaomutan_remedy-9b-22,0.945977874,88534,200000,0.4
vec_Latn-hin_Deva,shaomutan_remedy-9b-22,0.915607589,54245,200000,0.3
vec_Latn-hrv_Latn,shaomutan_remedy-9b-22,0.930028549,92599,200000,0.5
vec_Latn-hun_Latn,qwen3-4b-instruct-2507,0.92104,205928,28000,7.4
vec_Latn-ind_Latn,shaomutan_remedy-9b-22,0.943459926,237172,200000,1.2
vec_Latn-ita_Latn,qwen3-4b-instruct-2507,0.957491,723725,28000,25.8
vec_Latn-jpn_Jpan,qwen3-4b-instruct-2507,0.940289,331167,28000,11.8
vec_Latn-kor_Hang,shaomutan_remedy-9b-22,0.945690503,104744,200000,0.5
vec_Latn-kor_Zyyy,qwen3-4b-instruct-2507,unknown,109750,28000,3.9
vec_Latn-lit_Latn,shaomutan_remedy-9b-22,0.930536111,169063,200000,0.8
vec_Latn-lvs_Latn,shaomutan_remedy-9b-22,0.93134798,105582,200000,0.5
vec_Latn-mkd_Cyrl,qwen3-4b-instruct-2507,0.936401,52071,28000,1.9
vec_Latn-msa_Latn,qwen3-4b-instruct-2507,unknown,77930,28000,2.8
vec_Latn-nld_Latn,qwen3-4b-instruct-2507,0.929617,795601,28000,28.4
vec_Latn-nob_Latn,shaomutan_remedy-9b-22,0.923363657,84711,200000,0.4
vec_Latn-nor_Latn,qwen3-4b-instruct-2507,unknown,216867,28000,7.7
vec_Latn-pol_Latn,qwen3-4b-instruct-2507,0.940398,709959,28000,25.4
vec_Latn-por_Latn,shaomutan_remedy-9b-22,0.947169384,1674697,200000,8.4
vec_Latn-ron_Latn,shaomutan_remedy-9b-22,0.941383183,396071,200000,2.0
vec_Latn-rus_Cyrl,qwen3-4b-instruct-2507,0.944206,883384,28000,31.5
vec_Latn-slk_Latn,qwen3-4b-instruct-2507,0.935709,266860,28000,9.5
vec_Latn-slv_Latn,shaomutan_remedy-9b-22,0.932549789,154747,200000,0.8
vec_Latn-spa_Latn,shaomutan_remedy-9b-22,0.944040298,533215,200000,2.7
vec_Latn-sqi_Latn,qwen3-4b-instruct-2507,unknown,67153,28000,2.4
vec_Latn-srd_Latn,m-prometheus-7b,0.861871578,104139,27000,3.9
vec_Latn-srp_Cyrl,qwen3-4b-instruct-2507,0.93448,44941,28000,1.6
vec_Latn-swe_Latn,shaomutan_remedy-9b-22,0.931550485,554003,200000,2.8
vec_Latn-tgl_Latn,shaomutan_remedy-9b-22,0.935525571,102998,200000,0.5
vec_Latn-tha_Thai,shaomutan_remedy-9b-22,0.940868267,123572,200000,0.6
vec_Latn-tur_Latn,shaomutan_remedy-9b-22,0.924490344,494255,200000,2.5
vec_Latn-ukr_Cyrl,qwen3-4b-instruct-2507,0.940418,177629,28000,6.3
vec_Latn-vie_Latn,shaomutan_remedy-9b-22,0.934458111,204016,200000,1.0
vec_Latn-zho_Hans,qwen3-4b-instruct-2507,0.956182,265282,28000,9.5
vec_Latn-zho_Hant,qwen3-4b-instruct-2507,0.954146,95700,28000,3.4
vie_Latn-cmn_Hani,metricx24,unknown,13922713,1200000,11.6
vie_Latn-eng_Latn,qwen3-4b-instruct-2507,0.976003,319086,28000,11.4
vie_Latn-jpn_Jpan,qwen3-4b-instruct-2507,0.972807,82291,28000,2.9
vie_Latn-lzh_Hani,metricx24,unknown,316021,1200000,0.3
vie_Latn-wln_Latn,metricx24,unknown,32690,1200000,0.0
vie_Latn-xho_Latn,shaomutan_remedy-9b-22,0.849797007,224212,200000,1.1
vie_Latn-yor_Latn,shaomutan_remedy-9b-22,0.692655681,94714,200000,0.5
vie_Latn-yue_Hani,metricx24,unknown,779724,1200000,0.6
vie_Latn-zho_Hans,metricx24,0.850533,5462071,1200000,4.6
vie_Latn-zho_Hant,metricx24,0.835168,5996430,1200000,5.0
vie_Latn-zul_Latn,shaomutan_remedy-9b-22,0.815225609,65256,200000,0.3
war_Latn-fra_Latn,shaomutan_remedy-9b-22,0.94629872,85341,200000,0.4
war_Latn-nld_Latn,shaomutan_remedy-9b-22,0.923557038,79336,200000,0.4
war_Latn-spa_Latn,qwen3-4b-instruct-2507,0.932125,50425,28000,1.8
wes_Latn-fin_Latn,metricx24,unknown,61052,1200000,0.1
wes_Latn-fra_Latn,metricx24,unknown,230512,1200000,0.2
wes_Latn-ita_Latn,metricx24,unknown,125856,1200000,0.1
wes_Latn-nld_Latn,metricx24,unknown,124889,1200000,0.1
wes_Latn-pol_Latn,metricx24,unknown,81695,1200000,0.1
wes_Latn-por_Latn,metricx24,unknown,153156,1200000,0.1
wes_Latn-ron_Latn,metricx24,unknown,78859,1200000,0.1
wes_Latn-rus_Cyrl,metricx24,unknown,89593,1200000,0.1
wes_Latn-spa_Latn,metricx24,unknown,288991,1200000,0.2
wes_Latn-swe_Latn,metricx24,unknown,81985,1200000,0.1
wes_Latn-tur_Latn,metricx24,unknown,68759,1200000,0.1
wln_Latn-xho_Latn,metricx24,unknown,31405,1200000,0.0
wol_Latn-fra_Latn,shaomutan_remedy-9b-22,0.842051225,119649,200000,0.6
wol_Latn-ita_Latn,qwen3-4b-instruct-2507,0.837745,106350,28000,3.8
wol_Latn-nld_Latn,qwen3-4b-instruct-2507,0.768233,103125,28000,3.7
wol_Latn-pol_Latn,shaomutan_remedy-9b-22,0.811807097,76576,200000,0.4
wol_Latn-por_Latn,qwen3-4b-instruct-2507,0.797855,188941,28000,6.7
wol_Latn-rus_Cyrl,shaomutan_remedy-9b-22,0.830923218,95936,200000,0.5
wol_Latn-spa_Latn,qwen3-4b-instruct-2507,0.799522,100585,28000,3.6
wol_Latn-swe_Latn,shaomutan_remedy-9b-22,0.801973842,65925,200000,0.3
wol_Latn-tur_Latn,shaomutan_remedy-9b-22,0.80136592,56494,200000,0.3
wol_Latn-zho_Hans,qwen3-4b-instruct-2507,0.871956,191615,28000,6.8
wol_Latn-zho_Hant,qwen3-4b-instruct-2507,0.869278,151858,28000,5.4
xav_Latn-ron_Latn,metricx24,unknown,66078,1200000,0.1
xav_Latn-rus_Cyrl,metricx24,unknown,57561,1200000,0.0
xav_Latn-swe_Latn,metricx24,unknown,73707,1200000,0.1
xav_Latn-tur_Latn,metricx24,unknown,63490,1200000,0.1
xho_Latn-cmn_Hani,metricx24,unknown,160967,1200000,0.1
xho_Latn-fra_Latn,shaomutan_remedy-9b-22,0.930811958,107768,200000,0.5
xho_Latn-ind_Latn,shaomutan_remedy-9b-22,0.903897311,54884,200000,0.3
xho_Latn-ita_Latn,shaomutan_remedy-9b-22,0.911395999,86450,200000,0.4
xho_Latn-jpn_Jpan,shaomutan_remedy-9b-22,0.912972709,53002,200000,0.3
xho_Latn-lzh_Hani,metricx24,unknown,69432,1200000,0.1
xho_Latn-nld_Latn,shaomutan_remedy-9b-22,0.900324152,83178,200000,0.4
xho_Latn-pol_Latn,shaomutan_remedy-9b-22,0.916709101,73268,200000,0.4
xho_Latn-por_Latn,shaomutan_remedy-9b-22,0.890204093,133850,200000,0.7
xho_Latn-ron_Latn,shaomutan_remedy-9b-22,0.924143669,48691,200000,0.2
xho_Latn-rus_Cyrl,shaomutan_remedy-9b-22,0.928720339,118552,200000,0.6
xho_Latn-spa_Latn,shaomutan_remedy-9b-22,0.896101759,114531,200000,0.6
xho_Latn-swe_Latn,shaomutan_remedy-9b-22,0.916593877,75090,200000,0.4
xho_Latn-tur_Latn,shaomutan_remedy-9b-22,0.91197342,93495,200000,0.5
xho_Latn-ukr_Cyrl,shaomutan_remedy-9b-22,0.931178376,39358,200000,0.2
xho_Latn-yor_Latn,shaomutan_remedy-9b-22,0.634321177,379843,200000,1.9
xho_Latn-yue_Hani,metricx24,unknown,98078,1200000,0.1
xho_Latn-zho_Hans,qwen3-4b-instruct-2507,0.858621,493638,28000,17.6
xho_Latn-zho_Hant,shaomutan_remedy-9b-22,0.896122707,199215,200000,1.0
xho_Latn-zul_Latn,shaomutan_remedy-9b-22,0.873069004,1018056,200000,5.1
xxx_Arab-ces_Latn,metricx24,unknown,132049,1200000,0.1
xxx_Arab-dan_Latn,metricx24,unknown,133167,1200000,0.1
xxx_Arab-deu_Latn,metricx24,unknown,741174,1200000,0.6
xxx_Arab-ell_Grek,metricx24,unknown,164837,1200000,0.1
xxx_Arab-fas_Arab,qwen3-4b-instruct-2507,unknown,100004,28000,3.6
xxx_Arab-fin_Latn,metricx24,unknown,112497,1200000,0.1
xxx_Arab-fra_Latn,metricx24,unknown,781529,1200000,0.7
xxx_Arab-hrv_Latn,qwen3-4b-instruct-2507,unknown,138877,28000,5.0
xxx_Arab-hun_Latn,metricx24,unknown,118250,1200000,0.1
xxx_Arab-ind_Latn,metricx24,unknown,401193,1200000,0.3
xxx_Arab-ita_Latn,metricx24,unknown,546407,1200000,0.5
xxx_Arab-jpn_Jpan,metricx24,unknown,215020,1200000,0.2
xxx_Arab-nld_Latn,metricx24,unknown,361228,1200000,0.3
xxx_Arab-pol_Latn,metricx24,unknown,255445,1200000,0.2
xxx_Arab-por_Latn,metricx24,unknown,555534,1200000,0.5
xxx_Arab-ron_Latn,metricx24,unknown,137152,1200000,0.1
xxx_Arab-rus_Cyrl,metricx24,unknown,459844,1200000,0.4
xxx_Arab-slk_Latn,metricx24,unknown,96414,1200000,0.1
xxx_Arab-spa_Latn,metricx24,unknown,1011838,1200000,0.8
xxx_Arab-swe_Latn,metricx24,unknown,144558,1200000,0.1
xxx_Arab-tgl_Latn,qwen3-4b-instruct-2507,unknown,122598,28000,4.4
xxx_Arab-tha_Thai,metricx24,unknown,89401,1200000,0.1
xxx_Arab-tur_Latn,metricx24,unknown,216281,1200000,0.2
xxx_Arab-ukr_Cyrl,metricx24,unknown,101316,1200000,0.1
xxx_Arab-vie_Latn,metricx24,unknown,146639,1200000,0.1
xxx_Arab-zho_Hans,metricx24,unknown,150185,1200000,0.1
xxx_Arab-zho_Hant,metricx24,unknown,130439,1200000,0.1
xxx_Latn-dan_Latn,metricx24,unknown,202510,1200000,0.2
xxx_Latn-deu_Latn,metricx24,unknown,950564,1200000,0.8
xxx_Latn-ell_Grek,metricx24,unknown,241903,1200000,0.2
xxx_Latn-eng_Latn,metricx24,unknown,193822,1200000,0.2
xxx_Latn-est_Latn,metricx24,unknown,72657,1200000,0.1
xxx_Latn-fas_Arab,qwen3-4b-instruct-2507,unknown,113139,28000,4.0
xxx_Latn-fin_Latn,metricx24,unknown,187387,1200000,0.2
xxx_Latn-fra_Latn,metricx24,unknown,1041487,1200000,0.9
xxx_Latn-heb_Hebr,metricx24,unknown,145361,1200000,0.1
xxx_Latn-hin_Deva,metricx24,unknown,100494,1200000,0.1
xxx_Latn-hrv_Latn,qwen3-4b-instruct-2507,unknown,232125,28000,8.3
xxx_Latn-hun_Latn,metricx24,unknown,203559,1200000,0.2
xxx_Latn-ind_Latn,metricx24,unknown,597026,1200000,0.5
xxx_Latn-ita_Latn,metricx24,unknown,751734,1200000,0.6
xxx_Latn-jav_Latn,metricx24,unknown,73615,1200000,0.1
xxx_Latn-jpn_Jpan,metricx24,unknown,290336,1200000,0.2
xxx_Latn-kor_Hang,metricx24,unknown,93406,1200000,0.1
xxx_Latn-kor_Zyyy,qwen3-4b-instruct-2507,unknown,93758,28000,3.3
xxx_Latn-lit_Latn,metricx24,unknown,117965,1200000,0.1
xxx_Latn-mkd_Cyrl,metricx24,unknown,74854,1200000,0.1
xxx_Latn-msa_Latn,qwen3-4b-instruct-2507,unknown,101443,28000,3.6
xxx_Latn-nld_Latn,metricx24,unknown,488083,1200000,0.4
xxx_Latn-nor_Latn,qwen3-4b-instruct-2507,unknown,150002,28000,5.4
xxx_Latn-pol_Latn,metricx24,unknown,105889,1200000,0.1
xxx_Latn-por_Latn,metricx24,unknown,234508,1200000,0.2
xxx_Latn-spa_Latn,metricx24,unknown,1415461,1200000,1.2
xxx_Latn-srd_Latn,qwen3-4b-instruct-2507,unknown,100559,28000,3.6
yao_Latn-eng_Latn,metricx24,unknown,202907,1200000,0.2
ydd_Hebr-cmn_Hani,metricx24,unknown,160141,1200000,0.1
ydd_Hebr-zho_Hans,qwen3-4b-instruct-2507,0.924729,191122,28000,6.8
yid_Hebr-zho_Hans,metricx24,unknown,66324,1200000,0.1
yor_Latn-zho_Hans,qwen3-4b-instruct-2507,0.877994,192871,28000,6.9
yor_Latn-zho_Hant,qwen3-4b-instruct-2507,0.874415,129270,28000,4.6
yor_Latn-zul_Latn,shaomutan_remedy-9b-22,0.750172888,565168,200000,2.8
yue_Hani-kor_Hang,metricx24,unknown,84453,1200000,0.1
yue_Hani-nld_Latn,metricx24,unknown,168919,1200000,0.1
yue_Hani-pol_Latn,metricx24,unknown,167041,1200000,0.1
yue_Hani-por_Latn,metricx24,unknown,189388,1200000,0.2
yue_Hani-ron_Latn,metricx24,unknown,89882,1200000,0.1
yue_Hani-rus_Cyrl,metricx24,unknown,240995,1200000,0.2
yue_Hani-swe_Latn,metricx24,unknown,123087,1200000,0.1
yue_Hani-tur_Latn,metricx24,unknown,135085,1200000,0.1
yue_Hani-zho_Hans,metricx24,unknown,247462,1200000,0.2
yue_Hani-zho_Hant,metricx24,unknown,198772,1200000,0.2
zho_Hans-cmn_Hani,metricx24,unknown,1420963,1200000,1.2
zho_Hans-lzh_Hani,metricx24,unknown,161868,1200000,0.1
zho_Hans-yue_Hani,metricx24,unknown,515348,1200000,0.4
zho_Hans-zho_Hant,metricx24,0.864783,5213881,1200000,4.3
zho_Hant-cmn_Hani,metricx24,unknown,316843,1200000,0.3
zho_Hant-zho_Hans,qwen3-4b-instruct-2507,0.955127,363220,28000,13.0
zho_Zyyy-cmn_Hani,qwen3-4b-instruct-2507,unknown,302183,28000,10.8
zho_Zyyy-zho_Hans,metricx24,unknown,415644,1200000,0.3
zsm_Latn-als_Latn,qwen3-4b-instruct-2507,0.923828,725386,28000,25.9
zsm_Latn-cmn_Hani,metricx24,unknown,2253291,1200000,1.9
zsm_Latn-eng_Latn,qwen3-4b-instruct-2507,0.982001,85006,28000,3.0
zsm_Latn-fil_Latn,metricx24,unknown,475646,1200000,0.4
zsm_Latn-ita_Latn,qwen3-4b-instruct-2507,0.976794,542789,28000,19.4
zsm_Latn-jpn_Jpan,qwen3-4b-instruct-2507,0.969253,136425,28000,4.9
zsm_Latn-kor_Hang,qwen3-4b-instruct-2507,0.96214,237147,28000,8.5
zsm_Latn-lit_Latn,qwen3-4b-instruct-2507,0.931822,200585,28000,7.2
zsm_Latn-lvs_Latn,qwen3-4b-instruct-2507,0.937307,120118,28000,4.3
zsm_Latn-mal_Mlym,qwen3-4b-instruct-2507,0.953649,52976,28000,1.9
zsm_Latn-mlt_Latn,shaomutan_remedy-9b-22,0.919683887,139729,200000,0.7
zsm_Latn-msa_Latn,metricx24,unknown,117085,1200000,0.1
zsm_Latn-mya_Mymr,shaomutan_remedy-9b-22,0.944312023,268397,200000,1.3
zsm_Latn-nep_Deva,metricx24,unknown,67137,1200000,0.1
zsm_Latn-nld_Latn,qwen3-4b-instruct-2507,0.955291,3389843,28000,121.1
zsm_Latn-nob_Latn,qwen3-4b-instruct-2507,0.946137,2734067,28000,97.6
zsm_Latn-nor_Latn,metricx24,unknown,662807,1200000,0.6
zsm_Latn-npi_Deva,bicleaner-ai,0.957341961,133003,2250000,0.1
zsm_Latn-pol_Latn,qwen3-4b-instruct-2507,0.964505,3583551,28000,128.0
zsm_Latn-por_Latn,qwen3-4b-instruct-2507,0.964266,2489272,28000,88.9
zsm_Latn-ron_Latn,qwen3-4b-instruct-2507,0.968283,3291568,28000,117.6
zsm_Latn-rus_Cyrl,qwen3-4b-instruct-2507,0.95999,4355964,28000,155.6
zsm_Latn-sin_Sinh,shaomutan_remedy-9b-22,0.942351251,557641,200000,2.8
zsm_Latn-slk_Latn,qwen3-4b-instruct-2507,0.96669,2145252,28000,76.6
zsm_Latn-slv_Latn,qwen3-4b-instruct-2507,0.953778,2106891,28000,75.2
zsm_Latn-sqi_Latn,metricx24,unknown,111881,1200000,0.1
zsm_Latn-srp_Cyrl,qwen3-4b-instruct-2507,0.963385,1145748,28000,40.9
zsm_Latn-srp_Latn,metricx24,unknown,1410590,1200000,1.2
zsm_Latn-sun_Latn,shaomutan_remedy-9b-22,0.897396504,82109,200000,0.4
zsm_Latn-swa_Latn,metricx24,unknown,131244,1200000,0.1
zsm_Latn-swe_Latn,qwen3-4b-instruct-2507,0.960742,2903759,28000,103.7
zsm_Latn-swh_Latn,shaomutan_remedy-9b-22,0.931470284,346548,200000,1.7
zsm_Latn-tam_Taml,qwen3-4b-instruct-2507,0.957486,565784,28000,20.2
zsm_Latn-tel_Telu,qwen3-4b-instruct-2507,0.953335,390590,28000,13.9
zsm_Latn-tgl_Latn,qwen3-4b-instruct-2507,0.932464,120159,28000,4.3
zsm_Latn-tha_Thai,qwen3-4b-instruct-2507,0.956247,3284625,28000,117.3
zsm_Latn-tur_Latn,metricx24,0.769126,5249265,1200000,4.4
zsm_Latn-ukr_Cyrl,qwen3-4b-instruct-2507,0.959209,2237857,28000,79.9
zsm_Latn-urd_Arab,shaomutan_remedy-9b-22,0.932984293,509349,200000,2.5
zsm_Latn-uzn_Latn,qwen3-4b-instruct-2507,0.874893,120715,28000,4.3
zsm_Latn-vie_Latn,metricx24,0.871645,6133082,1200000,5.1
zsm_Latn-xho_Latn,shaomutan_remedy-9b-22,0.841522224,68717,200000,0.3
zsm_Latn-yue_Hani,metricx24,unknown,119062,1200000,0.1
zsm_Latn-zho_Hans,qwen3-4b-instruct-2507,0.97785,557780,28000,19.9
zsm_Latn-zho_Hant,qwen3-4b-instruct-2507,0.978387,1026941,28000,36.7
zul_Latn-por_Latn,shaomutan_remedy-9b-22,0.89286873,51285,200000,0.3
zul_Latn-ron_Latn,shaomutan_remedy-9b-22,0.951543425,42965,200000,0.2
zul_Latn-rus_Cyrl,shaomutan_remedy-9b-22,0.930133163,43526,200000,0.2
zul_Latn-tur_Latn,shaomutan_remedy-9b-22,0.912605188,53355,200000,0.3
