language_pair,classification
awa_Deva-ory_Orya,0-0
mag_Deva-ory_Orya,0-0
awa_Deva-guj_Gujr,0-1
awa_Deva-kan_Knda,0-1
awa_Deva-mal_Mlym,0-1
awa_Deva-npi_Deva,0-1
awa_Deva-sin_Sinh,0-1
awa_Deva-snd_Arab,0-1
awa_Deva-tel_Telu,0-1
fon_Latn-kin_Latn,0-1
fon_Latn-nya_Latn,0-1
kiu_Latn-nor_Latn,0-1
mag_Deva-mal_Mlym,0-1
mag_Deva-npi_Deva,0-1
mag_Deva-sin_Sinh,0-1
mag_Deva-tel_Telu,0-1
nds_Latn-nep_Deva,0-1
nds_Latn-nno_Latn,0-1
nds_Latn-nor_Latn,0-1
nds_Latn-oci_Latn,0-1
nds_Latn-sin_Sinh,0-1
nds_Latn-sqi_Latn,0-1
ory_Orya-sin_Sinh,0-1
ory_Orya-snd_Arab,0-1
ory_Orya-tel_Telu,0-1
ory_Orya-wln_Latn,0-1
und_Kana-mal_Mlym,0-1
und_Kana-mkd_Cyrl,0-1
und_Kana-nor_Latn,0-1
und_Kana-sin_Sinh,0-1
und_Kana-sqi_Latn,0-1
awa_Deva-mar_Deva,0-2
awa_Deva-pan_Guru,0-2
awa_Deva-san_Deva,0-2
dyu_Latn-hau_Latn,0-2
mag_Deva-mar_Deva,0-2
nds_Latn-pan_Guru,0-2
nds_Latn-xho_Latn,0-2
ory_Orya-pan_Guru,0-2
ory_Orya-san_Deva,0-2
umb_Latn-zul_Latn,0-2
und_Kana-swa_Latn,0-2
awa_Deva-ben_Beng,0-3
awa_Deva-tam_Taml,0-3
awa_Deva-urd_Arab,0-3
bew_Latn-ind_Latn,0-3
fro_Latn-heb_Hebr,0-3
fro_Latn-ind_Latn,0-3
fro_Latn-ron_Latn,0-3
fro_Latn-slk_Latn,0-3
fro_Latn-slv_Latn,0-3
gug_Latn-ron_Latn,0-3
kiu_Latn-heb_Hebr,0-3
kiu_Latn-ind_Latn,0-3
kiu_Latn-lit_Latn,0-3
kiu_Latn-ron_Latn,0-3
kiu_Latn-slk_Latn,0-3
kiu_Latn-ukr_Cyrl,0-3
mag_Deva-tam_Taml,0-3
mag_Deva-urd_Arab,0-3
nds_Latn-ron_Latn,0-3
nds_Latn-slk_Latn,0-3
nds_Latn-slv_Latn,0-3
nds_Latn-tam_Taml,0-3
nds_Latn-tha_Thai,0-3
nds_Latn-ukr_Cyrl,0-3
ory_Orya-tam_Taml,0-3
ory_Orya-urd_Arab,0-3
shp_Latn-ron_Latn,0-3
und_Beng-dan_Latn,0-3
und_Beng-ell_Grek,0-3
und_Beng-heb_Hebr,0-3
und_Beng-ind_Latn,0-3
und_Beng-ron_Latn,0-3
und_Beng-tha_Thai,0-3
und_Beng-ukr_Cyrl,0-3
und_Geor-ron_Latn,0-3
und_Hira-ron_Latn,0-3
und_Hira-slv_Latn,0-3
und_Kana-lit_Latn,0-3
und_Kana-msa_Latn,0-3
und_Kana-ron_Latn,0-3
und_Kana-slk_Latn,0-3
und_Kana-slv_Latn,0-3
und_Kana-tam_Taml,0-3
und_Kana-tgl_Latn,0-3
und_Kana-tha_Thai,0-3
und_Kana-ukr_Cyrl,0-3
und_Kana-urd_Arab,0-3
xav_Latn-ron_Latn,0-3
awa_Deva-hin_Deva,0-4
cjk_Latn-por_Latn,0-4
fro_Latn-hrv_Latn,0-4
fro_Latn-hun_Latn,0-4
fro_Latn-ita_Latn,0-4
fro_Latn-nld_Latn,0-4
fro_Latn-pol_Latn,0-4
fro_Latn-por_Latn,0-4
fro_Latn-rus_Cyrl,0-4
fro_Latn-srp_Latn,0-4
fro_Latn-swe_Latn,0-4
fro_Latn-tur_Latn,0-4
fro_Latn-vie_Latn,0-4
gug_Latn-fin_Latn,0-4
gug_Latn-hun_Latn,0-4
gug_Latn-ita_Latn,0-4
gug_Latn-nld_Latn,0-4
gug_Latn-pol_Latn,0-4
gug_Latn-por_Latn,0-4
gug_Latn-rus_Cyrl,0-4
gug_Latn-swe_Latn,0-4
gug_Latn-tur_Latn,0-4
hyw_Armn-rus_Cyrl,0-4
kiu_Latn-fin_Latn,0-4
kiu_Latn-hrv_Latn,0-4
kiu_Latn-hun_Latn,0-4
kiu_Latn-ita_Latn,0-4
kiu_Latn-nld_Latn,0-4
kiu_Latn-pol_Latn,0-4
kiu_Latn-por_Latn,0-4
kiu_Latn-rus_Cyrl,0-4
kiu_Latn-swe_Latn,0-4
kiu_Latn-tur_Latn,0-4
kiu_Latn-vie_Latn,0-4
lfn_Latn-por_Latn,0-4
lfn_Latn-tur_Latn,0-4
nds_Latn-nld_Latn,0-4
nds_Latn-pol_Latn,0-4
nds_Latn-por_Latn,0-4
nds_Latn-rus_Cyrl,0-4
nds_Latn-srp_Cyrl,0-4
nds_Latn-swe_Latn,0-4
nds_Latn-tur_Latn,0-4
nds_Latn-vie_Latn,0-4
ory_Orya-por_Latn,0-4
ory_Orya-rus_Cyrl,0-4
shp_Latn-por_Latn,0-4
shp_Latn-rus_Cyrl,0-4
shp_Latn-tur_Latn,0-4
tar_Latn-rus_Cyrl,0-4
und_Beng-ces_Latn,0-4
und_Beng-fas_Arab,0-4
und_Beng-fin_Latn,0-4
und_Beng-hrv_Latn,0-4
und_Beng-hun_Latn,0-4
und_Beng-ita_Latn,0-4
und_Beng-kor_Hang,0-4
und_Beng-nld_Latn,0-4
und_Beng-pol_Latn,0-4
und_Beng-rus_Cyrl,0-4
und_Beng-swe_Latn,0-4
und_Beng-tur_Latn,0-4
und_Beng-vie_Latn,0-4
und_Geor-nld_Latn,0-4
und_Geor-pol_Latn,0-4
und_Geor-por_Latn,0-4
und_Geor-tur_Latn,0-4
und_Hira-nld_Latn,0-4
und_Hira-pol_Latn,0-4
und_Hira-por_Latn,0-4
und_Hira-rus_Cyrl,0-4
und_Hira-swe_Latn,0-4
und_Hira-tur_Latn,0-4
und_Kana-kor_Hang,0-4
und_Kana-nld_Latn,0-4
und_Kana-pol_Latn,0-4
und_Kana-por_Latn,0-4
und_Kana-rus_Cyrl,0-4
und_Kana-srp_Cyrl,0-4
und_Kana-swe_Latn,0-4
und_Kana-tur_Latn,0-4
und_Kana-vie_Latn,0-4
xav_Latn-rus_Cyrl,0-4
xav_Latn-swe_Latn,0-4
xav_Latn-tur_Latn,0-4
awa_Deva-eng_Latn,0-5
ban_Latn-eng_Latn,0-5
bew_Latn-eng_Latn,0-5
cjk_Latn-fra_Latn,0-5
cto_Latn-fra_Latn,0-5
dyu_Latn-eng_Latn,0-5
dyu_Latn-fra_Latn,0-5
enm_Latn-fra_Latn,0-5
enm_Latn-spa_Latn,0-5
fon_Latn-fra_Latn,0-5
fro_Latn-fra_Latn,0-5
fro_Latn-spa_Latn,0-5
gug_Latn-fra_Latn,0-5
hac_Arab-eng_Latn,0-5
hil_Latn-eng_Latn,0-5
kiu_Latn-eng_Latn,0-5
kiu_Latn-fra_Latn,0-5
kiu_Latn-jpn_Jpan,0-5
kiu_Latn-spa_Latn,0-5
kiu_Latn-zho_Hans,0-5
lue_Latn-fra_Latn,0-5
nds_Latn-eng_Latn,0-5
nds_Latn-fra_Latn,0-5
nds_Latn-zho_Hans,0-5
nds_Latn-zho_Hant,0-5
quw_Latn-fra_Latn,0-5
skg_Latn-zho_Hans,0-5
und_Beng-deu_Latn,0-5
und_Beng-eng_Latn,0-5
und_Beng-fra_Latn,0-5
und_Beng-spa_Latn,0-5
und_Grek-eng_Latn,0-5
und_Grek-fra_Latn,0-5
und_Grek-spa_Latn,0-5
und_Kana-eng_Latn,0-5
und_Kana-zho_Hans,0-5
und_Kana-zho_Hant,0-5
asm_Beng-nds_Latn,1-0
asm_Beng-ory_Orya,1-0
ast_Latn-nds_Latn,1-0
ast_Latn-und_Kana,1-0
bho_Deva-ory_Orya,1-0
bre_Latn-nds_Latn,1-0
cym_Latn-nds_Latn,1-0
epo_Latn-nds_Latn,1-0
epo_Latn-und_Kana,1-0
fry_Latn-nds_Latn,1-0
guj_Gujr-mag_Deva,1-0
guj_Gujr-nds_Latn,1-0
guj_Gujr-ory_Orya,1-0
hne_Deva-nds_Latn,1-0
kan_Knda-mag_Deva,1-0
kan_Knda-ory_Orya,1-0
kin_Latn-umb_Latn,1-0
mai_Deva-nds_Latn,1-0
mai_Deva-ory_Orya,1-0
mal_Mlym-nds_Latn,1-0
mal_Mlym-ory_Orya,1-0
mkd_Cyrl-nds_Latn,1-0
mlg_Latn-nds_Latn,1-0
nep_Deva-ory_Orya,1-0
nob_Latn-nds_Latn,1-0
npi_Deva-ory_Orya,1-0
srd_Latn-und_Kana,1-0
abk_Cyrl-nor_Latn,1-1
ace_Latn-jav_Latn,1-1
ace_Latn-war_Latn,1-1
aeb_Arab-nob_Latn,1-1
apc_Arab-mkd_Cyrl,1-1
apc_Arab-nob_Latn,1-1
apc_Arab-nor_Latn,1-1
ars_Arab-mal_Mlym,1-1
ars_Arab-mkd_Cyrl,1-1
ars_Arab-nob_Latn,1-1
ars_Arab-nor_Latn,1-1
ars_Arab-sin_Sinh,1-1
ary_Arab-epo_Latn,1-1
ary_Arab-mal_Mlym,1-1
ary_Arab-mkd_Cyrl,1-1
ary_Arab-nob_Latn,1-1
ary_Arab-nor_Latn,1-1
ary_Arab-npi_Deva,1-1
ary_Arab-sin_Sinh,1-1
ary_Arab-som_Latn,1-1
asm_Beng-ast_Latn,1-1
asm_Beng-bre_Latn,1-1
asm_Beng-cym_Latn,1-1
asm_Beng-guj_Gujr,1-1
asm_Beng-kan_Knda,1-1
asm_Beng-kin_Latn,1-1
asm_Beng-mai_Deva,1-1
asm_Beng-mal_Mlym,1-1
asm_Beng-mlg_Latn,1-1
asm_Beng-nep_Deva,1-1
asm_Beng-npi_Deva,1-1
asm_Beng-sin_Sinh,1-1
asm_Beng-snd_Arab,1-1
asm_Beng-sqi_Latn,1-1
asm_Beng-tel_Telu,1-1
asm_Beng-wln_Latn,1-1
ast_Latn-bre_Latn,1-1
ast_Latn-cym_Latn,1-1
ast_Latn-epo_Latn,1-1
ast_Latn-fry_Latn,1-1
ast_Latn-fur_Latn,1-1
ast_Latn-hbs_Latn,1-1
ast_Latn-ilo_Latn,1-1
ast_Latn-jav_Latn,1-1
ast_Latn-kin_Latn,1-1
ast_Latn-ltz_Latn,1-1
ast_Latn-lzh_Hani,1-1
ast_Latn-mal_Mlym,1-1
ast_Latn-mkd_Cyrl,1-1
ast_Latn-mlg_Latn,1-1
ast_Latn-nep_Deva,1-1
ast_Latn-nno_Latn,1-1
ast_Latn-nob_Latn,1-1
ast_Latn-nor_Latn,1-1
ast_Latn-oci_Latn,1-1
ast_Latn-sin_Sinh,1-1
ast_Latn-snd_Arab,1-1
ast_Latn-sqi_Latn,1-1
ast_Latn-srd_Latn,1-1
ast_Latn-sun_Latn,1-1
ast_Latn-tel_Telu,1-1
ast_Latn-wln_Latn,1-1
ast_Latn-yue_Hani,1-1
aze_Latn-cym_Latn,1-1
aze_Latn-epo_Latn,1-1
aze_Latn-fur_Latn,1-1
aze_Latn-hye_Armn,1-1
aze_Latn-jav_Latn,1-1
aze_Latn-khm_Khmr,1-1
aze_Latn-mal_Mlym,1-1
aze_Latn-mkd_Cyrl,1-1
aze_Latn-mlg_Latn,1-1
aze_Latn-mon_Cyrl,1-1
aze_Latn-nep_Deva,1-1
aze_Latn-nor_Latn,1-1
aze_Latn-sin_Sinh,1-1
aze_Latn-sqi_Latn,1-1
aze_Latn-srd_Latn,1-1
aze_Latn-sun_Latn,1-1
aze_Latn-tel_Telu,1-1
aze_Latn-yue_Hani,1-1
azj_Latn-cym_Latn,1-1
azj_Latn-epo_Latn,1-1
azj_Latn-guj_Gujr,1-1
azj_Latn-hye_Armn,1-1
azj_Latn-kan_Knda,1-1
azj_Latn-khm_Khmr,1-1
azj_Latn-mal_Mlym,1-1
azj_Latn-mkd_Cyrl,1-1
azj_Latn-mya_Mymr,1-1
azj_Latn-nep_Deva,1-1
azj_Latn-nob_Latn,1-1
azj_Latn-nor_Latn,1-1
azj_Latn-sin_Sinh,1-1
azj_Latn-som_Latn,1-1
azj_Latn-sqi_Latn,1-1
azj_Latn-srd_Latn,1-1
azj_Latn-sun_Latn,1-1
azj_Latn-tat_Cyrl,1-1
azj_Latn-tel_Telu,1-1
azj_Latn-tgk_Cyrl,1-1
bak_Cyrl-kir_Cyrl,1-1
bak_Cyrl-nor_Latn,1-1
bak_Cyrl-tat_Cyrl,1-1
bak_Cyrl-uig_Arab,1-1
bem_Latn-kin_Latn,1-1
bem_Latn-nya_Latn,1-1
bem_Latn-run_Latn,1-1
bem_Latn-sna_Latn,1-1
bho_Deva-guj_Gujr,1-1
bho_Deva-kan_Knda,1-1
bho_Deva-mal_Mlym,1-1
bho_Deva-npi_Deva,1-1
bho_Deva-sin_Sinh,1-1
bho_Deva-tel_Telu,1-1
bre_Latn-cym_Latn,1-1
bre_Latn-epo_Latn,1-1
bre_Latn-fry_Latn,1-1
bre_Latn-fur_Latn,1-1
bre_Latn-guj_Gujr,1-1
bre_Latn-jav_Latn,1-1
bre_Latn-kin_Latn,1-1
bre_Latn-ltz_Latn,1-1
bre_Latn-mai_Deva,1-1
bre_Latn-mal_Mlym,1-1
bre_Latn-mkd_Cyrl,1-1
bre_Latn-mlg_Latn,1-1
bre_Latn-nep_Deva,1-1
bre_Latn-nno_Latn,1-1
bre_Latn-nob_Latn,1-1
bre_Latn-nor_Latn,1-1
bre_Latn-oci_Latn,1-1
bre_Latn-sin_Sinh,1-1
bre_Latn-sqi_Latn,1-1
bre_Latn-srd_Latn,1-1
bre_Latn-wln_Latn,1-1
ckb_Arab-kmr_Latn,1-1
ckb_Arab-pbt_Arab,1-1
ckb_Arab-tgk_Cyrl,1-1
crh_Latn-tat_Cyrl,1-1
cym_Latn-epo_Latn,1-1
cym_Latn-fry_Latn,1-1
cym_Latn-fur_Latn,1-1
cym_Latn-guj_Gujr,1-1
cym_Latn-hne_Deva,1-1
cym_Latn-hye_Armn,1-1
cym_Latn-ibo_Latn,1-1
cym_Latn-jav_Latn,1-1
cym_Latn-kan_Knda,1-1
cym_Latn-khk_Cyrl,1-1
cym_Latn-khm_Khmr,1-1
cym_Latn-kin_Latn,1-1
cym_Latn-kir_Cyrl,1-1
cym_Latn-kmr_Latn,1-1
cym_Latn-lim_Latn,1-1
cym_Latn-mal_Mlym,1-1
cym_Latn-mkd_Cyrl,1-1
cym_Latn-mlg_Latn,1-1
cym_Latn-mon_Cyrl,1-1
cym_Latn-mya_Mymr,1-1
cym_Latn-nep_Deva,1-1
cym_Latn-nno_Latn,1-1
cym_Latn-nob_Latn,1-1
cym_Latn-nor_Latn,1-1
cym_Latn-npi_Deva,1-1
cym_Latn-oci_Latn,1-1
cym_Latn-pbt_Arab,1-1
cym_Latn-plt_Latn,1-1
cym_Latn-pus_Arab,1-1
cym_Latn-sin_Sinh,1-1
cym_Latn-som_Latn,1-1
cym_Latn-sqi_Latn,1-1
cym_Latn-srd_Latn,1-1
cym_Latn-sun_Latn,1-1
cym_Latn-tel_Telu,1-1
cym_Latn-tgk_Cyrl,1-1
cym_Latn-uig_Arab,1-1
cym_Latn-wln_Latn,1-1
cym_Latn-yue_Hani,1-1
epo_Latn-fry_Latn,1-1
epo_Latn-fur_Latn,1-1
epo_Latn-guj_Gujr,1-1
epo_Latn-hbs_Latn,1-1
epo_Latn-hne_Deva,1-1
epo_Latn-hye_Armn,1-1
epo_Latn-ibo_Latn,1-1
epo_Latn-ilo_Latn,1-1
epo_Latn-jav_Latn,1-1
epo_Latn-kan_Knda,1-1
epo_Latn-khm_Khmr,1-1
epo_Latn-kin_Latn,1-1
epo_Latn-ltz_Latn,1-1
epo_Latn-lzh_Hani,1-1
epo_Latn-mal_Mlym,1-1
epo_Latn-mkd_Cyrl,1-1
epo_Latn-mlg_Latn,1-1
epo_Latn-mya_Mymr,1-1
epo_Latn-nep_Deva,1-1
epo_Latn-nno_Latn,1-1
epo_Latn-nob_Latn,1-1
epo_Latn-nor_Latn,1-1
epo_Latn-npi_Deva,1-1
epo_Latn-oci_Latn,1-1
epo_Latn-plt_Latn,1-1
epo_Latn-sin_Sinh,1-1
epo_Latn-snd_Arab,1-1
epo_Latn-som_Latn,1-1
epo_Latn-sqi_Latn,1-1
epo_Latn-srd_Latn,1-1
epo_Latn-sun_Latn,1-1
epo_Latn-tel_Telu,1-1
epo_Latn-wln_Latn,1-1
epo_Latn-yue_Hani,1-1
ewe_Latn-ibo_Latn,1-1
ewe_Latn-kin_Latn,1-1
ewe_Latn-lin_Latn,1-1
ewe_Latn-lua_Latn,1-1
ewe_Latn-lug_Latn,1-1
ewe_Latn-nso_Latn,1-1
ewe_Latn-nya_Latn,1-1
ewe_Latn-run_Latn,1-1
ewe_Latn-sna_Latn,1-1
ewe_Latn-som_Latn,1-1
ewe_Latn-sot_Latn,1-1
ewe_Latn-swc_Latn,1-1
ewe_Latn-tso_Latn,1-1
ewe_Latn-tum_Latn,1-1
ewe_Latn-twi_Latn,1-1
fao_Latn-mkd_Cyrl,1-1
fao_Latn-nor_Latn,1-1
fij_Latn-ilo_Latn,1-1
fij_Latn-jav_Latn,1-1
fij_Latn-mri_Latn,1-1
fij_Latn-pag_Latn,1-1
fij_Latn-plt_Latn,1-1
fij_Latn-smo_Latn,1-1
fij_Latn-sun_Latn,1-1
fij_Latn-war_Latn,1-1
fry_Latn-jav_Latn,1-1
fry_Latn-ltz_Latn,1-1
fry_Latn-mal_Mlym,1-1
fry_Latn-mkd_Cyrl,1-1
fry_Latn-mlg_Latn,1-1
fry_Latn-nep_Deva,1-1
fry_Latn-nob_Latn,1-1
fry_Latn-nor_Latn,1-1
fry_Latn-oci_Latn,1-1
fry_Latn-sin_Sinh,1-1
fry_Latn-sqi_Latn,1-1
fry_Latn-tel_Telu,1-1
ful_Latn-som_Latn,1-1
fur_Latn-mal_Mlym,1-1
fur_Latn-mkd_Cyrl,1-1
fur_Latn-nno_Latn,1-1
fur_Latn-nob_Latn,1-1
fur_Latn-nor_Latn,1-1
fur_Latn-sin_Sinh,1-1
fur_Latn-sqi_Latn,1-1
fur_Latn-srd_Latn,1-1
fur_Latn-vec_Latn,1-1
gla_Latn-mkd_Cyrl,1-1
gla_Latn-nor_Latn,1-1
gsw_Latn-nob_Latn,1-1
guj_Gujr-hne_Deva,1-1
guj_Gujr-hye_Armn,1-1
guj_Gujr-kan_Knda,1-1
guj_Gujr-kas_Deva,1-1
guj_Gujr-khm_Khmr,1-1
guj_Gujr-kin_Latn,1-1
guj_Gujr-kmr_Latn,1-1
guj_Gujr-mai_Deva,1-1
guj_Gujr-mal_Mlym,1-1
guj_Gujr-mkd_Cyrl,1-1
guj_Gujr-mlg_Latn,1-1
guj_Gujr-mya_Mymr,1-1
guj_Gujr-nep_Deva,1-1
guj_Gujr-nno_Latn,1-1
guj_Gujr-nob_Latn,1-1
guj_Gujr-nor_Latn,1-1
guj_Gujr-npi_Deva,1-1
guj_Gujr-pus_Arab,1-1
guj_Gujr-sin_Sinh,1-1
guj_Gujr-snd_Arab,1-1
guj_Gujr-sqi_Latn,1-1
guj_Gujr-tel_Telu,1-1
guj_Gujr-tgk_Cyrl,1-1
guj_Gujr-wln_Latn,1-1
hbs_Latn-sin_Sinh,1-1
hbs_Latn-sqi_Latn,1-1
hne_Deva-kan_Knda,1-1
hne_Deva-mal_Mlym,1-1
hne_Deva-nep_Deva,1-1
hne_Deva-nno_Latn,1-1
hne_Deva-tel_Telu,1-1
hye_Armn-ibo_Latn,1-1
hye_Armn-jav_Latn,1-1
hye_Armn-kan_Knda,1-1
hye_Armn-khk_Cyrl,1-1
hye_Armn-khm_Khmr,1-1
hye_Armn-kir_Cyrl,1-1
hye_Armn-mal_Mlym,1-1
hye_Armn-mkd_Cyrl,1-1
hye_Armn-mlg_Latn,1-1
hye_Armn-mon_Cyrl,1-1
hye_Armn-mri_Latn,1-1
hye_Armn-mya_Mymr,1-1
hye_Armn-nep_Deva,1-1
hye_Armn-nob_Latn,1-1
hye_Armn-nor_Latn,1-1
hye_Armn-npi_Deva,1-1
hye_Armn-nya_Latn,1-1
hye_Armn-pbt_Arab,1-1
hye_Armn-plt_Latn,1-1
hye_Armn-pus_Arab,1-1
hye_Armn-sin_Sinh,1-1
hye_Armn-som_Latn,1-1
hye_Armn-sqi_Latn,1-1
hye_Armn-srd_Latn,1-1
hye_Armn-sun_Latn,1-1
hye_Armn-tat_Cyrl,1-1
hye_Armn-tel_Telu,1-1
hye_Armn-tgk_Cyrl,1-1
hye_Armn-yue_Hani,1-1
ibo_Latn-jav_Latn,1-1
ibo_Latn-khm_Khmr,1-1
ibo_Latn-kin_Latn,1-1
ibo_Latn-mal_Mlym,1-1
ibo_Latn-mkd_Cyrl,1-1
ibo_Latn-mlg_Latn,1-1
ibo_Latn-mya_Mymr,1-1
ibo_Latn-nep_Deva,1-1
ibo_Latn-nob_Latn,1-1
ibo_Latn-nor_Latn,1-1
ibo_Latn-nso_Latn,1-1
ibo_Latn-nya_Latn,1-1
ibo_Latn-run_Latn,1-1
ibo_Latn-sin_Sinh,1-1
ibo_Latn-sna_Latn,1-1
ibo_Latn-som_Latn,1-1
ibo_Latn-sot_Latn,1-1
ibo_Latn-sqi_Latn,1-1
ibo_Latn-sun_Latn,1-1
ibo_Latn-tel_Telu,1-1
ibo_Latn-tso_Latn,1-1
ibo_Latn-twi_Latn,1-1
ilo_Latn-jav_Latn,1-1
ilo_Latn-mal_Mlym,1-1
ilo_Latn-mkd_Cyrl,1-1
ilo_Latn-mlg_Latn,1-1
ilo_Latn-mri_Latn,1-1
ilo_Latn-nor_Latn,1-1
ilo_Latn-pag_Latn,1-1
ilo_Latn-plt_Latn,1-1
ilo_Latn-sin_Sinh,1-1
ilo_Latn-smo_Latn,1-1
ilo_Latn-sqi_Latn,1-1
ilo_Latn-sun_Latn,1-1
ilo_Latn-war_Latn,1-1
jav_Latn-fur_Latn,1-1
jav_Latn-ltz_Latn,1-1
jav_Latn-lzh_Hani,1-1
jav_Latn-mal_Mlym,1-1
jav_Latn-mkd_Cyrl,1-1
jav_Latn-mlg_Latn,1-1
jav_Latn-mon_Cyrl,1-1
jav_Latn-mri_Latn,1-1
jav_Latn-nep_Deva,1-1
jav_Latn-nob_Latn,1-1
jav_Latn-nor_Latn,1-1
jav_Latn-oci_Latn,1-1
jav_Latn-pag_Latn,1-1
jav_Latn-plt_Latn,1-1
jav_Latn-sin_Sinh,1-1
jav_Latn-smo_Latn,1-1
jav_Latn-som_Latn,1-1
jav_Latn-sqi_Latn,1-1
jav_Latn-srd_Latn,1-1
jav_Latn-sun_Latn,1-1
jav_Latn-tel_Telu,1-1
jav_Latn-war_Latn,1-1
jav_Latn-yue_Hani,1-1
kab_Latn-nor_Latn,1-1
kan_Knda-kas_Deva,1-1
kan_Knda-mai_Deva,1-1
kan_Knda-mal_Mlym,1-1
kan_Knda-mkd_Cyrl,1-1
kan_Knda-mlg_Latn,1-1
kan_Knda-mya_Mymr,1-1
kan_Knda-nep_Deva,1-1
kan_Knda-nob_Latn,1-1
kan_Knda-nor_Latn,1-1
kan_Knda-npi_Deva,1-1
kan_Knda-plt_Latn,1-1
kan_Knda-pus_Arab,1-1
kan_Knda-sin_Sinh,1-1
kan_Knda-snd_Arab,1-1
kan_Knda-som_Latn,1-1
kan_Knda-sqi_Latn,1-1
kan_Knda-tel_Telu,1-1
kan_Knda-wln_Latn,1-1
kas_Arab-tel_Telu,1-1
kas_Deva-mal_Mlym,1-1
kas_Deva-tel_Telu,1-1
khk_Cyrl-mya_Mymr,1-1
khk_Cyrl-nob_Latn,1-1
khk_Cyrl-nor_Latn,1-1
khk_Cyrl-sin_Sinh,1-1
khk_Cyrl-sun_Latn,1-1
khk_Cyrl-tel_Telu,1-1
khk_Cyrl-tgk_Cyrl,1-1
khm_Khmr-kan_Knda,1-1
khm_Khmr-khk_Cyrl,1-1
khm_Khmr-kir_Cyrl,1-1
khm_Khmr-mal_Mlym,1-1
khm_Khmr-mkd_Cyrl,1-1
khm_Khmr-mlg_Latn,1-1
khm_Khmr-mon_Cyrl,1-1
khm_Khmr-mya_Mymr,1-1
khm_Khmr-nep_Deva,1-1
khm_Khmr-nno_Latn,1-1
khm_Khmr-nob_Latn,1-1
khm_Khmr-nor_Latn,1-1
khm_Khmr-npi_Deva,1-1
khm_Khmr-nya_Latn,1-1
khm_Khmr-plt_Latn,1-1
khm_Khmr-pus_Arab,1-1
khm_Khmr-sin_Sinh,1-1
khm_Khmr-som_Latn,1-1
khm_Khmr-sqi_Latn,1-1
khm_Khmr-sun_Latn,1-1
khm_Khmr-tel_Telu,1-1
khm_Khmr-tgk_Cyrl,1-1
khm_Khmr-yue_Hani,1-1
kin_Latn-lin_Latn,1-1
kin_Latn-lua_Latn,1-1
kin_Latn-lug_Latn,1-1
kin_Latn-luo_Latn,1-1
kin_Latn-nso_Latn,1-1
kin_Latn-nya_Latn,1-1
kin_Latn-run_Latn,1-1
kin_Latn-sin_Sinh,1-1
kin_Latn-sna_Latn,1-1
kin_Latn-som_Latn,1-1
kin_Latn-sot_Latn,1-1
kin_Latn-ssw_Latn,1-1
kin_Latn-swc_Latn,1-1
kin_Latn-tso_Latn,1-1
kin_Latn-tum_Latn,1-1
kin_Latn-twi_Latn,1-1
kin_Latn-wln_Latn,1-1
kir_Cyrl-khk_Cyrl,1-1
kir_Cyrl-mal_Mlym,1-1
kir_Cyrl-mkd_Cyrl,1-1
kir_Cyrl-mlg_Latn,1-1
kir_Cyrl-mya_Mymr,1-1
kir_Cyrl-nep_Deva,1-1
kir_Cyrl-nob_Latn,1-1
kir_Cyrl-nor_Latn,1-1
kir_Cyrl-sin_Sinh,1-1
kir_Cyrl-som_Latn,1-1
kir_Cyrl-sqi_Latn,1-1
kir_Cyrl-sun_Latn,1-1
kir_Cyrl-tat_Cyrl,1-1
kir_Cyrl-tel_Telu,1-1
kir_Cyrl-tgk_Cyrl,1-1
kir_Cyrl-uig_Arab,1-1
kmr_Latn-kir_Cyrl,1-1
kmr_Latn-mal_Mlym,1-1
kmr_Latn-mkd_Cyrl,1-1
kmr_Latn-nep_Deva,1-1
kmr_Latn-nno_Latn,1-1
kmr_Latn-nob_Latn,1-1
kmr_Latn-nor_Latn,1-1
kmr_Latn-pbt_Arab,1-1
kmr_Latn-sin_Sinh,1-1
kmr_Latn-tel_Telu,1-1
kmr_Latn-tgk_Cyrl,1-1
lim_Latn-mkd_Cyrl,1-1
lim_Latn-nno_Latn,1-1
lim_Latn-nob_Latn,1-1
lim_Latn-nor_Latn,1-1
lim_Latn-sqi_Latn,1-1
lim_Latn-srd_Latn,1-1
lin_Latn-nso_Latn,1-1
lin_Latn-nya_Latn,1-1
lin_Latn-run_Latn,1-1
lin_Latn-sna_Latn,1-1
lin_Latn-som_Latn,1-1
lin_Latn-sot_Latn,1-1
lin_Latn-tso_Latn,1-1
lin_Latn-tum_Latn,1-1
lin_Latn-twi_Latn,1-1
ltz_Latn-mal_Mlym,1-1
ltz_Latn-mkd_Cyrl,1-1
ltz_Latn-mlg_Latn,1-1
ltz_Latn-nep_Deva,1-1
ltz_Latn-nob_Latn,1-1
ltz_Latn-nor_Latn,1-1
ltz_Latn-oci_Latn,1-1
ltz_Latn-sin_Sinh,1-1
ltz_Latn-sqi_Latn,1-1
ltz_Latn-tel_Telu,1-1
lua_Latn-nya_Latn,1-1
lua_Latn-run_Latn,1-1
lua_Latn-sna_Latn,1-1
lug_Latn-nso_Latn,1-1
lug_Latn-nya_Latn,1-1
lug_Latn-run_Latn,1-1
lug_Latn-sna_Latn,1-1
lug_Latn-som_Latn,1-1
lug_Latn-sot_Latn,1-1
lug_Latn-tso_Latn,1-1
lug_Latn-twi_Latn,1-1
luo_Latn-nya_Latn,1-1
luo_Latn-sna_Latn,1-1
luo_Latn-som_Latn,1-1
mai_Deva-mal_Mlym,1-1
mai_Deva-nep_Deva,1-1
mai_Deva-nno_Latn,1-1
mai_Deva-npi_Deva,1-1
mai_Deva-oci_Latn,1-1
mai_Deva-sin_Sinh,1-1
mai_Deva-snd_Arab,1-1
mai_Deva-tel_Telu,1-1
mal_Mlym-hbs_Latn,1-1
mal_Mlym-khk_Cyrl,1-1
mal_Mlym-kin_Latn,1-1
mal_Mlym-lzh_Hani,1-1
mal_Mlym-mon_Cyrl,1-1
mal_Mlym-mya_Mymr,1-1
mal_Mlym-nep_Deva,1-1
mal_Mlym-nno_Latn,1-1
mal_Mlym-nob_Latn,1-1
mal_Mlym-nor_Latn,1-1
mal_Mlym-npi_Deva,1-1
mal_Mlym-nya_Latn,1-1
mal_Mlym-oci_Latn,1-1
mal_Mlym-pbt_Arab,1-1
mal_Mlym-pus_Arab,1-1
mal_Mlym-sin_Sinh,1-1
mal_Mlym-sna_Latn,1-1
mal_Mlym-snd_Arab,1-1
mal_Mlym-som_Latn,1-1
mal_Mlym-sqi_Latn,1-1
mal_Mlym-srd_Latn,1-1
mal_Mlym-sun_Latn,1-1
mal_Mlym-tel_Telu,1-1
mal_Mlym-tgk_Cyrl,1-1
mal_Mlym-wln_Latn,1-1
mal_Mlym-yue_Hani,1-1
mhr_Cyrl-nor_Latn,1-1
min_Latn-war_Latn,1-1
mkd_Cyrl-epo_Latn,1-1
mkd_Cyrl-fur_Latn,1-1
mkd_Cyrl-hbs_Latn,1-1
mkd_Cyrl-khk_Cyrl,1-1
mkd_Cyrl-lim_Latn,1-1
mkd_Cyrl-lzh_Hani,1-1
mkd_Cyrl-mal_Mlym,1-1
mkd_Cyrl-mon_Cyrl,1-1
mkd_Cyrl-mya_Mymr,1-1
mkd_Cyrl-nep_Deva,1-1
mkd_Cyrl-nno_Latn,1-1
mkd_Cyrl-nob_Latn,1-1
mkd_Cyrl-nor_Latn,1-1
mkd_Cyrl-npi_Deva,1-1
mkd_Cyrl-nya_Latn,1-1
mkd_Cyrl-oci_Latn,1-1
mkd_Cyrl-pbt_Arab,1-1
mkd_Cyrl-pus_Arab,1-1
mkd_Cyrl-sin_Sinh,1-1
mkd_Cyrl-snd_Arab,1-1
mkd_Cyrl-som_Latn,1-1
mkd_Cyrl-sqi_Latn,1-1
mkd_Cyrl-srd_Latn,1-1
mkd_Cyrl-sun_Latn,1-1
mkd_Cyrl-tel_Telu,1-1
mkd_Cyrl-tgk_Cyrl,1-1
mkd_Cyrl-yue_Hani,1-1
mlg_Latn-mal_Mlym,1-1
mlg_Latn-mkd_Cyrl,1-1
mlg_Latn-mon_Cyrl,1-1
mlg_Latn-mya_Mymr,1-1
mlg_Latn-nep_Deva,1-1
mlg_Latn-nno_Latn,1-1
mlg_Latn-nor_Latn,1-1
mlg_Latn-oci_Latn,1-1
mlg_Latn-pus_Arab,1-1
mlg_Latn-sin_Sinh,1-1
mlg_Latn-som_Latn,1-1
mlg_Latn-sqi_Latn,1-1
mlg_Latn-sun_Latn,1-1
mlg_Latn-tel_Telu,1-1
mlg_Latn-war_Latn,1-1
mlg_Latn-yue_Hani,1-1
mon_Cyrl-mya_Mymr,1-1
mon_Cyrl-nep_Deva,1-1
mon_Cyrl-nor_Latn,1-1
mon_Cyrl-sin_Sinh,1-1
mon_Cyrl-sqi_Latn,1-1
mon_Cyrl-sun_Latn,1-1
mon_Cyrl-tel_Telu,1-1
mri_Latn-mal_Mlym,1-1
mri_Latn-mkd_Cyrl,1-1
mri_Latn-mya_Mymr,1-1
mri_Latn-nob_Latn,1-1
mri_Latn-nor_Latn,1-1
mri_Latn-sin_Sinh,1-1
mri_Latn-smo_Latn,1-1
mri_Latn-sun_Latn,1-1
mri_Latn-tel_Telu,1-1
mri_Latn-war_Latn,1-1
mya_Mymr-nep_Deva,1-1
mya_Mymr-nob_Latn,1-1
mya_Mymr-nor_Latn,1-1
mya_Mymr-npi_Deva,1-1
mya_Mymr-pbt_Arab,1-1
mya_Mymr-pus_Arab,1-1
mya_Mymr-sin_Sinh,1-1
mya_Mymr-som_Latn,1-1
mya_Mymr-sqi_Latn,1-1
mya_Mymr-sun_Latn,1-1
mya_Mymr-tel_Telu,1-1
mya_Mymr-tgk_Cyrl,1-1
mya_Mymr-yue_Hani,1-1
nep_Deva-kin_Latn,1-1
nep_Deva-nno_Latn,1-1
nep_Deva-nob_Latn,1-1
nep_Deva-nor_Latn,1-1
nep_Deva-oci_Latn,1-1
nep_Deva-pus_Arab,1-1
nep_Deva-sin_Sinh,1-1
nep_Deva-snd_Arab,1-1
nep_Deva-som_Latn,1-1
nep_Deva-sqi_Latn,1-1
nep_Deva-sun_Latn,1-1
nep_Deva-tel_Telu,1-1
nep_Deva-tgk_Cyrl,1-1
nep_Deva-wln_Latn,1-1
nep_Deva-yue_Hani,1-1
nno_Latn-kin_Latn,1-1
nno_Latn-nor_Latn,1-1
nno_Latn-nso_Latn,1-1
nno_Latn-oci_Latn,1-1
nno_Latn-pus_Arab,1-1
nno_Latn-sin_Sinh,1-1
nno_Latn-sqi_Latn,1-1
nno_Latn-tel_Telu,1-1
nno_Latn-tgk_Cyrl,1-1
nno_Latn-wln_Latn,1-1
nob_Latn-epo_Latn,1-1
nob_Latn-lzh_Hani,1-1
nob_Latn-mkd_Cyrl,1-1
nob_Latn-nno_Latn,1-1
nob_Latn-nor_Latn,1-1
nob_Latn-pbt_Arab,1-1
nob_Latn-sin_Sinh,1-1
nob_Latn-som_Latn,1-1
nob_Latn-sqi_Latn,1-1
nob_Latn-srd_Latn,1-1
nob_Latn-sun_Latn,1-1
nob_Latn-tel_Telu,1-1
nob_Latn-tgk_Cyrl,1-1
nob_Latn-wln_Latn,1-1
nob_Latn-yue_Hani,1-1
nor_Latn-abk_Cyrl,1-1
nor_Latn-bak_Cyrl,1-1
nor_Latn-epo_Latn,1-1
nor_Latn-fur_Latn,1-1
nor_Latn-hbs_Latn,1-1
nor_Latn-kab_Latn,1-1
nor_Latn-lzh_Hani,1-1
nor_Latn-mhr_Cyrl,1-1
nor_Latn-nno_Latn,1-1
nor_Latn-oci_Latn,1-1
nor_Latn-pus_Arab,1-1
nor_Latn-sin_Sinh,1-1
nor_Latn-snd_Arab,1-1
nor_Latn-som_Latn,1-1
nor_Latn-sqi_Latn,1-1
nor_Latn-srd_Latn,1-1
nor_Latn-sun_Latn,1-1
nor_Latn-tel_Telu,1-1
nor_Latn-tgk_Cyrl,1-1
nor_Latn-yue_Hani,1-1
npi_Deva-kin_Latn,1-1
npi_Deva-nno_Latn,1-1
npi_Deva-nob_Latn,1-1
npi_Deva-nor_Latn,1-1
npi_Deva-sin_Sinh,1-1
npi_Deva-snd_Arab,1-1
npi_Deva-sqi_Latn,1-1
npi_Deva-sun_Latn,1-1
npi_Deva-tel_Telu,1-1
nso_Latn-nya_Latn,1-1
nso_Latn-run_Latn,1-1
nso_Latn-sna_Latn,1-1
nso_Latn-som_Latn,1-1
nso_Latn-sot_Latn,1-1
nso_Latn-tso_Latn,1-1
nso_Latn-twi_Latn,1-1
nya_Latn-run_Latn,1-1
nya_Latn-sin_Sinh,1-1
nya_Latn-sna_Latn,1-1
nya_Latn-som_Latn,1-1
nya_Latn-sot_Latn,1-1
nya_Latn-sun_Latn,1-1
nya_Latn-swc_Latn,1-1
nya_Latn-tel_Telu,1-1
nya_Latn-tso_Latn,1-1
nya_Latn-tum_Latn,1-1
nya_Latn-twi_Latn,1-1
oci_Latn-sin_Sinh,1-1
oci_Latn-sqi_Latn,1-1
pbt_Arab-sin_Sinh,1-1
pbt_Arab-tel_Telu,1-1
pbt_Arab-tgk_Cyrl,1-1
plt_Latn-mal_Mlym,1-1
plt_Latn-mkd_Cyrl,1-1
plt_Latn-mri_Latn,1-1
plt_Latn-mya_Mymr,1-1
plt_Latn-nep_Deva,1-1
plt_Latn-nob_Latn,1-1
plt_Latn-nor_Latn,1-1
plt_Latn-npi_Deva,1-1
plt_Latn-pag_Latn,1-1
plt_Latn-sin_Sinh,1-1
plt_Latn-smo_Latn,1-1
plt_Latn-sun_Latn,1-1
plt_Latn-tel_Telu,1-1
plt_Latn-war_Latn,1-1
pus_Arab-sin_Sinh,1-1
pus_Arab-sqi_Latn,1-1
pus_Arab-tel_Telu,1-1
run_Latn-sna_Latn,1-1
run_Latn-som_Latn,1-1
run_Latn-sot_Latn,1-1
run_Latn-swc_Latn,1-1
run_Latn-tso_Latn,1-1
run_Latn-tum_Latn,1-1
run_Latn-twi_Latn,1-1
sco_Latn-nob_Latn,1-1
sin_Sinh-lzh_Hani,1-1
sin_Sinh-snd_Arab,1-1
sin_Sinh-som_Latn,1-1
sin_Sinh-sqi_Latn,1-1
sin_Sinh-sun_Latn,1-1
sin_Sinh-tel_Telu,1-1
sin_Sinh-tgk_Cyrl,1-1
sin_Sinh-wln_Latn,1-1
sin_Sinh-yue_Hani,1-1
smo_Latn-sun_Latn,1-1
smo_Latn-war_Latn,1-1
sna_Latn-som_Latn,1-1
sna_Latn-sot_Latn,1-1
sna_Latn-swc_Latn,1-1
sna_Latn-tel_Telu,1-1
sna_Latn-tso_Latn,1-1
sna_Latn-tum_Latn,1-1
sna_Latn-twi_Latn,1-1
snd_Arab-sin_Sinh,1-1
snd_Arab-sqi_Latn,1-1
snd_Arab-tel_Telu,1-1
som_Latn-sot_Latn,1-1
som_Latn-sqi_Latn,1-1
som_Latn-sun_Latn,1-1
som_Latn-tel_Telu,1-1
som_Latn-tgk_Cyrl,1-1
som_Latn-tso_Latn,1-1
som_Latn-tum_Latn,1-1
som_Latn-twi_Latn,1-1
som_Latn-yue_Hani,1-1
sot_Latn-ssw_Latn,1-1
sot_Latn-swc_Latn,1-1
sot_Latn-tso_Latn,1-1
sot_Latn-tum_Latn,1-1
sot_Latn-twi_Latn,1-1
sqi_Latn-lzh_Hani,1-1
sqi_Latn-sun_Latn,1-1
sqi_Latn-tel_Telu,1-1
sqi_Latn-tgk_Cyrl,1-1
sqi_Latn-yue_Hani,1-1
srd_Latn-epo_Latn,1-1
srd_Latn-fur_Latn,1-1
srd_Latn-jav_Latn,1-1
srd_Latn-lim_Latn,1-1
srd_Latn-ltz_Latn,1-1
srd_Latn-lzh_Hani,1-1
srd_Latn-mal_Mlym,1-1
srd_Latn-mkd_Cyrl,1-1
srd_Latn-nep_Deva,1-1
srd_Latn-nno_Latn,1-1
srd_Latn-nob_Latn,1-1
srd_Latn-nor_Latn,1-1
srd_Latn-oci_Latn,1-1
srd_Latn-sin_Sinh,1-1
srd_Latn-sqi_Latn,1-1
srd_Latn-tel_Telu,1-1
srd_Latn-vec_Latn,1-1
srd_Latn-yue_Hani,1-1
ssw_Latn-tso_Latn,1-1
sun_Latn-tel_Telu,1-1
sun_Latn-tgk_Cyrl,1-1
sun_Latn-war_Latn,1-1
sun_Latn-yue_Hani,1-1
swc_Latn-tso_Latn,1-1
swc_Latn-tum_Latn,1-1
tat_Cyrl-uig_Arab,1-1
tel_Telu-tgk_Cyrl,1-1
tel_Telu-yue_Hani,1-1
tso_Latn-tum_Latn,1-1
tso_Latn-twi_Latn,1-1
tum_Latn-twi_Latn,1-1
vec_Latn-fur_Latn,1-1
vec_Latn-mkd_Cyrl,1-1
vec_Latn-nob_Latn,1-1
vec_Latn-nor_Latn,1-1
vec_Latn-sqi_Latn,1-1
vec_Latn-srd_Latn,1-1
ars_Arab-als_Latn,1-2
ars_Arab-isl_Latn,1-2
ary_Arab-als_Latn,1-2
ary_Arab-isl_Latn,1-2
ary_Arab-mar_Deva,1-2
ary_Arab-swh_Latn,1-2
ary_Arab-xho_Latn,1-2
asm_Beng-gle_Latn,1-2
asm_Beng-isl_Latn,1-2
asm_Beng-mar_Deva,1-2
asm_Beng-pan_Guru,1-2
asm_Beng-san_Deva,1-2
asm_Beng-xho_Latn,1-2
ast_Latn-als_Latn,1-2
ast_Latn-gle_Latn,1-2
ast_Latn-hau_Latn,1-2
ast_Latn-isl_Latn,1-2
ast_Latn-mar_Deva,1-2
ast_Latn-swa_Latn,1-2
ast_Latn-xho_Latn,1-2
aze_Latn-hat_Latn,1-2
aze_Latn-hau_Latn,1-2
aze_Latn-isl_Latn,1-2
aze_Latn-mar_Deva,1-2
aze_Latn-swa_Latn,1-2
aze_Latn-xho_Latn,1-2
azj_Latn-als_Latn,1-2
azj_Latn-gle_Latn,1-2
azj_Latn-hat_Latn,1-2
azj_Latn-hau_Latn,1-2
azj_Latn-isl_Latn,1-2
azj_Latn-mar_Deva,1-2
azj_Latn-mlt_Latn,1-2
azj_Latn-swa_Latn,1-2
azj_Latn-swh_Latn,1-2
azj_Latn-xho_Latn,1-2
bem_Latn-hau_Latn,1-2
bem_Latn-swa_Latn,1-2
bem_Latn-tsn_Latn,1-2
bem_Latn-xho_Latn,1-2
bem_Latn-zul_Latn,1-2
bho_Deva-mar_Deva,1-2
bho_Deva-pan_Guru,1-2
bre_Latn-gle_Latn,1-2
bre_Latn-isl_Latn,1-2
bre_Latn-mar_Deva,1-2
bre_Latn-pan_Guru,1-2
bre_Latn-swa_Latn,1-2
bre_Latn-xho_Latn,1-2
cym_Latn-als_Latn,1-2
cym_Latn-gle_Latn,1-2
cym_Latn-hat_Latn,1-2
cym_Latn-hau_Latn,1-2
cym_Latn-isl_Latn,1-2
cym_Latn-lao_Laoo,1-2
cym_Latn-mar_Deva,1-2
cym_Latn-mlt_Latn,1-2
cym_Latn-pan_Guru,1-2
cym_Latn-swa_Latn,1-2
cym_Latn-swh_Latn,1-2
cym_Latn-xho_Latn,1-2
cym_Latn-yor_Latn,1-2
cym_Latn-zul_Latn,1-2
epo_Latn-als_Latn,1-2
epo_Latn-gle_Latn,1-2
epo_Latn-hat_Latn,1-2
epo_Latn-hau_Latn,1-2
epo_Latn-isl_Latn,1-2
epo_Latn-mar_Deva,1-2
epo_Latn-pan_Guru,1-2
epo_Latn-swa_Latn,1-2
epo_Latn-swh_Latn,1-2
epo_Latn-xho_Latn,1-2
ewe_Latn-hau_Latn,1-2
ewe_Latn-swa_Latn,1-2
ewe_Latn-swh_Latn,1-2
ewe_Latn-tir_Ethi,1-2
ewe_Latn-tsn_Latn,1-2
ewe_Latn-xho_Latn,1-2
ewe_Latn-yor_Latn,1-2
ewe_Latn-zul_Latn,1-2
fry_Latn-gle_Latn,1-2
fry_Latn-hau_Latn,1-2
fry_Latn-isl_Latn,1-2
fry_Latn-mar_Deva,1-2
fry_Latn-swa_Latn,1-2
fry_Latn-xho_Latn,1-2
ful_Latn-hau_Latn,1-2
ful_Latn-yor_Latn,1-2
fur_Latn-isl_Latn,1-2
fur_Latn-swa_Latn,1-2
fur_Latn-xho_Latn,1-2
guj_Gujr-als_Latn,1-2
guj_Gujr-isl_Latn,1-2
guj_Gujr-mar_Deva,1-2
guj_Gujr-pan_Guru,1-2
guj_Gujr-san_Deva,1-2
guj_Gujr-swa_Latn,1-2
guj_Gujr-xho_Latn,1-2
hbs_Latn-swa_Latn,1-2
hbs_Latn-xho_Latn,1-2
hne_Deva-mar_Deva,1-2
hne_Deva-pan_Guru,1-2
hye_Armn-als_Latn,1-2
hye_Armn-isl_Latn,1-2
hye_Armn-lao_Laoo,1-2
hye_Armn-mar_Deva,1-2
hye_Armn-pan_Guru,1-2
hye_Armn-swa_Latn,1-2
hye_Armn-swh_Latn,1-2
hye_Armn-xho_Latn,1-2
hye_Armn-yor_Latn,1-2
hye_Armn-zul_Latn,1-2
ibo_Latn-als_Latn,1-2
ibo_Latn-isl_Latn,1-2
ibo_Latn-mar_Deva,1-2
ibo_Latn-swa_Latn,1-2
ibo_Latn-swh_Latn,1-2
ibo_Latn-tsn_Latn,1-2
ibo_Latn-xho_Latn,1-2
ibo_Latn-yor_Latn,1-2
ibo_Latn-zul_Latn,1-2
ilo_Latn-isl_Latn,1-2
ilo_Latn-lao_Laoo,1-2
ilo_Latn-mar_Deva,1-2
ilo_Latn-swa_Latn,1-2
jav_Latn-mar_Deva,1-2
jav_Latn-swa_Latn,1-2
jav_Latn-xho_Latn,1-2
kan_Knda-als_Latn,1-2
kan_Knda-mar_Deva,1-2
kan_Knda-pan_Guru,1-2
kan_Knda-san_Deva,1-2
kan_Knda-swa_Latn,1-2
kan_Knda-xho_Latn,1-2
kas_Deva-mar_Deva,1-2
khk_Cyrl-als_Latn,1-2
khk_Cyrl-mar_Deva,1-2
khm_Khmr-als_Latn,1-2
khm_Khmr-lao_Laoo,1-2
khm_Khmr-mar_Deva,1-2
khm_Khmr-pan_Guru,1-2
khm_Khmr-swa_Latn,1-2
khm_Khmr-swh_Latn,1-2
khm_Khmr-xho_Latn,1-2
khm_Khmr-yor_Latn,1-2
kin_Latn-swa_Latn,1-2
kin_Latn-swh_Latn,1-2
kin_Latn-tir_Ethi,1-2
kin_Latn-tsn_Latn,1-2
kin_Latn-xho_Latn,1-2
kin_Latn-yor_Latn,1-2
kin_Latn-zul_Latn,1-2
kir_Cyrl-als_Latn,1-2
kir_Cyrl-mar_Deva,1-2
kir_Cyrl-swa_Latn,1-2
kmr_Latn-als_Latn,1-2
kmr_Latn-mar_Deva,1-2
kmr_Latn-pan_Guru,1-2
kmr_Latn-xho_Latn,1-2
lin_Latn-swa_Latn,1-2
lin_Latn-swh_Latn,1-2
lin_Latn-tsn_Latn,1-2
lin_Latn-xho_Latn,1-2
lin_Latn-yor_Latn,1-2
lin_Latn-zul_Latn,1-2
ltz_Latn-mar_Deva,1-2
ltz_Latn-swa_Latn,1-2
ltz_Latn-xho_Latn,1-2
lua_Latn-swa_Latn,1-2
lua_Latn-tsn_Latn,1-2
lua_Latn-xho_Latn,1-2
lua_Latn-zul_Latn,1-2
lug_Latn-swa_Latn,1-2
lug_Latn-swh_Latn,1-2
lug_Latn-tsn_Latn,1-2
lug_Latn-xho_Latn,1-2
lug_Latn-yor_Latn,1-2
lug_Latn-zul_Latn,1-2
luo_Latn-swa_Latn,1-2
luo_Latn-tsn_Latn,1-2
luo_Latn-xho_Latn,1-2
luo_Latn-zul_Latn,1-2
mai_Deva-mar_Deva,1-2
mai_Deva-pan_Guru,1-2
mai_Deva-san_Deva,1-2
mal_Mlym-als_Latn,1-2
mal_Mlym-mar_Deva,1-2
mal_Mlym-pan_Guru,1-2
mal_Mlym-san_Deva,1-2
mal_Mlym-swa_Latn,1-2
mal_Mlym-swh_Latn,1-2
mal_Mlym-xho_Latn,1-2
mal_Mlym-yor_Latn,1-2
mal_Mlym-zul_Latn,1-2
mkd_Cyrl-als_Latn,1-2
mkd_Cyrl-mar_Deva,1-2
mkd_Cyrl-mlt_Latn,1-2
mkd_Cyrl-pan_Guru,1-2
mkd_Cyrl-swa_Latn,1-2
mkd_Cyrl-swh_Latn,1-2
mkd_Cyrl-xho_Latn,1-2
mkd_Cyrl-yor_Latn,1-2
mkd_Cyrl-zul_Latn,1-2
mlg_Latn-mar_Deva,1-2
mlg_Latn-pan_Guru,1-2
mlg_Latn-swa_Latn,1-2
mlg_Latn-xho_Latn,1-2
mlg_Latn-yor_Latn,1-2
mon_Cyrl-mar_Deva,1-2
mon_Cyrl-swa_Latn,1-2
mri_Latn-als_Latn,1-2
mri_Latn-mar_Deva,1-2
mri_Latn-xho_Latn,1-2
mya_Mymr-als_Latn,1-2
mya_Mymr-pan_Guru,1-2
mya_Mymr-swa_Latn,1-2
mya_Mymr-swh_Latn,1-2
mya_Mymr-xho_Latn,1-2
mya_Mymr-yor_Latn,1-2
mya_Mymr-zul_Latn,1-2
nep_Deva-als_Latn,1-2
nep_Deva-pan_Guru,1-2
nep_Deva-san_Deva,1-2
nep_Deva-swa_Latn,1-2
nep_Deva-swh_Latn,1-2
nep_Deva-xho_Latn,1-2
nep_Deva-yor_Latn,1-2
nep_Deva-zul_Latn,1-2
nno_Latn-als_Latn,1-2
nno_Latn-pan_Guru,1-2
nno_Latn-xho_Latn,1-2
nob_Latn-als_Latn,1-2
nob_Latn-isl_Latn,1-2
nob_Latn-swa_Latn,1-2
nob_Latn-swh_Latn,1-2
nob_Latn-xho_Latn,1-2
nor_Latn-als_Latn,1-2
nor_Latn-pan_Guru,1-2
nor_Latn-swa_Latn,1-2
nor_Latn-swh_Latn,1-2
nor_Latn-xho_Latn,1-2
nor_Latn-yor_Latn,1-2
npi_Deva-als_Latn,1-2
npi_Deva-pan_Guru,1-2
npi_Deva-san_Deva,1-2
npi_Deva-swh_Latn,1-2
npi_Deva-xho_Latn,1-2
nso_Latn-swa_Latn,1-2
nso_Latn-swh_Latn,1-2
nso_Latn-tsn_Latn,1-2
nso_Latn-xho_Latn,1-2
nso_Latn-yor_Latn,1-2
nso_Latn-zul_Latn,1-2
nya_Latn-swa_Latn,1-2
nya_Latn-swh_Latn,1-2
nya_Latn-tir_Ethi,1-2
nya_Latn-tsn_Latn,1-2
nya_Latn-xho_Latn,1-2
nya_Latn-yor_Latn,1-2
nya_Latn-zul_Latn,1-2
oci_Latn-pan_Guru,1-2
oci_Latn-swa_Latn,1-2
oci_Latn-xho_Latn,1-2
pbt_Arab-als_Latn,1-2
plt_Latn-als_Latn,1-2
plt_Latn-mar_Deva,1-2
plt_Latn-swh_Latn,1-2
plt_Latn-xho_Latn,1-2
pus_Arab-swa_Latn,1-2
pus_Arab-xho_Latn,1-2
run_Latn-swa_Latn,1-2
run_Latn-swh_Latn,1-2
run_Latn-tir_Ethi,1-2
run_Latn-tsn_Latn,1-2
run_Latn-xho_Latn,1-2
run_Latn-yor_Latn,1-2
run_Latn-zul_Latn,1-2
sin_Sinh-als_Latn,1-2
sin_Sinh-swa_Latn,1-2
sin_Sinh-swh_Latn,1-2
sin_Sinh-xho_Latn,1-2
sin_Sinh-yor_Latn,1-2
sin_Sinh-zul_Latn,1-2
sna_Latn-als_Latn,1-2
sna_Latn-swa_Latn,1-2
sna_Latn-swh_Latn,1-2
sna_Latn-tir_Ethi,1-2
sna_Latn-tsn_Latn,1-2
sna_Latn-xho_Latn,1-2
sna_Latn-yor_Latn,1-2
sna_Latn-zul_Latn,1-2
snd_Arab-swa_Latn,1-2
snd_Arab-xho_Latn,1-2
som_Latn-als_Latn,1-2
som_Latn-swa_Latn,1-2
som_Latn-swh_Latn,1-2
som_Latn-tir_Ethi,1-2
som_Latn-tsn_Latn,1-2
som_Latn-xho_Latn,1-2
som_Latn-yor_Latn,1-2
som_Latn-zul_Latn,1-2
sot_Latn-swa_Latn,1-2
sot_Latn-swh_Latn,1-2
sot_Latn-tir_Ethi,1-2
sot_Latn-tsn_Latn,1-2
sot_Latn-xho_Latn,1-2
sot_Latn-yor_Latn,1-2
sot_Latn-zul_Latn,1-2
sqi_Latn-swa_Latn,1-2
sqi_Latn-swh_Latn,1-2
sqi_Latn-xho_Latn,1-2
sqi_Latn-yor_Latn,1-2
srd_Latn-als_Latn,1-2
srd_Latn-isl_Latn,1-2
srd_Latn-mar_Deva,1-2
srd_Latn-swa_Latn,1-2
srd_Latn-xho_Latn,1-2
ssw_Latn-swa_Latn,1-2
ssw_Latn-tsn_Latn,1-2
ssw_Latn-xho_Latn,1-2
ssw_Latn-zul_Latn,1-2
sun_Latn-swa_Latn,1-2
sun_Latn-swh_Latn,1-2
sun_Latn-xho_Latn,1-2
sun_Latn-yor_Latn,1-2
swc_Latn-xho_Latn,1-2
swc_Latn-zul_Latn,1-2
tel_Telu-xho_Latn,1-2
tel_Telu-yor_Latn,1-2
tel_Telu-zul_Latn,1-2
tgk_Cyrl-xho_Latn,1-2
tso_Latn-xho_Latn,1-2
tso_Latn-yor_Latn,1-2
tso_Latn-zul_Latn,1-2
tum_Latn-xho_Latn,1-2
tum_Latn-yor_Latn,1-2
tum_Latn-zul_Latn,1-2
twi_Latn-xho_Latn,1-2
twi_Latn-yor_Latn,1-2
twi_Latn-zul_Latn,1-2
wln_Latn-xho_Latn,1-2
abk_Cyrl-bos_Latn,1-3
abk_Cyrl-dan_Latn,1-3
abk_Cyrl-ell_Grek,1-3
abk_Cyrl-est_Latn,1-3
abk_Cyrl-heb_Hebr,1-3
abk_Cyrl-ind_Latn,1-3
abk_Cyrl-ron_Latn,1-3
abk_Cyrl-slk_Latn,1-3
abk_Cyrl-slv_Latn,1-3
abk_Cyrl-tha_Thai,1-3
abk_Cyrl-ukr_Cyrl,1-3
ace_Latn-ceb_Latn,1-3
aeb_Arab-bos_Latn,1-3
aeb_Arab-bul_Cyrl,1-3
aeb_Arab-dan_Latn,1-3
aeb_Arab-ekk_Latn,1-3
aeb_Arab-ell_Grek,1-3
aeb_Arab-heb_Hebr,1-3
aeb_Arab-ind_Latn,1-3
aeb_Arab-ron_Latn,1-3
aeb_Arab-slk_Latn,1-3
aeb_Arab-slv_Latn,1-3
aeb_Arab-tha_Thai,1-3
apc_Arab-ben_Beng,1-3
apc_Arab-bos_Latn,1-3
apc_Arab-bul_Cyrl,1-3
apc_Arab-dan_Latn,1-3
apc_Arab-ekk_Latn,1-3
apc_Arab-ell_Grek,1-3
apc_Arab-est_Latn,1-3
apc_Arab-heb_Hebr,1-3
apc_Arab-ind_Latn,1-3
apc_Arab-lit_Latn,1-3
apc_Arab-msa_Latn,1-3
apc_Arab-ron_Latn,1-3
apc_Arab-slk_Latn,1-3
apc_Arab-slv_Latn,1-3
apc_Arab-tha_Thai,1-3
apc_Arab-ukr_Cyrl,1-3
apc_Arab-urd_Arab,1-3
arg_Latn-ben_Beng,1-3
arg_Latn-glg_Latn,1-3
arg_Latn-heb_Hebr,1-3
arg_Latn-ind_Latn,1-3
arg_Latn-ron_Latn,1-3
arg_Latn-slk_Latn,1-3
arg_Latn-ukr_Cyrl,1-3
arq_Arab-bul_Cyrl,1-3
arq_Arab-dan_Latn,1-3
arq_Arab-ell_Grek,1-3
arq_Arab-heb_Hebr,1-3
arq_Arab-ind_Latn,1-3
arq_Arab-ron_Latn,1-3
arq_Arab-slv_Latn,1-3
ars_Arab-ben_Beng,1-3
ars_Arab-bos_Latn,1-3
ars_Arab-bul_Cyrl,1-3
ars_Arab-dan_Latn,1-3
ars_Arab-ekk_Latn,1-3
ars_Arab-ell_Grek,1-3
ars_Arab-est_Latn,1-3
ars_Arab-heb_Hebr,1-3
ars_Arab-ind_Latn,1-3
ars_Arab-lit_Latn,1-3
ars_Arab-lvs_Latn,1-3
ars_Arab-msa_Latn,1-3
ars_Arab-ron_Latn,1-3
ars_Arab-slk_Latn,1-3
ars_Arab-slv_Latn,1-3
ars_Arab-tam_Taml,1-3
ars_Arab-tha_Thai,1-3
ars_Arab-ukr_Cyrl,1-3
ars_Arab-urd_Arab,1-3
ars_Arab-zsm_Latn,1-3
ary_Arab-ben_Beng,1-3
ary_Arab-bos_Latn,1-3
ary_Arab-bul_Cyrl,1-3
ary_Arab-dan_Latn,1-3
ary_Arab-ekk_Latn,1-3
ary_Arab-ell_Grek,1-3
ary_Arab-est_Latn,1-3
ary_Arab-heb_Hebr,1-3
ary_Arab-ind_Latn,1-3
ary_Arab-lit_Latn,1-3
ary_Arab-lvs_Latn,1-3
ary_Arab-msa_Latn,1-3
ary_Arab-ron_Latn,1-3
ary_Arab-slk_Latn,1-3
ary_Arab-slv_Latn,1-3
ary_Arab-tam_Taml,1-3
ary_Arab-tha_Thai,1-3
ary_Arab-ukr_Cyrl,1-3
ary_Arab-urd_Arab,1-3
ary_Arab-zsm_Latn,1-3
asm_Beng-ben_Beng,1-3
asm_Beng-bos_Latn,1-3
asm_Beng-dan_Latn,1-3
asm_Beng-ell_Grek,1-3
asm_Beng-heb_Hebr,1-3
asm_Beng-ind_Latn,1-3
asm_Beng-lit_Latn,1-3
asm_Beng-msa_Latn,1-3
asm_Beng-ron_Latn,1-3
asm_Beng-slk_Latn,1-3
asm_Beng-slv_Latn,1-3
asm_Beng-tam_Taml,1-3
asm_Beng-tha_Thai,1-3
asm_Beng-ukr_Cyrl,1-3
asm_Beng-urd_Arab,1-3
ast_Latn-bel_Cyrl,1-3
ast_Latn-ben_Beng,1-3
ast_Latn-bos_Latn,1-3
ast_Latn-bul_Cyrl,1-3
ast_Latn-ceb_Latn,1-3
ast_Latn-dan_Latn,1-3
ast_Latn-ekk_Latn,1-3
ast_Latn-ell_Grek,1-3
ast_Latn-est_Latn,1-3
ast_Latn-glg_Latn,1-3
ast_Latn-heb_Hebr,1-3
ast_Latn-ind_Latn,1-3
ast_Latn-kat_Geor,1-3
ast_Latn-kaz_Cyrl,1-3
ast_Latn-lat_Latn,1-3
ast_Latn-lav_Latn,1-3
ast_Latn-lit_Latn,1-3
ast_Latn-lvs_Latn,1-3
ast_Latn-msa_Latn,1-3
ast_Latn-ron_Latn,1-3
ast_Latn-slk_Latn,1-3
ast_Latn-slv_Latn,1-3
ast_Latn-tam_Taml,1-3
ast_Latn-tgl_Latn,1-3
ast_Latn-tha_Thai,1-3
ast_Latn-ukr_Cyrl,1-3
ast_Latn-urd_Arab,1-3
ast_Latn-uzn_Latn,1-3
aze_Latn-bel_Cyrl,1-3
aze_Latn-ben_Beng,1-3
aze_Latn-bul_Cyrl,1-3
aze_Latn-dan_Latn,1-3
aze_Latn-ekk_Latn,1-3
aze_Latn-ell_Grek,1-3
aze_Latn-est_Latn,1-3
aze_Latn-glg_Latn,1-3
aze_Latn-heb_Hebr,1-3
aze_Latn-ind_Latn,1-3
aze_Latn-kat_Geor,1-3
aze_Latn-kaz_Cyrl,1-3
aze_Latn-lav_Latn,1-3
aze_Latn-lit_Latn,1-3
aze_Latn-lvs_Latn,1-3
aze_Latn-msa_Latn,1-3
aze_Latn-ron_Latn,1-3
aze_Latn-slk_Latn,1-3
aze_Latn-slv_Latn,1-3
aze_Latn-tam_Taml,1-3
aze_Latn-tgl_Latn,1-3
aze_Latn-tha_Thai,1-3
aze_Latn-ukr_Cyrl,1-3
aze_Latn-urd_Arab,1-3
aze_Latn-uzn_Latn,1-3
azj_Latn-bel_Cyrl,1-3
azj_Latn-ben_Beng,1-3
azj_Latn-bos_Latn,1-3
azj_Latn-bul_Cyrl,1-3
azj_Latn-dan_Latn,1-3
azj_Latn-ekk_Latn,1-3
azj_Latn-ell_Grek,1-3
azj_Latn-est_Latn,1-3
azj_Latn-fil_Latn,1-3
azj_Latn-glg_Latn,1-3
azj_Latn-heb_Hebr,1-3
azj_Latn-ind_Latn,1-3
azj_Latn-kat_Geor,1-3
azj_Latn-kaz_Cyrl,1-3
azj_Latn-lit_Latn,1-3
azj_Latn-lvs_Latn,1-3
azj_Latn-msa_Latn,1-3
azj_Latn-ron_Latn,1-3
azj_Latn-slk_Latn,1-3
azj_Latn-slv_Latn,1-3
azj_Latn-tam_Taml,1-3
azj_Latn-tgl_Latn,1-3
azj_Latn-tha_Thai,1-3
azj_Latn-ukr_Cyrl,1-3
azj_Latn-urd_Arab,1-3
azj_Latn-uzn_Latn,1-3
azj_Latn-zsm_Latn,1-3
bak_Cyrl-dan_Latn,1-3
bak_Cyrl-ell_Grek,1-3
bak_Cyrl-est_Latn,1-3
bak_Cyrl-heb_Hebr,1-3
bak_Cyrl-ind_Latn,1-3
bak_Cyrl-ron_Latn,1-3
bak_Cyrl-slk_Latn,1-3
bak_Cyrl-slv_Latn,1-3
bak_Cyrl-tha_Thai,1-3
bak_Cyrl-ukr_Cyrl,1-3
bak_Cyrl-uzn_Latn,1-3
bar_Latn-ell_Grek,1-3
bar_Latn-heb_Hebr,1-3
bar_Latn-ron_Latn,1-3
bar_Latn-slk_Latn,1-3
bho_Deva-tam_Taml,1-3
bho_Deva-urd_Arab,1-3
bjn_Latn-ind_Latn,1-3
bre_Latn-bos_Latn,1-3
bre_Latn-dan_Latn,1-3
bre_Latn-ekk_Latn,1-3
bre_Latn-ell_Grek,1-3
bre_Latn-est_Latn,1-3
bre_Latn-glg_Latn,1-3
bre_Latn-heb_Hebr,1-3
bre_Latn-ind_Latn,1-3
bre_Latn-kat_Geor,1-3
bre_Latn-kaz_Cyrl,1-3
bre_Latn-lav_Latn,1-3
bre_Latn-lit_Latn,1-3
bre_Latn-lvs_Latn,1-3
bre_Latn-msa_Latn,1-3
bre_Latn-ron_Latn,1-3
bre_Latn-slk_Latn,1-3
bre_Latn-slv_Latn,1-3
bre_Latn-tam_Taml,1-3
bre_Latn-tgl_Latn,1-3
bre_Latn-tha_Thai,1-3
bre_Latn-ukr_Cyrl,1-3
bre_Latn-urd_Arab,1-3
bre_Latn-uzn_Latn,1-3
cbk_Latn-ron_Latn,1-3
ckb_Arab-ron_Latn,1-3
ckb_Arab-tha_Thai,1-3
ckb_Arab-ukr_Cyrl,1-3
cym_Latn-dan_Latn,1-3
cym_Latn-ekk_Latn,1-3
cym_Latn-ell_Grek,1-3
cym_Latn-est_Latn,1-3
cym_Latn-fil_Latn,1-3
cym_Latn-glg_Latn,1-3
cym_Latn-heb_Hebr,1-3
cym_Latn-ind_Latn,1-3
cym_Latn-kat_Geor,1-3
cym_Latn-kaz_Cyrl,1-3
cym_Latn-lav_Latn,1-3
cym_Latn-lit_Latn,1-3
cym_Latn-lvs_Latn,1-3
cym_Latn-msa_Latn,1-3
cym_Latn-ron_Latn,1-3
cym_Latn-slk_Latn,1-3
cym_Latn-slv_Latn,1-3
cym_Latn-tam_Taml,1-3
cym_Latn-tgl_Latn,1-3
cym_Latn-tha_Thai,1-3
cym_Latn-ukr_Cyrl,1-3
cym_Latn-urd_Arab,1-3
cym_Latn-uzn_Latn,1-3
cym_Latn-zsm_Latn,1-3
epo_Latn-dan_Latn,1-3
epo_Latn-ekk_Latn,1-3
epo_Latn-ell_Grek,1-3
epo_Latn-est_Latn,1-3
epo_Latn-fil_Latn,1-3
epo_Latn-glg_Latn,1-3
epo_Latn-heb_Hebr,1-3
epo_Latn-ind_Latn,1-3
epo_Latn-kat_Geor,1-3
epo_Latn-kaz_Cyrl,1-3
epo_Latn-lat_Latn,1-3
epo_Latn-lav_Latn,1-3
epo_Latn-lit_Latn,1-3
epo_Latn-lvs_Latn,1-3
epo_Latn-msa_Latn,1-3
epo_Latn-ron_Latn,1-3
epo_Latn-slk_Latn,1-3
epo_Latn-slv_Latn,1-3
epo_Latn-tam_Taml,1-3
epo_Latn-tgl_Latn,1-3
epo_Latn-tha_Thai,1-3
epo_Latn-ukr_Cyrl,1-3
epo_Latn-urd_Arab,1-3
epo_Latn-uzn_Latn,1-3
epo_Latn-zsm_Latn,1-3
fao_Latn-heb_Hebr,1-3
fao_Latn-ind_Latn,1-3
fao_Latn-lit_Latn,1-3
fao_Latn-ron_Latn,1-3
fao_Latn-slk_Latn,1-3
fao_Latn-slv_Latn,1-3
fao_Latn-ukr_Cyrl,1-3
fry_Latn-glg_Latn,1-3
fry_Latn-heb_Hebr,1-3
fry_Latn-ind_Latn,1-3
fry_Latn-kat_Geor,1-3
fry_Latn-kaz_Cyrl,1-3
fry_Latn-lat_Latn,1-3
fry_Latn-lav_Latn,1-3
fry_Latn-lit_Latn,1-3
fry_Latn-lvs_Latn,1-3
fry_Latn-msa_Latn,1-3
fry_Latn-ron_Latn,1-3
fry_Latn-slk_Latn,1-3
fry_Latn-slv_Latn,1-3
fry_Latn-tam_Taml,1-3
fry_Latn-tgl_Latn,1-3
fry_Latn-tha_Thai,1-3
fry_Latn-ukr_Cyrl,1-3
fry_Latn-urd_Arab,1-3
ful_Latn-ind_Latn,1-3
ful_Latn-ron_Latn,1-3
ful_Latn-tgl_Latn,1-3
ful_Latn-ukr_Cyrl,1-3
fur_Latn-ell_Grek,1-3
fur_Latn-est_Latn,1-3
fur_Latn-glg_Latn,1-3
fur_Latn-heb_Hebr,1-3
fur_Latn-ind_Latn,1-3
fur_Latn-lav_Latn,1-3
fur_Latn-lit_Latn,1-3
fur_Latn-lvs_Latn,1-3
fur_Latn-msa_Latn,1-3
fur_Latn-ron_Latn,1-3
fur_Latn-slk_Latn,1-3
fur_Latn-slv_Latn,1-3
fur_Latn-tam_Taml,1-3
fur_Latn-tgl_Latn,1-3
fur_Latn-tha_Thai,1-3
fur_Latn-ukr_Cyrl,1-3
fur_Latn-urd_Arab,1-3
gla_Latn-heb_Hebr,1-3
gla_Latn-ind_Latn,1-3
gla_Latn-lit_Latn,1-3
gla_Latn-ron_Latn,1-3
gla_Latn-slk_Latn,1-3
gla_Latn-ukr_Cyrl,1-3
grc_Grek-ron_Latn,1-3
gsw_Latn-ekk_Latn,1-3
gsw_Latn-ell_Grek,1-3
gsw_Latn-heb_Hebr,1-3
gsw_Latn-ind_Latn,1-3
gsw_Latn-lit_Latn,1-3
gsw_Latn-lvs_Latn,1-3
gsw_Latn-ron_Latn,1-3
gsw_Latn-slk_Latn,1-3
gsw_Latn-slv_Latn,1-3
gsw_Latn-ukr_Cyrl,1-3
guj_Gujr-heb_Hebr,1-3
guj_Gujr-ind_Latn,1-3
guj_Gujr-kat_Geor,1-3
guj_Gujr-kaz_Cyrl,1-3
guj_Gujr-lit_Latn,1-3
guj_Gujr-lvs_Latn,1-3
guj_Gujr-msa_Latn,1-3
guj_Gujr-ron_Latn,1-3
guj_Gujr-slk_Latn,1-3
guj_Gujr-slv_Latn,1-3
guj_Gujr-tam_Taml,1-3
guj_Gujr-tgl_Latn,1-3
guj_Gujr-tha_Thai,1-3
guj_Gujr-ukr_Cyrl,1-3
guj_Gujr-urd_Arab,1-3
guj_Gujr-uzn_Latn,1-3
guj_Gujr-zsm_Latn,1-3
hbs_Latn-slk_Latn,1-3
hbs_Latn-slv_Latn,1-3
hbs_Latn-tam_Taml,1-3
hbs_Latn-tgl_Latn,1-3
hbs_Latn-ukr_Cyrl,1-3
hbs_Latn-urd_Arab,1-3
hne_Deva-lit_Latn,1-3
hne_Deva-ron_Latn,1-3
hne_Deva-slk_Latn,1-3
hne_Deva-slv_Latn,1-3
hne_Deva-tam_Taml,1-3
hne_Deva-tha_Thai,1-3
hne_Deva-ukr_Cyrl,1-3
hne_Deva-urd_Arab,1-3
hye_Armn-fil_Latn,1-3
hye_Armn-ind_Latn,1-3
hye_Armn-kat_Geor,1-3
hye_Armn-kaz_Cyrl,1-3
hye_Armn-lav_Latn,1-3
hye_Armn-lit_Latn,1-3
hye_Armn-lvs_Latn,1-3
hye_Armn-msa_Latn,1-3
hye_Armn-ron_Latn,1-3
hye_Armn-slk_Latn,1-3
hye_Armn-slv_Latn,1-3
hye_Armn-tam_Taml,1-3
hye_Armn-tgl_Latn,1-3
hye_Armn-tha_Thai,1-3
hye_Armn-ukr_Cyrl,1-3
hye_Armn-urd_Arab,1-3
hye_Armn-zsm_Latn,1-3
ibo_Latn-kat_Geor,1-3
ibo_Latn-kaz_Cyrl,1-3
ibo_Latn-lav_Latn,1-3
ibo_Latn-lit_Latn,1-3
ibo_Latn-lvs_Latn,1-3
ibo_Latn-msa_Latn,1-3
ibo_Latn-ron_Latn,1-3
ibo_Latn-slk_Latn,1-3
ibo_Latn-slv_Latn,1-3
ibo_Latn-tam_Taml,1-3
ibo_Latn-tgl_Latn,1-3
ibo_Latn-tha_Thai,1-3
ibo_Latn-ukr_Cyrl,1-3
ibo_Latn-urd_Arab,1-3
ido_Latn-ron_Latn,1-3
ilo_Latn-ind_Latn,1-3
ilo_Latn-lit_Latn,1-3
ilo_Latn-msa_Latn,1-3
ilo_Latn-ron_Latn,1-3
ilo_Latn-slk_Latn,1-3
ilo_Latn-slv_Latn,1-3
ilo_Latn-tam_Taml,1-3
ilo_Latn-tgl_Latn,1-3
ilo_Latn-tha_Thai,1-3
ilo_Latn-ukr_Cyrl,1-3
ilo_Latn-urd_Arab,1-3
ina_Latn-heb_Hebr,1-3
ina_Latn-ron_Latn,1-3
ina_Latn-slv_Latn,1-3
jam_Latn-ron_Latn,1-3
jav_Latn-fil_Latn,1-3
jav_Latn-kat_Geor,1-3
jav_Latn-kaz_Cyrl,1-3
jav_Latn-lat_Latn,1-3
jav_Latn-lav_Latn,1-3
jav_Latn-lit_Latn,1-3
jav_Latn-lvs_Latn,1-3
jav_Latn-msa_Latn,1-3
jav_Latn-ron_Latn,1-3
jav_Latn-slk_Latn,1-3
jav_Latn-slv_Latn,1-3
jav_Latn-tam_Taml,1-3
jav_Latn-tgl_Latn,1-3
jav_Latn-tha_Thai,1-3
jav_Latn-ukr_Cyrl,1-3
jav_Latn-urd_Arab,1-3
jav_Latn-zsm_Latn,1-3
kab_Latn-ell_Grek,1-3
kab_Latn-heb_Hebr,1-3
kab_Latn-ind_Latn,1-3
kab_Latn-msa_Latn,1-3
kab_Latn-ron_Latn,1-3
kab_Latn-slk_Latn,1-3
kab_Latn-slv_Latn,1-3
kab_Latn-tha_Thai,1-3
kab_Latn-ukr_Cyrl,1-3
kan_Knda-lit_Latn,1-3
kan_Knda-lvs_Latn,1-3
kan_Knda-msa_Latn,1-3
kan_Knda-ron_Latn,1-3
kan_Knda-slk_Latn,1-3
kan_Knda-slv_Latn,1-3
kan_Knda-tam_Taml,1-3
kan_Knda-tgl_Latn,1-3
kan_Knda-tha_Thai,1-3
kan_Knda-ukr_Cyrl,1-3
kan_Knda-urd_Arab,1-3
kan_Knda-uzn_Latn,1-3
kas_Deva-tam_Taml,1-3
kas_Deva-urd_Arab,1-3
khk_Cyrl-msa_Latn,1-3
khk_Cyrl-ron_Latn,1-3
khk_Cyrl-slk_Latn,1-3
khk_Cyrl-slv_Latn,1-3
khk_Cyrl-tam_Taml,1-3
khk_Cyrl-tgl_Latn,1-3
khk_Cyrl-tha_Thai,1-3
khk_Cyrl-ukr_Cyrl,1-3
khk_Cyrl-urd_Arab,1-3
khm_Khmr-fil_Latn,1-3
khm_Khmr-ind_Latn,1-3
khm_Khmr-lav_Latn,1-3
khm_Khmr-lit_Latn,1-3
khm_Khmr-lvs_Latn,1-3
khm_Khmr-msa_Latn,1-3
khm_Khmr-ron_Latn,1-3
khm_Khmr-slk_Latn,1-3
khm_Khmr-slv_Latn,1-3
khm_Khmr-tam_Taml,1-3
khm_Khmr-tgl_Latn,1-3
khm_Khmr-tha_Thai,1-3
khm_Khmr-ukr_Cyrl,1-3
khm_Khmr-urd_Arab,1-3
khm_Khmr-zsm_Latn,1-3
kin_Latn-heb_Hebr,1-3
kin_Latn-ind_Latn,1-3
kin_Latn-ron_Latn,1-3
kin_Latn-slk_Latn,1-3
kin_Latn-slv_Latn,1-3
kin_Latn-tgl_Latn,1-3
kin_Latn-tha_Thai,1-3
kin_Latn-ukr_Cyrl,1-3
kir_Cyrl-fil_Latn,1-3
kir_Cyrl-lit_Latn,1-3
kir_Cyrl-lvs_Latn,1-3
kir_Cyrl-msa_Latn,1-3
kir_Cyrl-ron_Latn,1-3
kir_Cyrl-slk_Latn,1-3
kir_Cyrl-slv_Latn,1-3
kir_Cyrl-tam_Taml,1-3
kir_Cyrl-tgl_Latn,1-3
kir_Cyrl-tha_Thai,1-3
kir_Cyrl-ukr_Cyrl,1-3
kir_Cyrl-urd_Arab,1-3
kir_Cyrl-uzn_Latn,1-3
kmr_Latn-lit_Latn,1-3
kmr_Latn-lvs_Latn,1-3
kmr_Latn-msa_Latn,1-3
kmr_Latn-ron_Latn,1-3
kmr_Latn-slk_Latn,1-3
kmr_Latn-slv_Latn,1-3
kmr_Latn-tam_Taml,1-3
kmr_Latn-tgl_Latn,1-3
kmr_Latn-tha_Thai,1-3
kmr_Latn-ukr_Cyrl,1-3
kmr_Latn-urd_Arab,1-3
lim_Latn-heb_Hebr,1-3
lim_Latn-ind_Latn,1-3
lim_Latn-lit_Latn,1-3
lim_Latn-lvs_Latn,1-3
lim_Latn-msa_Latn,1-3
lim_Latn-ron_Latn,1-3
lim_Latn-slk_Latn,1-3
lim_Latn-slv_Latn,1-3
lim_Latn-tam_Taml,1-3
lim_Latn-tgl_Latn,1-3
lim_Latn-tha_Thai,1-3
lim_Latn-ukr_Cyrl,1-3
lin_Latn-ron_Latn,1-3
lin_Latn-tgl_Latn,1-3
ltz_Latn-lav_Latn,1-3
ltz_Latn-lit_Latn,1-3
ltz_Latn-lvs_Latn,1-3
ltz_Latn-msa_Latn,1-3
ltz_Latn-ron_Latn,1-3
ltz_Latn-slk_Latn,1-3
ltz_Latn-slv_Latn,1-3
ltz_Latn-tam_Taml,1-3
ltz_Latn-tgl_Latn,1-3
ltz_Latn-tha_Thai,1-3
ltz_Latn-ukr_Cyrl,1-3
ltz_Latn-urd_Arab,1-3
lug_Latn-ron_Latn,1-3
lzh_Hani-ron_Latn,1-3
lzh_Hani-ukr_Cyrl,1-3
mai_Deva-tam_Taml,1-3
mai_Deva-urd_Arab,1-3
mal_Mlym-fil_Latn,1-3
mal_Mlym-ind_Latn,1-3
mal_Mlym-msa_Latn,1-3
mal_Mlym-ron_Latn,1-3
mal_Mlym-slk_Latn,1-3
mal_Mlym-slv_Latn,1-3
mal_Mlym-tam_Taml,1-3
mal_Mlym-tgl_Latn,1-3
mal_Mlym-tha_Thai,1-3
mal_Mlym-ukr_Cyrl,1-3
mal_Mlym-urd_Arab,1-3
mal_Mlym-uzn_Latn,1-3
mal_Mlym-zsm_Latn,1-3
mhr_Cyrl-bos_Latn,1-3
mhr_Cyrl-dan_Latn,1-3
mhr_Cyrl-ell_Grek,1-3
mhr_Cyrl-est_Latn,1-3
mhr_Cyrl-heb_Hebr,1-3
mhr_Cyrl-ind_Latn,1-3
mhr_Cyrl-ron_Latn,1-3
mhr_Cyrl-slk_Latn,1-3
mhr_Cyrl-slv_Latn,1-3
mhr_Cyrl-tha_Thai,1-3
mhr_Cyrl-ukr_Cyrl,1-3
mkd_Cyrl-afr_Latn,1-3
mkd_Cyrl-bos_Latn,1-3
mkd_Cyrl-dan_Latn,1-3
mkd_Cyrl-ekk_Latn,1-3
mkd_Cyrl-ell_Grek,1-3
mkd_Cyrl-est_Latn,1-3
mkd_Cyrl-fil_Latn,1-3
mkd_Cyrl-heb_Hebr,1-3
mkd_Cyrl-ind_Latn,1-3
mkd_Cyrl-msa_Latn,1-3
mkd_Cyrl-ron_Latn,1-3
mkd_Cyrl-slk_Latn,1-3
mkd_Cyrl-slv_Latn,1-3
mkd_Cyrl-tam_Taml,1-3
mkd_Cyrl-tgl_Latn,1-3
mkd_Cyrl-tha_Thai,1-3
mkd_Cyrl-ukr_Cyrl,1-3
mkd_Cyrl-urd_Arab,1-3
mkd_Cyrl-uzn_Latn,1-3
mkd_Cyrl-zsm_Latn,1-3
mlg_Latn-msa_Latn,1-3
mlg_Latn-ron_Latn,1-3
mlg_Latn-slk_Latn,1-3
mlg_Latn-slv_Latn,1-3
mlg_Latn-tam_Taml,1-3
mlg_Latn-tgl_Latn,1-3
mlg_Latn-tha_Thai,1-3
mlg_Latn-ukr_Cyrl,1-3
mlg_Latn-urd_Arab,1-3
mon_Cyrl-msa_Latn,1-3
mon_Cyrl-ron_Latn,1-3
mon_Cyrl-slk_Latn,1-3
mon_Cyrl-slv_Latn,1-3
mon_Cyrl-tam_Taml,1-3
mon_Cyrl-tgl_Latn,1-3
mon_Cyrl-tha_Thai,1-3
mon_Cyrl-ukr_Cyrl,1-3
mon_Cyrl-urd_Arab,1-3
mri_Latn-fil_Latn,1-3
mri_Latn-msa_Latn,1-3
mri_Latn-ron_Latn,1-3
mri_Latn-slk_Latn,1-3
mri_Latn-slv_Latn,1-3
mri_Latn-tgl_Latn,1-3
mri_Latn-tha_Thai,1-3
mri_Latn-ukr_Cyrl,1-3
mri_Latn-urd_Arab,1-3
mya_Mymr-fil_Latn,1-3
mya_Mymr-ron_Latn,1-3
mya_Mymr-slk_Latn,1-3
mya_Mymr-slv_Latn,1-3
mya_Mymr-tam_Taml,1-3
mya_Mymr-tgl_Latn,1-3
mya_Mymr-tha_Thai,1-3
mya_Mymr-ukr_Cyrl,1-3
mya_Mymr-urd_Arab,1-3
nap_Latn-ron_Latn,1-3
nep_Deva-fil_Latn,1-3
nep_Deva-ron_Latn,1-3
nep_Deva-slk_Latn,1-3
nep_Deva-slv_Latn,1-3
nep_Deva-tam_Taml,1-3
nep_Deva-tgl_Latn,1-3
nep_Deva-tha_Thai,1-3
nep_Deva-ukr_Cyrl,1-3
nep_Deva-urd_Arab,1-3
nno_Latn-ell_Grek,1-3
nno_Latn-heb_Hebr,1-3
nno_Latn-ind_Latn,1-3
nno_Latn-lit_Latn,1-3
nno_Latn-ron_Latn,1-3
nno_Latn-slk_Latn,1-3
nno_Latn-slv_Latn,1-3
nno_Latn-tam_Taml,1-3
nno_Latn-tgl_Latn,1-3
nno_Latn-tha_Thai,1-3
nno_Latn-ukr_Cyrl,1-3
nno_Latn-urd_Arab,1-3
nno_Latn-uzn_Latn,1-3
nob_Latn-ekk_Latn,1-3
nob_Latn-ell_Grek,1-3
nob_Latn-est_Latn,1-3
nob_Latn-fil_Latn,1-3
nob_Latn-heb_Hebr,1-3
nob_Latn-ind_Latn,1-3
nob_Latn-lit_Latn,1-3
nob_Latn-lvs_Latn,1-3
nob_Latn-msa_Latn,1-3
nob_Latn-ron_Latn,1-3
nob_Latn-slk_Latn,1-3
nob_Latn-slv_Latn,1-3
nob_Latn-tam_Taml,1-3
nob_Latn-tgl_Latn,1-3
nob_Latn-tha_Thai,1-3
nob_Latn-ukr_Cyrl,1-3
nob_Latn-urd_Arab,1-3
nob_Latn-uzn_Latn,1-3
nor_Latn-fil_Latn,1-3
nor_Latn-ron_Latn,1-3
nor_Latn-slk_Latn,1-3
nor_Latn-slv_Latn,1-3
nor_Latn-tam_Taml,1-3
nor_Latn-tgl_Latn,1-3
nor_Latn-tha_Thai,1-3
nor_Latn-ukr_Cyrl,1-3
nor_Latn-urd_Arab,1-3
npi_Deva-fil_Latn,1-3
npi_Deva-ron_Latn,1-3
npi_Deva-slk_Latn,1-3
npi_Deva-slv_Latn,1-3
npi_Deva-tam_Taml,1-3
npi_Deva-tha_Thai,1-3
npi_Deva-ukr_Cyrl,1-3
npi_Deva-urd_Arab,1-3
nso_Latn-ron_Latn,1-3
nya_Latn-ron_Latn,1-3
nya_Latn-slk_Latn,1-3
nya_Latn-slv_Latn,1-3
nya_Latn-tam_Taml,1-3
nya_Latn-tgl_Latn,1-3
nya_Latn-tha_Thai,1-3
nya_Latn-ukr_Cyrl,1-3
nya_Latn-urd_Arab,1-3
oci_Latn-ron_Latn,1-3
oci_Latn-slk_Latn,1-3
oci_Latn-slv_Latn,1-3
oci_Latn-tam_Taml,1-3
oci_Latn-tgl_Latn,1-3
oci_Latn-tha_Thai,1-3
oci_Latn-ukr_Cyrl,1-3
oci_Latn-urd_Arab,1-3
pap_Latn-heb_Hebr,1-3
pap_Latn-ind_Latn,1-3
pap_Latn-lit_Latn,1-3
pap_Latn-ron_Latn,1-3
pap_Latn-slk_Latn,1-3
pap_Latn-slv_Latn,1-3
pap_Latn-tha_Thai,1-3
pap_Latn-ukr_Cyrl,1-3
pbt_Arab-ron_Latn,1-3
pbt_Arab-slk_Latn,1-3
pbt_Arab-slv_Latn,1-3
pbt_Arab-tam_Taml,1-3
pbt_Arab-tha_Thai,1-3
pbt_Arab-ukr_Cyrl,1-3
pbt_Arab-urd_Arab,1-3
plt_Latn-fil_Latn,1-3
plt_Latn-msa_Latn,1-3
plt_Latn-ron_Latn,1-3
plt_Latn-slk_Latn,1-3
plt_Latn-slv_Latn,1-3
plt_Latn-tam_Taml,1-3
plt_Latn-tha_Thai,1-3
plt_Latn-ukr_Cyrl,1-3
plt_Latn-urd_Arab,1-3
plt_Latn-zsm_Latn,1-3
pus_Arab-ron_Latn,1-3
pus_Arab-slk_Latn,1-3
pus_Arab-slv_Latn,1-3
pus_Arab-tam_Taml,1-3
pus_Arab-tgl_Latn,1-3
pus_Arab-tha_Thai,1-3
pus_Arab-ukr_Cyrl,1-3
pus_Arab-urd_Arab,1-3
rmy_Latn-slk_Latn,1-3
rmy_Latn-slv_Latn,1-3
roh_Latn-ron_Latn,1-3
scn_Latn-ron_Latn,1-3
scn_Latn-slk_Latn,1-3
scn_Latn-slv_Latn,1-3
sco_Latn-ron_Latn,1-3
sco_Latn-ukr_Cyrl,1-3
sin_Sinh-fil_Latn,1-3
sin_Sinh-slk_Latn,1-3
sin_Sinh-slv_Latn,1-3
sin_Sinh-tam_Taml,1-3
sin_Sinh-tgl_Latn,1-3
sin_Sinh-tha_Thai,1-3
sin_Sinh-ukr_Cyrl,1-3
sin_Sinh-urd_Arab,1-3
sna_Latn-tgl_Latn,1-3
sna_Latn-tha_Thai,1-3
sna_Latn-ukr_Cyrl,1-3
sna_Latn-urd_Arab,1-3
snd_Arab-slk_Latn,1-3
snd_Arab-slv_Latn,1-3
snd_Arab-tam_Taml,1-3
snd_Arab-tgl_Latn,1-3
snd_Arab-tha_Thai,1-3
snd_Arab-ukr_Cyrl,1-3
snd_Arab-urd_Arab,1-3
som_Latn-fil_Latn,1-3
som_Latn-tam_Taml,1-3
som_Latn-tgl_Latn,1-3
som_Latn-tha_Thai,1-3
som_Latn-ukr_Cyrl,1-3
som_Latn-urd_Arab,1-3
sqi_Latn-fil_Latn,1-3
sqi_Latn-tam_Taml,1-3
sqi_Latn-tgl_Latn,1-3
sqi_Latn-tha_Thai,1-3
sqi_Latn-ukr_Cyrl,1-3
sqi_Latn-urd_Arab,1-3
srd_Latn-dan_Latn,1-3
srd_Latn-ekk_Latn,1-3
srd_Latn-ell_Grek,1-3
srd_Latn-est_Latn,1-3
srd_Latn-glg_Latn,1-3
srd_Latn-heb_Hebr,1-3
srd_Latn-ind_Latn,1-3
srd_Latn-kat_Geor,1-3
srd_Latn-lav_Latn,1-3
srd_Latn-lit_Latn,1-3
srd_Latn-lvs_Latn,1-3
srd_Latn-msa_Latn,1-3
srd_Latn-ron_Latn,1-3
srd_Latn-slk_Latn,1-3
srd_Latn-slv_Latn,1-3
srd_Latn-tam_Taml,1-3
srd_Latn-tgl_Latn,1-3
srd_Latn-tha_Thai,1-3
srd_Latn-ukr_Cyrl,1-3
srd_Latn-urd_Arab,1-3
sun_Latn-fil_Latn,1-3
sun_Latn-tam_Taml,1-3
sun_Latn-tgl_Latn,1-3
sun_Latn-tha_Thai,1-3
sun_Latn-ukr_Cyrl,1-3
sun_Latn-urd_Arab,1-3
swc_Latn-tam_Taml,1-3
swc_Latn-ukr_Cyrl,1-3
tat_Cyrl-ukr_Cyrl,1-3
tat_Cyrl-urd_Arab,1-3
tat_Cyrl-uzn_Latn,1-3
tel_Telu-fil_Latn,1-3
tel_Telu-tgl_Latn,1-3
tel_Telu-tha_Thai,1-3
tel_Telu-ukr_Cyrl,1-3
tel_Telu-urd_Arab,1-3
tel_Telu-uzn_Latn,1-3
tgk_Cyrl-fil_Latn,1-3
tgk_Cyrl-tgl_Latn,1-3
tgk_Cyrl-tha_Thai,1-3
tgk_Cyrl-ukr_Cyrl,1-3
tgk_Cyrl-urd_Arab,1-3
uig_Arab-uzn_Latn,1-3
vec_Latn-heb_Hebr,1-3
vec_Latn-ind_Latn,1-3
vec_Latn-lit_Latn,1-3
vec_Latn-lvs_Latn,1-3
vec_Latn-msa_Latn,1-3
vec_Latn-ron_Latn,1-3
vec_Latn-slk_Latn,1-3
vec_Latn-slv_Latn,1-3
vec_Latn-tgl_Latn,1-3
vec_Latn-tha_Thai,1-3
vec_Latn-ukr_Cyrl,1-3
wes_Latn-ron_Latn,1-3
yue_Hani-ron_Latn,1-3
abk_Cyrl-ces_Latn,1-4
abk_Cyrl-eus_Latn,1-4
abk_Cyrl-fas_Arab,1-4
abk_Cyrl-fin_Latn,1-4
abk_Cyrl-hrv_Latn,1-4
abk_Cyrl-hun_Latn,1-4
abk_Cyrl-ita_Latn,1-4
abk_Cyrl-nld_Latn,1-4
abk_Cyrl-pol_Latn,1-4
abk_Cyrl-por_Latn,1-4
abk_Cyrl-rus_Cyrl,1-4
abk_Cyrl-srp_Latn,1-4
abk_Cyrl-swe_Latn,1-4
abk_Cyrl-tur_Latn,1-4
abk_Cyrl-vie_Latn,1-4
ace_Latn-por_Latn,1-4
ace_Latn-rus_Cyrl,1-4
aeb_Arab-ces_Latn,1-4
aeb_Arab-fas_Arab,1-4
aeb_Arab-fin_Latn,1-4
aeb_Arab-hrv_Latn,1-4
aeb_Arab-hun_Latn,1-4
aeb_Arab-ita_Latn,1-4
aeb_Arab-kor_Hang,1-4
aeb_Arab-nld_Latn,1-4
aeb_Arab-pol_Latn,1-4
aeb_Arab-por_Latn,1-4
aeb_Arab-rus_Cyrl,1-4
aeb_Arab-srp_Latn,1-4
aeb_Arab-swe_Latn,1-4
aeb_Arab-tur_Latn,1-4
aeb_Arab-vie_Latn,1-4
aln_Latn-tur_Latn,1-4
apc_Arab-ces_Latn,1-4
apc_Arab-fas_Arab,1-4
apc_Arab-fin_Latn,1-4
apc_Arab-hin_Deva,1-4
apc_Arab-hrv_Latn,1-4
apc_Arab-hun_Latn,1-4
apc_Arab-ita_Latn,1-4
apc_Arab-kor_Hang,1-4
apc_Arab-nld_Latn,1-4
apc_Arab-pol_Latn,1-4
apc_Arab-por_Latn,1-4
apc_Arab-rus_Cyrl,1-4
apc_Arab-srp_Latn,1-4
apc_Arab-swe_Latn,1-4
apc_Arab-tur_Latn,1-4
apc_Arab-vie_Latn,1-4
arg_Latn-cat_Latn,1-4
arg_Latn-ces_Latn,1-4
arg_Latn-fin_Latn,1-4
arg_Latn-hrv_Latn,1-4
arg_Latn-hun_Latn,1-4
arg_Latn-ita_Latn,1-4
arg_Latn-nld_Latn,1-4
arg_Latn-pol_Latn,1-4
arg_Latn-por_Latn,1-4
arg_Latn-rus_Cyrl,1-4
arg_Latn-swe_Latn,1-4
arg_Latn-tur_Latn,1-4
arq_Arab-ces_Latn,1-4
arq_Arab-fas_Arab,1-4
arq_Arab-fin_Latn,1-4
arq_Arab-hrv_Latn,1-4
arq_Arab-hun_Latn,1-4
arq_Arab-ita_Latn,1-4
arq_Arab-nld_Latn,1-4
arq_Arab-pol_Latn,1-4
arq_Arab-por_Latn,1-4
arq_Arab-rus_Cyrl,1-4
arq_Arab-srp_Latn,1-4
arq_Arab-swe_Latn,1-4
arq_Arab-tur_Latn,1-4
arq_Arab-vie_Latn,1-4
ars_Arab-cat_Latn,1-4
ars_Arab-ces_Latn,1-4
ars_Arab-eus_Latn,1-4
ars_Arab-fas_Arab,1-4
ars_Arab-fin_Latn,1-4
ars_Arab-hin_Deva,1-4
ars_Arab-hrv_Latn,1-4
ars_Arab-hun_Latn,1-4
ars_Arab-ita_Latn,1-4
ars_Arab-kor_Hang,1-4
ars_Arab-nld_Latn,1-4
ars_Arab-pol_Latn,1-4
ars_Arab-por_Latn,1-4
ars_Arab-rus_Cyrl,1-4
ars_Arab-srp_Cyrl,1-4
ars_Arab-srp_Latn,1-4
ars_Arab-swe_Latn,1-4
ars_Arab-tur_Latn,1-4
ars_Arab-vie_Latn,1-4
ary_Arab-cat_Latn,1-4
ary_Arab-ces_Latn,1-4
ary_Arab-eus_Latn,1-4
ary_Arab-fas_Arab,1-4
ary_Arab-fin_Latn,1-4
ary_Arab-hin_Deva,1-4
ary_Arab-hrv_Latn,1-4
ary_Arab-hun_Latn,1-4
ary_Arab-ita_Latn,1-4
ary_Arab-kor_Hang,1-4
ary_Arab-nld_Latn,1-4
ary_Arab-pol_Latn,1-4
ary_Arab-por_Latn,1-4
ary_Arab-rus_Cyrl,1-4
ary_Arab-srp_Cyrl,1-4
ary_Arab-srp_Latn,1-4
ary_Arab-swe_Latn,1-4
ary_Arab-tur_Latn,1-4
ary_Arab-vie_Latn,1-4
asm_Beng-cat_Latn,1-4
asm_Beng-ces_Latn,1-4
asm_Beng-eus_Latn,1-4
asm_Beng-fas_Arab,1-4
asm_Beng-fin_Latn,1-4
asm_Beng-hin_Deva,1-4
asm_Beng-hrv_Latn,1-4
asm_Beng-hun_Latn,1-4
asm_Beng-ita_Latn,1-4
asm_Beng-nld_Latn,1-4
asm_Beng-pol_Latn,1-4
asm_Beng-por_Latn,1-4
asm_Beng-rus_Cyrl,1-4
asm_Beng-swe_Latn,1-4
asm_Beng-tur_Latn,1-4
asm_Beng-vie_Latn,1-4
ast_Latn-cat_Latn,1-4
ast_Latn-ces_Latn,1-4
ast_Latn-eus_Latn,1-4
ast_Latn-fas_Arab,1-4
ast_Latn-fin_Latn,1-4
ast_Latn-hin_Deva,1-4
ast_Latn-hrv_Latn,1-4
ast_Latn-hun_Latn,1-4
ast_Latn-ita_Latn,1-4
ast_Latn-kor_Hang,1-4
ast_Latn-nld_Latn,1-4
ast_Latn-pol_Latn,1-4
ast_Latn-por_Latn,1-4
ast_Latn-rus_Cyrl,1-4
ast_Latn-srp_Cyrl,1-4
ast_Latn-srp_Latn,1-4
ast_Latn-swe_Latn,1-4
ast_Latn-tur_Latn,1-4
ast_Latn-vie_Latn,1-4
ayr_Latn-ita_Latn,1-4
ayr_Latn-pol_Latn,1-4
ayr_Latn-por_Latn,1-4
ayr_Latn-rus_Cyrl,1-4
azb_Arab-por_Latn,1-4
azb_Arab-rus_Cyrl,1-4
aze_Latn-cat_Latn,1-4
aze_Latn-ces_Latn,1-4
aze_Latn-eus_Latn,1-4
aze_Latn-fas_Arab,1-4
aze_Latn-fin_Latn,1-4
aze_Latn-hin_Deva,1-4
aze_Latn-hrv_Latn,1-4
aze_Latn-hun_Latn,1-4
aze_Latn-ita_Latn,1-4
aze_Latn-kor_Hang,1-4
aze_Latn-nld_Latn,1-4
aze_Latn-pol_Latn,1-4
aze_Latn-por_Latn,1-4
aze_Latn-rus_Cyrl,1-4
aze_Latn-srp_Cyrl,1-4
aze_Latn-swe_Latn,1-4
aze_Latn-tur_Latn,1-4
aze_Latn-vie_Latn,1-4
azj_Latn-cat_Latn,1-4
azj_Latn-ces_Latn,1-4
azj_Latn-eus_Latn,1-4
azj_Latn-fas_Arab,1-4
azj_Latn-fin_Latn,1-4
azj_Latn-hin_Deva,1-4
azj_Latn-hrv_Latn,1-4
azj_Latn-hun_Latn,1-4
azj_Latn-ita_Latn,1-4
azj_Latn-kor_Hang,1-4
azj_Latn-nld_Latn,1-4
azj_Latn-pol_Latn,1-4
azj_Latn-por_Latn,1-4
azj_Latn-rus_Cyrl,1-4
azj_Latn-srp_Cyrl,1-4
azj_Latn-swe_Latn,1-4
azj_Latn-tur_Latn,1-4
azj_Latn-vie_Latn,1-4
bak_Cyrl-ces_Latn,1-4
bak_Cyrl-fas_Arab,1-4
bak_Cyrl-fin_Latn,1-4
bak_Cyrl-hrv_Latn,1-4
bak_Cyrl-hun_Latn,1-4
bak_Cyrl-ita_Latn,1-4
bak_Cyrl-nld_Latn,1-4
bak_Cyrl-pol_Latn,1-4
bak_Cyrl-por_Latn,1-4
bak_Cyrl-rus_Cyrl,1-4
bak_Cyrl-srp_Latn,1-4
bak_Cyrl-swe_Latn,1-4
bak_Cyrl-tur_Latn,1-4
bak_Cyrl-vie_Latn,1-4
bam_Latn-ita_Latn,1-4
bam_Latn-por_Latn,1-4
bar_Latn-fin_Latn,1-4
bar_Latn-hrv_Latn,1-4
bar_Latn-hun_Latn,1-4
bar_Latn-ita_Latn,1-4
bar_Latn-nld_Latn,1-4
bar_Latn-pol_Latn,1-4
bar_Latn-por_Latn,1-4
bar_Latn-rus_Cyrl,1-4
bar_Latn-swe_Latn,1-4
bar_Latn-tur_Latn,1-4
bho_Deva-hin_Deva,1-4
bho_Deva-por_Latn,1-4
bho_Deva-rus_Cyrl,1-4
bjn_Latn-por_Latn,1-4
bre_Latn-cat_Latn,1-4
bre_Latn-ces_Latn,1-4
bre_Latn-eus_Latn,1-4
bre_Latn-fas_Arab,1-4
bre_Latn-fin_Latn,1-4
bre_Latn-hin_Deva,1-4
bre_Latn-hrv_Latn,1-4
bre_Latn-hun_Latn,1-4
bre_Latn-ita_Latn,1-4
bre_Latn-kor_Hang,1-4
bre_Latn-nld_Latn,1-4
bre_Latn-pol_Latn,1-4
bre_Latn-por_Latn,1-4
bre_Latn-rus_Cyrl,1-4
bre_Latn-srp_Cyrl,1-4
bre_Latn-srp_Latn,1-4
bre_Latn-swe_Latn,1-4
bre_Latn-tur_Latn,1-4
bre_Latn-vie_Latn,1-4
cbk_Latn-ita_Latn,1-4
cbk_Latn-nld_Latn,1-4
cbk_Latn-pol_Latn,1-4
cbk_Latn-por_Latn,1-4
chv_Cyrl-rus_Cyrl,1-4
ckb_Arab-fas_Arab,1-4
ckb_Arab-nld_Latn,1-4
ckb_Arab-pol_Latn,1-4
ckb_Arab-por_Latn,1-4
ckb_Arab-rus_Cyrl,1-4
ckb_Arab-swe_Latn,1-4
ckb_Arab-tur_Latn,1-4
ckb_Arab-vie_Latn,1-4
crh_Cyrl-rus_Cyrl,1-4
crh_Latn-rus_Cyrl,1-4
crh_Latn-vie_Latn,1-4
cym_Latn-eus_Latn,1-4
cym_Latn-fas_Arab,1-4
cym_Latn-fin_Latn,1-4
cym_Latn-hin_Deva,1-4
cym_Latn-hrv_Latn,1-4
cym_Latn-hun_Latn,1-4
cym_Latn-ita_Latn,1-4
cym_Latn-kor_Hang,1-4
cym_Latn-nld_Latn,1-4
cym_Latn-pol_Latn,1-4
cym_Latn-por_Latn,1-4
cym_Latn-rus_Cyrl,1-4
cym_Latn-srp_Cyrl,1-4
cym_Latn-srp_Latn,1-4
cym_Latn-swe_Latn,1-4
cym_Latn-tur_Latn,1-4
cym_Latn-vie_Latn,1-4
epo_Latn-eus_Latn,1-4
epo_Latn-fas_Arab,1-4
epo_Latn-fin_Latn,1-4
epo_Latn-hin_Deva,1-4
epo_Latn-hrv_Latn,1-4
epo_Latn-hun_Latn,1-4
epo_Latn-ita_Latn,1-4
epo_Latn-kor_Hang,1-4
epo_Latn-nld_Latn,1-4
epo_Latn-pol_Latn,1-4
epo_Latn-por_Latn,1-4
epo_Latn-rus_Cyrl,1-4
epo_Latn-srp_Cyrl,1-4
epo_Latn-srp_Latn,1-4
epo_Latn-swe_Latn,1-4
epo_Latn-tur_Latn,1-4
epo_Latn-vie_Latn,1-4
fao_Latn-hrv_Latn,1-4
fao_Latn-hun_Latn,1-4
fao_Latn-ita_Latn,1-4
fao_Latn-nld_Latn,1-4
fao_Latn-pol_Latn,1-4
fao_Latn-por_Latn,1-4
fao_Latn-rus_Cyrl,1-4
fao_Latn-srp_Cyrl,1-4
fao_Latn-swe_Latn,1-4
fao_Latn-tur_Latn,1-4
fij_Latn-hin_Deva,1-4
fry_Latn-hin_Deva,1-4
fry_Latn-hrv_Latn,1-4
fry_Latn-hun_Latn,1-4
fry_Latn-ita_Latn,1-4
fry_Latn-kor_Hang,1-4
fry_Latn-nld_Latn,1-4
fry_Latn-pol_Latn,1-4
fry_Latn-por_Latn,1-4
fry_Latn-rus_Cyrl,1-4
fry_Latn-srp_Cyrl,1-4
fry_Latn-swe_Latn,1-4
fry_Latn-tur_Latn,1-4
ful_Latn-fin_Latn,1-4
ful_Latn-hrv_Latn,1-4
ful_Latn-hun_Latn,1-4
ful_Latn-ita_Latn,1-4
ful_Latn-nld_Latn,1-4
ful_Latn-pol_Latn,1-4
ful_Latn-por_Latn,1-4
ful_Latn-rus_Cyrl,1-4
ful_Latn-swe_Latn,1-4
ful_Latn-tur_Latn,1-4
ful_Latn-vie_Latn,1-4
fur_Latn-fas_Arab,1-4
fur_Latn-fin_Latn,1-4
fur_Latn-hin_Deva,1-4
fur_Latn-hrv_Latn,1-4
fur_Latn-hun_Latn,1-4
fur_Latn-ita_Latn,1-4
fur_Latn-kor_Hang,1-4
fur_Latn-nld_Latn,1-4
fur_Latn-pol_Latn,1-4
fur_Latn-por_Latn,1-4
fur_Latn-rus_Cyrl,1-4
fur_Latn-srp_Cyrl,1-4
fur_Latn-srp_Latn,1-4
fur_Latn-swe_Latn,1-4
fur_Latn-tur_Latn,1-4
fur_Latn-vie_Latn,1-4
gla_Latn-hin_Deva,1-4
gla_Latn-hrv_Latn,1-4
gla_Latn-hun_Latn,1-4
gla_Latn-ita_Latn,1-4
gla_Latn-nld_Latn,1-4
gla_Latn-pol_Latn,1-4
gla_Latn-por_Latn,1-4
gla_Latn-rus_Cyrl,1-4
gla_Latn-srp_Cyrl,1-4
gla_Latn-swe_Latn,1-4
gla_Latn-tur_Latn,1-4
grc_Grek-fin_Latn,1-4
grc_Grek-hun_Latn,1-4
grc_Grek-ita_Latn,1-4
grc_Grek-nld_Latn,1-4
grc_Grek-pol_Latn,1-4
grc_Grek-por_Latn,1-4
grc_Grek-tur_Latn,1-4
grn_Latn-por_Latn,1-4
gsw_Latn-fin_Latn,1-4
gsw_Latn-hrv_Latn,1-4
gsw_Latn-hun_Latn,1-4
gsw_Latn-ita_Latn,1-4
gsw_Latn-kor_Hang,1-4
gsw_Latn-nld_Latn,1-4
gsw_Latn-pol_Latn,1-4
gsw_Latn-por_Latn,1-4
gsw_Latn-rus_Cyrl,1-4
gsw_Latn-swe_Latn,1-4
gsw_Latn-tur_Latn,1-4
gsw_Latn-vie_Latn,1-4
guj_Gujr-hin_Deva,1-4
guj_Gujr-hrv_Latn,1-4
guj_Gujr-hun_Latn,1-4
guj_Gujr-ita_Latn,1-4
guj_Gujr-kor_Hang,1-4
guj_Gujr-nld_Latn,1-4
guj_Gujr-pol_Latn,1-4
guj_Gujr-por_Latn,1-4
guj_Gujr-rus_Cyrl,1-4
guj_Gujr-srp_Cyrl,1-4
guj_Gujr-swe_Latn,1-4
guj_Gujr-tur_Latn,1-4
guj_Gujr-vie_Latn,1-4
hbs_Latn-srp_Cyrl,1-4
hbs_Latn-swe_Latn,1-4
hbs_Latn-tur_Latn,1-4
hne_Deva-hrv_Latn,1-4
hne_Deva-hun_Latn,1-4
hne_Deva-ita_Latn,1-4
hne_Deva-nld_Latn,1-4
hne_Deva-pol_Latn,1-4
hne_Deva-por_Latn,1-4
hne_Deva-rus_Cyrl,1-4
hne_Deva-swe_Latn,1-4
hne_Deva-tur_Latn,1-4
hne_Deva-vie_Latn,1-4
hye_Armn-ita_Latn,1-4
hye_Armn-kor_Hang,1-4
hye_Armn-nld_Latn,1-4
hye_Armn-pol_Latn,1-4
hye_Armn-por_Latn,1-4
hye_Armn-rus_Cyrl,1-4
hye_Armn-srp_Cyrl,1-4
hye_Armn-swe_Latn,1-4
hye_Armn-tur_Latn,1-4
hye_Armn-vie_Latn,1-4
ibo_Latn-ita_Latn,1-4
ibo_Latn-kor_Hang,1-4
ibo_Latn-nld_Latn,1-4
ibo_Latn-pol_Latn,1-4
ibo_Latn-por_Latn,1-4
ibo_Latn-rus_Cyrl,1-4
ibo_Latn-srp_Cyrl,1-4
ibo_Latn-swe_Latn,1-4
ibo_Latn-tur_Latn,1-4
ibo_Latn-vie_Latn,1-4
ido_Latn-ita_Latn,1-4
ido_Latn-nld_Latn,1-4
ido_Latn-pol_Latn,1-4
ido_Latn-por_Latn,1-4
ido_Latn-rus_Cyrl,1-4
ido_Latn-swe_Latn,1-4
ido_Latn-tur_Latn,1-4
ilo_Latn-hun_Latn,1-4
ilo_Latn-ita_Latn,1-4
ilo_Latn-kor_Hang,1-4
ilo_Latn-nld_Latn,1-4
ilo_Latn-pol_Latn,1-4
ilo_Latn-por_Latn,1-4
ilo_Latn-rus_Cyrl,1-4
ilo_Latn-srp_Cyrl,1-4
ilo_Latn-srp_Latn,1-4
ilo_Latn-swe_Latn,1-4
ilo_Latn-tur_Latn,1-4
ilo_Latn-vie_Latn,1-4
ina_Latn-hun_Latn,1-4
ina_Latn-ita_Latn,1-4
ina_Latn-nld_Latn,1-4
ina_Latn-pol_Latn,1-4
ina_Latn-por_Latn,1-4
ina_Latn-rus_Cyrl,1-4
ina_Latn-srp_Latn,1-4
ina_Latn-swe_Latn,1-4
ina_Latn-tur_Latn,1-4
ina_Latn-vie_Latn,1-4
jam_Latn-hun_Latn,1-4
jam_Latn-ita_Latn,1-4
jam_Latn-nld_Latn,1-4
jam_Latn-pol_Latn,1-4
jam_Latn-por_Latn,1-4
jam_Latn-rus_Cyrl,1-4
jam_Latn-tur_Latn,1-4
jav_Latn-kor_Hang,1-4
jav_Latn-nld_Latn,1-4
jav_Latn-pol_Latn,1-4
jav_Latn-por_Latn,1-4
jav_Latn-rus_Cyrl,1-4
jav_Latn-srp_Cyrl,1-4
jav_Latn-swe_Latn,1-4
jav_Latn-tur_Latn,1-4
jav_Latn-vie_Latn,1-4
kab_Latn-eus_Latn,1-4
kab_Latn-fas_Arab,1-4
kab_Latn-fin_Latn,1-4
kab_Latn-hrv_Latn,1-4
kab_Latn-hun_Latn,1-4
kab_Latn-ita_Latn,1-4
kab_Latn-kor_Hang,1-4
kab_Latn-nld_Latn,1-4
kab_Latn-pol_Latn,1-4
kab_Latn-por_Latn,1-4
kab_Latn-rus_Cyrl,1-4
kab_Latn-srp_Latn,1-4
kab_Latn-swe_Latn,1-4
kab_Latn-tur_Latn,1-4
kab_Latn-vie_Latn,1-4
kan_Knda-hin_Deva,1-4
kan_Knda-kor_Hang,1-4
kan_Knda-nld_Latn,1-4
kan_Knda-pol_Latn,1-4
kan_Knda-por_Latn,1-4
kan_Knda-rus_Cyrl,1-4
kan_Knda-srp_Cyrl,1-4
kan_Knda-swe_Latn,1-4
kan_Knda-tur_Latn,1-4
kan_Knda-vie_Latn,1-4
kea_Latn-por_Latn,1-4
khk_Cyrl-nld_Latn,1-4
khk_Cyrl-pol_Latn,1-4
khk_Cyrl-por_Latn,1-4
khk_Cyrl-rus_Cyrl,1-4
khk_Cyrl-srp_Cyrl,1-4
khk_Cyrl-swe_Latn,1-4
khk_Cyrl-tur_Latn,1-4
khk_Cyrl-vie_Latn,1-4
khm_Khmr-kor_Hang,1-4
khm_Khmr-nld_Latn,1-4
khm_Khmr-pol_Latn,1-4
khm_Khmr-por_Latn,1-4
khm_Khmr-rus_Cyrl,1-4
khm_Khmr-srp_Cyrl,1-4
khm_Khmr-srp_Latn,1-4
khm_Khmr-swe_Latn,1-4
khm_Khmr-tur_Latn,1-4
khm_Khmr-vie_Latn,1-4
kin_Latn-hun_Latn,1-4
kin_Latn-ita_Latn,1-4
kin_Latn-nld_Latn,1-4
kin_Latn-pol_Latn,1-4
kin_Latn-por_Latn,1-4
kin_Latn-rus_Cyrl,1-4
kin_Latn-srp_Cyrl,1-4
kin_Latn-swe_Latn,1-4
kin_Latn-tur_Latn,1-4
kin_Latn-vie_Latn,1-4
kir_Cyrl-nld_Latn,1-4
kir_Cyrl-pol_Latn,1-4
kir_Cyrl-por_Latn,1-4
kir_Cyrl-rus_Cyrl,1-4
kir_Cyrl-srp_Cyrl,1-4
kir_Cyrl-swe_Latn,1-4
kir_Cyrl-tur_Latn,1-4
kir_Cyrl-vie_Latn,1-4
kmb_Latn-por_Latn,1-4
kmr_Latn-nld_Latn,1-4
kmr_Latn-pol_Latn,1-4
kmr_Latn-por_Latn,1-4
kmr_Latn-rus_Cyrl,1-4
kmr_Latn-srp_Cyrl,1-4
kmr_Latn-swe_Latn,1-4
kmr_Latn-tur_Latn,1-4
kmr_Latn-vie_Latn,1-4
lij_Latn-por_Latn,1-4
lim_Latn-fin_Latn,1-4
lim_Latn-hin_Deva,1-4
lim_Latn-hrv_Latn,1-4
lim_Latn-hun_Latn,1-4
lim_Latn-ita_Latn,1-4
lim_Latn-nld_Latn,1-4
lim_Latn-pol_Latn,1-4
lim_Latn-por_Latn,1-4
lim_Latn-rus_Cyrl,1-4
lim_Latn-srp_Cyrl,1-4
lim_Latn-srp_Latn,1-4
lim_Latn-swe_Latn,1-4
lim_Latn-tur_Latn,1-4
lim_Latn-vie_Latn,1-4
lin_Latn-ita_Latn,1-4
lin_Latn-nld_Latn,1-4
lin_Latn-pol_Latn,1-4
lin_Latn-por_Latn,1-4
lin_Latn-rus_Cyrl,1-4
lin_Latn-swe_Latn,1-4
lin_Latn-tur_Latn,1-4
lin_Latn-vie_Latn,1-4
lmo_Latn-nld_Latn,1-4
lmo_Latn-pol_Latn,1-4
lmo_Latn-por_Latn,1-4
lmo_Latn-rus_Cyrl,1-4
lmo_Latn-swe_Latn,1-4
ltg_Latn-rus_Cyrl,1-4
ltz_Latn-hun_Latn,1-4
ltz_Latn-ita_Latn,1-4
ltz_Latn-nld_Latn,1-4
ltz_Latn-pol_Latn,1-4
ltz_Latn-por_Latn,1-4
ltz_Latn-rus_Cyrl,1-4
ltz_Latn-srp_Cyrl,1-4
ltz_Latn-swe_Latn,1-4
ltz_Latn-tur_Latn,1-4
lug_Latn-nld_Latn,1-4
lug_Latn-pol_Latn,1-4
lug_Latn-por_Latn,1-4
lug_Latn-rus_Cyrl,1-4
lug_Latn-swe_Latn,1-4
lug_Latn-tur_Latn,1-4
lug_Latn-vie_Latn,1-4
lzh_Hani-kor_Hang,1-4
lzh_Hani-nld_Latn,1-4
lzh_Hani-pol_Latn,1-4
lzh_Hani-por_Latn,1-4
lzh_Hani-rus_Cyrl,1-4
lzh_Hani-swe_Latn,1-4
lzh_Hani-tur_Latn,1-4
mal_Mlym-nld_Latn,1-4
mal_Mlym-pol_Latn,1-4
mal_Mlym-por_Latn,1-4
mal_Mlym-rus_Cyrl,1-4
mal_Mlym-srp_Cyrl,1-4
mal_Mlym-srp_Latn,1-4
mal_Mlym-swe_Latn,1-4
mal_Mlym-tur_Latn,1-4
mal_Mlym-vie_Latn,1-4
mhr_Cyrl-ces_Latn,1-4
mhr_Cyrl-fas_Arab,1-4
mhr_Cyrl-fin_Latn,1-4
mhr_Cyrl-hrv_Latn,1-4
mhr_Cyrl-hun_Latn,1-4
mhr_Cyrl-ita_Latn,1-4
mhr_Cyrl-nld_Latn,1-4
mhr_Cyrl-pol_Latn,1-4
mhr_Cyrl-por_Latn,1-4
mhr_Cyrl-rus_Cyrl,1-4
mhr_Cyrl-srp_Latn,1-4
mhr_Cyrl-swe_Latn,1-4
mhr_Cyrl-tur_Latn,1-4
mhr_Cyrl-vie_Latn,1-4
mkd_Cyrl-ces_Latn,1-4
mkd_Cyrl-eus_Latn,1-4
mkd_Cyrl-fas_Arab,1-4
mkd_Cyrl-fin_Latn,1-4
mkd_Cyrl-hrv_Latn,1-4
mkd_Cyrl-hun_Latn,1-4
mkd_Cyrl-ita_Latn,1-4
mkd_Cyrl-nld_Latn,1-4
mkd_Cyrl-pol_Latn,1-4
mkd_Cyrl-por_Latn,1-4
mkd_Cyrl-rus_Cyrl,1-4
mkd_Cyrl-srp_Cyrl,1-4
mkd_Cyrl-srp_Latn,1-4
mkd_Cyrl-swe_Latn,1-4
mkd_Cyrl-tur_Latn,1-4
mkd_Cyrl-vie_Latn,1-4
mlg_Latn-nld_Latn,1-4
mlg_Latn-pol_Latn,1-4
mlg_Latn-por_Latn,1-4
mlg_Latn-rus_Cyrl,1-4
mlg_Latn-srp_Cyrl,1-4
mlg_Latn-swe_Latn,1-4
mlg_Latn-tur_Latn,1-4
mlg_Latn-vie_Latn,1-4
mon_Cyrl-nld_Latn,1-4
mon_Cyrl-pol_Latn,1-4
mon_Cyrl-por_Latn,1-4
mon_Cyrl-rus_Cyrl,1-4
mon_Cyrl-srp_Cyrl,1-4
mon_Cyrl-swe_Latn,1-4
mon_Cyrl-tur_Latn,1-4
mon_Cyrl-vie_Latn,1-4
mri_Latn-nld_Latn,1-4
mri_Latn-pol_Latn,1-4
mri_Latn-por_Latn,1-4
mri_Latn-rus_Cyrl,1-4
mri_Latn-srp_Cyrl,1-4
mri_Latn-swe_Latn,1-4
mri_Latn-tur_Latn,1-4
mri_Latn-vie_Latn,1-4
mwl_Latn-por_Latn,1-4
mya_Mymr-nld_Latn,1-4
mya_Mymr-pol_Latn,1-4
mya_Mymr-por_Latn,1-4
mya_Mymr-rus_Cyrl,1-4
mya_Mymr-srp_Cyrl,1-4
mya_Mymr-srp_Latn,1-4
mya_Mymr-swe_Latn,1-4
mya_Mymr-tur_Latn,1-4
mya_Mymr-vie_Latn,1-4
nah_Latn-por_Latn,1-4
nap_Latn-nld_Latn,1-4
nap_Latn-pol_Latn,1-4
nap_Latn-por_Latn,1-4
nap_Latn-rus_Cyrl,1-4
nap_Latn-srp_Latn,1-4
nap_Latn-swe_Latn,1-4
nap_Latn-tur_Latn,1-4
nep_Deva-nld_Latn,1-4
nep_Deva-pol_Latn,1-4
nep_Deva-por_Latn,1-4
nep_Deva-rus_Cyrl,1-4
nep_Deva-srp_Cyrl,1-4
nep_Deva-swe_Latn,1-4
nep_Deva-tur_Latn,1-4
nep_Deva-vie_Latn,1-4
nno_Latn-fin_Latn,1-4
nno_Latn-hrv_Latn,1-4
nno_Latn-hun_Latn,1-4
nno_Latn-ita_Latn,1-4
nno_Latn-nld_Latn,1-4
nno_Latn-pol_Latn,1-4
nno_Latn-por_Latn,1-4
nno_Latn-rus_Cyrl,1-4
nno_Latn-srp_Cyrl,1-4
nno_Latn-srp_Latn,1-4
nno_Latn-swe_Latn,1-4
nno_Latn-tur_Latn,1-4
nno_Latn-vie_Latn,1-4
nob_Latn-ces_Latn,1-4
nob_Latn-eus_Latn,1-4
nob_Latn-fas_Arab,1-4
nob_Latn-fin_Latn,1-4
nob_Latn-hin_Deva,1-4
nob_Latn-hrv_Latn,1-4
nob_Latn-hun_Latn,1-4
nob_Latn-ita_Latn,1-4
nob_Latn-kor_Hang,1-4
nob_Latn-nld_Latn,1-4
nob_Latn-pol_Latn,1-4
nob_Latn-por_Latn,1-4
nob_Latn-rus_Cyrl,1-4
nob_Latn-srp_Cyrl,1-4
nob_Latn-srp_Latn,1-4
nob_Latn-swe_Latn,1-4
nob_Latn-tur_Latn,1-4
nob_Latn-vie_Latn,1-4
nor_Latn-ces_Latn,1-4
nor_Latn-eus_Latn,1-4
nor_Latn-hrv_Latn,1-4
nor_Latn-pol_Latn,1-4
nor_Latn-por_Latn,1-4
nor_Latn-rus_Cyrl,1-4
nor_Latn-srp_Cyrl,1-4
nor_Latn-srp_Latn,1-4
nor_Latn-swe_Latn,1-4
nor_Latn-tur_Latn,1-4
nor_Latn-vie_Latn,1-4
npi_Deva-nld_Latn,1-4
npi_Deva-pol_Latn,1-4
npi_Deva-por_Latn,1-4
npi_Deva-rus_Cyrl,1-4
npi_Deva-srp_Cyrl,1-4
npi_Deva-swe_Latn,1-4
npi_Deva-tur_Latn,1-4
npi_Deva-vie_Latn,1-4
nso_Latn-pol_Latn,1-4
nso_Latn-por_Latn,1-4
nso_Latn-rus_Cyrl,1-4
nso_Latn-swe_Latn,1-4
nso_Latn-tur_Latn,1-4
nya_Latn-pol_Latn,1-4
nya_Latn-por_Latn,1-4
nya_Latn-rus_Cyrl,1-4
nya_Latn-srp_Cyrl,1-4
nya_Latn-swe_Latn,1-4
nya_Latn-tur_Latn,1-4
nya_Latn-vie_Latn,1-4
oci_Latn-hun_Latn,1-4
oci_Latn-ita_Latn,1-4
oci_Latn-nld_Latn,1-4
oci_Latn-pol_Latn,1-4
oci_Latn-por_Latn,1-4
oci_Latn-rus_Cyrl,1-4
oci_Latn-srp_Cyrl,1-4
oci_Latn-swe_Latn,1-4
oci_Latn-tur_Latn,1-4
orm_Latn-pol_Latn,1-4
orm_Latn-por_Latn,1-4
orm_Latn-rus_Cyrl,1-4
orm_Latn-tur_Latn,1-4
orv_Cyrl-rus_Cyrl,1-4
pag_Latn-por_Latn,1-4
pag_Latn-rus_Cyrl,1-4
pap_Latn-fin_Latn,1-4
pap_Latn-hrv_Latn,1-4
pap_Latn-hun_Latn,1-4
pap_Latn-ita_Latn,1-4
pap_Latn-nld_Latn,1-4
pap_Latn-pol_Latn,1-4
pap_Latn-por_Latn,1-4
pap_Latn-rus_Cyrl,1-4
pap_Latn-srp_Latn,1-4
pap_Latn-swe_Latn,1-4
pap_Latn-tur_Latn,1-4
pap_Latn-vie_Latn,1-4
pbt_Arab-por_Latn,1-4
pbt_Arab-rus_Cyrl,1-4
pbt_Arab-srp_Cyrl,1-4
pbt_Arab-swe_Latn,1-4
pbt_Arab-tur_Latn,1-4
pbt_Arab-vie_Latn,1-4
plt_Latn-nld_Latn,1-4
plt_Latn-pol_Latn,1-4
plt_Latn-por_Latn,1-4
plt_Latn-rus_Cyrl,1-4
plt_Latn-srp_Cyrl,1-4
plt_Latn-swe_Latn,1-4
plt_Latn-tur_Latn,1-4
plt_Latn-vie_Latn,1-4
pus_Arab-por_Latn,1-4
pus_Arab-rus_Cyrl,1-4
pus_Arab-srp_Cyrl,1-4
pus_Arab-swe_Latn,1-4
pus_Arab-tur_Latn,1-4
pus_Arab-vie_Latn,1-4
rmy_Latn-rus_Cyrl,1-4
rmy_Latn-swe_Latn,1-4
rmy_Latn-tur_Latn,1-4
roh_Latn-pol_Latn,1-4
roh_Latn-por_Latn,1-4
roh_Latn-rus_Cyrl,1-4
roh_Latn-swe_Latn,1-4
roh_Latn-tur_Latn,1-4
sag_Latn-por_Latn,1-4
scn_Latn-nld_Latn,1-4
scn_Latn-pol_Latn,1-4
scn_Latn-por_Latn,1-4
scn_Latn-rus_Cyrl,1-4
scn_Latn-swe_Latn,1-4
scn_Latn-tur_Latn,1-4
scn_Latn-vie_Latn,1-4
sco_Latn-fin_Latn,1-4
sco_Latn-hrv_Latn,1-4
sco_Latn-hun_Latn,1-4
sco_Latn-ita_Latn,1-4
sco_Latn-nld_Latn,1-4
sco_Latn-pol_Latn,1-4
sco_Latn-por_Latn,1-4
sco_Latn-rus_Cyrl,1-4
sco_Latn-swe_Latn,1-4
sco_Latn-tur_Latn,1-4
sco_Latn-vie_Latn,1-4
sin_Sinh-srp_Cyrl,1-4
sin_Sinh-srp_Latn,1-4
sin_Sinh-swe_Latn,1-4
sin_Sinh-tur_Latn,1-4
sin_Sinh-vie_Latn,1-4
sna_Latn-por_Latn,1-4
sna_Latn-rus_Cyrl,1-4
sna_Latn-srp_Cyrl,1-4
sna_Latn-swe_Latn,1-4
sna_Latn-tur_Latn,1-4
sna_Latn-vie_Latn,1-4
snd_Arab-srp_Cyrl,1-4
snd_Arab-swe_Latn,1-4
snd_Arab-tur_Latn,1-4
som_Latn-srp_Cyrl,1-4
som_Latn-swe_Latn,1-4
som_Latn-tur_Latn,1-4
som_Latn-vie_Latn,1-4
sqi_Latn-srp_Cyrl,1-4
sqi_Latn-srp_Latn,1-4
sqi_Latn-swe_Latn,1-4
sqi_Latn-tur_Latn,1-4
sqi_Latn-vie_Latn,1-4
srd_Latn-ces_Latn,1-4
srd_Latn-eus_Latn,1-4
srd_Latn-fas_Arab,1-4
srd_Latn-fin_Latn,1-4
srd_Latn-hin_Deva,1-4
srd_Latn-hrv_Latn,1-4
srd_Latn-hun_Latn,1-4
srd_Latn-ita_Latn,1-4
srd_Latn-kor_Hang,1-4
srd_Latn-nld_Latn,1-4
srd_Latn-pol_Latn,1-4
srd_Latn-por_Latn,1-4
srd_Latn-rus_Cyrl,1-4
srd_Latn-srp_Cyrl,1-4
srd_Latn-srp_Latn,1-4
srd_Latn-swe_Latn,1-4
srd_Latn-tur_Latn,1-4
srd_Latn-vie_Latn,1-4
ssw_Latn-swe_Latn,1-4
ssw_Latn-tur_Latn,1-4
sun_Latn-swe_Latn,1-4
sun_Latn-tur_Latn,1-4
sun_Latn-vie_Latn,1-4
swc_Latn-tur_Latn,1-4
swc_Latn-vie_Latn,1-4
szl_Latn-por_Latn,1-4
szl_Latn-rus_Cyrl,1-4
szl_Latn-tur_Latn,1-4
tat_Cyrl-vie_Latn,1-4
tel_Telu-tur_Latn,1-4
tel_Telu-vie_Latn,1-4
tgk_Cyrl-tur_Latn,1-4
tgk_Cyrl-vie_Latn,1-4
vec_Latn-fin_Latn,1-4
vec_Latn-hin_Deva,1-4
vec_Latn-hrv_Latn,1-4
vec_Latn-hun_Latn,1-4
vec_Latn-ita_Latn,1-4
vec_Latn-kor_Hang,1-4
vec_Latn-nld_Latn,1-4
vec_Latn-pol_Latn,1-4
vec_Latn-por_Latn,1-4
vec_Latn-rus_Cyrl,1-4
vec_Latn-srp_Cyrl,1-4
vec_Latn-swe_Latn,1-4
vec_Latn-tur_Latn,1-4
vec_Latn-vie_Latn,1-4
war_Latn-nld_Latn,1-4
wes_Latn-fin_Latn,1-4
wes_Latn-ita_Latn,1-4
wes_Latn-nld_Latn,1-4
wes_Latn-pol_Latn,1-4
wes_Latn-por_Latn,1-4
wes_Latn-rus_Cyrl,1-4
wes_Latn-swe_Latn,1-4
wes_Latn-tur_Latn,1-4
yue_Hani-kor_Hang,1-4
yue_Hani-nld_Latn,1-4
yue_Hani-pol_Latn,1-4
yue_Hani-por_Latn,1-4
yue_Hani-rus_Cyrl,1-4
yue_Hani-swe_Latn,1-4
yue_Hani-tur_Latn,1-4
abk_Cyrl-deu_Latn,1-5
abk_Cyrl-eng_Latn,1-5
abk_Cyrl-fra_Latn,1-5
abk_Cyrl-spa_Latn,1-5
abk_Cyrl-zho_Hans,1-5
abk_Cyrl-zho_Hant,1-5
ace_Latn-eng_Latn,1-5
aeb_Arab-cmn_Hani,1-5
aeb_Arab-deu_Latn,1-5
aeb_Arab-eng_Latn,1-5
aeb_Arab-fra_Latn,1-5
aeb_Arab-spa_Latn,1-5
aka_Latn-fra_Latn,1-5
apc_Arab-cmn_Hani,1-5
apc_Arab-deu_Latn,1-5
apc_Arab-eng_Latn,1-5
apc_Arab-fra_Latn,1-5
apc_Arab-jpn_Jpan,1-5
apc_Arab-spa_Latn,1-5
apc_Arab-zho_Hans,1-5
apc_Arab-zho_Hant,1-5
arg_Latn-eng_Latn,1-5
arg_Latn-fra_Latn,1-5
arg_Latn-spa_Latn,1-5
arq_Arab-deu_Latn,1-5
arq_Arab-eng_Latn,1-5
arq_Arab-fra_Latn,1-5
arq_Arab-spa_Latn,1-5
ars_Arab-cmn_Hani,1-5
ars_Arab-deu_Latn,1-5
ars_Arab-eng_Latn,1-5
ars_Arab-fra_Latn,1-5
ars_Arab-jpn_Jpan,1-5
ars_Arab-spa_Latn,1-5
ars_Arab-zho_Hans,1-5
ars_Arab-zho_Hant,1-5
ary_Arab-cmn_Hani,1-5
ary_Arab-deu_Latn,1-5
ary_Arab-eng_Latn,1-5
ary_Arab-fra_Latn,1-5
ary_Arab-jpn_Jpan,1-5
ary_Arab-spa_Latn,1-5
ary_Arab-zho_Hans,1-5
ary_Arab-zho_Hant,1-5
asm_Beng-deu_Latn,1-5
asm_Beng-eng_Latn,1-5
asm_Beng-fra_Latn,1-5
asm_Beng-jpn_Jpan,1-5
asm_Beng-spa_Latn,1-5
asm_Beng-zho_Hans,1-5
asm_Beng-zho_Hant,1-5
ast_Latn-cmn_Hani,1-5
ast_Latn-deu_Latn,1-5
ast_Latn-eng_Latn,1-5
ast_Latn-fra_Latn,1-5
ast_Latn-jpn_Jpan,1-5
ast_Latn-spa_Latn,1-5
ast_Latn-zho_Hans,1-5
aym_Latn-eng_Latn,1-5
ayr_Latn-eng_Latn,1-5
ayr_Latn-fra_Latn,1-5
ayr_Latn-spa_Latn,1-5
azb_Arab-eng_Latn,1-5
azb_Arab-fra_Latn,1-5
aze_Arab-eng_Latn,1-5
aze_Latn-deu_Latn,1-5
aze_Latn-eng_Latn,1-5
aze_Latn-fra_Latn,1-5
aze_Latn-jpn_Jpan,1-5
aze_Latn-spa_Latn,1-5
aze_Latn-zho_Hans,1-5
aze_Latn-zho_Hant,1-5
azj_Latn-cmn_Hani,1-5
azj_Latn-deu_Latn,1-5
azj_Latn-eng_Latn,1-5
azj_Latn-fra_Latn,1-5
azj_Latn-jpn_Jpan,1-5
azj_Latn-spa_Latn,1-5
azj_Latn-zho_Hans,1-5
azj_Latn-zho_Hant,1-5
bak_Cyrl-deu_Latn,1-5
bak_Cyrl-eng_Latn,1-5
bak_Cyrl-fra_Latn,1-5
bak_Cyrl-spa_Latn,1-5
bak_Cyrl-zho_Hans,1-5
bak_Cyrl-zho_Hant,1-5
bam_Latn-eng_Latn,1-5
bam_Latn-fra_Latn,1-5
bar_Latn-deu_Latn,1-5
bar_Latn-eng_Latn,1-5
bar_Latn-fra_Latn,1-5
bar_Latn-spa_Latn,1-5
bcl_Latn-eng_Latn,1-5
bem_Latn-eng_Latn,1-5
bem_Latn-fra_Latn,1-5
bho_Deva-eng_Latn,1-5
bjn_Latn-eng_Latn,1-5
bod_Tibt-eng_Latn,1-5
bre_Latn-deu_Latn,1-5
bre_Latn-eng_Latn,1-5
bre_Latn-fra_Latn,1-5
bre_Latn-jpn_Jpan,1-5
bre_Latn-spa_Latn,1-5
bre_Latn-zho_Hans,1-5
bre_Latn-zho_Hant,1-5
bug_Latn-eng_Latn,1-5
cbk_Latn-fra_Latn,1-5
chv_Cyrl-eng_Latn,1-5
ckb_Arab-cmn_Hani,1-5
ckb_Arab-eng_Latn,1-5
ckb_Arab-spa_Latn,1-5
crh_Cyrl-eng_Latn,1-5
crh_Latn-eng_Latn,1-5
cym_Latn-cmn_Hani,1-5
cym_Latn-deu_Latn,1-5
cym_Latn-eng_Latn,1-5
cym_Latn-fra_Latn,1-5
cym_Latn-jpn_Jpan,1-5
cym_Latn-spa_Latn,1-5
cym_Latn-zho_Hans,1-5
cym_Latn-zho_Hant,1-5
dik_Latn-eng_Latn,1-5
dik_Latn-fra_Latn,1-5
diq_Latn-eng_Latn,1-5
dzo_Tibt-eng_Latn,1-5
epo_Latn-cmn_Hani,1-5
epo_Latn-deu_Latn,1-5
epo_Latn-eng_Latn,1-5
epo_Latn-fra_Latn,1-5
epo_Latn-jpn_Jpan,1-5
epo_Latn-spa_Latn,1-5
epo_Latn-zho_Hans,1-5
epo_Latn-zho_Hant,1-5
ewe_Latn-fra_Latn,1-5
fao_Latn-fra_Latn,1-5
fao_Latn-jpn_Jpan,1-5
fao_Latn-zho_Hans,1-5
fry_Latn-jpn_Jpan,1-5
fry_Latn-zho_Hans,1-5
ful_Latn-fra_Latn,1-5
ful_Latn-jpn_Jpan,1-5
ful_Latn-zho_Hans,1-5
ful_Latn-zho_Hant,1-5
fur_Latn-deu_Latn,1-5
fur_Latn-eng_Latn,1-5
fur_Latn-fra_Latn,1-5
fur_Latn-jpn_Jpan,1-5
fur_Latn-spa_Latn,1-5
fur_Latn-zho_Hans,1-5
fur_Latn-zho_Hant,1-5
gla_Latn-jpn_Jpan,1-5
gla_Latn-zho_Hans,1-5
grc_Grek-eng_Latn,1-5
grc_Grek-fra_Latn,1-5
grc_Grek-spa_Latn,1-5
gsw_Latn-eng_Latn,1-5
gsw_Latn-fra_Latn,1-5
gsw_Latn-jpn_Jpan,1-5
gsw_Latn-spa_Latn,1-5
gsw_Latn-zho_Hans,1-5
guj_Gujr-cmn_Hani,1-5
guj_Gujr-jpn_Jpan,1-5
guj_Gujr-zho_Hans,1-5
guj_Gujr-zho_Hant,1-5
hbs_Latn-zho_Hans,1-5
hne_Deva-jpn_Jpan,1-5
hne_Deva-zho_Hans,1-5
hne_Deva-zho_Hant,1-5
hye_Armn-cmn_Hani,1-5
hye_Armn-jpn_Jpan,1-5
hye_Armn-zho_Hans,1-5
hye_Armn-zho_Hant,1-5
ibo_Latn-jpn_Jpan,1-5
ibo_Latn-zho_Hans,1-5
ibo_Latn-zho_Hant,1-5
ilo_Latn-fra_Latn,1-5
ilo_Latn-jpn_Jpan,1-5
ilo_Latn-spa_Latn,1-5
ilo_Latn-zho_Hans,1-5
ina_Latn-fra_Latn,1-5
jam_Latn-fra_Latn,1-5
jam_Latn-spa_Latn,1-5
jav_Latn-cmn_Hani,1-5
jav_Latn-zho_Hans,1-5
jav_Latn-zho_Hant,1-5
kab_Latn-cmn_Hani,1-5
kab_Latn-deu_Latn,1-5
kab_Latn-eng_Latn,1-5
kab_Latn-fra_Latn,1-5
kab_Latn-spa_Latn,1-5
kab_Latn-zho_Hans,1-5
kab_Latn-zho_Hant,1-5
kan_Knda-cmn_Hani,1-5
kan_Knda-zho_Hans,1-5
kan_Knda-zho_Hant,1-5
khk_Cyrl-cmn_Hani,1-5
khk_Cyrl-zho_Hans,1-5
khk_Cyrl-zho_Hant,1-5
khm_Khmr-cmn_Hani,1-5
khm_Khmr-zho_Hans,1-5
khm_Khmr-zho_Hant,1-5
kin_Latn-eng_Latn,1-5
kin_Latn-fra_Latn,1-5
kin_Latn-jpn_Jpan,1-5
kin_Latn-spa_Latn,1-5
kin_Latn-zho_Hans,1-5
kir_Cyrl-zho_Hans,1-5
kir_Cyrl-zho_Hant,1-5
kmr_Latn-zho_Hans,1-5
kmr_Latn-zho_Hant,1-5
lad_Latn-fra_Latn,1-5
lim_Latn-eng_Latn,1-5
lim_Latn-fra_Latn,1-5
lim_Latn-jpn_Jpan,1-5
lim_Latn-spa_Latn,1-5
lim_Latn-zho_Hans,1-5
lim_Latn-zho_Hant,1-5
lin_Latn-zho_Hans,1-5
lin_Latn-zho_Hant,1-5
ltz_Latn-cmn_Hani,1-5
ltz_Latn-eng_Latn,1-5
ltz_Latn-fra_Latn,1-5
ltz_Latn-spa_Latn,1-5
ltz_Latn-zho_Hans,1-5
lug_Latn-zho_Hans,1-5
lzh_Hani-zho_Hans,1-5
lzh_Hani-zho_Hant,1-5
mal_Mlym-cmn_Hani,1-5
mal_Mlym-zho_Hans,1-5
mal_Mlym-zho_Hant,1-5
mhr_Cyrl-deu_Latn,1-5
mhr_Cyrl-eng_Latn,1-5
mhr_Cyrl-fra_Latn,1-5
mhr_Cyrl-spa_Latn,1-5
mhr_Cyrl-zho_Hant,1-5
mkd_Cyrl-cmn_Hani,1-5
mkd_Cyrl-deu_Latn,1-5
mkd_Cyrl-eng_Latn,1-5
mkd_Cyrl-fra_Latn,1-5
mkd_Cyrl-spa_Latn,1-5
mkd_Cyrl-zho_Hans,1-5
mkd_Cyrl-zho_Hant,1-5
mlg_Latn-cmn_Hani,1-5
mlg_Latn-zho_Hans,1-5
mlg_Latn-zho_Hant,1-5
mon_Cyrl-zho_Hans,1-5
mon_Cyrl-zho_Hant,1-5
mri_Latn-cmn_Hani,1-5
mri_Latn-zho_Hans,1-5
mri_Latn-zho_Hant,1-5
mya_Mymr-cmn_Hani,1-5
mya_Mymr-zho_Hans,1-5
mya_Mymr-zho_Hant,1-5
nep_Deva-cmn_Hani,1-5
nep_Deva-zho_Hans,1-5
nep_Deva-zho_Hant,1-5
nno_Latn-cmn_Hani,1-5
nno_Latn-deu_Latn,1-5
nno_Latn-eng_Latn,1-5
nno_Latn-fra_Latn,1-5
nno_Latn-jpn_Jpan,1-5
nno_Latn-spa_Latn,1-5
nno_Latn-zho_Hans,1-5
nno_Latn-zho_Hant,1-5
nob_Latn-cmn_Hani,1-5
nob_Latn-deu_Latn,1-5
nob_Latn-eng_Latn,1-5
nob_Latn-fra_Latn,1-5
nob_Latn-jpn_Jpan,1-5
nob_Latn-spa_Latn,1-5
nob_Latn-zho_Hans,1-5
nob_Latn-zho_Hant,1-5
nor_Latn-cmn_Hani,1-5
nor_Latn-eng_Latn,1-5
nor_Latn-zho_Hans,1-5
nor_Latn-zho_Hant,1-5
npi_Deva-cmn_Hani,1-5
npi_Deva-zho_Hans,1-5
nya_Latn-zho_Hans,1-5
nya_Latn-zho_Hant,1-5
oci_Latn-eng_Latn,1-5
oci_Latn-fra_Latn,1-5
oci_Latn-spa_Latn,1-5
oci_Latn-zho_Hans,1-5
orv_Cyrl-eng_Latn,1-5
pap_Latn-eng_Latn,1-5
pap_Latn-fra_Latn,1-5
pap_Latn-jpn_Jpan,1-5
pap_Latn-spa_Latn,1-5
pap_Latn-zho_Hans,1-5
plt_Latn-cmn_Hani,1-5
plt_Latn-zho_Hans,1-5
pus_Arab-zho_Hans,1-5
pus_Arab-zho_Hant,1-5
que_Latn-spa_Latn,1-5
quy_Latn-fra_Latn,1-5
quy_Latn-spa_Latn,1-5
quz_Latn-spa_Latn,1-5
scn_Latn-jpn_Jpan,1-5
scn_Latn-zho_Hans,1-5
sco_Latn-fra_Latn,1-5
sco_Latn-jpn_Jpan,1-5
sco_Latn-spa_Latn,1-5
sdh_Arab-eng_Latn,1-5
sin_Sinh-cmn_Hani,1-5
sin_Sinh-zho_Hans,1-5
sin_Sinh-zho_Hant,1-5
sna_Latn-cmn_Hani,1-5
sna_Latn-zho_Hans,1-5
sna_Latn-zho_Hant,1-5
snd_Arab-zho_Hans,1-5
som_Latn-cmn_Hani,1-5
som_Latn-zho_Hans,1-5
som_Latn-zho_Hant,1-5
sqi_Latn-cmn_Hani,1-5
sqi_Latn-zho_Hans,1-5
sqi_Latn-zho_Hant,1-5
srd_Latn-cmn_Hani,1-5
srd_Latn-deu_Latn,1-5
srd_Latn-eng_Latn,1-5
srd_Latn-fra_Latn,1-5
srd_Latn-jpn_Jpan,1-5
srd_Latn-spa_Latn,1-5
srd_Latn-zho_Hans,1-5
srd_Latn-zho_Hant,1-5
ssw_Latn-zho_Hans,1-5
sun_Latn-cmn_Hani,1-5
sun_Latn-zho_Hans,1-5
sun_Latn-zho_Hant,1-5
swc_Latn-cmn_Hani,1-5
swc_Latn-zho_Hans,1-5
tat_Latn-eng_Latn,1-5
tel_Telu-cmn_Hani,1-5
tel_Telu-zho_Hans,1-5
tel_Telu-zho_Hant,1-5
tgk_Cyrl-cmn_Hani,1-5
tgk_Cyrl-zho_Hans,1-5
tgk_Cyrl-zho_Hant,1-5
twi_Latn-fra_Latn,1-5
uig_Cyrl-eng_Latn,1-5
vec_Latn-eng_Latn,1-5
vec_Latn-fra_Latn,1-5
vec_Latn-jpn_Jpan,1-5
vec_Latn-spa_Latn,1-5
vec_Latn-zho_Hans,1-5
vec_Latn-zho_Hant,1-5
war_Latn-fra_Latn,1-5
war_Latn-spa_Latn,1-5
wes_Latn-fra_Latn,1-5
wes_Latn-spa_Latn,1-5
yao_Latn-eng_Latn,1-5
yid_Hebr-zho_Hans,1-5
yue_Hani-zho_Hans,1-5
yue_Hani-zho_Hant,1-5
amh_Ethi-fuv_Latn,2-0
gle_Latn-nds_Latn,2-0
hau_Latn-und_Kana,2-0
isl_Latn-nds_Latn,2-0
isl_Latn-und_Kana,2-0
mar_Deva-nds_Latn,2-0
mar_Deva-ory_Orya,2-0
als_Latn-sun_Latn,2-1
als_Latn-tel_Telu,2-1
als_Latn-tgk_Cyrl,2-1
als_Latn-yue_Hani,2-1
amh_Ethi-aze_Latn,2-1
amh_Ethi-azj_Latn,2-1
amh_Ethi-cym_Latn,2-1
amh_Ethi-epo_Latn,2-1
amh_Ethi-ewe_Latn,2-1
amh_Ethi-ful_Latn,2-1
amh_Ethi-guj_Gujr,2-1
amh_Ethi-hye_Armn,2-1
amh_Ethi-ibo_Latn,2-1
amh_Ethi-jav_Latn,2-1
amh_Ethi-kan_Knda,2-1
amh_Ethi-khk_Cyrl,2-1
amh_Ethi-khm_Khmr,2-1
amh_Ethi-kin_Latn,2-1
amh_Ethi-kir_Cyrl,2-1
amh_Ethi-kmr_Latn,2-1
amh_Ethi-lin_Latn,2-1
amh_Ethi-lua_Latn,2-1
amh_Ethi-lug_Latn,2-1
amh_Ethi-luo_Latn,2-1
amh_Ethi-mal_Mlym,2-1
amh_Ethi-mkd_Cyrl,2-1
amh_Ethi-mlg_Latn,2-1
amh_Ethi-mon_Cyrl,2-1
amh_Ethi-mri_Latn,2-1
amh_Ethi-mya_Mymr,2-1
amh_Ethi-nep_Deva,2-1
amh_Ethi-nno_Latn,2-1
amh_Ethi-nob_Latn,2-1
amh_Ethi-nor_Latn,2-1
amh_Ethi-npi_Deva,2-1
amh_Ethi-nso_Latn,2-1
amh_Ethi-nya_Latn,2-1
amh_Ethi-pbt_Arab,2-1
amh_Ethi-plt_Latn,2-1
amh_Ethi-pus_Arab,2-1
amh_Ethi-run_Latn,2-1
amh_Ethi-sin_Sinh,2-1
amh_Ethi-sna_Latn,2-1
amh_Ethi-som_Latn,2-1
amh_Ethi-sot_Latn,2-1
amh_Ethi-sqi_Latn,2-1
amh_Ethi-srd_Latn,2-1
amh_Ethi-sun_Latn,2-1
amh_Ethi-swc_Latn,2-1
amh_Ethi-tel_Telu,2-1
amh_Ethi-tgk_Cyrl,2-1
amh_Ethi-tso_Latn,2-1
amh_Ethi-tum_Latn,2-1
amh_Ethi-twi_Latn,2-1
amh_Ethi-yue_Hani,2-1
gle_Latn-guj_Gujr,2-1
gle_Latn-hbs_Latn,2-1
gle_Latn-hne_Deva,2-1
gle_Latn-kan_Knda,2-1
gle_Latn-mal_Mlym,2-1
gle_Latn-mkd_Cyrl,2-1
gle_Latn-nep_Deva,2-1
gle_Latn-nno_Latn,2-1
gle_Latn-nob_Latn,2-1
gle_Latn-nor_Latn,2-1
gle_Latn-oci_Latn,2-1
gle_Latn-sin_Sinh,2-1
gle_Latn-sqi_Latn,2-1
gle_Latn-tel_Telu,2-1
hat_Latn-hye_Armn,2-1
hat_Latn-ibo_Latn,2-1
hat_Latn-jav_Latn,2-1
hat_Latn-kan_Knda,2-1
hat_Latn-khk_Cyrl,2-1
hat_Latn-khm_Khmr,2-1
hat_Latn-kir_Cyrl,2-1
hat_Latn-mal_Mlym,2-1
hat_Latn-mkd_Cyrl,2-1
hat_Latn-mlg_Latn,2-1
hat_Latn-mon_Cyrl,2-1
hat_Latn-mri_Latn,2-1
hat_Latn-mya_Mymr,2-1
hat_Latn-nep_Deva,2-1
hat_Latn-nob_Latn,2-1
hat_Latn-nor_Latn,2-1
hat_Latn-npi_Deva,2-1
hat_Latn-nya_Latn,2-1
hat_Latn-plt_Latn,2-1
hat_Latn-sin_Sinh,2-1
hat_Latn-som_Latn,2-1
hat_Latn-sqi_Latn,2-1
hat_Latn-srd_Latn,2-1
hat_Latn-sun_Latn,2-1
hat_Latn-tel_Telu,2-1
hat_Latn-tgk_Cyrl,2-1
hat_Latn-yue_Hani,2-1
hau_Latn-hye_Armn,2-1
hau_Latn-ibo_Latn,2-1
hau_Latn-jav_Latn,2-1
hau_Latn-khm_Khmr,2-1
hau_Latn-kik_Latn,2-1
hau_Latn-kin_Latn,2-1
hau_Latn-lin_Latn,2-1
hau_Latn-ltz_Latn,2-1
hau_Latn-lua_Latn,2-1
hau_Latn-lug_Latn,2-1
hau_Latn-luo_Latn,2-1
hau_Latn-lzh_Hani,2-1
hau_Latn-mal_Mlym,2-1
hau_Latn-mkd_Cyrl,2-1
hau_Latn-mlg_Latn,2-1
hau_Latn-mon_Cyrl,2-1
hau_Latn-mya_Mymr,2-1
hau_Latn-nep_Deva,2-1
hau_Latn-nob_Latn,2-1
hau_Latn-nor_Latn,2-1
hau_Latn-nso_Latn,2-1
hau_Latn-nya_Latn,2-1
hau_Latn-oci_Latn,2-1
hau_Latn-run_Latn,2-1
hau_Latn-sin_Sinh,2-1
hau_Latn-sna_Latn,2-1
hau_Latn-snd_Arab,2-1
hau_Latn-som_Latn,2-1
hau_Latn-sot_Latn,2-1
hau_Latn-sqi_Latn,2-1
hau_Latn-srd_Latn,2-1
hau_Latn-sun_Latn,2-1
hau_Latn-swc_Latn,2-1
hau_Latn-tel_Telu,2-1
hau_Latn-tgk_Cyrl,2-1
hau_Latn-tso_Latn,2-1
hau_Latn-tum_Latn,2-1
hau_Latn-twi_Latn,2-1
hau_Latn-yue_Hani,2-1
isl_Latn-fur_Latn,2-1
isl_Latn-hbs_Latn,2-1
isl_Latn-jav_Latn,2-1
isl_Latn-kan_Knda,2-1
isl_Latn-khk_Cyrl,2-1
isl_Latn-khm_Khmr,2-1
isl_Latn-kir_Cyrl,2-1
isl_Latn-kmr_Latn,2-1
isl_Latn-lim_Latn,2-1
isl_Latn-ltz_Latn,2-1
isl_Latn-lzh_Hani,2-1
isl_Latn-mal_Mlym,2-1
isl_Latn-mkd_Cyrl,2-1
isl_Latn-mlg_Latn,2-1
isl_Latn-mon_Cyrl,2-1
isl_Latn-mri_Latn,2-1
isl_Latn-mya_Mymr,2-1
isl_Latn-nep_Deva,2-1
isl_Latn-nno_Latn,2-1
isl_Latn-nob_Latn,2-1
isl_Latn-nor_Latn,2-1
isl_Latn-npi_Deva,2-1
isl_Latn-nya_Latn,2-1
isl_Latn-oci_Latn,2-1
isl_Latn-pbt_Arab,2-1
isl_Latn-plt_Latn,2-1
isl_Latn-pus_Arab,2-1
isl_Latn-sin_Sinh,2-1
isl_Latn-sna_Latn,2-1
isl_Latn-snd_Arab,2-1
isl_Latn-som_Latn,2-1
isl_Latn-sqi_Latn,2-1
isl_Latn-srd_Latn,2-1
isl_Latn-sun_Latn,2-1
isl_Latn-tel_Telu,2-1
isl_Latn-tgk_Cyrl,2-1
isl_Latn-wln_Latn,2-1
isl_Latn-yue_Hani,2-1
lao_Laoo-mal_Mlym,2-1
lao_Laoo-mkd_Cyrl,2-1
lao_Laoo-mya_Mymr,2-1
lao_Laoo-nor_Latn,2-1
lao_Laoo-sin_Sinh,2-1
lao_Laoo-tel_Telu,2-1
mar_Deva-hbs_Latn,2-1
mar_Deva-lzh_Hani,2-1
mar_Deva-mya_Mymr,2-1
mar_Deva-nep_Deva,2-1
mar_Deva-nno_Latn,2-1
mar_Deva-nob_Latn,2-1
mar_Deva-nor_Latn,2-1
mar_Deva-npi_Deva,2-1
mar_Deva-nya_Latn,2-1
mar_Deva-oci_Latn,2-1
mar_Deva-pbt_Arab,2-1
mar_Deva-pus_Arab,2-1
mar_Deva-sin_Sinh,2-1
mar_Deva-sna_Latn,2-1
mar_Deva-snd_Arab,2-1
mar_Deva-som_Latn,2-1
mar_Deva-sqi_Latn,2-1
mar_Deva-srd_Latn,2-1
mar_Deva-sun_Latn,2-1
mar_Deva-tel_Telu,2-1
mar_Deva-tgk_Cyrl,2-1
mar_Deva-wln_Latn,2-1
mar_Deva-yue_Hani,2-1
mlt_Latn-hbs_Latn,2-1
mlt_Latn-nob_Latn,2-1
mlt_Latn-nor_Latn,2-1
pan_Guru-pus_Arab,2-1
pan_Guru-sin_Sinh,2-1
pan_Guru-snd_Arab,2-1
pan_Guru-sqi_Latn,2-1
pan_Guru-tel_Telu,2-1
pan_Guru-tgk_Cyrl,2-1
pan_Guru-wln_Latn,2-1
san_Deva-sin_Sinh,2-1
san_Deva-snd_Arab,2-1
san_Deva-tel_Telu,2-1
swa_Latn-lzh_Hani,2-1
swa_Latn-tel_Telu,2-1
swa_Latn-tgk_Cyrl,2-1
swa_Latn-tso_Latn,2-1
swa_Latn-tum_Latn,2-1
swa_Latn-twi_Latn,2-1
swa_Latn-yue_Hani,2-1
swh_Latn-tel_Telu,2-1
swh_Latn-tgk_Cyrl,2-1
swh_Latn-tso_Latn,2-1
swh_Latn-tum_Latn,2-1
swh_Latn-twi_Latn,2-1
tir_Ethi-tso_Latn,2-1
tir_Ethi-tum_Latn,2-1
tir_Ethi-twi_Latn,2-1
tsn_Latn-tso_Latn,2-1
tsn_Latn-tum_Latn,2-1
tsn_Latn-twi_Latn,2-1
xho_Latn-lzh_Hani,2-1
xho_Latn-yue_Hani,2-1
als_Latn-swa_Latn,2-2
als_Latn-swh_Latn,2-2
als_Latn-xho_Latn,2-2
als_Latn-yor_Latn,2-2
amh_Ethi-als_Latn,2-2
amh_Ethi-hat_Latn,2-2
amh_Ethi-hau_Latn,2-2
amh_Ethi-isl_Latn,2-2
amh_Ethi-lao_Laoo,2-2
amh_Ethi-mar_Deva,2-2
amh_Ethi-pan_Guru,2-2
amh_Ethi-swa_Latn,2-2
amh_Ethi-swh_Latn,2-2
amh_Ethi-tir_Ethi,2-2
amh_Ethi-tsn_Latn,2-2
amh_Ethi-xho_Latn,2-2
amh_Ethi-yor_Latn,2-2
amh_Ethi-zul_Latn,2-2
gle_Latn-als_Latn,2-2
gle_Latn-hau_Latn,2-2
gle_Latn-isl_Latn,2-2
gle_Latn-mar_Deva,2-2
gle_Latn-mlt_Latn,2-2
gle_Latn-swa_Latn,2-2
gle_Latn-swh_Latn,2-2
gle_Latn-xho_Latn,2-2
hat_Latn-als_Latn,2-2
hat_Latn-isl_Latn,2-2
hat_Latn-mar_Deva,2-2
hat_Latn-swa_Latn,2-2
hat_Latn-swh_Latn,2-2
hat_Latn-xho_Latn,2-2
hat_Latn-yor_Latn,2-2
hat_Latn-zul_Latn,2-2
hau_Latn-als_Latn,2-2
hau_Latn-hat_Latn,2-2
hau_Latn-isl_Latn,2-2
hau_Latn-mar_Deva,2-2
hau_Latn-swa_Latn,2-2
hau_Latn-swh_Latn,2-2
hau_Latn-tir_Ethi,2-2
hau_Latn-tsn_Latn,2-2
hau_Latn-xho_Latn,2-2
hau_Latn-yor_Latn,2-2
hau_Latn-zul_Latn,2-2
isl_Latn-als_Latn,2-2
isl_Latn-lao_Laoo,2-2
isl_Latn-mar_Deva,2-2
isl_Latn-mlt_Latn,2-2
isl_Latn-pan_Guru,2-2
isl_Latn-swa_Latn,2-2
isl_Latn-swh_Latn,2-2
isl_Latn-xho_Latn,2-2
isl_Latn-yor_Latn,2-2
isl_Latn-zul_Latn,2-2
lao_Laoo-mar_Deva,2-2
mar_Deva-als_Latn,2-2
mar_Deva-pan_Guru,2-2
mar_Deva-san_Deva,2-2
mar_Deva-swa_Latn,2-2
mar_Deva-swh_Latn,2-2
mar_Deva-xho_Latn,2-2
mar_Deva-yor_Latn,2-2
mar_Deva-zul_Latn,2-2
mlt_Latn-als_Latn,2-2
mlt_Latn-swh_Latn,2-2
pan_Guru-als_Latn,2-2
pan_Guru-san_Deva,2-2
pan_Guru-swa_Latn,2-2
pan_Guru-xho_Latn,2-2
swa_Latn-tir_Ethi,2-2
swa_Latn-tsn_Latn,2-2
swa_Latn-xho_Latn,2-2
swa_Latn-yor_Latn,2-2
swa_Latn-zul_Latn,2-2
swh_Latn-tir_Ethi,2-2
swh_Latn-tsn_Latn,2-2
swh_Latn-xho_Latn,2-2
swh_Latn-yor_Latn,2-2
swh_Latn-zul_Latn,2-2
tir_Ethi-tsn_Latn,2-2
tir_Ethi-xho_Latn,2-2
tir_Ethi-yor_Latn,2-2
tir_Ethi-zul_Latn,2-2
tsn_Latn-xho_Latn,2-2
tsn_Latn-yor_Latn,2-2
tsn_Latn-zul_Latn,2-2
xho_Latn-yor_Latn,2-2
xho_Latn-zul_Latn,2-2
yor_Latn-zul_Latn,2-2
acm_Arab-bul_Cyrl,2-3
acm_Arab-dan_Latn,2-3
acm_Arab-ell_Grek,2-3
acm_Arab-heb_Hebr,2-3
acm_Arab-ind_Latn,2-3
acm_Arab-ron_Latn,2-3
acm_Arab-slv_Latn,2-3
als_Latn-fil_Latn,2-3
als_Latn-tam_Taml,2-3
als_Latn-tgl_Latn,2-3
als_Latn-tha_Thai,2-3
als_Latn-ukr_Cyrl,2-3
als_Latn-urd_Arab,2-3
als_Latn-uzn_Latn,2-3
amh_Ethi-bel_Cyrl,2-3
amh_Ethi-ben_Beng,2-3
amh_Ethi-bul_Cyrl,2-3
amh_Ethi-dan_Latn,2-3
amh_Ethi-ekk_Latn,2-3
amh_Ethi-ell_Grek,2-3
amh_Ethi-est_Latn,2-3
amh_Ethi-fil_Latn,2-3
amh_Ethi-glg_Latn,2-3
amh_Ethi-heb_Hebr,2-3
amh_Ethi-ind_Latn,2-3
amh_Ethi-kat_Geor,2-3
amh_Ethi-kaz_Cyrl,2-3
amh_Ethi-lav_Latn,2-3
amh_Ethi-lit_Latn,2-3
amh_Ethi-lvs_Latn,2-3
amh_Ethi-msa_Latn,2-3
amh_Ethi-ron_Latn,2-3
amh_Ethi-slk_Latn,2-3
amh_Ethi-slv_Latn,2-3
amh_Ethi-tam_Taml,2-3
amh_Ethi-tgl_Latn,2-3
amh_Ethi-tha_Thai,2-3
amh_Ethi-ukr_Cyrl,2-3
amh_Ethi-urd_Arab,2-3
amh_Ethi-zsm_Latn,2-3
gle_Latn-glg_Latn,2-3
gle_Latn-heb_Hebr,2-3
gle_Latn-ind_Latn,2-3
gle_Latn-kaz_Cyrl,2-3
gle_Latn-lav_Latn,2-3
gle_Latn-lit_Latn,2-3
gle_Latn-lvs_Latn,2-3
gle_Latn-msa_Latn,2-3
gle_Latn-ron_Latn,2-3
gle_Latn-slk_Latn,2-3
gle_Latn-slv_Latn,2-3
gle_Latn-tam_Taml,2-3
gle_Latn-tgl_Latn,2-3
gle_Latn-tha_Thai,2-3
gle_Latn-ukr_Cyrl,2-3
gle_Latn-urd_Arab,2-3
gle_Latn-uzn_Latn,2-3
gle_Latn-zsm_Latn,2-3
hat_Latn-fil_Latn,2-3
hat_Latn-ind_Latn,2-3
hat_Latn-kat_Geor,2-3
hat_Latn-kaz_Cyrl,2-3
hat_Latn-lav_Latn,2-3
hat_Latn-lit_Latn,2-3
hat_Latn-lvs_Latn,2-3
hat_Latn-msa_Latn,2-3
hat_Latn-ron_Latn,2-3
hat_Latn-slk_Latn,2-3
hat_Latn-slv_Latn,2-3
hat_Latn-tam_Taml,2-3
hat_Latn-tgl_Latn,2-3
hat_Latn-tha_Thai,2-3
hat_Latn-ukr_Cyrl,2-3
hat_Latn-urd_Arab,2-3
hat_Latn-zsm_Latn,2-3
hau_Latn-fil_Latn,2-3
hau_Latn-heb_Hebr,2-3
hau_Latn-ind_Latn,2-3
hau_Latn-kat_Geor,2-3
hau_Latn-kaz_Cyrl,2-3
hau_Latn-lat_Latn,2-3
hau_Latn-lav_Latn,2-3
hau_Latn-lit_Latn,2-3
hau_Latn-lvs_Latn,2-3
hau_Latn-msa_Latn,2-3
hau_Latn-ron_Latn,2-3
hau_Latn-slk_Latn,2-3
hau_Latn-slv_Latn,2-3
hau_Latn-tam_Taml,2-3
hau_Latn-tgl_Latn,2-3
hau_Latn-tha_Thai,2-3
hau_Latn-ukr_Cyrl,2-3
hau_Latn-urd_Arab,2-3
hau_Latn-zsm_Latn,2-3
isl_Latn-dan_Latn,2-3
isl_Latn-fil_Latn,2-3
isl_Latn-ind_Latn,2-3
isl_Latn-kat_Geor,2-3
isl_Latn-kaz_Cyrl,2-3
isl_Latn-lat_Latn,2-3
isl_Latn-lav_Latn,2-3
isl_Latn-lit_Latn,2-3
isl_Latn-lvs_Latn,2-3
isl_Latn-msa_Latn,2-3
isl_Latn-ron_Latn,2-3
isl_Latn-slk_Latn,2-3
isl_Latn-slv_Latn,2-3
isl_Latn-tam_Taml,2-3
isl_Latn-tgl_Latn,2-3
isl_Latn-tha_Thai,2-3
isl_Latn-ukr_Cyrl,2-3
isl_Latn-urd_Arab,2-3
isl_Latn-uzn_Latn,2-3
isl_Latn-zsm_Latn,2-3
lao_Laoo-lit_Latn,2-3
lao_Laoo-lvs_Latn,2-3
lao_Laoo-msa_Latn,2-3
lao_Laoo-ron_Latn,2-3
lao_Laoo-slk_Latn,2-3
lao_Laoo-slv_Latn,2-3
lao_Laoo-tam_Taml,2-3
lao_Laoo-tgl_Latn,2-3
lao_Laoo-tha_Thai,2-3
lao_Laoo-ukr_Cyrl,2-3
lao_Laoo-urd_Arab,2-3
mar_Deva-fil_Latn,2-3
mar_Deva-msa_Latn,2-3
mar_Deva-ron_Latn,2-3
mar_Deva-slk_Latn,2-3
mar_Deva-slv_Latn,2-3
mar_Deva-tam_Taml,2-3
mar_Deva-tgl_Latn,2-3
mar_Deva-tha_Thai,2-3
mar_Deva-ukr_Cyrl,2-3
mar_Deva-urd_Arab,2-3
mar_Deva-uzn_Latn,2-3
mar_Deva-zsm_Latn,2-3
mlt_Latn-lit_Latn,2-3
mlt_Latn-lvs_Latn,2-3
mlt_Latn-ron_Latn,2-3
mlt_Latn-slk_Latn,2-3
mlt_Latn-slv_Latn,2-3
mlt_Latn-tha_Thai,2-3
mlt_Latn-ukr_Cyrl,2-3
pan_Guru-ron_Latn,2-3
pan_Guru-slk_Latn,2-3
pan_Guru-slv_Latn,2-3
pan_Guru-tam_Taml,2-3
pan_Guru-tgl_Latn,2-3
pan_Guru-tha_Thai,2-3
pan_Guru-ukr_Cyrl,2-3
pan_Guru-urd_Arab,2-3
san_Deva-tam_Taml,2-3
san_Deva-urd_Arab,2-3
swa_Latn-fil_Latn,2-3
swa_Latn-tam_Taml,2-3
swa_Latn-tgl_Latn,2-3
swa_Latn-tha_Thai,2-3
swa_Latn-ukr_Cyrl,2-3
swa_Latn-urd_Arab,2-3
swh_Latn-fil_Latn,2-3
swh_Latn-tam_Taml,2-3
swh_Latn-tgl_Latn,2-3
swh_Latn-tha_Thai,2-3
swh_Latn-ukr_Cyrl,2-3
swh_Latn-urd_Arab,2-3
tsn_Latn-ukr_Cyrl,2-3
xho_Latn-ind_Latn,2-3
xho_Latn-ron_Latn,2-3
xho_Latn-ukr_Cyrl,2-3
zul_Latn-ron_Latn,2-3
acm_Arab-ces_Latn,2-4
acm_Arab-fas_Arab,2-4
acm_Arab-fin_Latn,2-4
acm_Arab-hrv_Latn,2-4
acm_Arab-hun_Latn,2-4
acm_Arab-ita_Latn,2-4
acm_Arab-nld_Latn,2-4
acm_Arab-pol_Latn,2-4
acm_Arab-por_Latn,2-4
acm_Arab-rus_Cyrl,2-4
acm_Arab-srp_Latn,2-4
acm_Arab-swe_Latn,2-4
acm_Arab-tur_Latn,2-4
acm_Arab-vie_Latn,2-4
als_Latn-hrv_Latn,2-4
als_Latn-srp_Cyrl,2-4
als_Latn-srp_Latn,2-4
als_Latn-swe_Latn,2-4
als_Latn-tur_Latn,2-4
als_Latn-vie_Latn,2-4
amh_Ethi-arb_Arab,2-4
amh_Ethi-cat_Latn,2-4
amh_Ethi-ces_Latn,2-4
amh_Ethi-eus_Latn,2-4
amh_Ethi-fas_Arab,2-4
amh_Ethi-fin_Latn,2-4
amh_Ethi-hin_Deva,2-4
amh_Ethi-hrv_Latn,2-4
amh_Ethi-hun_Latn,2-4
amh_Ethi-ita_Latn,2-4
amh_Ethi-kor_Hang,2-4
amh_Ethi-nld_Latn,2-4
amh_Ethi-pol_Latn,2-4
amh_Ethi-por_Latn,2-4
amh_Ethi-rus_Cyrl,2-4
amh_Ethi-srp_Cyrl,2-4
amh_Ethi-swe_Latn,2-4
amh_Ethi-tur_Latn,2-4
amh_Ethi-vie_Latn,2-4
gle_Latn-hin_Deva,2-4
gle_Latn-hrv_Latn,2-4
gle_Latn-hun_Latn,2-4
gle_Latn-ita_Latn,2-4
gle_Latn-kor_Hang,2-4
gle_Latn-nld_Latn,2-4
gle_Latn-pol_Latn,2-4
gle_Latn-por_Latn,2-4
gle_Latn-rus_Cyrl,2-4
gle_Latn-srp_Cyrl,2-4
gle_Latn-swe_Latn,2-4
gle_Latn-tur_Latn,2-4
gle_Latn-vie_Latn,2-4
hat_Latn-hun_Latn,2-4
hat_Latn-ita_Latn,2-4
hat_Latn-kor_Hang,2-4
hat_Latn-nld_Latn,2-4
hat_Latn-pol_Latn,2-4
hat_Latn-por_Latn,2-4
hat_Latn-rus_Cyrl,2-4
hat_Latn-srp_Cyrl,2-4
hat_Latn-swe_Latn,2-4
hat_Latn-tur_Latn,2-4
hat_Latn-vie_Latn,2-4
hau_Latn-hin_Deva,2-4
hau_Latn-hrv_Latn,2-4
hau_Latn-hun_Latn,2-4
hau_Latn-ita_Latn,2-4
hau_Latn-kor_Hang,2-4
hau_Latn-nld_Latn,2-4
hau_Latn-pol_Latn,2-4
hau_Latn-por_Latn,2-4
hau_Latn-rus_Cyrl,2-4
hau_Latn-srp_Cyrl,2-4
hau_Latn-swe_Latn,2-4
hau_Latn-tur_Latn,2-4
hau_Latn-vie_Latn,2-4
isl_Latn-ces_Latn,2-4
isl_Latn-eus_Latn,2-4
isl_Latn-hrv_Latn,2-4
isl_Latn-ita_Latn,2-4
isl_Latn-kor_Hang,2-4
isl_Latn-nld_Latn,2-4
isl_Latn-pol_Latn,2-4
isl_Latn-por_Latn,2-4
isl_Latn-rus_Cyrl,2-4
isl_Latn-srp_Cyrl,2-4
isl_Latn-srp_Latn,2-4
isl_Latn-swe_Latn,2-4
isl_Latn-tur_Latn,2-4
isl_Latn-vie_Latn,2-4
lao_Laoo-nld_Latn,2-4
lao_Laoo-pol_Latn,2-4
lao_Laoo-por_Latn,2-4
lao_Laoo-rus_Cyrl,2-4
lao_Laoo-srp_Cyrl,2-4
lao_Laoo-swe_Latn,2-4
lao_Laoo-tur_Latn,2-4
lao_Laoo-vie_Latn,2-4
mar_Deva-nld_Latn,2-4
mar_Deva-pol_Latn,2-4
mar_Deva-por_Latn,2-4
mar_Deva-rus_Cyrl,2-4
mar_Deva-srp_Cyrl,2-4
mar_Deva-swe_Latn,2-4
mar_Deva-tur_Latn,2-4
mar_Deva-vie_Latn,2-4
mlt_Latn-hrv_Latn,2-4
mlt_Latn-ita_Latn,2-4
mlt_Latn-nld_Latn,2-4
mlt_Latn-pol_Latn,2-4
mlt_Latn-por_Latn,2-4
mlt_Latn-rus_Cyrl,2-4
mlt_Latn-srp_Cyrl,2-4
mlt_Latn-swe_Latn,2-4
mlt_Latn-tur_Latn,2-4
mlt_Latn-vie_Latn,2-4
pan_Guru-pol_Latn,2-4
pan_Guru-por_Latn,2-4
pan_Guru-rus_Cyrl,2-4
pan_Guru-srp_Cyrl,2-4
pan_Guru-swe_Latn,2-4
pan_Guru-tur_Latn,2-4
pan_Guru-vie_Latn,2-4
swa_Latn-tur_Latn,2-4
swa_Latn-vie_Latn,2-4
swh_Latn-tur_Latn,2-4
swh_Latn-vie_Latn,2-4
tsn_Latn-tur_Latn,2-4
tsn_Latn-vie_Latn,2-4
wol_Latn-ita_Latn,2-4
wol_Latn-nld_Latn,2-4
wol_Latn-pol_Latn,2-4
wol_Latn-por_Latn,2-4
wol_Latn-rus_Cyrl,2-4
wol_Latn-swe_Latn,2-4
wol_Latn-tur_Latn,2-4
xho_Latn-ita_Latn,2-4
xho_Latn-nld_Latn,2-4
xho_Latn-pol_Latn,2-4
xho_Latn-por_Latn,2-4
xho_Latn-rus_Cyrl,2-4
xho_Latn-swe_Latn,2-4
xho_Latn-tur_Latn,2-4
zul_Latn-por_Latn,2-4
zul_Latn-rus_Cyrl,2-4
zul_Latn-tur_Latn,2-4
acm_Arab-deu_Latn,2-5
acm_Arab-eng_Latn,2-5
acm_Arab-fra_Latn,2-5
acm_Arab-spa_Latn,2-5
als_Latn-cmn_Hani,2-5
als_Latn-eng_Latn,2-5
als_Latn-zho_Hans,2-5
als_Latn-zho_Hant,2-5
amh_Ethi-ara_Arab,2-5
amh_Ethi-cmn_Hani,2-5
amh_Ethi-deu_Latn,2-5
amh_Ethi-eng_Latn,2-5
amh_Ethi-fra_Latn,2-5
amh_Ethi-jpn_Jpan,2-5
amh_Ethi-spa_Latn,2-5
amh_Ethi-zho_Hans,2-5
amh_Ethi-zho_Hant,2-5
gle_Latn-jpn_Jpan,2-5
gle_Latn-zho_Hans,2-5
hat_Latn-cmn_Hani,2-5
hat_Latn-eng_Latn,2-5
hat_Latn-fra_Latn,2-5
hat_Latn-jpn_Jpan,2-5
hat_Latn-spa_Latn,2-5
hat_Latn-zho_Hans,2-5
hat_Latn-zho_Hant,2-5
hau_Latn-cmn_Hani,2-5
hau_Latn-jpn_Jpan,2-5
hau_Latn-zho_Hans,2-5
hau_Latn-zho_Hant,2-5
isl_Latn-cmn_Hani,2-5
isl_Latn-eng_Latn,2-5
isl_Latn-jpn_Jpan,2-5
isl_Latn-zho_Hans,2-5
isl_Latn-zho_Hant,2-5
lao_Laoo-zho_Hans,2-5
lao_Laoo-zho_Hant,2-5
mar_Deva-cmn_Hani,2-5
mar_Deva-zho_Hans,2-5
mar_Deva-zho_Hant,2-5
mlt_Latn-fra_Latn,2-5
mlt_Latn-spa_Latn,2-5
mlt_Latn-zho_Hans,2-5
pan_Guru-zho_Hans,2-5
pan_Guru-zho_Hant,2-5
swa_Latn-cmn_Hani,2-5
swa_Latn-zho_Hans,2-5
swa_Latn-zho_Hant,2-5
swh_Latn-cmn_Hani,2-5
swh_Latn-zho_Hans,2-5
tsn_Latn-zho_Hans,2-5
tsn_Latn-zho_Hant,2-5
wol_Latn-fra_Latn,2-5
wol_Latn-spa_Latn,2-5
wol_Latn-zho_Hans,2-5
wol_Latn-zho_Hant,2-5
xho_Latn-cmn_Hani,2-5
xho_Latn-fra_Latn,2-5
xho_Latn-jpn_Jpan,2-5
xho_Latn-spa_Latn,2-5
xho_Latn-zho_Hans,2-5
xho_Latn-zho_Hant,2-5
ydd_Hebr-cmn_Hani,2-5
ydd_Hebr-zho_Hans,2-5
yor_Latn-zho_Hans,2-5
yor_Latn-zho_Hant,2-5
afr_Latn-dyu_Latn,3-0
afr_Latn-fon_Latn,3-0
afr_Latn-nds_Latn,3-0
afr_Latn-ory_Orya,3-0
afr_Latn-umb_Latn,3-0
afr_Latn-und_Kana,3-0
bel_Cyrl-nds_Latn,3-0
bel_Cyrl-und_Kana,3-0
ben_Beng-mag_Deva,3-0
ben_Beng-nds_Latn,3-0
ben_Beng-ory_Orya,3-0
ben_Beng-und_Kana,3-0
bos_Latn-nds_Latn,3-0
bul_Cyrl-fro_Latn,3-0
bul_Cyrl-gug_Latn,3-0
bul_Cyrl-kiu_Latn,3-0
bul_Cyrl-nds_Latn,3-0
bul_Cyrl-shp_Latn,3-0
bul_Cyrl-und_Beng,3-0
bul_Cyrl-und_Geor,3-0
bul_Cyrl-und_Hira,3-0
bul_Cyrl-und_Kana,3-0
dan_Latn-fro_Latn,3-0
dan_Latn-kiu_Latn,3-0
dan_Latn-nds_Latn,3-0
dan_Latn-und_Hira,3-0
dan_Latn-und_Kana,3-0
ekk_Latn-nds_Latn,3-0
ell_Grek-fro_Latn,3-0
ell_Grek-gug_Latn,3-0
ell_Grek-kiu_Latn,3-0
ell_Grek-nds_Latn,3-0
ell_Grek-shp_Latn,3-0
ell_Grek-und_Geor,3-0
ell_Grek-und_Hira,3-0
ell_Grek-und_Kana,3-0
ell_Grek-xav_Latn,3-0
est_Latn-fro_Latn,3-0
est_Latn-nds_Latn,3-0
est_Latn-und_Kana,3-0
glg_Latn-nds_Latn,3-0
glg_Latn-und_Kana,3-0
heb_Hebr-fro_Latn,3-0
heb_Hebr-nds_Latn,3-0
heb_Hebr-und_Geor,3-0
heb_Hebr-und_Hira,3-0
heb_Hebr-und_Kana,3-0
ind_Latn-ban_Latn,3-0
ind_Latn-bew_Latn,3-0
ind_Latn-kiu_Latn,3-0
ind_Latn-nds_Latn,3-0
ind_Latn-shn_Mymr,3-0
ind_Latn-und_Hira,3-0
ind_Latn-und_Kana,3-0
ind_Latn-xav_Latn,3-0
lit_Latn-nds_Latn,3-0
lvs_Latn-nds_Latn,3-0
msa_Latn-nds_Latn,3-0
afr_Latn-asm_Beng,3-1
afr_Latn-ast_Latn,3-1
afr_Latn-aze_Latn,3-1
afr_Latn-azj_Latn,3-1
afr_Latn-bam_Latn,3-1
afr_Latn-bem_Latn,3-1
afr_Latn-bre_Latn,3-1
afr_Latn-cym_Latn,3-1
afr_Latn-epo_Latn,3-1
afr_Latn-ewe_Latn,3-1
afr_Latn-fry_Latn,3-1
afr_Latn-fur_Latn,3-1
afr_Latn-gaz_Latn,3-1
afr_Latn-guj_Gujr,3-1
afr_Latn-hye_Armn,3-1
afr_Latn-ibo_Latn,3-1
afr_Latn-jav_Latn,3-1
afr_Latn-kan_Knda,3-1
afr_Latn-khk_Cyrl,3-1
afr_Latn-khm_Khmr,3-1
afr_Latn-kik_Latn,3-1
afr_Latn-kin_Latn,3-1
afr_Latn-kir_Cyrl,3-1
afr_Latn-kmr_Latn,3-1
afr_Latn-kon_Latn,3-1
afr_Latn-lim_Latn,3-1
afr_Latn-lin_Latn,3-1
afr_Latn-ltz_Latn,3-1
afr_Latn-lua_Latn,3-1
afr_Latn-lug_Latn,3-1
afr_Latn-luo_Latn,3-1
afr_Latn-lzh_Hani,3-1
afr_Latn-mai_Deva,3-1
afr_Latn-mal_Mlym,3-1
afr_Latn-mkd_Cyrl,3-1
afr_Latn-mlg_Latn,3-1
afr_Latn-mon_Cyrl,3-1
afr_Latn-mri_Latn,3-1
afr_Latn-mya_Mymr,3-1
afr_Latn-nep_Deva,3-1
afr_Latn-nno_Latn,3-1
afr_Latn-nob_Latn,3-1
afr_Latn-nor_Latn,3-1
afr_Latn-npi_Deva,3-1
afr_Latn-nso_Latn,3-1
afr_Latn-nya_Latn,3-1
afr_Latn-oci_Latn,3-1
afr_Latn-orm_Latn,3-1
afr_Latn-pbt_Arab,3-1
afr_Latn-plt_Latn,3-1
afr_Latn-pus_Arab,3-1
afr_Latn-run_Latn,3-1
afr_Latn-sin_Sinh,3-1
afr_Latn-sna_Latn,3-1
afr_Latn-som_Latn,3-1
afr_Latn-sot_Latn,3-1
afr_Latn-sqi_Latn,3-1
afr_Latn-srd_Latn,3-1
afr_Latn-ssw_Latn,3-1
afr_Latn-sun_Latn,3-1
afr_Latn-swc_Latn,3-1
afr_Latn-tel_Telu,3-1
afr_Latn-tgk_Cyrl,3-1
afr_Latn-tso_Latn,3-1
afr_Latn-tum_Latn,3-1
afr_Latn-twi_Latn,3-1
afr_Latn-vec_Latn,3-1
afr_Latn-wln_Latn,3-1
afr_Latn-yue_Hani,3-1
arz_Arab-epo_Latn,3-1
arz_Arab-mal_Mlym,3-1
arz_Arab-mkd_Cyrl,3-1
arz_Arab-nob_Latn,3-1
arz_Arab-nor_Latn,3-1
arz_Arab-sin_Sinh,3-1
arz_Arab-sqi_Latn,3-1
arz_Arab-srd_Latn,3-1
bel_Cyrl-bre_Latn,3-1
bel_Cyrl-cym_Latn,3-1
bel_Cyrl-epo_Latn,3-1
bel_Cyrl-fry_Latn,3-1
bel_Cyrl-fur_Latn,3-1
bel_Cyrl-guj_Gujr,3-1
bel_Cyrl-hbs_Latn,3-1
bel_Cyrl-hye_Armn,3-1
bel_Cyrl-ibo_Latn,3-1
bel_Cyrl-ilo_Latn,3-1
bel_Cyrl-jav_Latn,3-1
bel_Cyrl-kan_Knda,3-1
bel_Cyrl-khk_Cyrl,3-1
bel_Cyrl-khm_Khmr,3-1
bel_Cyrl-kin_Latn,3-1
bel_Cyrl-kir_Cyrl,3-1
bel_Cyrl-kmr_Latn,3-1
bel_Cyrl-lim_Latn,3-1
bel_Cyrl-ltz_Latn,3-1
bel_Cyrl-lzh_Hani,3-1
bel_Cyrl-mal_Mlym,3-1
bel_Cyrl-mkd_Cyrl,3-1
bel_Cyrl-mlg_Latn,3-1
bel_Cyrl-mon_Cyrl,3-1
bel_Cyrl-mri_Latn,3-1
bel_Cyrl-mya_Mymr,3-1
bel_Cyrl-nep_Deva,3-1
bel_Cyrl-nno_Latn,3-1
bel_Cyrl-nob_Latn,3-1
bel_Cyrl-nor_Latn,3-1
bel_Cyrl-npi_Deva,3-1
bel_Cyrl-nya_Latn,3-1
bel_Cyrl-oci_Latn,3-1
bel_Cyrl-pbt_Arab,3-1
bel_Cyrl-plt_Latn,3-1
bel_Cyrl-pus_Arab,3-1
bel_Cyrl-sin_Sinh,3-1
bel_Cyrl-snd_Arab,3-1
bel_Cyrl-som_Latn,3-1
bel_Cyrl-sqi_Latn,3-1
bel_Cyrl-srd_Latn,3-1
bel_Cyrl-sun_Latn,3-1
bel_Cyrl-tel_Telu,3-1
bel_Cyrl-tgk_Cyrl,3-1
bel_Cyrl-vec_Latn,3-1
bel_Cyrl-yue_Hani,3-1
ben_Beng-ast_Latn,3-1
ben_Beng-bho_Deva,3-1
ben_Beng-bre_Latn,3-1
ben_Beng-ckb_Arab,3-1
ben_Beng-crh_Latn,3-1
ben_Beng-cym_Latn,3-1
ben_Beng-epo_Latn,3-1
ben_Beng-fry_Latn,3-1
ben_Beng-fur_Latn,3-1
ben_Beng-gla_Latn,3-1
ben_Beng-guj_Gujr,3-1
ben_Beng-hbs_Latn,3-1
ben_Beng-hne_Deva,3-1
ben_Beng-hye_Armn,3-1
ben_Beng-ibo_Latn,3-1
ben_Beng-ilo_Latn,3-1
ben_Beng-jav_Latn,3-1
ben_Beng-kab_Latn,3-1
ben_Beng-kan_Knda,3-1
ben_Beng-kas_Arab,3-1
ben_Beng-kas_Deva,3-1
ben_Beng-khk_Cyrl,3-1
ben_Beng-khm_Khmr,3-1
ben_Beng-kin_Latn,3-1
ben_Beng-kir_Cyrl,3-1
ben_Beng-kmr_Latn,3-1
ben_Beng-lim_Latn,3-1
ben_Beng-ltz_Latn,3-1
ben_Beng-lzh_Hani,3-1
ben_Beng-mai_Deva,3-1
ben_Beng-mal_Mlym,3-1
ben_Beng-mkd_Cyrl,3-1
ben_Beng-mlg_Latn,3-1
ben_Beng-mon_Cyrl,3-1
ben_Beng-mri_Latn,3-1
ben_Beng-mya_Mymr,3-1
ben_Beng-nep_Deva,3-1
ben_Beng-nno_Latn,3-1
ben_Beng-nob_Latn,3-1
ben_Beng-nor_Latn,3-1
ben_Beng-npi_Deva,3-1
ben_Beng-nya_Latn,3-1
ben_Beng-oci_Latn,3-1
ben_Beng-pap_Latn,3-1
ben_Beng-pbt_Arab,3-1
ben_Beng-plt_Latn,3-1
ben_Beng-pus_Arab,3-1
ben_Beng-sin_Sinh,3-1
ben_Beng-sna_Latn,3-1
ben_Beng-snd_Arab,3-1
ben_Beng-som_Latn,3-1
ben_Beng-sqi_Latn,3-1
ben_Beng-srd_Latn,3-1
ben_Beng-sun_Latn,3-1
ben_Beng-swc_Latn,3-1
ben_Beng-tat_Cyrl,3-1
ben_Beng-tel_Telu,3-1
ben_Beng-tgk_Cyrl,3-1
ben_Beng-vec_Latn,3-1
ben_Beng-wln_Latn,3-1
ben_Beng-yue_Hani,3-1
bos_Latn-abk_Cyrl,3-1
bos_Latn-bak_Cyrl,3-1
bos_Latn-cym_Latn,3-1
bos_Latn-epo_Latn,3-1
bos_Latn-fry_Latn,3-1
bos_Latn-fur_Latn,3-1
bos_Latn-guj_Gujr,3-1
bos_Latn-hbs_Latn,3-1
bos_Latn-kab_Latn,3-1
bos_Latn-kan_Knda,3-1
bos_Latn-khm_Khmr,3-1
bos_Latn-kin_Latn,3-1
bos_Latn-lim_Latn,3-1
bos_Latn-ltz_Latn,3-1
bos_Latn-lzh_Hani,3-1
bos_Latn-mal_Mlym,3-1
bos_Latn-mhr_Cyrl,3-1
bos_Latn-mkd_Cyrl,3-1
bos_Latn-mlg_Latn,3-1
bos_Latn-mya_Mymr,3-1
bos_Latn-nep_Deva,3-1
bos_Latn-nno_Latn,3-1
bos_Latn-nob_Latn,3-1
bos_Latn-nor_Latn,3-1
bos_Latn-oci_Latn,3-1
bos_Latn-sin_Sinh,3-1
bos_Latn-sqi_Latn,3-1
bos_Latn-srd_Latn,3-1
bos_Latn-tel_Telu,3-1
bos_Latn-yue_Hani,3-1
bul_Cyrl-abk_Cyrl,3-1
bul_Cyrl-ast_Latn,3-1
bul_Cyrl-azj_Latn,3-1
bul_Cyrl-bak_Cyrl,3-1
bul_Cyrl-bre_Latn,3-1
bul_Cyrl-ckb_Arab,3-1
bul_Cyrl-crh_Latn,3-1
bul_Cyrl-cym_Latn,3-1
bul_Cyrl-epo_Latn,3-1
bul_Cyrl-fao_Latn,3-1
bul_Cyrl-fry_Latn,3-1
bul_Cyrl-fur_Latn,3-1
bul_Cyrl-gla_Latn,3-1
bul_Cyrl-gsw_Latn,3-1
bul_Cyrl-guj_Gujr,3-1
bul_Cyrl-hbs_Latn,3-1
bul_Cyrl-hne_Deva,3-1
bul_Cyrl-hye_Armn,3-1
bul_Cyrl-ibo_Latn,3-1
bul_Cyrl-ilo_Latn,3-1
bul_Cyrl-ina_Latn,3-1
bul_Cyrl-jav_Latn,3-1
bul_Cyrl-kab_Latn,3-1
bul_Cyrl-kan_Knda,3-1
bul_Cyrl-khk_Cyrl,3-1
bul_Cyrl-khm_Khmr,3-1
bul_Cyrl-kin_Latn,3-1
bul_Cyrl-kir_Cyrl,3-1
bul_Cyrl-kmr_Latn,3-1
bul_Cyrl-lim_Latn,3-1
bul_Cyrl-ltz_Latn,3-1
bul_Cyrl-lzh_Hani,3-1
bul_Cyrl-mal_Mlym,3-1
bul_Cyrl-mhr_Cyrl,3-1
bul_Cyrl-mkd_Cyrl,3-1
bul_Cyrl-mlg_Latn,3-1
bul_Cyrl-mon_Cyrl,3-1
bul_Cyrl-mri_Latn,3-1
bul_Cyrl-mya_Mymr,3-1
bul_Cyrl-nap_Latn,3-1
bul_Cyrl-nep_Deva,3-1
bul_Cyrl-nno_Latn,3-1
bul_Cyrl-nob_Latn,3-1
bul_Cyrl-nor_Latn,3-1
bul_Cyrl-npi_Deva,3-1
bul_Cyrl-nso_Latn,3-1
bul_Cyrl-nya_Latn,3-1
bul_Cyrl-oci_Latn,3-1
bul_Cyrl-pap_Latn,3-1
bul_Cyrl-pbt_Arab,3-1
bul_Cyrl-plt_Latn,3-1
bul_Cyrl-pus_Arab,3-1
bul_Cyrl-rmy_Latn,3-1
bul_Cyrl-roh_Latn,3-1
bul_Cyrl-scn_Latn,3-1
bul_Cyrl-sco_Latn,3-1
bul_Cyrl-sin_Sinh,3-1
bul_Cyrl-sna_Latn,3-1
bul_Cyrl-snd_Arab,3-1
bul_Cyrl-som_Latn,3-1
bul_Cyrl-sqi_Latn,3-1
bul_Cyrl-srd_Latn,3-1
bul_Cyrl-sun_Latn,3-1
bul_Cyrl-swc_Latn,3-1
bul_Cyrl-tat_Cyrl,3-1
bul_Cyrl-tel_Telu,3-1
bul_Cyrl-tgk_Cyrl,3-1
bul_Cyrl-vec_Latn,3-1
bul_Cyrl-wes_Latn,3-1
bul_Cyrl-wln_Latn,3-1
bul_Cyrl-yue_Hani,3-1
ceb_Latn-epo_Latn,3-1
ceb_Latn-fij_Latn,3-1
ceb_Latn-ilo_Latn,3-1
ceb_Latn-jav_Latn,3-1
ceb_Latn-mal_Mlym,3-1
ceb_Latn-mkd_Cyrl,3-1
ceb_Latn-mlg_Latn,3-1
ceb_Latn-mri_Latn,3-1
ceb_Latn-nob_Latn,3-1
ceb_Latn-nor_Latn,3-1
ceb_Latn-pag_Latn,3-1
ceb_Latn-plt_Latn,3-1
ceb_Latn-sin_Sinh,3-1
ceb_Latn-smo_Latn,3-1
ceb_Latn-sqi_Latn,3-1
ceb_Latn-srd_Latn,3-1
ceb_Latn-sun_Latn,3-1
ceb_Latn-war_Latn,3-1
dan_Latn-abk_Cyrl,3-1
dan_Latn-ast_Latn,3-1
dan_Latn-azj_Latn,3-1
dan_Latn-bak_Cyrl,3-1
dan_Latn-bre_Latn,3-1
dan_Latn-ckb_Arab,3-1
dan_Latn-crh_Latn,3-1
dan_Latn-epo_Latn,3-1
dan_Latn-fao_Latn,3-1
dan_Latn-fry_Latn,3-1
dan_Latn-fur_Latn,3-1
dan_Latn-gla_Latn,3-1
dan_Latn-gsw_Latn,3-1
dan_Latn-guj_Gujr,3-1
dan_Latn-hbs_Latn,3-1
dan_Latn-hne_Deva,3-1
dan_Latn-hye_Armn,3-1
dan_Latn-ibo_Latn,3-1
dan_Latn-ilo_Latn,3-1
dan_Latn-ina_Latn,3-1
dan_Latn-jav_Latn,3-1
dan_Latn-kab_Latn,3-1
dan_Latn-kan_Knda,3-1
dan_Latn-khk_Cyrl,3-1
dan_Latn-khm_Khmr,3-1
dan_Latn-kin_Latn,3-1
dan_Latn-kir_Cyrl,3-1
dan_Latn-kmr_Latn,3-1
dan_Latn-lim_Latn,3-1
dan_Latn-ltz_Latn,3-1
dan_Latn-lzh_Hani,3-1
dan_Latn-mal_Mlym,3-1
dan_Latn-mhr_Cyrl,3-1
dan_Latn-mkd_Cyrl,3-1
dan_Latn-mlg_Latn,3-1
dan_Latn-mon_Cyrl,3-1
dan_Latn-mri_Latn,3-1
dan_Latn-mya_Mymr,3-1
dan_Latn-nep_Deva,3-1
dan_Latn-nno_Latn,3-1
dan_Latn-nob_Latn,3-1
dan_Latn-nor_Latn,3-1
dan_Latn-npi_Deva,3-1
dan_Latn-nso_Latn,3-1
dan_Latn-nya_Latn,3-1
dan_Latn-oci_Latn,3-1
dan_Latn-pap_Latn,3-1
dan_Latn-pbt_Arab,3-1
dan_Latn-plt_Latn,3-1
dan_Latn-pus_Arab,3-1
dan_Latn-rmy_Latn,3-1
dan_Latn-scn_Latn,3-1
dan_Latn-sco_Latn,3-1
dan_Latn-sin_Sinh,3-1
dan_Latn-sna_Latn,3-1
dan_Latn-snd_Arab,3-1
dan_Latn-som_Latn,3-1
dan_Latn-sqi_Latn,3-1
dan_Latn-srd_Latn,3-1
dan_Latn-sun_Latn,3-1
dan_Latn-tat_Cyrl,3-1
dan_Latn-tel_Telu,3-1
dan_Latn-tgk_Cyrl,3-1
dan_Latn-vec_Latn,3-1
dan_Latn-wln_Latn,3-1
dan_Latn-yue_Hani,3-1
ekk_Latn-fry_Latn,3-1
ekk_Latn-fur_Latn,3-1
ekk_Latn-guj_Gujr,3-1
ekk_Latn-hbs_Latn,3-1
ekk_Latn-hye_Armn,3-1
ekk_Latn-ibo_Latn,3-1
ekk_Latn-jav_Latn,3-1
ekk_Latn-kan_Knda,3-1
ekk_Latn-khk_Cyrl,3-1
ekk_Latn-khm_Khmr,3-1
ekk_Latn-kin_Latn,3-1
ekk_Latn-kir_Cyrl,3-1
ekk_Latn-kmr_Latn,3-1
ekk_Latn-lim_Latn,3-1
ekk_Latn-ltz_Latn,3-1
ekk_Latn-lzh_Hani,3-1
ekk_Latn-mal_Mlym,3-1
ekk_Latn-mkd_Cyrl,3-1
ekk_Latn-mlg_Latn,3-1
ekk_Latn-mri_Latn,3-1
ekk_Latn-mya_Mymr,3-1
ekk_Latn-nep_Deva,3-1
ekk_Latn-nno_Latn,3-1
ekk_Latn-nob_Latn,3-1
ekk_Latn-nor_Latn,3-1
ekk_Latn-npi_Deva,3-1
ekk_Latn-nya_Latn,3-1
ekk_Latn-oci_Latn,3-1
ekk_Latn-pbt_Arab,3-1
ekk_Latn-plt_Latn,3-1
ekk_Latn-sin_Sinh,3-1
ekk_Latn-som_Latn,3-1
ekk_Latn-sqi_Latn,3-1
ekk_Latn-srd_Latn,3-1
ekk_Latn-sun_Latn,3-1
ekk_Latn-swc_Latn,3-1
ekk_Latn-tel_Telu,3-1
ekk_Latn-tgk_Cyrl,3-1
ekk_Latn-vec_Latn,3-1
ekk_Latn-yue_Hani,3-1
ell_Grek-abk_Cyrl,3-1
ell_Grek-ast_Latn,3-1
ell_Grek-azj_Latn,3-1
ell_Grek-bak_Cyrl,3-1
ell_Grek-bre_Latn,3-1
ell_Grek-ckb_Arab,3-1
ell_Grek-crh_Latn,3-1
ell_Grek-epo_Latn,3-1
ell_Grek-fao_Latn,3-1
ell_Grek-fry_Latn,3-1
ell_Grek-fur_Latn,3-1
ell_Grek-gla_Latn,3-1
ell_Grek-guj_Gujr,3-1
ell_Grek-hbs_Latn,3-1
ell_Grek-hne_Deva,3-1
ell_Grek-hye_Armn,3-1
ell_Grek-ibo_Latn,3-1
ell_Grek-ilo_Latn,3-1
ell_Grek-ina_Latn,3-1
ell_Grek-jam_Latn,3-1
ell_Grek-jav_Latn,3-1
ell_Grek-kab_Latn,3-1
ell_Grek-kan_Knda,3-1
ell_Grek-khk_Cyrl,3-1
ell_Grek-khm_Khmr,3-1
ell_Grek-kin_Latn,3-1
ell_Grek-kir_Cyrl,3-1
ell_Grek-kmr_Latn,3-1
ell_Grek-lim_Latn,3-1
ell_Grek-ltz_Latn,3-1
ell_Grek-lug_Latn,3-1
ell_Grek-lzh_Hani,3-1
ell_Grek-mal_Mlym,3-1
ell_Grek-mhr_Cyrl,3-1
ell_Grek-mkd_Cyrl,3-1
ell_Grek-mlg_Latn,3-1
ell_Grek-mon_Cyrl,3-1
ell_Grek-mri_Latn,3-1
ell_Grek-mya_Mymr,3-1
ell_Grek-nap_Latn,3-1
ell_Grek-nep_Deva,3-1
ell_Grek-nno_Latn,3-1
ell_Grek-nob_Latn,3-1
ell_Grek-nor_Latn,3-1
ell_Grek-npi_Deva,3-1
ell_Grek-nso_Latn,3-1
ell_Grek-nya_Latn,3-1
ell_Grek-oci_Latn,3-1
ell_Grek-pap_Latn,3-1
ell_Grek-pbt_Arab,3-1
ell_Grek-plt_Latn,3-1
ell_Grek-pus_Arab,3-1
ell_Grek-rmy_Latn,3-1
ell_Grek-roh_Latn,3-1
ell_Grek-scn_Latn,3-1
ell_Grek-sco_Latn,3-1
ell_Grek-sin_Sinh,3-1
ell_Grek-sna_Latn,3-1
ell_Grek-snd_Arab,3-1
ell_Grek-som_Latn,3-1
ell_Grek-sqi_Latn,3-1
ell_Grek-srd_Latn,3-1
ell_Grek-sun_Latn,3-1
ell_Grek-swc_Latn,3-1
ell_Grek-tat_Cyrl,3-1
ell_Grek-tel_Telu,3-1
ell_Grek-tgk_Cyrl,3-1
ell_Grek-vec_Latn,3-1
ell_Grek-wes_Latn,3-1
ell_Grek-wln_Latn,3-1
ell_Grek-yue_Hani,3-1
est_Latn-abk_Cyrl,3-1
est_Latn-bak_Cyrl,3-1
est_Latn-epo_Latn,3-1
est_Latn-fry_Latn,3-1
est_Latn-fur_Latn,3-1
est_Latn-hbs_Latn,3-1
est_Latn-hye_Armn,3-1
est_Latn-ibo_Latn,3-1
est_Latn-ilo_Latn,3-1
est_Latn-jav_Latn,3-1
est_Latn-kab_Latn,3-1
est_Latn-khm_Khmr,3-1
est_Latn-kin_Latn,3-1
est_Latn-lim_Latn,3-1
est_Latn-ltz_Latn,3-1
est_Latn-lzh_Hani,3-1
est_Latn-mal_Mlym,3-1
est_Latn-mhr_Cyrl,3-1
est_Latn-mkd_Cyrl,3-1
est_Latn-mlg_Latn,3-1
est_Latn-mon_Cyrl,3-1
est_Latn-mya_Mymr,3-1
est_Latn-nep_Deva,3-1
est_Latn-nno_Latn,3-1
est_Latn-nob_Latn,3-1
est_Latn-nor_Latn,3-1
est_Latn-oci_Latn,3-1
est_Latn-pus_Arab,3-1
est_Latn-sin_Sinh,3-1
est_Latn-snd_Arab,3-1
est_Latn-som_Latn,3-1
est_Latn-sqi_Latn,3-1
est_Latn-srd_Latn,3-1
est_Latn-sun_Latn,3-1
est_Latn-tel_Telu,3-1
est_Latn-tgk_Cyrl,3-1
est_Latn-vec_Latn,3-1
est_Latn-yue_Hani,3-1
glg_Latn-fur_Latn,3-1
glg_Latn-guj_Gujr,3-1
glg_Latn-hbs_Latn,3-1
glg_Latn-hne_Deva,3-1
glg_Latn-hye_Armn,3-1
glg_Latn-ibo_Latn,3-1
glg_Latn-ilo_Latn,3-1
glg_Latn-jav_Latn,3-1
glg_Latn-kan_Knda,3-1
glg_Latn-khm_Khmr,3-1
glg_Latn-ltz_Latn,3-1
glg_Latn-lzh_Hani,3-1
glg_Latn-mal_Mlym,3-1
glg_Latn-mkd_Cyrl,3-1
glg_Latn-mlg_Latn,3-1
glg_Latn-mya_Mymr,3-1
glg_Latn-nep_Deva,3-1
glg_Latn-nno_Latn,3-1
glg_Latn-nob_Latn,3-1
glg_Latn-nor_Latn,3-1
glg_Latn-npi_Deva,3-1
glg_Latn-oci_Latn,3-1
glg_Latn-sin_Sinh,3-1
glg_Latn-snd_Arab,3-1
glg_Latn-sqi_Latn,3-1
glg_Latn-srd_Latn,3-1
glg_Latn-sun_Latn,3-1
glg_Latn-tel_Telu,3-1
glg_Latn-tgk_Cyrl,3-1
glg_Latn-wln_Latn,3-1
glg_Latn-yue_Hani,3-1
heb_Hebr-abk_Cyrl,3-1
heb_Hebr-bak_Cyrl,3-1
heb_Hebr-ckb_Arab,3-1
heb_Hebr-crh_Latn,3-1
heb_Hebr-epo_Latn,3-1
heb_Hebr-fur_Latn,3-1
heb_Hebr-hbs_Latn,3-1
heb_Hebr-hne_Deva,3-1
heb_Hebr-hye_Armn,3-1
heb_Hebr-ibo_Latn,3-1
heb_Hebr-ilo_Latn,3-1
heb_Hebr-ina_Latn,3-1
heb_Hebr-jav_Latn,3-1
heb_Hebr-kab_Latn,3-1
heb_Hebr-kan_Knda,3-1
heb_Hebr-khk_Cyrl,3-1
heb_Hebr-khm_Khmr,3-1
heb_Hebr-kin_Latn,3-1
heb_Hebr-kir_Cyrl,3-1
heb_Hebr-kmr_Latn,3-1
heb_Hebr-lim_Latn,3-1
heb_Hebr-ltz_Latn,3-1
heb_Hebr-lzh_Hani,3-1
heb_Hebr-mal_Mlym,3-1
heb_Hebr-mhr_Cyrl,3-1
heb_Hebr-mkd_Cyrl,3-1
heb_Hebr-mlg_Latn,3-1
heb_Hebr-mon_Cyrl,3-1
heb_Hebr-mri_Latn,3-1
heb_Hebr-mya_Mymr,3-1
heb_Hebr-nap_Latn,3-1
heb_Hebr-nep_Deva,3-1
heb_Hebr-nno_Latn,3-1
heb_Hebr-nob_Latn,3-1
heb_Hebr-nor_Latn,3-1
heb_Hebr-npi_Deva,3-1
heb_Hebr-nso_Latn,3-1
heb_Hebr-oci_Latn,3-1
heb_Hebr-pap_Latn,3-1
heb_Hebr-plt_Latn,3-1
heb_Hebr-pus_Arab,3-1
heb_Hebr-rmy_Latn,3-1
heb_Hebr-scn_Latn,3-1
heb_Hebr-sin_Sinh,3-1
heb_Hebr-sna_Latn,3-1
heb_Hebr-snd_Arab,3-1
heb_Hebr-som_Latn,3-1
heb_Hebr-sqi_Latn,3-1
heb_Hebr-srd_Latn,3-1
heb_Hebr-sun_Latn,3-1
heb_Hebr-swc_Latn,3-1
heb_Hebr-tat_Cyrl,3-1
heb_Hebr-tel_Telu,3-1
heb_Hebr-tgk_Cyrl,3-1
heb_Hebr-vec_Latn,3-1
heb_Hebr-wln_Latn,3-1
heb_Hebr-yue_Hani,3-1
ind_Latn-abk_Cyrl,3-1
ind_Latn-ace_Latn,3-1
ind_Latn-azj_Latn,3-1
ind_Latn-bak_Cyrl,3-1
ind_Latn-ckb_Arab,3-1
ind_Latn-crh_Latn,3-1
ind_Latn-epo_Latn,3-1
ind_Latn-fur_Latn,3-1
ind_Latn-hbs_Latn,3-1
ind_Latn-ibo_Latn,3-1
ind_Latn-ilo_Latn,3-1
ind_Latn-jav_Latn,3-1
ind_Latn-kab_Latn,3-1
ind_Latn-kan_Knda,3-1
ind_Latn-khk_Cyrl,3-1
ind_Latn-khm_Khmr,3-1
ind_Latn-kin_Latn,3-1
ind_Latn-kir_Cyrl,3-1
ind_Latn-kmr_Latn,3-1
ind_Latn-lim_Latn,3-1
ind_Latn-ltz_Latn,3-1
ind_Latn-lzh_Hani,3-1
ind_Latn-mal_Mlym,3-1
ind_Latn-mhr_Cyrl,3-1
ind_Latn-min_Latn,3-1
ind_Latn-mkd_Cyrl,3-1
ind_Latn-mlg_Latn,3-1
ind_Latn-mon_Cyrl,3-1
ind_Latn-mri_Latn,3-1
ind_Latn-mya_Mymr,3-1
ind_Latn-nep_Deva,3-1
ind_Latn-nno_Latn,3-1
ind_Latn-nob_Latn,3-1
ind_Latn-nor_Latn,3-1
ind_Latn-npi_Deva,3-1
ind_Latn-nya_Latn,3-1
ind_Latn-oci_Latn,3-1
ind_Latn-pap_Latn,3-1
ind_Latn-pbt_Arab,3-1
ind_Latn-plt_Latn,3-1
ind_Latn-pus_Arab,3-1
ind_Latn-scn_Latn,3-1
ind_Latn-sin_Sinh,3-1
ind_Latn-sna_Latn,3-1
ind_Latn-snd_Arab,3-1
ind_Latn-som_Latn,3-1
ind_Latn-sqi_Latn,3-1
ind_Latn-srd_Latn,3-1
ind_Latn-sun_Latn,3-1
ind_Latn-swc_Latn,3-1
ind_Latn-tat_Cyrl,3-1
ind_Latn-tel_Telu,3-1
ind_Latn-tgk_Cyrl,3-1
ind_Latn-vec_Latn,3-1
ind_Latn-wln_Latn,3-1
ind_Latn-yue_Hani,3-1
kat_Geor-kan_Knda,3-1
kat_Geor-khk_Cyrl,3-1
kat_Geor-khm_Khmr,3-1
kat_Geor-kir_Cyrl,3-1
kat_Geor-kmr_Latn,3-1
kat_Geor-mal_Mlym,3-1
kat_Geor-mkd_Cyrl,3-1
kat_Geor-mlg_Latn,3-1
kat_Geor-mon_Cyrl,3-1
kat_Geor-mri_Latn,3-1
kat_Geor-mya_Mymr,3-1
kat_Geor-nep_Deva,3-1
kat_Geor-nob_Latn,3-1
kat_Geor-nor_Latn,3-1
kat_Geor-npi_Deva,3-1
kat_Geor-nya_Latn,3-1
kat_Geor-pbt_Arab,3-1
kat_Geor-plt_Latn,3-1
kat_Geor-pus_Arab,3-1
kat_Geor-sin_Sinh,3-1
kat_Geor-som_Latn,3-1
kat_Geor-sqi_Latn,3-1
kat_Geor-sun_Latn,3-1
kat_Geor-tel_Telu,3-1
kat_Geor-tgk_Cyrl,3-1
kat_Geor-yue_Hani,3-1
kaz_Cyrl-kan_Knda,3-1
kaz_Cyrl-khk_Cyrl,3-1
kaz_Cyrl-khm_Khmr,3-1
kaz_Cyrl-kir_Cyrl,3-1
kaz_Cyrl-kmr_Latn,3-1
kaz_Cyrl-mal_Mlym,3-1
kaz_Cyrl-mkd_Cyrl,3-1
kaz_Cyrl-mlg_Latn,3-1
kaz_Cyrl-mon_Cyrl,3-1
kaz_Cyrl-mya_Mymr,3-1
kaz_Cyrl-nep_Deva,3-1
kaz_Cyrl-nno_Latn,3-1
kaz_Cyrl-nob_Latn,3-1
kaz_Cyrl-nor_Latn,3-1
kaz_Cyrl-npi_Deva,3-1
kaz_Cyrl-oci_Latn,3-1
kaz_Cyrl-pbt_Arab,3-1
kaz_Cyrl-plt_Latn,3-1
kaz_Cyrl-pus_Arab,3-1
kaz_Cyrl-sin_Sinh,3-1
kaz_Cyrl-som_Latn,3-1
kaz_Cyrl-sqi_Latn,3-1
kaz_Cyrl-sun_Latn,3-1
kaz_Cyrl-tat_Cyrl,3-1
kaz_Cyrl-tel_Telu,3-1
kaz_Cyrl-tgk_Cyrl,3-1
kaz_Cyrl-yue_Hani,3-1
lat_Latn-ltz_Latn,3-1
lat_Latn-mal_Mlym,3-1
lat_Latn-mkd_Cyrl,3-1
lat_Latn-mlg_Latn,3-1
lat_Latn-nep_Deva,3-1
lat_Latn-nor_Latn,3-1
lat_Latn-oci_Latn,3-1
lat_Latn-sin_Sinh,3-1
lat_Latn-sqi_Latn,3-1
lat_Latn-tel_Telu,3-1
lav_Latn-fur_Latn,3-1
lav_Latn-hbs_Latn,3-1
lav_Latn-mal_Mlym,3-1
lav_Latn-mkd_Cyrl,3-1
lav_Latn-mlg_Latn,3-1
lav_Latn-mon_Cyrl,3-1
lav_Latn-mya_Mymr,3-1
lav_Latn-nep_Deva,3-1
lav_Latn-nno_Latn,3-1
lav_Latn-nob_Latn,3-1
lav_Latn-nor_Latn,3-1
lav_Latn-oci_Latn,3-1
lav_Latn-sin_Sinh,3-1
lav_Latn-sqi_Latn,3-1
lav_Latn-srd_Latn,3-1
lav_Latn-sun_Latn,3-1
lav_Latn-tel_Telu,3-1
lav_Latn-yue_Hani,3-1
lit_Latn-fur_Latn,3-1
lit_Latn-hbs_Latn,3-1
lit_Latn-khk_Cyrl,3-1
lit_Latn-kin_Latn,3-1
lit_Latn-lim_Latn,3-1
lit_Latn-lzh_Hani,3-1
lit_Latn-mal_Mlym,3-1
lit_Latn-mkd_Cyrl,3-1
lit_Latn-mlg_Latn,3-1
lit_Latn-mon_Cyrl,3-1
lit_Latn-mri_Latn,3-1
lit_Latn-mya_Mymr,3-1
lit_Latn-nep_Deva,3-1
lit_Latn-nno_Latn,3-1
lit_Latn-nob_Latn,3-1
lit_Latn-nor_Latn,3-1
lit_Latn-npi_Deva,3-1
lit_Latn-nya_Latn,3-1
lit_Latn-oci_Latn,3-1
lit_Latn-pbt_Arab,3-1
lit_Latn-plt_Latn,3-1
lit_Latn-pus_Arab,3-1
lit_Latn-rmy_Latn,3-1
lit_Latn-sin_Sinh,3-1
lit_Latn-sna_Latn,3-1
lit_Latn-snd_Arab,3-1
lit_Latn-som_Latn,3-1
lit_Latn-sqi_Latn,3-1
lit_Latn-srd_Latn,3-1
lit_Latn-sun_Latn,3-1
lit_Latn-swc_Latn,3-1
lit_Latn-tel_Telu,3-1
lit_Latn-tgk_Cyrl,3-1
lit_Latn-vec_Latn,3-1
lit_Latn-yue_Hani,3-1
lvs_Latn-fur_Latn,3-1
lvs_Latn-hbs_Latn,3-1
lvs_Latn-khk_Cyrl,3-1
lvs_Latn-lzh_Hani,3-1
lvs_Latn-mal_Mlym,3-1
lvs_Latn-mkd_Cyrl,3-1
lvs_Latn-mlg_Latn,3-1
lvs_Latn-mon_Cyrl,3-1
lvs_Latn-mri_Latn,3-1
lvs_Latn-mya_Mymr,3-1
lvs_Latn-nep_Deva,3-1
lvs_Latn-nno_Latn,3-1
lvs_Latn-nob_Latn,3-1
lvs_Latn-nor_Latn,3-1
lvs_Latn-npi_Deva,3-1
lvs_Latn-nya_Latn,3-1
lvs_Latn-oci_Latn,3-1
lvs_Latn-pbt_Arab,3-1
lvs_Latn-plt_Latn,3-1
lvs_Latn-pus_Arab,3-1
lvs_Latn-sin_Sinh,3-1
lvs_Latn-som_Latn,3-1
lvs_Latn-sqi_Latn,3-1
lvs_Latn-srd_Latn,3-1
lvs_Latn-sun_Latn,3-1
lvs_Latn-swc_Latn,3-1
lvs_Latn-tel_Telu,3-1
lvs_Latn-tgk_Cyrl,3-1
lvs_Latn-yue_Hani,3-1
msa_Latn-abk_Cyrl,3-1
msa_Latn-fur_Latn,3-1
msa_Latn-hbs_Latn,3-1
msa_Latn-kin_Latn,3-1
msa_Latn-lzh_Hani,3-1
msa_Latn-mya_Mymr,3-1
msa_Latn-nep_Deva,3-1
msa_Latn-nno_Latn,3-1
msa_Latn-nob_Latn,3-1
msa_Latn-nor_Latn,3-1
msa_Latn-npi_Deva,3-1
msa_Latn-oci_Latn,3-1
msa_Latn-pus_Arab,3-1
msa_Latn-sin_Sinh,3-1
msa_Latn-snd_Arab,3-1
msa_Latn-som_Latn,3-1
msa_Latn-sqi_Latn,3-1
msa_Latn-srd_Latn,3-1
msa_Latn-sun_Latn,3-1
msa_Latn-tel_Telu,3-1
msa_Latn-tgk_Cyrl,3-1
msa_Latn-uig_Arab,3-1
msa_Latn-wln_Latn,3-1
msa_Latn-yue_Hani,3-1
ron_Latn-abk_Cyrl,3-1
ron_Latn-azj_Latn,3-1
ron_Latn-bak_Cyrl,3-1
ron_Latn-epo_Latn,3-1
ron_Latn-fur_Latn,3-1
ron_Latn-hbs_Latn,3-1
ron_Latn-kab_Latn,3-1
ron_Latn-kin_Latn,3-1
ron_Latn-lzh_Hani,3-1
ron_Latn-mhr_Cyrl,3-1
ron_Latn-mkd_Cyrl,3-1
ron_Latn-nno_Latn,3-1
ron_Latn-nob_Latn,3-1
ron_Latn-sin_Sinh,3-1
ron_Latn-sna_Latn,3-1
ron_Latn-snd_Arab,3-1
ron_Latn-som_Latn,3-1
ron_Latn-sqi_Latn,3-1
ron_Latn-srd_Latn,3-1
ron_Latn-sun_Latn,3-1
ron_Latn-tat_Cyrl,3-1
ron_Latn-tel_Telu,3-1
ron_Latn-tgk_Cyrl,3-1
ron_Latn-wln_Latn,3-1
ron_Latn-yue_Hani,3-1
slk_Latn-epo_Latn,3-1
slk_Latn-fur_Latn,3-1
slk_Latn-lzh_Hani,3-1
slk_Latn-mkd_Cyrl,3-1
slk_Latn-nno_Latn,3-1
slk_Latn-nob_Latn,3-1
slk_Latn-nor_Latn,3-1
slk_Latn-sna_Latn,3-1
slk_Latn-som_Latn,3-1
slk_Latn-sqi_Latn,3-1
slk_Latn-srd_Latn,3-1
slk_Latn-sun_Latn,3-1
slk_Latn-swc_Latn,3-1
slk_Latn-tel_Telu,3-1
slk_Latn-tgk_Cyrl,3-1
slk_Latn-wln_Latn,3-1
slk_Latn-yue_Hani,3-1
slv_Latn-fur_Latn,3-1
slv_Latn-lzh_Hani,3-1
slv_Latn-mkd_Cyrl,3-1
slv_Latn-nno_Latn,3-1
slv_Latn-nob_Latn,3-1
slv_Latn-nor_Latn,3-1
slv_Latn-sna_Latn,3-1
slv_Latn-som_Latn,3-1
slv_Latn-sqi_Latn,3-1
slv_Latn-srd_Latn,3-1
slv_Latn-sun_Latn,3-1
slv_Latn-swc_Latn,3-1
slv_Latn-tat_Cyrl,3-1
slv_Latn-tel_Telu,3-1
slv_Latn-tgk_Cyrl,3-1
slv_Latn-wln_Latn,3-1
slv_Latn-yue_Hani,3-1
tam_Taml-lzh_Hani,3-1
tam_Taml-tel_Telu,3-1
tam_Taml-tgk_Cyrl,3-1
tam_Taml-wln_Latn,3-1
tam_Taml-yue_Hani,3-1
tgl_Latn-lzh_Hani,3-1
tgl_Latn-yue_Hani,3-1
tha_Thai-lzh_Hani,3-1
tha_Thai-yue_Hani,3-1
ukr_Cyrl-lzh_Hani,3-1
ukr_Cyrl-wln_Latn,3-1
ukr_Cyrl-yue_Hani,3-1
urd_Arab-lzh_Hani,3-1
urd_Arab-yue_Hani,3-1
uzn_Latn-mkd_Cyrl,3-1
uzn_Latn-nor_Latn,3-1
uzn_Latn-sqi_Latn,3-1
zsm_Latn-mal_Mlym,3-1
zsm_Latn-mya_Mymr,3-1
zsm_Latn-nep_Deva,3-1
zsm_Latn-nob_Latn,3-1
zsm_Latn-nor_Latn,3-1
zsm_Latn-npi_Deva,3-1
zsm_Latn-sin_Sinh,3-1
zsm_Latn-sqi_Latn,3-1
zsm_Latn-sun_Latn,3-1
zsm_Latn-tel_Telu,3-1
zsm_Latn-yue_Hani,3-1
afr_Latn-als_Latn,3-2
afr_Latn-amh_Ethi,3-2
afr_Latn-gle_Latn,3-2
afr_Latn-hat_Latn,3-2
afr_Latn-hau_Latn,3-2
afr_Latn-isl_Latn,3-2
afr_Latn-lao_Laoo,3-2
afr_Latn-mar_Deva,3-2
afr_Latn-mlt_Latn,3-2
afr_Latn-pan_Guru,3-2
afr_Latn-swa_Latn,3-2
afr_Latn-swh_Latn,3-2
afr_Latn-tir_Ethi,3-2
afr_Latn-tsn_Latn,3-2
afr_Latn-wol_Latn,3-2
afr_Latn-xho_Latn,3-2
afr_Latn-yor_Latn,3-2
afr_Latn-zul_Latn,3-2
arz_Arab-als_Latn,3-2
arz_Arab-isl_Latn,3-2
arz_Arab-mar_Deva,3-2
arz_Arab-xho_Latn,3-2
bel_Cyrl-als_Latn,3-2
bel_Cyrl-gle_Latn,3-2
bel_Cyrl-hat_Latn,3-2
bel_Cyrl-hau_Latn,3-2
bel_Cyrl-isl_Latn,3-2
bel_Cyrl-lao_Laoo,3-2
bel_Cyrl-mar_Deva,3-2
bel_Cyrl-mlt_Latn,3-2
bel_Cyrl-pan_Guru,3-2
bel_Cyrl-swa_Latn,3-2
bel_Cyrl-swh_Latn,3-2
bel_Cyrl-xho_Latn,3-2
bel_Cyrl-yor_Latn,3-2
bel_Cyrl-zul_Latn,3-2
ben_Beng-als_Latn,3-2
ben_Beng-gle_Latn,3-2
ben_Beng-hat_Latn,3-2
ben_Beng-hau_Latn,3-2
ben_Beng-isl_Latn,3-2
ben_Beng-lao_Laoo,3-2
ben_Beng-mar_Deva,3-2
ben_Beng-mlt_Latn,3-2
ben_Beng-pan_Guru,3-2
ben_Beng-san_Deva,3-2
ben_Beng-swa_Latn,3-2
ben_Beng-swh_Latn,3-2
ben_Beng-xho_Latn,3-2
ben_Beng-yor_Latn,3-2
ben_Beng-zul_Latn,3-2
bos_Latn-als_Latn,3-2
bos_Latn-gle_Latn,3-2
bos_Latn-hau_Latn,3-2
bos_Latn-isl_Latn,3-2
bos_Latn-mar_Deva,3-2
bos_Latn-pan_Guru,3-2
bos_Latn-swa_Latn,3-2
bos_Latn-xho_Latn,3-2
bul_Cyrl-als_Latn,3-2
bul_Cyrl-gle_Latn,3-2
bul_Cyrl-hat_Latn,3-2
bul_Cyrl-hau_Latn,3-2
bul_Cyrl-isl_Latn,3-2
bul_Cyrl-lao_Laoo,3-2
bul_Cyrl-mar_Deva,3-2
bul_Cyrl-mlt_Latn,3-2
bul_Cyrl-pan_Guru,3-2
bul_Cyrl-swa_Latn,3-2
bul_Cyrl-swh_Latn,3-2
bul_Cyrl-wol_Latn,3-2
bul_Cyrl-xho_Latn,3-2
bul_Cyrl-yor_Latn,3-2
bul_Cyrl-zul_Latn,3-2
ceb_Latn-hat_Latn,3-2
ceb_Latn-hau_Latn,3-2
ceb_Latn-isl_Latn,3-2
ceb_Latn-mar_Deva,3-2
ceb_Latn-swa_Latn,3-2
ceb_Latn-xho_Latn,3-2
dan_Latn-als_Latn,3-2
dan_Latn-gle_Latn,3-2
dan_Latn-hat_Latn,3-2
dan_Latn-hau_Latn,3-2
dan_Latn-isl_Latn,3-2
dan_Latn-lao_Laoo,3-2
dan_Latn-mar_Deva,3-2
dan_Latn-mlt_Latn,3-2
dan_Latn-pan_Guru,3-2
dan_Latn-swa_Latn,3-2
dan_Latn-swh_Latn,3-2
dan_Latn-wol_Latn,3-2
dan_Latn-xho_Latn,3-2
dan_Latn-ydd_Hebr,3-2
dan_Latn-yor_Latn,3-2
dan_Latn-zul_Latn,3-2
ekk_Latn-als_Latn,3-2
ekk_Latn-gle_Latn,3-2
ekk_Latn-hat_Latn,3-2
ekk_Latn-hau_Latn,3-2
ekk_Latn-isl_Latn,3-2
ekk_Latn-mar_Deva,3-2
ekk_Latn-mlt_Latn,3-2
ekk_Latn-pan_Guru,3-2
ekk_Latn-swa_Latn,3-2
ekk_Latn-swh_Latn,3-2
ekk_Latn-xho_Latn,3-2
ekk_Latn-yor_Latn,3-2
ell_Grek-als_Latn,3-2
ell_Grek-gle_Latn,3-2
ell_Grek-hat_Latn,3-2
ell_Grek-hau_Latn,3-2
ell_Grek-isl_Latn,3-2
ell_Grek-lao_Laoo,3-2
ell_Grek-mar_Deva,3-2
ell_Grek-mlt_Latn,3-2
ell_Grek-pan_Guru,3-2
ell_Grek-swa_Latn,3-2
ell_Grek-swh_Latn,3-2
ell_Grek-wol_Latn,3-2
ell_Grek-xho_Latn,3-2
ell_Grek-yor_Latn,3-2
ell_Grek-zul_Latn,3-2
est_Latn-als_Latn,3-2
est_Latn-gle_Latn,3-2
est_Latn-hat_Latn,3-2
est_Latn-hau_Latn,3-2
est_Latn-isl_Latn,3-2
est_Latn-mar_Deva,3-2
est_Latn-mlt_Latn,3-2
est_Latn-pan_Guru,3-2
est_Latn-swa_Latn,3-2
est_Latn-swh_Latn,3-2
est_Latn-xho_Latn,3-2
fil_Latn-xho_Latn,3-2
glg_Latn-als_Latn,3-2
glg_Latn-hau_Latn,3-2
glg_Latn-isl_Latn,3-2
glg_Latn-mar_Deva,3-2
glg_Latn-mlt_Latn,3-2
glg_Latn-pan_Guru,3-2
glg_Latn-swa_Latn,3-2
glg_Latn-swh_Latn,3-2
glg_Latn-xho_Latn,3-2
heb_Hebr-als_Latn,3-2
heb_Hebr-hat_Latn,3-2
heb_Hebr-hau_Latn,3-2
heb_Hebr-isl_Latn,3-2
heb_Hebr-lao_Laoo,3-2
heb_Hebr-mar_Deva,3-2
heb_Hebr-mlt_Latn,3-2
heb_Hebr-pan_Guru,3-2
heb_Hebr-swa_Latn,3-2
heb_Hebr-swh_Latn,3-2
heb_Hebr-xho_Latn,3-2
heb_Hebr-yor_Latn,3-2
heb_Hebr-zul_Latn,3-2
ind_Latn-als_Latn,3-2
ind_Latn-isl_Latn,3-2
ind_Latn-lao_Laoo,3-2
ind_Latn-mar_Deva,3-2
ind_Latn-mlt_Latn,3-2
ind_Latn-pan_Guru,3-2
ind_Latn-swa_Latn,3-2
ind_Latn-swh_Latn,3-2
ind_Latn-wol_Latn,3-2
ind_Latn-xho_Latn,3-2
ind_Latn-yor_Latn,3-2
ind_Latn-zul_Latn,3-2
kat_Geor-als_Latn,3-2
kat_Geor-lao_Laoo,3-2
kat_Geor-mar_Deva,3-2
kat_Geor-pan_Guru,3-2
kat_Geor-swa_Latn,3-2
kat_Geor-swh_Latn,3-2
kat_Geor-xho_Latn,3-2
kat_Geor-yor_Latn,3-2
kat_Geor-zul_Latn,3-2
kaz_Cyrl-als_Latn,3-2
kaz_Cyrl-lao_Laoo,3-2
kaz_Cyrl-mar_Deva,3-2
kaz_Cyrl-pan_Guru,3-2
kaz_Cyrl-swa_Latn,3-2
kaz_Cyrl-swh_Latn,3-2
kaz_Cyrl-xho_Latn,3-2
kaz_Cyrl-yor_Latn,3-2
kaz_Cyrl-zul_Latn,3-2
lat_Latn-mar_Deva,3-2
lat_Latn-swa_Latn,3-2
lat_Latn-xho_Latn,3-2
lav_Latn-als_Latn,3-2
lav_Latn-mar_Deva,3-2
lav_Latn-mlt_Latn,3-2
lav_Latn-swa_Latn,3-2
lav_Latn-xho_Latn,3-2
lit_Latn-als_Latn,3-2
lit_Latn-mar_Deva,3-2
lit_Latn-mlt_Latn,3-2
lit_Latn-pan_Guru,3-2
lit_Latn-swa_Latn,3-2
lit_Latn-swh_Latn,3-2
lit_Latn-xho_Latn,3-2
lit_Latn-yor_Latn,3-2
lit_Latn-zul_Latn,3-2
lvs_Latn-als_Latn,3-2
lvs_Latn-mar_Deva,3-2
lvs_Latn-mlt_Latn,3-2
lvs_Latn-pan_Guru,3-2
lvs_Latn-swa_Latn,3-2
lvs_Latn-swh_Latn,3-2
lvs_Latn-xho_Latn,3-2
lvs_Latn-yor_Latn,3-2
lvs_Latn-zul_Latn,3-2
msa_Latn-als_Latn,3-2
msa_Latn-mlt_Latn,3-2
msa_Latn-pan_Guru,3-2
msa_Latn-swa_Latn,3-2
msa_Latn-swh_Latn,3-2
msa_Latn-xho_Latn,3-2
msa_Latn-yor_Latn,3-2
msa_Latn-zul_Latn,3-2
ron_Latn-als_Latn,3-2
ron_Latn-swa_Latn,3-2
ron_Latn-swh_Latn,3-2
ron_Latn-xho_Latn,3-2
ron_Latn-yor_Latn,3-2
ron_Latn-zul_Latn,3-2
slk_Latn-als_Latn,3-2
slk_Latn-isl_Latn,3-2
slk_Latn-mlt_Latn,3-2
slk_Latn-swa_Latn,3-2
slk_Latn-swh_Latn,3-2
slk_Latn-xho_Latn,3-2
slk_Latn-yor_Latn,3-2
slk_Latn-zul_Latn,3-2
slv_Latn-als_Latn,3-2
slv_Latn-swa_Latn,3-2
slv_Latn-swh_Latn,3-2
slv_Latn-xho_Latn,3-2
slv_Latn-yor_Latn,3-2
slv_Latn-zul_Latn,3-2
tam_Taml-xho_Latn,3-2
tam_Taml-yor_Latn,3-2
tam_Taml-zul_Latn,3-2
tgl_Latn-xho_Latn,3-2
tgl_Latn-yor_Latn,3-2
tha_Thai-xho_Latn,3-2
tha_Thai-yor_Latn,3-2
tha_Thai-zul_Latn,3-2
ukr_Cyrl-xho_Latn,3-2
ukr_Cyrl-yor_Latn,3-2
ukr_Cyrl-zul_Latn,3-2
urd_Arab-xho_Latn,3-2
urd_Arab-yor_Latn,3-2
urd_Arab-zul_Latn,3-2
uzn_Latn-xho_Latn,3-2
zsm_Latn-als_Latn,3-2
zsm_Latn-mlt_Latn,3-2
zsm_Latn-swa_Latn,3-2
zsm_Latn-swh_Latn,3-2
zsm_Latn-xho_Latn,3-2
afr_Latn-arz_Arab,3-3
afr_Latn-bel_Cyrl,3-3
afr_Latn-ben_Beng,3-3
afr_Latn-bos_Latn,3-3
afr_Latn-bul_Cyrl,3-3
afr_Latn-ceb_Latn,3-3
afr_Latn-dan_Latn,3-3
afr_Latn-ekk_Latn,3-3
afr_Latn-ell_Grek,3-3
afr_Latn-est_Latn,3-3
afr_Latn-fil_Latn,3-3
afr_Latn-glg_Latn,3-3
afr_Latn-heb_Hebr,3-3
afr_Latn-ind_Latn,3-3
afr_Latn-kat_Geor,3-3
afr_Latn-kaz_Cyrl,3-3
afr_Latn-lat_Latn,3-3
afr_Latn-lav_Latn,3-3
afr_Latn-lit_Latn,3-3
afr_Latn-lvs_Latn,3-3
afr_Latn-msa_Latn,3-3
afr_Latn-ron_Latn,3-3
afr_Latn-slk_Latn,3-3
afr_Latn-slv_Latn,3-3
afr_Latn-tam_Taml,3-3
afr_Latn-tgl_Latn,3-3
afr_Latn-tha_Thai,3-3
afr_Latn-ukr_Cyrl,3-3
afr_Latn-urd_Arab,3-3
afr_Latn-uzn_Latn,3-3
afr_Latn-zsm_Latn,3-3
arz_Arab-ben_Beng,3-3
arz_Arab-bos_Latn,3-3
arz_Arab-bul_Cyrl,3-3
arz_Arab-dan_Latn,3-3
arz_Arab-ekk_Latn,3-3
arz_Arab-ell_Grek,3-3
arz_Arab-est_Latn,3-3
arz_Arab-glg_Latn,3-3
arz_Arab-heb_Hebr,3-3
arz_Arab-ind_Latn,3-3
arz_Arab-lit_Latn,3-3
arz_Arab-lvs_Latn,3-3
arz_Arab-msa_Latn,3-3
arz_Arab-ron_Latn,3-3
arz_Arab-slk_Latn,3-3
arz_Arab-slv_Latn,3-3
arz_Arab-tam_Taml,3-3
arz_Arab-tha_Thai,3-3
arz_Arab-ukr_Cyrl,3-3
arz_Arab-urd_Arab,3-3
arz_Arab-zsm_Latn,3-3
bel_Cyrl-ben_Beng,3-3
bel_Cyrl-bos_Latn,3-3
bel_Cyrl-bul_Cyrl,3-3
bel_Cyrl-ceb_Latn,3-3
bel_Cyrl-dan_Latn,3-3
bel_Cyrl-ekk_Latn,3-3
bel_Cyrl-ell_Grek,3-3
bel_Cyrl-est_Latn,3-3
bel_Cyrl-fil_Latn,3-3
bel_Cyrl-glg_Latn,3-3
bel_Cyrl-heb_Hebr,3-3
bel_Cyrl-ind_Latn,3-3
bel_Cyrl-kat_Geor,3-3
bel_Cyrl-kaz_Cyrl,3-3
bel_Cyrl-lat_Latn,3-3
bel_Cyrl-lav_Latn,3-3
bel_Cyrl-lit_Latn,3-3
bel_Cyrl-lvs_Latn,3-3
bel_Cyrl-msa_Latn,3-3
bel_Cyrl-ron_Latn,3-3
bel_Cyrl-slk_Latn,3-3
bel_Cyrl-slv_Latn,3-3
bel_Cyrl-tam_Taml,3-3
bel_Cyrl-tgl_Latn,3-3
bel_Cyrl-tha_Thai,3-3
bel_Cyrl-ukr_Cyrl,3-3
bel_Cyrl-urd_Arab,3-3
bel_Cyrl-uzn_Latn,3-3
bel_Cyrl-zsm_Latn,3-3
ben_Beng-afr_Latn,3-3
ben_Beng-bos_Latn,3-3
ben_Beng-ceb_Latn,3-3
ben_Beng-dan_Latn,3-3
ben_Beng-ekk_Latn,3-3
ben_Beng-ell_Grek,3-3
ben_Beng-est_Latn,3-3
ben_Beng-fil_Latn,3-3
ben_Beng-glg_Latn,3-3
ben_Beng-heb_Hebr,3-3
ben_Beng-ind_Latn,3-3
ben_Beng-kat_Geor,3-3
ben_Beng-kaz_Cyrl,3-3
ben_Beng-lat_Latn,3-3
ben_Beng-lav_Latn,3-3
ben_Beng-lit_Latn,3-3
ben_Beng-lvs_Latn,3-3
ben_Beng-msa_Latn,3-3
ben_Beng-ron_Latn,3-3
ben_Beng-slk_Latn,3-3
ben_Beng-slv_Latn,3-3
ben_Beng-tam_Taml,3-3
ben_Beng-tgl_Latn,3-3
ben_Beng-tha_Thai,3-3
ben_Beng-ukr_Cyrl,3-3
ben_Beng-urd_Arab,3-3
ben_Beng-uzn_Latn,3-3
ben_Beng-zsm_Latn,3-3
bos_Latn-afr_Latn,3-3
bos_Latn-dan_Latn,3-3
bos_Latn-ekk_Latn,3-3
bos_Latn-ell_Grek,3-3
bos_Latn-est_Latn,3-3
bos_Latn-glg_Latn,3-3
bos_Latn-heb_Hebr,3-3
bos_Latn-ind_Latn,3-3
bos_Latn-kat_Geor,3-3
bos_Latn-kaz_Cyrl,3-3
bos_Latn-lat_Latn,3-3
bos_Latn-lav_Latn,3-3
bos_Latn-lit_Latn,3-3
bos_Latn-lvs_Latn,3-3
bos_Latn-msa_Latn,3-3
bos_Latn-ron_Latn,3-3
bos_Latn-slk_Latn,3-3
bos_Latn-slv_Latn,3-3
bos_Latn-tam_Taml,3-3
bos_Latn-tgl_Latn,3-3
bos_Latn-tha_Thai,3-3
bos_Latn-ukr_Cyrl,3-3
bos_Latn-urd_Arab,3-3
bos_Latn-uzn_Latn,3-3
bos_Latn-zsm_Latn,3-3
bul_Cyrl-afr_Latn,3-3
bul_Cyrl-bel_Cyrl,3-3
bul_Cyrl-ben_Beng,3-3
bul_Cyrl-bos_Latn,3-3
bul_Cyrl-ceb_Latn,3-3
bul_Cyrl-dan_Latn,3-3
bul_Cyrl-ekk_Latn,3-3
bul_Cyrl-ell_Grek,3-3
bul_Cyrl-est_Latn,3-3
bul_Cyrl-fil_Latn,3-3
bul_Cyrl-glg_Latn,3-3
bul_Cyrl-heb_Hebr,3-3
bul_Cyrl-ind_Latn,3-3
bul_Cyrl-kat_Geor,3-3
bul_Cyrl-kaz_Cyrl,3-3
bul_Cyrl-lat_Latn,3-3
bul_Cyrl-lav_Latn,3-3
bul_Cyrl-lit_Latn,3-3
bul_Cyrl-lvs_Latn,3-3
bul_Cyrl-msa_Latn,3-3
bul_Cyrl-ron_Latn,3-3
bul_Cyrl-slk_Latn,3-3
bul_Cyrl-slv_Latn,3-3
bul_Cyrl-tam_Taml,3-3
bul_Cyrl-tgl_Latn,3-3
bul_Cyrl-tha_Thai,3-3
bul_Cyrl-ukr_Cyrl,3-3
bul_Cyrl-urd_Arab,3-3
bul_Cyrl-uzn_Latn,3-3
bul_Cyrl-zsm_Latn,3-3
ceb_Latn-dan_Latn,3-3
ceb_Latn-ekk_Latn,3-3
ceb_Latn-ell_Grek,3-3
ceb_Latn-est_Latn,3-3
ceb_Latn-fil_Latn,3-3
ceb_Latn-glg_Latn,3-3
ceb_Latn-heb_Hebr,3-3
ceb_Latn-ind_Latn,3-3
ceb_Latn-kat_Geor,3-3
ceb_Latn-lat_Latn,3-3
ceb_Latn-lit_Latn,3-3
ceb_Latn-lvs_Latn,3-3
ceb_Latn-msa_Latn,3-3
ceb_Latn-ron_Latn,3-3
ceb_Latn-slk_Latn,3-3
ceb_Latn-slv_Latn,3-3
ceb_Latn-tam_Taml,3-3
ceb_Latn-tgl_Latn,3-3
ceb_Latn-tha_Thai,3-3
ceb_Latn-ukr_Cyrl,3-3
ceb_Latn-urd_Arab,3-3
dan_Latn-afr_Latn,3-3
dan_Latn-ekk_Latn,3-3
dan_Latn-ell_Grek,3-3
dan_Latn-est_Latn,3-3
dan_Latn-fil_Latn,3-3
dan_Latn-glg_Latn,3-3
dan_Latn-heb_Hebr,3-3
dan_Latn-ind_Latn,3-3
dan_Latn-kat_Geor,3-3
dan_Latn-kaz_Cyrl,3-3
dan_Latn-lat_Latn,3-3
dan_Latn-lav_Latn,3-3
dan_Latn-lit_Latn,3-3
dan_Latn-lvs_Latn,3-3
dan_Latn-msa_Latn,3-3
dan_Latn-ron_Latn,3-3
dan_Latn-slk_Latn,3-3
dan_Latn-slv_Latn,3-3
dan_Latn-tam_Taml,3-3
dan_Latn-tgl_Latn,3-3
dan_Latn-tha_Thai,3-3
dan_Latn-ukr_Cyrl,3-3
dan_Latn-urd_Arab,3-3
dan_Latn-uzn_Latn,3-3
dan_Latn-zsm_Latn,3-3
ekk_Latn-afr_Latn,3-3
ekk_Latn-dan_Latn,3-3
ekk_Latn-fil_Latn,3-3
ekk_Latn-glg_Latn,3-3
ekk_Latn-heb_Hebr,3-3
ekk_Latn-ind_Latn,3-3
ekk_Latn-kat_Geor,3-3
ekk_Latn-kaz_Cyrl,3-3
ekk_Latn-lat_Latn,3-3
ekk_Latn-lav_Latn,3-3
ekk_Latn-lit_Latn,3-3
ekk_Latn-lvs_Latn,3-3
ekk_Latn-msa_Latn,3-3
ekk_Latn-ron_Latn,3-3
ekk_Latn-slk_Latn,3-3
ekk_Latn-slv_Latn,3-3
ekk_Latn-tam_Taml,3-3
ekk_Latn-tgl_Latn,3-3
ekk_Latn-tha_Thai,3-3
ekk_Latn-ukr_Cyrl,3-3
ekk_Latn-urd_Arab,3-3
ekk_Latn-uzn_Latn,3-3
ekk_Latn-zsm_Latn,3-3
ell_Grek-afr_Latn,3-3
ell_Grek-bel_Cyrl,3-3
ell_Grek-dan_Latn,3-3
ell_Grek-ekk_Latn,3-3
ell_Grek-est_Latn,3-3
ell_Grek-fil_Latn,3-3
ell_Grek-glg_Latn,3-3
ell_Grek-heb_Hebr,3-3
ell_Grek-ind_Latn,3-3
ell_Grek-kat_Geor,3-3
ell_Grek-kaz_Cyrl,3-3
ell_Grek-lat_Latn,3-3
ell_Grek-lav_Latn,3-3
ell_Grek-lit_Latn,3-3
ell_Grek-lvs_Latn,3-3
ell_Grek-msa_Latn,3-3
ell_Grek-ron_Latn,3-3
ell_Grek-slk_Latn,3-3
ell_Grek-slv_Latn,3-3
ell_Grek-tam_Taml,3-3
ell_Grek-tgl_Latn,3-3
ell_Grek-tha_Thai,3-3
ell_Grek-ukr_Cyrl,3-3
ell_Grek-urd_Arab,3-3
ell_Grek-uzn_Latn,3-3
ell_Grek-zsm_Latn,3-3
est_Latn-afr_Latn,3-3
est_Latn-dan_Latn,3-3
est_Latn-fil_Latn,3-3
est_Latn-glg_Latn,3-3
est_Latn-heb_Hebr,3-3
est_Latn-ind_Latn,3-3
est_Latn-kat_Geor,3-3
est_Latn-kaz_Cyrl,3-3
est_Latn-lat_Latn,3-3
est_Latn-lav_Latn,3-3
est_Latn-lit_Latn,3-3
est_Latn-lvs_Latn,3-3
est_Latn-msa_Latn,3-3
est_Latn-ron_Latn,3-3
est_Latn-slk_Latn,3-3
est_Latn-slv_Latn,3-3
est_Latn-tam_Taml,3-3
est_Latn-tgl_Latn,3-3
est_Latn-tha_Thai,3-3
est_Latn-ukr_Cyrl,3-3
est_Latn-urd_Arab,3-3
est_Latn-uzn_Latn,3-3
est_Latn-zsm_Latn,3-3
fil_Latn-ron_Latn,3-3
fil_Latn-ukr_Cyrl,3-3
fil_Latn-urd_Arab,3-3
glg_Latn-fil_Latn,3-3
glg_Latn-heb_Hebr,3-3
glg_Latn-ind_Latn,3-3
glg_Latn-kat_Geor,3-3
glg_Latn-kaz_Cyrl,3-3
glg_Latn-lat_Latn,3-3
glg_Latn-lav_Latn,3-3
glg_Latn-lit_Latn,3-3
glg_Latn-lvs_Latn,3-3
glg_Latn-msa_Latn,3-3
glg_Latn-ron_Latn,3-3
glg_Latn-slk_Latn,3-3
glg_Latn-slv_Latn,3-3
glg_Latn-tam_Taml,3-3
glg_Latn-tgl_Latn,3-3
glg_Latn-tha_Thai,3-3
glg_Latn-ukr_Cyrl,3-3
glg_Latn-urd_Arab,3-3
glg_Latn-uzn_Latn,3-3
glg_Latn-zsm_Latn,3-3
heb_Hebr-afr_Latn,3-3
heb_Hebr-bel_Cyrl,3-3
heb_Hebr-dan_Latn,3-3
heb_Hebr-fil_Latn,3-3
heb_Hebr-ind_Latn,3-3
heb_Hebr-kat_Geor,3-3
heb_Hebr-kaz_Cyrl,3-3
heb_Hebr-lat_Latn,3-3
heb_Hebr-lav_Latn,3-3
heb_Hebr-lit_Latn,3-3
heb_Hebr-lvs_Latn,3-3
heb_Hebr-msa_Latn,3-3
heb_Hebr-ron_Latn,3-3
heb_Hebr-slk_Latn,3-3
heb_Hebr-slv_Latn,3-3
heb_Hebr-tam_Taml,3-3
heb_Hebr-tgl_Latn,3-3
heb_Hebr-tha_Thai,3-3
heb_Hebr-ukr_Cyrl,3-3
heb_Hebr-urd_Arab,3-3
heb_Hebr-uzn_Latn,3-3
heb_Hebr-zsm_Latn,3-3
ind_Latn-afr_Latn,3-3
ind_Latn-bel_Cyrl,3-3
ind_Latn-dan_Latn,3-3
ind_Latn-fil_Latn,3-3
ind_Latn-kat_Geor,3-3
ind_Latn-kaz_Cyrl,3-3
ind_Latn-lat_Latn,3-3
ind_Latn-lav_Latn,3-3
ind_Latn-lit_Latn,3-3
ind_Latn-lvs_Latn,3-3
ind_Latn-msa_Latn,3-3
ind_Latn-ron_Latn,3-3
ind_Latn-slk_Latn,3-3
ind_Latn-slv_Latn,3-3
ind_Latn-tam_Taml,3-3
ind_Latn-tgl_Latn,3-3
ind_Latn-tha_Thai,3-3
ind_Latn-ukr_Cyrl,3-3
ind_Latn-urd_Arab,3-3
ind_Latn-uzn_Latn,3-3
ind_Latn-zsm_Latn,3-3
kat_Geor-fil_Latn,3-3
kat_Geor-kaz_Cyrl,3-3
kat_Geor-lav_Latn,3-3
kat_Geor-lit_Latn,3-3
kat_Geor-lvs_Latn,3-3
kat_Geor-msa_Latn,3-3
kat_Geor-ron_Latn,3-3
kat_Geor-slk_Latn,3-3
kat_Geor-slv_Latn,3-3
kat_Geor-tam_Taml,3-3
kat_Geor-tgl_Latn,3-3
kat_Geor-tha_Thai,3-3
kat_Geor-ukr_Cyrl,3-3
kat_Geor-urd_Arab,3-3
kat_Geor-zsm_Latn,3-3
kaz_Cyrl-fil_Latn,3-3
kaz_Cyrl-lav_Latn,3-3
kaz_Cyrl-lit_Latn,3-3
kaz_Cyrl-lvs_Latn,3-3
kaz_Cyrl-msa_Latn,3-3
kaz_Cyrl-ron_Latn,3-3
kaz_Cyrl-slk_Latn,3-3
kaz_Cyrl-slv_Latn,3-3
kaz_Cyrl-tam_Taml,3-3
kaz_Cyrl-tgl_Latn,3-3
kaz_Cyrl-tha_Thai,3-3
kaz_Cyrl-ukr_Cyrl,3-3
kaz_Cyrl-urd_Arab,3-3
kaz_Cyrl-uzn_Latn,3-3
kaz_Cyrl-zsm_Latn,3-3
lat_Latn-heb_Hebr,3-3
lat_Latn-ind_Latn,3-3
lat_Latn-lav_Latn,3-3
lat_Latn-lit_Latn,3-3
lat_Latn-lvs_Latn,3-3
lat_Latn-msa_Latn,3-3
lat_Latn-ron_Latn,3-3
lat_Latn-slk_Latn,3-3
lat_Latn-slv_Latn,3-3
lat_Latn-tam_Taml,3-3
lat_Latn-tgl_Latn,3-3
lat_Latn-tha_Thai,3-3
lat_Latn-ukr_Cyrl,3-3
lat_Latn-urd_Arab,3-3
lav_Latn-ind_Latn,3-3
lav_Latn-msa_Latn,3-3
lav_Latn-ron_Latn,3-3
lav_Latn-slk_Latn,3-3
lav_Latn-slv_Latn,3-3
lav_Latn-tam_Taml,3-3
lav_Latn-tgl_Latn,3-3
lav_Latn-tha_Thai,3-3
lav_Latn-ukr_Cyrl,3-3
lav_Latn-urd_Arab,3-3
lav_Latn-zsm_Latn,3-3
lit_Latn-afr_Latn,3-3
lit_Latn-dan_Latn,3-3
lit_Latn-fil_Latn,3-3
lit_Latn-ind_Latn,3-3
lit_Latn-lav_Latn,3-3
lit_Latn-lvs_Latn,3-3
lit_Latn-msa_Latn,3-3
lit_Latn-ron_Latn,3-3
lit_Latn-slk_Latn,3-3
lit_Latn-slv_Latn,3-3
lit_Latn-tam_Taml,3-3
lit_Latn-tgl_Latn,3-3
lit_Latn-tha_Thai,3-3
lit_Latn-ukr_Cyrl,3-3
lit_Latn-urd_Arab,3-3
lit_Latn-uzn_Latn,3-3
lit_Latn-zsm_Latn,3-3
lvs_Latn-dan_Latn,3-3
lvs_Latn-fil_Latn,3-3
lvs_Latn-ind_Latn,3-3
lvs_Latn-lit_Latn,3-3
lvs_Latn-msa_Latn,3-3
lvs_Latn-ron_Latn,3-3
lvs_Latn-slk_Latn,3-3
lvs_Latn-slv_Latn,3-3
lvs_Latn-tam_Taml,3-3
lvs_Latn-tgl_Latn,3-3
lvs_Latn-tha_Thai,3-3
lvs_Latn-ukr_Cyrl,3-3
lvs_Latn-urd_Arab,3-3
lvs_Latn-uzn_Latn,3-3
lvs_Latn-zsm_Latn,3-3
msa_Latn-dan_Latn,3-3
msa_Latn-fil_Latn,3-3
msa_Latn-ron_Latn,3-3
msa_Latn-slk_Latn,3-3
msa_Latn-slv_Latn,3-3
msa_Latn-tam_Taml,3-3
msa_Latn-tgl_Latn,3-3
msa_Latn-tha_Thai,3-3
msa_Latn-ukr_Cyrl,3-3
msa_Latn-urd_Arab,3-3
msa_Latn-uzn_Latn,3-3
ron_Latn-bel_Cyrl,3-3
ron_Latn-fil_Latn,3-3
ron_Latn-slk_Latn,3-3
ron_Latn-slv_Latn,3-3
ron_Latn-tam_Taml,3-3
ron_Latn-tgl_Latn,3-3
ron_Latn-tha_Thai,3-3
ron_Latn-ukr_Cyrl,3-3
ron_Latn-urd_Arab,3-3
ron_Latn-uzn_Latn,3-3
slk_Latn-dan_Latn,3-3
slk_Latn-ekk_Latn,3-3
slk_Latn-ell_Grek,3-3
slk_Latn-est_Latn,3-3
slk_Latn-fil_Latn,3-3
slk_Latn-heb_Hebr,3-3
slk_Latn-ind_Latn,3-3
slk_Latn-lav_Latn,3-3
slk_Latn-lit_Latn,3-3
slk_Latn-lvs_Latn,3-3
slk_Latn-msa_Latn,3-3
slk_Latn-ron_Latn,3-3
slk_Latn-slv_Latn,3-3
slk_Latn-tam_Taml,3-3
slk_Latn-tgl_Latn,3-3
slk_Latn-tha_Thai,3-3
slk_Latn-ukr_Cyrl,3-3
slk_Latn-urd_Arab,3-3
slk_Latn-uzn_Latn,3-3
slv_Latn-dan_Latn,3-3
slv_Latn-ell_Grek,3-3
slv_Latn-fil_Latn,3-3
slv_Latn-heb_Hebr,3-3
slv_Latn-ind_Latn,3-3
slv_Latn-lit_Latn,3-3
slv_Latn-lvs_Latn,3-3
slv_Latn-ron_Latn,3-3
slv_Latn-slk_Latn,3-3
slv_Latn-tam_Taml,3-3
slv_Latn-tgl_Latn,3-3
slv_Latn-tha_Thai,3-3
slv_Latn-ukr_Cyrl,3-3
slv_Latn-urd_Arab,3-3
slv_Latn-uzn_Latn,3-3
tam_Taml-fil_Latn,3-3
tam_Taml-tgl_Latn,3-3
tam_Taml-tha_Thai,3-3
tam_Taml-ukr_Cyrl,3-3
tam_Taml-urd_Arab,3-3
tam_Taml-uzn_Latn,3-3
tgl_Latn-ukr_Cyrl,3-3
tgl_Latn-urd_Arab,3-3
tha_Thai-fil_Latn,3-3
tha_Thai-tgl_Latn,3-3
tha_Thai-ukr_Cyrl,3-3
tha_Thai-urd_Arab,3-3
tha_Thai-uzn_Latn,3-3
ukr_Cyrl-ron_Latn,3-3
ukr_Cyrl-urd_Arab,3-3
ukr_Cyrl-uzn_Latn,3-3
uzn_Cyrl-uzn_Latn,3-3
uzn_Latn-heb_Hebr,3-3
uzn_Latn-ind_Latn,3-3
uzn_Latn-lit_Latn,3-3
uzn_Latn-msa_Latn,3-3
uzn_Latn-ron_Latn,3-3
uzn_Latn-slk_Latn,3-3
uzn_Latn-slv_Latn,3-3
uzn_Latn-tgl_Latn,3-3
uzn_Latn-tha_Thai,3-3
uzn_Latn-ukr_Cyrl,3-3
uzn_Latn-urd_Arab,3-3
zsm_Latn-fil_Latn,3-3
zsm_Latn-lit_Latn,3-3
zsm_Latn-lvs_Latn,3-3
zsm_Latn-msa_Latn,3-3
zsm_Latn-ron_Latn,3-3
zsm_Latn-slk_Latn,3-3
zsm_Latn-slv_Latn,3-3
zsm_Latn-tam_Taml,3-3
zsm_Latn-tgl_Latn,3-3
zsm_Latn-tha_Thai,3-3
zsm_Latn-ukr_Cyrl,3-3
zsm_Latn-urd_Arab,3-3
zsm_Latn-uzn_Latn,3-3
afr_Latn-arb_Arab,3-4
afr_Latn-cat_Latn,3-4
afr_Latn-ces_Latn,3-4
afr_Latn-eus_Latn,3-4
afr_Latn-fas_Arab,3-4
afr_Latn-fin_Latn,3-4
afr_Latn-hin_Deva,3-4
afr_Latn-hrv_Latn,3-4
afr_Latn-hun_Latn,3-4
afr_Latn-ita_Latn,3-4
afr_Latn-kor_Hang,3-4
afr_Latn-nld_Latn,3-4
afr_Latn-pol_Latn,3-4
afr_Latn-por_Latn,3-4
afr_Latn-rus_Cyrl,3-4
afr_Latn-srp_Cyrl,3-4
afr_Latn-srp_Latn,3-4
afr_Latn-swe_Latn,3-4
afr_Latn-tur_Latn,3-4
afr_Latn-vie_Latn,3-4
arz_Arab-cat_Latn,3-4
arz_Arab-ces_Latn,3-4
arz_Arab-eus_Latn,3-4
arz_Arab-fas_Arab,3-4
arz_Arab-fin_Latn,3-4
arz_Arab-hin_Deva,3-4
arz_Arab-hrv_Latn,3-4
arz_Arab-hun_Latn,3-4
arz_Arab-ita_Latn,3-4
arz_Arab-kor_Hang,3-4
arz_Arab-nld_Latn,3-4
arz_Arab-pol_Latn,3-4
arz_Arab-por_Latn,3-4
arz_Arab-rus_Cyrl,3-4
arz_Arab-srp_Cyrl,3-4
arz_Arab-srp_Latn,3-4
arz_Arab-swe_Latn,3-4
arz_Arab-tur_Latn,3-4
arz_Arab-vie_Latn,3-4
bel_Cyrl-cat_Latn,3-4
bel_Cyrl-ces_Latn,3-4
bel_Cyrl-eus_Latn,3-4
bel_Cyrl-fas_Arab,3-4
bel_Cyrl-fin_Latn,3-4
bel_Cyrl-hin_Deva,3-4
bel_Cyrl-hrv_Latn,3-4
bel_Cyrl-hun_Latn,3-4
bel_Cyrl-ita_Latn,3-4
bel_Cyrl-kor_Hang,3-4
bel_Cyrl-nld_Latn,3-4
bel_Cyrl-pol_Latn,3-4
bel_Cyrl-por_Latn,3-4
bel_Cyrl-rus_Cyrl,3-4
bel_Cyrl-srp_Cyrl,3-4
bel_Cyrl-srp_Latn,3-4
bel_Cyrl-swe_Latn,3-4
bel_Cyrl-tur_Latn,3-4
bel_Cyrl-vie_Latn,3-4
ben_Beng-cat_Latn,3-4
ben_Beng-ces_Latn,3-4
ben_Beng-eus_Latn,3-4
ben_Beng-fas_Arab,3-4
ben_Beng-fin_Latn,3-4
ben_Beng-hin_Deva,3-4
ben_Beng-hrv_Latn,3-4
ben_Beng-hun_Latn,3-4
ben_Beng-ita_Latn,3-4
ben_Beng-kor_Hang,3-4
ben_Beng-nld_Latn,3-4
ben_Beng-pol_Latn,3-4
ben_Beng-por_Latn,3-4
ben_Beng-rus_Cyrl,3-4
ben_Beng-srp_Cyrl,3-4
ben_Beng-srp_Latn,3-4
ben_Beng-swe_Latn,3-4
ben_Beng-tur_Latn,3-4
ben_Beng-vie_Latn,3-4
bos_Latn-cat_Latn,3-4
bos_Latn-ces_Latn,3-4
bos_Latn-eus_Latn,3-4
bos_Latn-fas_Arab,3-4
bos_Latn-fin_Latn,3-4
bos_Latn-hin_Deva,3-4
bos_Latn-hrv_Latn,3-4
bos_Latn-hun_Latn,3-4
bos_Latn-ita_Latn,3-4
bos_Latn-kor_Hang,3-4
bos_Latn-nld_Latn,3-4
bos_Latn-pol_Latn,3-4
bos_Latn-por_Latn,3-4
bos_Latn-rus_Cyrl,3-4
bos_Latn-srp_Cyrl,3-4
bos_Latn-srp_Latn,3-4
bos_Latn-swe_Latn,3-4
bos_Latn-tur_Latn,3-4
bos_Latn-vie_Latn,3-4
bul_Cyrl-cat_Latn,3-4
bul_Cyrl-ces_Latn,3-4
bul_Cyrl-eus_Latn,3-4
bul_Cyrl-fas_Arab,3-4
bul_Cyrl-fin_Latn,3-4
bul_Cyrl-hin_Deva,3-4
bul_Cyrl-hrv_Latn,3-4
bul_Cyrl-hun_Latn,3-4
bul_Cyrl-ita_Latn,3-4
bul_Cyrl-kor_Hang,3-4
bul_Cyrl-nld_Latn,3-4
bul_Cyrl-pol_Latn,3-4
bul_Cyrl-por_Latn,3-4
bul_Cyrl-rus_Cyrl,3-4
bul_Cyrl-srp_Cyrl,3-4
bul_Cyrl-srp_Latn,3-4
bul_Cyrl-swe_Latn,3-4
bul_Cyrl-tur_Latn,3-4
bul_Cyrl-vie_Latn,3-4
ceb_Latn-ces_Latn,3-4
ceb_Latn-eus_Latn,3-4
ceb_Latn-fas_Arab,3-4
ceb_Latn-fin_Latn,3-4
ceb_Latn-hin_Deva,3-4
ceb_Latn-hrv_Latn,3-4
ceb_Latn-hun_Latn,3-4
ceb_Latn-ita_Latn,3-4
ceb_Latn-kor_Hang,3-4
ceb_Latn-nld_Latn,3-4
ceb_Latn-pol_Latn,3-4
ceb_Latn-por_Latn,3-4
ceb_Latn-rus_Cyrl,3-4
ceb_Latn-srp_Cyrl,3-4
ceb_Latn-swe_Latn,3-4
ceb_Latn-tur_Latn,3-4
ceb_Latn-vie_Latn,3-4
dan_Latn-cat_Latn,3-4
dan_Latn-ces_Latn,3-4
dan_Latn-eus_Latn,3-4
dan_Latn-fas_Arab,3-4
dan_Latn-fin_Latn,3-4
dan_Latn-hin_Deva,3-4
dan_Latn-hrv_Latn,3-4
dan_Latn-hun_Latn,3-4
dan_Latn-ita_Latn,3-4
dan_Latn-kor_Hang,3-4
dan_Latn-nld_Latn,3-4
dan_Latn-pol_Latn,3-4
dan_Latn-por_Latn,3-4
dan_Latn-rus_Cyrl,3-4
dan_Latn-srp_Cyrl,3-4
dan_Latn-srp_Latn,3-4
dan_Latn-swe_Latn,3-4
dan_Latn-tur_Latn,3-4
dan_Latn-vie_Latn,3-4
ekk_Latn-ces_Latn,3-4
ekk_Latn-eus_Latn,3-4
ekk_Latn-fas_Arab,3-4
ekk_Latn-fin_Latn,3-4
ekk_Latn-hin_Deva,3-4
ekk_Latn-hrv_Latn,3-4
ekk_Latn-hun_Latn,3-4
ekk_Latn-ita_Latn,3-4
ekk_Latn-kor_Hang,3-4
ekk_Latn-nld_Latn,3-4
ekk_Latn-pol_Latn,3-4
ekk_Latn-por_Latn,3-4
ekk_Latn-rus_Cyrl,3-4
ekk_Latn-srp_Cyrl,3-4
ekk_Latn-srp_Latn,3-4
ekk_Latn-swe_Latn,3-4
ekk_Latn-tur_Latn,3-4
ekk_Latn-vie_Latn,3-4
ell_Grek-cat_Latn,3-4
ell_Grek-ces_Latn,3-4
ell_Grek-eus_Latn,3-4
ell_Grek-fas_Arab,3-4
ell_Grek-fin_Latn,3-4
ell_Grek-hin_Deva,3-4
ell_Grek-hrv_Latn,3-4
ell_Grek-hun_Latn,3-4
ell_Grek-ita_Latn,3-4
ell_Grek-kor_Hang,3-4
ell_Grek-nld_Latn,3-4
ell_Grek-pol_Latn,3-4
ell_Grek-por_Latn,3-4
ell_Grek-rus_Cyrl,3-4
ell_Grek-srp_Cyrl,3-4
ell_Grek-srp_Latn,3-4
ell_Grek-swe_Latn,3-4
ell_Grek-tur_Latn,3-4
ell_Grek-vie_Latn,3-4
est_Latn-cat_Latn,3-4
est_Latn-ces_Latn,3-4
est_Latn-eus_Latn,3-4
est_Latn-fas_Arab,3-4
est_Latn-fin_Latn,3-4
est_Latn-hin_Deva,3-4
est_Latn-hrv_Latn,3-4
est_Latn-hun_Latn,3-4
est_Latn-ita_Latn,3-4
est_Latn-kor_Hang,3-4
est_Latn-nld_Latn,3-4
est_Latn-pol_Latn,3-4
est_Latn-por_Latn,3-4
est_Latn-rus_Cyrl,3-4
est_Latn-srp_Cyrl,3-4
est_Latn-srp_Latn,3-4
est_Latn-swe_Latn,3-4
est_Latn-tur_Latn,3-4
est_Latn-vie_Latn,3-4
fil_Latn-ita_Latn,3-4
fil_Latn-nld_Latn,3-4
fil_Latn-pol_Latn,3-4
fil_Latn-por_Latn,3-4
fil_Latn-rus_Cyrl,3-4
fil_Latn-tur_Latn,3-4
fil_Latn-vie_Latn,3-4
glg_Latn-fin_Latn,3-4
glg_Latn-hin_Deva,3-4
glg_Latn-hrv_Latn,3-4
glg_Latn-hun_Latn,3-4
glg_Latn-ita_Latn,3-4
glg_Latn-kor_Hang,3-4
glg_Latn-nld_Latn,3-4
glg_Latn-pol_Latn,3-4
glg_Latn-por_Latn,3-4
glg_Latn-rus_Cyrl,3-4
glg_Latn-srp_Cyrl,3-4
glg_Latn-srp_Latn,3-4
glg_Latn-swe_Latn,3-4
glg_Latn-tur_Latn,3-4
glg_Latn-vie_Latn,3-4
heb_Hebr-cat_Latn,3-4
heb_Hebr-ces_Latn,3-4
heb_Hebr-eus_Latn,3-4
heb_Hebr-hin_Deva,3-4
heb_Hebr-hrv_Latn,3-4
heb_Hebr-hun_Latn,3-4
heb_Hebr-ita_Latn,3-4
heb_Hebr-kor_Hang,3-4
heb_Hebr-nld_Latn,3-4
heb_Hebr-pol_Latn,3-4
heb_Hebr-por_Latn,3-4
heb_Hebr-rus_Cyrl,3-4
heb_Hebr-srp_Cyrl,3-4
heb_Hebr-srp_Latn,3-4
heb_Hebr-swe_Latn,3-4
heb_Hebr-tur_Latn,3-4
heb_Hebr-vie_Latn,3-4
ind_Latn-cat_Latn,3-4
ind_Latn-ces_Latn,3-4
ind_Latn-eus_Latn,3-4
ind_Latn-hrv_Latn,3-4
ind_Latn-ita_Latn,3-4
ind_Latn-kor_Hang,3-4
ind_Latn-nld_Latn,3-4
ind_Latn-pol_Latn,3-4
ind_Latn-por_Latn,3-4
ind_Latn-rus_Cyrl,3-4
ind_Latn-srp_Cyrl,3-4
ind_Latn-srp_Latn,3-4
ind_Latn-swe_Latn,3-4
ind_Latn-tur_Latn,3-4
ind_Latn-vie_Latn,3-4
kat_Geor-kor_Hang,3-4
kat_Geor-nld_Latn,3-4
kat_Geor-pol_Latn,3-4
kat_Geor-por_Latn,3-4
kat_Geor-rus_Cyrl,3-4
kat_Geor-srp_Cyrl,3-4
kat_Geor-srp_Latn,3-4
kat_Geor-swe_Latn,3-4
kat_Geor-tur_Latn,3-4
kat_Geor-vie_Latn,3-4
kaz_Cyrl-kor_Hang,3-4
kaz_Cyrl-nld_Latn,3-4
kaz_Cyrl-pol_Latn,3-4
kaz_Cyrl-por_Latn,3-4
kaz_Cyrl-rus_Cyrl,3-4
kaz_Cyrl-srp_Cyrl,3-4
kaz_Cyrl-swe_Latn,3-4
kaz_Cyrl-tur_Latn,3-4
kaz_Cyrl-vie_Latn,3-4
lat_Latn-hrv_Latn,3-4
lat_Latn-hun_Latn,3-4
lat_Latn-ita_Latn,3-4
lat_Latn-nld_Latn,3-4
lat_Latn-pol_Latn,3-4
lat_Latn-por_Latn,3-4
lat_Latn-rus_Cyrl,3-4
lat_Latn-srp_Cyrl,3-4
lat_Latn-srp_Latn,3-4
lat_Latn-swe_Latn,3-4
lat_Latn-tur_Latn,3-4
lat_Latn-vie_Latn,3-4
lav_Latn-nld_Latn,3-4
lav_Latn-pol_Latn,3-4
lav_Latn-por_Latn,3-4
lav_Latn-rus_Cyrl,3-4
lav_Latn-srp_Cyrl,3-4
lav_Latn-srp_Latn,3-4
lav_Latn-swe_Latn,3-4
lav_Latn-tur_Latn,3-4
lav_Latn-vie_Latn,3-4
lit_Latn-ces_Latn,3-4
lit_Latn-eus_Latn,3-4
lit_Latn-hrv_Latn,3-4
lit_Latn-hun_Latn,3-4
lit_Latn-ita_Latn,3-4
lit_Latn-nld_Latn,3-4
lit_Latn-pol_Latn,3-4
lit_Latn-por_Latn,3-4
lit_Latn-rus_Cyrl,3-4
lit_Latn-srp_Cyrl,3-4
lit_Latn-srp_Latn,3-4
lit_Latn-swe_Latn,3-4
lit_Latn-tur_Latn,3-4
lit_Latn-vie_Latn,3-4
lvs_Latn-hrv_Latn,3-4
lvs_Latn-ita_Latn,3-4
lvs_Latn-nld_Latn,3-4
lvs_Latn-pol_Latn,3-4
lvs_Latn-por_Latn,3-4
lvs_Latn-rus_Cyrl,3-4
lvs_Latn-srp_Cyrl,3-4
lvs_Latn-srp_Latn,3-4
lvs_Latn-swe_Latn,3-4
lvs_Latn-tur_Latn,3-4
lvs_Latn-vie_Latn,3-4
msa_Latn-ces_Latn,3-4
msa_Latn-eus_Latn,3-4
msa_Latn-hrv_Latn,3-4
msa_Latn-nld_Latn,3-4
msa_Latn-pol_Latn,3-4
msa_Latn-por_Latn,3-4
msa_Latn-rus_Cyrl,3-4
msa_Latn-srp_Cyrl,3-4
msa_Latn-srp_Latn,3-4
msa_Latn-swe_Latn,3-4
msa_Latn-tur_Latn,3-4
msa_Latn-vie_Latn,3-4
ron_Latn-ces_Latn,3-4
ron_Latn-eus_Latn,3-4
ron_Latn-hrv_Latn,3-4
ron_Latn-ita_Latn,3-4
ron_Latn-por_Latn,3-4
ron_Latn-rus_Cyrl,3-4
ron_Latn-srp_Cyrl,3-4
ron_Latn-srp_Latn,3-4
ron_Latn-swe_Latn,3-4
ron_Latn-tur_Latn,3-4
ron_Latn-vie_Latn,3-4
slk_Latn-ces_Latn,3-4
slk_Latn-eus_Latn,3-4
slk_Latn-fas_Arab,3-4
slk_Latn-fin_Latn,3-4
slk_Latn-hin_Deva,3-4
slk_Latn-hrv_Latn,3-4
slk_Latn-hun_Latn,3-4
slk_Latn-ita_Latn,3-4
slk_Latn-kor_Hang,3-4
slk_Latn-nld_Latn,3-4
slk_Latn-pol_Latn,3-4
slk_Latn-por_Latn,3-4
slk_Latn-rus_Cyrl,3-4
slk_Latn-srp_Cyrl,3-4
slk_Latn-srp_Latn,3-4
slk_Latn-swe_Latn,3-4
slk_Latn-tur_Latn,3-4
slk_Latn-vie_Latn,3-4
slv_Latn-ces_Latn,3-4
slv_Latn-eus_Latn,3-4
slv_Latn-fin_Latn,3-4
slv_Latn-hrv_Latn,3-4
slv_Latn-hun_Latn,3-4
slv_Latn-ita_Latn,3-4
slv_Latn-kor_Hang,3-4
slv_Latn-nld_Latn,3-4
slv_Latn-pol_Latn,3-4
slv_Latn-por_Latn,3-4
slv_Latn-rus_Cyrl,3-4
slv_Latn-srp_Cyrl,3-4
slv_Latn-srp_Latn,3-4
slv_Latn-swe_Latn,3-4
slv_Latn-tur_Latn,3-4
slv_Latn-vie_Latn,3-4
tam_Taml-tur_Latn,3-4
tam_Taml-vie_Latn,3-4
tgl_Latn-tur_Latn,3-4
tgl_Latn-vie_Latn,3-4
tha_Thai-rus_Cyrl,3-4
tha_Thai-tur_Latn,3-4
tha_Thai-vie_Latn,3-4
ukr_Cyrl-pol_Latn,3-4
ukr_Cyrl-por_Latn,3-4
ukr_Cyrl-rus_Cyrl,3-4
ukr_Cyrl-swe_Latn,3-4
ukr_Cyrl-tur_Latn,3-4
ukr_Cyrl-vie_Latn,3-4
urd_Arab-vie_Latn,3-4
uzn_Cyrl-rus_Cyrl,3-4
uzn_Latn-fas_Arab,3-4
uzn_Latn-fin_Latn,3-4
uzn_Latn-hin_Deva,3-4
uzn_Latn-hrv_Latn,3-4
uzn_Latn-hun_Latn,3-4
uzn_Latn-ita_Latn,3-4
uzn_Latn-nld_Latn,3-4
uzn_Latn-pol_Latn,3-4
uzn_Latn-por_Latn,3-4
uzn_Latn-rus_Cyrl,3-4
uzn_Latn-srp_Cyrl,3-4
uzn_Latn-swe_Latn,3-4
uzn_Latn-tur_Latn,3-4
uzn_Latn-vie_Latn,3-4
zsm_Latn-ita_Latn,3-4
zsm_Latn-kor_Hang,3-4
zsm_Latn-nld_Latn,3-4
zsm_Latn-pol_Latn,3-4
zsm_Latn-por_Latn,3-4
zsm_Latn-rus_Cyrl,3-4
zsm_Latn-srp_Cyrl,3-4
zsm_Latn-srp_Latn,3-4
zsm_Latn-swe_Latn,3-4
zsm_Latn-tur_Latn,3-4
zsm_Latn-vie_Latn,3-4
afr_Latn-ara_Arab,3-5
afr_Latn-cmn_Hani,3-5
afr_Latn-deu_Latn,3-5
afr_Latn-eng_Latn,3-5
afr_Latn-fra_Latn,3-5
afr_Latn-jpn_Jpan,3-5
afr_Latn-spa_Latn,3-5
afr_Latn-zho_Hans,3-5
afr_Latn-zho_Hant,3-5
arz_Arab-cmn_Hani,3-5
arz_Arab-deu_Latn,3-5
arz_Arab-eng_Latn,3-5
arz_Arab-fra_Latn,3-5
arz_Arab-jpn_Jpan,3-5
arz_Arab-spa_Latn,3-5
arz_Arab-zho_Hans,3-5
arz_Arab-zho_Hant,3-5
bel_Cyrl-cmn_Hani,3-5
bel_Cyrl-deu_Latn,3-5
bel_Cyrl-eng_Latn,3-5
bel_Cyrl-fra_Latn,3-5
bel_Cyrl-jpn_Jpan,3-5
bel_Cyrl-spa_Latn,3-5
bel_Cyrl-zho_Hans,3-5
bel_Cyrl-zho_Hant,3-5
ben_Beng-cmn_Hani,3-5
ben_Beng-deu_Latn,3-5
ben_Beng-eng_Latn,3-5
ben_Beng-fra_Latn,3-5
ben_Beng-jpn_Jpan,3-5
ben_Beng-spa_Latn,3-5
ben_Beng-zho_Hans,3-5
ben_Beng-zho_Hant,3-5
bos_Latn-cmn_Hani,3-5
bos_Latn-deu_Latn,3-5
bos_Latn-eng_Latn,3-5
bos_Latn-fra_Latn,3-5
bos_Latn-jpn_Jpan,3-5
bos_Latn-spa_Latn,3-5
bos_Latn-zho_Hans,3-5
bos_Latn-zho_Hant,3-5
bul_Cyrl-cmn_Hani,3-5
bul_Cyrl-deu_Latn,3-5
bul_Cyrl-eng_Latn,3-5
bul_Cyrl-fra_Latn,3-5
bul_Cyrl-jpn_Jpan,3-5
bul_Cyrl-spa_Latn,3-5
bul_Cyrl-zho_Hans,3-5
bul_Cyrl-zho_Hant,3-5
ceb_Latn-deu_Latn,3-5
ceb_Latn-eng_Latn,3-5
ceb_Latn-fra_Latn,3-5
ceb_Latn-jpn_Jpan,3-5
ceb_Latn-spa_Latn,3-5
ceb_Latn-zho_Hans,3-5
dan_Latn-cmn_Hani,3-5
dan_Latn-deu_Latn,3-5
dan_Latn-eng_Latn,3-5
dan_Latn-fra_Latn,3-5
dan_Latn-jpn_Jpan,3-5
dan_Latn-spa_Latn,3-5
dan_Latn-zho_Hans,3-5
dan_Latn-zho_Hant,3-5
ekk_Latn-cmn_Hani,3-5
ekk_Latn-eng_Latn,3-5
ekk_Latn-fra_Latn,3-5
ekk_Latn-jpn_Jpan,3-5
ekk_Latn-spa_Latn,3-5
ekk_Latn-zho_Hans,3-5
ekk_Latn-zho_Hant,3-5
ell_Grek-cmn_Hani,3-5
ell_Grek-deu_Latn,3-5
ell_Grek-eng_Latn,3-5
ell_Grek-fra_Latn,3-5
ell_Grek-jpn_Jpan,3-5
ell_Grek-spa_Latn,3-5
ell_Grek-zho_Hans,3-5
ell_Grek-zho_Hant,3-5
est_Latn-cmn_Hani,3-5
est_Latn-deu_Latn,3-5
est_Latn-eng_Latn,3-5
est_Latn-fra_Latn,3-5
est_Latn-jpn_Jpan,3-5
est_Latn-spa_Latn,3-5
est_Latn-zho_Hans,3-5
est_Latn-zho_Hant,3-5
fil_Latn-cmn_Hani,3-5
fil_Latn-eng_Latn,3-5
fil_Latn-fra_Latn,3-5
fil_Latn-zho_Hans,3-5
fil_Latn-zho_Hant,3-5
glg_Latn-cmn_Hani,3-5
glg_Latn-eng_Latn,3-5
glg_Latn-fra_Latn,3-5
glg_Latn-jpn_Jpan,3-5
glg_Latn-spa_Latn,3-5
glg_Latn-zho_Hans,3-5
glg_Latn-zho_Hant,3-5
heb_Hebr-cmn_Hani,3-5
heb_Hebr-deu_Latn,3-5
heb_Hebr-eng_Latn,3-5
heb_Hebr-fra_Latn,3-5
heb_Hebr-jpn_Jpan,3-5
heb_Hebr-spa_Latn,3-5
heb_Hebr-zho_Hans,3-5
heb_Hebr-zho_Hant,3-5
ind_Latn-cmn_Hani,3-5
ind_Latn-deu_Latn,3-5
ind_Latn-eng_Latn,3-5
ind_Latn-fra_Latn,3-5
ind_Latn-jpn_Jpan,3-5
ind_Latn-spa_Latn,3-5
ind_Latn-zho_Hans,3-5
ind_Latn-zho_Hant,3-5
kat_Geor-cmn_Hani,3-5
kat_Geor-zho_Hans,3-5
kat_Geor-zho_Hant,3-5
kaz_Cyrl-cmn_Hani,3-5
kaz_Cyrl-zho_Hans,3-5
kaz_Cyrl-zho_Hant,3-5
lat_Latn-cmn_Hani,3-5
lat_Latn-eng_Latn,3-5
lat_Latn-fra_Latn,3-5
lat_Latn-jpn_Jpan,3-5
lat_Latn-spa_Latn,3-5
lat_Latn-zho_Hans,3-5
lav_Latn-cmn_Hani,3-5
lav_Latn-zho_Hans,3-5
lav_Latn-zho_Hant,3-5
lit_Latn-cmn_Hani,3-5
lit_Latn-eng_Latn,3-5
lit_Latn-fra_Latn,3-5
lit_Latn-jpn_Jpan,3-5
lit_Latn-spa_Latn,3-5
lit_Latn-zho_Hans,3-5
lit_Latn-zho_Hant,3-5
lvs_Latn-cmn_Hani,3-5
lvs_Latn-eng_Latn,3-5
lvs_Latn-fra_Latn,3-5
lvs_Latn-spa_Latn,3-5
lvs_Latn-zho_Hans,3-5
lvs_Latn-zho_Hant,3-5
msa_Latn-cmn_Hani,3-5
msa_Latn-eng_Latn,3-5
msa_Latn-zho_Hans,3-5
msa_Latn-zho_Hant,3-5
ron_Latn-cmn_Hani,3-5
ron_Latn-deu_Latn,3-5
ron_Latn-eng_Latn,3-5
ron_Latn-fra_Latn,3-5
ron_Latn-jpn_Jpan,3-5
ron_Latn-spa_Latn,3-5
ron_Latn-zho_Hans,3-5
ron_Latn-zho_Hant,3-5
slk_Latn-cmn_Hani,3-5
slk_Latn-deu_Latn,3-5
slk_Latn-eng_Latn,3-5
slk_Latn-fra_Latn,3-5
slk_Latn-jpn_Jpan,3-5
slk_Latn-spa_Latn,3-5
slk_Latn-zho_Hans,3-5
slk_Latn-zho_Hant,3-5
slv_Latn-cmn_Hani,3-5
slv_Latn-deu_Latn,3-5
slv_Latn-eng_Latn,3-5
slv_Latn-fra_Latn,3-5
slv_Latn-jpn_Jpan,3-5
slv_Latn-spa_Latn,3-5
slv_Latn-zho_Hans,3-5
slv_Latn-zho_Hant,3-5
tam_Taml-cmn_Hani,3-5
tam_Taml-zho_Hans,3-5
tam_Taml-zho_Hant,3-5
tgl_Latn-cmn_Hani,3-5
tgl_Latn-zho_Hans,3-5
tgl_Latn-zho_Hant,3-5
tha_Thai-cmn_Hani,3-5
tha_Thai-eng_Latn,3-5
tha_Thai-zho_Hans,3-5
tha_Thai-zho_Hant,3-5
ukr_Cyrl-cmn_Hani,3-5
ukr_Cyrl-eng_Latn,3-5
ukr_Cyrl-spa_Latn,3-5
ukr_Cyrl-zho_Hans,3-5
ukr_Cyrl-zho_Hant,3-5
urd_Arab-cmn_Hani,3-5
urd_Arab-zho_Hans,3-5
urd_Arab-zho_Hant,3-5
uzn_Latn-deu_Latn,3-5
uzn_Latn-eng_Latn,3-5
uzn_Latn-fra_Latn,3-5
uzn_Latn-jpn_Jpan,3-5
uzn_Latn-spa_Latn,3-5
uzn_Latn-zho_Hans,3-5
uzn_Latn-zho_Hant,3-5
zsm_Latn-cmn_Hani,3-5
zsm_Latn-eng_Latn,3-5
zsm_Latn-jpn_Jpan,3-5
zsm_Latn-zho_Hans,3-5
zsm_Latn-zho_Hant,3-5
arb_Arab-kiu_Latn,4-0
cat_Latn-gug_Latn,4-0
cat_Latn-kiu_Latn,4-0
cat_Latn-nds_Latn,4-0
cat_Latn-und_Kana,4-0
ces_Latn-fro_Latn,4-0
ces_Latn-gug_Latn,4-0
ces_Latn-kiu_Latn,4-0
ces_Latn-nds_Latn,4-0
ces_Latn-shp_Latn,4-0
ces_Latn-und_Geor,4-0
ces_Latn-und_Hira,4-0
ces_Latn-und_Kana,4-0
ces_Latn-xav_Latn,4-0
eus_Latn-nds_Latn,4-0
eus_Latn-und_Kana,4-0
fas_Arab-fro_Latn,4-0
fas_Arab-nds_Latn,4-0
fas_Arab-und_Hira,4-0
fas_Arab-und_Kana,4-0
fin_Latn-fro_Latn,4-0
fin_Latn-kiu_Latn,4-0
fin_Latn-nds_Latn,4-0
fin_Latn-und_Hira,4-0
fin_Latn-und_Kana,4-0
hin_Deva-mag_Deva,4-0
hin_Deva-nds_Latn,4-0
hin_Deva-ory_Orya,4-0
hin_Deva-und_Kana,4-0
hrv_Latn-fro_Latn,4-0
hrv_Latn-nds_Latn,4-0
hrv_Latn-und_Geor,4-0
hrv_Latn-und_Hira,4-0
hrv_Latn-und_Kana,4-0
hun_Latn-fro_Latn,4-0
hun_Latn-kiu_Latn,4-0
hun_Latn-nds_Latn,4-0
hun_Latn-und_Geor,4-0
hun_Latn-und_Hira,4-0
hun_Latn-und_Kana,4-0
ita_Latn-fro_Latn,4-0
ita_Latn-kiu_Latn,4-0
ita_Latn-nds_Latn,4-0
ita_Latn-und_Hira,4-0
ita_Latn-und_Kana,4-0
ita_Latn-xav_Latn,4-0
nld_Latn-fro_Latn,4-0
nld_Latn-kiu_Latn,4-0
nld_Latn-xav_Latn,4-0
pol_Latn-kiu_Latn,4-0
pol_Latn-xav_Latn,4-0
por_Latn-fro_Latn,4-0
por_Latn-kiu_Latn,4-0
rus_Cyrl-kiu_Latn,4-0
arb_Arab-ast_Latn,4-1
arb_Arab-azj_Latn,4-1
arb_Arab-ckb_Arab,4-1
arb_Arab-crh_Latn,4-1
arb_Arab-cym_Latn,4-1
arb_Arab-epo_Latn,4-1
arb_Arab-fur_Latn,4-1
arb_Arab-guj_Gujr,4-1
arb_Arab-hye_Armn,4-1
arb_Arab-jav_Latn,4-1
arb_Arab-kab_Latn,4-1
arb_Arab-kan_Knda,4-1
arb_Arab-khk_Cyrl,4-1
arb_Arab-khm_Khmr,4-1
arb_Arab-kin_Latn,4-1
arb_Arab-kmr_Latn,4-1
arb_Arab-lim_Latn,4-1
arb_Arab-lin_Latn,4-1
arb_Arab-lzh_Hani,4-1
arb_Arab-mal_Mlym,4-1
arb_Arab-mkd_Cyrl,4-1
arb_Arab-mya_Mymr,4-1
arb_Arab-nep_Deva,4-1
arb_Arab-nno_Latn,4-1
arb_Arab-nob_Latn,4-1
arb_Arab-nor_Latn,4-1
arb_Arab-npi_Deva,4-1
arb_Arab-nso_Latn,4-1
arb_Arab-nya_Latn,4-1
arb_Arab-plt_Latn,4-1
arb_Arab-sin_Sinh,4-1
arb_Arab-sna_Latn,4-1
arb_Arab-som_Latn,4-1
arb_Arab-sot_Latn,4-1
arb_Arab-sqi_Latn,4-1
arb_Arab-srd_Latn,4-1
arb_Arab-sun_Latn,4-1
arb_Arab-swc_Latn,4-1
arb_Arab-tat_Cyrl,4-1
arb_Arab-tel_Telu,4-1
arb_Arab-tgk_Cyrl,4-1
arb_Arab-vec_Latn,4-1
arb_Arab-wuu_Hani,4-1
arb_Arab-yue_Hani,4-1
cat_Latn-abk_Cyrl,4-1
cat_Latn-arg_Latn,4-1
cat_Latn-ast_Latn,4-1
cat_Latn-cym_Latn,4-1
cat_Latn-epo_Latn,4-1
cat_Latn-fry_Latn,4-1
cat_Latn-fur_Latn,4-1
cat_Latn-guj_Gujr,4-1
cat_Latn-hbs_Latn,4-1
cat_Latn-hne_Deva,4-1
cat_Latn-hye_Armn,4-1
cat_Latn-ibo_Latn,4-1
cat_Latn-ilo_Latn,4-1
cat_Latn-jav_Latn,4-1
cat_Latn-kan_Knda,4-1
cat_Latn-khk_Cyrl,4-1
cat_Latn-khm_Khmr,4-1
cat_Latn-kin_Latn,4-1
cat_Latn-kir_Cyrl,4-1
cat_Latn-kmr_Latn,4-1
cat_Latn-lim_Latn,4-1
cat_Latn-ltz_Latn,4-1
cat_Latn-lzh_Hani,4-1
cat_Latn-mal_Mlym,4-1
cat_Latn-mkd_Cyrl,4-1
cat_Latn-mlg_Latn,4-1
cat_Latn-mon_Cyrl,4-1
cat_Latn-mri_Latn,4-1
cat_Latn-mya_Mymr,4-1
cat_Latn-nep_Deva,4-1
cat_Latn-nno_Latn,4-1
cat_Latn-nob_Latn,4-1
cat_Latn-nor_Latn,4-1
cat_Latn-npi_Deva,4-1
cat_Latn-nya_Latn,4-1
cat_Latn-oci_Latn,4-1
cat_Latn-pap_Latn,4-1
cat_Latn-pbt_Arab,4-1
cat_Latn-plt_Latn,4-1
cat_Latn-pus_Arab,4-1
cat_Latn-sco_Latn,4-1
cat_Latn-sin_Sinh,4-1
cat_Latn-sna_Latn,4-1
cat_Latn-snd_Arab,4-1
cat_Latn-som_Latn,4-1
cat_Latn-sqi_Latn,4-1
cat_Latn-srd_Latn,4-1
cat_Latn-sun_Latn,4-1
cat_Latn-swc_Latn,4-1
cat_Latn-tel_Telu,4-1
cat_Latn-tgk_Cyrl,4-1
cat_Latn-vec_Latn,4-1
cat_Latn-wln_Latn,4-1
cat_Latn-yue_Hani,4-1
ces_Latn-abk_Cyrl,4-1
ces_Latn-arg_Latn,4-1
ces_Latn-ast_Latn,4-1
ces_Latn-ayr_Latn,4-1
ces_Latn-azj_Latn,4-1
ces_Latn-bak_Cyrl,4-1
ces_Latn-bar_Latn,4-1
ces_Latn-bre_Latn,4-1
ces_Latn-ckb_Arab,4-1
ces_Latn-crh_Latn,4-1
ces_Latn-cym_Latn,4-1
ces_Latn-epo_Latn,4-1
ces_Latn-fao_Latn,4-1
ces_Latn-fry_Latn,4-1
ces_Latn-fur_Latn,4-1
ces_Latn-gla_Latn,4-1
ces_Latn-grc_Grek,4-1
ces_Latn-gsw_Latn,4-1
ces_Latn-guj_Gujr,4-1
ces_Latn-hbs_Latn,4-1
ces_Latn-hne_Deva,4-1
ces_Latn-hye_Armn,4-1
ces_Latn-ibo_Latn,4-1
ces_Latn-ilo_Latn,4-1
ces_Latn-ina_Latn,4-1
ces_Latn-jam_Latn,4-1
ces_Latn-jav_Latn,4-1
ces_Latn-kab_Latn,4-1
ces_Latn-kan_Knda,4-1
ces_Latn-khk_Cyrl,4-1
ces_Latn-khm_Khmr,4-1
ces_Latn-kin_Latn,4-1
ces_Latn-kir_Cyrl,4-1
ces_Latn-kmr_Latn,4-1
ces_Latn-lim_Latn,4-1
ces_Latn-ltz_Latn,4-1
ces_Latn-lug_Latn,4-1
ces_Latn-lzh_Hani,4-1
ces_Latn-mal_Mlym,4-1
ces_Latn-mhr_Cyrl,4-1
ces_Latn-mkd_Cyrl,4-1
ces_Latn-mlg_Latn,4-1
ces_Latn-mon_Cyrl,4-1
ces_Latn-mri_Latn,4-1
ces_Latn-mya_Mymr,4-1
ces_Latn-nap_Latn,4-1
ces_Latn-nep_Deva,4-1
ces_Latn-nno_Latn,4-1
ces_Latn-nob_Latn,4-1
ces_Latn-nor_Latn,4-1
ces_Latn-npi_Deva,4-1
ces_Latn-nso_Latn,4-1
ces_Latn-nya_Latn,4-1
ces_Latn-oci_Latn,4-1
ces_Latn-pap_Latn,4-1
ces_Latn-pbt_Arab,4-1
ces_Latn-plt_Latn,4-1
ces_Latn-pus_Arab,4-1
ces_Latn-rmy_Latn,4-1
ces_Latn-roh_Latn,4-1
ces_Latn-scn_Latn,4-1
ces_Latn-sco_Latn,4-1
ces_Latn-sin_Sinh,4-1
ces_Latn-sna_Latn,4-1
ces_Latn-snd_Arab,4-1
ces_Latn-som_Latn,4-1
ces_Latn-sqi_Latn,4-1
ces_Latn-srd_Latn,4-1
ces_Latn-sun_Latn,4-1
ces_Latn-swc_Latn,4-1
ces_Latn-szl_Latn,4-1
ces_Latn-tat_Cyrl,4-1
ces_Latn-tel_Telu,4-1
ces_Latn-tgk_Cyrl,4-1
ces_Latn-vec_Latn,4-1
ces_Latn-wes_Latn,4-1
ces_Latn-wln_Latn,4-1
ces_Latn-wuu_Hani,4-1
ces_Latn-yue_Hani,4-1
eus_Latn-fry_Latn,4-1
eus_Latn-fur_Latn,4-1
eus_Latn-guj_Gujr,4-1
eus_Latn-hbs_Latn,4-1
eus_Latn-hne_Deva,4-1
eus_Latn-hye_Armn,4-1
eus_Latn-ilo_Latn,4-1
eus_Latn-jav_Latn,4-1
eus_Latn-kab_Latn,4-1
eus_Latn-kan_Knda,4-1
eus_Latn-khm_Khmr,4-1
eus_Latn-kin_Latn,4-1
eus_Latn-ltz_Latn,4-1
eus_Latn-lzh_Hani,4-1
eus_Latn-mal_Mlym,4-1
eus_Latn-mkd_Cyrl,4-1
eus_Latn-mlg_Latn,4-1
eus_Latn-mya_Mymr,4-1
eus_Latn-nep_Deva,4-1
eus_Latn-nno_Latn,4-1
eus_Latn-nob_Latn,4-1
eus_Latn-nor_Latn,4-1
eus_Latn-npi_Deva,4-1
eus_Latn-oci_Latn,4-1
eus_Latn-sin_Sinh,4-1
eus_Latn-snd_Arab,4-1
eus_Latn-sqi_Latn,4-1
eus_Latn-srd_Latn,4-1
eus_Latn-sun_Latn,4-1
eus_Latn-tel_Telu,4-1
eus_Latn-tgk_Cyrl,4-1
eus_Latn-wln_Latn,4-1
eus_Latn-yue_Hani,4-1
fas_Arab-abk_Cyrl,4-1
fas_Arab-azj_Latn,4-1
fas_Arab-bak_Cyrl,4-1
fas_Arab-ckb_Arab,4-1
fas_Arab-epo_Latn,4-1
fas_Arab-fry_Latn,4-1
fas_Arab-fur_Latn,4-1
fas_Arab-guj_Gujr,4-1
fas_Arab-hbs_Latn,4-1
fas_Arab-hne_Deva,4-1
fas_Arab-hye_Armn,4-1
fas_Arab-ibo_Latn,4-1
fas_Arab-ilo_Latn,4-1
fas_Arab-ina_Latn,4-1
fas_Arab-jav_Latn,4-1
fas_Arab-kab_Latn,4-1
fas_Arab-kan_Knda,4-1
fas_Arab-khk_Cyrl,4-1
fas_Arab-khm_Khmr,4-1
fas_Arab-kin_Latn,4-1
fas_Arab-kir_Cyrl,4-1
fas_Arab-kmr_Latn,4-1
fas_Arab-lim_Latn,4-1
fas_Arab-ltz_Latn,4-1
fas_Arab-lzh_Hani,4-1
fas_Arab-mal_Mlym,4-1
fas_Arab-mhr_Cyrl,4-1
fas_Arab-mkd_Cyrl,4-1
fas_Arab-mlg_Latn,4-1
fas_Arab-mon_Cyrl,4-1
fas_Arab-mri_Latn,4-1
fas_Arab-mya_Mymr,4-1
fas_Arab-nep_Deva,4-1
fas_Arab-nno_Latn,4-1
fas_Arab-nob_Latn,4-1
fas_Arab-nor_Latn,4-1
fas_Arab-npi_Deva,4-1
fas_Arab-nya_Latn,4-1
fas_Arab-oci_Latn,4-1
fas_Arab-pap_Latn,4-1
fas_Arab-pbt_Arab,4-1
fas_Arab-plt_Latn,4-1
fas_Arab-pus_Arab,4-1
fas_Arab-sin_Sinh,4-1
fas_Arab-sna_Latn,4-1
fas_Arab-snd_Arab,4-1
fas_Arab-som_Latn,4-1
fas_Arab-sqi_Latn,4-1
fas_Arab-srd_Latn,4-1
fas_Arab-sun_Latn,4-1
fas_Arab-swc_Latn,4-1
fas_Arab-tat_Cyrl,4-1
fas_Arab-tel_Telu,4-1
fas_Arab-tgk_Cyrl,4-1
fas_Arab-uig_Arab,4-1
fas_Arab-vec_Latn,4-1
fas_Arab-yue_Hani,4-1
fin_Latn-abk_Cyrl,4-1
fin_Latn-ast_Latn,4-1
fin_Latn-azj_Latn,4-1
fin_Latn-bak_Cyrl,4-1
fin_Latn-ckb_Arab,4-1
fin_Latn-crh_Latn,4-1
fin_Latn-epo_Latn,4-1
fin_Latn-fao_Latn,4-1
fin_Latn-fry_Latn,4-1
fin_Latn-fur_Latn,4-1
fin_Latn-guj_Gujr,4-1
fin_Latn-hbs_Latn,4-1
fin_Latn-hne_Deva,4-1
fin_Latn-hye_Armn,4-1
fin_Latn-ibo_Latn,4-1
fin_Latn-ilo_Latn,4-1
fin_Latn-ina_Latn,4-1
fin_Latn-jav_Latn,4-1
fin_Latn-kab_Latn,4-1
fin_Latn-kan_Knda,4-1
fin_Latn-khk_Cyrl,4-1
fin_Latn-khm_Khmr,4-1
fin_Latn-kin_Latn,4-1
fin_Latn-kir_Cyrl,4-1
fin_Latn-kmr_Latn,4-1
fin_Latn-lim_Latn,4-1
fin_Latn-ltz_Latn,4-1
fin_Latn-lzh_Hani,4-1
fin_Latn-mal_Mlym,4-1
fin_Latn-mhr_Cyrl,4-1
fin_Latn-mkd_Cyrl,4-1
fin_Latn-mlg_Latn,4-1
fin_Latn-mon_Cyrl,4-1
fin_Latn-mri_Latn,4-1
fin_Latn-mya_Mymr,4-1
fin_Latn-nap_Latn,4-1
fin_Latn-nep_Deva,4-1
fin_Latn-nno_Latn,4-1
fin_Latn-nob_Latn,4-1
fin_Latn-nor_Latn,4-1
fin_Latn-npi_Deva,4-1
fin_Latn-nso_Latn,4-1
fin_Latn-nya_Latn,4-1
fin_Latn-oci_Latn,4-1
fin_Latn-pap_Latn,4-1
fin_Latn-pbt_Arab,4-1
fin_Latn-plt_Latn,4-1
fin_Latn-pus_Arab,4-1
fin_Latn-rmy_Latn,4-1
fin_Latn-scn_Latn,4-1
fin_Latn-sin_Sinh,4-1
fin_Latn-sna_Latn,4-1
fin_Latn-snd_Arab,4-1
fin_Latn-som_Latn,4-1
fin_Latn-sqi_Latn,4-1
fin_Latn-srd_Latn,4-1
fin_Latn-sun_Latn,4-1
fin_Latn-swc_Latn,4-1
fin_Latn-tat_Cyrl,4-1
fin_Latn-tel_Telu,4-1
fin_Latn-tgk_Cyrl,4-1
fin_Latn-vec_Latn,4-1
fin_Latn-wln_Latn,4-1
fin_Latn-yue_Hani,4-1
hin_Deva-fur_Latn,4-1
hin_Deva-hbs_Latn,4-1
hin_Deva-hne_Deva,4-1
hin_Deva-hye_Armn,4-1
hin_Deva-ibo_Latn,4-1
hin_Deva-ilo_Latn,4-1
hin_Deva-jav_Latn,4-1
hin_Deva-kan_Knda,4-1
hin_Deva-kas_Deva,4-1
hin_Deva-khk_Cyrl,4-1
hin_Deva-khm_Khmr,4-1
hin_Deva-kin_Latn,4-1
hin_Deva-kir_Cyrl,4-1
hin_Deva-kmr_Latn,4-1
hin_Deva-lim_Latn,4-1
hin_Deva-ltz_Latn,4-1
hin_Deva-lzh_Hani,4-1
hin_Deva-mai_Deva,4-1
hin_Deva-mal_Mlym,4-1
hin_Deva-mkd_Cyrl,4-1
hin_Deva-mlg_Latn,4-1
hin_Deva-mon_Cyrl,4-1
hin_Deva-mri_Latn,4-1
hin_Deva-mya_Mymr,4-1
hin_Deva-nep_Deva,4-1
hin_Deva-nno_Latn,4-1
hin_Deva-nob_Latn,4-1
hin_Deva-nor_Latn,4-1
hin_Deva-npi_Deva,4-1
hin_Deva-nya_Latn,4-1
hin_Deva-oci_Latn,4-1
hin_Deva-pbt_Arab,4-1
hin_Deva-plt_Latn,4-1
hin_Deva-pus_Arab,4-1
hin_Deva-sin_Sinh,4-1
hin_Deva-sna_Latn,4-1
hin_Deva-snd_Arab,4-1
hin_Deva-som_Latn,4-1
hin_Deva-sqi_Latn,4-1
hin_Deva-srd_Latn,4-1
hin_Deva-sun_Latn,4-1
hin_Deva-swc_Latn,4-1
hin_Deva-tel_Telu,4-1
hin_Deva-tgk_Cyrl,4-1
hin_Deva-vec_Latn,4-1
hin_Deva-wln_Latn,4-1
hin_Deva-yue_Hani,4-1
hrv_Latn-abk_Cyrl,4-1
hrv_Latn-azj_Latn,4-1
hrv_Latn-bak_Cyrl,4-1
hrv_Latn-ckb_Arab,4-1
hrv_Latn-epo_Latn,4-1
hrv_Latn-fao_Latn,4-1
hrv_Latn-fur_Latn,4-1
hrv_Latn-hbs_Latn,4-1
hrv_Latn-hye_Armn,4-1
hrv_Latn-ibo_Latn,4-1
hrv_Latn-ilo_Latn,4-1
hrv_Latn-ina_Latn,4-1
hrv_Latn-jav_Latn,4-1
hrv_Latn-kab_Latn,4-1
hrv_Latn-kan_Knda,4-1
hrv_Latn-khk_Cyrl,4-1
hrv_Latn-khm_Khmr,4-1
hrv_Latn-kin_Latn,4-1
hrv_Latn-kir_Cyrl,4-1
hrv_Latn-kmr_Latn,4-1
hrv_Latn-lim_Latn,4-1
hrv_Latn-ltz_Latn,4-1
hrv_Latn-lzh_Hani,4-1
hrv_Latn-mal_Mlym,4-1
hrv_Latn-mhr_Cyrl,4-1
hrv_Latn-mkd_Cyrl,4-1
hrv_Latn-mlg_Latn,4-1
hrv_Latn-mon_Cyrl,4-1
hrv_Latn-mri_Latn,4-1
hrv_Latn-mya_Mymr,4-1
hrv_Latn-nap_Latn,4-1
hrv_Latn-nep_Deva,4-1
hrv_Latn-nno_Latn,4-1
hrv_Latn-nob_Latn,4-1
hrv_Latn-nor_Latn,4-1
hrv_Latn-npi_Deva,4-1
hrv_Latn-nso_Latn,4-1
hrv_Latn-nya_Latn,4-1
hrv_Latn-oci_Latn,4-1
hrv_Latn-pap_Latn,4-1
hrv_Latn-pbt_Arab,4-1
hrv_Latn-plt_Latn,4-1
hrv_Latn-pus_Arab,4-1
hrv_Latn-rmy_Latn,4-1
hrv_Latn-scn_Latn,4-1
hrv_Latn-sin_Sinh,4-1
hrv_Latn-sna_Latn,4-1
hrv_Latn-snd_Arab,4-1
hrv_Latn-som_Latn,4-1
hrv_Latn-sqi_Latn,4-1
hrv_Latn-srd_Latn,4-1
hrv_Latn-sun_Latn,4-1
hrv_Latn-swc_Latn,4-1
hrv_Latn-tat_Cyrl,4-1
hrv_Latn-tel_Telu,4-1
hrv_Latn-tgk_Cyrl,4-1
hrv_Latn-vec_Latn,4-1
hrv_Latn-wln_Latn,4-1
hrv_Latn-yue_Hani,4-1
hun_Latn-abk_Cyrl,4-1
hun_Latn-azj_Latn,4-1
hun_Latn-bak_Cyrl,4-1
hun_Latn-ckb_Arab,4-1
hun_Latn-crh_Latn,4-1
hun_Latn-epo_Latn,4-1
hun_Latn-fao_Latn,4-1
hun_Latn-fur_Latn,4-1
hun_Latn-hbs_Latn,4-1
hun_Latn-hye_Armn,4-1
hun_Latn-ibo_Latn,4-1
hun_Latn-ilo_Latn,4-1
hun_Latn-ina_Latn,4-1
hun_Latn-jav_Latn,4-1
hun_Latn-kab_Latn,4-1
hun_Latn-kan_Knda,4-1
hun_Latn-khk_Cyrl,4-1
hun_Latn-khm_Khmr,4-1
hun_Latn-kin_Latn,4-1
hun_Latn-kir_Cyrl,4-1
hun_Latn-kmr_Latn,4-1
hun_Latn-lim_Latn,4-1
hun_Latn-ltz_Latn,4-1
hun_Latn-lzh_Hani,4-1
hun_Latn-mal_Mlym,4-1
hun_Latn-mhr_Cyrl,4-1
hun_Latn-mkd_Cyrl,4-1
hun_Latn-mlg_Latn,4-1
hun_Latn-mon_Cyrl,4-1
hun_Latn-mri_Latn,4-1
hun_Latn-mya_Mymr,4-1
hun_Latn-nap_Latn,4-1
hun_Latn-nep_Deva,4-1
hun_Latn-nno_Latn,4-1
hun_Latn-nob_Latn,4-1
hun_Latn-nor_Latn,4-1
hun_Latn-npi_Deva,4-1
hun_Latn-nya_Latn,4-1
hun_Latn-oci_Latn,4-1
hun_Latn-pap_Latn,4-1
hun_Latn-pbt_Arab,4-1
hun_Latn-plt_Latn,4-1
hun_Latn-pus_Arab,4-1
hun_Latn-rmy_Latn,4-1
hun_Latn-scn_Latn,4-1
hun_Latn-sin_Sinh,4-1
hun_Latn-sna_Latn,4-1
hun_Latn-snd_Arab,4-1
hun_Latn-som_Latn,4-1
hun_Latn-sqi_Latn,4-1
hun_Latn-srd_Latn,4-1
hun_Latn-sun_Latn,4-1
hun_Latn-swc_Latn,4-1
hun_Latn-tat_Cyrl,4-1
hun_Latn-tel_Telu,4-1
hun_Latn-tgk_Cyrl,4-1
hun_Latn-vec_Latn,4-1
hun_Latn-wln_Latn,4-1
hun_Latn-yue_Hani,4-1
ita_Latn-abk_Cyrl,4-1
ita_Latn-azj_Latn,4-1
ita_Latn-bak_Cyrl,4-1
ita_Latn-ckb_Arab,4-1
ita_Latn-crh_Latn,4-1
ita_Latn-epo_Latn,4-1
ita_Latn-fur_Latn,4-1
ita_Latn-hbs_Latn,4-1
ita_Latn-ilo_Latn,4-1
ita_Latn-ina_Latn,4-1
ita_Latn-jav_Latn,4-1
ita_Latn-kab_Latn,4-1
ita_Latn-kan_Knda,4-1
ita_Latn-kea_Latn,4-1
ita_Latn-khk_Cyrl,4-1
ita_Latn-khm_Khmr,4-1
ita_Latn-kin_Latn,4-1
ita_Latn-kir_Cyrl,4-1
ita_Latn-kmr_Latn,4-1
ita_Latn-lim_Latn,4-1
ita_Latn-ltz_Latn,4-1
ita_Latn-lzh_Hani,4-1
ita_Latn-mal_Mlym,4-1
ita_Latn-mhr_Cyrl,4-1
ita_Latn-mkd_Cyrl,4-1
ita_Latn-mlg_Latn,4-1
ita_Latn-mon_Cyrl,4-1
ita_Latn-mri_Latn,4-1
ita_Latn-mya_Mymr,4-1
ita_Latn-nep_Deva,4-1
ita_Latn-nno_Latn,4-1
ita_Latn-nob_Latn,4-1
ita_Latn-nor_Latn,4-1
ita_Latn-npi_Deva,4-1
ita_Latn-nya_Latn,4-1
ita_Latn-oci_Latn,4-1
ita_Latn-pap_Latn,4-1
ita_Latn-pbt_Arab,4-1
ita_Latn-plt_Latn,4-1
ita_Latn-pus_Arab,4-1
ita_Latn-rmy_Latn,4-1
ita_Latn-sin_Sinh,4-1
ita_Latn-sna_Latn,4-1
ita_Latn-snd_Arab,4-1
ita_Latn-som_Latn,4-1
ita_Latn-sqi_Latn,4-1
ita_Latn-srd_Latn,4-1
ita_Latn-sun_Latn,4-1
ita_Latn-swc_Latn,4-1
ita_Latn-tat_Cyrl,4-1
ita_Latn-tel_Telu,4-1
ita_Latn-tgk_Cyrl,4-1
ita_Latn-vec_Latn,4-1
ita_Latn-wuu_Hani,4-1
ita_Latn-yue_Hani,4-1
kor_Hang-abk_Cyrl,4-1
kor_Hang-bak_Cyrl,4-1
kor_Hang-ckb_Arab,4-1
kor_Hang-fur_Latn,4-1
kor_Hang-hbs_Latn,4-1
kor_Hang-kab_Latn,4-1
kor_Hang-khk_Cyrl,4-1
kor_Hang-kir_Cyrl,4-1
kor_Hang-kmr_Latn,4-1
kor_Hang-lim_Latn,4-1
kor_Hang-ltz_Latn,4-1
kor_Hang-lzh_Hani,4-1
kor_Hang-mal_Mlym,4-1
kor_Hang-mkd_Cyrl,4-1
kor_Hang-mlg_Latn,4-1
kor_Hang-mon_Cyrl,4-1
kor_Hang-mri_Latn,4-1
kor_Hang-mya_Mymr,4-1
kor_Hang-nep_Deva,4-1
kor_Hang-nno_Latn,4-1
kor_Hang-nob_Latn,4-1
kor_Hang-nor_Latn,4-1
kor_Hang-npi_Deva,4-1
kor_Hang-oci_Latn,4-1
kor_Hang-plt_Latn,4-1
kor_Hang-sin_Sinh,4-1
kor_Hang-snd_Arab,4-1
kor_Hang-som_Latn,4-1
kor_Hang-sqi_Latn,4-1
kor_Hang-srd_Latn,4-1
kor_Hang-sun_Latn,4-1
kor_Hang-swc_Latn,4-1
kor_Hang-tat_Cyrl,4-1
kor_Hang-tel_Telu,4-1
kor_Hang-tgk_Cyrl,4-1
kor_Hang-yue_Hani,4-1
nld_Latn-abk_Cyrl,4-1
nld_Latn-azj_Latn,4-1
nld_Latn-bak_Cyrl,4-1
nld_Latn-crh_Latn,4-1
nld_Latn-epo_Latn,4-1
nld_Latn-fur_Latn,4-1
nld_Latn-hbs_Latn,4-1
nld_Latn-ilo_Latn,4-1
nld_Latn-ina_Latn,4-1
nld_Latn-kab_Latn,4-1
nld_Latn-kin_Latn,4-1
nld_Latn-lzh_Hani,4-1
nld_Latn-mhr_Cyrl,4-1
nld_Latn-mkd_Cyrl,4-1
nld_Latn-nno_Latn,4-1
nld_Latn-nob_Latn,4-1
nld_Latn-nor_Latn,4-1
nld_Latn-nso_Latn,4-1
nld_Latn-nya_Latn,4-1
nld_Latn-oci_Latn,4-1
nld_Latn-pap_Latn,4-1
nld_Latn-pbt_Arab,4-1
nld_Latn-pus_Arab,4-1
nld_Latn-rmy_Latn,4-1
nld_Latn-sin_Sinh,4-1
nld_Latn-sna_Latn,4-1
nld_Latn-snd_Arab,4-1
nld_Latn-som_Latn,4-1
nld_Latn-sqi_Latn,4-1
nld_Latn-srd_Latn,4-1
nld_Latn-sun_Latn,4-1
nld_Latn-swc_Latn,4-1
nld_Latn-tat_Cyrl,4-1
nld_Latn-tel_Telu,4-1
nld_Latn-tgk_Cyrl,4-1
nld_Latn-vec_Latn,4-1
nld_Latn-wln_Latn,4-1
nld_Latn-wuu_Hani,4-1
nld_Latn-yid_Hebr,4-1
nld_Latn-yue_Hani,4-1
pol_Latn-abk_Cyrl,4-1
pol_Latn-azj_Latn,4-1
pol_Latn-bak_Cyrl,4-1
pol_Latn-crh_Latn,4-1
pol_Latn-epo_Latn,4-1
pol_Latn-fur_Latn,4-1
pol_Latn-hbs_Latn,4-1
pol_Latn-ilo_Latn,4-1
pol_Latn-ina_Latn,4-1
pol_Latn-kab_Latn,4-1
pol_Latn-kin_Latn,4-1
pol_Latn-lzh_Hani,4-1
pol_Latn-mhr_Cyrl,4-1
pol_Latn-mkd_Cyrl,4-1
pol_Latn-nno_Latn,4-1
pol_Latn-nob_Latn,4-1
pol_Latn-pap_Latn,4-1
pol_Latn-pbt_Arab,4-1
pol_Latn-pus_Arab,4-1
pol_Latn-rmy_Latn,4-1
pol_Latn-sin_Sinh,4-1
pol_Latn-sna_Latn,4-1
pol_Latn-snd_Arab,4-1
pol_Latn-som_Latn,4-1
pol_Latn-sqi_Latn,4-1
pol_Latn-srd_Latn,4-1
pol_Latn-sun_Latn,4-1
pol_Latn-swc_Latn,4-1
pol_Latn-tat_Cyrl,4-1
pol_Latn-tel_Telu,4-1
pol_Latn-tgk_Cyrl,4-1
pol_Latn-vec_Latn,4-1
pol_Latn-wln_Latn,4-1
pol_Latn-wuu_Hani,4-1
pol_Latn-yue_Hani,4-1
por_Latn-abk_Cyrl,4-1
por_Latn-aym_Latn,4-1
por_Latn-ayr_Latn,4-1
por_Latn-azj_Latn,4-1
por_Latn-bak_Cyrl,4-1
por_Latn-crh_Latn,4-1
por_Latn-epo_Latn,4-1
por_Latn-fur_Latn,4-1
por_Latn-hbs_Latn,4-1
por_Latn-ilo_Latn,4-1
por_Latn-ina_Latn,4-1
por_Latn-kab_Latn,4-1
por_Latn-kin_Latn,4-1
por_Latn-lzh_Hani,4-1
por_Latn-mhr_Cyrl,4-1
por_Latn-mkd_Cyrl,4-1
por_Latn-nno_Latn,4-1
por_Latn-nob_Latn,4-1
por_Latn-que_Latn,4-1
por_Latn-quy_Latn,4-1
por_Latn-quz_Latn,4-1
por_Latn-rmy_Latn,4-1
por_Latn-sin_Sinh,4-1
por_Latn-sna_Latn,4-1
por_Latn-snd_Arab,4-1
por_Latn-som_Latn,4-1
por_Latn-sqi_Latn,4-1
por_Latn-srd_Latn,4-1
por_Latn-sun_Latn,4-1
por_Latn-swc_Latn,4-1
por_Latn-tat_Cyrl,4-1
por_Latn-tel_Telu,4-1
por_Latn-tgk_Cyrl,4-1
por_Latn-vec_Latn,4-1
por_Latn-wln_Latn,4-1
por_Latn-wuu_Hani,4-1
por_Latn-yue_Hani,4-1
rus_Cyrl-azj_Latn,4-1
rus_Cyrl-crh_Latn,4-1
rus_Cyrl-epo_Latn,4-1
rus_Cyrl-fur_Latn,4-1
rus_Cyrl-hbs_Latn,4-1
rus_Cyrl-kab_Latn,4-1
rus_Cyrl-kin_Latn,4-1
rus_Cyrl-lzh_Hani,4-1
rus_Cyrl-mkd_Cyrl,4-1
rus_Cyrl-nno_Latn,4-1
rus_Cyrl-nob_Latn,4-1
rus_Cyrl-nor_Latn,4-1
rus_Cyrl-sin_Sinh,4-1
rus_Cyrl-sna_Latn,4-1
rus_Cyrl-snd_Arab,4-1
rus_Cyrl-som_Latn,4-1
rus_Cyrl-sqi_Latn,4-1
rus_Cyrl-srd_Latn,4-1
rus_Cyrl-sun_Latn,4-1
rus_Cyrl-swc_Latn,4-1
rus_Cyrl-tat_Cyrl,4-1
rus_Cyrl-tel_Telu,4-1
rus_Cyrl-tgk_Cyrl,4-1
rus_Cyrl-wln_Latn,4-1
rus_Cyrl-wuu_Hani,4-1
rus_Cyrl-yue_Hani,4-1
srp_Cyrl-lzh_Hani,4-1
srp_Cyrl-sun_Latn,4-1
srp_Cyrl-swc_Latn,4-1
srp_Cyrl-tel_Telu,4-1
srp_Cyrl-tgk_Cyrl,4-1
srp_Cyrl-yue_Hani,4-1
srp_Latn-epo_Latn,4-1
srp_Latn-kab_Latn,4-1
srp_Latn-lzh_Hani,4-1
srp_Latn-mal_Mlym,4-1
srp_Latn-mkd_Cyrl,4-1
srp_Latn-nob_Latn,4-1
srp_Latn-nor_Latn,4-1
srp_Latn-sin_Sinh,4-1
srp_Latn-sqi_Latn,4-1
srp_Latn-tel_Telu,4-1
srp_Latn-yue_Hani,4-1
swe_Latn-azj_Latn,4-1
swe_Latn-crh_Latn,4-1
swe_Latn-fur_Latn,4-1
swe_Latn-lzh_Hani,4-1
swe_Latn-nor_Latn,4-1
swe_Latn-srd_Latn,4-1
swe_Latn-swc_Latn,4-1
swe_Latn-tat_Cyrl,4-1
swe_Latn-tel_Telu,4-1
swe_Latn-tgk_Cyrl,4-1
swe_Latn-wln_Latn,4-1
swe_Latn-wuu_Hani,4-1
swe_Latn-yue_Hani,4-1
tur_Latn-lzh_Hani,4-1
tur_Latn-tat_Cyrl,4-1
tur_Latn-wln_Latn,4-1
tur_Latn-wuu_Hani,4-1
tur_Latn-yue_Hani,4-1
vie_Latn-lzh_Hani,4-1
vie_Latn-wln_Latn,4-1
vie_Latn-yue_Hani,4-1
arb_Arab-als_Latn,4-2
arb_Arab-gle_Latn,4-2
arb_Arab-hat_Latn,4-2
arb_Arab-hau_Latn,4-2
arb_Arab-isl_Latn,4-2
arb_Arab-mar_Deva,4-2
arb_Arab-swa_Latn,4-2
arb_Arab-swh_Latn,4-2
arb_Arab-xho_Latn,4-2
arb_Arab-yor_Latn,4-2
arb_Arab-zul_Latn,4-2
cat_Latn-als_Latn,4-2
cat_Latn-gle_Latn,4-2
cat_Latn-hat_Latn,4-2
cat_Latn-hau_Latn,4-2
cat_Latn-isl_Latn,4-2
cat_Latn-lao_Laoo,4-2
cat_Latn-mar_Deva,4-2
cat_Latn-mlt_Latn,4-2
cat_Latn-pan_Guru,4-2
cat_Latn-swa_Latn,4-2
cat_Latn-swh_Latn,4-2
cat_Latn-xho_Latn,4-2
cat_Latn-yor_Latn,4-2
cat_Latn-zul_Latn,4-2
ces_Latn-als_Latn,4-2
ces_Latn-gle_Latn,4-2
ces_Latn-hat_Latn,4-2
ces_Latn-hau_Latn,4-2
ces_Latn-isl_Latn,4-2
ces_Latn-lao_Laoo,4-2
ces_Latn-mar_Deva,4-2
ces_Latn-mlt_Latn,4-2
ces_Latn-pan_Guru,4-2
ces_Latn-swa_Latn,4-2
ces_Latn-swh_Latn,4-2
ces_Latn-wol_Latn,4-2
ces_Latn-xho_Latn,4-2
ces_Latn-yor_Latn,4-2
ces_Latn-zul_Latn,4-2
eus_Latn-als_Latn,4-2
eus_Latn-gle_Latn,4-2
eus_Latn-hau_Latn,4-2
eus_Latn-isl_Latn,4-2
eus_Latn-mar_Deva,4-2
eus_Latn-mlt_Latn,4-2
eus_Latn-pan_Guru,4-2
eus_Latn-swa_Latn,4-2
eus_Latn-swh_Latn,4-2
eus_Latn-xho_Latn,4-2
eus_Latn-zul_Latn,4-2
fas_Arab-als_Latn,4-2
fas_Arab-gle_Latn,4-2
fas_Arab-hat_Latn,4-2
fas_Arab-hau_Latn,4-2
fas_Arab-isl_Latn,4-2
fas_Arab-lao_Laoo,4-2
fas_Arab-mar_Deva,4-2
fas_Arab-mlt_Latn,4-2
fas_Arab-pan_Guru,4-2
fas_Arab-swa_Latn,4-2
fas_Arab-swh_Latn,4-2
fas_Arab-xho_Latn,4-2
fas_Arab-yor_Latn,4-2
fas_Arab-zul_Latn,4-2
fin_Latn-als_Latn,4-2
fin_Latn-gle_Latn,4-2
fin_Latn-hat_Latn,4-2
fin_Latn-hau_Latn,4-2
fin_Latn-isl_Latn,4-2
fin_Latn-lao_Laoo,4-2
fin_Latn-mar_Deva,4-2
fin_Latn-mlt_Latn,4-2
fin_Latn-pan_Guru,4-2
fin_Latn-swa_Latn,4-2
fin_Latn-swh_Latn,4-2
fin_Latn-wol_Latn,4-2
fin_Latn-xho_Latn,4-2
fin_Latn-yor_Latn,4-2
fin_Latn-zul_Latn,4-2
hin_Deva-als_Latn,4-2
hin_Deva-hat_Latn,4-2
hin_Deva-isl_Latn,4-2
hin_Deva-lao_Laoo,4-2
hin_Deva-mar_Deva,4-2
hin_Deva-mlt_Latn,4-2
hin_Deva-pan_Guru,4-2
hin_Deva-san_Deva,4-2
hin_Deva-swa_Latn,4-2
hin_Deva-swh_Latn,4-2
hin_Deva-xho_Latn,4-2
hin_Deva-yor_Latn,4-2
hin_Deva-zul_Latn,4-2
hrv_Latn-als_Latn,4-2
hrv_Latn-hat_Latn,4-2
hrv_Latn-isl_Latn,4-2
hrv_Latn-lao_Laoo,4-2
hrv_Latn-mar_Deva,4-2
hrv_Latn-mlt_Latn,4-2
hrv_Latn-pan_Guru,4-2
hrv_Latn-swa_Latn,4-2
hrv_Latn-swh_Latn,4-2
hrv_Latn-xho_Latn,4-2
hrv_Latn-yor_Latn,4-2
hrv_Latn-zul_Latn,4-2
hun_Latn-als_Latn,4-2
hun_Latn-hau_Latn,4-2
hun_Latn-isl_Latn,4-2
hun_Latn-lao_Laoo,4-2
hun_Latn-mar_Deva,4-2
hun_Latn-mlt_Latn,4-2
hun_Latn-pan_Guru,4-2
hun_Latn-swa_Latn,4-2
hun_Latn-swh_Latn,4-2
hun_Latn-xho_Latn,4-2
hun_Latn-yor_Latn,4-2
hun_Latn-zul_Latn,4-2
ita_Latn-als_Latn,4-2
ita_Latn-hau_Latn,4-2
ita_Latn-isl_Latn,4-2
ita_Latn-lao_Laoo,4-2
ita_Latn-mar_Deva,4-2
ita_Latn-mlt_Latn,4-2
ita_Latn-pan_Guru,4-2
ita_Latn-swa_Latn,4-2
ita_Latn-swh_Latn,4-2
ita_Latn-xho_Latn,4-2
ita_Latn-yor_Latn,4-2
ita_Latn-zul_Latn,4-2
kor_Hang-als_Latn,4-2
kor_Hang-mar_Deva,4-2
kor_Hang-mlt_Latn,4-2
kor_Hang-pan_Guru,4-2
kor_Hang-swa_Latn,4-2
kor_Hang-swh_Latn,4-2
kor_Hang-xho_Latn,4-2
kor_Hang-yor_Latn,4-2
nld_Latn-als_Latn,4-2
nld_Latn-hau_Latn,4-2
nld_Latn-isl_Latn,4-2
nld_Latn-mlt_Latn,4-2
nld_Latn-pan_Guru,4-2
nld_Latn-swa_Latn,4-2
nld_Latn-swh_Latn,4-2
nld_Latn-xho_Latn,4-2
nld_Latn-yor_Latn,4-2
nld_Latn-zul_Latn,4-2
pol_Latn-als_Latn,4-2
pol_Latn-hau_Latn,4-2
pol_Latn-swa_Latn,4-2
pol_Latn-swh_Latn,4-2
pol_Latn-xho_Latn,4-2
pol_Latn-yor_Latn,4-2
pol_Latn-zul_Latn,4-2
por_Latn-als_Latn,4-2
por_Latn-hau_Latn,4-2
por_Latn-mlt_Latn,4-2
por_Latn-swa_Latn,4-2
por_Latn-swh_Latn,4-2
por_Latn-xho_Latn,4-2
por_Latn-yor_Latn,4-2
por_Latn-zul_Latn,4-2
rus_Cyrl-als_Latn,4-2
rus_Cyrl-mlt_Latn,4-2
rus_Cyrl-swa_Latn,4-2
rus_Cyrl-swh_Latn,4-2
rus_Cyrl-xho_Latn,4-2
rus_Cyrl-yor_Latn,4-2
rus_Cyrl-zul_Latn,4-2
srp_Cyrl-swa_Latn,4-2
srp_Cyrl-swh_Latn,4-2
srp_Cyrl-xho_Latn,4-2
srp_Cyrl-yor_Latn,4-2
srp_Cyrl-zul_Latn,4-2
srp_Latn-als_Latn,4-2
srp_Latn-isl_Latn,4-2
srp_Latn-swa_Latn,4-2
srp_Latn-swh_Latn,4-2
swe_Latn-swa_Latn,4-2
swe_Latn-swh_Latn,4-2
swe_Latn-xho_Latn,4-2
swe_Latn-yor_Latn,4-2
swe_Latn-zul_Latn,4-2
tur_Latn-xho_Latn,4-2
tur_Latn-yor_Latn,4-2
tur_Latn-zul_Latn,4-2
vie_Latn-xho_Latn,4-2
vie_Latn-yor_Latn,4-2
vie_Latn-zul_Latn,4-2
arb_Arab-afr_Latn,4-3
arb_Arab-bel_Cyrl,4-3
arb_Arab-ben_Beng,4-3
arb_Arab-bos_Latn,4-3
arb_Arab-bul_Cyrl,4-3
arb_Arab-dan_Latn,4-3
arb_Arab-ekk_Latn,4-3
arb_Arab-ell_Grek,4-3
arb_Arab-est_Latn,4-3
arb_Arab-fil_Latn,4-3
arb_Arab-glg_Latn,4-3
arb_Arab-heb_Hebr,4-3
arb_Arab-ind_Latn,4-3
arb_Arab-kat_Geor,4-3
arb_Arab-kaz_Cyrl,4-3
arb_Arab-lat_Latn,4-3
arb_Arab-lav_Latn,4-3
arb_Arab-lit_Latn,4-3
arb_Arab-lvs_Latn,4-3
arb_Arab-msa_Latn,4-3
arb_Arab-ron_Latn,4-3
arb_Arab-slk_Latn,4-3
arb_Arab-slv_Latn,4-3
arb_Arab-tam_Taml,4-3
arb_Arab-tgl_Latn,4-3
arb_Arab-tha_Thai,4-3
arb_Arab-ukr_Cyrl,4-3
arb_Arab-urd_Arab,4-3
arb_Arab-uzb_Cyrl,4-3
arb_Arab-uzb_Latn,4-3
arb_Arab-uzn_Latn,4-3
arb_Arab-zsm_Latn,4-3
cat_Latn-ceb_Latn,4-3
cat_Latn-dan_Latn,4-3
cat_Latn-ekk_Latn,4-3
cat_Latn-ell_Grek,4-3
cat_Latn-est_Latn,4-3
cat_Latn-fil_Latn,4-3
cat_Latn-glg_Latn,4-3
cat_Latn-heb_Hebr,4-3
cat_Latn-ind_Latn,4-3
cat_Latn-kat_Geor,4-3
cat_Latn-kaz_Cyrl,4-3
cat_Latn-lat_Latn,4-3
cat_Latn-lav_Latn,4-3
cat_Latn-lit_Latn,4-3
cat_Latn-lvs_Latn,4-3
cat_Latn-msa_Latn,4-3
cat_Latn-ron_Latn,4-3
cat_Latn-slk_Latn,4-3
cat_Latn-slv_Latn,4-3
cat_Latn-tam_Taml,4-3
cat_Latn-tgl_Latn,4-3
cat_Latn-tha_Thai,4-3
cat_Latn-ukr_Cyrl,4-3
cat_Latn-urd_Arab,4-3
cat_Latn-uzn_Latn,4-3
cat_Latn-zsm_Latn,4-3
ces_Latn-afr_Latn,4-3
ces_Latn-bel_Cyrl,4-3
ces_Latn-dan_Latn,4-3
ces_Latn-ekk_Latn,4-3
ces_Latn-ell_Grek,4-3
ces_Latn-est_Latn,4-3
ces_Latn-fil_Latn,4-3
ces_Latn-glg_Latn,4-3
ces_Latn-heb_Hebr,4-3
ces_Latn-ind_Latn,4-3
ces_Latn-kat_Geor,4-3
ces_Latn-kaz_Cyrl,4-3
ces_Latn-lat_Latn,4-3
ces_Latn-lav_Latn,4-3
ces_Latn-lit_Latn,4-3
ces_Latn-lvs_Latn,4-3
ces_Latn-msa_Latn,4-3
ces_Latn-ron_Latn,4-3
ces_Latn-slk_Latn,4-3
ces_Latn-slv_Latn,4-3
ces_Latn-tam_Taml,4-3
ces_Latn-tgl_Latn,4-3
ces_Latn-tha_Thai,4-3
ces_Latn-ukr_Cyrl,4-3
ces_Latn-urd_Arab,4-3
ces_Latn-uzn_Latn,4-3
ces_Latn-zsm_Latn,4-3
eus_Latn-dan_Latn,4-3
eus_Latn-ell_Grek,4-3
eus_Latn-est_Latn,4-3
eus_Latn-fil_Latn,4-3
eus_Latn-glg_Latn,4-3
eus_Latn-heb_Hebr,4-3
eus_Latn-ind_Latn,4-3
eus_Latn-kat_Geor,4-3
eus_Latn-kaz_Cyrl,4-3
eus_Latn-lat_Latn,4-3
eus_Latn-lav_Latn,4-3
eus_Latn-lit_Latn,4-3
eus_Latn-lvs_Latn,4-3
eus_Latn-msa_Latn,4-3
eus_Latn-ron_Latn,4-3
eus_Latn-slk_Latn,4-3
eus_Latn-slv_Latn,4-3
eus_Latn-tam_Taml,4-3
eus_Latn-tgl_Latn,4-3
eus_Latn-tha_Thai,4-3
eus_Latn-ukr_Cyrl,4-3
eus_Latn-urd_Arab,4-3
eus_Latn-uzn_Latn,4-3
eus_Latn-zsm_Latn,4-3
fas_Arab-afr_Latn,4-3
fas_Arab-bul_Cyrl,4-3
fas_Arab-dan_Latn,4-3
fas_Arab-fil_Latn,4-3
fas_Arab-glg_Latn,4-3
fas_Arab-heb_Hebr,4-3
fas_Arab-ind_Latn,4-3
fas_Arab-kat_Geor,4-3
fas_Arab-kaz_Cyrl,4-3
fas_Arab-lat_Latn,4-3
fas_Arab-lav_Latn,4-3
fas_Arab-lit_Latn,4-3
fas_Arab-lvs_Latn,4-3
fas_Arab-msa_Latn,4-3
fas_Arab-ron_Latn,4-3
fas_Arab-slk_Latn,4-3
fas_Arab-slv_Latn,4-3
fas_Arab-tam_Taml,4-3
fas_Arab-tgl_Latn,4-3
fas_Arab-tha_Thai,4-3
fas_Arab-ukr_Cyrl,4-3
fas_Arab-urd_Arab,4-3
fas_Arab-uzb_Cyrl,4-3
fas_Arab-uzb_Latn,4-3
fas_Arab-uzn_Cyrl,4-3
fas_Arab-uzn_Latn,4-3
fas_Arab-zsm_Latn,4-3
fin_Latn-afr_Latn,4-3
fin_Latn-bel_Cyrl,4-3
fin_Latn-dan_Latn,4-3
fin_Latn-ekk_Latn,4-3
fin_Latn-fil_Latn,4-3
fin_Latn-glg_Latn,4-3
fin_Latn-heb_Hebr,4-3
fin_Latn-ind_Latn,4-3
fin_Latn-kat_Geor,4-3
fin_Latn-kaz_Cyrl,4-3
fin_Latn-lat_Latn,4-3
fin_Latn-lav_Latn,4-3
fin_Latn-lit_Latn,4-3
fin_Latn-lvs_Latn,4-3
fin_Latn-msa_Latn,4-3
fin_Latn-ron_Latn,4-3
fin_Latn-slk_Latn,4-3
fin_Latn-slv_Latn,4-3
fin_Latn-tam_Taml,4-3
fin_Latn-tgl_Latn,4-3
fin_Latn-tha_Thai,4-3
fin_Latn-ukr_Cyrl,4-3
fin_Latn-urd_Arab,4-3
fin_Latn-uzn_Latn,4-3
fin_Latn-zsm_Latn,4-3
hin_Deva-dan_Latn,4-3
hin_Deva-fil_Latn,4-3
hin_Deva-ind_Latn,4-3
hin_Deva-kat_Geor,4-3
hin_Deva-kaz_Cyrl,4-3
hin_Deva-lat_Latn,4-3
hin_Deva-lav_Latn,4-3
hin_Deva-lit_Latn,4-3
hin_Deva-lvs_Latn,4-3
hin_Deva-msa_Latn,4-3
hin_Deva-ron_Latn,4-3
hin_Deva-slk_Latn,4-3
hin_Deva-slv_Latn,4-3
hin_Deva-tam_Taml,4-3
hin_Deva-tgl_Latn,4-3
hin_Deva-tha_Thai,4-3
hin_Deva-ukr_Cyrl,4-3
hin_Deva-urd_Arab,4-3
hin_Deva-uzn_Latn,4-3
hin_Deva-zsm_Latn,4-3
hrv_Latn-afr_Latn,4-3
hrv_Latn-bel_Cyrl,4-3
hrv_Latn-dan_Latn,4-3
hrv_Latn-ekk_Latn,4-3
hrv_Latn-ell_Grek,4-3
hrv_Latn-est_Latn,4-3
hrv_Latn-fil_Latn,4-3
hrv_Latn-glg_Latn,4-3
hrv_Latn-heb_Hebr,4-3
hrv_Latn-ind_Latn,4-3
hrv_Latn-kat_Geor,4-3
hrv_Latn-kaz_Cyrl,4-3
hrv_Latn-lat_Latn,4-3
hrv_Latn-lav_Latn,4-3
hrv_Latn-lit_Latn,4-3
hrv_Latn-lvs_Latn,4-3
hrv_Latn-msa_Latn,4-3
hrv_Latn-ron_Latn,4-3
hrv_Latn-slk_Latn,4-3
hrv_Latn-slv_Latn,4-3
hrv_Latn-tam_Taml,4-3
hrv_Latn-tgl_Latn,4-3
hrv_Latn-tha_Thai,4-3
hrv_Latn-ukr_Cyrl,4-3
hrv_Latn-urd_Arab,4-3
hrv_Latn-uzn_Latn,4-3
hrv_Latn-zsm_Latn,4-3
hun_Latn-afr_Latn,4-3
hun_Latn-bel_Cyrl,4-3
hun_Latn-dan_Latn,4-3
hun_Latn-fil_Latn,4-3
hun_Latn-ind_Latn,4-3
hun_Latn-kat_Geor,4-3
hun_Latn-kaz_Cyrl,4-3
hun_Latn-lat_Latn,4-3
hun_Latn-lav_Latn,4-3
hun_Latn-lit_Latn,4-3
hun_Latn-lvs_Latn,4-3
hun_Latn-msa_Latn,4-3
hun_Latn-ron_Latn,4-3
hun_Latn-slk_Latn,4-3
hun_Latn-slv_Latn,4-3
hun_Latn-tam_Taml,4-3
hun_Latn-tgl_Latn,4-3
hun_Latn-tha_Thai,4-3
hun_Latn-ukr_Cyrl,4-3
hun_Latn-urd_Arab,4-3
hun_Latn-uzn_Latn,4-3
hun_Latn-zsm_Latn,4-3
ita_Latn-afr_Latn,4-3
ita_Latn-bel_Cyrl,4-3
ita_Latn-dan_Latn,4-3
ita_Latn-ell_Grek,4-3
ita_Latn-fil_Latn,4-3
ita_Latn-glg_Latn,4-3
ita_Latn-heb_Hebr,4-3
ita_Latn-ind_Latn,4-3
ita_Latn-kat_Geor,4-3
ita_Latn-kaz_Cyrl,4-3
ita_Latn-lat_Latn,4-3
ita_Latn-lav_Latn,4-3
ita_Latn-lit_Latn,4-3
ita_Latn-lvs_Latn,4-3
ita_Latn-msa_Latn,4-3
ita_Latn-ron_Latn,4-3
ita_Latn-slk_Latn,4-3
ita_Latn-slv_Latn,4-3
ita_Latn-tam_Taml,4-3
ita_Latn-tgl_Latn,4-3
ita_Latn-tha_Thai,4-3
ita_Latn-ukr_Cyrl,4-3
ita_Latn-urd_Arab,4-3
ita_Latn-uzn_Latn,4-3
ita_Latn-zsm_Latn,4-3
kor_Hang-afr_Latn,4-3
kor_Hang-dan_Latn,4-3
kor_Hang-fil_Latn,4-3
kor_Hang-ind_Latn,4-3
kor_Hang-lat_Latn,4-3
kor_Hang-lav_Latn,4-3
kor_Hang-lit_Latn,4-3
kor_Hang-lvs_Latn,4-3
kor_Hang-msa_Latn,4-3
kor_Hang-ron_Latn,4-3
kor_Hang-slk_Latn,4-3
kor_Hang-slv_Latn,4-3
kor_Hang-tam_Taml,4-3
kor_Hang-tgl_Latn,4-3
kor_Hang-tha_Thai,4-3
kor_Hang-ukr_Cyrl,4-3
kor_Hang-urd_Arab,4-3
kor_Hang-uzn_Latn,4-3
kor_Hang-zsm_Latn,4-3
nld_Latn-bel_Cyrl,4-3
nld_Latn-dan_Latn,4-3
nld_Latn-ekk_Latn,4-3
nld_Latn-ell_Grek,4-3
nld_Latn-fil_Latn,4-3
nld_Latn-glg_Latn,4-3
nld_Latn-heb_Hebr,4-3
nld_Latn-ind_Latn,4-3
nld_Latn-lat_Latn,4-3
nld_Latn-lit_Latn,4-3
nld_Latn-lvs_Latn,4-3
nld_Latn-ron_Latn,4-3
nld_Latn-slk_Latn,4-3
nld_Latn-slv_Latn,4-3
nld_Latn-tam_Taml,4-3
nld_Latn-tgl_Latn,4-3
nld_Latn-tha_Thai,4-3
nld_Latn-ukr_Cyrl,4-3
nld_Latn-urd_Arab,4-3
nld_Latn-uzn_Latn,4-3
pol_Latn-bel_Cyrl,4-3
pol_Latn-dan_Latn,4-3
pol_Latn-fil_Latn,4-3
pol_Latn-glg_Latn,4-3
pol_Latn-lat_Latn,4-3
pol_Latn-lit_Latn,4-3
pol_Latn-ron_Latn,4-3
pol_Latn-slk_Latn,4-3
pol_Latn-slv_Latn,4-3
pol_Latn-tam_Taml,4-3
pol_Latn-tgl_Latn,4-3
pol_Latn-tha_Thai,4-3
pol_Latn-ukr_Cyrl,4-3
pol_Latn-urd_Arab,4-3
pol_Latn-uzn_Latn,4-3
por_Latn-bel_Cyrl,4-3
por_Latn-dan_Latn,4-3
por_Latn-ekk_Latn,4-3
por_Latn-fil_Latn,4-3
por_Latn-heb_Hebr,4-3
por_Latn-ind_Latn,4-3
por_Latn-lat_Latn,4-3
por_Latn-lit_Latn,4-3
por_Latn-lvs_Latn,4-3
por_Latn-ron_Latn,4-3
por_Latn-slk_Latn,4-3
por_Latn-slv_Latn,4-3
por_Latn-tam_Taml,4-3
por_Latn-tgl_Latn,4-3
por_Latn-tha_Thai,4-3
por_Latn-ukr_Cyrl,4-3
por_Latn-urd_Arab,4-3
por_Latn-uzn_Latn,4-3
rus_Cyrl-bos_Latn,4-3
rus_Cyrl-dan_Latn,4-3
rus_Cyrl-ekk_Latn,4-3
rus_Cyrl-ell_Grek,4-3
rus_Cyrl-est_Latn,4-3
rus_Cyrl-fil_Latn,4-3
rus_Cyrl-heb_Hebr,4-3
rus_Cyrl-ind_Latn,4-3
rus_Cyrl-lit_Latn,4-3
rus_Cyrl-lvs_Latn,4-3
rus_Cyrl-ron_Latn,4-3
rus_Cyrl-slk_Latn,4-3
rus_Cyrl-slv_Latn,4-3
rus_Cyrl-tam_Taml,4-3
rus_Cyrl-tgl_Latn,4-3
rus_Cyrl-tha_Thai,4-3
rus_Cyrl-ukr_Cyrl,4-3
rus_Cyrl-urd_Arab,4-3
rus_Cyrl-uzn_Cyrl,4-3
rus_Cyrl-uzn_Latn,4-3
srp_Cyrl-ell_Grek,4-3
srp_Cyrl-fil_Latn,4-3
srp_Cyrl-heb_Hebr,4-3
srp_Cyrl-ron_Latn,4-3
srp_Cyrl-slk_Latn,4-3
srp_Cyrl-slv_Latn,4-3
srp_Cyrl-tam_Taml,4-3
srp_Cyrl-tgl_Latn,4-3
srp_Cyrl-tha_Thai,4-3
srp_Cyrl-ukr_Cyrl,4-3
srp_Cyrl-urd_Arab,4-3
srp_Cyrl-uzn_Latn,4-3
srp_Latn-dan_Latn,4-3
srp_Latn-ekk_Latn,4-3
srp_Latn-ell_Grek,4-3
srp_Latn-est_Latn,4-3
srp_Latn-fil_Latn,4-3
srp_Latn-heb_Hebr,4-3
srp_Latn-ind_Latn,4-3
srp_Latn-lav_Latn,4-3
srp_Latn-lit_Latn,4-3
srp_Latn-lvs_Latn,4-3
srp_Latn-msa_Latn,4-3
srp_Latn-ron_Latn,4-3
srp_Latn-slk_Latn,4-3
srp_Latn-slv_Latn,4-3
srp_Latn-tam_Taml,4-3
srp_Latn-tha_Thai,4-3
srp_Latn-ukr_Cyrl,4-3
srp_Latn-urd_Arab,4-3
srp_Latn-zsm_Latn,4-3
swe_Latn-ekk_Latn,4-3
swe_Latn-ell_Grek,4-3
swe_Latn-fil_Latn,4-3
swe_Latn-heb_Hebr,4-3
swe_Latn-ind_Latn,4-3
swe_Latn-lit_Latn,4-3
swe_Latn-lvs_Latn,4-3
swe_Latn-ron_Latn,4-3
swe_Latn-slk_Latn,4-3
swe_Latn-slv_Latn,4-3
swe_Latn-tam_Taml,4-3
swe_Latn-tgl_Latn,4-3
swe_Latn-tha_Thai,4-3
swe_Latn-ukr_Cyrl,4-3
swe_Latn-urd_Arab,4-3
swe_Latn-uzn_Latn,4-3
tur_Latn-heb_Hebr,4-3
tur_Latn-ind_Latn,4-3
tur_Latn-ron_Latn,4-3
tur_Latn-slk_Latn,4-3
tur_Latn-slv_Latn,4-3
tur_Latn-tha_Thai,4-3
tur_Latn-ukr_Cyrl,4-3
tur_Latn-urd_Arab,4-3
tur_Latn-uzb_Cyrl,4-3
tur_Latn-uzb_Latn,4-3
tur_Latn-uzn_Cyrl,4-3
tur_Latn-uzn_Latn,4-3
arb_Arab-cat_Latn,4-4
arb_Arab-ces_Latn,4-4
arb_Arab-eus_Latn,4-4
arb_Arab-fas_Arab,4-4
arb_Arab-fin_Latn,4-4
arb_Arab-hin_Deva,4-4
arb_Arab-hrv_Latn,4-4
arb_Arab-hun_Latn,4-4
arb_Arab-ita_Latn,4-4
arb_Arab-kor_Hang,4-4
arb_Arab-nld_Latn,4-4
arb_Arab-pol_Latn,4-4
arb_Arab-por_Latn,4-4
arb_Arab-rus_Cyrl,4-4
arb_Arab-srp_Cyrl,4-4
arb_Arab-srp_Latn,4-4
arb_Arab-swe_Latn,4-4
arb_Arab-tur_Latn,4-4
arb_Arab-vie_Latn,4-4
cat_Latn-ces_Latn,4-4
cat_Latn-eus_Latn,4-4
cat_Latn-fas_Arab,4-4
cat_Latn-fin_Latn,4-4
cat_Latn-hin_Deva,4-4
cat_Latn-hrv_Latn,4-4
cat_Latn-hun_Latn,4-4
cat_Latn-ita_Latn,4-4
cat_Latn-kor_Hang,4-4
cat_Latn-nld_Latn,4-4
cat_Latn-pol_Latn,4-4
cat_Latn-por_Latn,4-4
cat_Latn-rus_Cyrl,4-4
cat_Latn-srp_Cyrl,4-4
cat_Latn-srp_Latn,4-4
cat_Latn-swe_Latn,4-4
cat_Latn-tur_Latn,4-4
cat_Latn-vie_Latn,4-4
ces_Latn-cat_Latn,4-4
ces_Latn-eus_Latn,4-4
ces_Latn-fas_Arab,4-4
ces_Latn-fin_Latn,4-4
ces_Latn-hin_Deva,4-4
ces_Latn-hrv_Latn,4-4
ces_Latn-hun_Latn,4-4
ces_Latn-ita_Latn,4-4
ces_Latn-kor_Hang,4-4
ces_Latn-nld_Latn,4-4
ces_Latn-pol_Latn,4-4
ces_Latn-por_Latn,4-4
ces_Latn-rus_Cyrl,4-4
ces_Latn-srp_Cyrl,4-4
ces_Latn-srp_Latn,4-4
ces_Latn-swe_Latn,4-4
ces_Latn-tur_Latn,4-4
ces_Latn-vie_Latn,4-4
eus_Latn-ces_Latn,4-4
eus_Latn-fas_Arab,4-4
eus_Latn-fin_Latn,4-4
eus_Latn-hin_Deva,4-4
eus_Latn-hrv_Latn,4-4
eus_Latn-hun_Latn,4-4
eus_Latn-ita_Latn,4-4
eus_Latn-kor_Hang,4-4
eus_Latn-nld_Latn,4-4
eus_Latn-pol_Latn,4-4
eus_Latn-por_Latn,4-4
eus_Latn-rus_Cyrl,4-4
eus_Latn-srp_Cyrl,4-4
eus_Latn-srp_Latn,4-4
eus_Latn-swe_Latn,4-4
eus_Latn-tur_Latn,4-4
eus_Latn-vie_Latn,4-4
fas_Arab-cat_Latn,4-4
fas_Arab-ces_Latn,4-4
fas_Arab-eus_Latn,4-4
fas_Arab-fin_Latn,4-4
fas_Arab-hin_Deva,4-4
fas_Arab-hrv_Latn,4-4
fas_Arab-hun_Latn,4-4
fas_Arab-ita_Latn,4-4
fas_Arab-kor_Hang,4-4
fas_Arab-nld_Latn,4-4
fas_Arab-pol_Latn,4-4
fas_Arab-por_Latn,4-4
fas_Arab-rus_Cyrl,4-4
fas_Arab-srp_Cyrl,4-4
fas_Arab-srp_Latn,4-4
fas_Arab-swe_Latn,4-4
fas_Arab-tur_Latn,4-4
fas_Arab-vie_Latn,4-4
fin_Latn-cat_Latn,4-4
fin_Latn-ces_Latn,4-4
fin_Latn-eus_Latn,4-4
fin_Latn-hin_Deva,4-4
fin_Latn-hrv_Latn,4-4
fin_Latn-hun_Latn,4-4
fin_Latn-ita_Latn,4-4
fin_Latn-kor_Hang,4-4
fin_Latn-nld_Latn,4-4
fin_Latn-pol_Latn,4-4
fin_Latn-por_Latn,4-4
fin_Latn-rus_Cyrl,4-4
fin_Latn-srp_Cyrl,4-4
fin_Latn-srp_Latn,4-4
fin_Latn-swe_Latn,4-4
fin_Latn-tur_Latn,4-4
fin_Latn-vie_Latn,4-4
hin_Deva-eus_Latn,4-4
hin_Deva-hrv_Latn,4-4
hin_Deva-hun_Latn,4-4
hin_Deva-ita_Latn,4-4
hin_Deva-kor_Hang,4-4
hin_Deva-nld_Latn,4-4
hin_Deva-pol_Latn,4-4
hin_Deva-por_Latn,4-4
hin_Deva-rus_Cyrl,4-4
hin_Deva-srp_Cyrl,4-4
hin_Deva-srp_Latn,4-4
hin_Deva-swe_Latn,4-4
hin_Deva-tur_Latn,4-4
hin_Deva-vie_Latn,4-4
hrv_Latn-cat_Latn,4-4
hrv_Latn-ces_Latn,4-4
hrv_Latn-eus_Latn,4-4
hrv_Latn-fas_Arab,4-4
hrv_Latn-fin_Latn,4-4
hrv_Latn-hin_Deva,4-4
hrv_Latn-hun_Latn,4-4
hrv_Latn-ita_Latn,4-4
hrv_Latn-kor_Hang,4-4
hrv_Latn-nld_Latn,4-4
hrv_Latn-pol_Latn,4-4
hrv_Latn-por_Latn,4-4
hrv_Latn-rus_Cyrl,4-4
hrv_Latn-srp_Cyrl,4-4
hrv_Latn-srp_Latn,4-4
hrv_Latn-swe_Latn,4-4
hrv_Latn-tur_Latn,4-4
hrv_Latn-vie_Latn,4-4
hun_Latn-cat_Latn,4-4
hun_Latn-ces_Latn,4-4
hun_Latn-eus_Latn,4-4
hun_Latn-fin_Latn,4-4
hun_Latn-hrv_Latn,4-4
hun_Latn-ita_Latn,4-4
hun_Latn-kor_Hang,4-4
hun_Latn-nld_Latn,4-4
hun_Latn-pol_Latn,4-4
hun_Latn-por_Latn,4-4
hun_Latn-rus_Cyrl,4-4
hun_Latn-srp_Cyrl,4-4
hun_Latn-srp_Latn,4-4
hun_Latn-swe_Latn,4-4
hun_Latn-tur_Latn,4-4
hun_Latn-vie_Latn,4-4
ita_Latn-cat_Latn,4-4
ita_Latn-ces_Latn,4-4
ita_Latn-eus_Latn,4-4
ita_Latn-fas_Arab,4-4
ita_Latn-fin_Latn,4-4
ita_Latn-hrv_Latn,4-4
ita_Latn-hun_Latn,4-4
ita_Latn-kor_Hang,4-4
ita_Latn-nld_Latn,4-4
ita_Latn-pol_Latn,4-4
ita_Latn-por_Latn,4-4
ita_Latn-rus_Cyrl,4-4
ita_Latn-srp_Cyrl,4-4
ita_Latn-srp_Latn,4-4
ita_Latn-swe_Latn,4-4
ita_Latn-tur_Latn,4-4
ita_Latn-vie_Latn,4-4
kor_Hang-ces_Latn,4-4
kor_Hang-eus_Latn,4-4
kor_Hang-hrv_Latn,4-4
kor_Hang-nld_Latn,4-4
kor_Hang-pol_Latn,4-4
kor_Hang-por_Latn,4-4
kor_Hang-rus_Cyrl,4-4
kor_Hang-srp_Cyrl,4-4
kor_Hang-srp_Latn,4-4
kor_Hang-swe_Latn,4-4
kor_Hang-tur_Latn,4-4
kor_Hang-vie_Latn,4-4
nld_Latn-cat_Latn,4-4
nld_Latn-ces_Latn,4-4
nld_Latn-eus_Latn,4-4
nld_Latn-fas_Arab,4-4
nld_Latn-fin_Latn,4-4
nld_Latn-hin_Deva,4-4
nld_Latn-hrv_Latn,4-4
nld_Latn-hun_Latn,4-4
nld_Latn-ita_Latn,4-4
nld_Latn-pol_Latn,4-4
nld_Latn-por_Latn,4-4
nld_Latn-rus_Cyrl,4-4
nld_Latn-srp_Cyrl,4-4
nld_Latn-srp_Latn,4-4
nld_Latn-swe_Latn,4-4
nld_Latn-tur_Latn,4-4
nld_Latn-vie_Latn,4-4
pol_Latn-cat_Latn,4-4
pol_Latn-ces_Latn,4-4
pol_Latn-eus_Latn,4-4
pol_Latn-fin_Latn,4-4
pol_Latn-hrv_Latn,4-4
pol_Latn-hun_Latn,4-4
pol_Latn-ita_Latn,4-4
pol_Latn-nld_Latn,4-4
pol_Latn-por_Latn,4-4
pol_Latn-rus_Cyrl,4-4
pol_Latn-srp_Cyrl,4-4
pol_Latn-srp_Latn,4-4
pol_Latn-swe_Latn,4-4
pol_Latn-tur_Latn,4-4
pol_Latn-vie_Latn,4-4
por_Latn-cat_Latn,4-4
por_Latn-ces_Latn,4-4
por_Latn-eus_Latn,4-4
por_Latn-fin_Latn,4-4
por_Latn-hrv_Latn,4-4
por_Latn-hun_Latn,4-4
por_Latn-ita_Latn,4-4
por_Latn-nld_Latn,4-4
por_Latn-pol_Latn,4-4
por_Latn-rus_Cyrl,4-4
por_Latn-srp_Cyrl,4-4
por_Latn-srp_Latn,4-4
por_Latn-swe_Latn,4-4
por_Latn-tur_Latn,4-4
por_Latn-vie_Latn,4-4
rus_Cyrl-ces_Latn,4-4
rus_Cyrl-eus_Latn,4-4
rus_Cyrl-fas_Arab,4-4
rus_Cyrl-fin_Latn,4-4
rus_Cyrl-hrv_Latn,4-4
rus_Cyrl-hun_Latn,4-4
rus_Cyrl-ita_Latn,4-4
rus_Cyrl-nld_Latn,4-4
rus_Cyrl-pol_Latn,4-4
rus_Cyrl-por_Latn,4-4
rus_Cyrl-srp_Cyrl,4-4
rus_Cyrl-srp_Latn,4-4
rus_Cyrl-swe_Latn,4-4
rus_Cyrl-tur_Latn,4-4
rus_Cyrl-vie_Latn,4-4
srp_Cyrl-ces_Latn,4-4
srp_Cyrl-hrv_Latn,4-4
srp_Cyrl-hun_Latn,4-4
srp_Cyrl-ita_Latn,4-4
srp_Cyrl-nld_Latn,4-4
srp_Cyrl-pol_Latn,4-4
srp_Cyrl-por_Latn,4-4
srp_Cyrl-rus_Cyrl,4-4
srp_Cyrl-srp_Latn,4-4
srp_Cyrl-swe_Latn,4-4
srp_Cyrl-tur_Latn,4-4
srp_Cyrl-vie_Latn,4-4
srp_Latn-cat_Latn,4-4
srp_Latn-ces_Latn,4-4
srp_Latn-eus_Latn,4-4
srp_Latn-fas_Arab,4-4
srp_Latn-fin_Latn,4-4
srp_Latn-hrv_Latn,4-4
srp_Latn-hun_Latn,4-4
srp_Latn-ita_Latn,4-4
srp_Latn-kor_Hang,4-4
srp_Latn-nld_Latn,4-4
srp_Latn-pol_Latn,4-4
srp_Latn-por_Latn,4-4
srp_Latn-rus_Cyrl,4-4
srp_Latn-srp_Cyrl,4-4
srp_Latn-swe_Latn,4-4
srp_Latn-tur_Latn,4-4
srp_Latn-vie_Latn,4-4
swe_Latn-fin_Latn,4-4
swe_Latn-hrv_Latn,4-4
swe_Latn-hun_Latn,4-4
swe_Latn-ita_Latn,4-4
swe_Latn-nld_Latn,4-4
swe_Latn-pol_Latn,4-4
swe_Latn-por_Latn,4-4
swe_Latn-rus_Cyrl,4-4
swe_Latn-srp_Latn,4-4
swe_Latn-tur_Latn,4-4
swe_Latn-vie_Latn,4-4
tur_Latn-fas_Arab,4-4
tur_Latn-fin_Latn,4-4
tur_Latn-hrv_Latn,4-4
tur_Latn-hun_Latn,4-4
tur_Latn-ita_Latn,4-4
tur_Latn-nld_Latn,4-4
tur_Latn-pol_Latn,4-4
tur_Latn-por_Latn,4-4
tur_Latn-rus_Cyrl,4-4
tur_Latn-srp_Latn,4-4
tur_Latn-swe_Latn,4-4
tur_Latn-vie_Latn,4-4
arb_Arab-cmn_Hani,4-5
arb_Arab-deu_Latn,4-5
arb_Arab-eng_Latn,4-5
arb_Arab-fra_Latn,4-5
arb_Arab-jpn_Jpan,4-5
arb_Arab-spa_Latn,4-5
arb_Arab-zho_Hans,4-5
arb_Arab-zho_Hant,4-5
cat_Latn-cmn_Hani,4-5
cat_Latn-deu_Latn,4-5
cat_Latn-eng_Latn,4-5
cat_Latn-fra_Latn,4-5
cat_Latn-jpn_Jpan,4-5
cat_Latn-spa_Latn,4-5
cat_Latn-zho_Hans,4-5
cat_Latn-zho_Hant,4-5
ces_Latn-cmn_Hani,4-5
ces_Latn-deu_Latn,4-5
ces_Latn-eng_Latn,4-5
ces_Latn-fra_Latn,4-5
ces_Latn-jpn_Jpan,4-5
ces_Latn-spa_Latn,4-5
ces_Latn-zho_Hans,4-5
ces_Latn-zho_Hant,4-5
eus_Latn-cmn_Hani,4-5
eus_Latn-deu_Latn,4-5
eus_Latn-eng_Latn,4-5
eus_Latn-fra_Latn,4-5
eus_Latn-jpn_Jpan,4-5
eus_Latn-spa_Latn,4-5
eus_Latn-zho_Hans,4-5
eus_Latn-zho_Hant,4-5
fas_Arab-cmn_Hani,4-5
fas_Arab-deu_Latn,4-5
fas_Arab-eng_Latn,4-5
fas_Arab-fra_Latn,4-5
fas_Arab-jpn_Jpan,4-5
fas_Arab-spa_Latn,4-5
fas_Arab-zho_Hans,4-5
fas_Arab-zho_Hant,4-5
fin_Latn-cmn_Hani,4-5
fin_Latn-deu_Latn,4-5
fin_Latn-eng_Latn,4-5
fin_Latn-fra_Latn,4-5
fin_Latn-jpn_Jpan,4-5
fin_Latn-spa_Latn,4-5
fin_Latn-zho_Hans,4-5
fin_Latn-zho_Hant,4-5
hin_Deva-cmn_Hani,4-5
hin_Deva-eng_Latn,4-5
hin_Deva-jpn_Jpan,4-5
hin_Deva-zho_Hans,4-5
hin_Deva-zho_Hant,4-5
hrv_Latn-cmn_Hani,4-5
hrv_Latn-deu_Latn,4-5
hrv_Latn-eng_Latn,4-5
hrv_Latn-fra_Latn,4-5
hrv_Latn-jpn_Jpan,4-5
hrv_Latn-spa_Latn,4-5
hrv_Latn-zho_Hans,4-5
hrv_Latn-zho_Hant,4-5
hun_Latn-cmn_Hani,4-5
hun_Latn-deu_Latn,4-5
hun_Latn-eng_Latn,4-5
hun_Latn-fra_Latn,4-5
hun_Latn-jpn_Jpan,4-5
hun_Latn-spa_Latn,4-5
hun_Latn-zho_Hans,4-5
hun_Latn-zho_Hant,4-5
ita_Latn-cmn_Hani,4-5
ita_Latn-deu_Latn,4-5
ita_Latn-eng_Latn,4-5
ita_Latn-fra_Latn,4-5
ita_Latn-jpn_Jpan,4-5
ita_Latn-spa_Latn,4-5
ita_Latn-zho_Hans,4-5
ita_Latn-zho_Hant,4-5
kor_Hang-cmn_Hani,4-5
kor_Hang-eng_Latn,4-5
kor_Hang-zho_Hans,4-5
kor_Hang-zho_Hant,4-5
nld_Latn-cmn_Hani,4-5
nld_Latn-deu_Latn,4-5
nld_Latn-eng_Latn,4-5
nld_Latn-fra_Latn,4-5
nld_Latn-jpn_Jpan,4-5
nld_Latn-spa_Latn,4-5
nld_Latn-zho_Hans,4-5
nld_Latn-zho_Hant,4-5
pol_Latn-cmn_Hani,4-5
pol_Latn-deu_Latn,4-5
pol_Latn-eng_Latn,4-5
pol_Latn-fra_Latn,4-5
pol_Latn-jpn_Jpan,4-5
pol_Latn-spa_Latn,4-5
pol_Latn-zho_Hans,4-5
pol_Latn-zho_Hant,4-5
por_Latn-cmn_Hani,4-5
por_Latn-deu_Latn,4-5
por_Latn-eng_Latn,4-5
por_Latn-fra_Latn,4-5
por_Latn-jpn_Jpan,4-5
por_Latn-spa_Latn,4-5
por_Latn-zho_Hans,4-5
por_Latn-zho_Hant,4-5
rus_Cyrl-cmn_Hani,4-5
rus_Cyrl-deu_Latn,4-5
rus_Cyrl-eng_Latn,4-5
rus_Cyrl-fra_Latn,4-5
rus_Cyrl-jpn_Jpan,4-5
rus_Cyrl-spa_Latn,4-5
rus_Cyrl-zho_Hans,4-5
rus_Cyrl-zho_Hant,4-5
srp_Cyrl-cmn_Hani,4-5
srp_Cyrl-eng_Latn,4-5
srp_Cyrl-fra_Latn,4-5
srp_Cyrl-spa_Latn,4-5
srp_Cyrl-zho_Hans,4-5
srp_Cyrl-zho_Hant,4-5
srp_Latn-cmn_Hani,4-5
srp_Latn-deu_Latn,4-5
srp_Latn-eng_Latn,4-5
srp_Latn-fra_Latn,4-5
srp_Latn-jpn_Jpan,4-5
srp_Latn-spa_Latn,4-5
srp_Latn-zho_Hans,4-5
srp_Latn-zho_Hant,4-5
swe_Latn-cmn_Hani,4-5
swe_Latn-deu_Latn,4-5
swe_Latn-eng_Latn,4-5
swe_Latn-fra_Latn,4-5
swe_Latn-jpn_Jpan,4-5
swe_Latn-spa_Latn,4-5
swe_Latn-zho_Hans,4-5
swe_Latn-zho_Hant,4-5
tur_Latn-cmn_Hani,4-5
tur_Latn-eng_Latn,4-5
tur_Latn-fra_Latn,4-5
tur_Latn-jpn_Jpan,4-5
tur_Latn-spa_Latn,4-5
tur_Latn-zho_Hans,4-5
tur_Latn-zho_Hant,4-5
vie_Latn-cmn_Hani,4-5
vie_Latn-eng_Latn,4-5
vie_Latn-jpn_Jpan,4-5
vie_Latn-zho_Hans,4-5
vie_Latn-zho_Hant,4-5
ara_Arab-fro_Latn,5-0
ara_Arab-gug_Latn,5-0
ara_Arab-kiu_Latn,5-0
ara_Arab-nds_Latn,5-0
ara_Arab-shp_Latn,5-0
ara_Arab-und_Beng,5-0
ara_Arab-und_Hira,5-0
ara_Arab-und_Kana,5-0
deu_Latn-enm_Latn,5-0
deu_Latn-fro_Latn,5-0
deu_Latn-gug_Latn,5-0
deu_Latn-kiu_Latn,5-0
deu_Latn-nds_Latn,5-0
deu_Latn-pcm_Latn,5-0
deu_Latn-und_Hira,5-0
deu_Latn-und_Kana,5-0
deu_Latn-und_Xsux,5-0
deu_Latn-xav_Latn,5-0
eng_Latn-aba_Latn,5-0
eng_Latn-awa_Deva,5-0
eng_Latn-ban_Latn,5-0
eng_Latn-bcc_Arab,5-0
eng_Latn-bew_Latn,5-0
eng_Latn-btx_Latn,5-0
eng_Latn-cfm_Latn,5-0
eng_Latn-cnh_Latn,5-0
eng_Latn-crs_Latn,5-0
eng_Latn-cto_Latn,5-0
eng_Latn-enm_Latn,5-0
eng_Latn-fon_Latn,5-0
eng_Latn-fro_Latn,5-0
eng_Latn-fuv_Latn,5-0
eng_Latn-gcf_Latn,5-0
eng_Latn-gos_Latn,5-0
eng_Latn-gug_Latn,5-0
eng_Latn-hil_Latn,5-0
eng_Latn-hmr_Latn,5-0
eng_Latn-hrx_Latn,5-0
eng_Latn-hyw_Armn,5-0
eng_Latn-kiu_Latn,5-0
eng_Latn-kjh_Cyrl,5-0
eng_Latn-ktu_Latn,5-0
eng_Latn-kwy_Latn,5-0
eng_Latn-lfn_Latn,5-0
eng_Latn-lus_Latn,5-0
eng_Latn-mag_Deva,5-0
eng_Latn-mav_Latn,5-0
eng_Latn-mfe_Latn,5-0
eng_Latn-mni_Beng,5-0
eng_Latn-mos_Latn,5-0
eng_Latn-mui_Latn,5-0
eng_Latn-nde_Latn,5-0
eng_Latn-nds_Latn,5-0
eng_Latn-nus_Latn,5-0
eng_Latn-nzi_Latn,5-0
eng_Latn-ory_Orya,5-0
eng_Latn-pcm_Latn,5-0
eng_Latn-prs_Arab,5-0
eng_Latn-qub_Latn,5-0
eng_Latn-quh_Latn,5-0
eng_Latn-quw_Latn,5-0
eng_Latn-rmn_Latn,5-0
eng_Latn-rnd_Latn,5-0
eng_Latn-shn_Mymr,5-0
eng_Latn-shp_Latn,5-0
eng_Latn-taq_Latn,5-0
eng_Latn-tar_Latn,5-0
eng_Latn-tig_Ethi,5-0
eng_Latn-umb_Latn,5-0
eng_Latn-und_Cyrl,5-0
eng_Latn-und_Geor,5-0
eng_Latn-und_Hebr,5-0
eng_Latn-und_Hira,5-0
eng_Latn-und_Kana,5-0
eng_Latn-und_Sind,5-0
eng_Latn-und_Xsux,5-0
eng_Latn-xav_Latn,5-0
eng_Latn-zpa_Latn,5-0
fra_Latn-fro_Latn,5-0
fra_Latn-fuv_Latn,5-0
fra_Latn-kiu_Latn,5-0
fra_Latn-nde_Latn,5-0
fra_Latn-nds_Latn,5-0
fra_Latn-nus_Latn,5-0
fra_Latn-tig_Ethi,5-0
fra_Latn-umb_Latn,5-0
fra_Latn-und_Cyrl,5-0
fra_Latn-und_Geor,5-0
fra_Latn-und_Hira,5-0
fra_Latn-und_Kana,5-0
fra_Latn-xav_Latn,5-0
jpn_Jpan-kiu_Latn,5-0
jpn_Jpan-nds_Latn,5-0
spa_Latn-fro_Latn,5-0
spa_Latn-gug_Latn,5-0
spa_Latn-kiu_Latn,5-0
spa_Latn-mav_Latn,5-0
spa_Latn-nds_Latn,5-0
spa_Latn-und_Cyrl,5-0
spa_Latn-und_Hira,5-0
spa_Latn-und_Kana,5-0
spa_Latn-xav_Latn,5-0
ara_Arab-abk_Cyrl,5-1
ara_Arab-ast_Latn,5-1
ara_Arab-aze_Latn,5-1
ara_Arab-azj_Latn,5-1
ara_Arab-bak_Cyrl,5-1
ara_Arab-bre_Latn,5-1
ara_Arab-ckb_Arab,5-1
ara_Arab-crh_Latn,5-1
ara_Arab-cym_Latn,5-1
ara_Arab-diq_Latn,5-1
ara_Arab-epo_Latn,5-1
ara_Arab-fry_Latn,5-1
ara_Arab-ful_Latn,5-1
ara_Arab-fur_Latn,5-1
ara_Arab-gsw_Latn,5-1
ara_Arab-guj_Gujr,5-1
ara_Arab-hne_Deva,5-1
ara_Arab-hye_Armn,5-1
ara_Arab-ibo_Latn,5-1
ara_Arab-ilo_Latn,5-1
ara_Arab-ina_Latn,5-1
ara_Arab-jav_Latn,5-1
ara_Arab-kab_Latn,5-1
ara_Arab-kan_Knda,5-1
ara_Arab-khk_Cyrl,5-1
ara_Arab-khm_Khmr,5-1
ara_Arab-kin_Latn,5-1
ara_Arab-kir_Cyrl,5-1
ara_Arab-kmr_Latn,5-1
ara_Arab-lim_Latn,5-1
ara_Arab-ltz_Latn,5-1
ara_Arab-lug_Latn,5-1
ara_Arab-lzh_Hani,5-1
ara_Arab-mal_Mlym,5-1
ara_Arab-mhr_Cyrl,5-1
ara_Arab-mkd_Cyrl,5-1
ara_Arab-mlg_Latn,5-1
ara_Arab-mon_Cyrl,5-1
ara_Arab-mri_Latn,5-1
ara_Arab-mya_Mymr,5-1
ara_Arab-nap_Latn,5-1
ara_Arab-nep_Deva,5-1
ara_Arab-nno_Latn,5-1
ara_Arab-nob_Latn,5-1
ara_Arab-nor_Latn,5-1
ara_Arab-npi_Deva,5-1
ara_Arab-nso_Latn,5-1
ara_Arab-nya_Latn,5-1
ara_Arab-oci_Latn,5-1
ara_Arab-pap_Latn,5-1
ara_Arab-pbt_Arab,5-1
ara_Arab-plt_Latn,5-1
ara_Arab-pus_Arab,5-1
ara_Arab-rmy_Latn,5-1
ara_Arab-roh_Latn,5-1
ara_Arab-scn_Latn,5-1
ara_Arab-sco_Latn,5-1
ara_Arab-sdh_Arab,5-1
ara_Arab-sin_Sinh,5-1
ara_Arab-sna_Latn,5-1
ara_Arab-snd_Arab,5-1
ara_Arab-som_Latn,5-1
ara_Arab-sqi_Latn,5-1
ara_Arab-srd_Latn,5-1
ara_Arab-sun_Latn,5-1
ara_Arab-swc_Latn,5-1
ara_Arab-tat_Cyrl,5-1
ara_Arab-tel_Telu,5-1
ara_Arab-tgk_Cyrl,5-1
ara_Arab-vec_Latn,5-1
ara_Arab-wuu_Hani,5-1
ara_Arab-yue_Hani,5-1
cmn_Hani-yue_Hani,5-1
deu_Latn-abk_Cyrl,5-1
deu_Latn-aln_Latn,5-1
deu_Latn-arg_Latn,5-1
deu_Latn-ast_Latn,5-1
deu_Latn-ayr_Latn,5-1
deu_Latn-azj_Latn,5-1
deu_Latn-bak_Cyrl,5-1
deu_Latn-bam_Latn,5-1
deu_Latn-bre_Latn,5-1
deu_Latn-cbk_Latn,5-1
deu_Latn-ckb_Arab,5-1
deu_Latn-crh_Latn,5-1
deu_Latn-epo_Latn,5-1
deu_Latn-fao_Latn,5-1
deu_Latn-fry_Latn,5-1
deu_Latn-fur_Latn,5-1
deu_Latn-gla_Latn,5-1
deu_Latn-grc_Grek,5-1
deu_Latn-gsw_Latn,5-1
deu_Latn-guj_Gujr,5-1
deu_Latn-hbs_Latn,5-1
deu_Latn-hne_Deva,5-1
deu_Latn-hye_Armn,5-1
deu_Latn-ibo_Latn,5-1
deu_Latn-ilo_Latn,5-1
deu_Latn-ina_Latn,5-1
deu_Latn-jam_Latn,5-1
deu_Latn-jav_Latn,5-1
deu_Latn-kab_Latn,5-1
deu_Latn-kan_Knda,5-1
deu_Latn-kea_Latn,5-1
deu_Latn-khk_Cyrl,5-1
deu_Latn-khm_Khmr,5-1
deu_Latn-kin_Latn,5-1
deu_Latn-kir_Cyrl,5-1
deu_Latn-kmr_Latn,5-1
deu_Latn-lim_Latn,5-1
deu_Latn-lin_Latn,5-1
deu_Latn-lmo_Latn,5-1
deu_Latn-ltz_Latn,5-1
deu_Latn-lzh_Hani,5-1
deu_Latn-mal_Mlym,5-1
deu_Latn-mhr_Cyrl,5-1
deu_Latn-mkd_Cyrl,5-1
deu_Latn-mlg_Latn,5-1
deu_Latn-mon_Cyrl,5-1
deu_Latn-mri_Latn,5-1
deu_Latn-mya_Mymr,5-1
deu_Latn-nap_Latn,5-1
deu_Latn-nep_Deva,5-1
deu_Latn-nno_Latn,5-1
deu_Latn-nob_Latn,5-1
deu_Latn-nor_Latn,5-1
deu_Latn-npi_Deva,5-1
deu_Latn-nso_Latn,5-1
deu_Latn-nya_Latn,5-1
deu_Latn-oci_Latn,5-1
deu_Latn-orv_Cyrl,5-1
deu_Latn-pag_Latn,5-1
deu_Latn-pap_Latn,5-1
deu_Latn-pbt_Arab,5-1
deu_Latn-plt_Latn,5-1
deu_Latn-pus_Arab,5-1
deu_Latn-rmy_Latn,5-1
deu_Latn-scn_Latn,5-1
deu_Latn-sco_Latn,5-1
deu_Latn-sin_Sinh,5-1
deu_Latn-sna_Latn,5-1
deu_Latn-snd_Arab,5-1
deu_Latn-som_Latn,5-1
deu_Latn-sqi_Latn,5-1
deu_Latn-srd_Latn,5-1
deu_Latn-sun_Latn,5-1
deu_Latn-swc_Latn,5-1
deu_Latn-szl_Latn,5-1
deu_Latn-tat_Cyrl,5-1
deu_Latn-tel_Telu,5-1
deu_Latn-tgk_Cyrl,5-1
deu_Latn-tok_Latn,5-1
deu_Latn-vec_Latn,5-1
deu_Latn-war_Latn,5-1
deu_Latn-wes_Latn,5-1
deu_Latn-wln_Latn,5-1
deu_Latn-wuu_Hani,5-1
deu_Latn-yid_Hebr,5-1
deu_Latn-yue_Hani,5-1
eng_Latn-abk_Cyrl,5-1
eng_Latn-ace_Latn,5-1
eng_Latn-ach_Latn,5-1
eng_Latn-aeb_Arab,5-1
eng_Latn-aln_Latn,5-1
eng_Latn-arg_Latn,5-1
eng_Latn-ars_Arab,5-1
eng_Latn-ast_Latn,5-1
eng_Latn-ayr_Latn,5-1
eng_Latn-azb_Arab,5-1
eng_Latn-azj_Latn,5-1
eng_Latn-bak_Cyrl,5-1
eng_Latn-bam_Latn,5-1
eng_Latn-bar_Latn,5-1
eng_Latn-bcl_Latn,5-1
eng_Latn-bem_Latn,5-1
eng_Latn-bho_Deva,5-1
eng_Latn-bjn_Latn,5-1
eng_Latn-bre_Latn,5-1
eng_Latn-cbk_Latn,5-1
eng_Latn-ckb_Arab,5-1
eng_Latn-cnr_Latn,5-1
eng_Latn-cos_Latn,5-1
eng_Latn-crh_Latn,5-1
eng_Latn-cym_Latn,5-1
eng_Latn-eml_Latn,5-1
eng_Latn-epo_Latn,5-1
eng_Latn-ewe_Latn,5-1
eng_Latn-fao_Latn,5-1
eng_Latn-fij_Latn,5-1
eng_Latn-frp_Latn,5-1
eng_Latn-fry_Latn,5-1
eng_Latn-fub_Latn,5-1
eng_Latn-ful_Latn,5-1
eng_Latn-fur_Latn,5-1
eng_Latn-gaa_Latn,5-1
eng_Latn-gaz_Latn,5-1
eng_Latn-gla_Latn,5-1
eng_Latn-glk_Arab,5-1
eng_Latn-grn_Latn,5-1
eng_Latn-gsw_Latn,5-1
eng_Latn-guj_Gujr,5-1
eng_Latn-haw_Latn,5-1
eng_Latn-hbo_Hebr,5-1
eng_Latn-hbs_Latn,5-1
eng_Latn-hne_Deva,5-1
eng_Latn-hye_Armn,5-1
eng_Latn-ibo_Latn,5-1
eng_Latn-ido_Latn,5-1
eng_Latn-ile_Latn,5-1
eng_Latn-ilo_Latn,5-1
eng_Latn-ina_Latn,5-1
eng_Latn-jam_Latn,5-1
eng_Latn-jav_Latn,5-1
eng_Latn-jbo_Latn,5-1
eng_Latn-kab_Latn,5-1
eng_Latn-kac_Latn,5-1
eng_Latn-kam_Latn,5-1
eng_Latn-kan_Knda,5-1
eng_Latn-kas_Arab,5-1
eng_Latn-kas_Deva,5-1
eng_Latn-kbp_Latn,5-1
eng_Latn-kea_Latn,5-1
eng_Latn-khk_Cyrl,5-1
eng_Latn-khm_Khmr,5-1
eng_Latn-kik_Latn,5-1
eng_Latn-kin_Latn,5-1
eng_Latn-kir_Cyrl,5-1
eng_Latn-kmb_Latn,5-1
eng_Latn-kmr_Latn,5-1
eng_Latn-kng_Latn,5-1
eng_Latn-kon_Latn,5-1
eng_Latn-ksh_Latn,5-1
eng_Latn-lad_Latn,5-1
eng_Latn-lij_Latn,5-1
eng_Latn-lim_Latn,5-1
eng_Latn-lin_Latn,5-1
eng_Latn-lmo_Latn,5-1
eng_Latn-ltg_Latn,5-1
eng_Latn-ltz_Latn,5-1
eng_Latn-lua_Latn,5-1
eng_Latn-lub_Latn,5-1
eng_Latn-lug_Latn,5-1
eng_Latn-luo_Latn,5-1
eng_Latn-lzh_Hani,5-1
eng_Latn-mad_Latn,5-1
eng_Latn-mai_Deva,5-1
eng_Latn-mal_Mlym,5-1
eng_Latn-mhr_Cyrl,5-1
eng_Latn-min_Latn,5-1
eng_Latn-mkd_Cyrl,5-1
eng_Latn-mlg_Latn,5-1
eng_Latn-mon_Cyrl,5-1
eng_Latn-mri_Latn,5-1
eng_Latn-mrj_Cyrl,5-1
eng_Latn-mwl_Latn,5-1
eng_Latn-mya_Mymr,5-1
eng_Latn-nah_Latn,5-1
eng_Latn-nap_Latn,5-1
eng_Latn-nbl_Latn,5-1
eng_Latn-nep_Deva,5-1
eng_Latn-nno_Latn,5-1
eng_Latn-nob_Latn,5-1
eng_Latn-nor_Latn,5-1
eng_Latn-npi_Deva,5-1
eng_Latn-nso_Latn,5-1
eng_Latn-nya_Latn,5-1
eng_Latn-oci_Latn,5-1
eng_Latn-ori_Orya,5-1
eng_Latn-orm_Latn,5-1
eng_Latn-orv_Cyrl,5-1
eng_Latn-pag_Latn,5-1
eng_Latn-pam_Latn,5-1
eng_Latn-pap_Latn,5-1
eng_Latn-pbt_Arab,5-1
eng_Latn-pcd_Latn,5-1
eng_Latn-plt_Latn,5-1
eng_Latn-pms_Latn,5-1
eng_Latn-pus_Arab,5-1
eng_Latn-que_Latn,5-1
eng_Latn-quy_Latn,5-1
eng_Latn-quz_Latn,5-1
eng_Latn-rmy_Latn,5-1
eng_Latn-roh_Latn,5-1
eng_Latn-run_Latn,5-1
eng_Latn-sag_Latn,5-1
eng_Latn-sah_Cyrl,5-1
eng_Latn-scn_Latn,5-1
eng_Latn-sco_Latn,5-1
eng_Latn-sin_Sinh,5-1
eng_Latn-sme_Latn,5-1
eng_Latn-smo_Latn,5-1
eng_Latn-sna_Latn,5-1
eng_Latn-snd_Arab,5-1
eng_Latn-som_Latn,5-1
eng_Latn-sot_Latn,5-1
eng_Latn-sqi_Latn,5-1
eng_Latn-srd_Latn,5-1
eng_Latn-ssw_Latn,5-1
eng_Latn-sun_Latn,5-1
eng_Latn-swc_Latn,5-1
eng_Latn-szl_Latn,5-1
eng_Latn-tat_Cyrl,5-1
eng_Latn-tel_Latn,5-1
eng_Latn-tel_Telu,5-1
eng_Latn-tgk_Cyrl,5-1
eng_Latn-tlh_Latn,5-1
eng_Latn-tpi_Latn,5-1
eng_Latn-tso_Latn,5-1
eng_Latn-tuk_Arab,5-1
eng_Latn-tuk_Latn,5-1
eng_Latn-tum_Latn,5-1
eng_Latn-twi_Latn,5-1
eng_Latn-tzm_Tfng,5-1
eng_Latn-uig_Arab,5-1
eng_Latn-uig_Latn,5-1
eng_Latn-vec_Latn,5-1
eng_Latn-ven_Latn,5-1
eng_Latn-vls_Latn,5-1
eng_Latn-war_Latn,5-1
eng_Latn-wes_Latn,5-1
eng_Latn-wln_Latn,5-1
eng_Latn-wuu_Hani,5-1
eng_Latn-yid_Hebr,5-1
eng_Latn-yue_Hani,5-1
eng_Latn-zea_Latn,5-1
fra_Latn-abk_Cyrl,5-1
fra_Latn-ast_Latn,5-1
fra_Latn-azj_Latn,5-1
fra_Latn-bak_Cyrl,5-1
fra_Latn-bho_Deva,5-1
fra_Latn-ckb_Arab,5-1
fra_Latn-cos_Latn,5-1
fra_Latn-crh_Latn,5-1
fra_Latn-epo_Latn,5-1
fra_Latn-fao_Latn,5-1
fra_Latn-fry_Latn,5-1
fra_Latn-ful_Latn,5-1
fra_Latn-fur_Latn,5-1
fra_Latn-gaz_Latn,5-1
fra_Latn-gla_Latn,5-1
fra_Latn-guj_Gujr,5-1
fra_Latn-hbs_Latn,5-1
fra_Latn-hne_Deva,5-1
fra_Latn-hye_Armn,5-1
fra_Latn-ibo_Latn,5-1
fra_Latn-ilo_Latn,5-1
fra_Latn-ina_Latn,5-1
fra_Latn-jav_Latn,5-1
fra_Latn-kab_Latn,5-1
fra_Latn-kam_Latn,5-1
fra_Latn-kan_Knda,5-1
fra_Latn-kau_Latn,5-1
fra_Latn-kea_Latn,5-1
fra_Latn-khk_Cyrl,5-1
fra_Latn-khm_Khmr,5-1
fra_Latn-kik_Latn,5-1
fra_Latn-kin_Latn,5-1
fra_Latn-kir_Cyrl,5-1
fra_Latn-kmb_Latn,5-1
fra_Latn-kmr_Latn,5-1
fra_Latn-kng_Latn,5-1
fra_Latn-kon_Latn,5-1
fra_Latn-lij_Latn,5-1
fra_Latn-lim_Latn,5-1
fra_Latn-lin_Latn,5-1
fra_Latn-lmo_Latn,5-1
fra_Latn-ltz_Latn,5-1
fra_Latn-lua_Latn,5-1
fra_Latn-lug_Latn,5-1
fra_Latn-luo_Latn,5-1
fra_Latn-lzh_Hani,5-1
fra_Latn-mal_Mlym,5-1
fra_Latn-mhr_Cyrl,5-1
fra_Latn-mkd_Cyrl,5-1
fra_Latn-mlg_Latn,5-1
fra_Latn-mon_Cyrl,5-1
fra_Latn-mri_Latn,5-1
fra_Latn-mya_Mymr,5-1
fra_Latn-nap_Latn,5-1
fra_Latn-nep_Deva,5-1
fra_Latn-nno_Latn,5-1
fra_Latn-nob_Latn,5-1
fra_Latn-nor_Latn,5-1
fra_Latn-npi_Deva,5-1
fra_Latn-nso_Latn,5-1
fra_Latn-nya_Latn,5-1
fra_Latn-oci_Latn,5-1
fra_Latn-orm_Latn,5-1
fra_Latn-orv_Cyrl,5-1
fra_Latn-pap_Latn,5-1
fra_Latn-pbt_Arab,5-1
fra_Latn-plt_Latn,5-1
fra_Latn-pus_Arab,5-1
fra_Latn-rmy_Latn,5-1
fra_Latn-run_Latn,5-1
fra_Latn-sag_Latn,5-1
fra_Latn-scn_Latn,5-1
fra_Latn-sin_Sinh,5-1
fra_Latn-sna_Latn,5-1
fra_Latn-snd_Arab,5-1
fra_Latn-som_Latn,5-1
fra_Latn-sot_Latn,5-1
fra_Latn-sqi_Latn,5-1
fra_Latn-srd_Latn,5-1
fra_Latn-ssw_Latn,5-1
fra_Latn-sun_Latn,5-1
fra_Latn-swc_Latn,5-1
fra_Latn-szl_Latn,5-1
fra_Latn-tat_Cyrl,5-1
fra_Latn-tel_Telu,5-1
fra_Latn-tgk_Cyrl,5-1
fra_Latn-tso_Latn,5-1
fra_Latn-tum_Latn,5-1
fra_Latn-twi_Latn,5-1
fra_Latn-tzm_Tfng,5-1
fra_Latn-vec_Latn,5-1
fra_Latn-ven_Latn,5-1
fra_Latn-wuu_Hani,5-1
fra_Latn-yue_Hani,5-1
jpn_Jpan-crh_Latn,5-1
jpn_Jpan-fur_Latn,5-1
jpn_Jpan-hbs_Latn,5-1
jpn_Jpan-jav_Latn,5-1
jpn_Jpan-kan_Knda,5-1
jpn_Jpan-khk_Cyrl,5-1
jpn_Jpan-khm_Khmr,5-1
jpn_Jpan-kin_Latn,5-1
jpn_Jpan-kir_Cyrl,5-1
jpn_Jpan-kmr_Latn,5-1
jpn_Jpan-lim_Latn,5-1
jpn_Jpan-ltz_Latn,5-1
jpn_Jpan-lzh_Hani,5-1
jpn_Jpan-mal_Mlym,5-1
jpn_Jpan-mkd_Cyrl,5-1
jpn_Jpan-mlg_Latn,5-1
jpn_Jpan-mon_Cyrl,5-1
jpn_Jpan-mri_Latn,5-1
jpn_Jpan-mya_Mymr,5-1
jpn_Jpan-nep_Deva,5-1
jpn_Jpan-nno_Latn,5-1
jpn_Jpan-nob_Latn,5-1
jpn_Jpan-nor_Latn,5-1
jpn_Jpan-npi_Deva,5-1
jpn_Jpan-nya_Latn,5-1
jpn_Jpan-oci_Latn,5-1
jpn_Jpan-pbt_Arab,5-1
jpn_Jpan-plt_Latn,5-1
jpn_Jpan-pus_Arab,5-1
jpn_Jpan-sin_Sinh,5-1
jpn_Jpan-sna_Latn,5-1
jpn_Jpan-snd_Arab,5-1
jpn_Jpan-som_Latn,5-1
jpn_Jpan-sqi_Latn,5-1
jpn_Jpan-srd_Latn,5-1
jpn_Jpan-sun_Latn,5-1
jpn_Jpan-swc_Latn,5-1
jpn_Jpan-tel_Telu,5-1
jpn_Jpan-tgk_Cyrl,5-1
jpn_Jpan-vec_Latn,5-1
jpn_Jpan-wuu_Hani,5-1
jpn_Jpan-yue_Hani,5-1
spa_Latn-abk_Cyrl,5-1
spa_Latn-ace_Latn,5-1
spa_Latn-aln_Latn,5-1
spa_Latn-arg_Latn,5-1
spa_Latn-ast_Latn,5-1
spa_Latn-azj_Latn,5-1
spa_Latn-bak_Cyrl,5-1
spa_Latn-bam_Latn,5-1
spa_Latn-bjn_Latn,5-1
spa_Latn-bre_Latn,5-1
spa_Latn-crh_Latn,5-1
spa_Latn-epo_Latn,5-1
spa_Latn-fao_Latn,5-1
spa_Latn-fry_Latn,5-1
spa_Latn-fur_Latn,5-1
spa_Latn-gla_Latn,5-1
spa_Latn-guj_Gujr,5-1
spa_Latn-hbs_Latn,5-1
spa_Latn-hne_Deva,5-1
spa_Latn-hye_Armn,5-1
spa_Latn-ibo_Latn,5-1
spa_Latn-ido_Latn,5-1
spa_Latn-ilo_Latn,5-1
spa_Latn-ina_Latn,5-1
spa_Latn-jav_Latn,5-1
spa_Latn-kab_Latn,5-1
spa_Latn-kan_Knda,5-1
spa_Latn-kea_Latn,5-1
spa_Latn-khk_Cyrl,5-1
spa_Latn-khm_Khmr,5-1
spa_Latn-kin_Latn,5-1
spa_Latn-kir_Cyrl,5-1
spa_Latn-kmr_Latn,5-1
spa_Latn-lij_Latn,5-1
spa_Latn-lim_Latn,5-1
spa_Latn-lin_Latn,5-1
spa_Latn-lmo_Latn,5-1
spa_Latn-ltz_Latn,5-1
spa_Latn-lug_Latn,5-1
spa_Latn-lzh_Hani,5-1
spa_Latn-mal_Mlym,5-1
spa_Latn-mhr_Cyrl,5-1
spa_Latn-mkd_Cyrl,5-1
spa_Latn-mlg_Latn,5-1
spa_Latn-mon_Cyrl,5-1
spa_Latn-mri_Latn,5-1
spa_Latn-mya_Mymr,5-1
spa_Latn-nap_Latn,5-1
spa_Latn-nep_Deva,5-1
spa_Latn-nno_Latn,5-1
spa_Latn-nob_Latn,5-1
spa_Latn-nor_Latn,5-1
spa_Latn-npi_Deva,5-1
spa_Latn-nso_Latn,5-1
spa_Latn-nya_Latn,5-1
spa_Latn-oci_Latn,5-1
spa_Latn-orv_Cyrl,5-1
spa_Latn-pap_Latn,5-1
spa_Latn-pbt_Arab,5-1
spa_Latn-plt_Latn,5-1
spa_Latn-pus_Arab,5-1
spa_Latn-rmy_Latn,5-1
spa_Latn-roh_Latn,5-1
spa_Latn-sag_Latn,5-1
spa_Latn-scn_Latn,5-1
spa_Latn-sin_Sinh,5-1
spa_Latn-sna_Latn,5-1
spa_Latn-snd_Arab,5-1
spa_Latn-som_Latn,5-1
spa_Latn-sqi_Latn,5-1
spa_Latn-srd_Latn,5-1
spa_Latn-sun_Latn,5-1
spa_Latn-swc_Latn,5-1
spa_Latn-szl_Latn,5-1
spa_Latn-tat_Cyrl,5-1
spa_Latn-tel_Telu,5-1
spa_Latn-tgk_Cyrl,5-1
spa_Latn-vec_Latn,5-1
spa_Latn-wuu_Hani,5-1
spa_Latn-yue_Hani,5-1
spa_Latn-zea_Latn,5-1
zho_Hans-lzh_Hani,5-1
zho_Hans-yue_Hani,5-1
ara_Arab-als_Latn,5-2
ara_Arab-gle_Latn,5-2
ara_Arab-hat_Latn,5-2
ara_Arab-hau_Latn,5-2
ara_Arab-isl_Latn,5-2
ara_Arab-lao_Laoo,5-2
ara_Arab-mar_Deva,5-2
ara_Arab-mlt_Latn,5-2
ara_Arab-pan_Guru,5-2
ara_Arab-swa_Latn,5-2
ara_Arab-swh_Latn,5-2
ara_Arab-wol_Latn,5-2
ara_Arab-xho_Latn,5-2
ara_Arab-yor_Latn,5-2
ara_Arab-zul_Latn,5-2
deu_Latn-als_Latn,5-2
deu_Latn-gle_Latn,5-2
deu_Latn-hat_Latn,5-2
deu_Latn-hau_Latn,5-2
deu_Latn-isl_Latn,5-2
deu_Latn-lao_Laoo,5-2
deu_Latn-mar_Deva,5-2
deu_Latn-mlt_Latn,5-2
deu_Latn-pan_Guru,5-2
deu_Latn-swa_Latn,5-2
deu_Latn-swh_Latn,5-2
deu_Latn-tsn_Latn,5-2
deu_Latn-wol_Latn,5-2
deu_Latn-xho_Latn,5-2
deu_Latn-ydd_Hebr,5-2
deu_Latn-yor_Latn,5-2
deu_Latn-zul_Latn,5-2
eng_Latn-als_Latn,5-2
eng_Latn-gle_Latn,5-2
eng_Latn-hat_Latn,5-2
eng_Latn-hau_Latn,5-2
eng_Latn-isl_Latn,5-2
eng_Latn-lao_Laoo,5-2
eng_Latn-mar_Deva,5-2
eng_Latn-mar_Latn,5-2
eng_Latn-mlt_Latn,5-2
eng_Latn-pan_Guru,5-2
eng_Latn-pan_Latn,5-2
eng_Latn-pnb_Arab,5-2
eng_Latn-san_Deva,5-2
eng_Latn-swa_Latn,5-2
eng_Latn-swh_Latn,5-2
eng_Latn-tir_Ethi,5-2
eng_Latn-tsn_Latn,5-2
eng_Latn-wol_Latn,5-2
eng_Latn-xho_Latn,5-2
eng_Latn-ydd_Hebr,5-2
eng_Latn-yor_Latn,5-2
eng_Latn-zul_Latn,5-2
fra_Latn-als_Latn,5-2
fra_Latn-gle_Latn,5-2
fra_Latn-hat_Latn,5-2
fra_Latn-hau_Latn,5-2
fra_Latn-isl_Latn,5-2
fra_Latn-lao_Laoo,5-2
fra_Latn-mar_Deva,5-2
fra_Latn-mlt_Latn,5-2
fra_Latn-pan_Guru,5-2
fra_Latn-swa_Latn,5-2
fra_Latn-swh_Latn,5-2
fra_Latn-tir_Ethi,5-2
fra_Latn-tsn_Latn,5-2
fra_Latn-wol_Latn,5-2
fra_Latn-xho_Latn,5-2
fra_Latn-yor_Latn,5-2
fra_Latn-zul_Latn,5-2
jpn_Jpan-als_Latn,5-2
jpn_Jpan-lao_Laoo,5-2
jpn_Jpan-mar_Deva,5-2
jpn_Jpan-mlt_Latn,5-2
jpn_Jpan-pan_Guru,5-2
jpn_Jpan-swa_Latn,5-2
jpn_Jpan-swh_Latn,5-2
jpn_Jpan-xho_Latn,5-2
jpn_Jpan-yor_Latn,5-2
jpn_Jpan-zul_Latn,5-2
spa_Latn-als_Latn,5-2
spa_Latn-gle_Latn,5-2
spa_Latn-hat_Latn,5-2
spa_Latn-hau_Latn,5-2
spa_Latn-isl_Latn,5-2
spa_Latn-lao_Laoo,5-2
spa_Latn-mar_Deva,5-2
spa_Latn-mlt_Latn,5-2
spa_Latn-pan_Guru,5-2
spa_Latn-swa_Latn,5-2
spa_Latn-swh_Latn,5-2
spa_Latn-tsn_Latn,5-2
spa_Latn-wol_Latn,5-2
spa_Latn-xho_Latn,5-2
spa_Latn-yor_Latn,5-2
spa_Latn-zul_Latn,5-2
ara_Arab-afr_Latn,5-3
ara_Arab-arz_Arab,5-3
ara_Arab-bel_Cyrl,5-3
ara_Arab-ben_Beng,5-3
ara_Arab-bos_Latn,5-3
ara_Arab-bul_Cyrl,5-3
ara_Arab-ceb_Latn,5-3
ara_Arab-dan_Latn,5-3
ara_Arab-ekk_Latn,5-3
ara_Arab-ell_Grek,5-3
ara_Arab-est_Latn,5-3
ara_Arab-fil_Latn,5-3
ara_Arab-glg_Latn,5-3
ara_Arab-heb_Hebr,5-3
ara_Arab-ind_Latn,5-3
ara_Arab-kat_Geor,5-3
ara_Arab-kaz_Cyrl,5-3
ara_Arab-lat_Latn,5-3
ara_Arab-lav_Latn,5-3
ara_Arab-lit_Latn,5-3
ara_Arab-lvs_Latn,5-3
ara_Arab-msa_Latn,5-3
ara_Arab-ron_Latn,5-3
ara_Arab-slk_Latn,5-3
ara_Arab-slv_Latn,5-3
ara_Arab-tam_Taml,5-3
ara_Arab-tgl_Latn,5-3
ara_Arab-tha_Thai,5-3
ara_Arab-ukr_Cyrl,5-3
ara_Arab-urd_Arab,5-3
ara_Arab-uzb_Cyrl,5-3
ara_Arab-uzb_Latn,5-3
ara_Arab-uzn_Cyrl,5-3
ara_Arab-uzn_Latn,5-3
ara_Arab-zsm_Latn,5-3
deu_Latn-afr_Latn,5-3
deu_Latn-bel_Cyrl,5-3
deu_Latn-ceb_Latn,5-3
deu_Latn-dan_Latn,5-3
deu_Latn-ekk_Latn,5-3
deu_Latn-ell_Grek,5-3
deu_Latn-est_Latn,5-3
deu_Latn-fil_Latn,5-3
deu_Latn-glg_Latn,5-3
deu_Latn-heb_Hebr,5-3
deu_Latn-ind_Latn,5-3
deu_Latn-kat_Geor,5-3
deu_Latn-kaz_Cyrl,5-3
deu_Latn-lat_Latn,5-3
deu_Latn-lav_Latn,5-3
deu_Latn-lit_Latn,5-3
deu_Latn-lvs_Latn,5-3
deu_Latn-msa_Latn,5-3
deu_Latn-ron_Latn,5-3
deu_Latn-slk_Latn,5-3
deu_Latn-slv_Latn,5-3
deu_Latn-tam_Taml,5-3
deu_Latn-tgl_Latn,5-3
deu_Latn-tha_Thai,5-3
deu_Latn-ukr_Cyrl,5-3
deu_Latn-urd_Arab,5-3
deu_Latn-uzn_Latn,5-3
deu_Latn-zsm_Latn,5-3
eng_Latn-afr_Latn,5-3
eng_Latn-arz_Arab,5-3
eng_Latn-bel_Cyrl,5-3
eng_Latn-ben_Beng,5-3
eng_Latn-bul_Cyrl,5-3
eng_Latn-ceb_Latn,5-3
eng_Latn-dan_Latn,5-3
eng_Latn-ekk_Latn,5-3
eng_Latn-ell_Grek,5-3
eng_Latn-est_Latn,5-3
eng_Latn-fil_Latn,5-3
eng_Latn-glg_Latn,5-3
eng_Latn-heb_Hebr,5-3
eng_Latn-ind_Latn,5-3
eng_Latn-kat_Geor,5-3
eng_Latn-kaz_Cyrl,5-3
eng_Latn-lat_Latn,5-3
eng_Latn-lav_Latn,5-3
eng_Latn-lit_Latn,5-3
eng_Latn-lvs_Latn,5-3
eng_Latn-msa_Latn,5-3
eng_Latn-ron_Latn,5-3
eng_Latn-slk_Latn,5-3
eng_Latn-slv_Latn,5-3
eng_Latn-tam_Taml,5-3
eng_Latn-tgl_Latn,5-3
eng_Latn-tha_Thai,5-3
eng_Latn-ukr_Cyrl,5-3
eng_Latn-urd_Arab,5-3
eng_Latn-urd_Latn,5-3
eng_Latn-uzb_Latn,5-3
eng_Latn-uzn_Cyrl,5-3
eng_Latn-uzn_Latn,5-3
eng_Latn-zsm_Latn,5-3
fra_Latn-afr_Latn,5-3
fra_Latn-arz_Arab,5-3
fra_Latn-bel_Cyrl,5-3
fra_Latn-bul_Cyrl,5-3
fra_Latn-dan_Latn,5-3
fra_Latn-ekk_Latn,5-3
fra_Latn-ell_Grek,5-3
fra_Latn-fil_Latn,5-3
fra_Latn-glg_Latn,5-3
fra_Latn-heb_Hebr,5-3
fra_Latn-ind_Latn,5-3
fra_Latn-kat_Geor,5-3
fra_Latn-kaz_Cyrl,5-3
fra_Latn-lat_Latn,5-3
fra_Latn-lav_Latn,5-3
fra_Latn-lit_Latn,5-3
fra_Latn-lvs_Latn,5-3
fra_Latn-msa_Latn,5-3
fra_Latn-ron_Latn,5-3
fra_Latn-slk_Latn,5-3
fra_Latn-slv_Latn,5-3
fra_Latn-tam_Taml,5-3
fra_Latn-tgl_Latn,5-3
fra_Latn-tha_Thai,5-3
fra_Latn-ukr_Cyrl,5-3
fra_Latn-urd_Arab,5-3
fra_Latn-uzn_Latn,5-3
fra_Latn-zsm_Latn,5-3
jpn_Jpan-afr_Latn,5-3
jpn_Jpan-dan_Latn,5-3
jpn_Jpan-fil_Latn,5-3
jpn_Jpan-ind_Latn,5-3
jpn_Jpan-kat_Geor,5-3
jpn_Jpan-kaz_Cyrl,5-3
jpn_Jpan-lat_Latn,5-3
jpn_Jpan-lav_Latn,5-3
jpn_Jpan-lit_Latn,5-3
jpn_Jpan-lvs_Latn,5-3
jpn_Jpan-msa_Latn,5-3
jpn_Jpan-ron_Latn,5-3
jpn_Jpan-slk_Latn,5-3
jpn_Jpan-slv_Latn,5-3
jpn_Jpan-tam_Taml,5-3
jpn_Jpan-tgl_Latn,5-3
jpn_Jpan-tha_Thai,5-3
jpn_Jpan-ukr_Cyrl,5-3
jpn_Jpan-urd_Arab,5-3
jpn_Jpan-uzn_Latn,5-3
jpn_Jpan-zsm_Latn,5-3
spa_Latn-afr_Latn,5-3
spa_Latn-bel_Cyrl,5-3
spa_Latn-bul_Cyrl,5-3
spa_Latn-ceb_Latn,5-3
spa_Latn-dan_Latn,5-3
spa_Latn-ekk_Latn,5-3
spa_Latn-ell_Grek,5-3
spa_Latn-est_Latn,5-3
spa_Latn-fil_Latn,5-3
spa_Latn-glg_Latn,5-3
spa_Latn-heb_Hebr,5-3
spa_Latn-ind_Latn,5-3
spa_Latn-kat_Geor,5-3
spa_Latn-kaz_Cyrl,5-3
spa_Latn-lat_Latn,5-3
spa_Latn-lav_Latn,5-3
spa_Latn-lit_Latn,5-3
spa_Latn-lvs_Latn,5-3
spa_Latn-msa_Latn,5-3
spa_Latn-ron_Latn,5-3
spa_Latn-slk_Latn,5-3
spa_Latn-slv_Latn,5-3
spa_Latn-tam_Taml,5-3
spa_Latn-tgl_Latn,5-3
spa_Latn-tha_Thai,5-3
spa_Latn-ukr_Cyrl,5-3
spa_Latn-urd_Arab,5-3
spa_Latn-uzn_Latn,5-3
spa_Latn-zsm_Latn,5-3
ara_Arab-arb_Arab,5-4
ara_Arab-cat_Latn,5-4
ara_Arab-ces_Latn,5-4
ara_Arab-eus_Latn,5-4
ara_Arab-fas_Arab,5-4
ara_Arab-fin_Latn,5-4
ara_Arab-hin_Deva,5-4
ara_Arab-hrv_Latn,5-4
ara_Arab-hun_Latn,5-4
ara_Arab-ita_Latn,5-4
ara_Arab-kor_Hang,5-4
ara_Arab-nld_Latn,5-4
ara_Arab-pol_Latn,5-4
ara_Arab-por_Latn,5-4
ara_Arab-rus_Cyrl,5-4
ara_Arab-srp_Cyrl,5-4
ara_Arab-srp_Latn,5-4
ara_Arab-swe_Latn,5-4
ara_Arab-tur_Latn,5-4
ara_Arab-vie_Latn,5-4
cmn_Hani-nld_Latn,5-4
cmn_Hani-pol_Latn,5-4
cmn_Hani-por_Latn,5-4
cmn_Hani-rus_Cyrl,5-4
cmn_Hani-tur_Latn,5-4
deu_Latn-cat_Latn,5-4
deu_Latn-ces_Latn,5-4
deu_Latn-eus_Latn,5-4
deu_Latn-fas_Arab,5-4
deu_Latn-fin_Latn,5-4
deu_Latn-hin_Deva,5-4
deu_Latn-hrv_Latn,5-4
deu_Latn-hun_Latn,5-4
deu_Latn-ita_Latn,5-4
deu_Latn-kor_Hang,5-4
deu_Latn-nld_Latn,5-4
deu_Latn-pol_Latn,5-4
deu_Latn-por_Latn,5-4
deu_Latn-rus_Cyrl,5-4
deu_Latn-srp_Cyrl,5-4
deu_Latn-srp_Latn,5-4
deu_Latn-swe_Latn,5-4
deu_Latn-tur_Latn,5-4
deu_Latn-vie_Latn,5-4
eng_Latn-arb_Arab,5-4
eng_Latn-cat_Latn,5-4
eng_Latn-ces_Latn,5-4
eng_Latn-eus_Latn,5-4
eng_Latn-fas_Arab,5-4
eng_Latn-fin_Latn,5-4
eng_Latn-hin_Deva,5-4
eng_Latn-hin_Latn,5-4
eng_Latn-hrv_Latn,5-4
eng_Latn-hun_Latn,5-4
eng_Latn-ita_Latn,5-4
eng_Latn-kor_Hang,5-4
eng_Latn-nld_Latn,5-4
eng_Latn-pol_Latn,5-4
eng_Latn-por_Latn,5-4
eng_Latn-rus_Cyrl,5-4
eng_Latn-srp_Cyrl,5-4
eng_Latn-srp_Latn,5-4
eng_Latn-swe_Latn,5-4
eng_Latn-tur_Latn,5-4
eng_Latn-vie_Latn,5-4
fra_Latn-arb_Arab,5-4
fra_Latn-cat_Latn,5-4
fra_Latn-ces_Latn,5-4
fra_Latn-eus_Latn,5-4
fra_Latn-fas_Arab,5-4
fra_Latn-fin_Latn,5-4
fra_Latn-hin_Deva,5-4
fra_Latn-hrv_Latn,5-4
fra_Latn-hun_Latn,5-4
fra_Latn-ita_Latn,5-4
fra_Latn-kor_Hang,5-4
fra_Latn-nld_Latn,5-4
fra_Latn-pol_Latn,5-4
fra_Latn-por_Latn,5-4
fra_Latn-rus_Cyrl,5-4
fra_Latn-srp_Cyrl,5-4
fra_Latn-srp_Latn,5-4
fra_Latn-swe_Latn,5-4
fra_Latn-tur_Latn,5-4
fra_Latn-vie_Latn,5-4
jpn_Jpan-ces_Latn,5-4
jpn_Jpan-hrv_Latn,5-4
jpn_Jpan-kor_Hang,5-4
jpn_Jpan-nld_Latn,5-4
jpn_Jpan-pol_Latn,5-4
jpn_Jpan-por_Latn,5-4
jpn_Jpan-rus_Cyrl,5-4
jpn_Jpan-srp_Cyrl,5-4
jpn_Jpan-srp_Latn,5-4
jpn_Jpan-swe_Latn,5-4
jpn_Jpan-tur_Latn,5-4
jpn_Jpan-vie_Latn,5-4
spa_Latn-cat_Latn,5-4
spa_Latn-ces_Latn,5-4
spa_Latn-eus_Latn,5-4
spa_Latn-fas_Arab,5-4
spa_Latn-fin_Latn,5-4
spa_Latn-hin_Deva,5-4
spa_Latn-hrv_Latn,5-4
spa_Latn-hun_Latn,5-4
spa_Latn-ita_Latn,5-4
spa_Latn-kor_Hang,5-4
spa_Latn-nld_Latn,5-4
spa_Latn-pol_Latn,5-4
spa_Latn-por_Latn,5-4
spa_Latn-rus_Cyrl,5-4
spa_Latn-srp_Cyrl,5-4
spa_Latn-srp_Latn,5-4
spa_Latn-swe_Latn,5-4
spa_Latn-tur_Latn,5-4
spa_Latn-vie_Latn,5-4
ara_Arab-cmn_Hani,5-5
ara_Arab-deu_Latn,5-5
ara_Arab-eng_Latn,5-5
ara_Arab-fra_Latn,5-5
ara_Arab-jpn_Jpan,5-5
ara_Arab-spa_Latn,5-5
ara_Arab-zho_Hans,5-5
ara_Arab-zho_Hant,5-5
cmn_Hani-eng_Latn,5-5
cmn_Hani-fra_Latn,5-5
cmn_Hani-jpn_Jpan,5-5
cmn_Hani-zho_Hans,5-5
cmn_Hani-zho_Hant,5-5
deu_Latn-cmn_Hani,5-5
deu_Latn-eng_Latn,5-5
deu_Latn-fra_Latn,5-5
deu_Latn-jpn_Jpan,5-5
deu_Latn-spa_Latn,5-5
deu_Latn-zho_Hans,5-5
deu_Latn-zho_Hant,5-5
eng_Latn-cmn_Hani,5-5
eng_Latn-deu_Latn,5-5
eng_Latn-fra_Latn,5-5
eng_Latn-jpn_Jpan,5-5
eng_Latn-spa_Latn,5-5
eng_Latn-zho_Hani,5-5
eng_Latn-zho_Hans,5-5
eng_Latn-zho_Hant,5-5
fra_Latn-cmn_Hani,5-5
fra_Latn-deu_Latn,5-5
fra_Latn-eng_Latn,5-5
fra_Latn-jpn_Jpan,5-5
fra_Latn-spa_Latn,5-5
fra_Latn-zho_Hans,5-5
fra_Latn-zho_Hant,5-5
jpn_Jpan-cmn_Hani,5-5
jpn_Jpan-deu_Latn,5-5
jpn_Jpan-eng_Latn,5-5
jpn_Jpan-zho_Hans,5-5
jpn_Jpan-zho_Hant,5-5
spa_Latn-cmn_Hani,5-5
spa_Latn-deu_Latn,5-5
spa_Latn-eng_Latn,5-5
spa_Latn-fra_Latn,5-5
spa_Latn-jpn_Jpan,5-5
spa_Latn-zho_Hans,5-5
spa_Latn-zho_Hant,5-5
zho_Hans-cmn_Hani,5-5
zho_Hans-zho_Hant,5-5
zho_Hant-cmn_Hani,5-5
zho_Hant-zho_Hans,5-5
