lang_pair,source_lang,target_lang,n_shards_in,n_shards_out,rows_total,rows_scored,rows_failed,mean_score,elapsed_sec
awa_Deva-ory_Orya,awa_Deva,ory_Orya,1,1,99800,99783,17,0.3363,1114.4
mag_Deva-ory_Orya,mag_Deva,ory_Orya,1,1,88533,88530,3,0.2650,1244.2
awa_Deva-mar_Deva,awa_Deva,mar_Deva,1,1,145778,145740,38,0.3127,6133.8
awa_Deva-pan_Guru,awa_Deva,pan_Guru,1,1,91255,91103,152,0.2306,5145.6
awa_Deva-san_Deva,awa_Deva,san_Deva,1,1,93729,93726,3,0.0973,3062.3
dyu_Latn-hau_Latn,dyu_Latn,hau_Latn,1,1,94263,94233,30,0.3103,1703.9
mag_Deva-mar_Deva,mag_Deva,mar_Deva,1,1,131420,131412,8,0.3016,2868.0
nds_Latn-pan_Guru,nds_Latn,pan_Guru,1,1,65012,65008,4,0.6543,2826.3
nds_Latn-xho_Latn,nds_Latn,xho_Latn,1,1,69176,69173,3,0.3291,2587.3
ory_Orya-pan_Guru,ory_Orya,pan_Guru,1,1,486315,486309,6,0.4431,9141.4
ory_Orya-san_Deva,ory_Orya,san_Deva,1,1,143561,143561,0,0.2551,2173.9
umb_Latn-zul_Latn,umb_Latn,zul_Latn,1,1,92284,92262,22,0.2905,1223.3
und_Kana-swa_Latn,und_Kana,swa_Latn,1,1,26714,26714,0,0.5369,285.5
awa_Deva-kan_Knda,awa_Deva,kan_Knda,1,1,161058,161026,32,0.2938,9703.6
awa_Deva-npi_Deva,awa_Deva,npi_Deva,1,1,61718,61716,2,0.3602,3152.8
awa_Deva-snd_Arab,awa_Deva,snd_Arab,1,1,72269,72251,18,0.1927,2069.1
fon_Latn-kin_Latn,fon_Latn,kin_Latn,1,1,78885,78878,7,0.2634,1763.4
kiu_Latn-nor_Latn,kiu_Latn,nor_Latn,1,1,72056,71928,128,0.4986,1488.0
mag_Deva-npi_Deva,mag_Deva,npi_Deva,1,1,43823,43821,2,0.3222,777.4
mag_Deva-tel_Telu,mag_Deva,tel_Telu,1,1,256350,256308,42,0.2424,6110.6
nds_Latn-nno_Latn,nds_Latn,nno_Latn,1,1,101464,101457,7,0.7722,2120.1
nds_Latn-oci_Latn,nds_Latn,oci_Latn,1,1,26457,26457,0,0.5445,463.2
nds_Latn-sqi_Latn,nds_Latn,sqi_Latn,1,1,15333,15330,3,0.6577,469.7
ory_Orya-snd_Arab,ory_Orya,snd_Arab,1,1,262887,262882,5,0.2712,5024.3
ory_Orya-wln_Latn,ory_Orya,wln_Latn,1,1,12775,12774,1,0.5589,221.5
und_Kana-mkd_Cyrl,und_Kana,mkd_Cyrl,1,1,98481,98479,2,0.4140,1616.0
und_Kana-sin_Sinh,und_Kana,sin_Sinh,1,1,50927,50927,0,0.1994,759.0
asm_Beng-nds_Latn,asm_Beng,nds_Latn,1,1,26505,26503,2,0.7038,1313.9
amh_Ethi-fuv_Latn,amh_Ethi,fuv_Latn,1,1,86980,86868,112,0.1094,3183.1
awa_Deva-guj_Gujr,awa_Deva,guj_Gujr,1,1,175672,175596,76,0.1574,10080.6
awa_Deva-mal_Mlym,awa_Deva,mal_Mlym,1,1,242569,242470,99,0.2626,7324.8
awa_Deva-sin_Sinh,awa_Deva,sin_Sinh,1,1,137129,137104,25,0.2786,3096.3
awa_Deva-tel_Telu,awa_Deva,tel_Telu,1,1,356128,355888,240,0.2288,8012.9
fon_Latn-nya_Latn,fon_Latn,nya_Latn,1,1,93267,93261,6,0.2561,1915.8
mag_Deva-mal_Mlym,mag_Deva,mal_Mlym,1,1,221054,221053,1,0.2609,3572.5
mag_Deva-sin_Sinh,mag_Deva,sin_Sinh,1,1,120569,120566,3,0.2825,1992.9
nds_Latn-nep_Deva,nds_Latn,nep_Deva,1,1,55425,55425,0,0.6548,759.2
nds_Latn-nor_Latn,nds_Latn,nor_Latn,1,1,25602,25599,3,0.7604,351.5
nds_Latn-sin_Sinh,nds_Latn,sin_Sinh,1,1,65215,65214,1,0.3391,877.0
ory_Orya-sin_Sinh,ory_Orya,sin_Sinh,1,1,622746,622739,7,0.3986,12622.7
abk_Cyrl-nor_Latn,abk_Cyrl,nor_Latn,1,1,17950,17947,3,0.7854,1781.3
gle_Latn-nds_Latn,gle_Latn,nds_Latn,1,1,89968,89963,5,0.6491,5167.7
cym_Latn-npi_Deva,cym_Latn,npi_Deva,1,1,54643,54620,23,0.7318,4322.5
hau_Latn-und_Kana,hau_Latn,und_Kana,1,1,57320,57320,0,0.0979,3216.9
ibo_Latn-mlg_Latn,ibo_Latn,mlg_Latn,1,1,58281,58279,2,0.4888,4407.2
ace_Latn-jav_Latn,ace_Latn,jav_Latn,1,1,63906,63883,23,0.4562,4341.1
cym_Latn-oci_Latn,cym_Latn,oci_Latn,1,1,32019,32018,1,0.6256,1547.0
ltz_Latn-mal_Mlym,ltz_Latn,mal_Mlym,1,1,114569,114569,0,0.1297,6641.5
ibo_Latn-mya_Mymr,ibo_Latn,mya_Mymr,1,1,61836,61824,12,0.5152,2368.1
cym_Latn-pbt_Arab,cym_Latn,pbt_Arab,1,1,34223,34223,0,0.5983,1149.9
ace_Latn-war_Latn,ace_Latn,war_Latn,1,1,75706,75694,12,0.3191,4156.6
cym_Latn-plt_Latn,cym_Latn,plt_Latn,1,1,32949,32946,3,0.5249,2710.9
ibo_Latn-nep_Deva,ibo_Latn,nep_Deva,1,1,73470,73466,4,0.4252,6542.3
cym_Latn-pus_Arab,cym_Latn,pus_Arab,1,1,52083,52083,0,0.5198,4482.9
isl_Latn-nds_Latn,isl_Latn,nds_Latn,1,1,107173,107165,8,0.4729,11143.6
aeb_Arab-nob_Latn,aeb_Arab,nob_Latn,1,1,83800,83756,44,0.7949,6476.1
ibo_Latn-nob_Latn,ibo_Latn,nob_Latn,1,1,58282,58262,20,0.5820,3258.2
ltz_Latn-mkd_Cyrl,ltz_Latn,mkd_Cyrl,1,1,173732,173725,7,0.1897,11303.7
apc_Arab-mkd_Cyrl,apc_Arab,mkd_Cyrl,1,1,60928,60902,26,0.7484,3396.9
isl_Latn-und_Kana,isl_Latn,und_Kana,1,1,92336,92335,1,0.3425,4504.8
ltz_Latn-mlg_Latn,ltz_Latn,mlg_Latn,1,1,48776,48775,1,0.1516,2458.4
mar_Deva-nds_Latn,mar_Deva,nds_Latn,1,1,47437,47436,1,0.2549,1713.2
cym_Latn-sin_Sinh,cym_Latn,sin_Sinh,1,1,192791,192782,9,0.7064,7744.2
ltz_Latn-nep_Deva,ltz_Latn,nep_Deva,1,1,55082,55078,4,0.1593,1555.4
ibo_Latn-nor_Latn,ibo_Latn,nor_Latn,1,1,154177,154160,17,0.3648,5579.0
cym_Latn-som_Latn,cym_Latn,som_Latn,1,1,59097,59087,10,0.5548,2137.3
apc_Arab-nob_Latn,apc_Arab,nob_Latn,1,1,174722,174649,73,0.8019,5382.4
ibo_Latn-nso_Latn,ibo_Latn,nso_Latn,1,1,83987,83965,22,0.2764,2983.5
ltz_Latn-nob_Latn,ltz_Latn,nob_Latn,1,1,126547,126533,14,0.4603,3957.2
apc_Arab-nor_Latn,apc_Arab,nor_Latn,1,1,105869,105821,48,0.6493,3813.4
cym_Latn-sqi_Latn,cym_Latn,sqi_Latn,1,1,209449,209434,15,0.5576,6989.0
asm_Beng-ory_Orya,asm_Beng,ory_Orya,1,1,485185,485180,5,0.4824,35030.5
ars_Arab-mal_Mlym,ars_Arab,mal_Mlym,1,1,73034,73033,1,0.3509,2357.4
ast_Latn-nds_Latn,ast_Latn,nds_Latn,1,1,29409,29409,0,0.7179,839.3
ast_Latn-und_Kana,ast_Latn,und_Kana,1,1,9228,9228,0,0.7809,304.0
ltz_Latn-nor_Latn,ltz_Latn,nor_Latn,1,1,239121,239057,64,0.2307,6913.3
ars_Arab-mkd_Cyrl,ars_Arab,mkd_Cyrl,1,1,100931,100910,21,0.7474,1900.8
ltz_Latn-oci_Latn,ltz_Latn,oci_Latn,1,1,51839,51839,0,0.1888,829.5
cym_Latn-srd_Latn,cym_Latn,srd_Latn,1,1,155824,155817,7,0.1515,2728.6
nob_Latn-sin_Sinh,nob_Latn,sin_Sinh,1,1,814881,814751,130,0.7087,34097.4
bho_Deva-ory_Orya,bho_Deva,ory_Orya,1,1,120602,120600,2,0.3653,2677.6
cym_Latn-sun_Latn,cym_Latn,sun_Latn,1,1,87405,87397,8,0.6011,1142.3
ltz_Latn-sin_Sinh,ltz_Latn,sin_Sinh,1,1,106862,106862,0,0.1347,1296.8
ibo_Latn-nya_Latn,ibo_Latn,nya_Latn,1,1,481173,481040,133,0.5459,10287.2
nob_Latn-som_Latn,nob_Latn,som_Latn,1,1,66053,66044,9,0.7018,1576.5
bre_Latn-nds_Latn,bre_Latn,nds_Latn,1,1,48396,48396,0,0.5628,1077.5
ltz_Latn-sqi_Latn,ltz_Latn,sqi_Latn,1,1,129596,129590,6,0.1641,1760.9
ibo_Latn-run_Latn,ibo_Latn,run_Latn,1,1,92588,92555,33,0.3872,1424.0
ltz_Latn-tel_Telu,ltz_Latn,tel_Telu,1,1,32006,32005,1,0.6839,327.3
cym_Latn-nds_Latn,cym_Latn,nds_Latn,1,1,68673,68667,6,0.5293,1380.6
cym_Latn-tel_Telu,cym_Latn,tel_Telu,1,1,198722,198712,10,0.7637,2502.0
ars_Arab-nob_Latn,ars_Arab,nob_Latn,1,1,375901,375839,62,0.7781,4691.9
ibo_Latn-sin_Sinh,ibo_Latn,sin_Sinh,1,1,108835,108824,11,0.5273,1222.2
lua_Latn-nya_Latn,lua_Latn,nya_Latn,1,1,109462,109336,126,0.4006,1514.9
cym_Latn-tgk_Cyrl,cym_Latn,tgk_Cyrl,1,1,99209,99204,5,0.6075,1275.9
cym_Latn-uig_Arab,cym_Latn,uig_Arab,1,1,14274,14274,0,0.7702,169.9
cym_Latn-wln_Latn,cym_Latn,wln_Latn,1,1,31055,31048,7,0.6117,360.7
ars_Arab-nor_Latn,ars_Arab,nor_Latn,1,1,162248,162196,52,0.6796,1784.0
lua_Latn-run_Latn,lua_Latn,run_Latn,1,1,84275,84192,83,0.4989,926.9
epo_Latn-nds_Latn,epo_Latn,nds_Latn,1,1,131947,131939,8,0.4906,2282.9
nob_Latn-sqi_Latn,nob_Latn,sqi_Latn,1,1,346217,345490,727,0.5872,4265.5
ars_Arab-sin_Sinh,ars_Arab,sin_Sinh,1,1,84371,84368,3,0.5371,839.9
cym_Latn-yue_Hani,cym_Latn,yue_Hani,1,1,117036,117036,0,0.1167,1191.4
lua_Latn-sna_Latn,lua_Latn,sna_Latn,1,1,103341,103229,112,0.4781,1048.5
nob_Latn-srd_Latn,nob_Latn,srd_Latn,1,1,51552,51538,14,0.4509,763.3
ary_Arab-epo_Latn,ary_Arab,epo_Latn,1,1,46792,46784,8,0.6579,691.2
epo_Latn-und_Kana,epo_Latn,und_Kana,1,1,92691,92691,0,0.6335,1383.1
lug_Latn-nso_Latn,lug_Latn,nso_Latn,1,1,80158,80099,59,0.2615,784.0
fry_Latn-nds_Latn,fry_Latn,nds_Latn,1,1,37886,37879,7,0.6589,595.5
nob_Latn-sun_Latn,nob_Latn,sun_Latn,1,1,66287,66267,20,0.5955,786.3
epo_Latn-fry_Latn,epo_Latn,fry_Latn,1,1,151562,151559,3,0.3086,1510.8
ary_Arab-mal_Mlym,ary_Arab,mal_Mlym,1,1,102809,102796,13,0.3138,971.5
epo_Latn-fur_Latn,epo_Latn,fur_Latn,1,1,33513,33513,0,0.5514,294.3
lug_Latn-nya_Latn,lug_Latn,nya_Latn,1,1,129805,129748,57,0.4285,1163.5
ibo_Latn-sna_Latn,ibo_Latn,sna_Latn,1,1,407139,406077,1062,0.5594,4589.8
ary_Arab-mkd_Cyrl,ary_Arab,mkd_Cyrl,1,1,92724,92615,109,0.7195,846.2
epo_Latn-guj_Gujr,epo_Latn,guj_Gujr,1,1,86207,86205,2,0.7943,958.3
lug_Latn-run_Latn,lug_Latn,run_Latn,1,1,86079,86045,34,0.4447,772.5
guj_Gujr-mag_Deva,guj_Gujr,mag_Deva,1,1,163550,163530,20,0.1639,2713.6
epo_Latn-hbs_Latn,epo_Latn,hbs_Latn,1,1,122469,122469,0,0.5545,1411.7
lug_Latn-sna_Latn,lug_Latn,sna_Latn,1,1,125637,125569,68,0.4822,1506.9
epo_Latn-hne_Deva,epo_Latn,hne_Deva,1,1,48566,48566,0,0.6788,619.3
guj_Gujr-nds_Latn,guj_Gujr,nds_Latn,1,1,43840,43840,0,0.6540,932.3
epo_Latn-hye_Armn,epo_Latn,hye_Armn,1,1,48320,48306,14,0.7676,560.3
lug_Latn-som_Latn,lug_Latn,som_Latn,1,1,104371,104348,23,0.2990,1156.0
epo_Latn-ibo_Latn,epo_Latn,ibo_Latn,1,1,34498,34498,0,0.4572,445.1
epo_Latn-ilo_Latn,epo_Latn,ilo_Latn,1,1,43010,43007,3,0.2779,480.7
ibo_Latn-som_Latn,ibo_Latn,som_Latn,1,1,356531,356463,68,0.5498,4112.2
epo_Latn-jav_Latn,epo_Latn,jav_Latn,1,1,22660,22659,1,0.6530,217.5
lug_Latn-sot_Latn,lug_Latn,sot_Latn,1,1,113844,113811,33,0.3318,1107.1
ary_Arab-nob_Latn,ary_Arab,nob_Latn,1,1,419533,419134,399,0.7955,4574.5
epo_Latn-kan_Knda,epo_Latn,kan_Knda,1,1,86197,86192,5,0.8420,971.1
lug_Latn-tso_Latn,lug_Latn,tso_Latn,1,1,85089,85064,25,0.3857,829.6
epo_Latn-khm_Khmr,epo_Latn,khm_Khmr,1,1,41573,41571,2,0.7300,424.9
epo_Latn-kin_Latn,epo_Latn,kin_Latn,1,1,26716,26716,0,0.3684,296.8
lug_Latn-twi_Latn,lug_Latn,twi_Latn,1,1,92765,92720,45,0.3972,922.9
nob_Latn-tel_Telu,nob_Latn,tel_Telu,1,1,698319,698003,316,0.5473,7245.5
ary_Arab-nor_Latn,ary_Arab,nor_Latn,1,1,221272,220335,937,0.6963,2492.6
nob_Latn-tgk_Cyrl,nob_Latn,tgk_Cyrl,1,1,83518,83497,21,0.6218,930.0
epo_Latn-ltz_Latn,epo_Latn,ltz_Latn,1,1,119198,119196,2,0.1283,1373.4
luo_Latn-nya_Latn,luo_Latn,nya_Latn,1,1,94760,94728,32,0.3814,1094.9
nob_Latn-wln_Latn,nob_Latn,wln_Latn,1,1,38091,38083,8,0.7146,496.4
ary_Arab-npi_Deva,ary_Arab,npi_Deva,1,1,77417,77417,0,0.0548,879.6
ibo_Latn-sot_Latn,ibo_Latn,sot_Latn,1,1,398712,398630,82,0.5688,4404.5
luo_Latn-sna_Latn,luo_Latn,sna_Latn,1,1,114207,114148,59,0.4398,1319.3
epo_Latn-lzh_Hani,epo_Latn,lzh_Hani,1,1,125543,125542,1,0.4215,1464.1
luo_Latn-som_Latn,luo_Latn,som_Latn,1,1,49593,49580,13,0.2736,711.4
ary_Arab-sin_Sinh,ary_Arab,sin_Sinh,1,1,118410,118389,21,0.5021,1541.0
ibo_Latn-sqi_Latn,ibo_Latn,sqi_Latn,1,1,103034,103026,8,0.4037,1615.4
ary_Arab-som_Latn,ary_Arab,som_Latn,1,1,77191,77177,14,0.1449,1123.6
nob_Latn-yue_Hani,nob_Latn,yue_Hani,1,1,234946,234894,52,0.6353,3403.2
asm_Beng-ast_Latn,asm_Beng,ast_Latn,1,1,13260,13260,0,0.6961,488.6
ibo_Latn-sun_Latn,ibo_Latn,sun_Latn,1,1,73776,73768,8,0.5475,1493.2
nor_Latn-abk_Cyrl,nor_Latn,abk_Cyrl,1,1,28471,28470,1,0.7057,549.9
asm_Beng-bre_Latn,asm_Beng,bre_Latn,1,1,30616,30616,0,0.6821,478.1
epo_Latn-mal_Mlym,epo_Latn,mal_Mlym,1,1,181001,180997,4,0.6059,2970.0
asm_Beng-cym_Latn,asm_Beng,cym_Latn,1,1,57616,57616,0,0.7944,740.1
nor_Latn-bak_Cyrl,nor_Latn,bak_Cyrl,1,1,42213,42199,14,0.7118,740.2
ibo_Latn-tel_Telu,ibo_Latn,tel_Telu,1,1,94428,94418,10,0.6049,1189.2
nor_Latn-epo_Latn,nor_Latn,epo_Latn,1,1,35709,35689,20,0.3619,429.8
ibo_Latn-tso_Latn,ibo_Latn,tso_Latn,1,1,83368,83316,52,0.3920,911.8
nor_Latn-fur_Latn,nor_Latn,fur_Latn,1,1,64560,64501,59,0.3874,912.8
mai_Deva-mal_Mlym,mai_Deva,mal_Mlym,1,1,384973,384967,6,0.3451,4721.9
nor_Latn-hbs_Latn,nor_Latn,hbs_Latn,1,1,47784,47784,0,0.8402,665.7
ibo_Latn-twi_Latn,ibo_Latn,twi_Latn,1,1,88392,88379,13,0.3822,986.1
nor_Latn-kab_Latn,nor_Latn,kab_Latn,1,1,28514,28507,7,0.3519,318.2
mai_Deva-nep_Deva,mai_Deva,nep_Deva,1,1,157397,157343,54,0.4293,1540.9
mai_Deva-nno_Latn,mai_Deva,nno_Latn,1,1,29303,29301,2,0.7915,343.2
nor_Latn-lzh_Hani,nor_Latn,lzh_Hani,1,1,111851,111839,12,0.6737,1143.5
mar_Deva-ory_Orya,mar_Deva,ory_Orya,1,1,1584262,1584236,26,0.5652,36975.5
nor_Latn-mhr_Cyrl,nor_Latn,mhr_Cyrl,1,1,47913,47910,3,0.6616,648.7
ilo_Latn-jav_Latn,ilo_Latn,jav_Latn,1,1,193667,193573,94,0.4052,1988.8
nor_Latn-nno_Latn,nor_Latn,nno_Latn,1,1,59122,58710,412,0.4261,1103.4
ilo_Latn-mal_Mlym,ilo_Latn,mal_Mlym,1,1,67522,67522,0,0.1156,971.9
nor_Latn-oci_Latn,nor_Latn,oci_Latn,1,1,30799,30793,6,0.6845,580.4
asm_Beng-guj_Gujr,asm_Beng,guj_Gujr,1,1,527907,527828,79,0.3690,5807.2
mai_Deva-npi_Deva,mai_Deva,npi_Deva,1,1,230457,230443,14,0.3420,2690.8
ilo_Latn-mkd_Cyrl,ilo_Latn,mkd_Cyrl,1,1,64373,64367,6,0.2248,917.3
mai_Deva-oci_Latn,mai_Deva,oci_Latn,1,1,12914,12914,0,0.7425,150.5
nor_Latn-pus_Arab,nor_Latn,pus_Arab,1,1,45530,45520,10,0.5554,529.1
ilo_Latn-mlg_Latn,ilo_Latn,mlg_Latn,1,1,122193,122122,71,0.2966,1707.8
mai_Deva-sin_Sinh,mai_Deva,sin_Sinh,1,1,210935,210930,5,0.3264,2604.9
ilo_Latn-mri_Latn,ilo_Latn,mri_Latn,1,1,109807,109801,6,0.4230,1794.2
ory_Orya-tel_Telu,ory_Orya,tel_Telu,1,1,2230446,2230412,34,0.4913,68859.8
ilo_Latn-nor_Latn,ilo_Latn,nor_Latn,1,1,27050,27035,15,0.5874,594.2
mai_Deva-snd_Arab,mai_Deva,snd_Arab,1,1,115244,115236,8,0.2299,2051.2
und_Kana-mal_Mlym,und_Kana,mal_Mlym,1,1,56695,56695,0,0.1504,1471.1
epo_Latn-mkd_Cyrl,epo_Latn,mkd_Cyrl,1,1,993339,993280,59,0.6912,12288.8
ilo_Latn-pag_Latn,ilo_Latn,pag_Latn,1,1,139440,139384,56,0.5944,2143.0
und_Kana-nor_Latn,und_Kana,nor_Latn,1,1,69540,69523,17,0.7774,1902.0
epo_Latn-mlg_Latn,epo_Latn,mlg_Latn,1,1,115095,115093,2,0.4230,2023.9
und_Kana-sqi_Latn,und_Kana,sqi_Latn,1,1,49630,49627,3,0.6902,1766.5
epo_Latn-mya_Mymr,epo_Latn,mya_Mymr,1,1,59405,59403,2,0.8466,1499.8
asm_Beng-kan_Knda,asm_Beng,kan_Knda,1,1,628504,628492,12,0.4501,9736.1
asm_Beng-kin_Latn,asm_Beng,kin_Latn,1,1,35945,35945,0,0.2394,1044.6
ilo_Latn-plt_Latn,ilo_Latn,plt_Latn,1,1,250276,250255,21,0.4145,5398.2
ilo_Latn-sin_Sinh,ilo_Latn,sin_Sinh,1,1,42178,42178,0,0.2379,1268.0
epo_Latn-nep_Deva,epo_Latn,nep_Deva,1,1,157549,157544,5,0.3965,4149.5
nor_Latn-sin_Sinh,nor_Latn,sin_Sinh,1,1,673082,672991,91,0.5351,13181.0
asm_Beng-mai_Deva,asm_Beng,mai_Deva,1,1,112394,112385,9,0.3241,3346.5
nor_Latn-snd_Arab,nor_Latn,snd_Arab,1,1,55917,55915,2,0.1573,2638.7
mai_Deva-tel_Telu,mai_Deva,tel_Telu,1,1,461894,461834,60,0.3185,11249.2
epo_Latn-nno_Latn,epo_Latn,nno_Latn,1,1,94903,94898,5,0.7567,3607.7
mal_Mlym-hbs_Latn,mal_Mlym,hbs_Latn,1,1,68353,68352,1,0.1465,2638.6
ilo_Latn-smo_Latn,ilo_Latn,smo_Latn,1,1,163346,163321,25,0.5548,6615.5
guj_Gujr-ory_Orya,guj_Gujr,ory_Orya,1,1,1487486,1487476,10,0.5442,36121.7
ilo_Latn-sqi_Latn,ilo_Latn,sqi_Latn,1,1,16626,16620,6,0.4456,936.6
nor_Latn-som_Latn,nor_Latn,som_Latn,1,1,122141,122125,16,0.3106,4966.3
mal_Mlym-khk_Cyrl,mal_Mlym,khk_Cyrl,1,1,81297,81290,7,0.6142,3082.6
als_Latn-sun_Latn,als_Latn,sun_Latn,1,1,85906,85884,22,0.6062,4750.5
mal_Mlym-kin_Latn,mal_Mlym,kin_Latn,1,1,24984,24984,0,0.1890,632.2
hne_Deva-nds_Latn,hne_Deva,nds_Latn,1,1,74386,74381,5,0.7326,3657.0
ilo_Latn-sun_Latn,ilo_Latn,sun_Latn,1,1,136671,136650,21,0.3154,4029.0
mal_Mlym-lzh_Hani,mal_Mlym,lzh_Hani,1,1,111670,111670,0,0.1562,3332.4
als_Latn-tel_Telu,als_Latn,tel_Telu,1,1,247025,246906,119,0.7052,5636.7
mal_Mlym-mon_Cyrl,mal_Mlym,mon_Cyrl,1,1,90111,90109,2,0.4419,3023.3
ilo_Latn-war_Latn,ilo_Latn,war_Latn,1,1,137560,137519,41,0.5683,4490.0
jav_Latn-fur_Latn,jav_Latn,fur_Latn,1,1,773,773,0,0.2970,44.9
jav_Latn-ltz_Latn,jav_Latn,ltz_Latn,1,1,38590,38578,12,0.0908,1205.3
ilo_Latn-swa_Latn,ilo_Latn,swa_Latn,1,1,11874,11874,0,0.3595,627.6
kan_Knda-mag_Deva,kan_Knda,mag_Deva,1,1,168706,168700,6,0.2194,7618.1
als_Latn-tgk_Cyrl,als_Latn,tgk_Cyrl,1,1,80441,80421,20,0.6044,3692.7
hbs_Latn-xho_Latn,hbs_Latn,xho_Latn,1,1,36760,36760,0,0.0539,1454.1
aze_Latn-xho_Latn,aze_Latn,xho_Latn,1,1,56129,56123,6,0.1850,2003.4
nep_Deva-swh_Latn,nep_Deva,swh_Latn,1,1,55486,55479,7,0.5597,1981.0
jav_Latn-lzh_Hani,jav_Latn,lzh_Hani,1,1,72469,72465,4,0.0771,2407.3
ars_Arab-als_Latn,ars_Arab,als_Latn,1,1,70797,70797,0,0.6774,2353.2
sun_Latn-yor_Latn,sun_Latn,yor_Latn,1,1,72333,72330,3,0.5507,2522.5
hne_Deva-mar_Deva,hne_Deva,mar_Deva,1,1,85429,85411,18,0.3481,3797.8
lug_Latn-tsn_Latn,lug_Latn,tsn_Latn,1,1,118757,118700,57,0.3257,5423.0
ars_Arab-isl_Latn,ars_Arab,isl_Latn,1,1,67464,67462,2,0.7381,3274.7
als_Latn-yue_Hani,als_Latn,yue_Hani,1,1,72134,72131,3,0.4805,5355.9
ewe_Latn-swh_Latn,ewe_Latn,swh_Latn,1,1,145110,145085,25,0.4721,6251.8
jav_Latn-mar_Deva,jav_Latn,mar_Deva,1,1,138898,138812,86,0.2344,6120.9
nep_Deva-xho_Latn,nep_Deva,xho_Latn,1,1,127333,127326,7,0.3774,5644.2
asm_Beng-mal_Mlym,asm_Beng,mal_Mlym,1,1,736809,736803,6,0.4501,25161.5
jav_Latn-mal_Mlym,jav_Latn,mal_Mlym,1,1,137269,137268,1,0.2170,6282.0
nso_Latn-tsn_Latn,nso_Latn,tsn_Latn,1,1,193467,193413,54,0.4598,8379.6
hne_Deva-pan_Guru,hne_Deva,pan_Guru,1,1,70493,70482,11,0.5913,3194.3
mal_Mlym-mya_Mymr,mal_Mlym,mya_Mymr,1,1,284076,284056,20,0.5394,10300.9
swc_Latn-xho_Latn,swc_Latn,xho_Latn,1,1,139702,139685,17,0.6844,6205.5
amh_Ethi-aze_Latn,amh_Ethi,aze_Latn,1,1,49000,48997,3,0.4590,2782.8
run_Latn-xho_Latn,run_Latn,xho_Latn,1,1,222342,222304,38,0.5520,9078.6
asm_Beng-mlg_Latn,asm_Beng,mlg_Latn,1,1,16685,16685,0,0.6504,935.1
ary_Arab-als_Latn,ary_Arab,als_Latn,1,1,107489,107465,24,0.6262,4114.5
nep_Deva-yor_Latn,nep_Deva,yor_Latn,1,1,61742,61741,1,0.5035,2261.0
lug_Latn-xho_Latn,lug_Latn,xho_Latn,1,1,112155,112120,35,0.3397,4593.3
ewe_Latn-tir_Ethi,ewe_Latn,tir_Ethi,1,1,113328,113323,5,0.6361,4092.6
nep_Deva-zul_Latn,nep_Deva,zul_Latn,1,1,39461,39459,2,0.4478,1685.5
amh_Ethi-azj_Latn,amh_Ethi,azj_Latn,1,1,73816,73786,30,0.6033,3086.2
ary_Arab-isl_Latn,ary_Arab,isl_Latn,1,1,73632,73625,7,0.6925,2936.4
amh_Ethi-cym_Latn,amh_Ethi,cym_Latn,1,1,91004,91003,1,0.6600,1671.5
kin_Latn-xho_Latn,kin_Latn,xho_Latn,1,1,338099,338015,84,0.4472,14176.7
amh_Ethi-epo_Latn,amh_Ethi,epo_Latn,1,1,70523,70501,22,0.7451,894.5
som_Latn-yor_Latn,som_Latn,yor_Latn,1,1,350222,350188,34,0.5025,14545.8
run_Latn-yor_Latn,run_Latn,yor_Latn,1,1,118398,118370,28,0.2312,5702.3
lug_Latn-yor_Latn,lug_Latn,yor_Latn,1,1,103079,103058,21,0.3118,5094.6
nno_Latn-als_Latn,nno_Latn,als_Latn,1,1,56257,55990,267,0.6074,3546.8
hye_Armn-als_Latn,hye_Armn,als_Latn,1,1,156174,156131,43,0.6644,6712.4
ary_Arab-mar_Deva,ary_Arab,mar_Deva,1,1,47354,47352,2,0.2461,2733.9
swc_Latn-zul_Latn,swc_Latn,zul_Latn,1,1,152248,152226,22,0.6878,6643.8
asm_Beng-nep_Deva,asm_Beng,nep_Deva,1,1,146187,146163,24,0.4323,6623.3
nso_Latn-xho_Latn,nso_Latn,xho_Latn,1,1,189031,189004,27,0.5001,8225.9
mkd_Cyrl-swh_Latn,mkd_Cyrl,swh_Latn,1,1,394280,394066,214,0.6533,16692.4
ary_Arab-swh_Latn,ary_Arab,swh_Latn,1,1,42538,42527,11,0.3269,1833.2
jav_Latn-mkd_Cyrl,jav_Latn,mkd_Cyrl,1,1,204852,204618,234,0.2472,9258.1
azj_Latn-als_Latn,azj_Latn,als_Latn,1,1,357188,356889,299,0.7106,15872.4
amh_Ethi-ewe_Latn,amh_Ethi,ewe_Latn,1,1,192457,192428,29,0.6156,3280.2
cym_Latn-gle_Latn,cym_Latn,gle_Latn,1,1,431131,431078,53,0.6747,17892.2
nno_Latn-pan_Guru,nno_Latn,pan_Guru,1,1,69433,69431,2,0.7487,3001.4
ewe_Latn-tsn_Latn,ewe_Latn,tsn_Latn,1,1,162509,162457,52,0.3148,7871.6
ary_Arab-xho_Latn,ary_Arab,xho_Latn,1,1,48550,48550,0,0.0335,2530.8
asm_Beng-gle_Latn,asm_Beng,gle_Latn,1,1,18740,18740,0,0.7384,926.7
jav_Latn-swa_Latn,jav_Latn,swa_Latn,1,1,283517,283397,120,0.1210,13919.4
lug_Latn-zul_Latn,lug_Latn,zul_Latn,1,1,127431,127394,37,0.3625,6110.5
tel_Telu-xho_Latn,tel_Telu,xho_Latn,1,1,136496,136480,16,0.6170,6084.7
nno_Latn-xho_Latn,nno_Latn,xho_Latn,1,1,77678,77673,5,0.6402,3658.7
asm_Beng-isl_Latn,asm_Beng,isl_Latn,1,1,30995,30995,0,0.4637,1407.6
nso_Latn-yor_Latn,nso_Latn,yor_Latn,1,1,134317,134303,14,0.2243,6422.4
kin_Latn-yor_Latn,kin_Latn,yor_Latn,1,1,197781,197740,41,0.2434,8924.7
nor_Latn-sqi_Latn,nor_Latn,sqi_Latn,1,1,619421,614204,5217,0.6998,32874.0
jav_Latn-xho_Latn,jav_Latn,xho_Latn,1,1,56451,56433,18,0.1283,2509.9
amh_Ethi-ful_Latn,amh_Ethi,ful_Latn,1,1,127800,127678,122,0.0885,5942.2
mkd_Cyrl-xho_Latn,mkd_Cyrl,xho_Latn,1,1,169035,168929,106,0.6197,7382.5
cym_Latn-hat_Latn,cym_Latn,hat_Latn,1,1,164432,164427,5,0.6502,6718.5
tel_Telu-yor_Latn,tel_Telu,yor_Latn,1,1,90410,90404,6,0.5682,3369.7
luo_Latn-swa_Latn,luo_Latn,swa_Latn,1,1,92621,92603,18,0.3493,3706.5
hye_Armn-isl_Latn,hye_Armn,isl_Latn,1,1,235472,235426,46,0.6871,9841.1
run_Latn-zul_Latn,run_Latn,zul_Latn,1,1,251339,251290,49,0.5131,10327.2
ewe_Latn-xho_Latn,ewe_Latn,xho_Latn,1,1,188491,188467,24,0.4232,8158.1
amh_Ethi-guj_Gujr,amh_Ethi,guj_Gujr,1,1,52737,52735,2,0.7071,2609.0
jav_Latn-mlg_Latn,jav_Latn,mlg_Latn,1,1,202276,202107,169,0.4044,9335.4
azj_Latn-gle_Latn,azj_Latn,gle_Latn,1,1,206773,206647,126,0.6877,9148.9
kan_Knda-als_Latn,kan_Knda,als_Latn,1,1,94337,94308,29,0.7451,3898.1
hye_Armn-lao_Laoo,hye_Armn,lao_Laoo,1,1,48186,48180,6,0.5612,2517.0
epo_Latn-nob_Latn,epo_Latn,nob_Latn,1,1,1091164,1091023,141,0.7566,41584.4
nor_Latn-srd_Latn,nor_Latn,srd_Latn,1,1,91175,91051,124,0.3942,4439.1
cym_Latn-hau_Latn,cym_Latn,hau_Latn,1,1,66420,66410,10,0.4570,3267.9
tel_Telu-zul_Latn,tel_Telu,zul_Latn,1,1,55714,55706,8,0.6187,2968.9
mkd_Cyrl-yor_Latn,mkd_Cyrl,yor_Latn,1,1,104941,104931,10,0.5732,4326.0
asm_Beng-npi_Deva,asm_Beng,npi_Deva,1,1,315313,315305,8,0.3436,12831.1
luo_Latn-tsn_Latn,luo_Latn,tsn_Latn,1,1,81823,81792,31,0.2772,3904.4
azj_Latn-hat_Latn,azj_Latn,hat_Latn,1,1,60533,60527,6,0.6038,1946.3
jav_Latn-mon_Cyrl,jav_Latn,mon_Cyrl,1,1,66729,66668,61,0.1785,2416.6
tgk_Cyrl-xho_Latn,tgk_Cyrl,xho_Latn,1,1,66664,66658,6,0.5167,1883.2
mkd_Cyrl-zul_Latn,mkd_Cyrl,zul_Latn,1,1,58052,58022,30,0.5302,1903.5
ewe_Latn-yor_Latn,ewe_Latn,yor_Latn,1,1,129445,129420,25,0.2373,4115.3
azj_Latn-hau_Latn,azj_Latn,hau_Latn,1,1,64414,64403,11,0.5399,1984.4
nso_Latn-zul_Latn,nso_Latn,zul_Latn,1,1,218670,218633,37,0.5274,7915.3
amh_Ethi-hye_Armn,amh_Ethi,hye_Armn,1,1,139809,139796,13,0.6343,5113.8
luo_Latn-xho_Latn,luo_Latn,xho_Latn,1,1,88990,88945,45,0.2838,2804.6
nor_Latn-sun_Latn,nor_Latn,sun_Latn,1,1,149415,149389,26,0.3991,4654.2
mal_Mlym-nep_Deva,mal_Mlym,nep_Deva,1,1,622400,622362,38,0.4587,23983.8
som_Latn-zul_Latn,som_Latn,zul_Latn,1,1,484495,484383,112,0.5300,18261.3
hye_Armn-mar_Deva,hye_Armn,mar_Deva,1,1,201189,201121,68,0.5837,6047.9
mal_Mlym-nno_Latn,mal_Mlym,nno_Latn,1,1,73884,73879,5,0.7312,1843.6
luo_Latn-zul_Latn,luo_Latn,zul_Latn,1,1,98560,98517,43,0.3115,2722.9
mlg_Latn-mar_Deva,mlg_Latn,mar_Deva,1,1,151867,151857,10,0.3034,4090.1
hye_Armn-pan_Guru,hye_Armn,pan_Guru,1,1,45787,45778,9,0.6450,960.3
kin_Latn-zul_Latn,kin_Latn,zul_Latn,1,1,383937,383786,151,0.4336,11930.9
mlg_Latn-pan_Guru,mlg_Latn,pan_Guru,1,1,38846,38845,1,0.4939,821.2
ewe_Latn-zul_Latn,ewe_Latn,zul_Latn,1,1,204731,204697,34,0.4048,5301.3
sin_Sinh-als_Latn,sin_Sinh,als_Latn,1,1,363530,363475,55,0.6300,10772.3
asm_Beng-sin_Sinh,asm_Beng,sin_Sinh,1,1,292167,292160,7,0.3612,7713.6
kir_Cyrl-als_Latn,kir_Cyrl,als_Latn,1,1,50396,50380,16,0.5403,1792.0
tso_Latn-xho_Latn,tso_Latn,xho_Latn,1,1,274880,274816,64,0.5980,7567.5
asm_Beng-mar_Deva,asm_Beng,mar_Deva,1,1,505532,505526,6,0.3929,15332.9
fry_Latn-gle_Latn,fry_Latn,gle_Latn,1,1,51164,51163,1,0.4814,1753.5
mlg_Latn-swa_Latn,mlg_Latn,swa_Latn,1,1,84007,84002,5,0.5373,2419.9
fry_Latn-hau_Latn,fry_Latn,hau_Latn,1,1,48883,48883,0,0.1031,1041.4
azj_Latn-isl_Latn,azj_Latn,isl_Latn,1,1,313897,313829,68,0.7124,7988.2
kir_Cyrl-mar_Deva,kir_Cyrl,mar_Deva,1,1,97401,97389,12,0.5727,2160.5
hye_Armn-swa_Latn,hye_Armn,swa_Latn,1,1,186201,186186,15,0.4561,4535.5
mlg_Latn-xho_Latn,mlg_Latn,xho_Latn,1,1,76403,76400,3,0.2288,1544.4
nya_Latn-swa_Latn,nya_Latn,swa_Latn,1,1,324005,323965,40,0.4805,8331.8
jav_Latn-mri_Latn,jav_Latn,mri_Latn,1,1,390550,390475,75,0.6321,10008.1
sot_Latn-swa_Latn,sot_Latn,swa_Latn,1,1,274552,274468,84,0.4875,6604.8
asm_Beng-snd_Arab,asm_Beng,snd_Arab,1,1,146658,146645,13,0.2404,3310.7
tso_Latn-yor_Latn,tso_Latn,yor_Latn,1,1,116440,116418,22,0.2209,2456.0
mlg_Latn-yor_Latn,mlg_Latn,yor_Latn,1,1,47982,47980,2,0.5343,1087.9
amh_Ethi-ibo_Latn,amh_Ethi,ibo_Latn,1,1,395370,395343,27,0.5999,8763.4
asm_Beng-sqi_Latn,asm_Beng,sqi_Latn,1,1,33225,32959,266,0.5104,881.4
kir_Cyrl-swa_Latn,kir_Cyrl,swa_Latn,1,1,73903,73898,5,0.2989,1676.7
cym_Latn-isl_Latn,cym_Latn,isl_Latn,1,1,508346,508264,82,0.7087,12837.9
mai_Deva-mar_Deva,mai_Deva,mar_Deva,1,1,278514,278454,60,0.4105,6514.5
hye_Armn-swh_Latn,hye_Armn,swh_Latn,1,1,91103,91066,37,0.6303,2048.4
amh_Ethi-jav_Latn,amh_Ethi,jav_Latn,1,1,58570,58569,1,0.2260,1013.6
azj_Latn-mar_Deva,azj_Latn,mar_Deva,1,1,113861,113831,30,0.6654,2676.2
cym_Latn-lao_Laoo,cym_Latn,lao_Laoo,1,1,36031,36026,5,0.6303,930.3
kmr_Latn-als_Latn,kmr_Latn,als_Latn,1,1,43158,43143,15,0.4999,1138.1
jav_Latn-nep_Deva,jav_Latn,nep_Deva,1,1,94326,94153,173,0.1678,2832.4
amh_Ethi-kan_Knda,amh_Ethi,kan_Knda,1,1,63585,63584,1,0.7610,1194.1
hye_Armn-xho_Latn,hye_Armn,xho_Latn,1,1,57524,57515,9,0.5761,1684.6
mon_Cyrl-mar_Deva,mon_Cyrl,mar_Deva,1,1,93646,93635,11,0.3939,2635.1
asm_Beng-pan_Guru,asm_Beng,pan_Guru,1,1,255175,255172,3,0.4406,5683.0
fry_Latn-isl_Latn,fry_Latn,isl_Latn,1,1,198704,198698,6,0.3235,4568.8
kmr_Latn-mar_Deva,kmr_Latn,mar_Deva,1,1,64476,64465,11,0.5394,1552.8
azj_Latn-mlt_Latn,azj_Latn,mlt_Latn,1,1,81498,81471,27,0.7712,2012.8
sin_Sinh-swa_Latn,sin_Sinh,swa_Latn,1,1,320228,320213,15,0.3629,7708.5
jav_Latn-nob_Latn,jav_Latn,nob_Latn,1,1,60624,60464,160,0.2190,1707.9
kmr_Latn-pan_Guru,kmr_Latn,pan_Guru,1,1,29119,29117,2,0.6373,628.4
amh_Ethi-khk_Cyrl,amh_Ethi,khk_Cyrl,1,1,58569,58563,6,0.6061,1535.3
nor_Latn-tel_Telu,nor_Latn,tel_Telu,1,1,463728,463553,175,0.5458,11873.4
epo_Latn-nor_Latn,epo_Latn,nor_Latn,1,1,667835,667800,35,0.6358,16703.7
mon_Cyrl-swa_Latn,mon_Cyrl,swa_Latn,1,1,65743,65740,3,0.5436,1454.2
mai_Deva-pan_Guru,mai_Deva,pan_Guru,1,1,151448,151409,39,0.4079,3667.1
hye_Armn-yor_Latn,hye_Armn,yor_Latn,1,1,80804,80799,5,0.6025,1781.6
kmr_Latn-xho_Latn,kmr_Latn,xho_Latn,1,1,31496,31492,4,0.4652,737.6
fry_Latn-mar_Deva,fry_Latn,mar_Deva,1,1,95111,95109,2,0.1905,2393.1
asm_Beng-san_Deva,asm_Beng,san_Deva,1,1,115178,115178,0,0.2085,2716.0
hye_Armn-zul_Latn,hye_Armn,zul_Latn,1,1,46607,46600,7,0.5963,1709.9
cym_Latn-mar_Deva,cym_Latn,mar_Deva,1,1,183785,183707,78,0.6348,4670.5
nor_Latn-tgk_Cyrl,nor_Latn,tgk_Cyrl,1,1,71560,71500,60,0.3660,2109.3
mri_Latn-als_Latn,mri_Latn,als_Latn,1,1,59091,59076,15,0.6152,1954.3
azj_Latn-swa_Latn,azj_Latn,swa_Latn,1,1,99794,99744,50,0.5033,2741.6
fry_Latn-swa_Latn,fry_Latn,swa_Latn,1,1,26236,26236,0,0.4749,840.3
mai_Deva-san_Deva,mai_Deva,san_Deva,1,1,65074,65071,3,0.1890,1959.6
epo_Latn-npi_Deva,epo_Latn,npi_Deva,1,1,71998,71974,24,0.7624,2239.5
asm_Beng-xho_Latn,asm_Beng,xho_Latn,1,1,41766,41762,4,0.6502,1334.2
tso_Latn-zul_Latn,tso_Latn,zul_Latn,1,1,284675,284609,66,0.5861,7335.8
amh_Ethi-khm_Khmr,amh_Ethi,khm_Khmr,1,1,126203,126197,6,0.6585,3136.0
sin_Sinh-swh_Latn,sin_Sinh,swh_Latn,1,1,152950,152918,32,0.6353,4489.9
epo_Latn-oci_Latn,epo_Latn,oci_Latn,1,1,51978,51978,0,0.6219,1523.4
ibo_Latn-als_Latn,ibo_Latn,als_Latn,1,1,52399,52391,8,0.3799,1927.2
ast_Latn-als_Latn,ast_Latn,als_Latn,1,1,38088,38047,41,0.5375,1194.0
fry_Latn-xho_Latn,fry_Latn,xho_Latn,1,1,68159,68157,2,0.2129,1982.6
mri_Latn-mar_Deva,mri_Latn,mar_Deva,1,1,79328,79306,22,0.5897,2435.5
lin_Latn-swa_Latn,lin_Latn,swa_Latn,1,1,146587,146535,52,0.3957,4536.6
epo_Latn-plt_Latn,epo_Latn,plt_Latn,1,1,51554,51549,5,0.7474,1352.3
ast_Latn-gle_Latn,ast_Latn,gle_Latn,1,1,60660,60657,3,0.4578,1543.7
sot_Latn-swh_Latn,sot_Latn,swh_Latn,1,1,406883,406801,82,0.6486,10423.6
mri_Latn-xho_Latn,mri_Latn,xho_Latn,1,1,51235,51229,6,0.6602,1303.1
ast_Latn-hau_Latn,ast_Latn,hau_Latn,1,1,21439,21439,0,0.1643,649.2
nya_Latn-swh_Latn,nya_Latn,swh_Latn,1,1,442793,442748,45,0.6020,11571.6
tum_Latn-xho_Latn,tum_Latn,xho_Latn,1,1,145405,145377,28,0.5495,3903.7
cym_Latn-mlt_Latn,cym_Latn,mlt_Latn,1,1,171933,171829,104,0.7029,4787.8
azj_Latn-swh_Latn,azj_Latn,swh_Latn,1,1,174265,174152,113,0.6895,4937.0
ful_Latn-hau_Latn,ful_Latn,hau_Latn,1,1,106437,106175,262,0.0980,3349.0
ibo_Latn-isl_Latn,ibo_Latn,isl_Latn,1,1,129559,129537,22,0.5492,3494.5
nor_Latn-yue_Hani,nor_Latn,yue_Hani,1,1,193260,193225,35,0.6571,5395.2
sin_Sinh-xho_Latn,sin_Sinh,xho_Latn,1,1,139362,139353,9,0.3319,4005.5
npi_Deva-kin_Latn,npi_Deva,kin_Latn,1,1,12976,12976,0,0.1768,712.5
lin_Latn-swh_Latn,lin_Latn,swh_Latn,1,1,97901,97866,35,0.5178,3174.0
mal_Mlym-nob_Latn,mal_Mlym,nob_Latn,1,1,724927,724684,243,0.5403,18763.3
sot_Latn-tir_Ethi,sot_Latn,tir_Ethi,1,1,112454,112450,4,0.5047,3879.3
npi_Deva-nno_Latn,npi_Deva,nno_Latn,1,1,29422,29414,8,0.8361,1429.0
cym_Latn-pan_Guru,cym_Latn,pan_Guru,1,1,92458,92450,8,0.6868,3226.0
tum_Latn-yor_Latn,tum_Latn,yor_Latn,1,1,91600,91590,10,0.3176,3331.4
azj_Latn-xho_Latn,azj_Latn,xho_Latn,1,1,80579,80521,58,0.6904,3073.7
amh_Ethi-kin_Latn,amh_Ethi,kin_Latn,1,1,265434,265384,50,0.4606,7432.8
ibo_Latn-mar_Deva,ibo_Latn,mar_Deva,1,1,102539,102511,28,0.4529,3594.2
sin_Sinh-yor_Latn,sin_Sinh,yor_Latn,1,1,96590,96590,0,0.5399,3182.1
nya_Latn-tir_Ethi,nya_Latn,tir_Ethi,1,1,135057,135053,4,0.6375,4438.2
ast_Latn-isl_Latn,ast_Latn,isl_Latn,1,1,169419,169416,3,0.2856,5335.2
mya_Mymr-als_Latn,mya_Mymr,als_Latn,1,1,180870,180825,45,0.5809,5801.2
npi_Deva-nob_Latn,npi_Deva,nob_Latn,1,1,80933,80886,47,0.7243,2283.8
lin_Latn-tsn_Latn,lin_Latn,tsn_Latn,1,1,128737,128632,105,0.4156,4048.2
amh_Ethi-kir_Cyrl,amh_Ethi,kir_Cyrl,1,1,72536,72531,5,0.4954,1901.3
sin_Sinh-zul_Latn,sin_Sinh,zul_Latn,1,1,49267,49265,2,0.5164,1216.5
ful_Latn-yor_Latn,ful_Latn,yor_Latn,1,1,152083,151967,116,0.0380,4848.1
bem_Latn-hau_Latn,bem_Latn,hau_Latn,1,1,89752,89696,56,0.2349,2480.6
epo_Latn-sin_Sinh,epo_Latn,sin_Sinh,1,1,255852,255850,2,0.4287,7409.0
mya_Mymr-pan_Guru,mya_Mymr,pan_Guru,1,1,45880,45878,2,0.6500,1165.1
amh_Ethi-kmr_Latn,amh_Ethi,kmr_Latn,1,1,34007,33997,10,0.4406,690.9
mal_Mlym-als_Latn,mal_Mlym,als_Latn,1,1,381118,381048,70,0.5124,11114.9
npi_Deva-nor_Latn,npi_Deva,nor_Latn,1,1,56284,56275,9,0.2284,1646.0
fur_Latn-isl_Latn,fur_Latn,isl_Latn,1,1,34028,34026,2,0.6417,1332.7
epo_Latn-snd_Arab,epo_Latn,snd_Arab,1,1,36686,36686,0,0.3562,1552.2
sna_Latn-als_Latn,sna_Latn,als_Latn,1,1,54064,54047,17,0.6448,1921.7
tum_Latn-zul_Latn,tum_Latn,zul_Latn,1,1,158808,158785,23,0.5268,4778.6
fur_Latn-swa_Latn,fur_Latn,swa_Latn,1,1,30739,30735,4,0.4149,1433.1
ast_Latn-mar_Deva,ast_Latn,mar_Deva,1,1,134090,134089,1,0.1780,4861.9
sot_Latn-tsn_Latn,sot_Latn,tsn_Latn,1,1,203336,203286,50,0.4569,6863.7
epo_Latn-som_Latn,epo_Latn,som_Latn,1,1,52059,52044,15,0.7596,2609.1
fur_Latn-xho_Latn,fur_Latn,xho_Latn,1,1,28199,28193,6,0.2673,1802.3
bem_Latn-swa_Latn,bem_Latn,swa_Latn,1,1,99799,99757,42,0.3187,4855.5
ast_Latn-swa_Latn,ast_Latn,swa_Latn,1,1,26262,26262,0,0.4483,1795.5
cym_Latn-swa_Latn,cym_Latn,swa_Latn,1,1,223678,223659,19,0.4866,8619.4
mya_Mymr-swa_Latn,mya_Mymr,swa_Latn,1,1,138728,138720,8,0.4274,6882.8
nya_Latn-tsn_Latn,nya_Latn,tsn_Latn,1,1,210623,210607,16,0.4409,8997.0
lin_Latn-xho_Latn,lin_Latn,xho_Latn,1,1,165946,165840,106,0.4419,8315.2
asm_Beng-tel_Telu,asm_Beng,tel_Telu,1,1,769535,769507,28,0.3782,24246.2
amh_Ethi-lin_Latn,amh_Ethi,lin_Latn,1,1,120277,120105,172,0.5143,8170.0
asm_Beng-wln_Latn,asm_Beng,wln_Latn,1,1,23043,23043,0,0.5432,1145.0
ibo_Latn-swa_Latn,ibo_Latn,swa_Latn,1,1,257074,257028,46,0.4131,10974.3
guj_Gujr-als_Latn,guj_Gujr,als_Latn,1,1,96329,96298,31,0.6293,5179.4
bem_Latn-tsn_Latn,bem_Latn,tsn_Latn,1,1,86371,86336,35,0.3141,4649.6
ast_Latn-xho_Latn,ast_Latn,xho_Latn,1,1,91437,91437,0,0.0927,4466.8
ast_Latn-bre_Latn,ast_Latn,bre_Latn,1,1,22200,22199,1,0.4867,1222.8
mya_Mymr-swh_Latn,mya_Mymr,swh_Latn,1,1,69337,69324,13,0.6566,3350.0
lin_Latn-yor_Latn,lin_Latn,yor_Latn,1,1,54501,54459,42,0.2557,2824.6
twi_Latn-xho_Latn,twi_Latn,xho_Latn,1,1,184829,184784,45,0.3950,10134.7
ast_Latn-cym_Latn,ast_Latn,cym_Latn,1,1,30658,30658,0,0.6719,2279.1
aze_Latn-hat_Latn,aze_Latn,hat_Latn,1,1,59257,59256,1,0.4676,3611.8
amh_Ethi-lua_Latn,amh_Ethi,lua_Latn,1,1,98387,98028,359,0.3771,6057.4
mya_Mymr-xho_Latn,mya_Mymr,xho_Latn,1,1,76133,76129,4,0.5967,4892.9
jav_Latn-nor_Latn,jav_Latn,nor_Latn,1,1,562353,559810,2543,0.1433,28590.2
jav_Latn-oci_Latn,jav_Latn,oci_Latn,1,1,5137,5137,0,0.5654,659.2
bem_Latn-xho_Latn,bem_Latn,xho_Latn,1,1,103546,103484,62,0.3930,6820.0
amh_Ethi-lug_Latn,amh_Ethi,lug_Latn,1,1,122256,122175,81,0.5059,2591.9
guj_Gujr-isl_Latn,guj_Gujr,isl_Latn,1,1,126880,126849,31,0.6876,8031.4
aze_Latn-hau_Latn,aze_Latn,hau_Latn,1,1,60980,60980,0,0.2468,4202.1
cym_Latn-swh_Latn,cym_Latn,swh_Latn,1,1,216083,216039,44,0.6537,11869.3
mya_Mymr-yor_Latn,mya_Mymr,yor_Latn,1,1,65146,65142,4,0.5369,3700.0
amh_Ethi-luo_Latn,amh_Ethi,luo_Latn,1,1,82783,82744,39,0.5053,1973.6
sna_Latn-swa_Latn,sna_Latn,swa_Latn,1,1,330341,330254,87,0.4969,18199.7
jav_Latn-pag_Latn,jav_Latn,pag_Latn,1,1,77783,77744,39,0.4083,4110.6
twi_Latn-yor_Latn,twi_Latn,yor_Latn,1,1,146261,146243,18,0.2482,8218.7
mya_Mymr-zul_Latn,mya_Mymr,zul_Latn,1,1,40002,40000,2,0.5869,1832.0
lin_Latn-zul_Latn,lin_Latn,zul_Latn,1,1,170197,170100,97,0.4144,10344.5
bem_Latn-zul_Latn,bem_Latn,zul_Latn,1,1,110893,110824,69,0.3912,5396.7
ast_Latn-epo_Latn,ast_Latn,epo_Latn,1,1,205215,205212,3,0.2941,10462.6
aze_Latn-isl_Latn,aze_Latn,isl_Latn,1,1,126674,126672,2,0.4495,5292.9
ibo_Latn-swh_Latn,ibo_Latn,swh_Latn,1,1,279374,279322,52,0.5827,14471.9
ast_Latn-fry_Latn,ast_Latn,fry_Latn,1,1,22763,22763,0,0.6156,1091.1
nep_Deva-als_Latn,nep_Deva,als_Latn,1,1,90287,90223,64,0.5628,4040.3
ast_Latn-fur_Latn,ast_Latn,fur_Latn,1,1,13629,13628,1,0.5280,745.9
cym_Latn-xho_Latn,cym_Latn,xho_Latn,1,1,154728,154597,131,0.6780,7128.3
ltz_Latn-mar_Deva,ltz_Latn,mar_Deva,1,1,95134,95133,1,0.1102,4211.8
amh_Ethi-mal_Mlym,amh_Ethi,mal_Mlym,1,1,208992,208983,9,0.6334,6664.3
ast_Latn-hbs_Latn,ast_Latn,hbs_Latn,1,1,21770,21770,0,0.7925,963.5
epo_Latn-sqi_Latn,epo_Latn,sqi_Latn,1,1,440424,440392,32,0.5919,22702.3
ast_Latn-ilo_Latn,ast_Latn,ilo_Latn,1,1,27175,27172,3,0.0862,1815.5
aze_Latn-mar_Deva,aze_Latn,mar_Deva,1,1,102208,102203,5,0.3116,5286.0
cym_Latn-yor_Latn,cym_Latn,yor_Latn,1,1,64405,64402,3,0.5835,3389.4
npi_Deva-sin_Sinh,npi_Deva,sin_Sinh,1,1,561595,561551,44,0.5591,28559.2
twi_Latn-zul_Latn,twi_Latn,zul_Latn,1,1,190916,190875,41,0.3750,8869.7
ibo_Latn-tsn_Latn,ibo_Latn,tsn_Latn,1,1,119392,119353,39,0.2956,6125.8
mal_Mlym-nor_Latn,mal_Mlym,nor_Latn,1,1,742176,742038,138,0.3412,33842.8
cym_Latn-zul_Latn,cym_Latn,zul_Latn,1,1,38884,38874,10,0.5801,1763.0
ltz_Latn-swa_Latn,ltz_Latn,swa_Latn,1,1,98548,98547,1,0.1537,4993.0
ast_Latn-jav_Latn,ast_Latn,jav_Latn,1,1,58589,58571,18,0.2442,2749.0
bho_Deva-mar_Deva,bho_Deva,mar_Deva,1,1,189635,189617,18,0.3584,8834.4
wln_Latn-xho_Latn,wln_Latn,xho_Latn,1,1,28277,28277,0,0.5109,1286.9
aze_Latn-swa_Latn,aze_Latn,swa_Latn,1,1,49137,49135,2,0.6429,2368.7
amh_Ethi-mkd_Cyrl,amh_Ethi,mkd_Cyrl,1,1,210177,210154,23,0.6008,5212.6
ast_Latn-kin_Latn,ast_Latn,kin_Latn,1,1,23346,23346,0,0.1882,1192.0
epo_Latn-srd_Latn,epo_Latn,srd_Latn,1,1,93330,93328,2,0.4840,4976.4
ltz_Latn-xho_Latn,ltz_Latn,xho_Latn,1,1,34370,34370,0,0.2204,1619.2
amh_Ethi-mlg_Latn,amh_Ethi,mlg_Latn,1,1,66810,66808,2,0.4963,1212.0
amh_Ethi-mon_Cyrl,amh_Ethi,mon_Cyrl,1,1,59542,59538,4,0.5428,2134.0
epo_Latn-sun_Latn,epo_Latn,sun_Latn,1,1,53990,53990,0,0.4000,2921.9
bho_Deva-pan_Guru,bho_Deva,pan_Guru,1,1,88860,88852,8,0.2932,4726.5
ast_Latn-ltz_Latn,ast_Latn,ltz_Latn,1,1,67266,67266,0,0.3345,3685.7
sot_Latn-xho_Latn,sot_Latn,xho_Latn,1,1,633237,633127,110,0.6423,31794.8
ast_Latn-lzh_Hani,ast_Latn,lzh_Hani,1,1,13288,13288,0,0.6139,569.7
amh_Ethi-mri_Latn,amh_Ethi,mri_Latn,1,1,62701,62697,4,0.6495,1872.6
lua_Latn-swa_Latn,lua_Latn,swa_Latn,1,1,87959,87947,12,0.3758,4575.3
nya_Latn-xho_Latn,nya_Latn,xho_Latn,1,1,609778,609744,34,0.6113,29887.3
bre_Latn-gle_Latn,bre_Latn,gle_Latn,1,1,63066,63065,1,0.4841,2319.4
sna_Latn-swh_Latn,sna_Latn,swh_Latn,1,1,431867,431725,142,0.6391,19228.6
lua_Latn-tsn_Latn,lua_Latn,tsn_Latn,1,1,82873,82813,60,0.3285,2958.7
nep_Deva-pan_Guru,nep_Deva,pan_Guru,1,1,333367,333245,122,0.5196,14693.2
epo_Latn-tel_Telu,epo_Latn,tel_Telu,1,1,151731,151714,17,0.7360,5452.6
ast_Latn-mal_Mlym,ast_Latn,mal_Mlym,1,1,137965,137965,0,0.2085,4555.8
amh_Ethi-mya_Mymr,amh_Ethi,mya_Mymr,1,1,136727,136717,10,0.6620,4449.8
bre_Latn-isl_Latn,bre_Latn,isl_Latn,1,1,116526,116522,4,0.2982,3964.9
epo_Latn-wln_Latn,epo_Latn,wln_Latn,1,1,38931,38927,4,0.6705,1637.2
nep_Deva-san_Deva,nep_Deva,san_Deva,1,1,91486,91461,25,0.3314,3228.6
lua_Latn-xho_Latn,lua_Latn,xho_Latn,1,1,96523,96474,49,0.3851,3471.1
ibo_Latn-xho_Latn,ibo_Latn,xho_Latn,1,1,341986,341922,64,0.5608,13274.2
amh_Ethi-nep_Deva,amh_Ethi,nep_Deva,1,1,105194,105189,5,0.5328,3083.4
bre_Latn-mar_Deva,bre_Latn,mar_Deva,1,1,78697,78687,10,0.2135,2948.8
sna_Latn-tir_Ethi,sna_Latn,tir_Ethi,1,1,157907,157906,1,0.6821,5496.2
npi_Deva-snd_Arab,npi_Deva,snd_Arab,1,1,380207,380188,19,0.4783,15046.2
epo_Latn-yue_Hani,epo_Latn,yue_Hani,1,1,97681,97680,1,0.4324,3248.3
amh_Ethi-nno_Latn,amh_Ethi,nno_Latn,1,1,37452,37447,5,0.3097,1703.5
nep_Deva-swa_Latn,nep_Deva,swa_Latn,1,1,87479,87471,8,0.4960,2763.8
npi_Deva-sqi_Latn,npi_Deva,sqi_Latn,1,1,41060,41058,2,0.2033,1277.3
bre_Latn-pan_Guru,bre_Latn,pan_Guru,1,1,45925,45925,0,0.5131,1693.3
lua_Latn-zul_Latn,lua_Latn,zul_Latn,1,1,102149,102116,33,0.3936,3911.5
amh_Ethi-nob_Latn,amh_Ethi,nob_Latn,1,1,96216,96190,26,0.6704,1428.0
bre_Latn-swa_Latn,bre_Latn,swa_Latn,1,1,14409,14409,0,0.3068,814.4
npi_Deva-sun_Latn,npi_Deva,sun_Latn,1,1,38928,38920,8,0.6107,1860.1
ewe_Latn-ibo_Latn,ewe_Latn,ibo_Latn,1,1,88452,88435,17,0.3535,3344.0
kan_Knda-ory_Orya,kan_Knda,ory_Orya,1,1,1844995,1844985,10,0.5694,104634.2
bre_Latn-xho_Latn,bre_Latn,xho_Latn,1,1,77290,77288,2,0.3014,2325.2
amh_Ethi-nor_Latn,amh_Ethi,nor_Latn,1,1,196962,196945,17,0.4146,3545.0
jav_Latn-plt_Latn,jav_Latn,plt_Latn,1,1,759476,759399,77,0.6848,30196.8
lug_Latn-swa_Latn,lug_Latn,swa_Latn,1,1,111327,111289,38,0.3253,3925.8
ast_Latn-mkd_Cyrl,ast_Latn,mkd_Cyrl,1,1,319345,319334,11,0.2853,10730.3
amh_Ethi-npi_Deva,amh_Ethi,npi_Deva,1,1,55212,55186,26,0.6544,1177.2
sna_Latn-tsn_Latn,sna_Latn,tsn_Latn,1,1,206039,205973,66,0.4635,7321.5
ast_Latn-mlg_Latn,ast_Latn,mlg_Latn,1,1,16168,16168,0,0.4232,650.1
ast_Latn-nep_Deva,ast_Latn,nep_Deva,1,1,28949,28948,1,0.5704,922.5
sot_Latn-yor_Latn,sot_Latn,yor_Latn,1,1,509244,508867,377,0.5152,17325.2
kin_Latn-umb_Latn,kin_Latn,umb_Latn,1,1,88146,88085,61,0.2771,5095.0
amh_Ethi-nso_Latn,amh_Ethi,nso_Latn,1,1,120218,120172,46,0.4014,2109.4
nya_Latn-yor_Latn,nya_Latn,yor_Latn,1,1,479055,478968,87,0.4432,16457.4
lug_Latn-swh_Latn,lug_Latn,swh_Latn,1,1,97828,97801,27,0.4972,3290.8
jav_Latn-sin_Sinh,jav_Latn,sin_Sinh,1,1,111502,111501,1,0.2831,3561.6
ewe_Latn-kin_Latn,ewe_Latn,kin_Latn,1,1,170791,170752,39,0.4096,5732.3
ast_Latn-nno_Latn,ast_Latn,nno_Latn,1,1,66279,66270,9,0.7785,1899.1
mai_Deva-nds_Latn,mai_Deva,nds_Latn,1,1,28524,28524,0,0.7472,1201.7
ibo_Latn-yor_Latn,ibo_Latn,yor_Latn,1,1,394583,394560,23,0.5387,12702.6
ewe_Latn-lin_Latn,ewe_Latn,lin_Latn,1,1,104767,104712,55,0.3991,3211.6
ast_Latn-nob_Latn,ast_Latn,nob_Latn,1,1,129128,129084,44,0.7492,3285.6
ewe_Latn-lua_Latn,ewe_Latn,lua_Latn,1,1,79992,79934,58,0.2050,2157.8
ast_Latn-nor_Latn,ast_Latn,nor_Latn,1,1,85649,85238,411,0.7442,2445.2
nob_Latn-als_Latn,nob_Latn,als_Latn,1,1,2777501,2776518,983,0.6928,95704.4
cym_Latn-als_Latn,cym_Latn,als_Latn,1,1,409581,409505,76,0.5566,11428.7
mai_Deva-ory_Orya,mai_Deva,ory_Orya,1,1,180003,179994,9,0.4046,7309.2
ewe_Latn-lug_Latn,ewe_Latn,lug_Latn,1,1,84666,84639,27,0.3574,2839.5
amh_Ethi-als_Latn,amh_Ethi,als_Latn,1,1,106423,106407,16,0.6320,3277.4
epo_Latn-als_Latn,epo_Latn,als_Latn,1,1,987361,987214,147,0.5698,32424.8
ast_Latn-oci_Latn,ast_Latn,oci_Latn,1,1,105906,105903,3,0.3432,3167.8
als_Latn-swa_Latn,als_Latn,swa_Latn,1,1,158551,158464,87,0.6119,4780.4
nob_Latn-isl_Latn,nob_Latn,isl_Latn,1,1,119828,119820,8,0.7523,3519.4
ewe_Latn-nso_Latn,ewe_Latn,nso_Latn,1,1,85885,85846,39,0.2457,2259.1
mal_Mlym-nds_Latn,mal_Mlym,nds_Latn,1,1,71662,71660,2,0.4097,2798.8
als_Latn-yor_Latn,als_Latn,yor_Latn,1,1,48195,48193,2,0.5121,1042.9
jav_Latn-smo_Latn,jav_Latn,smo_Latn,1,1,481835,481759,76,0.6928,12217.5
ast_Latn-sin_Sinh,ast_Latn,sin_Sinh,1,1,136000,136000,0,0.2110,2789.5
ast_Latn-snd_Arab,ast_Latn,snd_Arab,1,1,12938,12938,0,0.1184,288.2
mal_Mlym-npi_Deva,mal_Mlym,npi_Deva,1,1,1197717,1197646,71,0.5208,36645.0
epo_Latn-gle_Latn,epo_Latn,gle_Latn,1,1,216982,216940,42,0.6926,4732.3
ibo_Latn-zul_Latn,ibo_Latn,zul_Latn,1,1,486367,486299,68,0.5972,11565.7
amh_Ethi-hat_Latn,amh_Ethi,hat_Latn,1,1,123118,123105,13,0.6549,2496.4
jav_Latn-som_Latn,jav_Latn,som_Latn,1,1,61819,61815,4,0.2005,1436.0
ast_Latn-sqi_Latn,ast_Latn,sqi_Latn,1,1,49830,49741,89,0.6975,1142.9
mal_Mlym-nya_Latn,mal_Mlym,nya_Latn,1,1,56186,56171,15,0.4395,1135.8
epo_Latn-hat_Latn,epo_Latn,hat_Latn,1,1,37412,37411,1,0.7262,682.0
nob_Latn-swa_Latn,nob_Latn,swa_Latn,1,1,193599,193524,75,0.6056,3906.4
als_Latn-swh_Latn,als_Latn,swh_Latn,1,1,362663,362421,242,0.6730,8800.6
amh_Ethi-nya_Latn,amh_Ethi,nya_Latn,1,1,635358,635237,121,0.6401,14604.9
ilo_Latn-isl_Latn,ilo_Latn,isl_Latn,1,1,48539,48534,5,0.2480,869.0
mal_Mlym-oci_Latn,mal_Mlym,oci_Latn,1,1,49958,49955,3,0.3876,886.3
ilo_Latn-lao_Laoo,ilo_Latn,lao_Laoo,1,1,16193,16193,0,0.8346,295.9
sna_Latn-xho_Latn,sna_Latn,xho_Latn,1,1,704365,704222,143,0.6770,17116.3
ewe_Latn-nya_Latn,ewe_Latn,nya_Latn,1,1,215256,215197,59,0.4465,4288.0
ast_Latn-srd_Latn,ast_Latn,srd_Latn,1,1,75968,75960,8,0.3274,1362.4
amh_Ethi-pbt_Arab,amh_Ethi,pbt_Arab,1,1,41300,41299,1,0.5302,984.7
ilo_Latn-mar_Deva,ilo_Latn,mar_Deva,1,1,34752,34751,1,0.1130,623.9
mal_Mlym-pbt_Arab,mal_Mlym,pbt_Arab,1,1,59948,59943,5,0.5775,1006.5
epo_Latn-hau_Latn,epo_Latn,hau_Latn,1,1,100952,100952,0,0.1390,1716.6
ast_Latn-sun_Latn,ast_Latn,sun_Latn,1,1,36064,36062,2,0.1530,647.5
ast_Latn-tel_Telu,ast_Latn,tel_Telu,1,1,43884,43883,1,0.3593,750.3
als_Latn-xho_Latn,als_Latn,xho_Latn,1,1,145572,145482,90,0.7466,2559.7
amh_Ethi-plt_Latn,amh_Ethi,plt_Latn,1,1,71748,71744,4,0.6464,1436.7
ast_Latn-wln_Latn,ast_Latn,wln_Latn,1,1,18979,18979,0,0.6834,316.0
mal_Mlym-pus_Arab,mal_Mlym,pus_Arab,1,1,75053,75053,0,0.5001,1227.8
ast_Latn-yue_Hani,ast_Latn,yue_Hani,1,1,13597,13597,0,0.5940,229.0
ewe_Latn-run_Latn,ewe_Latn,run_Latn,1,1,144559,144523,36,0.4713,2500.4
amh_Ethi-pus_Arab,amh_Ethi,pus_Arab,1,1,54168,54168,0,0.5490,1006.1
sot_Latn-zul_Latn,sot_Latn,zul_Latn,1,1,861545,861464,81,0.6619,19024.4
aze_Latn-cym_Latn,aze_Latn,cym_Latn,1,1,68699,68695,4,0.4756,1054.9
jav_Latn-sqi_Latn,jav_Latn,sqi_Latn,1,1,264983,264269,714,0.1977,5124.1
jav_Latn-srd_Latn,jav_Latn,srd_Latn,1,1,916,916,0,0.4043,38.3
nya_Latn-zul_Latn,nya_Latn,zul_Latn,1,1,876720,876642,78,0.5904,19301.8
amh_Ethi-isl_Latn,amh_Ethi,isl_Latn,1,1,165242,165224,18,0.7089,2746.4
oci_Latn-pan_Guru,oci_Latn,pan_Guru,1,1,28748,28748,0,0.7327,797.7
aze_Latn-epo_Latn,aze_Latn,epo_Latn,1,1,89364,89363,1,0.4023,1828.5
aze_Latn-fur_Latn,aze_Latn,fur_Latn,1,1,11981,11955,26,0.4321,336.0
oci_Latn-swa_Latn,oci_Latn,swa_Latn,1,1,28390,28390,0,0.4216,598.7
amh_Ethi-swa_Latn,amh_Ethi,swa_Latn,1,1,422785,422749,36,0.4608,7375.4
ewe_Latn-sna_Latn,ewe_Latn,sna_Latn,1,1,207825,207753,72,0.4905,3967.8
sqi_Latn-swa_Latn,sqi_Latn,swa_Latn,1,1,193252,193228,24,0.6224,3592.9
nob_Latn-swh_Latn,nob_Latn,swh_Latn,1,1,420720,420505,215,0.6890,7477.9
oci_Latn-xho_Latn,oci_Latn,xho_Latn,1,1,70363,70363,0,0.2518,1340.5
amh_Ethi-hau_Latn,amh_Ethi,hau_Latn,1,1,676690,676447,243,0.6013,13200.9
aze_Latn-hye_Armn,aze_Latn,hye_Armn,1,1,96349,96329,20,0.4027,1662.8
amh_Ethi-run_Latn,amh_Ethi,run_Latn,1,1,188061,188012,49,0.5537,4509.6
pbt_Arab-als_Latn,pbt_Arab,als_Latn,1,1,38198,38196,2,0.6427,589.7
amh_Ethi-lao_Laoo,amh_Ethi,lao_Laoo,1,1,38926,38924,2,0.6159,590.9
sna_Latn-yor_Latn,sna_Latn,yor_Latn,1,1,435950,435693,257,0.5164,7626.5
sqi_Latn-swh_Latn,sqi_Latn,swh_Latn,1,1,68470,68445,25,0.5154,1068.7
amh_Ethi-mar_Deva,amh_Ethi,mar_Deva,1,1,179117,179070,47,0.6375,3218.6
epo_Latn-isl_Latn,epo_Latn,isl_Latn,1,1,424574,424541,33,0.7037,7166.7
amh_Ethi-pan_Guru,amh_Ethi,pan_Guru,1,1,42530,42530,0,0.6335,667.9
ewe_Latn-som_Latn,ewe_Latn,som_Latn,1,1,141210,141191,19,0.2718,2234.7
aze_Latn-jav_Latn,aze_Latn,jav_Latn,1,1,103479,103329,150,0.1317,1731.2
nob_Latn-xho_Latn,nob_Latn,xho_Latn,1,1,178251,178170,81,0.7692,2715.1
plt_Latn-als_Latn,plt_Latn,als_Latn,1,1,118913,118886,27,0.6001,1856.5
aze_Latn-khm_Khmr,aze_Latn,khm_Khmr,1,1,48868,48867,1,0.3966,727.0
sqi_Latn-xho_Latn,sqi_Latn,xho_Latn,1,1,153327,153308,19,0.1848,2411.5
kan_Knda-mar_Deva,kan_Knda,mar_Deva,1,1,3641740,3640198,1542,0.5948,108811.2
amh_Ethi-sin_Sinh,amh_Ethi,sin_Sinh,1,1,173276,173267,9,0.6711,2966.5
amh_Ethi-tsn_Latn,amh_Ethi,tsn_Latn,1,1,199380,199349,31,0.4226,3849.4
epo_Latn-mar_Deva,epo_Latn,mar_Deva,1,1,186673,186637,36,0.5278,3602.4
plt_Latn-mar_Deva,plt_Latn,mar_Deva,1,1,102078,102037,41,0.4798,2612.2
sqi_Latn-yor_Latn,sqi_Latn,yor_Latn,1,1,60535,60533,2,0.5668,1950.9
ewe_Latn-sot_Latn,ewe_Latn,sot_Latn,1,1,146131,146109,22,0.3181,3409.9
aze_Latn-mal_Mlym,aze_Latn,mal_Mlym,1,1,99190,99189,1,0.3752,2621.8
npi_Deva-tel_Telu,npi_Deva,tel_Telu,1,1,1491689,1491576,113,0.5138,33624.7
epo_Latn-pan_Guru,epo_Latn,pan_Guru,1,1,41651,41649,2,0.7502,957.2
amh_Ethi-tir_Ethi,amh_Ethi,tir_Ethi,1,1,217769,217769,0,0.7352,4485.1
srd_Latn-als_Latn,srd_Latn,als_Latn,1,1,52488,52323,165,0.6238,1048.1
plt_Latn-swh_Latn,plt_Latn,swh_Latn,1,1,78169,78144,25,0.5971,1879.2
ewe_Latn-swc_Latn,ewe_Latn,swc_Latn,1,1,107980,107966,14,0.6383,2018.6
srd_Latn-isl_Latn,srd_Latn,isl_Latn,1,1,68975,68957,18,0.6128,1302.6
plt_Latn-xho_Latn,plt_Latn,xho_Latn,1,1,56639,56587,52,0.6392,1136.1
nso_Latn-nya_Latn,nso_Latn,nya_Latn,1,1,136301,136235,66,0.4036,2624.4
srd_Latn-mar_Deva,srd_Latn,mar_Deva,1,1,67500,67452,48,0.3513,1225.9
pus_Arab-swa_Latn,pus_Arab,swa_Latn,1,1,44284,44284,0,0.4941,750.5
aze_Latn-mkd_Cyrl,aze_Latn,mkd_Cyrl,1,1,199220,199048,172,0.4204,3639.7
amh_Ethi-swh_Latn,amh_Ethi,swh_Latn,1,1,535814,535740,74,0.5635,9771.0
aze_Latn-mlg_Latn,aze_Latn,mlg_Latn,1,1,30663,30661,2,0.6008,490.8
pus_Arab-xho_Latn,pus_Arab,xho_Latn,1,1,35422,35422,0,0.3560,604.1
nso_Latn-run_Latn,nso_Latn,run_Latn,1,1,92896,92834,62,0.3370,1583.4
srd_Latn-swa_Latn,srd_Latn,swa_Latn,1,1,62895,62850,45,0.3477,1006.8
ewe_Latn-tso_Latn,ewe_Latn,tso_Latn,1,1,147844,147822,22,0.3943,2492.8
aze_Latn-mon_Cyrl,aze_Latn,mon_Cyrl,1,1,24031,24016,15,0.6429,391.2
aze_Latn-nep_Deva,aze_Latn,nep_Deva,1,1,32965,32952,13,0.6640,564.5
epo_Latn-swa_Latn,epo_Latn,swa_Latn,1,1,306296,306268,28,0.4623,5059.2
srd_Latn-xho_Latn,srd_Latn,xho_Latn,1,1,83166,83153,13,0.1118,1384.8
nso_Latn-sna_Latn,nso_Latn,sna_Latn,1,1,117356,117281,75,0.3951,1911.4
ewe_Latn-tum_Latn,ewe_Latn,tum_Latn,1,1,119684,119644,40,0.4780,1993.7
aze_Latn-nor_Latn,aze_Latn,nor_Latn,1,1,93105,92878,227,0.7007,1610.8
jav_Latn-sun_Latn,jav_Latn,sun_Latn,1,1,809456,809316,140,0.7137,14976.0
run_Latn-swa_Latn,run_Latn,swa_Latn,1,1,170404,170394,10,0.4519,2702.7
ssw_Latn-swa_Latn,ssw_Latn,swa_Latn,1,1,69584,69518,66,0.2790,1159.2
jav_Latn-tel_Telu,jav_Latn,tel_Telu,1,1,46614,46609,5,0.5169,720.2
nso_Latn-som_Latn,nso_Latn,som_Latn,1,1,114828,114805,23,0.2327,1872.8
aze_Latn-sin_Sinh,aze_Latn,sin_Sinh,1,1,101668,101666,2,0.4102,1550.4
ssw_Latn-tsn_Latn,ssw_Latn,tsn_Latn,1,1,77978,77910,68,0.4133,1493.7
amh_Ethi-xho_Latn,amh_Ethi,xho_Latn,1,1,498227,498173,54,0.6476,8280.4
ewe_Latn-twi_Latn,ewe_Latn,twi_Latn,1,1,145422,145397,25,0.4597,2579.4
run_Latn-swh_Latn,run_Latn,swh_Latn,1,1,176700,176676,24,0.5050,3163.2
aze_Latn-sqi_Latn,aze_Latn,sqi_Latn,1,1,81784,81688,96,0.6746,1801.6
epo_Latn-swh_Latn,epo_Latn,swh_Latn,1,1,276666,276584,82,0.6880,4593.6
fao_Latn-mkd_Cyrl,fao_Latn,mkd_Cyrl,1,1,51094,51085,9,0.5525,1081.5
ssw_Latn-xho_Latn,ssw_Latn,xho_Latn,1,1,103371,103257,114,0.5015,2024.3
aze_Latn-srd_Latn,aze_Latn,srd_Latn,1,1,33202,33085,117,0.3326,653.1
fao_Latn-nor_Latn,fao_Latn,nor_Latn,1,1,30691,30685,6,0.7507,575.7
sna_Latn-zul_Latn,sna_Latn,zul_Latn,1,1,913822,913693,129,0.6755,16001.0
nso_Latn-sot_Latn,nso_Latn,sot_Latn,1,1,174660,174605,55,0.4619,3308.3
nor_Latn-als_Latn,nor_Latn,als_Latn,1,1,730995,728146,2849,0.5834,14338.1
guj_Gujr-mar_Deva,guj_Gujr,mar_Deva,1,1,2913705,2912525,1180,0.5950,75281.7
aze_Latn-sun_Latn,aze_Latn,sun_Latn,1,1,55353,55349,4,0.3714,970.3
run_Latn-tir_Ethi,run_Latn,tir_Ethi,1,1,114789,114789,0,0.6767,2026.2
nor_Latn-pan_Guru,nor_Latn,pan_Guru,1,1,51788,51715,73,0.4027,1002.1
jav_Latn-war_Latn,jav_Latn,war_Latn,1,1,270503,270319,184,0.3143,5059.2
snd_Arab-swa_Latn,snd_Arab,swa_Latn,1,1,71425,71424,1,0.1172,1235.3
amh_Ethi-sna_Latn,amh_Ethi,sna_Latn,1,1,701891,701626,265,0.6694,14689.4
aze_Latn-tel_Telu,aze_Latn,tel_Telu,1,1,74811,74782,29,0.5289,1222.8
ssw_Latn-zul_Latn,ssw_Latn,zul_Latn,1,1,136176,135880,296,0.5473,2400.1
snd_Arab-xho_Latn,snd_Arab,xho_Latn,1,1,28983,28983,0,0.0782,455.1
aze_Latn-yue_Hani,aze_Latn,yue_Hani,1,1,25430,25430,0,0.2523,425.5
fij_Latn-ilo_Latn,fij_Latn,ilo_Latn,1,1,159386,159345,41,0.5154,2707.6
nso_Latn-tso_Latn,nso_Latn,tso_Latn,1,1,166484,166411,73,0.4641,2967.4
run_Latn-tsn_Latn,run_Latn,tsn_Latn,1,1,146467,146449,18,0.4229,2620.1
epo_Latn-xho_Latn,epo_Latn,xho_Latn,1,1,272303,272249,54,0.4461,4671.4
som_Latn-als_Latn,som_Latn,als_Latn,1,1,89861,89836,25,0.4967,1719.1
jav_Latn-yue_Hani,jav_Latn,yue_Hani,1,1,148185,148181,4,0.0630,2692.7
amh_Ethi-zul_Latn,amh_Ethi,zul_Latn,1,1,705528,705452,76,0.6673,12057.0
amh_Ethi-yor_Latn,amh_Ethi,yor_Latn,1,1,401024,401005,19,0.5373,7175.7
gle_Latn-hau_Latn,gle_Latn,hau_Latn,1,1,13170,13170,0,0.2518,268.1
nso_Latn-twi_Latn,nso_Latn,twi_Latn,1,1,86451,86411,40,0.3083,1678.1
nor_Latn-swa_Latn,nor_Latn,swa_Latn,1,1,205044,204977,67,0.6131,3731.6
kab_Latn-nor_Latn,kab_Latn,nor_Latn,1,1,47933,47927,6,0.5986,920.6
sun_Latn-swa_Latn,sun_Latn,swa_Latn,1,1,185812,185789,23,0.3011,3378.1
fij_Latn-jav_Latn,fij_Latn,jav_Latn,1,1,163239,163179,60,0.4005,3130.8
azj_Latn-cym_Latn,azj_Latn,cym_Latn,1,1,211919,211908,11,0.7284,3784.2
sun_Latn-swh_Latn,sun_Latn,swh_Latn,1,1,72045,72023,22,0.5858,1260.4
ewe_Latn-hau_Latn,ewe_Latn,hau_Latn,1,1,157029,156988,41,0.3330,2854.4
kan_Knda-kas_Deva,kan_Knda,kas_Deva,1,1,82838,82781,57,0.1871,1450.4
nor_Latn-swh_Latn,nor_Latn,swh_Latn,1,1,94477,94469,8,0.5423,1576.6
fij_Latn-mri_Latn,fij_Latn,mri_Latn,1,1,89995,89987,8,0.4645,1572.1
kan_Knda-pan_Guru,kan_Knda,pan_Guru,1,1,1153637,1153420,217,0.6313,20223.8
sun_Latn-xho_Latn,sun_Latn,xho_Latn,1,1,50932,50925,7,0.4955,914.2
gle_Latn-isl_Latn,gle_Latn,isl_Latn,1,1,1118975,1118771,204,0.6492,19329.1
azj_Latn-epo_Latn,azj_Latn,epo_Latn,1,1,130374,130362,12,0.7237,2211.4
gle_Latn-swh_Latn,gle_Latn,swh_Latn,1,1,190640,190440,200,0.6468,3402.1
fij_Latn-pag_Latn,fij_Latn,pag_Latn,1,1,101727,101688,39,0.4073,1767.8
nya_Latn-run_Latn,nya_Latn,run_Latn,1,1,218419,218374,45,0.5769,3828.1
ewe_Latn-swa_Latn,ewe_Latn,swa_Latn,1,1,164108,164059,49,0.4046,2749.5
azj_Latn-guj_Gujr,azj_Latn,guj_Gujr,1,1,68030,68030,0,0.7659,1086.0
som_Latn-swa_Latn,som_Latn,swa_Latn,1,1,324764,324691,73,0.3165,5614.3
gle_Latn-swa_Latn,gle_Latn,swa_Latn,1,1,108982,108905,77,0.4090,1855.5
hat_Latn-xho_Latn,hat_Latn,xho_Latn,1,1,86517,86502,15,0.5265,1374.3
nor_Latn-xho_Latn,nor_Latn,xho_Latn,1,1,187012,187003,9,0.1434,3094.9
nya_Latn-sin_Sinh,nya_Latn,sin_Sinh,1,1,64057,64048,9,0.5125,1032.7
kan_Knda-san_Deva,kan_Knda,san_Deva,1,1,219125,219115,10,0.2706,3433.8
hau_Latn-hat_Latn,hau_Latn,hat_Latn,1,1,69502,69498,4,0.5634,1049.7
nor_Latn-yor_Latn,nor_Latn,yor_Latn,1,1,68522,68518,4,0.5512,1031.2
mal_Mlym-sin_Sinh,mal_Mlym,sin_Sinh,1,1,1914496,1914449,47,0.5572,32405.1
kan_Knda-mai_Deva,kan_Knda,mai_Deva,1,1,293047,293041,6,0.3348,4686.6
fij_Latn-plt_Latn,fij_Latn,plt_Latn,1,1,172871,172849,22,0.4591,2631.3
amh_Ethi-som_Latn,amh_Ethi,som_Latn,1,1,490130,490090,40,0.5495,9992.9
kan_Knda-swa_Latn,kan_Knda,swa_Latn,1,1,73777,73765,12,0.3653,1193.9
azj_Latn-hye_Armn,azj_Latn,hye_Armn,1,1,165824,165810,14,0.4559,2528.1
mal_Mlym-sna_Latn,mal_Mlym,sna_Latn,1,1,63627,63568,59,0.5974,1105.3
npi_Deva-als_Latn,npi_Deva,als_Latn,1,1,108190,108165,25,0.6807,1839.2
azj_Latn-kan_Knda,azj_Latn,kan_Knda,1,1,68114,68112,2,0.7864,1131.1
hat_Latn-isl_Latn,hat_Latn,isl_Latn,1,1,226458,226421,37,0.6523,3639.8
kan_Knda-xho_Latn,kan_Knda,xho_Latn,1,1,86492,86483,9,0.7285,1415.9
mal_Mlym-mar_Deva,mal_Mlym,mar_Deva,1,1,4062592,4062332,260,0.5367,105145.7
fij_Latn-smo_Latn,fij_Latn,smo_Latn,1,1,135200,135175,25,0.5445,2328.4
azj_Latn-khm_Khmr,azj_Latn,khm_Khmr,1,1,64550,64545,5,0.5484,1070.7
gle_Latn-als_Latn,gle_Latn,als_Latn,1,1,467284,453758,13526,0.5340,9443.0
kas_Deva-mar_Deva,kas_Deva,mar_Deva,1,1,72450,72402,48,0.2713,1152.8
hat_Latn-swh_Latn,hat_Latn,swh_Latn,1,1,88258,88234,24,0.6033,1400.3
som_Latn-swh_Latn,som_Latn,swh_Latn,1,1,362723,362649,74,0.5292,5692.5
hat_Latn-zul_Latn,hat_Latn,zul_Latn,1,1,45995,45991,4,0.5568,719.2
khk_Cyrl-als_Latn,khk_Cyrl,als_Latn,1,1,61145,61126,19,0.6051,947.6
gle_Latn-mar_Deva,gle_Latn,mar_Deva,1,1,66602,66582,20,0.6148,1039.2
fij_Latn-sun_Latn,fij_Latn,sun_Latn,1,1,107016,106998,18,0.3330,1701.9
azj_Latn-mal_Mlym,azj_Latn,mal_Mlym,1,1,135533,135531,2,0.7258,2112.7
guj_Gujr-pan_Guru,guj_Gujr,pan_Guru,1,1,979930,979711,219,0.7678,15959.5
khk_Cyrl-mar_Deva,khk_Cyrl,mar_Deva,1,1,80032,80003,29,0.5974,1291.4
hau_Latn-als_Latn,hau_Latn,als_Latn,1,1,83258,83237,21,0.4638,1340.5
som_Latn-tir_Ethi,som_Latn,tir_Ethi,1,1,105510,105505,5,0.3855,1609.5
bak_Cyrl-nor_Latn,bak_Cyrl,nor_Latn,1,1,22216,22215,1,0.6891,407.7
bre_Latn-fry_Latn,bre_Latn,fry_Latn,1,1,23727,23727,0,0.4607,458.9
bre_Latn-mlg_Latn,bre_Latn,mlg_Latn,1,1,15825,15825,0,0.4746,463.1
azj_Latn-som_Latn,azj_Latn,som_Latn,1,1,46233,46228,5,0.5330,1019.0
azj_Latn-mya_Mymr,azj_Latn,mya_Mymr,1,1,49333,49329,4,0.5639,1100.7
khm_Khmr-als_Latn,khm_Khmr,als_Latn,1,1,98906,98879,27,0.6172,1898.5
bem_Latn-sna_Latn,bem_Latn,sna_Latn,1,1,95113,95064,49,0.4920,1874.2
bak_Cyrl-uig_Arab,bak_Cyrl,uig_Arab,1,1,79021,79021,0,0.4245,1541.7
hau_Latn-swh_Latn,hau_Latn,swh_Latn,1,1,494031,493905,126,0.5179,8146.1
azj_Latn-sin_Sinh,azj_Latn,sin_Sinh,1,1,110556,110537,19,0.7163,2135.6
mkd_Cyrl-nds_Latn,mkd_Cyrl,nds_Latn,1,1,103445,103435,10,0.4575,1947.0
azj_Latn-sqi_Latn,azj_Latn,sqi_Latn,1,1,108910,108676,234,0.4783,2284.5
mlg_Latn-nds_Latn,mlg_Latn,nds_Latn,1,1,8301,8301,0,0.7385,158.4
hau_Latn-mar_Deva,hau_Latn,mar_Deva,1,1,156817,156798,19,0.2867,2689.9
azj_Latn-tgk_Cyrl,azj_Latn,tgk_Cyrl,1,1,55431,55400,31,0.6051,1438.1
khm_Khmr-lao_Laoo,khm_Khmr,lao_Laoo,1,1,49214,49209,5,0.5910,930.0
azj_Latn-srd_Latn,azj_Latn,srd_Latn,1,1,62543,62505,38,0.2281,1268.5
som_Latn-tsn_Latn,som_Latn,tsn_Latn,1,1,152135,152081,54,0.2546,2717.3
bre_Latn-kin_Latn,bre_Latn,kin_Latn,1,1,14950,14950,0,0.2729,293.5
guj_Gujr-san_Deva,guj_Gujr,san_Deva,1,1,201127,201117,10,0.1905,3395.1
azj_Latn-nor_Latn,azj_Latn,nor_Latn,1,1,151125,150537,588,0.4200,3083.2
azj_Latn-sun_Latn,azj_Latn,sun_Latn,1,1,47704,47698,6,0.5922,995.7
npi_Deva-pan_Guru,npi_Deva,pan_Guru,1,1,487846,487816,30,0.5769,8046.0
cym_Latn-ibo_Latn,cym_Latn,ibo_Latn,1,1,57538,57534,4,0.5949,1151.3
guj_Gujr-swa_Latn,guj_Gujr,swa_Latn,1,1,76626,76619,7,0.4232,1372.9
ckb_Arab-pbt_Arab,ckb_Arab,pbt_Arab,1,1,192247,192227,20,0.2821,3495.8
bem_Latn-kin_Latn,bem_Latn,kin_Latn,1,1,105086,105032,54,0.3722,2001.5
bem_Latn-nya_Latn,bem_Latn,nya_Latn,1,1,91147,91115,32,0.4879,1695.5
azj_Latn-tat_Cyrl,azj_Latn,tat_Cyrl,1,1,143327,143295,32,0.3584,2664.6
bre_Latn-nor_Latn,bre_Latn,nor_Latn,1,1,30765,30755,10,0.4895,585.7
bem_Latn-run_Latn,bem_Latn,run_Latn,1,1,47872,47850,22,0.5556,883.0
nep_Deva-ory_Orya,nep_Deva,ory_Orya,1,1,183774,183766,8,0.4470,3249.2
cym_Latn-kir_Cyrl,cym_Latn,kir_Cyrl,1,1,65580,65578,2,0.5795,1720.0
khm_Khmr-mar_Deva,khm_Khmr,mar_Deva,1,1,172360,172314,46,0.5876,3140.5
guj_Gujr-xho_Latn,guj_Gujr,xho_Latn,1,1,86421,86409,12,0.6708,1570.0
npi_Deva-san_Deva,npi_Deva,san_Deva,1,1,123012,123010,2,0.1951,2187.6
cym_Latn-lim_Latn,cym_Latn,lim_Latn,1,1,29523,29509,14,0.4435,556.6
fry_Latn-nor_Latn,fry_Latn,nor_Latn,1,1,95426,95420,6,0.5206,1716.0
cym_Latn-hne_Deva,cym_Latn,hne_Deva,1,1,47378,47378,0,0.5555,881.5
hau_Latn-tsn_Latn,hau_Latn,tsn_Latn,1,1,226191,226104,87,0.2735,4268.7
hbs_Latn-swa_Latn,hbs_Latn,swa_Latn,1,1,21690,21690,0,0.7620,354.0
bho_Deva-mal_Mlym,bho_Deva,mal_Mlym,1,1,266507,266493,14,0.3313,4768.5
bre_Latn-cym_Latn,bre_Latn,cym_Latn,1,1,73123,73122,1,0.5225,1308.8
bho_Deva-guj_Gujr,bho_Deva,guj_Gujr,1,1,195136,195133,3,0.2239,3556.5
guj_Gujr-kin_Latn,guj_Gujr,kin_Latn,1,1,32249,32249,0,0.2879,761.2
khm_Khmr-pan_Guru,khm_Khmr,pan_Guru,1,1,72402,72392,10,0.6701,1297.0
fry_Latn-tel_Telu,fry_Latn,tel_Telu,1,1,46048,46045,3,0.5258,776.9
npi_Deva-swh_Latn,npi_Deva,swh_Latn,1,1,55683,55669,14,0.6629,989.5
cym_Latn-epo_Latn,cym_Latn,epo_Latn,1,1,283418,283383,35,0.7596,5163.6
cym_Latn-khk_Cyrl,cym_Latn,khk_Cyrl,1,1,55463,55460,3,0.6007,925.4
nob_Latn-nds_Latn,nob_Latn,nds_Latn,1,1,91682,91666,16,0.7739,1576.2
azj_Latn-mkd_Cyrl,azj_Latn,mkd_Cyrl,1,1,429680,429639,41,0.7252,7633.7
srd_Latn-und_Kana,srd_Latn,und_Kana,1,1,31864,31863,1,0.6498,635.1
bre_Latn-nob_Latn,bre_Latn,nob_Latn,1,1,70156,70149,7,0.4011,1316.4
cym_Latn-fry_Latn,cym_Latn,fry_Latn,1,1,45542,45541,1,0.5369,911.1
bho_Deva-kan_Knda,bho_Deva,kan_Knda,1,1,179635,179628,7,0.3172,3277.2
hye_Armn-mri_Latn,hye_Armn,mri_Latn,1,1,50987,50982,5,0.5520,1369.5
npi_Deva-xho_Latn,npi_Deva,xho_Latn,1,1,67691,67682,9,0.6632,1297.1
azj_Latn-nob_Latn,azj_Latn,nob_Latn,1,1,451841,451507,334,0.7697,8284.2
bre_Latn-nno_Latn,bre_Latn,nno_Latn,1,1,90028,90019,9,0.4389,1686.6
cym_Latn-mon_Cyrl,cym_Latn,mon_Cyrl,1,1,65089,65087,2,0.5014,1213.6
cym_Latn-fur_Latn,cym_Latn,fur_Latn,1,1,26879,26878,1,0.2744,500.9
bre_Latn-oci_Latn,bre_Latn,oci_Latn,1,1,30541,30538,3,0.5744,560.3
fry_Latn-mlg_Latn,fry_Latn,mlg_Latn,1,1,20246,20246,0,0.4419,356.1
azj_Latn-nep_Deva,azj_Latn,nep_Deva,1,1,63020,63019,1,0.5818,1094.1
bre_Latn-sqi_Latn,bre_Latn,sqi_Latn,1,1,27061,27060,1,0.4369,460.6
cym_Latn-kin_Latn,cym_Latn,kin_Latn,1,1,39769,39768,1,0.2105,659.4
som_Latn-xho_Latn,som_Latn,xho_Latn,1,1,378226,378139,87,0.4958,6735.2
fur_Latn-vec_Latn,fur_Latn,vec_Latn,1,1,42935,42924,11,0.6793,715.5
fry_Latn-nep_Deva,fry_Latn,nep_Deva,1,1,36961,36960,1,0.5561,612.9
khm_Khmr-swa_Latn,khm_Khmr,swa_Latn,1,1,139377,139375,2,0.3822,2472.4
fur_Latn-nor_Latn,fur_Latn,nor_Latn,1,1,142473,142046,427,0.6330,2795.5
gla_Latn-mkd_Cyrl,gla_Latn,mkd_Cyrl,1,1,44315,44312,3,0.2006,830.9
bho_Deva-npi_Deva,bho_Deva,npi_Deva,1,1,123713,123711,2,0.3049,2131.6
fur_Latn-sin_Sinh,fur_Latn,sin_Sinh,1,1,28834,28832,2,0.4903,555.0
bho_Deva-sin_Sinh,bho_Deva,sin_Sinh,1,1,131387,131381,6,0.3196,2292.7
khm_Khmr-swh_Latn,khm_Khmr,swh_Latn,1,1,60535,60518,17,0.5898,1238.7
cym_Latn-khm_Khmr,cym_Latn,khm_Khmr,1,1,110133,110128,5,0.6699,2015.7
nso_Latn-swa_Latn,nso_Latn,swa_Latn,1,1,143667,143587,80,0.2935,2733.5
azj_Latn-tel_Telu,azj_Latn,tel_Telu,1,1,131802,131796,6,0.7439,2469.1
hau_Latn-swa_Latn,hau_Latn,swa_Latn,1,1,482451,482362,89,0.2953,9263.5
cym_Latn-kmr_Latn,cym_Latn,kmr_Latn,1,1,37347,37345,2,0.5413,898.1
khm_Khmr-xho_Latn,khm_Khmr,xho_Latn,1,1,56605,56596,9,0.5159,1567.2
guj_Gujr-hne_Deva,guj_Gujr,hne_Deva,1,1,87305,87299,6,0.4359,2202.4
guj_Gujr-nno_Latn,guj_Gujr,nno_Latn,1,1,74142,74137,5,0.7872,2120.1
cym_Latn-nep_Deva,cym_Latn,nep_Deva,1,1,158673,158667,6,0.5964,3440.7
bre_Latn-mal_Mlym,bre_Latn,mal_Mlym,1,1,106216,106212,4,0.3020,2504.6
bho_Deva-tel_Telu,bho_Deva,tel_Telu,1,1,326617,326591,26,0.3021,6552.6
nso_Latn-swh_Latn,nso_Latn,swh_Latn,1,1,99666,99649,17,0.4415,2381.2
fry_Latn-sqi_Latn,fry_Latn,sqi_Latn,1,1,37700,37699,1,0.5965,845.5
guj_Gujr-tgk_Cyrl,guj_Gujr,tgk_Cyrl,1,1,50440,50435,5,0.6285,1152.1
khm_Khmr-yor_Latn,khm_Khmr,yor_Latn,1,1,73039,73029,10,0.5241,1752.4
bre_Latn-epo_Latn,bre_Latn,epo_Latn,1,1,144359,144355,4,0.3589,3485.0
npi_Deva-ory_Orya,npi_Deva,ory_Orya,1,1,724085,724080,5,0.4614,14245.4
hau_Latn-tir_Ethi,hau_Latn,tir_Ethi,1,1,121770,121752,18,0.4676,2960.5
guj_Gujr-nor_Latn,guj_Gujr,nor_Latn,1,1,100720,100706,14,0.3023,2671.7
bre_Latn-ltz_Latn,bre_Latn,ltz_Latn,1,1,55936,55935,1,0.3777,1651.6
guj_Gujr-kas_Deva,guj_Gujr,kas_Deva,1,1,76377,76330,47,0.1461,2123.6
hne_Deva-kan_Knda,hne_Deva,kan_Knda,1,1,84516,84504,12,0.3175,2101.2
bre_Latn-jav_Latn,bre_Latn,jav_Latn,1,1,63125,63111,14,0.0950,1709.4
mal_Mlym-pan_Guru,mal_Mlym,pan_Guru,1,1,1035034,1034989,45,0.5529,19104.5
bre_Latn-nep_Deva,bre_Latn,nep_Deva,1,1,41733,41731,2,0.5395,978.4
bak_Cyrl-kir_Cyrl,bak_Cyrl,kir_Cyrl,1,1,166179,165849,330,0.5002,4888.8
cym_Latn-mal_Mlym,cym_Latn,mal_Mlym,1,1,196875,196852,23,0.6722,4611.8
bre_Latn-mkd_Cyrl,bre_Latn,mkd_Cyrl,1,1,157181,157137,44,0.3086,3754.2
bre_Latn-wln_Latn,bre_Latn,wln_Latn,1,1,25935,25934,1,0.5675,599.2
gle_Latn-mlt_Latn,gle_Latn,mlt_Latn,1,1,974999,974791,208,0.7190,18699.4
hye_Armn-khk_Cyrl,hye_Armn,khk_Cyrl,1,1,76680,76670,10,0.6253,1460.5
bre_Latn-sin_Sinh,bre_Latn,sin_Sinh,1,1,87801,87796,5,0.2934,1649.0
cym_Latn-mya_Mymr,cym_Latn,mya_Mymr,1,1,88189,88173,16,0.6234,1536.3
bre_Latn-srd_Latn,bre_Latn,srd_Latn,1,1,22060,22057,3,0.2759,457.7
crh_Latn-tat_Cyrl,crh_Latn,tat_Cyrl,1,1,31134,31133,1,0.2280,545.8
hye_Armn-kir_Cyrl,hye_Armn,kir_Cyrl,1,1,91748,91733,15,0.5149,1594.6
gle_Latn-xho_Latn,gle_Latn,xho_Latn,1,1,90918,90743,175,0.7063,1692.3
cym_Latn-guj_Gujr,cym_Latn,guj_Gujr,1,1,150697,150686,11,0.7511,2745.1
hye_Armn-pbt_Arab,hye_Armn,pbt_Arab,1,1,43744,43738,6,0.6026,902.1
kin_Latn-swa_Latn,kin_Latn,swa_Latn,1,1,278790,278717,73,0.3516,5859.8
fry_Latn-mal_Mlym,fry_Latn,mal_Mlym,1,1,111518,111517,1,0.2456,1980.4
cym_Latn-jav_Latn,cym_Latn,jav_Latn,1,1,92804,92794,10,0.2282,1582.5
mal_Mlym-san_Deva,mal_Mlym,san_Deva,1,1,237525,237522,3,0.2715,4159.4
fry_Latn-oci_Latn,fry_Latn,oci_Latn,1,1,22086,22086,0,0.4889,392.9
ckb_Arab-tgk_Cyrl,ckb_Arab,tgk_Cyrl,1,1,215214,215206,8,0.3459,3786.7
hat_Latn-als_Latn,hat_Latn,als_Latn,1,1,119336,119323,13,0.6187,2112.5
hye_Armn-nor_Latn,hye_Armn,nor_Latn,1,1,300911,300834,77,0.4740,5414.3
fur_Latn-nob_Latn,fur_Latn,nob_Latn,1,1,56236,56171,65,0.6810,952.4
hye_Armn-sun_Latn,hye_Armn,sun_Latn,1,1,108706,108690,16,0.6525,1862.2
cym_Latn-nno_Latn,cym_Latn,nno_Latn,1,1,113924,113909,15,0.7148,1912.0
hye_Armn-nya_Latn,hye_Armn,nya_Latn,1,1,48983,48968,15,0.5071,983.3
guj_Gujr-khm_Khmr,guj_Gujr,khm_Khmr,1,1,54423,54416,7,0.6485,984.2
cym_Latn-hye_Armn,cym_Latn,hye_Armn,1,1,135681,135673,8,0.6141,2519.9
kan_Knda-mya_Mymr,kan_Knda,mya_Mymr,1,1,71465,71463,2,0.7617,1480.9
kan_Knda-pus_Arab,kan_Knda,pus_Arab,1,1,31884,31884,0,0.4924,724.6
fry_Latn-ltz_Latn,fry_Latn,ltz_Latn,1,1,97957,97939,18,0.2929,1826.3
hat_Latn-mar_Deva,hat_Latn,mar_Deva,1,1,176514,176480,34,0.5723,3160.7
bak_Cyrl-tat_Cyrl,bak_Cyrl,tat_Cyrl,1,1,372126,371170,956,0.5596,8110.5
bre_Latn-fur_Latn,bre_Latn,fur_Latn,1,1,12415,12413,2,0.3388,231.4
khk_Cyrl-nob_Latn,khk_Cyrl,nob_Latn,1,1,57515,57493,22,0.6774,995.7
kin_Latn-swh_Latn,kin_Latn,swh_Latn,1,1,277889,277853,36,0.4386,4902.7
hau_Latn-xho_Latn,hau_Latn,xho_Latn,1,1,567260,567168,92,0.5642,10371.8
fij_Latn-war_Latn,fij_Latn,war_Latn,1,1,129101,129061,40,0.3973,2361.8
bre_Latn-guj_Gujr,bre_Latn,guj_Gujr,1,1,47827,47824,3,0.5479,766.5
mal_Mlym-swa_Latn,mal_Mlym,swa_Latn,1,1,308271,308251,20,0.2970,5286.4
hye_Armn-sin_Sinh,hye_Armn,sin_Sinh,1,1,203977,203964,13,0.6635,3575.8
bre_Latn-mai_Deva,bre_Latn,mai_Deva,1,1,21691,21691,0,0.6709,392.7
khm_Khmr-kir_Cyrl,khm_Khmr,kir_Cyrl,1,1,67698,67693,5,0.4906,1094.2
kin_Latn-sin_Sinh,kin_Latn,sin_Sinh,1,1,21622,21618,4,0.3749,354.0
kin_Latn-tir_Ethi,kin_Latn,tir_Ethi,1,1,123914,123904,10,0.5568,1984.4
hat_Latn-swa_Latn,hat_Latn,swa_Latn,1,1,172639,172629,10,0.4367,2810.3
ckb_Arab-kmr_Latn,ckb_Arab,kmr_Latn,1,1,94950,94947,3,0.3278,1571.3
mal_Mlym-swh_Latn,mal_Mlym,swh_Latn,1,1,141919,141883,36,0.6473,2418.5
fry_Latn-nob_Latn,fry_Latn,nob_Latn,1,1,246133,246119,14,0.3716,4007.1
kin_Latn-swc_Latn,kin_Latn,swc_Latn,1,1,105711,105702,9,0.5920,1804.2
isl_Latn-als_Latn,isl_Latn,als_Latn,1,1,1143557,1142832,725,0.6150,21779.1
hat_Latn-yor_Latn,hat_Latn,yor_Latn,1,1,71720,71710,10,0.5474,1230.1
cym_Latn-kan_Knda,cym_Latn,kan_Knda,1,1,123615,123604,11,0.7345,1952.5
cym_Latn-mkd_Cyrl,cym_Latn,mkd_Cyrl,1,1,654806,654721,85,0.7050,10814.9
hau_Latn-isl_Latn,hau_Latn,isl_Latn,1,1,136162,136151,11,0.4762,2082.9
cym_Latn-mlg_Latn,cym_Latn,mlg_Latn,1,1,75644,75644,0,0.5480,1093.4
kin_Latn-tum_Latn,kin_Latn,tum_Latn,1,1,147600,147549,51,0.5122,2315.2
kin_Latn-tsn_Latn,kin_Latn,tsn_Latn,1,1,231075,230973,102,0.3271,3654.5
mal_Mlym-xho_Latn,mal_Mlym,xho_Latn,1,1,185840,185823,17,0.4641,2762.1
guj_Gujr-snd_Arab,guj_Gujr,snd_Arab,1,1,557616,557520,96,0.5029,8902.9
kir_Cyrl-mya_Mymr,kir_Cyrl,mya_Mymr,1,1,65491,65484,7,0.6053,849.9
mal_Mlym-yor_Latn,mal_Mlym,yor_Latn,1,1,98476,98471,5,0.5362,1334.0
mal_Mlym-zul_Latn,mal_Mlym,zul_Latn,1,1,61444,61441,3,0.5651,861.4
isl_Latn-mar_Deva,isl_Latn,mar_Deva,1,1,348214,348144,70,0.6145,5002.4
hye_Armn-nob_Latn,hye_Armn,nob_Latn,1,1,141548,141479,69,0.7234,2002.8
lim_Latn-nor_Latn,lim_Latn,nor_Latn,1,1,128523,127942,581,0.6718,2047.1
fur_Latn-srd_Latn,fur_Latn,srd_Latn,1,1,301518,301435,83,0.4032,5544.9
lim_Latn-sqi_Latn,lim_Latn,sqi_Latn,1,1,37771,37480,291,0.5908,663.7
hye_Armn-npi_Deva,hye_Armn,npi_Deva,1,1,43087,43037,50,0.6219,803.3
isl_Latn-yor_Latn,isl_Latn,yor_Latn,1,1,92375,92366,9,0.5731,1338.0
khm_Khmr-mlg_Latn,khm_Khmr,mlg_Latn,1,1,67319,67315,4,0.4099,907.8
isl_Latn-zul_Latn,isl_Latn,zul_Latn,1,1,58865,58850,15,0.5829,792.3
hau_Latn-yor_Latn,hau_Latn,yor_Latn,1,1,691349,691260,89,0.5769,10286.4
khm_Khmr-nno_Latn,khm_Khmr,nno_Latn,1,1,63023,63008,15,0.7630,807.3
cym_Latn-nor_Latn,cym_Latn,nor_Latn,1,1,400182,400149,33,0.5129,5427.0
isl_Latn-lao_Laoo,isl_Latn,lao_Laoo,1,1,70354,70352,2,0.3469,985.8
bel_Cyrl-nds_Latn,bel_Cyrl,nds_Latn,1,1,61247,61237,10,0.4082,1063.4
afr_Latn-nds_Latn,afr_Latn,nds_Latn,1,1,68708,68694,14,0.4804,1231.6
afr_Latn-dyu_Latn,afr_Latn,dyu_Latn,1,1,77585,77543,42,0.3559,1390.3
fry_Latn-sin_Sinh,fry_Latn,sin_Sinh,1,1,101746,101746,0,0.2435,1718.9
ekk_Latn-nds_Latn,ekk_Latn,nds_Latn,1,1,85939,85926,13,0.6693,1688.4
afr_Latn-ory_Orya,afr_Latn,ory_Orya,1,1,18451,18451,0,0.8041,377.4
ben_Beng-nds_Latn,ben_Beng,nds_Latn,1,1,74978,74962,16,0.3485,1425.7
afr_Latn-umb_Latn,afr_Latn,umb_Latn,1,1,131704,131634,70,0.2238,2683.8
afr_Latn-fon_Latn,afr_Latn,fon_Latn,1,1,155133,155110,23,0.1616,2883.1
ful_Latn-som_Latn,ful_Latn,som_Latn,1,1,93729,93661,68,0.0896,1883.2
ben_Beng-und_Kana,ben_Beng,und_Kana,1,1,133704,133667,37,0.3125,2625.5
afr_Latn-und_Kana,afr_Latn,und_Kana,1,1,57540,57535,5,0.3032,1203.9
cym_Latn-nob_Latn,cym_Latn,nob_Latn,1,1,646536,646475,61,0.7732,9664.9
mal_Mlym-ory_Orya,mal_Mlym,ory_Orya,1,1,2181939,2181848,91,0.5366,39743.8
bul_Cyrl-shp_Latn,bul_Cyrl,shp_Latn,1,1,20818,20817,1,0.3457,401.2
bos_Latn-nds_Latn,bos_Latn,nds_Latn,1,1,18852,18851,1,0.6416,370.7
bel_Cyrl-und_Kana,bel_Cyrl,und_Kana,1,1,74224,74224,0,0.2339,1352.9
fry_Latn-jav_Latn,fry_Latn,jav_Latn,1,1,44007,44007,0,0.2513,803.8
khm_Khmr-nor_Latn,khm_Khmr,nor_Latn,1,1,291596,291569,27,0.4359,5235.7
fur_Latn-mkd_Cyrl,fur_Latn,mkd_Cyrl,1,1,91207,91198,9,0.6137,1819.8
bul_Cyrl-fro_Latn,bul_Cyrl,fro_Latn,1,1,145321,145253,68,0.4021,2787.3
ell_Grek-fro_Latn,ell_Grek,fro_Latn,1,1,195203,195153,50,0.4819,3786.2
ell_Grek-shp_Latn,ell_Grek,shp_Latn,1,1,27072,27066,6,0.3386,570.0
hau_Latn-zul_Latn,hau_Latn,zul_Latn,1,1,746885,746749,136,0.5886,11831.5
bul_Cyrl-und_Beng,bul_Cyrl,und_Beng,1,1,102664,102660,4,0.1439,1940.3
khm_Khmr-som_Latn,khm_Khmr,som_Latn,1,1,70105,70097,8,0.4930,1371.3
ben_Beng-mag_Deva,ben_Beng,mag_Deva,1,1,257548,257506,42,0.3356,4904.7
bul_Cyrl-kiu_Latn,bul_Cyrl,kiu_Latn,1,1,124323,124109,214,0.3944,2442.7
bul_Cyrl-und_Geor,bul_Cyrl,und_Geor,1,1,46190,46168,22,0.0882,972.8
fur_Latn-sqi_Latn,fur_Latn,sqi_Latn,1,1,95907,95800,107,0.6558,2209.1
bul_Cyrl-gug_Latn,bul_Cyrl,gug_Latn,1,1,44057,44047,10,0.5233,1001.7
isl_Latn-pan_Guru,isl_Latn,pan_Guru,1,1,76572,76566,6,0.6733,1561.6
ell_Grek-und_Geor,ell_Grek,und_Geor,1,1,53333,53074,259,0.0789,1254.1
fry_Latn-mkd_Cyrl,fry_Latn,mkd_Cyrl,1,1,174884,174883,1,0.3284,3338.5
khm_Khmr-sun_Latn,khm_Khmr,sun_Latn,1,1,95721,95708,13,0.5875,1889.5
dan_Latn-nds_Latn,dan_Latn,nds_Latn,1,1,218191,218152,39,0.5984,4112.4
fur_Latn-mal_Mlym,fur_Latn,mal_Mlym,1,1,28642,28642,0,0.5258,566.0
bul_Cyrl-nds_Latn,bul_Cyrl,nds_Latn,1,1,180043,180007,36,0.5078,3569.3
heb_Hebr-nds_Latn,heb_Hebr,nds_Latn,1,1,146207,146186,21,0.4947,2855.7
gsw_Latn-nob_Latn,gsw_Latn,nob_Latn,1,1,88484,88466,18,0.7633,1722.6
ell_Grek-und_Hira,ell_Grek,und_Hira,1,1,77718,77699,19,0.3833,1525.9
fur_Latn-nno_Latn,fur_Latn,nno_Latn,1,1,37654,37625,29,0.6990,769.3
heb_Hebr-und_Geor,heb_Hebr,und_Geor,1,1,39806,39792,14,0.0982,903.9
guj_Gujr-mya_Mymr,guj_Gujr,mya_Mymr,1,1,52747,52740,7,0.7124,952.7
bul_Cyrl-und_Hira,bul_Cyrl,und_Hira,1,1,69191,69168,23,0.3596,1331.1
gla_Latn-nor_Latn,gla_Latn,nor_Latn,1,1,57061,57058,3,0.2262,951.7
kin_Latn-lug_Latn,kin_Latn,lug_Latn,1,1,131629,131567,62,0.4037,2477.7
est_Latn-nds_Latn,est_Latn,nds_Latn,1,1,86640,86633,7,0.5517,1461.5
dan_Latn-kiu_Latn,dan_Latn,kiu_Latn,1,1,202272,202117,155,0.3296,3930.9
heb_Hebr-und_Hira,heb_Hebr,und_Hira,1,1,75785,75770,15,0.3383,1273.9
guj_Gujr-hye_Armn,guj_Gujr,hye_Armn,1,1,57819,57815,4,0.6532,945.8
ell_Grek-kiu_Latn,ell_Grek,kiu_Latn,1,1,169950,169866,84,0.4123,3067.3
isl_Latn-xho_Latn,isl_Latn,xho_Latn,1,1,201623,201437,186,0.6506,3762.1
bul_Cyrl-und_Kana,bul_Cyrl,und_Kana,1,1,233695,233654,41,0.4796,4151.7
guj_Gujr-npi_Deva,guj_Gujr,npi_Deva,1,1,839187,838893,294,0.5607,14404.4
est_Latn-fro_Latn,est_Latn,fro_Latn,1,1,39508,39495,13,0.3832,782.4
ind_Latn-kiu_Latn,ind_Latn,kiu_Latn,1,1,72647,72547,100,0.2013,1421.5
lao_Laoo-mar_Deva,lao_Laoo,mar_Deva,1,1,55591,55579,12,0.4172,1160.6
hye_Armn-mal_Mlym,hye_Armn,mal_Mlym,1,1,188463,188442,21,0.6318,3146.8
guj_Gujr-nob_Latn,guj_Gujr,nob_Latn,1,1,116084,116075,9,0.8152,2030.5
ell_Grek-nds_Latn,ell_Grek,nds_Latn,1,1,195762,195735,27,0.6219,3321.7
glg_Latn-und_Kana,glg_Latn,und_Kana,1,1,82862,82861,1,0.5295,1406.4
guj_Gujr-pus_Arab,guj_Gujr,pus_Arab,1,1,32841,32841,0,0.5308,536.9
dan_Latn-fro_Latn,dan_Latn,fro_Latn,1,1,134232,134135,97,0.4162,2424.4
mar_Deva-pan_Guru,mar_Deva,pan_Guru,1,1,877931,877780,151,0.5440,15768.6
dan_Latn-und_Hira,dan_Latn,und_Hira,1,1,71735,71716,19,0.4063,1249.3
dan_Latn-und_Kana,dan_Latn,und_Kana,1,1,268423,268399,24,0.4682,4713.0
kin_Latn-nya_Latn,kin_Latn,nya_Latn,1,1,316976,316881,95,0.4808,5592.7
hye_Armn-mya_Mymr,hye_Armn,mya_Mymr,1,1,140522,140510,12,0.6208,2414.6
ell_Grek-gug_Latn,ell_Grek,gug_Latn,1,1,59875,59869,6,0.5282,1139.8
mar_Deva-als_Latn,mar_Deva,als_Latn,1,1,240948,240872,76,0.6448,4264.1
ell_Grek-xav_Latn,ell_Grek,xav_Latn,1,1,71420,71416,4,0.7764,1416.8
isl_Latn-mlt_Latn,isl_Latn,mlt_Latn,1,1,910793,910351,442,0.7127,17018.9
ibo_Latn-jav_Latn,ibo_Latn,jav_Latn,1,1,52080,52080,0,0.2169,1000.7
mar_Deva-swh_Latn,mar_Deva,swh_Latn,1,1,140022,139973,49,0.6326,2686.5
ell_Grek-und_Kana,ell_Grek,und_Kana,1,1,275355,275333,22,0.4551,5147.2
heb_Hebr-und_Kana,heb_Hebr,und_Kana,1,1,265652,265607,45,0.4249,5120.3
mar_Deva-yor_Latn,mar_Deva,yor_Latn,1,1,92916,92912,4,0.5211,1835.6
ind_Latn-und_Kana,ind_Latn,und_Kana,1,1,351387,351262,125,0.3074,6489.3
hye_Armn-mkd_Cyrl,hye_Armn,mkd_Cyrl,1,1,342088,342019,69,0.6748,6213.5
glg_Latn-nds_Latn,glg_Latn,nds_Latn,1,1,161894,161873,21,0.6285,3121.0
ind_Latn-xav_Latn,ind_Latn,xav_Latn,1,1,61095,61092,3,0.3766,1123.2
est_Latn-und_Kana,est_Latn,und_Kana,1,1,101574,101552,22,0.5073,1919.0
ind_Latn-nds_Latn,ind_Latn,nds_Latn,1,1,102724,102712,12,0.4431,1864.0
ind_Latn-ban_Latn,ind_Latn,ban_Latn,1,1,526644,526444,200,0.0987,9682.3
kin_Latn-tso_Latn,kin_Latn,tso_Latn,1,1,229488,229386,102,0.4467,4378.4
swa_Latn-tir_Ethi,swa_Latn,tir_Ethi,1,1,109898,109891,7,0.5032,2038.6
hye_Armn-mon_Cyrl,hye_Armn,mon_Cyrl,1,1,75541,75535,6,0.5249,1365.1
ind_Latn-shn_Mymr,ind_Latn,shn_Mymr,1,1,186645,186641,4,0.0868,3576.6
mar_Deva-xho_Latn,mar_Deva,xho_Latn,1,1,159504,159487,17,0.4402,3023.7
heb_Hebr-fro_Latn,heb_Hebr,fro_Latn,1,1,46154,46127,27,0.3310,882.5
msa_Latn-nds_Latn,msa_Latn,nds_Latn,1,1,51012,51011,1,0.6218,921.4
ind_Latn-bew_Latn,ind_Latn,bew_Latn,1,1,107471,107407,64,0.0949,1996.5
lvs_Latn-nds_Latn,lvs_Latn,nds_Latn,1,1,64417,64404,13,0.5774,1196.7
mar_Deva-zul_Latn,mar_Deva,zul_Latn,1,1,57876,57867,9,0.5497,1097.6
ibo_Latn-khm_Khmr,ibo_Latn,khm_Khmr,1,1,73512,73508,4,0.5441,1307.7
lit_Latn-nds_Latn,lit_Latn,nds_Latn,1,1,116506,116493,13,0.4879,2053.0
ind_Latn-und_Hira,ind_Latn,und_Hira,1,1,81053,81028,25,0.3407,1511.1
kan_Knda-mlg_Latn,kan_Knda,mlg_Latn,1,1,36547,36545,2,0.4298,527.5
kir_Cyrl-mkd_Cyrl,kir_Cyrl,mkd_Cyrl,1,1,121806,121785,21,0.5104,2030.3
kan_Knda-plt_Latn,kan_Knda,plt_Latn,1,1,40661,40659,2,0.7416,603.5
kan_Knda-wln_Latn,kan_Knda,wln_Latn,1,1,21132,21129,3,0.5980,348.3
kir_Cyrl-nep_Deva,kir_Cyrl,nep_Deva,1,1,63810,63801,9,0.5280,939.8
isl_Latn-swa_Latn,isl_Latn,swa_Latn,1,1,415704,415629,75,0.4439,7154.5
kas_Deva-mal_Mlym,kas_Deva,mal_Mlym,1,1,103440,103427,13,0.2508,1528.4
guj_Gujr-sin_Sinh,guj_Gujr,sin_Sinh,1,1,782495,782308,187,0.5601,13256.5
mlt_Latn-als_Latn,mlt_Latn,als_Latn,1,1,202210,201690,520,0.4973,3247.6
kir_Cyrl-sin_Sinh,kir_Cyrl,sin_Sinh,1,1,105296,105278,18,0.5931,1505.3
kan_Knda-nep_Deva,kan_Knda,nep_Deva,1,1,487216,487207,9,0.5539,7910.9
hye_Armn-kan_Knda,hye_Armn,kan_Knda,1,1,43027,43019,8,0.7283,584.0
kir_Cyrl-som_Latn,kir_Cyrl,som_Latn,1,1,43979,43972,7,0.4433,624.4
khk_Cyrl-tel_Telu,khk_Cyrl,tel_Telu,1,1,83571,83532,39,0.6661,1203.7
mlt_Latn-swh_Latn,mlt_Latn,swh_Latn,1,1,94150,94047,103,0.6504,1375.5
ben_Beng-ory_Orya,ben_Beng,ory_Orya,1,1,1547464,1547414,50,0.5698,26637.6
kan_Knda-nor_Latn,kan_Knda,nor_Latn,1,1,114820,114794,26,0.2994,1573.4
kir_Cyrl-sqi_Latn,kir_Cyrl,sqi_Latn,1,1,78194,78189,5,0.4372,1089.7
swa_Latn-xho_Latn,swa_Latn,xho_Latn,1,1,399417,399224,193,0.3708,6121.4
hye_Armn-khm_Khmr,hye_Armn,khm_Khmr,1,1,167472,167443,29,0.6043,2372.3
swa_Latn-tsn_Latn,swa_Latn,tsn_Latn,1,1,187886,187789,97,0.3391,2705.2
isl_Latn-swh_Latn,isl_Latn,swh_Latn,1,1,353861,353733,128,0.6662,4940.2
hye_Armn-nep_Deva,hye_Armn,nep_Deva,1,1,120826,120799,27,0.5137,1591.7
khm_Khmr-mkd_Cyrl,khm_Khmr,mkd_Cyrl,1,1,275034,275002,32,0.6042,3722.1
swa_Latn-yor_Latn,swa_Latn,yor_Latn,1,1,234949,234909,40,0.3820,3181.0
kir_Cyrl-tat_Cyrl,kir_Cyrl,tat_Cyrl,1,1,369723,369699,24,0.5823,5253.7
mar_Deva-san_Deva,mar_Deva,san_Deva,1,1,208930,208917,13,0.2611,3306.7
hye_Armn-sqi_Latn,hye_Armn,sqi_Latn,1,1,205964,205928,36,0.5422,3343.9
hye_Armn-tgk_Cyrl,hye_Armn,tgk_Cyrl,1,1,85082,85069,13,0.5255,1226.2
swh_Latn-yor_Latn,swh_Latn,yor_Latn,1,1,293462,293437,25,0.4933,4652.5
swa_Latn-zul_Latn,swa_Latn,zul_Latn,1,1,374065,373940,125,0.5032,5636.3
swh_Latn-tir_Ethi,swh_Latn,tir_Ethi,1,1,126523,126520,3,0.5229,1760.3
tir_Ethi-zul_Latn,tir_Ethi,zul_Latn,1,1,138628,138627,1,0.5677,1926.1
kan_Knda-snd_Arab,kan_Knda,snd_Arab,1,1,704883,704846,37,0.5597,10053.9
mar_Deva-swa_Latn,mar_Deva,swa_Latn,1,1,297945,297912,33,0.2772,4237.0
khm_Khmr-sin_Sinh,khm_Khmr,sin_Sinh,1,1,488732,488723,9,0.6623,7169.1
mal_Mlym-sqi_Latn,mal_Mlym,sqi_Latn,1,1,381961,381947,14,0.3243,5256.1
pan_Guru-als_Latn,pan_Guru,als_Latn,1,1,31100,31076,24,0.5508,443.9
mkd_Cyrl-lim_Latn,mkd_Cyrl,lim_Latn,1,1,34476,34445,31,0.6127,529.9
kan_Knda-sqi_Latn,kan_Knda,sqi_Latn,1,1,83384,83378,6,0.4441,1131.6
tsn_Latn-yor_Latn,tsn_Latn,yor_Latn,1,1,153676,153653,23,0.2644,2137.9
pan_Guru-san_Deva,pan_Guru,san_Deva,1,1,111543,111522,21,0.1822,1827.9
khm_Khmr-sqi_Latn,khm_Khmr,sqi_Latn,1,1,147332,147324,8,0.4347,2152.1
khk_Cyrl-nor_Latn,khk_Cyrl,nor_Latn,1,1,87593,87543,50,0.4361,1354.2
pan_Guru-swa_Latn,pan_Guru,swa_Latn,1,1,62038,62033,5,0.3364,926.2
khm_Khmr-khk_Cyrl,khm_Khmr,khk_Cyrl,1,1,73733,73730,3,0.6085,1105.7
pan_Guru-xho_Latn,pan_Guru,xho_Latn,1,1,56963,56961,2,0.5194,911.0
swh_Latn-xho_Latn,swh_Latn,xho_Latn,1,1,340268,340011,257,0.5968,5211.4
kin_Latn-lin_Latn,kin_Latn,lin_Latn,1,1,162022,161835,187,0.3992,2774.3
swh_Latn-tsn_Latn,swh_Latn,tsn_Latn,1,1,125438,125394,44,0.4729,2021.1
guj_Gujr-mal_Mlym,guj_Gujr,mal_Mlym,1,1,4245965,4245748,217,0.5504,70252.7
xho_Latn-yor_Latn,xho_Latn,yor_Latn,1,1,341860,341808,52,0.5072,5208.5
tir_Ethi-yor_Latn,tir_Ethi,yor_Latn,1,1,92589,92584,5,0.3429,1316.5
kin_Latn-run_Latn,kin_Latn,run_Latn,1,1,271983,271976,7,0.5560,4019.6
kin_Latn-twi_Latn,kin_Latn,twi_Latn,1,1,171838,171782,56,0.3849,2485.3
kir_Cyrl-sun_Latn,kir_Cyrl,sun_Latn,1,1,59649,59639,10,0.5189,880.1
kmr_Latn-sin_Sinh,kmr_Latn,sin_Sinh,1,1,67662,67651,11,0.5564,964.7
guj_Gujr-mkd_Cyrl,guj_Gujr,mkd_Cyrl,1,1,158957,158940,17,0.7060,2168.4
guj_Gujr-mlg_Latn,guj_Gujr,mlg_Latn,1,1,35519,35517,2,0.4741,678.4
kmr_Latn-pbt_Arab,kmr_Latn,pbt_Arab,1,1,108597,108594,3,0.3842,1590.9
lin_Latn-run_Latn,lin_Latn,run_Latn,1,1,126903,126901,2,0.5203,1760.0
tsn_Latn-zul_Latn,tsn_Latn,zul_Latn,1,1,266169,266123,46,0.4812,3826.9
lin_Latn-tum_Latn,lin_Latn,tum_Latn,1,1,85089,85088,1,0.5594,1115.8
swh_Latn-zul_Latn,swh_Latn,zul_Latn,1,1,509230,509137,93,0.6274,7296.5
lin_Latn-nya_Latn,lin_Latn,nya_Latn,1,1,164608,164507,101,0.4959,2306.6
mkd_Cyrl-mal_Mlym,mkd_Cyrl,mal_Mlym,1,1,808767,808597,170,0.4520,11510.4
lin_Latn-twi_Latn,lin_Latn,twi_Latn,1,1,101626,101616,10,0.4886,1346.3
mkd_Cyrl-als_Latn,mkd_Cyrl,als_Latn,1,1,3379167,3378812,355,0.7216,52878.7
tir_Ethi-tsn_Latn,tir_Ethi,tsn_Latn,1,1,98481,98459,22,0.4458,1381.1
kan_Knda-npi_Deva,kan_Knda,npi_Deva,1,1,1174705,1174345,360,0.5559,16329.2
mal_Mlym-tgk_Cyrl,mal_Mlym,tgk_Cyrl,1,1,128244,128236,8,0.5459,2473.6
tir_Ethi-xho_Latn,tir_Ethi,xho_Latn,1,1,117280,117278,2,0.5996,1645.6
mal_Mlym-wln_Latn,mal_Mlym,wln_Latn,1,1,29907,29905,2,0.6182,557.5
guj_Gujr-nep_Deva,guj_Gujr,nep_Deva,1,1,464763,464637,126,0.4681,6251.1
gle_Latn-hne_Deva,gle_Latn,hne_Deva,1,1,59435,59435,0,0.7307,1059.1
gle_Latn-kan_Knda,gle_Latn,kan_Knda,1,1,67410,67400,10,0.7893,1234.7
amh_Ethi-srd_Latn,amh_Ethi,srd_Latn,1,1,90315,90311,4,0.1263,1604.4
gle_Latn-hbs_Latn,gle_Latn,hbs_Latn,1,1,94440,94437,3,0.3905,1698.2
hne_Deva-tel_Telu,hne_Deva,tel_Telu,1,1,132277,132253,24,0.3120,2431.4
gle_Latn-mal_Mlym,gle_Latn,mal_Mlym,1,1,90726,90721,5,0.6950,1670.0
yor_Latn-zul_Latn,yor_Latn,zul_Latn,1,1,508812,508752,60,0.6241,7805.2
mkd_Cyrl-mar_Deva,mkd_Cyrl,mar_Deva,1,1,409094,408996,98,0.5493,6490.3
amh_Ethi-tel_Telu,amh_Ethi,tel_Telu,1,1,183191,183183,8,0.7412,3443.9
hat_Latn-khm_Khmr,hat_Latn,khm_Khmr,1,1,102745,102730,15,0.5912,1934.5
tsn_Latn-xho_Latn,tsn_Latn,xho_Latn,1,1,236846,236788,58,0.4935,4257.7
hye_Armn-ibo_Latn,hye_Armn,ibo_Latn,1,1,76396,76388,8,0.5920,1467.6
amh_Ethi-twi_Latn,amh_Ethi,twi_Latn,1,1,155193,155183,10,0.5385,3126.4
hat_Latn-kir_Cyrl,hat_Latn,kir_Cyrl,1,1,61214,61204,10,0.4373,1272.3
amh_Ethi-tgk_Cyrl,amh_Ethi,tgk_Cyrl,1,1,81662,81657,5,0.5439,1541.6
gle_Latn-nor_Latn,gle_Latn,nor_Latn,1,1,167414,166172,1242,0.3742,3757.5
xho_Latn-zul_Latn,xho_Latn,zul_Latn,1,1,916243,916095,148,0.7022,13876.9
hye_Armn-som_Latn,hye_Armn,som_Latn,1,1,80946,80936,10,0.5833,1468.2
hat_Latn-hye_Armn,hat_Latn,hye_Armn,1,1,158165,158125,40,0.5895,2810.0
gle_Latn-oci_Latn,gle_Latn,oci_Latn,1,1,51675,51674,1,0.3318,813.4
hau_Latn-khm_Khmr,hau_Latn,khm_Khmr,1,1,66527,66521,6,0.5377,1011.2
hye_Armn-tat_Cyrl,hye_Armn,tat_Cyrl,1,1,51940,51939,1,0.2488,811.5
hat_Latn-mya_Mymr,hat_Latn,mya_Mymr,1,1,115379,115338,41,0.6305,1790.9
hat_Latn-nep_Deva,hat_Latn,nep_Deva,1,1,97525,97514,11,0.4913,1631.1
hat_Latn-som_Latn,hat_Latn,som_Latn,1,1,90409,90389,20,0.5906,1424.6
hau_Latn-kik_Latn,hau_Latn,kik_Latn,1,1,86433,86402,31,0.3386,1569.3
amh_Ethi-tum_Latn,amh_Ethi,tum_Latn,1,1,158222,158190,32,0.6241,2660.5
hat_Latn-plt_Latn,hat_Latn,plt_Latn,1,1,77474,77464,10,0.6241,1289.9
hye_Armn-yue_Hani,hye_Armn,yue_Hani,1,1,116339,116339,0,0.1138,1818.1
mkd_Cyrl-sin_Sinh,mkd_Cyrl,sin_Sinh,1,1,781488,781379,109,0.6414,12222.8
amh_Ethi-yue_Hani,amh_Ethi,yue_Hani,1,1,87166,87166,0,0.0909,1379.8
hau_Latn-lua_Latn,hau_Latn,lua_Latn,1,1,91055,90849,206,0.2545,1668.1
hau_Latn-jav_Latn,hau_Latn,jav_Latn,1,1,115778,115726,52,0.1308,1896.1
hau_Latn-luo_Latn,hau_Latn,luo_Latn,1,1,97798,97725,73,0.3972,1591.7
hat_Latn-nob_Latn,hat_Latn,nob_Latn,1,1,146224,146172,52,0.6721,2373.7
mal_Mlym-snd_Arab,mal_Mlym,snd_Arab,1,1,797870,797795,75,0.4440,12679.3
ibo_Latn-mal_Mlym,ibo_Latn,mal_Mlym,1,1,107929,107918,11,0.4754,1691.9
amh_Ethi-sot_Latn,amh_Ethi,sot_Latn,1,1,581602,581547,55,0.6126,9842.1
gle_Latn-mkd_Cyrl,gle_Latn,mkd_Cyrl,1,1,599877,599554,323,0.6786,10302.4
hau_Latn-nob_Latn,hau_Latn,nob_Latn,1,1,73940,73920,20,0.5318,1293.0
hau_Latn-lzh_Hani,hau_Latn,lzh_Hani,1,1,74328,74327,1,0.0801,1286.1
gle_Latn-guj_Gujr,gle_Latn,guj_Gujr,1,1,91078,91069,9,0.7691,1620.4
mkd_Cyrl-srd_Latn,mkd_Cyrl,srd_Latn,1,1,119867,119827,40,0.3779,2070.6
min_Latn-war_Latn,min_Latn,war_Latn,1,1,108621,108600,21,0.2840,1859.7
hau_Latn-mya_Mymr,hau_Latn,mya_Mymr,1,1,53805,53790,15,0.5297,920.1
mkd_Cyrl-epo_Latn,mkd_Cyrl,epo_Latn,1,1,17194,17194,0,0.5823,328.2
gle_Latn-nep_Deva,gle_Latn,nep_Deva,1,1,93102,93080,22,0.5507,1574.6
ibo_Latn-mkd_Cyrl,ibo_Latn,mkd_Cyrl,1,1,152932,152917,15,0.5230,2631.7
amh_Ethi-sqi_Latn,amh_Ethi,sqi_Latn,1,1,143071,143063,8,0.5155,2499.8
hat_Latn-sqi_Latn,hat_Latn,sqi_Latn,1,1,164815,164798,17,0.5077,2824.7
hat_Latn-mon_Cyrl,hat_Latn,mon_Cyrl,1,1,56268,56264,4,0.4684,963.4
hau_Latn-nso_Latn,hau_Latn,nso_Latn,1,1,149087,148991,96,0.2657,2699.7
mlg_Latn-mal_Mlym,mlg_Latn,mal_Mlym,1,1,172199,172199,0,0.3447,2787.9
hau_Latn-snd_Arab,hau_Latn,snd_Arab,1,1,40954,40953,1,0.2180,689.0
amh_Ethi-sun_Latn,amh_Ethi,sun_Latn,1,1,90478,90464,14,0.6006,1474.8
hat_Latn-mri_Latn,hat_Latn,mri_Latn,1,1,63398,63392,6,0.5428,1023.3
hau_Latn-hye_Armn,hau_Latn,hye_Armn,1,1,99027,99013,14,0.4262,1584.3
hau_Latn-sin_Sinh,hau_Latn,sin_Sinh,1,1,159155,159134,21,0.3355,2593.0
mlg_Latn-mon_Cyrl,mlg_Latn,mon_Cyrl,1,1,30936,30936,0,0.5305,591.5
hau_Latn-kin_Latn,hau_Latn,kin_Latn,1,1,309036,308903,133,0.3434,5342.6
kan_Knda-mkd_Cyrl,kan_Knda,mkd_Cyrl,1,1,146619,146583,36,0.6850,2531.4
khk_Cyrl-tgk_Cyrl,khk_Cyrl,tgk_Cyrl,1,1,44327,44311,16,0.4845,917.3
hau_Latn-srd_Latn,hau_Latn,srd_Latn,1,1,105368,105355,13,0.1011,2028.5
mlg_Latn-sqi_Latn,mlg_Latn,sqi_Latn,1,1,107668,107663,5,0.5600,2057.0
bew_Latn-ind_Latn,bew_Latn,ind_Latn,1,1,118360,118321,39,0.0623,2375.3
amh_Ethi-swc_Latn,amh_Ethi,swc_Latn,1,1,149135,149128,7,0.6276,2897.1
isl_Latn-lzh_Hani,isl_Latn,lzh_Hani,1,1,161364,161362,2,0.2707,3119.4
mkd_Cyrl-mya_Mymr,mkd_Cyrl,mya_Mymr,1,1,295497,295474,23,0.6316,5196.3
hau_Latn-lin_Latn,hau_Latn,lin_Latn,1,1,135668,135436,232,0.3189,3067.1
awa_Deva-urd_Arab,awa_Deva,urd_Arab,1,1,181719,181653,66,0.2719,3590.7
fro_Latn-slk_Latn,fro_Latn,slk_Latn,1,1,58492,58446,46,0.5739,1277.4
hau_Latn-ltz_Latn,hau_Latn,ltz_Latn,1,1,30641,30636,5,0.0656,586.5
mkd_Cyrl-mlt_Latn,mkd_Cyrl,mlt_Latn,1,1,209605,209512,93,0.7208,4200.1
kan_Knda-sin_Sinh,kan_Knda,sin_Sinh,1,1,1233009,1232768,241,0.5885,20513.8
awa_Deva-ben_Beng,awa_Deva,ben_Beng,1,1,224849,224765,84,0.3437,4300.6
isl_Latn-mon_Cyrl,isl_Latn,mon_Cyrl,1,1,82270,82269,1,0.4351,1459.6
kiu_Latn-lit_Latn,kiu_Latn,lit_Latn,1,1,59731,59690,41,0.5639,1082.8
hau_Latn-tum_Latn,hau_Latn,tum_Latn,1,1,134647,134555,92,0.4594,2657.2
mlg_Latn-sun_Latn,mlg_Latn,sun_Latn,1,1,144256,144231,25,0.4675,2678.9
kan_Knda-som_Latn,kan_Knda,som_Latn,1,1,47776,47774,2,0.7666,830.1
fro_Latn-heb_Hebr,fro_Latn,heb_Hebr,1,1,102763,102734,29,0.6188,1829.7
amh_Ethi-tso_Latn,amh_Ethi,tso_Latn,1,1,156954,156938,16,0.6096,2764.3
mkd_Cyrl-pan_Guru,mkd_Cyrl,pan_Guru,1,1,88630,88619,11,0.7218,1475.9
mkd_Cyrl-nno_Latn,mkd_Cyrl,nno_Latn,1,1,159768,159739,29,0.6912,2764.6
khm_Khmr-mal_Mlym,khm_Khmr,mal_Mlym,1,1,224994,224982,12,0.5024,4058.7
isl_Latn-kmr_Latn,isl_Latn,kmr_Latn,1,1,67111,67094,17,0.4990,1130.5
mon_Cyrl-mya_Mymr,mon_Cyrl,mya_Mymr,1,1,58125,58122,3,0.5075,952.3
hat_Latn-nor_Latn,hat_Latn,nor_Latn,1,1,343819,343723,96,0.4893,6363.2
kiu_Latn-ukr_Cyrl,kiu_Latn,ukr_Cyrl,1,1,87682,87572,110,0.5346,1578.5
khk_Cyrl-sin_Sinh,khk_Cyrl,sin_Sinh,1,1,82429,82411,18,0.6286,1411.8
gug_Latn-ron_Latn,gug_Latn,ron_Latn,1,1,62018,62013,5,0.6613,1086.4
hat_Latn-npi_Deva,hat_Latn,npi_Deva,1,1,53531,53505,26,0.6752,951.2
mon_Cyrl-sqi_Latn,mon_Cyrl,sqi_Latn,1,1,74142,74062,80,0.5891,1350.3
kiu_Latn-heb_Hebr,kiu_Latn,heb_Hebr,1,1,45599,45552,47,0.5188,799.3
gle_Latn-nno_Latn,gle_Latn,nno_Latn,1,1,121920,121141,779,0.6715,2167.0
hau_Latn-mkd_Cyrl,hau_Latn,mkd_Cyrl,1,1,235814,235781,33,0.3230,4005.7
khm_Khmr-nep_Deva,khm_Khmr,nep_Deva,1,1,139279,139275,4,0.5451,2351.5
isl_Latn-nep_Deva,isl_Latn,nep_Deva,1,1,235891,235828,63,0.4724,3923.0
mon_Cyrl-tel_Telu,mon_Cyrl,tel_Telu,1,1,83225,83203,22,0.5866,1564.3
nds_Latn-slv_Latn,nds_Latn,slv_Latn,1,1,160874,160831,43,0.5760,2947.0
gle_Latn-sin_Sinh,gle_Latn,sin_Sinh,1,1,87333,87322,11,0.6328,1708.9
kiu_Latn-ind_Latn,kiu_Latn,ind_Latn,1,1,102323,102211,112,0.1999,2057.4
mya_Mymr-pbt_Arab,mya_Mymr,pbt_Arab,1,1,39292,39289,3,0.6015,793.8
hau_Latn-lug_Latn,hau_Latn,lug_Latn,1,1,128893,128821,72,0.3308,2600.1
khm_Khmr-yue_Hani,khm_Khmr,yue_Hani,1,1,93502,93501,1,0.1939,1733.6
awa_Deva-tam_Taml,awa_Deva,tam_Taml,1,1,312003,311432,571,0.2588,5603.9
hau_Latn-nep_Deva,hau_Latn,nep_Deva,1,1,98753,98742,11,0.2710,1925.8
hat_Latn-kan_Knda,hat_Latn,kan_Knda,1,1,52567,52563,4,0.7115,1011.4
isl_Latn-oci_Latn,isl_Latn,oci_Latn,1,1,115272,115271,1,0.3183,2389.1
nds_Latn-tam_Taml,nds_Latn,tam_Taml,1,1,105602,105598,4,0.4550,1941.6
kin_Latn-lua_Latn,kin_Latn,lua_Latn,1,1,90981,90840,141,0.3002,2038.6
fro_Latn-ind_Latn,fro_Latn,ind_Latn,1,1,105805,105718,87,0.5518,2086.0
khm_Khmr-mya_Mymr,khm_Khmr,mya_Mymr,1,1,332101,332021,80,0.6633,5991.8
hau_Latn-sna_Latn,hau_Latn,sna_Latn,1,1,657003,656195,808,0.5606,12639.1
nds_Latn-tha_Thai,nds_Latn,tha_Thai,1,1,97228,97211,17,0.5939,1780.5
isl_Latn-plt_Latn,isl_Latn,plt_Latn,1,1,128749,128724,25,0.5822,2361.6
hau_Latn-mal_Mlym,hau_Latn,mal_Mlym,1,1,180601,180579,22,0.3373,3369.6
isl_Latn-fur_Latn,isl_Latn,fur_Latn,1,1,26133,26132,1,0.3578,633.9
mag_Deva-tam_Taml,mag_Deva,tam_Taml,1,1,213447,213444,3,0.2992,3916.9
khm_Khmr-nya_Latn,khm_Khmr,nya_Latn,1,1,44226,44219,7,0.4840,899.7
hat_Latn-mal_Mlym,hat_Latn,mal_Mlym,1,1,173847,173836,11,0.5979,3117.3
hau_Latn-run_Latn,hau_Latn,run_Latn,1,1,186334,186261,73,0.3594,3561.5
kin_Latn-luo_Latn,kin_Latn,luo_Latn,1,1,99943,99851,92,0.3865,2107.4
hau_Latn-mon_Cyrl,hau_Latn,mon_Cyrl,1,1,51688,51687,1,0.2785,1191.4
kin_Latn-wln_Latn,kin_Latn,wln_Latn,1,1,7563,7563,0,0.4112,314.0
lao_Laoo-mal_Mlym,lao_Laoo,mal_Mlym,1,1,54474,54469,5,0.4658,1308.6
khm_Khmr-plt_Latn,khm_Khmr,plt_Latn,1,1,50098,50089,9,0.5520,1062.7
mkd_Cyrl-swa_Latn,mkd_Cyrl,swa_Latn,1,1,511186,510942,244,0.4598,9432.8
hau_Latn-sun_Latn,hau_Latn,sun_Latn,1,1,80178,80167,11,0.4676,1609.3
lao_Laoo-sin_Sinh,lao_Laoo,sin_Sinh,1,1,49883,49879,4,0.5821,912.8
kmr_Latn-nob_Latn,kmr_Latn,nob_Latn,1,1,67139,67111,28,0.6100,1273.1
isl_Latn-kan_Knda,isl_Latn,kan_Knda,1,1,125277,125269,8,0.7853,2368.5
fro_Latn-ron_Latn,fro_Latn,ron_Latn,1,1,189089,189018,71,0.6258,3662.1
mag_Deva-urd_Arab,mag_Deva,urd_Arab,1,1,148016,147983,33,0.2408,2792.8
hau_Latn-swc_Latn,hau_Latn,swc_Latn,1,1,104381,104361,20,0.4802,1885.8
mar_Deva-nya_Latn,mar_Deva,nya_Latn,1,1,55543,55526,17,0.4586,1010.6
fro_Latn-slv_Latn,fro_Latn,slv_Latn,1,1,73606,73571,35,0.5873,1436.4
isl_Latn-khk_Cyrl,isl_Latn,khk_Cyrl,1,1,76199,76185,14,0.5845,1555.8
kmr_Latn-nor_Latn,kmr_Latn,nor_Latn,1,1,79606,79601,5,0.2530,1573.9
khm_Khmr-tel_Telu,khm_Khmr,tel_Telu,1,1,157843,157810,33,0.6935,2759.1
lim_Latn-mkd_Cyrl,lim_Latn,mkd_Cyrl,1,1,23443,23413,30,0.6222,447.5
hau_Latn-tel_Telu,hau_Latn,tel_Telu,1,1,90509,90494,15,0.5829,1570.7
hau_Latn-tso_Latn,hau_Latn,tso_Latn,1,1,159167,159120,47,0.3453,2831.0
mya_Mymr-sin_Sinh,mya_Mymr,sin_Sinh,1,1,463951,463917,34,0.6296,8360.3
hat_Latn-mkd_Cyrl,hat_Latn,mkd_Cyrl,1,1,274142,274109,33,0.6407,4853.4
khm_Khmr-tgk_Cyrl,khm_Khmr,tgk_Cyrl,1,1,91173,91169,4,0.5061,1562.8
mar_Deva-sun_Latn,mar_Deva,sun_Latn,1,1,156763,156734,29,0.5153,2740.9
kiu_Latn-ron_Latn,kiu_Latn,ron_Latn,1,1,102618,102491,127,0.4993,1870.3
isl_Latn-hbs_Latn,isl_Latn,hbs_Latn,1,1,77793,77792,1,0.4080,1363.0
hat_Latn-mlg_Latn,hat_Latn,mlg_Latn,1,1,71678,71675,3,0.5431,1255.9
lin_Latn-som_Latn,lin_Latn,som_Latn,1,1,113978,113924,54,0.2124,2001.6
kir_Cyrl-nob_Latn,kir_Cyrl,nob_Latn,1,1,57825,57810,15,0.5928,974.2
nds_Latn-ukr_Cyrl,nds_Latn,ukr_Cyrl,1,1,231569,231513,56,0.5271,4098.4
hat_Latn-nya_Latn,hat_Latn,nya_Latn,1,1,45154,45148,6,0.4846,831.6
kiu_Latn-slk_Latn,kiu_Latn,slk_Latn,1,1,83216,82968,248,0.5400,1537.5
hat_Latn-srd_Latn,hat_Latn,srd_Latn,1,1,5052,5052,0,0.4690,129.1
hau_Latn-twi_Latn,hau_Latn,twi_Latn,1,1,148774,148744,30,0.3548,2565.0
isl_Latn-khm_Khmr,isl_Latn,khm_Khmr,1,1,235333,235317,16,0.6964,3966.2
kir_Cyrl-uig_Arab,kir_Cyrl,uig_Arab,1,1,106356,106351,5,0.5536,1766.5
isl_Latn-jav_Latn,isl_Latn,jav_Latn,1,1,146882,146862,20,0.2183,2479.8
hat_Latn-sun_Latn,hat_Latn,sun_Latn,1,1,97424,97400,24,0.5754,1602.2
mal_Mlym-sun_Latn,mal_Mlym,sun_Latn,1,1,181376,181353,23,0.4914,3012.9
lim_Latn-nob_Latn,lim_Latn,nob_Latn,1,1,75717,75650,67,0.7159,1349.8
isl_Latn-kir_Cyrl,isl_Latn,kir_Cyrl,1,1,76858,76831,27,0.4990,1358.8
abk_Cyrl-bos_Latn,abk_Cyrl,bos_Latn,1,1,12109,12108,1,0.7235,302.9
isl_Latn-lim_Latn,isl_Latn,lim_Latn,1,1,28590,28582,8,0.6200,602.6
mhr_Cyrl-nor_Latn,mhr_Cyrl,nor_Latn,1,1,34039,34022,17,0.6940,808.4
abk_Cyrl-dan_Latn,abk_Cyrl,dan_Latn,1,1,47378,47365,13,0.4623,839.0
nds_Latn-ron_Latn,nds_Latn,ron_Latn,1,1,236573,236534,39,0.5122,4001.4
hat_Latn-tel_Telu,hat_Latn,tel_Telu,1,1,162727,162711,16,0.7121,2714.3
nep_Deva-sin_Sinh,nep_Deva,sin_Sinh,1,1,448505,448484,21,0.4864,7349.0
abk_Cyrl-ell_Grek,abk_Cyrl,ell_Grek,1,1,71577,71568,9,0.4745,1123.6
mkd_Cyrl-hbs_Latn,mkd_Cyrl,hbs_Latn,1,1,120086,120084,2,0.5598,1867.9
hat_Latn-tgk_Cyrl,hat_Latn,tgk_Cyrl,1,1,60234,60230,4,0.4710,967.3
abk_Cyrl-est_Latn,abk_Cyrl,est_Latn,1,1,20971,20971,0,0.6025,338.9
isl_Latn-ltz_Latn,isl_Latn,ltz_Latn,1,1,156979,156964,15,0.2117,2473.3
gle_Latn-nob_Latn,gle_Latn,nob_Latn,1,1,1556661,1550385,6276,0.7581,29772.9
abk_Cyrl-heb_Hebr,abk_Cyrl,heb_Hebr,1,1,54177,54173,4,0.4783,910.7
hau_Latn-mlg_Latn,hau_Latn,mlg_Latn,1,1,81990,81990,0,0.3049,1350.3
mlg_Latn-nor_Latn,mlg_Latn,nor_Latn,1,1,105395,105374,21,0.5762,1756.7
nds_Latn-slk_Latn,nds_Latn,slk_Latn,1,1,182592,182555,37,0.4918,3002.4
mlg_Latn-oci_Latn,mlg_Latn,oci_Latn,1,1,16392,16392,0,0.4401,287.8
abk_Cyrl-ind_Latn,abk_Cyrl,ind_Latn,1,1,51976,51961,15,0.4435,893.4
mya_Mymr-nor_Latn,mya_Mymr,nor_Latn,1,1,329041,328997,44,0.4497,5341.9
mon_Cyrl-nep_Deva,mon_Cyrl,nep_Deva,1,1,39036,39033,3,0.5802,666.8
isl_Latn-mal_Mlym,isl_Latn,mal_Mlym,1,1,450542,450507,35,0.6321,7230.1
abk_Cyrl-ron_Latn,abk_Cyrl,ron_Latn,1,1,85630,85615,15,0.5238,1510.0
gle_Latn-sqi_Latn,gle_Latn,sqi_Latn,1,1,114115,111979,2136,0.3201,2794.3
mya_Mymr-sun_Latn,mya_Mymr,sun_Latn,1,1,86148,86133,15,0.6107,1455.3
mon_Cyrl-nor_Latn,mon_Cyrl,nor_Latn,1,1,78657,78570,87,0.6026,1429.4
abk_Cyrl-slk_Latn,abk_Cyrl,slk_Latn,1,1,43922,43919,3,0.5272,772.3
und_Beng-ell_Grek,und_Beng,ell_Grek,1,1,139895,139865,30,0.2455,2387.9
mon_Cyrl-sun_Latn,mon_Cyrl,sun_Latn,1,1,51196,51188,8,0.4100,830.8
isl_Latn-mya_Mymr,isl_Latn,mya_Mymr,1,1,280278,280180,98,0.6658,4594.1
isl_Latn-mlg_Latn,isl_Latn,mlg_Latn,1,1,150946,150945,1,0.4140,2508.5
gle_Latn-tel_Telu,gle_Latn,tel_Telu,1,1,93820,93600,220,0.7601,1664.3
abk_Cyrl-slv_Latn,abk_Cyrl,slv_Latn,1,1,57527,57522,5,0.4962,977.2
mri_Latn-nob_Latn,mri_Latn,nob_Latn,1,1,57477,57469,8,0.6840,1112.5
guj_Gujr-tel_Telu,guj_Gujr,tel_Telu,1,1,7340285,7340141,144,0.6676,119546.3
abk_Cyrl-tha_Thai,abk_Cyrl,tha_Thai,1,1,64454,64442,12,0.3879,1198.1
hat_Latn-ibo_Latn,hat_Latn,ibo_Latn,1,1,69618,69615,3,0.5730,1288.2
mya_Mymr-tel_Telu,mya_Mymr,tel_Telu,1,1,174410,174401,9,0.7371,2903.5
hat_Latn-jav_Latn,hat_Latn,jav_Latn,1,1,10905,10905,0,0.5163,206.8
guj_Gujr-wln_Latn,guj_Gujr,wln_Latn,1,1,26483,26483,0,0.6498,454.4
abk_Cyrl-ukr_Cyrl,abk_Cyrl,ukr_Cyrl,1,1,53845,53841,4,0.4842,906.5
isl_Latn-npi_Deva,isl_Latn,npi_Deva,1,1,130240,130187,53,0.6830,2258.6
hat_Latn-khk_Cyrl,hat_Latn,khk_Cyrl,1,1,57469,57459,10,0.5373,1015.9
hne_Deva-nno_Latn,hne_Deva,nno_Latn,1,1,73154,73154,0,0.7771,1247.9
mya_Mymr-sqi_Latn,mya_Mymr,sqi_Latn,1,1,142392,142384,8,0.4331,2422.7
und_Beng-ind_Latn,und_Beng,ind_Latn,1,1,237013,236919,94,0.2749,4169.4
isl_Latn-sna_Latn,isl_Latn,sna_Latn,1,1,63899,63765,134,0.6484,1278.5
ace_Latn-ceb_Latn,ace_Latn,ceb_Latn,1,1,77372,77341,31,0.3798,1407.8
nep_Deva-sqi_Latn,nep_Deva,sqi_Latn,1,1,123656,123558,98,0.5502,2234.3
nob_Latn-epo_Latn,nob_Latn,epo_Latn,1,1,37682,37681,1,0.5996,673.0
hye_Armn-plt_Latn,hye_Armn,plt_Latn,1,1,61633,61626,7,0.5854,1137.1
aeb_Arab-bos_Latn,aeb_Arab,bos_Latn,1,1,44056,44034,22,0.7716,861.1
hau_Latn-som_Latn,hau_Latn,som_Latn,1,1,501475,501419,56,0.5425,8558.0
und_Beng-tha_Thai,und_Beng,tha_Thai,1,1,111172,111162,10,0.2544,1999.5
hye_Armn-srd_Latn,hye_Armn,srd_Latn,1,1,76416,76405,11,0.1771,1361.3
hat_Latn-sin_Sinh,hat_Latn,sin_Sinh,1,1,153752,153737,15,0.6349,2794.4
ory_Orya-urd_Arab,ory_Orya,urd_Arab,1,1,948372,948329,43,0.4264,16054.8
nya_Latn-sot_Latn,nya_Latn,sot_Latn,1,1,677708,677603,105,0.6140,11593.9
und_Geor-ron_Latn,und_Geor,ron_Latn,1,1,56793,56751,42,0.1623,1185.6
nya_Latn-swc_Latn,nya_Latn,swc_Latn,1,1,155606,155593,13,0.6607,2887.8
nya_Latn-sun_Latn,nya_Latn,sun_Latn,1,1,47496,47486,10,0.4864,950.2
hat_Latn-yue_Hani,hat_Latn,yue_Hani,1,1,104467,104467,0,0.1233,2115.2
aeb_Arab-bul_Cyrl,aeb_Arab,bul_Cyrl,1,1,154024,153929,95,0.7668,3021.3
kan_Knda-mal_Mlym,kan_Knda,mal_Mlym,1,1,6993946,6993690,256,0.6348,115456.1
und_Beng-heb_Hebr,und_Beng,heb_Hebr,1,1,111255,111238,17,0.2380,2313.4
mkd_Cyrl-nor_Latn,mkd_Cyrl,nor_Latn,1,1,1949833,1949455,378,0.6103,33437.4
ibo_Latn-kin_Latn,ibo_Latn,kin_Latn,1,1,161502,161474,28,0.3426,3164.8
und_Hira-ron_Latn,und_Hira,ron_Latn,1,1,71041,71013,28,0.4290,1525.3
khm_Khmr-pus_Arab,khm_Khmr,pus_Arab,1,1,50042,50041,1,0.4879,1127.8
kan_Knda-nob_Latn,kan_Knda,nob_Latn,1,1,119637,119614,23,0.7955,2687.1
ory_Orya-tam_Taml,ory_Orya,tam_Taml,1,1,1601171,1601136,35,0.4872,28241.9
und_Hira-slv_Latn,und_Hira,slv_Latn,1,1,48237,48217,20,0.5239,1238.8
aeb_Arab-dan_Latn,aeb_Arab,dan_Latn,1,1,148356,148275,81,0.7880,3376.9
shp_Latn-ron_Latn,shp_Latn,ron_Latn,1,1,26264,26261,3,0.4922,708.4
plt_Latn-mal_Mlym,plt_Latn,mal_Mlym,1,1,185728,185632,96,0.4920,4103.1
und_Kana-ron_Latn,und_Kana,ron_Latn,1,1,245071,245028,43,0.4865,5427.0
guj_Gujr-kan_Knda,guj_Gujr,kan_Knda,1,1,7162584,7162319,265,0.6958,120569.0
aeb_Arab-ekk_Latn,aeb_Arab,ekk_Latn,1,1,65152,65127,25,0.7093,1646.6
guj_Gujr-kmr_Latn,guj_Gujr,kmr_Latn,1,1,25853,25853,0,0.6303,649.2
und_Kana-lit_Latn,und_Kana,lit_Latn,1,1,110812,110780,32,0.4880,2646.6
pus_Arab-sin_Sinh,pus_Arab,sin_Sinh,1,1,85150,85150,0,0.5792,1969.5
kas_Deva-tel_Telu,kas_Deva,tel_Telu,1,1,138166,138056,110,0.2214,3437.5
und_Beng-dan_Latn,und_Beng,dan_Latn,1,1,107073,107012,61,0.2510,2563.3
khm_Khmr-kan_Knda,khm_Khmr,kan_Knda,1,1,46583,46581,2,0.7132,1125.1
und_Kana-slv_Latn,und_Kana,slv_Latn,1,1,85752,85723,29,0.4798,1932.3
und_Kana-slk_Latn,und_Kana,slk_Latn,1,1,154348,154303,45,0.4782,3530.9
und_Kana-tam_Taml,und_Kana,tam_Taml,1,1,47333,47333,0,0.1840,1120.3
kin_Latn-sna_Latn,kin_Latn,sna_Latn,1,1,300754,300651,103,0.4878,7070.8
isl_Latn-sqi_Latn,isl_Latn,sqi_Latn,1,1,581410,580449,961,0.4730,13113.7
run_Latn-sot_Latn,run_Latn,sot_Latn,1,1,157730,157696,34,0.3825,3603.0
und_Beng-ron_Latn,und_Beng,ron_Latn,1,1,140064,140041,23,0.2756,3407.3
kin_Latn-ssw_Latn,kin_Latn,ssw_Latn,1,1,85803,85687,116,0.2961,2349.0
aeb_Arab-ell_Grek,aeb_Arab,ell_Grek,1,1,201706,201577,129,0.8038,4876.1
und_Kana-tgl_Latn,und_Kana,tgl_Latn,1,1,35350,35347,3,0.5785,1065.6
nep_Deva-tel_Telu,nep_Deva,tel_Telu,1,1,655455,655285,170,0.5755,14342.0
nno_Latn-oci_Latn,nno_Latn,oci_Latn,1,1,39218,39218,0,0.6505,1854.7
und_Beng-ukr_Cyrl,und_Beng,ukr_Cyrl,1,1,75099,75085,14,0.2392,2958.7
kir_Cyrl-mal_Mlym,kir_Cyrl,mal_Mlym,1,1,89200,89194,6,0.5600,3354.7
nno_Latn-pus_Arab,nno_Latn,pus_Arab,1,1,18811,18806,5,0.5573,869.1
plt_Latn-sun_Latn,plt_Latn,sun_Latn,1,1,561185,561121,64,0.6590,14158.7
und_Kana-ukr_Cyrl,und_Kana,ukr_Cyrl,1,1,184766,184738,28,0.4341,6358.5
guj_Gujr-mai_Deva,guj_Gujr,mai_Deva,1,1,291201,291182,19,0.2833,8777.7
hau_Latn-sot_Latn,hau_Latn,sot_Latn,1,1,659937,659834,103,0.5681,16850.7
mkd_Cyrl-nob_Latn,mkd_Cyrl,nob_Latn,1,1,3524016,3522560,1456,0.7724,67120.0
run_Latn-twi_Latn,run_Latn,twi_Latn,1,1,126678,126648,30,0.5025,5516.5
und_Kana-tha_Thai,und_Kana,tha_Thai,1,1,96157,96099,58,0.4326,4833.9
und_Kana-msa_Latn,und_Kana,msa_Latn,1,1,47219,47193,26,0.6738,2822.5
nno_Latn-wln_Latn,nno_Latn,wln_Latn,1,1,58205,58197,8,0.6396,3266.1
und_Kana-urd_Arab,und_Kana,urd_Arab,1,1,55485,55474,11,0.2468,3136.5
pus_Arab-tel_Telu,pus_Arab,tel_Telu,1,1,69509,69509,0,0.6466,3730.0
xav_Latn-ron_Latn,xav_Latn,ron_Latn,1,1,59539,59531,8,0.8199,2989.3
aeb_Arab-heb_Hebr,aeb_Arab,heb_Hebr,1,1,176128,176042,86,0.8082,8493.5
mkd_Cyrl-pus_Arab,mkd_Cyrl,pus_Arab,1,1,84931,84897,34,0.5138,4406.2
guj_Gujr-sqi_Latn,guj_Gujr,sqi_Latn,1,1,91975,91967,8,0.5153,4882.3
kin_Latn-som_Latn,kin_Latn,som_Latn,1,1,233878,233852,26,0.2774,10820.4
kir_Cyrl-nor_Latn,kir_Cyrl,nor_Latn,1,1,132766,132753,13,0.3273,7742.3
hau_Latn-yue_Hani,hau_Latn,yue_Hani,1,1,114025,114024,1,0.0788,6472.0
hau_Latn-ibo_Latn,hau_Latn,ibo_Latn,1,1,637399,637347,52,0.6097,20965.4
sco_Latn-nob_Latn,sco_Latn,nob_Latn,1,1,67329,67324,5,0.7697,5036.9
nob_Latn-lzh_Hani,nob_Latn,lzh_Hani,1,1,86758,86751,7,0.5508,5965.6
hbs_Latn-sin_Sinh,hbs_Latn,sin_Sinh,1,1,74782,74782,0,0.2646,5881.9
acm_Arab-slv_Latn,acm_Arab,slv_Latn,1,1,44150,44149,1,0.7678,3473.4
isl_Latn-pus_Arab,isl_Latn,pus_Arab,1,1,59923,59921,2,0.4942,5003.5
sin_Sinh-sun_Latn,sin_Sinh,sun_Latn,1,1,167363,167348,15,0.5506,11141.0
kmr_Latn-mal_Mlym,kmr_Latn,mal_Mlym,1,1,70438,70431,7,0.5263,5892.6
acm_Arab-dan_Latn,acm_Arab,dan_Latn,1,1,75648,75641,7,0.7703,6135.3
isl_Latn-tel_Telu,isl_Latn,tel_Telu,1,1,336919,336875,44,0.7353,19039.7
acm_Arab-bul_Cyrl,acm_Arab,bul_Cyrl,1,1,89232,89219,13,0.7768,7248.0
hbs_Latn-sqi_Latn,hbs_Latn,sqi_Latn,1,1,54506,54505,1,0.7985,4078.2
kmr_Latn-nep_Deva,kmr_Latn,nep_Deva,1,1,41654,41652,2,0.5180,3083.2
sin_Sinh-lzh_Hani,sin_Sinh,lzh_Hani,1,1,108769,108769,0,0.2139,8202.1
lin_Latn-nso_Latn,lin_Latn,nso_Latn,1,1,31288,31240,48,0.3934,2889.1
aeb_Arab-ind_Latn,aeb_Arab,ind_Latn,1,1,207393,207278,115,0.7925,16772.6
acm_Arab-ell_Grek,acm_Arab,ell_Grek,1,1,110648,110637,11,0.8021,8994.2
isl_Latn-mkd_Cyrl,isl_Latn,mkd_Cyrl,1,1,1907055,1906552,503,0.7086,55394.7
hne_Deva-mal_Mlym,hne_Deva,mal_Mlym,1,1,120682,120680,2,0.4037,10044.6
mal_Mlym-tel_Telu,mal_Mlym,tel_Telu,1,1,7537220,7536944,276,0.6318,148237.2
mkd_Cyrl-sqi_Latn,mkd_Cyrl,sqi_Latn,1,1,880059,879944,115,0.6060,40740.3
kin_Latn-sot_Latn,kin_Latn,sot_Latn,1,1,282045,281972,73,0.3514,21754.0
isl_Latn-mri_Latn,isl_Latn,mri_Latn,1,1,74024,74013,11,0.6413,4465.4
mar_Deva-nob_Latn,mar_Deva,nob_Latn,1,1,232647,232570,77,0.6851,17072.4
acm_Arab-heb_Hebr,acm_Arab,heb_Hebr,1,1,97197,97191,6,0.8108,6245.4
hne_Deva-nep_Deva,hne_Deva,nep_Deva,1,1,66196,66182,14,0.5523,4143.3
lin_Latn-sna_Latn,lin_Latn,sna_Latn,1,1,145916,145782,134,0.4935,11515.6
nob_Latn-nno_Latn,nob_Latn,nno_Latn,1,1,300706,300538,168,0.8886,21871.9
hau_Latn-nor_Latn,hau_Latn,nor_Latn,1,1,319367,319273,94,0.1863,24231.6
als_Latn-tam_Taml,als_Latn,tam_Taml,1,1,283716,283656,60,0.6280,20756.8
isl_Latn-nya_Latn,isl_Latn,nya_Latn,1,1,53385,53358,27,0.5144,4060.1
als_Latn-fil_Latn,als_Latn,fil_Latn,1,1,232486,232297,189,0.6812,17642.4
isl_Latn-yue_Hani,isl_Latn,yue_Hani,1,1,276873,276862,11,0.3357,19471.9
mar_Deva-pus_Arab,mar_Deva,pus_Arab,1,1,68959,68954,5,0.4618,4900.9
mlg_Latn-tel_Telu,mlg_Latn,tel_Telu,1,1,95870,95867,3,0.5139,6220.7
kir_Cyrl-tel_Telu,kir_Cyrl,tel_Telu,1,1,97500,97499,1,0.6304,6142.7
pbt_Arab-sin_Sinh,pbt_Arab,sin_Sinh,1,1,64174,64172,2,0.6289,4732.8
hye_Armn-jav_Latn,hye_Armn,jav_Latn,1,1,86553,86534,19,0.2613,6360.9
acm_Arab-ind_Latn,acm_Arab,ind_Latn,1,1,101696,101684,12,0.8207,7056.3
mkd_Cyrl-tel_Telu,mkd_Cyrl,tel_Telu,1,1,439050,439002,48,0.7022,31657.0
aeb_Arab-ron_Latn,aeb_Arab,ron_Latn,1,1,242413,242314,99,0.8151,16241.7
kmr_Latn-mkd_Cyrl,kmr_Latn,mkd_Cyrl,1,1,70984,70976,8,0.5550,4005.8
mal_Mlym-yue_Hani,mal_Mlym,yue_Hani,1,1,175555,175548,7,0.2128,10923.4
mri_Latn-nor_Latn,mri_Latn,nor_Latn,1,1,77846,77841,5,0.2721,4184.6
lin_Latn-sot_Latn,lin_Latn,sot_Latn,1,1,122855,122792,63,0.3891,7912.0
pbt_Arab-tel_Telu,pbt_Arab,tel_Telu,1,1,57297,57297,0,0.6996,2948.2
lao_Laoo-nor_Latn,lao_Laoo,nor_Latn,1,1,88193,88189,4,0.2455,4771.5
isl_Latn-tgk_Cyrl,isl_Latn,tgk_Cyrl,1,1,128000,127985,15,0.5360,6782.2
hye_Armn-mlg_Latn,hye_Armn,mlg_Latn,1,1,80480,80478,2,0.5194,3646.5
als_Latn-tgl_Latn,als_Latn,tgl_Latn,1,1,108758,108095,663,0.3750,7292.5
sin_Sinh-snd_Arab,sin_Sinh,snd_Arab,1,1,370382,370339,43,0.4933,23441.3
aeb_Arab-slk_Latn,aeb_Arab,slk_Latn,1,1,54100,54081,19,0.7766,2640.0
sin_Sinh-wln_Latn,sin_Sinh,wln_Latn,1,1,13245,13245,0,0.6275,816.8
mkd_Cyrl-fur_Latn,mkd_Cyrl,fur_Latn,1,1,60385,60385,0,0.4507,2889.0
lao_Laoo-tel_Telu,lao_Laoo,tel_Telu,1,1,49455,49454,1,0.5869,2477.6
kmr_Latn-tel_Telu,kmr_Latn,tel_Telu,1,1,65763,65757,6,0.5865,3109.0
lao_Laoo-mkd_Cyrl,lao_Laoo,mkd_Cyrl,1,1,56540,56533,7,0.4977,3042.4
hye_Armn-pus_Arab,hye_Armn,pus_Arab,1,1,56017,56016,1,0.5307,2946.4
acm_Arab-ron_Latn,acm_Arab,ron_Latn,1,1,129705,129694,11,0.8195,6103.2
aeb_Arab-slv_Latn,aeb_Arab,slv_Latn,1,1,86713,86670,43,0.7539,4850.9
lin_Latn-tso_Latn,lin_Latn,tso_Latn,1,1,127662,127588,74,0.5131,7157.6
mal_Mlym-srd_Latn,mal_Mlym,srd_Latn,1,1,19059,19058,1,0.2938,678.0
als_Latn-uzn_Latn,als_Latn,uzn_Latn,1,1,135891,135832,59,0.7118,6705.7
kmr_Latn-tgk_Cyrl,kmr_Latn,tgk_Cyrl,1,1,146272,146269,3,0.3733,6323.0
aeb_Arab-tha_Thai,aeb_Arab,tha_Thai,1,1,81551,81522,29,0.7967,3007.3
mkd_Cyrl-lzh_Hani,mkd_Cyrl,lzh_Hani,1,1,169276,169269,7,0.3526,7357.9
mar_Deva-mya_Mymr,mar_Deva,mya_Mymr,1,1,175963,175922,41,0.6369,7632.1
sin_Sinh-yue_Hani,sin_Sinh,yue_Hani,1,1,189340,189337,3,0.2614,7988.9
amh_Ethi-est_Latn,amh_Ethi,est_Latn,1,1,77984,77982,2,0.6110,2776.6
pbt_Arab-tgk_Cyrl,pbt_Arab,tgk_Cyrl,1,1,264226,264206,20,0.5516,11413.4
apc_Arab-ben_Beng,apc_Arab,ben_Beng,1,1,49528,49519,9,0.4723,2212.1
mkd_Cyrl-khk_Cyrl,mkd_Cyrl,khk_Cyrl,1,1,108678,108657,21,0.5917,4262.5
hye_Armn-tel_Telu,hye_Armn,tel_Telu,1,1,193604,193580,24,0.7269,8290.7
mar_Deva-nno_Latn,mar_Deva,nno_Latn,1,1,40672,40641,31,0.6483,1930.3
mkd_Cyrl-yue_Hani,mkd_Cyrl,yue_Hani,1,1,295148,295118,30,0.3469,14530.5
amh_Ethi-glg_Latn,amh_Ethi,glg_Latn,1,1,37500,37500,0,0.6657,1768.9
mri_Latn-sun_Latn,mri_Latn,sun_Latn,1,1,317166,317113,53,0.6332,14403.9
mal_Mlym-som_Latn,mal_Mlym,som_Latn,1,1,127610,127604,6,0.5675,5319.0
mlg_Latn-mya_Mymr,mlg_Latn,mya_Mymr,1,1,61493,61491,2,0.4294,3675.2
mkd_Cyrl-npi_Deva,mkd_Cyrl,npi_Deva,1,1,110159,110115,44,0.6454,5167.3
apc_Arab-bos_Latn,apc_Arab,bos_Latn,1,1,116531,116489,42,0.7612,5463.7
mkd_Cyrl-mon_Cyrl,mkd_Cyrl,mon_Cyrl,1,1,109844,109817,27,0.4209,4485.5
amh_Ethi-kat_Geor,amh_Ethi,kat_Geor,1,1,152582,152562,20,0.6299,6145.1
mri_Latn-mal_Mlym,mri_Latn,mal_Mlym,1,1,77817,77815,2,0.6219,3342.4
mkd_Cyrl-nep_Deva,mkd_Cyrl,nep_Deva,1,1,286356,286258,98,0.4949,11823.4
khm_Khmr-nob_Latn,khm_Khmr,nob_Latn,1,1,254683,254658,25,0.7332,9699.7
amh_Ethi-kaz_Cyrl,amh_Ethi,kaz_Cyrl,1,1,117462,117458,4,0.5903,3634.1
mkd_Cyrl-oci_Latn,mkd_Cyrl,oci_Latn,1,1,118829,118825,4,0.3134,3725.2
als_Latn-urd_Arab,als_Latn,urd_Arab,1,1,486244,486131,113,0.7096,19106.5
mkd_Cyrl-sun_Latn,mkd_Cyrl,sun_Latn,1,1,189741,189711,30,0.5842,5986.5
mkd_Cyrl-nya_Latn,mkd_Cyrl,nya_Latn,1,1,63424,63402,22,0.4892,1923.5
mya_Mymr-nep_Deva,mya_Mymr,nep_Deva,1,1,112718,112713,5,0.5144,3986.3
khm_Khmr-npi_Deva,khm_Khmr,npi_Deva,1,1,89064,89051,13,0.6842,2298.9
mkd_Cyrl-snd_Arab,mkd_Cyrl,snd_Arab,1,1,41097,41088,9,0.2818,1161.1
mya_Mymr-nob_Latn,mya_Mymr,nob_Latn,1,1,339294,339276,18,0.6603,10895.8
mkd_Cyrl-som_Latn,mkd_Cyrl,som_Latn,1,1,105372,105362,10,0.4976,2709.1
mar_Deva-nep_Deva,mar_Deva,nep_Deva,1,1,605094,604871,223,0.4089,22449.2
mya_Mymr-tgk_Cyrl,mya_Mymr,tgk_Cyrl,1,1,70983,70980,3,0.4924,2476.5
mlg_Latn-nno_Latn,mlg_Latn,nno_Latn,1,1,34819,34810,9,0.3979,1162.2
mya_Mymr-pus_Arab,mya_Mymr,pus_Arab,1,1,49468,49468,0,0.5083,1510.5
mlg_Latn-som_Latn,mlg_Latn,som_Latn,1,1,54561,54556,5,0.3698,1686.1
plt_Latn-mri_Latn,plt_Latn,mri_Latn,1,1,449922,449714,208,0.6388,15557.0
mkd_Cyrl-tgk_Cyrl,mkd_Cyrl,tgk_Cyrl,1,1,154326,154315,11,0.5439,4654.0
amh_Ethi-bel_Cyrl,amh_Ethi,bel_Cyrl,1,1,167342,167330,12,0.5829,4791.5
nep_Deva-pus_Arab,nep_Deva,pus_Arab,1,1,44611,44607,4,0.5722,2162.9
nep_Deva-nob_Latn,nep_Deva,nob_Latn,1,1,64623,64619,4,0.4313,2209.5
kin_Latn-nso_Latn,kin_Latn,nso_Latn,1,1,170775,170757,18,0.3068,5221.2
mya_Mymr-npi_Deva,mya_Mymr,npi_Deva,1,1,86295,86274,21,0.6591,2822.0
isl_Latn-nor_Latn,isl_Latn,nor_Latn,1,1,2352333,2351877,456,0.6422,89631.0
kir_Cyrl-khk_Cyrl,kir_Cyrl,khk_Cyrl,1,1,46346,46338,8,0.5325,1292.4
apc_Arab-bul_Cyrl,apc_Arab,bul_Cyrl,1,1,430447,430254,193,0.7614,13474.4
amh_Ethi-slk_Latn,amh_Ethi,slk_Latn,1,1,292956,292942,14,0.5583,8373.9
mlg_Latn-sin_Sinh,mlg_Latn,sin_Sinh,1,1,167733,167733,0,0.3993,4912.1
nno_Latn-sqi_Latn,nno_Latn,sqi_Latn,1,1,65335,65088,247,0.4883,3044.6
nep_Deva-sun_Latn,nep_Deva,sun_Latn,1,1,103799,103797,2,0.4461,2796.4
kir_Cyrl-mlg_Latn,kir_Cyrl,mlg_Latn,1,1,35889,35889,0,0.4994,1014.0
hau_Latn-nya_Latn,hau_Latn,nya_Latn,1,1,1036455,1036344,111,0.6276,40092.6
nob_Latn-mkd_Cyrl,nob_Latn,mkd_Cyrl,1,1,135068,135054,14,0.7248,3653.1
sna_Latn-sot_Latn,sna_Latn,sot_Latn,1,1,699359,699093,266,0.6365,22877.6
kir_Cyrl-tgk_Cyrl,kir_Cyrl,tgk_Cyrl,1,1,70611,70610,1,0.4527,2033.8
nob_Latn-pbt_Arab,nob_Latn,pbt_Arab,1,1,36239,36235,4,0.6094,1189.9
hau_Latn-oci_Latn,hau_Latn,oci_Latn,1,1,42405,42405,0,0.1038,1348.1
kmr_Latn-nno_Latn,kmr_Latn,nno_Latn,1,1,37084,37077,7,0.5933,1308.4
mlg_Latn-mkd_Cyrl,mlg_Latn,mkd_Cyrl,1,1,244406,244376,30,0.3960,7345.8
oci_Latn-sqi_Latn,oci_Latn,sqi_Latn,1,1,47912,47908,4,0.6101,1717.1
lim_Latn-nno_Latn,lim_Latn,nno_Latn,1,1,23280,23261,19,0.6570,975.7
amh_Ethi-dan_Latn,amh_Ethi,dan_Latn,1,1,276029,275994,35,0.5896,8290.3
lim_Latn-srd_Latn,lim_Latn,srd_Latn,1,1,18025,18024,1,0.5251,615.8
plt_Latn-war_Latn,plt_Latn,war_Latn,1,1,182583,182576,7,0.4802,5564.8
mri_Latn-mkd_Cyrl,mri_Latn,mkd_Cyrl,1,1,66297,66291,6,0.4853,2189.8
amh_Ethi-tgl_Latn,amh_Ethi,tgl_Latn,1,1,209655,209646,9,0.2496,6502.8
mlg_Latn-war_Latn,mlg_Latn,war_Latn,1,1,175102,174835,267,0.2676,6082.6
mlg_Latn-pus_Arab,mlg_Latn,pus_Arab,1,1,29902,29902,0,0.5062,987.3
mlg_Latn-yue_Hani,mlg_Latn,yue_Hani,1,1,40120,40120,0,0.1837,1644.7
als_Latn-tha_Thai,als_Latn,tha_Thai,1,1,1169644,1168120,1524,0.7084,45819.3
mri_Latn-mya_Mymr,mri_Latn,mya_Mymr,1,1,64923,64913,10,0.6766,2553.1
gle_Latn-lav_Latn,gle_Latn,lav_Latn,1,1,96369,96360,9,0.4556,3517.9
plt_Latn-mkd_Cyrl,plt_Latn,mkd_Cyrl,1,1,156236,156199,37,0.5981,5345.5
mri_Latn-war_Latn,mri_Latn,war_Latn,1,1,112311,112296,15,0.3947,3977.6
mri_Latn-sin_Sinh,mri_Latn,sin_Sinh,1,1,55992,55987,5,0.5162,1785.5
hau_Latn-sqi_Latn,hau_Latn,sqi_Latn,1,1,209068,209068,0,0.2108,7211.4
apc_Arab-dan_Latn,apc_Arab,dan_Latn,1,1,345101,344941,160,0.7881,11397.6
mon_Cyrl-sin_Sinh,mon_Cyrl,sin_Sinh,1,1,99872,99872,0,0.5210,3118.2
plt_Latn-smo_Latn,plt_Latn,smo_Latn,1,1,500924,500776,148,0.6681,15645.0
hau_Latn-tgk_Cyrl,hau_Latn,tgk_Cyrl,1,1,49627,49625,2,0.4640,1520.3
mar_Deva-snd_Arab,mar_Deva,snd_Arab,1,1,555162,555137,25,0.4048,17504.1
mar_Deva-sin_Sinh,mar_Deva,sin_Sinh,1,1,1366748,1366677,71,0.5363,48471.0
mya_Mymr-som_Latn,mya_Mymr,som_Latn,1,1,85703,85696,7,0.6285,2632.1
sin_Sinh-tel_Telu,sin_Sinh,tel_Telu,1,1,1680557,1680331,226,0.5805,70464.8
run_Latn-sna_Latn,run_Latn,sna_Latn,1,1,224427,224385,42,0.6099,7283.9
mar_Deva-wln_Latn,mar_Deva,wln_Latn,1,1,21501,21501,0,0.6070,1022.3
plt_Latn-tel_Telu,plt_Latn,tel_Telu,1,1,120125,120103,22,0.6518,4196.2
nep_Deva-nor_Latn,nep_Deva,nor_Latn,1,1,115262,115175,87,0.6469,6068.0
apc_Arab-ekk_Latn,apc_Arab,ekk_Latn,1,1,133309,133280,29,0.7426,6570.0
mar_Deva-npi_Deva,mar_Deva,npi_Deva,1,1,1090726,1090663,63,0.5050,37478.6
mya_Mymr-yue_Hani,mya_Mymr,yue_Hani,1,1,93531,93529,2,0.2237,6413.2
amh_Ethi-ell_Grek,amh_Ethi,ell_Grek,1,1,354973,354954,19,0.4029,16058.9
run_Latn-tso_Latn,run_Latn,tso_Latn,1,1,166669,166656,13,0.5421,10649.5
run_Latn-swc_Latn,run_Latn,swc_Latn,1,1,115185,115179,6,0.7027,9694.0
som_Latn-sot_Latn,som_Latn,sot_Latn,1,1,479938,479905,33,0.5145,22170.3
smo_Latn-war_Latn,smo_Latn,war_Latn,1,1,146371,146361,10,0.3922,11576.9
mar_Deva-sna_Latn,mar_Deva,sna_Latn,1,1,62742,62691,51,0.5564,6323.8
gle_Latn-msa_Latn,gle_Latn,msa_Latn,1,1,275658,275607,51,0.6328,16761.1
nno_Latn-nor_Latn,nno_Latn,nor_Latn,1,1,95514,95357,157,0.4831,10131.8
nno_Latn-nso_Latn,nno_Latn,nso_Latn,1,1,10018,10018,0,0.6627,784.6
isl_Latn-sin_Sinh,isl_Latn,sin_Sinh,1,1,662475,662378,97,0.6275,29877.5
nep_Deva-nno_Latn,nep_Deva,nno_Latn,1,1,106566,106523,43,0.6127,9406.5
sin_Sinh-som_Latn,sin_Sinh,som_Latn,1,1,97980,97977,3,0.4715,7745.8
amh_Ethi-fil_Latn,amh_Ethi,fil_Latn,1,1,104629,104600,29,0.7036,8805.7
som_Latn-sun_Latn,som_Latn,sun_Latn,1,1,73710,73704,6,0.4321,5639.1
nep_Deva-oci_Latn,nep_Deva,oci_Latn,1,1,22321,22321,0,0.4871,1448.4
pan_Guru-sqi_Latn,pan_Guru,sqi_Latn,1,1,79182,79169,13,0.4158,5703.4
isl_Latn-nno_Latn,isl_Latn,nno_Latn,1,1,264786,264773,13,0.6319,18750.6
nno_Latn-tel_Telu,nno_Latn,tel_Telu,1,1,48872,48857,15,0.6771,3275.6
mri_Latn-smo_Latn,mri_Latn,smo_Latn,1,1,337959,337925,34,0.6844,21873.2
isl_Latn-snd_Arab,isl_Latn,snd_Arab,1,1,52930,52930,0,0.1871,3777.8
isl_Latn-som_Latn,isl_Latn,som_Latn,1,1,125666,125659,7,0.6178,8506.5
mar_Deva-oci_Latn,mar_Deva,oci_Latn,1,1,71730,71730,0,0.1087,5936.6
nep_Deva-kin_Latn,nep_Deva,kin_Latn,1,1,21229,21229,0,0.3195,1952.9
mar_Deva-sqi_Latn,mar_Deva,sqi_Latn,1,1,361155,360753,402,0.3143,29059.3
kmr_Latn-kir_Cyrl,kmr_Latn,kir_Cyrl,1,1,38581,38575,6,0.4546,3612.5
khk_Cyrl-sun_Latn,khk_Cyrl,sun_Latn,1,1,48191,48187,4,0.5947,5049.6
khk_Cyrl-mya_Mymr,khk_Cyrl,mya_Mymr,1,1,68912,68904,8,0.6160,6462.0
khm_Khmr-mon_Cyrl,khm_Khmr,mon_Cyrl,1,1,74182,74182,0,0.4601,6789.0
kas_Arab-tel_Telu,kas_Arab,tel_Telu,1,1,77560,77554,6,0.1822,7516.9
mri_Latn-tel_Telu,mri_Latn,tel_Telu,1,1,81909,81902,7,0.6668,8065.6
mlg_Latn-nep_Deva,mlg_Latn,nep_Deva,1,1,60744,60739,5,0.5204,5544.5
nep_Deva-som_Latn,nep_Deva,som_Latn,1,1,71572,71572,0,0.3814,6993.9
plt_Latn-npi_Deva,plt_Latn,npi_Deva,1,1,41926,41902,24,0.5533,4026.7
plt_Latn-pag_Latn,plt_Latn,pag_Latn,1,1,102699,102671,28,0.5619,9314.3
mar_Deva-som_Latn,mar_Deva,som_Latn,1,1,119400,119399,1,0.5344,10306.0
mar_Deva-tgk_Cyrl,mar_Deva,tgk_Cyrl,1,1,106795,106791,4,0.4715,9501.3
isl_Latn-sun_Latn,isl_Latn,sun_Latn,1,1,163001,162977,24,0.5724,14210.6
mkd_Cyrl-pbt_Arab,mkd_Cyrl,pbt_Arab,1,1,63632,63628,4,0.6064,4976.9
amh_Ethi-lit_Latn,amh_Ethi,lit_Latn,1,1,273508,273466,42,0.5935,22156.8
nno_Latn-kin_Latn,nno_Latn,kin_Latn,1,1,36546,36539,7,0.3498,2779.9
mar_Deva-srd_Latn,mar_Deva,srd_Latn,1,1,22170,22169,1,0.2722,2262.8
nep_Deva-tgk_Cyrl,nep_Deva,tgk_Cyrl,1,1,95074,95073,1,0.5160,8177.1
som_Latn-tgk_Cyrl,som_Latn,tgk_Cyrl,1,1,52102,52099,3,0.4524,3961.2
nya_Latn-tel_Telu,nya_Latn,tel_Telu,1,1,60354,60349,5,0.5694,4953.4
lao_Laoo-mya_Mymr,lao_Laoo,mya_Mymr,1,1,39927,39533,394,0.5915,3328.1
nep_Deva-yue_Hani,nep_Deva,yue_Hani,1,1,34103,34103,0,0.2558,2151.4
nep_Deva-snd_Arab,nep_Deva,snd_Arab,1,1,205977,205961,16,0.4040,18564.1
oci_Latn-sin_Sinh,oci_Latn,sin_Sinh,1,1,96220,96220,0,0.2620,5946.3
nno_Latn-sin_Sinh,nno_Latn,sin_Sinh,1,1,42679,42675,4,0.7207,2548.5
apc_Arab-ell_Grek,apc_Arab,ell_Grek,1,1,504366,501289,3077,0.7882,41121.2
nep_Deva-wln_Latn,nep_Deva,wln_Latn,1,1,24743,24741,2,0.7043,1859.8
mar_Deva-hbs_Latn,mar_Deva,hbs_Latn,1,1,64084,35380,28704,0.1044,5818.1
mar_Deva-yue_Hani,mar_Deva,yue_Hani,1,1,132059,127319,4740,0.0827,7818.0
amh_Ethi-lvs_Latn,amh_Ethi,lvs_Latn,1,1,155838,155811,27,0.5947,9021.6
sna_Latn-tel_Telu,sna_Latn,tel_Telu,1,1,69048,69036,12,0.6925,3435.7
nno_Latn-tgk_Cyrl,nno_Latn,tgk_Cyrl,1,1,62039,62035,4,0.6938,2655.9
snd_Arab-sqi_Latn,snd_Arab,sqi_Latn,1,1,80063,80063,0,0.1108,2771.6
som_Latn-tso_Latn,som_Latn,tso_Latn,1,1,123316,51559,71757,0.2565,12133.9
amh_Ethi-msa_Latn,amh_Ethi,msa_Latn,1,1,144527,141388,3139,0.4407,5468.0
nya_Latn-tum_Latn,nya_Latn,tum_Latn,1,1,163155,163097,58,0.6412,5076.4
apc_Arab-est_Latn,apc_Arab,est_Latn,1,1,67716,0,67716,nan,9112.5
plt_Latn-nob_Latn,plt_Latn,nob_Latn,1,1,77644,0,77644,nan,10502.6
isl_Latn-nob_Latn,isl_Latn,nob_Latn,1,1,5208038,5207332,706,0.7794,184603.4
isl_Latn-pbt_Arab,isl_Latn,pbt_Arab,1,1,51738,51733,5,0.5864,1990.2
sna_Latn-swc_Latn,sna_Latn,swc_Latn,1,1,163042,45280,117762,0.7173,17737.5
isl_Latn-srd_Latn,isl_Latn,srd_Latn,1,1,148309,148308,1,0.2505,3155.6
isl_Latn-wln_Latn,isl_Latn,wln_Latn,1,1,29231,29225,6,0.6385,552.1
sin_Sinh-sqi_Latn,sin_Sinh,sqi_Latn,1,1,388202,388182,20,0.3918,9243.4
mar_Deva-lzh_Hani,mar_Deva,lzh_Hani,1,1,83050,80412,2638,0.0825,1898.1
som_Latn-twi_Latn,som_Latn,twi_Latn,1,1,131813,131775,38,0.2335,1981.6
srd_Latn-sin_Sinh,srd_Latn,sin_Sinh,1,1,71987,71983,4,0.4008,867.2
srd_Latn-vec_Latn,srd_Latn,vec_Latn,1,1,38906,38891,15,0.6031,484.6
ssw_Latn-tso_Latn,ssw_Latn,tso_Latn,1,1,80711,80632,79,0.5277,1271.4
snd_Arab-tel_Telu,snd_Arab,tel_Telu,1,1,899449,899385,64,0.5002,17517.3
swc_Latn-tso_Latn,swc_Latn,tso_Latn,1,1,100701,100691,10,0.7349,1248.9
tso_Latn-tum_Latn,tso_Latn,tum_Latn,1,1,108915,108895,20,0.5636,1065.8
vec_Latn-srd_Latn,vec_Latn,srd_Latn,1,1,22649,22639,10,0.5662,226.6
tel_Telu-tgk_Cyrl,tel_Telu,tgk_Cyrl,1,1,110552,110529,23,0.5354,1202.9
mar_Deva-pbt_Arab,mar_Deva,pbt_Arab,1,1,54630,0,54630,nan,6998.6
vec_Latn-mkd_Cyrl,vec_Latn,mkd_Cyrl,1,1,44957,44949,8,0.7491,383.8
pan_Guru-wln_Latn,pan_Guru,wln_Latn,1,1,35655,0,35655,nan,4581.0
swa_Latn-tum_Latn,swa_Latn,tum_Latn,1,1,127062,0,127062,nan,16218.8
plt_Latn-mya_Mymr,plt_Latn,mya_Mymr,1,1,41623,41610,13,0.5744,2089.3
snd_Arab-sin_Sinh,snd_Arab,sin_Sinh,1,1,62170,62169,1,0.1479,2723.6
som_Latn-tum_Latn,som_Latn,tum_Latn,1,1,100774,100750,24,0.3737,4711.7
srd_Latn-fur_Latn,srd_Latn,fur_Latn,1,1,88816,88815,1,0.5333,3434.2
srd_Latn-nno_Latn,srd_Latn,nno_Latn,1,1,53380,53340,40,0.5734,1518.4
nob_Latn-nor_Latn,nob_Latn,nor_Latn,1,1,309967,309739,228,0.6839,11722.6
srd_Latn-yue_Hani,srd_Latn,yue_Hani,1,1,48197,48197,0,0.5566,1886.4
smo_Latn-sun_Latn,smo_Latn,sun_Latn,1,1,346907,346850,57,0.6489,13614.7
tat_Cyrl-uig_Arab,tat_Cyrl,uig_Arab,1,1,202547,202543,4,0.3423,7657.6
vec_Latn-fur_Latn,vec_Latn,fur_Latn,1,1,20066,20063,3,0.6178,838.5
srd_Latn-nob_Latn,srd_Latn,nob_Latn,1,1,254202,254131,71,0.6266,9071.7
srd_Latn-mkd_Cyrl,srd_Latn,mkd_Cyrl,1,1,285981,285919,62,0.6019,12478.7
srd_Latn-nor_Latn,srd_Latn,nor_Latn,1,1,402287,401598,689,0.5848,15282.2
nya_Latn-som_Latn,nya_Latn,som_Latn,1,1,457570,457539,31,0.4736,15643.2
sna_Latn-som_Latn,sna_Latn,som_Latn,1,1,457103,456953,150,0.5679,15927.6
nya_Latn-sna_Latn,nya_Latn,sna_Latn,1,1,748919,748658,261,0.6161,29034.0
plt_Latn-nor_Latn,plt_Latn,nor_Latn,1,1,58774,58768,6,0.4187,2359.4
pus_Arab-sqi_Latn,pus_Arab,sqi_Latn,1,1,59301,59297,4,0.5488,2330.9
som_Latn-sqi_Latn,som_Latn,sqi_Latn,1,1,133918,133909,9,0.3204,4233.7
sna_Latn-tum_Latn,sna_Latn,tum_Latn,1,1,166911,166909,2,0.6691,5955.5
plt_Latn-sin_Sinh,plt_Latn,sin_Sinh,1,1,103906,103882,24,0.5465,6227.5
sin_Sinh-tgk_Cyrl,sin_Sinh,tgk_Cyrl,1,1,110583,110579,4,0.5106,3979.4
nya_Latn-twi_Latn,nya_Latn,twi_Latn,1,1,189818,189810,8,0.4957,7078.2
sqi_Latn-tel_Telu,sqi_Latn,tel_Telu,1,1,173454,173320,134,0.6044,7096.7
sna_Latn-twi_Latn,sna_Latn,twi_Latn,1,1,174947,174917,30,0.5157,7422.4
sot_Latn-tso_Latn,sot_Latn,tso_Latn,1,1,198551,198547,4,0.5018,7787.0
run_Latn-som_Latn,run_Latn,som_Latn,1,1,149320,149312,8,0.2758,5943.2
nya_Latn-tso_Latn,nya_Latn,tso_Latn,1,1,223058,223049,9,0.6272,8782.3
sqi_Latn-lzh_Hani,sqi_Latn,lzh_Hani,1,1,43850,43850,0,0.6156,1110.0
sqi_Latn-yue_Hani,sqi_Latn,yue_Hani,1,1,74988,74987,1,0.3928,2392.2
sot_Latn-swc_Latn,sot_Latn,swc_Latn,1,1,101186,101179,7,0.6399,3840.5
plt_Latn-nep_Deva,plt_Latn,nep_Deva,1,1,35927,35921,6,0.4790,1184.6
sun_Latn-war_Latn,sun_Latn,war_Latn,1,1,155883,155877,6,0.2840,5987.8
run_Latn-tum_Latn,run_Latn,tum_Latn,1,1,121550,121548,2,0.6376,3569.3
sot_Latn-twi_Latn,sot_Latn,twi_Latn,1,1,136776,136757,19,0.3836,5085.8
sqi_Latn-sun_Latn,sqi_Latn,sun_Latn,1,1,123707,123684,23,0.4100,4102.3
srd_Latn-epo_Latn,srd_Latn,epo_Latn,1,1,84655,84653,2,0.4272,3042.4
sot_Latn-tum_Latn,sot_Latn,tum_Latn,1,1,108765,108757,8,0.5115,4116.3
sun_Latn-tgk_Cyrl,sun_Latn,tgk_Cyrl,1,1,64733,64729,4,0.4450,2639.0
srd_Latn-lzh_Hani,srd_Latn,lzh_Hani,1,1,37122,37122,0,0.6016,1833.8
srd_Latn-jav_Latn,srd_Latn,jav_Latn,1,1,90744,90599,145,0.2298,3773.6
sna_Latn-tso_Latn,sna_Latn,tso_Latn,1,1,208400,208386,14,0.6400,7097.7
srd_Latn-ltz_Latn,srd_Latn,ltz_Latn,1,1,31658,31646,12,0.2056,1015.0
srd_Latn-mal_Mlym,srd_Latn,mal_Mlym,1,1,64279,64279,0,0.3835,2633.2
sqi_Latn-tgk_Cyrl,sqi_Latn,tgk_Cyrl,1,1,65701,65681,20,0.4198,3082.1
tum_Latn-twi_Latn,tum_Latn,twi_Latn,1,1,102400,102399,1,0.5257,4185.1
srd_Latn-tel_Telu,srd_Latn,tel_Telu,1,1,49179,49171,8,0.6538,1983.3
som_Latn-tel_Telu,som_Latn,tel_Telu,1,1,110094,110089,5,0.6803,5449.2
srd_Latn-nep_Deva,srd_Latn,nep_Deva,1,1,25390,25382,8,0.4993,1452.0
vec_Latn-nor_Latn,vec_Latn,nor_Latn,1,1,119890,119810,80,0.5985,5137.7
som_Latn-yue_Hani,som_Latn,yue_Hani,1,1,80394,80394,0,0.0961,3732.7
tel_Telu-yue_Hani,tel_Telu,yue_Hani,1,1,127266,127266,0,0.2359,4922.1
vec_Latn-nob_Latn,vec_Latn,nob_Latn,1,1,72981,72966,15,0.6362,3021.6
srd_Latn-lim_Latn,srd_Latn,lim_Latn,1,1,27776,27770,6,0.6656,855.1
swc_Latn-tum_Latn,swc_Latn,tum_Latn,1,1,88534,88532,2,0.7127,3561.4
sun_Latn-yue_Hani,sun_Latn,yue_Hani,1,1,98783,98783,0,0.0832,3910.6
sot_Latn-ssw_Latn,sot_Latn,ssw_Latn,1,1,79647,79596,51,0.4204,2719.8
vec_Latn-sqi_Latn,vec_Latn,sqi_Latn,1,1,39766,39740,26,0.5705,1352.1
tso_Latn-twi_Latn,tso_Latn,twi_Latn,1,1,126565,126538,27,0.4170,5297.5
srd_Latn-oci_Latn,srd_Latn,oci_Latn,1,1,43433,43432,1,0.4080,1332.8
sun_Latn-tel_Telu,sun_Latn,tel_Telu,1,1,139782,139774,8,0.6819,6522.2
srd_Latn-sqi_Latn,srd_Latn,sqi_Latn,1,1,152409,152114,295,0.5683,5689.9
pan_Guru-pus_Arab,pan_Guru,pus_Arab,1,1,33849,33849,0,0.5333,870.9
san_Deva-snd_Arab,san_Deva,snd_Arab,1,1,83776,83775,1,0.1851,2340.7
mlt_Latn-nor_Latn,mlt_Latn,nor_Latn,1,1,233362,233323,39,0.7234,6502.2
swa_Latn-tel_Telu,swa_Latn,tel_Telu,1,1,171804,171797,7,0.5753,4199.4
san_Deva-tel_Telu,san_Deva,tel_Telu,1,1,321936,321924,12,0.2862,5751.7
pan_Guru-snd_Arab,pan_Guru,snd_Arab,1,1,384220,384213,7,0.5774,6819.4
swh_Latn-twi_Latn,swh_Latn,twi_Latn,1,1,132356,132341,15,0.4196,2436.6
san_Deva-sin_Sinh,san_Deva,sin_Sinh,1,1,145917,145915,2,0.2984,2472.5
mar_Deva-nor_Latn,mar_Deva,nor_Latn,1,1,502317,501547,770,0.2847,9560.1
swa_Latn-lzh_Hani,swa_Latn,lzh_Hani,1,1,28622,28622,0,0.4101,728.2
swa_Latn-twi_Latn,swa_Latn,twi_Latn,1,1,150108,150094,14,0.3673,4223.2
swa_Latn-tgk_Cyrl,swa_Latn,tgk_Cyrl,1,1,60993,60993,0,0.3937,1609.6
swa_Latn-tso_Latn,swa_Latn,tso_Latn,1,1,165457,165425,32,0.4436,4455.9
tir_Ethi-tso_Latn,tir_Ethi,tso_Latn,1,1,92705,92704,1,0.6221,2349.1
swh_Latn-tgk_Cyrl,swh_Latn,tgk_Cyrl,1,1,47263,47260,3,0.5455,1249.9
swa_Latn-yue_Hani,swa_Latn,yue_Hani,1,1,52650,52650,0,0.2256,1401.0
swh_Latn-tso_Latn,swh_Latn,tso_Latn,1,1,118064,118048,16,0.5329,3257.6
swh_Latn-tum_Latn,swh_Latn,tum_Latn,1,1,111766,111764,2,0.5829,2831.0
tsn_Latn-twi_Latn,tsn_Latn,twi_Latn,1,1,156679,156671,8,0.3635,3766.5
xho_Latn-yue_Hani,xho_Latn,yue_Hani,1,1,88514,88514,0,0.1085,1940.9
tsn_Latn-tso_Latn,tsn_Latn,tso_Latn,1,1,200539,200528,11,0.4927,5649.3
mlt_Latn-nob_Latn,mlt_Latn,nob_Latn,1,1,870774,870576,198,0.7744,16491.9
mlt_Latn-hbs_Latn,mlt_Latn,hbs_Latn,1,1,1047263,1047262,1,0.2657,18122.1
tsn_Latn-tum_Latn,tsn_Latn,tum_Latn,1,1,111845,111844,1,0.4695,2863.1
swh_Latn-tel_Telu,swh_Latn,tel_Telu,1,1,138726,138714,12,0.7086,7156.9
pan_Guru-sin_Sinh,pan_Guru,sin_Sinh,1,1,557364,557332,32,0.5757,22524.2
pan_Guru-tgk_Cyrl,pan_Guru,tgk_Cyrl,1,1,59997,59993,4,0.5716,1493.5
tir_Ethi-tum_Latn,tir_Ethi,tum_Latn,1,1,98842,98828,14,0.6624,4644.7
xho_Latn-lzh_Hani,xho_Latn,lzh_Hani,1,1,62467,62467,0,0.1188,1487.9
tir_Ethi-twi_Latn,tir_Ethi,twi_Latn,1,1,92829,92828,1,0.5395,4093.6
mar_Deva-tel_Telu,mar_Deva,tel_Telu,1,1,4562308,4562102,206,0.5727,51305.5
pan_Guru-tel_Telu,pan_Guru,tel_Telu,1,1,1347048,1345141,1907,0.5751,55978.9
afr_Latn-asm_Beng,afr_Latn,asm_Beng,1,1,45093,45093,0,0.8003,467.2
afr_Latn-bre_Latn,afr_Latn,bre_Latn,1,1,64507,64506,1,0.4236,606.5
afr_Latn-ast_Latn,afr_Latn,ast_Latn,1,1,48008,47865,143,0.7312,452.7
afr_Latn-aze_Latn,afr_Latn,aze_Latn,1,1,106902,106848,54,0.4996,1006.7
afr_Latn-kon_Latn,afr_Latn,kon_Latn,1,1,73731,73725,6,0.1467,646.5
afr_Latn-fur_Latn,afr_Latn,fur_Latn,1,1,46333,46260,73,0.3940,443.4
afr_Latn-bem_Latn,afr_Latn,bem_Latn,1,1,185083,184986,97,0.1994,1673.2
afr_Latn-lim_Latn,afr_Latn,lim_Latn,1,1,42003,41953,50,0.3004,353.4
afr_Latn-bam_Latn,afr_Latn,bam_Latn,1,1,82787,82772,15,0.1980,2052.1
afr_Latn-mlg_Latn,afr_Latn,mlg_Latn,1,1,107187,107186,1,0.5506,939.8
afr_Latn-lua_Latn,afr_Latn,lua_Latn,1,1,172617,172587,30,0.2286,1449.1
afr_Latn-fry_Latn,afr_Latn,fry_Latn,1,1,122021,122016,5,0.3957,1056.5
afr_Latn-mai_Deva,afr_Latn,mai_Deva,1,1,26058,26057,1,0.7656,224.5
afr_Latn-mon_Cyrl,afr_Latn,mon_Cyrl,1,1,78254,78221,33,0.4398,635.5
afr_Latn-npi_Deva,afr_Latn,npi_Deva,1,1,117409,117406,3,0.7171,1397.4
afr_Latn-ltz_Latn,afr_Latn,ltz_Latn,1,1,94458,94447,11,0.2845,2289.1
afr_Latn-ewe_Latn,afr_Latn,ewe_Latn,1,1,433441,433200,241,0.3051,3477.8
afr_Latn-cym_Latn,afr_Latn,cym_Latn,1,1,517727,517717,10,0.7319,4467.2
afr_Latn-lug_Latn,afr_Latn,lug_Latn,1,1,323950,323882,68,0.1754,2420.6
afr_Latn-ssw_Latn,afr_Latn,ssw_Latn,1,1,148971,148776,195,0.2441,1108.6
afr_Latn-ibo_Latn,afr_Latn,ibo_Latn,1,1,653361,653311,50,0.4156,5330.3
afr_Latn-vec_Latn,afr_Latn,vec_Latn,1,1,34871,34850,21,0.4586,261.3
arz_Arab-srd_Latn,arz_Arab,srd_Latn,1,1,36187,36176,11,0.5934,319.1
afr_Latn-nso_Latn,afr_Latn,nso_Latn,1,1,322238,322172,66,0.2464,2436.0
afr_Latn-khk_Cyrl,afr_Latn,khk_Cyrl,1,1,76686,76675,11,0.6092,730.1
bel_Cyrl-ltz_Latn,bel_Cyrl,ltz_Latn,1,1,84977,84975,2,0.2282,740.3
afr_Latn-lin_Latn,afr_Latn,lin_Latn,1,1,259344,259246,98,0.3035,2143.5
afr_Latn-khm_Khmr,afr_Latn,khm_Khmr,1,1,154906,154899,7,0.6924,6765.3
afr_Latn-kik_Latn,afr_Latn,kik_Latn,1,1,93718,93703,15,0.3814,806.8
afr_Latn-mri_Latn,afr_Latn,mri_Latn,1,1,79535,79533,2,0.6198,679.6
afr_Latn-nno_Latn,afr_Latn,nno_Latn,1,1,143752,143673,79,0.6813,1139.2
afr_Latn-run_Latn,afr_Latn,run_Latn,1,1,354740,354639,101,0.3072,2850.2
arz_Arab-epo_Latn,arz_Arab,epo_Latn,1,1,46521,46521,0,0.6655,442.1
afr_Latn-tgk_Cyrl,afr_Latn,tgk_Cyrl,1,1,118073,118072,1,0.5450,1033.0
bel_Cyrl-kmr_Latn,bel_Cyrl,kmr_Latn,1,1,58160,58155,5,0.4567,580.8
afr_Latn-epo_Latn,afr_Latn,epo_Latn,1,1,355791,355753,38,0.7938,9943.1
bel_Cyrl-npi_Deva,bel_Cyrl,npi_Deva,1,1,84939,84911,28,0.6417,1132.7
bel_Cyrl-pus_Arab,bel_Cyrl,pus_Arab,1,1,65984,65983,1,0.4609,554.5
afr_Latn-luo_Latn,afr_Latn,luo_Latn,1,1,190822,190742,80,0.1980,4826.7
afr_Latn-kin_Latn,afr_Latn,kin_Latn,1,1,890513,890306,207,0.2302,7406.3
bel_Cyrl-epo_Latn,bel_Cyrl,epo_Latn,1,1,367444,367436,8,0.7177,3116.4
afr_Latn-lzh_Hani,afr_Latn,lzh_Hani,1,1,84158,84155,3,0.2190,830.0
afr_Latn-mkd_Cyrl,afr_Latn,mkd_Cyrl,1,1,902541,902378,163,0.7322,7757.2
bel_Cyrl-guj_Gujr,bel_Cyrl,guj_Gujr,1,1,124985,124985,0,0.7471,1369.0
afr_Latn-sun_Latn,afr_Latn,sun_Latn,1,1,149332,149317,15,0.6184,1357.8
bel_Cyrl-hbs_Latn,bel_Cyrl,hbs_Latn,1,1,58680,58680,0,0.3950,641.8
afr_Latn-azj_Latn,afr_Latn,azj_Latn,1,1,433448,433119,329,0.6870,14680.3
bel_Cyrl-nob_Latn,bel_Cyrl,nob_Latn,1,1,863586,863386,200,0.7544,8392.7
afr_Latn-orm_Latn,afr_Latn,orm_Latn,1,1,182800,182745,55,0.0831,2161.9
ben_Beng-bho_Deva,ben_Beng,bho_Deva,1,1,358102,358078,24,0.4199,3810.4
bel_Cyrl-ilo_Latn,bel_Cyrl,ilo_Latn,1,1,37080,37078,2,0.2384,990.4
bel_Cyrl-nya_Latn,bel_Cyrl,nya_Latn,1,1,57449,57449,0,0.4504,1195.1
afr_Latn-nya_Latn,afr_Latn,nya_Latn,1,1,1010602,1010506,96,0.4511,9547.6
afr_Latn-oci_Latn,afr_Latn,oci_Latn,1,1,34996,34996,0,0.6793,1057.7
bel_Cyrl-khk_Cyrl,bel_Cyrl,khk_Cyrl,1,1,90538,90533,5,0.5589,1924.9
afr_Latn-mal_Mlym,afr_Latn,mal_Mlym,1,1,332434,332416,18,0.7143,13261.3
afr_Latn-srd_Latn,afr_Latn,srd_Latn,1,1,132936,132833,103,0.3147,2846.4
bel_Cyrl-plt_Latn,bel_Cyrl,plt_Latn,1,1,84720,84719,1,0.4744,2458.0
ben_Beng-hne_Deva,ben_Beng,hne_Deva,1,1,171971,171933,38,0.4414,4357.6
afr_Latn-hye_Armn,afr_Latn,hye_Armn,1,1,241133,241044,89,0.6566,9996.9
afr_Latn-gaz_Latn,afr_Latn,gaz_Latn,1,1,150575,150563,12,0.1721,5255.9
afr_Latn-plt_Latn,afr_Latn,plt_Latn,1,1,127506,127491,15,0.6188,3839.9
afr_Latn-twi_Latn,afr_Latn,twi_Latn,1,1,405322,405193,129,0.2502,7552.9
ben_Beng-jav_Latn,ben_Beng,jav_Latn,1,1,138359,138270,89,0.4573,2126.3
afr_Latn-tso_Latn,afr_Latn,tso_Latn,1,1,364366,364276,90,0.3896,10723.2
afr_Latn-wln_Latn,afr_Latn,wln_Latn,1,1,32940,32930,10,0.6097,714.6
afr_Latn-swc_Latn,afr_Latn,swc_Latn,1,1,240622,240619,3,0.5740,5006.6
afr_Latn-yue_Hani,afr_Latn,yue_Hani,1,1,167311,167306,5,0.1668,1683.3
bel_Cyrl-sin_Sinh,bel_Cyrl,sin_Sinh,1,1,325823,325819,4,0.6478,4811.9
arz_Arab-mal_Mlym,arz_Arab,mal_Mlym,1,1,99161,99159,2,0.3141,893.2
ben_Beng-kas_Deva,ben_Beng,kas_Deva,1,1,169398,169137,261,0.2597,1932.6
ben_Beng-ilo_Latn,ben_Beng,ilo_Latn,1,1,69022,69021,1,0.1501,755.6
afr_Latn-mya_Mymr,afr_Latn,mya_Mymr,1,1,142213,142186,27,0.6845,6572.1
bel_Cyrl-mon_Cyrl,bel_Cyrl,mon_Cyrl,1,1,91275,91270,5,0.4065,912.5
ben_Beng-kin_Latn,ben_Beng,kin_Latn,1,1,72116,72106,10,0.2161,662.8
ben_Beng-kas_Arab,ben_Beng,kas_Arab,1,1,98729,98720,9,0.2147,866.7
afr_Latn-kan_Knda,afr_Latn,kan_Knda,1,1,146916,146892,24,0.7960,5205.2
afr_Latn-guj_Gujr,afr_Latn,guj_Gujr,1,1,154421,154409,12,0.7430,5250.3
arz_Arab-nor_Latn,arz_Arab,nor_Latn,1,1,294628,294580,48,0.6752,2624.9
arz_Arab-sqi_Latn,arz_Arab,sqi_Latn,1,1,58580,58562,18,0.4751,505.8
afr_Latn-tel_Telu,afr_Latn,tel_Telu,1,1,355062,355051,11,0.7584,3551.7
bel_Cyrl-lim_Latn,bel_Cyrl,lim_Latn,1,1,29334,29300,34,0.5852,241.1
afr_Latn-jav_Latn,afr_Latn,jav_Latn,1,1,60931,60844,87,0.4360,1676.0
arz_Arab-sin_Sinh,arz_Arab,sin_Sinh,1,1,99852,99852,0,0.4993,814.2
bel_Cyrl-lzh_Hani,bel_Cyrl,lzh_Hani,1,1,102788,102788,0,0.1473,846.4
bel_Cyrl-fur_Latn,bel_Cyrl,fur_Latn,1,1,33958,33957,1,0.4099,382.7
afr_Latn-kir_Cyrl,afr_Latn,kir_Cyrl,1,1,79459,79446,13,0.5199,2491.2
bel_Cyrl-mri_Latn,bel_Cyrl,mri_Latn,1,1,52048,52044,4,0.4913,511.0
afr_Latn-tum_Latn,afr_Latn,tum_Latn,1,1,223134,223108,26,0.4094,5519.0
arz_Arab-mkd_Cyrl,arz_Arab,mkd_Cyrl,1,1,158938,158923,15,0.7188,3873.2
bel_Cyrl-som_Latn,bel_Cyrl,som_Latn,1,1,87505,87505,0,0.4935,830.2
bel_Cyrl-nno_Latn,bel_Cyrl,nno_Latn,1,1,91923,91872,51,0.6832,770.5
afr_Latn-kmr_Latn,afr_Latn,kmr_Latn,1,1,63978,63966,12,0.5013,2001.8
bel_Cyrl-mkd_Cyrl,bel_Cyrl,mkd_Cyrl,1,1,1011301,1011020,281,0.6427,11589.5
ben_Beng-khk_Cyrl,ben_Beng,khk_Cyrl,1,1,111801,111797,4,0.6117,979.9
bel_Cyrl-nor_Latn,bel_Cyrl,nor_Latn,1,1,604212,603477,735,0.4352,5185.5
bel_Cyrl-bre_Latn,bel_Cyrl,bre_Latn,1,1,58719,58719,0,0.2174,1431.9
bel_Cyrl-sun_Latn,bel_Cyrl,sun_Latn,1,1,152154,152132,22,0.5627,1315.4
bel_Cyrl-vec_Latn,bel_Cyrl,vec_Latn,1,1,30808,30807,1,0.4865,360.7
ben_Beng-kir_Cyrl,ben_Beng,kir_Cyrl,1,1,117373,117365,8,0.5171,974.9
bel_Cyrl-tgk_Cyrl,bel_Cyrl,tgk_Cyrl,1,1,112777,112773,4,0.4802,946.1
ben_Beng-ltz_Latn,ben_Beng,ltz_Latn,1,1,49188,49186,2,0.5613,366.8
bel_Cyrl-fry_Latn,bel_Cyrl,fry_Latn,1,1,81573,81573,0,0.3016,1943.8
bel_Cyrl-tel_Telu,bel_Cyrl,tel_Telu,1,1,332833,332830,3,0.7164,3222.7
bel_Cyrl-kin_Latn,bel_Cyrl,kin_Latn,1,1,39723,39721,2,0.1595,1005.2
afr_Latn-nep_Deva,afr_Latn,nep_Deva,1,1,195606,195478,128,0.5681,4998.7
bel_Cyrl-yue_Hani,bel_Cyrl,yue_Hani,1,1,154896,154896,0,0.1284,1134.2
ben_Beng-bre_Latn,ben_Beng,bre_Latn,1,1,91686,91686,0,0.2550,655.0
ben_Beng-crh_Latn,ben_Beng,crh_Latn,1,1,22553,22553,0,0.6745,156.5
ben_Beng-mya_Mymr,ben_Beng,mya_Mymr,1,1,582644,582615,29,0.4325,4444.6
ben_Beng-som_Latn,ben_Beng,som_Latn,1,1,135475,135472,3,0.5075,1035.6
bos_Latn-abk_Cyrl,bos_Latn,abk_Cyrl,1,1,17311,17309,2,0.6769,130.3
arz_Arab-nob_Latn,arz_Arab,nob_Latn,1,1,324452,324418,34,0.7738,7953.1
bos_Latn-lzh_Hani,bos_Latn,lzh_Hani,1,1,54649,54647,2,0.6554,405.2
ben_Beng-cym_Latn,ben_Beng,cym_Latn,1,1,289114,289110,4,0.7359,2233.9
ben_Beng-npi_Deva,ben_Beng,npi_Deva,1,1,1491036,1490997,39,0.5555,11890.9
bel_Cyrl-nep_Deva,bel_Cyrl,nep_Deva,1,1,211093,211060,33,0.4591,5257.1
bos_Latn-sqi_Latn,bos_Latn,sqi_Latn,1,1,236760,236726,34,0.6723,1689.4
ben_Beng-sun_Latn,ben_Beng,sun_Latn,1,1,206554,206545,9,0.5259,1612.1
bul_Cyrl-abk_Cyrl,bul_Cyrl,abk_Cyrl,1,1,73842,73842,0,0.3763,639.2
bul_Cyrl-kmr_Latn,bul_Cyrl,kmr_Latn,1,1,100794,100786,8,0.4622,767.8
bel_Cyrl-oci_Latn,bel_Cyrl,oci_Latn,1,1,73142,73142,0,0.2410,1754.0
bel_Cyrl-snd_Arab,bel_Cyrl,snd_Arab,1,1,27166,27166,0,0.3079,661.2
bul_Cyrl-lim_Latn,bul_Cyrl,lim_Latn,1,1,221627,221330,297,0.6189,1733.9
ben_Beng-yue_Hani,ben_Beng,yue_Hani,1,1,373901,373890,11,0.2586,2769.3
bos_Latn-fur_Latn,bos_Latn,fur_Latn,1,1,22209,22207,2,0.4223,290.5
bos_Latn-khm_Khmr,bos_Latn,khm_Khmr,1,1,103945,103945,0,0.6620,917.3
ben_Beng-epo_Latn,ben_Beng,epo_Latn,1,1,774471,774458,13,0.6392,5961.0
bos_Latn-mlg_Latn,bos_Latn,mlg_Latn,1,1,23022,23022,0,0.6877,174.1
bos_Latn-mya_Mymr,bos_Latn,mya_Mymr,1,1,154655,154654,1,0.6359,1195.3
ben_Beng-fur_Latn,ben_Beng,fur_Latn,1,1,181419,181409,10,0.5096,1426.5
ben_Beng-gla_Latn,ben_Beng,gla_Latn,1,1,41940,41938,2,0.3653,329.8
bul_Cyrl-lzh_Hani,bul_Cyrl,lzh_Hani,1,1,439839,439816,23,0.4531,3539.2
bel_Cyrl-srd_Latn,bel_Cyrl,srd_Latn,1,1,202247,202234,13,0.1958,4953.8
bul_Cyrl-mhr_Cyrl,bul_Cyrl,mhr_Cyrl,1,1,106291,106291,0,0.4429,837.0
bel_Cyrl-hye_Armn,bel_Cyrl,hye_Armn,1,1,274691,274627,64,0.6271,9696.4
ben_Beng-nor_Latn,ben_Beng,nor_Latn,1,1,1806809,1804357,2452,0.4417,14920.9
ben_Beng-tat_Cyrl,ben_Beng,tat_Cyrl,1,1,64715,64715,0,0.3441,472.1
ben_Beng-wln_Latn,ben_Beng,wln_Latn,1,1,24062,24062,0,0.6253,203.5
bul_Cyrl-mlg_Latn,bul_Cyrl,mlg_Latn,1,1,192784,192783,1,0.4401,1614.9
bos_Latn-cym_Latn,bos_Latn,cym_Latn,1,1,151405,151403,2,0.7430,1334.9
bul_Cyrl-pbt_Arab,bul_Cyrl,pbt_Arab,1,1,71177,71176,1,0.5958,698.3
bos_Latn-fry_Latn,bos_Latn,fry_Latn,1,1,14695,14695,0,0.6656,173.1
ceb_Latn-srd_Latn,ceb_Latn,srd_Latn,1,1,36638,36629,9,0.1695,441.3
ben_Beng-khm_Khmr,ben_Beng,khm_Khmr,1,1,511385,511385,0,0.4693,4198.1
bel_Cyrl-ibo_Latn,bel_Cyrl,ibo_Latn,1,1,96829,96823,6,0.5290,3009.3
bos_Latn-hbs_Latn,bos_Latn,hbs_Latn,1,1,124172,124172,0,0.9438,1051.0
ben_Beng-guj_Gujr,ben_Beng,guj_Gujr,1,1,2345806,2345683,123,0.5888,19531.9
dan_Latn-fur_Latn,dan_Latn,fur_Latn,1,1,371555,371454,101,0.4124,2792.2
bos_Latn-mal_Mlym,bos_Latn,mal_Mlym,1,1,411122,411112,10,0.4164,3076.8
ben_Beng-hye_Armn,ben_Beng,hye_Armn,1,1,269733,269692,41,0.6374,2138.8
ben_Beng-kab_Latn,ben_Beng,kab_Latn,1,1,42888,42888,0,0.1997,662.2
bul_Cyrl-bak_Cyrl,bul_Cyrl,bak_Cyrl,1,1,84968,84964,4,0.5695,877.5
bel_Cyrl-kan_Knda,bel_Cyrl,kan_Knda,1,1,112996,112987,9,0.7128,4236.7
bul_Cyrl-gla_Latn,bul_Cyrl,gla_Latn,1,1,42361,42359,2,0.4603,344.9
ben_Beng-kmr_Latn,ben_Beng,kmr_Latn,1,1,77337,77331,6,0.4835,630.3
bul_Cyrl-hne_Deva,bul_Cyrl,hne_Deva,1,1,71717,71698,19,0.7180,569.7
ben_Beng-lim_Latn,ben_Beng,lim_Latn,1,1,70840,70715,125,0.4543,605.5
ben_Beng-mri_Latn,ben_Beng,mri_Latn,1,1,60522,60515,7,0.4954,503.3
dan_Latn-khm_Khmr,dan_Latn,khm_Khmr,1,1,480477,480465,12,0.7110,4040.9
ben_Beng-pus_Arab,ben_Beng,pus_Arab,1,1,124596,124591,5,0.4930,907.5
ben_Beng-sna_Latn,ben_Beng,sna_Latn,1,1,46174,46144,30,0.4178,412.4
afr_Latn-nor_Latn,afr_Latn,nor_Latn,1,1,810193,807775,2418,0.5149,23265.1
bos_Latn-bak_Cyrl,bos_Latn,bak_Cyrl,1,1,32942,32941,1,0.7047,233.7
bel_Cyrl-kir_Cyrl,bel_Cyrl,kir_Cyrl,1,1,106061,106050,11,0.4572,3609.9
dan_Latn-lim_Latn,dan_Latn,lim_Latn,1,1,250850,250710,140,0.5728,1784.8
ben_Beng-mai_Deva,ben_Beng,mai_Deva,1,1,480157,480115,42,0.4234,11745.0
bul_Cyrl-ckb_Arab,bul_Cyrl,ckb_Arab,1,1,107007,107000,7,0.7431,822.3
dan_Latn-snd_Arab,dan_Latn,snd_Arab,1,1,61860,61859,1,0.4643,419.7
bul_Cyrl-khm_Khmr,bul_Cyrl,khm_Khmr,1,1,443359,443340,19,0.6308,3709.2
ben_Beng-ast_Latn,ben_Beng,ast_Latn,1,1,49238,49219,19,0.5488,1218.9
afr_Latn-pbt_Arab,afr_Latn,pbt_Arab,1,1,49093,49088,5,0.5942,1916.8
bul_Cyrl-ltz_Latn,bul_Cyrl,ltz_Latn,1,1,54399,54393,6,0.5541,425.3
ben_Beng-mkd_Cyrl,ben_Beng,mkd_Cyrl,1,1,1949486,1949286,200,0.5290,14258.3
dan_Latn-srd_Latn,dan_Latn,srd_Latn,1,1,803660,802470,1190,0.4516,5951.5
ben_Beng-nya_Latn,ben_Beng,nya_Latn,1,1,66746,66745,1,0.4563,578.0
ben_Beng-mal_Mlym,ben_Beng,mal_Mlym,1,1,5324672,5324542,130,0.5399,41591.2
bul_Cyrl-hbs_Latn,bul_Cyrl,hbs_Latn,1,1,1154396,1154393,3,0.2901,10180.8
bul_Cyrl-mri_Latn,bul_Cyrl,mri_Latn,1,1,90838,90833,5,0.5689,747.9
bos_Latn-nob_Latn,bos_Latn,nob_Latn,1,1,3431061,3430477,584,0.7461,25071.9
dan_Latn-yue_Hani,dan_Latn,yue_Hani,1,1,857554,857470,84,0.5059,6019.4
ben_Beng-snd_Arab,ben_Beng,snd_Arab,1,1,869916,869882,34,0.4638,6212.0
bul_Cyrl-sqi_Latn,bul_Cyrl,sqi_Latn,1,1,1542582,1540067,2515,0.6272,11824.1
bul_Cyrl-ast_Latn,bul_Cyrl,ast_Latn,1,1,122176,121898,278,0.6006,873.0
bul_Cyrl-npi_Deva,bul_Cyrl,npi_Deva,1,1,186173,186110,63,0.6396,2127.2
bul_Cyrl-roh_Latn,bul_Cyrl,roh_Latn,1,1,14300,14298,2,0.3058,109.0
ekk_Latn-guj_Gujr,ekk_Latn,guj_Gujr,1,1,107654,107649,5,0.7170,1018.7
bul_Cyrl-scn_Latn,bul_Cyrl,scn_Latn,1,1,81992,81972,20,0.5128,690.8
ekk_Latn-kir_Cyrl,ekk_Latn,kir_Cyrl,1,1,84202,84192,10,0.4632,788.4
ekk_Latn-lim_Latn,ekk_Latn,lim_Latn,1,1,52673,52608,65,0.5625,503.7
ceb_Latn-epo_Latn,ceb_Latn,epo_Latn,1,1,101170,101167,3,0.3721,933.2
bul_Cyrl-kan_Knda,bul_Cyrl,kan_Knda,1,1,234115,234113,2,0.7035,2139.9
ceb_Latn-mlg_Latn,ceb_Latn,mlg_Latn,1,1,193794,193740,54,0.4744,1549.4
bul_Cyrl-khk_Cyrl,bul_Cyrl,khk_Cyrl,1,1,162279,162277,2,0.6146,1375.1
ekk_Latn-mya_Mymr,ekk_Latn,mya_Mymr,1,1,333039,333026,13,0.6138,2803.9
bul_Cyrl-kir_Cyrl,bul_Cyrl,kir_Cyrl,1,1,138591,138579,12,0.4652,1050.5
bul_Cyrl-nap_Latn,bul_Cyrl,nap_Latn,1,1,75946,75907,39,0.6490,754.8
bul_Cyrl-tel_Telu,bul_Cyrl,tel_Telu,1,1,1064425,1064382,43,0.5665,8617.6
bul_Cyrl-wln_Latn,bul_Cyrl,wln_Latn,1,1,40348,40348,0,0.6878,305.7
ceb_Latn-plt_Latn,ceb_Latn,plt_Latn,1,1,754676,754652,24,0.6703,6182.1
dan_Latn-azj_Latn,dan_Latn,azj_Latn,1,1,50563,50459,104,0.5570,417.7
ceb_Latn-pag_Latn,ceb_Latn,pag_Latn,1,1,169486,169411,75,0.5427,1309.2
dan_Latn-abk_Cyrl,dan_Latn,abk_Cyrl,1,1,78351,78350,1,0.4588,671.2
dan_Latn-mhr_Cyrl,dan_Latn,mhr_Cyrl,1,1,110279,110274,5,0.5380,886.7
ben_Beng-nob_Latn,ben_Beng,nob_Latn,1,1,1973011,1972266,745,0.4481,14923.6
ben_Beng-oci_Latn,ben_Beng,oci_Latn,1,1,62311,62311,0,0.3874,602.6
afr_Latn-sot_Latn,afr_Latn,sot_Latn,1,1,892249,892132,117,0.4749,23829.2
dan_Latn-ast_Latn,dan_Latn,ast_Latn,1,1,171381,171319,62,0.6274,1395.6
dan_Latn-npi_Deva,dan_Latn,npi_Deva,1,1,113320,113291,29,0.6630,1264.3
dan_Latn-crh_Latn,dan_Latn,crh_Latn,1,1,52880,52859,21,0.6592,468.7
dan_Latn-sco_Latn,dan_Latn,sco_Latn,1,1,86102,86091,11,0.5503,715.8
dan_Latn-fao_Latn,dan_Latn,fao_Latn,1,1,74893,74889,4,0.6348,594.9
dan_Latn-ina_Latn,dan_Latn,ina_Latn,1,1,107361,107356,5,0.4883,845.5
ben_Beng-pbt_Arab,ben_Beng,pbt_Arab,1,1,967662,967633,29,0.4686,27050.7
dan_Latn-tgk_Cyrl,dan_Latn,tgk_Cyrl,1,1,168160,168136,24,0.5397,1291.2
afr_Latn-nob_Latn,afr_Latn,nob_Latn,1,1,1870073,1869680,393,0.7872,55522.4
dan_Latn-ltz_Latn,dan_Latn,ltz_Latn,1,1,256138,256122,16,0.3950,1959.0
afr_Latn-pus_Arab,afr_Latn,pus_Arab,1,1,59167,59166,1,0.5037,1448.6
ekk_Latn-hye_Armn,ekk_Latn,hye_Armn,1,1,233500,233449,51,0.6205,2271.5
ekk_Latn-ltz_Latn,ekk_Latn,ltz_Latn,1,1,54458,54455,3,0.2795,416.5
dan_Latn-mlg_Latn,dan_Latn,mlg_Latn,1,1,197825,197820,5,0.4597,1532.8
ekk_Latn-yue_Hani,ekk_Latn,yue_Hani,1,1,225785,225778,7,0.5550,1647.2
dan_Latn-plt_Latn,dan_Latn,plt_Latn,1,1,149250,149247,3,0.6398,1331.8
dan_Latn-tat_Cyrl,dan_Latn,tat_Cyrl,1,1,98174,98168,6,0.6288,709.6
ell_Grek-ast_Latn,ell_Grek,ast_Latn,1,1,211442,211411,31,0.6050,1540.7
ell_Grek-azj_Latn,ell_Grek,azj_Latn,1,1,36147,36127,20,0.5409,255.8
afr_Latn-sqi_Latn,afr_Latn,sqi_Latn,1,1,337731,337225,506,0.5655,9290.2
ell_Grek-khm_Khmr,ell_Grek,khm_Khmr,1,1,457467,457449,18,0.6739,3630.1
ekk_Latn-hbs_Latn,ekk_Latn,hbs_Latn,1,1,496993,496992,1,0.4417,4826.9
ell_Grek-kin_Latn,ell_Grek,kin_Latn,1,1,119526,119505,21,0.2567,914.9
ell_Grek-mon_Cyrl,ell_Grek,mon_Cyrl,1,1,158401,158390,11,0.3915,2097.9
afr_Latn-sin_Sinh,afr_Latn,sin_Sinh,1,1,305474,305435,39,0.7075,11282.1
ekk_Latn-khm_Khmr,ekk_Latn,khm_Khmr,1,1,318159,318158,1,0.6375,3722.6
ben_Beng-plt_Latn,ben_Beng,plt_Latn,1,1,457039,457016,23,0.4843,14556.1
ekk_Latn-nep_Deva,ekk_Latn,nep_Deva,1,1,142665,142651,14,0.5823,1039.7
ell_Grek-ckb_Arab,ell_Grek,ckb_Arab,1,1,134023,134017,6,0.7559,1132.1
ben_Beng-vec_Latn,ben_Beng,vec_Latn,1,1,77597,77568,29,0.4615,2049.1
bos_Latn-kan_Knda,bos_Latn,kan_Knda,1,1,33768,33766,2,0.6505,913.1
bos_Latn-lim_Latn,bos_Latn,lim_Latn,1,1,32187,32186,1,0.5868,790.7
bos_Latn-oci_Latn,bos_Latn,oci_Latn,1,1,44648,44648,0,0.7079,1114.4
bos_Latn-srd_Latn,bos_Latn,srd_Latn,1,1,76964,76956,8,0.3717,1877.5
ben_Beng-sin_Sinh,ben_Beng,sin_Sinh,1,1,3033235,3033151,84,0.5174,24468.8
bos_Latn-yue_Hani,bos_Latn,yue_Hani,1,1,124466,124453,13,0.6450,3057.2
ben_Beng-srd_Latn,ben_Beng,srd_Latn,1,1,293678,293542,136,0.4193,2656.9
bel_Cyrl-cym_Latn,bel_Cyrl,cym_Latn,1,1,524741,524702,39,0.7282,18002.9
ben_Beng-tel_Telu,ben_Beng,tel_Telu,1,1,4810157,4809239,918,0.5728,39469.8
bos_Latn-kin_Latn,bos_Latn,kin_Latn,1,1,22231,22230,1,0.2882,200.1
bos_Latn-nep_Deva,bos_Latn,nep_Deva,1,1,29878,29863,15,0.6897,259.6
ben_Beng-swc_Latn,ben_Beng,swc_Latn,1,1,124410,124407,3,0.3437,1045.2
bel_Cyrl-pbt_Arab,bel_Cyrl,pbt_Arab,1,1,52809,52808,1,0.5831,2199.6
ell_Grek-hbs_Latn,ell_Grek,hbs_Latn,1,1,1153608,1153603,5,0.2888,11797.7
ell_Grek-hne_Deva,ell_Grek,hne_Deva,1,1,94715,94709,6,0.7699,754.5
ben_Beng-ckb_Arab,ben_Beng,ckb_Arab,1,1,80726,80725,1,0.5176,2286.6
ell_Grek-hye_Armn,ell_Grek,hye_Armn,1,1,295114,295081,33,0.6812,2486.8
ell_Grek-mri_Latn,ell_Grek,mri_Latn,1,1,68553,68553,0,0.6328,630.4
kan_Knda-tel_Telu,kan_Knda,tel_Telu,2,2,1019658,1019632,26,0.7095,11874.1
ben_Beng-ibo_Latn,ben_Beng,ibo_Latn,1,1,111741,111735,6,0.5352,3202.6
ell_Grek-mya_Mymr,ell_Grek,mya_Mymr,1,1,710638,710588,50,0.6704,6252.7
ben_Beng-lzh_Hani,ben_Beng,lzh_Hani,1,1,228173,228167,6,0.2095,5535.2
bos_Latn-nor_Latn,bos_Latn,nor_Latn,1,1,1659285,1659173,112,0.6894,13631.4
bos_Latn-mkd_Cyrl,bos_Latn,mkd_Cyrl,1,1,1699060,1698582,478,0.8082,14517.3
bul_Cyrl-ibo_Latn,bul_Cyrl,ibo_Latn,1,1,131177,131173,4,0.5439,1396.6
afr_Latn-sna_Latn,afr_Latn,sna_Latn,1,1,1001453,1000831,622,0.4691,27922.0
bos_Latn-nno_Latn,bos_Latn,nno_Latn,1,1,95160,95153,7,0.6696,971.5
ben_Beng-mon_Cyrl,ben_Beng,mon_Cyrl,1,1,137929,137906,23,0.4778,3564.7
bul_Cyrl-gsw_Latn,bul_Cyrl,gsw_Latn,1,1,144766,144762,4,0.5652,1080.3
ben_Beng-nno_Latn,ben_Beng,nno_Latn,1,1,119475,119338,137,0.6089,3322.5
bul_Cyrl-hye_Armn,bul_Cyrl,hye_Armn,1,1,425599,425541,58,0.6605,3611.4
bos_Latn-guj_Gujr,bos_Latn,guj_Gujr,1,1,38024,38022,2,0.7117,1049.5
bos_Latn-mhr_Cyrl,bos_Latn,mhr_Cyrl,1,1,36882,36880,2,0.6546,901.2
bul_Cyrl-som_Latn,bul_Cyrl,som_Latn,1,1,153060,153047,13,0.6325,1311.4
bul_Cyrl-wes_Latn,bul_Cyrl,wes_Latn,1,1,45640,45618,22,0.7341,551.2
apc_Arab-heb_Hebr,apc_Arab,heb_Hebr,1,1,426982,426899,83,0.7844,3594.5
bul_Cyrl-azj_Latn,bul_Cyrl,azj_Latn,1,1,56241,55922,319,0.5716,1747.1
ceb_Latn-ilo_Latn,ceb_Latn,ilo_Latn,1,1,405803,405746,57,0.5814,3366.7
bul_Cyrl-ina_Latn,bul_Cyrl,ina_Latn,1,1,113049,113026,23,0.5094,2835.7
ceb_Latn-nob_Latn,ceb_Latn,nob_Latn,1,1,57184,57169,15,0.7383,599.4
ceb_Latn-sin_Sinh,ceb_Latn,sin_Sinh,1,1,54350,54350,0,0.1076,493.5
dan_Latn-bre_Latn,dan_Latn,bre_Latn,1,1,29173,29172,1,0.2451,261.8
apc_Arab-ind_Latn,apc_Arab,ind_Latn,1,1,492099,491928,171,0.7804,4144.1
bul_Cyrl-mal_Mlym,bul_Cyrl,mal_Mlym,1,1,1484424,1484379,45,0.3976,12253.5
apc_Arab-lit_Latn,apc_Arab,lit_Latn,1,1,51901,51890,11,0.6790,449.5
dan_Latn-guj_Gujr,dan_Latn,guj_Gujr,1,1,74624,74620,4,0.7114,678.8
apc_Arab-msa_Latn,apc_Arab,msa_Latn,1,1,76536,76513,23,0.6416,762.2
ceb_Latn-nor_Latn,ceb_Latn,nor_Latn,1,1,110256,110219,37,0.1806,1076.2
ceb_Latn-sqi_Latn,ceb_Latn,sqi_Latn,1,1,74060,74058,2,0.1369,722.1
dan_Latn-kab_Latn,dan_Latn,kab_Latn,1,1,156819,156792,27,0.2765,1833.0
dan_Latn-gla_Latn,dan_Latn,gla_Latn,1,1,66926,66920,6,0.3214,914.9
dan_Latn-kan_Knda,dan_Latn,kan_Knda,1,1,108685,108664,21,0.6198,1160.0
bul_Cyrl-cym_Latn,bul_Cyrl,cym_Latn,1,1,1101925,1101861,64,0.7153,32450.6
bul_Cyrl-jav_Latn,bul_Cyrl,jav_Latn,1,1,165661,165179,482,0.4617,5340.3
dan_Latn-kir_Cyrl,dan_Latn,kir_Cyrl,1,1,120954,120944,10,0.5088,1331.7
bul_Cyrl-fao_Latn,bul_Cyrl,fao_Latn,1,1,53556,53556,0,0.6365,1294.4
dan_Latn-mri_Latn,dan_Latn,mri_Latn,1,1,88021,88017,4,0.6176,857.9
dan_Latn-hye_Armn,dan_Latn,hye_Armn,1,1,344738,344680,58,0.6421,3602.8
apc_Arab-ron_Latn,apc_Arab,ron_Latn,1,1,609023,608879,144,0.7975,6772.8
dan_Latn-khk_Cyrl,dan_Latn,khk_Cyrl,1,1,128689,128663,26,0.6055,1718.0
bul_Cyrl-kab_Latn,bul_Cyrl,kab_Latn,1,1,175709,175680,29,0.2383,4363.2
apc_Arab-slk_Latn,apc_Arab,slk_Latn,1,1,127498,127481,17,0.7720,1429.4
dan_Latn-nep_Deva,dan_Latn,nep_Deva,1,1,301758,301663,95,0.4350,3579.0
dan_Latn-som_Latn,dan_Latn,som_Latn,1,1,148105,148101,4,0.6243,1535.5
bul_Cyrl-mon_Cyrl,bul_Cyrl,mon_Cyrl,1,1,186586,186565,21,0.3632,4653.8
bul_Cyrl-rmy_Latn,bul_Cyrl,rmy_Latn,1,1,75509,75483,26,0.4938,1911.8
apc_Arab-slv_Latn,apc_Arab,slv_Latn,1,1,212722,212682,40,0.7552,2478.0
dan_Latn-sun_Latn,dan_Latn,sun_Latn,1,1,207835,207828,7,0.5592,2220.9
dan_Latn-wln_Latn,dan_Latn,wln_Latn,1,1,51386,51386,0,0.6812,564.5
ekk_Latn-fry_Latn,ekk_Latn,fry_Latn,1,1,43486,43486,0,0.5610,695.7
bul_Cyrl-swc_Latn,bul_Cyrl,swc_Latn,1,1,136521,136508,13,0.5907,3460.1
apc_Arab-tha_Thai,apc_Arab,tha_Thai,1,1,186766,186727,39,0.7931,2300.3
ekk_Latn-fur_Latn,ekk_Latn,fur_Latn,1,1,83027,83024,3,0.3616,1024.7
apc_Arab-ukr_Cyrl,apc_Arab,ukr_Cyrl,1,1,88612,88592,20,0.7756,908.0
apc_Arab-urd_Arab,apc_Arab,urd_Arab,1,1,89519,89499,20,0.3486,843.5
arg_Latn-ben_Beng,arg_Latn,ben_Beng,1,1,54997,54996,1,0.5065,542.0
arg_Latn-glg_Latn,arg_Latn,glg_Latn,1,1,104303,104303,0,0.3964,996.6
arg_Latn-heb_Hebr,arg_Latn,heb_Hebr,1,1,63475,63474,1,0.3718,603.8
arg_Latn-ind_Latn,arg_Latn,ind_Latn,1,1,43616,43614,2,0.4361,435.4
dan_Latn-nno_Latn,dan_Latn,nno_Latn,1,1,884341,884109,232,0.7246,9122.0
bul_Cyrl-tgk_Cyrl,bul_Cyrl,tgk_Cyrl,1,1,183503,183491,12,0.5481,5232.5
arg_Latn-ron_Latn,arg_Latn,ron_Latn,1,1,82138,82137,1,0.4630,883.4
ben_Beng-kan_Knda,ben_Beng,kan_Knda,1,1,3373103,3372981,122,0.6252,98450.5
ben_Beng-pap_Latn,ben_Beng,pap_Latn,1,1,35573,35567,6,0.3382,932.0
afr_Latn-som_Latn,afr_Latn,som_Latn,1,1,1195112,1195027,85,0.2456,31919.5
arg_Latn-slk_Latn,arg_Latn,slk_Latn,1,1,94250,94249,1,0.3164,1073.7
arg_Latn-ukr_Cyrl,arg_Latn,ukr_Cyrl,1,1,59700,59699,1,0.3998,1037.3
arq_Arab-bul_Cyrl,arq_Arab,bul_Cyrl,1,1,65258,65254,4,0.7112,1313.1
bel_Cyrl-jav_Latn,bel_Cyrl,jav_Latn,1,1,132851,132835,16,0.1770,3369.6
arq_Arab-dan_Latn,arq_Arab,dan_Latn,1,1,70121,70109,12,0.7221,1175.2
arq_Arab-ell_Grek,arq_Arab,ell_Grek,1,1,92209,92189,20,0.7312,1403.1
arq_Arab-heb_Hebr,arq_Arab,heb_Hebr,1,1,86712,86708,4,0.7586,1445.3
arq_Arab-ind_Latn,arq_Arab,ind_Latn,1,1,92958,92945,13,0.7426,2221.0
bel_Cyrl-khm_Khmr,bel_Cyrl,khm_Khmr,1,1,174557,174549,8,0.6747,7495.9
bul_Cyrl-mya_Mymr,bul_Cyrl,mya_Mymr,1,1,666444,666402,42,0.6319,21360.2
arq_Arab-ron_Latn,arq_Arab,ron_Latn,1,1,121213,121206,7,0.7669,4558.5
arq_Arab-slv_Latn,arq_Arab,slv_Latn,1,1,35561,35560,1,0.6968,1256.5
ars_Arab-ben_Beng,ars_Arab,ben_Beng,1,1,94660,94653,7,0.4271,2579.3
ars_Arab-bos_Latn,ars_Arab,bos_Latn,1,1,215686,215661,25,0.7483,3910.7
ceb_Latn-jav_Latn,ceb_Latn,jav_Latn,1,1,729279,729154,125,0.6872,22969.1
bel_Cyrl-mal_Mlym,bel_Cyrl,mal_Mlym,1,1,323429,323418,11,0.5596,13036.9
dan_Latn-bak_Cyrl,dan_Latn,bak_Cyrl,1,1,90396,90384,12,0.6600,3932.6
bel_Cyrl-mlg_Latn,bel_Cyrl,mlg_Latn,1,1,127059,127057,2,0.3888,4308.8
ben_Beng-sqi_Latn,ben_Beng,sqi_Latn,1,1,841442,839934,1508,0.5210,29458.7
bul_Cyrl-nno_Latn,bul_Cyrl,nno_Latn,1,1,570781,570528,253,0.7131,18535.5
bul_Cyrl-oci_Latn,bul_Cyrl,oci_Latn,1,1,133026,133022,4,0.5804,4233.2
bel_Cyrl-mya_Mymr,bel_Cyrl,mya_Mymr,1,1,164891,164875,16,0.6259,6516.4
bos_Latn-epo_Latn,bos_Latn,epo_Latn,1,1,209415,209413,2,0.6944,6350.6
bul_Cyrl-pap_Latn,bul_Cyrl,pap_Latn,1,1,109045,109015,30,0.4540,3424.5
bos_Latn-kab_Latn,bos_Latn,kab_Latn,1,1,59690,59690,0,0.2577,2057.7
bos_Latn-ltz_Latn,bos_Latn,ltz_Latn,1,1,20806,20802,4,0.6959,610.7
dan_Latn-lzh_Hani,dan_Latn,lzh_Hani,1,1,470370,470362,8,0.4786,14061.6
ars_Arab-bul_Cyrl,ars_Arab,bul_Cyrl,1,1,739727,739641,86,0.7712,21121.2
bul_Cyrl-plt_Latn,bul_Cyrl,plt_Latn,1,1,156007,155988,19,0.5580,5806.1
bul_Cyrl-pus_Arab,bul_Cyrl,pus_Arab,1,1,101703,101702,1,0.4734,2536.8
bel_Cyrl-sqi_Latn,bel_Cyrl,sqi_Latn,1,1,398349,398234,115,0.4595,10930.0
bul_Cyrl-sco_Latn,bul_Cyrl,sco_Latn,1,1,50246,50231,15,0.5643,1345.8
ben_Beng-fry_Latn,ben_Beng,fry_Latn,1,1,116431,116431,0,0.2332,2969.6
bos_Latn-sin_Sinh,bos_Latn,sin_Sinh,1,1,482542,482524,18,0.6782,12242.8
ben_Beng-hbs_Latn,ben_Beng,hbs_Latn,1,1,89691,89689,2,0.3484,2199.9
bos_Latn-tel_Telu,bos_Latn,tel_Telu,1,1,145867,145858,9,0.4788,3656.5
ars_Arab-dan_Latn,ars_Arab,dan_Latn,1,1,675644,675590,54,0.7591,13319.7
ben_Beng-mlg_Latn,ben_Beng,mlg_Latn,1,1,216758,216757,1,0.4295,5508.9
dan_Latn-mya_Mymr,dan_Latn,mya_Mymr,1,1,598949,598925,24,0.6359,18188.2
bul_Cyrl-bre_Latn,bul_Cyrl,bre_Latn,1,1,173685,173685,0,0.3752,4255.1
ars_Arab-ekk_Latn,ars_Arab,ekk_Latn,1,1,305650,305637,13,0.7002,4661.7
bul_Cyrl-crh_Latn,bul_Cyrl,crh_Latn,1,1,60612,60546,66,0.6955,1576.3
ekk_Latn-mkd_Cyrl,ekk_Latn,mkd_Cyrl,1,1,3756188,3755738,450,0.6997,71423.3
ekk_Latn-vec_Latn,ekk_Latn,vec_Latn,1,1,71125,71113,12,0.5395,756.4
ekk_Latn-nob_Latn,ekk_Latn,nob_Latn,2,2,12756841,12754127,2714,0.7277,148804.2
ell_Grek-fry_Latn,ell_Grek,fry_Latn,1,1,152393,152393,0,0.4413,1519.8
bul_Cyrl-yue_Hani,bul_Cyrl,yue_Hani,1,1,857607,857517,90,0.4566,21158.6
ell_Grek-jam_Latn,ell_Grek,jam_Latn,1,1,52646,52430,216,0.7312,652.9
ell_Grek-jav_Latn,ell_Grek,jav_Latn,1,1,114206,114152,54,0.4614,1437.3
ars_Arab-ell_Grek,ars_Arab,ell_Grek,1,1,896780,896656,124,0.7995,10095.8
ell_Grek-kir_Cyrl,ell_Grek,kir_Cyrl,1,1,80740,80740,0,0.4936,1064.8
ars_Arab-est_Latn,ars_Arab,est_Latn,1,1,96120,96118,2,0.7510,1165.4
ell_Grek-ltz_Latn,ell_Grek,ltz_Latn,1,1,54155,54152,3,0.5711,692.8
ceb_Latn-fij_Latn,ceb_Latn,fij_Latn,1,1,228678,228654,24,0.5820,6564.5
ell_Grek-nno_Latn,ell_Grek,nno_Latn,1,1,582229,582193,36,0.7025,6255.6
ell_Grek-nso_Latn,ell_Grek,nso_Latn,1,1,30831,30831,0,0.3614,313.3
ell_Grek-nya_Latn,ell_Grek,nya_Latn,1,1,45929,45927,2,0.4615,439.3
ell_Grek-roh_Latn,ell_Grek,roh_Latn,1,1,16562,16562,0,0.4102,182.6
ars_Arab-heb_Hebr,ars_Arab,heb_Hebr,1,1,774585,774530,55,0.7972,8466.3
ell_Grek-som_Latn,ell_Grek,som_Latn,1,1,122508,122508,0,0.6666,1428.6
est_Latn-hbs_Latn,est_Latn,hbs_Latn,1,1,161227,161226,1,0.3641,1625.6
est_Latn-kin_Latn,est_Latn,kin_Latn,1,1,48716,48705,11,0.2966,506.8
est_Latn-lzh_Hani,est_Latn,lzh_Hani,1,1,163517,163517,0,0.3988,1468.4
ben_Beng-nep_Deva,ben_Beng,nep_Deva,1,1,1087536,1087265,271,0.5076,27303.4
est_Latn-mhr_Cyrl,est_Latn,mhr_Cyrl,1,1,49272,49272,0,0.5787,500.4
ceb_Latn-war_Latn,ceb_Latn,war_Latn,1,1,416909,416733,176,0.4910,11113.9
ben_Beng-tgk_Cyrl,ben_Beng,tgk_Cyrl,1,1,142245,142243,2,0.5089,4523.7
ars_Arab-ind_Latn,ars_Arab,ind_Latn,1,1,856684,856604,80,0.7819,11654.1
ars_Arab-lit_Latn,ars_Arab,lit_Latn,1,1,95563,95559,4,0.6830,1844.5
ars_Arab-lvs_Latn,ars_Arab,lvs_Latn,1,1,36324,36319,5,0.6544,659.0
ars_Arab-msa_Latn,ars_Arab,msa_Latn,1,1,118919,118908,11,0.6607,2650.6
bul_Cyrl-fur_Latn,bul_Cyrl,fur_Latn,1,1,496652,496575,77,0.4939,13330.1
ceb_Latn-mkd_Cyrl,ceb_Latn,mkd_Cyrl,1,1,48935,48930,5,0.5449,675.4
ceb_Latn-mal_Mlym,ceb_Latn,mal_Mlym,1,1,94633,94633,0,0.4675,1595.8
bul_Cyrl-snd_Arab,bul_Cyrl,snd_Arab,1,1,74347,74339,8,0.4443,1906.9
dan_Latn-ckb_Arab,dan_Latn,ckb_Arab,1,1,81445,81439,6,0.7370,2054.1
bul_Cyrl-fry_Latn,bul_Cyrl,fry_Latn,1,1,138140,138138,2,0.3949,2280.7
bul_Cyrl-sna_Latn,bul_Cyrl,sna_Latn,1,1,90080,90039,41,0.5239,3155.0
bul_Cyrl-guj_Gujr,bul_Cyrl,guj_Gujr,1,1,237341,237330,11,0.7099,4151.4
bul_Cyrl-ilo_Latn,bul_Cyrl,ilo_Latn,1,1,126340,126321,19,0.2759,2553.7
bul_Cyrl-kin_Latn,bul_Cyrl,kin_Latn,1,1,108805,108769,36,0.2408,4732.7
ceb_Latn-smo_Latn,ceb_Latn,smo_Latn,1,1,500429,500416,13,0.7153,14557.7
ars_Arab-ron_Latn,ars_Arab,ron_Latn,1,1,1057531,1057432,99,0.8100,24993.0
dan_Latn-fry_Latn,dan_Latn,fry_Latn,1,1,396351,396348,3,0.3416,11061.3
ceb_Latn-mri_Latn,ceb_Latn,mri_Latn,1,1,437663,437641,22,0.6605,18805.3
ell_Grek-bre_Latn,ell_Grek,bre_Latn,1,1,44089,44088,1,0.3411,1058.2
ars_Arab-slk_Latn,ars_Arab,slk_Latn,1,1,229366,228621,745,0.7803,3565.7
bul_Cyrl-nep_Deva,bul_Cyrl,nep_Deva,1,1,361487,282737,78750,0.4610,22769.2
bul_Cyrl-nso_Latn,bul_Cyrl,nso_Latn,1,1,26585,25663,922,0.3719,542.0
bul_Cyrl-nya_Latn,bul_Cyrl,nya_Latn,1,1,74293,66541,7752,0.4666,2432.1
ell_Grek-khk_Cyrl,ell_Grek,khk_Cyrl,1,1,130767,130757,10,0.6457,4434.7
ell_Grek-kmr_Latn,ell_Grek,kmr_Latn,1,1,88288,88284,4,0.5241,2366.9
dan_Latn-gsw_Latn,dan_Latn,gsw_Latn,1,1,173380,20358,153022,0.6596,20509.9
bul_Cyrl-epo_Latn,bul_Cyrl,epo_Latn,1,1,1848795,1674609,174186,0.7103,43321.2
ars_Arab-slv_Latn,ars_Arab,slv_Latn,1,1,426117,227397,198720,0.7337,31125.2
dan_Latn-jav_Latn,dan_Latn,jav_Latn,1,1,410332,152402,257930,0.2427,37085.2
dan_Latn-ibo_Latn,dan_Latn,ibo_Latn,1,1,129227,0,129227,nan,16995.7
dan_Latn-kmr_Latn,dan_Latn,kmr_Latn,1,1,107895,0,107895,nan,14169.3
ars_Arab-tam_Taml,ars_Arab,tam_Taml,1,1,60398,0,60398,nan,7916.7
ell_Grek-mal_Mlym,ell_Grek,mal_Mlym,1,1,1529882,1529780,102,0.3543,39291.3
ell_Grek-plt_Latn,ell_Grek,plt_Latn,1,1,119486,119483,3,0.7279,4585.3
ell_Grek-rmy_Latn,ell_Grek,rmy_Latn,1,1,89702,89690,12,0.4853,2231.0
dan_Latn-kin_Latn,dan_Latn,kin_Latn,1,1,143422,0,143422,nan,18879.7
bul_Cyrl-srd_Latn,bul_Cyrl,srd_Latn,1,1,1095556,721116,374440,0.4759,74699.0
ell_Grek-sin_Sinh,ell_Grek,sin_Sinh,1,1,1834622,1834497,125,0.6751,55206.0
est_Latn-ltz_Latn,est_Latn,ltz_Latn,1,1,94016,93990,26,0.1754,2314.7
est_Latn-mya_Mymr,est_Latn,mya_Mymr,1,1,173505,173501,4,0.5401,4212.9
est_Latn-sun_Latn,est_Latn,sun_Latn,1,1,80905,80899,6,0.4392,1942.4
glg_Latn-nor_Latn,glg_Latn,nor_Latn,1,1,508308,508301,7,0.5954,12270.1
heb_Hebr-fur_Latn,heb_Hebr,fur_Latn,1,1,150209,150121,88,0.5238,3827.1
bul_Cyrl-mkd_Cyrl,bul_Cyrl,mkd_Cyrl,1,1,8161727,7722375,439352,0.7721,201656.0
bul_Cyrl-nob_Latn,bul_Cyrl,nob_Latn,3,3,11259672,11257385,2287,0.7717,115382.7
bul_Cyrl-sin_Sinh,bul_Cyrl,sin_Sinh,1,1,1618147,1516538,101609,0.6697,17097.7
lat_Latn-nep_Deva,lat_Latn,nep_Deva,1,1,11243,11243,0,0.3907,431.3
lav_Latn-oci_Latn,lav_Latn,oci_Latn,1,1,13391,13391,0,0.6994,398.6
lvs_Latn-oci_Latn,lvs_Latn,oci_Latn,1,1,14959,14959,0,0.4321,342.3
ast_Latn-ceb_Latn,ast_Latn,ceb_Latn,1,1,3148,3148,0,0.3595,85.1
ful_Latn-tgl_Latn,ful_Latn,tgl_Latn,1,1,8294,8294,0,0.1172,268.4
ast_Latn-uzn_Latn,ast_Latn,uzn_Latn,1,1,12979,12979,0,0.6164,338.8
fry_Latn-lat_Latn,fry_Latn,lat_Latn,1,1,15521,15521,0,0.2371,413.0
bre_Latn-bos_Latn,bre_Latn,bos_Latn,1,1,15861,15860,1,0.5817,479.3
bre_Latn-lav_Latn,bre_Latn,lav_Latn,1,1,18753,18752,1,0.4898,525.0
roh_Latn-ron_Latn,roh_Latn,ron_Latn,1,1,19237,19236,1,0.5550,518.0
ast_Latn-lav_Latn,ast_Latn,lav_Latn,1,1,19305,19287,18,0.6946,540.1
fry_Latn-lav_Latn,fry_Latn,lav_Latn,1,1,19839,19839,0,0.6974,939.9
bre_Latn-tgl_Latn,bre_Latn,tgl_Latn,1,1,20883,20883,0,0.2554,724.5
ilo_Latn-msa_Latn,ilo_Latn,msa_Latn,1,1,21530,21528,2,0.3897,540.8
kab_Latn-msa_Latn,kab_Latn,msa_Latn,1,1,21789,21789,0,0.6006,543.2
bak_Cyrl-est_Latn,bak_Cyrl,est_Latn,1,1,21959,21959,0,0.6995,625.1
ast_Latn-bos_Latn,ast_Latn,bos_Latn,1,1,21969,21969,0,0.7965,629.4
ast_Latn-lat_Latn,ast_Latn,lat_Latn,1,1,22250,22250,0,0.2765,652.6
kin_Latn-heb_Hebr,kin_Latn,heb_Hebr,1,1,24412,24407,5,0.5672,924.9
fry_Latn-tgl_Latn,fry_Latn,tgl_Latn,1,1,24734,24734,0,0.6661,1196.1
nso_Latn-ron_Latn,nso_Latn,ron_Latn,1,1,24883,24883,0,0.6228,695.0
epo_Latn-ell_Grek,epo_Latn,ell_Grek,1,1,25076,25076,0,0.7285,607.5
mkd_Cyrl-est_Latn,mkd_Cyrl,est_Latn,1,1,26480,26480,0,0.7432,668.9
lim_Latn-tam_Taml,lim_Latn,tam_Taml,1,1,27232,27232,0,0.5470,725.3
hbs_Latn-tgl_Latn,hbs_Latn,tgl_Latn,1,1,28489,28489,0,0.8410,698.9
mhr_Cyrl-bos_Latn,mhr_Cyrl,bos_Latn,1,1,28774,28774,0,0.6858,730.9
fao_Latn-ind_Latn,fao_Latn,ind_Latn,1,1,29415,29414,1,0.6185,756.2
ast_Latn-kaz_Cyrl,ast_Latn,kaz_Cyrl,1,1,30726,30726,0,0.5390,940.3
fur_Latn-tam_Taml,fur_Latn,tam_Taml,1,1,31892,31892,0,0.5889,819.7
vec_Latn-msa_Latn,vec_Latn,msa_Latn,1,1,32475,32433,42,0.5788,959.1
nno_Latn-uzn_Latn,nno_Latn,uzn_Latn,1,1,32557,32557,0,0.6660,856.7
fur_Latn-urd_Arab,fur_Latn,urd_Arab,1,1,33213,33212,1,0.5666,1038.4
mhr_Cyrl-est_Latn,mhr_Cyrl,est_Latn,1,1,33732,33731,1,0.6450,967.7
fry_Latn-kat_Geor,fry_Latn,kat_Geor,1,1,36395,36395,0,0.4275,913.7
asm_Beng-bos_Latn,asm_Beng,bos_Latn,1,1,36644,36644,0,0.6818,960.8
srd_Latn-kat_Geor,srd_Latn,kat_Geor,1,1,36929,36923,6,0.5650,909.8
mkd_Cyrl-afr_Latn,mkd_Cyrl,afr_Latn,1,1,36979,36976,3,0.6602,951.0
bre_Latn-uzn_Latn,bre_Latn,uzn_Latn,1,1,37015,37015,0,0.2810,929.4
ina_Latn-heb_Hebr,ina_Latn,heb_Hebr,1,1,37027,37023,4,0.6813,910.0
lim_Latn-msa_Latn,lim_Latn,msa_Latn,1,1,37435,37407,28,0.5859,1171.6
ilo_Latn-tam_Taml,ilo_Latn,tam_Taml,1,1,37604,37604,0,0.1383,911.4
mkd_Cyrl-bos_Latn,mkd_Cyrl,bos_Latn,1,1,38731,38731,0,0.7217,970.9
jav_Latn-zsm_Latn,jav_Latn,zsm_Latn,1,1,39949,39935,14,0.4761,1105.8
gla_Latn-lit_Latn,gla_Latn,lit_Latn,1,1,40507,40507,0,0.3628,1084.3
lim_Latn-lvs_Latn,lim_Latn,lvs_Latn,1,1,40791,40776,15,0.6635,1042.1
aze_Latn-lav_Latn,aze_Latn,lav_Latn,1,1,41678,41677,1,0.8009,1011.2
fur_Latn-est_Latn,fur_Latn,est_Latn,1,1,41722,41722,0,0.7644,1017.4
kin_Latn-slv_Latn,kin_Latn,slv_Latn,1,1,41943,41933,10,0.4291,1114.3
epo_Latn-dan_Latn,epo_Latn,dan_Latn,1,1,42283,42282,1,0.6803,1011.7
ilo_Latn-urd_Arab,ilo_Latn,urd_Arab,1,1,42324,42323,1,0.1463,1046.5
nno_Latn-urd_Arab,nno_Latn,urd_Arab,1,1,42629,42618,11,0.6640,1064.9
kan_Knda-uzn_Latn,kan_Knda,uzn_Latn,1,1,42647,42647,0,0.7435,1756.8
azj_Latn-est_Latn,azj_Latn,est_Latn,1,1,43243,43223,20,0.5316,1256.5
ast_Latn-kat_Geor,ast_Latn,kat_Geor,1,1,43619,43619,0,0.3034,1044.8
pap_Latn-lit_Latn,pap_Latn,lit_Latn,1,1,43663,43659,4,0.6756,1079.7
bre_Latn-ekk_Latn,bre_Latn,ekk_Latn,1,1,43991,43991,0,0.3994,1041.3
kab_Latn-ell_Grek,kab_Latn,ell_Grek,1,1,44160,44160,0,0.5820,1077.4
nno_Latn-heb_Hebr,nno_Latn,heb_Hebr,1,1,44787,44782,5,0.6965,1213.0
bak_Cyrl-dan_Latn,bak_Cyrl,dan_Latn,1,1,45034,45034,0,0.6060,1092.7
mkd_Cyrl-ekk_Latn,mkd_Cyrl,ekk_Latn,1,1,45090,45090,0,0.6542,1100.0
pap_Latn-heb_Hebr,pap_Latn,heb_Hebr,1,1,45125,45118,7,0.6858,1098.1
rmy_Latn-slv_Latn,rmy_Latn,slv_Latn,1,1,45524,45515,9,0.6799,1143.6
pap_Latn-tha_Thai,pap_Latn,tha_Thai,1,1,45699,45692,7,0.6706,1150.5
snd_Arab-tha_Thai,snd_Arab,tha_Thai,1,1,45978,45976,2,0.5350,1096.5
fry_Latn-msa_Latn,fry_Latn,msa_Latn,1,1,46686,46686,0,0.6705,1136.2
pap_Latn-ukr_Cyrl,pap_Latn,ukr_Cyrl,1,1,46980,46961,19,0.6427,1173.6
jav_Latn-lat_Latn,jav_Latn,lat_Latn,1,1,47126,47116,10,0.0907,1209.5
nep_Deva-fil_Latn,nep_Deva,fil_Latn,1,1,47279,47268,11,0.5816,1455.7
fur_Latn-glg_Latn,fur_Latn,glg_Latn,1,1,47560,47560,0,0.6263,1167.2
kin_Latn-slk_Latn,kin_Latn,slk_Latn,1,1,47724,47707,17,0.5238,1245.8
ina_Latn-slv_Latn,ina_Latn,slv_Latn,1,1,47842,47840,2,0.6490,1282.5
bak_Cyrl-ind_Latn,bak_Cyrl,ind_Latn,1,1,48213,48213,0,0.5912,1215.3
fur_Latn-ell_Grek,fur_Latn,ell_Grek,1,1,48219,48215,4,0.6337,1167.2
aze_Latn-uzn_Latn,aze_Latn,uzn_Latn,1,1,48282,48280,2,0.1393,1196.8
sco_Latn-ukr_Cyrl,sco_Latn,ukr_Cyrl,1,1,48475,47800,675,0.7027,1581.3
azj_Latn-tgl_Latn,azj_Latn,tgl_Latn,1,1,48539,48488,51,0.4100,1243.9
fao_Latn-slv_Latn,fao_Latn,slv_Latn,1,1,48796,48796,0,0.6506,1173.7
snd_Arab-ukr_Cyrl,snd_Arab,ukr_Cyrl,1,1,49000,49000,0,0.2906,1190.5
sna_Latn-urd_Arab,sna_Latn,urd_Arab,1,1,49288,49287,1,0.4303,1726.8
mal_Mlym-uzn_Latn,mal_Mlym,uzn_Latn,1,1,49557,49557,0,0.6425,1740.4
rmy_Latn-slk_Latn,rmy_Latn,slk_Latn,1,1,49973,49965,8,0.6967,1217.9
pap_Latn-slv_Latn,pap_Latn,slv_Latn,1,1,50515,50501,14,0.7083,1268.8
kin_Latn-tha_Thai,kin_Latn,tha_Thai,1,1,50558,50459,99,0.3461,1704.1
aze_Latn-ekk_Latn,aze_Latn,ekk_Latn,1,1,50576,50568,8,0.5563,1247.6
