source_lang,target_lang,model,MRR
ron_Latn,bel_Cyrl,jinaai/jina-embeddings-v3,1.0
bos_Latn,por_Latn,jinaai/jina-embeddings-v3,1.0
bos_Latn,slk_Latn,jinaai/jina-embeddings-v3,1.0
bos_Latn,srp_Cyrl,intfloat/multilingual-e5-large,1.0
bos_Latn,swe_Latn,jinaai/jina-embeddings-v3,1.0
bos_Latn,ukr_Cyrl,jinaai/jina-embeddings-v3,1.0
bos_Latn,zsm_Latn,jinaai/jina-embeddings-v3,1.0
bul_Cyrl,als_Latn,jinaai/jina-embeddings-v3,1.0
nld_Latn,ces_Latn,jinaai/jina-embeddings-v3,1.0
bul_Cyrl,bos_Latn,jinaai/jina-embeddings-v3,1.0
bul_Cyrl,cat_Latn,jinaai/jina-embeddings-v3,1.0
nld_Latn,dan_Latn,jinaai/jina-embeddings-v5-text-nano,1.0
bul_Cyrl,ces_Latn,jinaai/jina-embeddings-v3,1.0
nld_Latn,deu_Latn,jinaai/jina-embeddings-v3,1.0
nld_Latn,ell_Grek,jinaai/jina-embeddings-v5-text-nano,1.0
bul_Cyrl,dan_Latn,jinaai/jina-embeddings-v3,1.0
bul_Cyrl,deu_Latn,jinaai/jina-embeddings-v3,1.0
bul_Cyrl,eng_Latn,jinaai/jina-embeddings-v3,1.0
bul_Cyrl,est_Latn,jinaai/jina-embeddings-v3,1.0
nld_Latn,eng_Latn,jinaai/jina-embeddings-v3,1.0
bul_Cyrl,fra_Latn,jinaai/jina-embeddings-v3,1.0
bul_Cyrl,glg_Latn,jinaai/jina-embeddings-v3,1.0
nld_Latn,fra_Latn,jinaai/jina-embeddings-v5-text-small,1.0
slk_Latn,eng_Latn,jinaai/jina-embeddings-v3,1.0
ron_Latn,jpn_Jpan,jinaai/jina-embeddings-v3,1.0
bul_Cyrl,ind_Latn,jinaai/jina-embeddings-v5-text-small,1.0
bul_Cyrl,ita_Latn,jinaai/jina-embeddings-v3,1.0
bul_Cyrl,jpn_Jpan,jinaai/jina-embeddings-v3,1.0
nld_Latn,ind_Latn,jinaai/jina-embeddings-v5-text-small,1.0
bos_Latn,rus_Cyrl,jinaai/jina-embeddings-v3,1.0
bos_Latn,pol_Latn,jinaai/jina-embeddings-v3,1.0
nld_Latn,ita_Latn,jinaai/jina-embeddings-v5-text-nano,1.0
bos_Latn,mar_Deva,jinaai/jina-embeddings-v3,1.0
ind_Latn,nld_Latn,jinaai/jina-embeddings-v5-text-small,1.0
ron_Latn,slk_Latn,jinaai/jina-embeddings-v3,1.0
slv_Latn,fra_Latn,jinaai/jina-embeddings-v3,1.0
guj_Gujr,mar_Deva,jinaai/jina-embeddings-v3,1.0
ind_Latn,jpn_Jpan,jinaai/jina-embeddings-v3,1.0
ind_Latn,ita_Latn,jinaai/jina-embeddings-v3,1.0
ind_Latn,eng_Latn,jinaai/jina-embeddings-v3,1.0
ind_Latn,deu_Latn,jinaai/jina-embeddings-v3,1.0
ind_Latn,dan_Latn,jinaai/jina-embeddings-v3,1.0
ind_Latn,cat_Latn,jinaai/jina-embeddings-v3,1.0
ron_Latn,rus_Cyrl,jinaai/jina-embeddings-v3,1.0
bos_Latn,afr_Latn,jinaai/jina-embeddings-v3,1.0
bos_Latn,als_Latn,intfloat/multilingual-e5-large,1.0
bos_Latn,cat_Latn,jinaai/jina-embeddings-v3,1.0
bos_Latn,ces_Latn,jinaai/jina-embeddings-v3,1.0
bos_Latn,dan_Latn,jinaai/jina-embeddings-v3,1.0
bos_Latn,deu_Latn,jinaai/jina-embeddings-v3,1.0
bos_Latn,ell_Grek,jinaai/jina-embeddings-v3,1.0
bos_Latn,eng_Latn,jinaai/jina-embeddings-v3,1.0
bos_Latn,epo_Latn,jinaai/jina-embeddings-v3,1.0
bos_Latn,fra_Latn,jinaai/jina-embeddings-v3,1.0
bos_Latn,glg_Latn,jinaai/jina-embeddings-v3,1.0
bos_Latn,guj_Gujr,jinaai/jina-embeddings-v3,1.0
bos_Latn,hrv_Latn,jinaai/jina-embeddings-v3,1.0
bos_Latn,ita_Latn,jinaai/jina-embeddings-v3,1.0
bos_Latn,jpn_Jpan,jinaai/jina-embeddings-v3,1.0
ron_Latn,por_Latn,jinaai/jina-embeddings-v3,1.0
ron_Latn,ita_Latn,jinaai/jina-embeddings-v3,1.0
nld_Latn,jpn_Jpan,jinaai/jina-embeddings-v3,1.0
ben_Beng,nld_Latn,jinaai/jina-embeddings-v3,1.0
cat_Latn,glg_Latn,jinaai/jina-embeddings-v3,1.0
cat_Latn,hin_Deva,jinaai/jina-embeddings-v3,1.0
slv_Latn,eng_Latn,jinaai/jina-embeddings-v3,1.0
cat_Latn,ita_Latn,jinaai/jina-embeddings-v3,1.0
slk_Latn,epo_Latn,jinaai/jina-embeddings-v3,1.0
hye_Armn,ron_Latn,jinaai/jina-embeddings-v3,1.0
hye_Armn,por_Latn,jinaai/jina-embeddings-v3,1.0
cat_Latn,pol_Latn,jinaai/jina-embeddings-v3,1.0
cat_Latn,ron_Latn,jinaai/jina-embeddings-v3,1.0
cat_Latn,rus_Cyrl,jinaai/jina-embeddings-v3,1.0
cat_Latn,slk_Latn,jinaai/jina-embeddings-v3,1.0
cat_Latn,swe_Latn,jinaai/jina-embeddings-v3,1.0
cat_Latn,tur_Latn,jinaai/jina-embeddings-v3,1.0
cat_Latn,ukr_Cyrl,jinaai/jina-embeddings-v3,1.0
slk_Latn,slv_Latn,jinaai/jina-embeddings-v3,1.0
por_Latn,vie_Latn,jinaai/jina-embeddings-v5-text-nano,1.0
slk_Latn,rus_Cyrl,jinaai/jina-embeddings-v3,1.0
srp_Cyrl,ces_Latn,jinaai/jina-embeddings-v3,1.0
por_Latn,ukr_Cyrl,jinaai/jina-embeddings-v5-text-nano,1.0
por_Latn,tur_Latn,jinaai/jina-embeddings-v3,1.0
hun_Latn,swe_Latn,jinaai/jina-embeddings-v3,1.0
hun_Latn,slk_Latn,jinaai/jina-embeddings-v3,1.0
por_Latn,swe_Latn,jinaai/jina-embeddings-v3,1.0
hun_Latn,por_Latn,jinaai/jina-embeddings-v3,1.0
por_Latn,slv_Latn,jinaai/jina-embeddings-v3,1.0
srp_Cyrl,eng_Latn,jinaai/jina-embeddings-v3,1.0
por_Latn,slk_Latn,jinaai/jina-embeddings-v3,1.0
ces_Latn,afr_Latn,jinaai/jina-embeddings-v3,1.0
ron_Latn,ces_Latn,jinaai/jina-embeddings-v3,1.0
cat_Latn,est_Latn,jinaai/jina-embeddings-v3,1.0
nld_Latn,lvs_Latn,jinaai/jina-embeddings-v3,1.0
cat_Latn,epo_Latn,jinaai/jina-embeddings-v3,1.0
bul_Cyrl,lvs_Latn,jinaai/jina-embeddings-v3,1.0
bul_Cyrl,mkd_Cyrl,jinaai/jina-embeddings-v5-text-nano,1.0
nld_Latn,por_Latn,jinaai/jina-embeddings-v3,1.0
nld_Latn,ron_Latn,jinaai/jina-embeddings-v5-text-nano,1.0
guj_Gujr,ron_Latn,jinaai/jina-embeddings-v3,1.0
nld_Latn,rus_Cyrl,jinaai/jina-embeddings-v5-text-nano,1.0
bul_Cyrl,pol_Latn,jinaai/jina-embeddings-v3,1.0
bul_Cyrl,por_Latn,jinaai/jina-embeddings-v3,1.0
bul_Cyrl,ron_Latn,jinaai/jina-embeddings-v3,1.0
bul_Cyrl,rus_Cyrl,jinaai/jina-embeddings-v3,1.0
ron_Latn,fra_Latn,jinaai/jina-embeddings-v3,1.0
bul_Cyrl,slk_Latn,jinaai/jina-embeddings-v3,1.0
bul_Cyrl,slv_Latn,jinaai/jina-embeddings-v3,1.0
nld_Latn,srp_Cyrl,jinaai/jina-embeddings-v5-text-small,1.0
ron_Latn,epo_Latn,jinaai/jina-embeddings-v3,1.0
ron_Latn,eng_Latn,jinaai/jina-embeddings-v3,1.0
bul_Cyrl,srp_Cyrl,jinaai/jina-embeddings-v3,1.0
nld_Latn,swe_Latn,jinaai/jina-embeddings-v5-text-nano,1.0
bul_Cyrl,swe_Latn,jinaai/jina-embeddings-v3,1.0
ron_Latn,deu_Latn,jinaai/jina-embeddings-v3,1.0
bul_Cyrl,tur_Latn,jinaai/jina-embeddings-v3,1.0
bul_Cyrl,ukr_Cyrl,jinaai/jina-embeddings-v3,1.0
nld_Latn,tur_Latn,jinaai/jina-embeddings-v5-text-nano,1.0
bul_Cyrl,zsm_Latn,jinaai/jina-embeddings-v5-text-small,1.0
hye_Armn,ukr_Cyrl,jinaai/jina-embeddings-v3,1.0
cat_Latn,dan_Latn,jinaai/jina-embeddings-v5-text-small,1.0
cat_Latn,eng_Latn,jinaai/jina-embeddings-v3,1.0
ben_Beng,pan_Guru,jinaai/jina-embeddings-v3,1.0
slv_Latn,deu_Latn,jinaai/jina-embeddings-v3,1.0
mkd_Cyrl,rus_Cyrl,jinaai/jina-embeddings-v3,1.0
glg_Latn,ron_Latn,jinaai/jina-embeddings-v3,1.0
glg_Latn,rus_Cyrl,jinaai/jina-embeddings-v3,1.0
jpn_Jpan,tha_Thai,jinaai/jina-embeddings-v5-text-nano,1.0
jpn_Jpan,swe_Latn,jinaai/jina-embeddings-v3,1.0
slv_Latn,ukr_Cyrl,jinaai/jina-embeddings-v3,1.0
jpn_Jpan,rus_Cyrl,jinaai/jina-embeddings-v5-text-small,1.0
jpn_Jpan,por_Latn,jinaai/jina-embeddings-v5-text-nano,1.0
jpn_Jpan,pol_Latn,jinaai/jina-embeddings-v3,1.0
jpn_Jpan,eng_Latn,jinaai/jina-embeddings-v3,1.0
jpn_Jpan,dan_Latn,jinaai/jina-embeddings-v3,1.0
slv_Latn,swe_Latn,jinaai/jina-embeddings-v3,1.0
zsm_Latn,jpn_Jpan,jinaai/jina-embeddings-v5-text-nano,1.0
zsm_Latn,ita_Latn,jinaai/jina-embeddings-v3,1.0
zsm_Latn,eng_Latn,jinaai/jina-embeddings-v3,1.0
rus_Cyrl,heb_Hebr,jinaai/jina-embeddings-v3,1.0
slv_Latn,srp_Cyrl,jinaai/jina-embeddings-v3,1.0
slv_Latn,slk_Latn,jinaai/jina-embeddings-v3,1.0
slv_Latn,rus_Cyrl,jinaai/jina-embeddings-v3,1.0
slv_Latn,ron_Latn,jinaai/jina-embeddings-v3,1.0
slv_Latn,por_Latn,jinaai/jina-embeddings-v3,1.0
glg_Latn,swe_Latn,jinaai/jina-embeddings-v3,1.0
slv_Latn,pol_Latn,jinaai/jina-embeddings-v3,1.0
slv_Latn,nld_Latn,jinaai/jina-embeddings-v3,1.0
ita_Latn,zsm_Latn,jinaai/jina-embeddings-v3,1.0
glg_Latn,tur_Latn,jinaai/jina-embeddings-v3,1.0
glg_Latn,ukr_Cyrl,jinaai/jina-embeddings-v3,1.0
ita_Latn,vie_Latn,jinaai/jina-embeddings-v5-text-nano,1.0
ita_Latn,ukr_Cyrl,jinaai/jina-embeddings-v3,1.0
jpn_Jpan,zho_Hans,jinaai/jina-embeddings-v5-text-nano,1.0
glg_Latn,por_Latn,jinaai/jina-embeddings-v3,1.0
ita_Latn,tha_Thai,jinaai/jina-embeddings-v5-text-nano,1.0
ast_Latn,ita_Latn,jinaai/jina-embeddings-v3,1.0
rus_Cyrl,nld_Latn,jinaai/jina-embeddings-v3,1.0
mkd_Cyrl,srp_Cyrl,jinaai/jina-embeddings-v3,1.0
swe_Latn,ukr_Cyrl,jinaai/jina-embeddings-v3,1.0
mkd_Cyrl,swe_Latn,jinaai/jina-embeddings-v3,1.0
zsm_Latn,nld_Latn,jinaai/jina-embeddings-v5-text-nano,1.0
swe_Latn,tur_Latn,jinaai/jina-embeddings-v3,1.0
swe_Latn,tha_Thai,jinaai/jina-embeddings-v5-text-small,1.0
swe_Latn,slv_Latn,jinaai/jina-embeddings-v3,1.0
swe_Latn,slk_Latn,jinaai/jina-embeddings-v3,1.0
glg_Latn,eng_Latn,jinaai/jina-embeddings-v3,1.0
glg_Latn,fra_Latn,jinaai/jina-embeddings-v3,1.0
glg_Latn,heb_Hebr,jinaai/jina-embeddings-v3,1.0
glg_Latn,hin_Deva,jinaai/jina-embeddings-v3,1.0
slv_Latn,ces_Latn,jinaai/jina-embeddings-v3,1.0
glg_Latn,ita_Latn,jinaai/jina-embeddings-v3,1.0
glg_Latn,jpn_Jpan,jinaai/jina-embeddings-v3,1.0
rus_Cyrl,jpn_Jpan,jinaai/jina-embeddings-v5-text-nano,1.0
mkd_Cyrl,tur_Latn,jinaai/jina-embeddings-v3,1.0
mkd_Cyrl,ukr_Cyrl,jinaai/jina-embeddings-v3,1.0
rus_Cyrl,ita_Latn,jinaai/jina-embeddings-v3,1.0
kan_Knda,tur_Latn,jinaai/jina-embeddings-v3,1.0
mkd_Cyrl,vie_Latn,jinaai/jina-embeddings-v3,1.0
kan_Knda,hin_Deva,jinaai/jina-embeddings-v3,1.0
ast_Latn,cat_Latn,jinaai/jina-embeddings-v3,1.0
glg_Latn,pol_Latn,jinaai/jina-embeddings-v3,1.0
rus_Cyrl,ind_Latn,jinaai/jina-embeddings-v5-text-nano,1.0
ast_Latn,glg_Latn,jinaai/jina-embeddings-v3,1.0
ita_Latn,tur_Latn,jinaai/jina-embeddings-v3,1.0
eus_Latn,slv_Latn,jinaai/jina-embeddings-v3,1.0
ind_Latn,rus_Cyrl,jinaai/jina-embeddings-v3,1.0
ita_Latn,glg_Latn,jinaai/jina-embeddings-v3,1.0
ita_Latn,epo_Latn,jinaai/jina-embeddings-v3,1.0
guj_Gujr,hye_Armn,jinaai/jina-embeddings-v3,1.0
ron_Latn,vie_Latn,jinaai/jina-embeddings-v3,1.0
ita_Latn,eng_Latn,jinaai/jina-embeddings-v3,1.0
ita_Latn,deu_Latn,jinaai/jina-embeddings-v3,1.0
ita_Latn,dan_Latn,jinaai/jina-embeddings-v5-text-nano,1.0
ita_Latn,ces_Latn,jinaai/jina-embeddings-v3,1.0
ita_Latn,cat_Latn,jinaai/jina-embeddings-v3,1.0
ita_Latn,bel_Cyrl,jinaai/jina-embeddings-v3,1.0
slv_Latn,hrv_Latn,jinaai/jina-embeddings-v3,1.0
bel_Cyrl,nld_Latn,jinaai/jina-embeddings-v3,1.0
bel_Cyrl,pol_Latn,jinaai/jina-embeddings-v3,1.0
ron_Latn,ukr_Cyrl,jinaai/jina-embeddings-v3,1.0
ron_Latn,tur_Latn,jinaai/jina-embeddings-v3,1.0
slv_Latn,dan_Latn,jinaai/jina-embeddings-v3,1.0
eus_Latn,glg_Latn,jinaai/jina-embeddings-v3,1.0
ind_Latn,zsm_Latn,jinaai/jina-embeddings-v3,1.0
ben_Beng,ces_Latn,jinaai/jina-embeddings-v3,1.0
ben_Beng,dan_Latn,jinaai/jina-embeddings-v3,1.0
ben_Beng,eng_Latn,jinaai/jina-embeddings-v3,1.0
ind_Latn,vie_Latn,jinaai/jina-embeddings-v3,1.0
ind_Latn,ukr_Cyrl,jinaai/jina-embeddings-v3,1.0
ind_Latn,tur_Latn,jinaai/jina-embeddings-v3,1.0
eus_Latn,eng_Latn,jinaai/jina-embeddings-v3,1.0
ron_Latn,swe_Latn,jinaai/jina-embeddings-v3,1.0
eus_Latn,deu_Latn,jinaai/jina-embeddings-v3,1.0
ind_Latn,swe_Latn,jinaai/jina-embeddings-v3,1.0
ita_Latn,fra_Latn,jinaai/jina-embeddings-v3,1.0
slv_Latn,hun_Latn,jinaai/jina-embeddings-v3,1.0
ita_Latn,swe_Latn,jinaai/jina-embeddings-v3,1.0
ita_Latn,heb_Hebr,jinaai/jina-embeddings-v3,1.0
eus_Latn,slk_Latn,jinaai/jina-embeddings-v3,1.0
ita_Latn,srp_Cyrl,jinaai/jina-embeddings-v3,1.0
rus_Cyrl,eng_Latn,jinaai/jina-embeddings-v3,1.0
slv_Latn,lvs_Latn,jinaai/jina-embeddings-v3,1.0
ita_Latn,slk_Latn,jinaai/jina-embeddings-v5-text-nano,1.0
rus_Cyrl,deu_Latn,jinaai/jina-embeddings-v3,1.0
rus_Cyrl,dan_Latn,jinaai/jina-embeddings-v3,1.0
eus_Latn,ron_Latn,jinaai/jina-embeddings-v3,1.0
rus_Cyrl,ces_Latn,jinaai/jina-embeddings-v3,1.0
ita_Latn,rus_Cyrl,jinaai/jina-embeddings-v3,1.0
rus_Cyrl,als_Latn,jinaai/jina-embeddings-v3,1.0
ita_Latn,ron_Latn,jinaai/jina-embeddings-v3,1.0
ita_Latn,por_Latn,jinaai/jina-embeddings-v3,1.0
ita_Latn,pol_Latn,jinaai/jina-embeddings-v3,1.0
ita_Latn,nld_Latn,jinaai/jina-embeddings-v5-text-nano,1.0
vie_Latn,eng_Latn,jinaai/jina-embeddings-v3,1.0
ita_Latn,kor_Hang,jinaai/jina-embeddings-v5-text-nano,1.0
slk_Latn,als_Latn,jinaai/jina-embeddings-v3,1.0
slk_Latn,ces_Latn,jinaai/jina-embeddings-v3,1.0
glg_Latn,zsm_Latn,jinaai/jina-embeddings-v5-text-nano,1.0
ita_Latn,jpn_Jpan,jinaai/jina-embeddings-v5-text-nano,1.0
slk_Latn,dan_Latn,jinaai/jina-embeddings-v3,1.0
slk_Latn,deu_Latn,jinaai/jina-embeddings-v3,1.0
eus_Latn,nld_Latn,jinaai/jina-embeddings-v3,1.0
ita_Latn,ind_Latn,jinaai/jina-embeddings-v5-text-nano,1.0
bel_Cyrl,eng_Latn,jinaai/jina-embeddings-v3,1.0
swe_Latn,rus_Cyrl,jinaai/jina-embeddings-v3,1.0
ces_Latn,bel_Cyrl,jinaai/jina-embeddings-v3,1.0
ces_Latn,cat_Latn,jinaai/jina-embeddings-v3,1.0
por_Latn,rus_Cyrl,jinaai/jina-embeddings-v3,1.0
deu_Latn,vie_Latn,jinaai/jina-embeddings-v5-text-small,1.0
srp_Cyrl,slk_Latn,jinaai/jina-embeddings-v3,1.0
deu_Latn,zho_Hans,jinaai/jina-embeddings-v5-text-small,1.0
swe_Latn,fra_Latn,jinaai/jina-embeddings-v5-text-nano,1.0
ukr_Cyrl,swe_Latn,jinaai/jina-embeddings-v3,1.0
ukr_Cyrl,rus_Cyrl,jinaai/jina-embeddings-v3,1.0
ukr_Cyrl,ron_Latn,jinaai/jina-embeddings-v3,1.0
ell_Grek,bel_Cyrl,jinaai/jina-embeddings-v3,1.0
ukr_Cyrl,por_Latn,jinaai/jina-embeddings-v3,1.0
ell_Grek,dan_Latn,jinaai/jina-embeddings-v5-text-small,1.0
ell_Grek,deu_Latn,jinaai/jina-embeddings-v5-text-small,1.0
ell_Grek,eng_Latn,jinaai/jina-embeddings-v5-text-small,1.0
heb_Hebr,kor_Hang,jinaai/jina-embeddings-v3,1.0
ell_Grek,fra_Latn,jinaai/jina-embeddings-v3,1.0
ukr_Cyrl,pol_Latn,jinaai/jina-embeddings-v3,1.0
swe_Latn,eng_Latn,jinaai/jina-embeddings-v3,1.0
ell_Grek,glg_Latn,jinaai/jina-embeddings-v3,1.0
eng_Latn,ukr_Cyrl,jinaai/jina-embeddings-v3,1.0
pol_Latn,rus_Cyrl,jinaai/jina-embeddings-v3,1.0
pol_Latn,ron_Latn,jinaai/jina-embeddings-v3,1.0
ukr_Cyrl,eng_Latn,jinaai/jina-embeddings-v3,1.0
ell_Grek,ind_Latn,jinaai/jina-embeddings-v5-text-small,1.0
ell_Grek,ita_Latn,jinaai/jina-embeddings-v3,1.0
eng_Latn,tur_Latn,jinaai/jina-embeddings-v3,1.0
pol_Latn,por_Latn,jinaai/jina-embeddings-v5-text-nano,1.0
heb_Hebr,hin_Deva,jinaai/jina-embeddings-v3,1.0
heb_Hebr,eng_Latn,jinaai/jina-embeddings-v3,1.0
heb_Hebr,deu_Latn,jinaai/jina-embeddings-v3,1.0
ukr_Cyrl,vie_Latn,jinaai/jina-embeddings-v3,1.0
eng_Latn,zho_Hans,jinaai/jina-embeddings-v5-text-small,1.0
heb_Hebr,ces_Latn,jinaai/jina-embeddings-v3,1.0
deu_Latn,ukr_Cyrl,jinaai/jina-embeddings-v3,1.0
deu_Latn,hin_Deva,jinaai/jina-embeddings-v3,1.0
hin_Deva,eng_Latn,jinaai/jina-embeddings-v3,1.0
deu_Latn,ita_Latn,jinaai/jina-embeddings-v3,1.0
hin_Deva,dan_Latn,jinaai/jina-embeddings-v3,1.0
deu_Latn,jpn_Jpan,jinaai/jina-embeddings-v5-text-small,1.0
epo_Latn,deu_Latn,jinaai/jina-embeddings-v3,1.0
srp_Cyrl,ron_Latn,jinaai/jina-embeddings-v3,1.0
deu_Latn,lvs_Latn,jinaai/jina-embeddings-v3,1.0
epo_Latn,dan_Latn,jinaai/jina-embeddings-v3,1.0
heb_Hebr,tur_Latn,jinaai/jina-embeddings-v3,1.0
deu_Latn,nld_Latn,jinaai/jina-embeddings-v3,1.0
epo_Latn,als_Latn,jinaai/jina-embeddings-v3,1.0
swe_Latn,hrv_Latn,jinaai/jina-embeddings-v3,1.0
pol_Latn,swe_Latn,jinaai/jina-embeddings-v3,1.0
eng_Latn,zsm_Latn,jinaai/jina-embeddings-v3,1.0
deu_Latn,pol_Latn,jinaai/jina-embeddings-v5-text-nano,1.0
deu_Latn,por_Latn,jinaai/jina-embeddings-v3,1.0
deu_Latn,ron_Latn,jinaai/jina-embeddings-v3,1.0
deu_Latn,rus_Cyrl,jinaai/jina-embeddings-v5-text-nano,1.0
deu_Latn,slk_Latn,jinaai/jina-embeddings-v3,1.0
deu_Latn,slv_Latn,jinaai/jina-embeddings-v3,1.0
heb_Hebr,slk_Latn,jinaai/jina-embeddings-v3,1.0
deu_Latn,swe_Latn,jinaai/jina-embeddings-v3,1.0
srp_Cyrl,rus_Cyrl,jinaai/jina-embeddings-v3,1.0
deu_Latn,tha_Thai,jinaai/jina-embeddings-v5-text-nano,1.0
pol_Latn,slv_Latn,jinaai/jina-embeddings-v3,1.0
deu_Latn,tur_Latn,jinaai/jina-embeddings-v3,1.0
heb_Hebr,dan_Latn,jinaai/jina-embeddings-v3,1.0
heb_Hebr,cat_Latn,jinaai/jina-embeddings-v3,1.0
ces_Latn,dan_Latn,jinaai/jina-embeddings-v3,1.0
eng_Latn,hin_Deva,jinaai/jina-embeddings-v3,1.0
pol_Latn,fra_Latn,jinaai/jina-embeddings-v3,1.0
eng_Latn,ind_Latn,jinaai/jina-embeddings-v5-text-nano,1.0
eng_Latn,ita_Latn,jinaai/jina-embeddings-v3,1.0
swe_Latn,deu_Latn,jinaai/jina-embeddings-v3,1.0
eng_Latn,jpn_Jpan,jinaai/jina-embeddings-v3,1.0
tur_Latn,jpn_Jpan,jinaai/jina-embeddings-v3,1.0
tur_Latn,ita_Latn,jinaai/jina-embeddings-v3,1.0
slk_Latn,lvs_Latn,jinaai/jina-embeddings-v3,1.0
pol_Latn,eng_Latn,jinaai/jina-embeddings-v3,1.0
pol_Latn,deu_Latn,jinaai/jina-embeddings-v3,1.0
eng_Latn,kor_Hang,jinaai/jina-embeddings-v5-text-nano,1.0
pol_Latn,dan_Latn,jinaai/jina-embeddings-v3,1.0
pol_Latn,ces_Latn,jinaai/jina-embeddings-v3,1.0
tur_Latn,fra_Latn,jinaai/jina-embeddings-v5-text-nano,1.0
eng_Latn,lvs_Latn,jinaai/jina-embeddings-v3,1.0
tur_Latn,eng_Latn,jinaai/jina-embeddings-v3,1.0
eng_Latn,nld_Latn,jinaai/jina-embeddings-v3,1.0
eng_Latn,swe_Latn,jinaai/jina-embeddings-v3,1.0
eng_Latn,pol_Latn,jinaai/jina-embeddings-v3,1.0
eng_Latn,por_Latn,jinaai/jina-embeddings-v3,1.0
eng_Latn,prs_Arab,jinaai/jina-embeddings-v3,1.0
eng_Latn,ron_Latn,jinaai/jina-embeddings-v3,1.0
slk_Latn,hun_Latn,jinaai/jina-embeddings-v3,1.0
eng_Latn,rus_Cyrl,jinaai/jina-embeddings-v3,1.0
slk_Latn,ind_Latn,jinaai/jina-embeddings-v5-text-nano,1.0
eng_Latn,slk_Latn,jinaai/jina-embeddings-v3,1.0
slk_Latn,ita_Latn,jinaai/jina-embeddings-v5-text-nano,1.0
eng_Latn,hye_Armn,jinaai/jina-embeddings-v3,1.0
eng_Latn,heb_Hebr,jinaai/jina-embeddings-v3,1.0
ell_Grek,pol_Latn,jinaai/jina-embeddings-v3,1.0
srp_Cyrl,vie_Latn,jinaai/jina-embeddings-v3,1.0
ell_Grek,por_Latn,jinaai/jina-embeddings-v3,1.0
ell_Grek,ron_Latn,jinaai/jina-embeddings-v3,1.0
ell_Grek,rus_Cyrl,jinaai/jina-embeddings-v5-text-nano,1.0
pol_Latn,mkd_Cyrl,jinaai/jina-embeddings-v3,1.0
slk_Latn,nld_Latn,jinaai/jina-embeddings-v5-text-nano,1.0
slk_Latn,hin_Deva,jinaai/jina-embeddings-v3,1.0
pol_Latn,jpn_Jpan,jinaai/jina-embeddings-v3,1.0
ell_Grek,swe_Latn,jinaai/jina-embeddings-v3,1.0
srp_Cyrl,swe_Latn,jinaai/jina-embeddings-v3,1.0
pol_Latn,ita_Latn,jinaai/jina-embeddings-v3,1.0
eng_Latn,tha_Thai,jinaai/jina-embeddings-v5-text-nano,1.0
ell_Grek,ukr_Cyrl,jinaai/jina-embeddings-v3,1.0
ell_Grek,zsm_Latn,jinaai/jina-embeddings-v5-text-nano,1.0
srp_Cyrl,tur_Latn,jinaai/jina-embeddings-v3,1.0
eng_Latn,arb_Arab,jinaai/jina-embeddings-v5-text-nano,1.0
eng_Latn,ars_Arab,jinaai/jina-embeddings-v5-text-nano,1.0
eng_Latn,bul_Cyrl,jinaai/jina-embeddings-v3,1.0
eng_Latn,cat_Latn,jinaai/jina-embeddings-v3,1.0
eng_Latn,ces_Latn,jinaai/jina-embeddings-v3,1.0
eng_Latn,dan_Latn,jinaai/jina-embeddings-v3,1.0
eng_Latn,deu_Latn,jinaai/jina-embeddings-v3,1.0
eng_Latn,est_Latn,jinaai/jina-embeddings-v3,1.0
tur_Latn,swe_Latn,jinaai/jina-embeddings-v5-text-nano,1.0
eng_Latn,fra_Latn,jinaai/jina-embeddings-v5-text-nano,1.0
tur_Latn,slk_Latn,jinaai/jina-embeddings-v3,1.0
eng_Latn,glg_Latn,jinaai/jina-embeddings-v3,1.0
tur_Latn,ron_Latn,jinaai/jina-embeddings-v5-text-nano,1.0
deu_Latn,glg_Latn,jinaai/jina-embeddings-v3,1.0
deu_Latn,fra_Latn,jinaai/jina-embeddings-v3,1.0
swe_Latn,ind_Latn,jinaai/jina-embeddings-v5-text-small,1.0
ces_Latn,srp_Cyrl,jinaai/jina-embeddings-v5-text-small,1.0
srp_Cyrl,heb_Hebr,jinaai/jina-embeddings-v3,1.0
ces_Latn,tha_Thai,jinaai/jina-embeddings-v3,1.0
ces_Latn,tur_Latn,jinaai/jina-embeddings-v3,1.0
ces_Latn,ukr_Cyrl,jinaai/jina-embeddings-v5-text-nano,1.0
hrv_Latn,swe_Latn,jinaai/jina-embeddings-v3,1.0
ces_Latn,vie_Latn,jinaai/jina-embeddings-v3,1.0
hrv_Latn,srp_Cyrl,jinaai/jina-embeddings-v5-text-small,1.0
por_Latn,fra_Latn,jinaai/jina-embeddings-v3,1.0
ces_Latn,zsm_Latn,jinaai/jina-embeddings-v3,1.0
hrv_Latn,rus_Cyrl,jinaai/jina-embeddings-v3,1.0
hrv_Latn,ron_Latn,jinaai/jina-embeddings-v3,1.0
hrv_Latn,por_Latn,jinaai/jina-embeddings-v3,1.0
hrv_Latn,pol_Latn,jinaai/jina-embeddings-v3,1.0
epo_Latn,srp_Cyrl,intfloat/multilingual-e5-large,1.0
por_Latn,epo_Latn,jinaai/jina-embeddings-v3,1.0
slk_Latn,ron_Latn,jinaai/jina-embeddings-v3,1.0
swe_Latn,ron_Latn,jinaai/jina-embeddings-v3,1.0
hrv_Latn,jpn_Jpan,jinaai/jina-embeddings-v3,1.0
por_Latn,eng_Latn,jinaai/jina-embeddings-v3,1.0
hrv_Latn,glg_Latn,jinaai/jina-embeddings-v3,1.0
hrv_Latn,fra_Latn,jinaai/jina-embeddings-v3,1.0
epo_Latn,nld_Latn,jinaai/jina-embeddings-v3,1.0
swe_Latn,por_Latn,jinaai/jina-embeddings-v3,1.0
hrv_Latn,eng_Latn,jinaai/jina-embeddings-v3,1.0
hrv_Latn,ell_Grek,jinaai/jina-embeddings-v3,1.0
hrv_Latn,deu_Latn,jinaai/jina-embeddings-v3,1.0
por_Latn,deu_Latn,jinaai/jina-embeddings-v3,1.0
ces_Latn,swe_Latn,jinaai/jina-embeddings-v3,1.0
por_Latn,ind_Latn,jinaai/jina-embeddings-v5-text-small,1.0
deu_Latn,est_Latn,jinaai/jina-embeddings-v3,1.0
por_Latn,ita_Latn,jinaai/jina-embeddings-v3,1.0
ces_Latn,deu_Latn,jinaai/jina-embeddings-v3,1.0
ces_Latn,ell_Grek,jinaai/jina-embeddings-v3,1.0
ces_Latn,eng_Latn,jinaai/jina-embeddings-v3,1.0
ces_Latn,epo_Latn,jinaai/jina-embeddings-v3,1.0
ces_Latn,fra_Latn,jinaai/jina-embeddings-v3,1.0
guj_Gujr,tur_Latn,jinaai/jina-embeddings-v3,1.0
por_Latn,ron_Latn,jinaai/jina-embeddings-v3,1.0
ces_Latn,glg_Latn,jinaai/jina-embeddings-v3,1.0
por_Latn,pol_Latn,jinaai/jina-embeddings-v3,1.0
srp_Cyrl,fra_Latn,jinaai/jina-embeddings-v3,1.0
ces_Latn,ind_Latn,jinaai/jina-embeddings-v5-text-small,1.0
ces_Latn,ita_Latn,jinaai/jina-embeddings-v3,1.0
por_Latn,nld_Latn,jinaai/jina-embeddings-v3,1.0
hun_Latn,fra_Latn,jinaai/jina-embeddings-v5-text-small,1.0
por_Latn,lvs_Latn,jinaai/jina-embeddings-v3,1.0
epo_Latn,tgl_Latn,intfloat/multilingual-e5-large,1.0
ces_Latn,nld_Latn,jinaai/jina-embeddings-v3,1.0
hun_Latn,deu_Latn,jinaai/jina-embeddings-v3,1.0
slk_Latn,fra_Latn,jinaai/jina-embeddings-v5-text-nano,1.0
hun_Latn,ces_Latn,jinaai/jina-embeddings-v3,1.0
hun_Latn,als_Latn,jinaai/jina-embeddings-v3,1.0
ces_Latn,pol_Latn,jinaai/jina-embeddings-v3,1.0
ces_Latn,por_Latn,jinaai/jina-embeddings-v3,1.0
ces_Latn,ron_Latn,jinaai/jina-embeddings-v3,1.0
ces_Latn,rus_Cyrl,jinaai/jina-embeddings-v3,1.0
ces_Latn,slk_Latn,jinaai/jina-embeddings-v3,1.0
ces_Latn,slv_Latn,jinaai/jina-embeddings-v3,1.0
swe_Latn,pol_Latn,jinaai/jina-embeddings-v3,1.0
swe_Latn,nld_Latn,jinaai/jina-embeddings-v5-text-nano,1.0
por_Latn,dan_Latn,jinaai/jina-embeddings-v5-text-nano,1.0
srp_Cyrl,ita_Latn,jinaai/jina-embeddings-v3,1.0
dan_Latn,lvs_Latn,jinaai/jina-embeddings-v3,1.0
dan_Latn,nld_Latn,jinaai/jina-embeddings-v3,1.0
hin_Deva,nld_Latn,jinaai/jina-embeddings-v3,1.0
srp_Cyrl,por_Latn,jinaai/jina-embeddings-v3,1.0
dan_Latn,pol_Latn,jinaai/jina-embeddings-v3,1.0
dan_Latn,por_Latn,jinaai/jina-embeddings-v5-text-nano,1.0
dan_Latn,ron_Latn,jinaai/jina-embeddings-v5-text-nano,1.0
dan_Latn,rus_Cyrl,jinaai/jina-embeddings-v3,1.0
dan_Latn,slk_Latn,jinaai/jina-embeddings-v3,1.0
dan_Latn,slv_Latn,jinaai/jina-embeddings-v3,1.0
hin_Deva,mai_Deva,jinaai/jina-embeddings-v5-text-small,1.0
dan_Latn,swe_Latn,jinaai/jina-embeddings-v3,1.0
swe_Latn,jpn_Jpan,jinaai/jina-embeddings-v3,1.0
hin_Deva,kor_Hang,jinaai/jina-embeddings-v3,1.0
dan_Latn,ukr_Cyrl,jinaai/jina-embeddings-v3,1.0
epo_Latn,heb_Hebr,jinaai/jina-embeddings-v3,1.0
swe_Latn,ita_Latn,jinaai/jina-embeddings-v3,1.0
dan_Latn,zsm_Latn,jinaai/jina-embeddings-v3,1.0
deu_Latn,als_Latn,jinaai/jina-embeddings-v3,1.0
hin_Deva,jpn_Jpan,jinaai/jina-embeddings-v3,1.0
hin_Deva,ita_Latn,jinaai/jina-embeddings-v3,1.0
deu_Latn,bel_Cyrl,jinaai/jina-embeddings-v3,1.0
deu_Latn,cat_Latn,jinaai/jina-embeddings-v3,1.0
deu_Latn,ces_Latn,jinaai/jina-embeddings-v3,1.0
hin_Deva,ind_Latn,jinaai/jina-embeddings-v5-text-nano,1.0
deu_Latn,dan_Latn,jinaai/jina-embeddings-v3,1.0
deu_Latn,eng_Latn,jinaai/jina-embeddings-v3,1.0
srp_Cyrl,pol_Latn,jinaai/jina-embeddings-v3,1.0
dan_Latn,kor_Hang,jinaai/jina-embeddings-v5-text-nano,1.0
hin_Deva,ron_Latn,jinaai/jina-embeddings-v3,1.0
dan_Latn,epo_Latn,intfloat/multilingual-e5-large,1.0
hrv_Latn,bel_Cyrl,jinaai/jina-embeddings-v3,1.0
slk_Latn,por_Latn,jinaai/jina-embeddings-v5-text-nano,1.0
por_Latn,ces_Latn,jinaai/jina-embeddings-v3,1.0
srp_Cyrl,nld_Latn,jinaai/jina-embeddings-v3,1.0
hin_Deva,vie_Latn,jinaai/jina-embeddings-v3,1.0
por_Latn,cat_Latn,jinaai/jina-embeddings-v3,1.0
dan_Latn,cat_Latn,jinaai/jina-embeddings-v3,1.0
dan_Latn,ces_Latn,jinaai/jina-embeddings-v3,1.0
hin_Deva,ukr_Cyrl,jinaai/jina-embeddings-v5-text-small,1.0
dan_Latn,deu_Latn,jinaai/jina-embeddings-v3,1.0
dan_Latn,ell_Grek,jinaai/jina-embeddings-v3,1.0
dan_Latn,eng_Latn,jinaai/jina-embeddings-v3,1.0
dan_Latn,est_Latn,jinaai/jina-embeddings-v3,1.0
hin_Deva,rus_Cyrl,jinaai/jina-embeddings-v3,1.0
dan_Latn,fra_Latn,jinaai/jina-embeddings-v5-text-nano,1.0
dan_Latn,glg_Latn,jinaai/jina-embeddings-v3,1.0
por_Latn,bel_Cyrl,jinaai/jina-embeddings-v3,1.0
dan_Latn,heb_Hebr,jinaai/jina-embeddings-v3,1.0
dan_Latn,hin_Deva,jinaai/jina-embeddings-v3,1.0
hin_Deva,swe_Latn,jinaai/jina-embeddings-v3,1.0
dan_Latn,hun_Latn,jinaai/jina-embeddings-v5-text-small,1.0
hin_Deva,srp_Cyrl,jinaai/jina-embeddings-v5-text-nano,1.0
dan_Latn,ind_Latn,jinaai/jina-embeddings-v5-text-small,1.0
dan_Latn,ita_Latn,jinaai/jina-embeddings-v5-text-nano,1.0
dan_Latn,jpn_Jpan,jinaai/jina-embeddings-v3,1.0
hin_Deva,slk_Latn,jinaai/jina-embeddings-v5-text-nano,1.0
mkd_Cyrl,slk_Latn,jinaai/jina-embeddings-v3,1.0
ben_Beng,ukr_Cyrl,jinaai/jina-embeddings-v3,1.0
fra_Latn,heb_Hebr,jinaai/jina-embeddings-v3,1.0
afr_Latn,heb_Hebr,jinaai/jina-embeddings-v3,1.0
rus_Cyrl,tha_Thai,jinaai/jina-embeddings-v5-text-nano,1.0
fra_Latn,zsm_Latn,intfloat/multilingual-e5-large,1.0
kor_Hang,swe_Latn,jinaai/jina-embeddings-v5-text-nano,1.0
mkd_Cyrl,deu_Latn,jinaai/jina-embeddings-v3,1.0
mkd_Cyrl,dan_Latn,jinaai/jina-embeddings-v3,1.0
mkd_Cyrl,ces_Latn,jinaai/jina-embeddings-v3,1.0
afr_Latn,ita_Latn,jinaai/jina-embeddings-v3,1.0
fra_Latn,glg_Latn,jinaai/jina-embeddings-v3,1.0
fra_Latn,nld_Latn,jinaai/jina-embeddings-v5-text-nano,1.0
arb_Arab,kor_Hang,jinaai/jina-embeddings-v5-text-small,1.0
rus_Cyrl,tur_Latn,jinaai/jina-embeddings-v5-text-nano,1.0
rus_Cyrl,slk_Latn,jinaai/jina-embeddings-v3,1.0
rus_Cyrl,ukr_Cyrl,jinaai/jina-embeddings-v3,1.0
zsm_Latn,ukr_Cyrl,jinaai/jina-embeddings-v5-text-nano,1.0
kir_Cyrl,als_Latn,jinaai/jina-embeddings-v3,1.0
fra_Latn,swe_Latn,jinaai/jina-embeddings-v3,1.0
afr_Latn,lvs_Latn,jinaai/jina-embeddings-v3,1.0
ars_Arab,ita_Latn,jinaai/jina-embeddings-v3,1.0
fra_Latn,eng_Latn,jinaai/jina-embeddings-v3,1.0
mkd_Cyrl,eng_Latn,jinaai/jina-embeddings-v3,1.0
ars_Arab,por_Latn,jinaai/jina-embeddings-v3,1.0
kor_Hang,dan_Latn,jinaai/jina-embeddings-v3,1.0
kor_Hang,rus_Cyrl,jinaai/jina-embeddings-v3,1.0
kor_Hang,eng_Latn,jinaai/jina-embeddings-v3,1.0
zsm_Latn,ron_Latn,jinaai/jina-embeddings-v3,1.0
ars_Arab,swe_Latn,jinaai/jina-embeddings-v5-text-small,1.0
zsm_Latn,rus_Cyrl,jinaai/jina-embeddings-v3,1.0
arb_Arab,ind_Latn,jinaai/jina-embeddings-v5-text-nano,1.0
fra_Latn,vie_Latn,jinaai/jina-embeddings-v3,1.0
rus_Cyrl,swe_Latn,jinaai/jina-embeddings-v3,1.0
afr_Latn,cat_Latn,jinaai/jina-embeddings-v3,1.0
afr_Latn,ces_Latn,jinaai/jina-embeddings-v3,1.0
arb_Arab,ita_Latn,jinaai/jina-embeddings-v3,1.0
arb_Arab,jpn_Jpan,jinaai/jina-embeddings-v5-text-small,1.0
lvs_Latn,eng_Latn,jinaai/jina-embeddings-v3,1.0
afr_Latn,est_Latn,jinaai/jina-embeddings-v3,1.0
zsm_Latn,vie_Latn,jinaai/jina-embeddings-v5-text-nano,1.0
ars_Arab,rus_Cyrl,jinaai/jina-embeddings-v5-text-nano,1.0
kor_Hang,ron_Latn,jinaai/jina-embeddings-v3,1.0
ars_Arab,ron_Latn,jinaai/jina-embeddings-v3,1.0
afr_Latn,fra_Latn,jinaai/jina-embeddings-v3,1.0
lvs_Latn,als_Latn,jinaai/jina-embeddings-v3,1.0
mkd_Cyrl,ita_Latn,jinaai/jina-embeddings-v3,1.0
fra_Latn,ell_Grek,jinaai/jina-embeddings-v3,1.0
fra_Latn,deu_Latn,jinaai/jina-embeddings-v3,1.0
fra_Latn,dan_Latn,jinaai/jina-embeddings-v5-text-nano,1.0
fra_Latn,por_Latn,jinaai/jina-embeddings-v3,1.0
afr_Latn,swe_Latn,jinaai/jina-embeddings-v5-text-small,1.0
rus_Cyrl,pol_Latn,jinaai/jina-embeddings-v3,1.0
fra_Latn,ron_Latn,jinaai/jina-embeddings-v3,1.0
ars_Arab,ces_Latn,jinaai/jina-embeddings-v3,1.0
slk_Latn,swe_Latn,jinaai/jina-embeddings-v5-text-nano,1.0
zsm_Latn,swe_Latn,jinaai/jina-embeddings-v3,1.0
arb_Arab,tur_Latn,jinaai/jina-embeddings-v3,1.0
ars_Arab,bul_Cyrl,jinaai/jina-embeddings-v3,1.0
afr_Latn,tur_Latn,jinaai/jina-embeddings-v3,1.0
ars_Arab,bos_Latn,jinaai/jina-embeddings-v3,1.0
arb_Arab,ukr_Cyrl,jinaai/jina-embeddings-v5-text-small,1.0
fra_Latn,rus_Cyrl,jinaai/jina-embeddings-v3,1.0
arb_Arab,vie_Latn,jinaai/jina-embeddings-v5-text-small,1.0
als_Latn,tur_Latn,jinaai/jina-embeddings-v3,1.0
fra_Latn,arb_Arab,jinaai/jina-embeddings-v5-text-small,1.0
mkd_Cyrl,ind_Latn,jinaai/jina-embeddings-v3,1.0
als_Latn,eng_Latn,jinaai/jina-embeddings-v3,1.0
als_Latn,swe_Latn,jinaai/jina-embeddings-v3,1.0
fra_Latn,bul_Cyrl,jinaai/jina-embeddings-v3,1.0
afr_Latn,srp_Cyrl,jinaai/jina-embeddings-v3,1.0
rus_Cyrl,por_Latn,jinaai/jina-embeddings-v3,1.0
afr_Latn,por_Latn,jinaai/jina-embeddings-v3,1.0
arb_Arab,pol_Latn,jinaai/jina-embeddings-v3,1.0
fra_Latn,pol_Latn,jinaai/jina-embeddings-v3,1.0
arb_Arab,por_Latn,jinaai/jina-embeddings-v3,1.0
arb_Arab,ron_Latn,jinaai/jina-embeddings-v3,1.0
arb_Arab,rus_Cyrl,jinaai/jina-embeddings-v3,1.0
afr_Latn,pol_Latn,jinaai/jina-embeddings-v3,1.0
ars_Arab,hin_Deva,jinaai/jina-embeddings-v5-text-small,1.0
mar_Deva,ukr_Cyrl,jinaai/jina-embeddings-v3,1.0
afr_Latn,ron_Latn,jinaai/jina-embeddings-v3,1.0
fra_Latn,cat_Latn,jinaai/jina-embeddings-v3,1.0
fra_Latn,ces_Latn,jinaai/jina-embeddings-v3,1.0
afr_Latn,slk_Latn,jinaai/jina-embeddings-v3,1.0
fra_Latn,slk_Latn,jinaai/jina-embeddings-v3,1.0
rus_Cyrl,zho_Hans,jinaai/jina-embeddings-v5-text-nano,1.0
mar_Deva,rus_Cyrl,jinaai/jina-embeddings-v3,1.0
mar_Deva,ron_Latn,jinaai/jina-embeddings-v3,1.0
ars_Arab,eng_Latn,jinaai/jina-embeddings-v5-text-nano,1.0
rus_Cyrl,ron_Latn,jinaai/jina-embeddings-v3,1.0
afr_Latn,bos_Latn,jinaai/jina-embeddings-v3,1.0
arb_Arab,zho_Hans,jinaai/jina-embeddings-v5-text-nano,1.0
mkd_Cyrl,pol_Latn,jinaai/jina-embeddings-v3,1.0
arb_Arab,cat_Latn,jinaai/jina-embeddings-v3,1.0
fra_Latn,tur_Latn,jinaai/jina-embeddings-v5-text-nano,1.0
ars_Arab,zho_Hans,jinaai/jina-embeddings-v5-text-nano,1.0
fra_Latn,ita_Latn,jinaai/jina-embeddings-v3,1.0
slk_Latn,srp_Cyrl,jinaai/jina-embeddings-v5-text-nano,1.0
arb_Arab,glg_Latn,jinaai/jina-embeddings-v3,1.0
arb_Arab,bos_Latn,jinaai/jina-embeddings-v3,1.0
ars_Arab,vie_Latn,jinaai/jina-embeddings-v5-text-small,1.0
ars_Arab,tur_Latn,jinaai/jina-embeddings-v3,1.0
kor_Hang,ces_Latn,jinaai/jina-embeddings-v5-text-nano,1.0
mkd_Cyrl,hrv_Latn,jinaai/jina-embeddings-v3,1.0
zsm_Latn,por_Latn,jinaai/jina-embeddings-v3,1.0
slk_Latn,ukr_Cyrl,jinaai/jina-embeddings-v3,1.0
arb_Arab,ces_Latn,jinaai/jina-embeddings-v5-text-small,1.0
arb_Arab,eng_Latn,jinaai/jina-embeddings-v5-text-nano,1.0
arb_Arab,bel_Cyrl,jinaai/jina-embeddings-v3,1.0
slk_Latn,tur_Latn,jinaai/jina-embeddings-v3,1.0
fra_Latn,kor_Hang,jinaai/jina-embeddings-v5-text-small,1.0
arb_Arab,hin_Deva,jinaai/jina-embeddings-v5-text-small,1.0
lvs_Latn,tur_Latn,jinaai/jina-embeddings-v3,1.0
fra_Latn,jpn_Jpan,jinaai/jina-embeddings-v5-text-nano,1.0
fra_Latn,ukr_Cyrl,jinaai/jina-embeddings-v5-text-nano,1.0
bos_Latn,ron_Latn,jinaai/jina-embeddings-v3,0.9995059288537548
ces_Latn,lvs_Latn,jinaai/jina-embeddings-v3,0.9995059288537548
slv_Latn,ita_Latn,jinaai/jina-embeddings-v3,0.9995059288537548
bos_Latn,nld_Latn,jinaai/jina-embeddings-v3,0.9995059288537548
bos_Latn,mkd_Cyrl,jinaai/jina-embeddings-v3,0.9995059288537548
ben_Beng,tur_Latn,jinaai/jina-embeddings-v3,0.9995059288537548
slv_Latn,jpn_Jpan,jinaai/jina-embeddings-v3,0.9995059288537548
arb_Arab,slk_Latn,jinaai/jina-embeddings-v5-text-small,0.9995059288537548
est_Latn,tur_Latn,jinaai/jina-embeddings-v3,0.9995059288537548
hun_Latn,dan_Latn,jinaai/jina-embeddings-v3,0.9995059288537548
hun_Latn,bel_Cyrl,jinaai/jina-embeddings-v3,0.9995059288537548
ita_Latn,lvs_Latn,jinaai/jina-embeddings-v3,0.9995059288537548
por_Latn,jpn_Jpan,jinaai/jina-embeddings-v3,0.9995059288537548
ind_Latn,lvs_Latn,jinaai/jina-embeddings-v3,0.9995059288537548
hun_Latn,hrv_Latn,jinaai/jina-embeddings-v3,0.9995059288537548
guj_Gujr,mag_Deva,intfloat/multilingual-e5-large,0.9995059288537548
ben_Beng,srp_Cyrl,jinaai/jina-embeddings-v3,0.9995059288537548
ces_Latn,hin_Deva,jinaai/jina-embeddings-v3,0.9995059288537548
mkd_Cyrl,als_Latn,intfloat/multilingual-e5-large,0.9995059288537548
ces_Latn,hrv_Latn,jinaai/jina-embeddings-v3,0.9995059288537548
nld_Latn,bel_Cyrl,jinaai/jina-embeddings-v3,0.9995059288537548
bos_Latn,vie_Latn,jinaai/jina-embeddings-v3,0.9995059288537548
ben_Beng,slk_Latn,jinaai/jina-embeddings-v3,0.9995059288537548
bel_Cyrl,epo_Latn,intfloat/multilingual-e5-large,0.9995059288537548
mkd_Cyrl,afr_Latn,jinaai/jina-embeddings-v3,0.9995059288537548
bos_Latn,tgl_Latn,intfloat/multilingual-e5-large,0.9995059288537548
bel_Cyrl,deu_Latn,jinaai/jina-embeddings-v3,0.9995059288537548
bel_Cyrl,dan_Latn,jinaai/jina-embeddings-v3,0.9995059288537548
slv_Latn,ind_Latn,jinaai/jina-embeddings-v3,0.9995059288537548
ces_Latn,jpn_Jpan,jinaai/jina-embeddings-v5-text-small,0.9995059288537548
hun_Latn,ita_Latn,jinaai/jina-embeddings-v5-text-small,0.9995059288537548
ces_Latn,kor_Hang,jinaai/jina-embeddings-v3,0.9995059288537548
est_Latn,slk_Latn,jinaai/jina-embeddings-v3,0.9995059288537548
guj_Gujr,pan_Guru,jinaai/jina-embeddings-v3,0.9995059288537548
vie_Latn,jpn_Jpan,jinaai/jina-embeddings-v5-text-small,0.9995059288537548
ron_Latn,slv_Latn,jinaai/jina-embeddings-v3,0.9995059288537548
guj_Gujr,ukr_Cyrl,jinaai/jina-embeddings-v3,0.9995059288537548
arb_Arab,hun_Latn,jinaai/jina-embeddings-v3,0.9995059288537548
bos_Latn,lvs_Latn,jinaai/jina-embeddings-v3,0.9995059288537548
ind_Latn,kor_Hang,jinaai/jina-embeddings-v5-text-small,0.9995059288537548
srp_Cyrl,hrv_Latn,jinaai/jina-embeddings-v3,0.9995059288537548
arb_Arab,bul_Cyrl,jinaai/jina-embeddings-v3,0.9995059288537548
als_Latn,vie_Latn,jinaai/jina-embeddings-v3,0.9995059288537548
ind_Latn,fra_Latn,jinaai/jina-embeddings-v3,0.9995059288537548
guj_Gujr,zsm_Latn,jinaai/jina-embeddings-v3,0.9995059288537548
rus_Cyrl,epo_Latn,jinaai/jina-embeddings-v3,0.9995059288537548
epo_Latn,slv_Latn,jinaai/jina-embeddings-v3,0.9995059288537548
slv_Latn,mkd_Cyrl,jinaai/jina-embeddings-v3,0.9995059288537548
rus_Cyrl,est_Latn,jinaai/jina-embeddings-v3,0.9995059288537548
epo_Latn,slk_Latn,jinaai/jina-embeddings-v3,0.9995059288537548
epo_Latn,rus_Cyrl,jinaai/jina-embeddings-v3,0.9995059288537548
epo_Latn,ron_Latn,jinaai/jina-embeddings-v3,0.9995059288537548
epo_Latn,pol_Latn,jinaai/jina-embeddings-v3,0.9995059288537548
als_Latn,ukr_Cyrl,jinaai/jina-embeddings-v3,0.9995059288537548
arb_Arab,epo_Latn,jinaai/jina-embeddings-v3,0.9995059288537548
ind_Latn,ces_Latn,jinaai/jina-embeddings-v5-text-nano,0.9995059288537548
arb_Arab,deu_Latn,jinaai/jina-embeddings-v3,0.9995059288537548
hrv_Latn,epo_Latn,jinaai/jina-embeddings-v3,0.9995059288537548
arb_Arab,dan_Latn,jinaai/jina-embeddings-v5-text-small,0.9995059288537548
arb_Arab,ben_Beng,jinaai/jina-embeddings-v5-text-small,0.9995059288537548
bos_Latn,est_Latn,jinaai/jina-embeddings-v3,0.9995059288537548
epo_Latn,swe_Latn,jinaai/jina-embeddings-v3,0.9995059288537548
arb_Arab,swe_Latn,jinaai/jina-embeddings-v5-text-nano,0.9995059288537548
vie_Latn,zho_Hans,jinaai/jina-embeddings-v5-text-small,0.9995059288537548
por_Latn,heb_Hebr,jinaai/jina-embeddings-v3,0.9995059288537548
hrv_Latn,zsm_Latn,jinaai/jina-embeddings-v3,0.9995059288537548
hrv_Latn,vie_Latn,jinaai/jina-embeddings-v3,0.9995059288537548
bos_Latn,kor_Hang,jinaai/jina-embeddings-v3,0.9995059288537548
ces_Latn,heb_Hebr,jinaai/jina-embeddings-v3,0.9995059288537548
arb_Arab,srp_Cyrl,jinaai/jina-embeddings-v3,0.9995059288537548
hrv_Latn,tur_Latn,jinaai/jina-embeddings-v3,0.9995059288537548
eus_Latn,por_Latn,jinaai/jina-embeddings-v3,0.9995059288537548
eus_Latn,rus_Cyrl,jinaai/jina-embeddings-v3,0.9995059288537548
mkd_Cyrl,nld_Latn,jinaai/jina-embeddings-v3,0.9995059288537548
bos_Latn,ind_Latn,jinaai/jina-embeddings-v3,0.9995059288537548
arb_Arab,afr_Latn,jinaai/jina-embeddings-v3,0.9995059288537548
ben_Beng,zsm_Latn,jinaai/jina-embeddings-v3,0.9995059288537548
bos_Latn,hin_Deva,jinaai/jina-embeddings-v3,0.9995059288537548
hrv_Latn,slk_Latn,jinaai/jina-embeddings-v3,0.9995059288537548
arb_Arab,als_Latn,jinaai/jina-embeddings-v3,0.9995059288537548
mkd_Cyrl,hun_Latn,jinaai/jina-embeddings-v3,0.9995059288537548
bel_Cyrl,glg_Latn,jinaai/jina-embeddings-v3,0.9995059288537548
ben_Beng,ron_Latn,jinaai/jina-embeddings-v3,0.9995059288537548
ben_Beng,rus_Cyrl,jinaai/jina-embeddings-v3,0.9995059288537548
fra_Latn,slv_Latn,jinaai/jina-embeddings-v3,0.9995059288537548
kor_Hang,nld_Latn,jinaai/jina-embeddings-v5-text-nano,0.9995059288537548
ind_Latn,srp_Cyrl,jinaai/jina-embeddings-v3,0.9995059288537548
cat_Latn,deu_Latn,jinaai/jina-embeddings-v3,0.9995059288537548
kor_Hang,afr_Latn,jinaai/jina-embeddings-v3,0.9995059288537548
cat_Latn,fra_Latn,jinaai/jina-embeddings-v3,0.9995059288537548
cat_Latn,heb_Hebr,jinaai/jina-embeddings-v3,0.9995059288537548
kor_Hang,por_Latn,jinaai/jina-embeddings-v5-text-nano,0.9995059288537548
hye_Armn,swe_Latn,jinaai/jina-embeddings-v3,0.9995059288537548
mkd_Cyrl,heb_Hebr,jinaai/jina-embeddings-v3,0.9995059288537548
cat_Latn,ind_Latn,jinaai/jina-embeddings-v5-text-small,0.9995059288537548
bul_Cyrl,kor_Hang,jinaai/jina-embeddings-v5-text-small,0.9995059288537548
apc_Arab,dan_Latn,jinaai/jina-embeddings-v3,0.9995059288537548
mkd_Cyrl,ron_Latn,jinaai/jina-embeddings-v3,0.9995059288537548
guj_Gujr,srp_Cyrl,jinaai/jina-embeddings-v3,0.9995059288537548
eus_Latn,hin_Deva,jinaai/jina-embeddings-v3,0.9995059288537548
cat_Latn,mkd_Cyrl,jinaai/jina-embeddings-v5-text-small,0.9995059288537548
guj_Gujr,por_Latn,jinaai/jina-embeddings-v3,0.9995059288537548
cat_Latn,nld_Latn,jinaai/jina-embeddings-v3,0.9995059288537548
kor_Hang,slk_Latn,jinaai/jina-embeddings-v3,0.9995059288537548
est_Latn,ita_Latn,jinaai/jina-embeddings-v3,0.9995059288537548
slk_Latn,est_Latn,jinaai/jina-embeddings-v3,0.9995059288537548
nld_Latn,mkd_Cyrl,jinaai/jina-embeddings-v5-text-nano,0.9995059288537548
cat_Latn,ces_Latn,jinaai/jina-embeddings-v3,0.9995059288537548
hye_Armn,tur_Latn,jinaai/jina-embeddings-v3,0.9995059288537548
nld_Latn,pol_Latn,jinaai/jina-embeddings-v3,0.9995059288537548
arb_Arab,hrv_Latn,jinaai/jina-embeddings-v3,0.9995059288537548
nld_Latn,slk_Latn,jinaai/jina-embeddings-v3,0.9995059288537548
ben_Beng,hin_Deva,jinaai/jina-embeddings-v3,0.9995059288537548
ben_Beng,guj_Gujr,jinaai/jina-embeddings-v3,0.9995059288537548
rus_Cyrl,srp_Cyrl,jinaai/jina-embeddings-v3,0.9995059288537548
ben_Beng,ita_Latn,jinaai/jina-embeddings-v3,0.9995059288537548
kor_Hang,ind_Latn,jinaai/jina-embeddings-v3,0.9995059288537548
mkd_Cyrl,fra_Latn,jinaai/jina-embeddings-v3,0.9995059288537548
guj_Gujr,rus_Cyrl,jinaai/jina-embeddings-v3,0.9995059288537548
ben_Beng,ell_Grek,jinaai/jina-embeddings-v5-text-small,0.9995059288537548
zsm_Latn,pol_Latn,jinaai/jina-embeddings-v5-text-small,0.9995059288537548
nld_Latn,tha_Thai,jinaai/jina-embeddings-v5-text-small,0.9995059288537548
fra_Latn,zho_Hans,jinaai/jina-embeddings-v5-text-small,0.9995059288537548
kor_Hang,lvs_Latn,jinaai/jina-embeddings-v3,0.9995059288537548
est_Latn,lvs_Latn,jinaai/jina-embeddings-v3,0.9995059288537548
nld_Latn,ukr_Cyrl,jinaai/jina-embeddings-v5-text-nano,0.9995059288537548
ron_Latn,srp_Cyrl,jinaai/jina-embeddings-v3,0.9995059288537548
bul_Cyrl,vie_Latn,jinaai/jina-embeddings-v3,0.9995059288537548
bul_Cyrl,nld_Latn,jinaai/jina-embeddings-v3,0.9995059288537548
nld_Latn,vie_Latn,jinaai/jina-embeddings-v3,0.9995059288537548
nld_Latn,hin_Deva,jinaai/jina-embeddings-v5-text-small,0.9995059288537548
cat_Latn,por_Latn,jinaai/jina-embeddings-v3,0.9995059288537548
hrv_Latn,dan_Latn,jinaai/jina-embeddings-v5-text-nano,0.9995059288537548
hun_Latn,lvs_Latn,jinaai/jina-embeddings-v3,0.9995059288537548
hun_Latn,pol_Latn,jinaai/jina-embeddings-v3,0.9995059288537548
ita_Latn,ell_Grek,jinaai/jina-embeddings-v5-text-nano,0.9995059288537548
apc_Arab,ron_Latn,jinaai/jina-embeddings-v5-text-nano,0.9995059288537548
por_Latn,srp_Cyrl,jinaai/jina-embeddings-v3,0.9995059288537548
arb_Arab,mkd_Cyrl,jinaai/jina-embeddings-v3,0.9995059288537548
bul_Cyrl,afr_Latn,jinaai/jina-embeddings-v3,0.9995059288537548
mkd_Cyrl,bos_Latn,jinaai/jina-embeddings-v3,0.9995059288537548
eus_Latn,lvs_Latn,jinaai/jina-embeddings-v3,0.9995059288537548
est_Latn,dan_Latn,jinaai/jina-embeddings-v3,0.9995059288537548
ces_Latn,als_Latn,jinaai/jina-embeddings-v3,0.9995059288537548
hun_Latn,ron_Latn,jinaai/jina-embeddings-v3,0.9995059288537548
kor_Hang,zsm_Latn,jinaai/jina-embeddings-v3,0.9995059288537548
rus_Cyrl,vie_Latn,jinaai/jina-embeddings-v3,0.9995059288537548
slk_Latn,ell_Grek,jinaai/jina-embeddings-v3,0.9995059288537548
ron_Latn,zho_Hans,jinaai/jina-embeddings-v5-text-nano,0.9995059288537548
nld_Latn,cat_Latn,jinaai/jina-embeddings-v3,0.9995059288537548
fra_Latn,srp_Cyrl,jinaai/jina-embeddings-v3,0.9995059288537548
nld_Latn,slv_Latn,jinaai/jina-embeddings-v3,0.9995059288537548
ces_Latn,est_Latn,jinaai/jina-embeddings-v3,0.9995059288537548
epo_Latn,zsm_Latn,jinaai/jina-embeddings-v3,0.9995059288537548
est_Latn,rus_Cyrl,jinaai/jina-embeddings-v3,0.9995059288537548
hun_Latn,rus_Cyrl,jinaai/jina-embeddings-v3,0.9995059288537548
nld_Latn,heb_Hebr,jinaai/jina-embeddings-v3,0.9995059288537548
por_Latn,zho_Hans,jinaai/jina-embeddings-v5-text-nano,0.9995059288537548
nld_Latn,glg_Latn,jinaai/jina-embeddings-v3,0.9995059288537548
ben_Beng,mar_Deva,jinaai/jina-embeddings-v3,0.9995059288537548
eus_Latn,ita_Latn,jinaai/jina-embeddings-v3,0.9995059288537548
bel_Cyrl,swe_Latn,jinaai/jina-embeddings-v3,0.9995059288537548
cat_Latn,srp_Cyrl,jinaai/jina-embeddings-v3,0.9995059288537548
bul_Cyrl,hin_Deva,jinaai/jina-embeddings-v3,0.9995059288537548
ind_Latn,ron_Latn,jinaai/jina-embeddings-v3,0.9995059288537548
ind_Latn,por_Latn,jinaai/jina-embeddings-v3,0.9995059288537548
cat_Latn,zsm_Latn,jinaai/jina-embeddings-v5-text-small,0.9995059288537548
est_Latn,por_Latn,jinaai/jina-embeddings-v3,0.9995059288537548
guj_Gujr,lvs_Latn,jinaai/jina-embeddings-v3,0.9995059288537548
hun_Latn,vie_Latn,jinaai/jina-embeddings-v3,0.9995059288537548
guj_Gujr,kor_Hang,jinaai/jina-embeddings-v3,0.9995059288537548
est_Latn,glg_Latn,jinaai/jina-embeddings-v3,0.9995059288537548
nld_Latn,epo_Latn,jinaai/jina-embeddings-v3,0.9995059288537548
hun_Latn,tur_Latn,jinaai/jina-embeddings-v3,0.9995059288537548
est_Latn,fra_Latn,jinaai/jina-embeddings-v3,0.9995059288537548
hun_Latn,slv_Latn,jinaai/jina-embeddings-v3,0.9995059288537548
est_Latn,epo_Latn,jinaai/jina-embeddings-v3,0.9995059288537548
bul_Cyrl,bel_Cyrl,jinaai/jina-embeddings-v3,0.9995059288537548
cat_Latn,jpn_Jpan,jinaai/jina-embeddings-v3,0.9995059288537548
est_Latn,swe_Latn,jinaai/jina-embeddings-v3,0.9995059288537548
als_Latn,srp_Cyrl,jinaai/jina-embeddings-v3,0.9995059288537548
afr_Latn,eng_Latn,jinaai/jina-embeddings-v3,0.9995059288537548
fra_Latn,hin_Deva,jinaai/jina-embeddings-v3,0.9995059288537548
ukr_Cyrl,tur_Latn,jinaai/jina-embeddings-v3,0.9995059288537548
kan_Knda,swe_Latn,jinaai/jina-embeddings-v3,0.9995059288537548
eng_Latn,vie_Latn,jinaai/jina-embeddings-v5-text-nano,0.9995059288537548
pol_Latn,slk_Latn,jinaai/jina-embeddings-v3,0.9995059288537548
kat_Geor,als_Latn,jinaai/jina-embeddings-v3,0.9995059288537548
ell_Grek,cat_Latn,jinaai/jina-embeddings-v5-text-small,0.9995059288537548
ell_Grek,ces_Latn,jinaai/jina-embeddings-v5-text-nano,0.9995059288537548
kat_Geor,lvs_Latn,jinaai/jina-embeddings-v3,0.9995059288537548
ell_Grek,epo_Latn,jinaai/jina-embeddings-v3,0.9995059288537548
afr_Latn,ell_Grek,jinaai/jina-embeddings-v3,0.9995059288537548
kan_Knda,ron_Latn,jinaai/jina-embeddings-v3,0.9995059288537548
ars_Arab,slk_Latn,jinaai/jina-embeddings-v3,0.9995059288537548
afr_Latn,dan_Latn,jinaai/jina-embeddings-v3,0.9995059288537548
kat_Geor,pol_Latn,jinaai/jina-embeddings-v3,0.9995059288537548
kat_Geor,slk_Latn,jinaai/jina-embeddings-v3,0.9995059288537548
swe_Latn,ell_Grek,jinaai/jina-embeddings-v3,0.9995059288537548
kat_Geor,swe_Latn,jinaai/jina-embeddings-v3,0.9995059288537548
ars_Arab,srp_Cyrl,jinaai/jina-embeddings-v5-text-nano,0.9995059288537548
glg_Latn,ind_Latn,jinaai/jina-embeddings-v3,0.9995059288537548
heb_Hebr,jpn_Jpan,jinaai/jina-embeddings-v3,0.9995059288537548
heb_Hebr,ita_Latn,jinaai/jina-embeddings-v3,0.9995059288537548
kan_Knda,rus_Cyrl,jinaai/jina-embeddings-v3,0.9995059288537548
deu_Latn,zsm_Latn,intfloat/multilingual-e5-large,0.9995059288537548
pol_Latn,ukr_Cyrl,jinaai/jina-embeddings-v5-text-nano,0.9995059288537548
deu_Latn,srp_Cyrl,jinaai/jina-embeddings-v3,0.9995059288537548
deu_Latn,ind_Latn,jinaai/jina-embeddings-v5-text-small,0.9995059288537548
slk_Latn,tha_Thai,jinaai/jina-embeddings-v5-text-nano,0.9995059288537548
sin_Sinh,slk_Latn,jinaai/jina-embeddings-v3,0.9995059288537548
ukr_Cyrl,zho_Hans,jinaai/jina-embeddings-v5-text-nano,0.9995059288537548
epo_Latn,fra_Latn,jinaai/jina-embeddings-v3,0.9995059288537548
epo_Latn,est_Latn,jinaai/jina-embeddings-v3,0.9995059288537548
epo_Latn,eng_Latn,jinaai/jina-embeddings-v3,0.9995059288537548
deu_Latn,mkd_Cyrl,jinaai/jina-embeddings-v5-text-nano,0.9995059288537548
ast_Latn,eng_Latn,jinaai/jina-embeddings-v3,0.9995059288537548
heb_Hebr,ukr_Cyrl,jinaai/jina-embeddings-v3,0.9995059288537548
glg_Latn,nld_Latn,jinaai/jina-embeddings-v3,0.9995059288537548
afr_Latn,glg_Latn,jinaai/jina-embeddings-v3,0.9995059288537548
afr_Latn,ind_Latn,jinaai/jina-embeddings-v5-text-small,0.9995059288537548
heb_Hebr,rus_Cyrl,jinaai/jina-embeddings-v3,0.9995059288537548
heb_Hebr,ron_Latn,jinaai/jina-embeddings-v3,0.9995059288537548
kan_Knda,als_Latn,jinaai/jina-embeddings-v3,0.9995059288537548
ars_Arab,pol_Latn,jinaai/jina-embeddings-v3,0.9995059288537548
heb_Hebr,por_Latn,jinaai/jina-embeddings-v3,0.9995059288537548
deu_Latn,tgl_Latn,intfloat/multilingual-e5-large,0.9995059288537548
afr_Latn,hrv_Latn,jinaai/jina-embeddings-v3,0.9995059288537548
afr_Latn,hin_Deva,jinaai/jina-embeddings-v3,0.9995059288537548
epo_Latn,lvs_Latn,jinaai/jina-embeddings-v3,0.9995059288537548
heb_Hebr,ind_Latn,jinaai/jina-embeddings-v3,0.9995059288537548
heb_Hebr,fra_Latn,jinaai/jina-embeddings-v3,0.9995059288537548
glg_Latn,hrv_Latn,jinaai/jina-embeddings-v3,0.9995059288537548
acm_Arab,rus_Cyrl,jinaai/jina-embeddings-v3,0.9995059288537548
tur_Latn,slv_Latn,jinaai/jina-embeddings-v3,0.9995059288537548
ars_Arab,zsm_Latn,jinaai/jina-embeddings-v5-text-small,0.9995059288537548
tur_Latn,rus_Cyrl,jinaai/jina-embeddings-v3,0.9995059288537548
lvs_Latn,vie_Latn,jinaai/jina-embeddings-v3,0.9995059288537548
srp_Cyrl,zho_Hans,jinaai/jina-embeddings-v3,0.9995059288537548
eng_Latn,hun_Latn,jinaai/jina-embeddings-v3,0.9995059288537548
tur_Latn,por_Latn,jinaai/jina-embeddings-v5-text-nano,0.9995059288537548
tur_Latn,pol_Latn,jinaai/jina-embeddings-v5-text-nano,0.9995059288537548
swe_Latn,vie_Latn,jinaai/jina-embeddings-v5-text-nano,0.9995059288537548
tur_Latn,nld_Latn,jinaai/jina-embeddings-v3,0.9995059288537548
acm_Arab,ron_Latn,jinaai/jina-embeddings-v3,0.9995059288537548
ell_Grek,nld_Latn,jinaai/jina-embeddings-v5-text-nano,0.9995059288537548
tur_Latn,ind_Latn,jinaai/jina-embeddings-v3,0.9995059288537548
eng_Latn,mkd_Cyrl,jinaai/jina-embeddings-v5-text-nano,0.9995059288537548
slk_Latn,hrv_Latn,jinaai/jina-embeddings-v3,0.9995059288537548
khm_Khmr,tur_Latn,jinaai/jina-embeddings-v3,0.9995059288537548
slk_Latn,vie_Latn,jinaai/jina-embeddings-v5-text-nano,0.9995059288537548
eng_Latn,srp_Cyrl,jinaai/jina-embeddings-v3,0.9995059288537548
lvs_Latn,zsm_Latn,jinaai/jina-embeddings-v3,0.9995059288537548
mkd_Cyrl,por_Latn,jinaai/jina-embeddings-v3,0.9995059288537548
eng_Latn,slv_Latn,jinaai/jina-embeddings-v3,0.9995059288537548
slk_Latn,kor_Hang,jinaai/jina-embeddings-v5-text-nano,0.9995059288537548
eng_Latn,epo_Latn,jinaai/jina-embeddings-v3,0.9995059288537548
eng_Latn,ell_Grek,jinaai/jina-embeddings-v3,0.9995059288537548
eng_Latn,ben_Beng,jinaai/jina-embeddings-v5-text-small,0.9995059288537548
eng_Latn,bel_Cyrl,jinaai/jina-embeddings-v3,0.9995059288537548
fra_Latn,hun_Latn,jinaai/jina-embeddings-v3,0.9995059288537548
pol_Latn,nld_Latn,jinaai/jina-embeddings-v3,0.9995059288537548
lvs_Latn,ita_Latn,jinaai/jina-embeddings-v5-text-nano,0.9995059288537548
afr_Latn,als_Latn,jinaai/jina-embeddings-v3,0.9995059288537548
pan_Guru,sin_Sinh,jinaai/jina-embeddings-v3,0.9995059288537548
ell_Grek,slk_Latn,jinaai/jina-embeddings-v3,0.9995059288537548
ars_Arab,ukr_Cyrl,jinaai/jina-embeddings-v3,0.9995059288537548
fra_Latn,ind_Latn,jinaai/jina-embeddings-v3,0.9995059288537548
sin_Sinh,tur_Latn,jinaai/jina-embeddings-v3,0.9995059288537548
ell_Grek,tur_Latn,jinaai/jina-embeddings-v3,0.9995059288537548
slv_Latn,als_Latn,jinaai/jina-embeddings-v3,0.9995059288537548
lvs_Latn,por_Latn,jinaai/jina-embeddings-v5-text-nano,0.9995059288537548
srp_Cyrl,tgl_Latn,intfloat/multilingual-e5-large,0.9995059288537548
lvs_Latn,ron_Latn,jinaai/jina-embeddings-v3,0.9995059288537548
lvs_Latn,rus_Cyrl,jinaai/jina-embeddings-v3,0.9995059288537548
eng_Latn,afr_Latn,jinaai/jina-embeddings-v3,0.9995059288537548
eng_Latn,als_Latn,jinaai/jina-embeddings-v3,0.9995059288537548
lvs_Latn,slk_Latn,jinaai/jina-embeddings-v3,0.9995059288537548
slk_Latn,mkd_Cyrl,jinaai/jina-embeddings-v5-text-nano,0.9995059288537548
srp_Cyrl,ukr_Cyrl,jinaai/jina-embeddings-v5-text-nano,0.9995059288537548
pol_Latn,glg_Latn,jinaai/jina-embeddings-v3,0.9995059288537548
pol_Latn,tur_Latn,jinaai/jina-embeddings-v5-text-nano,0.9995059288537548
swe_Latn,heb_Hebr,jinaai/jina-embeddings-v3,0.9995059288537548
jpn_Jpan,kor_Hang,jinaai/jina-embeddings-v5-text-nano,0.9995059288537548
afr_Latn,nld_Latn,jinaai/jina-embeddings-v3,0.9995059288537548
deu_Latn,ell_Grek,jinaai/jina-embeddings-v3,0.9995059288537548
jpn_Jpan,tur_Latn,jinaai/jina-embeddings-v3,0.9995059288537548
hin_Deva,tur_Latn,jinaai/jina-embeddings-v3,0.9995059288537548
hin_Deva,tha_Thai,jinaai/jina-embeddings-v3,0.9995059288537548
fra_Latn,epo_Latn,jinaai/jina-embeddings-v3,0.9995059288537548
ars_Arab,cat_Latn,jinaai/jina-embeddings-v3,0.9995059288537548
dan_Latn,srp_Cyrl,jinaai/jina-embeddings-v3,0.9995059288537548
ast_Latn,ukr_Cyrl,jinaai/jina-embeddings-v3,0.9995059288537548
jpn_Jpan,deu_Latn,jinaai/jina-embeddings-v5-text-small,0.9995059288537548
epo_Latn,glg_Latn,jinaai/jina-embeddings-v3,0.9995059288537548
pol_Latn,vie_Latn,jinaai/jina-embeddings-v3,0.9995059288537548
ars_Arab,dan_Latn,jinaai/jina-embeddings-v5-text-nano,0.9995059288537548
dan_Latn,tur_Latn,jinaai/jina-embeddings-v3,0.9995059288537548
ars_Arab,deu_Latn,jinaai/jina-embeddings-v3,0.9995059288537548
epo_Latn,hin_Deva,jinaai/jina-embeddings-v3,0.9995059288537548
hin_Deva,por_Latn,jinaai/jina-embeddings-v5-text-nano,0.9995059288537548
ars_Arab,ind_Latn,jinaai/jina-embeddings-v5-text-nano,0.9995059288537548
zho_Hant,zho_Hans,jinaai/jina-embeddings-v3,0.9995059288537548
por_Latn,als_Latn,jinaai/jina-embeddings-v3,0.9995059288537548
slk_Latn,pol_Latn,jinaai/jina-embeddings-v3,0.9995059288537548
ars_Arab,hun_Latn,jinaai/jina-embeddings-v3,0.9995059288537548
epo_Latn,hye_Armn,jinaai/jina-embeddings-v3,0.9995059288537548
dan_Latn,vie_Latn,jinaai/jina-embeddings-v3,0.9995059288537548
epo_Latn,ita_Latn,jinaai/jina-embeddings-v3,0.9995059288537548
zsm_Latn,kor_Hang,jinaai/jina-embeddings-v5-text-nano,0.9995059288537548
dan_Latn,mkd_Cyrl,jinaai/jina-embeddings-v5-text-nano,0.9995059288537548
hin_Deva,pan_Guru,jinaai/jina-embeddings-v3,0.9995059288537548
slv_Latn,tur_Latn,jinaai/jina-embeddings-v3,0.9995059288537548
jpn_Jpan,ukr_Cyrl,jinaai/jina-embeddings-v5-text-small,0.9995059288537548
zsm_Latn,lvs_Latn,jinaai/jina-embeddings-v3,0.9995059288537548
afr_Latn,rus_Cyrl,jinaai/jina-embeddings-v3,0.9995059288537548
afr_Latn,ukr_Cyrl,jinaai/jina-embeddings-v3,0.9995059288537548
ita_Latn,zho_Hans,jinaai/jina-embeddings-v5-text-small,0.9995059288537548
deu_Latn,hun_Latn,jinaai/jina-embeddings-v3,0.9995059288537548
deu_Latn,hrv_Latn,jinaai/jina-embeddings-v3,0.9995059288537548
glg_Latn,slk_Latn,jinaai/jina-embeddings-v3,0.9995059288537548
hin_Deva,mkd_Cyrl,jinaai/jina-embeddings-v3,0.9995059288537548
epo_Latn,kor_Hang,jinaai/jina-embeddings-v3,0.9995059288537548
jpn_Jpan,ind_Latn,jinaai/jina-embeddings-v5-text-small,0.9995059288537548
glg_Latn,slv_Latn,jinaai/jina-embeddings-v3,0.9995059288537548
arb_Arab,zsm_Latn,jinaai/jina-embeddings-v5-text-small,0.9995059288537548
hrv_Latn,ces_Latn,jinaai/jina-embeddings-v3,0.9995059288537548
deu_Latn,heb_Hebr,jinaai/jina-embeddings-v3,0.9995059288537548
ars_Arab,kor_Hang,jinaai/jina-embeddings-v5-text-small,0.9995059288537548
hin_Deva,mar_Deva,jinaai/jina-embeddings-v3,0.9995059288537548
swe_Latn,hun_Latn,jinaai/jina-embeddings-v3,0.9995059288537548
mkd_Cyrl,zsm_Latn,jinaai/jina-embeddings-v5-text-small,0.9995059288537548
afr_Latn,zsm_Latn,jinaai/jina-embeddings-v3,0.9995059288537548
swe_Latn,lvs_Latn,jinaai/jina-embeddings-v3,0.9995059288537548
ars_Arab,jpn_Jpan,jinaai/jina-embeddings-v5-text-small,0.9995059288537548
hrv_Latn,als_Latn,jinaai/jina-embeddings-v3,0.9995059288537548
hin_Deva,zsm_Latn,jinaai/jina-embeddings-v5-text-nano,0.9995059288537548
ars_Arab,ben_Beng,jinaai/jina-embeddings-v5-text-small,0.9995059288537548
hin_Deva,zho_Hans,jinaai/jina-embeddings-v5-text-nano,0.9995059288537548
dan_Latn,afr_Latn,jinaai/jina-embeddings-v3,0.9995059288537548
dan_Latn,als_Latn,jinaai/jina-embeddings-v3,0.9995059288537548
epo_Latn,jpn_Jpan,jinaai/jina-embeddings-v3,0.9995059288537548
rus_Cyrl,fra_Latn,jinaai/jina-embeddings-v3,0.9995059288537548
srp_Cyrl,slv_Latn,jinaai/jina-embeddings-v3,0.9993412384716732
kat_Geor,tur_Latn,jinaai/jina-embeddings-v3,0.9993412384716732
ell_Grek,kor_Hang,jinaai/jina-embeddings-v5-text-small,0.9993412384716732
afr_Latn,bul_Cyrl,jinaai/jina-embeddings-v5-text-small,0.9993412384716732
ceb_Latn,war_Latn,intfloat/multilingual-e5-large,0.9993412384716732
ars_Arab,tha_Thai,jinaai/jina-embeddings-v3,0.9993412384716732
hrv_Latn,ukr_Cyrl,jinaai/jina-embeddings-v3,0.9993412384716732
hrv_Latn,est_Latn,jinaai/jina-embeddings-v3,0.9993412384716732
ita_Latn,zho_Hant,jinaai/jina-embeddings-v5-text-small,0.9993412384716732
swe_Latn,zho_Hant,jinaai/jina-embeddings-v5-text-small,0.9993412384716732
srp_Cyrl,hun_Latn,jinaai/jina-embeddings-v3,0.9993412384716732
bos_Latn,heb_Hebr,jinaai/jina-embeddings-v3,0.9993412384716732
pol_Latn,cat_Latn,jinaai/jina-embeddings-v5-text-small,0.9993412384716732
epo_Latn,por_Latn,intfloat/multilingual-e5-large,0.9993412384716732
eng_Latn,fin_Latn,jinaai/jina-embeddings-v3,0.9993412384716732
rus_Cyrl,mkd_Cyrl,jinaai/jina-embeddings-v3,0.9993412384716732
apc_Arab,por_Latn,jinaai/jina-embeddings-v3,0.9993412384716732
kat_Geor,ron_Latn,jinaai/jina-embeddings-v3,0.9993412384716732
fra_Latn,tha_Thai,jinaai/jina-embeddings-v3,0.9993412384716732
rus_Cyrl,ell_Grek,jinaai/jina-embeddings-v3,0.9993412384716732
bul_Cyrl,heb_Hebr,jinaai/jina-embeddings-v3,0.9993412384716732
ind_Latn,slk_Latn,jinaai/jina-embeddings-v3,0.9993412384716732
glg_Latn,srp_Cyrl,jinaai/jina-embeddings-v3,0.9993412384716732
rus_Cyrl,zho_Hant,jinaai/jina-embeddings-v5-text-small,0.9993412384716732
pan_Guru,ron_Latn,jinaai/jina-embeddings-v5-text-small,0.9993412384716732
rus_Cyrl,hun_Latn,jinaai/jina-embeddings-v3,0.9993412384716732
por_Latn,zho_Hant,jinaai/jina-embeddings-v5-text-small,0.9993412384716732
dan_Latn,zho_Hant,jinaai/jina-embeddings-v5-text-small,0.9993412384716732
nld_Latn,zho_Hant,jinaai/jina-embeddings-v5-text-small,0.9993412384716732
ita_Latn,als_Latn,intfloat/multilingual-e5-large,0.9993412384716732
fra_Latn,zho_Hant,jinaai/jina-embeddings-v5-text-small,0.9993412384716732
por_Latn,tha_Thai,jinaai/jina-embeddings-v5-text-nano,0.9993412384716732
jpn_Jpan,zho_Hant,jinaai/jina-embeddings-v3,0.9993412384716732
bel_Cyrl,bul_Cyrl,jinaai/jina-embeddings-v3,0.9993412384716732
cat_Latn,hun_Latn,jinaai/jina-embeddings-v3,0.9993412384716732
deu_Latn,kor_Hang,jinaai/jina-embeddings-v5-text-nano,0.9993412384716732
lvs_Latn,dan_Latn,jinaai/jina-embeddings-v3,0.9993412384716732
fra_Latn,oci_Latn,jinaai/jina-embeddings-v5-text-small,0.9993412384716732
afr_Latn,deu_Latn,jinaai/jina-embeddings-v3,0.9993412384716732
est_Latn,eng_Latn,jinaai/jina-embeddings-v3,0.9993412384716732
ind_Latn,zho_Hant,jinaai/jina-embeddings-v5-text-small,0.9993412384716732
glg_Latn,lvs_Latn,jinaai/jina-embeddings-v3,0.9993412384716732
kat_Geor,por_Latn,jinaai/jina-embeddings-v3,0.9993412384716732
est_Latn,deu_Latn,jinaai/jina-embeddings-v3,0.9993412384716732
deu_Latn,hye_Armn,jinaai/jina-embeddings-v3,0.9993412384716732
hun_Latn,eng_Latn,jinaai/jina-embeddings-v3,0.9993412384716732
afr_Latn,slv_Latn,jinaai/jina-embeddings-v3,0.9992588932806324
fin_Latn,tur_Latn,jinaai/jina-embeddings-v3,0.9992588932806324
fin_Latn,ces_Latn,jinaai/jina-embeddings-v3,0.9992588932806324
lvs_Latn,swe_Latn,jinaai/jina-embeddings-v5-text-nano,0.9992588932806324
nno_Latn,deu_Latn,jinaai/jina-embeddings-v3,0.9992588932806324
bos_Latn,fin_Latn,jinaai/jina-embeddings-v3,0.9992588932806324
guj_Gujr,als_Latn,jinaai/jina-embeddings-v3,0.9992588932806324
dan_Latn,hrv_Latn,jinaai/jina-embeddings-v5-text-small,0.9992588932806324
guj_Gujr,jpn_Jpan,jinaai/jina-embeddings-v3,0.9992588932806324
arb_Arab,nld_Latn,jinaai/jina-embeddings-v5-text-small,0.9992588932806324
cat_Latn,hrv_Latn,jinaai/jina-embeddings-v3,0.9992588932806324
hye_Armn,rus_Cyrl,jinaai/jina-embeddings-v3,0.999209486166008
bos_Latn,slv_Latn,jinaai/jina-embeddings-v3,0.999209486166008
bel_Cyrl,mkd_Cyrl,jinaai/jina-embeddings-v3,0.999209486166008
slv_Latn,heb_Hebr,jinaai/jina-embeddings-v3,0.999209486166008
ron_Latn,sin_Sinh,jinaai/jina-embeddings-v3,0.999209486166008
heb_Hebr,mkd_Cyrl,jinaai/jina-embeddings-v3,0.999209486166008
sin_Sinh,als_Latn,jinaai/jina-embeddings-v3,0.999209486166008
fin_Latn,slk_Latn,jinaai/jina-embeddings-v3,0.999209486166008
epo_Latn,mar_Deva,jinaai/jina-embeddings-v3,0.9991765480895916
fin_Latn,eng_Latn,jinaai/jina-embeddings-v3,0.9991765480895916
apc_Arab,tha_Thai,jinaai/jina-embeddings-v3,0.9991530208921512
lvs_Latn,mkd_Cyrl,jinaai/jina-embeddings-v3,0.9991530208921512
ell_Grek,vie_Latn,jinaai/jina-embeddings-v5-text-small,0.9991530208921512
ars_Arab,fin_Latn,jinaai/jina-embeddings-v3,0.9991353754940712
deu_Latn,fin_Latn,jinaai/jina-embeddings-v3,0.9991216512955644
fin_Latn,deu_Latn,jinaai/jina-embeddings-v3,0.999110671936759
nno_Latn,swe_Latn,jinaai/jina-embeddings-v3,0.999087868653086
hrv_Latn,tgl_Latn,intfloat/multilingual-e5-large,0.999087868653086
deu_Latn,spa_Latn,intfloat/multilingual-e5-large,0.9990736166007904
fra_Latn,spa_Latn,intfloat/multilingual-e5-large,0.9990638651965884
mkd_Cyrl,est_Latn,jinaai/jina-embeddings-v3,0.9990612648221344
ron_Latn,spa_Latn,intfloat/multilingual-e5-large,0.9990589121023904
dan_Latn,nno_Latn,jinaai/jina-embeddings-v5-text-small,0.9990589121023904
eus_Latn,est_Latn,jinaai/jina-embeddings-v3,0.999054820415879
swe_Latn,spa_Latn,jinaai/jina-embeddings-v3,0.999049863180298
spa_Latn,epo_Latn,intfloat/multilingual-e5-large,0.9990484555701948
nno_Latn,eng_Latn,jinaai/jina-embeddings-v3,0.9990484555701948
hye_Armn,mkd_Cyrl,jinaai/jina-embeddings-v3,0.9990459315796648
kat_Geor,rus_Cyrl,jinaai/jina-embeddings-v3,0.999043733265332
nno_Latn,por_Latn,jinaai/jina-embeddings-v3,0.9990427371541502
bul_Cyrl,spa_Latn,jinaai/jina-embeddings-v3,0.9990418014133428
por_Latn,spa_Latn,jinaai/jina-embeddings-v3,0.9990409207161124
heb_Hebr,spa_Latn,jinaai/jina-embeddings-v3,0.9990400903444382
eng_Latn,spa_Latn,jinaai/jina-embeddings-v3,0.9990393061045236
nno_Latn,ron_Latn,jinaai/jina-embeddings-v3,0.9990378614520492
nno_Latn,vie_Latn,jinaai/jina-embeddings-v3,0.9990371946893686
tur_Latn,spa_Latn,jinaai/jina-embeddings-v3,0.9990371946893686
rus_Cyrl,spa_Latn,jinaai/jina-embeddings-v3,0.9990371946893686
nld_Latn,spa_Latn,jinaai/jina-embeddings-v3,0.99903538490495
nno_Latn,ita_Latn,jinaai/jina-embeddings-v3,0.9990348377608236
ces_Latn,spa_Latn,jinaai/jina-embeddings-v3,0.9990338164251208
dan_Latn,spa_Latn,jinaai/jina-embeddings-v3,0.9990333390616944
afr_Latn,spa_Latn,jinaai/jina-embeddings-v3,0.9990328820116054
bos_Latn,spa_Latn,jinaai/jina-embeddings-v3,0.99903244400527
cat_Latn,spa_Latn,jinaai/jina-embeddings-v3,0.999030860443904
mkd_Cyrl,spa_Latn,jinaai/jina-embeddings-v3,0.9990305019017078
ell_Grek,spa_Latn,jinaai/jina-embeddings-v3,0.9990286058819589
ukr_Cyrl,spa_Latn,jinaai/jina-embeddings-v5-text-nano,0.9990286058819589
ben_Beng,spa_Latn,jinaai/jina-embeddings-v5-text-small,0.999028326745718
eus_Latn,spa_Latn,jinaai/jina-embeddings-v3,0.9990253939032976
ind_Latn,spa_Latn,jinaai/jina-embeddings-v3,0.9990250329380764
pol_Latn,nob_Latn,jinaai/jina-embeddings-v3,0.999024209486166
ita_Latn,spa_Latn,jinaai/jina-embeddings-v5-text-small,0.9990240569950716
spa_Latn,eng_Latn,jinaai/jina-embeddings-v5-text-nano,0.9990233477341668
nob_Latn,pol_Latn,jinaai/jina-embeddings-v3,0.9990233477341668
nob_Latn,hin_Deva,jinaai/jina-embeddings-v3,0.9990225983846022
nob_Latn,tur_Latn,jinaai/jina-embeddings-v3,0.9990225983846022
srp_Cyrl,spa_Latn,jinaai/jina-embeddings-v3,0.9990224828934506
afr_Latn,nob_Latn,jinaai/jina-embeddings-v3,0.9990222592053256
nob_Latn,ron_Latn,jinaai/jina-embeddings-v3,0.9990220447414532
bul_Cyrl,nob_Latn,jinaai/jina-embeddings-v5-text-nano,0.999021545377044
slv_Latn,spa_Latn,jinaai/jina-embeddings-v3,0.999021545377044
por_Latn,nno_Latn,jinaai/jina-embeddings-v5-text-small,0.999021451322
nob_Latn,ukr_Cyrl,jinaai/jina-embeddings-v3,0.999021451322
spa_Latn,pol_Latn,jinaai/jina-embeddings-v3,0.9990213590757068
nob_Latn,eng_Latn,jinaai/jina-embeddings-v3,0.999021268586486
deu_Latn,nob_Latn,jinaai/jina-embeddings-v3,0.9990209232331292
nob_Latn,deu_Latn,jinaai/jina-embeddings-v3,0.9990209232331292
nob_Latn,epo_Latn,jinaai/jina-embeddings-v3,0.9990207598903252
nno_Latn,als_Latn,intfloat/multilingual-e5-large,0.9990207598903252
nno_Latn,slk_Latn,jinaai/jina-embeddings-v5-text-small,0.9990206023295674
slk_Latn,spa_Latn,jinaai/jina-embeddings-v5-text-small,0.9990203761755484
bos_Latn,nob_Latn,jinaai/jina-embeddings-v3,0.9990201614242536
spa_Latn,slk_Latn,jinaai/jina-embeddings-v3,0.999020024172737
spa_Latn,por_Latn,jinaai/jina-embeddings-v5-text-nano,0.9990198913846846
nob_Latn,est_Latn,jinaai/jina-embeddings-v3,0.9990197628458498
glg_Latn,spa_Latn,jinaai/jina-embeddings-v3,0.9990195177252812
nob_Latn,jpn_Jpan,jinaai/jina-embeddings-v5-text-nano,0.9990190181589048
nob_Latn,swe_Latn,jinaai/jina-embeddings-v3,0.9990188658088752
spa_Latn,fra_Latn,jinaai/jina-embeddings-v5-text-nano,0.9990187677934714
nob_Latn,als_Latn,jinaai/jina-embeddings-v3,0.9990186258054036
slk_Latn,nob_Latn,jinaai/jina-embeddings-v5-text-small,0.9990185797639214
dan_Latn,nob_Latn,jinaai/jina-embeddings-v3,0.9990184895349764
nob_Latn,fra_Latn,jinaai/jina-embeddings-v5-text-nano,0.9990183586436449
mal_Mlym,ukr_Cyrl,jinaai/jina-embeddings-v3,0.999018316153866
spa_Latn,ita_Latn,jinaai/jina-embeddings-v5-text-nano,0.9990181117726522
spa_Latn,hin_Deva,jinaai/jina-embeddings-v3,0.9990179952372767
nob_Latn,lvs_Latn,jinaai/jina-embeddings-v5-text-small,0.9990176363174076
lvs_Latn,nob_Latn,jinaai/jina-embeddings-v5-text-small,0.9990176027208384
ces_Latn,nob_Latn,jinaai/jina-embeddings-v5-text-small,0.9990175695126688
mal_Mlym,nld_Latn,jinaai/jina-embeddings-v3,0.9990173473869126
rus_Cyrl,nob_Latn,jinaai/jina-embeddings-v5-text-nano,0.9990172573921682
spa_Latn,nld_Latn,jinaai/jina-embeddings-v3,0.999017113783534
spa_Latn,swe_Latn,jinaai/jina-embeddings-v3,0.9990170859736076
spa_Latn,deu_Latn,jinaai/jina-embeddings-v5-text-nano,0.9990170312273658
por_Latn,nob_Latn,jinaai/jina-embeddings-v3,0.9990170312273658
nob_Latn,ita_Latn,jinaai/jina-embeddings-v5-text-small,0.999016654514755
spa_Latn,dan_Latn,jinaai/jina-embeddings-v5-text-nano,0.9990166083916084
spa_Latn,rus_Cyrl,jinaai/jina-embeddings-v3,0.9990165631469978
ron_Latn,nob_Latn,jinaai/jina-embeddings-v5-text-nano,0.9990164324403454
spa_Latn,tur_Latn,jinaai/jina-embeddings-v3,0.9990164113586274
eng_Latn,nob_Latn,jinaai/jina-embeddings-v5-text-nano,0.9990162494510322
spa_Latn,ces_Latn,jinaai/jina-embeddings-v3,0.9990161539783468
spa_Latn,jpn_Jpan,jinaai/jina-embeddings-v5-text-nano,0.9990161539783468
spa_Latn,als_Latn,jinaai/jina-embeddings-v3,0.9990159074710036
spa_Latn,vie_Latn,jinaai/jina-embeddings-v5-text-small,0.9990157789070832
spa_Latn,ukr_Cyrl,jinaai/jina-embeddings-v5-text-nano,0.9990157026191538
spa_Latn,bel_Cyrl,jinaai/jina-embeddings-v3,0.9990156877163956
eng_Latn,mal_Mlym,jinaai/jina-embeddings-v3,0.9990154772763468
ita_Latn,nob_Latn,jinaai/jina-embeddings-v5-text-small,0.9990153742281236
nld_Latn,nob_Latn,jinaai/jina-embeddings-v5-text-nano,0.9990152417564568
nob_Latn,ind_Latn,jinaai/jina-embeddings-v5-text-small,0.9990152187357156
spa_Latn,zho_Hans,jinaai/jina-embeddings-v5-text-small,0.9990151515151516
ars_Arab,nob_Latn,jinaai/jina-embeddings-v5-text-small,0.999015140572269
arb_Arab,nob_Latn,jinaai/jina-embeddings-v5-text-small,0.999015140572269
zsm_Latn,nob_Latn,jinaai/jina-embeddings-v5-text-nano,0.9990150659617062
spa_Latn,ron_Latn,jinaai/jina-embeddings-v3,0.9990149946671686
spa_Latn,tha_Thai,jinaai/jina-embeddings-v5-text-nano,0.9990149075294004
nob_Latn,por_Latn,jinaai/jina-embeddings-v5-text-small,0.9990148520780932
spa_Latn,ind_Latn,jinaai/jina-embeddings-v5-text-small,0.9990146649299316
spa_Latn,glg_Latn,jinaai/jina-embeddings-v3,0.9990146333881068
ben_Beng,mal_Mlym,jinaai/jina-embeddings-v3,0.9990145723841376
kor_Hang,nob_Latn,jinaai/jina-embeddings-v5-text-small,0.9990142387732748
spa_Latn,bul_Cyrl,jinaai/jina-embeddings-v5-text-small,0.9990139249507995
spa_Latn,kor_Hang,jinaai/jina-embeddings-v5-text-small,0.9990138867471248
azj_Latn,ukr_Cyrl,jinaai/jina-embeddings-v3,0.9990136349418488
azj_Latn,bos_Latn,jinaai/jina-embeddings-v3,0.9990132613187208
fra_Latn,lvs_Latn,jinaai/jina-embeddings-v3,0.99901185770751
ben_Beng,deu_Latn,jinaai/jina-embeddings-v3,0.99901185770751
mar_Deva,slk_Latn,jinaai/jina-embeddings-v3,0.99901185770751
mar_Deva,swe_Latn,jinaai/jina-embeddings-v3,0.99901185770751
fin_Latn,vie_Latn,jinaai/jina-embeddings-v3,0.99901185770751
eus_Latn,fra_Latn,jinaai/jina-embeddings-v3,0.99901185770751
mkd_Cyrl,epo_Latn,jinaai/jina-embeddings-v3,0.99901185770751
zsm_Latn,srp_Cyrl,jinaai/jina-embeddings-v5-text-nano,0.99901185770751
ces_Latn,zho_Hans,jinaai/jina-embeddings-v5-text-nano,0.99901185770751
mar_Deva,por_Latn,jinaai/jina-embeddings-v3,0.99901185770751
hrv_Latn,mkd_Cyrl,jinaai/jina-embeddings-v3,0.99901185770751
hrv_Latn,ita_Latn,jinaai/jina-embeddings-v3,0.99901185770751
heb_Hebr,bel_Cyrl,jinaai/jina-embeddings-v3,0.99901185770751
ben_Beng,kor_Hang,jinaai/jina-embeddings-v5-text-small,0.99901185770751
ind_Latn,slv_Latn,jinaai/jina-embeddings-v3,0.99901185770751
afr_Latn,arb_Arab,jinaai/jina-embeddings-v3,0.99901185770751
fra_Latn,hye_Armn,jinaai/jina-embeddings-v3,0.99901185770751
cym_Latn,als_Latn,intfloat/multilingual-e5-large,0.99901185770751
por_Latn,eus_Latn,jinaai/jina-embeddings-v3,0.99901185770751
hrv_Latn,kor_Hang,jinaai/jina-embeddings-v3,0.99901185770751
arb_Arab,heb_Hebr,jinaai/jina-embeddings-v3,0.99901185770751
kor_Hang,hrv_Latn,jinaai/jina-embeddings-v3,0.99901185770751
ben_Beng,kan_Knda,jinaai/jina-embeddings-v3,0.99901185770751
hrv_Latn,nld_Latn,jinaai/jina-embeddings-v3,0.99901185770751
ita_Latn,slv_Latn,jinaai/jina-embeddings-v3,0.99901185770751
hrv_Latn,slv_Latn,jinaai/jina-embeddings-v3,0.99901185770751
oci_Latn,eng_Latn,jinaai/jina-embeddings-v3,0.99901185770751
pol_Latn,hun_Latn,jinaai/jina-embeddings-v3,0.99901185770751
ben_Beng,heb_Hebr,jinaai/jina-embeddings-v3,0.99901185770751
eus_Latn,pol_Latn,jinaai/jina-embeddings-v3,0.99901185770751
por_Latn,hrv_Latn,jinaai/jina-embeddings-v3,0.99901185770751
ind_Latn,zho_Hans,jinaai/jina-embeddings-v5-text-nano,0.99901185770751
ces_Latn,hye_Armn,jinaai/jina-embeddings-v3,0.99901185770751
eng_Latn,tgl_Latn,intfloat/multilingual-e5-large,0.99901185770751
cat_Latn,lvs_Latn,jinaai/jina-embeddings-v3,0.99901185770751
kor_Hang,vie_Latn,jinaai/jina-embeddings-v3,0.99901185770751
kor_Hang,ukr_Cyrl,jinaai/jina-embeddings-v5-text-small,0.99901185770751
kor_Hang,tur_Latn,jinaai/jina-embeddings-v3,0.99901185770751
slv_Latn,ell_Grek,jinaai/jina-embeddings-v3,0.99901185770751
slk_Latn,zho_Hans,jinaai/jina-embeddings-v5-text-nano,0.99901185770751
cat_Latn,kor_Hang,jinaai/jina-embeddings-v3,0.99901185770751
kor_Hang,tha_Thai,jinaai/jina-embeddings-v3,0.99901185770751
guj_Gujr,tel_Telu,jinaai/jina-embeddings-v3,0.99901185770751
hye_Armn,slv_Latn,jinaai/jina-embeddings-v3,0.99901185770751
hye_Armn,slk_Latn,jinaai/jina-embeddings-v3,0.99901185770751
guj_Gujr,ind_Latn,jinaai/jina-embeddings-v3,0.99901185770751
tur_Latn,vie_Latn,jinaai/jina-embeddings-v3,0.99901185770751
tur_Latn,ukr_Cyrl,jinaai/jina-embeddings-v3,0.99901185770751
hun_Latn,zsm_Latn,jinaai/jina-embeddings-v5-text-small,0.99901185770751
guj_Gujr,swe_Latn,jinaai/jina-embeddings-v3,0.99901185770751
tur_Latn,tha_Thai,jinaai/jina-embeddings-v5-text-small,0.99901185770751
bel_Cyrl,rus_Cyrl,jinaai/jina-embeddings-v3,0.99901185770751
cat_Latn,zho_Hans,jinaai/jina-embeddings-v5-text-small,0.99901185770751
bel_Cyrl,slk_Latn,jinaai/jina-embeddings-v3,0.99901185770751
rus_Cyrl,lvs_Latn,jinaai/jina-embeddings-v3,0.99901185770751
est_Latn,ind_Latn,jinaai/jina-embeddings-v3,0.99901185770751
cat_Latn,slv_Latn,jinaai/jina-embeddings-v3,0.99901185770751
eus_Latn,kor_Hang,jinaai/jina-embeddings-v3,0.99901185770751
lvs_Latn,ukr_Cyrl,jinaai/jina-embeddings-v3,0.99901185770751
por_Latn,mkd_Cyrl,jinaai/jina-embeddings-v5-text-nano,0.99901185770751
srp_Cyrl,tha_Thai,jinaai/jina-embeddings-v3,0.99901185770751
epo_Latn,tur_Latn,jinaai/jina-embeddings-v3,0.99901185770751
mar_Deva,vie_Latn,jinaai/jina-embeddings-v3,0.99901185770751
kor_Hang,mkd_Cyrl,jinaai/jina-embeddings-v3,0.99901185770751
cat_Latn,als_Latn,jinaai/jina-embeddings-v3,0.99901185770751
epo_Latn,ukr_Cyrl,jinaai/jina-embeddings-v3,0.99901185770751
als_Latn,tha_Thai,jinaai/jina-embeddings-v3,0.99901185770751
swe_Latn,zho_Hans,jinaai/jina-embeddings-v5-text-small,0.99901185770751
ces_Latn,hun_Latn,jinaai/jina-embeddings-v3,0.99901185770751
ita_Latn,hun_Latn,jinaai/jina-embeddings-v3,0.99901185770751
epo_Latn,vie_Latn,jinaai/jina-embeddings-v3,0.99901185770751
bel_Cyrl,heb_Hebr,jinaai/jina-embeddings-v3,0.99901185770751
est_Latn,kor_Hang,jinaai/jina-embeddings-v3,0.99901185770751
guj_Gujr,slk_Latn,jinaai/jina-embeddings-v3,0.99901185770751
kor_Hang,zho_Hant,jinaai/jina-embeddings-v3,0.99901185770751
kor_Hang,zho_Hans,jinaai/jina-embeddings-v5-text-small,0.99901185770751
kor_Hang,pol_Latn,jinaai/jina-embeddings-v3,0.99901185770751
isl_Latn,dan_Latn,jinaai/jina-embeddings-v3,0.99901185770751
guj_Gujr,hin_Deva,jinaai/jina-embeddings-v3,0.99901185770751
guj_Gujr,hrv_Latn,jinaai/jina-embeddings-v3,0.99901185770751
arz_Arab,deu_Latn,jinaai/jina-embeddings-v3,0.99901185770751
bel_Cyrl,kor_Hang,jinaai/jina-embeddings-v3,0.99901185770751
arb_Arab,lvs_Latn,jinaai/jina-embeddings-v3,0.99901185770751
hrv_Latn,ind_Latn,jinaai/jina-embeddings-v3,0.99901185770751
bel_Cyrl,fra_Latn,jinaai/jina-embeddings-v3,0.99901185770751
mkd_Cyrl,ell_Grek,jinaai/jina-embeddings-v3,0.99901185770751
ast_Latn,nld_Latn,jinaai/jina-embeddings-v3,0.99901185770751
afr_Latn,mar_Deva,jinaai/jina-embeddings-v3,0.99901185770751
tha_Thai,eng_Latn,jinaai/jina-embeddings-v3,0.99901185770751
tha_Thai,rus_Cyrl,jinaai/jina-embeddings-v3,0.99901185770751
hin_Deva,kan_Knda,jinaai/jina-embeddings-v3,0.99901185770751
dan_Latn,zho_Hans,jinaai/jina-embeddings-v5-text-nano,0.99901185770751
eng_Latn,zho_Hant,jinaai/jina-embeddings-v3,0.99901185770751
heb_Hebr,nld_Latn,jinaai/jina-embeddings-v3,0.99901185770751
ben_Beng,swe_Latn,jinaai/jina-embeddings-v3,0.99901185770751
eng_Latn,pan_Guru,jinaai/jina-embeddings-v3,0.99901185770751
eus_Latn,zsm_Latn,jinaai/jina-embeddings-v3,0.99901185770751
epo_Latn,hrv_Latn,jinaai/jina-embeddings-v3,0.99901185770751
zsm_Latn,tur_Latn,jinaai/jina-embeddings-v3,0.99901185770751
hin_Deva,mag_Deva,jinaai/jina-embeddings-v5-text-nano,0.99901185770751
ars_Arab,hrv_Latn,jinaai/jina-embeddings-v3,0.99901185770751
jpn_Jpan,ron_Latn,jinaai/jina-embeddings-v5-text-nano,0.99901185770751
bos_Latn,tha_Thai,jinaai/jina-embeddings-v3,0.99901185770751
hrv_Latn,hin_Deva,jinaai/jina-embeddings-v3,0.99901185770751
ars_Arab,heb_Hebr,jinaai/jina-embeddings-v3,0.99901185770751
slk_Latn,heb_Hebr,jinaai/jina-embeddings-v3,0.99901185770751
kan_Knda,sin_Sinh,jinaai/jina-embeddings-v3,0.99901185770751
slv_Latn,tha_Thai,jinaai/jina-embeddings-v3,0.99901185770751
deu_Latn,epo_Latn,jinaai/jina-embeddings-v3,0.99901185770751
jpn_Jpan,vie_Latn,jinaai/jina-embeddings-v5-text-small,0.99901185770751
jpn_Jpan,ces_Latn,jinaai/jina-embeddings-v3,0.99901185770751
arb_Arab,fra_Latn,jinaai/jina-embeddings-v5-text-nano,0.99901185770751
heb_Hebr,swe_Latn,jinaai/jina-embeddings-v3,0.99901185770751
ind_Latn,epo_Latn,intfloat/multilingual-e5-large,0.99901185770751
slk_Latn,jpn_Jpan,jinaai/jina-embeddings-v3,0.99901185770751
afr_Latn,jpn_Jpan,jinaai/jina-embeddings-v3,0.99901185770751
guj_Gujr,nld_Latn,jinaai/jina-embeddings-v3,0.99901185770751
pol_Latn,srp_Cyrl,jinaai/jina-embeddings-v3,0.99901185770751
ast_Latn,epo_Latn,jinaai/jina-embeddings-v3,0.99901185770751
guj_Gujr,mkd_Cyrl,jinaai/jina-embeddings-v3,0.99901185770751
ind_Latn,als_Latn,jinaai/jina-embeddings-v3,0.99901185770751
ind_Latn,afr_Latn,jinaai/jina-embeddings-v5-text-small,0.99901185770751
afr_Latn,kor_Hang,jinaai/jina-embeddings-v3,0.99901185770751
heb_Hebr,vie_Latn,jinaai/jina-embeddings-v3,0.99901185770751
hin_Deva,als_Latn,jinaai/jina-embeddings-v3,0.99901185770751
bos_Latn,hun_Latn,jinaai/jina-embeddings-v3,0.99901185770751
ast_Latn,fra_Latn,jinaai/jina-embeddings-v3,0.99901185770751
ars_Arab,nld_Latn,jinaai/jina-embeddings-v5-text-nano,0.99901185770751
mkd_Cyrl,zho_Hans,jinaai/jina-embeddings-v3,0.99901185770751
pan_Guru,slk_Latn,jinaai/jina-embeddings-v5-text-small,0.99901185770751
hin_Deva,eus_Latn,jinaai/jina-embeddings-v3,0.99901185770751
hin_Deva,hrv_Latn,jinaai/jina-embeddings-v3,0.99901185770751
hin_Deva,hye_Armn,jinaai/jina-embeddings-v3,0.99901185770751
ars_Arab,fra_Latn,jinaai/jina-embeddings-v3,0.99901185770751
bos_Latn,tur_Latn,jinaai/jina-embeddings-v3,0.99901185770751
eus_Latn,vie_Latn,jinaai/jina-embeddings-v3,0.99901185770751
hin_Deva,tel_Telu,jinaai/jina-embeddings-v3,0.99901185770751
eus_Latn,ukr_Cyrl,jinaai/jina-embeddings-v3,0.99901185770751
ell_Grek,hrv_Latn,jinaai/jina-embeddings-v3,0.99901185770751
kat_Geor,ukr_Cyrl,jinaai/jina-embeddings-v3,0.99901185770751
pol_Latn,bel_Cyrl,jinaai/jina-embeddings-v3,0.99901185770751
ell_Grek,jpn_Jpan,jinaai/jina-embeddings-v5-text-small,0.99901185770751
glg_Latn,tha_Thai,jinaai/jina-embeddings-v3,0.99901185770751
ars_Arab,als_Latn,jinaai/jina-embeddings-v3,0.99901185770751
zsm_Latn,zho_Hans,jinaai/jina-embeddings-v3,0.99901185770751
hrv_Latn,cat_Latn,jinaai/jina-embeddings-v3,0.99901185770751
bul_Cyrl,hrv_Latn,jinaai/jina-embeddings-v3,0.99901185770751
eus_Latn,swe_Latn,jinaai/jina-embeddings-v3,0.99901185770751
als_Latn,hrv_Latn,jinaai/jina-embeddings-v3,0.99901185770751
ben_Beng,mag_Deva,jinaai/jina-embeddings-v5-text-nano,0.99901185770751
fra_Latn,als_Latn,jinaai/jina-embeddings-v3,0.99901185770751
afr_Latn,bel_Cyrl,jinaai/jina-embeddings-v3,0.99901185770751
fra_Latn,afr_Latn,jinaai/jina-embeddings-v3,0.99901185770751
tur_Latn,heb_Hebr,jinaai/jina-embeddings-v3,0.99901185770751
als_Latn,tgl_Latn,intfloat/multilingual-e5-large,0.99901185770751
tur_Latn,hrv_Latn,jinaai/jina-embeddings-v3,0.99901185770751
ind_Latn,pol_Latn,jinaai/jina-embeddings-v3,0.99901185770751
slv_Latn,vie_Latn,jinaai/jina-embeddings-v3,0.99901185770751
afr_Latn,epo_Latn,jinaai/jina-embeddings-v3,0.99901185770751
bul_Cyrl,ell_Grek,jinaai/jina-embeddings-v3,0.99901185770751
epo_Latn,ind_Latn,jinaai/jina-embeddings-v3,0.99901185770751
jav_Latn,zsm_Latn,intfloat/multilingual-e5-large,0.99901185770751
glg_Latn,kor_Hang,jinaai/jina-embeddings-v3,0.99901185770751
ind_Latn,pan_Guru,jinaai/jina-embeddings-v3,0.99901185770751
dan_Latn,hye_Armn,jinaai/jina-embeddings-v3,0.99901185770751
hrv_Latn,hun_Latn,jinaai/jina-embeddings-v3,0.99901185770751
kan_Knda,lvs_Latn,jinaai/jina-embeddings-v3,0.9988471673254282
epo_Latn,fin_Latn,jinaai/jina-embeddings-v3,0.9988471673254282
epo_Latn,ell_Grek,jinaai/jina-embeddings-v3,0.9988471673254282
arb_Arab,zho_Hant,jinaai/jina-embeddings-v5-text-small,0.9988471673254282
afr_Latn,fin_Latn,jinaai/jina-embeddings-v3,0.9988471673254282
fra_Latn,bel_Cyrl,jinaai/jina-embeddings-v3,0.9988471673254282
hye_Armn,kat_Geor,jinaai/jina-embeddings-v3,0.9988471673254282
est_Latn,heb_Hebr,jinaai/jina-embeddings-v3,0.9988471673254282
hun_Latn,cat_Latn,jinaai/jina-embeddings-v3,0.9988471673254282
tur_Latn,zho_Hant,jinaai/jina-embeddings-v5-text-small,0.9988471673254282
kan_Knda,srp_Cyrl,jinaai/jina-embeddings-v3,0.9988471673254282
epo_Latn,hun_Latn,jinaai/jina-embeddings-v3,0.9988471673254282
pol_Latn,zho_Hant,jinaai/jina-embeddings-v5-text-small,0.9988471673254282
ell_Grek,mkd_Cyrl,jinaai/jina-embeddings-v3,0.9988471673254282
bel_Cyrl,srp_Cyrl,jinaai/jina-embeddings-v3,0.9988471673254282
zsm_Latn,zho_Hant,jinaai/jina-embeddings-v5-text-small,0.9988471673254282
bel_Cyrl,hin_Deva,jinaai/jina-embeddings-v3,0.9988471673254282
ita_Latn,mkd_Cyrl,jinaai/jina-embeddings-v3,0.9988471673254282
ron_Latn,tha_Thai,jinaai/jina-embeddings-v3,0.9988471673254282
zsm_Latn,als_Latn,jinaai/jina-embeddings-v3,0.9988471673254282
zho_Hans,zho_Hant,jinaai/jina-embeddings-v5-text-small,0.9988471673254282
est_Latn,ces_Latn,jinaai/jina-embeddings-v3,0.9988471673254282
swe_Latn,fin_Latn,jinaai/jina-embeddings-v3,0.9988471673254282
afr_Latn,mkd_Cyrl,jinaai/jina-embeddings-v3,0.9988471673254282
dan_Latn,eus_Latn,jinaai/jina-embeddings-v3,0.9988471673254282
zsm_Latn,tha_Thai,jinaai/jina-embeddings-v5-text-nano,0.9988471673254282
ces_Latn,mkd_Cyrl,jinaai/jina-embeddings-v3,0.9988471673254282
oci_Latn,fra_Latn,jinaai/jina-embeddings-v3,0.9988471673254282
est_Latn,cat_Latn,jinaai/jina-embeddings-v3,0.9988471673254282
rus_Cyrl,bos_Latn,jinaai/jina-embeddings-v5-text-small,0.9988471673254282
epo_Latn,guj_Gujr,jinaai/jina-embeddings-v3,0.9988471673254282
ukr_Cyrl,zho_Hant,jinaai/jina-embeddings-v5-text-nano,0.9988471673254282
ces_Latn,zho_Hant,jinaai/jina-embeddings-v5-text-nano,0.9988471673254282
rus_Cyrl,slv_Latn,jinaai/jina-embeddings-v3,0.9988471673254282
ars_Arab,slv_Latn,jinaai/jina-embeddings-v3,0.9988471673254282
ars_Arab,lvs_Latn,jinaai/jina-embeddings-v3,0.9988471673254282
ron_Latn,zho_Hant,jinaai/jina-embeddings-v5-text-nano,0.9988471673254282
vie_Latn,zho_Hant,jinaai/jina-embeddings-v5-text-small,0.9988471673254282
fra_Latn,fin_Latn,jinaai/jina-embeddings-v3,0.9988471673254282
arb_Arab,tha_Thai,jinaai/jina-embeddings-v3,0.9988471673254282
deu_Latn,zho_Hant,jinaai/jina-embeddings-v5-text-small,0.9988471673254282
heb_Hebr,srp_Cyrl,jinaai/jina-embeddings-v3,0.9988471673254282
ben_Beng,ind_Latn,jinaai/jina-embeddings-v5-text-small,0.9988471673254282
ron_Latn,mkd_Cyrl,jinaai/jina-embeddings-v3,0.9988471673254282
fra_Latn,kan_Knda,jinaai/jina-embeddings-v3,0.9988471673254282
bos_Latn,kat_Geor,jinaai/jina-embeddings-v3,0.9988471673254282
est_Latn,ron_Latn,jinaai/jina-embeddings-v3,0.9988471673254282
bul_Cyrl,tha_Thai,jinaai/jina-embeddings-v3,0.9988471673254282
bul_Cyrl,fin_Latn,jinaai/jina-embeddings-v3,0.9988471673254282
est_Latn,pol_Latn,jinaai/jina-embeddings-v3,0.9988471673254282
bul_Cyrl,zho_Hant,jinaai/jina-embeddings-v5-text-small,0.9988471673254282
apc_Arab,eng_Latn,jinaai/jina-embeddings-v3,0.9988471673254282
bel_Cyrl,ukr_Cyrl,jinaai/jina-embeddings-v3,0.9988471673254282
khm_Khmr,vie_Latn,jinaai/jina-embeddings-v3,0.9988471673254282
arz_Arab,cat_Latn,jinaai/jina-embeddings-v3,0.998847167325428
ron_Latn,hrv_Latn,jinaai/jina-embeddings-v3,0.998847167325428
pan_Guru,vie_Latn,jinaai/jina-embeddings-v5-text-small,0.998847167325428
ben_Beng,afr_Latn,jinaai/jina-embeddings-v3,0.998847167325428
ben_Beng,cat_Latn,jinaai/jina-embeddings-v3,0.998847167325428
cat_Latn,ell_Grek,jinaai/jina-embeddings-v3,0.998847167325428
cat_Latn,hye_Armn,jinaai/jina-embeddings-v3,0.998847167325428
ind_Latn,hrv_Latn,jinaai/jina-embeddings-v3,0.998847167325428
eus_Latn,ces_Latn,jinaai/jina-embeddings-v3,0.998847167325428
khk_Cyrl,rus_Cyrl,jinaai/jina-embeddings-v3,0.9987648221343872
por_Latn,fin_Latn,jinaai/jina-embeddings-v3,0.9987648221343872
lvs_Latn,fra_Latn,jinaai/jina-embeddings-v3,0.9987648221343872
fin_Latn,swe_Latn,jinaai/jina-embeddings-v3,0.9987648221343872
por_Latn,hun_Latn,jinaai/jina-embeddings-v3,0.9987648221343872
cym_Latn,glg_Latn,jinaai/jina-embeddings-v3,0.9987648221343872
fra_Latn,mkd_Cyrl,jinaai/jina-embeddings-v3,0.9987648221343872
cat_Latn,vie_Latn,jinaai/jina-embeddings-v3,0.9987648221343872
mar_Deva,zsm_Latn,jinaai/jina-embeddings-v3,0.9987648221343872
eng_Latn,mar_Deva,jinaai/jina-embeddings-v3,0.9987648221343872
bul_Cyrl,kat_Geor,jinaai/jina-embeddings-v3,0.9987648221343872
ben_Beng,hye_Armn,jinaai/jina-embeddings-v3,0.9987648221343872
lvs_Latn,ind_Latn,jinaai/jina-embeddings-v5-text-nano,0.9987154150197628
fra_Latn,guj_Gujr,jinaai/jina-embeddings-v3,0.9987154150197628
eus_Latn,hrv_Latn,jinaai/jina-embeddings-v3,0.9987154150197628
cat_Latn,guj_Gujr,jinaai/jina-embeddings-v3,0.9987154150197628
fin_Latn,glg_Latn,jinaai/jina-embeddings-v3,0.9987154150197628
fin_Latn,fra_Latn,jinaai/jina-embeddings-v3,0.9987154150197628
mar_Deva,pan_Guru,jinaai/jina-embeddings-v3,0.9987154150197628
tur_Latn,fin_Latn,jinaai/jina-embeddings-v3,0.9987154150197628
bel_Cyrl,hrv_Latn,jinaai/jina-embeddings-v3,0.9986824769433466
est_Latn,ukr_Cyrl,jinaai/jina-embeddings-v3,0.9986824769433466
zsm_Latn,slk_Latn,jinaai/jina-embeddings-v5-text-nano,0.9986824769433466
acm_Arab,por_Latn,jinaai/jina-embeddings-v5-text-small,0.9986824769433466
bel_Cyrl,vie_Latn,jinaai/jina-embeddings-v3,0.9986824769433466
isl_Latn,swe_Latn,jinaai/jina-embeddings-v3,0.9986824769433466
est_Latn,zsm_Latn,jinaai/jina-embeddings-v3,0.9986824769433466
est_Latn,hun_Latn,jinaai/jina-embeddings-v3,0.9986824769433466
lvs_Latn,hrv_Latn,jinaai/jina-embeddings-v3,0.9986824769433464
ars_Arab,mkd_Cyrl,jinaai/jina-embeddings-v3,0.9986824769433464
fin_Latn,dan_Latn,jinaai/jina-embeddings-v3,0.9986824769433464
fin_Latn,por_Latn,jinaai/jina-embeddings-v3,0.9986824769433464
hrv_Latn,lvs_Latn,jinaai/jina-embeddings-v3,0.9986824769433464
ben_Beng,mkd_Cyrl,jinaai/jina-embeddings-v3,0.9986589497459062
kan_Knda,tel_Telu,jinaai/jina-embeddings-v3,0.9986589497459062
lvs_Latn,pol_Latn,jinaai/jina-embeddings-v3,0.9986589497459062
kor_Hang,slv_Latn,jinaai/jina-embeddings-v3,0.9986589497459062
fin_Latn,ita_Latn,jinaai/jina-embeddings-v3,0.9986589497459062
lvs_Latn,nld_Latn,jinaai/jina-embeddings-v3,0.9986589497459062
ben_Beng,fin_Latn,jinaai/jina-embeddings-v3,0.9986589497459062
kir_Cyrl,ron_Latn,jinaai/jina-embeddings-v3,0.998641304347826
ast_Latn,bos_Latn,jinaai/jina-embeddings-v3,0.998641304347826
kir_Cyrl,por_Latn,jinaai/jina-embeddings-v3,0.9986275801493192
cym_Latn,epo_Latn,intfloat/multilingual-e5-large,0.9986275801493192
fin_Latn,ind_Latn,jinaai/jina-embeddings-v5-text-nano,0.9986275801493192
glg_Latn,mkd_Cyrl,jinaai/jina-embeddings-v3,0.9986166007905138
lvs_Latn,srp_Cyrl,jinaai/jina-embeddings-v3,0.9986166007905138
hun_Latn,afr_Latn,jinaai/jina-embeddings-v3,0.9986166007905138
cym_Latn,deu_Latn,jinaai/jina-embeddings-v3,0.9986166007905138
mar_Deva,als_Latn,intfloat/multilingual-e5-large,0.998607617678764
bel_Cyrl,bos_Latn,jinaai/jina-embeddings-v3,0.9986001317523056
eus_Latn,hun_Latn,jinaai/jina-embeddings-v3,0.9986001317523056
ben_Beng,zho_Hans,jinaai/jina-embeddings-v5-text-small,0.9985883681535856
swe_Latn,tgl_Latn,intfloat/multilingual-e5-large,0.9985795454545454
cym_Latn,slk_Latn,jinaai/jina-embeddings-v3,0.99857591257847
eng_Latn,nno_Latn,jinaai/jina-embeddings-v5-text-small,0.9985697940503432
cym_Latn,swe_Latn,jinaai/jina-embeddings-v3,0.9985671936758892
arb_Arab,nno_Latn,jinaai/jina-embeddings-v5-text-small,0.9985627021200144
nno_Latn,pol_Latn,jinaai/jina-embeddings-v3,0.998560749269634
hun_Latn,spa_Latn,intfloat/multilingual-e5-large,0.9985543844239496
nno_Latn,nld_Latn,jinaai/jina-embeddings-v5-text-nano,0.9985518604334196
dan_Latn,tha_Thai,jinaai/jina-embeddings-v5-text-nano,0.9985507246376812
glg_Latn,guj_Gujr,jinaai/jina-embeddings-v3,0.9985507246376812
arz_Arab,srp_Cyrl,jinaai/jina-embeddings-v3,0.9985507246376812
ind_Latn,kat_Geor,jinaai/jina-embeddings-v3,0.9985507246376812
deu_Latn,kat_Geor,jinaai/jina-embeddings-v3,0.9985507246376812
arz_Arab,ukr_Cyrl,jinaai/jina-embeddings-v3,0.9985468495698676
nno_Latn,fra_Latn,jinaai/jina-embeddings-v3,0.9985468495698676
cym_Latn,ukr_Cyrl,jinaai/jina-embeddings-v3,0.9985460191981932
nno_Latn,ukr_Cyrl,jinaai/jina-embeddings-v5-text-small,0.9985431235431236
nno_Latn,srp_Cyrl,jinaai/jina-embeddings-v5-text-small,0.9985392679154492
nno_Latn,jpn_Jpan,jinaai/jina-embeddings-v5-text-small,0.9985379527304992
hrv_Latn,spa_Latn,jinaai/jina-embeddings-v3,0.9985360854926072
epo_Latn,spa_Latn,jinaai/jina-embeddings-v3,0.9985357527847646
nob_Latn,vie_Latn,jinaai/jina-embeddings-v3,0.998533724340176
arb_Arab,spa_Latn,jinaai/jina-embeddings-v5-text-nano,0.9985317040583422
ars_Arab,spa_Latn,jinaai/jina-embeddings-v5-text-nano,0.9985317040583422
nob_Latn,rus_Cyrl,jinaai/jina-embeddings-v3,0.99852969189009
nno_Latn,rus_Cyrl,jinaai/jina-embeddings-v5-text-small,0.998529550159985
mal_Mlym,swe_Latn,jinaai/jina-embeddings-v3,0.9985290154509522
pol_Latn,spa_Latn,jinaai/jina-embeddings-v5-text-small,0.998527973595208
mkd_Cyrl,nob_Latn,jinaai/jina-embeddings-v3,0.9985267696730148
nob_Latn,slk_Latn,jinaai/jina-embeddings-v5-text-small,0.9985264544761112
nob_Latn,nld_Latn,jinaai/jina-embeddings-v3,0.9985264544761112
nob_Latn,ces_Latn,jinaai/jina-embeddings-v3,0.9985260902780084
mal_Mlym,por_Latn,jinaai/jina-embeddings-v3,0.9985258860882524
spa_Latn,zsm_Latn,jinaai/jina-embeddings-v5-text-nano,0.9985256289604116
hin_Deva,nob_Latn,jinaai/jina-embeddings-v3,0.9985255672092372
kat_Geor,nob_Latn,jinaai/jina-embeddings-v3,0.998525446579036
mal_Mlym,pol_Latn,jinaai/jina-embeddings-v3,0.9985251607574774
spa_Latn,heb_Hebr,jinaai/jina-embeddings-v3,0.9985249470126596
nob_Latn,slv_Latn,jinaai/jina-embeddings-v3,0.9985245546591586
slv_Latn,nob_Latn,jinaai/jina-embeddings-v3,0.9985241208067296
mal_Mlym,tur_Latn,jinaai/jina-embeddings-v3,0.9985226542572868
bos_Latn,mal_Mlym,intfloat/multilingual-e5-large,0.9985224920007528
spa_Latn,est_Latn,jinaai/jina-embeddings-v3,0.9985223402123824
ben_Beng,nob_Latn,jinaai/jina-embeddings-v5-text-nano,0.9985223402123824
ell_Grek,nob_Latn,jinaai/jina-embeddings-v5-text-nano,0.9985221979107848
hun_Latn,nob_Latn,jinaai/jina-embeddings-v5-text-small,0.998522120518688
nob_Latn,srp_Cyrl,jinaai/jina-embeddings-v5-text-small,0.9985220093915744
cat_Latn,nob_Latn,jinaai/jina-embeddings-v5-text-small,0.9985217077608382
spa_Latn,afr_Latn,jinaai/jina-embeddings-v3,0.9985216165701504
nob_Latn,zho_Hans,jinaai/jina-embeddings-v5-text-nano,0.9985213929199964
spa_Latn,cat_Latn,jinaai/jina-embeddings-v3,0.9985211590605566
spa_Latn,lvs_Latn,jinaai/jina-embeddings-v3,0.998521102474998
nob_Latn,kor_Hang,jinaai/jina-embeddings-v5-text-small,0.998521102474998
azj_Latn,tur_Latn,jinaai/jina-embeddings-v3,0.9985209844327616
ind_Latn,nob_Latn,jinaai/jina-embeddings-v5-text-nano,0.9985209235209236
spa_Latn,ell_Grek,jinaai/jina-embeddings-v3,0.998520667442584
azj_Latn,est_Latn,jinaai/jina-embeddings-v3,0.9985205087163406
fra_Latn,nob_Latn,jinaai/jina-embeddings-v5-text-small,0.998520471730538
spa_Latn,slv_Latn,jinaai/jina-embeddings-v3,0.9985203333197508
guj_Gujr,urd_Arab,jinaai/jina-embeddings-v3,0.9985199207778792
mkd_Cyrl,urd_Arab,jinaai/jina-embeddings-v3,0.9985198239680534
srp_Cyrl,urd_Arab,jinaai/jina-embeddings-v3,0.9985198073021492
azj_Latn,eng_Latn,jinaai/jina-embeddings-v3,0.9985193451453224
azj_Latn,als_Latn,jinaai/jina-embeddings-v3,0.9985192882972715
eus_Latn,ind_Latn,jinaai/jina-embeddings-v3,0.9985177865612648
hin_Deva,slv_Latn,jinaai/jina-embeddings-v3,0.9985177865612648
hye_Armn,ita_Latn,jinaai/jina-embeddings-v3,0.9985177865612648
cat_Latn,oci_Latn,jinaai/jina-embeddings-v5-text-small,0.9985177865612648
acm_Arab,ita_Latn,jinaai/jina-embeddings-v5-text-small,0.9985177865612648
ben_Beng,jpn_Jpan,jinaai/jina-embeddings-v5-text-nano,0.9985177865612648
heb_Hebr,afr_Latn,jinaai/jina-embeddings-v3,0.9985177865612648
eus_Latn,dan_Latn,jinaai/jina-embeddings-v3,0.9985177865612648
eus_Latn,tur_Latn,jinaai/jina-embeddings-v3,0.9985177865612648
cym_Latn,ron_Latn,jinaai/jina-embeddings-v3,0.9985177865612648
slv_Latn,zho_Hans,jinaai/jina-embeddings-v3,0.9985177865612648
ben_Beng,lvs_Latn,jinaai/jina-embeddings-v3,0.9985177865612648
hye_Armn,pol_Latn,jinaai/jina-embeddings-v3,0.9985177865612648
tam_Taml,tur_Latn,jinaai/jina-embeddings-v3,0.9985177865612648
mar_Deva,ory_Orya,intfloat/multilingual-e5-large,0.9985177865612648
ita_Latn,afr_Latn,jinaai/jina-embeddings-v3,0.9985177865612648
bel_Cyrl,tur_Latn,jinaai/jina-embeddings-v3,0.9985177865612648
khk_Cyrl,ron_Latn,jinaai/jina-embeddings-v3,0.9985177865612648
arb_Arab,ell_Grek,jinaai/jina-embeddings-v3,0.9985177865612648
ron_Latn,als_Latn,jinaai/jina-embeddings-v3,0.9985177865612648
glg_Latn,kat_Geor,jinaai/jina-embeddings-v3,0.9985177865612648
mar_Deva,nld_Latn,jinaai/jina-embeddings-v3,0.9985177865612648
hye_Armn,jpn_Jpan,jinaai/jina-embeddings-v3,0.9985177865612648
kor_Hang,srp_Cyrl,jinaai/jina-embeddings-v3,0.9985177865612648
hye_Armn,kor_Hang,jinaai/jina-embeddings-v3,0.9985177865612648
kat_Geor,tha_Thai,jinaai/jina-embeddings-v3,0.9985177865612648
bel_Cyrl,ron_Latn,jinaai/jina-embeddings-v3,0.9985177865612648
hye_Armn,lvs_Latn,jinaai/jina-embeddings-v3,0.9985177865612648
slv_Latn,eus_Latn,jinaai/jina-embeddings-v3,0.9985177865612648
fra_Latn,hrv_Latn,jinaai/jina-embeddings-v3,0.9985177865612648
cat_Latn,tha_Thai,jinaai/jina-embeddings-v5-text-small,0.9985177865612648
est_Latn,nld_Latn,jinaai/jina-embeddings-v3,0.9985177865612648
ell_Grek,hin_Deva,jinaai/jina-embeddings-v5-text-small,0.9985177865612648
bel_Cyrl,por_Latn,jinaai/jina-embeddings-v3,0.9985177865612648
hin_Deva,zho_Hant,jinaai/jina-embeddings-v3,0.9985177865612648
pol_Latn,tha_Thai,jinaai/jina-embeddings-v3,0.9985177865612648
epo_Latn,eus_Latn,jinaai/jina-embeddings-v3,0.9985177865612648
bel_Cyrl,slv_Latn,jinaai/jina-embeddings-v3,0.9985177865612648
eus_Latn,als_Latn,jinaai/jina-embeddings-v3,0.9985177865612648
eus_Latn,jpn_Jpan,jinaai/jina-embeddings-v3,0.9985177865612648
arb_Arab,est_Latn,jinaai/jina-embeddings-v3,0.9985177865612648
nld_Latn,hrv_Latn,jinaai/jina-embeddings-v3,0.9985177865612648
hrv_Latn,afr_Latn,jinaai/jina-embeddings-v3,0.9985177865612648
ast_Latn,deu_Latn,jinaai/jina-embeddings-v3,0.9985177865612648
epo_Latn,mkd_Cyrl,intfloat/multilingual-e5-large,0.9985177865612648
hrv_Latn,tha_Thai,jinaai/jina-embeddings-v3,0.9985177865612648
hun_Latn,mkd_Cyrl,jinaai/jina-embeddings-v3,0.9985177865612648
arb_Arab,kan_Knda,jinaai/jina-embeddings-v3,0.9985177865612648
hin_Deva,lvs_Latn,jinaai/jina-embeddings-v3,0.9985177865612648
kan_Knda,mkd_Cyrl,jinaai/jina-embeddings-v3,0.9985177865612648
srp_Cyrl,ell_Grek,jinaai/jina-embeddings-v5-text-small,0.9985177865612648
dan_Latn,tgl_Latn,intfloat/multilingual-e5-large,0.9985177865612648
ast_Latn,ces_Latn,jinaai/jina-embeddings-v3,0.9985177865612648
jpn_Jpan,zsm_Latn,jinaai/jina-embeddings-v3,0.9985177865612648
eng_Latn,kat_Geor,jinaai/jina-embeddings-v3,0.9985177865612648
bel_Cyrl,est_Latn,jinaai/jina-embeddings-v3,0.9985177865612648
ind_Latn,mkd_Cyrl,jinaai/jina-embeddings-v3,0.9985177865612648
eng_Latn,guj_Gujr,jinaai/jina-embeddings-v3,0.9985177865612648
ben_Beng,slv_Latn,jinaai/jina-embeddings-v3,0.9985177865612648
guj_Gujr,pol_Latn,jinaai/jina-embeddings-v3,0.9985177865612648
hin_Deva,pol_Latn,jinaai/jina-embeddings-v3,0.9985177865612648
hye_Armn,srp_Cyrl,jinaai/jina-embeddings-v3,0.9985177865612648
jpn_Jpan,nld_Latn,jinaai/jina-embeddings-v5-text-nano,0.9985177865612648
ben_Beng,por_Latn,jinaai/jina-embeddings-v3,0.9985177865612648
ben_Beng,vie_Latn,jinaai/jina-embeddings-v5-text-nano,0.9985177865612648
eus_Latn,heb_Hebr,jinaai/jina-embeddings-v3,0.9985177865612648
cat_Latn,eus_Latn,jinaai/jina-embeddings-v3,0.9985177865612648
ben_Beng,bos_Latn,jinaai/jina-embeddings-v3,0.9985177865612648
nld_Latn,als_Latn,jinaai/jina-embeddings-v3,0.9985177865612648
pan_Guru,por_Latn,jinaai/jina-embeddings-v5-text-small,0.9985177865612648
zsm_Latn,slv_Latn,jinaai/jina-embeddings-v3,0.9985177865612648
heb_Hebr,pol_Latn,jinaai/jina-embeddings-v3,0.9985177865612648
ast_Latn,rus_Cyrl,jinaai/jina-embeddings-v3,0.9985177865612648
sin_Sinh,swe_Latn,jinaai/jina-embeddings-v3,0.9985177865612648
eng_Latn,hrv_Latn,jinaai/jina-embeddings-v3,0.9985177865612648
ceb_Latn,tgl_Latn,intfloat/multilingual-e5-large,0.9985177865612648
est_Latn,afr_Latn,jinaai/jina-embeddings-v3,0.9985177865612648
guj_Gujr,tha_Thai,jinaai/jina-embeddings-v3,0.9985177865612648
afr_Latn,hye_Armn,jinaai/jina-embeddings-v3,0.9985177865612648
bos_Latn,pan_Guru,jinaai/jina-embeddings-v3,0.9985177865612648
deu_Latn,afr_Latn,jinaai/jina-embeddings-v3,0.9985177865612648
apc_Arab,ukr_Cyrl,jinaai/jina-embeddings-v5-text-nano,0.9985177865612648
acm_Arab,eng_Latn,jinaai/jina-embeddings-v3,0.9985177865612648
hun_Latn,nld_Latn,jinaai/jina-embeddings-v3,0.9985177865612648
acm_Arab,swe_Latn,jinaai/jina-embeddings-v3,0.9985177865612648
tel_Telu,tur_Latn,jinaai/jina-embeddings-v3,0.9985177865612648
hin_Deva,hun_Latn,jinaai/jina-embeddings-v3,0.9985177865612648
ell_Grek,tha_Thai,jinaai/jina-embeddings-v5-text-nano,0.9985177865612648
glg_Latn,zho_Hans,jinaai/jina-embeddings-v5-text-small,0.9985177865612648
pol_Latn,eus_Latn,jinaai/jina-embeddings-v3,0.9985177865612648
mkd_Cyrl,zho_Hant,jinaai/jina-embeddings-v3,0.9985177865612648
eng_Latn,khm_Khmr,jinaai/jina-embeddings-v3,0.9985177865612648
pol_Latn,epo_Latn,jinaai/jina-embeddings-v3,0.9985177865612648
ben_Beng,epo_Latn,jinaai/jina-embeddings-v3,0.9985177865612648
glg_Latn,als_Latn,jinaai/jina-embeddings-v3,0.9985177865612648
acm_Arab,ces_Latn,jinaai/jina-embeddings-v5-text-small,0.9985177865612648
mkd_Cyrl,eus_Latn,jinaai/jina-embeddings-v3,0.9985177865612648
bul_Cyrl,ben_Beng,jinaai/jina-embeddings-v5-text-small,0.9985177865612648
ben_Beng,fra_Latn,jinaai/jina-embeddings-v5-text-small,0.9985177865612648
tha_Thai,tur_Latn,jinaai/jina-embeddings-v3,0.9985177865612648
ars_Arab,est_Latn,jinaai/jina-embeddings-v3,0.9985177865612648
tur_Latn,hun_Latn,jinaai/jina-embeddings-v3,0.9985177865612648
ben_Beng,glg_Latn,jinaai/jina-embeddings-v3,0.9985177865612648
ars_Arab,ell_Grek,jinaai/jina-embeddings-v3,0.9985177865612648
pol_Latn,hrv_Latn,jinaai/jina-embeddings-v3,0.9985177865612648
eus_Latn,hye_Armn,jinaai/jina-embeddings-v3,0.9985177865612648
glg_Latn,zho_Hant,jinaai/jina-embeddings-v3,0.9985177865612648
jpn_Jpan,lvs_Latn,jinaai/jina-embeddings-v3,0.9985177865612648
khm_Khmr,slk_Latn,jinaai/jina-embeddings-v3,0.9985177865612648
ell_Grek,als_Latn,jinaai/jina-embeddings-v3,0.9985177865612648
epo_Latn,tha_Thai,jinaai/jina-embeddings-v3,0.9985177865612648
ell_Grek,afr_Latn,jinaai/jina-embeddings-v3,0.9985177865612648
jpn_Jpan,srp_Cyrl,jinaai/jina-embeddings-v3,0.9984942593638246
fin_Latn,ron_Latn,jinaai/jina-embeddings-v3,0.9984942593638246
lvs_Latn,slv_Latn,jinaai/jina-embeddings-v3,0.9984683794466404
glg_Latn,fin_Latn,jinaai/jina-embeddings-v3,0.9984683794466404
kir_Cyrl,rus_Cyrl,jinaai/jina-embeddings-v3,0.9984628897672376
heb_Hebr,lvs_Latn,jinaai/jina-embeddings-v3,0.998435441370224
slv_Latn,fin_Latn,jinaai/jina-embeddings-v3,0.998423677771504
apc_Arab,ces_Latn,jinaai/jina-embeddings-v3,0.9984119141727836
ell_Grek,nno_Latn,jinaai/jina-embeddings-v3,0.9984051036682616
cym_Latn,eng_Latn,jinaai/jina-embeddings-v3,0.9983911016519712
arz_Arab,epo_Latn,jinaai/jina-embeddings-v3,0.998387170051338
fin_Latn,ukr_Cyrl,jinaai/jina-embeddings-v3,0.9983605821056414
mal_Mlym,ron_Latn,jinaai/jina-embeddings-v3,0.9983601042805484
heb_Hebr,nob_Latn,jinaai/jina-embeddings-v3,0.9983587427065688
azj_Latn,hin_Deva,jinaai/jina-embeddings-v3,0.9983584958638416
ron_Latn,azj_Latn,jinaai/jina-embeddings-v3,0.9983571459426772
spa_Latn,srp_Cyrl,jinaai/jina-embeddings-v3,0.998355993957167
eng_Latn,azj_Latn,jinaai/jina-embeddings-v3,0.998355919442876
azj_Latn,dan_Latn,jinaai/jina-embeddings-v3,0.9983545865898809
dan_Latn,guj_Gujr,jinaai/jina-embeddings-v3,0.9983530961791832
fra_Latn,eus_Latn,jinaai/jina-embeddings-v3,0.9983530961791832
kan_Knda,kor_Hang,jinaai/jina-embeddings-v3,0.9983530961791832
ben_Beng,sin_Sinh,jinaai/jina-embeddings-v3,0.9983530961791832
rus_Cyrl,hrv_Latn,jinaai/jina-embeddings-v3,0.9983530961791832
acm_Arab,bul_Cyrl,jinaai/jina-embeddings-v3,0.9983530961791832
bul_Cyrl,epo_Latn,jinaai/jina-embeddings-v3,0.9983530961791832
tgl_Latn,ukr_Cyrl,jinaai/jina-embeddings-v3,0.9983530961791832
jpn_Jpan,afr_Latn,jinaai/jina-embeddings-v3,0.9983530961791832
fra_Latn,tgl_Latn,intfloat/multilingual-e5-large,0.9983530961791832
mkd_Cyrl,slv_Latn,jinaai/jina-embeddings-v3,0.9983530961791832
nld_Latn,fin_Latn,jinaai/jina-embeddings-v3,0.9983530961791832
apc_Arab,ita_Latn,jinaai/jina-embeddings-v5-text-nano,0.9983530961791832
kat_Geor,srp_Cyrl,jinaai/jina-embeddings-v3,0.9983530961791832
hin_Deva,sin_Sinh,jinaai/jina-embeddings-v3,0.9983530961791832
rus_Cyrl,fin_Latn,jinaai/jina-embeddings-v3,0.9983530961791832
ory_Orya,sin_Sinh,jinaai/jina-embeddings-v3,0.9983530961791832
hye_Armn,ind_Latn,jinaai/jina-embeddings-v3,0.9983530961791832
mar_Deva,srp_Cyrl,jinaai/jina-embeddings-v3,0.9983530961791832
bul_Cyrl,mar_Deva,jinaai/jina-embeddings-v3,0.9983530961791832
ben_Beng,est_Latn,jinaai/jina-embeddings-v3,0.9983530961791832
bel_Cyrl,lvs_Latn,jinaai/jina-embeddings-v3,0.9983530961791832
est_Latn,jpn_Jpan,jinaai/jina-embeddings-v3,0.9983530961791832
epo_Latn,sin_Sinh,intfloat/multilingual-e5-large,0.9983530961791832
ita_Latn,tgl_Latn,intfloat/multilingual-e5-large,0.9983530961791832
hun_Latn,tha_Thai,jinaai/jina-embeddings-v3,0.9983530961791832
guj_Gujr,kan_Knda,jinaai/jina-embeddings-v3,0.9983530961791832
glg_Latn,vie_Latn,jinaai/jina-embeddings-v3,0.9983530961791832
khk_Cyrl,por_Latn,jinaai/jina-embeddings-v3,0.9983530961791832
ars_Arab,zho_Hant,jinaai/jina-embeddings-v5-text-small,0.9983530961791832
nld_Latn,zho_Hans,jinaai/jina-embeddings-v5-text-small,0.9983530961791832
rus_Cyrl,eus_Latn,jinaai/jina-embeddings-v3,0.9983530961791832
bel_Cyrl,ces_Latn,jinaai/jina-embeddings-v3,0.9983530961791832
eus_Latn,kat_Geor,jinaai/jina-embeddings-v3,0.9983530961791832
arb_Arab,slv_Latn,jinaai/jina-embeddings-v3,0.9983530961791832
ind_Latn,tha_Thai,jinaai/jina-embeddings-v5-text-nano,0.9983530961791832
bel_Cyrl,ita_Latn,jinaai/jina-embeddings-v3,0.9983530961791832
slk_Latn,fin_Latn,jinaai/jina-embeddings-v3,0.9983530961791832
ell_Grek,lvs_Latn,jinaai/jina-embeddings-v3,0.9983530961791832
bel_Cyrl,cat_Latn,jinaai/jina-embeddings-v3,0.9983530961791832
ell_Grek,zho_Hant,jinaai/jina-embeddings-v5-text-nano,0.9983530961791832
cat_Latn,tam_Taml,jinaai/jina-embeddings-v3,0.9983530961791832
ces_Latn,fin_Latn,jinaai/jina-embeddings-v3,0.9983530961791832
ind_Latn,tgl_Latn,jinaai/jina-embeddings-v3,0.9983530961791832
est_Latn,als_Latn,jinaai/jina-embeddings-v3,0.9983530961791832
bel_Cyrl,hun_Latn,jinaai/jina-embeddings-v3,0.9983530961791832
cat_Latn,sin_Sinh,jinaai/jina-embeddings-v3,0.9983530961791832
ell_Grek,zho_Hans,jinaai/jina-embeddings-v5-text-nano,0.9982707509881424
ast_Latn,ron_Latn,jinaai/jina-embeddings-v3,0.9982707509881424
mkd_Cyrl,fin_Latn,jinaai/jina-embeddings-v3,0.9982707509881424
kir_Cyrl,srp_Cyrl,jinaai/jina-embeddings-v3,0.9982707509881424
mkd_Cyrl,tha_Thai,jinaai/jina-embeddings-v3,0.9982707509881424
guj_Gujr,ory_Orya,jinaai/jina-embeddings-v3,0.9982707509881424
eng_Latn,cym_Latn,intfloat/multilingual-e5-large,0.9982707509881424
cym_Latn,jav_Latn,intfloat/multilingual-e5-large,0.9982707509881424
sin_Sinh,tel_Telu,jinaai/jina-embeddings-v3,0.9982707509881424
heb_Hebr,slv_Latn,jinaai/jina-embeddings-v3,0.9982707509881424
kor_Hang,mar_Deva,jinaai/jina-embeddings-v3,0.9982707509881424
oci_Latn,ita_Latn,jinaai/jina-embeddings-v3,0.9982213438735178
tam_Taml,vie_Latn,jinaai/jina-embeddings-v3,0.9982213438735178
tur_Latn,zho_Hans,jinaai/jina-embeddings-v5-text-nano,0.9982213438735178
hun_Latn,fin_Latn,jinaai/jina-embeddings-v3,0.9982213438735178
hun_Latn,hye_Armn,jinaai/jina-embeddings-v3,0.9982213438735178
pan_Guru,rus_Cyrl,jinaai/jina-embeddings-v5-text-small,0.9982213438735178
ell_Grek,slv_Latn,jinaai/jina-embeddings-v3,0.9982213438735178
ita_Latn,kat_Geor,jinaai/jina-embeddings-v3,0.9982213438735178
ory_Orya,tel_Telu,jinaai/jina-embeddings-v3,0.9982158541941152
kat_Geor,nld_Latn,jinaai/jina-embeddings-v3,0.9981884057971016
bel_Cyrl,als_Latn,jinaai/jina-embeddings-v3,0.9981884057971016
nld_Latn,hun_Latn,jinaai/jina-embeddings-v3,0.9981884057971016
srp_Cyrl,tel_Telu,jinaai/jina-embeddings-v3,0.9981884057971016
heb_Hebr,epo_Latn,jinaai/jina-embeddings-v3,0.9981884057971016
est_Latn,kat_Geor,jinaai/jina-embeddings-v3,0.9981884057971016
deu_Latn,kir_Cyrl,jinaai/jina-embeddings-v3,0.9981884057971016
bul_Cyrl,guj_Gujr,intfloat/multilingual-e5-large,0.9981884057971016
hun_Latn,ukr_Cyrl,jinaai/jina-embeddings-v5-text-small,0.9981884057971016
bul_Cyrl,zho_Hans,jinaai/jina-embeddings-v5-text-small,0.9981884057971014
eus_Latn,mkd_Cyrl,jinaai/jina-embeddings-v3,0.9981884057971014
est_Latn,vie_Latn,jinaai/jina-embeddings-v3,0.9981884057971014
fin_Latn,afr_Latn,jinaai/jina-embeddings-v3,0.9981884057971014
fin_Latn,pol_Latn,jinaai/jina-embeddings-v3,0.9981648785996612
fin_Latn,bel_Cyrl,jinaai/jina-embeddings-v3,0.9981648785996612
hrv_Latn,heb_Hebr,jinaai/jina-embeddings-v3,0.9981648785996612
nno_Latn,ind_Latn,jinaai/jina-embeddings-v5-text-nano,0.9981648785996612
hun_Latn,nno_Latn,jinaai/jina-embeddings-v5-text-small,0.9981648785996612
pan_Guru,ukr_Cyrl,jinaai/jina-embeddings-v5-text-small,0.9981648785996612
acm_Arab,ind_Latn,jinaai/jina-embeddings-v5-text-nano,0.9981648785996612
arz_Arab,mkd_Cyrl,jinaai/jina-embeddings-v3,0.9981620553359684
nno_Latn,slv_Latn,jinaai/jina-embeddings-v3,0.998147233201581
bel_Cyrl,guj_Gujr,jinaai/jina-embeddings-v3,0.998147233201581
ell_Grek,srp_Cyrl,jinaai/jina-embeddings-v5-text-small,0.998147233201581
arb_Arab,fin_Latn,jinaai/jina-embeddings-v3,0.998147233201581
arz_Arab,swe_Latn,jinaai/jina-embeddings-v5-text-nano,0.9981335090030742
cym_Latn,lvs_Latn,jinaai/jina-embeddings-v3,0.9981335090030742
nno_Latn,spa_Latn,jinaai/jina-embeddings-v3,0.9981296700664288
apc_Arab,rus_Cyrl,jinaai/jina-embeddings-v3,0.9981225296442688
deu_Latn,nno_Latn,jinaai/jina-embeddings-v5-text-small,0.9981225296442688
ben_Beng,als_Latn,jinaai/jina-embeddings-v3,0.9981135465325188
ces_Latn,kat_Geor,jinaai/jina-embeddings-v3,0.9981135465325188
cat_Latn,zho_Hant,jinaai/jina-embeddings-v5-text-small,0.9981060606060608
bel_Cyrl,jpn_Jpan,jinaai/jina-embeddings-v3,0.9981060606060606
cat_Latn,nno_Latn,jinaai/jina-embeddings-v5-text-small,0.9980942970073404
mar_Deva,tam_Taml,jinaai/jina-embeddings-v3,0.9980757229040982
spa_Latn,tgl_Latn,intfloat/multilingual-e5-large,0.9980731225296442
isl_Latn,eng_Latn,jinaai/jina-embeddings-v3,0.9980707698099004
ron_Latn,nno_Latn,jinaai/jina-embeddings-v5-text-small,0.9980707698099004
nob_Latn,nno_Latn,jinaai/jina-embeddings-v5-text-small,0.9980687924679132
ces_Latn,nno_Latn,jinaai/jina-embeddings-v5-text-small,0.9980666781233888
glg_Latn,hun_Latn,jinaai/jina-embeddings-v3,0.99805900621118
fra_Latn,kat_Geor,jinaai/jina-embeddings-v3,0.998056653491436
fra_Latn,nno_Latn,jinaai/jina-embeddings-v5-text-small,0.998055590972842
nob_Latn,spa_Latn,jinaai/jina-embeddings-v3,0.998049167564978
bel_Cyrl,spa_Latn,jinaai/jina-embeddings-v3,0.9980423596092176
nob_Latn,hrv_Latn,jinaai/jina-embeddings-v3,0.9980345741215308
kaz_Cyrl,tur_Latn,jinaai/jina-embeddings-v3,0.9980340949470812
epo_Latn,nob_Latn,jinaai/jina-embeddings-v3,0.998032864880691
nob_Latn,mkd_Cyrl,jinaai/jina-embeddings-v3,0.9980324600370772
nld_Latn,nno_Latn,intfloat/multilingual-e5-large,0.9980319499341238
kaz_Cyrl,ron_Latn,jinaai/jina-embeddings-v3,0.9980311683882492
spa_Latn,nob_Latn,jinaai/jina-embeddings-v5-text-small,0.998030883684973
kaz_Cyrl,ukr_Cyrl,jinaai/jina-embeddings-v3,0.9980301566791948
glg_Latn,nob_Latn,jinaai/jina-embeddings-v3,0.9980298529447869
kaz_Cyrl,pol_Latn,jinaai/jina-embeddings-v3,0.9980291484491928
epo_Latn,mal_Mlym,intfloat/multilingual-e5-large,0.9980288619894598
spa_Latn,khm_Khmr,jinaai/jina-embeddings-v3,0.9980278847917814
guj_Gujr,nob_Latn,jinaai/jina-embeddings-v3,0.9980277486488668
mal_Mlym,srp_Cyrl,jinaai/jina-embeddings-v3,0.9980277159911026
guj_Gujr,mal_Mlym,jinaai/jina-embeddings-v3,0.9980265962963388
slk_Latn,urd_Arab,jinaai/jina-embeddings-v3,0.9980262170410767
bos_Latn,urd_Arab,jinaai/jina-embeddings-v3,0.9980258588907084
azj_Latn,ces_Latn,jinaai/jina-embeddings-v3,0.9980256721324304
azj_Latn,lvs_Latn,jinaai/jina-embeddings-v3,0.9980254862793432
glg_Latn,urd_Arab,jinaai/jina-embeddings-v3,0.9980254045471436
azj_Latn,swe_Latn,jinaai/jina-embeddings-v3,0.9980253705947392
azj_Latn,deu_Latn,jinaai/jina-embeddings-v3,0.9980251331227564
azj_Latn,ita_Latn,jinaai/jina-embeddings-v3,0.998025091657767
azj_Latn,nld_Latn,jinaai/jina-embeddings-v3,0.9980249790240896
tgl_Latn,tur_Latn,jinaai/jina-embeddings-v3,0.9980237154150198
bel_Cyrl,tha_Thai,jinaai/jina-embeddings-v3,0.9980237154150198
cat_Latn,pan_Guru,jinaai/jina-embeddings-v3,0.9980237154150198
cat_Latn,kan_Knda,jinaai/jina-embeddings-v3,0.9980237154150198
ben_Beng,pol_Latn,jinaai/jina-embeddings-v3,0.9980237154150198
ast_Latn,als_Latn,jinaai/jina-embeddings-v3,0.9980237154150198
afr_Latn,kat_Geor,jinaai/jina-embeddings-v3,0.9980237154150198
sin_Sinh,srp_Cyrl,jinaai/jina-embeddings-v3,0.9980237154150198
kir_Cyrl,nld_Latn,jinaai/jina-embeddings-v3,0.9980237154150198
tha_Thai,vie_Latn,jinaai/jina-embeddings-v3,0.9980237154150198
heb_Hebr,tha_Thai,jinaai/jina-embeddings-v3,0.9980237154150198
zsm_Latn,tgl_Latn,intfloat/multilingual-e5-large,0.9980237154150198
arb_Arab,guj_Gujr,jinaai/jina-embeddings-v3,0.9980237154150198
afr_Latn,zho_Hans,jinaai/jina-embeddings-v3,0.9980237154150198
hrv_Latn,hye_Armn,jinaai/jina-embeddings-v3,0.9980237154150198
cym_Latn,tgl_Latn,intfloat/multilingual-e5-large,0.9980237154150198
hrv_Latn,kat_Geor,jinaai/jina-embeddings-v3,0.9980237154150198
guj_Gujr,ita_Latn,jinaai/jina-embeddings-v3,0.9980237154150198
afr_Latn,vie_Latn,jinaai/jina-embeddings-v3,0.9980237154150198
arz_Arab,zsm_Latn,jinaai/jina-embeddings-v3,0.9980237154150198
als_Latn,tam_Taml,jinaai/jina-embeddings-v3,0.9980237154150198
epo_Latn,kat_Geor,jinaai/jina-embeddings-v3,0.9980237154150198
mag_Deva,mar_Deva,jinaai/jina-embeddings-v3,0.9980237154150198
ben_Beng,khm_Khmr,jinaai/jina-embeddings-v3,0.9980237154150198
heb_Hebr,zsm_Latn,jinaai/jina-embeddings-v3,0.9980237154150198
sin_Sinh,vie_Latn,jinaai/jina-embeddings-v3,0.9980237154150198
hin_Deva,khm_Khmr,jinaai/jina-embeddings-v3,0.9980237154150198
heb_Hebr,als_Latn,intfloat/multilingual-e5-large,0.9980237154150198
ben_Beng,tha_Thai,jinaai/jina-embeddings-v3,0.9980237154150198
pol_Latn,als_Latn,jinaai/jina-embeddings-v3,0.9980237154150198
mai_Deva,mar_Deva,intfloat/multilingual-e5-large,0.9980237154150198
bos_Latn,sin_Sinh,jinaai/jina-embeddings-v3,0.9980237154150198
jpn_Jpan,slk_Latn,jinaai/jina-embeddings-v5-text-nano,0.9980237154150198
pan_Guru,srp_Cyrl,jinaai/jina-embeddings-v5-text-small,0.9980237154150198
ben_Beng,hrv_Latn,jinaai/jina-embeddings-v3,0.9980237154150198
ita_Latn,oci_Latn,jinaai/jina-embeddings-v5-text-small,0.9980237154150198
ita_Latn,hrv_Latn,jinaai/jina-embeddings-v3,0.9980237154150198
ben_Beng,snd_Arab,jinaai/jina-embeddings-v3,0.9980237154150198
apc_Arab,pol_Latn,jinaai/jina-embeddings-v3,0.9980237154150198
bel_Cyrl,ell_Grek,jinaai/jina-embeddings-v3,0.9980237154150198
eng_Latn,ory_Orya,jinaai/jina-embeddings-v5-text-small,0.9980237154150198
acm_Arab,pol_Latn,jinaai/jina-embeddings-v3,0.9980237154150198
slk_Latn,zho_Hant,jinaai/jina-embeddings-v3,0.9980237154150198
guj_Gujr,sin_Sinh,jinaai/jina-embeddings-v3,0.9980237154150198
cat_Latn,ast_Latn,jinaai/jina-embeddings-v5-text-small,0.9980237154150198
kan_Knda,slk_Latn,jinaai/jina-embeddings-v3,0.9980237154150198
dan_Latn,oci_Latn,jinaai/jina-embeddings-v5-text-small,0.9980237154150198
afr_Latn,eus_Latn,jinaai/jina-embeddings-v3,0.9980237154150198
eng_Latn,mai_Deva,intfloat/multilingual-e5-large,0.9980237154150198
acm_Arab,tur_Latn,jinaai/jina-embeddings-v3,0.9980237154150198
ast_Latn,slv_Latn,jinaai/jina-embeddings-v3,0.9980237154150198
khk_Cyrl,tur_Latn,jinaai/jina-embeddings-v3,0.9980237154150198
guj_Gujr,vie_Latn,jinaai/jina-embeddings-v3,0.9980237154150198
acm_Arab,deu_Latn,jinaai/jina-embeddings-v3,0.9980237154150198
ast_Latn,slk_Latn,jinaai/jina-embeddings-v3,0.9980237154150198
afr_Latn,hun_Latn,jinaai/jina-embeddings-v3,0.9980237154150198
acm_Arab,ell_Grek,jinaai/jina-embeddings-v3,0.9980237154150198
kir_Cyrl,swe_Latn,jinaai/jina-embeddings-v3,0.9980001882175796
dan_Latn,fin_Latn,jinaai/jina-embeddings-v3,0.9980001882175796
eng_Latn,sin_Sinh,jinaai/jina-embeddings-v3,0.9979825428194994
fin_Latn,rus_Cyrl,jinaai/jina-embeddings-v3,0.9979743083003954
fin_Latn,lvs_Latn,jinaai/jina-embeddings-v3,0.9979743083003954
apc_Arab,hin_Deva,jinaai/jina-embeddings-v3,0.9979743083003954
apc_Arab,bos_Latn,jinaai/jina-embeddings-v3,0.9979688186209924
slv_Latn,nno_Latn,jinaai/jina-embeddings-v3,0.9979688186209924
cat_Latn,fin_Latn,jinaai/jina-embeddings-v3,0.997941370223979
deu_Latn,sin_Sinh,jinaai/jina-embeddings-v3,0.997941370223979
pan_Guru,snd_Arab,jinaai/jina-embeddings-v3,0.9979413702239788
fin_Latn,hun_Latn,jinaai/jina-embeddings-v3,0.9979249011857708
rus_Cyrl,tel_Telu,jinaai/jina-embeddings-v3,0.9979178430265386
fin_Latn,cat_Latn,jinaai/jina-embeddings-v3,0.9979001976284584
ita_Latn,fin_Latn,jinaai/jina-embeddings-v3,0.9979001976284584
pol_Latn,nno_Latn,jinaai/jina-embeddings-v5-text-small,0.9978930989050928
nob_Latn,ell_Grek,jinaai/jina-embeddings-v5-text-small,0.9978909005907604
kat_Geor,mkd_Cyrl,jinaai/jina-embeddings-v3,0.9978864734299516
slk_Latn,nno_Latn,jinaai/jina-embeddings-v5-text-small,0.997880983750549
ast_Latn,spa_Latn,jinaai/jina-embeddings-v3,0.9978710755487
lvs_Latn,spa_Latn,jinaai/jina-embeddings-v3,0.9978697657100304
isl_Latn,zsm_Latn,jinaai/jina-embeddings-v3,0.9978696502188787
hrv_Latn,nob_Latn,jinaai/jina-embeddings-v3,0.9978685264011352
arz_Arab,eng_Latn,jinaai/jina-embeddings-v5-text-small,0.9978684359119142
nob_Latn,fin_Latn,jinaai/jina-embeddings-v3,0.9978669939223936
bel_Cyrl,nob_Latn,jinaai/jina-embeddings-v3,0.9978647700462666
spa_Latn,zho_Hant,jinaai/jina-embeddings-v5-text-small,0.9978625290836208
spa_Latn,hun_Latn,jinaai/jina-embeddings-v3,0.9978609400373808
azj_Latn,por_Latn,jinaai/jina-embeddings-v3,0.997860851543645
acm_Arab,vie_Latn,jinaai/jina-embeddings-v5-text-small,0.997859025032938
epo_Latn,jav_Latn,intfloat/multilingual-e5-large,0.997859025032938
apc_Arab,bul_Cyrl,jinaai/jina-embeddings-v3,0.997859025032938
srp_Cyrl,zho_Hant,jinaai/jina-embeddings-v3,0.997859025032938
ron_Latn,eus_Latn,jinaai/jina-embeddings-v3,0.997859025032938
afr_Latn,guj_Gujr,jinaai/jina-embeddings-v3,0.997859025032938
pol_Latn,zho_Hans,jinaai/jina-embeddings-v5-text-small,0.997859025032938
fra_Latn,mar_Deva,intfloat/multilingual-e5-large,0.997859025032938
mar_Deva,tel_Telu,jinaai/jina-embeddings-v3,0.997859025032938
ars_Arab,eus_Latn,jinaai/jina-embeddings-v3,0.997859025032938
jav_Latn,tgl_Latn,intfloat/multilingual-e5-large,0.997859025032938
hun_Latn,epo_Latn,jinaai/jina-embeddings-v3,0.997859025032938
bul_Cyrl,kan_Knda,jinaai/jina-embeddings-v3,0.997859025032938
oci_Latn,ron_Latn,jinaai/jina-embeddings-v3,0.997859025032938
eng_Latn,eus_Latn,jinaai/jina-embeddings-v3,0.997859025032938
hye_Armn,nld_Latn,jinaai/jina-embeddings-v3,0.997859025032938
est_Latn,hye_Armn,jinaai/jina-embeddings-v3,0.997859025032938
hye_Armn,als_Latn,jinaai/jina-embeddings-v3,0.997859025032938
ell_Grek,heb_Hebr,jinaai/jina-embeddings-v3,0.997859025032938
hin_Deva,tam_Taml,jinaai/jina-embeddings-v3,0.997859025032938
fra_Latn,ast_Latn,jinaai/jina-embeddings-v5-text-small,0.997859025032938
guj_Gujr,heb_Hebr,jinaai/jina-embeddings-v3,0.997859025032938
mkd_Cyrl,mar_Deva,jinaai/jina-embeddings-v3,0.997859025032938
ces_Latn,khm_Khmr,jinaai/jina-embeddings-v3,0.997859025032938
kir_Cyrl,tur_Latn,jinaai/jina-embeddings-v3,0.997859025032938
afr_Latn,kir_Cyrl,jinaai/jina-embeddings-v3,0.997859025032938
apc_Arab,slk_Latn,jinaai/jina-embeddings-v5-text-nano,0.997859025032938
pbt_Arab,als_Latn,jinaai/jina-embeddings-v3,0.997859025032938
ast_Latn,por_Latn,jinaai/jina-embeddings-v3,0.997859025032938
mai_Deva,pan_Guru,jinaai/jina-embeddings-v5-text-small,0.997859025032938
deu_Latn,guj_Gujr,jinaai/jina-embeddings-v3,0.997859025032938
est_Latn,tha_Thai,jinaai/jina-embeddings-v3,0.997859025032938
pol_Latn,tam_Taml,jinaai/jina-embeddings-v3,0.997859025032938
fin_Latn,hin_Deva,jinaai/jina-embeddings-v3,0.997859025032938
cym_Latn,kat_Geor,jinaai/jina-embeddings-v3,0.997859025032938
cym_Latn,fin_Latn,jinaai/jina-embeddings-v3,0.9978096179183136
bul_Cyrl,hun_Latn,jinaai/jina-embeddings-v3,0.9978007808734214
mar_Deva,urd_Arab,intfloat/multilingual-e5-large,0.9977896817141668
ind_Latn,nno_Latn,jinaai/jina-embeddings-v5-text-small,0.997785398744478
apc_Arab,nob_Latn,jinaai/jina-embeddings-v3,0.9977839994144342
spa_Latn,mkd_Cyrl,jinaai/jina-embeddings-v3,0.9977814534761604
ind_Latn,urd_Arab,jinaai/jina-embeddings-v5-text-nano,0.9977777243897752
hun_Latn,kor_Hang,jinaai/jina-embeddings-v3,0.9977766798418972
fin_Latn,nld_Latn,jinaai/jina-embeddings-v3,0.9977766798418972
afr_Latn,khm_Khmr,jinaai/jina-embeddings-v3,0.9977766798418972
pol_Latn,fin_Latn,jinaai/jina-embeddings-v3,0.9977766798418972
fin_Latn,zsm_Latn,jinaai/jina-embeddings-v3,0.9977766798418972
ast_Latn,swe_Latn,jinaai/jina-embeddings-v3,0.9977766798418972
cym_Latn,eus_Latn,jinaai/jina-embeddings-v3,0.9977649162431772
zsm_Latn,sin_Sinh,intfloat/multilingual-e5-large,0.9977606385709152
bos_Latn,nno_Latn,jinaai/jina-embeddings-v3,0.9977524606680616
mal_Mlym,rus_Cyrl,jinaai/jina-embeddings-v3,0.9977329192546583
azj_Latn,vie_Latn,jinaai/jina-embeddings-v3,0.9977292609411408
hun_Latn,ind_Latn,jinaai/jina-embeddings-v5-text-small,0.9977272727272728
dan_Latn,khm_Khmr,jinaai/jina-embeddings-v3,0.9977272727272728
deu_Latn,mar_Deva,jinaai/jina-embeddings-v3,0.9977272727272728
est_Latn,slv_Latn,jinaai/jina-embeddings-v3,0.9977272727272728
jpn_Jpan,mkd_Cyrl,jinaai/jina-embeddings-v5-text-nano,0.9977272727272728
arz_Arab,ita_Latn,jinaai/jina-embeddings-v3,0.9977257042474432
oci_Latn,spa_Latn,jinaai/jina-embeddings-v5-text-small,0.997723397659459
cat_Latn,kat_Geor,jinaai/jina-embeddings-v3,0.99772178304787
hrv_Latn,fin_Latn,jinaai/jina-embeddings-v3,0.9977108036890646
hin_Deva,nno_Latn,jinaai/jina-embeddings-v5-text-small,0.9977074053161008
fra_Latn,tam_Taml,jinaai/jina-embeddings-v3,0.9976943346508564
est_Latn,hrv_Latn,jinaai/jina-embeddings-v3,0.9976943346508564
ces_Latn,guj_Gujr,jinaai/jina-embeddings-v3,0.9976943346508564
dan_Latn,pan_Guru,jinaai/jina-embeddings-v3,0.9976943346508564
heb_Hebr,mar_Deva,jinaai/jina-embeddings-v3,0.9976943346508564
jpn_Jpan,slv_Latn,jinaai/jina-embeddings-v3,0.9976943346508564
dan_Latn,mar_Deva,jinaai/jina-embeddings-v3,0.9976943346508564
kat_Geor,kan_Knda,jinaai/jina-embeddings-v3,0.9976943346508564
hye_Armn,pan_Guru,jinaai/jina-embeddings-v3,0.9976943346508564
kan_Knda,ukr_Cyrl,jinaai/jina-embeddings-v3,0.9976943346508564
slv_Latn,kor_Hang,jinaai/jina-embeddings-v3,0.9976943346508564
kor_Hang,als_Latn,jinaai/jina-embeddings-v3,0.9976943346508564
ben_Beng,kat_Geor,jinaai/jina-embeddings-v3,0.997670807453416
khm_Khmr,ron_Latn,jinaai/jina-embeddings-v3,0.997670807453416
hun_Latn,jpn_Jpan,jinaai/jina-embeddings-v3,0.997670807453416
hun_Latn,srp_Cyrl,jinaai/jina-embeddings-v3,0.99766139657444
arz_Arab,tur_Latn,jinaai/jina-embeddings-v3,0.997653162055336
pbt_Arab,ron_Latn,jinaai/jina-embeddings-v3,0.9976394378568292
ast_Latn,ind_Latn,jinaai/jina-embeddings-v5-text-nano,0.9976394378568292
guj_Gujr,mai_Deva,jinaai/jina-embeddings-v5-text-small,0.9976394378568292
fin_Latn,kor_Hang,jinaai/jina-embeddings-v3,0.9976284584980236
bel_Cyrl,nno_Latn,jinaai/jina-embeddings-v3,0.9976194753862738
cym_Latn,srp_Cyrl,jinaai/jina-embeddings-v3,0.9976194753862738
kat_Geor,kor_Hang,jinaai/jina-embeddings-v3,0.9976119894598156
ben_Beng,tgl_Latn,intfloat/multilingual-e5-large,0.9976119894598156
est_Latn,srp_Cyrl,jinaai/jina-embeddings-v3,0.9976119894598156
lvs_Latn,tha_Thai,jinaai/jina-embeddings-v3,0.9976119894598156
tam_Taml,tel_Telu,jinaai/jina-embeddings-v3,0.9976119894598156
kat_Geor,vie_Latn,jinaai/jina-embeddings-v3,0.9976119894598156
kan_Knda,slv_Latn,jinaai/jina-embeddings-v3,0.9976119894598154
arz_Arab,slv_Latn,jinaai/jina-embeddings-v3,0.9976056552143509
arz_Arab,ces_Latn,jinaai/jina-embeddings-v5-text-small,0.9976054156840602
isl_Latn,por_Latn,jinaai/jina-embeddings-v3,0.9976002258610954
arz_Arab,ind_Latn,jinaai/jina-embeddings-v5-text-small,0.9975914031620552
cym_Latn,tur_Latn,jinaai/jina-embeddings-v3,0.9975914031620552
hin_Deva,urd_Arab,jinaai/jina-embeddings-v3,0.9975895099731148
arz_Arab,por_Latn,jinaai/jina-embeddings-v3,0.99758777028598
cym_Latn,por_Latn,jinaai/jina-embeddings-v3,0.997584541062802
azj_Latn,slk_Latn,jinaai/jina-embeddings-v3,0.9975832481105066
afr_Latn,nno_Latn,jinaai/jina-embeddings-v3,0.9975766986636552
cym_Latn,ita_Latn,jinaai/jina-embeddings-v3,0.9975726069771438
nno_Latn,zho_Hans,jinaai/jina-embeddings-v5-text-small,0.9975676497415628
arz_Arab,hin_Deva,jinaai/jina-embeddings-v5-text-small,0.997562582345191
tgl_Latn,vie_Latn,intfloat/multilingual-e5-large,0.997562582345191
ind_Latn,sin_Sinh,jinaai/jina-embeddings-v3,0.997562582345191
isl_Latn,ita_Latn,jinaai/jina-embeddings-v3,0.997562582345191
jpn_Jpan,mar_Deva,jinaai/jina-embeddings-v3,0.997562582345191
pan_Guru,swe_Latn,jinaai/jina-embeddings-v5-text-small,0.997562582345191
eng_Latn,kir_Cyrl,jinaai/jina-embeddings-v3,0.997562582345191
cym_Latn,dan_Latn,jinaai/jina-embeddings-v3,0.9975563508172204
arz_Arab,heb_Hebr,jinaai/jina-embeddings-v3,0.9975549812506334
epo_Latn,urd_Arab,intfloat/multilingual-e5-large,0.997554347826087
est_Latn,mkd_Cyrl,jinaai/jina-embeddings-v3,0.9975521020481496
cym_Latn,heb_Hebr,jinaai/jina-embeddings-v3,0.9975490196078431
lao_Laoo,ukr_Cyrl,jinaai/jina-embeddings-v3,0.9975469800984677
est_Latn,spa_Latn,jinaai/jina-embeddings-v3,0.9975443926612
isl_Latn,nld_Latn,jinaai/jina-embeddings-v3,0.997544175773076
pan_Guru,tha_Thai,jinaai/jina-embeddings-v5-text-small,0.9975439651715644
cym_Latn,est_Latn,jinaai/jina-embeddings-v3,0.9975433684672816
kaz_Cyrl,swe_Latn,jinaai/jina-embeddings-v3,0.9975360582925816
nob_Latn,hun_Latn,jinaai/jina-embeddings-v5-text-small,0.9975352269935912
mal_Mlym,pan_Guru,jinaai/jina-embeddings-v3,0.9975341979198922
urd_Arab,vie_Latn,jinaai/jina-embeddings-v3,0.9975335968379448
jpn_Jpan,nob_Latn,jinaai/jina-embeddings-v5-text-small,0.9975335968379448
spa_Latn,hrv_Latn,jinaai/jina-embeddings-v3,0.9975335041996048
cat_Latn,mal_Mlym,jinaai/jina-embeddings-v3,0.9975332115694696
kan_Knda,mal_Mlym,jinaai/jina-embeddings-v3,0.9975327225936734
azj_Latn,cat_Latn,jinaai/jina-embeddings-v3,0.9975316284902456
als_Latn,urd_Arab,jinaai/jina-embeddings-v3,0.9975312562464131
azj_Latn,hrv_Latn,jinaai/jina-embeddings-v3,0.997531132434878
azj_Latn,glg_Latn,jinaai/jina-embeddings-v3,0.9975310974192048
azj_Latn,pol_Latn,jinaai/jina-embeddings-v3,0.9975310282215653
mag_Deva,urd_Arab,jinaai/jina-embeddings-v5-text-small,0.9975306324110672
est_Latn,hin_Deva,jinaai/jina-embeddings-v3,0.9975296442687748
kor_Hang,tam_Taml,jinaai/jina-embeddings-v3,0.9975296442687748
eng_Latn,kan_Knda,jinaai/jina-embeddings-v3,0.9975296442687748
bos_Latn,zho_Hant,jinaai/jina-embeddings-v3,0.9975296442687748
hun_Latn,zho_Hant,jinaai/jina-embeddings-v3,0.9975296442687748
kan_Knda,pol_Latn,jinaai/jina-embeddings-v3,0.9975296442687748
bos_Latn,zho_Hans,jinaai/jina-embeddings-v3,0.9975296442687748
hun_Latn,sin_Sinh,jinaai/jina-embeddings-v3,0.9975296442687748
ron_Latn,tgl_Latn,intfloat/multilingual-e5-large,0.9975296442687748
khm_Khmr,swe_Latn,jinaai/jina-embeddings-v3,0.9975296442687748
apc_Arab,fra_Latn,jinaai/jina-embeddings-v5-text-nano,0.9975296442687748
ell_Grek,hye_Armn,jinaai/jina-embeddings-v3,0.9975296442687748
mkd_Cyrl,pan_Guru,jinaai/jina-embeddings-v3,0.9975296442687748
acm_Arab,heb_Hebr,jinaai/jina-embeddings-v3,0.9975296442687748
eus_Latn,zho_Hant,jinaai/jina-embeddings-v3,0.9975296442687748
acm_Arab,slv_Latn,jinaai/jina-embeddings-v3,0.9975296442687748
lvs_Latn,zho_Hans,jinaai/jina-embeddings-v3,0.9975296442687748
apc_Arab,deu_Latn,jinaai/jina-embeddings-v5-text-small,0.9975296442687748
ast_Latn,srp_Cyrl,jinaai/jina-embeddings-v3,0.9975296442687748
hye_Armn,tha_Thai,jinaai/jina-embeddings-v3,0.9975296442687748
dan_Latn,kat_Geor,jinaai/jina-embeddings-v3,0.9975296442687748
hun_Latn,zho_Hans,jinaai/jina-embeddings-v3,0.9975296442687748
glg_Latn,pan_Guru,jinaai/jina-embeddings-v3,0.9975296442687748
bos_Latn,eus_Latn,jinaai/jina-embeddings-v3,0.9975296442687748
ast_Latn,bul_Cyrl,jinaai/jina-embeddings-v3,0.9975296442687748
heb_Hebr,eus_Latn,jinaai/jina-embeddings-v3,0.9975296442687748
eus_Latn,srp_Cyrl,jinaai/jina-embeddings-v3,0.9975296442687748
eus_Latn,pan_Guru,jinaai/jina-embeddings-v3,0.9975296442687748
epo_Latn,kan_Knda,jinaai/jina-embeddings-v3,0.9975296442687748
deu_Latn,oci_Latn,jinaai/jina-embeddings-v5-text-small,0.9975296442687748
arb_Arab,tel_Telu,jinaai/jina-embeddings-v3,0.9975296442687748
mar_Deva,tur_Latn,jinaai/jina-embeddings-v3,0.9975296442687748
ben_Beng,zho_Hant,jinaai/jina-embeddings-v5-text-small,0.9975296442687748
afr_Latn,zho_Hant,jinaai/jina-embeddings-v3,0.9975296442687748
zsm_Latn,tel_Telu,jinaai/jina-embeddings-v3,0.9975296442687748
apc_Arab,heb_Hebr,jinaai/jina-embeddings-v3,0.9975061170713344
cat_Latn,mar_Deva,jinaai/jina-embeddings-v3,0.9975061170713344
sin_Sinh,ukr_Cyrl,jinaai/jina-embeddings-v3,0.9975061170713344
afr_Latn,tel_Telu,jinaai/jina-embeddings-v3,0.9974802371541502
ind_Latn,mar_Deva,jinaai/jina-embeddings-v3,0.9974802371541502
pan_Guru,tur_Latn,jinaai/jina-embeddings-v3,0.9974802371541502
fin_Latn,epo_Latn,jinaai/jina-embeddings-v3,0.9974747474747476
kir_Cyrl,ukr_Cyrl,jinaai/jina-embeddings-v3,0.997463768115942
arz_Arab,ron_Latn,jinaai/jina-embeddings-v3,0.9974582784365392
bul_Cyrl,tgl_Latn,intfloat/multilingual-e5-large,0.997447299077734
isl_Latn,jpn_Jpan,jinaai/jina-embeddings-v3,0.997447299077734
heb_Hebr,kat_Geor,jinaai/jina-embeddings-v3,0.997447299077734
ell_Grek,est_Latn,jinaai/jina-embeddings-v3,0.9974472990777338
est_Latn,fin_Latn,jinaai/jina-embeddings-v3,0.9974355354790138
fin_Latn,mkd_Cyrl,jinaai/jina-embeddings-v3,0.9974237718802936
bul_Cyrl,nno_Latn,jinaai/jina-embeddings-v3,0.9974169613757716
mkd_Cyrl,nno_Latn,jinaai/jina-embeddings-v3,0.9974169613757716
rus_Cyrl,nno_Latn,jinaai/jina-embeddings-v3,0.997407916595062
afr_Latn,tha_Thai,jinaai/jina-embeddings-v5-text-small,0.9974061264822134
nno_Latn,hrv_Latn,jinaai/jina-embeddings-v5-text-small,0.9974029593594812
khm_Khmr,lvs_Latn,jinaai/jina-embeddings-v3,0.997401551749378
arz_Arab,vie_Latn,jinaai/jina-embeddings-v3,0.9973978919631092
fin_Latn,slv_Latn,jinaai/jina-embeddings-v3,0.9973978919631092
ind_Latn,oci_Latn,jinaai/jina-embeddings-v5-text-small,0.9973784900824806
nob_Latn,tha_Thai,jinaai/jina-embeddings-v3,0.9973779557589626
pan_Guru,als_Latn,jinaai/jina-embeddings-v3,0.9973743647656692
mar_Deva,nob_Latn,jinaai/jina-embeddings-v3,0.9973733279739176
nob_Latn,urd_Arab,jinaai/jina-embeddings-v3,0.9973733171230847
est_Latn,nob_Latn,jinaai/jina-embeddings-v3,0.9973728590250328
nob_Latn,zho_Hant,jinaai/jina-embeddings-v5-text-nano,0.9973711297760212
spa_Latn,eus_Latn,jinaai/jina-embeddings-v3,0.9973695075378104
azj_Latn,heb_Hebr,jinaai/jina-embeddings-v3,0.9973694251187858
deu_Latn,mal_Mlym,jinaai/jina-embeddings-v3,0.9973691057450648
por_Latn,azj_Latn,jinaai/jina-embeddings-v3,0.9973684704073068
afr_Latn,azj_Latn,jinaai/jina-embeddings-v3,0.997368236751452
spa_Latn,fin_Latn,jinaai/jina-embeddings-v3,0.997367843191642
fra_Latn,azj_Latn,jinaai/jina-embeddings-v3,0.9973678347680124
dan_Latn,azj_Latn,jinaai/jina-embeddings-v3,0.9973673698825182
cat_Latn,urd_Arab,jinaai/jina-embeddings-v3,0.9973673235324784
azj_Latn,ron_Latn,jinaai/jina-embeddings-v3,0.997367306606437
ron_Latn,urd_Arab,jinaai/jina-embeddings-v3,0.9973672626303672
slv_Latn,urd_Arab,jinaai/jina-embeddings-v3,0.9973669222976342
afr_Latn,urd_Arab,jinaai/jina-embeddings-v3,0.997366876342515
ind_Latn,eus_Latn,jinaai/jina-embeddings-v3,0.9973649538866932
pan_Guru,tel_Telu,jinaai/jina-embeddings-v3,0.9973649538866932
glg_Latn,sin_Sinh,jinaai/jina-embeddings-v3,0.9973649538866932
bul_Cyrl,oci_Latn,jinaai/jina-embeddings-v5-text-small,0.9973649538866932
bul_Cyrl,eus_Latn,jinaai/jina-embeddings-v3,0.9973649538866932
khm_Khmr,slv_Latn,jinaai/jina-embeddings-v3,0.9973649538866932
tha_Thai,ukr_Cyrl,jinaai/jina-embeddings-v5-text-small,0.9973649538866932
arb_Arab,eus_Latn,jinaai/jina-embeddings-v3,0.9973649538866932
eng_Latn,mag_Deva,jinaai/jina-embeddings-v5-text-small,0.9973649538866932
khm_Khmr,zsm_Latn,jinaai/jina-embeddings-v3,0.9973649538866932
deu_Latn,tam_Taml,jinaai/jina-embeddings-v5-text-small,0.9973649538866932
acm_Arab,hrv_Latn,jinaai/jina-embeddings-v3,0.9973649538866932
tha_Thai,zho_Hans,jinaai/jina-embeddings-v3,0.9973649538866932
eng_Latn,tam_Taml,jinaai/jina-embeddings-v3,0.9973649538866932
cat_Latn,cym_Latn,intfloat/multilingual-e5-large,0.9973649538866932
eus_Latn,isl_Latn,jinaai/jina-embeddings-v3,0.9973649538866932
dan_Latn,isl_Latn,jinaai/jina-embeddings-v3,0.9973649538866932
kir_Cyrl,lvs_Latn,jinaai/jina-embeddings-v3,0.9973649538866932
bel_Cyrl,zsm_Latn,jinaai/jina-embeddings-v3,0.9973649538866932
glg_Latn,kan_Knda,jinaai/jina-embeddings-v3,0.9973649538866932
dan_Latn,kir_Cyrl,jinaai/jina-embeddings-v3,0.9973649538866932
guj_Gujr,slv_Latn,jinaai/jina-embeddings-v3,0.9973649538866932
eng_Latn,isl_Latn,jinaai/jina-embeddings-v3,0.9973649538866932
kat_Geor,zsm_Latn,jinaai/jina-embeddings-v3,0.9973649538866932
lvs_Latn,zho_Hant,jinaai/jina-embeddings-v5-text-small,0.9973649538866932
cym_Latn,hun_Latn,jinaai/jina-embeddings-v3,0.9973649538866932
ind_Latn,bel_Cyrl,jinaai/jina-embeddings-v3,0.9973649538866932
hye_Armn,vie_Latn,jinaai/jina-embeddings-v3,0.9973649538866932
ben_Beng,tel_Telu,jinaai/jina-embeddings-v3,0.997364953886693
khm_Khmr,rus_Cyrl,jinaai/jina-embeddings-v3,0.997364953886693
eng_Latn,ast_Latn,jinaai/jina-embeddings-v5-text-small,0.997364953886693
arb_Arab,hye_Armn,jinaai/jina-embeddings-v3,0.997364953886693
pbt_Arab,ukr_Cyrl,jinaai/jina-embeddings-v3,0.997364953886693
eng_Latn,tel_Telu,jinaai/jina-embeddings-v3,0.997364953886693
mar_Deva,pol_Latn,jinaai/jina-embeddings-v3,0.997364953886693
glg_Latn,hye_Armn,jinaai/jina-embeddings-v3,0.997364953886693
ory_Orya,pan_Guru,jinaai/jina-embeddings-v3,0.997342995169082
isl_Latn,pol_Latn,jinaai/jina-embeddings-v3,0.9973414266892529
eng_Latn,lao_Laoo,jinaai/jina-embeddings-v3,0.9973375054896794
fin_Latn,srp_Cyrl,jinaai/jina-embeddings-v3,0.9973320158102766
snd_Arab,swe_Latn,jinaai/jina-embeddings-v3,0.9973155467720684
mal_Mlym,vie_Latn,jinaai/jina-embeddings-v3,0.9972954417124376
nno_Latn,tgl_Latn,intfloat/multilingual-e5-large,0.997290451094799
apc_Arab,mkd_Cyrl,jinaai/jina-embeddings-v3,0.9972880983750548
hin_Deva,mal_Mlym,jinaai/jina-embeddings-v3,0.9972863235163004
eng_Latn,urd_Arab,jinaai/jina-embeddings-v3,0.9972844020573446
als_Latn,zho_Hant,jinaai/jina-embeddings-v3,0.9972826086956522
eus_Latn,tgl_Latn,jinaai/jina-embeddings-v3,0.9972826086956522
khm_Khmr,tha_Thai,jinaai/jina-embeddings-v3,0.9972826086956522
afr_Latn,tgl_Latn,intfloat/multilingual-e5-large,0.9972826086956522
mag_Deva,sin_Sinh,intfloat/multilingual-e5-large,0.9972826086956522
tel_Telu,ukr_Cyrl,jinaai/jina-embeddings-v3,0.9972826086956522
hye_Armn,zsm_Latn,jinaai/jina-embeddings-v3,0.9972826086956522
hye_Armn,kan_Knda,jinaai/jina-embeddings-v3,0.9972826086956522
kan_Knda,pan_Guru,jinaai/jina-embeddings-v3,0.9972826086956522
nno_Latn,tur_Latn,jinaai/jina-embeddings-v3,0.997266139657444
isl_Latn,als_Latn,jinaai/jina-embeddings-v3,0.9972551602986384
arz_Arab,hrv_Latn,jinaai/jina-embeddings-v3,0.9972414361001316
npi_Deva,ron_Latn,jinaai/jina-embeddings-v3,0.9972403235162992
dan_Latn,urd_Arab,jinaai/jina-embeddings-v3,0.997235021364255
tam_Taml,tha_Thai,jinaai/jina-embeddings-v3,0.9972332015810276
heb_Hebr,hrv_Latn,jinaai/jina-embeddings-v3,0.9972332015810276
fin_Latn,jpn_Jpan,jinaai/jina-embeddings-v3,0.9972332015810276
bos_Latn,kan_Knda,jinaai/jina-embeddings-v3,0.9972332015810276
khk_Cyrl,srp_Cyrl,jinaai/jina-embeddings-v3,0.9972332015810276
kor_Hang,nno_Latn,jinaai/jina-embeddings-v5-text-small,0.997226970053057
arz_Arab,lvs_Latn,jinaai/jina-embeddings-v3,0.99722560048647
isl_Latn,ces_Latn,jinaai/jina-embeddings-v3,0.9972213776561604
npi_Deva,slk_Latn,jinaai/jina-embeddings-v3,0.9972084333661924
nob_Latn,heb_Hebr,jinaai/jina-embeddings-v3,0.9972057228542937
deu_Latn,azj_Latn,jinaai/jina-embeddings-v3,0.9972024116400298
ita_Latn,tel_Telu,jinaai/jina-embeddings-v3,0.9972002635046114
dan_Latn,kan_Knda,jinaai/jina-embeddings-v3,0.9972002635046114
ind_Latn,khm_Khmr,jinaai/jina-embeddings-v3,0.9972002635046114
sin_Sinh,tam_Taml,jinaai/jina-embeddings-v3,0.9972002635046114
mar_Deva,slv_Latn,jinaai/jina-embeddings-v3,0.9972002635046114
lvs_Latn,tgl_Latn,intfloat/multilingual-e5-large,0.9972002635046114
kan_Knda,por_Latn,jinaai/jina-embeddings-v3,0.9972002635046114
sin_Sinh,tha_Thai,jinaai/jina-embeddings-v3,0.9972002635046112
dan_Latn,sin_Sinh,jinaai/jina-embeddings-v3,0.9972002635046112
ces_Latn,isl_Latn,jinaai/jina-embeddings-v3,0.9972002635046112
azj_Latn,kor_Hang,jinaai/jina-embeddings-v3,0.997180063385597
apc_Arab,swe_Latn,jinaai/jina-embeddings-v3,0.9971767363071712
por_Latn,tgl_Latn,intfloat/multilingual-e5-large,0.9971767363071712
por_Latn,sin_Sinh,jinaai/jina-embeddings-v3,0.9971590909090908
ben_Beng,mai_Deva,jinaai/jina-embeddings-v5-text-small,0.9971590909090908
cym_Latn,hrv_Latn,jinaai/jina-embeddings-v3,0.9971590909090908
jpn_Jpan,als_Latn,jinaai/jina-embeddings-v3,0.9971590909090908
acm_Arab,hun_Latn,jinaai/jina-embeddings-v3,0.997145366710584
mar_Deva,sin_Sinh,intfloat/multilingual-e5-large,0.997145366710584
sin_Sinh,slv_Latn,jinaai/jina-embeddings-v3,0.9971179183135706
ell_Grek,fin_Latn,jinaai/jina-embeddings-v5-text-nano,0.9971179183135706
mkd_Cyrl,tgl_Latn,intfloat/multilingual-e5-large,0.9971179183135706
lvs_Latn,mar_Deva,jinaai/jina-embeddings-v3,0.9971179183135706
nno_Latn,tha_Thai,jinaai/jina-embeddings-v5-text-small,0.9971179183135706
arb_Arab,kat_Geor,jinaai/jina-embeddings-v3,0.9971179183135706
cat_Latn,kir_Cyrl,jinaai/jina-embeddings-v3,0.9971179183135706
kir_Cyrl,tha_Thai,jinaai/jina-embeddings-v3,0.9971179183135706
bos_Latn,cym_Latn,intfloat/multilingual-e5-large,0.9971179183135706
ron_Latn,tam_Taml,jinaai/jina-embeddings-v3,0.9971179183135706
kan_Knda,mar_Deva,jinaai/jina-embeddings-v3,0.9971179183135704
hye_Armn,sin_Sinh,jinaai/jina-embeddings-v3,0.9971061547148504
cym_Latn,spa_Latn,jinaai/jina-embeddings-v3,0.9971034522664955
azj_Latn,bel_Cyrl,jinaai/jina-embeddings-v3,0.9970989309515588
azj_Latn,srp_Cyrl,jinaai/jina-embeddings-v3,0.9970923413981714
pan_Guru,urd_Arab,jinaai/jina-embeddings-v3,0.997092016305121
ben_Beng,nno_Latn,jinaai/jina-embeddings-v5-text-small,0.9970904699165568
isl_Latn,slk_Latn,jinaai/jina-embeddings-v3,0.9970868101302884
bos_Latn,khm_Khmr,jinaai/jina-embeddings-v3,0.9970826275174102
nno_Latn,zho_Hant,jinaai/jina-embeddings-v3,0.9970804886812792
ita_Latn,nno_Latn,jinaai/jina-embeddings-v5-text-small,0.9970804886812792
arz_Arab,slk_Latn,jinaai/jina-embeddings-v5-text-small,0.9970750988142292
lvs_Latn,pan_Guru,jinaai/jina-embeddings-v3,0.9970750988142292
oci_Latn,slk_Latn,jinaai/jina-embeddings-v3,0.99707086391869
nld_Latn,azj_Latn,jinaai/jina-embeddings-v3,0.9970704487328528
azj_Latn,hye_Armn,jinaai/jina-embeddings-v3,0.9970690899428404
dan_Latn,tel_Telu,jinaai/jina-embeddings-v3,0.997068511198946
tam_Taml,ukr_Cyrl,jinaai/jina-embeddings-v3,0.997068511198946
pol_Latn,sin_Sinh,jinaai/jina-embeddings-v3,0.997068511198946
fin_Latn,hye_Armn,jinaai/jina-embeddings-v3,0.997068511198946
cym_Latn,pol_Latn,jinaai/jina-embeddings-v3,0.997067448680352
apc_Arab,spa_Latn,jinaai/jina-embeddings-v3,0.99706645256917
ast_Latn,mkd_Cyrl,jinaai/jina-embeddings-v3,0.9970622796709754
lao_Laoo,vie_Latn,jinaai/jina-embeddings-v3,0.9970575318401406
cym_Latn,zsm_Latn,jinaai/jina-embeddings-v3,0.9970557392917642
cat_Latn,kaz_Cyrl,jinaai/jina-embeddings-v3,0.9970525123841708
glg_Latn,kaz_Cyrl,jinaai/jina-embeddings-v3,0.9970485800615604
guj_Gujr,kaz_Cyrl,jinaai/jina-embeddings-v3,0.9970480892800544
eng_Latn,kaz_Cyrl,jinaai/jina-embeddings-v3,0.9970464845098298
ind_Latn,kaz_Cyrl,jinaai/jina-embeddings-v3,0.9970464725899508
hin_Deva,kaz_Cyrl,jinaai/jina-embeddings-v3,0.9970449944696692
bos_Latn,kaz_Cyrl,jinaai/jina-embeddings-v3,0.9970445170921804
bul_Cyrl,kaz_Cyrl,jinaai/jina-embeddings-v3,0.9970440540589868
eus_Latn,nob_Latn,jinaai/jina-embeddings-v3,0.9970426312817616
mal_Mlym,sin_Sinh,jinaai/jina-embeddings-v3,0.997041827187672
kaz_Cyrl,als_Latn,jinaai/jina-embeddings-v3,0.99704159257917
kaz_Cyrl,zsm_Latn,jinaai/jina-embeddings-v3,0.9970412838399688
kaz_Cyrl,kor_Hang,jinaai/jina-embeddings-v3,0.99704082378336
ces_Latn,azj_Latn,jinaai/jina-embeddings-v3,0.9970388779462503
heb_Hebr,urd_Arab,jinaai/jina-embeddings-v3,0.997038310358797
spa_Latn,sin_Sinh,jinaai/jina-embeddings-v3,0.9970377641253956
nob_Latn,tgl_Latn,intfloat/multilingual-e5-large,0.997037430532854
ben_Beng,urd_Arab,jinaai/jina-embeddings-v3,0.9970373895605672
por_Latn,urd_Arab,jinaai/jina-embeddings-v3,0.9970372856741632
azj_Latn,ind_Latn,jinaai/jina-embeddings-v3,0.9970372768161372
azj_Latn,fra_Latn,jinaai/jina-embeddings-v3,0.9970372422818076
bos_Latn,isl_Latn,jinaai/jina-embeddings-v3,0.9970355731225296
nld_Latn,tgl_Latn,intfloat/multilingual-e5-large,0.9970355731225296
ben_Beng,ory_Orya,jinaai/jina-embeddings-v3,0.9970355731225296
epo_Latn,tam_Taml,intfloat/multilingual-e5-large,0.9970355731225296
bul_Cyrl,hye_Armn,jinaai/jina-embeddings-v3,0.9970355731225296
guj_Gujr,zho_Hans,jinaai/jina-embeddings-v3,0.9970355731225296
eng_Latn,snd_Arab,jinaai/jina-embeddings-v3,0.9970355731225296
est_Latn,zho_Hans,jinaai/jina-embeddings-v3,0.9970355731225296
deu_Latn,khm_Khmr,jinaai/jina-embeddings-v3,0.9970355731225296
tam_Taml,tgl_Latn,intfloat/multilingual-e5-large,0.9970355731225296
acm_Arab,dan_Latn,jinaai/jina-embeddings-v3,0.9970355731225296
oci_Latn,nld_Latn,jinaai/jina-embeddings-v3,0.9970355731225296
afr_Latn,pan_Guru,jinaai/jina-embeddings-v3,0.9970355731225296
ell_Grek,pan_Guru,jinaai/jina-embeddings-v5-text-small,0.9970355731225296
swe_Latn,tam_Taml,jinaai/jina-embeddings-v3,0.9970355731225296
snd_Arab,ukr_Cyrl,jinaai/jina-embeddings-v3,0.9970355731225296
ast_Latn,tur_Latn,jinaai/jina-embeddings-v3,0.9970355731225296
eus_Latn,tha_Thai,jinaai/jina-embeddings-v3,0.9970355731225296
epo_Latn,zho_Hant,jinaai/jina-embeddings-v3,0.9970355731225296
ita_Latn,mar_Deva,intfloat/multilingual-e5-large,0.9970355731225296
ben_Beng,eus_Latn,jinaai/jina-embeddings-v3,0.9970355731225296
slv_Latn,zho_Hant,jinaai/jina-embeddings-v3,0.9970355731225296
bel_Cyrl,ind_Latn,jinaai/jina-embeddings-v3,0.9970355731225296
hin_Deva,ory_Orya,jinaai/jina-embeddings-v3,0.9970355731225296
apc_Arab,vie_Latn,jinaai/jina-embeddings-v5-text-small,0.9970120459250894
fra_Latn,jav_Latn,intfloat/multilingual-e5-large,0.9970120459250894
slv_Latn,tgl_Latn,jinaai/jina-embeddings-v3,0.9970120459250892
bel_Cyrl,pan_Guru,jinaai/jina-embeddings-v3,0.9969944005270092
ell_Grek,hun_Latn,jinaai/jina-embeddings-v3,0.9969944005270092
arz_Arab,dan_Latn,jinaai/jina-embeddings-v3,0.9969861660079052
nno_Latn,hun_Latn,jinaai/jina-embeddings-v5-text-small,0.9969806763285024
cym_Latn,rus_Cyrl,jinaai/jina-embeddings-v3,0.9969614624505928
azj_Latn,zsm_Latn,jinaai/jina-embeddings-v3,0.9969549768559004
bos_Latn,uzn_Latn,intfloat/multilingual-e5-large,0.9969544170317204
ast_Latn,hrv_Latn,jinaai/jina-embeddings-v3,0.9969532279314888
ita_Latn,kan_Knda,jinaai/jina-embeddings-v3,0.9969532279314888
eus_Latn,fin_Latn,jinaai/jina-embeddings-v3,0.9969532279314888
ind_Latn,tam_Taml,jinaai/jina-embeddings-v3,0.9969532279314888
bel_Cyrl,tel_Telu,jinaai/jina-embeddings-v3,0.9969532279314888
hun_Latn,eus_Latn,jinaai/jina-embeddings-v3,0.9969468936860242
arz_Arab,bul_Cyrl,jinaai/jina-embeddings-v5-text-nano,0.9969449934123849
cat_Latn,tel_Telu,jinaai/jina-embeddings-v3,0.9969414643327688
afr_Latn,sin_Sinh,jinaai/jina-embeddings-v3,0.9969297007340484
lao_Laoo,ron_Latn,jinaai/jina-embeddings-v3,0.9969083123727392
arz_Arab,bos_Latn,jinaai/jina-embeddings-v3,0.9969074806031328
hye_Armn,tel_Telu,jinaai/jina-embeddings-v3,0.9969049566126028
ast_Latn,dan_Latn,jinaai/jina-embeddings-v5-text-nano,0.9969038208168644
cym_Latn,slv_Latn,jinaai/jina-embeddings-v3,0.9969038208168642
bho_Deva,eng_Latn,jinaai/jina-embeddings-v5-text-small,0.9969038208168642
acm_Arab,spa_Latn,jinaai/jina-embeddings-v3,0.9969027582982702
lao_Laoo,swe_Latn,jinaai/jina-embeddings-v3,0.9968865675387416
isl_Latn,kat_Geor,jinaai/jina-embeddings-v3,0.9968844189362356
kaz_Cyrl,lvs_Latn,jinaai/jina-embeddings-v3,0.9968806416004856
apc_Arab,hrv_Latn,jinaai/jina-embeddings-v3,0.996880293619424
hye_Armn,kaz_Cyrl,jinaai/jina-embeddings-v3,0.9968793976382392
mal_Mlym,als_Latn,jinaai/jina-embeddings-v3,0.9968783686669064
kaz_Cyrl,srp_Cyrl,jinaai/jina-embeddings-v3,0.996878027494534
deu_Latn,urd_Arab,intfloat/multilingual-e5-large,0.9968763724198508
spa_Latn,kan_Knda,jinaai/jina-embeddings-v3,0.9968759501368196
dan_Latn,mal_Mlym,jinaai/jina-embeddings-v3,0.9968754787511108
azj_Latn,khm_Khmr,jinaai/jina-embeddings-v3,0.9968754574732837
spa_Latn,azj_Latn,jinaai/jina-embeddings-v3,0.996875272484566
spa_Latn,tam_Taml,jinaai/jina-embeddings-v3,0.9968742437686536
kat_Geor,mal_Mlym,jinaai/jina-embeddings-v3,0.9968741439361328
ind_Latn,azj_Latn,jinaai/jina-embeddings-v3,0.9968737304127606
swe_Latn,azj_Latn,jinaai/jina-embeddings-v3,0.9968732023232942
sin_Sinh,urd_Arab,jinaai/jina-embeddings-v3,0.9968722513585816
tur_Latn,urd_Arab,jinaai/jina-embeddings-v3,0.9968721561196908
deu_Latn,eus_Latn,jinaai/jina-embeddings-v3,0.996870882740448
afr_Latn,ast_Latn,jinaai/jina-embeddings-v3,0.996870882740448
ast_Latn,jpn_Jpan,jinaai/jina-embeddings-v3,0.996870882740448
ind_Latn,kan_Knda,jinaai/jina-embeddings-v3,0.996870882740448
pbt_Arab,srp_Cyrl,jinaai/jina-embeddings-v3,0.996870882740448
epo_Latn,pan_Guru,jinaai/jina-embeddings-v3,0.996870882740448
acm_Arab,fra_Latn,jinaai/jina-embeddings-v3,0.996870882740448
heb_Hebr,zho_Hans,jinaai/jina-embeddings-v3,0.996870882740448
cym_Latn,tel_Telu,jinaai/jina-embeddings-v3,0.996870882740448
ita_Latn,eus_Latn,jinaai/jina-embeddings-v3,0.996870882740448
deu_Latn,pan_Guru,jinaai/jina-embeddings-v5-text-small,0.996870882740448
dan_Latn,tam_Taml,jinaai/jina-embeddings-v3,0.996870882740448
kir_Cyrl,sin_Sinh,jinaai/jina-embeddings-v3,0.996870882740448
arz_Arab,fra_Latn,jinaai/jina-embeddings-v5-text-small,0.996870882740448
srp_Cyrl,tam_Taml,jinaai/jina-embeddings-v3,0.996870882740448
tha_Thai,zho_Hant,jinaai/jina-embeddings-v3,0.996870882740448
ell_Grek,sin_Sinh,jinaai/jina-embeddings-v3,0.996870882740448
afr_Latn,ory_Orya,jinaai/jina-embeddings-v3,0.996870882740448
ces_Latn,ast_Latn,jinaai/jina-embeddings-v5-text-small,0.996870882740448
khk_Cyrl,tha_Thai,jinaai/jina-embeddings-v3,0.996870882740448
heb_Hebr,hun_Latn,jinaai/jina-embeddings-v3,0.996870882740448
ell_Grek,guj_Gujr,jinaai/jina-embeddings-v3,0.996870882740448
azj_Latn,rus_Cyrl,jinaai/jina-embeddings-v3,0.9968608995782908
vec_Latn,ita_Latn,jinaai/jina-embeddings-v3,0.9968489240228372
spa_Latn,nno_Latn,jinaai/jina-embeddings-v5-text-small,0.9968377941577284
azj_Latn,mkd_Cyrl,jinaai/jina-embeddings-v3,0.996808326423176
fin_Latn,spa_Latn,jinaai/jina-embeddings-v3,0.9968015394216768
mai_Deva,urd_Arab,intfloat/multilingual-e5-large,0.9968012060403364
mai_Deva,sin_Sinh,jinaai/jina-embeddings-v3,0.9967960234758654
fin_Latn,heb_Hebr,jinaai/jina-embeddings-v3,0.9967924587489804
oci_Latn,ukr_Cyrl,jinaai/jina-embeddings-v3,0.9967885375494072
heb_Hebr,nno_Latn,jinaai/jina-embeddings-v3,0.9967885375494072
est_Latn,isl_Latn,jinaai/jina-embeddings-v3,0.9967885375494072
ast_Latn,est_Latn,jinaai/jina-embeddings-v3,0.9967885375494072
kat_Geor,mar_Deva,jinaai/jina-embeddings-v3,0.9967885375494072
pan_Guru,pol_Latn,jinaai/jina-embeddings-v3,0.9967885375494072
bul_Cyrl,ast_Latn,jinaai/jina-embeddings-v3,0.9967885375494072
ita_Latn,tam_Taml,intfloat/multilingual-e5-large,0.9967885375494072
ell_Grek,azj_Latn,jinaai/jina-embeddings-v3,0.9967688255731736
ben_Beng,lao_Laoo,jinaai/jina-embeddings-v3,0.99675616737086
acm_Arab,fin_Latn,jinaai/jina-embeddings-v3,0.9967485413137586
kir_Cyrl,nob_Latn,jinaai/jina-embeddings-v3,0.9967477229764564
npi_Deva,swe_Latn,jinaai/jina-embeddings-v3,0.9967473705689696
est_Latn,nno_Latn,jinaai/jina-embeddings-v3,0.9967473649538866
mar_Deva,npi_Deva,jinaai/jina-embeddings-v3,0.9967424549640548
swe_Latn,urd_Arab,jinaai/jina-embeddings-v3,0.9967406413557192
eus_Latn,ell_Grek,jinaai/jina-embeddings-v3,0.9967391304347828
glg_Latn,isl_Latn,jinaai/jina-embeddings-v3,0.9967391304347828
mai_Deva,ory_Orya,intfloat/multilingual-e5-large,0.9967391304347828
kat_Geor,kir_Cyrl,jinaai/jina-embeddings-v3,0.9967391304347828
isl_Latn,ukr_Cyrl,jinaai/jina-embeddings-v3,0.9967391304347828
ita_Latn,khm_Khmr,jinaai/jina-embeddings-v3,0.9967391304347828
mkd_Cyrl,sin_Sinh,jinaai/jina-embeddings-v3,0.9967391304347828
heb_Hebr,tam_Taml,jinaai/jina-embeddings-v3,0.9967391304347828
fin_Latn,zho_Hans,jinaai/jina-embeddings-v3,0.9967391304347828
guj_Gujr,snd_Arab,jinaai/jina-embeddings-v3,0.9967391304347828
ast_Latn,fin_Latn,jinaai/jina-embeddings-v3,0.9967336407553798
cym_Latn,ind_Latn,jinaai/jina-embeddings-v3,0.9967238377564464
kaz_Cyrl,slv_Latn,jinaai/jina-embeddings-v3,0.9967178317774488
mal_Mlym,slk_Latn,jinaai/jina-embeddings-v3,0.996711838885752
spa_Latn,pan_Guru,jinaai/jina-embeddings-v3,0.9967115920430248
mal_Mlym,tha_Thai,jinaai/jina-embeddings-v3,0.99671027559098
mal_Mlym,tel_Telu,jinaai/jina-embeddings-v3,0.9967096840272442
spa_Latn,hye_Armn,jinaai/jina-embeddings-v3,0.996708999580788
ita_Latn,azj_Latn,jinaai/jina-embeddings-v3,0.996708907034994
spa_Latn,kir_Cyrl,jinaai/jina-embeddings-v3,0.996708359337078
khk_Cyrl,nld_Latn,jinaai/jina-embeddings-v3,0.9967061923583664
khk_Cyrl,swe_Latn,jinaai/jina-embeddings-v3,0.9967061923583664
cat_Latn,tgl_Latn,jinaai/jina-embeddings-v3,0.9967061923583664
hun_Latn,khm_Khmr,jinaai/jina-embeddings-v3,0.9967061923583664
afr_Latn,kan_Knda,jinaai/jina-embeddings-v3,0.9967061923583664
hrv_Latn,eus_Latn,jinaai/jina-embeddings-v3,0.9967061923583664
hrv_Latn,mar_Deva,jinaai/jina-embeddings-v3,0.9967061923583662
apc_Arab,tur_Latn,jinaai/jina-embeddings-v3,0.9967061923583662
apc_Arab,zho_Hant,jinaai/jina-embeddings-v5-text-small,0.9967061923583662
ory_Orya,rus_Cyrl,jinaai/jina-embeddings-v5-text-small,0.9967061923583662
cym_Latn,mkd_Cyrl,jinaai/jina-embeddings-v3,0.9967056452142398
cym_Latn,nob_Latn,jinaai/jina-embeddings-v3,0.9966913330757724
oci_Latn,slv_Latn,jinaai/jina-embeddings-v3,0.996682665160926
cym_Latn,guj_Gujr,jinaai/jina-embeddings-v3,0.996682665160926
khm_Khmr,por_Latn,jinaai/jina-embeddings-v3,0.996682665160926
guj_Gujr,tam_Taml,intfloat/multilingual-e5-large,0.996682665160926
cym_Latn,nld_Latn,jinaai/jina-embeddings-v3,0.996682665160926
lvs_Latn,nno_Latn,jinaai/jina-embeddings-v5-text-small,0.9966668098756948
apc_Arab,jpn_Jpan,jinaai/jina-embeddings-v3,0.996666623889944
cat_Latn,khm_Khmr,jinaai/jina-embeddings-v3,0.9966650197628458
glg_Latn,nno_Latn,jinaai/jina-embeddings-v5-text-nano,0.9966650197628458
kaz_Cyrl,rus_Cyrl,jinaai/jina-embeddings-v3,0.996656406076696
isl_Latn,tur_Latn,jinaai/jina-embeddings-v3,0.9966534914361002
isl_Latn,vie_Latn,jinaai/jina-embeddings-v3,0.9966485507246376
arz_Arab,rus_Cyrl,jinaai/jina-embeddings-v3,0.9966429165799876
ben_Beng,tam_Taml,jinaai/jina-embeddings-v3,0.9966403162055336
ind_Latn,isl_Latn,jinaai/jina-embeddings-v3,0.9966332580463017
mal_Mlym,mar_Deva,jinaai/jina-embeddings-v3,0.9966324397089992
ell_Grek,oci_Latn,jinaai/jina-embeddings-v5-text-small,0.9966313330937836
afr_Latn,ben_Beng,jinaai/jina-embeddings-v3,0.9966313330937836
eus_Latn,khm_Khmr,jinaai/jina-embeddings-v3,0.9966313330937836
mal_Mlym,zsm_Latn,jinaai/jina-embeddings-v3,0.9966294298921418
snd_Arab,tel_Telu,jinaai/jina-embeddings-v3,0.9966238471673254
hye_Armn,mar_Deva,jinaai/jina-embeddings-v3,0.9966238471673254
hin_Deva,isl_Latn,jinaai/jina-embeddings-v3,0.9966238471673254
khk_Cyrl,slk_Latn,jinaai/jina-embeddings-v3,0.9966238471673254
heb_Hebr,hye_Armn,jinaai/jina-embeddings-v3,0.9966238471673252
kaz_Cyrl,mkd_Cyrl,jinaai/jina-embeddings-v3,0.9965873226697464
nno_Latn,heb_Hebr,jinaai/jina-embeddings-v3,0.9965826745718048
lvs_Latn,mal_Mlym,jinaai/jina-embeddings-v3,0.9965780202783984
glg_Latn,mar_Deva,jinaai/jina-embeddings-v3,0.9965744400527008
arb_Arab,mar_Deva,intfloat/multilingual-e5-large,0.9965744400527008
est_Latn,mar_Deva,jinaai/jina-embeddings-v3,0.9965744400527008
cym_Latn,fra_Latn,jinaai/jina-embeddings-v3,0.996569734613213
guj_Gujr,tgl_Latn,intfloat/multilingual-e5-large,0.9965634606938956
lao_Laoo,tha_Thai,jinaai/jina-embeddings-v3,0.9965605047126784
khm_Khmr,nld_Latn,jinaai/jina-embeddings-v3,0.9965591473743648
epo_Latn,kaz_Cyrl,jinaai/jina-embeddings-v3,0.9965572471007254
hrv_Latn,sin_Sinh,intfloat/multilingual-e5-large,0.996555038172072
deu_Latn,kaz_Cyrl,jinaai/jina-embeddings-v3,0.9965546865825712
mal_Mlym,nob_Latn,jinaai/jina-embeddings-v3,0.9965536299449342
ben_Beng,kaz_Cyrl,jinaai/jina-embeddings-v3,0.9965528935169986
est_Latn,kaz_Cyrl,jinaai/jina-embeddings-v3,0.9965524370310008
mal_Mlym,ind_Latn,jinaai/jina-embeddings-v3,0.9965511896458188
kaz_Cyrl,por_Latn,jinaai/jina-embeddings-v3,0.9965494209965724
kaz_Cyrl,nld_Latn,jinaai/jina-embeddings-v3,0.9965478685090176
mal_Mlym,slv_Latn,jinaai/jina-embeddings-v3,0.9965469613259668
npi_Deva,tur_Latn,jinaai/jina-embeddings-v3,0.996546117402583
ind_Latn,mal_Mlym,jinaai/jina-embeddings-v3,0.9965451890743908
mkd_Cyrl,mal_Mlym,jinaai/jina-embeddings-v3,0.9965445803011832
spa_Latn,mar_Deva,jinaai/jina-embeddings-v3,0.9965444783084908
ukr_Cyrl,urd_Arab,jinaai/jina-embeddings-v3,0.9965440421878332
lvs_Latn,urd_Arab,jinaai/jina-embeddings-v3,0.9965434059113376
spa_Latn,ast_Latn,jinaai/jina-embeddings-v5-text-small,0.99654338415208
ita_Latn,urd_Arab,jinaai/jina-embeddings-v3,0.9965433699201268
arb_Arab,urd_Arab,jinaai/jina-embeddings-v3,0.996543173959859
heb_Hebr,zho_Hant,jinaai/jina-embeddings-v3,0.9965415019762844
hin_Deva,kir_Cyrl,jinaai/jina-embeddings-v3,0.9965415019762844
ben_Beng,hun_Latn,jinaai/jina-embeddings-v3,0.9965415019762844
deu_Latn,ast_Latn,jinaai/jina-embeddings-v3,0.9965415019762844
oci_Latn,swe_Latn,jinaai/jina-embeddings-v5-text-small,0.9965415019762844
epo_Latn,zho_Hans,jinaai/jina-embeddings-v3,0.9965415019762844
bel_Cyrl,kir_Cyrl,jinaai/jina-embeddings-v3,0.9965415019762844
pan_Guru,zho_Hans,jinaai/jina-embeddings-v5-text-small,0.9965415019762844
est_Latn,eus_Latn,jinaai/jina-embeddings-v3,0.9965415019762844
jpn_Jpan,hrv_Latn,jinaai/jina-embeddings-v3,0.9965415019762844
heb_Hebr,tel_Telu,jinaai/jina-embeddings-v3,0.9965415019762844
apc_Arab,ind_Latn,jinaai/jina-embeddings-v5-text-small,0.9965415019762844
kor_Hang,eus_Latn,jinaai/jina-embeddings-v3,0.9965415019762844
deu_Latn,kan_Knda,jinaai/jina-embeddings-v3,0.9965415019762844
fra_Latn,khm_Khmr,jinaai/jina-embeddings-v3,0.9965415019762844
isl_Latn,rus_Cyrl,jinaai/jina-embeddings-v3,0.9965337518406572
mkd_Cyrl,tam_Taml,jinaai/jina-embeddings-v3,0.9965003293807642
kir_Cyrl,mkd_Cyrl,jinaai/jina-embeddings-v3,0.9965003293807642
tel_Telu,vie_Latn,jinaai/jina-embeddings-v3,0.996500329380764
hrv_Latn,kir_Cyrl,jinaai/jina-embeddings-v3,0.996500329380764
hun_Latn,mar_Deva,jinaai/jina-embeddings-v3,0.99649209486166
ind_Latn,kir_Cyrl,jinaai/jina-embeddings-v3,0.99649209486166
ceb_Latn,jav_Latn,intfloat/multilingual-e5-large,0.99649209486166
fin_Latn,nob_Latn,jinaai/jina-embeddings-v3,0.9964658334223552
fin_Latn,als_Latn,intfloat/multilingual-e5-large,0.9964591567852438
khm_Khmr,ind_Latn,jinaai/jina-embeddings-v3,0.9964591567852438
arb_Arab,tam_Taml,jinaai/jina-embeddings-v5-text-small,0.9964591567852438
mkd_Cyrl,tel_Telu,jinaai/jina-embeddings-v3,0.9964591567852435
por_Latn,tam_Taml,jinaai/jina-embeddings-v3,0.996452822539779
hye_Armn,khm_Khmr,jinaai/jina-embeddings-v3,0.996452822539779
pbt_Arab,por_Latn,jinaai/jina-embeddings-v3,0.9964473931865236
ory_Orya,por_Latn,jinaai/jina-embeddings-v5-text-small,0.9964356295878036
epo_Latn,nno_Latn,jinaai/jina-embeddings-v3,0.99643170838823
khm_Khmr,mkd_Cyrl,jinaai/jina-embeddings-v3,0.9964288190832814
hrv_Latn,nno_Latn,jinaai/jina-embeddings-v3,0.9964262187088274
cym_Latn,tha_Thai,jinaai/jina-embeddings-v3,0.9964108854663576
oci_Latn,srp_Cyrl,jinaai/jina-embeddings-v3,0.9964097496706192
arb_Arab,khm_Khmr,jinaai/jina-embeddings-v3,0.9964097496706192
mkd_Cyrl,oci_Latn,jinaai/jina-embeddings-v5-text-small,0.9964086871520252
lao_Laoo,sin_Sinh,jinaai/jina-embeddings-v3,0.9964086871520252
lao_Laoo,rus_Cyrl,jinaai/jina-embeddings-v3,0.9964003387916432
nob_Latn,tam_Taml,jinaai/jina-embeddings-v3,0.996398770311814
nno_Latn,ell_Grek,jinaai/jina-embeddings-v3,0.996398770311814
isl_Latn,tha_Thai,jinaai/jina-embeddings-v3,0.9963944569922832
fra_Latn,kaz_Cyrl,jinaai/jina-embeddings-v3,0.996391839591568
arb_Arab,kaz_Cyrl,jinaai/jina-embeddings-v3,0.996387450519004
afr_Latn,kaz_Cyrl,jinaai/jina-embeddings-v3,0.9963868760064412
kat_Geor,kaz_Cyrl,jinaai/jina-embeddings-v3,0.9963864775516328
kaz_Cyrl,kir_Cyrl,jinaai/jina-embeddings-v3,0.9963830423512116
bul_Cyrl,urd_Arab,jinaai/jina-embeddings-v3,0.9963797879264092
azj_Latn,ell_Grek,jinaai/jina-embeddings-v3,0.99637911495619
ces_Latn,urd_Arab,jinaai/jina-embeddings-v3,0.996378686627016
hun_Latn,urd_Arab,jinaai/jina-embeddings-v3,0.9963786414873372
ars_Arab,urd_Arab,jinaai/jina-embeddings-v3,0.996378492108306
tam_Taml,urd_Arab,jinaai/jina-embeddings-v3,0.9963780093424364
arb_Arab,sin_Sinh,jinaai/jina-embeddings-v3,0.9963768115942028
fin_Latn,tha_Thai,jinaai/jina-embeddings-v3,0.9963768115942028
ces_Latn,eus_Latn,jinaai/jina-embeddings-v3,0.9963768115942028
bos_Latn,tel_Telu,jinaai/jina-embeddings-v3,0.9963768115942028
bos_Latn,tam_Taml,intfloat/multilingual-e5-large,0.9963768115942028
eus_Latn,sin_Sinh,jinaai/jina-embeddings-v3,0.9963768115942028
eng_Latn,khk_Cyrl,jinaai/jina-embeddings-v3,0.9963768115942028
als_Latn,tel_Telu,jinaai/jina-embeddings-v3,0.9963768115942028
bel_Cyrl,tam_Taml,jinaai/jina-embeddings-v3,0.9963768115942028
ita_Latn,isl_Latn,jinaai/jina-embeddings-v3,0.9963768115942028
kir_Cyrl,vie_Latn,jinaai/jina-embeddings-v3,0.9963768115942028
kir_Cyrl,pol_Latn,jinaai/jina-embeddings-v3,0.9963768115942028
bho_Deva,hin_Deva,jinaai/jina-embeddings-v5-text-nano,0.9963768115942028
nld_Latn,eus_Latn,jinaai/jina-embeddings-v3,0.9963768115942028
slk_Latn,eus_Latn,jinaai/jina-embeddings-v3,0.9963768115942028
ces_Latn,mar_Deva,jinaai/jina-embeddings-v3,0.9963768115942028
bel_Cyrl,fin_Latn,jinaai/jina-embeddings-v3,0.9963650479954828
khm_Khmr,srp_Cyrl,jinaai/jina-embeddings-v3,0.996354852876592
bul_Cyrl,kir_Cyrl,jinaai/jina-embeddings-v3,0.9963532843967626
hun_Latn,kat_Geor,jinaai/jina-embeddings-v3,0.9963356389986826
spa_Latn,kat_Geor,jinaai/jina-embeddings-v3,0.996330765507784
rus_Cyrl,tgl_Latn,intfloat/multilingual-e5-large,0.9963305532323184
arz_Arab,glg_Latn,jinaai/jina-embeddings-v3,0.9963297571993224
hin_Deva,kat_Geor,jinaai/jina-embeddings-v3,0.9963274044795783
arz_Arab,als_Latn,jinaai/jina-embeddings-v3,0.9963219148001756
cym_Latn,hin_Deva,jinaai/jina-embeddings-v3,0.9963219148001756
cym_Latn,sin_Sinh,jinaai/jina-embeddings-v3,0.9963219148001756
dan_Latn,kaz_Cyrl,jinaai/jina-embeddings-v3,0.9963091535346238
spa_Latn,isl_Latn,jinaai/jina-embeddings-v3,0.9962970464091476
tha_Thai,urd_Arab,jinaai/jina-embeddings-v3,0.996295518737872
pbt_Arab,tur_Latn,jinaai/jina-embeddings-v3,0.996294466403162
por_Latn,snd_Arab,intfloat/multilingual-e5-large,0.996294466403162
lvs_Latn,sin_Sinh,jinaai/jina-embeddings-v3,0.996294466403162
hrv_Latn,kan_Knda,jinaai/jina-embeddings-v3,0.996294466403162
azj_Latn,sin_Sinh,jinaai/jina-embeddings-v3,0.9962510389190432
npi_Deva,als_Latn,jinaai/jina-embeddings-v3,0.9962508852286736
npi_Deva,srp_Cyrl,jinaai/jina-embeddings-v3,0.9962502063852072
isl_Latn,mkd_Cyrl,jinaai/jina-embeddings-v3,0.9962501266849092
rus_Cyrl,urd_Arab,jinaai/jina-embeddings-v3,0.9962470717982982
eng_Latn,jav_Latn,intfloat/multilingual-e5-large,0.9962450592885376
arz_Arab,ell_Grek,jinaai/jina-embeddings-v3,0.9962450592885376
bel_Cyrl,kat_Geor,jinaai/jina-embeddings-v3,0.9962450592885376
guj_Gujr,khm_Khmr,jinaai/jina-embeddings-v3,0.9962450592885376
hye_Armn,kir_Cyrl,jinaai/jina-embeddings-v3,0.9962450592885376
lao_Laoo,tam_Taml,jinaai/jina-embeddings-v3,0.9962368247694334
khm_Khmr,ukr_Cyrl,jinaai/jina-embeddings-v3,0.9962215320910972
kaz_Cyrl,tha_Thai,jinaai/jina-embeddings-v3,0.9962171912246486
afr_Latn,mal_Mlym,jinaai/jina-embeddings-v3,0.9962162044447348
bul_Cyrl,mal_Mlym,jinaai/jina-embeddings-v3,0.996215794603543
bul_Cyrl,azj_Latn,jinaai/jina-embeddings-v3,0.9962150275129814
kor_Hang,mal_Mlym,jinaai/jina-embeddings-v3,0.9962149204820716
khm_Khmr,urd_Arab,jinaai/jina-embeddings-v3,0.996213618397413
azj_Latn,fin_Latn,jinaai/jina-embeddings-v3,0.9962136093782245
ces_Latn,kan_Knda,jinaai/jina-embeddings-v3,0.9962121212121212
glg_Latn,tel_Telu,jinaai/jina-embeddings-v3,0.9962121212121212
est_Latn,zho_Hant,jinaai/jina-embeddings-v3,0.9962121212121212
fra_Latn,isl_Latn,jinaai/jina-embeddings-v3,0.9962121212121212
cat_Latn,jav_Latn,intfloat/multilingual-e5-large,0.9962121212121212
ars_Arab,isl_Latn,jinaai/jina-embeddings-v3,0.9962121212121212
eng_Latn,oci_Latn,jinaai/jina-embeddings-v5-text-small,0.9962121212121212
ind_Latn,tel_Telu,jinaai/jina-embeddings-v3,0.9962121212121212
kat_Geor,slv_Latn,jinaai/jina-embeddings-v3,0.9962121212121212
npi_Deva,nob_Latn,jinaai/jina-embeddings-v3,0.9962013515571112
ces_Latn,kir_Cyrl,jinaai/jina-embeddings-v3,0.996195652173913
hin_Deva,npi_Deva,jinaai/jina-embeddings-v3,0.9961917646195072
fin_Latn,nno_Latn,jinaai/jina-embeddings-v3,0.9961817835101588
hrv_Latn,kaz_Cyrl,jinaai/jina-embeddings-v3,0.9961815811000594
pan_Guru,tam_Taml,jinaai/jina-embeddings-v5-text-small,0.9961709486166008
sin_Sinh,snd_Arab,jinaai/jina-embeddings-v3,0.9961544795783926
apc_Arab,hun_Latn,jinaai/jina-embeddings-v3,0.9961462450592886
bel_Cyrl,kaz_Cyrl,jinaai/jina-embeddings-v3,0.9961386586026932
bul_Cyrl,pan_Guru,jinaai/jina-embeddings-v3,0.9961372619475388
cym_Latn,hye_Armn,jinaai/jina-embeddings-v3,0.9961372619475386
spa_Latn,guj_Gujr,jinaai/jina-embeddings-v3,0.996134350753916
azj_Latn,guj_Gujr,jinaai/jina-embeddings-v3,0.9961336209327244
hrv_Latn,mal_Mlym,jinaai/jina-embeddings-v3,0.9961325595204958
zsm_Latn,urd_Arab,jinaai/jina-embeddings-v5-text-small,0.9961308053359684
mar_Deva,tha_Thai,jinaai/jina-embeddings-v3,0.9961297760210804
ita_Latn,sin_Sinh,intfloat/multilingual-e5-large,0.9961297760210804
fin_Latn,tgl_Latn,intfloat/multilingual-e5-large,0.9961297760210804
ast_Latn,pol_Latn,jinaai/jina-embeddings-v3,0.9961297760210804
fin_Latn,zho_Hant,jinaai/jina-embeddings-v3,0.9961297760210804
por_Latn,tel_Telu,jinaai/jina-embeddings-v3,0.9961297760210804
arz_Arab,zho_Hant,jinaai/jina-embeddings-v5-text-small,0.9961297760210804
heb_Hebr,kan_Knda,jinaai/jina-embeddings-v3,0.9961297760210804
epo_Latn,oci_Latn,intfloat/multilingual-e5-large,0.996128841607565
deu_Latn,lao_Laoo,jinaai/jina-embeddings-v3,0.9961234417756156
heb_Hebr,npi_Deva,jinaai/jina-embeddings-v3,0.9961206325566916
fin_Latn,guj_Gujr,jinaai/jina-embeddings-v3,0.9961180124223602
oci_Latn,rus_Cyrl,jinaai/jina-embeddings-v3,0.9961091897233202
azj_Latn,tha_Thai,jinaai/jina-embeddings-v3,0.99610821314373
snd_Arab,srp_Cyrl,jinaai/jina-embeddings-v3,0.9961055568472448
kan_Knda,tha_Thai,jinaai/jina-embeddings-v3,0.9961023276240668
cat_Latn,snd_Arab,jinaai/jina-embeddings-v3,0.99609448522492
jpn_Jpan,nno_Latn,jinaai/jina-embeddings-v5-text-small,0.99609448522492
npi_Deva,rus_Cyrl,jinaai/jina-embeddings-v3,0.9960847481061418
acm_Arab,nld_Latn,jinaai/jina-embeddings-v5-text-small,0.9960803689064558
bul_Cyrl,tel_Telu,jinaai/jina-embeddings-v3,0.9960803689064558
snd_Arab,tur_Latn,jinaai/jina-embeddings-v3,0.9960803689064558
lit_Latn,ita_Latn,jinaai/jina-embeddings-v3,0.9960772616262372
isl_Latn,ron_Latn,jinaai/jina-embeddings-v3,0.9960721343873518
hun_Latn,kaz_Cyrl,jinaai/jina-embeddings-v3,0.9960662241372324
lit_Latn,dan_Latn,jinaai/jina-embeddings-v3,0.9960632375022568
eus_Latn,kaz_Cyrl,jinaai/jina-embeddings-v3,0.9960630812318456
lit_Latn,eng_Latn,jinaai/jina-embeddings-v3,0.996062244173686
lit_Latn,jpn_Jpan,jinaai/jina-embeddings-v3,0.9960592665853436
glg_Latn,lit_Latn,jinaai/jina-embeddings-v3,0.9960576985472772
ita_Latn,kaz_Cyrl,jinaai/jina-embeddings-v3,0.9960573845162602
nob_Latn,eus_Latn,jinaai/jina-embeddings-v3,0.9960559492980782
rus_Cyrl,azj_Latn,jinaai/jina-embeddings-v3,0.996050490094103
pol_Latn,urd_Arab,jinaai/jina-embeddings-v3,0.9960492080643786
als_Latn,zho_Hans,jinaai/jina-embeddings-v3,0.9960474308300395
tel_Telu,tha_Thai,jinaai/jina-embeddings-v3,0.9960474308300395
heb_Hebr,pan_Guru,jinaai/jina-embeddings-v3,0.9960474308300395
dan_Latn,ast_Latn,jinaai/jina-embeddings-v5-text-small,0.9960474308300395
guj_Gujr,zho_Hant,jinaai/jina-embeddings-v3,0.9960474308300395
est_Latn,pan_Guru,jinaai/jina-embeddings-v3,0.9960474308300395
jpn_Jpan,sin_Sinh,jinaai/jina-embeddings-v3,0.9960474308300395
kan_Knda,nld_Latn,jinaai/jina-embeddings-v3,0.9960474308300395
bel_Cyrl,zho_Hant,jinaai/jina-embeddings-v3,0.9960474308300395
arb_Arab,jav_Latn,intfloat/multilingual-e5-large,0.9960474308300395
lao_Laoo,nld_Latn,jinaai/jina-embeddings-v3,0.9960474308300395
arb_Arab,khk_Cyrl,jinaai/jina-embeddings-v3,0.9960474308300395
khm_Khmr,mar_Deva,jinaai/jina-embeddings-v3,0.9960356672313192
glg_Latn,oci_Latn,jinaai/jina-embeddings-v5-text-small,0.9960239036325992
glg_Latn,khm_Khmr,jinaai/jina-embeddings-v3,0.9960062582345192
cat_Latn,isl_Latn,jinaai/jina-embeddings-v3,0.9960062582345192
ast_Latn,nob_Latn,jinaai/jina-embeddings-v5-text-small,0.9960049338013764
npi_Deva,vie_Latn,jinaai/jina-embeddings-v3,0.9960020574653315
eus_Latn,guj_Gujr,jinaai/jina-embeddings-v3,0.9959925340360124
isl_Latn,lvs_Latn,jinaai/jina-embeddings-v3,0.9959650856389988
cat_Latn,mlt_Latn,intfloat/multilingual-e5-large,0.9959650856389988
fra_Latn,kir_Cyrl,jinaai/jina-embeddings-v3,0.9959650856389988
khk_Cyrl,pol_Latn,jinaai/jina-embeddings-v3,0.9959650856389988
ces_Latn,sin_Sinh,jinaai/jina-embeddings-v3,0.9959486166007904
bel_Cyrl,eus_Latn,jinaai/jina-embeddings-v3,0.9959486166007904
isl_Latn,zho_Hans,jinaai/jina-embeddings-v3,0.9959444993412384
eng_Latn,arz_Arab,jinaai/jina-embeddings-v3,0.9959415584415584
fra_Latn,sin_Sinh,jinaai/jina-embeddings-v3,0.9959415584415584
ars_Arab,sin_Sinh,jinaai/jina-embeddings-v3,0.9959297948428384
npi_Deva,urd_Arab,intfloat/multilingual-e5-large,0.9959212439555158
cym_Latn,vie_Latn,jinaai/jina-embeddings-v3,0.9959189077475522
cym_Latn,ell_Grek,jinaai/jina-embeddings-v3,0.9959168143201128
afr_Latn,isl_Latn,jinaai/jina-embeddings-v3,0.9959156785243742
cat_Latn,pbt_Arab,intfloat/multilingual-e5-large,0.9959156785243742
hrv_Latn,khm_Khmr,jinaai/jina-embeddings-v3,0.995903326745718
pol_Latn,tgl_Latn,jinaai/jina-embeddings-v3,0.995899209486166
hye_Armn,tam_Taml,jinaai/jina-embeddings-v3,0.9958970613507476
lvs_Latn,uzn_Latn,intfloat/multilingual-e5-large,0.9958943208619436
glg_Latn,mal_Mlym,jinaai/jina-embeddings-v3,0.9958860787665136
fin_Latn,hrv_Latn,jinaai/jina-embeddings-v3,0.995882740447958
ben_Beng,isl_Latn,jinaai/jina-embeddings-v3,0.995882740447958
kir_Cyrl,zho_Hant,jinaai/jina-embeddings-v3,0.995882740447958
rus_Cyrl,sin_Sinh,jinaai/jina-embeddings-v3,0.995882740447958
bel_Cyrl,hye_Armn,jinaai/jina-embeddings-v3,0.995882740447958
apc_Arab,kor_Hang,jinaai/jina-embeddings-v5-text-small,0.9958827404479578
khk_Cyrl,ukr_Cyrl,jinaai/jina-embeddings-v3,0.9958827404479578
nld_Latn,tam_Taml,jinaai/jina-embeddings-v5-text-small,0.9958827404479578
ell_Grek,tam_Taml,jinaai/jina-embeddings-v3,0.9958827404479578
mag_Deva,ory_Orya,jinaai/jina-embeddings-v5-text-small,0.9958827404479578
ory_Orya,snd_Arab,jinaai/jina-embeddings-v3,0.9958782488920828
arb_Arab,tgl_Latn,intfloat/multilingual-e5-large,0.9958617798538748
pbt_Arab,swe_Latn,jinaai/jina-embeddings-v3,0.9958498023715414
ita_Latn,lao_Laoo,jinaai/jina-embeddings-v3,0.995843357965286
heb_Hebr,sin_Sinh,jinaai/jina-embeddings-v3,0.9958415678524376
slk_Latn,tgl_Latn,jinaai/jina-embeddings-v3,0.9958333333333332
arb_Arab,azj_Latn,jinaai/jina-embeddings-v3,0.9958298724484924
bul_Cyrl,lao_Laoo,jinaai/jina-embeddings-v3,0.9958286278938452
isl_Latn,nob_Latn,jinaai/jina-embeddings-v3,0.995820575913342
npi_Deva,tel_Telu,jinaai/jina-embeddings-v3,0.9958172091471842
zsm_Latn,mal_Mlym,jinaai/jina-embeddings-v3,0.9958102912865278
nob_Latn,tel_Telu,jinaai/jina-embeddings-v3,0.9958089137249556
arb_Arab,mal_Mlym,jinaai/jina-embeddings-v3,0.9958056235230148
npi_Deva,ukr_Cyrl,jinaai/jina-embeddings-v3,0.9958050922531918
ben_Beng,npi_Deva,jinaai/jina-embeddings-v3,0.9958041593015308
slv_Latn,tam_Taml,jinaai/jina-embeddings-v3,0.995800395256917
oci_Latn,tur_Latn,jinaai/jina-embeddings-v3,0.995800395256917
snd_Arab,tam_Taml,jinaai/jina-embeddings-v3,0.995800395256917
ell_Grek,kat_Geor,jinaai/jina-embeddings-v3,0.995800395256917
swe_Latn,tel_Telu,jinaai/jina-embeddings-v3,0.995800395256917
fin_Latn,mar_Deva,jinaai/jina-embeddings-v3,0.9957839262187088
hye_Armn,tgl_Latn,jinaai/jina-embeddings-v3,0.9957768680594768
heb_Hebr,khm_Khmr,jinaai/jina-embeddings-v3,0.9957768680594768
cat_Latn,lao_Laoo,jinaai/jina-embeddings-v3,0.9957761760830814
bos_Latn,oci_Latn,jinaai/jina-embeddings-v5-text-small,0.9957761760830814
nob_Latn,sin_Sinh,jinaai/jina-embeddings-v3,0.9957717307916812
khm_Khmr,als_Latn,jinaai/jina-embeddings-v3,0.9957674571805006
lao_Laoo,slk_Latn,jinaai/jina-embeddings-v3,0.9957651044607568
khm_Khmr,sin_Sinh,jinaai/jina-embeddings-v3,0.9957615002943402
kaz_Cyrl,sin_Sinh,jinaai/jina-embeddings-v3,0.9957567632411868
azj_Latn,slv_Latn,jinaai/jina-embeddings-v3,0.995752551658578
arb_Arab,cym_Latn,intfloat/multilingual-e5-large,0.9957509881422926
ita_Latn,kir_Cyrl,jinaai/jina-embeddings-v3,0.9957509881422926
ell_Grek,isl_Latn,jinaai/jina-embeddings-v3,0.9957509881422926
kir_Cyrl,slv_Latn,jinaai/jina-embeddings-v3,0.9957509881422926
guj_Gujr,hun_Latn,jinaai/jina-embeddings-v3,0.9957509881422923
est_Latn,khm_Khmr,jinaai/jina-embeddings-v3,0.9957454984628896
jpn_Jpan,lao_Laoo,jinaai/jina-embeddings-v3,0.9957436599988274
ces_Latn,tam_Taml,jinaai/jina-embeddings-v3,0.9957415772633164
cym_Latn,kor_Hang,jinaai/jina-embeddings-v3,0.9957339878447874
lao_Laoo,tel_Telu,jinaai/jina-embeddings-v3,0.9957255359923344
hye_Armn,nob_Latn,jinaai/jina-embeddings-v3,0.9957231966403164
hin_Deva,snd_Arab,jinaai/jina-embeddings-v3,0.9957212792890542
fra_Latn,mal_Mlym,jinaai/jina-embeddings-v5-text-small,0.9957209059684556
est_Latn,urd_Arab,jinaai/jina-embeddings-v3,0.99572023139544
ory_Orya,tam_Taml,jinaai/jina-embeddings-v3,0.9957180500658762
mag_Deva,tam_Taml,jinaai/jina-embeddings-v5-text-small,0.9957180500658762
ces_Latn,pan_Guru,jinaai/jina-embeddings-v3,0.9957180500658762
pbt_Arab,slv_Latn,jinaai/jina-embeddings-v3,0.9957180500658762
hye_Armn,zho_Hant,jinaai/jina-embeddings-v3,0.9957180500658762
bel_Cyrl,zho_Hans,jinaai/jina-embeddings-v3,0.9957180500658762
arb_Arab,isl_Latn,jinaai/jina-embeddings-v3,0.995718050065876
bul_Cyrl,sin_Sinh,jinaai/jina-embeddings-v3,0.995718050065876
ars_Arab,tam_Taml,jinaai/jina-embeddings-v5-text-small,0.995718050065876
mai_Deva,nno_Latn,jinaai/jina-embeddings-v5-text-small,0.9957080688305984
apc_Arab,ell_Grek,jinaai/jina-embeddings-v3,0.9957013168184988
arz_Arab,pol_Latn,jinaai/jina-embeddings-v5-text-small,0.995695699228308
ron_Latn,tel_Telu,jinaai/jina-embeddings-v3,0.9956945228684358
hin_Deva,lao_Laoo,jinaai/jina-embeddings-v3,0.9956938308920406
hrv_Latn,zho_Hans,jinaai/jina-embeddings-v3,0.9956768774703556
zsm_Latn,npi_Deva,jinaai/jina-embeddings-v3,0.9956555639502644
ell_Grek,urd_Arab,jinaai/jina-embeddings-v5-text-small,0.9956532086170148
isl_Latn,hrv_Latn,jinaai/jina-embeddings-v3,0.9956521739130436
ces_Latn,kaz_Cyrl,jinaai/jina-embeddings-v3,0.9956489513419584
azj_Latn,bul_Cyrl,jinaai/jina-embeddings-v3,0.995637405636096
kan_Knda,zho_Hant,jinaai/jina-embeddings-v3,0.9956357048748352
fin_Latn,eus_Latn,jinaai/jina-embeddings-v3,0.9956357048748352
mkd_Cyrl,pbt_Arab,intfloat/multilingual-e5-large,0.9956357048748352
epo_Latn,snd_Arab,intfloat/multilingual-e5-large,0.9956357048748352
bul_Cyrl,khm_Khmr,jinaai/jina-embeddings-v3,0.9956357048748352
slk_Latn,isl_Latn,jinaai/jina-embeddings-v3,0.9956293706293706
fra_Latn,urd_Arab,jinaai/jina-embeddings-v5-text-small,0.9956203145945884
azj_Latn,hun_Latn,jinaai/jina-embeddings-v3,0.9956148998324708
ita_Latn,khk_Cyrl,jinaai/jina-embeddings-v3,0.9956121776773952
spa_Latn,tel_Telu,jinaai/jina-embeddings-v3,0.9955899440417328
ars_Arab,mal_Mlym,jinaai/jina-embeddings-v5-text-small,0.9955893288715374
pbt_Arab,urd_Arab,jinaai/jina-embeddings-v3,0.9955884227973988
est_Latn,sin_Sinh,jinaai/jina-embeddings-v3,0.9955862977602108
kat_Geor,khm_Khmr,jinaai/jina-embeddings-v3,0.9955862977602108
apc_Arab,nld_Latn,jinaai/jina-embeddings-v5-text-small,0.995582422692397
cym_Latn,mal_Mlym,jinaai/jina-embeddings-v3,0.9955786868684442
lit_Latn,lvs_Latn,jinaai/jina-embeddings-v3,0.9955757635890934
lit_Latn,nld_Latn,jinaai/jina-embeddings-v3,0.9955733974197024
lit_Latn,fra_Latn,jinaai/jina-embeddings-v3,0.9955730817521968
lit_Latn,ron_Latn,jinaai/jina-embeddings-v3,0.99557218680044
lit_Latn,srp_Cyrl,jinaai/jina-embeddings-v3,0.9955717275174772
spa_Latn,kaz_Cyrl,jinaai/jina-embeddings-v3,0.995571323900447
lit_Latn,por_Latn,jinaai/jina-embeddings-v3,0.9955682795284028
lit_Latn,ukr_Cyrl,jinaai/jina-embeddings-v3,0.9955676202360154
lit_Latn,tur_Latn,jinaai/jina-embeddings-v3,0.9955663727692016
azj_Latn,spa_Latn,jinaai/jina-embeddings-v3,0.9955654558372824
mal_Mlym,urd_Arab,jinaai/jina-embeddings-v3,0.9955637365082276
hrv_Latn,urd_Arab,jinaai/jina-embeddings-v3,0.9955552205920664
uzn_Latn,tgl_Latn,intfloat/multilingual-e5-large,0.9955544825727632
dan_Latn,vec_Latn,jinaai/jina-embeddings-v5-text-small,0.9955533596837944
arz_Arab,nld_Latn,jinaai/jina-embeddings-v5-text-nano,0.9955533596837944
hye_Armn,zho_Hans,jinaai/jina-embeddings-v3,0.9955533596837944
jpn_Jpan,khm_Khmr,jinaai/jina-embeddings-v3,0.9955533596837944
kor_Hang,pan_Guru,jinaai/jina-embeddings-v3,0.9955533596837944
slv_Latn,tel_Telu,jinaai/jina-embeddings-v3,0.9955533596837944
lvs_Latn,tel_Telu,jinaai/jina-embeddings-v3,0.9955451251646904
bel_Cyrl,sin_Sinh,jinaai/jina-embeddings-v3,0.9955368906455864
ind_Latn,lao_Laoo,jinaai/jina-embeddings-v3,0.9955139772011228
kat_Geor,zho_Hant,jinaai/jina-embeddings-v3,0.995512187088274
cym_Latn,jpn_Jpan,jinaai/jina-embeddings-v3,0.995512187088274
ces_Latn,tel_Telu,jinaai/jina-embeddings-v3,0.9955114384956284
arz_Arab,nob_Latn,jinaai/jina-embeddings-v5-text-small,0.9955077241046376
mal_Mlym,tam_Taml,jinaai/jina-embeddings-v3,0.9955054709911324
hye_Armn,isl_Latn,jinaai/jina-embeddings-v3,0.99550395256917
bul_Cyrl,cym_Latn,intfloat/multilingual-e5-large,0.9954984628897672
isl_Latn,srp_Cyrl,jinaai/jina-embeddings-v3,0.9954984628897672
afr_Latn,cym_Latn,jinaai/jina-embeddings-v3,0.995487911298188
jpn_Jpan,mal_Mlym,jinaai/jina-embeddings-v3,0.9954811710740564
ces_Latn,mal_Mlym,jinaai/jina-embeddings-v3,0.9954753675425002
eng_Latn,npi_Deva,jinaai/jina-embeddings-v3,0.9954739939629244
fin_Latn,azj_Latn,jinaai/jina-embeddings-v3,0.9954736012526816
hrv_Latn,azj_Latn,jinaai/jina-embeddings-v3,0.9954731579684424
heb_Hebr,tgl_Latn,intfloat/multilingual-e5-large,0.9954710144927535
khm_Khmr,tam_Taml,jinaai/jina-embeddings-v3,0.9954710144927535
hun_Latn,tgl_Latn,intfloat/multilingual-e5-large,0.9954710144927535
nld_Latn,pan_Guru,jinaai/jina-embeddings-v5-text-small,0.9954710144927535
deu_Latn,isl_Latn,jinaai/jina-embeddings-v3,0.9954710144927535
cat_Latn,khk_Cyrl,jinaai/jina-embeddings-v3,0.9954639563335216
ell_Grek,mar_Deva,jinaai/jina-embeddings-v3,0.9954592508940336
arz_Arab,tha_Thai,jinaai/jina-embeddings-v5-text-nano,0.9954545454545456
kir_Cyrl,slk_Latn,jinaai/jina-embeddings-v3,0.9954545454545456
npi_Deva,tha_Thai,jinaai/jina-embeddings-v3,0.995452058935546
eus_Latn,nno_Latn,jinaai/jina-embeddings-v3,0.99544356609574
mya_Mymr,ukr_Cyrl,jinaai/jina-embeddings-v3,0.9954380764163374
arz_Arab,jpn_Jpan,jinaai/jina-embeddings-v3,0.9954357236965932
kan_Knda,urd_Arab,jinaai/jina-embeddings-v3,0.9954329637382388
mkd_Cyrl,snd_Arab,jinaai/jina-embeddings-v3,0.9954298418972332
glg_Latn,tam_Taml,jinaai/jina-embeddings-v3,0.9954216073781292
apc_Arab,ben_Beng,jinaai/jina-embeddings-v5-text-small,0.9954216073781292
asm_Beng,mai_Deva,intfloat/multilingual-e5-large,0.9954216073781292
tel_Telu,zho_Hant,jinaai/jina-embeddings-v3,0.995421607378129
tel_Telu,tgl_Latn,intfloat/multilingual-e5-large,0.995414673046252
isl_Latn,kor_Hang,jinaai/jina-embeddings-v3,0.995412196499153
mal_Mlym,tgl_Latn,intfloat/multilingual-e5-large,0.9954088038625314
hin_Deva,tgl_Latn,intfloat/multilingual-e5-large,0.9954086633584556
lit_Latn,rus_Cyrl,jinaai/jina-embeddings-v3,0.9954042611132998
spa_Latn,oci_Latn,jinaai/jina-embeddings-v5-text-small,0.9954029902045024
ces_Latn,tgl_Latn,jinaai/jina-embeddings-v3,0.9953973882042936
kat_Geor,lit_Latn,jinaai/jina-embeddings-v3,0.9953958019501274
spa_Latn,urd_Arab,jinaai/jina-embeddings-v3,0.995394617870725
guj_Gujr,npi_Deva,jinaai/jina-embeddings-v3,0.9953927488510004
heb_Hebr,mal_Mlym,jinaai/jina-embeddings-v3,0.9953927190652064
azj_Latn,eus_Latn,jinaai/jina-embeddings-v3,0.9953901597124104
azj_Latn,epo_Latn,jinaai/jina-embeddings-v3,0.9953899476229192
als_Latn,uzn_Latn,intfloat/multilingual-e5-large,0.9953898907384156
kat_Geor,tgl_Latn,jinaai/jina-embeddings-v3,0.9953886693017128
dan_Latn,snd_Arab,jinaai/jina-embeddings-v3,0.9953886693017128
khk_Cyrl,als_Latn,jinaai/jina-embeddings-v3,0.9953886693017128
snd_Arab,slv_Latn,jinaai/jina-embeddings-v3,0.9953886693017128
hrv_Latn,zho_Hant,jinaai/jina-embeddings-v3,0.9953886693017128
kor_Hang,sin_Sinh,jinaai/jina-embeddings-v3,0.9953886693017128
kan_Knda,tam_Taml,jinaai/jina-embeddings-v3,0.9953886693017128
ceb_Latn,epo_Latn,intfloat/multilingual-e5-large,0.9953740847803144
pol_Latn,azj_Latn,jinaai/jina-embeddings-v3,0.995367290239691
kat_Geor,urd_Arab,jinaai/jina-embeddings-v3,0.9953668756872418
apc_Arab,est_Latn,jinaai/jina-embeddings-v3,0.9953651421042726
afr_Latn,mai_Deva,intfloat/multilingual-e5-large,0.9953583315997504
ast_Latn,bel_Cyrl,jinaai/jina-embeddings-v3,0.9953467481135464
hrv_Latn,jav_Latn,intfloat/multilingual-e5-large,0.9953416149068324
kat_Geor,pan_Guru,jinaai/jina-embeddings-v3,0.9953392621870882
snd_Arab,urd_Arab,intfloat/multilingual-e5-large,0.9953329801828232
deu_Latn,uzn_Latn,intfloat/multilingual-e5-large,0.9953321123466808
afr_Latn,lao_Laoo,jinaai/jina-embeddings-v3,0.995318675889328
arz_Arab,spa_Latn,Alibaba-NLP/gte-multilingual-base,0.9953164071952892
apc_Arab,slv_Latn,jinaai/jina-embeddings-v3,0.9953150430132528
kan_Knda,nob_Latn,jinaai/jina-embeddings-v3,0.99531094159802
azj_Latn,kan_Knda,jinaai/jina-embeddings-v3,0.9953090842846734
ces_Latn,oci_Latn,jinaai/jina-embeddings-v5-text-small,0.995306324110672
arb_Arab,ast_Latn,jinaai/jina-embeddings-v5-text-small,0.995306324110672
bul_Cyrl,khk_Cyrl,jinaai/jina-embeddings-v3,0.995306324110672
asm_Beng,ory_Orya,intfloat/multilingual-e5-large,0.995306324110672
ell_Grek,khm_Khmr,jinaai/jina-embeddings-v3,0.995306324110672
hrv_Latn,pbt_Arab,intfloat/multilingual-e5-large,0.995306324110672
deu_Latn,tel_Telu,jinaai/jina-embeddings-v3,0.9952898550724638
jpn_Jpan,kan_Knda,jinaai/jina-embeddings-v3,0.9952898550724638
fin_Latn,kat_Geor,jinaai/jina-embeddings-v3,0.9952827969132318
glg_Latn,tgl_Latn,intfloat/multilingual-e5-large,0.9952788757136584
nob_Latn,isl_Latn,jinaai/jina-embeddings-v3,0.9952726945860866
pbt_Arab,sin_Sinh,jinaai/jina-embeddings-v3,0.9952716653884728
mai_Deva,npi_Deva,jinaai/jina-embeddings-v3,0.9952622791279324
mkd_Cyrl,khk_Cyrl,jinaai/jina-embeddings-v3,0.9952610342555994
lao_Laoo,srp_Cyrl,jinaai/jina-embeddings-v3,0.9952599457846834
nld_Latn,urd_Arab,jinaai/jina-embeddings-v3,0.9952586597514134
afr_Latn,khk_Cyrl,jinaai/jina-embeddings-v3,0.9952569169960476
sin_Sinh,zho_Hant,jinaai/jina-embeddings-v3,0.9952569169960476
fra_Latn,pan_Guru,jinaai/jina-embeddings-v3,0.9952569169960476
epo_Latn,khm_Khmr,jinaai/jina-embeddings-v3,0.9952569169960476
hun_Latn,pan_Guru,jinaai/jina-embeddings-v3,0.9952333897986072
hrv_Latn,lit_Latn,jinaai/jina-embeddings-v3,0.9952330955591224
npi_Deva,por_Latn,jinaai/jina-embeddings-v3,0.9952297339902142
deu_Latn,npi_Deva,jinaai/jina-embeddings-v3,0.9952274585309694
isl_Latn,urd_Arab,jinaai/jina-embeddings-v3,0.995225487533818
tur_Latn,uzn_Latn,intfloat/multilingual-e5-large,0.9952253418745172
bel_Cyrl,mar_Deva,jinaai/jina-embeddings-v3,0.9952239789196312
bel_Cyrl,ben_Beng,jinaai/jina-embeddings-v3,0.9952239789196312
fra_Latn,khk_Cyrl,jinaai/jina-embeddings-v3,0.9952239789196312
slk_Latn,tam_Taml,jinaai/jina-embeddings-v3,0.9952239789196312
khk_Cyrl,vie_Latn,jinaai/jina-embeddings-v3,0.9952239789196312
hun_Latn,tel_Telu,jinaai/jina-embeddings-v3,0.9952239789196312
fra_Latn,tel_Telu,jinaai/jina-embeddings-v3,0.995215744400527
oci_Latn,pol_Latn,jinaai/jina-embeddings-v3,0.995215744400527
oci_Latn,por_Latn,jinaai/jina-embeddings-v3,0.9951828063241108
guj_Gujr,isl_Latn,jinaai/jina-embeddings-v3,0.9951828063241108
cym_Latn,tam_Taml,jinaai/jina-embeddings-v3,0.9951745718050068
guj_Gujr,kat_Geor,jinaai/jina-embeddings-v3,0.9951491196550484
npi_Deva,pan_Guru,jinaai/jina-embeddings-v3,0.9951475514016658
khm_Khmr,lao_Laoo,jinaai/jina-embeddings-v3,0.9951475155279504
tam_Taml,zho_Hant,jinaai/jina-embeddings-v3,0.9951416337285904
kat_Geor,sin_Sinh,jinaai/jina-embeddings-v3,0.9951416337285904
afr_Latn,tam_Taml,jinaai/jina-embeddings-v3,0.9951416337285904
hrv_Latn,pan_Guru,jinaai/jina-embeddings-v3,0.9951416337285902
asm_Beng,sin_Sinh,intfloat/multilingual-e5-large,0.9951416337285902
nld_Latn,isl_Latn,jinaai/jina-embeddings-v3,0.9951416337285902
eus_Latn,urd_Arab,jinaai/jina-embeddings-v3,0.9951371534086274
epo_Latn,uzn_Latn,intfloat/multilingual-e5-large,0.995127698388568
dan_Latn,khk_Cyrl,jinaai/jina-embeddings-v3,0.99511810653115
mag_Deva,tel_Telu,intfloat/multilingual-e5-large,0.9951059508124726
mal_Mlym,snd_Arab,intfloat/multilingual-e5-large,0.9951035845713508
pol_Latn,tel_Telu,jinaai/jina-embeddings-v3,0.9950922266139656
isl_Latn,slv_Latn,jinaai/jina-embeddings-v3,0.9950922266139656
hun_Latn,tam_Taml,jinaai/jina-embeddings-v3,0.9950922266139656
pbt_Arab,rus_Cyrl,jinaai/jina-embeddings-v3,0.9950922266139656
kor_Hang,kir_Cyrl,jinaai/jina-embeddings-v3,0.9950922266139656
ory_Orya,urd_Arab,intfloat/multilingual-e5-large,0.9950865275730442
lit_Latn,afr_Latn,jinaai/jina-embeddings-v3,0.9950747290741992
jpn_Jpan,kaz_Cyrl,jinaai/jina-embeddings-v3,0.995072490144415
lvs_Latn,lit_Latn,jinaai/jina-embeddings-v3,0.9950704505591276
ell_Grek,lit_Latn,jinaai/jina-embeddings-v3,0.99506816877257
lit_Latn,zsm_Latn,jinaai/jina-embeddings-v3,0.9950676929755112
kaz_Cyrl,slk_Latn,jinaai/jina-embeddings-v3,0.9950661403178566
kaz_Cyrl,zho_Hant,jinaai/jina-embeddings-v3,0.9950647592860032
azj_Latn,jpn_Jpan,jinaai/jina-embeddings-v3,0.9950610530773574
apc_Arab,fin_Latn,jinaai/jina-embeddings-v3,0.9950604648974214
eus_Latn,zho_Hans,jinaai/jina-embeddings-v3,0.9950592885375494
ast_Latn,lvs_Latn,jinaai/jina-embeddings-v3,0.9950592885375494
kan_Knda,vie_Latn,jinaai/jina-embeddings-v3,0.9950510540184452
azj_Latn,tam_Taml,jinaai/jina-embeddings-v3,0.9950428573591992
eus_Latn,mar_Deva,jinaai/jina-embeddings-v3,0.9950357613401092
hrv_Latn,tam_Taml,jinaai/jina-embeddings-v3,0.9950357613401092
kaz_Cyrl,mar_Deva,jinaai/jina-embeddings-v3,0.9950207974392756
npi_Deva,nld_Latn,jinaai/jina-embeddings-v3,0.995015502826718
afr_Latn,npi_Deva,jinaai/jina-embeddings-v3,0.9950136821951014
ind_Latn,npi_Deva,jinaai/jina-embeddings-v3,0.9950130164646924
nno_Latn,fin_Latn,jinaai/jina-embeddings-v3,0.9950098814229248
azj_Latn,mar_Deva,jinaai/jina-embeddings-v3,0.995008441507016
mar_Deva,nno_Latn,jinaai/jina-embeddings-v3,0.9949824764225864
fra_Latn,npi_Deva,jinaai/jina-embeddings-v3,0.9949806078012666
epo_Latn,isl_Latn,jinaai/jina-embeddings-v3,0.9949769433465088
jpn_Jpan,tam_Taml,jinaai/jina-embeddings-v3,0.9949769433465088
khk_Cyrl,sin_Sinh,jinaai/jina-embeddings-v3,0.9949704989402532
pbt_Arab,tha_Thai,jinaai/jina-embeddings-v3,0.9949440052700922
hye_Armn,mal_Mlym,jinaai/jina-embeddings-v3,0.9949386600559368
kat_Geor,tel_Telu,jinaai/jina-embeddings-v3,0.9949357707509882
nno_Latn,tam_Taml,jinaai/jina-embeddings-v3,0.9949286720276226
kor_Hang,urd_Arab,jinaai/jina-embeddings-v5-text-small,0.9949285414631074
kaz_Cyrl,pan_Guru,jinaai/jina-embeddings-v3,0.9949277596859244
fin_Latn,isl_Latn,jinaai/jina-embeddings-v3,0.994927536231884
pan_Guru,tgl_Latn,intfloat/multilingual-e5-large,0.994927536231884
kat_Geor,zho_Hans,jinaai/jina-embeddings-v3,0.994927536231884
fin_Latn,sin_Sinh,jinaai/jina-embeddings-v3,0.994904009034444
sin_Sinh,tgl_Latn,jinaai/jina-embeddings-v3,0.994904009034444
mal_Mlym,ory_Orya,jinaai/jina-embeddings-v3,0.9948980055426832
bul_Cyrl,isl_Latn,jinaai/jina-embeddings-v3,0.994894598155468
ast_Latn,tha_Thai,jinaai/jina-embeddings-v3,0.9948945981554678
glg_Latn,mya_Mymr,jinaai/jina-embeddings-v3,0.9948945981554678
hye_Armn,khk_Cyrl,jinaai/jina-embeddings-v3,0.9948945981554678
cym_Latn,mar_Deva,jinaai/jina-embeddings-v3,0.9948945981554678
ell_Grek,tel_Telu,jinaai/jina-embeddings-v3,0.9948945981554675
mag_Deva,npi_Deva,intfloat/multilingual-e5-large,0.9948777345165324
asm_Beng,ben_Beng,intfloat/multilingual-e5-large,0.9948726394378568
mar_Deva,snd_Arab,intfloat/multilingual-e5-large,0.9948710709580276
bul_Cyrl,vec_Latn,jinaai/jina-embeddings-v5-text-small,0.9948642604535052
tel_Telu,urd_Arab,intfloat/multilingual-e5-large,0.994856738297518
khm_Khmr,nob_Latn,jinaai/jina-embeddings-v3,0.994833868577075
lit_Latn,hrv_Latn,jinaai/jina-embeddings-v3,0.994830122886077
isl_Latn,ind_Latn,jinaai/jina-embeddings-v3,0.9948287220026352
lit_Latn,mkd_Cyrl,jinaai/jina-embeddings-v3,0.9948280533057856
lit_Latn,ind_Latn,jinaai/jina-embeddings-v3,0.9948275804785284
deu_Latn,lit_Latn,jinaai/jina-embeddings-v3,0.9948252811396172
eng_Latn,lit_Latn,jinaai/jina-embeddings-v3,0.9948207101362956
epo_Latn,npi_Deva,intfloat/multilingual-e5-large,0.9948167280677164
kan_Knda,npi_Deva,jinaai/jina-embeddings-v3,0.9948163798213204
arz_Arab,ben_Beng,jinaai/jina-embeddings-v5-text-small,0.9948122529644268
swh_Latn,tgl_Latn,intfloat/multilingual-e5-large,0.9948122529644268
nld_Latn,oci_Latn,jinaai/jina-embeddings-v5-text-small,0.9948122529644268
mar_Deva,pbt_Arab,intfloat/multilingual-e5-large,0.9947887257669864
lao_Laoo,slv_Latn,jinaai/jina-embeddings-v3,0.9947848045674134
lit_Latn,vie_Latn,jinaai/jina-embeddings-v3,0.9947780239298516
bul_Cyrl,jav_Latn,intfloat/multilingual-e5-large,0.9947751976284585
cat_Latn,npi_Deva,jinaai/jina-embeddings-v3,0.9947670921273832
hye_Armn,urd_Arab,jinaai/jina-embeddings-v3,0.9947646656330296
mya_Mymr,rus_Cyrl,jinaai/jina-embeddings-v3,0.9947588643240816
snd_Arab,slk_Latn,jinaai/jina-embeddings-v3,0.9947573561703996
hrv_Latn,npi_Deva,intfloat/multilingual-e5-large,0.9947459297099156
mal_Mlym,npi_Deva,jinaai/jina-embeddings-v3,0.9947444845325868
lit_Latn,ces_Latn,jinaai/jina-embeddings-v3,0.994742395746702
ell_Grek,tgl_Latn,intfloat/multilingual-e5-large,0.9947393186523622
por_Latn,lit_Latn,jinaai/jina-embeddings-v3,0.9947382867259836
bos_Latn,lit_Latn,jinaai/jina-embeddings-v3,0.99473793806221
mal_Mlym,zho_Hant,jinaai/jina-embeddings-v3,0.994736965932618
pan_Guru,slv_Latn,jinaai/jina-embeddings-v3,0.994729907773386
mar_Deva,tgl_Latn,intfloat/multilingual-e5-large,0.994729907773386
fin_Latn,khm_Khmr,jinaai/jina-embeddings-v3,0.994729907773386
fra_Latn,arz_Arab,jinaai/jina-embeddings-v5-text-small,0.994729907773386
bel_Cyrl,khk_Cyrl,jinaai/jina-embeddings-v3,0.994729907773386
ita_Latn,jav_Latn,intfloat/multilingual-e5-large,0.994729907773386
lao_Laoo,tur_Latn,jinaai/jina-embeddings-v3,0.9947208588512936
mal_Mlym,pbt_Arab,intfloat/multilingual-e5-large,0.994712674475898
cym_Latn,urd_Arab,jinaai/jina-embeddings-v3,0.9946941572503792
ell_Grek,mal_Mlym,jinaai/jina-embeddings-v3,0.9946924085692876
cat_Latn,lit_Latn,jinaai/jina-embeddings-v3,0.994684478732114
hun_Latn,azj_Latn,jinaai/jina-embeddings-v3,0.9946834503372466
npi_Deva,pol_Latn,jinaai/jina-embeddings-v3,0.9946788273117756
spa_Latn,jav_Latn,intfloat/multilingual-e5-large,0.9946742691307908
ind_Latn,khk_Cyrl,jinaai/jina-embeddings-v3,0.9946644593877796
mai_Deva,mal_Mlym,intfloat/multilingual-e5-large,0.9946583739728804
snd_Arab,tha_Thai,jinaai/jina-embeddings-v3,0.9946475625823452
zsm_Latn,mlt_Latn,intfloat/multilingual-e5-large,0.9946475625823452
hrv_Latn,tel_Telu,jinaai/jina-embeddings-v3,0.9946475625823452
nld_Latn,tel_Telu,jinaai/jina-embeddings-v3,0.9946475625823452
ind_Latn,lit_Latn,jinaai/jina-embeddings-v3,0.994642870046104
kan_Knda,ory_Orya,jinaai/jina-embeddings-v3,0.9946393280632412
azj_Latn,kat_Geor,jinaai/jina-embeddings-v3,0.9946334631899224
khm_Khmr,pol_Latn,jinaai/jina-embeddings-v3,0.994631093544137
azj_Latn,kaz_Cyrl,jinaai/jina-embeddings-v3,0.9946214927581004
ita_Latn,pan_Guru,jinaai/jina-embeddings-v3,0.9945981554677208
ben_Beng,cym_Latn,jinaai/jina-embeddings-v3,0.9945899209486164
lit_Latn,slv_Latn,jinaai/jina-embeddings-v3,0.994589607598199
lit_Latn,pol_Latn,jinaai/jina-embeddings-v3,0.9945876368790668
lit_Latn,nob_Latn,jinaai/jina-embeddings-v3,0.9945856083058828
arz_Arab,mar_Deva,jinaai/jina-embeddings-v3,0.9945789415898112
zsm_Latn,lit_Latn,jinaai/jina-embeddings-v3,0.9945715285293466
kaz_Cyrl,zho_Hans,jinaai/jina-embeddings-v3,0.9945701257357412
hin_Deva,hne_Deva,jinaai/jina-embeddings-v5-text-small,0.994569110264641
cat_Latn,ceb_Latn,intfloat/multilingual-e5-large,0.9945684466144824
lao_Laoo,por_Latn,jinaai/jina-embeddings-v3,0.994567392547294
hin_Deva,oci_Latn,jinaai/jina-embeddings-v5-text-small,0.9945652173913044
mag_Deva,mal_Mlym,jinaai/jina-embeddings-v3,0.9945556276793768
isl_Latn,khm_Khmr,jinaai/jina-embeddings-v3,0.9945514931927976
bel_Cyrl,khm_Khmr,jinaai/jina-embeddings-v3,0.994541690193864
ell_Grek,eus_Latn,jinaai/jina-embeddings-v3,0.994534879689342
pbt_Arab,tel_Telu,jinaai/jina-embeddings-v3,0.994521393001496
npi_Deva,sin_Sinh,jinaai/jina-embeddings-v3,0.994519991345226
amh_Ethi,srp_Cyrl,jinaai/jina-embeddings-v3,0.9945199080692836
spa_Latn,mal_Mlym,intfloat/multilingual-e5-large,0.9945177005453686
bul_Cyrl,lit_Latn,jinaai/jina-embeddings-v3,0.9944896533851004
hne_Deva,ita_Latn,jinaai/jina-embeddings-v5-text-small,0.9944876488778518
khm_Khmr,kor_Hang,jinaai/jina-embeddings-v3,0.9944867933998368
cym_Latn,isl_Latn,jinaai/jina-embeddings-v3,0.9944854725747174
arz_Arab,kor_Hang,jinaai/jina-embeddings-v5-text-nano,0.9944828722002635
pan_Guru,zho_Hant,jinaai/jina-embeddings-v3,0.9944828722002635
khk_Cyrl,slv_Latn,jinaai/jina-embeddings-v3,0.9944828722002635
dan_Latn,lao_Laoo,jinaai/jina-embeddings-v3,0.9944828722002635
hin_Deva,mya_Mymr,jinaai/jina-embeddings-v3,0.9944828722002635
asm_Beng,guj_Gujr,intfloat/multilingual-e5-large,0.9944828722002634
rus_Cyrl,tam_Taml,jinaai/jina-embeddings-v5-text-small,0.9944828722002634
ita_Latn,mal_Mlym,jinaai/jina-embeddings-v3,0.9944704529255493
slk_Latn,tel_Telu,jinaai/jina-embeddings-v3,0.9944664031620554
ces_Latn,lit_Latn,jinaai/jina-embeddings-v3,0.9944650616839792
vec_Latn,ron_Latn,jinaai/jina-embeddings-v3,0.9944593450028232
isl_Latn,eus_Latn,jinaai/jina-embeddings-v3,0.994458653026428
xho_Latn,zul_Latn,intfloat/multilingual-e5-large,0.994458653026428
ita_Latn,uzn_Latn,intfloat/multilingual-e5-large,0.9944518730572006
lao_Laoo,urd_Arab,jinaai/jina-embeddings-v3,0.9944346167666326
mai_Deva,tel_Telu,jinaai/jina-embeddings-v3,0.994433465085639
ast_Latn,nno_Latn,jinaai/jina-embeddings-v5-text-small,0.9944224857268336
arb_Arab,npi_Deva,jinaai/jina-embeddings-v3,0.9944207354119838
lit_Latn,als_Latn,jinaai/jina-embeddings-v3,0.9944122142002884
nld_Latn,lit_Latn,jinaai/jina-embeddings-v3,0.9944115930505112
lit_Latn,swe_Latn,jinaai/jina-embeddings-v3,0.9944102015108016
hun_Latn,lit_Latn,jinaai/jina-embeddings-v3,0.994410079386266
hye_Armn,lit_Latn,jinaai/jina-embeddings-v3,0.9944084965843932
cym_Latn,khm_Khmr,jinaai/jina-embeddings-v3,0.9944081387495708
kaz_Cyrl,tam_Taml,jinaai/jina-embeddings-v3,0.9944060069031004
eus_Latn,npi_Deva,jinaai/jina-embeddings-v3,0.994404599866482
guj_Gujr,nno_Latn,jinaai/jina-embeddings-v3,0.9944005270092224
est_Latn,tgl_Latn,jinaai/jina-embeddings-v3,0.9944005270092224
kat_Geor,tam_Taml,jinaai/jina-embeddings-v3,0.994394192763758
isl_Latn,sin_Sinh,jinaai/jina-embeddings-v3,0.9943922924901186
mlt_Latn,als_Latn,intfloat/multilingual-e5-large,0.9943721441986936
arz_Arab,hun_Latn,jinaai/jina-embeddings-v3,0.9943630973769312
dan_Latn,npi_Deva,jinaai/jina-embeddings-v3,0.9943544437848432
hrv_Latn,mya_Mymr,jinaai/jina-embeddings-v3,0.9943522556903368
lit_Latn,spa_Latn,jinaai/jina-embeddings-v3,0.994348036853022
pbt_Arab,slk_Latn,jinaai/jina-embeddings-v3,0.9943456302151956
hun_Latn,kir_Cyrl,jinaai/jina-embeddings-v3,0.994338768115942
cym_Latn,nno_Latn,jinaai/jina-embeddings-v3,0.9943363619252946
ita_Latn,lit_Latn,jinaai/jina-embeddings-v3,0.994332323885926
hun_Latn,lao_Laoo,jinaai/jina-embeddings-v3,0.9943287087308826
azj_Latn,nob_Latn,jinaai/jina-embeddings-v3,0.9943252935797244
oci_Latn,tha_Thai,jinaai/jina-embeddings-v5-text-small,0.9943181818181818
khm_Khmr,zho_Hant,jinaai/jina-embeddings-v3,0.9943181818181818
ben_Beng,khk_Cyrl,jinaai/jina-embeddings-v3,0.9943181818181818
kir_Cyrl,tgl_Latn,intfloat/multilingual-e5-large,0.994305477131564
kat_Geor,npi_Deva,jinaai/jina-embeddings-v3,0.9943049647850216
lvs_Latn,pbt_Arab,intfloat/multilingual-e5-large,0.9943017127799736
fra_Latn,mlt_Latn,intfloat/multilingual-e5-large,0.9942946546207416
kir_Cyrl,zho_Hans,jinaai/jina-embeddings-v3,0.994290733421168
est_Latn,mal_Mlym,jinaai/jina-embeddings-v3,0.9942725176667864
hun_Latn,mal_Mlym,jinaai/jina-embeddings-v3,0.9942692826771384
ast_Latn,eus_Latn,jinaai/jina-embeddings-v3,0.9942687747035572
bel_Cyrl,isl_Latn,jinaai/jina-embeddings-v3,0.9942687747035572
arz_Arab,fin_Latn,jinaai/jina-embeddings-v3,0.9942632850241546
arz_Arab,zho_Hans,jinaai/jina-embeddings-v5-text-nano,0.9942589113784768
azj_Latn,tel_Telu,jinaai/jina-embeddings-v3,0.9942584722396104
kaz_Cyrl,nob_Latn,jinaai/jina-embeddings-v3,0.9942550506946924
jpn_Jpan,urd_Arab,jinaai/jina-embeddings-v3,0.9942534506737992
lit_Latn,slk_Latn,jinaai/jina-embeddings-v3,0.9942532624844068
kaz_Cyrl,kan_Knda,jinaai/jina-embeddings-v3,0.9942440183608662
srp_Cyrl,uzn_Latn,intfloat/multilingual-e5-large,0.9942370671903944
tel_Telu,zho_Hans,jinaai/jina-embeddings-v3,0.9942358366271412
deu_Latn,khk_Cyrl,jinaai/jina-embeddings-v3,0.9942358366271412
zsm_Latn,tam_Taml,jinaai/jina-embeddings-v3,0.9942358366271412
mai_Deva,tam_Taml,jinaai/jina-embeddings-v5-text-small,0.9942358366271412
ben_Beng,mya_Mymr,jinaai/jina-embeddings-v3,0.9942358366271412
cat_Latn,mya_Mymr,jinaai/jina-embeddings-v3,0.994235836627141
jav_Latn,mar_Deva,intfloat/multilingual-e5-large,0.994235836627141
mkd_Cyrl,uzn_Latn,intfloat/multilingual-e5-large,0.9942228899934382
cym_Latn,mlt_Latn,intfloat/multilingual-e5-large,0.9942193675889328
ell_Grek,kan_Knda,jinaai/jina-embeddings-v3,0.9942028985507246
hrv_Latn,uzn_Latn,intfloat/multilingual-e5-large,0.9942028441716833
lao_Laoo,mal_Mlym,jinaai/jina-embeddings-v3,0.9941972650738644
vec_Latn,srp_Cyrl,jinaai/jina-embeddings-v3,0.9941923874571502
heb_Hebr,lao_Laoo,jinaai/jina-embeddings-v3,0.9941843708827404
kir_Cyrl,mar_Deva,jinaai/jina-embeddings-v3,0.9941809398331136
ben_Beng,kir_Cyrl,jinaai/jina-embeddings-v3,0.9941809398331136
mya_Mymr,tur_Latn,jinaai/jina-embeddings-v3,0.9941809398331136
vec_Latn,swe_Latn,jinaai/jina-embeddings-v3,0.9941781949934124
fra_Latn,lit_Latn,jinaai/jina-embeddings-v3,0.99416487817106
heb_Hebr,lit_Latn,jinaai/jina-embeddings-v3,0.9941642016082142
heb_Hebr,kaz_Cyrl,jinaai/jina-embeddings-v3,0.9941623553030038
epo_Latn,tel_Telu,intfloat/multilingual-e5-large,0.9941534914361002
mya_Mymr,ron_Latn,jinaai/jina-embeddings-v3,0.9941534914361002
deu_Latn,pbt_Arab,intfloat/multilingual-e5-large,0.9941534914361002
kat_Geor,mya_Mymr,jinaai/jina-embeddings-v3,0.9941534914361
afr_Latn,ceb_Latn,intfloat/multilingual-e5-large,0.9941521293351956
nob_Latn,uzn_Latn,intfloat/multilingual-e5-large,0.9941317742898116
ces_Latn,khk_Cyrl,jinaai/jina-embeddings-v3,0.9941299642386598
slk_Latn,lit_Latn,jinaai/jina-embeddings-v3,0.9941270361124512
ita_Latn,vec_Latn,jinaai/jina-embeddings-v5-text-small,0.9941160618038088
kor_Hang,tel_Telu,jinaai/jina-embeddings-v3,0.9941040843214756
ita_Latn,pbt_Arab,intfloat/multilingual-e5-large,0.9941040843214756
snd_Arab,sin_Sinh,jinaai/jina-embeddings-v3,0.9941025158416462
afr_Latn,jav_Latn,intfloat/multilingual-e5-large,0.9940887916431396
jpn_Jpan,lit_Latn,jinaai/jina-embeddings-v3,0.994080523647363
ita_Latn,npi_Deva,intfloat/multilingual-e5-large,0.9940759154656909
urd_Arab,zho_Hant,jinaai/jina-embeddings-v5-text-nano,0.994072234507496
asm_Beng,mar_Deva,intfloat/multilingual-e5-large,0.9940711462450592
mkd_Cyrl,mya_Mymr,jinaai/jina-embeddings-v3,0.9940711462450592
mar_Deva,zho_Hant,jinaai/jina-embeddings-v3,0.9940711462450592
heb_Hebr,jav_Latn,intfloat/multilingual-e5-large,0.9940491875274484
cym_Latn,kan_Knda,jinaai/jina-embeddings-v3,0.9940469270712238
nld_Latn,sin_Sinh,jinaai/jina-embeddings-v3,0.9940299736495388
apc_Arab,urd_Arab,jinaai/jina-embeddings-v5-text-small,0.9940227652387345
eng_Latn,bho_Deva,jinaai/jina-embeddings-v5-text-small,0.9940217391304348
azj_Latn,isl_Latn,jinaai/jina-embeddings-v3,0.994016810492783
zsm_Latn,sun_Latn,intfloat/multilingual-e5-large,0.9940156715900424
fin_Latn,pan_Guru,jinaai/jina-embeddings-v3,0.9940141380358772
bel_Cyrl,kan_Knda,jinaai/jina-embeddings-v3,0.9940052700922268
azj_Latn,zho_Hant,jinaai/jina-embeddings-v3,0.9939980901598426
azj_Latn,zho_Hans,jinaai/jina-embeddings-v3,0.9939906904274268
mya_Mymr,vie_Latn,jinaai/jina-embeddings-v3,0.9939888010540184
ind_Latn,jav_Latn,intfloat/multilingual-e5-large,0.9939888010540184
heb_Hebr,kir_Cyrl,jinaai/jina-embeddings-v3,0.9939888010540184
isl_Latn,kaz_Cyrl,jinaai/jina-embeddings-v3,0.9939874785640528
hun_Latn,khk_Cyrl,jinaai/jina-embeddings-v3,0.9939839572192511
npi_Deva,slv_Latn,jinaai/jina-embeddings-v3,0.9939769615021928
npi_Deva,tam_Taml,intfloat/multilingual-e5-large,0.9939655172413794
amh_Ethi,guj_Gujr,jinaai/jina-embeddings-v3,0.9939645818801828
bos_Latn,xho_Latn,intfloat/multilingual-e5-large,0.9939629211368342
swe_Latn,lit_Latn,jinaai/jina-embeddings-v3,0.9939548137191636
mar_Deva,mya_Mymr,jinaai/jina-embeddings-v3,0.993939393939394
khm_Khmr,nno_Latn,jinaai/jina-embeddings-v3,0.993939393939394
ast_Latn,hin_Deva,jinaai/jina-embeddings-v3,0.9939237916926704
vec_Latn,fra_Latn,jinaai/jina-embeddings-v3,0.9939170025376922
ben_Beng,lit_Latn,jinaai/jina-embeddings-v3,0.9939154297758837
ces_Latn,npi_Deva,jinaai/jina-embeddings-v3,0.9939112466149578
nno_Latn,urd_Arab,jinaai/jina-embeddings-v3,0.9939076478319674
bul_Cyrl,tam_Taml,jinaai/jina-embeddings-v3,0.9939064558629775
deu_Latn,mya_Mymr,jinaai/jina-embeddings-v3,0.9939064558629775
fin_Latn,kan_Knda,jinaai/jina-embeddings-v3,0.9939064558629775
hrv_Latn,isl_Latn,jinaai/jina-embeddings-v3,0.9939064558629775
mai_Deva,snd_Arab,intfloat/multilingual-e5-large,0.9939064558629775
bel_Cyrl,tgl_Latn,jinaai/jina-embeddings-v3,0.9939064558629775
lao_Laoo,mkd_Cyrl,jinaai/jina-embeddings-v3,0.9938542448927916
ars_Arab,lit_Latn,jinaai/jina-embeddings-v3,0.9938486294949368
arb_Arab,lit_Latn,jinaai/jina-embeddings-v3,0.9938485665900044
ron_Latn,snd_Arab,jinaai/jina-embeddings-v3,0.993840579710145
kaz_Cyrl,urd_Arab,jinaai/jina-embeddings-v3,0.993839535709767
swe_Latn,uzn_Latn,intfloat/multilingual-e5-large,0.9938340546637991
kor_Hang,lit_Latn,jinaai/jina-embeddings-v3,0.9938324238466708
khk_Cyrl,nob_Latn,jinaai/jina-embeddings-v3,0.993831118773302
khm_Khmr,tel_Telu,jinaai/jina-embeddings-v3,0.9938252870318088
ell_Grek,ast_Latn,jinaai/jina-embeddings-v5-text-small,0.9938241106719368
amh_Ethi,ron_Latn,jinaai/jina-embeddings-v3,0.9938241106719368
eng_Latn,pbt_Arab,intfloat/multilingual-e5-large,0.9938241106719368
aeb_Arab,eng_Latn,jinaai/jina-embeddings-v3,0.9937982257912088
bho_Deva,pan_Guru,jinaai/jina-embeddings-v5-text-small,0.9937937729699744
isl_Latn,zho_Hant,jinaai/jina-embeddings-v3,0.9937937729699744
lit_Latn,sin_Sinh,jinaai/jina-embeddings-v3,0.993789133775174
spa_Latn,snd_Arab,jinaai/jina-embeddings-v3,0.9937889874232844
hun_Latn,isl_Latn,jinaai/jina-embeddings-v3,0.9937888198757764
pol_Latn,lit_Latn,jinaai/jina-embeddings-v3,0.9937846021542656
est_Latn,lit_Latn,jinaai/jina-embeddings-v3,0.9937839692789784
epo_Latn,lit_Latn,jinaai/jina-embeddings-v3,0.9937834645615146
lvs_Latn,oci_Latn,jinaai/jina-embeddings-v5-text-small,0.9937758799171844
mya_Mymr,por_Latn,jinaai/jina-embeddings-v3,0.9937747035573125
mya_Mymr,slk_Latn,jinaai/jina-embeddings-v3,0.9937747035573122
nno_Latn,sin_Sinh,jinaai/jina-embeddings-v3,0.993773889154324
amh_Ethi,heb_Hebr,jinaai/jina-embeddings-v3,0.993771709186729
fra_Latn,lao_Laoo,jinaai/jina-embeddings-v3,0.993765292678336
hin_Deva,khk_Cyrl,jinaai/jina-embeddings-v3,0.993759410878976
afr_Latn,arz_Arab,jinaai/jina-embeddings-v3,0.9937582345191042
arz_Arab,est_Latn,jinaai/jina-embeddings-v3,0.9937456866804693
tam_Taml,zho_Hans,jinaai/jina-embeddings-v3,0.993741765480896
lvs_Latn,mya_Mymr,jinaai/jina-embeddings-v3,0.993741765480896
mya_Mymr,als_Latn,jinaai/jina-embeddings-v3,0.993741765480896
afr_Latn,oci_Latn,jinaai/jina-embeddings-v5-text-small,0.993732782369146
hye_Armn,mya_Mymr,jinaai/jina-embeddings-v3,0.9936989459815548
isl_Latn,pan_Guru,jinaai/jina-embeddings-v3,0.99369349416201
lvs_Latn,tam_Taml,jinaai/jina-embeddings-v3,0.9936923583662716
jpn_Jpan,pan_Guru,jinaai/jina-embeddings-v5-text-small,0.9936923583662716
cat_Latn,pap_Latn,intfloat/multilingual-e5-large,0.993690789886442
ind_Latn,pbt_Arab,intfloat/multilingual-e5-large,0.9936868686868686
pap_Latn,eng_Latn,intfloat/multilingual-e5-large,0.9936708274158866
asm_Beng,hin_Deva,jinaai/jina-embeddings-v5-text-small,0.993666235064286
eus_Latn,mal_Mlym,jinaai/jina-embeddings-v3,0.9936619539880408
fin_Latn,kaz_Cyrl,jinaai/jina-embeddings-v3,0.9936616814111352
lao_Laoo,pol_Latn,jinaai/jina-embeddings-v3,0.9936607273563796
ell_Grek,kir_Cyrl,jinaai/jina-embeddings-v3,0.9936594202898552
isl_Latn,nno_Latn,jinaai/jina-embeddings-v3,0.9936549287339802
kan_Knda,mag_Deva,jinaai/jina-embeddings-v5-text-small,0.993647656691135
kaz_Cyrl,nno_Latn,jinaai/jina-embeddings-v3,0.9936444685676726
ast_Latn,kat_Geor,jinaai/jina-embeddings-v3,0.9936358930924148
hin_Deva,pbt_Arab,intfloat/multilingual-e5-large,0.993628624527352
bul_Cyrl,mya_Mymr,jinaai/jina-embeddings-v3,0.9936100131752306
arz_Arab,eus_Latn,jinaai/jina-embeddings-v3,0.9936100131752306
kaz_Cyrl,khm_Khmr,jinaai/jina-embeddings-v3,0.993609367330595
jav_Latn,urd_Arab,intfloat/multilingual-e5-large,0.9936034255599472
lao_Laoo,mar_Deva,jinaai/jina-embeddings-v3,0.9936017786561264
lit_Latn,zho_Hant,jinaai/jina-embeddings-v3,0.9935958892541982
lao_Laoo,lvs_Latn,jinaai/jina-embeddings-v3,0.9935941120348916
npi_Deva,ory_Orya,intfloat/multilingual-e5-large,0.993592854453416
bho_Deva,por_Latn,jinaai/jina-embeddings-v5-text-small,0.9935864859777902
afr_Latn,lit_Latn,jinaai/jina-embeddings-v3,0.9935853532240156
kaz_Cyrl,vie_Latn,jinaai/jina-embeddings-v3,0.9935834478445372
azj_Latn,ben_Beng,jinaai/jina-embeddings-v3,0.9935832126285812
cym_Latn,lao_Laoo,jinaai/jina-embeddings-v3,0.9935786435786436
uzn_Latn,tur_Latn,jinaai/jina-embeddings-v3,0.9935781657635964
ind_Latn,mya_Mymr,jinaai/jina-embeddings-v3,0.9935770750988142
eng_Latn,mya_Mymr,jinaai/jina-embeddings-v3,0.9935770750988142
hrv_Latn,khk_Cyrl,jinaai/jina-embeddings-v3,0.9935680919870644
dan_Latn,lit_Latn,jinaai/jina-embeddings-v3,0.9935626792015332
kaz_Cyrl,tgl_Latn,jinaai/jina-embeddings-v3,0.9935589640910923
glg_Latn,snd_Arab,jinaai/jina-embeddings-v3,0.993553547901374
eus_Latn,kan_Knda,jinaai/jina-embeddings-v3,0.9935528559249788
kaz_Cyrl,tel_Telu,jinaai/jina-embeddings-v3,0.99354149958026
rus_Cyrl,lit_Latn,jinaai/jina-embeddings-v3,0.993536850401514
ast_Latn,hun_Latn,jinaai/jina-embeddings-v3,0.9935368146539968
pbt_Arab,vie_Latn,jinaai/jina-embeddings-v3,0.9935333925161872
spa_Latn,uzn_Latn,intfloat/multilingual-e5-large,0.9935313662945242
hin_Deva,lit_Latn,jinaai/jina-embeddings-v3,0.9935301859913916
arz_Arab,mal_Mlym,jinaai/jina-embeddings-v3,0.9935293674158998
ben_Beng,hne_Deva,jinaai/jina-embeddings-v5-text-small,0.9935138056957774
tgl_Latn,xho_Latn,intfloat/multilingual-e5-large,0.9935124028681748
nno_Latn,tel_Telu,jinaai/jina-embeddings-v3,0.9935117668438508
nob_Latn,lit_Latn,jinaai/jina-embeddings-v3,0.9935083324913202
ast_Latn,ell_Grek,jinaai/jina-embeddings-v5-text-small,0.9934947299077734
ast_Latn,ben_Beng,jinaai/jina-embeddings-v3,0.9934947299077732
oci_Latn,tgl_Latn,intfloat/multilingual-e5-large,0.9934906126482212
hne_Deva,urd_Arab,intfloat/multilingual-e5-large,0.9934838795581242
heb_Hebr,uzn_Latn,intfloat/multilingual-e5-large,0.9934793527395016
amh_Ethi,por_Latn,jinaai/jina-embeddings-v3,0.9934712027103332
spa_Latn,npi_Deva,intfloat/multilingual-e5-large,0.9934569017934208
deu_Latn,jav_Latn,intfloat/multilingual-e5-large,0.9934453227931488
isl_Latn,lit_Latn,jinaai/jina-embeddings-v3,0.993436850301291
ell_Grek,kaz_Cyrl,jinaai/jina-embeddings-v3,0.9934227275142182
eus_Latn,tel_Telu,jinaai/jina-embeddings-v3,0.9934217955957086
kor_Hang,khk_Cyrl,jinaai/jina-embeddings-v3,0.9934123847167328
arb_Arab,mya_Mymr,jinaai/jina-embeddings-v3,0.9934123847167324
cat_Latn,uzn_Latn,intfloat/multilingual-e5-large,0.9934101934581474
isl_Latn,kan_Knda,jinaai/jina-embeddings-v3,0.9934041501976284
mya_Mymr,srp_Cyrl,jinaai/jina-embeddings-v3,0.9933888575192922
asm_Beng,slk_Latn,jinaai/jina-embeddings-v5-text-small,0.9933712121212122
cym_Latn,kaz_Cyrl,jinaai/jina-embeddings-v3,0.9933668370323248
ell_Grek,khk_Cyrl,jinaai/jina-embeddings-v3,0.9933465085638998
mal_Mlym,nno_Latn,jinaai/jina-embeddings-v3,0.9933425532669388
khk_Cyrl,zho_Hant,jinaai/jina-embeddings-v3,0.9933300395256917
deu_Latn,snd_Arab,intfloat/multilingual-e5-large,0.993323705280227
ind_Latn,snd_Arab,jinaai/jina-embeddings-v3,0.9933201581027667
hye_Armn,lao_Laoo,jinaai/jina-embeddings-v3,0.993315231230832
tgl_Latn,urd_Arab,intfloat/multilingual-e5-large,0.993305969392926
amh_Ethi,glg_Latn,jinaai/jina-embeddings-v3,0.9933018068887634
lit_Latn,tha_Thai,jinaai/jina-embeddings-v3,0.9932983751752787
amh_Ethi,mkd_Cyrl,jinaai/jina-embeddings-v3,0.99329065704302
mai_Deva,oci_Latn,jinaai/jina-embeddings-v5-text-small,0.9932806324110672
jpn_Jpan,tel_Telu,jinaai/jina-embeddings-v3,0.9932806324110672
kan_Knda,mya_Mymr,jinaai/jina-embeddings-v3,0.9932806324110672
hne_Deva,swe_Latn,jinaai/jina-embeddings-v5-text-small,0.9932785430887896
spa_Latn,lit_Latn,jinaai/jina-embeddings-v3,0.9932606138063188
vec_Latn,por_Latn,jinaai/jina-embeddings-v3,0.9932590054872664
cym_Latn,npi_Deva,jinaai/jina-embeddings-v3,0.9932584660955256
amh_Ethi,cat_Latn,jinaai/jina-embeddings-v3,0.9932535761340108
hne_Deva,pan_Guru,jinaai/jina-embeddings-v5-text-small,0.9932507016055284
fin_Latn,tam_Taml,jinaai/jina-embeddings-v3,0.9932476943346508
cat_Latn,fur_Latn,intfloat/multilingual-e5-large,0.9932476943346508
dan_Latn,mya_Mymr,jinaai/jina-embeddings-v3,0.9932476943346508
mkd_Cyrl,npi_Deva,jinaai/jina-embeddings-v3,0.9932425952766076
eus_Latn,lit_Latn,jinaai/jina-embeddings-v3,0.9932138563937044
vec_Latn,nob_Latn,jinaai/jina-embeddings-v3,0.9932138151703368
guj_Gujr,mya_Mymr,jinaai/jina-embeddings-v3,0.9932065217391304
mar_Deva,zho_Hans,jinaai/jina-embeddings-v3,0.9932048748353096
kan_Knda,tgl_Latn,intfloat/multilingual-e5-large,0.993177700922266
arz_Arab,urd_Arab,jinaai/jina-embeddings-v3,0.9931672349113436
ron_Latn,uzn_Latn,intfloat/multilingual-e5-large,0.9931665411125998
heb_Hebr,isl_Latn,jinaai/jina-embeddings-v3,0.99316534914361
ces_Latn,lao_Laoo,jinaai/jina-embeddings-v3,0.99316534914361
apc_Arab,zho_Hans,jinaai/jina-embeddings-v5-text-small,0.99316534914361
cym_Latn,khk_Cyrl,jinaai/jina-embeddings-v3,0.993158911246856
ast_Latn,vie_Latn,jinaai/jina-embeddings-v3,0.9931488801054018
lao_Laoo,mya_Mymr,jinaai/jina-embeddings-v3,0.9931433904259992
afr_Latn,mya_Mymr,jinaai/jina-embeddings-v3,0.9931350114416476
aeb_Arab,por_Latn,jinaai/jina-embeddings-v3,0.9931316120302994
azj_Latn,tgl_Latn,jinaai/jina-embeddings-v3,0.9931282585221516
epo_Latn,xho_Latn,intfloat/multilingual-e5-large,0.9931226186660972
deu_Latn,vec_Latn,jinaai/jina-embeddings-v5-text-small,0.9931225296442688
fin_Latn,urd_Arab,jinaai/jina-embeddings-v3,0.9931175916822284
fin_Latn,ast_Latn,jinaai/jina-embeddings-v3,0.9931159420289856
kor_Hang,tgl_Latn,jinaai/jina-embeddings-v3,0.9931159420289856
ast_Latn,cym_Latn,intfloat/multilingual-e5-large,0.9931159420289856
kaz_Cyrl,lit_Latn,jinaai/jina-embeddings-v3,0.9931090793498348
slv_Latn,lit_Latn,jinaai/jina-embeddings-v3,0.9931063599719704
lit_Latn,hun_Latn,jinaai/jina-embeddings-v3,0.9931021240723212
khm_Khmr,kan_Knda,jinaai/jina-embeddings-v3,0.9930929207927806
kaz_Cyrl,lao_Laoo,jinaai/jina-embeddings-v3,0.9930927087469728
khm_Khmr,zho_Hans,jinaai/jina-embeddings-v3,0.9930830039525692
amh_Ethi,tel_Telu,jinaai/jina-embeddings-v3,0.9930830039525692
lvs_Latn,khk_Cyrl,jinaai/jina-embeddings-v3,0.9930784292197335
hne_Deva,por_Latn,jinaai/jina-embeddings-v5-text-small,0.9930520249590344
swh_Latn,zul_Latn,intfloat/multilingual-e5-large,0.9930477131564088
hrv_Latn,snd_Arab,jinaai/jina-embeddings-v3,0.993047514335022
cym_Latn,pan_Guru,jinaai/jina-embeddings-v3,0.9930291052820698
vec_Latn,slk_Latn,jinaai/jina-embeddings-v3,0.9930241859589686
fra_Latn,snd_Arab,jinaai/jina-embeddings-v3,0.993014194957316
vec_Latn,rus_Cyrl,jinaai/jina-embeddings-v3,0.9930100696405044
kan_Knda,mai_Deva,intfloat/multilingual-e5-large,0.9930081446879868
est_Latn,tel_Telu,jinaai/jina-embeddings-v3,0.9930081446879868
asm_Beng,npi_Deva,intfloat/multilingual-e5-large,0.9930049584664395
urd_Arab,zho_Hans,jinaai/jina-embeddings-v5-text-small,0.9930018379289418
isl_Latn,kir_Cyrl,jinaai/jina-embeddings-v3,0.9930006587615284
kan_Knda,snd_Arab,jinaai/jina-embeddings-v3,0.9929943245160636
eng_Latn,mlt_Latn,intfloat/multilingual-e5-large,0.9929810527636614
hun_Latn,kan_Knda,jinaai/jina-embeddings-v3,0.992977131564088
vec_Latn,spa_Latn,jinaai/jina-embeddings-v3,0.9929618404356332
por_Latn,mlt_Latn,intfloat/multilingual-e5-large,0.992956170970005
por_Latn,vec_Latn,jinaai/jina-embeddings-v5-text-small,0.992951251646904
azj_Latn,urd_Arab,jinaai/jina-embeddings-v3,0.9929479455140496
ben_Beng,bho_Deva,jinaai/jina-embeddings-v5-text-small,0.9929453698475438
vec_Latn,ukr_Cyrl,jinaai/jina-embeddings-v3,0.9929412727436904
ita_Latn,snd_Arab,jinaai/jina-embeddings-v3,0.992938479739722
ast_Latn,kor_Hang,jinaai/jina-embeddings-v5-text-small,0.9929347826086956
lit_Latn,eus_Latn,jinaai/jina-embeddings-v3,0.9929297175473006
bel_Cyrl,lit_Latn,jinaai/jina-embeddings-v3,0.9929292926200892
cat_Latn,vec_Latn,jinaai/jina-embeddings-v5-text-small,0.9929277244494636
bul_Cyrl,uzn_Latn,intfloat/multilingual-e5-large,0.9929255376266244
ell_Grek,lao_Laoo,jinaai/jina-embeddings-v3,0.9929238032498904
spa_Latn,lao_Laoo,jinaai/jina-embeddings-v3,0.992923359190889
bel_Cyrl,urd_Arab,jinaai/jina-embeddings-v3,0.9929199495676604
fra_Latn,pbt_Arab,intfloat/multilingual-e5-large,0.9929183135704877
jav_Latn,sin_Sinh,intfloat/multilingual-e5-large,0.9929183135704874
spa_Latn,pbt_Arab,jinaai/jina-embeddings-v3,0.9929139755720784
fra_Latn,uzn_Latn,intfloat/multilingual-e5-large,0.9928996382669772
kat_Geor,khk_Cyrl,jinaai/jina-embeddings-v3,0.9928689064558628
vec_Latn,eng_Latn,jinaai/jina-embeddings-v3,0.9928689064558628
azj_Latn,cym_Latn,jinaai/jina-embeddings-v3,0.9928470626354116
mya_Mymr,tel_Telu,jinaai/jina-embeddings-v3,0.9928414580588492
spa_Latn,mlt_Latn,intfloat/multilingual-e5-large,0.992829730107398
jpn_Jpan,kat_Geor,jinaai/jina-embeddings-v3,0.9928277338603424
fin_Latn,khk_Cyrl,jinaai/jina-embeddings-v3,0.9928277338603424
isl_Latn,tgl_Latn,intfloat/multilingual-e5-large,0.9928222757214656
fin_Latn,lao_Laoo,jinaai/jina-embeddings-v3,0.9928197132248516
sin_Sinh,zho_Hans,jinaai/jina-embeddings-v3,0.9928194993412384
asm_Beng,pan_Guru,intfloat/multilingual-e5-large,0.9928153820816864
bos_Latn,mya_Mymr,jinaai/jina-embeddings-v3,0.9928100884622624
azj_Latn,mal_Mlym,jinaai/jina-embeddings-v3,0.9928027798124142
snd_Arab,tgl_Latn,jinaai/jina-embeddings-v3,0.9928021753359084
bho_Deva,rus_Cyrl,jinaai/jina-embeddings-v5-text-small,0.9928001370936156
fra_Latn,vec_Latn,jinaai/jina-embeddings-v5-text-small,0.9927952291796684
mkd_Cyrl,zul_Latn,intfloat/multilingual-e5-large,0.9927947957839262
fin_Latn,lit_Latn,jinaai/jina-embeddings-v3,0.992794777045784
asm_Beng,eng_Latn,jinaai/jina-embeddings-v5-text-small,0.9927890884829615
cym_Latn,kir_Cyrl,jinaai/jina-embeddings-v3,0.9927810715854194
pbt_Arab,tam_Taml,jinaai/jina-embeddings-v3,0.9927696216826652
khm_Khmr,npi_Deva,jinaai/jina-embeddings-v3,0.9927694420286683
hun_Latn,npi_Deva,jinaai/jina-embeddings-v3,0.9927616962386944
ita_Latn,mlt_Latn,intfloat/multilingual-e5-large,0.992753623188406
fra_Latn,mya_Mymr,jinaai/jina-embeddings-v3,0.9927536231884058
kan_Knda,lit_Latn,jinaai/jina-embeddings-v3,0.9927372864983416
hne_Deva,mar_Deva,intfloat/multilingual-e5-large,0.9927278701727592
amh_Ethi,ind_Latn,jinaai/jina-embeddings-v3,0.9927261747913922
arz_Arab,tam_Taml,jinaai/jina-embeddings-v3,0.992719781188875
aeb_Arab,ces_Latn,jinaai/jina-embeddings-v3,0.9927125799520466
mya_Mymr,swe_Latn,jinaai/jina-embeddings-v3,0.9927124505928854
ast_Latn,mar_Deva,jinaai/jina-embeddings-v3,0.9927092834701532
bel_Cyrl,uzn_Latn,intfloat/multilingual-e5-large,0.9927070232962032
pol_Latn,snd_Arab,jinaai/jina-embeddings-v3,0.9926966149792236
amh_Ethi,bul_Cyrl,jinaai/jina-embeddings-v3,0.9926959815546772
lao_Laoo,zho_Hant,jinaai/jina-embeddings-v3,0.992693236714976
amh_Ethi,hye_Armn,jinaai/jina-embeddings-v3,0.9926825514461384
mal_Mlym,zho_Hans,jinaai/jina-embeddings-v3,0.9926805129720612
npi_Deva,zho_Hans,jinaai/jina-embeddings-v3,0.9926752253174764
arb_Arab,uzn_Latn,intfloat/multilingual-e5-large,0.9926752213136572
ceb_Latn,mar_Deva,intfloat/multilingual-e5-large,0.9926709070593852
amh_Ethi,ita_Latn,jinaai/jina-embeddings-v3,0.9926688649514736
aeb_Arab,ron_Latn,jinaai/jina-embeddings-v3,0.9926551669817264
bul_Cyrl,snd_Arab,jinaai/jina-embeddings-v3,0.9926359872012046
khk_Cyrl,mar_Deva,jinaai/jina-embeddings-v3,0.9926312817617164
ast_Latn,heb_Hebr,jinaai/jina-embeddings-v3,0.992593638245812
glg_Latn,npi_Deva,jinaai/jina-embeddings-v3,0.9925923732012464
lvs_Latn,npi_Deva,jinaai/jina-embeddings-v3,0.9925660343419476
hun_Latn,oci_Latn,jinaai/jina-embeddings-v5-text-small,0.992555994729908
ceb_Latn,eng_Latn,intfloat/multilingual-e5-large,0.9925542196600242
kir_Cyrl,lit_Latn,jinaai/jina-embeddings-v3,0.9925464087346896
kor_Hang,npi_Deva,jinaai/jina-embeddings-v3,0.99254255927401
hne_Deva,nld_Latn,jinaai/jina-embeddings-v5-text-small,0.9925424996579898
ast_Latn,jav_Latn,intfloat/multilingual-e5-large,0.9925368512325036
bel_Cyrl,cym_Latn,jinaai/jina-embeddings-v3,0.9925312911725954
nno_Latn,pan_Guru,intfloat/multilingual-e5-large,0.9925296006421834
arz_Arab,isl_Latn,jinaai/jina-embeddings-v3,0.9925277620929794
spa_Latn,ceb_Latn,intfloat/multilingual-e5-large,0.9925225479573306
sot_Latn,zul_Latn,intfloat/multilingual-e5-large,0.9925222724135766
ast_Latn,tgl_Latn,intfloat/multilingual-e5-large,0.9925192923019012
bul_Cyrl,npi_Deva,jinaai/jina-embeddings-v3,0.9925180719905804
tha_Thai,tgl_Latn,jinaai/jina-embeddings-v3,0.9925174225088412
hne_Deva,tur_Latn,jinaai/jina-embeddings-v5-text-small,0.992513046123084
mya_Mymr,nld_Latn,jinaai/jina-embeddings-v3,0.9925124694146432
ita_Latn,mya_Mymr,jinaai/jina-embeddings-v3,0.9925065876152832
epo_Latn,fur_Latn,intfloat/multilingual-e5-large,0.9925020960594084
apc_Arab,lit_Latn,jinaai/jina-embeddings-v3,0.9924883236345068
ast_Latn,urd_Arab,jinaai/jina-embeddings-v3,0.9924847045813912
hye_Armn,npi_Deva,jinaai/jina-embeddings-v3,0.9924792004919756
vec_Latn,hrv_Latn,jinaai/jina-embeddings-v3,0.9924756567543128
zsm_Latn,xho_Latn,intfloat/multilingual-e5-large,0.9924712968191228
lit_Latn,zho_Hans,jinaai/jina-embeddings-v3,0.992460309188832
ast_Latn,zho_Hans,jinaai/jina-embeddings-v3,0.9924571805006588
eus_Latn,oci_Latn,jinaai/jina-embeddings-v3,0.9924542396009788
glg_Latn,mlt_Latn,intfloat/multilingual-e5-large,0.9924418093983312
nno_Latn,oci_Latn,jinaai/jina-embeddings-v5-text-small,0.992437313089487
zsm_Latn,uzn_Latn,intfloat/multilingual-e5-large,0.9924364368026338
guj_Gujr,hne_Deva,jinaai/jina-embeddings-v5-text-small,0.9924305819844328
bel_Cyrl,npi_Deva,jinaai/jina-embeddings-v3,0.9924271944206196
ben_Beng,ast_Latn,jinaai/jina-embeddings-v3,0.9924242424242424
mya_Mymr,tha_Thai,jinaai/jina-embeddings-v3,0.992407773386034
hin_Deva,jav_Latn,intfloat/multilingual-e5-large,0.992366149852563
jav_Latn,sun_Latn,intfloat/multilingual-e5-large,0.992358343317454
fra_Latn,pap_Latn,intfloat/multilingual-e5-large,0.9923548991054713
hrv_Latn,oci_Latn,jinaai/jina-embeddings-v5-text-small,0.9923548991054713
asm_Beng,ukr_Cyrl,jinaai/jina-embeddings-v5-text-small,0.992348529060668
eng_Latn,vec_Latn,jinaai/jina-embeddings-v5-text-small,0.9923444976076554
ron_Latn,zul_Latn,intfloat/multilingual-e5-large,0.9923396478035926
ast_Latn,tel_Telu,jinaai/jina-embeddings-v3,0.992329433072771
afr_Latn,ltz_Latn,intfloat/multilingual-e5-large,0.992309238293026
jpn_Jpan,kir_Cyrl,jinaai/jina-embeddings-v3,0.9922924901185772
ast_Latn,lit_Latn,jinaai/jina-embeddings-v3,0.9922858285166388
eus_Latn,tam_Taml,jinaai/jina-embeddings-v3,0.9922595520421608
fin_Latn,tel_Telu,jinaai/jina-embeddings-v3,0.9922595520421608
khk_Cyrl,tam_Taml,jinaai/jina-embeddings-v3,0.9922595520421608
aeb_Arab,fra_Latn,jinaai/jina-embeddings-v3,0.9922576664358544
vec_Latn,nld_Latn,jinaai/jina-embeddings-v3,0.99225014664738
kir_Cyrl,khk_Cyrl,jinaai/jina-embeddings-v3,0.9922458634909228
heb_Hebr,khk_Cyrl,jinaai/jina-embeddings-v3,0.992245079251008
nno_Latn,lit_Latn,jinaai/jina-embeddings-v3,0.9922398303339326
cym_Latn,gle_Latn,intfloat/multilingual-e5-large,0.9922318037887092
cym_Latn,pbt_Arab,jinaai/jina-embeddings-v3,0.992229690599256
aeb_Arab,dan_Latn,jinaai/jina-embeddings-v3,0.992227747548894
kaz_Cyrl,khk_Cyrl,jinaai/jina-embeddings-v3,0.992210734676864
aeb_Arab,pol_Latn,jinaai/jina-embeddings-v3,0.9922098603413734
bho_Deva,urd_Arab,intfloat/multilingual-e5-large,0.992196333280988
npi_Deva,nno_Latn,jinaai/jina-embeddings-v3,0.9921916423988574
ast_Latn,kaz_Cyrl,jinaai/jina-embeddings-v3,0.9921885072438086
fra_Latn,crh_Latn,intfloat/multilingual-e5-large,0.9921607378129116
lao_Laoo,zho_Hans,jinaai/jina-embeddings-v3,0.9921497584541062
kan_Knda,zho_Hans,jinaai/jina-embeddings-v3,0.9921277997364952
khk_Cyrl,tgl_Latn,jinaai/jina-embeddings-v3,0.9921277997364952
kaz_Cyrl,oci_Latn,jinaai/jina-embeddings-v3,0.9921268861768274
hne_Deva,ron_Latn,jinaai/jina-embeddings-v5-text-nano,0.9921194096656728
aeb_Arab,bul_Cyrl,jinaai/jina-embeddings-v3,0.99211797152364
asm_Beng,fra_Latn,jinaai/jina-embeddings-v5-text-small,0.9921001458434614
amh_Ethi,hin_Deva,jinaai/jina-embeddings-v3,0.9920811374615722
mar_Deva,uzn_Latn,intfloat/multilingual-e5-large,0.9920810705142624
hne_Deva,slk_Latn,jinaai/jina-embeddings-v5-text-nano,0.9920602103591032
vec_Latn,lvs_Latn,jinaai/jina-embeddings-v3,0.992054565935014
ces_Latn,vec_Latn,jinaai/jina-embeddings-v5-text-small,0.9920478072651986
fin_Latn,mal_Mlym,jinaai/jina-embeddings-v3,0.9920460930509466
mya_Mymr,slv_Latn,jinaai/jina-embeddings-v3,0.9920454545454546
aeb_Arab,deu_Latn,jinaai/jina-embeddings-v3,0.9920433133061368
dan_Latn,uzn_Latn,intfloat/multilingual-e5-large,0.9920411006617904
aeb_Arab,heb_Hebr,jinaai/jina-embeddings-v3,0.9920327217095118
fra_Latn,bho_Deva,jinaai/jina-embeddings-v5-text-small,0.992031313548112
afr_Latn,vec_Latn,jinaai/jina-embeddings-v5-text-small,0.9920277186581536
awa_Deva,hin_Deva,jinaai/jina-embeddings-v5-text-nano,0.9920179045304552
est_Latn,oci_Latn,jinaai/jina-embeddings-v3,0.9920061822235736
uzn_Latn,fra_Latn,intfloat/multilingual-e5-large,0.9920033337910208
amh_Ethi,fra_Latn,jinaai/jina-embeddings-v3,0.992000752870318
arz_Arab,lit_Latn,jinaai/jina-embeddings-v3,0.99199525280963
lit_Latn,nno_Latn,jinaai/jina-embeddings-v3,0.9919931005249738
nob_Latn,pbt_Arab,intfloat/multilingual-e5-large,0.9919902775402778
mya_Mymr,pol_Latn,jinaai/jina-embeddings-v3,0.9919825448653424
aeb_Arab,rus_Cyrl,jinaai/jina-embeddings-v3,0.991982191005826
kir_Cyrl,mal_Mlym,jinaai/jina-embeddings-v3,0.9919677268417616
guj_Gujr,lit_Latn,jinaai/jina-embeddings-v3,0.9919500775351704
amh_Ethi,ces_Latn,jinaai/jina-embeddings-v3,0.9919429791320048
amh_Ethi,als_Latn,jinaai/jina-embeddings-v3,0.9919393592677348
uzn_Latn,ron_Latn,jinaai/jina-embeddings-v3,0.9919314800757358
hne_Deva,ukr_Cyrl,jinaai/jina-embeddings-v5-text-small,0.9919252202133748
uzn_Latn,eng_Latn,jinaai/jina-embeddings-v3,0.9919231597072752
uzn_Latn,ukr_Cyrl,jinaai/jina-embeddings-v3,0.991890127987954
asm_Beng,deu_Latn,jinaai/jina-embeddings-v5-text-small,0.991851233474172
amh_Ethi,deu_Latn,jinaai/jina-embeddings-v3,0.9918478260869564
isl_Latn,tel_Telu,jinaai/jina-embeddings-v3,0.9918454733672124
amh_Ethi,ukr_Cyrl,jinaai/jina-embeddings-v3,0.9918377735571412
hun_Latn,jav_Latn,intfloat/multilingual-e5-large,0.9918313570487484
khm_Khmr,mya_Mymr,jinaai/jina-embeddings-v3,0.9918182854694712
lit_Latn,mar_Deva,jinaai/jina-embeddings-v3,0.9918163494782232
fin_Latn,npi_Deva,jinaai/jina-embeddings-v3,0.9918015763863952
tgl_Latn,zho_Hant,jinaai/jina-embeddings-v3,0.991798418972332
als_Latn,sun_Latn,intfloat/multilingual-e5-large,0.9917935475526156
glg_Latn,jav_Latn,intfloat/multilingual-e5-large,0.991789008093356
als_Latn,xho_Latn,intfloat/multilingual-e5-large,0.9917702493728384
kor_Hang,oci_Latn,jinaai/jina-embeddings-v5-text-small,0.9917654808959158
hne_Deva,jpn_Jpan,jinaai/jina-embeddings-v3,0.9917603828294173
amh_Ethi,hun_Latn,jinaai/jina-embeddings-v3,0.9917503453830686
kat_Geor,lao_Laoo,jinaai/jina-embeddings-v3,0.9917396009787314
fin_Latn,kir_Cyrl,jinaai/jina-embeddings-v3,0.991738032498902
aeb_Arab,slk_Latn,jinaai/jina-embeddings-v3,0.99173779608012
eus_Latn,jav_Latn,intfloat/multilingual-e5-large,0.991733144780596
est_Latn,tam_Taml,jinaai/jina-embeddings-v3,0.991726098413244
spa_Latn,vec_Latn,jinaai/jina-embeddings-v5-text-small,0.9917197066573664
kir_Cyrl,tam_Taml,jinaai/jina-embeddings-v3,0.9917105841018884
amh_Ethi,arb_Arab,jinaai/jina-embeddings-v3,0.9917082670294132
amh_Ethi,swe_Latn,jinaai/jina-embeddings-v3,0.991707236736399
rus_Cyrl,snd_Arab,jinaai/jina-embeddings-v3,0.9917025712158036
amh_Ethi,zsm_Latn,jinaai/jina-embeddings-v3,0.9916909781040216
mya_Mymr,tam_Taml,jinaai/jina-embeddings-v3,0.9916831357048748
dan_Latn,mlt_Latn,intfloat/multilingual-e5-large,0.9916596085074346
kaz_Cyrl,mal_Mlym,jinaai/jina-embeddings-v3,0.991617054120643
dan_Latn,jav_Latn,intfloat/multilingual-e5-large,0.9916095094164148
kir_Cyrl,tel_Telu,jinaai/jina-embeddings-v3,0.991600790513834
hrv_Latn,lao_Laoo,jinaai/jina-embeddings-v3,0.991596673254282
ben_Beng,pbt_Arab,jinaai/jina-embeddings-v3,0.9915788317962232
awa_Deva,eng_Latn,jinaai/jina-embeddings-v5-text-small,0.9915698537187762
khk_Cyrl,tel_Telu,jinaai/jina-embeddings-v3,0.9915349143610014
hne_Deva,kan_Knda,jinaai/jina-embeddings-v5-text-small,0.9915327886043244
deu_Latn,ltz_Latn,intfloat/multilingual-e5-large,0.9915310854249472
pap_Latn,fra_Latn,intfloat/multilingual-e5-large,0.9915287384716732
khm_Khmr,lit_Latn,jinaai/jina-embeddings-v3,0.991526295081676
hun_Latn,mya_Mymr,jinaai/jina-embeddings-v3,0.9915244340639596
spa_Latn,khk_Cyrl,jinaai/jina-embeddings-v3,0.9914801705052566
aeb_Arab,ita_Latn,jinaai/jina-embeddings-v5-text-small,0.9914721906208306
jpn_Jpan,oci_Latn,jinaai/jina-embeddings-v5-text-small,0.9914690382081686
ell_Grek,npi_Deva,jinaai/jina-embeddings-v3,0.9914648068249148
deu_Latn,zul_Latn,intfloat/multilingual-e5-large,0.9914564903695338
khm_Khmr,tgl_Latn,jinaai/jina-embeddings-v3,0.9914447267708136
epo_Latn,mya_Mymr,jinaai/jina-embeddings-v3,0.9914361001317524
cym_Latn,lit_Latn,jinaai/jina-embeddings-v3,0.9914197348252812
mal_Mlym,khk_Cyrl,jinaai/jina-embeddings-v3,0.9914120344170112
khm_Khmr,pan_Guru,jinaai/jina-embeddings-v3,0.9913960792172256
kir_Cyrl,uzn_Latn,intfloat/multilingual-e5-large,0.9913822812723846
nso_Latn,sot_Latn,intfloat/multilingual-e5-large,0.9913729688186208
afr_Latn,pbt_Arab,intfloat/multilingual-e5-large,0.9913702239789196
hne_Deva,zho_Hant,jinaai/jina-embeddings-v5-text-small,0.9913640590511976
amh_Ethi,slk_Latn,jinaai/jina-embeddings-v3,0.9913355859906794
glg_Latn,fur_Latn,intfloat/multilingual-e5-large,0.9913220520421608
bel_Cyrl,jav_Latn,intfloat/multilingual-e5-large,0.9912983110025576
amh_Ethi,spa_Latn,jinaai/jina-embeddings-v3,0.9912953552544932
kaz_Cyrl,tat_Cyrl,intfloat/multilingual-e5-large,0.9912860895691924
ces_Latn,cym_Latn,jinaai/jina-embeddings-v3,0.9912649653434152
bos_Latn,ltz_Latn,intfloat/multilingual-e5-large,0.9912551826578192
vec_Latn,fin_Latn,jinaai/jina-embeddings-v3,0.9912543381856744
lao_Laoo,tgl_Latn,jinaai/jina-embeddings-v3,0.991233766233766
asm_Beng,dan_Latn,jinaai/jina-embeddings-v5-text-small,0.991222002635046
mal_Mlym,mya_Mymr,jinaai/jina-embeddings-v3,0.9912194538553234
heb_Hebr,mya_Mymr,jinaai/jina-embeddings-v3,0.9912156683895814
oci_Latn,tam_Taml,jinaai/jina-embeddings-v3,0.9911996972008414
fra_Latn,fur_Latn,intfloat/multilingual-e5-large,0.991198475437606
npi_Deva,snd_Arab,jinaai/jina-embeddings-v3,0.9911954810670226
bho_Deva,mar_Deva,intfloat/multilingual-e5-large,0.9911916649330836
asm_Beng,por_Latn,jinaai/jina-embeddings-v5-text-small,0.9911915535820366
afr_Latn,amh_Ethi,jinaai/jina-embeddings-v3,0.9911890645586298
nld_Latn,pbt_Arab,jinaai/jina-embeddings-v3,0.9911890645586298
amh_Ethi,pan_Guru,jinaai/jina-embeddings-v3,0.991183574879227
vec_Latn,slv_Latn,jinaai/jina-embeddings-v3,0.991175340360123
nld_Latn,snd_Arab,jinaai/jina-embeddings-v3,0.9911725955204216
ast_Latn,oci_Latn,jinaai/jina-embeddings-v5-text-small,0.991162138988226
bho_Deva,kan_Knda,jinaai/jina-embeddings-v3,0.9911396574440052
khk_Cyrl,mya_Mymr,jinaai/jina-embeddings-v3,0.9911396574440052
isl_Latn,tam_Taml,jinaai/jina-embeddings-v3,0.9911341677646026
ces_Latn,snd_Arab,jinaai/jina-embeddings-v3,0.9911268855368234
ben_Beng,oci_Latn,jinaai/jina-embeddings-v5-text-small,0.9911246855910888
jpn_Jpan,npi_Deva,jinaai/jina-embeddings-v3,0.9911099200381158
uzn_Latn,hrv_Latn,intfloat/multilingual-e5-large,0.9911026724433684
amh_Ethi,eng_Latn,jinaai/jina-embeddings-v3,0.9910996612083568
heb_Hebr,snd_Arab,jinaai/jina-embeddings-v3,0.991095595543536
arz_Arab,sin_Sinh,jinaai/jina-embeddings-v3,0.9910825001937534
nld_Latn,uzn_Latn,intfloat/multilingual-e5-large,0.9910735198778676
amh_Ethi,urd_Arab,jinaai/jina-embeddings-v3,0.9910490958317044
lit_Latn,urd_Arab,jinaai/jina-embeddings-v3,0.9910384107143104
bel_Cyrl,snd_Arab,jinaai/jina-embeddings-v3,0.9910243741765482
amh_Ethi,tur_Latn,jinaai/jina-embeddings-v3,0.9910072634875008
aeb_Arab,tur_Latn,jinaai/jina-embeddings-v3,0.99099656948449
hne_Deva,tam_Taml,jinaai/jina-embeddings-v5-text-small,0.9909925293161604
awa_Deva,pan_Guru,jinaai/jina-embeddings-v5-text-small,0.990986459557897
kor_Hang,mya_Mymr,jinaai/jina-embeddings-v3,0.9909749670619236
bul_Cyrl,pbt_Arab,jinaai/jina-embeddings-v3,0.9909749670619236
ceb_Latn,urd_Arab,intfloat/multilingual-e5-large,0.9909742184692778
est_Latn,snd_Arab,jinaai/jina-embeddings-v3,0.990974106739032
cat_Latn,xho_Latn,intfloat/multilingual-e5-large,0.9909672151519978
por_Latn,uzn_Latn,intfloat/multilingual-e5-large,0.9909604441561456
lit_Latn,mal_Mlym,jinaai/jina-embeddings-v3,0.9909562082470148
mkd_Cyrl,mlt_Latn,intfloat/multilingual-e5-large,0.9909514398644832
amh_Ethi,kaz_Cyrl,jinaai/jina-embeddings-v3,0.9909432549237648
jav_Latn,mal_Mlym,intfloat/multilingual-e5-large,0.9909423060055766
khm_Khmr,mal_Mlym,jinaai/jina-embeddings-v3,0.9909352813375104
khk_Cyrl,zho_Hans,jinaai/jina-embeddings-v3,0.990925559947299
isl_Latn,snd_Arab,jinaai/jina-embeddings-v3,0.9909079283887468
snd_Arab,zho_Hans,jinaai/jina-embeddings-v3,0.9909067381893468
isl_Latn,mar_Deva,jinaai/jina-embeddings-v3,0.9908936633910856
hye_Armn,pbt_Arab,intfloat/multilingual-e5-large,0.9908926218708828
mya_Mymr,urd_Arab,jinaai/jina-embeddings-v3,0.9908646640961754
hne_Deva,rus_Cyrl,jinaai/jina-embeddings-v3,0.9908610344463384
asm_Beng,ita_Latn,jinaai/jina-embeddings-v5-text-small,0.9908378064835496
swh_Latn,xho_Latn,intfloat/multilingual-e5-large,0.9908361565970264
ceb_Latn,xho_Latn,intfloat/multilingual-e5-large,0.9908276208843316
fra_Latn,sot_Latn,intfloat/multilingual-e5-large,0.9908259614781354
ceb_Latn,fra_Latn,intfloat/multilingual-e5-large,0.990819342205461
aeb_Arab,swe_Latn,jinaai/jina-embeddings-v3,0.9908139719842224
afr_Latn,sun_Latn,intfloat/multilingual-e5-large,0.9908113078360804
dan_Latn,pbt_Arab,jinaai/jina-embeddings-v3,0.990810276679842
ceb_Latn,glg_Latn,intfloat/multilingual-e5-large,0.9907867494824016
ceb_Latn,sin_Sinh,intfloat/multilingual-e5-large,0.9907788764592854
uzn_Latn,slk_Latn,jinaai/jina-embeddings-v3,0.9907708654787822
glg_Latn,ltz_Latn,intfloat/multilingual-e5-large,0.990756737865896
uzn_Latn,ita_Latn,jinaai/jina-embeddings-v3,0.9907389108476063
arb_Arab,sot_Latn,intfloat/multilingual-e5-large,0.9907363130528892
uzn_Latn,hin_Deva,intfloat/multilingual-e5-large,0.9907237121676992
isl_Latn,mal_Mlym,jinaai/jina-embeddings-v3,0.9907135144181366
ast_Latn,tam_Taml,jinaai/jina-embeddings-v3,0.9907047769994392
asm_Beng,ron_Latn,jinaai/jina-embeddings-v5-text-small,0.9907026611832104
uzn_Latn,urd_Arab,intfloat/multilingual-e5-large,0.9906787085517322
zsm_Latn,mya_Mymr,jinaai/jina-embeddings-v3,0.9906400966183576
jav_Latn,tam_Taml,intfloat/multilingual-e5-large,0.9906373517786562
vec_Latn,tur_Latn,jinaai/jina-embeddings-v3,0.990630293619424
isl_Latn,khk_Cyrl,jinaai/jina-embeddings-v3,0.9906268107849135
lit_Latn,tgl_Latn,jinaai/jina-embeddings-v3,0.990626620942454
sot_Latn,xho_Latn,intfloat/multilingual-e5-large,0.9906218760653048
pol_Latn,vec_Latn,jinaai/jina-embeddings-v5-text-small,0.990620996581726
eus_Latn,mya_Mymr,jinaai/jina-embeddings-v3,0.990617353660832
spa_Latn,mya_Mymr,jinaai/jina-embeddings-v3,0.9906167483968314
hrv_Latn,mlt_Latn,intfloat/multilingual-e5-large,0.9906163080076124
hrv_Latn,zul_Latn,intfloat/multilingual-e5-large,0.990612648221344
mya_Mymr,pan_Guru,jinaai/jina-embeddings-v3,0.9905714756258236
azj_Latn,lit_Latn,jinaai/jina-embeddings-v3,0.990569858072656
jpn_Jpan,tgl_Latn,jinaai/jina-embeddings-v3,0.9905632411067194
asm_Beng,ces_Latn,jinaai/jina-embeddings-v5-text-small,0.99056167262689
mkd_Cyrl,swh_Latn,intfloat/multilingual-e5-large,0.9905569068612547
lit_Latn,pan_Guru,jinaai/jina-embeddings-v3,0.990552811095458
lao_Laoo,lit_Latn,jinaai/jina-embeddings-v3,0.9905466740646324
kaz_Cyrl,pbt_Arab,intfloat/multilingual-e5-large,0.9905314817720609
mya_Mymr,sin_Sinh,jinaai/jina-embeddings-v3,0.9905303030303032
nno_Latn,uzn_Latn,intfloat/multilingual-e5-large,0.9905293421369016
mkd_Cyrl,xho_Latn,intfloat/multilingual-e5-large,0.9904999653283408
cat_Latn,ltz_Latn,intfloat/multilingual-e5-large,0.9904987946835772
afr_Latn,uzn_Latn,jinaai/jina-embeddings-v3,0.9904906506068258
aeb_Arab,bos_Latn,jinaai/jina-embeddings-v3,0.9904747030128812
mal_Mlym,zul_Latn,intfloat/multilingual-e5-large,0.9904421540785178
mya_Mymr,nob_Latn,jinaai/jina-embeddings-v3,0.9904057634421012
jav_Latn,kat_Geor,intfloat/multilingual-e5-large,0.9904036181210096
bho_Deva,guj_Gujr,intfloat/multilingual-e5-large,0.990402220218562
jpn_Jpan,mya_Mymr,jinaai/jina-embeddings-v3,0.9903985507246376
khm_Khmr,kir_Cyrl,jinaai/jina-embeddings-v3,0.9903697299077732
azj_Latn,uzn_Latn,intfloat/multilingual-e5-large,0.9903693928092504
awa_Deva,sin_Sinh,jinaai/jina-embeddings-v3,0.9903464021940862
jav_Latn,por_Latn,intfloat/multilingual-e5-large,0.9903397327310371
sun_Latn,tgl_Latn,intfloat/multilingual-e5-large,0.990327178944754
cat_Latn,hne_Deva,jinaai/jina-embeddings-v5-text-small,0.9903264141557674
oci_Latn,zho_Hans,jinaai/jina-embeddings-v3,0.9903162055335968
kat_Geor,pbt_Arab,jinaai/jina-embeddings-v3,0.9903107158541942
awa_Deva,mar_Deva,intfloat/multilingual-e5-large,0.9902900147992444
eng_Latn,uzn_Latn,intfloat/multilingual-e5-large,0.99027052521295
amh_Ethi,epo_Latn,jinaai/jina-embeddings-v3,0.9902491375424728
ell_Grek,mya_Mymr,jinaai/jina-embeddings-v3,0.9902173913043478
kaz_Cyrl,uzn_Latn,jinaai/jina-embeddings-v3,0.9902085632417406
fra_Latn,hne_Deva,intfloat/multilingual-e5-large,0.990204990599599
ind_Latn,mlt_Latn,intfloat/multilingual-e5-large,0.9901956745330937
isl_Latn,lao_Laoo,jinaai/jina-embeddings-v3,0.9901804607338204
amh_Ethi,tam_Taml,jinaai/jina-embeddings-v3,0.9901711924439198
hne_Deva,pol_Latn,jinaai/jina-embeddings-v3,0.9901399276280968
eng_Latn,hne_Deva,intfloat/multilingual-e5-large,0.9901369828465004
bho_Deva,mal_Mlym,jinaai/jina-embeddings-v3,0.990132831788842
hne_Deva,vie_Latn,jinaai/jina-embeddings-v5-text-small,0.9901326378935488
amh_Ethi,mar_Deva,jinaai/jina-embeddings-v3,0.9901292922247352
hin_Deva,uzn_Latn,intfloat/multilingual-e5-large,0.990119906483428
cym_Latn,swh_Latn,intfloat/multilingual-e5-large,0.9901025358041168
asm_Beng,swe_Latn,jinaai/jina-embeddings-v5-text-small,0.9900974345347746
arb_Arab,vec_Latn,jinaai/jina-embeddings-v5-text-small,0.9900861233821592
fin_Latn,uzn_Latn,intfloat/multilingual-e5-large,0.9900797075695444
est_Latn,mya_Mymr,jinaai/jina-embeddings-v3,0.990036231884058
eus_Latn,uzn_Latn,intfloat/multilingual-e5-large,0.9900337208301097
ast_Latn,sin_Sinh,jinaai/jina-embeddings-v3,0.9900308847937308
cat_Latn,zul_Latn,intfloat/multilingual-e5-large,0.9900298976385934
kir_Cyrl,mya_Mymr,jinaai/jina-embeddings-v3,0.9900197628458498
eng_Latn,sot_Latn,intfloat/multilingual-e5-large,0.9900182300132891
ell_Grek,uzn_Latn,intfloat/multilingual-e5-large,0.9900180824205924
lit_Latn,npi_Deva,jinaai/jina-embeddings-v3,0.9900111016927068
asm_Beng,cat_Latn,jinaai/jina-embeddings-v5-text-small,0.9900110302284216
asm_Beng,nld_Latn,jinaai/jina-embeddings-v5-text-small,0.989979726046068
amh_Ethi,vie_Latn,jinaai/jina-embeddings-v3,0.9899621212121212
kaz_Cyrl,mya_Mymr,jinaai/jina-embeddings-v3,0.9899594863257012
vec_Latn,ind_Latn,jinaai/jina-embeddings-v3,0.98995812871801
amh_Ethi,fin_Latn,jinaai/jina-embeddings-v3,0.9899473129172616
cym_Latn,mya_Mymr,jinaai/jina-embeddings-v3,0.9899468285337852
oci_Latn,hun_Latn,jinaai/jina-embeddings-v3,0.9899456521739132
bel_Cyrl,lao_Laoo,jinaai/jina-embeddings-v3,0.9899445964663356
amh_Ethi,eus_Latn,jinaai/jina-embeddings-v3,0.9899185958968568
mar_Deva,zul_Latn,intfloat/multilingual-e5-large,0.9898785996612084
ind_Latn,vec_Latn,jinaai/jina-embeddings-v5-text-small,0.9898715415019764
bho_Deva,ory_Orya,intfloat/multilingual-e5-large,0.989866727475423
amh_Ethi,mal_Mlym,jinaai/jina-embeddings-v3,0.989849778844344
eus_Latn,snd_Arab,jinaai/jina-embeddings-v3,0.9898390878090368
amh_Ethi,nld_Latn,jinaai/jina-embeddings-v3,0.98982962031381
aeb_Arab,spa_Latn,jinaai/jina-embeddings-v3,0.9898282297656472
ind_Latn,uzn_Latn,intfloat/multilingual-e5-large,0.9897871450824992
amh_Ethi,tgl_Latn,intfloat/multilingual-e5-large,0.9897802131991856
bos_Latn,fur_Latn,intfloat/multilingual-e5-large,0.9897781545694097
vec_Latn,hin_Deva,jinaai/jina-embeddings-v3,0.9897754721124288
bul_Cyrl,hne_Deva,jinaai/jina-embeddings-v5-text-small,0.989771848865168
eng_Latn,awa_Deva,jinaai/jina-embeddings-v3,0.9897686990637125
asm_Beng,snd_Arab,intfloat/multilingual-e5-large,0.9897421419160548
uzn_Latn,srp_Cyrl,jinaai/jina-embeddings-v3,0.989741092814111
kir_Cyrl,urd_Arab,intfloat/multilingual-e5-large,0.9897252807578892
hne_Deva,tel_Telu,jinaai/jina-embeddings-v3,0.989711293780426
bel_Cyrl,mal_Mlym,jinaai/jina-embeddings-v3,0.989702489214335
awa_Deva,ben_Beng,jinaai/jina-embeddings-v5-text-nano,0.9896754394331287
bho_Deva,npi_Deva,intfloat/multilingual-e5-large,0.9896729168153592
lit_Latn,tel_Telu,jinaai/jina-embeddings-v3,0.9896720430065212
jpn_Jpan,khk_Cyrl,jinaai/jina-embeddings-v3,0.989640974967062
aeb_Arab,slv_Latn,jinaai/jina-embeddings-v3,0.9896027773762134
lvs_Latn,mlt_Latn,intfloat/multilingual-e5-large,0.9895872545329066
cym_Latn,zho_Hant,jinaai/jina-embeddings-v3,0.9895755165072272
asm_Beng,tam_Taml,intfloat/multilingual-e5-large,0.9895711172885086
kmr_Latn,tur_Latn,jinaai/jina-embeddings-v3,0.9895692170148692
aeb_Arab,vie_Latn,jinaai/jina-embeddings-v3,0.989562274199534
uzn_Latn,mkd_Cyrl,jinaai/jina-embeddings-v3,0.9895599778555472
ces_Latn,mya_Mymr,jinaai/jina-embeddings-v3,0.9895421607378128
kaz_Cyrl,npi_Deva,intfloat/multilingual-e5-large,0.9895385759101836
deu_Latn,hne_Deva,jinaai/jina-embeddings-v5-text-nano,0.9895229425977298
amh_Ethi,kir_Cyrl,jinaai/jina-embeddings-v3,0.9895226973290214
srp_Cyrl,zul_Latn,intfloat/multilingual-e5-large,0.9895215744400526
amh_Ethi,est_Latn,jinaai/jina-embeddings-v3,0.9895147123407994
por_Latn,crh_Latn,intfloat/multilingual-e5-large,0.9895103990212686
bho_Deva,sin_Sinh,jinaai/jina-embeddings-v3,0.9895041115805734
asm_Beng,kan_Knda,intfloat/multilingual-e5-large,0.9894921832668868
aeb_Arab,fin_Latn,jinaai/jina-embeddings-v3,0.9894757481140024
fin_Latn,snd_Arab,jinaai/jina-embeddings-v3,0.9894741364495616
amh_Ethi,slv_Latn,jinaai/jina-embeddings-v3,0.9894695991338264
hne_Deva,tha_Thai,jinaai/jina-embeddings-v5-text-small,0.9894581594395364
amh_Ethi,rus_Cyrl,jinaai/jina-embeddings-v3,0.989451581027668
vec_Latn,pol_Latn,jinaai/jina-embeddings-v3,0.9894468152620328
awa_Deva,urd_Arab,intfloat/multilingual-e5-large,0.9894449842086024
amh_Ethi,nob_Latn,jinaai/jina-embeddings-v3,0.989441513392652
khk_Cyrl,urd_Arab,jinaai/jina-embeddings-v3,0.9894391553078636
fin_Latn,oci_Latn,jinaai/jina-embeddings-v3,0.9894325207072244
eus_Latn,mlt_Latn,intfloat/multilingual-e5-large,0.989421387790953
epo_Latn,ltz_Latn,intfloat/multilingual-e5-large,0.9894009975531716
vec_Latn,mkd_Cyrl,jinaai/jina-embeddings-v3,0.9893894478380644
oci_Latn,sin_Sinh,jinaai/jina-embeddings-v3,0.9893711361102664
kir_Cyrl,tat_Cyrl,intfloat/multilingual-e5-large,0.989370536023854
rus_Cyrl,uzn_Latn,intfloat/multilingual-e5-large,0.9893552554322516
spa_Latn,hne_Deva,jinaai/jina-embeddings-v5-text-nano,0.989332621616898
bul_Cyrl,ceb_Latn,intfloat/multilingual-e5-large,0.9893220671607964
asm_Beng,urd_Arab,intfloat/multilingual-e5-large,0.9893045360436664
cym_Latn,zul_Latn,intfloat/multilingual-e5-large,0.9893034606645192
spa_Latn,pap_Latn,intfloat/multilingual-e5-large,0.9892930200996564
lit_Latn,tam_Taml,jinaai/jina-embeddings-v3,0.9892779481934662
deu_Latn,crh_Latn,intfloat/multilingual-e5-large,0.98927159796725
deu_Latn,ceb_Latn,intfloat/multilingual-e5-large,0.9892596917304958
deu_Latn,mlt_Latn,intfloat/multilingual-e5-large,0.9892214175811014
epo_Latn,sun_Latn,intfloat/multilingual-e5-large,0.9892190995768454
eng_Latn,swh_Latn,intfloat/multilingual-e5-large,0.9892072189997092
guj_Gujr,uzn_Latn,intfloat/multilingual-e5-large,0.9892032877136502
hne_Deva,nno_Latn,jinaai/jina-embeddings-v5-text-small,0.989201973543746
ces_Latn,pbt_Arab,jinaai/jina-embeddings-v3,0.9891892527762094
eng_Latn,ceb_Latn,intfloat/multilingual-e5-large,0.989175188193106
asm_Beng,tel_Telu,jinaai/jina-embeddings-v3,0.9891661176987264
sin_Sinh,zul_Latn,intfloat/multilingual-e5-large,0.989163372859025
fra_Latn,sun_Latn,intfloat/multilingual-e5-large,0.9891531215614224
asm_Beng,tha_Thai,jinaai/jina-embeddings-v5-text-small,0.9891427865612648
hun_Latn,pbt_Arab,jinaai/jina-embeddings-v3,0.9891398456615847
tgl_Latn,zho_Hans,jinaai/jina-embeddings-v3,0.9891304347826086
aeb_Arab,nld_Latn,jinaai/jina-embeddings-v3,0.9890992748469156
vec_Latn,tha_Thai,jinaai/jina-embeddings-v3,0.9890988869496774
hun_Latn,uzn_Latn,intfloat/multilingual-e5-large,0.9890860899094658
uzn_Latn,nld_Latn,jinaai/jina-embeddings-v3,0.9890843718348444
amh_Ethi,dan_Latn,jinaai/jina-embeddings-v3,0.9890821634637228
ast_Latn,mal_Mlym,jinaai/jina-embeddings-v3,0.98906686737345
nld_Latn,vec_Latn,jinaai/jina-embeddings-v5-text-small,0.9890625
ell_Grek,jav_Latn,intfloat/multilingual-e5-large,0.9890615642591928
khm_Khmr,khk_Cyrl,jinaai/jina-embeddings-v3,0.9890594007441832
asm_Beng,ind_Latn,jinaai/jina-embeddings-v5-text-small,0.989023969312692
hne_Deva,hrv_Latn,jinaai/jina-embeddings-v5-text-small,0.9890187665992436
ell_Grek,snd_Arab,jinaai/jina-embeddings-v3,0.9890021046147528
asm_Beng,spa_Latn,jinaai/jina-embeddings-v5-text-small,0.988984086764174
amh_Ethi,npi_Deva,jinaai/jina-embeddings-v3,0.9889768944849276
ilo_Latn,tgl_Latn,intfloat/multilingual-e5-large,0.9889672415858186
ukr_Cyrl,uzn_Latn,jinaai/jina-embeddings-v3,0.9889377451779504
awa_Deva,tel_Telu,jinaai/jina-embeddings-v3,0.988936113300226
amh_Ethi,hrv_Latn,jinaai/jina-embeddings-v3,0.9889349766624792
aeb_Arab,nob_Latn,jinaai/jina-embeddings-v3,0.9889297530475594
tel_Telu,uzn_Latn,intfloat/multilingual-e5-large,0.9889094925590524
lit_Latn,khk_Cyrl,jinaai/jina-embeddings-v3,0.9888990238734696
kir_Cyrl,uig_Arab,jinaai/jina-embeddings-v3,0.9888958207722024
asm_Beng,tur_Latn,jinaai/jina-embeddings-v3,0.988881408446626
lit_Latn,snd_Arab,jinaai/jina-embeddings-v3,0.988870189949022
cym_Latn,oci_Latn,jinaai/jina-embeddings-v3,0.9888661568997538
ell_Grek,vec_Latn,jinaai/jina-embeddings-v5-text-small,0.9888653013653014
bel_Cyrl,pbt_Arab,intfloat/multilingual-e5-large,0.988859872012046
hne_Deva,mal_Mlym,jinaai/jina-embeddings-v3,0.9888474532515872
ast_Latn,ceb_Latn,intfloat/multilingual-e5-large,0.9888471459370668
uzn_Latn,deu_Latn,jinaai/jina-embeddings-v3,0.9888353131407072
uzn_Latn,ind_Latn,jinaai/jina-embeddings-v3,0.988811814818586
epo_Latn,hne_Deva,intfloat/multilingual-e5-large,0.9887941961409832
hrv_Latn,ltz_Latn,intfloat/multilingual-e5-large,0.988788898299768
epo_Latn,gle_Latn,intfloat/multilingual-e5-large,0.9887585332816206
cym_Latn,uzn_Latn,jinaai/jina-embeddings-v3,0.9887434054240074
ben_Beng,ceb_Latn,intfloat/multilingual-e5-large,0.988734215060302
afr_Latn,xho_Latn,intfloat/multilingual-e5-large,0.9887322122870542
amh_Ethi,jpn_Jpan,jinaai/jina-embeddings-v3,0.9887262613627128
cat_Latn,hat_Latn,intfloat/multilingual-e5-large,0.9887205289594028
ind_Latn,crh_Latn,intfloat/multilingual-e5-large,0.9887187088274044
vec_Latn,fur_Latn,intfloat/multilingual-e5-large,0.9887116101040389
uig_Arab,uzn_Latn,jinaai/jina-embeddings-v3,0.988711112576552
hin_Deva,vec_Latn,jinaai/jina-embeddings-v5-text-small,0.9887097257156544
jav_Latn,vie_Latn,intfloat/multilingual-e5-large,0.9887088274044796
amh_Ethi,ell_Grek,jinaai/jina-embeddings-v3,0.9886984392419176
hne_Deva,zho_Hans,jinaai/jina-embeddings-v5-text-small,0.9886886074827396
asm_Beng,vie_Latn,jinaai/jina-embeddings-v5-text-small,0.988681116089624
ceb_Latn,hrv_Latn,intfloat/multilingual-e5-large,0.9886636350836676
ind_Latn,zul_Latn,intfloat/multilingual-e5-large,0.9886512641947424
por_Latn,zul_Latn,intfloat/multilingual-e5-large,0.98864577451534
ben_Beng,vec_Latn,jinaai/jina-embeddings-v5-text-small,0.9886363636363636
kor_Hang,snd_Arab,jinaai/jina-embeddings-v3,0.9886363636363636
aeb_Arab,ind_Latn,jinaai/jina-embeddings-v3,0.9886236494664608
est_Latn,uzn_Latn,intfloat/multilingual-e5-large,0.9886163848765628
vec_Latn,hun_Latn,jinaai/jina-embeddings-v3,0.9885930602307708
hne_Deva,hun_Latn,jinaai/jina-embeddings-v3,0.9885922333889902
uzn_Latn,vie_Latn,jinaai/jina-embeddings-v3,0.98858904121012
ell_Grek,pbt_Arab,intfloat/multilingual-e5-large,0.9885814668423364
jav_Latn,srp_Cyrl,intfloat/multilingual-e5-large,0.9885687639795324
hrv_Latn,sun_Latn,intfloat/multilingual-e5-large,0.9885674872185174
amh_Ethi,lvs_Latn,jinaai/jina-embeddings-v3,0.9885499011857708
uzn_Latn,swe_Latn,jinaai/jina-embeddings-v3,0.9885473425102764
afr_Latn,mlt_Latn,intfloat/multilingual-e5-large,0.9885375494071146
aeb_Arab,hun_Latn,jinaai/jina-embeddings-v3,0.9885313239714628
oci_Latn,urd_Arab,jinaai/jina-embeddings-v3,0.988530683506144
vec_Latn,kor_Hang,jinaai/jina-embeddings-v3,0.988517093128077
awa_Deva,ory_Orya,intfloat/multilingual-e5-large,0.988515871556325
ceb_Latn,ilo_Latn,intfloat/multilingual-e5-large,0.9884861515296298
ceb_Latn,spa_Latn,intfloat/multilingual-e5-large,0.9884830970157056
fra_Latn,zul_Latn,intfloat/multilingual-e5-large,0.988463438735178
asm_Beng,rus_Cyrl,jinaai/jina-embeddings-v5-text-small,0.9884609517650323
amh_Ethi,sin_Sinh,jinaai/jina-embeddings-v3,0.9884512226903532
aeb_Arab,ell_Grek,jinaai/jina-embeddings-v3,0.9884343460305856
tam_Taml,zul_Latn,intfloat/multilingual-e5-large,0.9884296560926996
deu_Latn,ydd_Hebr,intfloat/multilingual-e5-large,0.9884187370600416
mar_Deva,san_Deva,intfloat/multilingual-e5-large,0.9884119297228152
awa_Deva,kan_Knda,jinaai/jina-embeddings-v3,0.9883951138701382
fin_Latn,jav_Latn,intfloat/multilingual-e5-large,0.9883673693456302
tel_Telu,zul_Latn,intfloat/multilingual-e5-large,0.9883614023028012
ind_Latn,xho_Latn,intfloat/multilingual-e5-large,0.9883550942500524
hne_Deva,slv_Latn,jinaai/jina-embeddings-v3,0.9883542615103408
ceb_Latn,ind_Latn,intfloat/multilingual-e5-large,0.9883481554677208
ind_Latn,ltz_Latn,intfloat/multilingual-e5-large,0.9883153312325822
asm_Beng,mal_Mlym,jinaai/jina-embeddings-v5-text-small,0.9883099161873552
awa_Deva,guj_Gujr,jinaai/jina-embeddings-v3,0.9882915474477114
ita_Latn,zul_Latn,intfloat/multilingual-e5-large,0.988266986636552
amh_Ethi,kor_Hang,jinaai/jina-embeddings-v3,0.988257967877533
arb_Arab,crh_Latn,intfloat/multilingual-e5-large,0.988248719409798
zsm_Latn,swh_Latn,intfloat/multilingual-e5-large,0.9882277143146708
ceb_Latn,mal_Mlym,intfloat/multilingual-e5-large,0.9881644321861712
azj_Latn,mya_Mymr,jinaai/jina-embeddings-v3,0.988157977288412
ind_Latn,sun_Latn,intfloat/multilingual-e5-large,0.9881554249439624
amh_Ethi,kan_Knda,jinaai/jina-embeddings-v3,0.9881052371541502
vec_Latn,heb_Hebr,jinaai/jina-embeddings-v3,0.9880807296568166
cat_Latn,swh_Latn,intfloat/multilingual-e5-large,0.988077592697158
amh_Ethi,cym_Latn,jinaai/jina-embeddings-v3,0.9880692978519064
fin_Latn,pbt_Arab,jinaai/jina-embeddings-v3,0.9880686662016585
oci_Latn,pan_Guru,jinaai/jina-embeddings-v5-text-small,0.9880650088258784
asm_Beng,bos_Latn,jinaai/jina-embeddings-v5-text-small,0.9880435769613786
lvs_Latn,fur_Latn,intfloat/multilingual-e5-large,0.9880270092226614
dan_Latn,hne_Deva,jinaai/jina-embeddings-v5-text-small,0.9880099902608166
awa_Deva,snd_Arab,jinaai/jina-embeddings-v3,0.9879921986801912
tam_Taml,uzn_Latn,intfloat/multilingual-e5-large,0.9879837957136282
bul_Cyrl,mlt_Latn,intfloat/multilingual-e5-large,0.9879611330698288
uzn_Latn,rus_Cyrl,jinaai/jina-embeddings-v3,0.9879431346190932
fra_Latn,xho_Latn,intfloat/multilingual-e5-large,0.9879420377398132
vec_Latn,jpn_Jpan,jinaai/jina-embeddings-v3,0.9879033469708528
mar_Deva,xho_Latn,intfloat/multilingual-e5-large,0.9878990729136542
bel_Cyrl,oci_Latn,jinaai/jina-embeddings-v3,0.987887022397892
bho_Deva,tel_Telu,jinaai/jina-embeddings-v3,0.9878810802723846
gle_Latn,ukr_Cyrl,jinaai/jina-embeddings-v3,0.9878667600708986
fra_Latn,swh_Latn,intfloat/multilingual-e5-large,0.9878447872837776
ind_Latn,pap_Latn,intfloat/multilingual-e5-large,0.9878413934743858
ceb_Latn,sun_Latn,intfloat/multilingual-e5-large,0.9878367934428088
fao_Latn,swe_Latn,jinaai/jina-embeddings-v3,0.987834620912684
uzn_Latn,por_Latn,intfloat/multilingual-e5-large,0.9878263902347054
amh_Ethi,azj_Latn,jinaai/jina-embeddings-v3,0.987819639915191
amh_Ethi,pol_Latn,jinaai/jina-embeddings-v3,0.9878058535667232
ast_Latn,isl_Latn,jinaai/jina-embeddings-v3,0.9878046772068512
awa_Deva,npi_Deva,intfloat/multilingual-e5-large,0.9878038769067186
awa_Deva,mal_Mlym,jinaai/jina-embeddings-v3,0.9877849653725836
bul_Cyrl,crh_Latn,intfloat/multilingual-e5-large,0.9877835972358676
gle_Latn,ron_Latn,jinaai/jina-embeddings-v3,0.9877552700922266
amh_Ethi,kat_Geor,jinaai/jina-embeddings-v3,0.987743328025048
als_Latn,swh_Latn,intfloat/multilingual-e5-large,0.9877305665349144
ell_Grek,hne_Deva,jinaai/jina-embeddings-v5-text-small,0.987689649319667
arb_Arab,xho_Latn,intfloat/multilingual-e5-large,0.9876722760980314
ben_Beng,jav_Latn,intfloat/multilingual-e5-large,0.9876576322228496
mar_Deva,oci_Latn,jinaai/jina-embeddings-v3,0.9876114490657432
heb_Hebr,oci_Latn,jinaai/jina-embeddings-v5-text-small,0.9876061658576156
glg_Latn,uzn_Latn,jinaai/jina-embeddings-v3,0.98753870102435
glg_Latn,xho_Latn,intfloat/multilingual-e5-large,0.9875382927637026
amh_Ethi,ben_Beng,jinaai/jina-embeddings-v3,0.9875238212874082
ceb_Latn,kat_Geor,intfloat/multilingual-e5-large,0.987480191406822
vec_Latn,vie_Latn,jinaai/jina-embeddings-v3,0.9874629446640316
mal_Mlym,uzn_Latn,intfloat/multilingual-e5-large,0.987461254027098
asm_Beng,heb_Hebr,jinaai/jina-embeddings-v5-text-small,0.987459634710274
guj_Gujr,xho_Latn,intfloat/multilingual-e5-large,0.987444818027822
ita_Latn,pap_Latn,intfloat/multilingual-e5-large,0.987412319687788
jav_Latn,war_Latn,intfloat/multilingual-e5-large,0.987396894800026
sin_Sinh,xho_Latn,intfloat/multilingual-e5-large,0.9873828868394088
isl_Latn,mya_Mymr,jinaai/jina-embeddings-v3,0.9873517786561266
bel_Cyrl,mya_Mymr,jinaai/jina-embeddings-v3,0.9873517786561266
lit_Latn,mya_Mymr,jinaai/jina-embeddings-v3,0.9873441021642412
hun_Latn,swh_Latn,intfloat/multilingual-e5-large,0.9873435441370224
amh_Ethi,bel_Cyrl,jinaai/jina-embeddings-v3,0.9873323095239712
hrv_Latn,xho_Latn,intfloat/multilingual-e5-large,0.9873268070071416
ces_Latn,hne_Deva,jinaai/jina-embeddings-v5-text-nano,0.9872740395604622
nso_Latn,xho_Latn,intfloat/multilingual-e5-large,0.9872656535700014
mya_Mymr,zho_Hant,jinaai/jina-embeddings-v3,0.9872294372294372
jav_Latn,tel_Telu,intfloat/multilingual-e5-large,0.9872279433991826
isl_Latn,npi_Deva,jinaai/jina-embeddings-v3,0.9872237451990222
epo_Latn,swh_Latn,intfloat/multilingual-e5-large,0.9872190716236084
hrv_Latn,swh_Latn,intfloat/multilingual-e5-large,0.9872086905189672
heb_Hebr,mlt_Latn,intfloat/multilingual-e5-large,0.9872074785118264
spa_Latn,crh_Latn,intfloat/multilingual-e5-large,0.9871973369080662
aeb_Arab,kor_Hang,jinaai/jina-embeddings-v3,0.9871796287511292
awa_Deva,tam_Taml,jinaai/jina-embeddings-v5-text-small,0.9871628800988298
eus_Latn,zul_Latn,intfloat/multilingual-e5-large,0.9871624601244168
gle_Latn,por_Latn,jinaai/jina-embeddings-v3,0.9871541501976284
hrv_Latn,pap_Latn,intfloat/multilingual-e5-large,0.987144347198695
ben_Beng,uzn_Latn,jinaai/jina-embeddings-v3,0.9871308305931068
rus_Cyrl,mlt_Latn,intfloat/multilingual-e5-large,0.9871223100570924
aeb_Arab,hrv_Latn,jinaai/jina-embeddings-v3,0.9871135011577008
fra_Latn,hat_Latn,intfloat/multilingual-e5-large,0.9870980211247972
srp_Cyrl,swh_Latn,intfloat/multilingual-e5-large,0.9870882740447958
arb_Arab,swh_Latn,intfloat/multilingual-e5-large,0.9870438013154986
arb_Arab,nso_Latn,intfloat/multilingual-e5-large,0.987031116794544
hrv_Latn,nso_Latn,intfloat/multilingual-e5-large,0.9870088728987824
bak_Cyrl,uzn_Latn,intfloat/multilingual-e5-large,0.9870029636818594
hun_Latn,snd_Arab,intfloat/multilingual-e5-large,0.9869890888912628
uzn_Latn,spa_Latn,jinaai/jina-embeddings-v3,0.986964091507965
spa_Latn,zul_Latn,intfloat/multilingual-e5-large,0.9869336003131464
gle_Latn,ita_Latn,jinaai/jina-embeddings-v3,0.986907114624506
snd_Arab,xho_Latn,intfloat/multilingual-e5-large,0.9868918976184422
mya_Mymr,zho_Hans,jinaai/jina-embeddings-v3,0.9868796662274922
eng_Latn,aeb_Arab,jinaai/jina-embeddings-v3,0.9868552744764112
epo_Latn,hat_Latn,intfloat/multilingual-e5-large,0.98682634750315
hun_Latn,zul_Latn,intfloat/multilingual-e5-large,0.9868178658324644
heb_Hebr,crh_Latn,intfloat/multilingual-e5-large,0.9868122074004426
cym_Latn,uig_Arab,jinaai/jina-embeddings-v3,0.9868038603344224
srp_Cyrl,xho_Latn,intfloat/multilingual-e5-large,0.9867966193481068
afr_Latn,sot_Latn,intfloat/multilingual-e5-large,0.9867794148164992
cym_Latn,xho_Latn,intfloat/multilingual-e5-large,0.986753897779806
bak_Cyrl,tat_Cyrl,intfloat/multilingual-e5-large,0.9867377110637264
pol_Latn,pbt_Arab,jinaai/jina-embeddings-v3,0.986718897044984
fra_Latn,nso_Latn,intfloat/multilingual-e5-large,0.9867145535623798
pan_Guru,xho_Latn,intfloat/multilingual-e5-large,0.9867107146430896
vec_Latn,lit_Latn,jinaai/jina-embeddings-v3,0.9866988196127484
eng_Latn,pap_Latn,intfloat/multilingual-e5-large,0.986668418636122
asm_Beng,jpn_Jpan,jinaai/jina-embeddings-v5-text-small,0.986663728440532
eng_Latn,nso_Latn,intfloat/multilingual-e5-large,0.9866618691642322
aeb_Arab,tha_Thai,jinaai/jina-embeddings-v3,0.9866511305228048
eng_Latn,fur_Latn,intfloat/multilingual-e5-large,0.9866436100131752
tur_Latn,zul_Latn,intfloat/multilingual-e5-large,0.9866271409749672
eng_Latn,zul_Latn,intfloat/multilingual-e5-large,0.9866145931363324
gle_Latn,zsm_Latn,jinaai/jina-embeddings-v3,0.9865438298864124
ast_Latn,uzn_Latn,intfloat/multilingual-e5-large,0.986513043014656
swh_Latn,urd_Arab,intfloat/multilingual-e5-large,0.9865056821890392
ben_Beng,zul_Latn,intfloat/multilingual-e5-large,0.9865000941087896
mlt_Latn,fra_Latn,intfloat/multilingual-e5-large,0.9864963574362552
cym_Latn,fur_Latn,intfloat/multilingual-e5-large,0.986465587552544
hun_Latn,mlt_Latn,intfloat/multilingual-e5-large,0.9864404918752744
amh_Ethi,isl_Latn,jinaai/jina-embeddings-v3,0.9864374770513402
bjn_Latn,ind_Latn,intfloat/multilingual-e5-large,0.9864360413332416
kmr_Latn,srp_Cyrl,jinaai/jina-embeddings-v3,0.986422454357237
eng_Latn,ltz_Latn,intfloat/multilingual-e5-large,0.9864048089591568
mal_Mlym,oci_Latn,jinaai/jina-embeddings-v3,0.9864015313747052
hin_Deva,zul_Latn,intfloat/multilingual-e5-large,0.9863992846809344
amh_Ethi,tha_Thai,jinaai/jina-embeddings-v3,0.9863896301220986
deu_Latn,war_Latn,intfloat/multilingual-e5-large,0.9863890744555168
gle_Latn,als_Latn,jinaai/jina-embeddings-v3,0.9863730472426124
uzn_Latn,hun_Latn,jinaai/jina-embeddings-v3,0.9863729924971474
swe_Latn,crh_Latn,intfloat/multilingual-e5-large,0.9863343580734886
ita_Latn,ltz_Latn,intfloat/multilingual-e5-large,0.9863119770728468
isl_Latn,oci_Latn,jinaai/jina-embeddings-v3,0.9863032773111824
isl_Latn,uzn_Latn,intfloat/multilingual-e5-large,0.98629025270051
hrv_Latn,fur_Latn,intfloat/multilingual-e5-large,0.9862781542129369
jav_Latn,xho_Latn,intfloat/multilingual-e5-large,0.9862717688383345
amh_Ethi,nno_Latn,jinaai/jina-embeddings-v3,0.9862705256974033
srp_Cyrl,sun_Latn,intfloat/multilingual-e5-large,0.9862581099432433
afr_Latn,nso_Latn,intfloat/multilingual-e5-large,0.9862430248779354
spa_Latn,ltz_Latn,intfloat/multilingual-e5-large,0.986218929605636
ita_Latn,crh_Latn,intfloat/multilingual-e5-large,0.9861907114624504
eng_Latn,ydd_Hebr,jinaai/jina-embeddings-v3,0.9861679081787778
fin_Latn,mya_Mymr,jinaai/jina-embeddings-v3,0.9861570247933884
afr_Latn,zul_Latn,intfloat/multilingual-e5-large,0.9861546823127536
gle_Latn,glg_Latn,jinaai/jina-embeddings-v3,0.986139957501016
por_Latn,xho_Latn,intfloat/multilingual-e5-large,0.9861352868146348
eng_Latn,sun_Latn,intfloat/multilingual-e5-large,0.9861275164527816
amh_Ethi,lit_Latn,jinaai/jina-embeddings-v3,0.9861006477153096
kmr_Latn,als_Latn,jinaai/jina-embeddings-v3,0.9860475554027924
kmr_Latn,ron_Latn,jinaai/jina-embeddings-v3,0.9859907302842086
cym_Latn,zho_Hans,jinaai/jina-embeddings-v3,0.9859695558065122
tam_Taml,xho_Latn,intfloat/multilingual-e5-large,0.9859458288775584
hne_Deva,lit_Latn,jinaai/jina-embeddings-v3,0.9859414716480396
deu_Latn,swh_Latn,intfloat/multilingual-e5-large,0.9858991880978047
hat_Latn,als_Latn,intfloat/multilingual-e5-large,0.9858936167813144
por_Latn,fur_Latn,intfloat/multilingual-e5-large,0.9858460380199512
glg_Latn,hne_Deva,jinaai/jina-embeddings-v5-text-small,0.9857609558003636
mar_Deva,swh_Latn,intfloat/multilingual-e5-large,0.9857225202333896
hrv_Latn,vec_Latn,intfloat/multilingual-e5-large,0.9856949680399169
kaz_Cyrl,xho_Latn,intfloat/multilingual-e5-large,0.9856930429568408
amh_Ethi,pbt_Arab,intfloat/multilingual-e5-large,0.9856825559351136
spa_Latn,fur_Latn,intfloat/multilingual-e5-large,0.9856753549401648
gle_Latn,nob_Latn,jinaai/jina-embeddings-v3,0.9856695735546585
crh_Latn,eng_Latn,intfloat/multilingual-e5-large,0.9856663673522656
nso_Latn,zul_Latn,intfloat/multilingual-e5-large,0.985664700363317
cat_Latn,sun_Latn,intfloat/multilingual-e5-large,0.9856237210142896
amh_Ethi,khk_Cyrl,jinaai/jina-embeddings-v3,0.9856142951251649
mkd_Cyrl,sun_Latn,intfloat/multilingual-e5-large,0.9855705807125325
vie_Latn,zul_Latn,intfloat/multilingual-e5-large,0.9855420847268674
kan_Knda,uzn_Latn,intfloat/multilingual-e5-large,0.9855001181614084
uzn_Latn,xho_Latn,intfloat/multilingual-e5-large,0.985484421712796
lvs_Latn,zul_Latn,intfloat/multilingual-e5-large,0.9854707792207792
tel_Telu,xho_Latn,intfloat/multilingual-e5-large,0.9854534575315615
spa_Latn,swh_Latn,intfloat/multilingual-e5-large,0.9854343120647469
mal_Mlym,xho_Latn,intfloat/multilingual-e5-large,0.9854312354312356
rus_Cyrl,crh_Latn,intfloat/multilingual-e5-large,0.9854255795082256
hun_Latn,vec_Latn,jinaai/jina-embeddings-v5-text-small,0.9854001976284584
spa_Latn,bjn_Latn,intfloat/multilingual-e5-large,0.9853790252766902
isl_Latn,pbt_Arab,jinaai/jina-embeddings-v3,0.9853765100183084
spa_Latn,nso_Latn,intfloat/multilingual-e5-large,0.9853397591905176
cym_Latn,hne_Deva,jinaai/jina-embeddings-v3,0.9853273085969784
mya_Mymr,npi_Deva,jinaai/jina-embeddings-v3,0.9853157007431278
ind_Latn,swh_Latn,intfloat/multilingual-e5-large,0.9852778562017692
npi_Deva,san_Deva,intfloat/multilingual-e5-large,0.985277082733866
ceb_Latn,hat_Latn,intfloat/multilingual-e5-large,0.9852471855020424
swe_Latn,zul_Latn,intfloat/multilingual-e5-large,0.9852437417654808
hrv_Latn,hat_Latn,intfloat/multilingual-e5-large,0.9852350992027408
kmr_Latn,mkd_Cyrl,jinaai/jina-embeddings-v3,0.9852291730009122
kmr_Latn,swe_Latn,jinaai/jina-embeddings-v3,0.9851784948283936
cym_Latn,hat_Latn,intfloat/multilingual-e5-large,0.9851640607766352
asm_Beng,ell_Grek,jinaai/jina-embeddings-v5-text-small,0.9851217710703876
mya_Mymr,tgl_Latn,jinaai/jina-embeddings-v3,0.9850979050787234
nob_Latn,sun_Latn,intfloat/multilingual-e5-large,0.9850917233952224
ceb_Latn,tam_Taml,intfloat/multilingual-e5-large,0.9850859491299214
uzn_Latn,fin_Latn,jinaai/jina-embeddings-v3,0.9850637462348172
ita_Latn,xho_Latn,intfloat/multilingual-e5-large,0.9850632157697377
ilo_Latn,war_Latn,intfloat/multilingual-e5-large,0.985055203795262
nld_Latn,crh_Latn,intfloat/multilingual-e5-large,0.985028895676129
kmr_Latn,rus_Cyrl,jinaai/jina-embeddings-v3,0.9850043409985866
jav_Latn,ron_Latn,intfloat/multilingual-e5-large,0.9849928601887568
fao_Latn,ita_Latn,jinaai/jina-embeddings-v3,0.9849874752188292
fao_Latn,por_Latn,jinaai/jina-embeddings-v3,0.9849683233818294
lit_Latn,pbt_Arab,jinaai/jina-embeddings-v3,0.9849621062318026
uzn_Latn,pol_Latn,jinaai/jina-embeddings-v3,0.9849600280470232
ceb_Latn,hin_Deva,intfloat/multilingual-e5-large,0.9849408881978572
fra_Latn,nya_Latn,intfloat/multilingual-e5-large,0.984852165272646
fra_Latn,ltz_Latn,intfloat/multilingual-e5-large,0.9848515696064156
jpn_Jpan,snd_Arab,jinaai/jina-embeddings-v3,0.9848407347128576
eng_Latn,war_Latn,intfloat/multilingual-e5-large,0.9848393598018657
gle_Latn,tur_Latn,jinaai/jina-embeddings-v3,0.9848131940523244
ast_Latn,snd_Arab,jinaai/jina-embeddings-v3,0.9848018071838802
npi_Deva,xho_Latn,intfloat/multilingual-e5-large,0.9847808728844926
hin_Deva,mlt_Latn,intfloat/multilingual-e5-large,0.9847543760587238
dan_Latn,sun_Latn,intfloat/multilingual-e5-large,0.984725659038319
cat_Latn,gle_Latn,intfloat/multilingual-e5-large,0.9847249273535736
glg_Latn,sun_Latn,intfloat/multilingual-e5-large,0.984722613982302
gle_Latn,hin_Deva,jinaai/jina-embeddings-v3,0.9847222656188972
asm_Beng,hun_Latn,jinaai/jina-embeddings-v3,0.9847083311397008
arb_Arab,zul_Latn,intfloat/multilingual-e5-large,0.9846909883594668
asm_Beng,cym_Latn,intfloat/multilingual-e5-large,0.984686212043433
kmr_Latn,ukr_Cyrl,jinaai/jina-embeddings-v3,0.9846629398760406
dan_Latn,ydd_Hebr,jinaai/jina-embeddings-v3,0.9846577184892402
gle_Latn,mkd_Cyrl,jinaai/jina-embeddings-v3,0.984644225997981
fao_Latn,tur_Latn,jinaai/jina-embeddings-v3,0.9846267862572212
crh_Latn,tat_Cyrl,intfloat/multilingual-e5-large,0.9846139258194594
bho_Deva,tam_Taml,jinaai/jina-embeddings-v3,0.98457086391869
ron_Latn,swh_Latn,intfloat/multilingual-e5-large,0.9845667876949474
heb_Hebr,vec_Latn,jinaai/jina-embeddings-v5-text-small,0.9845577084882402
slk_Latn,mlt_Latn,intfloat/multilingual-e5-large,0.984547644384601
ltz_Latn,eng_Latn,intfloat/multilingual-e5-large,0.9845405534104767
kmr_Latn,nld_Latn,jinaai/jina-embeddings-v3,0.9845363281328956
slk_Latn,uzn_Latn,jinaai/jina-embeddings-v3,0.9844833427317088
ben_Beng,xho_Latn,intfloat/multilingual-e5-large,0.9844421071688112
eng_Latn,xho_Latn,intfloat/multilingual-e5-large,0.9844402505621588
pol_Latn,uzn_Latn,intfloat/multilingual-e5-large,0.9844343868889486
slv_Latn,uzn_Latn,jinaai/jina-embeddings-v3,0.984407691103368
fin_Latn,mlt_Latn,intfloat/multilingual-e5-large,0.9844065656565656
mai_Deva,san_Deva,intfloat/multilingual-e5-large,0.9844017203555536
asm_Beng,slv_Latn,jinaai/jina-embeddings-v3,0.9843991473147484
eng_Latn,uig_Arab,jinaai/jina-embeddings-v3,0.9843975391481408
amh_Ethi,lao_Laoo,jinaai/jina-embeddings-v3,0.9843933855091344
fao_Latn,srp_Cyrl,jinaai/jina-embeddings-v3,0.9843596654568482
bul_Cyrl,zul_Latn,intfloat/multilingual-e5-large,0.9843452880014144
isl_Latn,jav_Latn,intfloat/multilingual-e5-large,0.9843248442927296
ell_Grek,zul_Latn,intfloat/multilingual-e5-large,0.9843238283455676
jav_Latn,lvs_Latn,intfloat/multilingual-e5-large,0.984311335026285
eng_Latn,crh_Latn,intfloat/multilingual-e5-large,0.9843070028346708
asm_Beng,pol_Latn,jinaai/jina-embeddings-v5-text-small,0.9843004233605808
amh_Ethi,khm_Khmr,jinaai/jina-embeddings-v3,0.9842771545377044
uzn_Latn,slv_Latn,jinaai/jina-embeddings-v3,0.9842651784033772
por_Latn,swh_Latn,intfloat/multilingual-e5-large,0.9842289051528182
kor_Hang,uzn_Latn,jinaai/jina-embeddings-v3,0.9842156844019572
amh_Ethi,xho_Latn,intfloat/multilingual-e5-large,0.984209209196342
fin_Latn,vec_Latn,jinaai/jina-embeddings-v5-text-small,0.984192323694612
gle_Latn,rus_Cyrl,jinaai/jina-embeddings-v3,0.9841807236539488
gle_Latn,swe_Latn,jinaai/jina-embeddings-v3,0.9841493048014788
fao_Latn,mkd_Cyrl,jinaai/jina-embeddings-v3,0.9841101460346984
ita_Latn,fur_Latn,intfloat/multilingual-e5-large,0.984096326537688
ron_Latn,fur_Latn,Alibaba-NLP/gte-multilingual-base,0.9840843214756256
afr_Latn,swh_Latn,intfloat/multilingual-e5-large,0.9840653360502132
eus_Latn,xho_Latn,intfloat/multilingual-e5-large,0.984051365094296
jpn_Jpan,vec_Latn,jinaai/jina-embeddings-v5-text-small,0.9840324228911186
pol_Latn,crh_Latn,Alibaba-NLP/gte-multilingual-base,0.9840124850994416
spa_Latn,xho_Latn,intfloat/multilingual-e5-large,0.983989898989899
swh_Latn,tam_Taml,intfloat/multilingual-e5-large,0.9839385170165804
asm_Beng,hrv_Latn,jinaai/jina-embeddings-v5-text-small,0.9839356295878036
sna_Latn,xho_Latn,intfloat/multilingual-e5-large,0.983926982683514
ita_Latn,sun_Latn,intfloat/multilingual-e5-large,0.9838725291593504
hun_Latn,crh_Latn,intfloat/multilingual-e5-large,0.9838603425559947
hat_Latn,tgl_Latn,intfloat/multilingual-e5-large,0.9838409507899142
ita_Latn,swh_Latn,intfloat/multilingual-e5-large,0.9838342665788318
ell_Grek,crh_Latn,intfloat/multilingual-e5-large,0.9838333473885422
est_Latn,jav_Latn,intfloat/multilingual-e5-large,0.9838049194957088
afr_Latn,nya_Latn,intfloat/multilingual-e5-large,0.9837984481935846
lit_Latn,oci_Latn,jinaai/jina-embeddings-v3,0.9837945935687504
bul_Cyrl,ltz_Latn,intfloat/multilingual-e5-large,0.9837738716172364
jpn_Jpan,pbt_Arab,jinaai/jina-embeddings-v3,0.9837615283267456
guj_Gujr,san_Deva,Alibaba-NLP/gte-multilingual-base,0.9837222560048648
szl_Latn,rus_Cyrl,jinaai/jina-embeddings-v3,0.9836977272954144
asm_Beng,fin_Latn,jinaai/jina-embeddings-v5-text-small,0.9836925508615232
uzn_Latn,heb_Hebr,jinaai/jina-embeddings-v3,0.9836812744538213
kmr_Latn,mar_Deva,jinaai/jina-embeddings-v3,0.9836613883555124
urd_Arab,zul_Latn,intfloat/multilingual-e5-large,0.983656915335304
vec_Latn,zho_Hant,jinaai/jina-embeddings-v3,0.983647813539118
amh_Ethi,mya_Mymr,jinaai/jina-embeddings-v3,0.983634843417452
ron_Latn,sun_Latn,intfloat/multilingual-e5-large,0.983620358883181
sot_Latn,tsn_Latn,intfloat/multilingual-e5-large,0.9836106196412662
fao_Latn,nld_Latn,jinaai/jina-embeddings-v3,0.9835985709515646
mar_Deva,sun_Latn,intfloat/multilingual-e5-large,0.9835800882619976
bul_Cyrl,swh_Latn,intfloat/multilingual-e5-large,0.9835756634669678
fur_Latn,vec_Latn,intfloat/multilingual-e5-large,0.9835737938599888
isl_Latn,ltz_Latn,intfloat/multilingual-e5-large,0.9835556653491436
spa_Latn,nya_Latn,intfloat/multilingual-e5-large,0.983552367976775
gle_Latn,slk_Latn,jinaai/jina-embeddings-v3,0.9835299636683036
ssw_Latn,zul_Latn,intfloat/multilingual-e5-large,0.9835242402033326
kin_Latn,tgl_Latn,intfloat/multilingual-e5-large,0.9834863805933008
heb_Hebr,hne_Deva,jinaai/jina-embeddings-v5-text-small,0.9834530887693148
glg_Latn,swh_Latn,intfloat/multilingual-e5-large,0.9834131297446516
lvs_Latn,sun_Latn,intfloat/multilingual-e5-large,0.9834059102751166
lvs_Latn,xho_Latn,intfloat/multilingual-e5-large,0.9834034830973466
cat_Latn,srd_Latn,intfloat/multilingual-e5-large,0.9833897433693968
ceb_Latn,por_Latn,intfloat/multilingual-e5-large,0.9833673797157448
ces_Latn,uzn_Latn,jinaai/jina-embeddings-v3,0.983354833347252
bul_Cyrl,xho_Latn,intfloat/multilingual-e5-large,0.9833495528406596
fur_Latn,fra_Latn,intfloat/multilingual-e5-large,0.9833273492023688
asm_Beng,zho_Hans,jinaai/jina-embeddings-v5-text-small,0.9833214565021122
fin_Latn,hne_Deva,jinaai/jina-embeddings-v5-text-nano,0.9833210952334906
est_Latn,mlt_Latn,intfloat/multilingual-e5-large,0.9832725721800016
gle_Latn,lvs_Latn,jinaai/jina-embeddings-v3,0.983272554739946
lvs_Latn,swh_Latn,intfloat/multilingual-e5-large,0.983256124061299
kaz_Cyrl,zul_Latn,intfloat/multilingual-e5-large,0.983229746950856
fao_Latn,heb_Hebr,jinaai/jina-embeddings-v3,0.983195403125994
swe_Latn,swh_Latn,intfloat/multilingual-e5-large,0.9831864190559844
rus_Cyrl,tat_Cyrl,intfloat/multilingual-e5-large,0.98318385804101
spa_Latn,sun_Latn,intfloat/multilingual-e5-large,0.9831762018908629
uzn_Latn,jpn_Jpan,jinaai/jina-embeddings-v3,0.9831607930302042
ast_Latn,fur_Latn,intfloat/multilingual-e5-large,0.9831429008059442
spa_Latn,hat_Latn,intfloat/multilingual-e5-large,0.9831120151663568
epo_Latn,srd_Latn,intfloat/multilingual-e5-large,0.9830998346853588
nso_Latn,tsn_Latn,intfloat/multilingual-e5-large,0.9830945494446208
ell_Grek,mlt_Latn,intfloat/multilingual-e5-large,0.9830843069973504
pap_Latn,spa_Latn,intfloat/multilingual-e5-large,0.9830758873597748
hye_Armn,jav_Latn,intfloat/multilingual-e5-large,0.983056436317306
gle_Latn,tgl_Latn,intfloat/multilingual-e5-large,0.9830224022650615
sna_Latn,zul_Latn,intfloat/multilingual-e5-large,0.9830159937615156
hrv_Latn,nya_Latn,intfloat/multilingual-e5-large,0.9830002960262428
hin_Deva,swh_Latn,intfloat/multilingual-e5-large,0.9829579862773544
ltz_Latn,tgl_Latn,intfloat/multilingual-e5-large,0.98292037069211
afr_Latn,fur_Latn,intfloat/multilingual-e5-large,0.982896155228171
vec_Latn,tgl_Latn,intfloat/multilingual-e5-large,0.9828896681045004
szl_Latn,por_Latn,jinaai/jina-embeddings-v3,0.9828890764148276
cat_Latn,nya_Latn,intfloat/multilingual-e5-large,0.9828312106572976
ind_Latn,fur_Latn,intfloat/multilingual-e5-large,0.9828247893959356
urd_Arab,xho_Latn,intfloat/multilingual-e5-large,0.98280115319866
mkd_Cyrl,fur_Latn,intfloat/multilingual-e5-large,0.9827984817115252
mal_Mlym,sun_Latn,intfloat/multilingual-e5-large,0.9827900582233012
fao_Latn,hrv_Latn,jinaai/jina-embeddings-v3,0.9827624351932652
hin_Deva,xho_Latn,intfloat/multilingual-e5-large,0.9827146485606596
war_Latn,fra_Latn,intfloat/multilingual-e5-large,0.9826846521887608
nld_Latn,mlt_Latn,intfloat/multilingual-e5-large,0.9826655530459878
amh_Ethi,zho_Hant,jinaai/jina-embeddings-v3,0.9826429489676408
bel_Cyrl,zul_Latn,intfloat/multilingual-e5-large,0.9826371695936912
kmr_Latn,por_Latn,jinaai/jina-embeddings-v3,0.982612713373583
ron_Latn,xho_Latn,intfloat/multilingual-e5-large,0.9825990887132192
eng_Latn,hat_Latn,intfloat/multilingual-e5-large,0.9825885272845608
eng_Latn,bjn_Latn,intfloat/multilingual-e5-large,0.9825851510951108
sun_Latn,urd_Arab,intfloat/multilingual-e5-large,0.9825380726988044
heb_Hebr,zul_Latn,intfloat/multilingual-e5-large,0.9825321669071668
afr_Latn,asm_Beng,jinaai/jina-embeddings-v5-text-small,0.9825310559006212
dan_Latn,zul_Latn,intfloat/multilingual-e5-large,0.9825162069740628
jav_Latn,fur_Latn,intfloat/multilingual-e5-large,0.9824971644401642
gle_Latn,mar_Deva,jinaai/jina-embeddings-v3,0.982490762419596
ben_Beng,mlt_Latn,intfloat/multilingual-e5-large,0.9824889545999386
bos_Latn,gle_Latn,intfloat/multilingual-e5-large,0.982465571867746
tso_Latn,zul_Latn,intfloat/multilingual-e5-large,0.9824285848644536
uzn_Latn,lit_Latn,jinaai/jina-embeddings-v3,0.9824267711481524
deu_Latn,sun_Latn,intfloat/multilingual-e5-large,0.9824157866557448
ceb_Latn,vie_Latn,intfloat/multilingual-e5-large,0.9823937423880266
kmr_Latn,nob_Latn,jinaai/jina-embeddings-v3,0.9823664976010512
deu_Latn,xho_Latn,intfloat/multilingual-e5-large,0.9823620878462777
npi_Deva,swh_Latn,intfloat/multilingual-e5-large,0.9823600285543722
srd_Latn,als_Latn,intfloat/multilingual-e5-large,0.982343585713837
asm_Beng,zho_Hant,jinaai/jina-embeddings-v5-text-small,0.9823309587341356
bul_Cyrl,tat_Cyrl,intfloat/multilingual-e5-large,0.9823186694728196
gle_Latn,ind_Latn,jinaai/jina-embeddings-v3,0.9823146056841708
nld_Latn,xho_Latn,intfloat/multilingual-e5-large,0.9823134355441788
pap_Latn,ron_Latn,intfloat/multilingual-e5-large,0.982308910017346
hin_Deva,san_Deva,intfloat/multilingual-e5-large,0.9822549746289168
bel_Cyrl,mlt_Latn,intfloat/multilingual-e5-large,0.9822546113306984
gle_Latn,pol_Latn,jinaai/jina-embeddings-v3,0.9822030475563084
gle_Latn,hun_Latn,jinaai/jina-embeddings-v3,0.9821867197361268
ceb_Latn,srp_Cyrl,intfloat/multilingual-e5-large,0.9821688034406564
gle_Latn,nld_Latn,jinaai/jina-embeddings-v3,0.9821505733719448
deu_Latn,fur_Latn,intfloat/multilingual-e5-large,0.9821324623992608
ast_Latn,ltz_Latn,intfloat/multilingual-e5-large,0.9821031085619186
arb_Arab,sun_Latn,intfloat/multilingual-e5-large,0.9820421592976148
fur_Latn,eng_Latn,intfloat/multilingual-e5-large,0.9820304356631588
sin_Sinh,sun_Latn,intfloat/multilingual-e5-large,0.9819960833457576
gle_Latn,guj_Gujr,jinaai/jina-embeddings-v3,0.9818699416525504
nob_Latn,swh_Latn,intfloat/multilingual-e5-large,0.9818665592830812
bul_Cyrl,nso_Latn,intfloat/multilingual-e5-large,0.981866072047708
fao_Latn,fra_Latn,jinaai/jina-embeddings-v3,0.9818156542459588
eus_Latn,sun_Latn,intfloat/multilingual-e5-large,0.981785331246761
arb_Arab,hat_Latn,intfloat/multilingual-e5-large,0.9817833695851036
fin_Latn,zul_Latn,intfloat/multilingual-e5-large,0.9817762606300156
por_Latn,sun_Latn,intfloat/multilingual-e5-large,0.9817633035982706
nld_Latn,sun_Latn,intfloat/multilingual-e5-large,0.981762683660142
sot_Latn,tso_Latn,intfloat/multilingual-e5-large,0.981734506598637
dan_Latn,crh_Latn,Alibaba-NLP/gte-multilingual-base,0.9817099930298157
kmr_Latn,lvs_Latn,jinaai/jina-embeddings-v3,0.9817006660063886
san_Deva,sin_Sinh,intfloat/multilingual-e5-large,0.9816938082183108
fao_Latn,rus_Cyrl,jinaai/jina-embeddings-v3,0.9816857894343508
mlt_Latn,hrv_Latn,intfloat/multilingual-e5-large,0.9815810953816648
fra_Latn,gle_Latn,intfloat/multilingual-e5-large,0.981573469258746
nld_Latn,pap_Latn,intfloat/multilingual-e5-large,0.9815205697906132
jpn_Jpan,uzn_Latn,intfloat/multilingual-e5-large,0.9814964483969176
kat_Geor,zul_Latn,intfloat/multilingual-e5-large,0.9814924014281722
jav_Latn,kaz_Cyrl,intfloat/multilingual-e5-large,0.9814920671214696
heb_Hebr,swh_Latn,intfloat/multilingual-e5-large,0.9814836431684256
hin_Deva,sun_Latn,intfloat/multilingual-e5-large,0.9814807508699936
afr_Latn,hat_Latn,intfloat/multilingual-e5-large,0.98147064036061
hun_Latn,pap_Latn,intfloat/multilingual-e5-large,0.9814664502164504
fao_Latn,slk_Latn,jinaai/jina-embeddings-v3,0.9814252496123614
jav_Latn,ltz_Latn,intfloat/multilingual-e5-large,0.9813494055545322
arb_Arab,nya_Latn,intfloat/multilingual-e5-large,0.9812965328237948
ssw_Latn,xho_Latn,intfloat/multilingual-e5-large,0.9812964707157492
asm_Beng,eus_Latn,jinaai/jina-embeddings-v3,0.9812904300287604
por_Latn,tat_Cyrl,intfloat/multilingual-e5-large,0.9812856683592684
cym_Latn,sun_Latn,intfloat/multilingual-e5-large,0.9812719518383134
bul_Cyrl,sun_Latn,intfloat/multilingual-e5-large,0.9812177893699632
nld_Latn,zul_Latn,intfloat/multilingual-e5-large,0.9812153310437064
kan_Knda,xho_Latn,intfloat/multilingual-e5-large,0.9811977728827208
dan_Latn,fao_Latn,jinaai/jina-embeddings-v3,0.9811666413296848
tur_Latn,xho_Latn,intfloat/multilingual-e5-large,0.9811405644345152
fra_Latn,szl_Latn,intfloat/multilingual-e5-large,0.9811380340010488
szl_Latn,tur_Latn,jinaai/jina-embeddings-v3,0.9811115019886704
kmr_Latn,slv_Latn,jinaai/jina-embeddings-v3,0.9810877902484506
amh_Ethi,jav_Latn,intfloat/multilingual-e5-large,0.981075348492652
hat_Latn,fra_Latn,intfloat/multilingual-e5-large,0.9810626775740752
oci_Latn,xho_Latn,intfloat/multilingual-e5-large,0.9810318432518
jav_Latn,tur_Latn,intfloat/multilingual-e5-large,0.981014564642282
pol_Latn,zul_Latn,intfloat/multilingual-e5-large,0.9809296680240196
hun_Latn,sun_Latn,intfloat/multilingual-e5-large,0.9809164044663484
srd_Latn,epo_Latn,intfloat/multilingual-e5-large,0.9809006687996532
sun_Latn,war_Latn,intfloat/multilingual-e5-large,0.980890899520494
swe_Latn,xho_Latn,intfloat/multilingual-e5-large,0.9808888575192922
mal_Mlym,san_Deva,intfloat/multilingual-e5-large,0.9808676368720236
fao_Latn,slv_Latn,jinaai/jina-embeddings-v3,0.9808495658243802
pap_Latn,hrv_Latn,intfloat/multilingual-e5-large,0.980843981085594
vie_Latn,xho_Latn,intfloat/multilingual-e5-large,0.9808416966718286
ben_Beng,crh_Latn,intfloat/multilingual-e5-large,0.9808229806371036
heb_Hebr,xho_Latn,intfloat/multilingual-e5-large,0.9807301512287336
fao_Latn,pol_Latn,jinaai/jina-embeddings-v3,0.9807252314628092
sin_Sinh,swh_Latn,intfloat/multilingual-e5-large,0.9806961561333016
bul_Cyrl,gle_Latn,intfloat/multilingual-e5-large,0.9806698790888516
nob_Latn,xho_Latn,intfloat/multilingual-e5-large,0.9806627082061748
ita_Latn,srd_Latn,Alibaba-NLP/gte-multilingual-base,0.9806614635913056
eus_Latn,ltz_Latn,intfloat/multilingual-e5-large,0.9806526644766946
gle_Latn,heb_Hebr,jinaai/jina-embeddings-v3,0.9806420834404076
kmr_Latn,slk_Latn,jinaai/jina-embeddings-v3,0.9806274564975076
pol_Latn,pap_Latn,intfloat/multilingual-e5-large,0.9806266407198634
gle_Latn,hrv_Latn,jinaai/jina-embeddings-v3,0.9805946167359212
rus_Cyrl,zul_Latn,intfloat/multilingual-e5-large,0.9805472198442045
sna_Latn,als_Latn,intfloat/multilingual-e5-large,0.9805221869160488
ita_Latn,nya_Latn,intfloat/multilingual-e5-large,0.9804833611329572
vec_Latn,zho_Hans,jinaai/jina-embeddings-v3,0.980478108847674
fao_Latn,ukr_Cyrl,jinaai/jina-embeddings-v3,0.9804646900290734
deu_Latn,nso_Latn,intfloat/multilingual-e5-large,0.9804163886179696
nno_Latn,xho_Latn,intfloat/multilingual-e5-large,0.9803815946067564
gle_Latn,mal_Mlym,jinaai/jina-embeddings-v3,0.9803720372790592
ary_Arab,deu_Latn,jinaai/jina-embeddings-v3,0.9803701499572426
asm_Beng,lit_Latn,jinaai/jina-embeddings-v3,0.9803654134191856
mar_Deva,nya_Latn,intfloat/multilingual-e5-large,0.9803541847537808
bel_Cyrl,ceb_Latn,intfloat/multilingual-e5-large,0.9803523915019692
nya_Latn,tgl_Latn,intfloat/multilingual-e5-large,0.9803441272148348
npi_Deva,sun_Latn,intfloat/multilingual-e5-large,0.9803267406688712
fra_Latn,lij_Latn,intfloat/multilingual-e5-large,0.9802980838426184
bel_Cyrl,xho_Latn,intfloat/multilingual-e5-large,0.9802245060703708
xho_Latn,fra_Latn,intfloat/multilingual-e5-large,0.9802169834714288
dan_Latn,xho_Latn,intfloat/multilingual-e5-large,0.9802161214026064
fur_Latn,tgl_Latn,intfloat/multilingual-e5-large,0.9801831592320722
kmr_Latn,nno_Latn,jinaai/jina-embeddings-v3,0.9801829976055552
dan_Latn,srd_Latn,Alibaba-NLP/gte-multilingual-base,0.9801374953548868
fra_Latn,tat_Cyrl,intfloat/multilingual-e5-large,0.980043754760964
ary_Arab,eng_Latn,jinaai/jina-embeddings-v3,0.9800386069534496
tur_Latn,tat_Cyrl,Alibaba-NLP/gte-multilingual-base,0.9800384631731056
kmr_Latn,pan_Guru,jinaai/jina-embeddings-v3,0.9800335103954826
swh_Latn,vie_Latn,intfloat/multilingual-e5-large,0.9799824808492223
pap_Latn,por_Latn,intfloat/multilingual-e5-large,0.9799750721213836
fin_Latn,sun_Latn,intfloat/multilingual-e5-large,0.979974551068318
isl_Latn,mlt_Latn,intfloat/multilingual-e5-large,0.9799478518846106
bul_Cyrl,pap_Latn,intfloat/multilingual-e5-large,0.9799460050818746
kmr_Latn,tgl_Latn,jinaai/jina-embeddings-v3,0.97993991849112
ben_Beng,sun_Latn,intfloat/multilingual-e5-large,0.9799166032927056
asm_Beng,xho_Latn,intfloat/multilingual-e5-large,0.9798975407706114
ben_Beng,san_Deva,intfloat/multilingual-e5-large,0.979827218234374
isl_Latn,xho_Latn,intfloat/multilingual-e5-large,0.9798044676009102
gle_Latn,srp_Cyrl,jinaai/jina-embeddings-v3,0.9797741267921684
ary_Arab,mkd_Cyrl,jinaai/jina-embeddings-v3,0.9797695372757104
fao_Latn,ind_Latn,jinaai/jina-embeddings-v3,0.9797651188893354
srd_Latn,tgl_Latn,intfloat/multilingual-e5-large,0.979751709643014
ceb_Latn,eus_Latn,intfloat/multilingual-e5-large,0.9797495569018008
fao_Latn,ron_Latn,jinaai/jina-embeddings-v3,0.979749539658784
lvs_Latn,nya_Latn,intfloat/multilingual-e5-large,0.9796774029110986
ast_Latn,xho_Latn,intfloat/multilingual-e5-large,0.9796756798996156
dan_Latn,nso_Latn,intfloat/multilingual-e5-large,0.9796730053413016
ary_Arab,slv_Latn,jinaai/jina-embeddings-v3,0.97965978280666
ary_Arab,tur_Latn,jinaai/jina-embeddings-v3,0.9795872585332944
sun_Latn,xho_Latn,intfloat/multilingual-e5-large,0.9795734396227628
eus_Latn,hne_Deva,jinaai/jina-embeddings-v3,0.9795472196653232
ary_Arab,rus_Cyrl,jinaai/jina-embeddings-v3,0.9795268407248884
glg_Latn,srd_Latn,intfloat/multilingual-e5-large,0.9794986144996312
deu_Latn,pap_Latn,intfloat/multilingual-e5-large,0.979479578392622
est_Latn,vec_Latn,jinaai/jina-embeddings-v3,0.9794662808571776
dan_Latn,ltz_Latn,intfloat/multilingual-e5-large,0.9794530822869332
por_Latn,srd_Latn,Alibaba-NLP/gte-multilingual-base,0.9794324170559348
ary_Arab,bul_Cyrl,jinaai/jina-embeddings-v3,0.9794180653897818
swh_Latn,tel_Telu,intfloat/multilingual-e5-large,0.9793993165958031
kmr_Latn,sin_Sinh,jinaai/jina-embeddings-v3,0.97935575520494
kmr_Latn,mal_Mlym,jinaai/jina-embeddings-v3,0.9792918767604124
deu_Latn,szl_Latn,intfloat/multilingual-e5-large,0.979284209256683
ell_Grek,swh_Latn,intfloat/multilingual-e5-large,0.9792803814542944
ary_Arab,ces_Latn,jinaai/jina-embeddings-v3,0.9792672319249144
deu_Latn,hat_Latn,intfloat/multilingual-e5-large,0.9791989891238668
ces_Latn,jav_Latn,intfloat/multilingual-e5-large,0.9791837161768976
bel_Cyrl,vec_Latn,jinaai/jina-embeddings-v3,0.9791800439898266
fra_Latn,kea_Latn,intfloat/multilingual-e5-large,0.9791545109479892
spa_Latn,lij_Latn,intfloat/multilingual-e5-large,0.9791436827121844
jav_Latn,swe_Latn,intfloat/multilingual-e5-large,0.9791108592152415
ceb_Latn,ita_Latn,intfloat/multilingual-e5-large,0.9791051098659794
nld_Latn,fur_Latn,intfloat/multilingual-e5-large,0.9790802729740412
rus_Cyrl,fur_Latn,intfloat/multilingual-e5-large,0.9790482820868196
rus_Cyrl,xho_Latn,intfloat/multilingual-e5-large,0.9790144559740294
eng_Latn,lij_Latn,intfloat/multilingual-e5-large,0.9790100461610296
ory_Orya,san_Deva,intfloat/multilingual-e5-large,0.9790093643518712
kat_Geor,xho_Latn,intfloat/multilingual-e5-large,0.9789696628418728
fra_Latn,lin_Latn,intfloat/multilingual-e5-large,0.9789611354828748
hye_Armn,xho_Latn,intfloat/multilingual-e5-large,0.9789415941225345
tat_Cyrl,uzn_Latn,intfloat/multilingual-e5-large,0.978937267953042
hin_Deva,ltz_Latn,intfloat/multilingual-e5-large,0.9788887571842464
eus_Latn,fur_Latn,intfloat/multilingual-e5-large,0.97886142685292
tsn_Latn,zul_Latn,intfloat/multilingual-e5-large,0.978846317385062
dan_Latn,pap_Latn,intfloat/multilingual-e5-large,0.9788307753590738
nya_Latn,xho_Latn,intfloat/multilingual-e5-large,0.9787837453733462
ary_Arab,ron_Latn,jinaai/jina-embeddings-v3,0.978767278463859
cym_Latn,kmr_Latn,jinaai/jina-embeddings-v3,0.9787641664031956
jav_Latn,rus_Cyrl,intfloat/multilingual-e5-large,0.978752972982222
fin_Latn,swh_Latn,intfloat/multilingual-e5-large,0.9787440536161764
ceb_Latn,ron_Latn,intfloat/multilingual-e5-large,0.9787256541785876
fin_Latn,crh_Latn,intfloat/multilingual-e5-large,0.9787190122819546
ben_Beng,hat_Latn,intfloat/multilingual-e5-large,0.9787162032592216
gle_Latn,slv_Latn,jinaai/jina-embeddings-v3,0.978709939179888
ces_Latn,crh_Latn,Alibaba-NLP/gte-multilingual-base,0.978702432284448
nso_Latn,nya_Latn,intfloat/multilingual-e5-large,0.9787014343829916
ron_Latn,tat_Cyrl,intfloat/multilingual-e5-large,0.9786619102515842
ben_Beng,nya_Latn,intfloat/multilingual-e5-large,0.9786058802857224
bul_Cyrl,hat_Latn,intfloat/multilingual-e5-large,0.9786021259603302
ary_Arab,hrv_Latn,jinaai/jina-embeddings-v3,0.9785893758233148
swe_Latn,fur_Latn,Alibaba-NLP/gte-multilingual-base,0.9785738808293156
kin_Latn,run_Latn,intfloat/multilingual-e5-large,0.9785692770197753
heb_Hebr,pap_Latn,intfloat/multilingual-e5-large,0.9785690758516844
hrv_Latn,sna_Latn,intfloat/multilingual-e5-large,0.978496863396814
nya_Latn,zul_Latn,intfloat/multilingual-e5-large,0.9784904289709782
eus_Latn,swh_Latn,intfloat/multilingual-e5-large,0.978490355008841
ces_Latn,ltz_Latn,Alibaba-NLP/gte-multilingual-base,0.9784713341858482
mal_Mlym,swh_Latn,intfloat/multilingual-e5-large,0.9784302486116018
hrv_Latn,fao_Latn,intfloat/multilingual-e5-large,0.9784083096074542
dan_Latn,fur_Latn,Alibaba-NLP/gte-multilingual-base,0.9783950458851643
hin_Deva,fur_Latn,intfloat/multilingual-e5-large,0.9783875868688992
gle_Latn,kor_Hang,jinaai/jina-embeddings-v3,0.9783830761522376
uzn_Latn,zho_Hans,jinaai/jina-embeddings-v3,0.9783569078582114
cat_Latn,sna_Latn,intfloat/multilingual-e5-large,0.9783456423352668
hun_Latn,tat_Cyrl,intfloat/multilingual-e5-large,0.9782997250882626
jav_Latn,mkd_Cyrl,intfloat/multilingual-e5-large,0.9782873632353783
bel_Cyrl,ltz_Latn,intfloat/multilingual-e5-large,0.978281049303251
lit_Latn,uzn_Latn,jinaai/jina-embeddings-v3,0.9782536251870924
tha_Thai,uzn_Latn,jinaai/jina-embeddings-v3,0.978231693055652
uzn_Latn,tha_Thai,jinaai/jina-embeddings-v3,0.978226995976376
ben_Beng,pap_Latn,intfloat/multilingual-e5-large,0.9782073010191522
deu_Latn,nya_Latn,intfloat/multilingual-e5-large,0.978203655698715
deu_Latn,srd_Latn,Alibaba-NLP/gte-multilingual-base,0.9781326563839868
lit_Latn,vec_Latn,jinaai/jina-embeddings-v3,0.9781289891297766
sna_Latn,sot_Latn,intfloat/multilingual-e5-large,0.9780635211465252
ary_Arab,hin_Deva,jinaai/jina-embeddings-v3,0.9780621708780948
bul_Cyrl,fao_Latn,jinaai/jina-embeddings-v3,0.9780521678455032
ind_Latn,min_Latn,intfloat/multilingual-e5-large,0.9780414793977998
ary_Arab,slk_Latn,jinaai/jina-embeddings-v3,0.978040955048554
gle_Latn,sin_Sinh,jinaai/jina-embeddings-v3,0.9779967049148636
mlt_Latn,swh_Latn,intfloat/multilingual-e5-large,0.9779766277937124
deu_Latn,bak_Cyrl,intfloat/multilingual-e5-large,0.9779731992509544
ben_Beng,ltz_Latn,intfloat/multilingual-e5-large,0.9779701394582736
eng_Latn,fao_Latn,jinaai/jina-embeddings-v3,0.9779311428128564
deu_Latn,gle_Latn,intfloat/multilingual-e5-large,0.9778676755964618
fra_Latn,srd_Latn,intfloat/multilingual-e5-large,0.9778579357739492
kmr_Latn,lit_Latn,jinaai/jina-embeddings-v3,0.9777981921939036
mlt_Latn,spa_Latn,intfloat/multilingual-e5-large,0.9776831099095272
bos_Latn,srd_Latn,Alibaba-NLP/gte-multilingual-base,0.9776380075787192
hun_Latn,xho_Latn,intfloat/multilingual-e5-large,0.977633817551707
hat_Latn,eng_Latn,intfloat/multilingual-e5-large,0.9776203033709244
fao_Latn,hun_Latn,jinaai/jina-embeddings-v3,0.9775776313904324
san_Deva,urd_Arab,intfloat/multilingual-e5-large,0.9775713444104328
gle_Latn,tel_Telu,jinaai/jina-embeddings-v3,0.977556461316174
lin_Latn,tgl_Latn,intfloat/multilingual-e5-large,0.9775358359937164
hun_Latn,ltz_Latn,intfloat/multilingual-e5-large,0.977527744162036
gle_Latn,kan_Knda,jinaai/jina-embeddings-v3,0.977466831480822
srd_Latn,vec_Latn,intfloat/multilingual-e5-large,0.9774568721517832
ceb_Latn,mkd_Cyrl,intfloat/multilingual-e5-large,0.9774488640444569
deu_Latn,fao_Latn,Alibaba-NLP/gte-multilingual-base,0.9774143351101432
ary_Arab,als_Latn,jinaai/jina-embeddings-v3,0.9774080344435174
deu_Latn,tat_Cyrl,Alibaba-NLP/gte-multilingual-base,0.9773982056590752
amh_Ethi,zho_Hans,jinaai/jina-embeddings-v3,0.9773691750236372
hye_Armn,zul_Latn,intfloat/multilingual-e5-large,0.9773171939933952
kmr_Latn,kir_Cyrl,jinaai/jina-embeddings-v3,0.9772848528283312
ary_Arab,por_Latn,jinaai/jina-embeddings-v5-text-small,0.9772821580854476
ces_Latn,fur_Latn,Alibaba-NLP/gte-multilingual-base,0.9772772223063846
ita_Latn,tat_Cyrl,intfloat/multilingual-e5-large,0.9772618192084596
mlt_Latn,srp_Cyrl,intfloat/multilingual-e5-large,0.9772362057932316
spa_Latn,lin_Latn,intfloat/multilingual-e5-large,0.9771957995284656
uzn_Latn,zho_Hant,jinaai/jina-embeddings-v3,0.977171862596238
ary_Arab,nob_Latn,jinaai/jina-embeddings-v5-text-small,0.9771678653959364
arb_Arab,fur_Latn,intfloat/multilingual-e5-large,0.9771553981620144
dan_Latn,hat_Latn,intfloat/multilingual-e5-large,0.9771335398155382
kmr_Latn,urd_Arab,jinaai/jina-embeddings-v3,0.977070821127966
mal_Mlym,nya_Latn,intfloat/multilingual-e5-large,0.9770370473532642
ind_Latn,nya_Latn,intfloat/multilingual-e5-large,0.977021740793974
kir_Cyrl,sun_Latn,intfloat/multilingual-e5-large,0.9769946482970528
hat_Latn,hye_Armn,intfloat/multilingual-e5-large,0.9769706211722718
ary_Arab,ind_Latn,jinaai/jina-embeddings-v5-text-small,0.9769687633570964
mkd_Cyrl,nya_Latn,intfloat/multilingual-e5-large,0.9769359829482112
ary_Arab,heb_Hebr,jinaai/jina-embeddings-v3,0.9769063401889602
sun_Latn,tel_Telu,intfloat/multilingual-e5-large,0.9768811318677456
spa_Latn,sna_Latn,intfloat/multilingual-e5-large,0.9768631939791036
tso_Latn,xho_Latn,intfloat/multilingual-e5-large,0.9768331288729982
kaz_Cyrl,swh_Latn,intfloat/multilingual-e5-large,0.9768106273548048
afr_Latn,gle_Latn,intfloat/multilingual-e5-large,0.9768101326648758
ary_Arab,ukr_Cyrl,jinaai/jina-embeddings-v3,0.9767719818545472
fra_Latn,bak_Cyrl,intfloat/multilingual-e5-large,0.9767693676136115
ben_Beng,swh_Latn,intfloat/multilingual-e5-large,0.9767558336481262
est_Latn,swh_Latn,intfloat/multilingual-e5-large,0.9767522515450838
asm_Beng,isl_Latn,jinaai/jina-embeddings-v3,0.9767206226175272
hun_Latn,fao_Latn,Alibaba-NLP/gte-multilingual-base,0.9766827480750772
bul_Cyrl,fur_Latn,intfloat/multilingual-e5-large,0.9766702349582784
dan_Latn,swh_Latn,intfloat/multilingual-e5-large,0.976665725578769
dan_Latn,nya_Latn,intfloat/multilingual-e5-large,0.9766388228591786
eng_Latn,gle_Latn,intfloat/multilingual-e5-large,0.9766332467230514
hrv_Latn,tat_Cyrl,intfloat/multilingual-e5-large,0.9766181206904734
ind_Latn,kmr_Latn,jinaai/jina-embeddings-v3,0.976571276263782
bjn_Latn,eng_Latn,intfloat/multilingual-e5-large,0.976565556888757
ary_Arab,mal_Mlym,jinaai/jina-embeddings-v3,0.9765626769591664
rus_Cyrl,swh_Latn,intfloat/multilingual-e5-large,0.9765398979357788
ary_Arab,swe_Latn,jinaai/jina-embeddings-v5-text-small,0.9765386206758244
srd_Latn,oci_Latn,intfloat/multilingual-e5-large,0.9765366170727516
kmr_Latn,tel_Telu,jinaai/jina-embeddings-v3,0.976525679341885
ary_Arab,spa_Latn,jinaai/jina-embeddings-v3,0.976525321892272
heb_Hebr,nso_Latn,intfloat/multilingual-e5-large,0.9764271909652344
bos_Latn,bak_Cyrl,intfloat/multilingual-e5-large,0.9764136764318598
war_Latn,spa_Latn,intfloat/multilingual-e5-large,0.9764116614410174
tat_Cyrl,urd_Arab,intfloat/multilingual-e5-large,0.9763858945183056
hrv_Latn,ibo_Latn,intfloat/multilingual-e5-large,0.9763774927312476
fra_Latn,tsn_Latn,intfloat/multilingual-e5-large,0.9763713052326072
fin_Latn,hat_Latn,intfloat/multilingual-e5-large,0.9763575862760244
pan_Guru,san_Deva,intfloat/multilingual-e5-large,0.9763517534353244
por_Latn,bak_Cyrl,intfloat/multilingual-e5-large,0.9763326595921886
spa_Latn,gle_Latn,intfloat/multilingual-e5-large,0.9763013227837872
ary_Arab,cat_Latn,jinaai/jina-embeddings-v3,0.976292250360923
ary_Arab,kor_Hang,jinaai/jina-embeddings-v3,0.9762875108511206
ary_Arab,dan_Latn,jinaai/jina-embeddings-v5-text-nano,0.9762821859823008
srd_Latn,eng_Latn,intfloat/multilingual-e5-large,0.9762817705487332
swe_Latn,srd_Latn,Alibaba-NLP/gte-multilingual-base,0.9762511695403944
ltz_Latn,fra_Latn,intfloat/multilingual-e5-large,0.976211100821966
ary_Arab,ita_Latn,jinaai/jina-embeddings-v3,0.9761929712878556
amh_Ethi,nso_Latn,intfloat/multilingual-e5-large,0.976175409592383
jav_Latn,som_Latn,intfloat/multilingual-e5-large,0.9761554468911822
hau_Latn,tgl_Latn,intfloat/multilingual-e5-large,0.9761352009023856
azj_Latn,tat_Cyrl,intfloat/multilingual-e5-large,0.9761014557099998
ita_Latn,kea_Latn,Alibaba-NLP/gte-multilingual-base,0.976090615121806
ceb_Latn,lvs_Latn,intfloat/multilingual-e5-large,0.9760809360204804
mya_Mymr,pbt_Arab,jinaai/jina-embeddings-v3,0.9760185500854082
ary_Arab,fra_Latn,jinaai/jina-embeddings-v5-text-small,0.9760175037062294
kmr_Latn,pbt_Arab,jinaai/jina-embeddings-v3,0.9759845124057892
gle_Latn,vie_Latn,jinaai/jina-embeddings-v3,0.9759594030092726
eng_Latn,szl_Latn,intfloat/multilingual-e5-large,0.975948749755554
arb_Arab,sna_Latn,intfloat/multilingual-e5-large,0.9759241664132968
hin_Deva,hat_Latn,intfloat/multilingual-e5-large,0.9758837016462836
amh_Ethi,tir_Ethi,Alibaba-NLP/gte-multilingual-base,0.9758537625734208
est_Latn,fur_Latn,Alibaba-NLP/gte-multilingual-base,0.9758303336156596
kat_Geor,swh_Latn,intfloat/multilingual-e5-large,0.9757994539619502
gle_Latn,kaz_Cyrl,jinaai/jina-embeddings-v3,0.9757792400595376
isl_Latn,zul_Latn,intfloat/multilingual-e5-large,0.97576984938645
spa_Latn,kea_Latn,Alibaba-NLP/gte-multilingual-base,0.975760857561828
ary_Arab,nld_Latn,jinaai/jina-embeddings-v3,0.9756907714192864
kin_Latn,nso_Latn,intfloat/multilingual-e5-large,0.9756892422173928
isl_Latn,fur_Latn,intfloat/multilingual-e5-large,0.9756766602962256
isl_Latn,swh_Latn,intfloat/multilingual-e5-large,0.9756441287347272
gle_Latn,tam_Taml,jinaai/jina-embeddings-v3,0.975638267494086
fra_Latn,sna_Latn,intfloat/multilingual-e5-large,0.9756323842882696
eng_Latn,tpi_Latn,intfloat/multilingual-e5-large,0.9755895961057208
spa_Latn,szl_Latn,intfloat/multilingual-e5-large,0.9755875262985088
gle_Latn,urd_Arab,jinaai/jina-embeddings-v3,0.9755761230826036
ell_Grek,ltz_Latn,intfloat/multilingual-e5-large,0.9755593909431188
ces_Latn,mlt_Latn,intfloat/multilingual-e5-large,0.9755548861355904
afr_Latn,tsn_Latn,intfloat/multilingual-e5-large,0.9755274803012576
amh_Ethi,swh_Latn,intfloat/multilingual-e5-large,0.975525667003328
ary_Arab,bos_Latn,jinaai/jina-embeddings-v3,0.9754934065306712
nob_Latn,srd_Latn,Alibaba-NLP/gte-multilingual-base,0.9754758035133184
hin_Deva,nya_Latn,intfloat/multilingual-e5-large,0.975459351352976
nso_Latn,sna_Latn,intfloat/multilingual-e5-large,0.9754583861257268
jpn_Jpan,crh_Latn,intfloat/multilingual-e5-large,0.9754583475378972
eus_Latn,gle_Latn,intfloat/multilingual-e5-large,0.9754311893639956
pol_Latn,fur_Latn,Alibaba-NLP/gte-multilingual-base,0.9754309398331138
kmr_Latn,pol_Latn,jinaai/jina-embeddings-v3,0.9754081774598096
gle_Latn,isl_Latn,jinaai/jina-embeddings-v3,0.9753380051905608
ary_Arab,ell_Grek,jinaai/jina-embeddings-v3,0.9753359868957256
jav_Latn,oci_Latn,intfloat/multilingual-e5-large,0.9753223226049312
mlt_Latn,por_Latn,intfloat/multilingual-e5-large,0.9752964911516704
crh_Latn,rus_Cyrl,intfloat/multilingual-e5-large,0.975274223521024
slv_Latn,fur_Latn,Alibaba-NLP/gte-multilingual-base,0.9752689942907332
ces_Latn,szl_Latn,jinaai/jina-embeddings-v3,0.9752616210183616
lit_Latn,mlt_Latn,intfloat/multilingual-e5-large,0.9752605058942638
ita_Latn,sna_Latn,intfloat/multilingual-e5-large,0.9752009124631408
ron_Latn,srd_Latn,Alibaba-NLP/gte-multilingual-base,0.9751171478508236
hin_Deva,sna_Latn,intfloat/multilingual-e5-large,0.9751034961963816
ell_Grek,pap_Latn,intfloat/multilingual-e5-large,0.9750032907179604
ces_Latn,pap_Latn,Alibaba-NLP/gte-multilingual-base,0.9749682423971952
ary_Arab,epo_Latn,jinaai/jina-embeddings-v3,0.97493427878636
sna_Latn,tgl_Latn,intfloat/multilingual-e5-large,0.9749286341677644
fra_Latn,fao_Latn,jinaai/jina-embeddings-v3,0.974923112930186
kor_Hang,mlt_Latn,intfloat/multilingual-e5-large,0.9748994929813728
ind_Latn,ban_Latn,intfloat/multilingual-e5-large,0.974768742177286
slk_Latn,fur_Latn,intfloat/multilingual-e5-large,0.974755247439614
ary_Arab,zsm_Latn,jinaai/jina-embeddings-v5-text-small,0.9747366096934952
awa_Deva,san_Deva,intfloat/multilingual-e5-large,0.9747177739903684
jav_Latn,nld_Latn,intfloat/multilingual-e5-large,0.9746694560588364
azj_Latn,mlt_Latn,intfloat/multilingual-e5-large,0.9746240219255328
kmr_Latn,tam_Taml,jinaai/jina-embeddings-v3,0.9745930151315528
arb_Arab,hau_Latn,intfloat/multilingual-e5-large,0.9745906496162317
kea_Latn,por_Latn,intfloat/multilingual-e5-large,0.9744790511230192
nya_Latn,sna_Latn,intfloat/multilingual-e5-large,0.974467158556364
ell_Grek,xho_Latn,intfloat/multilingual-e5-large,0.9744569348420956
kat_Geor,sun_Latn,intfloat/multilingual-e5-large,0.9744556229563612
tsn_Latn,xho_Latn,intfloat/multilingual-e5-large,0.974434904277924
eng_Latn,nya_Latn,intfloat/multilingual-e5-large,0.974426705540836
nld_Latn,swh_Latn,intfloat/multilingual-e5-large,0.9744146107900732
ary_Arab,pol_Latn,jinaai/jina-embeddings-v3,0.9744109856678204
epo_Latn,som_Latn,intfloat/multilingual-e5-large,0.9743882395036908
srd_Latn,fra_Latn,intfloat/multilingual-e5-large,0.9743827946103736
fin_Latn,ltz_Latn,intfloat/multilingual-e5-large,0.9743525426529605
fao_Latn,jpn_Jpan,jinaai/jina-embeddings-v3,0.9743235235179464
bel_Cyrl,sun_Latn,intfloat/multilingual-e5-large,0.9743174508103388
dan_Latn,gle_Latn,intfloat/multilingual-e5-large,0.974298174117448
ces_Latn,fao_Latn,jinaai/jina-embeddings-v3,0.9742222859494344
ary_Arab,eus_Latn,jinaai/jina-embeddings-v3,0.974175958789727
lin_Latn,nso_Latn,intfloat/multilingual-e5-large,0.9741658217114036
kin_Latn,sot_Latn,intfloat/multilingual-e5-large,0.97415722434943
est_Latn,gle_Latn,jinaai/jina-embeddings-v3,0.9741541972520232
gle_Latn,lit_Latn,jinaai/jina-embeddings-v3,0.9741422362521116
ben_Beng,kmr_Latn,jinaai/jina-embeddings-v3,0.9741136216544476
ibo_Latn,sot_Latn,intfloat/multilingual-e5-large,0.9740910259723148
fin_Latn,fao_Latn,jinaai/jina-embeddings-v3,0.9740809493305852
kmr_Latn,tha_Thai,jinaai/jina-embeddings-v3,0.9740605198092536
lin_Latn,sot_Latn,intfloat/multilingual-e5-large,0.9740596037486836
ast_Latn,sun_Latn,intfloat/multilingual-e5-large,0.9739740139868396
epo_Latn,ibo_Latn,intfloat/multilingual-e5-large,0.9739607486105394
ces_Latn,tat_Cyrl,Alibaba-NLP/gte-multilingual-base,0.9739468580581112
ukr_Cyrl,zul_Latn,intfloat/multilingual-e5-large,0.973910744931194
hau_Latn,als_Latn,intfloat/multilingual-e5-large,0.9739091500776176
san_Deva,tel_Telu,intfloat/multilingual-e5-large,0.9739077950430686
ell_Grek,sun_Latn,intfloat/multilingual-e5-large,0.9738990456442372
eng_Latn,kmr_Latn,jinaai/jina-embeddings-v3,0.9738664862689722
nob_Latn,tgk_Cyrl,Alibaba-NLP/gte-multilingual-base,0.9738648707600256
pap_Latn,ind_Latn,intfloat/multilingual-e5-large,0.9738477950859572
bel_Cyrl,swh_Latn,intfloat/multilingual-e5-large,0.9738433599671328
ary_Arab,srp_Cyrl,jinaai/jina-embeddings-v3,0.9738368350215246
heb_Hebr,ltz_Latn,Alibaba-NLP/gte-multilingual-base,0.973823074283213
gle_Latn,jpn_Jpan,jinaai/jina-embeddings-v3,0.9737977108530468
swh_Latn,tur_Latn,intfloat/multilingual-e5-large,0.9737702915069348
amh_Ethi,zul_Latn,intfloat/multilingual-e5-large,0.9737540744828296
lin_Latn,zul_Latn,intfloat/multilingual-e5-large,0.973736919234696
hin_Deva,kmr_Latn,jinaai/jina-embeddings-v3,0.9736799390363596
ces_Latn,zul_Latn,intfloat/multilingual-e5-large,0.9736767751345003
nld_Latn,nya_Latn,intfloat/multilingual-e5-large,0.9736570247933884
ary_Arab,vie_Latn,jinaai/jina-embeddings-v5-text-small,0.9736407610980556
ary_Arab,tha_Thai,jinaai/jina-embeddings-v5-text-nano,0.9735439937866616
eng_Latn,san_Deva,intfloat/multilingual-e5-large,0.9735234067620672
ary_Arab,mar_Deva,jinaai/jina-embeddings-v3,0.9735147684000178
run_Latn,zul_Latn,intfloat/multilingual-e5-large,0.9735014789842156
bul_Cyrl,kmr_Latn,jinaai/jina-embeddings-v3,0.973483920189155
swh_Latn,tso_Latn,intfloat/multilingual-e5-large,0.9734663685212976
fur_Latn,glg_Latn,intfloat/multilingual-e5-large,0.9734604075916226
ary_Arab,lvs_Latn,jinaai/jina-embeddings-v3,0.973457850682665
kaz_Cyrl,sun_Latn,intfloat/multilingual-e5-large,0.973418435620025
kan_Knda,san_Deva,Alibaba-NLP/gte-multilingual-base,0.9734102401221968
ind_Latn,sna_Latn,intfloat/multilingual-e5-large,0.9733821843505638
ary_Arab,jpn_Jpan,jinaai/jina-embeddings-v3,0.9733775778295544
hau_Latn,hye_Armn,intfloat/multilingual-e5-large,0.9733761010876356
sna_Latn,urd_Arab,intfloat/multilingual-e5-large,0.9733222483183056
spa_Latn,tat_Cyrl,intfloat/multilingual-e5-large,0.9733111934456402
bel_Cyrl,fur_Latn,intfloat/multilingual-e5-large,0.9733017469609964
azj_Latn,hat_Latn,intfloat/multilingual-e5-large,0.9732625703219654
ben_Beng,gle_Latn,jinaai/jina-embeddings-v3,0.9732564242638474
cat_Latn,ibo_Latn,intfloat/multilingual-e5-large,0.9732517244387954
deu_Latn,sna_Latn,intfloat/multilingual-e5-large,0.973125702336338
mar_Deva,sna_Latn,intfloat/multilingual-e5-large,0.9731201247227966
ind_Latn,srd_Latn,Alibaba-NLP/gte-multilingual-base,0.973048418972332
gle_Latn,nno_Latn,jinaai/jina-embeddings-v3,0.9730281546580004
sun_Latn,swh_Latn,intfloat/multilingual-e5-large,0.9730015508136832
fin_Latn,nso_Latn,intfloat/multilingual-e5-large,0.9729954827780914
run_Latn,xho_Latn,intfloat/multilingual-e5-large,0.9729842154565244
heb_Hebr,tat_Cyrl,Alibaba-NLP/gte-multilingual-base,0.972937979539642
zul_Latn,por_Latn,intfloat/multilingual-e5-large,0.9729159841664288
sot_Latn,ssw_Latn,intfloat/multilingual-e5-large,0.9729157470922084
srd_Latn,fur_Latn,intfloat/multilingual-e5-large,0.9728809252067652
pol_Latn,sun_Latn,intfloat/multilingual-e5-large,0.9728524893306634
kin_Latn,zul_Latn,intfloat/multilingual-e5-large,0.9728402841668652
nya_Latn,sot_Latn,intfloat/multilingual-e5-large,0.9728356245204072
sun_Latn,tam_Taml,intfloat/multilingual-e5-large,0.9728212311143978
nld_Latn,nso_Latn,intfloat/multilingual-e5-large,0.9728181842312276
hat_Latn,sin_Sinh,intfloat/multilingual-e5-large,0.9728005795857674
ary_Arab,est_Latn,jinaai/jina-embeddings-v3,0.9727906699388282
ell_Grek,hat_Latn,intfloat/multilingual-e5-large,0.9727739984290716
ary_Arab,fin_Latn,jinaai/jina-embeddings-v3,0.9727727894061734
arb_Arab,som_Latn,intfloat/multilingual-e5-large,0.9727373287348704
ary_Arab,hun_Latn,jinaai/jina-embeddings-v3,0.9727361027657224
san_Deva,tam_Taml,jinaai/jina-embeddings-v3,0.9727001287030932
ron_Latn,sna_Latn,intfloat/multilingual-e5-large,0.9726916123256112
dan_Latn,kmr_Latn,jinaai/jina-embeddings-v3,0.9726866150708916
hau_Latn,zul_Latn,intfloat/multilingual-e5-large,0.9726726605337662
hin_Deva,srd_Latn,Alibaba-NLP/gte-multilingual-base,0.9726485383948764
ary_Arab,sin_Sinh,jinaai/jina-embeddings-v3,0.9726442760859766
fin_Latn,tat_Cyrl,intfloat/multilingual-e5-large,0.9726257314819567
hat_Latn,zsm_Latn,intfloat/multilingual-e5-large,0.9726191142315048
gle_Latn,oci_Latn,jinaai/jina-embeddings-v3,0.9726187537038212
est_Latn,sun_Latn,intfloat/multilingual-e5-large,0.9726143238624688
mlt_Latn,ron_Latn,intfloat/multilingual-e5-large,0.9726007697104536
est_Latn,ltz_Latn,intfloat/multilingual-e5-large,0.9725798952753044
ary_Arab,npi_Deva,jinaai/jina-embeddings-v3,0.9725786555312008
guj_Gujr,kmr_Latn,jinaai/jina-embeddings-v3,0.97252073153753
rus_Cyrl,sun_Latn,intfloat/multilingual-e5-large,0.9724869794962556
swe_Latn,tat_Cyrl,intfloat/multilingual-e5-large,0.972486113324994
fra_Latn,kin_Latn,intfloat/multilingual-e5-large,0.9724692223228174
ary_Arab,tam_Taml,jinaai/jina-embeddings-v3,0.97246128533332
mar_Deva,som_Latn,intfloat/multilingual-e5-large,0.9724414738108652
heb_Hebr,sun_Latn,intfloat/multilingual-e5-large,0.9724330084413508
ell_Grek,fur_Latn,intfloat/multilingual-e5-large,0.9724268510273943
ceb_Latn,deu_Latn,intfloat/multilingual-e5-large,0.9724152242270276
spa_Latn,fao_Latn,jinaai/jina-embeddings-v3,0.9723901393807748
bul_Cyrl,bak_Cyrl,intfloat/multilingual-e5-large,0.9723686968499222
amh_Ethi,sot_Latn,intfloat/multilingual-e5-large,0.9723450175784458
bak_Cyrl,kir_Cyrl,intfloat/multilingual-e5-large,0.9723256389199778
san_Deva,snd_Arab,intfloat/multilingual-e5-large,0.9723225780610326
heb_Hebr,hat_Latn,intfloat/multilingual-e5-large,0.9723220473077254
est_Latn,bak_Cyrl,intfloat/multilingual-e5-large,0.972303135322984
asm_Beng,ast_Latn,jinaai/jina-embeddings-v5-text-small,0.9722805078066138
cym_Latn,ibo_Latn,intfloat/multilingual-e5-large,0.9722156635350168
eng_Latn,tat_Cyrl,intfloat/multilingual-e5-large,0.9721731238866989
arb_Arab,gle_Latn,intfloat/multilingual-e5-large,0.972168713729361
slk_Latn,zul_Latn,intfloat/multilingual-e5-large,0.9721159335598556
swh_Latn,tsn_Latn,intfloat/multilingual-e5-large,0.9721022535144176
ind_Latn,bak_Cyrl,intfloat/multilingual-e5-large,0.9720845559526482
ibo_Latn,xho_Latn,intfloat/multilingual-e5-large,0.9720844237880925
kin_Latn,xho_Latn,intfloat/multilingual-e5-large,0.9720593079496762
lit_Latn,fur_Latn,Alibaba-NLP/gte-multilingual-base,0.972052457780594
bel_Cyrl,hat_Latn,intfloat/multilingual-e5-large,0.9720412279236084
azj_Latn,sun_Latn,intfloat/multilingual-e5-large,0.9720171021070568
ast_Latn,srd_Latn,intfloat/multilingual-e5-large,0.971989307162932
afr_Latn,kmr_Latn,jinaai/jina-embeddings-v3,0.971976755128929
asm_Beng,san_Deva,intfloat/multilingual-e5-large,0.9719658870690658
deu_Latn,kea_Latn,Alibaba-NLP/gte-multilingual-base,0.9719125094997192
cat_Latn,kmr_Latn,jinaai/jina-embeddings-v3,0.971906030009447
kat_Geor,kmr_Latn,jinaai/jina-embeddings-v3,0.9717648719566878
afr_Latn,sna_Latn,intfloat/multilingual-e5-large,0.9717644706335216
ell_Grek,nso_Latn,intfloat/multilingual-e5-large,0.9717580796786252
bul_Cyrl,nya_Latn,intfloat/multilingual-e5-large,0.971750736407118
bos_Latn,hau_Latn,intfloat/multilingual-e5-large,0.9717401537763112
fra_Latn,run_Latn,intfloat/multilingual-e5-large,0.9717203091353276
mlt_Latn,vie_Latn,intfloat/multilingual-e5-large,0.9717170143446135
ell_Grek,fao_Latn,jinaai/jina-embeddings-v3,0.9717070091774204
lim_Latn,eng_Latn,jinaai/jina-embeddings-v3,0.9717069068866404
kmr_Latn,vie_Latn,jinaai/jina-embeddings-v3,0.971699705399158
hun_Latn,scn_Latn,Alibaba-NLP/gte-multilingual-base,0.97168724222039
nld_Latn,sna_Latn,intfloat/multilingual-e5-large,0.971684490762566
ukr_Cyrl,xho_Latn,intfloat/multilingual-e5-large,0.9716812784003762
epo_Latn,ilo_Latn,intfloat/multilingual-e5-large,0.9716609061572944
ltz_Latn,sin_Sinh,intfloat/multilingual-e5-large,0.9716489962920838
hun_Latn,fur_Latn,Alibaba-NLP/gte-multilingual-base,0.9716102726873476
hau_Latn,xho_Latn,intfloat/multilingual-e5-large,0.9715745135524136
fur_Latn,sin_Sinh,intfloat/multilingual-e5-large,0.9715454649740292
eng_Latn,sna_Latn,intfloat/multilingual-e5-large,0.971535456054318
cat_Latn,som_Latn,intfloat/multilingual-e5-large,0.9715046701175948
ceb_Latn,rus_Cyrl,intfloat/multilingual-e5-large,0.97150417251463
deu_Latn,kmr_Latn,jinaai/jina-embeddings-v3,0.9714711625757022
arb_Arab,kin_Latn,intfloat/multilingual-e5-large,0.9714668400527868
fin_Latn,pap_Latn,intfloat/multilingual-e5-large,0.9714203369094674
ceb_Latn,tur_Latn,intfloat/multilingual-e5-large,0.9713767545569466
hye_Armn,swh_Latn,intfloat/multilingual-e5-large,0.9713678850987036
kor_Hang,sun_Latn,intfloat/multilingual-e5-large,0.9713610809294284
ltz_Latn,xho_Latn,intfloat/multilingual-e5-large,0.9713444453904798
nso_Latn,swh_Latn,intfloat/multilingual-e5-large,0.971334734124987
kaz_Cyrl,kmr_Latn,jinaai/jina-embeddings-v3,0.9713163950340328
est_Latn,xho_Latn,intfloat/multilingual-e5-large,0.9713156082243072
jpn_Jpan,jav_Latn,intfloat/multilingual-e5-large,0.9713091630004552
sot_Latn,swh_Latn,intfloat/multilingual-e5-large,0.9713016601850596
mal_Mlym,sna_Latn,intfloat/multilingual-e5-large,0.971283779640294
hye_Armn,tat_Cyrl,Alibaba-NLP/gte-multilingual-base,0.9712829819406829
hun_Latn,sna_Latn,intfloat/multilingual-e5-large,0.9712608187393688
jpn_Jpan,mlt_Latn,intfloat/multilingual-e5-large,0.9712595333004684
fra_Latn,scn_Latn,Alibaba-NLP/gte-multilingual-base,0.9712540938588448
heb_Hebr,kmr_Latn,jinaai/jina-embeddings-v3,0.9712252701816892
gle_Latn,xho_Latn,intfloat/multilingual-e5-large,0.9712105663325492
lij_Latn,por_Latn,jinaai/jina-embeddings-v5-text-small,0.9711772653250492
afr_Latn,srd_Latn,intfloat/multilingual-e5-large,0.971155597669857
srd_Latn,glg_Latn,jinaai/jina-embeddings-v3,0.9711551394138124
isl_Latn,sun_Latn,intfloat/multilingual-e5-large,0.971140623930336
slk_Latn,swh_Latn,intfloat/multilingual-e5-large,0.9711364360695602
afr_Latn,lin_Latn,intfloat/multilingual-e5-large,0.9710879724689014
bul_Cyrl,srd_Latn,Alibaba-NLP/gte-multilingual-base,0.9710725979071644
fin_Latn,xho_Latn,intfloat/multilingual-e5-large,0.9710555921784338
jav_Latn,nob_Latn,intfloat/multilingual-e5-large,0.9710406942855476
cym_Latn,som_Latn,intfloat/multilingual-e5-large,0.9709765801122155
eng_Latn,kea_Latn,intfloat/multilingual-e5-large,0.9709337081167408
crh_Latn,vie_Latn,intfloat/multilingual-e5-large,0.970910897079959
bos_Latn,kin_Latn,intfloat/multilingual-e5-large,0.9709025461420632
bos_Latn,lim_Latn,Alibaba-NLP/gte-multilingual-base,0.9708803323979196
nno_Latn,nso_Latn,intfloat/multilingual-e5-large,0.970844769057174
ind_Latn,som_Latn,intfloat/multilingual-e5-large,0.9708413717924588
hun_Latn,nya_Latn,intfloat/multilingual-e5-large,0.9708383043558204
heb_Hebr,fur_Latn,Alibaba-NLP/gte-multilingual-base,0.970824155900496
fra_Latn,tso_Latn,intfloat/multilingual-e5-large,0.9708125057939168
hye_Armn,sun_Latn,intfloat/multilingual-e5-large,0.9708074539917916
ary_Arab,ben_Beng,jinaai/jina-embeddings-v3,0.9707857013681672
epo_Latn,hau_Latn,intfloat/multilingual-e5-large,0.9707729793653144
ibo_Latn,tgl_Latn,intfloat/multilingual-e5-large,0.9707688572525336
ary_Arab,zho_Hant,jinaai/jina-embeddings-v3,0.97075149146427
nya_Latn,urd_Arab,intfloat/multilingual-e5-large,0.9707297069532956
ast_Latn,gle_Latn,intfloat/multilingual-e5-large,0.9707248047266892
azj_Latn,xho_Latn,intfloat/multilingual-e5-large,0.9706940382396184
ces_Latn,swh_Latn,Alibaba-NLP/gte-multilingual-base,0.97065039967123
fra_Latn,ssw_Latn,intfloat/multilingual-e5-large,0.9706443338685556
ind_Latn,tat_Cyrl,intfloat/multilingual-e5-large,0.9704882741223506
fra_Latn,ibo_Latn,intfloat/multilingual-e5-large,0.9704816439599048
mlt_Latn,ita_Latn,intfloat/multilingual-e5-large,0.9704535465722524
dan_Latn,scn_Latn,Alibaba-NLP/gte-multilingual-base,0.9704120059233696
ces_Latn,nso_Latn,intfloat/multilingual-e5-large,0.9703679938150622
fao_Latn,lit_Latn,jinaai/jina-embeddings-v3,0.9703546030656024
srd_Latn,ita_Latn,jinaai/jina-embeddings-v3,0.970341835826764
por_Latn,sna_Latn,intfloat/multilingual-e5-large,0.970301067109097
spa_Latn,srd_Latn,intfloat/multilingual-e5-large,0.9702720148198828
pap_Latn,ita_Latn,intfloat/multilingual-e5-large,0.9702298826882524
est_Latn,hat_Latn,intfloat/multilingual-e5-large,0.9702106986137036
pol_Latn,swh_Latn,intfloat/multilingual-e5-large,0.9702000345363864
bul_Cyrl,kin_Latn,intfloat/multilingual-e5-large,0.9701975633793816
spa_Latn,tsn_Latn,intfloat/multilingual-e5-large,0.9701837348137567
nld_Latn,tat_Cyrl,intfloat/multilingual-e5-large,0.9701814528778064
azj_Latn,swh_Latn,intfloat/multilingual-e5-large,0.9701488576302156
kin_Latn,sin_Sinh,intfloat/multilingual-e5-large,0.9701256999343992
dan_Latn,tat_Cyrl,Alibaba-NLP/gte-multilingual-base,0.9701226330112256
arb_Arab,kmr_Latn,jinaai/jina-embeddings-v3,0.9700950845522588
slv_Latn,swh_Latn,Alibaba-NLP/gte-multilingual-base,0.9700840516881518
pol_Latn,xho_Latn,intfloat/multilingual-e5-large,0.9700654276171976
gle_Latn,mlt_Latn,intfloat/multilingual-e5-large,0.9700439970635129
fra_Latn,som_Latn,intfloat/multilingual-e5-large,0.9700208035590424
bul_Cyrl,tgk_Cyrl,Alibaba-NLP/gte-multilingual-base,0.97001734304688
hrv_Latn,bak_Cyrl,intfloat/multilingual-e5-large,0.9700113581548656
hun_Latn,kmr_Latn,jinaai/jina-embeddings-v3,0.9699310843655918
gle_Latn,tha_Thai,jinaai/jina-embeddings-v3,0.9699253166232356
ltz_Latn,oci_Latn,intfloat/multilingual-e5-large,0.9699194237242484
jpn_Jpan,fur_Latn,Alibaba-NLP/gte-multilingual-base,0.969827545642763
ary_Arab,zho_Hans,jinaai/jina-embeddings-v3,0.9698181003973292
arb_Arab,srd_Latn,Alibaba-NLP/gte-multilingual-base,0.9698115006618844
ita_Latn,bak_Cyrl,intfloat/multilingual-e5-large,0.9696786492184452
bel_Cyrl,gle_Latn,jinaai/jina-embeddings-v3,0.9696070069587857
ydd_Hebr,zho_Hans,jinaai/jina-embeddings-v3,0.9695726121461442
hat_Latn,por_Latn,intfloat/multilingual-e5-large,0.9695664170124786
ces_Latn,xho_Latn,Alibaba-NLP/gte-multilingual-base,0.9695662785830768
lin_Latn,xho_Latn,intfloat/multilingual-e5-large,0.9695468590478472
bel_Cyrl,tgk_Cyrl,Alibaba-NLP/gte-multilingual-base,0.9694768697486088
amh_Ethi,nya_Latn,intfloat/multilingual-e5-large,0.9694686608789432
ben_Beng,fur_Latn,Alibaba-NLP/gte-multilingual-base,0.9694162790093708
deu_Latn,scn_Latn,Alibaba-NLP/gte-multilingual-base,0.9694014087059832
ltz_Latn,spa_Latn,intfloat/multilingual-e5-large,0.969335837342123
min_Latn,war_Latn,intfloat/multilingual-e5-large,0.9691932741047844
nso_Latn,tso_Latn,intfloat/multilingual-e5-large,0.9691887537144454
eng_Latn,srd_Latn,intfloat/multilingual-e5-large,0.9691805308014289
nya_Latn,sin_Sinh,intfloat/multilingual-e5-large,0.9691485270783528
ron_Latn,bak_Cyrl,intfloat/multilingual-e5-large,0.9691247073744952
hun_Latn,srd_Latn,Alibaba-NLP/gte-multilingual-base,0.9690828053844098
cym_Latn,srd_Latn,intfloat/multilingual-e5-large,0.9690267026937284
hat_Latn,urd_Arab,intfloat/multilingual-e5-large,0.968983473296551
bul_Cyrl,sna_Latn,intfloat/multilingual-e5-large,0.9689772335152772
kin_Latn,swh_Latn,intfloat/multilingual-e5-large,0.968974226509445
cat_Latn,kin_Latn,intfloat/multilingual-e5-large,0.9689605453512103
hin_Deva,tgk_Cyrl,Alibaba-NLP/gte-multilingual-base,0.9689162122847372
srd_Latn,ron_Latn,jinaai/jina-embeddings-v3,0.968894225587158
srd_Latn,spa_Latn,jinaai/jina-embeddings-v3,0.9688928917703236
cat_Latn,ilo_Latn,intfloat/multilingual-e5-large,0.9688898520727536
plt_Latn,als_Latn,intfloat/multilingual-e5-large,0.9688749780671376
dan_Latn,lim_Latn,Alibaba-NLP/gte-multilingual-base,0.968842849647928
ben_Beng,ibo_Latn,intfloat/multilingual-e5-large,0.9688244602157444
arb_Arab,tat_Cyrl,Alibaba-NLP/gte-multilingual-base,0.9687468949777134
hrv_Latn,som_Latn,intfloat/multilingual-e5-large,0.968721630452881
mar_Deva,srd_Latn,Alibaba-NLP/gte-multilingual-base,0.968712906046157
pol_Latn,tat_Cyrl,Alibaba-NLP/gte-multilingual-base,0.9686724370271802
bul_Cyrl,scn_Latn,Alibaba-NLP/gte-multilingual-base,0.9686657247754956
srd_Latn,slk_Latn,jinaai/jina-embeddings-v3,0.9686653614244368
slk_Latn,sun_Latn,intfloat/multilingual-e5-large,0.9685746946177964
cat_Latn,hau_Latn,intfloat/multilingual-e5-large,0.9685738023383854
sin_Sinh,som_Latn,intfloat/multilingual-e5-large,0.9685572396911708
eng_Latn,min_Latn,intfloat/multilingual-e5-large,0.9685486954574506
deu_Latn,lin_Latn,intfloat/multilingual-e5-large,0.9685473096293252
hat_Latn,mar_Deva,intfloat/multilingual-e5-large,0.9685300805747008
slv_Latn,srd_Latn,Alibaba-NLP/gte-multilingual-base,0.9685217648196112
rus_Cyrl,sna_Latn,intfloat/multilingual-e5-large,0.9685056699836432
ben_Beng,tgk_Cyrl,Alibaba-NLP/gte-multilingual-base,0.9685017399846428
eng_Latn,tsn_Latn,intfloat/multilingual-e5-large,0.9684966879349168
por_Latn,som_Latn,intfloat/multilingual-e5-large,0.9684491586924872
fra_Latn,hau_Latn,intfloat/multilingual-e5-large,0.9684364531681364
hat_Latn,xho_Latn,intfloat/multilingual-e5-large,0.9684244788963184
ceb_Latn,hau_Latn,intfloat/multilingual-e5-large,0.9683902767799192
ary_Arab,urd_Arab,jinaai/jina-embeddings-v3,0.9683698396940617
heb_Hebr,bak_Cyrl,intfloat/multilingual-e5-large,0.9683498684937304
spa_Latn,kin_Latn,intfloat/multilingual-e5-large,0.968294208762294
slk_Latn,xho_Latn,Alibaba-NLP/gte-multilingual-base,0.9682885264049452
ary_Arab,isl_Latn,jinaai/jina-embeddings-v3,0.9682729499199512
ibo_Latn,nso_Latn,intfloat/multilingual-e5-large,0.968239427702456
ell_Grek,nya_Latn,intfloat/multilingual-e5-large,0.9682170184887576
lin_Latn,nya_Latn,intfloat/multilingual-e5-large,0.9681816350404444
azj_Latn,gle_Latn,intfloat/multilingual-e5-large,0.9681781961263788
kin_Latn,sna_Latn,intfloat/multilingual-e5-large,0.9681453089655828
kin_Latn,lin_Latn,intfloat/multilingual-e5-large,0.968136789824541
ell_Grek,gle_Latn,jinaai/jina-embeddings-v3,0.9681289976126932
ces_Latn,hat_Latn,intfloat/multilingual-e5-large,0.9680886339422908
eng_Latn,ibo_Latn,intfloat/multilingual-e5-large,0.9680765323850284
slv_Latn,zul_Latn,intfloat/multilingual-e5-large,0.9680634710216685
bul_Cyrl,hau_Latn,intfloat/multilingual-e5-large,0.9680028762459604
glg_Latn,hau_Latn,intfloat/multilingual-e5-large,0.9679902558111834
spa_Latn,scn_Latn,intfloat/multilingual-e5-large,0.9679856690412204
ilo_Latn,jav_Latn,intfloat/multilingual-e5-large,0.9679794677183364
afr_Latn,ssw_Latn,intfloat/multilingual-e5-large,0.9679729592773072
ibo_Latn,zul_Latn,intfloat/multilingual-e5-large,0.9679266923477696
run_Latn,sot_Latn,intfloat/multilingual-e5-large,0.967923029116564
srd_Latn,nob_Latn,jinaai/jina-embeddings-v5-text-small,0.9678723668032436
pol_Latn,srd_Latn,Alibaba-NLP/gte-multilingual-base,0.9678023917975382
isl_Latn,nya_Latn,intfloat/multilingual-e5-large,0.9677731679935632
glg_Latn,ilo_Latn,intfloat/multilingual-e5-large,0.9677458836141556
eng_Latn,lin_Latn,intfloat/multilingual-e5-large,0.967714240705734
hrv_Latn,srd_Latn,intfloat/multilingual-e5-large,0.967702952336322
fra_Latn,kmr_Latn,jinaai/jina-embeddings-v3,0.9676513118169128
kat_Geor,nya_Latn,intfloat/multilingual-e5-large,0.967584406867281
mar_Deva,tgk_Cyrl,Alibaba-NLP/gte-multilingual-base,0.9675803597865312
dan_Latn,sna_Latn,intfloat/multilingual-e5-large,0.9675613994042848
gle_Latn,hne_Deva,intfloat/multilingual-e5-large,0.9675489730776728
ita_Latn,lim_Latn,Alibaba-NLP/gte-multilingual-base,0.9675344671710102
gle_Latn,uzn_Latn,intfloat/multilingual-e5-large,0.9675299463429362
ceb_Latn,swe_Latn,intfloat/multilingual-e5-large,0.9675259623475356
vec_Latn,srd_Latn,intfloat/multilingual-e5-large,0.9675243537896492
ell_Grek,tat_Cyrl,Alibaba-NLP/gte-multilingual-base,0.9675062877588452
hat_Latn,jav_Latn,intfloat/multilingual-e5-large,0.967484142630433
hye_Armn,nya_Latn,intfloat/multilingual-e5-large,0.9674691020475036
eng_Latn,ban_Latn,intfloat/multilingual-e5-large,0.9674569406174974
ces_Latn,srd_Latn,Alibaba-NLP/gte-multilingual-base,0.9674028657039137
ces_Latn,scn_Latn,Alibaba-NLP/gte-multilingual-base,0.9673176184725096
bel_Cyrl,nya_Latn,intfloat/multilingual-e5-large,0.9672808864928946
epo_Latn,kin_Latn,intfloat/multilingual-e5-large,0.967261524012806
kmr_Latn,zho_Hant,jinaai/jina-embeddings-v3,0.9672091814948784
hun_Latn,bak_Cyrl,intfloat/multilingual-e5-large,0.967193682633406
jav_Latn,pol_Latn,intfloat/multilingual-e5-large,0.9671825819405148
bul_Cyrl,lim_Latn,Alibaba-NLP/gte-multilingual-base,0.9671764027713226
eng_Latn,bak_Cyrl,intfloat/multilingual-e5-large,0.9671668154703148
hau_Latn,nso_Latn,intfloat/multilingual-e5-large,0.967132407274723
heb_Hebr,srd_Latn,Alibaba-NLP/gte-multilingual-base,0.9671258391367088
fra_Latn,lmo_Latn,Alibaba-NLP/gte-multilingual-base,0.9671201239231484
fin_Latn,fur_Latn,Alibaba-NLP/gte-multilingual-base,0.967115858574021
ary_Arab,lit_Latn,jinaai/jina-embeddings-v3,0.9670711766917516
ces_Latn,gle_Latn,jinaai/jina-embeddings-v3,0.9670676145249646
ces_Latn,bak_Cyrl,Alibaba-NLP/gte-multilingual-base,0.9670214167336406
amh_Ethi,sun_Latn,intfloat/multilingual-e5-large,0.96698916017656
mlt_Latn,rus_Cyrl,intfloat/multilingual-e5-large,0.9669872370476806
sun_Latn,tur_Latn,jinaai/jina-embeddings-v5-text-small,0.9669657376693728
hrv_Latn,kmr_Latn,jinaai/jina-embeddings-v3,0.9668792418153032
ces_Latn,kmr_Latn,jinaai/jina-embeddings-v3,0.9668491312297612
slv_Latn,tat_Cyrl,Alibaba-NLP/gte-multilingual-base,0.96683916286254
fin_Latn,gle_Latn,jinaai/jina-embeddings-v3,0.96680894956552
por_Latn,hau_Latn,intfloat/multilingual-e5-large,0.966751029759137
ceb_Latn,hun_Latn,intfloat/multilingual-e5-large,0.966734488020466
eus_Latn,srd_Latn,intfloat/multilingual-e5-large,0.966723775418901
nya_Latn,tsn_Latn,intfloat/multilingual-e5-large,0.9667011313897562
guj_Gujr,tgk_Cyrl,Alibaba-NLP/gte-multilingual-base,0.9666983523121162
ces_Latn,sun_Latn,jinaai/jina-embeddings-v5-text-small,0.9666799411863234
cym_Latn,hau_Latn,intfloat/multilingual-e5-large,0.9666527720159958
bel_Cyrl,kmr_Latn,jinaai/jina-embeddings-v3,0.9666032255451726
hrv_Latn,scn_Latn,intfloat/multilingual-e5-large,0.9665632273880792
ron_Latn,kin_Latn,intfloat/multilingual-e5-large,0.9665627262350236
sun_Latn,ukr_Cyrl,jinaai/jina-embeddings-v5-text-small,0.9664801226860742
ell_Grek,sna_Latn,intfloat/multilingual-e5-large,0.966470077755244
bak_Cyrl,eng_Latn,intfloat/multilingual-e5-large,0.9663665000864656
srd_Latn,deu_Latn,jinaai/jina-embeddings-v3,0.9663581944034996
hau_Latn,sot_Latn,intfloat/multilingual-e5-large,0.966351502737663
lvs_Latn,srd_Latn,intfloat/multilingual-e5-large,0.9663141384607586
run_Latn,sna_Latn,intfloat/multilingual-e5-large,0.9663111192942522
arz_Arab,xho_Latn,intfloat/multilingual-e5-large,0.9663053430257345
por_Latn,ilo_Latn,intfloat/multilingual-e5-large,0.9662972449343408
ceb_Latn,srd_Latn,intfloat/multilingual-e5-large,0.9662539650376252
fin_Latn,nya_Latn,intfloat/multilingual-e5-large,0.9661688100546796
deu_Latn,tsn_Latn,intfloat/multilingual-e5-large,0.9660930009606282
kin_Latn,nya_Latn,intfloat/multilingual-e5-large,0.96603658424874
ces_Latn,lim_Latn,Alibaba-NLP/gte-multilingual-base,0.9660171398083192
ell_Grek,kmr_Latn,jinaai/jina-embeddings-v3,0.9659891497391496
ltz_Latn,mar_Deva,intfloat/multilingual-e5-large,0.965953149302583
srd_Latn,por_Latn,jinaai/jina-embeddings-v3,0.9659139925497494
deu_Latn,kin_Latn,intfloat/multilingual-e5-large,0.9658705987693812
lit_Latn,swh_Latn,intfloat/multilingual-e5-large,0.9658554782323666
ceb_Latn,dan_Latn,intfloat/multilingual-e5-large,0.965814650118116
afr_Latn,hau_Latn,intfloat/multilingual-e5-large,0.965802092877826
hun_Latn,kin_Latn,intfloat/multilingual-e5-large,0.965782274260816
lvs_Latn,som_Latn,intfloat/multilingual-e5-large,0.9657412341767906
xho_Latn,por_Latn,intfloat/multilingual-e5-large,0.9656909339719192
eng_Latn,hau_Latn,intfloat/multilingual-e5-large,0.96568383231785
deu_Latn,lim_Latn,Alibaba-NLP/gte-multilingual-base,0.9656775266611408
fin_Latn,kmr_Latn,jinaai/jina-embeddings-v3,0.9656361856935852
srd_Latn,ind_Latn,jinaai/jina-embeddings-v3,0.965632025239935
ltz_Latn,urd_Arab,intfloat/multilingual-e5-large,0.9655912490430978
srd_Latn,swe_Latn,jinaai/jina-embeddings-v3,0.9655670943311364
fra_Latn,lim_Latn,Alibaba-NLP/gte-multilingual-base,0.9655101447558344
sun_Latn,swe_Latn,jinaai/jina-embeddings-v5-text-small,0.965497429264926
ceb_Latn,smo_Latn,intfloat/multilingual-e5-large,0.9654093898708525
slv_Latn,xho_Latn,intfloat/multilingual-e5-large,0.9653645392858244
srd_Latn,srp_Cyrl,jinaai/jina-embeddings-v3,0.9653019156794408
kor_Hang,xho_Latn,intfloat/multilingual-e5-large,0.96529645902511
lim_Latn,nld_Latn,jinaai/jina-embeddings-v3,0.9652901826924252
asm_Beng,gle_Latn,intfloat/multilingual-e5-large,0.9652817998214416
ind_Latn,lim_Latn,Alibaba-NLP/gte-multilingual-base,0.965231797896536
hat_Latn,zul_Latn,intfloat/multilingual-e5-large,0.9652159457656568
ltz_Latn,por_Latn,intfloat/multilingual-e5-large,0.9652039150313592
amh_Ethi,hat_Latn,intfloat/multilingual-e5-large,0.9651626428710824
sun_Latn,tha_Thai,jinaai/jina-embeddings-v5-text-small,0.9651551478765472
deu_Latn,hau_Latn,intfloat/multilingual-e5-large,0.9651368060967294
som_Latn,als_Latn,intfloat/multilingual-e5-large,0.9651231853095044
est_Latn,srd_Latn,Alibaba-NLP/gte-multilingual-base,0.9651149976699268
hye_Armn,tgk_Cyrl,Alibaba-NLP/gte-multilingual-base,0.965105681185772
lim_Latn,swe_Latn,jinaai/jina-embeddings-v3,0.9650844508899052
fao_Latn,zho_Hans,jinaai/jina-embeddings-v3,0.9650842057475612
deu_Latn,ibo_Latn,intfloat/multilingual-e5-large,0.9650682771334944
slv_Latn,tgk_Cyrl,Alibaba-NLP/gte-multilingual-base,0.9650626742233344
fin_Latn,srd_Latn,Alibaba-NLP/gte-multilingual-base,0.965058566167167
ita_Latn,kin_Latn,intfloat/multilingual-e5-large,0.9650343970008456
fur_Latn,srd_Latn,intfloat/multilingual-e5-large,0.9650249293197796
sna_Latn,tel_Telu,intfloat/multilingual-e5-large,0.9648337360478014
ibo_Latn,als_Latn,intfloat/multilingual-e5-large,0.9648179223477592
afr_Latn,som_Latn,intfloat/multilingual-e5-large,0.9647847759356364
fur_Latn,por_Latn,intfloat/multilingual-e5-large,0.9647196452124772
kin_Latn,fra_Latn,intfloat/multilingual-e5-large,0.9647092815315522
hat_Latn,kat_Geor,intfloat/multilingual-e5-large,0.964625254933474
srd_Latn,ces_Latn,jinaai/jina-embeddings-v3,0.9646129703953048
srd_Latn,tur_Latn,jinaai/jina-embeddings-v3,0.9645806150303596
mkd_Cyrl,som_Latn,intfloat/multilingual-e5-large,0.964559446735202
dan_Latn,ibo_Latn,intfloat/multilingual-e5-large,0.9645270927611412
srd_Latn,mkd_Cyrl,jinaai/jina-embeddings-v3,0.9644800179733748
nld_Latn,bak_Cyrl,intfloat/multilingual-e5-large,0.9644721763781186
spa_Latn,hau_Latn,intfloat/multilingual-e5-large,0.9644704592609644
ben_Beng,sna_Latn,intfloat/multilingual-e5-large,0.9644662758201286
pap_Latn,rus_Cyrl,intfloat/multilingual-e5-large,0.9644501881356866
mkd_Cyrl,srd_Latn,intfloat/multilingual-e5-large,0.9644466257288238
kor_Hang,swh_Latn,Alibaba-NLP/gte-multilingual-base,0.9644458662578184
hau_Latn,zsm_Latn,intfloat/multilingual-e5-large,0.9644373115958887
mkd_Cyrl,tgk_Cyrl,Alibaba-NLP/gte-multilingual-base,0.9644071554884344
som_Latn,xho_Latn,intfloat/multilingual-e5-large,0.9643583726285924
sun_Latn,vie_Latn,jinaai/jina-embeddings-v5-text-small,0.9643242395885891
kor_Hang,ltz_Latn,intfloat/multilingual-e5-large,0.9643192812750484
sna_Latn,tsn_Latn,intfloat/multilingual-e5-large,0.9642917564405692
kin_Latn,tsn_Latn,intfloat/multilingual-e5-large,0.9642827078685468
spa_Latn,bak_Cyrl,intfloat/multilingual-e5-large,0.964240472108062
ben_Beng,hau_Latn,intfloat/multilingual-e5-large,0.9642287691093188
ita_Latn,hau_Latn,intfloat/multilingual-e5-large,0.9642269491611066
nya_Latn,tam_Taml,intfloat/multilingual-e5-large,0.9642202025585808
srp_Cyrl,tgk_Cyrl,Alibaba-NLP/gte-multilingual-base,0.96421463589697
amh_Ethi,kmr_Latn,jinaai/jina-embeddings-v3,0.9641976491328388
heb_Hebr,scn_Latn,Alibaba-NLP/gte-multilingual-base,0.9641772506149976
ceb_Latn,ell_Grek,intfloat/multilingual-e5-large,0.9641061286441404
amh_Ethi,luo_Latn,Alibaba-NLP/gte-multilingual-base,0.964019339762584
ceb_Latn,nob_Latn,intfloat/multilingual-e5-large,0.9639722985958132
sna_Latn,swh_Latn,intfloat/multilingual-e5-large,0.9639163761505232
srd_Latn,sin_Sinh,Alibaba-NLP/gte-multilingual-base,0.963854063854064
ind_Latn,scn_Latn,Alibaba-NLP/gte-multilingual-base,0.9638430415842846
ind_Latn,kin_Latn,intfloat/multilingual-e5-large,0.9638243157504968
spa_Latn,lim_Latn,Alibaba-NLP/gte-multilingual-base,0.9637574394847038
lit_Latn,xho_Latn,intfloat/multilingual-e5-large,0.9637297317650524
kor_Hang,kmr_Latn,jinaai/jina-embeddings-v3,0.96370442171771
srd_Latn,dan_Latn,jinaai/jina-embeddings-v5-text-small,0.963608805231785
kor_Hang,fur_Latn,Alibaba-NLP/gte-multilingual-base,0.9636063071819292
afr_Latn,run_Latn,intfloat/multilingual-e5-large,0.9635993329321776
fur_Latn,ita_Latn,jinaai/jina-embeddings-v3,0.9635937730471018
eng_Latn,run_Latn,intfloat/multilingual-e5-large,0.9635893781255204
eng_Latn,som_Latn,intfloat/multilingual-e5-large,0.9635801064877152
eng_Latn,kin_Latn,intfloat/multilingual-e5-large,0.9635730884606172
fra_Latn,tum_Latn,intfloat/multilingual-e5-large,0.9635695574960816
nya_Latn,tel_Telu,intfloat/multilingual-e5-large,0.9635515830437736
srd_Latn,ukr_Cyrl,jinaai/jina-embeddings-v3,0.9635253610307264
som_Latn,zul_Latn,intfloat/multilingual-e5-large,0.963512894403166
fur_Latn,urd_Arab,intfloat/multilingual-e5-large,0.9634991460319732
nno_Latn,tgk_Cyrl,Alibaba-NLP/gte-multilingual-base,0.963486325330228
amh_Ethi,som_Latn,intfloat/multilingual-e5-large,0.9634286019013604
srd_Latn,nld_Latn,jinaai/jina-embeddings-v3,0.9634142442503256
als_Latn,tgk_Cyrl,Alibaba-NLP/gte-multilingual-base,0.9633860454107273
hau_Latn,jav_Latn,intfloat/multilingual-e5-large,0.963370838416491
npi_Deva,kin_Latn,intfloat/multilingual-e5-large,0.9633459696933308
deu_Latn,tgk_Cyrl,Alibaba-NLP/gte-multilingual-base,0.963308900438482
jpn_Jpan,ltz_Latn,Alibaba-NLP/gte-multilingual-base,0.963296074409616
heb_Hebr,sna_Latn,intfloat/multilingual-e5-large,0.9632892549727486
kmr_Latn,zho_Hans,jinaai/jina-embeddings-v3,0.963266986636552
ita_Latn,som_Latn,intfloat/multilingual-e5-large,0.9632455517500896
jpn_Jpan,zul_Latn,intfloat/multilingual-e5-large,0.9632362425534596
hun_Latn,lim_Latn,Alibaba-NLP/gte-multilingual-base,0.9630830489662662
jpn_Jpan,sun_Latn,intfloat/multilingual-e5-large,0.963064435627306
pap_Latn,vie_Latn,intfloat/multilingual-e5-large,0.9630180915507004
ceb_Latn,pol_Latn,intfloat/multilingual-e5-large,0.963005031340056
hat_Latn,npi_Deva,intfloat/multilingual-e5-large,0.9629651084400124
lvs_Latn,tgk_Cyrl,Alibaba-NLP/gte-multilingual-base,0.9629646064148616
spa_Latn,lmo_Latn,Alibaba-NLP/gte-multilingual-base,0.962915903745409
fra_Latn,ilo_Latn,intfloat/multilingual-e5-large,0.9629088108011956
lin_Latn,tsn_Latn,intfloat/multilingual-e5-large,0.9629025516893868
srd_Latn,hrv_Latn,intfloat/multilingual-e5-large,0.96288250082288
hrv_Latn,kin_Latn,intfloat/multilingual-e5-large,0.9628565351505854
lim_Latn,fra_Latn,jinaai/jina-embeddings-v3,0.9627896409411936
srd_Latn,rus_Cyrl,jinaai/jina-embeddings-v3,0.9627502109238806
spa_Latn,kmr_Latn,jinaai/jina-embeddings-v3,0.9627315376230134
ita_Latn,tgk_Cyrl,Alibaba-NLP/gte-multilingual-base,0.962701839465398
som_Latn,tgl_Latn,intfloat/multilingual-e5-large,0.962654552219106
kaz_Cyrl,som_Latn,intfloat/multilingual-e5-large,0.9626340166387958
pan_Guru,tgk_Cyrl,Alibaba-NLP/gte-multilingual-base,0.9625992397433216
afr_Latn,lim_Latn,Alibaba-NLP/gte-multilingual-base,0.9625659845077738
khk_Cyrl,sun_Latn,intfloat/multilingual-e5-large,0.9624770375319304
hye_Armn,som_Latn,intfloat/multilingual-e5-large,0.9624662901670088
fur_Latn,xho_Latn,intfloat/multilingual-e5-large,0.9624298824052292
lim_Latn,ron_Latn,jinaai/jina-embeddings-v3,0.9624063215134856
hrv_Latn,lim_Latn,Alibaba-NLP/gte-multilingual-base,0.962389102173557
hau_Latn,nya_Latn,intfloat/multilingual-e5-large,0.9621989758949244
dan_Latn,bak_Cyrl,Alibaba-NLP/gte-multilingual-base,0.9621589915484235
est_Latn,lim_Latn,Alibaba-NLP/gte-multilingual-base,0.9621395309249804
afr_Latn,ibo_Latn,intfloat/multilingual-e5-large,0.9621328892617458
afr_Latn,tso_Latn,intfloat/multilingual-e5-large,0.9621268116480972
ces_Latn,nya_Latn,Alibaba-NLP/gte-multilingual-base,0.9621061333264892
hun_Latn,ibo_Latn,intfloat/multilingual-e5-large,0.9620168455475652
tel_Telu,tgk_Cyrl,Alibaba-NLP/gte-multilingual-base,0.9619811476012504
ell_Grek,kin_Latn,intfloat/multilingual-e5-large,0.9619553942139608
slk_Latn,srd_Latn,Alibaba-NLP/gte-multilingual-base,0.9619501390018343
srd_Latn,eus_Latn,jinaai/jina-embeddings-v3,0.9618836521757576
kaz_Cyrl,tgk_Cyrl,Alibaba-NLP/gte-multilingual-base,0.961867211508398
fur_Latn,spa_Latn,intfloat/multilingual-e5-large,0.9618572504531964
fur_Latn,hrv_Latn,intfloat/multilingual-e5-large,0.9618318996195306
hin_Deva,ibo_Latn,intfloat/multilingual-e5-large,0.9618107658484656
dan_Latn,tgk_Cyrl,Alibaba-NLP/gte-multilingual-base,0.9617950145947102
mal_Mlym,som_Latn,intfloat/multilingual-e5-large,0.9617617928622318
rus_Cyrl,srd_Latn,intfloat/multilingual-e5-large,0.9617549278062149
pol_Latn,bak_Cyrl,intfloat/multilingual-e5-large,0.96171270584152
srd_Latn,pol_Latn,jinaai/jina-embeddings-v3,0.9616945306861436
fin_Latn,bak_Cyrl,intfloat/multilingual-e5-large,0.9616710449930852
hin_Deva,kin_Latn,intfloat/multilingual-e5-large,0.9616595064779516
isl_Latn,kmr_Latn,jinaai/jina-embeddings-v3,0.9616463275825886
ita_Latn,kmr_Latn,jinaai/jina-embeddings-v3,0.9616211967928866
deu_Latn,som_Latn,intfloat/multilingual-e5-large,0.9615854828138714
kor_Hang,tat_Cyrl,Alibaba-NLP/gte-multilingual-base,0.96157527232262
eng_Latn,scn_Latn,intfloat/multilingual-e5-large,0.9615079539157406
swh_Latn,ukr_Cyrl,jinaai/jina-embeddings-v3,0.9614993527410748
ltz_Latn,tel_Telu,intfloat/multilingual-e5-large,0.9614934781877772
hin_Deva,lim_Latn,Alibaba-NLP/gte-multilingual-base,0.9614826006683086
spa_Latn,som_Latn,intfloat/multilingual-e5-large,0.96148157849797
dan_Latn,hau_Latn,intfloat/multilingual-e5-large,0.9614657102752444
lim_Latn,spa_Latn,jinaai/jina-embeddings-v3,0.9614506305466728
jav_Latn,zho_Hant,intfloat/multilingual-e5-large,0.96141355523894
ell_Grek,ibo_Latn,intfloat/multilingual-e5-large,0.9614091335250676
ceb_Latn,est_Latn,intfloat/multilingual-e5-large,0.9613767264790506
kan_Knda,som_Latn,intfloat/multilingual-e5-large,0.9613747103804312
nso_Latn,som_Latn,intfloat/multilingual-e5-large,0.9613077031263104
nno_Latn,kin_Latn,intfloat/multilingual-e5-large,0.9613010753354198
deu_Latn,lmo_Latn,Alibaba-NLP/gte-multilingual-base,0.9612812178938276
plt_Latn,zsm_Latn,intfloat/multilingual-e5-large,0.961264980283945
ita_Latn,ilo_Latn,intfloat/multilingual-e5-large,0.9612488057027778
jav_Latn,srd_Latn,intfloat/multilingual-e5-large,0.9612486616933136
fur_Latn,swe_Latn,jinaai/jina-embeddings-v5-text-small,0.9612199589291168
nld_Latn,srd_Latn,intfloat/multilingual-e5-large,0.9611738662203734
lit_Latn,sun_Latn,intfloat/multilingual-e5-large,0.9611608840423956
jpn_Jpan,xho_Latn,Alibaba-NLP/gte-multilingual-base,0.9611144253463278
ceb_Latn,pag_Latn,intfloat/multilingual-e5-large,0.9611143938509642
ltz_Latn,srp_Cyrl,intfloat/multilingual-e5-large,0.9610849689067356
kir_Cyrl,tgk_Cyrl,Alibaba-NLP/gte-multilingual-base,0.9610554147651844
amh_Ethi,tgk_Cyrl,Alibaba-NLP/gte-multilingual-base,0.96101673654462
ell_Grek,bak_Cyrl,intfloat/multilingual-e5-large,0.961016022496933
lit_Latn,zul_Latn,Alibaba-NLP/gte-multilingual-base,0.960982652312764
lim_Latn,ita_Latn,jinaai/jina-embeddings-v3,0.9608902228976688
kin_Latn,eng_Latn,intfloat/multilingual-e5-large,0.960880651330034
arb_Arab,lin_Latn,intfloat/multilingual-e5-large,0.9608282156538988
slv_Latn,sun_Latn,Alibaba-NLP/gte-multilingual-base,0.9608076811640648
lit_Latn,lim_Latn,Alibaba-NLP/gte-multilingual-base,0.9607819546956722
fin_Latn,scn_Latn,Alibaba-NLP/gte-multilingual-base,0.9606894282769078
ind_Latn,ilo_Latn,intfloat/multilingual-e5-large,0.9606502851159978
spa_Latn,ibo_Latn,intfloat/multilingual-e5-large,0.9606469055831248
hat_Latn,sun_Latn,intfloat/multilingual-e5-large,0.9606343430214466
lim_Latn,nob_Latn,jinaai/jina-embeddings-v3,0.9606253426793064
gle_Latn,swh_Latn,intfloat/multilingual-e5-large,0.960621415350318
hau_Latn,sin_Sinh,intfloat/multilingual-e5-large,0.960616654159199
hat_Latn,spa_Latn,intfloat/multilingual-e5-large,0.9605948908919486
ben_Beng,som_Latn,intfloat/multilingual-e5-large,0.9605550081518488
bul_Cyrl,som_Latn,intfloat/multilingual-e5-large,0.9605438775748006
ibo_Latn,sin_Sinh,intfloat/multilingual-e5-large,0.9605123822207338
lim_Latn,nno_Latn,jinaai/jina-embeddings-v3,0.96050630741702
spa_Latn,ilo_Latn,intfloat/multilingual-e5-large,0.9603969062719832
nya_Latn,swh_Latn,intfloat/multilingual-e5-large,0.9603886400485626
hau_Latn,urd_Arab,intfloat/multilingual-e5-large,0.9603806522525918
xho_Latn,ind_Latn,intfloat/multilingual-e5-large,0.960281326356366
ibo_Latn,nya_Latn,intfloat/multilingual-e5-large,0.9602635954969606
hau_Latn,swh_Latn,intfloat/multilingual-e5-large,0.960255881177265
ell_Grek,scn_Latn,Alibaba-NLP/gte-multilingual-base,0.9602500266531888
srd_Latn,vie_Latn,jinaai/jina-embeddings-v3,0.9601973579084104
fur_Latn,nob_Latn,jinaai/jina-embeddings-v5-text-small,0.9601566342867977
som_Latn,urd_Arab,intfloat/multilingual-e5-large,0.9601246456321388
srd_Latn,kat_Geor,intfloat/multilingual-e5-large,0.9600850726197524
swe_Latn,tgk_Cyrl,Alibaba-NLP/gte-multilingual-base,0.9600819070396104
azj_Latn,srd_Latn,Alibaba-NLP/gte-multilingual-base,0.9600502428001184
pol_Latn,sna_Latn,intfloat/multilingual-e5-large,0.9600158428236576
hat_Latn,kan_Knda,intfloat/multilingual-e5-large,0.959949103523648
cat_Latn,lim_Latn,Alibaba-NLP/gte-multilingual-base,0.9599485389055844
srd_Latn,hin_Deva,jinaai/jina-embeddings-v3,0.9599273866896192
ces_Latn,tgk_Cyrl,Alibaba-NLP/gte-multilingual-base,0.95990854638626
ron_Latn,som_Latn,intfloat/multilingual-e5-large,0.9599029335451232
jpn_Jpan,swh_Latn,Alibaba-NLP/gte-multilingual-base,0.959852960940324
eus_Latn,hau_Latn,intfloat/multilingual-e5-large,0.9598419004939128
lim_Latn,ukr_Cyrl,jinaai/jina-embeddings-v3,0.9598166409081468
mlt_Latn,swe_Latn,intfloat/multilingual-e5-large,0.9598163664305472
hau_Latn,mar_Deva,intfloat/multilingual-e5-large,0.959801374803335
azj_Latn,tgk_Cyrl,Alibaba-NLP/gte-multilingual-base,0.9597893603656716
lim_Latn,ind_Latn,jinaai/jina-embeddings-v3,0.9597765937521184
bel_Cyrl,hau_Latn,intfloat/multilingual-e5-large,0.9597070788436372
ltz_Latn,mal_Mlym,intfloat/multilingual-e5-large,0.959690587549584
kat_Geor,tgk_Cyrl,Alibaba-NLP/gte-multilingual-base,0.959657009085716
bjn_Latn,por_Latn,jinaai/jina-embeddings-v5-text-small,0.9596569434239932
ibo_Latn,tam_Taml,intfloat/multilingual-e5-large,0.9596029153275922
ell_Grek,srd_Latn,intfloat/multilingual-e5-large,0.95958159123497
srd_Latn,fin_Latn,jinaai/jina-embeddings-v3,0.9595731521130204
lim_Latn,por_Latn,jinaai/jina-embeddings-v3,0.9595563022380916
ben_Beng,tat_Cyrl,intfloat/multilingual-e5-large,0.9595406578559402
tat_Cyrl,uig_Arab,intfloat/multilingual-e5-large,0.9595270620015824
bul_Cyrl,ibo_Latn,intfloat/multilingual-e5-large,0.9595226907479872
hrv_Latn,ilo_Latn,intfloat/multilingual-e5-large,0.9594676471017012
pap_Latn,swe_Latn,jinaai/jina-embeddings-v5-text-small,0.9594292736394175
mya_Mymr,xho_Latn,intfloat/multilingual-e5-large,0.9593479345490138
jav_Latn,tha_Thai,jinaai/jina-embeddings-v5-text-nano,0.95932732989767
sna_Latn,tso_Latn,intfloat/multilingual-e5-large,0.9593216602872064
fur_Latn,ron_Latn,jinaai/jina-embeddings-v5-text-small,0.9593075571606215
khk_Cyrl,tgk_Cyrl,Alibaba-NLP/gte-multilingual-base,0.9593049517456632
hin_Deva,som_Latn,intfloat/multilingual-e5-large,0.9592855990726642
srd_Latn,ltz_Latn,intfloat/multilingual-e5-large,0.959245733764876
heb_Hebr,lim_Latn,Alibaba-NLP/gte-multilingual-base,0.9591721914020928
fin_Latn,sna_Latn,intfloat/multilingual-e5-large,0.9591182971617754
khm_Khmr,swh_Latn,Alibaba-NLP/gte-multilingual-base,0.9590058493285804
eus_Latn,ilo_Latn,intfloat/multilingual-e5-large,0.9589657643983076
lim_Latn,srp_Cyrl,jinaai/jina-embeddings-v3,0.9589469891672132
amh_Ethi,lug_Latn,Alibaba-NLP/gte-multilingual-base,0.9589022707517438
hat_Latn,khk_Cyrl,intfloat/multilingual-e5-large,0.958833824538233
mlt_Latn,lvs_Latn,intfloat/multilingual-e5-large,0.9588131934583656
fra_Latn,kon_Latn,intfloat/multilingual-e5-large,0.9588039854681232
ibo_Latn,mar_Deva,intfloat/multilingual-e5-large,0.9587974353983988
jav_Latn,slk_Latn,jinaai/jina-embeddings-v5-text-small,0.9587235489086507
nya_Latn,tum_Latn,intfloat/multilingual-e5-large,0.9586478242058272
hun_Latn,tgk_Cyrl,Alibaba-NLP/gte-multilingual-base,0.958584401776287
ceb_Latn,nld_Latn,intfloat/multilingual-e5-large,0.958584095326907
kor_Hang,srd_Latn,Alibaba-NLP/gte-multilingual-base,0.9585418206521398
srd_Latn,mar_Deva,intfloat/multilingual-e5-large,0.9584842821484332
som_Latn,sot_Latn,intfloat/multilingual-e5-large,0.9584842731735442
srd_Latn,jav_Latn,intfloat/multilingual-e5-large,0.9584728501508092
bel_Cyrl,srd_Latn,Alibaba-NLP/gte-multilingual-base,0.9584553174598942
pap_Latn,slk_Latn,jinaai/jina-embeddings-v5-text-small,0.9583803852474146
lim_Latn,hrv_Latn,jinaai/jina-embeddings-v3,0.9583646060249624
gle_Latn,zho_Hans,jinaai/jina-embeddings-v3,0.958348667187361
heb_Hebr,tgk_Cyrl,Alibaba-NLP/gte-multilingual-base,0.9583344286512866
mya_Mymr,zul_Latn,intfloat/multilingual-e5-large,0.958319653411638
lit_Latn,tgk_Cyrl,Alibaba-NLP/gte-multilingual-base,0.958287711998849
srd_Latn,slv_Latn,jinaai/jina-embeddings-v3,0.9582875231102644
isl_Latn,srd_Latn,Alibaba-NLP/gte-multilingual-base,0.9582725812965652
srd_Latn,hun_Latn,jinaai/jina-embeddings-v3,0.9581959292985834
lim_Latn,slk_Latn,jinaai/jina-embeddings-v3,0.958183798739748
srd_Latn,lit_Latn,jinaai/jina-embeddings-v3,0.9581771616578696
nya_Latn,tso_Latn,intfloat/multilingual-e5-large,0.958172886887918
tam_Taml,tgk_Cyrl,Alibaba-NLP/gte-multilingual-base,0.9581128562765237
ban_Latn,eng_Latn,intfloat/multilingual-e5-large,0.958069738986678
slk_Latn,tgk_Cyrl,Alibaba-NLP/gte-multilingual-base,0.9580678755258796
lit_Latn,srd_Latn,Alibaba-NLP/gte-multilingual-base,0.9580295658230852
ibo_Latn,jav_Latn,intfloat/multilingual-e5-large,0.9579815750777212
srd_Latn,lvs_Latn,jinaai/jina-embeddings-v3,0.9579695618460492
lin_Latn,sna_Latn,intfloat/multilingual-e5-large,0.9579663154047398
srd_Latn,ell_Grek,jinaai/jina-embeddings-v3,0.957937143738758
hun_Latn,hau_Latn,intfloat/multilingual-e5-large,0.9579260651723333
kin_Latn,tso_Latn,intfloat/multilingual-e5-large,0.9579246499224596
fra_Latn,kik_Latn,intfloat/multilingual-e5-large,0.9579230342568246
sun_Latn,zho_Hant,jinaai/jina-embeddings-v5-text-small,0.9578425434447518
khm_Khmr,xho_Latn,Alibaba-NLP/gte-multilingual-base,0.9577761063199558
bak_Cyrl,fra_Latn,intfloat/multilingual-e5-large,0.9577755029048994
isl_Latn,sna_Latn,intfloat/multilingual-e5-large,0.957735392777286
jav_Latn,ukr_Cyrl,jinaai/jina-embeddings-v5-text-small,0.957662829718738
amh_Ethi,tsn_Latn,intfloat/multilingual-e5-large,0.9575140040631128
heb_Hebr,kin_Latn,intfloat/multilingual-e5-large,0.9574980993403662
zul_Latn,ron_Latn,intfloat/multilingual-e5-large,0.9574776540384952
pap_Latn,tur_Latn,jinaai/jina-embeddings-v5-text-small,0.957417689614004
lim_Latn,slv_Latn,jinaai/jina-embeddings-v3,0.9574031737086186
fur_Latn,mal_Mlym,intfloat/multilingual-e5-large,0.9573792014649516
arz_Arab,srd_Latn,Alibaba-NLP/gte-multilingual-base,0.9573689658929934
fur_Latn,slk_Latn,jinaai/jina-embeddings-v5-text-small,0.9573320148721312
srd_Latn,est_Latn,jinaai/jina-embeddings-v3,0.957326726428629
srd_Latn,nno_Latn,jinaai/jina-embeddings-v3,0.9572324024967976
eng_Latn,ssw_Latn,intfloat/multilingual-e5-large,0.9572137983386146
amh_Ethi,lin_Latn,intfloat/multilingual-e5-large,0.9571790700618584
jpn_Jpan,tgk_Cyrl,Alibaba-NLP/gte-multilingual-base,0.9571590817884738
bel_Cyrl,lim_Latn,Alibaba-NLP/gte-multilingual-base,0.9571530679010336
ast_Latn,ilo_Latn,intfloat/multilingual-e5-large,0.9570970501166152
lim_Latn,mkd_Cyrl,jinaai/jina-embeddings-v3,0.9570179147224503
fin_Latn,hau_Latn,intfloat/multilingual-e5-large,0.9569793538830416
arb_Arab,lim_Latn,Alibaba-NLP/gte-multilingual-base,0.9569266760449148
mal_Mlym,tgk_Cyrl,Alibaba-NLP/gte-multilingual-base,0.9569246634225326
kin_Latn,ssw_Latn,intfloat/multilingual-e5-large,0.956915509447138
lim_Latn,rus_Cyrl,jinaai/jina-embeddings-v3,0.9568626891629068
ceb_Latn,ces_Latn,intfloat/multilingual-e5-large,0.9568471713366188
afr_Latn,luo_Latn,Alibaba-NLP/gte-multilingual-base,0.9567932723101586
arb_Arab,tgk_Cyrl,intfloat/multilingual-e5-large,0.9567351849642808
run_Latn,swh_Latn,intfloat/multilingual-e5-large,0.9567170882108628
ssw_Latn,tsn_Latn,intfloat/multilingual-e5-large,0.9567105073322212
jpn_Jpan,srd_Latn,Alibaba-NLP/gte-multilingual-base,0.9566727596508384
eng_Latn,ilo_Latn,intfloat/multilingual-e5-large,0.9566710663504492
pbt_Arab,tgk_Cyrl,Alibaba-NLP/gte-multilingual-base,0.9566597365734972
amh_Ethi,sna_Latn,intfloat/multilingual-e5-large,0.9566539104385434
cat_Latn,tgk_Cyrl,Alibaba-NLP/gte-multilingual-base,0.9566131469525032
hau_Latn,snd_Arab,intfloat/multilingual-e5-large,0.9565598773566408
nld_Latn,ilo_Latn,intfloat/multilingual-e5-large,0.9565395424398554
ron_Latn,tgk_Cyrl,Alibaba-NLP/gte-multilingual-base,0.9565135525331772
fur_Latn,tam_Taml,intfloat/multilingual-e5-large,0.956453109280558
ibo_Latn,mal_Mlym,intfloat/multilingual-e5-large,0.9564506096096438
kir_Cyrl,som_Latn,intfloat/multilingual-e5-large,0.9564026792550264
hat_Latn,tel_Telu,intfloat/multilingual-e5-large,0.95615263098973
rus_Cyrl,kin_Latn,intfloat/multilingual-e5-large,0.9561257142305848
fur_Latn,srp_Cyrl,intfloat/multilingual-e5-large,0.9560769752505404
deu_Latn,ilo_Latn,intfloat/multilingual-e5-large,0.9560279681208396
srd_Latn,urd_Arab,intfloat/multilingual-e5-large,0.955984497034586
nob_Latn,som_Latn,intfloat/multilingual-e5-large,0.9559410353188276
ltz_Latn,nld_Latn,Alibaba-NLP/gte-multilingual-base,0.9559029827197684
hye_Armn,srd_Latn,Alibaba-NLP/gte-multilingual-base,0.9558967974457104
swh_Latn,tum_Latn,intfloat/multilingual-e5-large,0.9558684575587516
bel_Cyrl,som_Latn,intfloat/multilingual-e5-large,0.955817181098108
lmo_Latn,por_Latn,jinaai/jina-embeddings-v3,0.955769989659368
guj_Gujr,kin_Latn,intfloat/multilingual-e5-large,0.955759428204944
hau_Latn,hat_Latn,intfloat/multilingual-e5-large,0.9556620275459096
plt_Latn,war_Latn,intfloat/multilingual-e5-large,0.9556568415115846
mkd_Cyrl,lim_Latn,Alibaba-NLP/gte-multilingual-base,0.9556187681365408
afr_Latn,lug_Latn,Alibaba-NLP/gte-multilingual-base,0.9555396001921644
est_Latn,tgk_Cyrl,Alibaba-NLP/gte-multilingual-base,0.9555347947341288
hrv_Latn,tgk_Cyrl,Alibaba-NLP/gte-multilingual-base,0.9555081693668648
amh_Ethi,srd_Latn,Alibaba-NLP/gte-multilingual-base,0.9554830030826356
heb_Hebr,ibo_Latn,intfloat/multilingual-e5-large,0.955482599146826
ilo_Latn,sin_Sinh,intfloat/multilingual-e5-large,0.9553923890902756
rus_Cyrl,tgk_Cyrl,Alibaba-NLP/gte-multilingual-base,0.9552690904133634
fra_Latn,tgk_Cyrl,Alibaba-NLP/gte-multilingual-base,0.9552223771811426
srd_Latn,xho_Latn,intfloat/multilingual-e5-large,0.9551455969619638
pap_Latn,tha_Thai,jinaai/jina-embeddings-v5-text-small,0.955099585044516
ces_Latn,kin_Latn,Alibaba-NLP/gte-multilingual-base,0.9550772962876738
plt_Latn,xho_Latn,intfloat/multilingual-e5-large,0.9550671556719976
pap_Latn,ukr_Cyrl,jinaai/jina-embeddings-v5-text-small,0.9550668384939962
pol_Latn,tgk_Cyrl,Alibaba-NLP/gte-multilingual-base,0.9550446885266513
fur_Latn,deu_Latn,jinaai/jina-embeddings-v3,0.954973013069192
hin_Deva,kas_Deva,Alibaba-NLP/gte-multilingual-base,0.9549674290610431
eus_Latn,kin_Latn,intfloat/multilingual-e5-large,0.954909534527374
afr_Latn,kon_Latn,intfloat/multilingual-e5-large,0.9549081127625664
fra_Latn,tir_Ethi,Alibaba-NLP/gte-multilingual-base,0.9548673124975572
ces_Latn,sna_Latn,intfloat/multilingual-e5-large,0.954849376820968
tat_Cyrl,ukr_Cyrl,Alibaba-NLP/gte-multilingual-base,0.954845597419708
guj_Gujr,kas_Deva,Alibaba-NLP/gte-multilingual-base,0.9548322751772657
fin_Latn,tgk_Cyrl,Alibaba-NLP/gte-multilingual-base,0.9548246299507944
hat_Latn,srp_Cyrl,intfloat/multilingual-e5-large,0.9547511444792736
est_Latn,hau_Latn,intfloat/multilingual-e5-large,0.9547339014511308
por_Latn,tgk_Cyrl,Alibaba-NLP/gte-multilingual-base,0.9547215874646708
rus_Cyrl,som_Latn,intfloat/multilingual-e5-large,0.954676132731316
hat_Latn,mal_Mlym,intfloat/multilingual-e5-large,0.954649180249851
khm_Khmr,nya_Latn,Alibaba-NLP/gte-multilingual-base,0.9546359642718232
hat_Latn,swh_Latn,intfloat/multilingual-e5-large,0.9545513474951464
nya_Latn,sun_Latn,intfloat/multilingual-e5-large,0.9545413798656812
mal_Mlym,srd_Latn,intfloat/multilingual-e5-large,0.9544848215108568
bak_Cyrl,uig_Arab,intfloat/multilingual-e5-large,0.9544782272839956
ben_Beng,srd_Latn,Alibaba-NLP/gte-multilingual-base,0.9544713645296938
ell_Grek,hau_Latn,intfloat/multilingual-e5-large,0.954450643083718
eng_Latn,ltg_Latn,intfloat/multilingual-e5-large,0.9543716025421763
slk_Latn,sna_Latn,intfloat/multilingual-e5-large,0.954286671430438
fin_Latn,kin_Latn,intfloat/multilingual-e5-large,0.9542024932119784
hin_Deva,ilo_Latn,intfloat/multilingual-e5-large,0.9541580349972733
nso_Latn,por_Latn,intfloat/multilingual-e5-large,0.9541481791847368
ilo_Latn,sun_Latn,intfloat/multilingual-e5-large,0.954128321707444
sot_Latn,tum_Latn,intfloat/multilingual-e5-large,0.9539885838691012
dan_Latn,kin_Latn,intfloat/multilingual-e5-large,0.9539681847346804
pap_Latn,nld_Latn,jinaai/jina-embeddings-v5-text-small,0.9539484938303414
tsn_Latn,tso_Latn,intfloat/multilingual-e5-large,0.9539231022448844
srd_Latn,jpn_Jpan,jinaai/jina-embeddings-v3,0.9538591626804854
hat_Latn,tam_Taml,intfloat/multilingual-e5-large,0.9538269520558612
kat_Geor,som_Latn,intfloat/multilingual-e5-large,0.9538215920740056
fin_Latn,lim_Latn,Alibaba-NLP/gte-multilingual-base,0.95375314020041
nld_Latn,tgk_Cyrl,Alibaba-NLP/gte-multilingual-base,0.9537310488627676
ben_Beng,kin_Latn,intfloat/multilingual-e5-large,0.9536865552666536
azj_Latn,hau_Latn,intfloat/multilingual-e5-large,0.9536762462959392
ilo_Latn,urd_Arab,intfloat/multilingual-e5-large,0.9536100299978858
azj_Latn,som_Latn,intfloat/multilingual-e5-large,0.9536100208831252
ind_Latn,ibo_Latn,intfloat/multilingual-e5-large,0.9535915590527958
mal_Mlym,kin_Latn,intfloat/multilingual-e5-large,0.9535816297730388
bul_Cyrl,ckb_Arab,Alibaba-NLP/gte-multilingual-base,0.9535607029281844
ltz_Latn,tam_Taml,intfloat/multilingual-e5-large,0.9535452353934374
hye_Armn,ibo_Latn,intfloat/multilingual-e5-large,0.9535202131158408
glg_Latn,tgk_Cyrl,Alibaba-NLP/gte-multilingual-base,0.9534810094682948
ibo_Latn,sna_Latn,intfloat/multilingual-e5-large,0.9534524842695492
lug_Latn,zul_Latn,intfloat/multilingual-e5-large,0.9533265844465576
ces_Latn,lug_Latn,Alibaba-NLP/gte-multilingual-base,0.9533164134725036
kor_Hang,bak_Cyrl,Alibaba-NLP/gte-multilingual-base,0.9532880500431652
plt_Latn,urd_Arab,intfloat/multilingual-e5-large,0.953257278378618
lim_Latn,lvs_Latn,jinaai/jina-embeddings-v3,0.9532339186472126
fur_Latn,rus_Cyrl,jinaai/jina-embeddings-v5-text-small,0.9532230066664172
heb_Hebr,som_Latn,intfloat/multilingual-e5-large,0.9532186848752312
kin_Latn,vie_Latn,intfloat/multilingual-e5-large,0.9531958682248148
sin_Sinh,tgk_Cyrl,Alibaba-NLP/gte-multilingual-base,0.9531929430555292
hau_Latn,kat_Geor,intfloat/multilingual-e5-large,0.9530690810956542
ibo_Latn,urd_Arab,intfloat/multilingual-e5-large,0.9530173032728864
jav_Latn,slv_Latn,intfloat/multilingual-e5-large,0.9529246690315556
fur_Latn,lvs_Latn,jinaai/jina-embeddings-v5-text-small,0.9528849603098104
epo_Latn,plt_Latn,intfloat/multilingual-e5-large,0.952766719945859
afr_Latn,tir_Ethi,intfloat/multilingual-e5-large,0.9526434481182492
ceb_Latn,isl_Latn,intfloat/multilingual-e5-large,0.9525759696394506
mlt_Latn,tur_Latn,intfloat/multilingual-e5-large,0.952561074919145
run_Latn,tsn_Latn,intfloat/multilingual-e5-large,0.9525244225778406
eng_Latn,smo_Latn,intfloat/multilingual-e5-large,0.9524203785038424
eng_Latn,tum_Latn,intfloat/multilingual-e5-large,0.952419936254052
bak_Cyrl,rus_Cyrl,intfloat/multilingual-e5-large,0.95240494728904
scn_Latn,swe_Latn,jinaai/jina-embeddings-v5-text-small,0.9523700451799348
xho_Latn,spa_Latn,intfloat/multilingual-e5-large,0.9523694860883166
lim_Latn,pol_Latn,jinaai/jina-embeddings-v3,0.9523575350148414
hun_Latn,ilo_Latn,intfloat/multilingual-e5-large,0.9522787516611626
fur_Latn,vie_Latn,jinaai/jina-embeddings-v5-text-small,0.9522143221724751
hat_Latn,ind_Latn,intfloat/multilingual-e5-large,0.952201023390382
por_Latn,kin_Latn,intfloat/multilingual-e5-large,0.9521994157757256
ceb_Latn,slk_Latn,intfloat/multilingual-e5-large,0.9521843006189878
kin_Latn,som_Latn,intfloat/multilingual-e5-large,0.9521739553786056
hau_Latn,mal_Mlym,intfloat/multilingual-e5-large,0.9521319699253408
jpn_Jpan,kmr_Latn,jinaai/jina-embeddings-v3,0.9521125309822236
sun_Latn,zho_Hans,jinaai/jina-embeddings-v5-text-small,0.9520120177585062
nld_Latn,hau_Latn,intfloat/multilingual-e5-large,0.9520061077821927
ast_Latn,hau_Latn,intfloat/multilingual-e5-large,0.951992081134501
hau_Latn,por_Latn,intfloat/multilingual-e5-large,0.95195326282214
lug_Latn,xho_Latn,intfloat/multilingual-e5-large,0.9519484711287748
glg_Latn,ibo_Latn,intfloat/multilingual-e5-large,0.951912063497754
nld_Latn,kin_Latn,intfloat/multilingual-e5-large,0.9519014963262804
hau_Latn,tel_Telu,intfloat/multilingual-e5-large,0.951890910367044
jpn_Jpan,lim_Latn,Alibaba-NLP/gte-multilingual-base,0.9518534418865724
lin_Latn,swh_Latn,intfloat/multilingual-e5-large,0.951844309868316
fur_Latn,nno_Latn,jinaai/jina-embeddings-v5-text-small,0.9518077964296856
tum_Latn,xho_Latn,intfloat/multilingual-e5-large,0.9516960999239392
pol_Latn,kin_Latn,intfloat/multilingual-e5-large,0.9516876948453744
isl_Latn,lim_Latn,Alibaba-NLP/gte-multilingual-base,0.9516296017680036
heb_Hebr,hau_Latn,intfloat/multilingual-e5-large,0.9515986760622088
dan_Latn,som_Latn,intfloat/multilingual-e5-large,0.9515380000655486
hat_Latn,nya_Latn,intfloat/multilingual-e5-large,0.9515278546220644
tat_Cyrl,vie_Latn,Alibaba-NLP/gte-multilingual-base,0.9515224235579968
lim_Latn,fin_Latn,jinaai/jina-embeddings-v3,0.9515027462286926
lmo_Latn,swe_Latn,jinaai/jina-embeddings-v5-text-small,0.9514193054562884
hun_Latn,som_Latn,Alibaba-NLP/gte-multilingual-base,0.9514012784371892
fur_Latn,hin_Deva,intfloat/multilingual-e5-large,0.9513204235796562
ell_Grek,lim_Latn,Alibaba-NLP/gte-multilingual-base,0.9512381455103104
lit_Latn,nya_Latn,Alibaba-NLP/gte-multilingual-base,0.9511368478542958
jav_Latn,kor_Hang,jinaai/jina-embeddings-v5-text-small,0.9510711282651112
fur_Latn,ind_Latn,jinaai/jina-embeddings-v3,0.95104369370513
fur_Latn,ukr_Cyrl,jinaai/jina-embeddings-v5-text-small,0.951007373514316
bel_Cyrl,ibo_Latn,intfloat/multilingual-e5-large,0.9509966466420128
scn_Latn,ron_Latn,jinaai/jina-embeddings-v5-text-small,0.9509940686580184
pap_Latn,pol_Latn,jinaai/jina-embeddings-v5-text-small,0.95099273864016
swh_Latn,tir_Ethi,intfloat/multilingual-e5-large,0.9509394960014044
smo_Latn,war_Latn,intfloat/multilingual-e5-large,0.9509286815737524
hau_Latn,tsn_Latn,intfloat/multilingual-e5-large,0.9508440962968774
hau_Latn,sna_Latn,intfloat/multilingual-e5-large,0.9507570473030276
hat_Latn,ron_Latn,intfloat/multilingual-e5-large,0.9507246985912636
lim_Latn,jpn_Jpan,jinaai/jina-embeddings-v3,0.9507048507756568
ind_Latn,plt_Latn,intfloat/multilingual-e5-large,0.9506979046465032
zul_Latn,tur_Latn,intfloat/multilingual-e5-large,0.9506582480194744
fur_Latn,tur_Latn,jinaai/jina-embeddings-v3,0.9506295191878448
nya_Latn,por_Latn,intfloat/multilingual-e5-large,0.9504883281956517
afr_Latn,tgk_Cyrl,Alibaba-NLP/gte-multilingual-base,0.9504819150728618
ben_Beng,lim_Latn,Alibaba-NLP/gte-multilingual-base,0.950419501726819
slk_Latn,som_Latn,Alibaba-NLP/gte-multilingual-base,0.9504101436060628
afr_Latn,kin_Latn,intfloat/multilingual-e5-large,0.9503891213952984
eng_Latn,lmo_Latn,intfloat/multilingual-e5-large,0.9503767798909608
plt_Latn,swh_Latn,intfloat/multilingual-e5-large,0.9503384673317866
slv_Latn,sna_Latn,Alibaba-NLP/gte-multilingual-base,0.9503326319664211
ceb_Latn,ukr_Cyrl,jinaai/jina-embeddings-v5-text-small,0.9503218119986168
ces_Latn,som_Latn,Alibaba-NLP/gte-multilingual-base,0.950311045436433
ilo_Latn,mar_Deva,intfloat/multilingual-e5-large,0.9502743082253368
ilo_Latn,fra_Latn,intfloat/multilingual-e5-large,0.95027175086431
fur_Latn,mkd_Cyrl,jinaai/jina-embeddings-v5-text-small,0.950067985904303
bak_Cyrl,hrv_Latn,intfloat/multilingual-e5-large,0.9500583479972224
ben_Beng,ilo_Latn,intfloat/multilingual-e5-large,0.9500537802978668
ell_Grek,tgk_Cyrl,Alibaba-NLP/gte-multilingual-base,0.9500323771696696
hat_Latn,srd_Latn,intfloat/multilingual-e5-large,0.9499453334380776
srd_Latn,tha_Thai,jinaai/jina-embeddings-v3,0.9498222656535344
fra_Latn,plt_Latn,intfloat/multilingual-e5-large,0.9498061830297728
lit_Latn,sna_Latn,intfloat/multilingual-e5-large,0.949799487606884
lim_Latn,tur_Latn,jinaai/jina-embeddings-v3,0.949730913771308
lim_Latn,hun_Latn,jinaai/jina-embeddings-v3,0.9497203352540194
tgk_Cyrl,tgl_Latn,intfloat/multilingual-e5-large,0.9497130092866604
ben_Beng,kas_Arab,intfloat/multilingual-e5-large,0.9497087525603096
srd_Latn,zho_Hant,jinaai/jina-embeddings-v3,0.9496698982628538
jav_Latn,smo_Latn,intfloat/multilingual-e5-large,0.949659781568694
ltz_Latn,ron_Latn,intfloat/multilingual-e5-large,0.9495797444079076
som_Latn,swh_Latn,intfloat/multilingual-e5-large,0.9495498337863364
cat_Latn,plt_Latn,intfloat/multilingual-e5-large,0.9495485588612878
ceb_Latn,fin_Latn,intfloat/multilingual-e5-large,0.9493208649565128
ibo_Latn,tsn_Latn,intfloat/multilingual-e5-large,0.949314501080244
khm_Khmr,sun_Latn,Alibaba-NLP/gte-multilingual-base,0.949310309018348
ceb_Latn,slv_Latn,intfloat/multilingual-e5-large,0.9491960150826052
fur_Latn,slv_Latn,jinaai/jina-embeddings-v3,0.9491700536170788
lim_Latn,hin_Deva,jinaai/jina-embeddings-v3,0.9491663752819166
ltz_Latn,swe_Latn,intfloat/multilingual-e5-large,0.9490690249633386
fin_Latn,som_Latn,intfloat/multilingual-e5-large,0.949039120666308
jpn_Jpan,nya_Latn,intfloat/multilingual-e5-large,0.9490310506818364
nso_Latn,run_Latn,intfloat/multilingual-e5-large,0.9489820186661608
fur_Latn,pol_Latn,jinaai/jina-embeddings-v5-text-small,0.948913947176428
scn_Latn,slk_Latn,jinaai/jina-embeddings-v5-text-small,0.9488951386854134
lug_Latn,sot_Latn,intfloat/multilingual-e5-large,0.9488871716969186
eng_Latn,lim_Latn,jinaai/jina-embeddings-v5-text-small,0.948847525415356
hat_Latn,kaz_Cyrl,intfloat/multilingual-e5-large,0.948774943538088
ces_Latn,ibo_Latn,intfloat/multilingual-e5-large,0.948773657884453
ben_Beng,ckb_Arab,Alibaba-NLP/gte-multilingual-base,0.9487341828985956
ceb_Latn,mri_Latn,intfloat/multilingual-e5-large,0.9486829633883356
eng_Latn,pag_Latn,intfloat/multilingual-e5-large,0.9485882773326308
spa_Latn,tgk_Cyrl,Alibaba-NLP/gte-multilingual-base,0.9485837612146985
bel_Cyrl,ilo_Latn,Alibaba-NLP/gte-multilingual-base,0.9485825026348588
slv_Latn,som_Latn,Alibaba-NLP/gte-multilingual-base,0.9485682494909254
srd_Latn,kor_Hang,jinaai/jina-embeddings-v3,0.9485629490094444
fur_Latn,nld_Latn,jinaai/jina-embeddings-v5-text-small,0.9484807711227023
lug_Latn,nso_Latn,intfloat/multilingual-e5-large,0.948445008872412
tha_Thai,xho_Latn,Alibaba-NLP/gte-multilingual-base,0.94838090442868
hat_Latn,kir_Cyrl,intfloat/multilingual-e5-large,0.9483766601912532
ilo_Latn,ind_Latn,intfloat/multilingual-e5-large,0.948302559813908
kor_Hang,tgk_Cyrl,Alibaba-NLP/gte-multilingual-base,0.9481738685227312
fra_Latn,mri_Latn,intfloat/multilingual-e5-large,0.9481112160182062
cym_Latn,tgk_Cyrl,intfloat/multilingual-e5-large,0.9480945279913624
est_Latn,som_Latn,Alibaba-NLP/gte-multilingual-base,0.9480854843953016
srd_Latn,tam_Taml,jinaai/jina-embeddings-v3,0.947972542436532
ind_Latn,ckb_Arab,Alibaba-NLP/gte-multilingual-base,0.9479686409774
scn_Latn,por_Latn,jinaai/jina-embeddings-v5-text-small,0.9479495049041834
bul_Cyrl,ilo_Latn,intfloat/multilingual-e5-large,0.9479291823680578
ces_Latn,hau_Latn,Alibaba-NLP/gte-multilingual-base,0.9478430781825024
deu_Latn,plt_Latn,intfloat/multilingual-e5-large,0.9477951383256112
amh_Ethi,kin_Latn,Alibaba-NLP/gte-multilingual-base,0.9477549400068532
tum_Latn,zul_Latn,intfloat/multilingual-e5-large,0.9477432134254288
afr_Latn,kik_Latn,intfloat/multilingual-e5-large,0.9477396973372584
mya_Mymr,swh_Latn,intfloat/multilingual-e5-large,0.947732729544127
pap_Latn,fin_Latn,jinaai/jina-embeddings-v5-text-small,0.9477189248532176
hat_Latn,vie_Latn,intfloat/multilingual-e5-large,0.9476672604672614
fur_Latn,est_Latn,jinaai/jina-embeddings-v3,0.947602749599593
tha_Thai,zul_Latn,Alibaba-NLP/gte-multilingual-base,0.9475742290057472
ssw_Latn,tso_Latn,intfloat/multilingual-e5-large,0.9475012591885564
jav_Latn,lit_Latn,intfloat/multilingual-e5-large,0.947497200603832
pol_Latn,hau_Latn,intfloat/multilingual-e5-large,0.9474802122566992
hau_Latn,hrv_Latn,intfloat/multilingual-e5-large,0.9474475305056572
est_Latn,ibo_Latn,intfloat/multilingual-e5-large,0.9473869980308128
hau_Latn,ltz_Latn,intfloat/multilingual-e5-large,0.9473533744405812
arb_Arab,ckb_Arab,Alibaba-NLP/gte-multilingual-base,0.9472868380252945
kin_Latn,ind_Latn,intfloat/multilingual-e5-large,0.9471277267554644
eng_Latn,tso_Latn,intfloat/multilingual-e5-large,0.9471022831124042
fin_Latn,ibo_Latn,intfloat/multilingual-e5-large,0.9470078201142208
som_Latn,swe_Latn,Alibaba-NLP/gte-multilingual-base,0.94697133138193
amh_Ethi,run_Latn,Alibaba-NLP/gte-multilingual-base,0.9469621841908404
hau_Latn,lin_Latn,intfloat/multilingual-e5-large,0.9468985411952198
heb_Hebr,ckb_Arab,Alibaba-NLP/gte-multilingual-base,0.9468840126218906
war_Latn,nld_Latn,Alibaba-NLP/gte-multilingual-base,0.9467787115103397
pol_Latn,som_Latn,Alibaba-NLP/gte-multilingual-base,0.9467188971493518
kin_Latn,srp_Cyrl,intfloat/multilingual-e5-large,0.9466421312083568
eus_Latn,tgk_Cyrl,Alibaba-NLP/gte-multilingual-base,0.9466137946188145
amh_Ethi,tso_Latn,intfloat/multilingual-e5-large,0.9465521896585668
ceb_Latn,heb_Hebr,intfloat/multilingual-e5-large,0.9465188203359388
hun_Latn,ckb_Arab,Alibaba-NLP/gte-multilingual-base,0.9464909151608778
lim_Latn,zho_Hant,jinaai/jina-embeddings-v3,0.9464627917980832
ind_Latn,tgk_Cyrl,Alibaba-NLP/gte-multilingual-base,0.9464157914689676
scn_Latn,pol_Latn,jinaai/jina-embeddings-v5-text-small,0.946399401394972
pap_Latn,hun_Latn,intfloat/multilingual-e5-large,0.9463936210603414
ltz_Latn,ita_Latn,intfloat/multilingual-e5-large,0.9463592453793598
ita_Latn,plt_Latn,intfloat/multilingual-e5-large,0.9463301703150722
est_Latn,ilo_Latn,intfloat/multilingual-e5-large,0.946315626349892
sna_Latn,vie_Latn,intfloat/multilingual-e5-large,0.946292556184823
srd_Latn,mal_Mlym,intfloat/multilingual-e5-large,0.9462780734563772
xho_Latn,ron_Latn,intfloat/multilingual-e5-large,0.9462551772154376
lim_Latn,lit_Latn,jinaai/jina-embeddings-v3,0.9462205563954902
hau_Latn,ibo_Latn,intfloat/multilingual-e5-large,0.9461205919533628
lvs_Latn,plt_Latn,intfloat/multilingual-e5-large,0.9460995281066832
nya_Latn,vie_Latn,intfloat/multilingual-e5-large,0.9460284718365513
hau_Latn,vie_Latn,Alibaba-NLP/gte-multilingual-base,0.9460250334210396
lit_Latn,kin_Latn,Alibaba-NLP/gte-multilingual-base,0.945987975224909
scn_Latn,rus_Cyrl,jinaai/jina-embeddings-v5-text-small,0.9459624384216896
amh_Ethi,hau_Latn,intfloat/multilingual-e5-large,0.9459622523598642
plt_Latn,sin_Sinh,intfloat/multilingual-e5-large,0.9459435025132996
kin_Latn,por_Latn,intfloat/multilingual-e5-large,0.9458731337956504
ceb_Latn,tha_Thai,jinaai/jina-embeddings-v5-text-small,0.9458567826892974
cym_Latn,kin_Latn,intfloat/multilingual-e5-large,0.9458346807678816
afr_Latn,tum_Latn,intfloat/multilingual-e5-large,0.9457945399442386
mlt_Latn,nob_Latn,intfloat/multilingual-e5-large,0.945776493971483
kor_Hang,lim_Latn,Alibaba-NLP/gte-multilingual-base,0.9457049769099838
nya_Latn,run_Latn,intfloat/multilingual-e5-large,0.9456813145905992
est_Latn,kin_Latn,intfloat/multilingual-e5-large,0.9455608952265656
jav_Latn,pag_Latn,intfloat/multilingual-e5-large,0.945495958530156
bel_Cyrl,kin_Latn,Alibaba-NLP/gte-multilingual-base,0.9454891894641102
spa_Latn,plt_Latn,intfloat/multilingual-e5-large,0.9454158116749332
deu_Latn,ckb_Arab,Alibaba-NLP/gte-multilingual-base,0.945256825255172
jav_Latn,zho_Hans,intfloat/multilingual-e5-large,0.9450238680121644
hau_Latn,ind_Latn,Alibaba-NLP/gte-multilingual-base,0.9449539283205424
scn_Latn,nld_Latn,jinaai/jina-embeddings-v5-text-small,0.9449329141923744
dan_Latn,ilo_Latn,intfloat/multilingual-e5-large,0.9449201721848992
isl_Latn,som_Latn,intfloat/multilingual-e5-large,0.9449161464898808
ceb_Latn,lit_Latn,intfloat/multilingual-e5-large,0.9448640814183236
hau_Latn,nld_Latn,Alibaba-NLP/gte-multilingual-base,0.9448283199828614
lmo_Latn,rus_Cyrl,jinaai/jina-embeddings-v3,0.944827791128114
hat_Latn,mya_Mymr,intfloat/multilingual-e5-large,0.944723736834612
hau_Latn,srp_Cyrl,Alibaba-NLP/gte-multilingual-base,0.9447081405455912
hau_Latn,ita_Latn,Alibaba-NLP/gte-multilingual-base,0.944698660370036
hau_Latn,tam_Taml,intfloat/multilingual-e5-large,0.9446565289952288
eng_Latn,kik_Latn,intfloat/multilingual-e5-large,0.944628897112666
pap_Latn,jpn_Jpan,jinaai/jina-embeddings-v5-text-small,0.9444271001899824
ell_Grek,som_Latn,Alibaba-NLP/gte-multilingual-base,0.944334289188502
pol_Latn,ilo_Latn,intfloat/multilingual-e5-large,0.9442672897291264
som_Latn,vie_Latn,Alibaba-NLP/gte-multilingual-base,0.9442252753780166
lin_Latn,por_Latn,intfloat/multilingual-e5-large,0.9441944221778168
hau_Latn,ron_Latn,Alibaba-NLP/gte-multilingual-base,0.943966174168706
deu_Latn,pag_Latn,intfloat/multilingual-e5-large,0.943955237805893
zul_Latn,rus_Cyrl,intfloat/multilingual-e5-large,0.9439504617329736
ibo_Latn,kat_Geor,intfloat/multilingual-e5-large,0.9438960482094116
scn_Latn,tur_Latn,jinaai/jina-embeddings-v5-text-small,0.9438762670745277
ceb_Latn,jpn_Jpan,intfloat/multilingual-e5-large,0.9438449195521856
ltz_Latn,lvs_Latn,intfloat/multilingual-e5-large,0.9438355094977464
mlt_Latn,pol_Latn,intfloat/multilingual-e5-large,0.9438312803122042
ltz_Latn,nob_Latn,intfloat/multilingual-e5-large,0.9437854952300504
hrv_Latn,plt_Latn,intfloat/multilingual-e5-large,0.9435819045214404
hau_Latn,mkd_Cyrl,Alibaba-NLP/gte-multilingual-base,0.94357604443304
lim_Latn,vie_Latn,jinaai/jina-embeddings-v3,0.9435104784793698
tsn_Latn,vie_Latn,intfloat/multilingual-e5-large,0.943460924886137
kor_Hang,som_Latn,Alibaba-NLP/gte-multilingual-base,0.943439340929752
fur_Latn,ell_Grek,jinaai/jina-embeddings-v5-text-small,0.9433840692658596
hau_Latn,kaz_Cyrl,intfloat/multilingual-e5-large,0.9433759979265954
scn_Latn,vie_Latn,jinaai/jina-embeddings-v5-text-small,0.9432867229326584
lmo_Latn,nld_Latn,jinaai/jina-embeddings-v5-text-small,0.9430946003745734
hau_Latn,sun_Latn,intfloat/multilingual-e5-large,0.943094196225966
afr_Latn,mri_Latn,intfloat/multilingual-e5-large,0.9430457783951334
som_Latn,tur_Latn,Alibaba-NLP/gte-multilingual-base,0.9430011389717006
lim_Latn,zho_Hans,jinaai/jina-embeddings-v3,0.9429333237477024
bak_Cyrl,ukr_Cyrl,Alibaba-NLP/gte-multilingual-base,0.942864849877601
lin_Latn,tso_Latn,intfloat/multilingual-e5-large,0.9428190980515464
fur_Latn,tha_Thai,jinaai/jina-embeddings-v5-text-small,0.9427826601739234
dan_Latn,plt_Latn,intfloat/multilingual-e5-large,0.942670722384132
kin_Latn,tum_Latn,intfloat/multilingual-e5-large,0.9426414473337672
hau_Latn,hin_Deva,intfloat/multilingual-e5-large,0.942592814151877
fur_Latn,kor_Hang,jinaai/jina-embeddings-v3,0.9425406457048536
nld_Latn,som_Latn,intfloat/multilingual-e5-large,0.9424851348785486
fra_Latn,lug_Latn,Alibaba-NLP/gte-multilingual-base,0.9424688179699392
hau_Latn,run_Latn,intfloat/multilingual-e5-large,0.9424402830674397
ces_Latn,ilo_Latn,Alibaba-NLP/gte-multilingual-base,0.9424308550821228
ltz_Latn,rus_Cyrl,intfloat/multilingual-e5-large,0.9424209985537556
fur_Latn,fin_Latn,jinaai/jina-embeddings-v5-text-small,0.9422812156744156
srd_Latn,tel_Telu,intfloat/multilingual-e5-large,0.9422586598475926
ibo_Latn,swh_Latn,intfloat/multilingual-e5-large,0.9420870559186808
hau_Latn,oci_Latn,Alibaba-NLP/gte-multilingual-base,0.9420019617557498
srd_Latn,heb_Hebr,jinaai/jina-embeddings-v3,0.9419974939132802
nya_Latn,ron_Latn,intfloat/multilingual-e5-large,0.9418706856874424
plt_Latn,sun_Latn,intfloat/multilingual-e5-large,0.941816390770731
fin_Latn,ilo_Latn,intfloat/multilingual-e5-large,0.9417323961388764
kan_Knda,kas_Deva,Alibaba-NLP/gte-multilingual-base,0.9416969362233976
som_Latn,srp_Cyrl,Alibaba-NLP/gte-multilingual-base,0.9416591804710572
isl_Latn,tgk_Cyrl,Alibaba-NLP/gte-multilingual-base,0.9415901039108407
mya_Mymr,tgk_Cyrl,Alibaba-NLP/gte-multilingual-base,0.9415771724222228
amh_Ethi,ibo_Latn,Alibaba-NLP/gte-multilingual-base,0.941544086841518
fur_Latn,jpn_Jpan,jinaai/jina-embeddings-v5-text-small,0.9415173120493197
run_Latn,tso_Latn,intfloat/multilingual-e5-large,0.941497370613442
mri_Latn,tgl_Latn,intfloat/multilingual-e5-large,0.9414082413356673
arb_Arab,plt_Latn,intfloat/multilingual-e5-large,0.9413763704895056
eng_Latn,kon_Latn,intfloat/multilingual-e5-large,0.9413633425539166
plt_Latn,mar_Deva,intfloat/multilingual-e5-large,0.941315608625574
plt_Latn,npi_Deva,intfloat/multilingual-e5-large,0.941306396685233
twi_Latn,xho_Latn,intfloat/multilingual-e5-large,0.941136421274082
swh_Latn,twi_Latn,intfloat/multilingual-e5-large,0.9410613366852946
swh_Latn,tha_Thai,Alibaba-NLP/gte-multilingual-base,0.9410072691631745
spa_Latn,lug_Latn,Alibaba-NLP/gte-multilingual-base,0.9410062071919592
bul_Cyrl,plt_Latn,intfloat/multilingual-e5-large,0.9408723630383372
lmo_Latn,pol_Latn,jinaai/jina-embeddings-v3,0.940810806965784
ces_Latn,ckb_Arab,Alibaba-NLP/gte-multilingual-base,0.940682237260094
hau_Latn,swe_Latn,Alibaba-NLP/gte-multilingual-base,0.940666685914088
hau_Latn,nob_Latn,Alibaba-NLP/gte-multilingual-base,0.940603707785374
hau_Latn,som_Latn,intfloat/multilingual-e5-large,0.940575487346799
ceb_Latn,plt_Latn,intfloat/multilingual-e5-large,0.9405291049844028
fin_Latn,plt_Latn,intfloat/multilingual-e5-large,0.9405137350672652
ltz_Latn,mkd_Cyrl,intfloat/multilingual-e5-large,0.9404560089686148
nya_Latn,som_Latn,intfloat/multilingual-e5-large,0.9404176882260076
cat_Latn,mri_Latn,intfloat/multilingual-e5-large,0.9404029400992344
srd_Latn,isl_Latn,jinaai/jina-embeddings-v3,0.9403260718766112
asm_Beng,kin_Latn,Alibaba-NLP/gte-multilingual-base,0.9403124059725906
ben_Beng,kas_Deva,Alibaba-NLP/gte-multilingual-base,0.9402389238333828
plt_Latn,ron_Latn,jinaai/jina-embeddings-v3,0.940041744700538
khm_Khmr,tgk_Cyrl,Alibaba-NLP/gte-multilingual-base,0.9399817583556916
mya_Mymr,sun_Latn,intfloat/multilingual-e5-large,0.9399619397428548
cym_Latn,plt_Latn,intfloat/multilingual-e5-large,0.939807162109845
jpn_Jpan,sna_Latn,intfloat/multilingual-e5-large,0.9397245822316026
lim_Latn,heb_Hebr,jinaai/jina-embeddings-v3,0.9397153194779404
fur_Latn,hun_Latn,jinaai/jina-embeddings-v3,0.93965849737376
ckb_Arab,pbt_Arab,intfloat/multilingual-e5-large,0.9396328555162402
jpn_Jpan,som_Latn,Alibaba-NLP/gte-multilingual-base,0.9395781672469518
lim_Latn,tha_Thai,jinaai/jina-embeddings-v5-text-small,0.9395398655573808
srd_Latn,zho_Hans,jinaai/jina-embeddings-v3,0.9394909802651196
ace_Latn,jav_Latn,intfloat/multilingual-e5-large,0.9394040725521452
lin_Latn,run_Latn,intfloat/multilingual-e5-large,0.9393537556711068
sna_Latn,por_Latn,intfloat/multilingual-e5-large,0.9393095901592524
fra_Latn,ckb_Arab,Alibaba-NLP/gte-multilingual-base,0.9392916843664848
som_Latn,tel_Telu,intfloat/multilingual-e5-large,0.9392884202777408
hat_Latn,rus_Cyrl,intfloat/multilingual-e5-large,0.9392808682845548
bem_Latn,xho_Latn,intfloat/multilingual-e5-large,0.9392503006170244
ibo_Latn,tso_Latn,intfloat/multilingual-e5-large,0.9391045005221362
hat_Latn,som_Latn,intfloat/multilingual-e5-large,0.9390388063227256
pap_Latn,heb_Hebr,jinaai/jina-embeddings-v5-text-small,0.9389086008594932
ibo_Latn,kaz_Cyrl,intfloat/multilingual-e5-large,0.938890256938159
tgk_Cyrl,urd_Arab,intfloat/multilingual-e5-large,0.93886810161251
pap_Latn,slv_Latn,intfloat/multilingual-e5-large,0.9386746458313264
twi_Latn,zul_Latn,intfloat/multilingual-e5-large,0.938614043563124
kor_Hang,ckb_Arab,Alibaba-NLP/gte-multilingual-base,0.93855129794914
pap_Latn,zho_Hans,Alibaba-NLP/gte-multilingual-base,0.9385067737107275
xho_Latn,ita_Latn,intfloat/multilingual-e5-large,0.9384865211868262
sot_Latn,twi_Latn,intfloat/multilingual-e5-large,0.9383213535733153
bak_Cyrl,ind_Latn,intfloat/multilingual-e5-large,0.9382719649016086
swh_Latn,zho_Hans,Alibaba-NLP/gte-multilingual-base,0.9382356576857508
ace_Latn,ceb_Latn,intfloat/multilingual-e5-large,0.938226878838914
lug_Latn,nya_Latn,intfloat/multilingual-e5-large,0.9381313513841124
hat_Latn,nld_Latn,Alibaba-NLP/gte-multilingual-base,0.9380910866164304
run_Latn,tum_Latn,intfloat/multilingual-e5-large,0.9380097647364526
kin_Latn,spa_Latn,intfloat/multilingual-e5-large,0.9380052586631056
azb_Arab,por_Latn,Alibaba-NLP/gte-multilingual-base,0.937941322660952
ibo_Latn,tel_Telu,intfloat/multilingual-e5-large,0.937939761606026
fur_Latn,zho_Hant,jinaai/jina-embeddings-v3,0.9378548876235276
hau_Latn,tur_Latn,Alibaba-NLP/gte-multilingual-base,0.9378117392053104
ary_Arab,swh_Latn,Alibaba-NLP/gte-multilingual-base,0.9377974688685984
ilo_Latn,spa_Latn,intfloat/multilingual-e5-large,0.9376965783333676
jpn_Jpan,kin_Latn,Alibaba-NLP/gte-multilingual-base,0.9374984193638816
kin_Latn,ron_Latn,intfloat/multilingual-e5-large,0.9374665207419974
plt_Latn,swe_Latn,jinaai/jina-embeddings-v3,0.9374559404252912
sna_Latn,tum_Latn,intfloat/multilingual-e5-large,0.937430472542291
hrv_Latn,mri_Latn,intfloat/multilingual-e5-large,0.937395575658719
tir_Ethi,xho_Latn,intfloat/multilingual-e5-large,0.9373907552989864
hau_Latn,ukr_Cyrl,Alibaba-NLP/gte-multilingual-base,0.9373671478633226
ckb_Arab,tur_Latn,Alibaba-NLP/gte-multilingual-base,0.937329218839186
ind_Latn,ace_Latn,intfloat/multilingual-e5-large,0.9373034162962957
afr_Latn,plt_Latn,intfloat/multilingual-e5-large,0.9372654355957736
sot_Latn,tir_Ethi,intfloat/multilingual-e5-large,0.9372448001156938
ell_Grek,plt_Latn,intfloat/multilingual-e5-large,0.9371270540288272
heb_Hebr,ilo_Latn,intfloat/multilingual-e5-large,0.9371200083024368
ltz_Latn,slk_Latn,jinaai/jina-embeddings-v5-text-small,0.9370686965301414
hat_Latn,ita_Latn,intfloat/multilingual-e5-large,0.9370573640339211
hat_Latn,ibo_Latn,intfloat/multilingual-e5-large,0.9370028441840578
plt_Latn,por_Latn,intfloat/multilingual-e5-large,0.9369994413663632
heb_Hebr,plt_Latn,intfloat/multilingual-e5-large,0.9369796495793424
fra_Latn,gaz_Latn,Alibaba-NLP/gte-multilingual-base,0.9369525755784038
ilo_Latn,mal_Mlym,intfloat/multilingual-e5-large,0.9369422267832896
plt_Latn,mal_Mlym,intfloat/multilingual-e5-large,0.9368761369769004
plt_Latn,nob_Latn,jinaai/jina-embeddings-v3,0.9368741612104414
plt_Latn,mkd_Cyrl,jinaai/jina-embeddings-v3,0.9368547151229554
plt_Latn,slv_Latn,jinaai/jina-embeddings-v3,0.936781671833692
fra_Latn,gla_Latn,Alibaba-NLP/gte-multilingual-base,0.9367645382460976
lim_Latn,tgl_Latn,jinaai/jina-embeddings-v3,0.936703575014812
ilo_Latn,por_Latn,intfloat/multilingual-e5-large,0.936673035974007
bak_Cyrl,vie_Latn,Alibaba-NLP/gte-multilingual-base,0.936640340948932
dan_Latn,ckb_Arab,Alibaba-NLP/gte-multilingual-base,0.936438241730826
hau_Latn,slk_Latn,Alibaba-NLP/gte-multilingual-base,0.936255377763946
afr_Latn,bem_Latn,Alibaba-NLP/gte-multilingual-base,0.9362121279457896
swh_Latn,tgk_Cyrl,intfloat/multilingual-e5-large,0.9361380153147756
bem_Latn,nya_Latn,intfloat/multilingual-e5-large,0.9361220072451444
ltz_Latn,zho_Hans,Alibaba-NLP/gte-multilingual-base,0.9360064597313976
eng_Latn,plt_Latn,intfloat/multilingual-e5-large,0.9359597790730196
ibo_Latn,sun_Latn,intfloat/multilingual-e5-large,0.9358321758826988
ell_Grek,ckb_Arab,Alibaba-NLP/gte-multilingual-base,0.9358086443218596
xho_Latn,rus_Cyrl,intfloat/multilingual-e5-large,0.9357976069299156
ckb_Arab,vie_Latn,Alibaba-NLP/gte-multilingual-base,0.93578545967988
lit_Latn,som_Latn,Alibaba-NLP/gte-multilingual-base,0.9357022149007584
ast_Latn,kin_Latn,Alibaba-NLP/gte-multilingual-base,0.9356900469975252
hau_Latn,slv_Latn,Alibaba-NLP/gte-multilingual-base,0.9356460019428988
fra_Latn,twi_Latn,intfloat/multilingual-e5-large,0.9354525512409088
hau_Latn,khm_Khmr,Alibaba-NLP/gte-multilingual-base,0.9353781604160986
ilo_Latn,lao_Laoo,intfloat/multilingual-e5-large,0.9353761202877844
mlt_Latn,nld_Latn,intfloat/multilingual-e5-large,0.9352536702053086
scn_Latn,slv_Latn,jinaai/jina-embeddings-v3,0.9351131473147288
ita_Latn,ckb_Arab,Alibaba-NLP/gte-multilingual-base,0.9351057475308756
azb_Arab,fra_Latn,Alibaba-NLP/gte-multilingual-base,0.9349794531759942
hat_Latn,mkd_Cyrl,intfloat/multilingual-e5-large,0.93495105931976
eng_Latn,kas_Arab,intfloat/multilingual-e5-large,0.9349503226388264
ell_Grek,lug_Latn,Alibaba-NLP/gte-multilingual-base,0.9348221674437402
plt_Latn,ukr_Cyrl,jinaai/jina-embeddings-v3,0.9348190098043584
hau_Latn,lvs_Latn,Alibaba-NLP/gte-multilingual-base,0.9348180046946076
fur_Latn,lit_Latn,jinaai/jina-embeddings-v3,0.9347987942562124
fur_Latn,heb_Hebr,jinaai/jina-embeddings-v5-text-small,0.9347247603358276
som_Latn,ukr_Cyrl,Alibaba-NLP/gte-multilingual-base,0.9347128383354246
plt_Latn,slk_Latn,jinaai/jina-embeddings-v3,0.93458613453517
ltz_Latn,tur_Latn,intfloat/multilingual-e5-large,0.9345219711510993
plt_Latn,tur_Latn,jinaai/jina-embeddings-v3,0.9342490978531134
sna_Latn,som_Latn,intfloat/multilingual-e5-large,0.93418783867179
ces_Latn,gla_Latn,Alibaba-NLP/gte-multilingual-base,0.9341349518117682
mlt_Latn,slk_Latn,intfloat/multilingual-e5-large,0.934055736697071
ltz_Latn,hun_Latn,intfloat/multilingual-e5-large,0.933904442969188
bem_Latn,zul_Latn,intfloat/multilingual-e5-large,0.9338972619962816
tso_Latn,tum_Latn,intfloat/multilingual-e5-large,0.9337771374871972
lin_Latn,som_Latn,intfloat/multilingual-e5-large,0.9337631908465216
deu_Latn,gla_Latn,Alibaba-NLP/gte-multilingual-base,0.9334963763438848
fur_Latn,zho_Hans,jinaai/jina-embeddings-v5-text-small,0.9333393711630796
lvs_Latn,mri_Latn,intfloat/multilingual-e5-large,0.933300672396324
hau_Latn,isl_Latn,Alibaba-NLP/gte-multilingual-base,0.9332538382650408
som_Latn,tsn_Latn,intfloat/multilingual-e5-large,0.9332117592464992
ilo_Latn,srp_Cyrl,intfloat/multilingual-e5-large,0.9332106299820856
eng_Latn,tir_Ethi,intfloat/multilingual-e5-large,0.9331105564141978
hau_Latn,mya_Mymr,Alibaba-NLP/gte-multilingual-base,0.933100838468893
kin_Latn,ita_Latn,intfloat/multilingual-e5-large,0.933065418936211
ltz_Latn,ukr_Cyrl,jinaai/jina-embeddings-v5-text-small,0.9329990808122084
hrv_Latn,ckb_Arab,Alibaba-NLP/gte-multilingual-base,0.9329769840346815
ilo_Latn,pag_Latn,intfloat/multilingual-e5-large,0.9329534401089692
ceb_Latn,kor_Hang,intfloat/multilingual-e5-large,0.93279718649028
hau_Latn,heb_Hebr,Alibaba-NLP/gte-multilingual-base,0.9327523594504674
ilo_Latn,tam_Taml,intfloat/multilingual-e5-large,0.9327351278901506
bak_Cyrl,nld_Latn,Alibaba-NLP/gte-multilingual-base,0.93264699154729
mlt_Latn,slv_Latn,intfloat/multilingual-e5-large,0.9325228820134308
kan_Knda,plt_Latn,intfloat/multilingual-e5-large,0.932432883765274
smo_Latn,sun_Latn,intfloat/multilingual-e5-large,0.9324252848500147
ceb_Latn,fij_Latn,intfloat/multilingual-e5-large,0.9323721433836696
amh_Ethi,tum_Latn,intfloat/multilingual-e5-large,0.9322865628791126
hau_Latn,kin_Latn,intfloat/multilingual-e5-large,0.932268724381649
hat_Latn,lvs_Latn,intfloat/multilingual-e5-large,0.9321785919062944
ckb_Arab,ron_Latn,Alibaba-NLP/gte-multilingual-base,0.9321324889419228
ell_Grek,ilo_Latn,intfloat/multilingual-e5-large,0.9320335369751082
hun_Latn,plt_Latn,Alibaba-NLP/gte-multilingual-base,0.9318389166155348
cym_Latn,lim_Latn,jinaai/jina-embeddings-v3,0.931716599360484
ace_Latn,war_Latn,intfloat/multilingual-e5-large,0.9315714667884863
ltg_Latn,rus_Cyrl,Alibaba-NLP/gte-multilingual-base,0.9314852252718546
scn_Latn,jpn_Jpan,jinaai/jina-embeddings-v5-text-small,0.9314089106449752
fur_Latn,isl_Latn,jinaai/jina-embeddings-v3,0.9313803542167168
plt_Latn,srp_Cyrl,jinaai/jina-embeddings-v3,0.9312944298692032
pap_Latn,lit_Latn,jinaai/jina-embeddings-v3,0.9312014793986912
hin_Deva,plt_Latn,intfloat/multilingual-e5-large,0.9311500258813866
ckb_Arab,ukr_Cyrl,Alibaba-NLP/gte-multilingual-base,0.9311324505124812
tgk_Cyrl,xho_Latn,intfloat/multilingual-e5-large,0.9309857334986114
dan_Latn,gla_Latn,Alibaba-NLP/gte-multilingual-base,0.9309645525530468
plt_Latn,tel_Telu,intfloat/multilingual-e5-large,0.9307739621432672
azb_Arab,eng_Latn,Alibaba-NLP/gte-multilingual-base,0.9307666756093832
lim_Latn,tam_Taml,jinaai/jina-embeddings-v3,0.9307658503583464
lin_Latn,vie_Latn,intfloat/multilingual-e5-large,0.9307507029654248
fin_Latn,ckb_Arab,Alibaba-NLP/gte-multilingual-base,0.9305975184973048
jav_Latn,plt_Latn,intfloat/multilingual-e5-large,0.9305534503079336
hau_Latn,lit_Latn,Alibaba-NLP/gte-multilingual-base,0.9304828133286028
nso_Latn,ron_Latn,intfloat/multilingual-e5-large,0.9303965645090472
ckb_Arab,nld_Latn,Alibaba-NLP/gte-multilingual-base,0.9303675129946988
ibo_Latn,som_Latn,intfloat/multilingual-e5-large,0.9302200478140614
bak_Cyrl,ron_Latn,Alibaba-NLP/gte-multilingual-base,0.9301924201218644
kin_Latn,luo_Latn,Alibaba-NLP/gte-multilingual-base,0.9299022422431216
ibo_Latn,mya_Mymr,intfloat/multilingual-e5-large,0.9296780297613658
bak_Cyrl,spa_Latn,intfloat/multilingual-e5-large,0.9295477200110108
afr_Latn,twi_Latn,intfloat/multilingual-e5-large,0.9294666950543452
eng_Latn,azb_Arab,Alibaba-NLP/gte-multilingual-base,0.9293071416488008
hau_Latn,hun_Latn,Alibaba-NLP/gte-multilingual-base,0.929139568973356
plt_Latn,nld_Latn,jinaai/jina-embeddings-v3,0.9290275207269936
khm_Khmr,som_Latn,Alibaba-NLP/gte-multilingual-base,0.9290198168754276
lin_Latn,tum_Latn,intfloat/multilingual-e5-large,0.9289890337856784
eng_Latn,twi_Latn,intfloat/multilingual-e5-large,0.928914831372923
ceb_Latn,zho_Hans,Alibaba-NLP/gte-multilingual-base,0.9288318906894928
ben_Beng,plt_Latn,jinaai/jina-embeddings-v3,0.9287416761645314
kin_Latn,lug_Latn,intfloat/multilingual-e5-large,0.9286341410764172
hye_Armn,plt_Latn,Alibaba-NLP/gte-multilingual-base,0.928588186118018
ckb_Arab,spa_Latn,Alibaba-NLP/gte-multilingual-base,0.9285832198780885
plt_Latn,tam_Taml,intfloat/multilingual-e5-large,0.9284907319252104
hat_Latn,khm_Khmr,intfloat/multilingual-e5-large,0.9284706804281576
xho_Latn,nld_Latn,Alibaba-NLP/gte-multilingual-base,0.9283400959065068
ckb_Arab,swe_Latn,Alibaba-NLP/gte-multilingual-base,0.92827832332633
sun_Latn,tgk_Cyrl,Alibaba-NLP/gte-multilingual-base,0.9282562610920332
hin_Deva,mri_Latn,intfloat/multilingual-e5-large,0.9281333319149077
run_Latn,som_Latn,intfloat/multilingual-e5-large,0.9280258545467092
ces_Latn,plt_Latn,Alibaba-NLP/gte-multilingual-base,0.9280113688009916
eng_Latn,tgk_Cyrl,intfloat/multilingual-e5-large,0.9279136403705122
ltz_Latn,slv_Latn,Alibaba-NLP/gte-multilingual-base,0.927801228580424
sna_Latn,srp_Cyrl,intfloat/multilingual-e5-large,0.9277479374178876
ckb_Arab,por_Latn,Alibaba-NLP/gte-multilingual-base,0.9276457258178796
tsn_Latn,tum_Latn,intfloat/multilingual-e5-large,0.9276065971675111
tir_Ethi,zul_Latn,intfloat/multilingual-e5-large,0.9275702714312618
srd_Latn,lim_Latn,Alibaba-NLP/gte-multilingual-base,0.9275532710684086
ltz_Latn,pol_Latn,jinaai/jina-embeddings-v5-text-small,0.9273258025199104
bak_Cyrl,heb_Hebr,Alibaba-NLP/gte-multilingual-base,0.9272690525196394
bak_Cyrl,tur_Latn,Alibaba-NLP/gte-multilingual-base,0.9268218059718412
bak_Cyrl,ces_Latn,Alibaba-NLP/gte-multilingual-base,0.926711222435842
sna_Latn,tir_Ethi,intfloat/multilingual-e5-large,0.9266418893228618
bul_Cyrl,gla_Latn,Alibaba-NLP/gte-multilingual-base,0.926353758716677
plt_Latn,vie_Latn,intfloat/multilingual-e5-large,0.9263286509079433
mri_Latn,als_Latn,intfloat/multilingual-e5-large,0.926279657752609
ibo_Latn,run_Latn,intfloat/multilingual-e5-large,0.9262053973515524
hau_Latn,tso_Latn,intfloat/multilingual-e5-large,0.9261951015488388
isl_Latn,plt_Latn,intfloat/multilingual-e5-large,0.9261855937989032
bak_Cyrl,swe_Latn,Alibaba-NLP/gte-multilingual-base,0.926114782733174
fra_Latn,luo_Latn,Alibaba-NLP/gte-multilingual-base,0.9260756216252556
lug_Latn,tsn_Latn,intfloat/multilingual-e5-large,0.9260196481395476
gla_Latn,nld_Latn,Alibaba-NLP/gte-multilingual-base,0.9259818378390158
ckb_Arab,tgk_Cyrl,Alibaba-NLP/gte-multilingual-base,0.925867617049366
nso_Latn,twi_Latn,intfloat/multilingual-e5-large,0.925734815608361
ckb_Arab,eng_Latn,Alibaba-NLP/gte-multilingual-base,0.9256634924078382
plt_Latn,pol_Latn,jinaai/jina-embeddings-v3,0.9255847084499031
bel_Cyrl,plt_Latn,intfloat/multilingual-e5-large,0.9255390880920096
jav_Latn,mri_Latn,intfloat/multilingual-e5-large,0.9252941728156662
som_Latn,tam_Taml,intfloat/multilingual-e5-large,0.9252447854423916
scn_Latn,zho_Hans,jinaai/jina-embeddings-v5-text-small,0.9250243230726182
ilo_Latn,smo_Latn,intfloat/multilingual-e5-large,0.9250013661253728
lug_Latn,sna_Latn,intfloat/multilingual-e5-large,0.9247889567645148
bak_Cyrl,ita_Latn,intfloat/multilingual-e5-large,0.9247341573111154
eng_Latn,mri_Latn,intfloat/multilingual-e5-large,0.9246685497965812
bak_Cyrl,slv_Latn,Alibaba-NLP/gte-multilingual-base,0.924603315669763
ben_Beng,mri_Latn,intfloat/multilingual-e5-large,0.9245747036827304
bak_Cyrl,hun_Latn,Alibaba-NLP/gte-multilingual-base,0.924552994732945
spa_Latn,mri_Latn,intfloat/multilingual-e5-large,0.9245253587939168
hat_Latn,nob_Latn,Alibaba-NLP/gte-multilingual-base,0.924235214978889
eng_Latn,gla_Latn,intfloat/multilingual-e5-large,0.9241999642956872
hau_Latn,kik_Latn,intfloat/multilingual-e5-large,0.9241045304525468
bak_Cyrl,por_Latn,intfloat/multilingual-e5-large,0.9241022606147332
bak_Cyrl,dan_Latn,Alibaba-NLP/gte-multilingual-base,0.923989681650172
hat_Latn,ukr_Cyrl,Alibaba-NLP/gte-multilingual-base,0.9239699398032908
spa_Latn,ace_Latn,intfloat/multilingual-e5-large,0.9237710404240452
spa_Latn,gla_Latn,intfloat/multilingual-e5-large,0.9237452582234316
nya_Latn,tir_Ethi,intfloat/multilingual-e5-large,0.9236170849248996
bak_Cyrl,est_Latn,Alibaba-NLP/gte-multilingual-base,0.9235829047047568
plt_Latn,rus_Cyrl,jinaai/jina-embeddings-v3,0.9235075683545249
mlt_Latn,ukr_Cyrl,intfloat/multilingual-e5-large,0.9234609042851428
tgk_Cyrl,ukr_Cyrl,Alibaba-NLP/gte-multilingual-base,0.923381295522376
ita_Latn,mri_Latn,intfloat/multilingual-e5-large,0.9232090873859892
xho_Latn,tur_Latn,intfloat/multilingual-e5-large,0.9231627986778048
lug_Latn,run_Latn,intfloat/multilingual-e5-large,0.9231579494974764
amh_Ethi,plt_Latn,Alibaba-NLP/gte-multilingual-base,0.9230728499929004
xho_Latn,swe_Latn,intfloat/multilingual-e5-large,0.9229444733444104
hau_Latn,rus_Cyrl,Alibaba-NLP/gte-multilingual-base,0.9227414452748968
hat_Latn,tur_Latn,intfloat/multilingual-e5-large,0.9227394807353824
mya_Mymr,som_Latn,intfloat/multilingual-e5-large,0.9227110811321524
nya_Latn,srp_Cyrl,intfloat/multilingual-e5-large,0.9226150701942608
lin_Latn,twi_Latn,intfloat/multilingual-e5-large,0.9224542234370788
tgk_Cyrl,vie_Latn,Alibaba-NLP/gte-multilingual-base,0.9223388798613308
lug_Latn,swh_Latn,intfloat/multilingual-e5-large,0.9223188406689704
kin_Latn,tur_Latn,intfloat/multilingual-e5-large,0.9222485137501876
hau_Latn,jpn_Jpan,Alibaba-NLP/gte-multilingual-base,0.9222250091335352
kmr_Latn,xho_Latn,intfloat/multilingual-e5-large,0.9221622917656828
gle_Latn,hau_Latn,intfloat/multilingual-e5-large,0.9220711494945096
kaz_Cyrl,plt_Latn,jinaai/jina-embeddings-v3,0.922038491065426
kas_Arab,tel_Telu,intfloat/multilingual-e5-large,0.9220166773773308
ilo_Latn,vie_Latn,intfloat/multilingual-e5-large,0.9219837747033434
kin_Latn,tir_Ethi,intfloat/multilingual-e5-large,0.9218147939636472
azb_Arab,rus_Cyrl,Alibaba-NLP/gte-multilingual-base,0.921735961607698
eng_Latn,ace_Latn,intfloat/multilingual-e5-large,0.9217203169867
gla_Latn,mkd_Cyrl,Alibaba-NLP/gte-multilingual-base,0.9217136903146018
hat_Latn,swe_Latn,intfloat/multilingual-e5-large,0.921691914154356
eng_Latn,lug_Latn,intfloat/multilingual-e5-large,0.9216222157899786
gla_Latn,srp_Cyrl,Alibaba-NLP/gte-multilingual-base,0.9215100748494144
fra_Latn,lua_Latn,intfloat/multilingual-e5-large,0.9214913204964328
nya_Latn,twi_Latn,intfloat/multilingual-e5-large,0.9214560054593336
mlt_Latn,lit_Latn,intfloat/multilingual-e5-large,0.9214487465885228
plt_Latn,smo_Latn,intfloat/multilingual-e5-large,0.9213956161754256
hau_Latn,tha_Thai,Alibaba-NLP/gte-multilingual-base,0.9212960312713026
som_Latn,sun_Latn,intfloat/multilingual-e5-large,0.921245820890581
kas_Deva,mal_Mlym,Alibaba-NLP/gte-multilingual-base,0.92110823015556
hau_Latn,pol_Latn,Alibaba-NLP/gte-multilingual-base,0.9210299310948202
hau_Latn,tum_Latn,intfloat/multilingual-e5-large,0.9208601005215502
som_Latn,tha_Thai,Alibaba-NLP/gte-multilingual-base,0.9206179103819188
ben_Beng,gla_Latn,Alibaba-NLP/gte-multilingual-base,0.9204464464711084
ckb_Arab,tha_Thai,Alibaba-NLP/gte-multilingual-base,0.9203723383513368
ibo_Latn,khm_Khmr,intfloat/multilingual-e5-large,0.9203288470596868
plt_Latn,mya_Mymr,intfloat/multilingual-e5-large,0.9200762766097969
kat_Geor,plt_Latn,Alibaba-NLP/gte-multilingual-base,0.9200254067920156
som_Latn,tir_Ethi,intfloat/multilingual-e5-large,0.9198730750052032
bak_Cyrl,slk_Latn,Alibaba-NLP/gte-multilingual-base,0.9198321789737026
hau_Latn,zho_Hans,Alibaba-NLP/gte-multilingual-base,0.9195115229627792
tgl_Latn,yor_Latn,intfloat/multilingual-e5-large,0.9194377511215824
afr_Latn,gaz_Latn,Alibaba-NLP/gte-multilingual-base,0.9193213805977508
hau_Latn,zho_Hant,Alibaba-NLP/gte-multilingual-base,0.919275240223139
bak_Cyrl,deu_Latn,Alibaba-NLP/gte-multilingual-base,0.9192071479867376
hat_Latn,tgk_Cyrl,intfloat/multilingual-e5-large,0.9190075072560489
ind_Latn,mri_Latn,intfloat/multilingual-e5-large,0.9187825496175794
nya_Latn,tur_Latn,intfloat/multilingual-e5-large,0.9185573808895782
bul_Cyrl,wol_Latn,Alibaba-NLP/gte-multilingual-base,0.918407637625964
tsn_Latn,twi_Latn,intfloat/multilingual-e5-large,0.9181144469727756
som_Latn,zho_Hans,Alibaba-NLP/gte-multilingual-base,0.9180457976269824
dan_Latn,mri_Latn,Alibaba-NLP/gte-multilingual-base,0.9179740465818216
ell_Grek,gla_Latn,Alibaba-NLP/gte-multilingual-base,0.9179660623206866
lit_Latn,plt_Latn,Alibaba-NLP/gte-multilingual-base,0.9179620069239158
kin_Latn,pol_Latn,intfloat/multilingual-e5-large,0.9178869477766782
afr_Latn,wol_Latn,intfloat/multilingual-e5-large,0.9176310906176832
nso_Latn,rus_Cyrl,intfloat/multilingual-e5-large,0.9174588251943828
bak_Cyrl,tha_Thai,Alibaba-NLP/gte-multilingual-base,0.9174436166471076
ibo_Latn,vie_Latn,intfloat/multilingual-e5-large,0.917247769523097
ibo_Latn,srp_Cyrl,intfloat/multilingual-e5-large,0.9171652548252374
kin_Latn,swe_Latn,intfloat/multilingual-e5-large,0.917004212251576
sna_Latn,tur_Latn,intfloat/multilingual-e5-large,0.9167376449611636
plt_Latn,tha_Thai,jinaai/jina-embeddings-v3,0.9167127706045002
gla_Latn,ron_Latn,Alibaba-NLP/gte-multilingual-base,0.9167109586093076
xho_Latn,ukr_Cyrl,Alibaba-NLP/gte-multilingual-base,0.9166736365555131
eng_Latn,ckb_Arab,Alibaba-NLP/gte-multilingual-base,0.9166229580864048
eng_Latn,kas_Deva,Alibaba-NLP/gte-multilingual-base,0.9161192176526946
hat_Latn,slk_Latn,Alibaba-NLP/gte-multilingual-base,0.9159661311159528
jpn_Jpan,plt_Latn,Alibaba-NLP/gte-multilingual-base,0.91595222081121
kmr_Latn,tgk_Cyrl,Alibaba-NLP/gte-multilingual-base,0.9159164828054176
ltz_Latn,tha_Thai,Alibaba-NLP/gte-multilingual-base,0.91566943111997
ilo_Latn,ron_Latn,intfloat/multilingual-e5-large,0.9156227585199758
sna_Latn,twi_Latn,intfloat/multilingual-e5-large,0.9155479692159342
bak_Cyrl,zho_Hans,Alibaba-NLP/gte-multilingual-base,0.9153723673211888
ilo_Latn,ita_Latn,intfloat/multilingual-e5-large,0.9150625950266494
deu_Latn,mri_Latn,intfloat/multilingual-e5-large,0.9150039227475808
bem_Latn,sna_Latn,intfloat/multilingual-e5-large,0.914689126852376
ckb_Arab,rus_Cyrl,Alibaba-NLP/gte-multilingual-base,0.9146576238410636
som_Latn,tso_Latn,Alibaba-NLP/gte-multilingual-base,0.9144205355603088
hat_Latn,slv_Latn,Alibaba-NLP/gte-multilingual-base,0.9142821271645508
hau_Latn,srd_Latn,intfloat/multilingual-e5-large,0.914281601295672
kin_Latn,rus_Cyrl,intfloat/multilingual-e5-large,0.9138869048510956
kin_Latn,twi_Latn,intfloat/multilingual-e5-large,0.9136019615954056
ary_Arab,xho_Latn,Alibaba-NLP/gte-multilingual-base,0.9135427373979256
ckb_Arab,pol_Latn,Alibaba-NLP/gte-multilingual-base,0.913463813182302
hau_Latn,kor_Hang,Alibaba-NLP/gte-multilingual-base,0.9132885463487654
kor_Hang,plt_Latn,Alibaba-NLP/gte-multilingual-base,0.9132510327340018
hye_Armn,mri_Latn,intfloat/multilingual-e5-large,0.91310486575632
eng_Latn,tuk_Latn,Alibaba-NLP/gte-multilingual-base,0.913094320209048
bak_Cyrl,pol_Latn,Alibaba-NLP/gte-multilingual-base,0.9130012470311748
ces_Latn,mri_Latn,Alibaba-NLP/gte-multilingual-base,0.9128610444966508
khm_Khmr,plt_Latn,jinaai/jina-embeddings-v3,0.912650782529784
dan_Latn,wol_Latn,Alibaba-NLP/gte-multilingual-base,0.9126324484708004
hat_Latn,hun_Latn,intfloat/multilingual-e5-large,0.91221660611781
nya_Latn,pol_Latn,intfloat/multilingual-e5-large,0.9122018150119124
afr_Latn,lua_Latn,intfloat/multilingual-e5-large,0.9119661921102578
bak_Cyrl,fin_Latn,Alibaba-NLP/gte-multilingual-base,0.9119617475174104
tso_Latn,twi_Latn,intfloat/multilingual-e5-large,0.9119344978649284
hau_Latn,tgk_Cyrl,intfloat/multilingual-e5-large,0.9117556761898096
hau_Latn,tir_Ethi,intfloat/multilingual-e5-large,0.9117282687720516
aka_Latn,fra_Latn,intfloat/multilingual-e5-large,0.9116133172844418
hat_Latn,pol_Latn,Alibaba-NLP/gte-multilingual-base,0.9115657471010856
ltz_Latn,lit_Latn,Alibaba-NLP/gte-multilingual-base,0.911516435485145
bem_Latn,tsn_Latn,intfloat/multilingual-e5-large,0.9114079147057368
deu_Latn,wol_Latn,Alibaba-NLP/gte-multilingual-base,0.91125784834333
isl_Latn,mri_Latn,intfloat/multilingual-e5-large,0.911238681293684
ces_Latn,wol_Latn,Alibaba-NLP/gte-multilingual-base,0.911203683439438
som_Latn,tgk_Cyrl,Alibaba-NLP/gte-multilingual-base,0.9111911403905228
twi_Latn,fra_Latn,intfloat/multilingual-e5-large,0.9111281435140344
xho_Latn,zho_Hans,Alibaba-NLP/gte-multilingual-base,0.9109854913654014
xho_Latn,pol_Latn,intfloat/multilingual-e5-large,0.9109703342369972
sna_Latn,zho_Hant,intfloat/multilingual-e5-large,0.9108216639739964
ind_Latn,shn_Mymr,Alibaba-NLP/gte-multilingual-base,0.910640212233529
als_Latn,yor_Latn,intfloat/multilingual-e5-large,0.9105058408634458
lug_Latn,som_Latn,intfloat/multilingual-e5-large,0.9103858705171718
nya_Latn,rus_Cyrl,intfloat/multilingual-e5-large,0.910178515855867
eng_Latn,gaz_Latn,Alibaba-NLP/gte-multilingual-base,0.9101276392362307
hat_Latn,mri_Latn,intfloat/multilingual-e5-large,0.9100651032752411
fra_Latn,wol_Latn,intfloat/multilingual-e5-large,0.9099569357829091
ibo_Latn,por_Latn,intfloat/multilingual-e5-large,0.9099428964215014
nso_Latn,tur_Latn,intfloat/multilingual-e5-large,0.909936793710684
ind_Latn,wol_Latn,Alibaba-NLP/gte-multilingual-base,0.9092222944471724
tir_Ethi,tso_Latn,Alibaba-NLP/gte-multilingual-base,0.9091418232799328
mri_Latn,xho_Latn,intfloat/multilingual-e5-large,0.9089071855450164
hat_Latn,isl_Latn,intfloat/multilingual-e5-large,0.9087762594315644
lim_Latn,srd_Latn,Alibaba-NLP/gte-multilingual-base,0.9085878259936464
kas_Deva,mar_Deva,Alibaba-NLP/gte-multilingual-base,0.9083486915354616
lug_Latn,tso_Latn,intfloat/multilingual-e5-large,0.9082803982906296
cat_Latn,yor_Latn,intfloat/multilingual-e5-large,0.9081894759138808
mlt_Latn,zho_Hans,intfloat/multilingual-e5-large,0.9081279218215248
heb_Hebr,kab_Latn,Alibaba-NLP/gte-multilingual-base,0.907995665323524
lua_Latn,zul_Latn,intfloat/multilingual-e5-large,0.9078324396240034
run_Latn,tir_Ethi,intfloat/multilingual-e5-large,0.9077454725993868
eng_Latn,lua_Latn,intfloat/multilingual-e5-large,0.9076095985330696
lin_Latn,ita_Latn,intfloat/multilingual-e5-large,0.9075396466431992
tir_Ethi,tsn_Latn,Alibaba-NLP/gte-multilingual-base,0.9074680926864486
ben_Beng,yor_Latn,intfloat/multilingual-e5-large,0.9072943522867576
mri_Latn,sin_Sinh,intfloat/multilingual-e5-large,0.9072514357441862
hat_Latn,lit_Latn,Alibaba-NLP/gte-multilingual-base,0.9071015540329228
run_Latn,twi_Latn,intfloat/multilingual-e5-large,0.9070240762267646
hau_Latn,luo_Latn,Alibaba-NLP/gte-multilingual-base,0.9069740673768856
amh_Ethi,mri_Latn,intfloat/multilingual-e5-large,0.90690519646475
ell_Grek,mri_Latn,intfloat/multilingual-e5-large,0.9068098640863506
lua_Latn,xho_Latn,intfloat/multilingual-e5-large,0.9067634562931344
ibo_Latn,twi_Latn,intfloat/multilingual-e5-large,0.9066183228005668
hun_Latn,mri_Latn,Alibaba-NLP/gte-multilingual-base,0.9065932569992424
mri_Latn,smo_Latn,intfloat/multilingual-e5-large,0.9064795923315576
hau_Latn,twi_Latn,intfloat/multilingual-e5-large,0.9064476269412826
amh_Ethi,twi_Latn,intfloat/multilingual-e5-large,0.906376274536218
som_Latn,zho_Hant,Alibaba-NLP/gte-multilingual-base,0.9061153097732548
gla_Latn,swe_Latn,Alibaba-NLP/gte-multilingual-base,0.9058810686189096
ibo_Latn,kin_Latn,intfloat/multilingual-e5-large,0.90584183402544
heb_Hebr,mri_Latn,Alibaba-NLP/gte-multilingual-base,0.9057760453976113
ibo_Latn,tur_Latn,intfloat/multilingual-e5-large,0.9052654035187204
eng_Latn,fij_Latn,intfloat/multilingual-e5-large,0.905240406716426
xho_Latn,yor_Latn,intfloat/multilingual-e5-large,0.9052003406618024
gla_Latn,hun_Latn,Alibaba-NLP/gte-multilingual-base,0.9051387045567312
gla_Latn,ukr_Cyrl,Alibaba-NLP/gte-multilingual-base,0.905109803696974
tgk_Cyrl,zho_Hans,Alibaba-NLP/gte-multilingual-base,0.9050211366903615
ilo_Latn,rus_Cyrl,intfloat/multilingual-e5-large,0.9046744349911456
kas_Deva,urd_Arab,Alibaba-NLP/gte-multilingual-base,0.904659374179792
bak_Cyrl,ell_Grek,Alibaba-NLP/gte-multilingual-base,0.904509032607456
ary_Arab,som_Latn,Alibaba-NLP/gte-multilingual-base,0.9041853797909508
yor_Latn,zul_Latn,intfloat/multilingual-e5-large,0.9041302814584802
hat_Latn,kor_Hang,Alibaba-NLP/gte-multilingual-base,0.9041095896155016
bul_Cyrl,mri_Latn,Alibaba-NLP/gte-multilingual-base,0.903988445333938
xho_Latn,jpn_Jpan,intfloat/multilingual-e5-large,0.9035240200737308
gla_Latn,tur_Latn,Alibaba-NLP/gte-multilingual-base,0.903397187374828
bak_Cyrl,zho_Hant,Alibaba-NLP/gte-multilingual-base,0.9032467442143606
bel_Cyrl,mri_Latn,Alibaba-NLP/gte-multilingual-base,0.9031584972750968
xho_Latn,zho_Hant,intfloat/multilingual-e5-large,0.90294104472298
gla_Latn,ind_Latn,Alibaba-NLP/gte-multilingual-base,0.9029105241054456
sna_Latn,swe_Latn,intfloat/multilingual-e5-large,0.9028358791131488
gla_Latn,ita_Latn,Alibaba-NLP/gte-multilingual-base,0.902795278880318
kat_Geor,mri_Latn,intfloat/multilingual-e5-large,0.9025834737034428
sot_Latn,yor_Latn,intfloat/multilingual-e5-large,0.9025780765750888
ibo_Latn,ita_Latn,intfloat/multilingual-e5-large,0.9024648156625972
tgk_Cyrl,tur_Latn,Alibaba-NLP/gte-multilingual-base,0.902413482152807
pag_Latn,por_Latn,intfloat/multilingual-e5-large,0.9022846784458568
lua_Latn,nya_Latn,intfloat/multilingual-e5-large,0.9020299868558694
por_Latn,quy_Latn,Alibaba-NLP/gte-multilingual-base,0.9018341287260636
gla_Latn,hrv_Latn,Alibaba-NLP/gte-multilingual-base,0.901819321016532
hat_Latn,tha_Thai,Alibaba-NLP/gte-multilingual-base,0.901745247606002
tel_Telu,yor_Latn,intfloat/multilingual-e5-large,0.9016886353041146
kas_Deva,tam_Taml,Alibaba-NLP/gte-multilingual-base,0.9016236389476424
kin_Latn,hun_Latn,intfloat/multilingual-e5-large,0.9014730458321444
hau_Latn,lug_Latn,intfloat/multilingual-e5-large,0.9012377147268488
tsn_Latn,tur_Latn,intfloat/multilingual-e5-large,0.901173502360783
ace_Latn,eng_Latn,intfloat/multilingual-e5-large,0.901104582554602
kin_Latn,nld_Latn,intfloat/multilingual-e5-large,0.9007484784296672
amh_Ethi,lua_Latn,intfloat/multilingual-e5-large,0.9006942296012169
mri_Latn,war_Latn,intfloat/multilingual-e5-large,0.9005965699547466
afr_Latn,ewe_Latn,intfloat/multilingual-e5-large,0.9002437082192616
kin_Latn,lua_Latn,intfloat/multilingual-e5-large,0.900025977018697
plt_Latn,zho_Hans,jinaai/jina-embeddings-v3,0.8998531892613347
gla_Latn,hin_Deva,Alibaba-NLP/gte-multilingual-base,0.8997784773934744
hau_Latn,lua_Latn,intfloat/multilingual-e5-large,0.8996825815498621
swh_Latn,yor_Latn,intfloat/multilingual-e5-large,0.89967582338185
ibo_Latn,nld_Latn,Alibaba-NLP/gte-multilingual-base,0.8996296865650814
mri_Latn,mar_Deva,intfloat/multilingual-e5-large,0.8996182259550434
eng_Latn,bem_Latn,intfloat/multilingual-e5-large,0.8995669746162457
mri_Latn,urd_Arab,intfloat/multilingual-e5-large,0.8993674593068338
ilo_Latn,mkd_Cyrl,intfloat/multilingual-e5-large,0.8993361435421637
spa_Latn,wol_Latn,intfloat/multilingual-e5-large,0.8992730015017869
ckb_Arab,kmr_Latn,intfloat/multilingual-e5-large,0.8991728710197829
ilo_Latn,mri_Latn,intfloat/multilingual-e5-large,0.898772047102679
nya_Latn,zho_Hant,intfloat/multilingual-e5-large,0.8981960336274343
ibo_Latn,ukr_Cyrl,Alibaba-NLP/gte-multilingual-base,0.8981934712375454
nso_Latn,yor_Latn,intfloat/multilingual-e5-large,0.8981929073619587
mar_Deva,yor_Latn,intfloat/multilingual-e5-large,0.8980966075928992
hrv_Latn,yor_Latn,intfloat/multilingual-e5-large,0.8979707974564316
afr_Latn,umb_Latn,Alibaba-NLP/gte-multilingual-base,0.8978940468217455
fra_Latn,umb_Latn,Alibaba-NLP/gte-multilingual-base,0.8975906160973303
tam_Taml,yor_Latn,intfloat/multilingual-e5-large,0.8974641013935374
fra_Latn,yor_Latn,intfloat/multilingual-e5-large,0.8972509374984847
bem_Latn,kin_Latn,Alibaba-NLP/gte-multilingual-base,0.8971311555261343
sna_Latn,rus_Cyrl,intfloat/multilingual-e5-large,0.8971063554862516
fra_Latn,kmb_Latn,Alibaba-NLP/gte-multilingual-base,0.8970730308377172
kin_Latn,jpn_Jpan,intfloat/multilingual-e5-large,0.8970221123370061
ibo_Latn,ron_Latn,intfloat/multilingual-e5-large,0.8969853872008524
hat_Latn,plt_Latn,intfloat/multilingual-e5-large,0.8969529644899086
ibo_Latn,rus_Cyrl,intfloat/multilingual-e5-large,0.896836578910303
gla_Latn,por_Latn,Alibaba-NLP/gte-multilingual-base,0.8967209756771786
lin_Latn,ron_Latn,intfloat/multilingual-e5-large,0.8964874201543892
gla_Latn,slk_Latn,Alibaba-NLP/gte-multilingual-base,0.896471650931119
sin_Sinh,yor_Latn,intfloat/multilingual-e5-large,0.8964266566758068
tgk_Cyrl,tha_Thai,Alibaba-NLP/gte-multilingual-base,0.896202694027691
nso_Latn,swe_Latn,intfloat/multilingual-e5-large,0.8960299744412331
mal_Mlym,yor_Latn,intfloat/multilingual-e5-large,0.8956020247499553
lin_Latn,tur_Latn,intfloat/multilingual-e5-large,0.8952620679840194
hin_Deva,yor_Latn,intfloat/multilingual-e5-large,0.8949555341349251
hat_Latn,jpn_Jpan,Alibaba-NLP/gte-multilingual-base,0.8949515694280411
eng_Latn,lus_Latn,intfloat/multilingual-e5-large,0.894648318377299
mlt_Latn,tha_Thai,jinaai/jina-embeddings-v5-text-small,0.8945325471649543
fij_Latn,jav_Latn,intfloat/multilingual-e5-large,0.8942069094293345
fij_Latn,war_Latn,intfloat/multilingual-e5-large,0.8936920194858242
bul_Cyrl,kab_Latn,Alibaba-NLP/gte-multilingual-base,0.8935676954465722
plt_Latn,mri_Latn,intfloat/multilingual-e5-large,0.8934718575751487
cym_Latn,yor_Latn,intfloat/multilingual-e5-large,0.8931223599375625
deu_Latn,kab_Latn,Alibaba-NLP/gte-multilingual-base,0.8931094959181272
gla_Latn,lit_Latn,Alibaba-NLP/gte-multilingual-base,0.8931062941876642
nya_Latn,zho_Hans,Alibaba-NLP/gte-multilingual-base,0.8930484544292294
ibo_Latn,nob_Latn,Alibaba-NLP/gte-multilingual-base,0.8929766112920516
nya_Latn,swe_Latn,intfloat/multilingual-e5-large,0.892882438988779
ell_Grek,wol_Latn,Alibaba-NLP/gte-multilingual-base,0.8928545457680342
bem_Latn,run_Latn,Alibaba-NLP/gte-multilingual-base,0.8928526265834801
mri_Latn,mal_Mlym,intfloat/multilingual-e5-large,0.892303261041702
ron_Latn,kab_Latn,Alibaba-NLP/gte-multilingual-base,0.8919761049724744
gla_Latn,heb_Hebr,Alibaba-NLP/gte-multilingual-base,0.8918087006397256
lua_Latn,tsn_Latn,intfloat/multilingual-e5-large,0.8915333531876192
nso_Latn,pol_Latn,intfloat/multilingual-e5-large,0.8912989225897416
ibo_Latn,lvs_Latn,Alibaba-NLP/gte-multilingual-base,0.8910349114026828
dan_Latn,kab_Latn,Alibaba-NLP/gte-multilingual-base,0.8907111173996795
arb_Arab,kab_Latn,Alibaba-NLP/gte-multilingual-base,0.8906228334094455
est_Latn,kab_Latn,Alibaba-NLP/gte-multilingual-base,0.8906155006648823
fin_Latn,kab_Latn,Alibaba-NLP/gte-multilingual-base,0.8905189875964784
ewe_Latn,xho_Latn,intfloat/multilingual-e5-large,0.8904451562060036
ewe_Latn,sot_Latn,intfloat/multilingual-e5-large,0.8904182922759015
lin_Latn,nld_Latn,Alibaba-NLP/gte-multilingual-base,0.8901871143358264
ibo_Latn,mkd_Cyrl,Alibaba-NLP/gte-multilingual-base,0.889943561037853
ewe_Latn,zul_Latn,intfloat/multilingual-e5-large,0.8898593852178348
hat_Latn,zho_Hans,Alibaba-NLP/gte-multilingual-base,0.8896909206138882
tgk_Cyrl,zho_Hant,Alibaba-NLP/gte-multilingual-base,0.8895747354322316
som_Latn,tum_Latn,intfloat/multilingual-e5-large,0.8893130770003357
jpn_Jpan,mri_Latn,Alibaba-NLP/gte-multilingual-base,0.8892823674628872
ibo_Latn,swe_Latn,Alibaba-NLP/gte-multilingual-base,0.8891142373528366
fin_Latn,wol_Latn,Alibaba-NLP/gte-multilingual-base,0.8890089379810542
ssw_Latn,swe_Latn,Alibaba-NLP/gte-multilingual-base,0.8889774468787582
amh_Ethi,ewe_Latn,Alibaba-NLP/gte-multilingual-base,0.8887862821532869
ben_Beng,kab_Latn,Alibaba-NLP/gte-multilingual-base,0.8886264801818136
ind_Latn,kab_Latn,Alibaba-NLP/gte-multilingual-base,0.8883171411757841
afr_Latn,bam_Latn,intfloat/multilingual-e5-large,0.8878480768376561
lin_Latn,rus_Cyrl,intfloat/multilingual-e5-large,0.8878296615134393
lvs_Latn,yor_Latn,intfloat/multilingual-e5-large,0.8875012892103051
bem_Latn,fra_Latn,intfloat/multilingual-e5-large,0.8873534422867871
ewe_Latn,nso_Latn,intfloat/multilingual-e5-large,0.8872588359977036
lua_Latn,sna_Latn,intfloat/multilingual-e5-large,0.8871448982980719
arb_Arab,yor_Latn,intfloat/multilingual-e5-large,0.886740842355396
plt_Latn,pag_Latn,intfloat/multilingual-e5-large,0.8865393939512408
nya_Latn,yor_Latn,intfloat/multilingual-e5-large,0.8864423247340366
wol_Latn,fra_Latn,intfloat/multilingual-e5-large,0.886336127444742
kor_Hang,mri_Latn,Alibaba-NLP/gte-multilingual-base,0.8861646761053017
tir_Ethi,tum_Latn,Alibaba-NLP/gte-multilingual-base,0.885994182367417
ilo_Latn,tur_Latn,intfloat/multilingual-e5-large,0.8858937292385416
eng_Latn,grn_Latn,intfloat/multilingual-e5-large,0.8858807666087167
luo_Latn,nya_Latn,Alibaba-NLP/gte-multilingual-base,0.8857327635435754
por_Latn,kab_Latn,Alibaba-NLP/gte-multilingual-base,0.8854404800488949
spa_Latn,bam_Latn,intfloat/multilingual-e5-large,0.885321643276294
kas_Deva,tel_Telu,Alibaba-NLP/gte-multilingual-base,0.8852240801564317
ssw_Latn,zho_Hans,Alibaba-NLP/gte-multilingual-base,0.8851704434198613
fin_Latn,mri_Latn,Alibaba-NLP/gte-multilingual-base,0.8849517821917037
hun_Latn,kab_Latn,Alibaba-NLP/gte-multilingual-base,0.8849488343204652
ibo_Latn,slv_Latn,Alibaba-NLP/gte-multilingual-base,0.8848358473392954
gla_Latn,rus_Cyrl,Alibaba-NLP/gte-multilingual-base,0.8847730806310338
urd_Arab,yor_Latn,intfloat/multilingual-e5-large,0.8846564356954072
bos_Latn,kab_Latn,Alibaba-NLP/gte-multilingual-base,0.8845382431571027
kaz_Cyrl,yor_Latn,intfloat/multilingual-e5-large,0.8843920234526754
lit_Latn,mri_Latn,Alibaba-NLP/gte-multilingual-base,0.8842878022431625
hau_Latn,yor_Latn,intfloat/multilingual-e5-large,0.8842842770002153
pol_Latn,kab_Latn,Alibaba-NLP/gte-multilingual-base,0.8837648042159624
hat_Latn,zho_Hant,Alibaba-NLP/gte-multilingual-base,0.8836878926247523
pag_Latn,rus_Cyrl,Alibaba-NLP/gte-multilingual-base,0.8835311994644081
ibo_Latn,tha_Thai,Alibaba-NLP/gte-multilingual-base,0.8830233630026837
fra_Latn,fuv_Latn,Alibaba-NLP/gte-multilingual-base,0.8825136841997631
fij_Latn,ilo_Latn,Alibaba-NLP/gte-multilingual-base,0.88230703331852
ilo_Latn,hun_Latn,intfloat/multilingual-e5-large,0.8822385685031162
ces_Latn,kab_Latn,Alibaba-NLP/gte-multilingual-base,0.8820097313113175
gla_Latn,pol_Latn,Alibaba-NLP/gte-multilingual-base,0.8817173833958776
mkd_Cyrl,yor_Latn,intfloat/multilingual-e5-large,0.8816401650874808
fra_Latn,kab_Latn,Alibaba-NLP/gte-multilingual-base,0.8811277692945492
luo_Latn,sna_Latn,Alibaba-NLP/gte-multilingual-base,0.8810545636711239
srp_Cyrl,yor_Latn,intfloat/multilingual-e5-large,0.8809399405984576
nya_Latn,ukr_Cyrl,Alibaba-NLP/gte-multilingual-base,0.8808105606651222
ibo_Latn,yor_Latn,intfloat/multilingual-e5-large,0.8807770179798354
ibo_Latn,zho_Hans,Alibaba-NLP/gte-multilingual-base,0.8807510577431474
tum_Latn,twi_Latn,intfloat/multilingual-e5-large,0.8806211276411404
ind_Latn,yor_Latn,intfloat/multilingual-e5-large,0.8801459388384125
ilo_Latn,swe_Latn,intfloat/multilingual-e5-large,0.8800220216669522
tsn_Latn,zho_Hant,intfloat/multilingual-e5-large,0.8799980033325716
lug_Latn,por_Latn,intfloat/multilingual-e5-large,0.8799082969042492
eng_Latn,yor_Latn,intfloat/multilingual-e5-large,0.879673242516788
ilo_Latn,pol_Latn,intfloat/multilingual-e5-large,0.8794921725422219
ell_Grek,kab_Latn,Alibaba-NLP/gte-multilingual-base,0.8790432817326985
hrv_Latn,kab_Latn,Alibaba-NLP/gte-multilingual-base,0.8788640367997983
nya_Latn,slk_Latn,intfloat/multilingual-e5-large,0.8788371446872045
eng_Latn,wol_Latn,intfloat/multilingual-e5-large,0.8786954595888476
mri_Latn,sun_Latn,intfloat/multilingual-e5-large,0.8786098940359387
kin_Latn,slv_Latn,intfloat/multilingual-e5-large,0.8785870043555384
tso_Latn,yor_Latn,intfloat/multilingual-e5-large,0.8784895409966724
ssw_Latn,tur_Latn,Alibaba-NLP/gte-multilingual-base,0.8781098002338891
ibo_Latn,slk_Latn,Alibaba-NLP/gte-multilingual-base,0.8780945440896056
ita_Latn,kab_Latn,Alibaba-NLP/gte-multilingual-base,0.8778529385641681
tur_Latn,yor_Latn,intfloat/multilingual-e5-large,0.877787810766504
tsn_Latn,zho_Hans,Alibaba-NLP/gte-multilingual-base,0.8777502474240765
nya_Latn,slv_Latn,intfloat/multilingual-e5-large,0.877205671853421
kat_Geor,yor_Latn,intfloat/multilingual-e5-large,0.8768559210129621
mri_Latn,tel_Telu,intfloat/multilingual-e5-large,0.8768043435447243
fij_Latn,smo_Latn,intfloat/multilingual-e5-large,0.8765071972043585
amh_Ethi,fuv_Latn,Alibaba-NLP/gte-multilingual-base,0.876417536869972
afr_Latn,yor_Latn,intfloat/multilingual-e5-large,0.8759029109352058
deu_Latn,yor_Latn,Alibaba-NLP/gte-multilingual-base,0.8754144606238361
eus_Latn,kab_Latn,Alibaba-NLP/gte-multilingual-base,0.8753460691897373
kor_Hang,kab_Latn,Alibaba-NLP/gte-multilingual-base,0.8750482679721218
spa_Latn,kab_Latn,Alibaba-NLP/gte-multilingual-base,0.8750335549359891
gla_Latn,jpn_Jpan,Alibaba-NLP/gte-multilingual-base,0.8748927248634188
fra_Latn,kam_Latn,Alibaba-NLP/gte-multilingual-base,0.874874073555233
tsn_Latn,yor_Latn,intfloat/multilingual-e5-large,0.8748000061339775
ilo_Latn,plt_Latn,intfloat/multilingual-e5-large,0.8747588187567312
lug_Latn,vie_Latn,intfloat/multilingual-e5-large,0.8747496146309123
eng_Latn,luo_Latn,Alibaba-NLP/gte-multilingual-base,0.874687206151437
ibo_Latn,isl_Latn,intfloat/multilingual-e5-large,0.8742028008647612
ita_Latn,yor_Latn,intfloat/multilingual-e5-large,0.8740962187136992
luo_Latn,xho_Latn,intfloat/multilingual-e5-large,0.8737456014139409
ewe_Latn,lug_Latn,Alibaba-NLP/gte-multilingual-base,0.8737436070955383
spa_Latn,yor_Latn,intfloat/multilingual-e5-large,0.8737343040102277
lin_Latn,zho_Hans,Alibaba-NLP/gte-multilingual-base,0.8735070379582299
bul_Cyrl,yor_Latn,intfloat/multilingual-e5-large,0.8734062921636656
por_Latn,ayr_Latn,Alibaba-NLP/gte-multilingual-base,0.8728940576072557
bem_Latn,hau_Latn,intfloat/multilingual-e5-large,0.8726057028083068
ukr_Cyrl,yor_Latn,Alibaba-NLP/gte-multilingual-base,0.8721626074875258
ibo_Latn,zho_Hant,intfloat/multilingual-e5-large,0.8721331708779325
ilo_Latn,slv_Latn,intfloat/multilingual-e5-large,0.872110739582077
kin_Latn,slk_Latn,intfloat/multilingual-e5-large,0.8720638639783443
deu_Latn,bam_Latn,Alibaba-NLP/gte-multilingual-base,0.8719697903174343
eng_Latn,mni_Beng,Alibaba-NLP/gte-multilingual-base,0.8718339138689986
kin_Latn,yor_Latn,intfloat/multilingual-e5-large,0.8718160459863684
hye_Armn,yor_Latn,intfloat/multilingual-e5-large,0.8717318476815972
bem_Latn,eng_Latn,intfloat/multilingual-e5-large,0.8716629582837486
gla_Latn,zho_Hans,Alibaba-NLP/gte-multilingual-base,0.8714425250812984
ilo_Latn,isl_Latn,intfloat/multilingual-e5-large,0.8713274029285902
lua_Latn,run_Latn,Alibaba-NLP/gte-multilingual-base,0.8713190124990895
rus_Cyrl,kab_Latn,Alibaba-NLP/gte-multilingual-base,0.870969803642664
ibo_Latn,jpn_Jpan,Alibaba-NLP/gte-multilingual-base,0.87093418408092
fij_Latn,sun_Latn,intfloat/multilingual-e5-large,0.8708938398565661
ibo_Latn,pol_Latn,intfloat/multilingual-e5-large,0.8706613285740251
kin_Latn,zho_Hans,Alibaba-NLP/gte-multilingual-base,0.8705673734784102
swe_Latn,yor_Latn,Alibaba-NLP/gte-multilingual-base,0.8702065922542535
ron_Latn,yor_Latn,intfloat/multilingual-e5-large,0.8699304204543089
ibo_Latn,lit_Latn,Alibaba-NLP/gte-multilingual-base,0.8697735754327675
nya_Latn,tha_Thai,Alibaba-NLP/gte-multilingual-base,0.8697680619041175
por_Latn,yor_Latn,Alibaba-NLP/gte-multilingual-base,0.8696791657509059
ces_Latn,ayr_Latn,Alibaba-NLP/gte-multilingual-base,0.8695941752576297
sun_Latn,yor_Latn,intfloat/multilingual-e5-large,0.8694924435391082
nld_Latn,kab_Latn,Alibaba-NLP/gte-multilingual-base,0.8693695807225924
hun_Latn,yor_Latn,Alibaba-NLP/gte-multilingual-base,0.8690709943713892
rus_Cyrl,yor_Latn,intfloat/multilingual-e5-large,0.8690667115125295
dan_Latn,yor_Latn,Alibaba-NLP/gte-multilingual-base,0.8684828846569093
tsn_Latn,ukr_Cyrl,Alibaba-NLP/gte-multilingual-base,0.8684300398846801
ewe_Latn,tsn_Latn,intfloat/multilingual-e5-large,0.8684116975182015
eng_Latn,ewe_Latn,intfloat/multilingual-e5-large,0.8679449393440679
lin_Latn,yor_Latn,intfloat/multilingual-e5-large,0.8678492569928324
lin_Latn,pol_Latn,intfloat/multilingual-e5-large,0.8677573917912416
heb_Hebr,yor_Latn,Alibaba-NLP/gte-multilingual-base,0.8677424717270998
run_Latn,yor_Latn,intfloat/multilingual-e5-large,0.8676760998350374
ilo_Latn,nld_Latn,intfloat/multilingual-e5-large,0.8674257229756751
deu_Latn,ayr_Latn,Alibaba-NLP/gte-multilingual-base,0.8673224969321994
sna_Latn,ukr_Cyrl,Alibaba-NLP/gte-multilingual-base,0.8672973751293074
ewe_Latn,nya_Latn,intfloat/multilingual-e5-large,0.8670976505181232
sna_Latn,yor_Latn,intfloat/multilingual-e5-large,0.866788408844499
mri_Latn,mya_Mymr,Alibaba-NLP/gte-multilingual-base,0.8666108969188702
som_Latn,twi_Latn,intfloat/multilingual-e5-large,0.8665547736059968
tir_Ethi,twi_Latn,Alibaba-NLP/gte-multilingual-base,0.8665136397548029
ilo_Latn,slk_Latn,intfloat/multilingual-e5-large,0.8665071668455229
amh_Ethi,yor_Latn,intfloat/multilingual-e5-large,0.8664539514073673
bug_Latn,eng_Latn,Alibaba-NLP/gte-multilingual-base,0.86632440702527
ibo_Latn,kor_Hang,Alibaba-NLP/gte-multilingual-base,0.8662552354145351
ilo_Latn,lit_Latn,intfloat/multilingual-e5-large,0.8656898081957278
fra_Latn,sag_Latn,Alibaba-NLP/gte-multilingual-base,0.8649405470563417
ewe_Latn,sna_Latn,intfloat/multilingual-e5-large,0.8645668429939378
sna_Latn,zho_Hans,Alibaba-NLP/gte-multilingual-base,0.8640828532755985
lug_Latn,twi_Latn,intfloat/multilingual-e5-large,0.8638385991315778
mri_Latn,nld_Latn,Alibaba-NLP/gte-multilingual-base,0.8636382878416764
lin_Latn,swe_Latn,Alibaba-NLP/gte-multilingual-base,0.862557327480631
vie_Latn,yor_Latn,Alibaba-NLP/gte-multilingual-base,0.8624335447057674
slk_Latn,yor_Latn,Alibaba-NLP/gte-multilingual-base,0.8610158163726458
luo_Latn,zul_Latn,intfloat/multilingual-e5-large,0.8605615411786921
lin_Latn,zho_Hant,intfloat/multilingual-e5-large,0.8604105556203547
ces_Latn,yor_Latn,Alibaba-NLP/gte-multilingual-base,0.8599092219610415
nld_Latn,yor_Latn,intfloat/multilingual-e5-large,0.859882298361987
wol_Latn,nld_Latn,Alibaba-NLP/gte-multilingual-base,0.8597567499769961
luo_Latn,tsn_Latn,Alibaba-NLP/gte-multilingual-base,0.8589369802387924
slv_Latn,yor_Latn,Alibaba-NLP/gte-multilingual-base,0.8588483453610346
lug_Latn,zho_Hans,Alibaba-NLP/gte-multilingual-base,0.8586276251218457
pol_Latn,yor_Latn,Alibaba-NLP/gte-multilingual-base,0.8585665654582482
ace_Latn,por_Latn,Alibaba-NLP/gte-multilingual-base,0.8584140495522186
fij_Latn,hin_Deva,intfloat/multilingual-e5-large,0.8579589071124123
fin_Latn,yor_Latn,Alibaba-NLP/gte-multilingual-base,0.8579456030161644
isl_Latn,yor_Latn,intfloat/multilingual-e5-large,0.8579097459379147
kin_Latn,ukr_Cyrl,intfloat/multilingual-e5-large,0.8571690575288857
ace_Latn,rus_Cyrl,Alibaba-NLP/gte-multilingual-base,0.8570413085802638
lit_Latn,yor_Latn,Alibaba-NLP/gte-multilingual-base,0.8568377301411944
ilo_Latn,zho_Hans,Alibaba-NLP/gte-multilingual-base,0.856499487889843
bel_Cyrl,yor_Latn,Alibaba-NLP/gte-multilingual-base,0.8551318803003968
spa_Latn,sag_Latn,Alibaba-NLP/gte-multilingual-base,0.8545471475843432
umb_Latn,zul_Latn,Alibaba-NLP/gte-multilingual-base,0.8535599512936352
fij_Latn,mri_Latn,intfloat/multilingual-e5-large,0.8529967044811237
hat_Latn,yor_Latn,intfloat/multilingual-e5-large,0.8527806461394389
fra_Latn,nus_Latn,Alibaba-NLP/gte-multilingual-base,0.8525969373420554
sna_Latn,tha_Thai,Alibaba-NLP/gte-multilingual-base,0.8523677974917007
bam_Latn,fra_Latn,intfloat/multilingual-e5-large,0.8522150056505607
kin_Latn,tha_Thai,Alibaba-NLP/gte-multilingual-base,0.852161560476313
eng_Latn,bam_Latn,intfloat/multilingual-e5-large,0.852040542252123
ell_Grek,yor_Latn,intfloat/multilingual-e5-large,0.8509525434763463
wol_Latn,swe_Latn,Alibaba-NLP/gte-multilingual-base,0.8507340680561327
kor_Hang,yor_Latn,Alibaba-NLP/gte-multilingual-base,0.8500959877471491
ewe_Latn,kin_Latn,Alibaba-NLP/gte-multilingual-base,0.8497494572183871
kin_Latn,heb_Hebr,intfloat/multilingual-e5-large,0.849026680130568
tha_Thai,yor_Latn,Alibaba-NLP/gte-multilingual-base,0.8490263987005935
grn_Latn,por_Latn,intfloat/multilingual-e5-large,0.848437940078587
jpn_Jpan,yor_Latn,Alibaba-NLP/gte-multilingual-base,0.8480662059701527
mri_Latn,vie_Latn,Alibaba-NLP/gte-multilingual-base,0.8479513742518775
khm_Khmr,yor_Latn,Alibaba-NLP/gte-multilingual-base,0.8477031474220031
mri_Latn,srp_Cyrl,Alibaba-NLP/gte-multilingual-base,0.8470815429981473
eng_Latn,shn_Mymr,Alibaba-NLP/gte-multilingual-base,0.8458439403075763
ewe_Latn,lin_Latn,intfloat/multilingual-e5-large,0.8456118192717188
ilo_Latn,ukr_Cyrl,Alibaba-NLP/gte-multilingual-base,0.8449652256357634
afr_Latn,fon_Latn,intfloat/multilingual-e5-large,0.8441571733364527
ewe_Latn,tso_Latn,intfloat/multilingual-e5-large,0.8430935606086352
ewe_Latn,twi_Latn,intfloat/multilingual-e5-large,0.8427615717569611
mri_Latn,ron_Latn,Alibaba-NLP/gte-multilingual-base,0.8423212441147737
mri_Latn,ukr_Cyrl,Alibaba-NLP/gte-multilingual-base,0.8397318385952397
tum_Latn,yor_Latn,intfloat/multilingual-e5-large,0.8377973681629375
eng_Latn,fuv_Latn,Alibaba-NLP/gte-multilingual-base,0.8367490578889639
ewe_Latn,run_Latn,Alibaba-NLP/gte-multilingual-base,0.8366244253313085
mri_Latn,mkd_Cyrl,Alibaba-NLP/gte-multilingual-base,0.8360641243535119
ewe_Latn,fra_Latn,intfloat/multilingual-e5-large,0.8352616575923851
wol_Latn,ita_Latn,Alibaba-NLP/gte-multilingual-base,0.834265421554249
eng_Latn,umb_Latn,Alibaba-NLP/gte-multilingual-base,0.8340980822551918
wol_Latn,spa_Latn,Alibaba-NLP/gte-multilingual-base,0.8340161545313288
lug_Latn,nld_Latn,Alibaba-NLP/gte-multilingual-base,0.8332911504447191
eng_Latn,quy_Latn,Alibaba-NLP/gte-multilingual-base,0.8331796571141831
ewe_Latn,hau_Latn,intfloat/multilingual-e5-large,0.833102547273777
kab_Latn,nld_Latn,Alibaba-NLP/gte-multilingual-base,0.8325896323432663
kab_Latn,vie_Latn,Alibaba-NLP/gte-multilingual-base,0.8320267524289612
fon_Latn,nya_Latn,intfloat/multilingual-e5-large,0.8320004028023471
fon_Latn,kin_Latn,Alibaba-NLP/gte-multilingual-base,0.8311941694088795
som_Latn,yor_Latn,intfloat/multilingual-e5-large,0.8310829131102286
mri_Latn,nob_Latn,Alibaba-NLP/gte-multilingual-base,0.8310632944397465
mri_Latn,tur_Latn,Alibaba-NLP/gte-multilingual-base,0.8310238484093407
mri_Latn,swe_Latn,Alibaba-NLP/gte-multilingual-base,0.8308424293598252
ilo_Latn,jpn_Jpan,intfloat/multilingual-e5-large,0.8296066077087807
ewe_Latn,swh_Latn,intfloat/multilingual-e5-large,0.8295208290963549
wol_Latn,por_Latn,Alibaba-NLP/gte-multilingual-base,0.8288199039126622
wol_Latn,tur_Latn,Alibaba-NLP/gte-multilingual-base,0.8286128432004313
mya_Mymr,yor_Latn,Alibaba-NLP/gte-multilingual-base,0.8284433187188874
wol_Latn,zho_Hans,Alibaba-NLP/gte-multilingual-base,0.8282046990502123
ilo_Latn,kor_Hang,jinaai/jina-embeddings-v5-text-small,0.8277559660894461
ilo_Latn,tha_Thai,jinaai/jina-embeddings-v5-text-small,0.8271483248899497
mri_Latn,slv_Latn,Alibaba-NLP/gte-multilingual-base,0.8268657321756877
kab_Latn,ron_Latn,Alibaba-NLP/gte-multilingual-base,0.8265452399123321
lug_Latn,yor_Latn,intfloat/multilingual-e5-large,0.8264923554729968
ewe_Latn,som_Latn,intfloat/multilingual-e5-large,0.8258784182752875
kab_Latn,eus_Latn,Alibaba-NLP/gte-multilingual-base,0.8256128989261072
fij_Latn,pag_Latn,intfloat/multilingual-e5-large,0.8250731698908609
kab_Latn,heb_Hebr,Alibaba-NLP/gte-multilingual-base,0.8248561045450754
ewe_Latn,ibo_Latn,Alibaba-NLP/gte-multilingual-base,0.824450118361413
kab_Latn,slv_Latn,Alibaba-NLP/gte-multilingual-base,0.8242732691442689
wol_Latn,rus_Cyrl,Alibaba-NLP/gte-multilingual-base,0.8237709882095178
kab_Latn,ukr_Cyrl,Alibaba-NLP/gte-multilingual-base,0.8226545095613392
kab_Latn,swe_Latn,Alibaba-NLP/gte-multilingual-base,0.8215763118078806
mri_Latn,por_Latn,intfloat/multilingual-e5-large,0.8212267970992652
bam_Latn,eng_Latn,intfloat/multilingual-e5-large,0.8183130028644671
lug_Latn,rus_Cyrl,intfloat/multilingual-e5-large,0.8181801669148158
kin_Latn,umb_Latn,Alibaba-NLP/gte-multilingual-base,0.8178587711795231
eng_Latn,kab_Latn,Alibaba-NLP/gte-multilingual-base,0.8171036436614765
lug_Latn,ron_Latn,intfloat/multilingual-e5-large,0.8164433106030582
kab_Latn,eng_Latn,Alibaba-NLP/gte-multilingual-base,0.8160591033156934
fij_Latn,plt_Latn,Alibaba-NLP/gte-multilingual-base,0.8157051036844913
ewe_Latn,tum_Latn,intfloat/multilingual-e5-large,0.8155657621147997
kab_Latn,hun_Latn,Alibaba-NLP/gte-multilingual-base,0.8155283144756725
kab_Latn,fin_Latn,Alibaba-NLP/gte-multilingual-base,0.8155047782642869
mri_Latn,tha_Thai,Alibaba-NLP/gte-multilingual-base,0.8149862050570094
mri_Latn,zho_Hans,Alibaba-NLP/gte-multilingual-base,0.8146721616227861
bam_Latn,por_Latn,intfloat/multilingual-e5-large,0.8136910172100511
eng_Latn,kmb_Latn,Alibaba-NLP/gte-multilingual-base,0.8136141518267141
mri_Latn,rus_Cyrl,Alibaba-NLP/gte-multilingual-base,0.8128121047301103
eng_Latn,fon_Latn,intfloat/multilingual-e5-large,0.8124947205131549
ewe_Latn,tir_Ethi,intfloat/multilingual-e5-large,0.8124695992110607
luo_Latn,som_Latn,intfloat/multilingual-e5-large,0.8123357880802834
wol_Latn,pol_Latn,Alibaba-NLP/gte-multilingual-base,0.8118576382757363
fon_Latn,fra_Latn,intfloat/multilingual-e5-large,0.8113612677819085
kab_Latn,hrv_Latn,Alibaba-NLP/gte-multilingual-base,0.8112108907732036
kab_Latn,tur_Latn,Alibaba-NLP/gte-multilingual-base,0.8110087369089996
lug_Latn,tur_Latn,intfloat/multilingual-e5-large,0.8109274435389164
tir_Ethi,yor_Latn,Alibaba-NLP/gte-multilingual-base,0.8104898216434797
eng_Latn,kam_Latn,Alibaba-NLP/gte-multilingual-base,0.8102559636748868
eng_Latn,sag_Latn,intfloat/multilingual-e5-large,0.809442149451706
wol_Latn,zho_Hant,Alibaba-NLP/gte-multilingual-base,0.808760124801311
mri_Latn,slk_Latn,Alibaba-NLP/gte-multilingual-base,0.8078715472583639
yor_Latn,zho_Hant,Alibaba-NLP/gte-multilingual-base,0.807412218788163
kab_Latn,tha_Thai,Alibaba-NLP/gte-multilingual-base,0.8073729894794646
kab_Latn,ind_Latn,Alibaba-NLP/gte-multilingual-base,0.8069094730067382
mri_Latn,pol_Latn,Alibaba-NLP/gte-multilingual-base,0.8064719888191618
kmb_Latn,por_Latn,Alibaba-NLP/gte-multilingual-base,0.8058847333764712
kab_Latn,ell_Grek,Alibaba-NLP/gte-multilingual-base,0.8058582273653893
afr_Latn,dyu_Latn,Alibaba-NLP/gte-multilingual-base,0.805857251145232
lug_Latn,swe_Latn,Alibaba-NLP/gte-multilingual-base,0.8047185388597641
yor_Latn,zho_Hans,Alibaba-NLP/gte-multilingual-base,0.8037697044725762
eng_Latn,kac_Latn,Alibaba-NLP/gte-multilingual-base,0.8037027039173841
ewe_Latn,lua_Latn,intfloat/multilingual-e5-large,0.803608298723276
kab_Latn,por_Latn,Alibaba-NLP/gte-multilingual-base,0.8032806251771978
kab_Latn,ita_Latn,Alibaba-NLP/gte-multilingual-base,0.8004202375045167
twi_Latn,yor_Latn,intfloat/multilingual-e5-large,0.799309761422893
kab_Latn,rus_Cyrl,Alibaba-NLP/gte-multilingual-base,0.799290874164677
lug_Latn,pol_Latn,intfloat/multilingual-e5-large,0.7992519266984717
kab_Latn,spa_Latn,Alibaba-NLP/gte-multilingual-base,0.799198121215017
kab_Latn,kor_Hang,Alibaba-NLP/gte-multilingual-base,0.7981899058399482
kab_Latn,deu_Latn,Alibaba-NLP/gte-multilingual-base,0.794946572973634
kab_Latn,pol_Latn,Alibaba-NLP/gte-multilingual-base,0.7947860921340645
kab_Latn,slk_Latn,Alibaba-NLP/gte-multilingual-base,0.7924984795555243
mri_Latn,zho_Hant,Alibaba-NLP/gte-multilingual-base,0.7909943539828765
ayr_Latn,eng_Latn,Alibaba-NLP/gte-multilingual-base,0.7906926415898201
kab_Latn,fra_Latn,Alibaba-NLP/gte-multilingual-base,0.7902644449668887
eng_Latn,ayr_Latn,Alibaba-NLP/gte-multilingual-base,0.7895282346480718
cjk_Latn,por_Latn,Alibaba-NLP/gte-multilingual-base,0.7893274889667344
kab_Latn,zho_Hans,Alibaba-NLP/gte-multilingual-base,0.7891442795789473
eng_Latn,kbp_Latn,Alibaba-NLP/gte-multilingual-base,0.7812002882082394
ayr_Latn,spa_Latn,Alibaba-NLP/gte-multilingual-base,0.7780065566891259
sag_Latn,por_Latn,Alibaba-NLP/gte-multilingual-base,0.777440764747192
ayr_Latn,por_Latn,Alibaba-NLP/gte-multilingual-base,0.776308443657786
eng_Latn,nus_Latn,Alibaba-NLP/gte-multilingual-base,0.7732197694441035
ayr_Latn,ita_Latn,Alibaba-NLP/gte-multilingual-base,0.7723912652408633
bam_Latn,ita_Latn,Alibaba-NLP/gte-multilingual-base,0.771390062581595
kab_Latn,zho_Hant,Alibaba-NLP/gte-multilingual-base,0.7699754822957476
ayr_Latn,rus_Cyrl,Alibaba-NLP/gte-multilingual-base,0.7680615088638735
eng_Latn,taq_Latn,Alibaba-NLP/gte-multilingual-base,0.7680148543313069
eng_Latn,mos_Latn,Alibaba-NLP/gte-multilingual-base,0.767584109160483
quy_Latn,spa_Latn,Alibaba-NLP/gte-multilingual-base,0.7666624659645566
cjk_Latn,fra_Latn,Alibaba-NLP/gte-multilingual-base,0.7627711078654524
dyu_Latn,eng_Latn,Alibaba-NLP/gte-multilingual-base,0.7573136291666259
ewe_Latn,yor_Latn,intfloat/multilingual-e5-large,0.7533552220773546
dik_Latn,eng_Latn,Alibaba-NLP/gte-multilingual-base,0.7518084973011806
ayr_Latn,pol_Latn,Alibaba-NLP/gte-multilingual-base,0.7476901341563106
ayr_Latn,fra_Latn,Alibaba-NLP/gte-multilingual-base,0.7447806540105147
dyu_Latn,hau_Latn,Alibaba-NLP/gte-multilingual-base,0.740289627218219
quy_Latn,fra_Latn,intfloat/multilingual-e5-large,0.7343979696484542
dyu_Latn,fra_Latn,Alibaba-NLP/gte-multilingual-base,0.7252657591414546
dik_Latn,fra_Latn,Alibaba-NLP/gte-multilingual-base,0.7120725374173116
bod_Tibt,eng_Latn,jinaai/jina-embeddings-v5-text-small,0.3796622181599787
dzo_Tibt,eng_Latn,jinaai/jina-embeddings-v5-text-small,0.2617611221993117
fra_Latn,tzm_Tfng,Alibaba-NLP/gte-multilingual-base,0.2111271768456761
eng_Latn,tzm_Tfng,Alibaba-NLP/gte-multilingual-base,0.180427551971502
