source_lang,target_lang,model,MRR
arb_Arab,tur_Latn,microsoft/harrier-oss-v1-0.6b,1.0
zsm_Latn,zho_Hans,microsoft/harrier-oss-v1-270m,1.0
zsm_Latn,por_Latn,jinaai/jina-embeddings-v5-text-nano,1.0
arb_Arab,ukr_Cyrl,microsoft/harrier-oss-v1-270m,1.0
bos_Latn,epo_Latn,microsoft/harrier-oss-v1-270m,1.0
fra_Latn,epo_Latn,microsoft/harrier-oss-v1-270m,1.0
bos_Latn,oci_Latn,microsoft/harrier-oss-v1-0.6b,1.0
ars_Arab,ces_Latn,microsoft/harrier-oss-v1-270m,1.0
ars_Arab,deu_Latn,microsoft/harrier-oss-v1-270m,1.0
arb_Arab,srp_Cyrl,microsoft/harrier-oss-v1-0.6b,1.0
fra_Latn,kor_Hang,jinaai/jina-embeddings-v5-text-small,1.0
arb_Arab,hrv_Latn,microsoft/harrier-oss-v1-270m,1.0
arb_Arab,ind_Latn,jinaai/jina-embeddings-v5-text-nano,1.0
arb_Arab,ita_Latn,microsoft/harrier-oss-v1-270m,1.0
arb_Arab,jpn_Jpan,microsoft/harrier-oss-v1-0.6b,1.0
arb_Arab,ces_Latn,microsoft/harrier-oss-v1-270m,1.0
arb_Arab,deu_Latn,microsoft/harrier-oss-v1-270m,1.0
ita_Latn,kor_Hang,jinaai/jina-embeddings-v5-text-nano,1.0
ita_Latn,epo_Latn,jinaai/jina-embeddings-v3,1.0
slv_Latn,por_Latn,microsoft/harrier-oss-v1-0.6b,1.0
bul_Cyrl,zho_Hans,microsoft/harrier-oss-v1-270m,1.0
cat_Latn,epo_Latn,intfloat/multilingual-e5-large,1.0
cat_Latn,est_Latn,jinaai/jina-embeddings-v3,1.0
bul_Cyrl,por_Latn,jinaai/jina-embeddings-v5-text-nano,1.0
ita_Latn,zho_Hans,microsoft/harrier-oss-v1-270m,1.0
afr_Latn,est_Latn,jinaai/jina-embeddings-v3,1.0
afr_Latn,arb_Arab,microsoft/harrier-oss-v1-0.6b,1.0
kor_Hang,ces_Latn,jinaai/jina-embeddings-v5-text-nano,1.0
slk_Latn,por_Latn,microsoft/harrier-oss-v1-270m,1.0
ces_Latn,epo_Latn,jinaai/jina-embeddings-v3,1.0
ceb_Latn,por_Latn,microsoft/harrier-oss-v1-270m,1.0
cat_Latn,zho_Hans,microsoft/harrier-oss-v1-0.6b,1.0
cat_Latn,por_Latn,intfloat/multilingual-e5-small,1.0
ars_Arab,ita_Latn,microsoft/harrier-oss-v1-270m,1.0
ars_Arab,jpn_Jpan,microsoft/harrier-oss-v1-0.6b,1.0
arb_Arab,vie_Latn,jinaai/jina-embeddings-v5-text-small,1.0
arb_Arab,zho_Hans,jinaai/jina-embeddings-v5-text-nano,1.0
arb_Arab,zsm_Latn,microsoft/harrier-oss-v1-270m,1.0
ars_Arab,bos_Latn,jinaai/jina-embeddings-v3,1.0
ars_Arab,swe_Latn,jinaai/jina-embeddings-v5-text-small,1.0
arb_Arab,eng_Latn,codefuse-ai/F2LLM-v2-330M,1.0
vie_Latn,zho_Hans,codefuse-ai/F2LLM-v2-330M,1.0
dan_Latn,kor_Hang,jinaai/jina-embeddings-v5-text-nano,1.0
rus_Cyrl,por_Latn,microsoft/harrier-oss-v1-270m,1.0
bel_Cyrl,por_Latn,microsoft/harrier-oss-v1-0.6b,1.0
dan_Latn,epo_Latn,intfloat/multilingual-e5-large,1.0
dan_Latn,est_Latn,jinaai/jina-embeddings-v3,1.0
rus_Cyrl,zho_Hans,codefuse-ai/F2LLM-v2-330M,1.0
slk_Latn,epo_Latn,jinaai/jina-embeddings-v3,1.0
ces_Latn,zho_Hans,microsoft/harrier-oss-v1-270m,1.0
ces_Latn,por_Latn,microsoft/harrier-oss-v1-270m,1.0
ind_Latn,por_Latn,microsoft/harrier-oss-v1-270m,1.0
zho_Hant,zho_Hans,intfloat/multilingual-e5-small,1.0
arb_Arab,glg_Latn,microsoft/harrier-oss-v1-270m,1.0
ars_Arab,eng_Latn,codefuse-ai/F2LLM-v2-330M,1.0
ars_Arab,hin_Deva,microsoft/harrier-oss-v1-270m,1.0
ars_Arab,hrv_Latn,microsoft/harrier-oss-v1-270m,1.0
ars_Arab,tur_Latn,microsoft/harrier-oss-v1-0.6b,1.0
ars_Arab,ukr_Cyrl,microsoft/harrier-oss-v1-270m,1.0
ars_Arab,vie_Latn,microsoft/harrier-oss-v1-0.6b,1.0
ars_Arab,zho_Hans,jinaai/jina-embeddings-v5-text-nano,1.0
ars_Arab,zsm_Latn,microsoft/harrier-oss-v1-270m,1.0
arb_Arab,bel_Cyrl,jinaai/jina-embeddings-v3,1.0
arb_Arab,bos_Latn,microsoft/harrier-oss-v1-270m,1.0
ron_Latn,epo_Latn,microsoft/harrier-oss-v1-0.6b,1.0
ron_Latn,por_Latn,microsoft/harrier-oss-v1-0.6b,1.0
deu_Latn,zho_Hans,microsoft/harrier-oss-v1-270m,1.0
deu_Latn,por_Latn,microsoft/harrier-oss-v1-270m,1.0
ron_Latn,zho_Hans,microsoft/harrier-oss-v1-270m,1.0
deu_Latn,epo_Latn,microsoft/harrier-oss-v1-270m,1.0
deu_Latn,est_Latn,jinaai/jina-embeddings-v3,1.0
rus_Cyrl,epo_Latn,microsoft/harrier-oss-v1-270m,1.0
dan_Latn,zho_Hans,microsoft/harrier-oss-v1-270m,1.0
dan_Latn,por_Latn,jinaai/jina-embeddings-v5-text-nano,1.0
kor_Hang,dan_Latn,jinaai/jina-embeddings-v3,1.0
kor_Hang,eng_Latn,microsoft/harrier-oss-v1-270m,1.0
hye_Armn,por_Latn,jinaai/jina-embeddings-v3,1.0
por_Latn,swe_Latn,microsoft/harrier-oss-v1-270m,1.0
por_Latn,tam_Taml,microsoft/harrier-oss-v1-270m,1.0
por_Latn,tgl_Latn,microsoft/harrier-oss-v1-0.6b,1.0
por_Latn,tur_Latn,microsoft/harrier-oss-v1-270m,1.0
por_Latn,ukr_Cyrl,microsoft/harrier-oss-v1-270m,1.0
por_Latn,vie_Latn,microsoft/harrier-oss-v1-270m,1.0
por_Latn,zho_Hans,microsoft/harrier-oss-v1-270m,1.0
kor_Hang,por_Latn,codefuse-ai/F2LLM-v2-0.6B,1.0
kor_Hang,ron_Latn,jinaai/jina-embeddings-v3,1.0
kor_Hang,rus_Cyrl,jinaai/jina-embeddings-v3,1.0
kor_Hang,swe_Latn,jinaai/jina-embeddings-v5-text-nano,1.0
afr_Latn,por_Latn,microsoft/harrier-oss-v1-270m,1.0
por_Latn,hrv_Latn,microsoft/harrier-oss-v1-270m,1.0
por_Latn,ind_Latn,jinaai/jina-embeddings-v5-text-small,1.0
por_Latn,ita_Latn,microsoft/harrier-oss-v1-270m,1.0
por_Latn,jpn_Jpan,microsoft/harrier-oss-v1-270m,1.0
por_Latn,lvs_Latn,jinaai/jina-embeddings-v3,1.0
por_Latn,mkd_Cyrl,microsoft/harrier-oss-v1-270m,1.0
por_Latn,nld_Latn,microsoft/harrier-oss-v1-270m,1.0
por_Latn,pol_Latn,jinaai/jina-embeddings-v5-text-nano,1.0
por_Latn,ron_Latn,microsoft/harrier-oss-v1-270m,1.0
por_Latn,rus_Cyrl,microsoft/harrier-oss-v1-270m,1.0
por_Latn,slk_Latn,jinaai/jina-embeddings-v3,1.0
por_Latn,slv_Latn,jinaai/jina-embeddings-v3,1.0
por_Latn,srp_Cyrl,microsoft/harrier-oss-v1-270m,1.0
arb_Arab,bul_Cyrl,microsoft/harrier-oss-v1-270m,1.0
arb_Arab,cat_Latn,microsoft/harrier-oss-v1-270m,1.0
fra_Latn,por_Latn,codefuse-ai/F2LLM-v2-330M,1.0
fra_Latn,oci_Latn,microsoft/harrier-oss-v1-0.6b,1.0
ars_Arab,mkd_Cyrl,microsoft/harrier-oss-v1-270m,1.0
ars_Arab,por_Latn,microsoft/harrier-oss-v1-270m,1.0
ars_Arab,ron_Latn,microsoft/harrier-oss-v1-270m,1.0
ars_Arab,rus_Cyrl,microsoft/harrier-oss-v1-270m,1.0
nld_Latn,por_Latn,microsoft/harrier-oss-v1-270m,1.0
fra_Latn,zho_Hans,microsoft/harrier-oss-v1-0.6b,1.0
oci_Latn,eng_Latn,microsoft/harrier-oss-v1-270m,1.0
hrv_Latn,por_Latn,microsoft/harrier-oss-v1-0.6b,1.0
por_Latn,als_Latn,microsoft/harrier-oss-v1-270m,1.0
por_Latn,bel_Cyrl,jinaai/jina-embeddings-v3,1.0
por_Latn,cat_Latn,codefuse-ai/F2LLM-v2-330M,1.0
ell_Grek,por_Latn,microsoft/harrier-oss-v1-270m,1.0
por_Latn,ces_Latn,microsoft/harrier-oss-v1-270m,1.0
por_Latn,dan_Latn,jinaai/jina-embeddings-v5-text-nano,1.0
por_Latn,deu_Latn,microsoft/harrier-oss-v1-270m,1.0
por_Latn,eng_Latn,codefuse-ai/F2LLM-v2-330M,1.0
por_Latn,epo_Latn,intfloat/multilingual-e5-small,1.0
hun_Latn,por_Latn,microsoft/harrier-oss-v1-270m,1.0
por_Latn,fra_Latn,microsoft/harrier-oss-v1-270m,1.0
por_Latn,heb_Hebr,microsoft/harrier-oss-v1-270m,1.0
hin_Deva,zho_Hans,codefuse-ai/F2LLM-v2-0.6B,1.0
pap_Latn,ukr_Cyrl,microsoft/harrier-oss-v1-270m,1.0
eng_Latn,por_Latn,microsoft/harrier-oss-v1-270m,1.0
eng_Latn,prs_Arab,microsoft/harrier-oss-v1-270m,1.0
eng_Latn,oci_Latn,microsoft/harrier-oss-v1-0.6b,1.0
pol_Latn,epo_Latn,microsoft/harrier-oss-v1-0.6b,1.0
eng_Latn,kor_Hang,jinaai/jina-embeddings-v5-text-nano,1.0
pol_Latn,por_Latn,jinaai/jina-embeddings-v5-text-nano,1.0
eng_Latn,epo_Latn,microsoft/harrier-oss-v1-270m,1.0
eng_Latn,est_Latn,jinaai/jina-embeddings-v3,1.0
eng_Latn,arb_Arab,microsoft/harrier-oss-v1-270m,1.0
eng_Latn,ars_Arab,microsoft/harrier-oss-v1-270m,1.0
ell_Grek,zho_Hans,codefuse-ai/F2LLM-v2-0.6B,1.0
pol_Latn,zho_Hans,microsoft/harrier-oss-v1-0.6b,1.0
hin_Deva,mag_Deva,microsoft/harrier-oss-v1-270m,1.0
hin_Deva,kor_Hang,jinaai/jina-embeddings-v3,1.0
pap_Latn,ita_Latn,microsoft/harrier-oss-v1-0.6b,1.0
pap_Latn,por_Latn,microsoft/harrier-oss-v1-270m,1.0
pap_Latn,ron_Latn,microsoft/harrier-oss-v1-0.6b,1.0
pap_Latn,rus_Cyrl,microsoft/harrier-oss-v1-270m,1.0
oci_Latn,ita_Latn,microsoft/harrier-oss-v1-0.6b,1.0
oci_Latn,ron_Latn,microsoft/harrier-oss-v1-0.6b,1.0
oci_Latn,rus_Cyrl,microsoft/harrier-oss-v1-0.6b,1.0
swe_Latn,por_Latn,microsoft/harrier-oss-v1-270m,1.0
tur_Latn,zho_Hans,microsoft/harrier-oss-v1-0.6b,1.0
ukr_Cyrl,por_Latn,microsoft/harrier-oss-v1-270m,1.0
epo_Latn,tgl_Latn,intfloat/multilingual-e5-large,1.0
epo_Latn,tur_Latn,microsoft/harrier-oss-v1-270m,1.0
epo_Latn,ukr_Cyrl,microsoft/harrier-oss-v1-270m,1.0
epo_Latn,zsm_Latn,microsoft/harrier-oss-v1-270m,1.0
epo_Latn,pol_Latn,microsoft/harrier-oss-v1-270m,1.0
epo_Latn,por_Latn,microsoft/harrier-oss-v1-270m,1.0
mag_Deva,mar_Deva,microsoft/harrier-oss-v1-270m,1.0
eng_Latn,zho_Hans,microsoft/harrier-oss-v1-270m,1.0
ast_Latn,nld_Latn,microsoft/harrier-oss-v1-0.6b,1.0
ast_Latn,swe_Latn,microsoft/harrier-oss-v1-270m,1.0
pap_Latn,eng_Latn,microsoft/harrier-oss-v1-270m,1.0
pap_Latn,fra_Latn,microsoft/harrier-oss-v1-0.6b,1.0
hin_Deva,por_Latn,microsoft/harrier-oss-v1-270m,1.0
epo_Latn,ron_Latn,microsoft/harrier-oss-v1-270m,1.0
ukr_Cyrl,zho_Hans,microsoft/harrier-oss-v1-270m,1.0
epo_Latn,slk_Latn,microsoft/harrier-oss-v1-0.6b,1.0
srp_Cyrl,zho_Hans,microsoft/harrier-oss-v1-0.6b,1.0
epo_Latn,srp_Cyrl,intfloat/multilingual-e5-large,1.0
epo_Latn,swe_Latn,microsoft/harrier-oss-v1-0.6b,1.0
amh_Ethi,por_Latn,microsoft/harrier-oss-v1-270m,1.0
glg_Latn,zho_Hans,microsoft/harrier-oss-v1-270m,1.0
glg_Latn,por_Latn,microsoft/harrier-oss-v1-270m,1.0
glg_Latn,oci_Latn,microsoft/harrier-oss-v1-0.6b,1.0
ast_Latn,als_Latn,microsoft/harrier-oss-v1-270m,1.0
ast_Latn,cat_Latn,microsoft/harrier-oss-v1-270m,1.0
srp_Cyrl,por_Latn,microsoft/harrier-oss-v1-0.6b,1.0
ast_Latn,deu_Latn,microsoft/harrier-oss-v1-270m,1.0
ast_Latn,eng_Latn,microsoft/harrier-oss-v1-270m,1.0
ast_Latn,epo_Latn,microsoft/harrier-oss-v1-0.6b,1.0
ast_Latn,ron_Latn,microsoft/harrier-oss-v1-270m,1.0
ast_Latn,ita_Latn,microsoft/harrier-oss-v1-0.6b,1.0
heb_Hebr,por_Latn,microsoft/harrier-oss-v1-270m,1.0
heb_Hebr,kor_Hang,jinaai/jina-embeddings-v3,1.0
epo_Latn,als_Latn,intfloat/multilingual-e5-large,1.0
epo_Latn,dan_Latn,microsoft/harrier-oss-v1-270m,1.0
epo_Latn,deu_Latn,microsoft/harrier-oss-v1-270m,1.0
ast_Latn,fra_Latn,microsoft/harrier-oss-v1-270m,1.0
mag_Deva,tam_Taml,microsoft/harrier-oss-v1-270m,1.0
mar_Deva,por_Latn,microsoft/harrier-oss-v1-270m,1.0
ast_Latn,glg_Latn,jinaai/jina-embeddings-v3,1.0
epo_Latn,mkd_Cyrl,microsoft/harrier-oss-v1-0.6b,1.0
epo_Latn,nld_Latn,jinaai/jina-embeddings-v3,1.0
epo_Latn,oci_Latn,microsoft/harrier-oss-v1-0.6b,1.0
epo_Latn,heb_Hebr,jinaai/jina-embeddings-v3,1.0
epo_Latn,hin_Deva,microsoft/harrier-oss-v1-270m,1.0
epo_Latn,ind_Latn,microsoft/harrier-oss-v1-270m,1.0
epo_Latn,ita_Latn,microsoft/harrier-oss-v1-0.6b,1.0
guj_Gujr,por_Latn,microsoft/harrier-oss-v1-0.6b,1.0
mar_Deva,zho_Hant,microsoft/harrier-oss-v1-0.6b,1.0
jav_Latn,zho_Hans,microsoft/harrier-oss-v1-0.6b,1.0
fra_Latn,arb_Arab,jinaai/jina-embeddings-v5-text-small,1.0
arb_Arab,kor_Hang,jinaai/jina-embeddings-v5-text-small,1.0
arb_Arab,mar_Deva,microsoft/harrier-oss-v1-270m,1.0
arb_Arab,mkd_Cyrl,microsoft/harrier-oss-v1-270m,1.0
arb_Arab,nld_Latn,microsoft/harrier-oss-v1-0.6b,1.0
arb_Arab,hin_Deva,microsoft/harrier-oss-v1-270m,1.0
arb_Arab,pol_Latn,jinaai/jina-embeddings-v3,1.0
arb_Arab,por_Latn,microsoft/harrier-oss-v1-270m,1.0
arb_Arab,ron_Latn,microsoft/harrier-oss-v1-270m,1.0
arb_Arab,rus_Cyrl,microsoft/harrier-oss-v1-270m,1.0
ars_Arab,bul_Cyrl,microsoft/harrier-oss-v1-270m,1.0
ita_Latn,por_Latn,microsoft/harrier-oss-v1-270m,1.0
bul_Cyrl,epo_Latn,microsoft/harrier-oss-v1-0.6b,1.0
bul_Cyrl,est_Latn,jinaai/jina-embeddings-v3,1.0
ben_Beng,mag_Deva,intfloat/multilingual-e5-small,1.0
ben_Beng,por_Latn,microsoft/harrier-oss-v1-270m,1.0
bos_Latn,zho_Hans,microsoft/harrier-oss-v1-0.6b,1.0
bos_Latn,por_Latn,microsoft/harrier-oss-v1-270m,1.0
jpn_Jpan,zho_Hans,codefuse-ai/F2LLM-v2-330M,1.0
jpn_Jpan,por_Latn,jinaai/jina-embeddings-v5-text-nano,1.0
eng_Latn,tgl_Latn,microsoft/harrier-oss-v1-0.6b,0.9997072599531616
eng_Latn,fra_Latn,microsoft/harrier-oss-v1-0.6b,0.9997072599531616
ben_Beng,eng_Latn,jinaai/jina-embeddings-v3,0.9997072599531616
acm_Arab,rus_Cyrl,jinaai/jina-embeddings-v3,0.9995059288537548
bos_Latn,zho_Hant,microsoft/harrier-oss-v1-270m,0.9995059288537548
bul_Cyrl,ast_Latn,microsoft/harrier-oss-v1-270m,0.9995059288537548
jpn_Jpan,zho_Hant,microsoft/harrier-oss-v1-270m,0.9995059288537548
bos_Latn,kor_Hang,jinaai/jina-embeddings-v3,0.9995059288537548
arb_Arab,heb_Hebr,microsoft/harrier-oss-v1-0.6b,0.9995059288537548
arb_Arab,slk_Latn,jinaai/jina-embeddings-v5-text-small,0.9995059288537548
fra_Latn,ast_Latn,microsoft/harrier-oss-v1-270m,0.9995059288537548
guj_Gujr,mag_Deva,intfloat/multilingual-e5-small,0.9995059288537548
guj_Gujr,kor_Hang,jinaai/jina-embeddings-v3,0.9995059288537548
mar_Deva,zho_Hans,microsoft/harrier-oss-v1-270m,0.9995059288537548
ita_Latn,pap_Latn,microsoft/harrier-oss-v1-270m,0.9995059288537548
ars_Arab,cat_Latn,microsoft/harrier-oss-v1-270m,0.9995059288537548
jpn_Jpan,kor_Hang,jinaai/jina-embeddings-v5-text-nano,0.9995059288537548
epo_Latn,hrv_Latn,microsoft/harrier-oss-v1-270m,0.9995059288537548
epo_Latn,hun_Latn,microsoft/harrier-oss-v1-0.6b,0.9995059288537548
epo_Latn,hye_Armn,jinaai/jina-embeddings-v3,0.9995059288537548
mkd_Cyrl,por_Latn,microsoft/harrier-oss-v1-270m,0.9995059288537548
epo_Latn,eng_Latn,microsoft/harrier-oss-v1-270m,0.9995059288537548
epo_Latn,ell_Grek,microsoft/harrier-oss-v1-270m,0.9995059288537548
epo_Latn,fra_Latn,intfloat/multilingual-e5-large,0.9995059288537548
guj_Gujr,zho_Hant,microsoft/harrier-oss-v1-0.6b,0.9995059288537548
epo_Latn,jav_Latn,microsoft/harrier-oss-v1-270m,0.9995059288537548
mkd_Cyrl,epo_Latn,microsoft/harrier-oss-v1-270m,0.9995059288537548
lvs_Latn,por_Latn,jinaai/jina-embeddings-v5-text-nano,0.9995059288537548
epo_Latn,glg_Latn,intfloat/multilingual-e5-small,0.9995059288537548
ast_Latn,rus_Cyrl,microsoft/harrier-oss-v1-270m,0.9995059288537548
ast_Latn,ces_Latn,microsoft/harrier-oss-v1-0.6b,0.9995059288537548
epo_Latn,kan_Knda,intfloat/multilingual-e5-small,0.9995059288537548
epo_Latn,est_Latn,jinaai/jina-embeddings-v3,0.9995059288537548
epo_Latn,mar_Deva,microsoft/harrier-oss-v1-0.6b,0.9995059288537548
epo_Latn,lvs_Latn,jinaai/jina-embeddings-v3,0.9995059288537548
epo_Latn,kor_Hang,jinaai/jina-embeddings-v3,0.9995059288537548
epo_Latn,slv_Latn,jinaai/jina-embeddings-v3,0.9995059288537548
epo_Latn,rus_Cyrl,microsoft/harrier-oss-v1-270m,0.9995059288537548
ukr_Cyrl,zho_Hant,microsoft/harrier-oss-v1-0.6b,0.9995059288537548
ltz_Latn,swe_Latn,microsoft/harrier-oss-v1-0.6b,0.9995059288537548
pap_Latn,ind_Latn,microsoft/harrier-oss-v1-270m,0.9995059288537548
pap_Latn,hrv_Latn,microsoft/harrier-oss-v1-0.6b,0.9995059288537548
ast_Latn,por_Latn,microsoft/harrier-oss-v1-270m,0.9995059288537548
ast_Latn,oci_Latn,microsoft/harrier-oss-v1-0.6b,0.9995059288537548
ast_Latn,ukr_Cyrl,jinaai/jina-embeddings-v3,0.9995059288537548
eng_Latn,zho_Hant,codefuse-ai/F2LLM-v2-330M,0.9995059288537548
mag_Deva,ory_Orya,microsoft/harrier-oss-v1-270m,0.9995059288537548
ast_Latn,ceb_Latn,microsoft/harrier-oss-v1-270m,0.9995059288537548
epo_Latn,jpn_Jpan,microsoft/harrier-oss-v1-270m,0.9995059288537548
epo_Latn,zho_Hans,microsoft/harrier-oss-v1-0.6b,0.9995059288537548
heb_Hebr,epo_Latn,microsoft/harrier-oss-v1-0.6b,0.9995059288537548
epo_Latn,vie_Latn,microsoft/harrier-oss-v1-270m,0.9995059288537548
est_Latn,glg_Latn,jinaai/jina-embeddings-v3,0.9995059288537548
est_Latn,dan_Latn,jinaai/jina-embeddings-v3,0.9995059288537548
nld_Latn,epo_Latn,intfloat/multilingual-e5-large,0.9995059288537548
est_Latn,fra_Latn,jinaai/jina-embeddings-v3,0.9995059288537548
est_Latn,epo_Latn,jinaai/jina-embeddings-v3,0.9995059288537548
est_Latn,lvs_Latn,jinaai/jina-embeddings-v3,0.9995059288537548
est_Latn,swe_Latn,jinaai/jina-embeddings-v3,0.9995059288537548
est_Latn,slk_Latn,jinaai/jina-embeddings-v3,0.9995059288537548
est_Latn,rus_Cyrl,jinaai/jina-embeddings-v3,0.9995059288537548
est_Latn,tur_Latn,jinaai/jina-embeddings-v3,0.9995059288537548
swe_Latn,zho_Hans,microsoft/harrier-oss-v1-0.6b,0.9995059288537548
est_Latn,ita_Latn,jinaai/jina-embeddings-v3,0.9995059288537548
est_Latn,por_Latn,jinaai/jina-embeddings-v3,0.9995059288537548
oci_Latn,tgl_Latn,microsoft/harrier-oss-v1-0.6b,0.9995059288537548
oci_Latn,zho_Hans,microsoft/harrier-oss-v1-0.6b,0.9995059288537548
oci_Latn,por_Latn,microsoft/harrier-oss-v1-270m,0.9995059288537548
eus_Latn,por_Latn,jinaai/jina-embeddings-v3,0.9995059288537548
hrv_Latn,epo_Latn,microsoft/harrier-oss-v1-270m,0.9995059288537548
afr_Latn,zho_Hans,microsoft/harrier-oss-v1-0.6b,0.9995059288537548
pap_Latn,tur_Latn,microsoft/harrier-oss-v1-0.6b,0.9995059288537548
swe_Latn,zho_Hant,microsoft/harrier-oss-v1-270m,0.9995059288537548
pap_Latn,swe_Latn,microsoft/harrier-oss-v1-270m,0.9995059288537548
pap_Latn,pol_Latn,microsoft/harrier-oss-v1-0.6b,0.9995059288537548
pap_Latn,jpn_Jpan,microsoft/harrier-oss-v1-0.6b,0.9995059288537548
pap_Latn,nld_Latn,microsoft/harrier-oss-v1-270m,0.9995059288537548
amh_Ethi,arb_Arab,microsoft/harrier-oss-v1-270m,0.9995059288537548
als_Latn,zho_Hans,microsoft/harrier-oss-v1-270m,0.9995059288537548
hin_Deva,zho_Hant,microsoft/harrier-oss-v1-0.6b,0.9995059288537548
ast_Latn,bul_Cyrl,microsoft/harrier-oss-v1-270m,0.9995059288537548
hun_Latn,epo_Latn,microsoft/harrier-oss-v1-0.6b,0.9995059288537548
hun_Latn,zho_Hans,microsoft/harrier-oss-v1-0.6b,0.9995059288537548
tur_Latn,por_Latn,jinaai/jina-embeddings-v5-text-nano,0.9995059288537548
ltz_Latn,eng_Latn,microsoft/harrier-oss-v1-270m,0.9995059288537548
tgl_Latn,zho_Hans,microsoft/harrier-oss-v1-270m,0.9995059288537548
tel_Telu,zho_Hant,microsoft/harrier-oss-v1-0.6b,0.9995059288537548
ars_Arab,pol_Latn,microsoft/harrier-oss-v1-270m,0.9995059288537548
apc_Arab,por_Latn,microsoft/harrier-oss-v1-0.6b,0.9995059288537548
por_Latn,sin_Sinh,microsoft/harrier-oss-v1-270m,0.9995059288537548
por_Latn,hun_Latn,microsoft/harrier-oss-v1-0.6b,0.9995059288537548
kor_Hang,slk_Latn,jinaai/jina-embeddings-v3,0.9995059288537548
por_Latn,tel_Telu,microsoft/harrier-oss-v1-270m,0.9995059288537548
kor_Hang,zsm_Latn,jinaai/jina-embeddings-v3,0.9995059288537548
rus_Cyrl,est_Latn,jinaai/jina-embeddings-v3,0.9995059288537548
deu_Latn,pap_Latn,microsoft/harrier-oss-v1-0.6b,0.9995059288537548
ell_Grek,epo_Latn,jinaai/jina-embeddings-v3,0.9995059288537548
bel_Cyrl,epo_Latn,intfloat/multilingual-e5-large,0.9995059288537548
arb_Arab,ben_Beng,jinaai/jina-embeddings-v5-text-small,0.9995059288537548
fra_Latn,pap_Latn,microsoft/harrier-oss-v1-270m,0.9995059288537548
ars_Arab,hun_Latn,jinaai/jina-embeddings-v3,0.9995059288537548
arb_Arab,als_Latn,microsoft/harrier-oss-v1-270m,0.9995059288537548
arb_Arab,afr_Latn,jinaai/jina-embeddings-v3,0.9995059288537548
ind_Latn,kor_Hang,jinaai/jina-embeddings-v5-text-small,0.9995059288537548
kor_Hang,nld_Latn,jinaai/jina-embeddings-v5-text-nano,0.9995059288537548
kor_Hang,lvs_Latn,jinaai/jina-embeddings-v3,0.9995059288537548
kor_Hang,ind_Latn,jinaai/jina-embeddings-v3,0.9995059288537548
arb_Arab,fra_Latn,microsoft/harrier-oss-v1-270m,0.9995059288537548
arb_Arab,epo_Latn,jinaai/jina-embeddings-v3,0.9995059288537548
nld_Latn,zho_Hans,microsoft/harrier-oss-v1-270m,0.9995059288537548
ars_Arab,srp_Cyrl,jinaai/jina-embeddings-v5-text-nano,0.9995059288537548
ars_Arab,slk_Latn,jinaai/jina-embeddings-v3,0.9995059288537548
deu_Latn,zho_Hant,microsoft/harrier-oss-v1-0.6b,0.9995059288537548
ars_Arab,ben_Beng,jinaai/jina-embeddings-v5-text-small,0.9995059288537548
arb_Arab,zho_Hant,microsoft/harrier-oss-v1-0.6b,0.9995059288537548
cat_Latn,oci_Latn,microsoft/harrier-oss-v1-0.6b,0.9995059288537548
ars_Arab,kor_Hang,jinaai/jina-embeddings-v5-text-small,0.9995059288537548
ben_Beng,epo_Latn,microsoft/harrier-oss-v1-270m,0.9995059288537548
ceb_Latn,zho_Hans,microsoft/harrier-oss-v1-0.6b,0.9995059288537548
ces_Latn,est_Latn,jinaai/jina-embeddings-v3,0.9995059288537548
ces_Latn,kor_Hang,jinaai/jina-embeddings-v3,0.9995059288537548
slk_Latn,kor_Hang,jinaai/jina-embeddings-v5-text-nano,0.9995059288537548
slk_Latn,est_Latn,jinaai/jina-embeddings-v3,0.9995059288537548
kor_Hang,afr_Latn,jinaai/jina-embeddings-v3,0.9995059288537548
ind_Latn,epo_Latn,microsoft/harrier-oss-v1-270m,0.9995059288537548
ita_Latn,zho_Hant,microsoft/harrier-oss-v1-270m,0.9995059288537548
bul_Cyrl,kor_Hang,jinaai/jina-embeddings-v5-text-small,0.9995059288537548
cat_Latn,ast_Latn,microsoft/harrier-oss-v1-270m,0.9995059288537548
bul_Cyrl,zho_Hant,microsoft/harrier-oss-v1-0.6b,0.9995059288537548
ind_Latn,zho_Hans,microsoft/harrier-oss-v1-270m,0.9995059288537548
kea_Latn,por_Latn,microsoft/harrier-oss-v1-0.6b,0.9995059288537548
ars_Arab,ind_Latn,jinaai/jina-embeddings-v5-text-nano,0.9995059288537548
arb_Arab,dan_Latn,microsoft/harrier-oss-v1-270m,0.9995059288537548
arb_Arab,hun_Latn,jinaai/jina-embeddings-v3,0.9995059288537548
arb_Arab,tgl_Latn,microsoft/harrier-oss-v1-0.6b,0.9995059288537548
arb_Arab,swe_Latn,microsoft/harrier-oss-v1-270m,0.9995059288537548
ars_Arab,dan_Latn,jinaai/jina-embeddings-v5-text-nano,0.9995059288537548
ben_Beng,zho_Hant,microsoft/harrier-oss-v1-270m,0.9995059288537548
bos_Latn,est_Latn,jinaai/jina-embeddings-v3,0.9995059288537548
zsm_Latn,kor_Hang,jinaai/jina-embeddings-v5-text-nano,0.9995059288537548
acm_Arab,ron_Latn,jinaai/jina-embeddings-v3,0.9995059288537548
acm_Arab,eng_Latn,codefuse-ai/F2LLM-v2-330M,0.9995059288537548
zsm_Latn,zho_Hant,microsoft/harrier-oss-v1-270m,0.9995059288537548
kan_Knda,por_Latn,microsoft/harrier-oss-v1-270m,0.9995059288537548
acm_Arab,deu_Latn,microsoft/harrier-oss-v1-0.6b,0.9995059288537548
fra_Latn,eng_Latn,microsoft/harrier-oss-v1-0.6b,0.9994145199063231
ita_Latn,eng_Latn,microsoft/harrier-oss-v1-0.6b,0.9994145199063231
mag_Deva,mal_Mlym,intfloat/multilingual-e5-small,0.9993412384716732
hrv_Latn,est_Latn,jinaai/jina-embeddings-v3,0.9993412384716732
por_Latn,tha_Thai,jinaai/jina-embeddings-v5-text-nano,0.9993412384716732
por_Latn,zho_Hant,jinaai/jina-embeddings-v5-text-small,0.9993412384716732
est_Latn,deu_Latn,jinaai/jina-embeddings-v3,0.9993412384716732
est_Latn,eng_Latn,jinaai/jina-embeddings-v3,0.9993412384716732
ces_Latn,zho_Hant,microsoft/harrier-oss-v1-270m,0.9993412384716732
ind_Latn,zho_Hant,jinaai/jina-embeddings-v5-text-small,0.9993412384716732
deu_Latn,kor_Hang,jinaai/jina-embeddings-v5-text-nano,0.9993412384716732
dan_Latn,zho_Hant,jinaai/jina-embeddings-v5-text-small,0.9993412384716732
hrv_Latn,zho_Hant,microsoft/harrier-oss-v1-0.6b,0.9993412384716732
rus_Cyrl,zho_Hant,jinaai/jina-embeddings-v5-text-small,0.9993412384716732
nld_Latn,zho_Hant,jinaai/jina-embeddings-v5-text-small,0.9993412384716732
ars_Arab,tha_Thai,jinaai/jina-embeddings-v3,0.9993412384716732
ars_Arab,fra_Latn,codefuse-ai/F2LLM-v2-0.6B,0.9993412384716732
ben_Beng,zho_Hans,microsoft/harrier-oss-v1-0.6b,0.9993412384716732
fra_Latn,zho_Hant,jinaai/jina-embeddings-v5-text-small,0.9993412384716732
jav_Latn,por_Latn,microsoft/harrier-oss-v1-0.6b,0.9993412384716732
kat_Geor,por_Latn,jinaai/jina-embeddings-v3,0.9993412384716732
bul_Cyrl,pap_Latn,microsoft/harrier-oss-v1-270m,0.9993412384716732
ell_Grek,kor_Hang,jinaai/jina-embeddings-v5-text-small,0.9993412384716732
oci_Latn,fra_Latn,microsoft/harrier-oss-v1-270m,0.9993412384716732
kor_Hang,tgl_Latn,microsoft/harrier-oss-v1-0.6b,0.9992588932806324
eng_Latn,pap_Latn,microsoft/harrier-oss-v1-270m,0.9992588932806324
oci_Latn,ukr_Cyrl,microsoft/harrier-oss-v1-0.6b,0.9992588932806324
eng_Latn,mag_Deva,microsoft/harrier-oss-v1-270m,0.9992588932806324
eng_Latn,ben_Beng,microsoft/harrier-oss-v1-0.6b,0.9992193598750976
est_Latn,als_Latn,microsoft/harrier-oss-v1-270m,0.999209486166008
pap_Latn,vie_Latn,microsoft/harrier-oss-v1-0.6b,0.999209486166008
hrv_Latn,zho_Hans,microsoft/harrier-oss-v1-0.6b,0.9991765480895916
ceb_Latn,epo_Latn,microsoft/harrier-oss-v1-0.6b,0.9991765480895916
ben_Beng,kor_Hang,microsoft/harrier-oss-v1-0.6b,0.9991765480895916
eng_Latn,vie_Latn,codefuse-ai/F2LLM-v2-0.6B,0.9991674843332006
srp_Cyrl,tgl_Latn,intfloat/multilingual-e5-large,0.9991674843332006
ars_Arab,nld_Latn,microsoft/harrier-oss-v1-0.6b,0.9991530208921512
ars_Arab,fin_Latn,jinaai/jina-embeddings-v3,0.9991353754940712
vie_Latn,eng_Latn,codefuse-ai/F2LLM-v2-330M,0.9991217798594848
ben_Beng,ita_Latn,microsoft/harrier-oss-v1-0.6b,0.9991217798594848
eng_Latn,ita_Latn,microsoft/harrier-oss-v1-270m,0.9991217798594848
swe_Latn,eng_Latn,codefuse-ai/F2LLM-v2-0.6B,0.9991217798594848
mkd_Cyrl,est_Latn,jinaai/jina-embeddings-v3,0.9990612648221344
eus_Latn,est_Latn,jinaai/jina-embeddings-v3,0.999054820415879
spa_Latn,epo_Latn,intfloat/multilingual-e5-large,0.9990484555701948
pap_Latn,spa_Latn,microsoft/harrier-oss-v1-0.6b,0.9990427371541502
nno_Latn,por_Latn,jinaai/jina-embeddings-v3,0.9990427371541502
por_Latn,spa_Latn,jinaai/jina-embeddings-v3,0.9990409207161124
arb_Arab,spa_Latn,microsoft/harrier-oss-v1-270m,0.999036561264822
nob_Latn,fra_Latn,microsoft/harrier-oss-v1-0.6b,0.99903538490495
nob_Latn,ita_Latn,microsoft/harrier-oss-v1-0.6b,0.9990328820116054
nob_Latn,slk_Latn,microsoft/harrier-oss-v1-0.6b,0.9990320238767444
oci_Latn,spa_Latn,microsoft/harrier-oss-v1-0.6b,0.9990316205533596
nob_Latn,zho_Hans,microsoft/harrier-oss-v1-0.6b,0.999030860443904
bul_Cyrl,nob_Latn,microsoft/harrier-oss-v1-0.6b,0.9990270598966252
nob_Latn,nld_Latn,microsoft/harrier-oss-v1-0.6b,0.9990250329380764
nob_Latn,ukr_Cyrl,microsoft/harrier-oss-v1-0.6b,0.9990246907242954
nob_Latn,srp_Cyrl,microsoft/harrier-oss-v1-0.6b,0.9990245261984392
pol_Latn,nob_Latn,jinaai/jina-embeddings-v3,0.999024209486166
bul_Cyrl,eng_Latn,codefuse-ai/F2LLM-v2-0.6B,0.9990241998438719
slv_Latn,nob_Latn,microsoft/harrier-oss-v1-0.6b,0.9990234829109508
nob_Latn,pol_Latn,jinaai/jina-embeddings-v3,0.9990233477341668
nob_Latn,ces_Latn,microsoft/harrier-oss-v1-0.6b,0.9990232156648948
nob_Latn,ron_Latn,microsoft/harrier-oss-v1-0.6b,0.9990227164140209
nob_Latn,tur_Latn,jinaai/jina-embeddings-v3,0.9990225983846022
nob_Latn,hin_Deva,jinaai/jina-embeddings-v3,0.9990225983846022
afr_Latn,nob_Latn,jinaai/jina-embeddings-v3,0.9990222592053256
por_Latn,nno_Latn,jinaai/jina-embeddings-v5-text-small,0.999021451322
spa_Latn,por_Latn,intfloat/multilingual-e5-small,0.999021268586486
nob_Latn,eng_Latn,jinaai/jina-embeddings-v3,0.999021268586486
nob_Latn,deu_Latn,jinaai/jina-embeddings-v3,0.9990209232331292
deu_Latn,nob_Latn,jinaai/jina-embeddings-v3,0.9990209232331292
nob_Latn,epo_Latn,jinaai/jina-embeddings-v3,0.9990207598903252
bos_Latn,nob_Latn,jinaai/jina-embeddings-v3,0.9990201614242536
fra_Latn,nob_Latn,codefuse-ai/F2LLM-v2-0.6B,0.999020024172737
nob_Latn,est_Latn,jinaai/jina-embeddings-v3,0.9990197628458498
nob_Latn,por_Latn,microsoft/harrier-oss-v1-0.6b,0.9990195177252812
spa_Latn,zho_Hans,codefuse-ai/F2LLM-v2-0.6B,0.9990191234596604
nob_Latn,jpn_Jpan,jinaai/jina-embeddings-v5-text-nano,0.9990190181589048
nob_Latn,swe_Latn,jinaai/jina-embeddings-v3,0.9990188658088752
nob_Latn,als_Latn,jinaai/jina-embeddings-v3,0.9990186258054036
slk_Latn,nob_Latn,jinaai/jina-embeddings-v5-text-small,0.9990185797639214
dan_Latn,nob_Latn,jinaai/jina-embeddings-v3,0.9990184895349764
nob_Latn,lvs_Latn,jinaai/jina-embeddings-v5-text-small,0.9990176363174076
lvs_Latn,nob_Latn,jinaai/jina-embeddings-v5-text-small,0.9990176027208384
ces_Latn,nob_Latn,jinaai/jina-embeddings-v5-text-small,0.9990175695126688
eng_Latn,nob_Latn,microsoft/harrier-oss-v1-270m,0.9990173780555128
rus_Cyrl,nob_Latn,jinaai/jina-embeddings-v5-text-nano,0.9990172573921682
nob_Latn,tha_Thai,microsoft/harrier-oss-v1-0.6b,0.9990171703004802
por_Latn,nob_Latn,jinaai/jina-embeddings-v3,0.9990170312273658
ron_Latn,nob_Latn,jinaai/jina-embeddings-v5-text-nano,0.9990164324403454
arb_Arab,urd_Arab,microsoft/harrier-oss-v1-0.6b,0.99901571763834
ars_Arab,urd_Arab,microsoft/harrier-oss-v1-0.6b,0.9990157026191538
ita_Latn,nob_Latn,jinaai/jina-embeddings-v5-text-small,0.9990153742281236
nld_Latn,nob_Latn,microsoft/harrier-oss-v1-270m,0.9990153127504906
mkd_Cyrl,nob_Latn,microsoft/harrier-oss-v1-270m,0.9990152768849924
nob_Latn,ind_Latn,jinaai/jina-embeddings-v5-text-small,0.9990152187357156
ars_Arab,nob_Latn,jinaai/jina-embeddings-v5-text-small,0.999015140572269
arb_Arab,nob_Latn,jinaai/jina-embeddings-v5-text-small,0.999015140572269
zsm_Latn,nob_Latn,jinaai/jina-embeddings-v5-text-nano,0.9990150659617062
kor_Hang,nob_Latn,jinaai/jina-embeddings-v5-text-small,0.9990142387732748
spa_Latn,kor_Hang,jinaai/jina-embeddings-v5-text-small,0.9990138867471248
mal_Mlym,por_Latn,microsoft/harrier-oss-v1-270m,0.9990133640219802
por_Latn,uzn_Latn,microsoft/harrier-oss-v1-270m,0.9990131858557524
mal_Mlym,zho_Hans,microsoft/harrier-oss-v1-270m,0.9990130013907188
eus_Latn,kor_Hang,jinaai/jina-embeddings-v3,0.99901185770751
acm_Arab,ita_Latn,microsoft/harrier-oss-v1-270m,0.99901185770751
por_Latn,mlt_Latn,microsoft/harrier-oss-v1-270m,0.99901185770751
arz_Arab,por_Latn,microsoft/harrier-oss-v1-270m,0.99901185770751
bul_Cyrl,fur_Latn,microsoft/harrier-oss-v1-0.6b,0.99901185770751
ita_Latn,oci_Latn,microsoft/harrier-oss-v1-0.6b,0.99901185770751
kor_Hang,tha_Thai,jinaai/jina-embeddings-v3,0.99901185770751
kor_Hang,vie_Latn,microsoft/harrier-oss-v1-0.6b,0.99901185770751
kor_Hang,ukr_Cyrl,microsoft/harrier-oss-v1-0.6b,0.99901185770751
kor_Hang,tur_Latn,jinaai/jina-embeddings-v3,0.99901185770751
oci_Latn,swe_Latn,microsoft/harrier-oss-v1-270m,0.99901185770751
cat_Latn,kor_Hang,jinaai/jina-embeddings-v3,0.99901185770751
por_Latn,eus_Latn,jinaai/jina-embeddings-v3,0.99901185770751
afr_Latn,zho_Hant,microsoft/harrier-oss-v1-0.6b,0.99901185770751
slk_Latn,zho_Hans,jinaai/jina-embeddings-v5-text-nano,0.99901185770751
fur_Latn,eng_Latn,microsoft/harrier-oss-v1-270m,0.99901185770751
crh_Latn,eng_Latn,microsoft/harrier-oss-v1-0.6b,0.99901185770751
dan_Latn,ast_Latn,microsoft/harrier-oss-v1-0.6b,0.99901185770751
ast_Latn,vie_Latn,microsoft/harrier-oss-v1-0.6b,0.99901185770751
epo_Latn,guj_Gujr,intfloat/multilingual-e5-small,0.99901185770751
ast_Latn,mkd_Cyrl,microsoft/harrier-oss-v1-270m,0.99901185770751
ast_Latn,pol_Latn,microsoft/harrier-oss-v1-0.6b,0.99901185770751
srp_Cyrl,zho_Hant,microsoft/harrier-oss-v1-0.6b,0.99901185770751
kor_Hang,mkd_Cyrl,jinaai/jina-embeddings-v3,0.99901185770751
glg_Latn,kor_Hang,jinaai/jina-embeddings-v3,0.99901185770751
glg_Latn,zho_Hant,microsoft/harrier-oss-v1-0.6b,0.99901185770751
arb_Arab,lvs_Latn,jinaai/jina-embeddings-v3,0.99901185770751
vie_Latn,zho_Hant,microsoft/harrier-oss-v1-270m,0.99901185770751
est_Latn,kor_Hang,jinaai/jina-embeddings-v3,0.99901185770751
ast_Latn,zho_Hans,microsoft/harrier-oss-v1-0.6b,0.99901185770751
ast_Latn,bos_Latn,microsoft/harrier-oss-v1-0.6b,0.99901185770751
ast_Latn,slk_Latn,microsoft/harrier-oss-v1-0.6b,0.99901185770751
bel_Cyrl,kor_Hang,jinaai/jina-embeddings-v3,0.99901185770751
ast_Latn,ell_Grek,microsoft/harrier-oss-v1-0.6b,0.99901185770751
ben_Beng,pap_Latn,microsoft/harrier-oss-v1-270m,0.99901185770751
deu_Latn,ltz_Latn,microsoft/harrier-oss-v1-0.6b,0.99901185770751
ron_Latn,zho_Hant,microsoft/harrier-oss-v1-0.6b,0.99901185770751
hrv_Latn,kor_Hang,jinaai/jina-embeddings-v3,0.99901185770751
fra_Latn,ltz_Latn,microsoft/harrier-oss-v1-0.6b,0.99901185770751
guj_Gujr,zho_Hans,microsoft/harrier-oss-v1-0.6b,0.99901185770751
deu_Latn,ast_Latn,microsoft/harrier-oss-v1-270m,0.99901185770751
arb_Arab,tam_Taml,microsoft/harrier-oss-v1-270m,0.99901185770751
kor_Hang,pol_Latn,jinaai/jina-embeddings-v3,0.99901185770751
heb_Hebr,zho_Hans,microsoft/harrier-oss-v1-0.6b,0.99901185770751
mkd_Cyrl,oci_Latn,microsoft/harrier-oss-v1-0.6b,0.99901185770751
ars_Arab,ell_Grek,microsoft/harrier-oss-v1-0.6b,0.99901185770751
zho_Hans,zho_Hant,codefuse-ai/F2LLM-v2-80M,0.99901185770751
tgl_Latn,zho_Hant,microsoft/harrier-oss-v1-270m,0.99901185770751
ars_Arab,zho_Hant,microsoft/harrier-oss-v1-0.6b,0.99901185770751
bul_Cyrl,oci_Latn,microsoft/harrier-oss-v1-0.6b,0.99901185770751
afr_Latn,epo_Latn,microsoft/harrier-oss-v1-0.6b,0.99901185770751
tam_Taml,zho_Hans,microsoft/harrier-oss-v1-0.6b,0.99901185770751
arb_Arab,ast_Latn,microsoft/harrier-oss-v1-0.6b,0.99901185770751
ars_Arab,heb_Hebr,microsoft/harrier-oss-v1-0.6b,0.99901185770751
kor_Hang,zho_Hant,jinaai/jina-embeddings-v3,0.99901185770751
afr_Latn,kor_Hang,jinaai/jina-embeddings-v3,0.99901185770751
kor_Hang,hrv_Latn,jinaai/jina-embeddings-v3,0.99901185770751
ast_Latn,ind_Latn,microsoft/harrier-oss-v1-0.6b,0.99901185770751
mkd_Cyrl,zho_Hans,microsoft/harrier-oss-v1-270m,0.99901185770751
ast_Latn,hin_Deva,microsoft/harrier-oss-v1-0.6b,0.99901185770751
cat_Latn,pap_Latn,microsoft/harrier-oss-v1-0.6b,0.99901185770751
pan_Guru,por_Latn,microsoft/harrier-oss-v1-270m,0.99901185770751
acm_Arab,ind_Latn,codefuse-ai/F2LLM-v2-0.6B,0.99901185770751
arb_Arab,ell_Grek,microsoft/harrier-oss-v1-270m,0.99901185770751
ars_Arab,tam_Taml,microsoft/harrier-oss-v1-270m,0.99901185770751
jav_Latn,oci_Latn,microsoft/harrier-oss-v1-0.6b,0.99901185770751
est_Latn,ind_Latn,jinaai/jina-embeddings-v3,0.99901185770751
ast_Latn,tur_Latn,microsoft/harrier-oss-v1-0.6b,0.99901185770751
cat_Latn,zho_Hant,microsoft/harrier-oss-v1-270m,0.99901185770751
kor_Hang,zho_Hans,microsoft/harrier-oss-v1-0.6b,0.99901185770751
ars_Arab,als_Latn,microsoft/harrier-oss-v1-270m,0.99901185770751
eng_Latn,bul_Cyrl,microsoft/harrier-oss-v1-0.6b,0.9989754098360656
cat_Latn,spa_Latn,jinaai/jina-embeddings-v3,0.9989299501282751
pol_Latn,zho_Hant,microsoft/harrier-oss-v1-270m,0.9988471673254282
ars_Arab,lvs_Latn,jinaai/jina-embeddings-v3,0.9988471673254282
ars_Arab,slv_Latn,jinaai/jina-embeddings-v3,0.9988471673254282
est_Latn,pol_Latn,jinaai/jina-embeddings-v3,0.9988471673254282
por_Latn,bak_Cyrl,microsoft/harrier-oss-v1-0.6b,0.9988471673254282
epo_Latn,fin_Latn,jinaai/jina-embeddings-v3,0.9988471673254282
arb_Arab,tha_Thai,jinaai/jina-embeddings-v3,0.9988471673254282
hye_Armn,zho_Hans,microsoft/harrier-oss-v1-270m,0.9988471673254282
ast_Latn,hrv_Latn,microsoft/harrier-oss-v1-270m,0.9988471673254282
est_Latn,heb_Hebr,jinaai/jina-embeddings-v3,0.9988471673254282
est_Latn,cat_Latn,jinaai/jina-embeddings-v3,0.9988471673254282
est_Latn,ces_Latn,jinaai/jina-embeddings-v3,0.9988471673254282
ory_Orya,por_Latn,microsoft/harrier-oss-v1-0.6b,0.9988471673254282
est_Latn,ron_Latn,jinaai/jina-embeddings-v3,0.9988471673254282
tur_Latn,zho_Hant,microsoft/harrier-oss-v1-0.6b,0.9988471673254282
eng_Latn,ast_Latn,codefuse-ai/F2LLM-v2-330M,0.998847167325428
kor_Hang,tam_Taml,microsoft/harrier-oss-v1-0.6b,0.998847167325428
ast_Latn,dan_Latn,microsoft/harrier-oss-v1-270m,0.998847167325428
nld_Latn,eng_Latn,microsoft/harrier-oss-v1-0.6b,0.9988290398126465
mkd_Cyrl,srp_Cyrl,intfloat/multilingual-e5-large,0.9987771642707493
ben_Beng,tgl_Latn,microsoft/harrier-oss-v1-0.6b,0.9987771642707493
ben_Beng,sin_Sinh,intfloat/multilingual-e5-small,0.9987771642707493
epo_Latn,mal_Mlym,intfloat/multilingual-e5-small,0.9987648221343872
epo_Latn,ltz_Latn,microsoft/harrier-oss-v1-0.6b,0.9987648221343872
ind_Latn,oci_Latn,microsoft/harrier-oss-v1-0.6b,0.9987648221343872
epo_Latn,sin_Sinh,microsoft/harrier-oss-v1-270m,0.9987648221343872
por_Latn,fin_Latn,jinaai/jina-embeddings-v3,0.9987648221343872
ltz_Latn,mkd_Cyrl,microsoft/harrier-oss-v1-0.6b,0.9987648221343872
nld_Latn,rus_Cyrl,microsoft/harrier-oss-v1-0.6b,0.9987314597970336
guj_Gujr,mar_Deva,jinaai/jina-embeddings-v3,0.9987314597970336
guj_Gujr,hin_Deva,microsoft/harrier-oss-v1-0.6b,0.9987314597970336
hin_Deva,mar_Deva,microsoft/harrier-oss-v1-270m,0.9987314597970336
ast_Latn,jpn_Jpan,microsoft/harrier-oss-v1-0.6b,0.9987154150197628
epo_Latn,tel_Telu,microsoft/harrier-oss-v1-0.6b,0.9987154150197628
kor_Hang,srp_Cyrl,microsoft/harrier-oss-v1-0.6b,0.9987154150197628
eng_Latn,srp_Cyrl,intfloat/multilingual-e5-large,0.9986993509579041
hrv_Latn,srp_Cyrl,intfloat/multilingual-e5-large,0.9986883850398722
dan_Latn,eng_Latn,jinaai/jina-embeddings-v3,0.9986826697892273
est_Latn,ukr_Cyrl,jinaai/jina-embeddings-v3,0.9986824769433466
acm_Arab,por_Latn,jinaai/jina-embeddings-v5-text-small,0.9986824769433466
mya_Mymr,por_Latn,microsoft/harrier-oss-v1-0.6b,0.9986824769433466
est_Latn,zsm_Latn,jinaai/jina-embeddings-v3,0.9986824769433466
est_Latn,hun_Latn,jinaai/jina-embeddings-v3,0.9986824769433466
fin_Latn,por_Latn,jinaai/jina-embeddings-v3,0.9986824769433464
por_Latn,crh_Latn,microsoft/harrier-oss-v1-0.6b,0.9986824769433464
kor_Hang,slv_Latn,jinaai/jina-embeddings-v3,0.9986589497459062
kan_Knda,mag_Deva,microsoft/harrier-oss-v1-270m,0.998641304347826
arb_Arab,tel_Telu,microsoft/harrier-oss-v1-0.6b,0.9986275801493192
kir_Cyrl,por_Latn,jinaai/jina-embeddings-v3,0.9986275801493192
cym_Latn,epo_Latn,intfloat/multilingual-e5-large,0.9986275801493192
dan_Latn,ltz_Latn,microsoft/harrier-oss-v1-0.6b,0.998607617678764
tha_Thai,zho_Hant,microsoft/harrier-oss-v1-270m,0.998607617678764
pap_Latn,heb_Hebr,microsoft/harrier-oss-v1-270m,0.998607617678764
pap_Latn,slk_Latn,microsoft/harrier-oss-v1-0.6b,0.9986001317523056
hrv_Latn,tgl_Latn,intfloat/multilingual-e5-large,0.9985681341704149
arb_Arab,nno_Latn,jinaai/jina-embeddings-v5-text-small,0.9985627021200144
vec_Latn,por_Latn,microsoft/harrier-oss-v1-0.6b,0.9985507246376812
ars_Arab,spa_Latn,microsoft/harrier-oss-v1-270m,0.9985424901185772
spa_Latn,pap_Latn,microsoft/harrier-oss-v1-0.6b,0.9985407666145786
nno_Latn,zho_Hans,microsoft/harrier-oss-v1-0.6b,0.9985388108653604
eng_Latn,nld_Latn,microsoft/harrier-oss-v1-0.6b,0.998536299765808
slk_Latn,ces_Latn,microsoft/harrier-oss-v1-270m,0.998536299765808
epo_Latn,spa_Latn,jinaai/jina-embeddings-v3,0.9985357527847646
vec_Latn,ron_Latn,microsoft/harrier-oss-v1-0.6b,0.998533724340176
nob_Latn,vie_Latn,jinaai/jina-embeddings-v3,0.998533724340176
nob_Latn,rus_Cyrl,jinaai/jina-embeddings-v3,0.99852969189009
nob_Latn,hrv_Latn,microsoft/harrier-oss-v1-0.6b,0.9985273801757548
tha_Thai,zho_Hans,codefuse-ai/F2LLM-v2-330M,0.9985264544761112
hin_Deva,nob_Latn,jinaai/jina-embeddings-v3,0.9985255672092372
kat_Geor,nob_Latn,jinaai/jina-embeddings-v3,0.998525446579036
nob_Latn,slv_Latn,jinaai/jina-embeddings-v3,0.9985245546591586
vec_Latn,jpn_Jpan,microsoft/harrier-oss-v1-0.6b,0.9985238862050456
spa_Latn,ast_Latn,microsoft/harrier-oss-v1-0.6b,0.9985230991542352
glg_Latn,nob_Latn,codefuse-ai/F2LLM-v2-0.6B,0.9985228281035736
ben_Beng,nob_Latn,jinaai/jina-embeddings-v5-text-nano,0.9985223402123824
spa_Latn,est_Latn,jinaai/jina-embeddings-v3,0.9985223402123824
ell_Grek,nob_Latn,jinaai/jina-embeddings-v5-text-nano,0.9985221979107848
hun_Latn,nob_Latn,jinaai/jina-embeddings-v5-text-small,0.998522120518688
nob_Latn,mkd_Cyrl,microsoft/harrier-oss-v1-270m,0.9985219384196368
cat_Latn,nob_Latn,jinaai/jina-embeddings-v5-text-small,0.9985217077608382
mar_Deva,nob_Latn,microsoft/harrier-oss-v1-270m,0.9985212295657684
nob_Latn,kor_Hang,jinaai/jina-embeddings-v5-text-small,0.998521102474998
azj_Latn,por_Latn,microsoft/harrier-oss-v1-270m,0.9985209741170472
ind_Latn,nob_Latn,jinaai/jina-embeddings-v5-text-nano,0.9985209235209236
nob_Latn,tam_Taml,microsoft/harrier-oss-v1-0.6b,0.99852073623975
azj_Latn,est_Latn,jinaai/jina-embeddings-v3,0.9985205087163406
spa_Latn,zho_Hant,microsoft/harrier-oss-v1-0.6b,0.9985197909066856
uzn_Latn,zho_Hans,microsoft/harrier-oss-v1-0.6b,0.9985189249740444
slv_Latn,zho_Hant,microsoft/harrier-oss-v1-0.6b,0.9985177865612648
hun_Latn,zho_Hant,microsoft/harrier-oss-v1-0.6b,0.9985177865612648
tam_Taml,zho_Hant,microsoft/harrier-oss-v1-270m,0.9985177865612648
hun_Latn,oci_Latn,microsoft/harrier-oss-v1-0.6b,0.9985177865612648
slv_Latn,zho_Hans,jinaai/jina-embeddings-v3,0.9985177865612648
acm_Arab,hrv_Latn,microsoft/harrier-oss-v1-0.6b,0.9985177865612648
arb_Arab,est_Latn,jinaai/jina-embeddings-v3,0.9985177865612648
arb_Arab,kan_Knda,jinaai/jina-embeddings-v3,0.9985177865612648
arb_Arab,jav_Latn,microsoft/harrier-oss-v1-0.6b,0.9985177865612648
arb_Arab,hye_Armn,microsoft/harrier-oss-v1-270m,0.9985177865612648
ars_Arab,est_Latn,jinaai/jina-embeddings-v3,0.9985177865612648
ita_Latn,fur_Latn,microsoft/harrier-oss-v1-0.6b,0.9985177865612648
acm_Arab,swe_Latn,jinaai/jina-embeddings-v3,0.9985177865612648
est_Latn,nld_Latn,jinaai/jina-embeddings-v3,0.9985177865612648
ces_Latn,ast_Latn,microsoft/harrier-oss-v1-0.6b,0.9985177865612648
tel_Telu,zho_Hans,microsoft/harrier-oss-v1-0.6b,0.9985177865612648
oci_Latn,nld_Latn,microsoft/harrier-oss-v1-0.6b,0.9985177865612648
nld_Latn,oci_Latn,microsoft/harrier-oss-v1-0.6b,0.9985177865612648
ltz_Latn,nld_Latn,microsoft/harrier-oss-v1-0.6b,0.9985177865612648
ltz_Latn,por_Latn,microsoft/harrier-oss-v1-0.6b,0.9985177865612648
hye_Armn,kor_Hang,jinaai/jina-embeddings-v3,0.9985177865612648
acm_Arab,ces_Latn,jinaai/jina-embeddings-v5-text-small,0.9985177865612648
fur_Latn,swe_Latn,microsoft/harrier-oss-v1-0.6b,0.9985177865612648
epo_Latn,tha_Thai,jinaai/jina-embeddings-v3,0.9985177865612648
kor_Hang,oci_Latn,microsoft/harrier-oss-v1-0.6b,0.9985177865612648
est_Latn,afr_Latn,jinaai/jina-embeddings-v3,0.9985177865612648
epo_Latn,zho_Hant,microsoft/harrier-oss-v1-0.6b,0.9985177865612648
amh_Ethi,zho_Hans,microsoft/harrier-oss-v1-270m,0.9985177865612648
eng_Latn,vec_Latn,microsoft/harrier-oss-v1-270m,0.9985177865612648
dan_Latn,oci_Latn,microsoft/harrier-oss-v1-0.6b,0.9985177865612648
asm_Beng,por_Latn,microsoft/harrier-oss-v1-0.6b,0.9985177865612648
mkd_Cyrl,zho_Hant,jinaai/jina-embeddings-v3,0.9985177865612648
por_Latn,tat_Cyrl,microsoft/harrier-oss-v1-270m,0.9985177865612648
arb_Arab,guj_Gujr,microsoft/harrier-oss-v1-0.6b,0.9985177865612648
arb_Arab,slv_Latn,microsoft/harrier-oss-v1-0.6b,0.9985177865612648
epo_Latn,eus_Latn,jinaai/jina-embeddings-v3,0.9985177865612648
rus_Cyrl,fur_Latn,microsoft/harrier-oss-v1-0.6b,0.9985177865612648
heb_Hebr,oci_Latn,microsoft/harrier-oss-v1-0.6b,0.9985177865612648
fra_Latn,fur_Latn,microsoft/harrier-oss-v1-0.6b,0.9985177865612648
afr_Latn,oci_Latn,microsoft/harrier-oss-v1-0.6b,0.9985177865612648
bel_Cyrl,est_Latn,jinaai/jina-embeddings-v3,0.9985177865612648
deu_Latn,oci_Latn,microsoft/harrier-oss-v1-270m,0.9985177865612648
hrv_Latn,oci_Latn,microsoft/harrier-oss-v1-0.6b,0.9985177865612648
eng_Latn,fur_Latn,microsoft/harrier-oss-v1-0.6b,0.9985177865612648
bos_Latn,ltz_Latn,microsoft/harrier-oss-v1-0.6b,0.9985177865612648
hrv_Latn,eng_Latn,intfloat/multilingual-e5-large,0.9984811276937394
mlt_Latn,por_Latn,microsoft/harrier-oss-v1-270m,0.9984683794466404
eng_Latn,pol_Latn,codefuse-ai/F2LLM-v2-0.6B,0.9984477835065861
spa_Latn,cat_Latn,intfloat/multilingual-e5-large,0.9984067738325857
eng_Latn,ron_Latn,intfloat/multilingual-e5-large,0.9983989934987797
eng_Latn,deu_Latn,microsoft/harrier-oss-v1-270m,0.9983917536679142
arz_Arab,epo_Latn,jinaai/jina-embeddings-v3,0.998387170051338
srp_Cyrl,hrv_Latn,intfloat/multilingual-e5-large,0.9983806731401172
fra_Latn,vec_Latn,microsoft/harrier-oss-v1-0.6b,0.9983790999237224
bul_Cyrl,fra_Latn,codefuse-ai/F2LLM-v2-0.6B,0.9983606557377049
deu_Latn,eng_Latn,codefuse-ai/F2LLM-v2-0.6B,0.9983606557377049
ast_Latn,spa_Latn,microsoft/harrier-oss-v1-0.6b,0.9983588411925116
heb_Hebr,nob_Latn,jinaai/jina-embeddings-v3,0.9983587427065688
por_Latn,urd_Arab,microsoft/harrier-oss-v1-270m,0.9983546977063996
fur_Latn,slk_Latn,microsoft/harrier-oss-v1-0.6b,0.9983530961791832
est_Latn,jpn_Jpan,jinaai/jina-embeddings-v3,0.9983530961791832
cat_Latn,vec_Latn,microsoft/harrier-oss-v1-270m,0.9983530961791832
ben_Beng,est_Latn,jinaai/jina-embeddings-v3,0.9983530961791832
pap_Latn,tha_Thai,microsoft/harrier-oss-v1-0.6b,0.9983530961791832
oci_Latn,srp_Cyrl,microsoft/harrier-oss-v1-270m,0.9983530961791832
bel_Cyrl,zho_Hans,microsoft/harrier-oss-v1-270m,0.9983530961791832
ast_Latn,jav_Latn,microsoft/harrier-oss-v1-0.6b,0.9983530961791832
epo_Latn,pan_Guru,microsoft/harrier-oss-v1-0.6b,0.9983530961791832
epo_Latn,kat_Geor,microsoft/harrier-oss-v1-270m,0.9983530961791832
hrv_Latn,pap_Latn,microsoft/harrier-oss-v1-0.6b,0.9983530961791832
kan_Knda,kor_Hang,jinaai/jina-embeddings-v3,0.9983530961791832
ell_Grek,oci_Latn,microsoft/harrier-oss-v1-0.6b,0.9983530961791832
kan_Knda,zho_Hans,microsoft/harrier-oss-v1-270m,0.9983530961791832
als_Latn,zho_Hant,microsoft/harrier-oss-v1-0.6b,0.9983530961791832
ltz_Latn,slk_Latn,microsoft/harrier-oss-v1-0.6b,0.9983530961791832
khk_Cyrl,por_Latn,jinaai/jina-embeddings-v3,0.9983530961791832
ell_Grek,zho_Hant,jinaai/jina-embeddings-v5-text-nano,0.9983530961791832
pol_Latn,pap_Latn,microsoft/harrier-oss-v1-0.6b,0.9983530961791832
acm_Arab,bul_Cyrl,jinaai/jina-embeddings-v3,0.9983530961791832
ita_Latn,fra_Latn,intfloat/multilingual-e5-large,0.998347812202053
hin_Deva,tel_Telu,intfloat/multilingual-e5-small,0.998347812202053
mkd_Cyrl,fra_Latn,intfloat/multilingual-e5-large,0.9983380542004918
tur_Latn,eng_Latn,jinaai/jina-embeddings-v3,0.9983021077283372
srp_Cyrl,eng_Latn,intfloat/multilingual-e5-large,0.9982959366601563
uzn_Latn,por_Latn,microsoft/harrier-oss-v1-0.6b,0.9982724488271328
kor_Hang,mar_Deva,jinaai/jina-embeddings-v3,0.9982707509881424
hye_Armn,zho_Hant,microsoft/harrier-oss-v1-270m,0.9982707509881424
epo_Latn,tam_Taml,microsoft/harrier-oss-v1-270m,0.9982707509881424
amh_Ethi,epo_Latn,microsoft/harrier-oss-v1-270m,0.9982707509881424
por_Latn,fur_Latn,microsoft/harrier-oss-v1-0.6b,0.9982707509881424
ben_Beng,ast_Latn,microsoft/harrier-oss-v1-0.6b,0.9982707509881424
oci_Latn,pol_Latn,microsoft/harrier-oss-v1-0.6b,0.9982707509881424
pan_Guru,zho_Hans,microsoft/harrier-oss-v1-0.6b,0.9982707509881424
eng_Latn,crh_Latn,microsoft/harrier-oss-v1-0.6b,0.9982707509881424
bos_Latn,tgl_Latn,intfloat/multilingual-e5-large,0.9982367211073554
nob_Latn,tel_Telu,microsoft/harrier-oss-v1-0.6b,0.9982239171607378
srd_Latn,glg_Latn,microsoft/harrier-oss-v1-270m,0.9982213438735178
acm_Arab,dan_Latn,microsoft/harrier-oss-v1-0.6b,0.9982213438735178
pap_Latn,slv_Latn,microsoft/harrier-oss-v1-0.6b,0.9982213438735178
fin_Latn,epo_Latn,microsoft/harrier-oss-v1-270m,0.9982213438735178
als_Latn,eng_Latn,microsoft/harrier-oss-v1-0.6b,0.9981943261656376
pol_Latn,eng_Latn,codefuse-ai/F2LLM-v2-0.6B,0.9981916841770725
est_Latn,kat_Geor,jinaai/jina-embeddings-v3,0.9981884057971016
cat_Latn,fur_Latn,microsoft/harrier-oss-v1-0.6b,0.9981884057971016
ltz_Latn,tgl_Latn,microsoft/harrier-oss-v1-0.6b,0.9981884057971016
bul_Cyrl,crh_Latn,microsoft/harrier-oss-v1-0.6b,0.9981884057971016
fur_Latn,glg_Latn,microsoft/harrier-oss-v1-0.6b,0.9981884057971014
est_Latn,vie_Latn,jinaai/jina-embeddings-v3,0.9981884057971014
ind_Latn,pap_Latn,microsoft/harrier-oss-v1-0.6b,0.9981884057971014
vec_Latn,swe_Latn,microsoft/harrier-oss-v1-0.6b,0.9981852386743691
ita_Latn,vec_Latn,microsoft/harrier-oss-v1-0.6b,0.9981648785996612
dan_Latn,pap_Latn,microsoft/harrier-oss-v1-270m,0.9981648785996612
arb_Arab,fin_Latn,jinaai/jina-embeddings-v3,0.998147233201581
nld_Latn,fra_Latn,codefuse-ai/F2LLM-v2-0.6B,0.9981459797033567
zsm_Latn,eng_Latn,intfloat/multilingual-e5-large,0.9981348717806309
deu_Latn,fur_Latn,microsoft/harrier-oss-v1-0.6b,0.9981060606060608
ast_Latn,hun_Latn,microsoft/harrier-oss-v1-0.6b,0.998099726360596
eng_Latn,rus_Cyrl,jinaai/jina-embeddings-v3,0.9980971896955504
ben_Beng,urd_Arab,intfloat/multilingual-e5-small,0.9980966935556937
ceb_Latn,kor_Hang,microsoft/harrier-oss-v1-0.6b,0.9980942970073404
pap_Latn,hun_Latn,microsoft/harrier-oss-v1-0.6b,0.998078612209047
vec_Latn,eng_Latn,microsoft/harrier-oss-v1-270m,0.9980757229040982
nob_Latn,nno_Latn,jinaai/jina-embeddings-v5-text-small,0.9980687924679132
hrv_Latn,vec_Latn,microsoft/harrier-oss-v1-0.6b,0.9980648880105402
mkd_Cyrl,eng_Latn,intfloat/multilingual-e5-large,0.9980524033000868
nob_Latn,spa_Latn,jinaai/jina-embeddings-v3,0.998049167564978
hrv_Latn,nob_Latn,microsoft/harrier-oss-v1-0.6b,0.9980370686892426
fin_Latn,zho_Hans,microsoft/harrier-oss-v1-270m,0.99803547901374
spa_Latn,nob_Latn,microsoft/harrier-oss-v1-270m,0.9980336804469934
deu_Latn,fra_Latn,codefuse-ai/F2LLM-v2-0.6B,0.9980336027181633
epo_Latn,nob_Latn,jinaai/jina-embeddings-v3,0.998032864880691
nob_Latn,heb_Hebr,microsoft/harrier-oss-v1-0.6b,0.9980292667762136
nob_Latn,tgl_Latn,microsoft/harrier-oss-v1-0.6b,0.9980285122222649
epo_Latn,kaz_Cyrl,microsoft/harrier-oss-v1-270m,0.9980278321135608
guj_Gujr,nob_Latn,jinaai/jina-embeddings-v3,0.9980277486488668
ceb_Latn,nob_Latn,microsoft/harrier-oss-v1-270m,0.9980272571436668
epo_Latn,uzn_Latn,microsoft/harrier-oss-v1-270m,0.9980265713175992
kan_Knda,nob_Latn,microsoft/harrier-oss-v1-270m,0.9980260187770068
arb_Arab,uzn_Latn,microsoft/harrier-oss-v1-0.6b,0.998024840861822
ces_Latn,oci_Latn,microsoft/harrier-oss-v1-0.6b,0.9980237154150198
ltz_Latn,ita_Latn,microsoft/harrier-oss-v1-0.6b,0.9980237154150198
hrv_Latn,ltz_Latn,microsoft/harrier-oss-v1-0.6b,0.9980237154150198
swe_Latn,fur_Latn,microsoft/harrier-oss-v1-0.6b,0.9980237154150198
ast_Latn,slv_Latn,jinaai/jina-embeddings-v3,0.9980237154150198
bel_Cyrl,zho_Hant,microsoft/harrier-oss-v1-0.6b,0.9980237154150198
oci_Latn,hun_Latn,microsoft/harrier-oss-v1-0.6b,0.9980237154150198
slk_Latn,zho_Hant,jinaai/jina-embeddings-v3,0.9980237154150198
hin_Deva,oci_Latn,microsoft/harrier-oss-v1-0.6b,0.9980237154150198
acm_Arab,pol_Latn,jinaai/jina-embeddings-v3,0.9980237154150198
acm_Arab,nld_Latn,microsoft/harrier-oss-v1-0.6b,0.9980237154150198
fur_Latn,fra_Latn,microsoft/harrier-oss-v1-270m,0.9980237154150198
acm_Arab,tur_Latn,microsoft/harrier-oss-v1-0.6b,0.9980237154150198
acm_Arab,ell_Grek,jinaai/jina-embeddings-v3,0.9980237154150198
pap_Latn,zho_Hans,microsoft/harrier-oss-v1-0.6b,0.9980001882175796
eng_Latn,swe_Latn,microsoft/harrier-oss-v1-270m,0.9979996096799375
fra_Latn,deu_Latn,microsoft/harrier-oss-v1-0.6b,0.997999493124735
eng_Latn,ukr_Cyrl,jinaai/jina-embeddings-v3,0.9979833463440021
mag_Deva,tel_Telu,intfloat/multilingual-e5-small,0.9979825428194994
rus_Cyrl,deu_Latn,jinaai/jina-embeddings-v3,0.9979541652726664
nld_Latn,deu_Latn,microsoft/harrier-oss-v1-0.6b,0.9979533005199857
pol_Latn,deu_Latn,microsoft/harrier-oss-v1-0.6b,0.9979529801152812
eng_Latn,hrv_Latn,microsoft/harrier-oss-v1-270m,0.9979508196721312
rus_Cyrl,eng_Latn,jinaai/jina-embeddings-v3,0.9979368796699009
cym_Latn,por_Latn,microsoft/harrier-oss-v1-270m,0.9979296066252588
oci_Latn,tur_Latn,microsoft/harrier-oss-v1-0.6b,0.9979207839262187
por_Latn,tgk_Cyrl,microsoft/harrier-oss-v1-0.6b,0.9979171510501432
swe_Latn,ita_Latn,microsoft/harrier-oss-v1-0.6b,0.9979020296643248
nob_Latn,ell_Grek,jinaai/jina-embeddings-v5-text-small,0.9978909005907604
eng_Latn,heb_Hebr,jinaai/jina-embeddings-v3,0.9978880896620943
hye_Armn,nob_Latn,microsoft/harrier-oss-v1-0.6b,0.9978725612287256
nob_Latn,hun_Latn,microsoft/harrier-oss-v1-0.6b,0.9978695371849858
nob_Latn,fin_Latn,jinaai/jina-embeddings-v3,0.9978669939223936
bel_Cyrl,nob_Latn,jinaai/jina-embeddings-v3,0.9978647700462666
nob_Latn,zho_Hant,microsoft/harrier-oss-v1-270m,0.9978646394777816
uzn_Latn,zho_Hant,microsoft/harrier-oss-v1-0.6b,0.99786055466497
mlt_Latn,zho_Hans,microsoft/harrier-oss-v1-270m,0.997859025032938
heb_Hebr,zho_Hant,microsoft/harrier-oss-v1-0.6b,0.997859025032938
slk_Latn,fur_Latn,microsoft/harrier-oss-v1-0.6b,0.997859025032938
ars_Arab,eus_Latn,jinaai/jina-embeddings-v3,0.997859025032938
est_Latn,tha_Thai,jinaai/jina-embeddings-v3,0.997859025032938
est_Latn,hye_Armn,jinaai/jina-embeddings-v3,0.997859025032938
kor_Hang,als_Latn,microsoft/harrier-oss-v1-270m,0.997859025032938
ell_Grek,pap_Latn,microsoft/harrier-oss-v1-0.6b,0.997859025032938
afr_Latn,ast_Latn,microsoft/harrier-oss-v1-0.6b,0.997859025032938
acm_Arab,vie_Latn,jinaai/jina-embeddings-v5-text-small,0.997859025032938
jpn_Jpan,oci_Latn,microsoft/harrier-oss-v1-0.6b,0.997859025032938
jav_Latn,zho_Hant,microsoft/harrier-oss-v1-0.6b,0.997859025032938
acm_Arab,fra_Latn,codefuse-ai/F2LLM-v2-0.6B,0.997859025032938
eng_Latn,urd_Arab,microsoft/harrier-oss-v1-270m,0.997841743532393
vec_Latn,ita_Latn,microsoft/harrier-oss-v1-270m,0.9978049124788256
pol_Latn,ces_Latn,microsoft/harrier-oss-v1-270m,0.997804449648712
fra_Latn,ita_Latn,jinaai/jina-embeddings-v5-text-small,0.997804449648712
slk_Latn,eng_Latn,jinaai/jina-embeddings-v3,0.997804449648712
nld_Latn,tgl_Latn,microsoft/harrier-oss-v1-0.6b,0.997787424112391
apc_Arab,nob_Latn,jinaai/jina-embeddings-v3,0.9977839994144342
arb_Arab,mal_Mlym,microsoft/harrier-oss-v1-0.6b,0.9977792464452544
arb_Arab,azj_Latn,microsoft/harrier-oss-v1-0.6b,0.9977786801299386
rus_Cyrl,fra_Latn,microsoft/harrier-oss-v1-0.6b,0.9977781781060471
hun_Latn,kor_Hang,jinaai/jina-embeddings-v3,0.9977766798418972
ell_Grek,ast_Latn,microsoft/harrier-oss-v1-0.6b,0.9977766798418972
ces_Latn,vec_Latn,microsoft/harrier-oss-v1-0.6b,0.9977766798418972
fur_Latn,ita_Latn,microsoft/harrier-oss-v1-0.6b,0.9977766798418972
crh_Latn,tat_Cyrl,microsoft/harrier-oss-v1-0.6b,0.9977766798418972
fra_Latn,crh_Latn,microsoft/harrier-oss-v1-0.6b,0.9977766798418972
bos_Latn,fur_Latn,microsoft/harrier-oss-v1-0.6b,0.9977766798418972
por_Latn,vec_Latn,microsoft/harrier-oss-v1-0.6b,0.9977766798418972
ben_Beng,nld_Latn,microsoft/harrier-oss-v1-0.6b,0.9977688374427505
kor_Hang,tel_Telu,microsoft/harrier-oss-v1-0.6b,0.9977606385709152
bos_Latn,eng_Latn,intfloat/multilingual-e5-large,0.9977507806401249
azj_Latn,epo_Latn,microsoft/harrier-oss-v1-0.6b,0.9977315136813176
est_Latn,slv_Latn,jinaai/jina-embeddings-v3,0.9977272727272728
glg_Latn,fur_Latn,microsoft/harrier-oss-v1-0.6b,0.9977272727272728
oci_Latn,slk_Latn,microsoft/harrier-oss-v1-0.6b,0.9977272727272728
fra_Latn,nld_Latn,microsoft/harrier-oss-v1-0.6b,0.9977037840990086
est_Latn,hrv_Latn,jinaai/jina-embeddings-v3,0.9976943346508564
bak_Cyrl,por_Latn,microsoft/harrier-oss-v1-270m,0.9976943346508564
lij_Latn,por_Latn,microsoft/harrier-oss-v1-0.6b,0.9976943346508564
deu_Latn,vec_Latn,microsoft/harrier-oss-v1-0.6b,0.9976943346508564
slv_Latn,kor_Hang,jinaai/jina-embeddings-v3,0.9976943346508564
ces_Latn,fur_Latn,microsoft/harrier-oss-v1-0.6b,0.9976943346508564
ita_Latn,tgl_Latn,microsoft/harrier-oss-v1-270m,0.9976775956284153
ltz_Latn,ron_Latn,microsoft/harrier-oss-v1-0.6b,0.997670807453416
ita_Latn,deu_Latn,microsoft/harrier-oss-v1-270m,0.9976669430053187
bul_Cyrl,hrv_Latn,microsoft/harrier-oss-v1-0.6b,0.9976580796252927
fin_Latn,kor_Hang,jinaai/jina-embeddings-v3,0.9976284584980236
ltz_Latn,fra_Latn,microsoft/harrier-oss-v1-270m,0.9976119894598156
kat_Geor,kor_Hang,jinaai/jina-embeddings-v3,0.9976119894598156
dan_Latn,vec_Latn,microsoft/harrier-oss-v1-0.6b,0.9976119894598156
est_Latn,srp_Cyrl,jinaai/jina-embeddings-v3,0.9976119894598156
eng_Latn,sin_Sinh,microsoft/harrier-oss-v1-270m,0.9976092896174864
ben_Beng,fra_Latn,microsoft/harrier-oss-v1-0.6b,0.9976062040833957
isl_Latn,por_Latn,jinaai/jina-embeddings-v3,0.9976002258610954
ces_Latn,pap_Latn,microsoft/harrier-oss-v1-0.6b,0.9976002258610954
srp_Cyrl,fra_Latn,intfloat/multilingual-e5-large,0.9976000330152148
bul_Cyrl,mkd_Cyrl,intfloat/multilingual-e5-large,0.9975855543494908
bos_Latn,hrv_Latn,intfloat/multilingual-e5-large,0.99758402680712
rus_Cyrl,nld_Latn,microsoft/harrier-oss-v1-0.6b,0.9975604996096801
epo_Latn,urd_Arab,intfloat/multilingual-e5-large,0.997554347826087
est_Latn,mkd_Cyrl,jinaai/jina-embeddings-v3,0.9975521020481496
nno_Latn,zho_Hant,microsoft/harrier-oss-v1-0.6b,0.9975461133069828
est_Latn,spa_Latn,jinaai/jina-embeddings-v3,0.9975443926612
fin_Latn,zho_Hant,microsoft/harrier-oss-v1-270m,0.9975437605872388
acm_Arab,spa_Latn,microsoft/harrier-oss-v1-0.6b,0.997543561765852
cym_Latn,est_Latn,jinaai/jina-embeddings-v3,0.9975433684672816
eng_Latn,mkd_Cyrl,microsoft/harrier-oss-v1-0.6b,0.9975422723992164
epo_Latn,nno_Latn,microsoft/harrier-oss-v1-270m,0.997538709794394
jpn_Jpan,nob_Latn,jinaai/jina-embeddings-v5-text-small,0.9975335968379448
mlt_Latn,nob_Latn,microsoft/harrier-oss-v1-270m,0.9975327614368898
urd_Arab,zho_Hans,microsoft/harrier-oss-v1-270m,0.9975311644876864
ars_Arab,mal_Mlym,microsoft/harrier-oss-v1-270m,0.9975311235237035
mal_Mlym,zho_Hant,microsoft/harrier-oss-v1-270m,0.9975309410434368
mag_Deva,urd_Arab,jinaai/jina-embeddings-v5-text-small,0.9975306324110672
bul_Cyrl,ltz_Latn,microsoft/harrier-oss-v1-0.6b,0.9975296442687748
bho_Deva,por_Latn,microsoft/harrier-oss-v1-270m,0.9975296442687748
eus_Latn,zho_Hant,jinaai/jina-embeddings-v3,0.9975296442687748
eng_Latn,ltz_Latn,microsoft/harrier-oss-v1-0.6b,0.9975296442687748
cat_Latn,ltz_Latn,microsoft/harrier-oss-v1-0.6b,0.9975296442687748
lvs_Latn,zho_Hans,jinaai/jina-embeddings-v3,0.9975296442687748
ast_Latn,srp_Cyrl,jinaai/jina-embeddings-v3,0.9975296442687748
ast_Latn,tgl_Latn,microsoft/harrier-oss-v1-0.6b,0.9975296442687748
ast_Latn,tha_Thai,microsoft/harrier-oss-v1-0.6b,0.9975296442687748
est_Latn,hin_Deva,jinaai/jina-embeddings-v3,0.9975296442687748
afr_Latn,ltz_Latn,microsoft/harrier-oss-v1-0.6b,0.9975296442687748
kor_Hang,kir_Cyrl,microsoft/harrier-oss-v1-0.6b,0.9975296442687748
ast_Latn,kor_Hang,microsoft/harrier-oss-v1-0.6b,0.9975296442687748
ast_Latn,ben_Beng,microsoft/harrier-oss-v1-0.6b,0.9975296442687748
acm_Arab,slv_Latn,jinaai/jina-embeddings-v3,0.9975296442687748
mai_Deva,oci_Latn,microsoft/harrier-oss-v1-0.6b,0.9975296442687748
acm_Arab,heb_Hebr,jinaai/jina-embeddings-v3,0.9975296442687748
kan_Knda,zho_Hant,microsoft/harrier-oss-v1-270m,0.9975296442687748
deu_Latn,ita_Latn,microsoft/harrier-oss-v1-0.6b,0.9975237813563824
bul_Cyrl,vec_Latn,microsoft/harrier-oss-v1-0.6b,0.9975061170713344
ckb_Arab,por_Latn,microsoft/harrier-oss-v1-0.6b,0.9975061170713344
slk_Latn,nld_Latn,microsoft/harrier-oss-v1-0.6b,0.9974973595995775
spa_Latn,eng_Latn,jinaai/jina-embeddings-v5-text-nano,0.9974942070442886
heb_Hebr,eng_Latn,microsoft/harrier-oss-v1-270m,0.9974842290638798
eng_Latn,dan_Latn,jinaai/jina-embeddings-v3,0.9974824355971899
ben_Beng,fur_Latn,microsoft/harrier-oss-v1-0.6b,0.9974747474747476
fra_Latn,spa_Latn,microsoft/harrier-oss-v1-0.6b,0.997473224673362
nld_Latn,ita_Latn,microsoft/harrier-oss-v1-0.6b,0.9974629195940672
slk_Latn,ita_Latn,microsoft/harrier-oss-v1-0.6b,0.9974629195940672
ron_Latn,eng_Latn,intfloat/multilingual-e5-large,0.9974567485258862
crh_Latn,vie_Latn,microsoft/harrier-oss-v1-0.6b,0.997447299077734
ell_Grek,est_Latn,jinaai/jina-embeddings-v3,0.9974472990777338
fra_Latn,bul_Cyrl,codefuse-ai/F2LLM-v2-0.6B,0.9974466562581317
mkd_Cyrl,hrv_Latn,intfloat/multilingual-e5-large,0.9974389562682505
est_Latn,fin_Latn,jinaai/jina-embeddings-v3,0.9974355354790138
nld_Latn,pap_Latn,microsoft/harrier-oss-v1-270m,0.9974308300395256
eng_Latn,tur_Latn,codefuse-ai/F2LLM-v2-0.6B,0.997417716519641
kaz_Cyrl,por_Latn,microsoft/harrier-oss-v1-0.6b,0.9973945774396964
vec_Latn,spa_Latn,microsoft/harrier-oss-v1-0.6b,0.997393021586782
slk_Latn,slv_Latn,jinaai/jina-embeddings-v3,0.99739029951929
bul_Cyrl,rus_Cyrl,codefuse-ai/F2LLM-v2-0.6B,0.9973816029143898
spa_Latn,fra_Latn,codefuse-ai/F2LLM-v2-0.6B,0.9973763153311985
nob_Latn,urd_Arab,jinaai/jina-embeddings-v3,0.9973733171230847
est_Latn,nob_Latn,jinaai/jina-embeddings-v3,0.9973728590250328
eng_Latn,spa_Latn,microsoft/harrier-oss-v1-0.6b,0.9973727555400276
fur_Latn,spa_Latn,microsoft/harrier-oss-v1-270m,0.9973700212830648
por_Latn,azj_Latn,jinaai/jina-embeddings-v3,0.9973684704073068
jav_Latn,nob_Latn,microsoft/harrier-oss-v1-270m,0.9973665528224414
urd_Arab,zho_Hant,microsoft/harrier-oss-v1-270m,0.9973661983983964
bel_Cyrl,oci_Latn,microsoft/harrier-oss-v1-0.6b,0.9973649538866932
crh_Latn,rus_Cyrl,microsoft/harrier-oss-v1-270m,0.9973649538866932
lvs_Latn,zho_Hant,jinaai/jina-embeddings-v5-text-small,0.9973649538866932
ast_Latn,mar_Deva,microsoft/harrier-oss-v1-0.6b,0.9973649538866932
arz_Arab,zho_Hans,microsoft/harrier-oss-v1-270m,0.9973649538866932
arb_Arab,eus_Latn,jinaai/jina-embeddings-v3,0.9973649538866932
epo_Latn,fur_Latn,microsoft/harrier-oss-v1-0.6b,0.9973649538866932
heb_Hebr,fur_Latn,microsoft/harrier-oss-v1-0.6b,0.997364953886693
mkd_Cyrl,fur_Latn,microsoft/harrier-oss-v1-0.6b,0.997364953886693
bul_Cyrl,slv_Latn,microsoft/harrier-oss-v1-0.6b,0.9973573750435831
nld_Latn,pol_Latn,microsoft/harrier-oss-v1-270m,0.9973555815768931
nld_Latn,swe_Latn,intfloat/multilingual-e5-large,0.997346157841525
fur_Latn,vec_Latn,microsoft/harrier-oss-v1-0.6b,0.9973414266892529
eng_Latn,slv_Latn,microsoft/harrier-oss-v1-270m,0.9973268089714991
swe_Latn,tgl_Latn,intfloat/multilingual-e5-large,0.9972938178624654
swe_Latn,nld_Latn,intfloat/multilingual-e5-large,0.9972901682541739
eng_Latn,zsm_Latn,microsoft/harrier-oss-v1-0.6b,0.997287948531589
mag_Deva,sin_Sinh,intfloat/multilingual-e5-large,0.9972826086956522
fur_Latn,ell_Grek,microsoft/harrier-oss-v1-0.6b,0.9972826086956522
deu_Latn,rus_Cyrl,microsoft/harrier-oss-v1-0.6b,0.9972769076893052
bos_Latn,srp_Cyrl,intfloat/multilingual-e5-large,0.9972725982413015
ces_Latn,slk_Latn,jinaai/jina-embeddings-v3,0.9972677595628414
eng_Latn,ind_Latn,microsoft/harrier-oss-v1-0.6b,0.9972384855581578
mkd_Cyrl,bos_Latn,intfloat/multilingual-e5-large,0.9972367499452318
fur_Latn,ron_Latn,microsoft/harrier-oss-v1-0.6b,0.9972332015810276
ltz_Latn,spa_Latn,microsoft/harrier-oss-v1-0.6b,0.9972321390624336
kor_Hang,nno_Latn,jinaai/jina-embeddings-v5-text-small,0.997226970053057
bul_Cyrl,swe_Latn,microsoft/harrier-oss-v1-0.6b,0.997217575554812
slv_Latn,eng_Latn,microsoft/harrier-oss-v1-0.6b,0.9972158840209446
eng_Latn,slk_Latn,jinaai/jina-embeddings-v3,0.9972106055536969
kor_Hang,khk_Cyrl,microsoft/harrier-oss-v1-270m,0.9972002635046114
pol_Latn,ita_Latn,microsoft/harrier-oss-v1-0.6b,0.9971934128842794
pol_Latn,fra_Latn,codefuse-ai/F2LLM-v2-0.6B,0.9971891004830624
hrv_Latn,zsm_Latn,intfloat/multilingual-e5-large,0.99718226455575
azj_Latn,kor_Hang,jinaai/jina-embeddings-v3,0.997180063385597
ast_Latn,nob_Latn,microsoft/harrier-oss-v1-270m,0.9971637083964392
kan_Knda,hin_Deva,jinaai/jina-embeddings-v3,0.9971479213319886
acm_Arab,hun_Latn,jinaai/jina-embeddings-v3,0.997145366710584
rus_Cyrl,ita_Latn,jinaai/jina-embeddings-v3,0.9971409055425449
mkd_Cyrl,als_Latn,intfloat/multilingual-e5-large,0.9971308142637436
eng_Latn,tha_Thai,jinaai/jina-embeddings-v3,0.9971273677617227
nld_Latn,crh_Latn,microsoft/harrier-oss-v1-0.6b,0.9971179183135706
arb_Arab,kat_Geor,jinaai/jina-embeddings-v3,0.9971179183135706
ltz_Latn,srp_Cyrl,microsoft/harrier-oss-v1-0.6b,0.9971179183135706
deu_Latn,crh_Latn,microsoft/harrier-oss-v1-0.6b,0.9971179183135704
ceb_Latn,eng_Latn,microsoft/harrier-oss-v1-270m,0.997117508516074
jav_Latn,tgl_Latn,intfloat/multilingual-e5-large,0.9970950082229484
bjn_Latn,ind_Latn,microsoft/harrier-oss-v1-0.6b,0.9970946765307264
ukr_Cyrl,eng_Latn,codefuse-ai/F2LLM-v2-0.6B,0.9970921155347385
nld_Latn,dan_Latn,intfloat/multilingual-e5-large,0.9970722138398547
sun_Latn,zho_Hans,microsoft/harrier-oss-v1-0.6b,0.997072002867824
ast_Latn,heb_Hebr,microsoft/harrier-oss-v1-0.6b,0.997068511198946
apc_Arab,zho_Hans,microsoft/harrier-oss-v1-0.6b,0.997068511198946
eng_Latn,ces_Latn,jinaai/jina-embeddings-v3,0.9970586130627114
spa_Latn,crh_Latn,microsoft/harrier-oss-v1-0.6b,0.9970570544767142
spa_Latn,oci_Latn,microsoft/harrier-oss-v1-0.6b,0.9970565974266252
dan_Latn,nld_Latn,jinaai/jina-embeddings-v3,0.9970563361956803
ita_Latn,nld_Latn,microsoft/harrier-oss-v1-0.6b,0.9970515387314913
nld_Latn,ces_Latn,microsoft/harrier-oss-v1-270m,0.9970433255269321
azj_Latn,zho_Hans,microsoft/harrier-oss-v1-0.6b,0.9970431742170872
swe_Latn,tur_Latn,jinaai/jina-embeddings-v3,0.9970427156518347
eus_Latn,nob_Latn,jinaai/jina-embeddings-v3,0.9970426312817616
kaz_Cyrl,kor_Hang,jinaai/jina-embeddings-v3,0.99704082378336
est_Latn,zho_Hans,jinaai/jina-embeddings-v3,0.9970355731225296
arz_Arab,zho_Hant,microsoft/harrier-oss-v1-270m,0.9970355731225296
hin_Deva,fur_Latn,microsoft/harrier-oss-v1-0.6b,0.9970355731225296
fur_Latn,ukr_Cyrl,microsoft/harrier-oss-v1-0.6b,0.9970355731225296
pan_Guru,zho_Hant,microsoft/harrier-oss-v1-0.6b,0.9970355731225296
hrv_Latn,fra_Latn,intfloat/multilingual-e5-large,0.9970295247744545
mkd_Cyrl,ita_Latn,jinaai/jina-embeddings-v3,0.997020056446286
eng_Latn,hne_Deva,microsoft/harrier-oss-v1-270m,0.9970174462406944
hin_Deva,tam_Taml,microsoft/harrier-oss-v1-270m,0.9969914499850351
deu_Latn,nld_Latn,microsoft/harrier-oss-v1-270m,0.9969856646086154
bul_Cyrl,nld_Latn,codefuse-ai/F2LLM-v2-0.6B,0.9969829829164868
ben_Beng,swe_Latn,jinaai/jina-embeddings-v3,0.9969810459497737
hun_Latn,pap_Latn,microsoft/harrier-oss-v1-0.6b,0.9969806763285024
hin_Deva,kan_Knda,jinaai/jina-embeddings-v3,0.9969707680546867
srp_Cyrl,ita_Latn,intfloat/multilingual-e5-large,0.9969643359634758
spa_Latn,nld_Latn,codefuse-ai/F2LLM-v2-0.6B,0.9969607645197656
kir_Cyrl,zho_Hans,microsoft/harrier-oss-v1-270m,0.9969532279314888
eng_Latn,als_Latn,microsoft/harrier-oss-v1-270m,0.9969471395115423
hrv_Latn,ita_Latn,microsoft/harrier-oss-v1-270m,0.9969457455113192
deu_Latn,srp_Cyrl,intfloat/multilingual-e5-large,0.9969456624392476
pol_Latn,vie_Latn,codefuse-ai/F2LLM-v2-0.6B,0.9969382823757379
epo_Latn,npi_Deva,intfloat/multilingual-e5-small,0.9969367588932806
pol_Latn,nld_Latn,microsoft/harrier-oss-v1-0.6b,0.9969335480093677
bul_Cyrl,als_Latn,intfloat/multilingual-e5-large,0.9969232683908034
guj_Gujr,tel_Telu,microsoft/harrier-oss-v1-0.6b,0.9969224764306732
ita_Latn,ron_Latn,intfloat/multilingual-e5-large,0.9969120360513803
fra_Latn,rus_Cyrl,codefuse-ai/F2LLM-v2-0.6B,0.9969101333053578
jav_Latn,kor_Hang,microsoft/harrier-oss-v1-0.6b,0.9969038208168644
bul_Cyrl,srp_Cyrl,intfloat/multilingual-e5-large,0.9968990382390239
dan_Latn,swe_Latn,jinaai/jina-embeddings-v3,0.996896955503513
swe_Latn,vie_Latn,jinaai/jina-embeddings-v3,0.9968907844353319
ben_Beng,rus_Cyrl,jinaai/jina-embeddings-v3,0.9968848089679724
bak_Cyrl,rus_Cyrl,microsoft/harrier-oss-v1-0.6b,0.9968807564495377
vec_Latn,slk_Latn,microsoft/harrier-oss-v1-0.6b,0.996878234989648
nob_Latn,uzn_Latn,microsoft/harrier-oss-v1-0.6b,0.9968776073171371
mal_Mlym,nob_Latn,microsoft/harrier-oss-v1-0.6b,0.9968760705856088
sin_Sinh,zho_Hans,microsoft/harrier-oss-v1-270m,0.996870882740448
oci_Latn,slv_Latn,microsoft/harrier-oss-v1-0.6b,0.996870882740448
ces_Latn,crh_Latn,microsoft/harrier-oss-v1-0.6b,0.996870882740448
arb_Arab,tat_Cyrl,microsoft/harrier-oss-v1-0.6b,0.996870882740448
glg_Latn,ltz_Latn,microsoft/harrier-oss-v1-0.6b,0.996870882740448
ita_Latn,swe_Latn,microsoft/harrier-oss-v1-0.6b,0.9968600039640036
pol_Latn,rus_Cyrl,microsoft/harrier-oss-v1-0.6b,0.996828649492584
slv_Latn,fra_Latn,microsoft/harrier-oss-v1-0.6b,0.9968234512247343
ben_Beng,spa_Latn,microsoft/harrier-oss-v1-0.6b,0.9968230497752419
ces_Latn,pol_Latn,microsoft/harrier-oss-v1-270m,0.9968135689447164
fra_Latn,srp_Cyrl,intfloat/multilingual-e5-large,0.9968132218221314
ben_Beng,deu_Latn,microsoft/harrier-oss-v1-270m,0.9968119082766351
hun_Latn,crh_Latn,microsoft/harrier-oss-v1-0.6b,0.9968050065876152
spa_Latn,bul_Cyrl,codefuse-ai/F2LLM-v2-0.6B,0.9968041645408576
zsm_Latn,srp_Cyrl,intfloat/multilingual-e5-large,0.9967934948229276
ast_Latn,mal_Mlym,microsoft/harrier-oss-v1-0.6b,0.996790579165714
est_Latn,isl_Latn,jinaai/jina-embeddings-v3,0.9967885375494072
ast_Latn,ltz_Latn,microsoft/harrier-oss-v1-0.6b,0.9967885375494072
ast_Latn,est_Latn,jinaai/jina-embeddings-v3,0.9967885375494072
ben_Beng,oci_Latn,microsoft/harrier-oss-v1-0.6b,0.9967885375494072
mkd_Cyrl,slk_Latn,jinaai/jina-embeddings-v3,0.9967882234861158
deu_Latn,pol_Latn,microsoft/harrier-oss-v1-0.6b,0.9967875631702205
nld_Latn,hrv_Latn,microsoft/harrier-oss-v1-0.6b,0.9967798594847777
srp_Cyrl,swe_Latn,intfloat/multilingual-e5-large,0.9967667184154814
srp_Cyrl,ron_Latn,intfloat/multilingual-e5-large,0.9967636328813907
ell_Grek,eng_Latn,codefuse-ai/F2LLM-v2-0.6B,0.996762136948345
acm_Arab,fin_Latn,jinaai/jina-embeddings-v3,0.9967485413137586
kir_Cyrl,nob_Latn,jinaai/jina-embeddings-v3,0.9967477229764564
est_Latn,nno_Latn,jinaai/jina-embeddings-v3,0.9967473649538866
ast_Latn,fin_Latn,jinaai/jina-embeddings-v3,0.9967336407553798
ces_Latn,eng_Latn,microsoft/harrier-oss-v1-270m,0.9967310694769712
mar_Deva,tel_Telu,intfloat/multilingual-e5-large,0.9967308766310905
ces_Latn,ita_Latn,codefuse-ai/F2LLM-v2-0.6B,0.9967279155991482
vec_Latn,ukr_Cyrl,microsoft/harrier-oss-v1-0.6b,0.996718391645928
apc_Arab,zho_Hant,jinaai/jina-embeddings-v5-text-small,0.9967061923583662
cym_Latn,nob_Latn,jinaai/jina-embeddings-v3,0.9966913330757724
kaz_Cyrl,zho_Hans,microsoft/harrier-oss-v1-270m,0.9966903593008972
mal_Mlym,oci_Latn,microsoft/harrier-oss-v1-0.6b,0.9966843399783708
khm_Khmr,por_Latn,jinaai/jina-embeddings-v3,0.996682665160926
als_Latn,tgl_Latn,intfloat/multilingual-e5-large,0.9966816844018758
kaz_Cyrl,zho_Hant,microsoft/harrier-oss-v1-0.6b,0.9966759321743416
bho_Deva,eng_Latn,microsoft/harrier-oss-v1-270m,0.9966730228668932
nld_Latn,vie_Latn,codefuse-ai/F2LLM-v2-0.6B,0.9966730228668932
cym_Latn,tgl_Latn,intfloat/multilingual-e5-large,0.9966699373328027
ces_Latn,deu_Latn,microsoft/harrier-oss-v1-0.6b,0.9966572175514858
srd_Latn,ita_Latn,microsoft/harrier-oss-v1-0.6b,0.9966512955643392
fur_Latn,por_Latn,microsoft/harrier-oss-v1-0.6b,0.9966403162055336
hrv_Latn,als_Latn,intfloat/multilingual-e5-large,0.9966366217459655
ita_Latn,mkd_Cyrl,jinaai/jina-embeddings-v3,0.9966286132155189
hrv_Latn,mkd_Cyrl,microsoft/harrier-oss-v1-0.6b,0.9966286104605776
ron_Latn,fra_Latn,intfloat/multilingual-e5-large,0.9966273183931773
arb_Arab,tgk_Cyrl,microsoft/harrier-oss-v1-0.6b,0.996623023715415
swe_Latn,fra_Latn,intfloat/multilingual-e5-large,0.9966206459257063
nno_Latn,oci_Latn,microsoft/harrier-oss-v1-0.6b,0.9966175129218608
fra_Latn,zsm_Latn,intfloat/multilingual-e5-large,0.9966090944574553
swe_Latn,slk_Latn,microsoft/harrier-oss-v1-0.6b,0.9966042154566743
mar_Deva,oci_Latn,microsoft/harrier-oss-v1-0.6b,0.9966032608695652
ita_Latn,sin_Sinh,intfloat/multilingual-e5-large,0.9966011877763482
bul_Cyrl,tgl_Latn,intfloat/multilingual-e5-large,0.9965824651962776
dan_Latn,crh_Latn,microsoft/harrier-oss-v1-0.6b,0.9965795074490726
pap_Latn,fin_Latn,microsoft/harrier-oss-v1-270m,0.9965744400527008
est_Latn,mar_Deva,jinaai/jina-embeddings-v3,0.9965744400527008
zsm_Latn,tgl_Latn,intfloat/multilingual-e5-large,0.9965723573171898
hne_Deva,por_Latn,microsoft/harrier-oss-v1-0.6b,0.9965567958045328
swe_Latn,deu_Latn,intfloat/multilingual-e5-large,0.9965533372034746
est_Latn,kaz_Cyrl,jinaai/jina-embeddings-v3,0.9965524370310008
ita_Latn,zsm_Latn,intfloat/multilingual-e5-large,0.9965523399147773
azj_Latn,nob_Latn,microsoft/harrier-oss-v1-270m,0.9965509034407762
vec_Latn,nld_Latn,microsoft/harrier-oss-v1-0.6b,0.99654851007765
ben_Beng,pol_Latn,microsoft/harrier-oss-v1-0.6b,0.9965483250472049
tur_Latn,hrv_Latn,intfloat/multilingual-e5-large,0.9965445067841926
ast_Latn,bel_Cyrl,microsoft/harrier-oss-v1-0.6b,0.9965415019762844
arb_Arab,khk_Cyrl,microsoft/harrier-oss-v1-0.6b,0.9965415019762844
est_Latn,eus_Latn,jinaai/jina-embeddings-v3,0.9965415019762844
kor_Hang,eus_Latn,jinaai/jina-embeddings-v3,0.9965415019762844
ben_Beng,hrv_Latn,microsoft/harrier-oss-v1-0.6b,0.9965383999125471
swe_Latn,pol_Latn,codefuse-ai/F2LLM-v2-0.6B,0.996535716599865
fin_Latn,eng_Latn,jinaai/jina-embeddings-v3,0.9965295741507445
bul_Cyrl,ita_Latn,jinaai/jina-embeddings-v3,0.9965271354443417
bul_Cyrl,vie_Latn,codefuse-ai/F2LLM-v2-0.6B,0.9965261514441842
ron_Latn,ita_Latn,intfloat/multilingual-e5-large,0.9965085381870843
ben_Beng,mai_Deva,microsoft/harrier-oss-v1-0.6b,0.9965084289077516
deu_Latn,swe_Latn,jinaai/jina-embeddings-v3,0.9965045444407271
ita_Latn,pol_Latn,microsoft/harrier-oss-v1-270m,0.996503670834388
ben_Beng,pan_Guru,intfloat/multilingual-e5-large,0.9965036077607354
pol_Latn,tgl_Latn,microsoft/harrier-oss-v1-0.6b,0.9965004643728808
nld_Latn,slk_Latn,jinaai/jina-embeddings-v3,0.9964991144517159
mkd_Cyrl,ces_Latn,jinaai/jina-embeddings-v3,0.9964838667707521
slk_Latn,rus_Cyrl,jinaai/jina-embeddings-v3,0.9964773614363778
hrv_Latn,fur_Latn,microsoft/harrier-oss-v1-0.6b,0.996466642711702
fin_Latn,nob_Latn,jinaai/jina-embeddings-v3,0.9964658334223552
dan_Latn,deu_Latn,jinaai/jina-embeddings-v3,0.9964619685325065
pol_Latn,hrv_Latn,microsoft/harrier-oss-v1-0.6b,0.9964605709883686
bul_Cyrl,deu_Latn,microsoft/harrier-oss-v1-0.6b,0.9964571719735291
ben_Beng,ces_Latn,microsoft/harrier-oss-v1-270m,0.9964547598991647
bos_Latn,mkd_Cyrl,intfloat/multilingual-e5-large,0.9964542476686891
mkd_Cyrl,tgl_Latn,intfloat/multilingual-e5-large,0.996449816616424
jpn_Jpan,fur_Latn,microsoft/harrier-oss-v1-0.6b,0.9964473931865236
pbt_Arab,por_Latn,jinaai/jina-embeddings-v3,0.9964473931865236
por_Latn,sun_Latn,microsoft/harrier-oss-v1-0.6b,0.9964364820224934
khk_Cyrl,zho_Hans,microsoft/harrier-oss-v1-270m,0.9964356295878036
swe_Latn,hrv_Latn,microsoft/harrier-oss-v1-270m,0.996435243896042
fra_Latn,tgl_Latn,intfloat/multilingual-e5-large,0.9964346997739728
dan_Latn,tgl_Latn,intfloat/multilingual-e5-large,0.9964290728278612
bel_Cyrl,vec_Latn,microsoft/harrier-oss-v1-0.6b,0.9964238659890832
mkd_Cyrl,dan_Latn,jinaai/jina-embeddings-v3,0.9964229954276792
ita_Latn,spa_Latn,microsoft/harrier-oss-v1-270m,0.9964181184048051
bul_Cyrl,dan_Latn,intfloat/multilingual-e5-large,0.996416730691499
arb_Arab,khm_Khmr,jinaai/jina-embeddings-v3,0.9964097496706192
pol_Latn,crh_Latn,microsoft/harrier-oss-v1-0.6b,0.9964097496706192
fra_Latn,cat_Latn,intfloat/multilingual-e5-large,0.9964040638323426
srp_Cyrl,ces_Latn,jinaai/jina-embeddings-v3,0.9963984103328366
bul_Cyrl,bos_Latn,intfloat/multilingual-e5-large,0.9963916842299694
arb_Arab,kaz_Cyrl,jinaai/jina-embeddings-v3,0.996387450519004
bul_Cyrl,ben_Beng,microsoft/harrier-oss-v1-0.6b,0.9963846604215457
ind_Latn,crh_Latn,microsoft/harrier-oss-v1-0.6b,0.9963768115942028
fur_Latn,rus_Cyrl,microsoft/harrier-oss-v1-0.6b,0.9963768115942028
arb_Arab,sin_Sinh,jinaai/jina-embeddings-v3,0.9963768115942028
tur_Latn,fra_Latn,jinaai/jina-embeddings-v3,0.996373610352584
slk_Latn,pol_Latn,microsoft/harrier-oss-v1-0.6b,0.9963680445237821
pol_Latn,swe_Latn,codefuse-ai/F2LLM-v2-0.6B,0.9963586840814211
pol_Latn,slk_Latn,jinaai/jina-embeddings-v3,0.9963543138970794
lvs_Latn,oci_Latn,microsoft/harrier-oss-v1-0.6b,0.9963525924203672
dan_Latn,fra_Latn,intfloat/multilingual-e5-large,0.9963446706140933
ind_Latn,eng_Latn,microsoft/harrier-oss-v1-0.6b,0.9963407494145199
ita_Latn,ces_Latn,microsoft/harrier-oss-v1-270m,0.9963376638804293
bul_Cyrl,ukr_Cyrl,codefuse-ai/F2LLM-v2-0.6B,0.9963370320805918
fra_Latn,vie_Latn,codefuse-ai/F2LLM-v2-0.6B,0.9963339108029058
eng_Latn,ceb_Latn,microsoft/harrier-oss-v1-270m,0.9963326177465521
fra_Latn,slk_Latn,jinaai/jina-embeddings-v3,0.9963260752261255
hrv_Latn,sin_Sinh,intfloat/multilingual-e5-large,0.9963259187737801
ces_Latn,hrv_Latn,intfloat/multilingual-e5-small,0.9963220799033157
spa_Latn,ita_Latn,jinaai/jina-embeddings-v5-text-small,0.9963150315774225
nno_Latn,eng_Latn,intfloat/multilingual-e5-large,0.9963137827147928
amh_Ethi,nob_Latn,microsoft/harrier-oss-v1-270m,0.9962972896668548
epo_Latn,swh_Latn,microsoft/harrier-oss-v1-270m,0.996297066777616
arz_Arab,nob_Latn,microsoft/harrier-oss-v1-270m,0.9962966429280354
por_Latn,snd_Arab,intfloat/multilingual-e5-large,0.996294466403162
ell_Grek,fur_Latn,microsoft/harrier-oss-v1-0.6b,0.996294466403162
nld_Latn,vec_Latn,microsoft/harrier-oss-v1-0.6b,0.996294466403162
ast_Latn,fur_Latn,microsoft/harrier-oss-v1-0.6b,0.996294466403162
ron_Latn,fur_Latn,microsoft/harrier-oss-v1-0.6b,0.996294466403162
slv_Latn,ces_Latn,jinaai/jina-embeddings-v3,0.9962919594067137
mar_Deva,tam_Taml,intfloat/multilingual-e5-large,0.9962753360918009
hin_Deva,ltz_Latn,microsoft/harrier-oss-v1-0.6b,0.9962450592885376
vec_Latn,mkd_Cyrl,microsoft/harrier-oss-v1-0.6b,0.9962420649179542
srp_Cyrl,tur_Latn,intfloat/multilingual-e5-large,0.9962412087991205
cym_Latn,eng_Latn,intfloat/multilingual-e5-large,0.9962405852641063
tgl_Latn,tur_Latn,microsoft/harrier-oss-v1-0.6b,0.9962400838648164
kan_Knda,tel_Telu,jinaai/jina-embeddings-v3,0.9962280170433865
kor_Hang,mal_Mlym,microsoft/harrier-oss-v1-270m,0.9962272692467844
ben_Beng,ory_Orya,microsoft/harrier-oss-v1-0.6b,0.9962170398903876
est_Latn,zho_Hant,jinaai/jina-embeddings-v3,0.9962121212121212
ind_Latn,fur_Latn,microsoft/harrier-oss-v1-0.6b,0.9962121212121212
ars_Arab,isl_Latn,jinaai/jina-embeddings-v3,0.9962121212121212
ltz_Latn,hun_Latn,microsoft/harrier-oss-v1-0.6b,0.9962121212121212
npi_Deva,nob_Latn,jinaai/jina-embeddings-v3,0.9962013515571112
fra_Latn,ron_Latn,intfloat/multilingual-e5-large,0.9962003576134012
deu_Latn,vie_Latn,codefuse-ai/F2LLM-v2-0.6B,0.9961990505468767
ben_Beng,zsm_Latn,microsoft/harrier-oss-v1-270m,0.9961964598578368
bul_Cyrl,ces_Latn,microsoft/harrier-oss-v1-0.6b,0.9961961728577908
nld_Latn,tur_Latn,microsoft/harrier-oss-v1-0.6b,0.9961943793911008
ita_Latn,slk_Latn,jinaai/jina-embeddings-v3,0.9961893422566979
guj_Gujr,kan_Knda,microsoft/harrier-oss-v1-0.6b,0.9961764842549341
srd_Latn,epo_Latn,microsoft/harrier-oss-v1-0.6b,0.9961721249764728
asm_Beng,zho_Hans,microsoft/harrier-oss-v1-0.6b,0.9961709486166008
ces_Latn,fra_Latn,codefuse-ai/F2LLM-v2-0.6B,0.99616306979101
swe_Latn,urd_Arab,intfloat/multilingual-e5-large,0.9961494991780038
ceb_Latn,tgl_Latn,microsoft/harrier-oss-v1-270m,0.9961488430394345
tgl_Latn,vie_Latn,intfloat/multilingual-e5-large,0.9961466307510499
swe_Latn,ukr_Cyrl,jinaai/jina-embeddings-v3,0.9961455893832944
ita_Latn,rus_Cyrl,microsoft/harrier-oss-v1-0.6b,0.9961445158082884
ltz_Latn,nob_Latn,microsoft/harrier-oss-v1-0.6b,0.996144474665002
pan_Guru,urd_Arab,intfloat/multilingual-e5-large,0.996140637101079
rus_Cyrl,dan_Latn,jinaai/jina-embeddings-v3,0.9961325787145459
amh_Ethi,zho_Hant,microsoft/harrier-oss-v1-270m,0.9961297760210804
ben_Beng,vie_Latn,microsoft/harrier-oss-v1-270m,0.9961256298346461
spa_Latn,tgl_Latn,microsoft/harrier-oss-v1-270m,0.9961216367402792
vec_Latn,fra_Latn,microsoft/harrier-oss-v1-0.6b,0.996114597184022
slv_Latn,hrv_Latn,microsoft/harrier-oss-v1-0.6b,0.9961041178766588
swe_Latn,rus_Cyrl,codefuse-ai/F2LLM-v2-0.6B,0.9961025847519076
spa_Latn,fur_Latn,microsoft/harrier-oss-v1-0.6b,0.996096837944664
mkd_Cyrl,ell_Grek,intfloat/multilingual-e5-large,0.9960918818055311
spa_Latn,vec_Latn,microsoft/harrier-oss-v1-0.6b,0.996085488814707
ltz_Latn,slv_Latn,microsoft/harrier-oss-v1-0.6b,0.9960815047021944
srp_Cyrl,nld_Latn,intfloat/multilingual-e5-large,0.9960809474440977
tha_Thai,eng_Latn,jinaai/jina-embeddings-v3,0.9960808703057455
srd_Latn,eng_Latn,microsoft/harrier-oss-v1-270m,0.9960803689064558
nob_Latn,eus_Latn,jinaai/jina-embeddings-v3,0.9960559492980782
srp_Cyrl,vie_Latn,intfloat/multilingual-e5-large,0.9960539875899821
ces_Latn,slv_Latn,jinaai/jina-embeddings-v3,0.9960494033679046
zul_Latn,por_Latn,microsoft/harrier-oss-v1-0.6b,0.9960484101583772
ltz_Latn,zho_Hans,microsoft/harrier-oss-v1-0.6b,0.9960474308300395
heb_Hebr,pap_Latn,microsoft/harrier-oss-v1-0.6b,0.9960474308300395
hun_Latn,fur_Latn,microsoft/harrier-oss-v1-0.6b,0.9960474308300395
sin_Sinh,zho_Hant,microsoft/harrier-oss-v1-270m,0.9960474308300395
est_Latn,pan_Guru,jinaai/jina-embeddings-v3,0.9960474308300395
fur_Latn,srp_Cyrl,microsoft/harrier-oss-v1-0.6b,0.9960474308300395
fur_Latn,mkd_Cyrl,microsoft/harrier-oss-v1-0.6b,0.9960474308300395
ces_Latn,ltz_Latn,microsoft/harrier-oss-v1-0.6b,0.9960474308300395
tur_Latn,vie_Latn,intfloat/multilingual-e5-large,0.9960401267923096
swe_Latn,heb_Hebr,jinaai/jina-embeddings-v3,0.9960390690326542
srd_Latn,spa_Latn,microsoft/harrier-oss-v1-270m,0.9960382245353888
bos_Latn,zsm_Latn,intfloat/multilingual-e5-large,0.9960371135754242
ita_Latn,vie_Latn,microsoft/harrier-oss-v1-0.6b,0.9960347198988885
guj_Gujr,tam_Taml,intfloat/multilingual-e5-large,0.9960338522112662
spa_Latn,deu_Latn,microsoft/harrier-oss-v1-270m,0.9960336193185908
bul_Cyrl,spa_Latn,codefuse-ai/F2LLM-v2-0.6B,0.9960307947056559
hin_Deva,vec_Latn,microsoft/harrier-oss-v1-0.6b,0.9960268445322792
kat_Geor,zho_Hans,microsoft/harrier-oss-v1-270m,0.9960239036325992
hrv_Latn,ces_Latn,microsoft/harrier-oss-v1-270m,0.9960187353629977
fra_Latn,swe_Latn,microsoft/harrier-oss-v1-0.6b,0.9960187353629977
ita_Latn,srp_Cyrl,intfloat/multilingual-e5-large,0.9960101880641088
oci_Latn,tha_Thai,microsoft/harrier-oss-v1-0.6b,0.996006258234519
kat_Geor,zho_Hant,microsoft/harrier-oss-v1-270m,0.995998023715415
bos_Latn,als_Latn,intfloat/multilingual-e5-large,0.9959862086911266
mkd_Cyrl,deu_Latn,intfloat/multilingual-e5-large,0.9959825726687161
fra_Latn,ces_Latn,microsoft/harrier-oss-v1-270m,0.9959724358219928
bul_Cyrl,ron_Latn,intfloat/multilingual-e5-large,0.9959684925828903
ita_Latn,hrv_Latn,microsoft/harrier-oss-v1-270m,0.9959668598211007
nld_Latn,ind_Latn,jinaai/jina-embeddings-v3,0.9959595922863411
nld_Latn,spa_Latn,microsoft/harrier-oss-v1-0.6b,0.9959567623380174
heb_Hebr,tgl_Latn,microsoft/harrier-oss-v1-270m,0.9959548648073238
tur_Latn,ukr_Cyrl,jinaai/jina-embeddings-v3,0.995954016285449
tur_Latn,nld_Latn,microsoft/harrier-oss-v1-0.6b,0.9959504293520688
swe_Latn,ind_Latn,jinaai/jina-embeddings-v3,0.995947630818024
fra_Latn,pol_Latn,microsoft/harrier-oss-v1-0.6b,0.9959459039020694
isl_Latn,zho_Hans,jinaai/jina-embeddings-v3,0.9959444993412384
srd_Latn,ron_Latn,microsoft/harrier-oss-v1-0.6b,0.9959408664651632
mkd_Cyrl,nld_Latn,intfloat/multilingual-e5-large,0.995935251137094
por_Latn,swh_Latn,microsoft/harrier-oss-v1-0.6b,0.995934322718572
slv_Latn,mkd_Cyrl,jinaai/jina-embeddings-v3,0.9959330821233886
ars_Arab,sin_Sinh,jinaai/jina-embeddings-v3,0.9959297948428384
dan_Latn,rus_Cyrl,jinaai/jina-embeddings-v3,0.9959260343481654
deu_Latn,tur_Latn,jinaai/jina-embeddings-v3,0.995925690622083
ind_Latn,fra_Latn,microsoft/harrier-oss-v1-0.6b,0.9959110998121791
fra_Latn,hrv_Latn,intfloat/multilingual-e5-large,0.9959105102547726
ben_Beng,vec_Latn,microsoft/harrier-oss-v1-0.6b,0.9959101888449714
cat_Latn,fra_Latn,microsoft/harrier-oss-v1-0.6b,0.995905625973688
vec_Latn,rus_Cyrl,microsoft/harrier-oss-v1-0.6b,0.9959029066171924
dan_Latn,ron_Latn,intfloat/multilingual-e5-large,0.9959013822164215
fra_Latn,als_Latn,intfloat/multilingual-e5-large,0.9958968181972458
vec_Latn,ind_Latn,microsoft/harrier-oss-v1-0.6b,0.9958925240350124
nld_Latn,ukr_Cyrl,jinaai/jina-embeddings-v3,0.995890090630952
ast_Latn,urd_Arab,microsoft/harrier-oss-v1-0.6b,0.9958871127589866
deu_Latn,ces_Latn,microsoft/harrier-oss-v1-0.6b,0.9958860730084382
ltz_Latn,pol_Latn,microsoft/harrier-oss-v1-0.6b,0.995882740447958
arb_Arab,cym_Latn,microsoft/harrier-oss-v1-270m,0.995882740447958
kor_Hang,sin_Sinh,microsoft/harrier-oss-v1-270m,0.995882740447958
kir_Cyrl,zho_Hant,jinaai/jina-embeddings-v3,0.995882740447958
apc_Arab,kor_Hang,jinaai/jina-embeddings-v5-text-small,0.9958827404479578
kor_Hang,tat_Cyrl,microsoft/harrier-oss-v1-270m,0.9958827404479578
ben_Beng,ukr_Cyrl,jinaai/jina-embeddings-v3,0.9958779835829016
bul_Cyrl,tur_Latn,microsoft/harrier-oss-v1-0.6b,0.9958723653395785
cat_Latn,eng_Latn,microsoft/harrier-oss-v1-0.6b,0.9958704108544172
fur_Latn,hin_Deva,microsoft/harrier-oss-v1-0.6b,0.9958621541501976
rus_Cyrl,slk_Latn,jinaai/jina-embeddings-v3,0.9958608331559152
deu_Latn,hrv_Latn,microsoft/harrier-oss-v1-270m,0.9958553247705673
fra_Latn,ukr_Cyrl,codefuse-ai/F2LLM-v2-0.6B,0.9958518851070526
ces_Latn,nld_Latn,jinaai/jina-embeddings-v3,0.9958504249882421
epo_Latn,hne_Deva,microsoft/harrier-oss-v1-0.6b,0.9958484128676264
mkd_Cyrl,slv_Latn,jinaai/jina-embeddings-v3,0.9958404943437018
spa_Latn,hrv_Latn,microsoft/harrier-oss-v1-0.6b,0.9958387164883448
mkd_Cyrl,tur_Latn,jinaai/jina-embeddings-v3,0.9958378975598701
hun_Latn,eng_Latn,intfloat/multilingual-e5-large,0.9958348066758616
ast_Latn,tel_Telu,microsoft/harrier-oss-v1-0.6b,0.9958333333333332
ben_Beng,kat_Geor,intfloat/multilingual-e5-large,0.9958308070522968
ukr_Cyrl,pol_Latn,codefuse-ai/F2LLM-v2-0.6B,0.9958304149323394
eng_Latn,cat_Latn,intfloat/multilingual-e5-large,0.9958280934352616
rus_Cyrl,vie_Latn,codefuse-ai/F2LLM-v2-0.6B,0.9958249693319952
spa_Latn,ltz_Latn,microsoft/harrier-oss-v1-0.6b,0.9958244962884412
isl_Latn,nob_Latn,jinaai/jina-embeddings-v3,0.995820575913342
fur_Latn,deu_Latn,microsoft/harrier-oss-v1-0.6b,0.9958168642951252
rus_Cyrl,srp_Cyrl,jinaai/jina-embeddings-v3,0.9958141927621912
deu_Latn,ind_Latn,microsoft/harrier-oss-v1-0.6b,0.9958120506799713
srd_Latn,por_Latn,microsoft/harrier-oss-v1-270m,0.9958078811833752
swe_Latn,crh_Latn,microsoft/harrier-oss-v1-0.6b,0.9958058849363196
srd_Latn,oci_Latn,microsoft/harrier-oss-v1-0.6b,0.995800395256917
epo_Latn,srd_Latn,microsoft/harrier-oss-v1-0.6b,0.995800395256917
ind_Latn,vec_Latn,microsoft/harrier-oss-v1-0.6b,0.995798042537173
fra_Latn,sin_Sinh,intfloat/multilingual-e5-large,0.9957959047028389
slk_Latn,mkd_Cyrl,jinaai/jina-embeddings-v3,0.9957948027263779
fra_Latn,mkd_Cyrl,jinaai/jina-embeddings-v3,0.9957908369441546
nob_Latn,sin_Sinh,jinaai/jina-embeddings-v3,0.9957717307916812
mya_Mymr,zho_Hans,microsoft/harrier-oss-v1-270m,0.9957686335403728
ast_Latn,nno_Latn,microsoft/harrier-oss-v1-270m,0.995766672940586
nld_Latn,ron_Latn,intfloat/multilingual-e5-large,0.995763754539592
zsm_Latn,sin_Sinh,intfloat/multilingual-e5-large,0.9957577587858479
hrv_Latn,deu_Latn,microsoft/harrier-oss-v1-0.6b,0.9957574703738268
fin_Latn,oci_Latn,microsoft/harrier-oss-v1-0.6b,0.9957509881422926
srd_Latn,deu_Latn,microsoft/harrier-oss-v1-0.6b,0.9957509881422926
srp_Cyrl,slk_Latn,jinaai/jina-embeddings-v3,0.995750521638924
nld_Latn,als_Latn,intfloat/multilingual-e5-large,0.9957456270268101
est_Latn,khm_Khmr,jinaai/jina-embeddings-v3,0.9957454984628896
tgk_Cyrl,zho_Hans,microsoft/harrier-oss-v1-0.6b,0.9957390743699718
cym_Latn,kor_Hang,jinaai/jina-embeddings-v3,0.9957339878447874
est_Latn,urd_Arab,jinaai/jina-embeddings-v3,0.99572023139544
est_Latn,uzn_Latn,microsoft/harrier-oss-v1-0.6b,0.995719313674946
ita_Latn,crh_Latn,microsoft/harrier-oss-v1-0.6b,0.9957180500658762
arb_Arab,isl_Latn,jinaai/jina-embeddings-v3,0.995718050065876
hrv_Latn,ron_Latn,intfloat/multilingual-e5-large,0.9957177498517484
pol_Latn,ukr_Cyrl,jinaai/jina-embeddings-v3,0.9957160987512614
vec_Latn,hrv_Latn,microsoft/harrier-oss-v1-0.6b,0.9957146890376704
deu_Latn,tgl_Latn,intfloat/multilingual-e5-large,0.9957131517805073
eng_Latn,glg_Latn,intfloat/multilingual-e5-large,0.9957105547893146
mkd_Cyrl,rus_Cyrl,jinaai/jina-embeddings-v3,0.9957076052362936
spa_Latn,rus_Cyrl,microsoft/harrier-oss-v1-0.6b,0.9957005743227496
als_Latn,hrv_Latn,intfloat/multilingual-e5-large,0.9956972227107652
fur_Latn,hrv_Latn,microsoft/harrier-oss-v1-0.6b,0.9956945228684358
jav_Latn,zsm_Latn,intfloat/multilingual-e5-large,0.9956908036978804
eng_Latn,jav_Latn,intfloat/multilingual-e5-large,0.9956830292539487
rus_Cyrl,pol_Latn,microsoft/harrier-oss-v1-0.6b,0.9956820843091334
ita_Latn,als_Latn,intfloat/multilingual-e5-large,0.995680779385341
mkd_Cyrl,pol_Latn,jinaai/jina-embeddings-v3,0.9956778782739778
dan_Latn,fur_Latn,microsoft/harrier-oss-v1-0.6b,0.99567612887771
hrv_Latn,slv_Latn,microsoft/harrier-oss-v1-0.6b,0.9956739526411658
glg_Latn,eng_Latn,intfloat/multilingual-e5-large,0.9956729402002924
zsm_Latn,ita_Latn,intfloat/multilingual-e5-large,0.9956620283375451
deu_Latn,zsm_Latn,intfloat/multilingual-e5-large,0.9956616577481721
eng_Latn,ell_Grek,codefuse-ai/F2LLM-v2-0.6B,0.9956615269382554
eng_Latn,mal_Mlym,microsoft/harrier-oss-v1-0.6b,0.9956596787828518
bos_Latn,ita_Latn,intfloat/multilingual-e5-large,0.9956535726339348
dan_Latn,heb_Hebr,jinaai/jina-embeddings-v3,0.9956533745426352
ast_Latn,uzn_Latn,microsoft/harrier-oss-v1-0.6b,0.9956367594557236
fur_Latn,pol_Latn,microsoft/harrier-oss-v1-0.6b,0.9956357048748352
epo_Latn,snd_Arab,intfloat/multilingual-e5-large,0.9956357048748352
afr_Latn,vec_Latn,microsoft/harrier-oss-v1-0.6b,0.9956293706293706
hun_Latn,vie_Latn,intfloat/multilingual-e5-large,0.9956277827660579
hrv_Latn,jav_Latn,intfloat/multilingual-e5-large,0.9956216271255474
fra_Latn,urd_Arab,intfloat/multilingual-e5-large,0.9956172883404708
bul_Cyrl,pol_Latn,codefuse-ai/F2LLM-v2-330M,0.9956155717648946
sin_Sinh,tgl_Latn,intfloat/multilingual-e5-large,0.995613321896287
nno_Latn,tgl_Latn,intfloat/multilingual-e5-large,0.9956127247990415
srd_Latn,fra_Latn,microsoft/harrier-oss-v1-270m,0.9956121776773952
pol_Latn,dan_Latn,jinaai/jina-embeddings-v3,0.9956047172967548
slk_Latn,swe_Latn,jinaai/jina-embeddings-v3,0.9956025610961462
rus_Cyrl,ces_Latn,microsoft/harrier-oss-v1-0.6b,0.9955965000322822
est_Latn,tam_Taml,microsoft/harrier-oss-v1-0.6b,0.9955913651565824
vec_Latn,pol_Latn,microsoft/harrier-oss-v1-0.6b,0.995590218959784
hrv_Latn,pol_Latn,microsoft/harrier-oss-v1-270m,0.9955897175604945
ben_Beng,tur_Latn,microsoft/harrier-oss-v1-0.6b,0.995587245459967
cat_Latn,srd_Latn,microsoft/harrier-oss-v1-0.6b,0.9955862977602108
nld_Latn,fur_Latn,microsoft/harrier-oss-v1-0.6b,0.9955862977602108
fin_Latn,pap_Latn,microsoft/harrier-oss-v1-270m,0.9955862977602108
est_Latn,sin_Sinh,jinaai/jina-embeddings-v3,0.9955862977602108
fur_Latn,heb_Hebr,microsoft/harrier-oss-v1-0.6b,0.9955862977602108
amh_Ethi,eng_Latn,microsoft/harrier-oss-v1-270m,0.9955840017598434
slv_Latn,ita_Latn,microsoft/harrier-oss-v1-0.6b,0.9955814187594301
slv_Latn,swe_Latn,microsoft/harrier-oss-v1-0.6b,0.9955787082034409
ell_Grek,vie_Latn,codefuse-ai/F2LLM-v2-0.6B,0.9955760962131239
lit_Latn,por_Latn,jinaai/jina-embeddings-v3,0.9955682795284028
ben_Beng,dan_Latn,jinaai/jina-embeddings-v3,0.9955674277907884
fra_Latn,heb_Hebr,jinaai/jina-embeddings-v3,0.9955666146239917
deu_Latn,slk_Latn,microsoft/harrier-oss-v1-0.6b,0.995566377047346
eng_Latn,cym_Latn,intfloat/multilingual-e5-large,0.9955655732562363
sin_Sinh,urd_Arab,intfloat/multilingual-e5-large,0.9955651993933051
pol_Latn,mkd_Cyrl,jinaai/jina-embeddings-v3,0.995562022623257
zsm_Latn,nld_Latn,microsoft/harrier-oss-v1-0.6b,0.995561459210782
hrv_Latn,swe_Latn,microsoft/harrier-oss-v1-270m,0.9955601092896174
npi_Deva,por_Latn,microsoft/harrier-oss-v1-270m,0.9955581335663354
kor_Hang,pan_Guru,jinaai/jina-embeddings-v3,0.9955533596837944
ben_Beng,ltz_Latn,microsoft/harrier-oss-v1-0.6b,0.9955533596837944
fur_Latn,vie_Latn,microsoft/harrier-oss-v1-0.6b,0.9955533596837944
bak_Cyrl,zho_Hans,microsoft/harrier-oss-v1-270m,0.9955533596837944
ben_Beng,bos_Latn,microsoft/harrier-oss-v1-270m,0.9955503512880561
deu_Latn,mkd_Cyrl,intfloat/multilingual-e5-large,0.9955500860373908
nno_Latn,hrv_Latn,intfloat/multilingual-e5-large,0.9955469304893382
eng_Latn,ory_Orya,microsoft/harrier-oss-v1-270m,0.9955425750074972
rus_Cyrl,swe_Latn,jinaai/jina-embeddings-v3,0.995540593286495
dan_Latn,ita_Latn,jinaai/jina-embeddings-v3,0.9955326287516237
ben_Beng,als_Latn,intfloat/multilingual-e5-large,0.9955315564620286
heb_Hebr,fra_Latn,microsoft/harrier-oss-v1-0.6b,0.9955260582169757
dan_Latn,pol_Latn,jinaai/jina-embeddings-v3,0.9955235167837627
dan_Latn,hrv_Latn,intfloat/multilingual-e5-large,0.9955201901923214
ron_Latn,srp_Cyrl,intfloat/multilingual-e5-large,0.9955154461836571
ast_Latn,kaz_Cyrl,microsoft/harrier-oss-v1-270m,0.9955080000111708
deu_Latn,ukr_Cyrl,jinaai/jina-embeddings-v3,0.9955065044784093
vec_Latn,fur_Latn,microsoft/harrier-oss-v1-0.6b,0.9955059488162254
ben_Beng,crh_Latn,microsoft/harrier-oss-v1-0.6b,0.99550395256917
slk_Latn,fra_Latn,microsoft/harrier-oss-v1-0.6b,0.9954984757461591
zsm_Latn,swe_Latn,jinaai/jina-embeddings-v3,0.9954913325773145
slv_Latn,pol_Latn,microsoft/harrier-oss-v1-0.6b,0.9954898020251413
fra_Latn,slv_Latn,microsoft/harrier-oss-v1-0.6b,0.9954856322105075
eng_Latn,hin_Deva,microsoft/harrier-oss-v1-0.6b,0.9954848993961609
epo_Latn,sun_Latn,microsoft/harrier-oss-v1-270m,0.9954847544843544
oci_Latn,urd_Arab,microsoft/harrier-oss-v1-0.6b,0.9954774310011464
pol_Latn,vec_Latn,microsoft/harrier-oss-v1-0.6b,0.9954720560129564
tur_Latn,slk_Latn,jinaai/jina-embeddings-v3,0.9954710144927537
heb_Hebr,deu_Latn,jinaai/jina-embeddings-v3,0.9954663811167264
ory_Orya,urd_Arab,microsoft/harrier-oss-v1-0.6b,0.9954523223298659
spa_Latn,ind_Latn,microsoft/harrier-oss-v1-0.6b,0.9954480660703817
vec_Latn,zho_Hans,microsoft/harrier-oss-v1-0.6b,0.995447837242186
mkd_Cyrl,urd_Arab,jinaai/jina-embeddings-v3,0.995440351372897
deu_Latn,dan_Latn,intfloat/multilingual-e5-large,0.9954360648854591
rus_Cyrl,spa_Latn,codefuse-ai/F2LLM-v2-0.6B,0.9954301545355551
rus_Cyrl,ind_Latn,jinaai/jina-embeddings-v3,0.9954228512340594
isl_Latn,kor_Hang,jinaai/jina-embeddings-v3,0.995412196499153
ind_Latn,zsm_Latn,microsoft/harrier-oss-v1-0.6b,0.9954074010649205
nld_Latn,srp_Cyrl,jinaai/jina-embeddings-v3,0.9954008957305465
spa_Latn,pol_Latn,microsoft/harrier-oss-v1-0.6b,0.9954002078473453
als_Latn,srp_Cyrl,intfloat/multilingual-e5-large,0.9953953706960659
srp_Cyrl,pol_Latn,jinaai/jina-embeddings-v3,0.9953945102631216
ben_Beng,hne_Deva,microsoft/harrier-oss-v1-270m,0.9953921541048252
ltz_Latn,ukr_Cyrl,microsoft/harrier-oss-v1-0.6b,0.9953886693017128
afr_Latn,eng_Latn,intfloat/multilingual-e5-large,0.9953862105167341
tgl_Latn,urd_Arab,intfloat/multilingual-e5-large,0.9953844444934966
slv_Latn,nld_Latn,jinaai/jina-embeddings-v3,0.9953827698558377
ron_Latn,tgl_Latn,intfloat/multilingual-e5-large,0.9953813277322687
hun_Latn,deu_Latn,intfloat/multilingual-e5-large,0.9953755504561423
apc_Arab,est_Latn,jinaai/jina-embeddings-v3,0.9953651421042726
pol_Latn,tur_Latn,microsoft/harrier-oss-v1-0.6b,0.9953551912568306
spa_Latn,vie_Latn,codefuse-ai/F2LLM-v2-0.6B,0.9953540853723741
pol_Latn,slv_Latn,microsoft/harrier-oss-v1-0.6b,0.9953522985686207
srp_Cyrl,ukr_Cyrl,jinaai/jina-embeddings-v3,0.9953509610446913
hrv_Latn,nld_Latn,microsoft/harrier-oss-v1-0.6b,0.9953488530555529
ces_Latn,swe_Latn,microsoft/harrier-oss-v1-0.6b,0.9953466160433374
swe_Latn,ron_Latn,jinaai/jina-embeddings-v3,0.9953402087330658
ltz_Latn,rus_Cyrl,microsoft/harrier-oss-v1-0.6b,0.9953392621870882
tur_Latn,swe_Latn,jinaai/jina-embeddings-v3,0.9953386523119908
heb_Hebr,dan_Latn,jinaai/jina-embeddings-v3,0.9953315666214718
mkd_Cyrl,ukr_Cyrl,jinaai/jina-embeddings-v3,0.9953202876358613
fra_Latn,tur_Latn,microsoft/harrier-oss-v1-0.6b,0.9953189472510315
vec_Latn,hin_Deva,microsoft/harrier-oss-v1-0.6b,0.995308154003806
ita_Latn,ltz_Latn,microsoft/harrier-oss-v1-0.6b,0.995306324110672
hin_Deva,rus_Cyrl,microsoft/harrier-oss-v1-0.6b,0.9952981839845516
sin_Sinh,als_Latn,intfloat/multilingual-e5-large,0.9952974972792202
srp_Cyrl,rus_Cyrl,intfloat/multilingual-e5-large,0.9952927959721438
heb_Hebr,ita_Latn,jinaai/jina-embeddings-v3,0.9952921637131493
mkd_Cyrl,sin_Sinh,intfloat/multilingual-e5-large,0.9952894179551344
mal_Mlym,tgl_Latn,intfloat/multilingual-e5-large,0.9952865859888596
bos_Latn,fra_Latn,intfloat/multilingual-e5-large,0.9952727790995279
nob_Latn,isl_Latn,jinaai/jina-embeddings-v3,0.9952726945860866
heb_Hebr,nld_Latn,jinaai/jina-embeddings-v3,0.9952709561761595
rus_Cyrl,mkd_Cyrl,jinaai/jina-embeddings-v3,0.9952697605316991
mal_Mlym,sin_Sinh,intfloat/multilingual-e5-large,0.9952682807044634
spa_Latn,swe_Latn,microsoft/harrier-oss-v1-0.6b,0.995260803338453
eng_Latn,aeb_Arab,microsoft/harrier-oss-v1-270m,0.9952598063009962
fur_Latn,hun_Latn,microsoft/harrier-oss-v1-0.6b,0.9952588172696868
epo_Latn,khm_Khmr,jinaai/jina-embeddings-v3,0.9952569169960476
mkd_Cyrl,heb_Hebr,jinaai/jina-embeddings-v3,0.9952512730399401
mkd_Cyrl,ron_Latn,intfloat/multilingual-e5-large,0.9952479766610203
mag_Deva,npi_Deva,microsoft/harrier-oss-v1-270m,0.9952425797468047
dan_Latn,vie_Latn,jinaai/jina-embeddings-v3,0.9952381462045063
hne_Deva,zho_Hans,microsoft/harrier-oss-v1-0.6b,0.9952380217392008
srd_Latn,als_Latn,microsoft/harrier-oss-v1-270m,0.9952314648460894
slk_Latn,ukr_Cyrl,jinaai/jina-embeddings-v3,0.9952259781592334
ell_Grek,ltz_Latn,microsoft/harrier-oss-v1-0.6b,0.9952239789196312
bul_Cyrl,heb_Hebr,jinaai/jina-embeddings-v3,0.9952145965083803
ben_Beng,slv_Latn,microsoft/harrier-oss-v1-270m,0.9952062370986107
arb_Arab,npi_Deva,microsoft/harrier-oss-v1-270m,0.9952042442258022
ita_Latn,ell_Grek,microsoft/harrier-oss-v1-0.6b,0.9952008566985402
ast_Latn,lvs_Latn,microsoft/harrier-oss-v1-0.6b,0.9952004517221908
rus_Cyrl,crh_Latn,microsoft/harrier-oss-v1-270m,0.9952004517221908
srp_Cyrl,urd_Arab,intfloat/multilingual-e5-large,0.9951927401749666
ita_Latn,cat_Latn,microsoft/harrier-oss-v1-0.6b,0.9951880576319156
hrv_Latn,vie_Latn,intfloat/multilingual-e5-large,0.9951795611934293
eng_Latn,bjn_Latn,microsoft/harrier-oss-v1-0.6b,0.9951779009499409
dan_Latn,ukr_Cyrl,jinaai/jina-embeddings-v3,0.9951753652280584
fur_Latn,ind_Latn,microsoft/harrier-oss-v1-0.6b,0.9951690821256038
hrv_Latn,rus_Cyrl,microsoft/harrier-oss-v1-270m,0.9951649102263855
bul_Cyrl,slk_Latn,codefuse-ai/F2LLM-v2-0.6B,0.9951558492249359
dan_Latn,ces_Latn,jinaai/jina-embeddings-v3,0.9951551522248244
slk_Latn,dan_Latn,jinaai/jina-embeddings-v3,0.9951519206788528
ben_Beng,ind_Latn,microsoft/harrier-oss-v1-0.6b,0.995148901173024
afr_Latn,fur_Latn,microsoft/harrier-oss-v1-0.6b,0.9951416337285904
nob_Latn,tgk_Cyrl,microsoft/harrier-oss-v1-0.6b,0.9951349959466552
eng_Latn,tgk_Cyrl,microsoft/harrier-oss-v1-0.6b,0.9951313914695953
dan_Latn,mkd_Cyrl,jinaai/jina-embeddings-v3,0.9951312586202108
slv_Latn,vie_Latn,microsoft/harrier-oss-v1-0.6b,0.9951204041520711
srd_Latn,fur_Latn,microsoft/harrier-oss-v1-0.6b,0.99511810653115
bul_Cyrl,ell_Grek,codefuse-ai/F2LLM-v2-0.6B,0.9951146353052981
nld_Latn,nno_Latn,intfloat/multilingual-e5-large,0.9950989278276667
npi_Deva,urd_Arab,intfloat/multilingual-e5-large,0.9950977744427794
vec_Latn,vie_Latn,microsoft/harrier-oss-v1-0.6b,0.9950907537731504
hun_Latn,vec_Latn,microsoft/harrier-oss-v1-0.6b,0.995087948941704
bos_Latn,sin_Sinh,intfloat/multilingual-e5-large,0.9950756679957355
ben_Beng,npi_Deva,intfloat/multilingual-e5-large,0.9950663561248299
hrv_Latn,kat_Geor,intfloat/multilingual-e5-large,0.9950661152817246
slv_Latn,slk_Latn,jinaai/jina-embeddings-v3,0.9950607891328032
scn_Latn,por_Latn,microsoft/harrier-oss-v1-0.6b,0.9950592885375494
ron_Latn,srd_Latn,microsoft/harrier-oss-v1-0.6b,0.9950592885375494
arb_Arab,ckb_Arab,microsoft/harrier-oss-v1-0.6b,0.9950592885375494
eus_Latn,zho_Hans,jinaai/jina-embeddings-v3,0.9950592885375494
oci_Latn,tam_Taml,microsoft/harrier-oss-v1-270m,0.9950592885375494
slk_Latn,vie_Latn,jinaai/jina-embeddings-v3,0.9950562801418112
srd_Latn,mkd_Cyrl,microsoft/harrier-oss-v1-0.6b,0.9950357613401092
eng_Latn,mai_Deva,microsoft/harrier-oss-v1-270m,0.9950355684942285
amh_Ethi,kor_Hang,microsoft/harrier-oss-v1-0.6b,0.9950256018684872
deu_Latn,slv_Latn,microsoft/harrier-oss-v1-270m,0.9950235330144306
zsm_Latn,als_Latn,intfloat/multilingual-e5-large,0.9950144061785896
eng_Latn,afr_Latn,jinaai/jina-embeddings-v3,0.9950096463346132
dan_Latn,zsm_Latn,intfloat/multilingual-e5-large,0.9950038921808599
eng_Latn,hye_Armn,microsoft/harrier-oss-v1-270m,0.9949986556710493
ces_Latn,rus_Cyrl,jinaai/jina-embeddings-v3,0.9949969331995092
spa_Latn,dan_Latn,jinaai/jina-embeddings-v3,0.994995734915362
cym_Latn,als_Latn,intfloat/multilingual-e5-large,0.9949899060333653
ceb_Latn,war_Latn,intfloat/multilingual-e5-large,0.9949863349408966
swe_Latn,spa_Latn,microsoft/harrier-oss-v1-0.6b,0.9949859199651311
bul_Cyrl,ceb_Latn,microsoft/harrier-oss-v1-270m,0.9949795081967212
epo_Latn,isl_Latn,jinaai/jina-embeddings-v3,0.9949769433465088
fur_Latn,nld_Latn,microsoft/harrier-oss-v1-0.6b,0.9949769433465088
pol_Latn,fur_Latn,microsoft/harrier-oss-v1-0.6b,0.9949769433465084
ita_Latn,dan_Latn,intfloat/multilingual-e5-large,0.9949740919824159
fin_Latn,tgl_Latn,intfloat/multilingual-e5-large,0.994970582022914
pol_Latn,srp_Cyrl,jinaai/jina-embeddings-v3,0.9949670641275365
tur_Latn,pol_Latn,microsoft/harrier-oss-v1-0.6b,0.9949669153607141
bos_Latn,urd_Arab,intfloat/multilingual-e5-large,0.9949624210777259
lmo_Latn,swe_Latn,microsoft/harrier-oss-v1-0.6b,0.9949584156785244
ell_Grek,ita_Latn,microsoft/harrier-oss-v1-0.6b,0.9949583658600052
ron_Latn,ces_Latn,microsoft/harrier-oss-v1-270m,0.9949487782056383
ron_Latn,swe_Latn,jinaai/jina-embeddings-v3,0.9949477946916472
deu_Latn,spa_Latn,codefuse-ai/F2LLM-v2-0.6B,0.9949440341530186
eng_Latn,jpn_Jpan,microsoft/harrier-oss-v1-0.6b,0.994940683178388
arb_Arab,sun_Latn,microsoft/harrier-oss-v1-0.6b,0.9949406296287204
kan_Knda,mar_Deva,intfloat/multilingual-e5-small,0.994939065192382
eng_Latn,zul_Latn,microsoft/harrier-oss-v1-0.6b,0.9949382503243986
bul_Cyrl,urd_Arab,intfloat/multilingual-e5-large,0.9949374795371819
ekk_Latn,tgl_Latn,intfloat/multilingual-e5-large,0.9949369911899184
fra_Latn,ind_Latn,microsoft/harrier-oss-v1-0.6b,0.9949310051889608
kor_Hang,urd_Arab,jinaai/jina-embeddings-v5-text-small,0.9949285414631074
ast_Latn,sin_Sinh,microsoft/harrier-oss-v1-270m,0.994927536231884
nld_Latn,slv_Latn,microsoft/harrier-oss-v1-0.6b,0.9949253956426087
heb_Hebr,spa_Latn,jinaai/jina-embeddings-v3,0.994914111048173
als_Latn,swe_Latn,jinaai/jina-embeddings-v3,0.994912742922881
ita_Latn,urd_Arab,intfloat/multilingual-e5-large,0.9949093073933006
nld_Latn,hin_Deva,microsoft/harrier-oss-v1-0.6b,0.994908491959454
ell_Grek,tgl_Latn,intfloat/multilingual-e5-large,0.9949008849311771
azj_Latn,zho_Hant,microsoft/harrier-oss-v1-0.6b,0.9948997447299078
arb_Arab,fur_Latn,microsoft/harrier-oss-v1-0.6b,0.9948945981554675
est_Latn,tel_Telu,microsoft/harrier-oss-v1-0.6b,0.9948863636363636
fra_Latn,dan_Latn,jinaai/jina-embeddings-v3,0.9948837216477986
ben_Beng,slk_Latn,jinaai/jina-embeddings-v3,0.9948807715543033
tur_Latn,urd_Arab,jinaai/jina-embeddings-v3,0.9948788429452332
spa_Latn,tur_Latn,jinaai/jina-embeddings-v3,0.9948718243011291
rus_Cyrl,tha_Thai,jinaai/jina-embeddings-v3,0.9948696743478602
ell_Grek,fra_Latn,codefuse-ai/F2LLM-v2-0.6B,0.9948492922299053
kor_Hang,ckb_Arab,microsoft/harrier-oss-v1-0.6b,0.9948475437605871
ory_Orya,rus_Cyrl,microsoft/harrier-oss-v1-0.6b,0.9948392039580565
pol_Latn,spa_Latn,microsoft/harrier-oss-v1-270m,0.9948363496459363
khm_Khmr,nob_Latn,jinaai/jina-embeddings-v3,0.994833868577075
heb_Hebr,als_Latn,intfloat/multilingual-e5-large,0.9948325807003641
kaz_Cyrl,oci_Latn,microsoft/harrier-oss-v1-0.6b,0.99481981935635
spa_Latn,srp_Cyrl,intfloat/multilingual-e5-large,0.9948177848288389
est_Latn,fur_Latn,microsoft/harrier-oss-v1-0.6b,0.994816174164
hin_Deva,eng_Latn,microsoft/harrier-oss-v1-0.6b,0.9948160616705699
deu_Latn,urd_Arab,intfloat/multilingual-e5-large,0.994810538243138
nld_Latn,tha_Thai,jinaai/jina-embeddings-v3,0.9948078175091718
rus_Cyrl,tur_Latn,jinaai/jina-embeddings-v3,0.9948042636350851
hne_Deva,urd_Arab,microsoft/harrier-oss-v1-270m,0.994802764983479
fin_Latn,ast_Latn,microsoft/harrier-oss-v1-0.6b,0.9947993130058348
hrv_Latn,tur_Latn,microsoft/harrier-oss-v1-0.6b,0.9947934312064748
hin_Deva,nld_Latn,microsoft/harrier-oss-v1-0.6b,0.9947885574995026
dan_Latn,spa_Latn,jinaai/jina-embeddings-v3,0.994786256501254
nld_Latn,ell_Grek,microsoft/harrier-oss-v1-0.6b,0.9947805298170587
slv_Latn,deu_Latn,microsoft/harrier-oss-v1-270m,0.9947771880734411
hun_Latn,ita_Latn,intfloat/multilingual-e5-large,0.9947749679571141
heb_Hebr,rus_Cyrl,jinaai/jina-embeddings-v3,0.9947715046298438
fra_Latn,glg_Latn,microsoft/harrier-oss-v1-0.6b,0.9947713374967474
ory_Orya,sin_Sinh,intfloat/multilingual-e5-large,0.9947676179647279
vec_Latn,tur_Latn,microsoft/harrier-oss-v1-0.6b,0.9947665056360708
hne_Deva,ita_Latn,microsoft/harrier-oss-v1-270m,0.9947660579206687
ind_Latn,swe_Latn,microsoft/harrier-oss-v1-0.6b,0.9947641351622616
nld_Latn,mkd_Cyrl,jinaai/jina-embeddings-v3,0.9947571183271469
dan_Latn,srp_Cyrl,intfloat/multilingual-e5-large,0.9947562119515077
slv_Latn,srp_Cyrl,jinaai/jina-embeddings-v3,0.994751892203781
eng_Latn,npi_Deva,intfloat/multilingual-e5-large,0.9947513745354796
tur_Latn,ron_Latn,intfloat/multilingual-e5-large,0.9947509527688482
ben_Beng,mkd_Cyrl,microsoft/harrier-oss-v1-0.6b,0.9947458055056728
hne_Deva,zho_Hant,microsoft/harrier-oss-v1-270m,0.9947425270479924
ast_Latn,tam_Taml,microsoft/harrier-oss-v1-270m,0.9947418852557192
por_Latn,lit_Latn,jinaai/jina-embeddings-v3,0.9947382867259836
ltz_Latn,oci_Latn,microsoft/harrier-oss-v1-0.6b,0.9947373936998444
est_Latn,mal_Mlym,microsoft/harrier-oss-v1-270m,0.9947311894106008
ben_Beng,hye_Armn,intfloat/multilingual-e5-small,0.9947187649547388
hrv_Latn,mal_Mlym,intfloat/multilingual-e5-large,0.9947150180414426
jpn_Jpan,crh_Latn,microsoft/harrier-oss-v1-0.6b,0.9947063805759456
als_Latn,urd_Arab,microsoft/harrier-oss-v1-270m,0.9947004901018575
dan_Latn,tur_Latn,jinaai/jina-embeddings-v3,0.9946983196181343
dan_Latn,slk_Latn,jinaai/jina-embeddings-v3,0.9946970159353064
deu_Latn,sin_Sinh,intfloat/multilingual-e5-large,0.994695041238163
eng_Latn,khm_Khmr,jinaai/jina-embeddings-v3,0.9946942545934556
heb_Hebr,hrv_Latn,microsoft/harrier-oss-v1-0.6b,0.994690297229499
srd_Latn,tgl_Latn,microsoft/harrier-oss-v1-0.6b,0.9946887351778656
ceb_Latn,nld_Latn,microsoft/harrier-oss-v1-0.6b,0.9946870849681154
bel_Cyrl,eng_Latn,microsoft/harrier-oss-v1-0.6b,0.9946843796159037
deu_Latn,ron_Latn,intfloat/multilingual-e5-large,0.9946740917473277
eng_Latn,swh_Latn,microsoft/harrier-oss-v1-270m,0.9946703197737334
kat_Geor,mkd_Cyrl,jinaai/jina-embeddings-v3,0.9946692320311351
heb_Hebr,srp_Cyrl,intfloat/multilingual-e5-large,0.9946667275423895
rus_Cyrl,tgl_Latn,microsoft/harrier-oss-v1-0.6b,0.9946654146010117
ukr_Cyrl,vie_Latn,codefuse-ai/F2LLM-v2-0.6B,0.9946648636127813
fur_Latn,tur_Latn,microsoft/harrier-oss-v1-0.6b,0.9946640316205534
ben_Beng,mal_Mlym,microsoft/harrier-oss-v1-270m,0.9946583246557181
pol_Latn,tha_Thai,jinaai/jina-embeddings-v3,0.9946557268774591
cat_Latn,nld_Latn,microsoft/harrier-oss-v1-0.6b,0.9946545021447204
tur_Latn,ita_Latn,jinaai/jina-embeddings-v3,0.9946526151444184
nld_Latn,urd_Arab,intfloat/multilingual-e5-large,0.9946504293547753
slv_Latn,fur_Latn,microsoft/harrier-oss-v1-0.6b,0.9946475625823452
plt_Latn,por_Latn,microsoft/harrier-oss-v1-270m,0.9946475625823452
ces_Latn,vie_Latn,jinaai/jina-embeddings-v3,0.9946134265926937
bul_Cyrl,bel_Cyrl,intfloat/multilingual-e5-large,0.9946042280830047
deu_Latn,tha_Thai,jinaai/jina-embeddings-v3,0.9946022359291302
ukr_Cyrl,rus_Cyrl,jinaai/jina-embeddings-v3,0.9946009124694795
fur_Latn,srd_Latn,microsoft/harrier-oss-v1-0.6b,0.9945981554677208
kan_Knda,tam_Taml,microsoft/harrier-oss-v1-270m,0.9945954223680624
ita_Latn,ind_Latn,microsoft/harrier-oss-v1-270m,0.994593907167812
ind_Latn,nld_Latn,microsoft/harrier-oss-v1-0.6b,0.9945868118444741
lit_Latn,nob_Latn,jinaai/jina-embeddings-v3,0.9945856083058828
kat_Geor,swe_Latn,jinaai/jina-embeddings-v3,0.9945835469331039
bos_Latn,ron_Latn,intfloat/multilingual-e5-large,0.9945805968502868
epo_Latn,lit_Latn,microsoft/harrier-oss-v1-270m,0.9945730961726048
nld_Latn,heb_Hebr,jinaai/jina-embeddings-v3,0.9945674103244614
lao_Laoo,por_Latn,jinaai/jina-embeddings-v3,0.994567392547294
eng_Latn,min_Latn,microsoft/harrier-oss-v1-0.6b,0.9945666620437787
srd_Latn,swe_Latn,microsoft/harrier-oss-v1-0.6b,0.9945652173913044
srd_Latn,dan_Latn,microsoft/harrier-oss-v1-0.6b,0.9945652173913044
bak_Cyrl,zho_Hant,microsoft/harrier-oss-v1-0.6b,0.9945652173913044
mkd_Cyrl,swe_Latn,jinaai/jina-embeddings-v3,0.9945573584625107
bel_Cyrl,rus_Cyrl,microsoft/harrier-oss-v1-0.6b,0.9945572280619628
oci_Latn,pan_Guru,microsoft/harrier-oss-v1-0.6b,0.9945569828722004
kaz_Cyrl,nob_Latn,microsoft/harrier-oss-v1-270m,0.9945505129830716
est_Latn,tgl_Latn,microsoft/harrier-oss-v1-0.6b,0.994541690193864
hun_Latn,ltz_Latn,microsoft/harrier-oss-v1-0.6b,0.994541690193864
vec_Latn,tgl_Latn,microsoft/harrier-oss-v1-0.6b,0.9945409982174688
ukr_Cyrl,ron_Latn,jinaai/jina-embeddings-v3,0.9945396066106789
zsm_Latn,urd_Arab,intfloat/multilingual-e5-large,0.9945316520582866
slk_Latn,tur_Latn,jinaai/jina-embeddings-v3,0.9945301173748188
azj_Latn,eng_Latn,microsoft/harrier-oss-v1-270m,0.9945277551854845
ron_Latn,slk_Latn,jinaai/jina-embeddings-v3,0.9945233665766691
bos_Latn,ces_Latn,microsoft/harrier-oss-v1-270m,0.9945220080465982
tur_Latn,rus_Cyrl,jinaai/jina-embeddings-v3,0.9945194229228442
eng_Latn,kat_Geor,jinaai/jina-embeddings-v3,0.9945165045218503
fra_Latn,ell_Grek,intfloat/multilingual-e5-large,0.9945039534691174
srp_Cyrl,spa_Latn,intfloat/multilingual-e5-large,0.9944981150777403
eng_Latn,fin_Latn,intfloat/multilingual-e5-large,0.9944958420971672
tam_Taml,tel_Telu,intfloat/multilingual-e5-small,0.9944948975183932
eng_Latn,pan_Guru,microsoft/harrier-oss-v1-0.6b,0.9944908112881784
ell_Grek,pol_Latn,codefuse-ai/F2LLM-v2-0.6B,0.9944895667072634
ind_Latn,min_Latn,microsoft/harrier-oss-v1-0.6b,0.9944880347846264
khm_Khmr,kor_Hang,jinaai/jina-embeddings-v3,0.9944867933998368
epo_Latn,mya_Mymr,microsoft/harrier-oss-v1-270m,0.9944828722002635
arz_Arab,kor_Hang,jinaai/jina-embeddings-v5-text-nano,0.9944828722002635
fra_Latn,srd_Latn,microsoft/harrier-oss-v1-0.6b,0.9944828722002634
spa_Latn,urd_Arab,microsoft/harrier-oss-v1-0.6b,0.9944790332420512
ell_Grek,vec_Latn,microsoft/harrier-oss-v1-0.6b,0.9944622859025032
cym_Latn,zho_Hans,microsoft/harrier-oss-v1-270m,0.9944593450028232
mai_Deva,urd_Arab,intfloat/multilingual-e5-large,0.9944546173118873
hye_Armn,swe_Latn,jinaai/jina-embeddings-v3,0.994452254544281
lit_Latn,ita_Latn,jinaai/jina-embeddings-v3,0.9944478870893714
vec_Latn,nob_Latn,microsoft/harrier-oss-v1-0.6b,0.9944473184530728
urd_Arab,vie_Latn,microsoft/harrier-oss-v1-0.6b,0.9944429342286897
ita_Latn,ukr_Cyrl,jinaai/jina-embeddings-v3,0.9944401568376978
mkd_Cyrl,spa_Latn,jinaai/jina-embeddings-v3,0.9944369081383191
mai_Deva,sin_Sinh,intfloat/multilingual-e5-large,0.9944291436609916
aeb_Arab,eng_Latn,microsoft/harrier-oss-v1-270m,0.9944201530515602
tur_Latn,ind_Latn,jinaai/jina-embeddings-v3,0.9944132465725225
eng_Latn,nno_Latn,intfloat/multilingual-e5-large,0.9944084217536258
fur_Latn,nob_Latn,microsoft/harrier-oss-v1-0.6b,0.994408187026994
arb_Arab,mya_Mymr,microsoft/harrier-oss-v1-270m,0.9944005270092228
ben_Beng,ceb_Latn,microsoft/harrier-oss-v1-270m,0.994386309803564
npi_Deva,zho_Hans,codefuse-ai/F2LLM-v2-0.6B,0.9943807634862886
ces_Latn,zsm_Latn,microsoft/harrier-oss-v1-0.6b,0.9943787428418576
ell_Grek,nld_Latn,codefuse-ai/F2LLM-v2-0.6B,0.9943777240552009
slv_Latn,rus_Cyrl,microsoft/harrier-oss-v1-0.6b,0.9943678953728359
rus_Cyrl,urd_Arab,jinaai/jina-embeddings-v3,0.994366705298056
ben_Beng,hin_Deva,microsoft/harrier-oss-v1-0.6b,0.9943658493842502
hye_Armn,ita_Latn,jinaai/jina-embeddings-v3,0.9943610057710445
slk_Latn,deu_Latn,jinaai/jina-embeddings-v3,0.9943595626179675
lit_Latn,eng_Latn,jinaai/jina-embeddings-v3,0.9943569940136024
slv_Latn,tgl_Latn,microsoft/harrier-oss-v1-0.6b,0.9943524119619984
glg_Latn,srd_Latn,microsoft/harrier-oss-v1-0.6b,0.994351119894598
kat_Geor,als_Latn,intfloat/multilingual-e5-large,0.9943454960239918
swe_Latn,tha_Thai,jinaai/jina-embeddings-v3,0.9943411474937931
ces_Latn,tur_Latn,microsoft/harrier-oss-v1-270m,0.994336402539806
ukr_Cyrl,tur_Latn,jinaai/jina-embeddings-v3,0.9943275155588056
ron_Latn,vie_Latn,intfloat/multilingual-e5-large,0.9943248597955348
khm_Khmr,zho_Hant,jinaai/jina-embeddings-v3,0.9943181818181818
ces_Latn,mkd_Cyrl,jinaai/jina-embeddings-v3,0.9943120171781967
heb_Hebr,swe_Latn,jinaai/jina-embeddings-v3,0.9943079164836115
afr_Latn,nld_Latn,microsoft/harrier-oss-v1-270m,0.9942971731938046
bos_Latn,mal_Mlym,intfloat/multilingual-e5-large,0.9942902412050156
bos_Latn,spa_Latn,microsoft/harrier-oss-v1-0.6b,0.9942901883268603
ceb_Latn,fra_Latn,microsoft/harrier-oss-v1-0.6b,0.994288612116481
ces_Latn,ukr_Cyrl,jinaai/jina-embeddings-v3,0.9942877420412429
khk_Cyrl,nob_Latn,microsoft/harrier-oss-v1-270m,0.99428738449985
vec_Latn,zho_Hant,microsoft/harrier-oss-v1-0.6b,0.9942852437417656
cat_Latn,ita_Latn,microsoft/harrier-oss-v1-0.6b,0.9942767097797172
hne_Deva,nld_Latn,microsoft/harrier-oss-v1-0.6b,0.994274463005488
ast_Latn,eus_Latn,jinaai/jina-embeddings-v3,0.9942687747035572
jav_Latn,fur_Latn,microsoft/harrier-oss-v1-0.6b,0.9942632850241546
ron_Latn,tur_Latn,jinaai/jina-embeddings-v3,0.9942568324144265
bel_Cyrl,ita_Latn,microsoft/harrier-oss-v1-0.6b,0.9942561222705464
hun_Latn,fra_Latn,intfloat/multilingual-e5-large,0.99422907891855
nld_Latn,glg_Latn,microsoft/harrier-oss-v1-0.6b,0.9942250395324166
nno_Latn,srp_Cyrl,intfloat/multilingual-e5-large,0.9942243441012998
arb_Arab,vec_Latn,microsoft/harrier-oss-v1-0.6b,0.9942240730284208
heb_Hebr,crh_Latn,microsoft/harrier-oss-v1-0.6b,0.9942123094297008
srd_Latn,ukr_Cyrl,microsoft/harrier-oss-v1-0.6b,0.9942123094297008
sin_Sinh,swe_Latn,jinaai/jina-embeddings-v3,0.9942111364729913
hrv_Latn,ell_Grek,intfloat/multilingual-e5-large,0.9942101543769843
fin_Latn,ita_Latn,intfloat/multilingual-e5-large,0.9942038122412076
ita_Latn,glg_Latn,intfloat/multilingual-e5-large,0.9942029095704893
hrv_Latn,bel_Cyrl,intfloat/multilingual-e5-large,0.9942026265715342
vec_Latn,srd_Latn,microsoft/harrier-oss-v1-0.6b,0.9942024280067758
rus_Cyrl,tgk_Cyrl,microsoft/harrier-oss-v1-0.6b,0.9942006702476778
kor_Hang,npi_Deva,microsoft/harrier-oss-v1-270m,0.994199779816614
deu_Latn,hin_Deva,microsoft/harrier-oss-v1-0.6b,0.9941944028202945
swe_Latn,slv_Latn,jinaai/jina-embeddings-v3,0.9941941563623116
vec_Latn,srp_Cyrl,jinaai/jina-embeddings-v3,0.9941923874571502
slk_Latn,tgl_Latn,microsoft/harrier-oss-v1-0.6b,0.9941909035369476
slv_Latn,ukr_Cyrl,jinaai/jina-embeddings-v3,0.9941832777015084
ben_Beng,heb_Hebr,microsoft/harrier-oss-v1-0.6b,0.9941814855418081
ron_Latn,rus_Cyrl,jinaai/jina-embeddings-v3,0.994166341399948
zsm_Latn,tur_Latn,microsoft/harrier-oss-v1-0.6b,0.9941647150663544
deu_Latn,ell_Grek,intfloat/multilingual-e5-large,0.9941645571163951
spa_Latn,sin_Sinh,intfloat/multilingual-e5-large,0.9941578101928409
mkd_Cyrl,zsm_Latn,intfloat/multilingual-e5-large,0.9941549903551858
slk_Latn,ron_Latn,jinaai/jina-embeddings-v3,0.9941548955647832
ast_Latn,srd_Latn,microsoft/harrier-oss-v1-0.6b,0.9941534914361
heb_Hebr,tur_Latn,jinaai/jina-embeddings-v3,0.9941525453837106
bos_Latn,kat_Geor,intfloat/multilingual-e5-large,0.9941502919476255
tgl_Latn,ukr_Cyrl,microsoft/harrier-oss-v1-0.6b,0.9941502451971089
kat_Geor,slk_Latn,jinaai/jina-embeddings-v3,0.9941498579748248
ceb_Latn,ita_Latn,microsoft/harrier-oss-v1-270m,0.9941489907374528
spa_Latn,zsm_Latn,microsoft/harrier-oss-v1-0.6b,0.9941482560196103
ron_Latn,mkd_Cyrl,intfloat/multilingual-e5-large,0.994146913997503
ron_Latn,ukr_Cyrl,jinaai/jina-embeddings-v3,0.9941455475632877
spa_Latn,ces_Latn,microsoft/harrier-oss-v1-0.6b,0.9941443819900417
kor_Hang,ltz_Latn,microsoft/harrier-oss-v1-0.6b,0.99414172783738
ast_Latn,sun_Latn,microsoft/harrier-oss-v1-0.6b,0.994135458477597
slk_Latn,ind_Latn,jinaai/jina-embeddings-v3,0.9941321893834367
mkd_Cyrl,vie_Latn,intfloat/multilingual-e5-large,0.9941280506141519
ces_Latn,tgl_Latn,microsoft/harrier-oss-v1-270m,0.9941223211135899
hrv_Latn,spa_Latn,microsoft/harrier-oss-v1-0.6b,0.9941190177019061
nld_Latn,sin_Sinh,intfloat/multilingual-e5-large,0.9941186827546414
bho_Deva,urd_Arab,microsoft/harrier-oss-v1-0.6b,0.9941181291301038
rus_Cyrl,ukr_Cyrl,codefuse-ai/F2LLM-v2-330M,0.994117340842399
ita_Latn,tur_Latn,jinaai/jina-embeddings-v3,0.9941159250585481
por_Latn,zul_Latn,microsoft/harrier-oss-v1-270m,0.9941144858192914
ben_Beng,srp_Cyrl,jinaai/jina-embeddings-v3,0.9941128395244574
zsm_Latn,rus_Cyrl,microsoft/harrier-oss-v1-0.6b,0.9941126723913609
vec_Latn,slv_Latn,microsoft/harrier-oss-v1-0.6b,0.9941123188405796
nno_Latn,nld_Latn,microsoft/harrier-oss-v1-0.6b,0.9941114189283873
asm_Beng,zho_Hant,microsoft/harrier-oss-v1-0.6b,0.9941106719367588
hrv_Latn,dan_Latn,microsoft/harrier-oss-v1-0.6b,0.9941104159685141
zsm_Latn,ron_Latn,intfloat/multilingual-e5-large,0.9941068998713334
fin_Latn,nld_Latn,jinaai/jina-embeddings-v3,0.9941065060597454
ita_Latn,heb_Hebr,jinaai/jina-embeddings-v3,0.9940983223890648
heb_Hebr,vie_Latn,jinaai/jina-embeddings-v3,0.9940934906544316
bel_Cyrl,nld_Latn,microsoft/harrier-oss-v1-0.6b,0.994093323521335
ces_Latn,srp_Cyrl,jinaai/jina-embeddings-v3,0.9940886127619605
dan_Latn,urd_Arab,jinaai/jina-embeddings-v3,0.9940800399561323
kor_Hang,uzn_Latn,microsoft/harrier-oss-v1-0.6b,0.9940726344111624
kor_Hang,fur_Latn,microsoft/harrier-oss-v1-0.6b,0.9940711462450592
ell_Grek,als_Latn,intfloat/multilingual-e5-large,0.9940710564933981
deu_Latn,als_Latn,microsoft/harrier-oss-v1-270m,0.9940549269881822
spa_Latn,tha_Thai,jinaai/jina-embeddings-v3,0.9940537788664571
por_Latn,srd_Latn,microsoft/harrier-oss-v1-0.6b,0.9940476190476192
afr_Latn,fra_Latn,intfloat/multilingual-e5-large,0.9940368851081545
slk_Latn,hrv_Latn,microsoft/harrier-oss-v1-0.6b,0.9940336790453888
sin_Sinh,slk_Latn,jinaai/jina-embeddings-v3,0.9940330245116871
est_Latn,bak_Cyrl,microsoft/harrier-oss-v1-0.6b,0.9940318739231784
cat_Latn,deu_Latn,jinaai/jina-embeddings-v3,0.994031125481825
ell_Grek,swe_Latn,jinaai/jina-embeddings-v3,0.9940292481161082
bul_Cyrl,jav_Latn,intfloat/multilingual-e5-large,0.9940210882755875
cat_Latn,slk_Latn,jinaai/jina-embeddings-v3,0.9940175550023782
nob_Latn,swh_Latn,microsoft/harrier-oss-v1-270m,0.9940144195578978
zsm_Latn,mal_Mlym,intfloat/multilingual-e5-large,0.9940132737365748
ltz_Latn,mal_Mlym,microsoft/harrier-oss-v1-0.6b,0.9940112690934928
glg_Latn,pol_Latn,microsoft/harrier-oss-v1-0.6b,0.9940084304958943
ltz_Latn,tur_Latn,microsoft/harrier-oss-v1-0.6b,0.994004485852312
nob_Latn,sun_Latn,microsoft/harrier-oss-v1-0.6b,0.9940006715945452
cat_Latn,pol_Latn,microsoft/harrier-oss-v1-0.6b,0.993999876515284
fur_Latn,tgl_Latn,microsoft/harrier-oss-v1-0.6b,0.9939962869804768
hun_Latn,hrv_Latn,intfloat/multilingual-e5-large,0.993995145683492
deu_Latn,cat_Latn,jinaai/jina-embeddings-v3,0.9939908896837035
deu_Latn,heb_Hebr,jinaai/jina-embeddings-v3,0.9939899609862783
deu_Latn,nno_Latn,intfloat/multilingual-e5-large,0.9939891760321198
kor_Hang,mya_Mymr,microsoft/harrier-oss-v1-270m,0.9939888010540184
swe_Latn,srd_Latn,microsoft/harrier-oss-v1-0.6b,0.9939888010540184
heb_Hebr,vec_Latn,microsoft/harrier-oss-v1-0.6b,0.9939824668085536
dan_Latn,tha_Thai,jinaai/jina-embeddings-v3,0.9939804122582099
glg_Latn,spa_Latn,microsoft/harrier-oss-v1-0.6b,0.9939758273676542
bul_Cyrl,sin_Sinh,intfloat/multilingual-e5-large,0.993975462547273
fin_Latn,ron_Latn,intfloat/multilingual-e5-large,0.993972785450868
jav_Latn,urd_Arab,intfloat/multilingual-e5-large,0.9939718923272024
kaz_Cyrl,als_Latn,intfloat/multilingual-e5-large,0.9939712408216546
bos_Latn,ell_Grek,intfloat/multilingual-e5-large,0.993970884846464
eng_Latn,pcm_Latn,intfloat/multilingual-e5-small,0.9939665314290111
heb_Hebr,urd_Arab,intfloat/multilingual-e5-large,0.9939523798843115
spa_Latn,als_Latn,intfloat/multilingual-e5-large,0.9939432971916871
ceb_Latn,est_Latn,microsoft/harrier-oss-v1-270m,0.993939393939394
ron_Latn,deu_Latn,intfloat/multilingual-e5-large,0.9939360425534821
nno_Latn,fra_Latn,intfloat/multilingual-e5-large,0.993933046320516
ukr_Cyrl,swe_Latn,microsoft/harrier-oss-v1-0.6b,0.9939274374947931
heb_Hebr,ukr_Cyrl,jinaai/jina-embeddings-v3,0.9939241848276059
zsm_Latn,vie_Latn,microsoft/harrier-oss-v1-270m,0.9939228059795593
ron_Latn,spa_Latn,intfloat/multilingual-e5-large,0.9939163507186156
fin_Latn,crh_Latn,microsoft/harrier-oss-v1-0.6b,0.9939158667419538
nld_Latn,cat_Latn,microsoft/harrier-oss-v1-0.6b,0.9939142946457562
pol_Latn,ron_Latn,jinaai/jina-embeddings-v3,0.9939137388165208
hun_Latn,swe_Latn,intfloat/multilingual-e5-large,0.9939129686145012
sun_Latn,zho_Hant,microsoft/harrier-oss-v1-0.6b,0.9939100231636724
xho_Latn,por_Latn,microsoft/harrier-oss-v1-270m,0.9939081864098996
swh_Latn,zho_Hans,microsoft/harrier-oss-v1-270m,0.9939064558629775
heb_Hebr,slk_Latn,jinaai/jina-embeddings-v3,0.993904062141767
ind_Latn,tgl_Latn,microsoft/harrier-oss-v1-270m,0.9939018909979869
spa_Latn,ukr_Cyrl,jinaai/jina-embeddings-v3,0.9939004280173462
ell_Grek,hrv_Latn,intfloat/multilingual-e5-large,0.9938961211831464
ces_Latn,spa_Latn,microsoft/harrier-oss-v1-0.6b,0.9938922782180658
guj_Gujr,pan_Guru,intfloat/multilingual-e5-large,0.993891132151971
lmo_Latn,por_Latn,microsoft/harrier-oss-v1-0.6b,0.9938899868247694
ceb_Latn,deu_Latn,microsoft/harrier-oss-v1-270m,0.9938896299604851
slv_Latn,dan_Latn,jinaai/jina-embeddings-v3,0.9938831894066924
fra_Latn,tha_Thai,codefuse-ai/F2LLM-v2-0.6B,0.9938821379974268
kor_Hang,bak_Cyrl,microsoft/harrier-oss-v1-270m,0.9938785851829328
spa_Latn,ell_Grek,microsoft/harrier-oss-v1-0.6b,0.9938762965728813
guj_Gujr,rus_Cyrl,microsoft/harrier-oss-v1-0.6b,0.9938696641100554
dan_Latn,als_Latn,intfloat/multilingual-e5-large,0.9938670856347264
pol_Latn,cat_Latn,microsoft/harrier-oss-v1-0.6b,0.9938653027450697
slk_Latn,urd_Arab,jinaai/jina-embeddings-v3,0.9938646855149724
ceb_Latn,hrv_Latn,microsoft/harrier-oss-v1-0.6b,0.9938640104846448
ltz_Latn,tel_Telu,microsoft/harrier-oss-v1-0.6b,0.9938636363636364
ron_Latn,hrv_Latn,microsoft/harrier-oss-v1-0.6b,0.9938595961506052
glg_Latn,fra_Latn,microsoft/harrier-oss-v1-0.6b,0.9938591314838642
ita_Latn,mal_Mlym,microsoft/harrier-oss-v1-0.6b,0.9938569421425922
kaz_Cyrl,rus_Cyrl,microsoft/harrier-oss-v1-0.6b,0.9938527093534663
ars_Arab,lit_Latn,jinaai/jina-embeddings-v3,0.9938486294949368
arb_Arab,lit_Latn,jinaai/jina-embeddings-v3,0.9938485665900044
fur_Latn,jpn_Jpan,microsoft/harrier-oss-v1-0.6b,0.9938460693895476
spa_Latn,ron_Latn,intfloat/multilingual-e5-large,0.9938451376482036
hrv_Latn,slk_Latn,jinaai/jina-embeddings-v3,0.9938450151653999
bul_Cyrl,zsm_Latn,codefuse-ai/F2LLM-v2-0.6B,0.993844995880812
ekk_Latn,eng_Latn,intfloat/multilingual-e5-large,0.9938363499144502
ind_Latn,ita_Latn,microsoft/harrier-oss-v1-0.6b,0.9938328893978778
kor_Hang,lit_Latn,jinaai/jina-embeddings-v3,0.9938324238466708
mkd_Cyrl,ind_Latn,jinaai/jina-embeddings-v3,0.9938280640124901
spa_Latn,glg_Latn,intfloat/multilingual-e5-large,0.9938249531589818
vec_Latn,hun_Latn,microsoft/harrier-oss-v1-0.6b,0.9938241106719368
ell_Grek,crh_Latn,microsoft/harrier-oss-v1-0.6b,0.9938241106719368
bos_Latn,slv_Latn,microsoft/harrier-oss-v1-270m,0.9938210288111011
slk_Latn,tha_Thai,jinaai/jina-embeddings-v3,0.9938106449131476
hin_Deva,ind_Latn,microsoft/harrier-oss-v1-0.6b,0.9938062826848243
isl_Latn,zho_Hant,jinaai/jina-embeddings-v3,0.9937937729699744
hye_Armn,tur_Latn,jinaai/jina-embeddings-v3,0.9937911746667054
hne_Deva,rus_Cyrl,microsoft/harrier-oss-v1-0.6b,0.993786343682775
glg_Latn,tgl_Latn,intfloat/multilingual-e5-large,0.9937850272401236
est_Latn,lit_Latn,jinaai/jina-embeddings-v3,0.9937839692789784
srp_Cyrl,heb_Hebr,intfloat/multilingual-e5-large,0.9937782112389606
ell_Grek,zsm_Latn,intfloat/multilingual-e5-large,0.993758828136424
ces_Latn,als_Latn,microsoft/harrier-oss-v1-0.6b,0.9937573694675822
ell_Grek,deu_Latn,jinaai/jina-embeddings-v3,0.9937550148563861
hun_Latn,mkd_Cyrl,intfloat/multilingual-e5-large,0.9937493916441714
hrv_Latn,ukr_Cyrl,jinaai/jina-embeddings-v3,0.9937476284548248
arz_Arab,est_Latn,jinaai/jina-embeddings-v3,0.9937456866804693
slk_Latn,heb_Hebr,jinaai/jina-embeddings-v3,0.993743828931819
hin_Deva,ita_Latn,microsoft/harrier-oss-v1-0.6b,0.9937419963671403
heb_Hebr,ces_Latn,jinaai/jina-embeddings-v3,0.9937413679216958
bos_Latn,deu_Latn,microsoft/harrier-oss-v1-270m,0.9937355557034724
cat_Latn,swe_Latn,microsoft/harrier-oss-v1-0.6b,0.9937316943776016
deu_Latn,glg_Latn,microsoft/harrier-oss-v1-0.6b,0.9937281490782917
heb_Hebr,mkd_Cyrl,jinaai/jina-embeddings-v3,0.9937262441424441
glg_Latn,ita_Latn,microsoft/harrier-oss-v1-0.6b,0.9937205651491365
slv_Latn,tur_Latn,jinaai/jina-embeddings-v3,0.9937149943402488
ron_Latn,slv_Latn,microsoft/harrier-oss-v1-0.6b,0.9937142142522843
hne_Deva,pol_Latn,microsoft/harrier-oss-v1-0.6b,0.9937113944405036
rus_Cyrl,hrv_Latn,microsoft/harrier-oss-v1-270m,0.9937070394476718
zsm_Latn,pol_Latn,microsoft/harrier-oss-v1-0.6b,0.9937043716496581
vec_Latn,kor_Hang,microsoft/harrier-oss-v1-0.6b,0.9936978480456742
pol_Latn,als_Latn,microsoft/harrier-oss-v1-0.6b,0.9936893178295532
bul_Cyrl,tha_Thai,jinaai/jina-embeddings-v3,0.9936785602435103
bos_Latn,slk_Latn,jinaai/jina-embeddings-v3,0.9936775891267542
ces_Latn,urd_Arab,jinaai/jina-embeddings-v3,0.9936760352580454
fin_Latn,fra_Latn,intfloat/multilingual-e5-large,0.9936647150436666
bos_Latn,vie_Latn,intfloat/multilingual-e5-large,0.9936643057188318
srd_Latn,ind_Latn,microsoft/harrier-oss-v1-0.6b,0.9936594202898552
heb_Hebr,ltz_Latn,microsoft/harrier-oss-v1-0.6b,0.9936594202898552
ind_Latn,deu_Latn,microsoft/harrier-oss-v1-0.6b,0.9936543270856696
spa_Latn,heb_Hebr,microsoft/harrier-oss-v1-0.6b,0.9936447191736513
ita_Latn,slv_Latn,jinaai/jina-embeddings-v3,0.9936434462933802
bos_Latn,srd_Latn,microsoft/harrier-oss-v1-270m,0.9936433790188732
jpn_Jpan,vec_Latn,microsoft/harrier-oss-v1-0.6b,0.9936433790188732
glg_Latn,rus_Cyrl,microsoft/harrier-oss-v1-0.6b,0.9936433589829374
eng_Latn,srd_Latn,microsoft/harrier-oss-v1-0.6b,0.9936429512516468
bel_Cyrl,swe_Latn,microsoft/harrier-oss-v1-0.6b,0.9936416674490699
ast_Latn,kat_Geor,jinaai/jina-embeddings-v3,0.9936358930924148
mai_Deva,npi_Deva,intfloat/multilingual-e5-large,0.9936334662881191
srd_Latn,ces_Latn,microsoft/harrier-oss-v1-0.6b,0.9936257336207928
cat_Latn,als_Latn,intfloat/multilingual-e5-large,0.9936230770255422
pan_Guru,sin_Sinh,intfloat/multilingual-e5-large,0.9936227024341779
amh_Ethi,ben_Beng,microsoft/harrier-oss-v1-270m,0.9936179467946351
glg_Latn,nld_Latn,jinaai/jina-embeddings-v3,0.993610999444163
oci_Latn,sin_Sinh,microsoft/harrier-oss-v1-270m,0.9936100131752306
hin_Deva,urd_Arab,microsoft/harrier-oss-v1-0.6b,0.9936054468826686
ben_Beng,guj_Gujr,intfloat/multilingual-e5-large,0.9935973762601652
lit_Latn,zho_Hant,jinaai/jina-embeddings-v3,0.9935958892541982
kaz_Cyrl,tur_Latn,microsoft/harrier-oss-v1-0.6b,0.9935936661338174
guj_Gujr,ory_Orya,microsoft/harrier-oss-v1-0.6b,0.9935897635394002
tgk_Cyrl,zho_Hant,microsoft/harrier-oss-v1-0.6b,0.9935881778212018
bul_Cyrl,ind_Latn,microsoft/harrier-oss-v1-0.6b,0.9935880647789483
bos_Latn,ind_Latn,intfloat/multilingual-e5-large,0.9935829576231587
epo_Latn,xho_Latn,microsoft/harrier-oss-v1-0.6b,0.9935782656316968
afr_Latn,bos_Latn,intfloat/multilingual-e5-large,0.9935747416636582
fur_Latn,slv_Latn,microsoft/harrier-oss-v1-0.6b,0.9935653115000942
srd_Latn,ell_Grek,microsoft/harrier-oss-v1-0.6b,0.993565311500094
cym_Latn,sin_Sinh,intfloat/multilingual-e5-large,0.9935652958470194
ben_Beng,tha_Thai,jinaai/jina-embeddings-v3,0.9935529528340851
heb_Hebr,tha_Thai,jinaai/jina-embeddings-v3,0.9935510215629428
ekk_Latn,srp_Cyrl,intfloat/multilingual-e5-large,0.9935499609679938
pol_Latn,bel_Cyrl,microsoft/harrier-oss-v1-0.6b,0.9935419119949545
hye_Armn,mkd_Cyrl,jinaai/jina-embeddings-v3,0.993536727529004
pan_Guru,tgl_Latn,intfloat/multilingual-e5-large,0.9935251046905174
bul_Cyrl,srd_Latn,microsoft/harrier-oss-v1-0.6b,0.9935221783047872
heb_Hebr,pol_Latn,microsoft/harrier-oss-v1-270m,0.9935204941174294
hrv_Latn,urd_Arab,intfloat/multilingual-e5-large,0.993514969884222
dan_Latn,khm_Khmr,jinaai/jina-embeddings-v3,0.9935113145975973
ind_Latn,ltz_Latn,microsoft/harrier-oss-v1-270m,0.9935111989459816
nob_Latn,lit_Latn,jinaai/jina-embeddings-v3,0.9935083324913202
ilo_Latn,por_Latn,microsoft/harrier-oss-v1-270m,0.9935057092665788
ben_Beng,ell_Grek,microsoft/harrier-oss-v1-270m,0.9934979192819535
ell_Grek,tur_Latn,microsoft/harrier-oss-v1-270m,0.9934955738920982
nno_Latn,swe_Latn,intfloat/multilingual-e5-large,0.9934803251555597
ces_Latn,ron_Latn,jinaai/jina-embeddings-v3,0.9934672874191555
srd_Latn,vec_Latn,microsoft/harrier-oss-v1-0.6b,0.9934657130309305
jav_Latn,pol_Latn,microsoft/harrier-oss-v1-0.6b,0.9934559361595032
slk_Latn,als_Latn,microsoft/harrier-oss-v1-0.6b,0.993454174419071
nld_Latn,bel_Cyrl,microsoft/harrier-oss-v1-0.6b,0.9934528823516706
bel_Cyrl,hrv_Latn,intfloat/multilingual-e5-large,0.9934519952606196
lvs_Latn,hrv_Latn,intfloat/multilingual-e5-large,0.9934496103998955
hat_Latn,por_Latn,microsoft/harrier-oss-v1-270m,0.993447569532926
slv_Latn,spa_Latn,jinaai/jina-embeddings-v3,0.9934465949788596
tur_Latn,heb_Hebr,jinaai/jina-embeddings-v3,0.9934455128840884
fur_Latn,zho_Hant,microsoft/harrier-oss-v1-0.6b,0.993445322793149
fur_Latn,zho_Hans,microsoft/harrier-oss-v1-0.6b,0.9934453227931488
asm_Beng,ben_Beng,intfloat/multilingual-e5-large,0.9934355390788034
ceb_Latn,vie_Latn,microsoft/harrier-oss-v1-270m,0.9934353333765309
ces_Latn,dan_Latn,jinaai/jina-embeddings-v3,0.9934342443271015
tur_Latn,spa_Latn,jinaai/jina-embeddings-v3,0.9934325741970075
ita_Latn,bel_Cyrl,microsoft/harrier-oss-v1-0.6b,0.9934292577642635
kat_Geor,rus_Cyrl,jinaai/jina-embeddings-v3,0.9934279946576465
ind_Latn,rus_Cyrl,microsoft/harrier-oss-v1-270m,0.9934206498462939
afr_Latn,srd_Latn,microsoft/harrier-oss-v1-0.6b,0.9934198706431908
fra_Latn,jav_Latn,intfloat/multilingual-e5-large,0.9934171313213989
hin_Deva,swe_Latn,microsoft/harrier-oss-v1-0.6b,0.9934158581465373
eng_Latn,kaz_Cyrl,microsoft/harrier-oss-v1-0.6b,0.99341013073287
azj_Latn,rus_Cyrl,microsoft/harrier-oss-v1-0.6b,0.9934072594665966
hye_Armn,ukr_Cyrl,jinaai/jina-embeddings-v3,0.9934065599105668
ban_Latn,eng_Latn,microsoft/harrier-oss-v1-270m,0.9934060504712678
bul_Cyrl,cat_Latn,jinaai/jina-embeddings-v3,0.9934012902570823
als_Latn,ukr_Cyrl,jinaai/jina-embeddings-v3,0.9933976819174948
slk_Latn,srp_Cyrl,jinaai/jina-embeddings-v3,0.993396587954805
mal_Mlym,tur_Latn,microsoft/harrier-oss-v1-0.6b,0.9933885488966387
ekk_Latn,pol_Latn,intfloat/multilingual-e5-large,0.9933839944728482
arb_Arab,crh_Latn,microsoft/harrier-oss-v1-0.6b,0.9933794466403162
fra_Latn,mal_Mlym,intfloat/multilingual-e5-large,0.993372687000236
bos_Latn,pan_Guru,intfloat/multilingual-e5-large,0.9933685695175087
afr_Latn,slk_Latn,jinaai/jina-embeddings-v3,0.9933535406445788
pol_Latn,urd_Arab,microsoft/harrier-oss-v1-0.6b,0.9933494232223944
mal_Mlym,urd_Arab,intfloat/multilingual-e5-small,0.9933345210190746
heb_Hebr,sin_Sinh,intfloat/multilingual-e5-large,0.9933337035974242
khk_Cyrl,zho_Hant,jinaai/jina-embeddings-v3,0.9933300395256917
srd_Latn,vie_Latn,microsoft/harrier-oss-v1-0.6b,0.9933300395256917
cat_Latn,hrv_Latn,intfloat/multilingual-e5-large,0.9933292042473467
est_Latn,oci_Latn,microsoft/harrier-oss-v1-0.6b,0.9933080808080808
slk_Latn,fin_Latn,jinaai/jina-embeddings-v3,0.9933061818682818
arb_Arab,swh_Latn,microsoft/harrier-oss-v1-0.6b,0.9932989313424097
ces_Latn,ind_Latn,jinaai/jina-embeddings-v3,0.9932946123599444
ell_Grek,ukr_Cyrl,jinaai/jina-embeddings-v5-text-nano,0.9932938491968106
hye_Armn,rus_Cyrl,jinaai/jina-embeddings-v3,0.9932874210722324
rus_Cyrl,ron_Latn,jinaai/jina-embeddings-v3,0.9932864299522473
spa_Latn,slk_Latn,microsoft/harrier-oss-v1-0.6b,0.9932828825602036
eng_Latn,ban_Latn,microsoft/harrier-oss-v1-270m,0.9932791352257756
ind_Latn,vie_Latn,codefuse-ai/F2LLM-v2-0.6B,0.9932791282131981
xho_Latn,zul_Latn,intfloat/multilingual-e5-large,0.9932773358808955
bak_Cyrl,tat_Cyrl,microsoft/harrier-oss-v1-0.6b,0.9932762370357622
fra_Latn,bel_Cyrl,microsoft/harrier-oss-v1-0.6b,0.9932754278468818
eng_Latn,bel_Cyrl,intfloat/multilingual-e5-large,0.9932746265353952
kat_Geor,nld_Latn,jinaai/jina-embeddings-v3,0.9932589179649052
nno_Latn,ita_Latn,microsoft/harrier-oss-v1-0.6b,0.9932581610773759
bos_Latn,cat_Latn,intfloat/multilingual-e5-large,0.9932577633620041
vec_Latn,fin_Latn,microsoft/harrier-oss-v1-0.6b,0.9932545564339044
azj_Latn,tur_Latn,microsoft/harrier-oss-v1-270m,0.9932537868647839
por_Latn,xho_Latn,microsoft/harrier-oss-v1-0.6b,0.9932491326785992
mya_Mymr,zho_Hant,microsoft/harrier-oss-v1-270m,0.993248870694523
fra_Latn,kat_Geor,intfloat/multilingual-e5-large,0.9932486509588646
ita_Latn,srd_Latn,microsoft/harrier-oss-v1-0.6b,0.9932476943346508
snd_Arab,urd_Arab,intfloat/multilingual-e5-large,0.9932423124537186
bos_Latn,pol_Latn,microsoft/harrier-oss-v1-270m,0.9932216739154678
tha_Thai,vie_Latn,microsoft/harrier-oss-v1-0.6b,0.9932148301824887
plt_Latn,nob_Latn,microsoft/harrier-oss-v1-0.6b,0.9932073527456456
nno_Latn,deu_Latn,intfloat/multilingual-e5-large,0.9932055884310453
ita_Latn,hun_Latn,microsoft/harrier-oss-v1-0.6b,0.9932045688182747
fin_Latn,hrv_Latn,intfloat/multilingual-e5-large,0.9931994161949106
hrv_Latn,hye_Armn,intfloat/multilingual-e5-large,0.9931985196240363
cat_Latn,rus_Cyrl,jinaai/jina-embeddings-v3,0.9931929732795461
dan_Latn,srd_Latn,microsoft/harrier-oss-v1-0.6b,0.9931927975406236
kat_Geor,pol_Latn,jinaai/jina-embeddings-v3,0.9931885816329864
aeb_Arab,deu_Latn,microsoft/harrier-oss-v1-270m,0.9931876653287168
dan_Latn,sin_Sinh,jinaai/jina-embeddings-v3,0.9931809094185634
fra_Latn,hin_Deva,microsoft/harrier-oss-v1-0.6b,0.9931780730159203
mai_Deva,pan_Guru,intfloat/multilingual-e5-large,0.9931764901962694
isl_Latn,nld_Latn,jinaai/jina-embeddings-v3,0.9931713763144934
jav_Latn,sin_Sinh,intfloat/multilingual-e5-large,0.9931609522575309
als_Latn,tur_Latn,microsoft/harrier-oss-v1-0.6b,0.9931588025557581
afr_Latn,tgl_Latn,intfloat/multilingual-e5-large,0.993146769881843
isl_Latn,dan_Latn,jinaai/jina-embeddings-v3,0.9931406993476263
cat_Latn,mkd_Cyrl,jinaai/jina-embeddings-v3,0.9931382164628524
aeb_Arab,por_Latn,jinaai/jina-embeddings-v3,0.9931316120302994
afr_Latn,als_Latn,intfloat/multilingual-e5-large,0.993119706973948
hrv_Latn,heb_Hebr,microsoft/harrier-oss-v1-270m,0.9931177043436488
ast_Latn,cym_Latn,intfloat/multilingual-e5-large,0.9931159420289856
tha_Thai,rus_Cyrl,jinaai/jina-embeddings-v3,0.9931112837296017
hun_Latn,nld_Latn,intfloat/multilingual-e5-large,0.9931109768513318
ces_Latn,ell_Grek,jinaai/jina-embeddings-v3,0.9931085822307064
fin_Latn,deu_Latn,jinaai/jina-embeddings-v3,0.993106912073824
cat_Latn,ron_Latn,jinaai/jina-embeddings-v3,0.9930955666321613
heb_Hebr,slv_Latn,microsoft/harrier-oss-v1-0.6b,0.9930951789558348
ceb_Latn,pol_Latn,microsoft/harrier-oss-v1-0.6b,0.9930842543188603
swh_Latn,zul_Latn,intfloat/multilingual-e5-large,0.9930833478610563
khm_Khmr,zho_Hans,jinaai/jina-embeddings-v3,0.9930830039525692
isl_Latn,swe_Latn,jinaai/jina-embeddings-v3,0.9930719816096178
vec_Latn,tha_Thai,microsoft/harrier-oss-v1-0.6b,0.9930662140889414
srp_Cyrl,ell_Grek,intfloat/multilingual-e5-large,0.9930586475178422
bel_Cyrl,slk_Latn,microsoft/harrier-oss-v1-0.6b,0.9930496416152155
mkd_Cyrl,fin_Latn,jinaai/jina-embeddings-v3,0.9930470795199438
afr_Latn,ita_Latn,jinaai/jina-embeddings-v3,0.9930447153437301
aeb_Arab,ind_Latn,microsoft/harrier-oss-v1-270m,0.9930409260107996
ell_Grek,dan_Latn,jinaai/jina-embeddings-v3,0.9930369934805272
srd_Latn,rus_Cyrl,microsoft/harrier-oss-v1-0.6b,0.9930335968379448
ind_Latn,pol_Latn,microsoft/harrier-oss-v1-0.6b,0.9930217395712253
fra_Latn,hye_Armn,intfloat/multilingual-e5-large,0.9930176144752709
ben_Beng,ron_Latn,microsoft/harrier-oss-v1-270m,0.9930058821761574
hrv_Latn,cat_Latn,intfloat/multilingual-e5-large,0.9930027737142433
cym_Latn,oci_Latn,microsoft/harrier-oss-v1-270m,0.9930006587615284
hin_Deva,ory_Orya,microsoft/harrier-oss-v1-0.6b,0.9929996720831928
ukr_Cyrl,spa_Latn,codefuse-ai/F2LLM-v2-0.6B,0.9929986620903789
ita_Latn,npi_Deva,intfloat/multilingual-e5-large,0.9929939630858062
hrv_Latn,pan_Guru,intfloat/multilingual-e5-large,0.9929924674031689
fin_Latn,mkd_Cyrl,intfloat/multilingual-e5-large,0.9929792848638825
hne_Deva,swe_Latn,microsoft/harrier-oss-v1-0.6b,0.9929713678466883
eng_Latn,guj_Gujr,microsoft/harrier-oss-v1-0.6b,0.992965808836631
slk_Latn,spa_Latn,microsoft/harrier-oss-v1-0.6b,0.9929650709274598
aeb_Arab,fra_Latn,microsoft/harrier-oss-v1-0.6b,0.9929648245550332
cat_Latn,urd_Arab,jinaai/jina-embeddings-v3,0.9929640051699348
ben_Beng,bho_Deva,microsoft/harrier-oss-v1-0.6b,0.9929634339966791
bel_Cyrl,deu_Latn,microsoft/harrier-oss-v1-0.6b,0.9929556907047742
slv_Latn,ron_Latn,microsoft/harrier-oss-v1-0.6b,0.9929546053798068
deu_Latn,hne_Deva,microsoft/harrier-oss-v1-0.6b,0.9929467346780787
ben_Beng,san_Deva,microsoft/harrier-oss-v1-0.6b,0.9929409723036656
kat_Geor,tur_Latn,jinaai/jina-embeddings-v3,0.9929369236423164
bos_Latn,swe_Latn,microsoft/harrier-oss-v1-270m,0.9929348266877541
mai_Deva,ory_Orya,microsoft/harrier-oss-v1-0.6b,0.9929348220787602
bel_Cyrl,fur_Latn,microsoft/harrier-oss-v1-0.6b,0.9929347826086958
ita_Latn,kat_Geor,intfloat/multilingual-e5-large,0.9929329414250121
hun_Latn,ces_Latn,jinaai/jina-embeddings-v3,0.9929307491815196
asm_Beng,ast_Latn,microsoft/harrier-oss-v1-0.6b,0.9929306653491436
cat_Latn,zsm_Latn,intfloat/multilingual-e5-large,0.9929286715731466
arb_Arab,zul_Latn,microsoft/harrier-oss-v1-270m,0.9929282948057652
slv_Latn,heb_Hebr,microsoft/harrier-oss-v1-0.6b,0.992926247801006
rus_Cyrl,slv_Latn,jinaai/jina-embeddings-v3,0.9929215019557143
bjn_Latn,eng_Latn,microsoft/harrier-oss-v1-0.6b,0.9929193007256248
jav_Latn,mkd_Cyrl,microsoft/harrier-oss-v1-0.6b,0.9929124943250779
kaz_Cyrl,tat_Cyrl,intfloat/multilingual-e5-large,0.9929108043474377
spa_Latn,srd_Latn,microsoft/harrier-oss-v1-270m,0.992904767608325
hne_Deva,vie_Latn,microsoft/harrier-oss-v1-270m,0.9928983918440044
hrv_Latn,npi_Deva,intfloat/multilingual-e5-large,0.992890789471143
pan_Guru,rus_Cyrl,microsoft/harrier-oss-v1-0.6b,0.992887300279623
ind_Latn,spa_Latn,microsoft/harrier-oss-v1-0.6b,0.9928791969372048
ind_Latn,slk_Latn,jinaai/jina-embeddings-v3,0.9928688486020988
als_Latn,vie_Latn,intfloat/multilingual-e5-large,0.9928656961017464
rus_Cyrl,heb_Hebr,jinaai/jina-embeddings-v3,0.9928585368573658
bel_Cyrl,als_Latn,intfloat/multilingual-e5-large,0.9928574844698457
lit_Latn,ukr_Cyrl,jinaai/jina-embeddings-v3,0.9928556314314627
dan_Latn,fin_Latn,jinaai/jina-embeddings-v3,0.9928436839331756
deu_Latn,pan_Guru,intfloat/multilingual-e5-large,0.9928418028563608
mya_Mymr,nob_Latn,microsoft/harrier-oss-v1-270m,0.992840860172974
spa_Latn,mkd_Cyrl,microsoft/harrier-oss-v1-0.6b,0.9928374677082348
fra_Latn,hne_Deva,microsoft/harrier-oss-v1-0.6b,0.9928319065432727
ceb_Latn,jav_Latn,intfloat/multilingual-e5-large,0.9928213221898402
azj_Latn,pol_Latn,microsoft/harrier-oss-v1-0.6b,0.9928181197570018
rus_Cyrl,als_Latn,jinaai/jina-embeddings-v3,0.9928132822925494
mkd_Cyrl,afr_Latn,jinaai/jina-embeddings-v3,0.9928121928269922
ita_Latn,pan_Guru,intfloat/multilingual-e5-large,0.9928077577820476
bul_Cyrl,hne_Deva,microsoft/harrier-oss-v1-0.6b,0.992807079565083
eng_Latn,hun_Latn,intfloat/multilingual-e5-large,0.9928053319268573
kir_Cyrl,tgl_Latn,intfloat/multilingual-e5-large,0.9928014131078993
hye_Armn,nld_Latn,jinaai/jina-embeddings-v3,0.9927979591813535
mai_Deva,mal_Mlym,intfloat/multilingual-e5-large,0.99279530816286
ita_Latn,tha_Thai,jinaai/jina-embeddings-v3,0.9927924237795942
bjn_Latn,por_Latn,microsoft/harrier-oss-v1-0.6b,0.9927899212651904
glg_Latn,swe_Latn,microsoft/harrier-oss-v1-0.6b,0.9927847222971684
aeb_Arab,bos_Latn,microsoft/harrier-oss-v1-0.6b,0.9927659059221092
hun_Latn,als_Latn,intfloat/multilingual-e5-large,0.9927643114417628
tur_Latn,tha_Thai,jinaai/jina-embeddings-v3,0.9927616925574131
swe_Latn,ell_Grek,intfloat/multilingual-e5-large,0.9927616648616292
lit_Latn,nld_Latn,jinaai/jina-embeddings-v3,0.992759381504548
ell_Grek,ces_Latn,microsoft/harrier-oss-v1-0.6b,0.9927418039317644
bul_Cyrl,kat_Geor,intfloat/multilingual-e5-large,0.9927395840082939
bel_Cyrl,ukr_Cyrl,microsoft/harrier-oss-v1-270m,0.9927357389115274
bos_Latn,tur_Latn,intfloat/multilingual-e5-large,0.9927299574393675
fra_Latn,tgk_Cyrl,microsoft/harrier-oss-v1-0.6b,0.9927250894152178
hun_Latn,pol_Latn,microsoft/harrier-oss-v1-0.6b,0.9927227685724851
npi_Deva,als_Latn,intfloat/multilingual-e5-large,0.9927142612050246
aeb_Arab,ces_Latn,jinaai/jina-embeddings-v3,0.9927125799520466
fin_Latn,vec_Latn,microsoft/harrier-oss-v1-0.6b,0.9927124505928854
fin_Latn,swe_Latn,intfloat/multilingual-e5-large,0.9927107999749958
ell_Grek,srp_Cyrl,intfloat/multilingual-e5-large,0.9927099979847562
hye_Armn,pol_Latn,jinaai/jina-embeddings-v3,0.9927085885176989
spa_Latn,hin_Deva,microsoft/harrier-oss-v1-270m,0.9927081026697318
ita_Latn,kaz_Cyrl,microsoft/harrier-oss-v1-0.6b,0.9927027529884263
ben_Beng,tel_Telu,intfloat/multilingual-e5-large,0.9927004197648734
lao_Laoo,zho_Hant,jinaai/jina-embeddings-v3,0.992693236714976
ekk_Latn,ita_Latn,intfloat/multilingual-e5-large,0.9926907279448056
ind_Latn,sin_Sinh,intfloat/multilingual-e5-large,0.9926880427325901
heb_Hebr,cat_Latn,jinaai/jina-embeddings-v3,0.9926794357421909
deu_Latn,srd_Latn,microsoft/harrier-oss-v1-0.6b,0.992671277997365
hne_Deva,hrv_Latn,microsoft/harrier-oss-v1-0.6b,0.9926648264326416
afr_Latn,swe_Latn,microsoft/harrier-oss-v1-0.6b,0.9926585005803008
aeb_Arab,ron_Latn,jinaai/jina-embeddings-v3,0.9926551669817264
zsm_Latn,ukr_Cyrl,jinaai/jina-embeddings-v3,0.9926497898237028
hrv_Latn,lvs_Latn,intfloat/multilingual-e5-large,0.9926457145628351
ben_Beng,tat_Cyrl,microsoft/harrier-oss-v1-0.6b,0.9926399818658753
npi_Deva,pan_Guru,intfloat/multilingual-e5-large,0.9926398028231715
eng_Latn,bho_Deva,microsoft/harrier-oss-v1-270m,0.9926329126868787
dan_Latn,nno_Latn,jinaai/jina-embeddings-v5-text-small,0.9926296618563191
ceb_Latn,swe_Latn,microsoft/harrier-oss-v1-270m,0.9926281282724109
hun_Latn,ron_Latn,intfloat/multilingual-e5-large,0.9926247095741039
cat_Latn,ell_Grek,microsoft/harrier-oss-v1-0.6b,0.9926195282370349
ron_Latn,bel_Cyrl,intfloat/multilingual-e5-large,0.9926166282420816
deu_Latn,mal_Mlym,microsoft/harrier-oss-v1-0.6b,0.9926165465097414
hye_Armn,als_Latn,intfloat/multilingual-e5-large,0.9926152769310925
ell_Grek,slk_Latn,microsoft/harrier-oss-v1-0.6b,0.9926118400101196
kat_Geor,sin_Sinh,intfloat/multilingual-e5-large,0.9926084921298981
ind_Latn,hrv_Latn,intfloat/multilingual-e5-large,0.9926037423549804
swe_Latn,fin_Latn,jinaai/jina-embeddings-v3,0.9925966785046199
ceb_Latn,urd_Arab,microsoft/harrier-oss-v1-270m,0.9925950144495483
swh_Latn,tgl_Latn,intfloat/multilingual-e5-large,0.9925807947101604
bul_Cyrl,zul_Latn,microsoft/harrier-oss-v1-0.6b,0.9925776620276766
ell_Grek,spa_Latn,codefuse-ai/F2LLM-v2-0.6B,0.9925763563989178
cat_Latn,dan_Latn,jinaai/jina-embeddings-v3,0.992573035685966
dan_Latn,ind_Latn,jinaai/jina-embeddings-v3,0.9925661962769945
hrv_Latn,nno_Latn,intfloat/multilingual-e5-large,0.9925586513979876
lit_Latn,mkd_Cyrl,jinaai/jina-embeddings-v3,0.9925584242455217
deu_Latn,afr_Latn,microsoft/harrier-oss-v1-0.6b,0.9925582423127273
eng_Latn,ckb_Arab,microsoft/harrier-oss-v1-0.6b,0.9925561049275538
eng_Latn,ekk_Latn,intfloat/multilingual-e5-large,0.992556038808966
bos_Latn,nld_Latn,microsoft/harrier-oss-v1-0.6b,0.9925532508085202
slv_Latn,urd_Arab,jinaai/jina-embeddings-v3,0.9925483768082293
nld_Latn,hun_Latn,jinaai/jina-embeddings-v3,0.9925476960217903
dan_Latn,slv_Latn,jinaai/jina-embeddings-v3,0.9925458396810495
est_Latn,mlt_Latn,microsoft/harrier-oss-v1-270m,0.9925395256916996
deu_Latn,fin_Latn,jinaai/jina-embeddings-v3,0.9925394540242136
ron_Latn,urd_Arab,intfloat/multilingual-e5-large,0.9925391180103453
heb_Hebr,jav_Latn,intfloat/multilingual-e5-large,0.9925359130455352
hun_Latn,zsm_Latn,intfloat/multilingual-e5-large,0.992526072481164
spa_Latn,slv_Latn,microsoft/harrier-oss-v1-0.6b,0.9925211939375989
hye_Armn,urd_Arab,jinaai/jina-embeddings-v3,0.992516693500463
nno_Latn,pol_Latn,microsoft/harrier-oss-v1-0.6b,0.9925165190779838
fin_Latn,srp_Cyrl,intfloat/multilingual-e5-large,0.9925114350594653
lvs_Latn,eng_Latn,jinaai/jina-embeddings-v3,0.9925089032206347
isl_Latn,eng_Latn,jinaai/jina-embeddings-v3,0.9925071807009479
pol_Latn,srd_Latn,microsoft/harrier-oss-v1-0.6b,0.9925065876152832
ory_Orya,pan_Guru,intfloat/multilingual-e5-large,0.9925065519141811
cat_Latn,tgl_Latn,microsoft/harrier-oss-v1-0.6b,0.9925062941222191
bos_Latn,lvs_Latn,intfloat/multilingual-e5-large,0.9925025794909759
kor_Hang,tgk_Cyrl,microsoft/harrier-oss-v1-0.6b,0.9925013593491854
ita_Latn,afr_Latn,microsoft/harrier-oss-v1-270m,0.9924984922207074
fin_Latn,slk_Latn,jinaai/jina-embeddings-v3,0.9924972837276758
tur_Latn,slv_Latn,jinaai/jina-embeddings-v3,0.9924972607175777
ron_Latn,als_Latn,intfloat/multilingual-e5-large,0.9924904436156965
kat_Geor,tgl_Latn,intfloat/multilingual-e5-large,0.9924889936427712
ell_Grek,ron_Latn,intfloat/multilingual-e5-large,0.9924884880585347
deu_Latn,hun_Latn,intfloat/multilingual-e5-large,0.9924884007743666
ita_Latn,jav_Latn,intfloat/multilingual-e5-large,0.9924859531060528
mal_Mlym,zsm_Latn,intfloat/multilingual-e5-large,0.9924840435874668
npi_Deva,sin_Sinh,intfloat/multilingual-e5-large,0.9924837893647049
kor_Hang,mlt_Latn,microsoft/harrier-oss-v1-0.6b,0.992483060417843
bul_Cyrl,hye_Armn,microsoft/harrier-oss-v1-0.6b,0.9924817128219816
pol_Latn,tat_Cyrl,microsoft/harrier-oss-v1-0.6b,0.9924805855623746
spa_Latn,hye_Armn,intfloat/multilingual-e5-small,0.9924772213395177
dan_Latn,ell_Grek,jinaai/jina-embeddings-v3,0.9924668227946918
mar_Deva,urd_Arab,intfloat/multilingual-e5-large,0.9924650148283112
dan_Latn,hun_Latn,intfloat/multilingual-e5-large,0.9924635659145993
nld_Latn,fin_Latn,jinaai/jina-embeddings-v3,0.9924627271193704
lit_Latn,zho_Hans,jinaai/jina-embeddings-v3,0.992460309188832
hin_Deva,pan_Guru,microsoft/harrier-oss-v1-0.6b,0.9924548056265963
eus_Latn,oci_Latn,jinaai/jina-embeddings-v3,0.9924542396009788
lit_Latn,dan_Latn,jinaai/jina-embeddings-v3,0.9924345368895042
heb_Hebr,zsm_Latn,intfloat/multilingual-e5-large,0.9924344164219177
ltz_Latn,urd_Arab,microsoft/harrier-oss-v1-0.6b,0.9924267761224282
bak_Cyrl,est_Latn,microsoft/harrier-oss-v1-0.6b,0.9924242424242424
ben_Beng,snd_Arab,intfloat/multilingual-e5-large,0.9924241052069812
glg_Latn,tur_Latn,microsoft/harrier-oss-v1-0.6b,0.9924180327868852
hin_Deva,srd_Latn,microsoft/harrier-oss-v1-0.6b,0.9924160079051384
mal_Mlym,swe_Latn,microsoft/harrier-oss-v1-0.6b,0.9924148644994707
bos_Latn,rus_Cyrl,microsoft/harrier-oss-v1-270m,0.9924137465619004
eng_Latn,war_Latn,microsoft/harrier-oss-v1-270m,0.9924128345190356
ita_Latn,nno_Latn,intfloat/multilingual-e5-large,0.9924101111333716
isl_Latn,tgl_Latn,intfloat/multilingual-e5-large,0.992409917670988
ita_Latn,jpn_Jpan,microsoft/harrier-oss-v1-0.6b,0.992409178303987
sin_Sinh,tur_Latn,jinaai/jina-embeddings-v3,0.992405109267614
rus_Cyrl,azj_Latn,microsoft/harrier-oss-v1-0.6b,0.9924041273132506
swe_Latn,hun_Latn,intfloat/multilingual-e5-large,0.9924041062139487
cat_Latn,heb_Hebr,jinaai/jina-embeddings-v3,0.9924020538009577
afr_Latn,hrv_Latn,intfloat/multilingual-e5-large,0.9923967618862486
kor_Hang,swh_Latn,microsoft/harrier-oss-v1-270m,0.9923882596516868
zsm_Latn,npi_Deva,intfloat/multilingual-e5-large,0.992385706405859
ben_Beng,srd_Latn,microsoft/harrier-oss-v1-0.6b,0.992377188029362
hin_Deva,ukr_Cyrl,jinaai/jina-embeddings-v3,0.992375120580667
ltz_Latn,lvs_Latn,microsoft/harrier-oss-v1-0.6b,0.992374835309618
afr_Latn,ces_Latn,microsoft/harrier-oss-v1-270m,0.9923738453674305
bul_Cyrl,kaz_Cyrl,microsoft/harrier-oss-v1-0.6b,0.9923725537762444
ind_Latn,ukr_Cyrl,microsoft/harrier-oss-v1-0.6b,0.9923711767264115
kat_Geor,ukr_Cyrl,jinaai/jina-embeddings-v3,0.9923709921667105
cat_Latn,sin_Sinh,intfloat/multilingual-e5-large,0.9923685111708891
eng_Latn,lit_Latn,jinaai/jina-embeddings-v3,0.9923637201697773
szl_Latn,por_Latn,microsoft/harrier-oss-v1-270m,0.9923623473988726
slk_Latn,hun_Latn,jinaai/jina-embeddings-v3,0.992357383125315
azj_Latn,nld_Latn,microsoft/harrier-oss-v1-0.6b,0.9923570466260667
afr_Latn,dan_Latn,jinaai/jina-embeddings-v3,0.9923552659431134
pol_Latn,glg_Latn,microsoft/harrier-oss-v1-0.6b,0.9923524197309326
heb_Hebr,kat_Geor,jinaai/jina-embeddings-v3,0.9923479214418274
ces_Latn,tha_Thai,jinaai/jina-embeddings-v3,0.9923401896318396
lit_Latn,slk_Latn,jinaai/jina-embeddings-v3,0.9923391528354154
cat_Latn,glg_Latn,jinaai/jina-embeddings-v3,0.9923377698857831
kaz_Cyrl,pol_Latn,microsoft/harrier-oss-v1-0.6b,0.9923332495461821
fin_Latn,tur_Latn,jinaai/jina-embeddings-v3,0.9923327573515442
ckb_Arab,eng_Latn,microsoft/harrier-oss-v1-0.6b,0.9923307016385249
hat_Latn,nob_Latn,microsoft/harrier-oss-v1-0.6b,0.9923285411609272
ces_Latn,lit_Latn,jinaai/jina-embeddings-v3,0.9923275525590102
lit_Latn,ces_Latn,jinaai/jina-embeddings-v3,0.9923167079535216
bel_Cyrl,ltz_Latn,microsoft/harrier-oss-v1-0.6b,0.992314448836188
tha_Thai,tur_Latn,jinaai/jina-embeddings-v3,0.9923134800723548
nld_Latn,pan_Guru,microsoft/harrier-oss-v1-0.6b,0.9923118959240536
eng_Latn,lvs_Latn,jinaai/jina-embeddings-v3,0.9923097448448099
lvs_Latn,tgl_Latn,intfloat/multilingual-e5-large,0.9923015383342744
ces_Latn,hin_Deva,microsoft/harrier-oss-v1-0.6b,0.9923003722088216
eng_Latn,lmo_Latn,microsoft/harrier-oss-v1-0.6b,0.9922924901185772
dan_Latn,afr_Latn,jinaai/jina-embeddings-v3,0.9922900221397835
ast_Latn,lit_Latn,jinaai/jina-embeddings-v3,0.9922858285166388
glg_Latn,ukr_Cyrl,microsoft/harrier-oss-v1-0.6b,0.9922817077650733
ceb_Latn,slk_Latn,microsoft/harrier-oss-v1-0.6b,0.9922810234578385
lvs_Latn,srp_Cyrl,intfloat/multilingual-e5-large,0.9922777527012434
azj_Latn,ita_Latn,microsoft/harrier-oss-v1-0.6b,0.9922757402585798
deu_Latn,bel_Cyrl,intfloat/multilingual-e5-large,0.9922752649414095
mal_Mlym,nld_Latn,microsoft/harrier-oss-v1-0.6b,0.9922729127554015
glg_Latn,mkd_Cyrl,microsoft/harrier-oss-v1-0.6b,0.9922726467636234
glg_Latn,slk_Latn,microsoft/harrier-oss-v1-0.6b,0.9922708270979832
rus_Cyrl,ell_Grek,microsoft/harrier-oss-v1-0.6b,0.9922565822155986
fra_Latn,hun_Latn,microsoft/harrier-oss-v1-0.6b,0.9922564274917975
amh_Ethi,tgl_Latn,intfloat/multilingual-e5-large,0.9922554461780473
bul_Cyrl,tgk_Cyrl,microsoft/harrier-oss-v1-0.6b,0.9922512885151469
jav_Latn,swe_Latn,microsoft/harrier-oss-v1-0.6b,0.9922483669810827
glg_Latn,hrv_Latn,intfloat/multilingual-e5-large,0.9922480809263595
rus_Cyrl,sin_Sinh,jinaai/jina-embeddings-v3,0.99224452023556
bos_Latn,dan_Latn,intfloat/multilingual-e5-large,0.9922434183363236
hun_Latn,srp_Cyrl,intfloat/multilingual-e5-large,0.9922426986896618
hun_Latn,dan_Latn,intfloat/multilingual-e5-large,0.9922422019687855
heb_Hebr,ron_Latn,jinaai/jina-embeddings-v3,0.9922385867712074
bel_Cyrl,fra_Latn,microsoft/harrier-oss-v1-0.6b,0.9922385690385277
als_Latn,uzn_Latn,intfloat/multilingual-e5-large,0.9922349928834941
aeb_Arab,dan_Latn,jinaai/jina-embeddings-v3,0.992227747548894
glg_Latn,zsm_Latn,intfloat/multilingual-e5-large,0.9922272197833186
ltz_Latn,tha_Thai,microsoft/harrier-oss-v1-0.6b,0.992215634606939
ceb_Latn,sin_Sinh,intfloat/multilingual-e5-large,0.992213208721446
rus_Cyrl,srd_Latn,microsoft/harrier-oss-v1-0.6b,0.9922101449275362
aeb_Arab,pol_Latn,jinaai/jina-embeddings-v3,0.9922098603413734
ukr_Cyrl,urd_Arab,jinaai/jina-embeddings-v3,0.9922088945682608
kaz_Cyrl,tgl_Latn,intfloat/multilingual-e5-large,0.9922047248352261
fin_Latn,fur_Latn,microsoft/harrier-oss-v1-0.6b,0.9922019104084322
hye_Armn,srp_Cyrl,jinaai/jina-embeddings-v3,0.9921821107961863
nno_Latn,spa_Latn,microsoft/harrier-oss-v1-0.6b,0.9921793747224463
slv_Latn,als_Latn,microsoft/harrier-oss-v1-0.6b,0.9921765732146548
kaz_Cyrl,nld_Latn,microsoft/harrier-oss-v1-0.6b,0.9921752976992694
ben_Beng,cat_Latn,microsoft/harrier-oss-v1-0.6b,0.992167559442942
nno_Latn,als_Latn,intfloat/multilingual-e5-large,0.992166640973943
kor_Hang,sun_Latn,microsoft/harrier-oss-v1-0.6b,0.992164749501706
hrv_Latn,azj_Latn,intfloat/multilingual-e5-large,0.9921624256955681
hun_Latn,slk_Latn,jinaai/jina-embeddings-v3,0.9921570507691666
lao_Laoo,zho_Hans,jinaai/jina-embeddings-v3,0.9921497584541062
ekk_Latn,urd_Arab,intfloat/multilingual-e5-large,0.992142842845419
hin_Deva,tur_Latn,microsoft/harrier-oss-v1-0.6b,0.992136702531616
ell_Grek,rus_Cyrl,codefuse-ai/F2LLM-v2-0.6B,0.9921340865122049
azj_Latn,hrv_Latn,microsoft/harrier-oss-v1-0.6b,0.9921324449346036
afr_Latn,tur_Latn,jinaai/jina-embeddings-v3,0.9921311756854325
rus_Cyrl,bos_Latn,microsoft/harrier-oss-v1-270m,0.9921290672637277
sin_Sinh,vie_Latn,jinaai/jina-embeddings-v3,0.9921205218588875
aeb_Arab,bul_Cyrl,jinaai/jina-embeddings-v3,0.99211797152364
kaz_Cyrl,uzn_Latn,microsoft/harrier-oss-v1-270m,0.9921156474326494
cat_Latn,ind_Latn,jinaai/jina-embeddings-v3,0.9921125203864464
deu_Latn,ceb_Latn,microsoft/harrier-oss-v1-270m,0.9921115345639324
afr_Latn,zsm_Latn,intfloat/multilingual-e5-large,0.9921105289801377
mar_Deva,ory_Orya,intfloat/multilingual-e5-large,0.9921075354697484
aeb_Arab,ita_Latn,microsoft/harrier-oss-v1-270m,0.9921048419472912
ron_Latn,sin_Sinh,intfloat/multilingual-e5-large,0.9920942156263789
lvs_Latn,sin_Sinh,intfloat/multilingual-e5-large,0.9920808576459808
dan_Latn,mal_Mlym,intfloat/multilingual-e5-large,0.9920801792979451
eng_Latn,tat_Cyrl,microsoft/harrier-oss-v1-270m,0.9920791970646874
slv_Latn,hun_Latn,jinaai/jina-embeddings-v3,0.9920782101035359
azj_Latn,deu_Latn,microsoft/harrier-oss-v1-0.6b,0.9920764624604546
rus_Cyrl,fin_Latn,jinaai/jina-embeddings-v3,0.9920758666074415
dan_Latn,kat_Geor,jinaai/jina-embeddings-v3,0.9920757120641298
fin_Latn,zsm_Latn,intfloat/multilingual-e5-large,0.9920704055883138
nno_Latn,sin_Sinh,intfloat/multilingual-e5-large,0.9920682420021123
ind_Latn,urd_Arab,intfloat/multilingual-e5-large,0.9920616964218483
bul_Cyrl,tat_Cyrl,microsoft/harrier-oss-v1-0.6b,0.9920568930611188
vec_Latn,lvs_Latn,jinaai/jina-embeddings-v3,0.992054565935014
hne_Deva,pan_Guru,intfloat/multilingual-e5-large,0.9920506553648427
hrv_Latn,uzn_Latn,intfloat/multilingual-e5-large,0.9920489457218898
bos_Latn,heb_Hebr,intfloat/multilingual-e5-large,0.9920431153770428
ces_Latn,glg_Latn,microsoft/harrier-oss-v1-0.6b,0.9920385966492524
slk_Latn,ell_Grek,jinaai/jina-embeddings-v3,0.9920357791921277
aeb_Arab,heb_Hebr,jinaai/jina-embeddings-v3,0.9920327217095118
bos_Latn,glg_Latn,intfloat/multilingual-e5-large,0.9920246299452846
hrv_Latn,hun_Latn,intfloat/multilingual-e5-large,0.9920229623886909
awa_Deva,hin_Deva,jinaai/jina-embeddings-v5-text-nano,0.9920179045304552
nob_Latn,xho_Latn,microsoft/harrier-oss-v1-0.6b,0.992017030205436
lit_Latn,fra_Latn,jinaai/jina-embeddings-v3,0.9920107195419721
afr_Latn,bul_Cyrl,microsoft/harrier-oss-v1-270m,0.9920022159559884
cat_Latn,tur_Latn,jinaai/jina-embeddings-v3,0.9920021521520885
mkd_Cyrl,zul_Latn,intfloat/multilingual-e5-large,0.9920014181886063
hrv_Latn,ind_Latn,microsoft/harrier-oss-v1-0.6b,0.9919996578082193
nob_Latn,pbt_Arab,intfloat/multilingual-e5-large,0.9919902775402778
tgk_Cyrl,tgl_Latn,microsoft/harrier-oss-v1-270m,0.9919893453936575
mkd_Cyrl,tha_Thai,jinaai/jina-embeddings-v3,0.9919883363505451
aeb_Arab,rus_Cyrl,jinaai/jina-embeddings-v3,0.991982191005826
eng_Latn,azj_Latn,microsoft/harrier-oss-v1-0.6b,0.9919796151251705
rus_Cyrl,tat_Cyrl,microsoft/harrier-oss-v1-0.6b,0.9919701253732496
pol_Latn,hun_Latn,microsoft/harrier-oss-v1-0.6b,0.9919634592319402
bul_Cyrl,glg_Latn,intfloat/multilingual-e5-large,0.9919624304578927
bos_Latn,uzn_Latn,intfloat/multilingual-e5-large,0.9919546784277563
hun_Latn,spa_Latn,intfloat/multilingual-e5-large,0.9919524984631007
heb_Hebr,ind_Latn,jinaai/jina-embeddings-v3,0.991951868896681
ind_Latn,ban_Latn,microsoft/harrier-oss-v1-270m,0.9919402575789096
kaz_Cyrl,vie_Latn,microsoft/harrier-oss-v1-0.6b,0.9919388020393822
afr_Latn,pol_Latn,microsoft/harrier-oss-v1-0.6b,0.9919356679153926
afr_Latn,rus_Cyrl,jinaai/jina-embeddings-v3,0.9919313785325665
fra_Latn,npi_Deva,intfloat/multilingual-e5-large,0.991929458640533
kaz_Cyrl,swe_Latn,jinaai/jina-embeddings-v3,0.991929374114606
ben_Beng,tgk_Cyrl,microsoft/harrier-oss-v1-0.6b,0.9919214975962287
sin_Sinh,ukr_Cyrl,jinaai/jina-embeddings-v3,0.9919173553649294
srd_Latn,pol_Latn,microsoft/harrier-oss-v1-0.6b,0.9919137022397893
bel_Cyrl,srp_Cyrl,intfloat/multilingual-e5-large,0.9919123940434604
ben_Beng,fin_Latn,jinaai/jina-embeddings-v3,0.9918981512605836
khm_Khmr,vie_Latn,jinaai/jina-embeddings-v3,0.9918950789396348
vec_Latn,heb_Hebr,microsoft/harrier-oss-v1-0.6b,0.991890451832907
ell_Grek,hye_Armn,intfloat/multilingual-e5-large,0.9918874438625642
pol_Latn,sin_Sinh,jinaai/jina-embeddings-v3,0.9918848209201788
eng_Latn,kir_Cyrl,microsoft/harrier-oss-v1-0.6b,0.9918742146086613
azj_Latn,ces_Latn,microsoft/harrier-oss-v1-0.6b,0.9918641335969485
ben_Beng,jav_Latn,intfloat/multilingual-e5-large,0.9918592405331348
tha_Thai,urd_Arab,jinaai/jina-embeddings-v3,0.9918538483619102
srp_Cyrl,slv_Latn,jinaai/jina-embeddings-v3,0.991842789087884
ceb_Latn,srd_Latn,microsoft/harrier-oss-v1-270m,0.9918413816807012
glg_Latn,ind_Latn,microsoft/harrier-oss-v1-0.6b,0.9918405131681662
fra_Latn,fin_Latn,jinaai/jina-embeddings-v3,0.9918374564662481
epo_Latn,hat_Latn,microsoft/harrier-oss-v1-0.6b,0.9918336560693556
kin_Latn,por_Latn,microsoft/harrier-oss-v1-270m,0.9918328364835532
guj_Gujr,nld_Latn,microsoft/harrier-oss-v1-0.6b,0.9918198679219481
bel_Cyrl,pol_Latn,jinaai/jina-embeddings-v3,0.9918196268766476
bul_Cyrl,npi_Deva,intfloat/multilingual-e5-large,0.9918180886372516
srd_Latn,hin_Deva,microsoft/harrier-oss-v1-0.6b,0.99181289724768
bel_Cyrl,tgl_Latn,intfloat/multilingual-e5-large,0.9917883045116459
awa_Deva,eng_Latn,microsoft/harrier-oss-v1-270m,0.991786709956588
afr_Latn,deu_Latn,microsoft/harrier-oss-v1-270m,0.9917857974227438
nld_Latn,azj_Latn,intfloat/multilingual-e5-large,0.991783501003086
hrv_Latn,glg_Latn,intfloat/multilingual-e5-large,0.9917783753979788
sin_Sinh,srp_Cyrl,intfloat/multilingual-e5-large,0.9917707876639223
hye_Armn,ron_Latn,jinaai/jina-embeddings-v3,0.991769724279931
spa_Latn,npi_Deva,intfloat/multilingual-e5-large,0.9917647075863261
kir_Cyrl,als_Latn,intfloat/multilingual-e5-large,0.9917613181798346
nld_Latn,jpn_Jpan,microsoft/harrier-oss-v1-0.6b,0.9917602638950436
afr_Latn,urd_Arab,intfloat/multilingual-e5-large,0.9917579643144758
lit_Latn,swe_Latn,jinaai/jina-embeddings-v3,0.9917567880352836
hun_Latn,tgl_Latn,intfloat/multilingual-e5-large,0.9917524213269617
nob_Latn,srd_Latn,microsoft/harrier-oss-v1-0.6b,0.9917461765287852
mal_Mlym,ory_Orya,intfloat/multilingual-e5-large,0.9917439978648105
aeb_Arab,slk_Latn,jinaai/jina-embeddings-v3,0.99173779608012
npi_Deva,slk_Latn,jinaai/jina-embeddings-v3,0.9917371111710602
fra_Latn,afr_Latn,jinaai/jina-embeddings-v3,0.991729444994133
ces_Latn,cat_Latn,jinaai/jina-embeddings-v3,0.9917272828985875
epo_Latn,plt_Latn,microsoft/harrier-oss-v1-0.6b,0.9917160737812912
hun_Latn,sin_Sinh,intfloat/multilingual-e5-large,0.9917053267558562
uzn_Latn,tgl_Latn,intfloat/multilingual-e5-large,0.9917020757918412
afr_Latn,ron_Latn,jinaai/jina-embeddings-v3,0.9916980050768912
bul_Cyrl,afr_Latn,microsoft/harrier-oss-v1-0.6b,0.9916973557927891
hye_Armn,slv_Latn,jinaai/jina-embeddings-v3,0.9916930921759726
bul_Cyrl,hun_Latn,microsoft/harrier-oss-v1-0.6b,0.9916915867526871
kat_Geor,tha_Thai,jinaai/jina-embeddings-v3,0.9916915630698595
ben_Beng,lit_Latn,jinaai/jina-embeddings-v3,0.9916640920931361
awa_Deva,ben_Beng,microsoft/harrier-oss-v1-270m,0.9916638579588456
hrv_Latn,fin_Latn,intfloat/multilingual-e5-large,0.9916607566821394
kaz_Cyrl,urd_Arab,intfloat/multilingual-e5-large,0.9916590349105747
bos_Latn,afr_Latn,intfloat/multilingual-e5-large,0.991652068233501
aeb_Arab,swe_Latn,microsoft/harrier-oss-v1-0.6b,0.9916454058506312
ell_Grek,ind_Latn,codefuse-ai/F2LLM-v2-0.6B,0.9916404432250564
pan_Guru,pol_Latn,microsoft/harrier-oss-v1-0.6b,0.9916356471636799
swe_Latn,tgk_Cyrl,microsoft/harrier-oss-v1-0.6b,0.991624467795677
cym_Latn,fra_Latn,intfloat/multilingual-e5-large,0.9916152121716092
awa_Deva,pan_Guru,microsoft/harrier-oss-v1-0.6b,0.9916089318854098
mal_Mlym,rus_Cyrl,microsoft/harrier-oss-v1-0.6b,0.9916058601993292
fra_Latn,pan_Guru,intfloat/multilingual-e5-large,0.9916045658428053
ron_Latn,tha_Thai,jinaai/jina-embeddings-v3,0.9915977291626017
eng_Latn,mar_Deva,microsoft/harrier-oss-v1-270m,0.9915973506727038
fur_Latn,fin_Latn,microsoft/harrier-oss-v1-0.6b,0.991591807402084
hye_Armn,sin_Sinh,intfloat/multilingual-e5-large,0.9915894390625869
nld_Latn,lit_Latn,jinaai/jina-embeddings-v3,0.9915850817357748
rus_Cyrl,hun_Latn,jinaai/jina-embeddings-v3,0.9915850739699532
lvs_Latn,ita_Latn,jinaai/jina-embeddings-v3,0.9915798419413122
afr_Latn,vie_Latn,microsoft/harrier-oss-v1-0.6b,0.9915759262516213
kat_Geor,vie_Latn,jinaai/jina-embeddings-v3,0.9915750653678308
fur_Latn,nno_Latn,microsoft/harrier-oss-v1-0.6b,0.9915744400527008
ben_Beng,kaz_Cyrl,microsoft/harrier-oss-v1-270m,0.99157443059012
lvs_Latn,slk_Latn,jinaai/jina-embeddings-v3,0.9915606506468879
srd_Latn,hrv_Latn,microsoft/harrier-oss-v1-0.6b,0.9915596179183136
lvs_Latn,mkd_Cyrl,intfloat/multilingual-e5-large,0.9915577096064139
sin_Sinh,zul_Latn,intfloat/multilingual-e5-large,0.9915567059455157
awa_Deva,ory_Orya,microsoft/harrier-oss-v1-0.6b,0.9915560033926082
fra_Latn,kaz_Cyrl,microsoft/harrier-oss-v1-0.6b,0.99155464171384
fin_Latn,ltz_Latn,microsoft/harrier-oss-v1-270m,0.9915513833992096
bul_Cyrl,pan_Guru,microsoft/harrier-oss-v1-0.6b,0.991550036554678
lvs_Latn,zsm_Latn,intfloat/multilingual-e5-large,0.9915492351957378
zsm_Latn,slk_Latn,microsoft/harrier-oss-v1-0.6b,0.9915438760851344
spa_Latn,kat_Geor,jinaai/jina-embeddings-v3,0.991542598110088
por_Latn,ilo_Latn,microsoft/harrier-oss-v1-0.6b,0.9915321695213
pap_Latn,lit_Latn,microsoft/harrier-oss-v1-270m,0.9915273212408336
lvs_Latn,fur_Latn,microsoft/harrier-oss-v1-0.6b,0.9915239350021958
deu_Latn,tgk_Cyrl,microsoft/harrier-oss-v1-0.6b,0.9915149780735306
hrv_Latn,afr_Latn,intfloat/multilingual-e5-large,0.9914970021050309
hun_Latn,tur_Latn,intfloat/multilingual-e5-large,0.9914968738357396
ind_Latn,ces_Latn,microsoft/harrier-oss-v1-0.6b,0.9914930494275775
est_Latn,tgk_Cyrl,microsoft/harrier-oss-v1-0.6b,0.9914922089329206
jav_Latn,nld_Latn,microsoft/harrier-oss-v1-0.6b,0.9914900281048076
cat_Latn,ces_Latn,jinaai/jina-embeddings-v3,0.9914887069692588
cym_Latn,hye_Armn,intfloat/multilingual-e5-large,0.9914857126003236
nno_Latn,rus_Cyrl,microsoft/harrier-oss-v1-0.6b,0.9914775462313579
deu_Latn,hye_Armn,microsoft/harrier-oss-v1-270m,0.9914747591561375
hin_Deva,vie_Latn,microsoft/harrier-oss-v1-0.6b,0.9914636236371617
azj_Latn,sin_Sinh,intfloat/multilingual-e5-large,0.9914629210237409
ces_Latn,heb_Hebr,jinaai/jina-embeddings-v3,0.9914609249334844
ces_Latn,hun_Latn,jinaai/jina-embeddings-v3,0.9914548412773678
hrv_Latn,hin_Deva,microsoft/harrier-oss-v1-270m,0.9914547490533964
ces_Latn,srd_Latn,microsoft/harrier-oss-v1-0.6b,0.9914520986260116
fin_Latn,als_Latn,intfloat/multilingual-e5-large,0.9914461619588881
cym_Latn,zho_Hant,microsoft/harrier-oss-v1-270m,0.9914455110107284
glg_Latn,als_Latn,intfloat/multilingual-e5-large,0.9914445328348369
nld_Latn,lvs_Latn,intfloat/multilingual-e5-large,0.9914438105986403
hrv_Latn,tha_Thai,jinaai/jina-embeddings-v3,0.9914383765621921
mal_Mlym,zul_Latn,intfloat/multilingual-e5-large,0.9914364814027956
awa_Deva,mar_Deva,microsoft/harrier-oss-v1-270m,0.991423103838693
hrv_Latn,zul_Latn,intfloat/multilingual-e5-large,0.9914226394892824
tur_Latn,fin_Latn,jinaai/jina-embeddings-v3,0.9914224608116705
slv_Latn,fin_Latn,jinaai/jina-embeddings-v3,0.9914158514179638
deu_Latn,jpn_Jpan,microsoft/harrier-oss-v1-0.6b,0.9914151755060268
fin_Latn,dan_Latn,intfloat/multilingual-e5-large,0.9914138536824978
slv_Latn,ell_Grek,jinaai/jina-embeddings-v3,0.9914112230131475
nno_Latn,slk_Latn,jinaai/jina-embeddings-v3,0.99140742589152
kat_Geor,pan_Guru,intfloat/multilingual-e5-large,0.9914058972688728
lit_Latn,oci_Latn,microsoft/harrier-oss-v1-0.6b,0.9913999181909264
mai_Deva,san_Deva,microsoft/harrier-oss-v1-0.6b,0.991391546917006
pan_Guru,als_Latn,intfloat/multilingual-e5-large,0.991391065525181
nld_Latn,tgk_Cyrl,microsoft/harrier-oss-v1-0.6b,0.9913813272265939
bel_Cyrl,ron_Latn,microsoft/harrier-oss-v1-0.6b,0.9913800094422021
kat_Geor,srp_Cyrl,jinaai/jina-embeddings-v3,0.9913799048421288
mal_Mlym,ind_Latn,microsoft/harrier-oss-v1-0.6b,0.9913760044307218
slv_Latn,ind_Latn,jinaai/jina-embeddings-v3,0.9913681345596637
mkd_Cyrl,mal_Mlym,intfloat/multilingual-e5-large,0.991364449811958
ces_Latn,hye_Armn,microsoft/harrier-oss-v1-270m,0.991347743825749
deu_Latn,lvs_Latn,intfloat/multilingual-e5-large,0.9913454895982843
tha_Thai,ukr_Cyrl,jinaai/jina-embeddings-v3,0.9913353802402127
hin_Deva,slk_Latn,jinaai/jina-embeddings-v3,0.9913329234178689
slk_Latn,lit_Latn,jinaai/jina-embeddings-v3,0.9913311228574594
deu_Latn,kat_Geor,jinaai/jina-embeddings-v3,0.9913248679134282
cat_Latn,vie_Latn,jinaai/jina-embeddings-v3,0.9913244151840284
ell_Grek,srd_Latn,microsoft/harrier-oss-v1-0.6b,0.991304347826087
bul_Cyrl,mal_Mlym,microsoft/harrier-oss-v1-270m,0.9913028002120667
kat_Geor,lit_Latn,jinaai/jina-embeddings-v3,0.9913012806146231
ekk_Latn,slv_Latn,intfloat/multilingual-e5-large,0.9912899433872724
hin_Deva,sin_Sinh,intfloat/multilingual-e5-large,0.991281120314194
spa_Latn,bel_Cyrl,microsoft/harrier-oss-v1-0.6b,0.9912684468827344
guj_Gujr,urd_Arab,intfloat/multilingual-e5-large,0.9912674462318858
deu_Latn,kaz_Cyrl,microsoft/harrier-oss-v1-0.6b,0.991266391616864
cat_Latn,hye_Armn,intfloat/multilingual-e5-large,0.991266308049684
mal_Mlym,npi_Deva,intfloat/multilingual-e5-large,0.9912598038308176
ces_Latn,afr_Latn,jinaai/jina-embeddings-v3,0.9912586157685213
eng_Latn,isl_Latn,jinaai/jina-embeddings-v3,0.9912582708017503
ind_Latn,jav_Latn,microsoft/harrier-oss-v1-0.6b,0.9912577840932896
kaz_Cyrl,slk_Latn,microsoft/harrier-oss-v1-0.6b,0.9912521582754845
hin_Deva,dan_Latn,jinaai/jina-embeddings-v3,0.9912515356748378
cym_Latn,jav_Latn,intfloat/multilingual-e5-large,0.9912460312317761
fra_Latn,jpn_Jpan,microsoft/harrier-oss-v1-0.6b,0.9912448210826685
srd_Latn,slk_Latn,microsoft/harrier-oss-v1-0.6b,0.9912408422166328
bos_Latn,ukr_Cyrl,intfloat/multilingual-e5-large,0.9912402906125541
awa_Deva,guj_Gujr,microsoft/harrier-oss-v1-270m,0.9912390417342514
azj_Latn,tgl_Latn,intfloat/multilingual-e5-large,0.9912365288118022
dan_Latn,lit_Latn,jinaai/jina-embeddings-v3,0.9912364104133415
ceb_Latn,rus_Cyrl,microsoft/harrier-oss-v1-270m,0.9912323406967167
kat_Geor,urd_Arab,intfloat/multilingual-e5-large,0.9912246956931484
mal_Mlym,als_Latn,intfloat/multilingual-e5-large,0.9912176680473974
aeb_Arab,nld_Latn,microsoft/harrier-oss-v1-0.6b,0.9912157138869552
jpn_Jpan,eng_Latn,microsoft/harrier-oss-v1-0.6b,0.9912152640489877
glg_Latn,ron_Latn,microsoft/harrier-oss-v1-0.6b,0.9911989614407922
ory_Orya,san_Deva,microsoft/harrier-oss-v1-0.6b,0.9911966764976764
ind_Latn,tha_Thai,codefuse-ai/F2LLM-v2-0.6B,0.9911931516668814
hye_Armn,kat_Geor,intfloat/multilingual-e5-large,0.9911821280406456
spa_Latn,hne_Deva,microsoft/harrier-oss-v1-270m,0.9911808630377554
cat_Latn,tha_Thai,jinaai/jina-embeddings-v3,0.9911779832670017
amh_Ethi,pol_Latn,microsoft/harrier-oss-v1-0.6b,0.991176648092115
ell_Grek,tha_Thai,jinaai/jina-embeddings-v3,0.9911730890484507
afr_Latn,ben_Beng,microsoft/harrier-oss-v1-0.6b,0.9911694385199166
azj_Latn,als_Latn,intfloat/multilingual-e5-large,0.9911693640422687
lit_Latn,ron_Latn,jinaai/jina-embeddings-v3,0.9911613427817314
ind_Latn,tur_Latn,intfloat/multilingual-e5-large,0.9911602507703974
scn_Latn,zho_Hans,microsoft/harrier-oss-v1-0.6b,0.991157623667505
swe_Latn,lvs_Latn,jinaai/jina-embeddings-v3,0.9911521481296942
hin_Deva,tgl_Latn,intfloat/multilingual-e5-large,0.9911495476654274
amh_Ethi,ita_Latn,microsoft/harrier-oss-v1-270m,0.9911467885593899
pol_Latn,lit_Latn,jinaai/jina-embeddings-v3,0.9911466387411602
ekk_Latn,hrv_Latn,intfloat/multilingual-e5-large,0.9911459880545757
eng_Latn,awa_Deva,microsoft/harrier-oss-v1-270m,0.9911393395762756
fra_Latn,lit_Latn,jinaai/jina-embeddings-v3,0.9911362024572091
cym_Latn,urd_Arab,intfloat/multilingual-e5-large,0.9911320794980174
khm_Khmr,urd_Arab,jinaai/jina-embeddings-v3,0.9911318093958379
bul_Cyrl,azj_Latn,intfloat/multilingual-e5-large,0.9911308260424246
bel_Cyrl,sin_Sinh,intfloat/multilingual-e5-large,0.9911268910467058
ben_Beng,zul_Latn,intfloat/multilingual-e5-large,0.9911228027140357
amh_Ethi,fra_Latn,microsoft/harrier-oss-v1-270m,0.9911193431114922
uzn_Latn,eng_Latn,microsoft/harrier-oss-v1-270m,0.9911146762261682
isl_Latn,als_Latn,intfloat/multilingual-e5-large,0.9911137984278073
ita_Latn,tgk_Cyrl,microsoft/harrier-oss-v1-0.6b,0.9911054669473852
deu_Latn,guj_Gujr,intfloat/multilingual-e5-large,0.9910984710152
ita_Latn,fin_Latn,jinaai/jina-embeddings-v3,0.991098460057967
npi_Deva,ory_Orya,intfloat/multilingual-e5-large,0.9910750929289858
hat_Latn,zho_Hans,microsoft/harrier-oss-v1-0.6b,0.9910677609757886
ekk_Latn,nld_Latn,intfloat/multilingual-e5-large,0.9910668750686776
guj_Gujr,san_Deva,microsoft/harrier-oss-v1-0.6b,0.9910644691257604
srd_Latn,nob_Latn,microsoft/harrier-oss-v1-0.6b,0.991062080345228
srd_Latn,srp_Cyrl,microsoft/harrier-oss-v1-0.6b,0.9910573122529645
aeb_Arab,vie_Latn,microsoft/harrier-oss-v1-0.6b,0.991056384235732
sot_Latn,zul_Latn,intfloat/multilingual-e5-large,0.9910496081097859
hun_Latn,rus_Cyrl,jinaai/jina-embeddings-v3,0.9910451921635772
ben_Beng,khm_Khmr,jinaai/jina-embeddings-v3,0.9910449129878227
awa_Deva,kan_Knda,intfloat/multilingual-e5-small,0.9910428321023736
hun_Latn,slv_Latn,jinaai/jina-embeddings-v3,0.9910424642021793
nld_Latn,bak_Cyrl,microsoft/harrier-oss-v1-0.6b,0.9910395704319439
cat_Latn,ukr_Cyrl,jinaai/jina-embeddings-v3,0.9910352933919819
ben_Beng,ckb_Arab,microsoft/harrier-oss-v1-270m,0.9910210131483423
nno_Latn,vie_Latn,intfloat/multilingual-e5-large,0.9910126988573857
deu_Latn,khm_Khmr,jinaai/jina-embeddings-v3,0.991011965300183
azj_Latn,ukr_Cyrl,microsoft/harrier-oss-v1-0.6b,0.9910074709124375
fin_Latn,ces_Latn,jinaai/jina-embeddings-v3,0.991001746125128
aeb_Arab,tur_Latn,jinaai/jina-embeddings-v3,0.99099656948449
lvs_Latn,urd_Arab,intfloat/multilingual-e5-large,0.9909957082471876
slk_Latn,hin_Deva,jinaai/jina-embeddings-v3,0.9909954707114492
ceb_Latn,ces_Latn,microsoft/harrier-oss-v1-270m,0.9909924774678873
hye_Armn,slk_Latn,jinaai/jina-embeddings-v3,0.9909904697169825
heb_Hebr,hin_Deva,jinaai/jina-embeddings-v3,0.9909875865290284
glg_Latn,hin_Deva,microsoft/harrier-oss-v1-0.6b,0.990986560614276
nno_Latn,ron_Latn,intfloat/multilingual-e5-large,0.9909846206204308
ita_Latn,uzn_Latn,intfloat/multilingual-e5-large,0.9909813731294702
mal_Mlym,pol_Latn,microsoft/harrier-oss-v1-0.6b,0.9909780461804472
fin_Latn,vie_Latn,intfloat/multilingual-e5-large,0.9909770133189404
est_Latn,snd_Arab,jinaai/jina-embeddings-v3,0.990974106739032
azj_Latn,ind_Latn,microsoft/harrier-oss-v1-0.6b,0.9909723626583161
ces_Latn,bel_Cyrl,microsoft/harrier-oss-v1-270m,0.9909695126551862
mal_Mlym,slk_Latn,microsoft/harrier-oss-v1-0.6b,0.9909694144049037
swe_Latn,lit_Latn,jinaai/jina-embeddings-v3,0.9909682131443809
fra_Latn,azj_Latn,microsoft/harrier-oss-v1-0.6b,0.9909650149904135
srp_Cyrl,hun_Latn,intfloat/multilingual-e5-large,0.9909578607375199
afr_Latn,mkd_Cyrl,jinaai/jina-embeddings-v3,0.9909509575378631
guj_Gujr,mal_Mlym,intfloat/multilingual-e5-large,0.9909478897025465
ces_Latn,sin_Sinh,microsoft/harrier-oss-v1-270m,0.9909478694607501
glg_Latn,heb_Hebr,microsoft/harrier-oss-v1-0.6b,0.9909431337169092
afr_Latn,slv_Latn,jinaai/jina-embeddings-v3,0.9909406675551898
srd_Latn,nld_Latn,microsoft/harrier-oss-v1-270m,0.9909337944664032
lit_Latn,spa_Latn,jinaai/jina-embeddings-v3,0.990931834658008
hin_Deva,zsm_Latn,intfloat/multilingual-e5-large,0.9909259969068571
bul_Cyrl,cym_Latn,intfloat/multilingual-e5-large,0.9909217668524892
tam_Taml,urd_Arab,intfloat/multilingual-e5-large,0.9909156203508056
awa_Deva,tam_Taml,microsoft/harrier-oss-v1-270m,0.99091412315661
guj_Gujr,tgl_Latn,intfloat/multilingual-e5-large,0.9909123300607904
srp_Cyrl,tha_Thai,jinaai/jina-embeddings-v3,0.9909115074786476
snd_Arab,zho_Hans,jinaai/jina-embeddings-v3,0.9909067381893468
eng_Latn,tel_Telu,microsoft/harrier-oss-v1-0.6b,0.990906170833525
nld_Latn,tat_Cyrl,microsoft/harrier-oss-v1-270m,0.9909056003986509
est_Latn,jav_Latn,microsoft/harrier-oss-v1-0.6b,0.9909049390507192
bel_Cyrl,bul_Cyrl,microsoft/harrier-oss-v1-0.6b,0.9908988076320833
ben_Beng,cym_Latn,intfloat/multilingual-e5-large,0.9908985143523921
ben_Beng,mar_Deva,intfloat/multilingual-e5-large,0.9908930282425972
khm_Khmr,slk_Latn,jinaai/jina-embeddings-v3,0.9908874741974731
hun_Latn,bel_Cyrl,intfloat/multilingual-e5-large,0.9908846268020803
glg_Latn,urd_Arab,jinaai/jina-embeddings-v3,0.9908843718252129
arb_Arab,sot_Latn,microsoft/harrier-oss-v1-0.6b,0.9908761528326746
azj_Latn,fra_Latn,microsoft/harrier-oss-v1-0.6b,0.9908756155344385
lvs_Latn,rus_Cyrl,jinaai/jina-embeddings-v3,0.9908751578659667
mkd_Cyrl,nno_Latn,intfloat/multilingual-e5-large,0.9908738383491333
afr_Latn,sin_Sinh,intfloat/multilingual-e5-large,0.9908717566883106
hye_Armn,tgl_Latn,microsoft/harrier-oss-v1-270m,0.990858503575626
ces_Latn,hne_Deva,microsoft/harrier-oss-v1-0.6b,0.9908563311275552
ind_Latn,als_Latn,intfloat/multilingual-e5-large,0.9908526619356354
dan_Latn,isl_Latn,jinaai/jina-embeddings-v3,0.9908462810057608
hin_Deva,mai_Deva,intfloat/multilingual-e5-large,0.9908431048235102
bel_Cyrl,ces_Latn,microsoft/harrier-oss-v1-270m,0.9908431027219846
pan_Guru,snd_Arab,intfloat/multilingual-e5-large,0.9908422942444053
dan_Latn,azj_Latn,intfloat/multilingual-e5-large,0.990841434056307
lvs_Latn,fra_Latn,intfloat/multilingual-e5-large,0.9908359446784759
ceb_Latn,dan_Latn,microsoft/harrier-oss-v1-270m,0.9908354035798721
guj_Gujr,swe_Latn,microsoft/harrier-oss-v1-0.6b,0.990833725479068
rus_Cyrl,lit_Latn,jinaai/jina-embeddings-v3,0.99082554964587
fra_Latn,nno_Latn,intfloat/multilingual-e5-large,0.9908255003806892
spa_Latn,mal_Mlym,microsoft/harrier-oss-v1-0.6b,0.9908135886994729
hat_Latn,zho_Hant,microsoft/harrier-oss-v1-0.6b,0.9908102012947534
hun_Latn,hye_Armn,intfloat/multilingual-e5-large,0.9908086782126413
uzn_Latn,hrv_Latn,intfloat/multilingual-e5-large,0.9908034816992668
snd_Arab,sin_Sinh,intfloat/multilingual-e5-large,0.9907920979710704
dan_Latn,cat_Latn,jinaai/jina-embeddings-v3,0.9907881727768323
ceb_Latn,heb_Hebr,microsoft/harrier-oss-v1-0.6b,0.9907871067770773
bho_Deva,pan_Guru,microsoft/harrier-oss-v1-0.6b,0.9907830943305136
azj_Latn,spa_Latn,microsoft/harrier-oss-v1-270m,0.9907828876680137
ceb_Latn,mkd_Cyrl,microsoft/harrier-oss-v1-0.6b,0.990782212191557
hne_Deva,tur_Latn,microsoft/harrier-oss-v1-0.6b,0.9907816132494687
jav_Latn,kat_Geor,intfloat/multilingual-e5-large,0.9907814343532448
lit_Latn,srp_Cyrl,jinaai/jina-embeddings-v3,0.9907805593306944
hin_Deva,als_Latn,intfloat/multilingual-e5-large,0.9907795124080114
afr_Latn,hye_Armn,intfloat/multilingual-e5-large,0.9907787464030346
npi_Deva,swe_Latn,jinaai/jina-embeddings-v3,0.9907754588768494
bel_Cyrl,bos_Latn,intfloat/multilingual-e5-large,0.9907729636954844
spa_Latn,khm_Khmr,jinaai/jina-embeddings-v3,0.9907696670284195
ell_Grek,sin_Sinh,intfloat/multilingual-e5-large,0.9907640396548094
pol_Latn,tgk_Cyrl,microsoft/harrier-oss-v1-0.6b,0.9907526451475642
nno_Latn,urd_Arab,intfloat/multilingual-e5-large,0.9907514372715598
ben_Beng,afr_Latn,jinaai/jina-embeddings-v3,0.9907493011081622
ell_Grek,mkd_Cyrl,jinaai/jina-embeddings-v3,0.9907491737218543
kaz_Cyrl,sin_Sinh,intfloat/multilingual-e5-large,0.9907434804268825
lit_Latn,hrv_Latn,microsoft/harrier-oss-v1-270m,0.9907394619311574
est_Latn,ltz_Latn,microsoft/harrier-oss-v1-270m,0.9907354174152592
ltz_Latn,tam_Taml,microsoft/harrier-oss-v1-0.6b,0.9907279314888012
fra_Latn,guj_Gujr,intfloat/multilingual-e5-large,0.9907194660765977
hin_Deva,tha_Thai,jinaai/jina-embeddings-v3,0.9907170549811317
mkd_Cyrl,hun_Latn,jinaai/jina-embeddings-v3,0.9907168622563637
srd_Latn,tur_Latn,microsoft/harrier-oss-v1-0.6b,0.9907142072902942
hun_Latn,ukr_Cyrl,microsoft/harrier-oss-v1-0.6b,0.9907140408837387
fin_Latn,ukr_Cyrl,jinaai/jina-embeddings-v3,0.9907105519400867
afr_Latn,spa_Latn,jinaai/jina-embeddings-v3,0.9907074330958632
pol_Latn,fin_Latn,jinaai/jina-embeddings-v3,0.9907017254735824
bul_Cyrl,lvs_Latn,jinaai/jina-embeddings-v3,0.990698428617889
fin_Latn,hun_Latn,intfloat/multilingual-e5-large,0.9906983214352059
mkd_Cyrl,pan_Guru,jinaai/jina-embeddings-v3,0.9906901000558315
dan_Latn,hye_Armn,jinaai/jina-embeddings-v3,0.9906866239135181
fin_Latn,heb_Hebr,jinaai/jina-embeddings-v3,0.9906864462146798
ltz_Latn,mar_Deva,microsoft/harrier-oss-v1-270m,0.9906714662149444
lit_Latn,rus_Cyrl,jinaai/jina-embeddings-v3,0.9906669331233261
slv_Latn,tgk_Cyrl,microsoft/harrier-oss-v1-0.6b,0.9906637615628554
awa_Deva,mal_Mlym,microsoft/harrier-oss-v1-270m,0.9906580207112092
mal_Mlym,pan_Guru,intfloat/multilingual-e5-large,0.9906495726726832
mar_Deva,san_Deva,microsoft/harrier-oss-v1-0.6b,0.990638947696905
azj_Latn,ron_Latn,microsoft/harrier-oss-v1-0.6b,0.9906364335041455
bel_Cyrl,kat_Geor,intfloat/multilingual-e5-large,0.9906350053496067
fra_Latn,lvs_Latn,intfloat/multilingual-e5-large,0.9906304648744944
fin_Latn,ind_Latn,jinaai/jina-embeddings-v3,0.9906241764776258
bul_Cyrl,hin_Deva,codefuse-ai/F2LLM-v2-0.6B,0.9906206652883269
bho_Deva,ory_Orya,microsoft/harrier-oss-v1-0.6b,0.9906151952530484
asm_Beng,ory_Orya,intfloat/multilingual-e5-large,0.990611665029175
bel_Cyrl,tur_Latn,microsoft/harrier-oss-v1-0.6b,0.990610991048986
lit_Latn,tha_Thai,jinaai/jina-embeddings-v3,0.9906108254528612
lvs_Latn,als_Latn,intfloat/multilingual-e5-large,0.9906088555943819
khm_Khmr,nld_Latn,jinaai/jina-embeddings-v3,0.9906088241967046
hne_Deva,mal_Mlym,microsoft/harrier-oss-v1-0.6b,0.9906048979817341
glg_Latn,vie_Latn,microsoft/harrier-oss-v1-0.6b,0.9906037414965986
kat_Geor,slv_Latn,jinaai/jina-embeddings-v3,0.9906016346553523
cat_Latn,srp_Cyrl,intfloat/multilingual-e5-large,0.9905973801907935
cat_Latn,slv_Latn,jinaai/jina-embeddings-v3,0.9905938083387957
afr_Latn,ory_Orya,microsoft/harrier-oss-v1-0.6b,0.9905912823129084
azj_Latn,bul_Cyrl,microsoft/harrier-oss-v1-270m,0.9905879224478062
mkd_Cyrl,uzn_Latn,intfloat/multilingual-e5-large,0.9905867470594869
deu_Latn,azj_Latn,intfloat/multilingual-e5-large,0.9905859232872964
ben_Beng,glg_Latn,microsoft/harrier-oss-v1-0.6b,0.9905825276726916
isl_Latn,mkd_Cyrl,jinaai/jina-embeddings-v3,0.9905785837048454
pan_Guru,tur_Latn,microsoft/harrier-oss-v1-0.6b,0.990575797091005
nno_Latn,ukr_Cyrl,microsoft/harrier-oss-v1-0.6b,0.9905693559994335
fin_Latn,slv_Latn,jinaai/jina-embeddings-v3,0.9905614253076288
amh_Ethi,nld_Latn,microsoft/harrier-oss-v1-270m,0.9905578491372604
bos_Latn,cym_Latn,intfloat/multilingual-e5-large,0.9905515895422727
lit_Latn,pol_Latn,jinaai/jina-embeddings-v3,0.9905494407365798
tur_Latn,tat_Cyrl,microsoft/harrier-oss-v1-0.6b,0.9905475875310923
asm_Beng,mai_Deva,intfloat/multilingual-e5-large,0.9905352026931424
fur_Latn,tam_Taml,microsoft/harrier-oss-v1-0.6b,0.9905302289455608
hat_Latn,fra_Latn,microsoft/harrier-oss-v1-270m,0.9905257831152979
aeb_Arab,spa_Latn,microsoft/harrier-oss-v1-0.6b,0.990520715971556
ell_Grek,urd_Arab,intfloat/multilingual-e5-large,0.9905187104254007
spa_Latn,jav_Latn,intfloat/multilingual-e5-large,0.9905170577233338
dan_Latn,npi_Deva,intfloat/multilingual-e5-large,0.9905119636141755
nno_Latn,ind_Latn,microsoft/harrier-oss-v1-0.6b,0.990508880949845
hin_Deva,mkd_Cyrl,jinaai/jina-embeddings-v3,0.9905040338909739
fin_Latn,rus_Cyrl,jinaai/jina-embeddings-v3,0.9905036141331455
fur_Latn,kor_Hang,microsoft/harrier-oss-v1-0.6b,0.9904983862895896
swe_Latn,zul_Latn,microsoft/harrier-oss-v1-0.6b,0.990496490579917
eng_Latn,san_Deva,microsoft/harrier-oss-v1-0.6b,0.9904941072778928
amh_Ethi,est_Latn,microsoft/harrier-oss-v1-270m,0.9904896148182594
ind_Latn,srp_Cyrl,intfloat/multilingual-e5-large,0.9904823245167695
azj_Latn,swe_Latn,microsoft/harrier-oss-v1-270m,0.9904791357044544
amh_Ethi,bul_Cyrl,microsoft/harrier-oss-v1-270m,0.9904760243320472
ell_Grek,slv_Latn,jinaai/jina-embeddings-v3,0.9904711823605012
hun_Latn,urd_Arab,intfloat/multilingual-e5-large,0.9904688396404542
spa_Latn,ceb_Latn,microsoft/harrier-oss-v1-0.6b,0.990466398840532
ces_Latn,kaz_Cyrl,microsoft/harrier-oss-v1-0.6b,0.9904638801288972
bul_Cyrl,fin_Latn,jinaai/jina-embeddings-v3,0.9904543803320727
gle_Latn,nob_Latn,microsoft/harrier-oss-v1-0.6b,0.9904495164233196
ceb_Latn,tur_Latn,microsoft/harrier-oss-v1-270m,0.9904348314629854
ita_Latn,lit_Latn,jinaai/jina-embeddings-v3,0.9904342667889365
als_Latn,tha_Thai,jinaai/jina-embeddings-v3,0.9904219358618547
jav_Latn,tur_Latn,microsoft/harrier-oss-v1-0.6b,0.990420234866447
heb_Hebr,hye_Armn,intfloat/multilingual-e5-large,0.9904121952135139
hat_Latn,kor_Hang,microsoft/harrier-oss-v1-0.6b,0.990407422167049
afr_Latn,srp_Cyrl,jinaai/jina-embeddings-v3,0.9904067439196245
kat_Geor,mal_Mlym,intfloat/multilingual-e5-large,0.9903975436405943
npi_Deva,nld_Latn,jinaai/jina-embeddings-v3,0.9903908105149871
ind_Latn,slv_Latn,microsoft/harrier-oss-v1-0.6b,0.9903903697202655
arb_Arab,kin_Latn,microsoft/harrier-oss-v1-0.6b,0.990382785559106
ben_Beng,lvs_Latn,jinaai/jina-embeddings-v3,0.9903661444281564
slv_Latn,tha_Thai,jinaai/jina-embeddings-v3,0.9903464895420908
heb_Hebr,kaz_Cyrl,microsoft/harrier-oss-v1-270m,0.9903464698552344
awa_Deva,sin_Sinh,jinaai/jina-embeddings-v3,0.9903464021940862
kat_Geor,ron_Latn,jinaai/jina-embeddings-v3,0.9903429275587514
cym_Latn,gle_Latn,intfloat/multilingual-e5-large,0.9903321461618284
cym_Latn,mal_Mlym,intfloat/multilingual-e5-large,0.990331286431246
pol_Latn,zul_Latn,microsoft/harrier-oss-v1-0.6b,0.9903209247045193
mkd_Cyrl,srd_Latn,microsoft/harrier-oss-v1-0.6b,0.9903162055335968
pan_Guru,swe_Latn,jinaai/jina-embeddings-v3,0.9903138605276881
lit_Latn,slv_Latn,jinaai/jina-embeddings-v3,0.9903137265628329
srd_Latn,hun_Latn,microsoft/harrier-oss-v1-0.6b,0.9903126764539808
pan_Guru,vie_Latn,microsoft/harrier-oss-v1-0.6b,0.9903112882697447
lvs_Latn,ukr_Cyrl,jinaai/jina-embeddings-v3,0.9903098027603652
ckb_Arab,pol_Latn,microsoft/harrier-oss-v1-0.6b,0.9903042234009358
fra_Latn,tat_Cyrl,microsoft/harrier-oss-v1-0.6b,0.9903022462467783
hrv_Latn,tgk_Cyrl,microsoft/harrier-oss-v1-270m,0.9902854574420672
isl_Latn,vie_Latn,jinaai/jina-embeddings-v3,0.9902846769868202
ind_Latn,dan_Latn,jinaai/jina-embeddings-v3,0.9902845958686123
arb_Arab,xho_Latn,microsoft/harrier-oss-v1-270m,0.9902844934401736
bel_Cyrl,mkd_Cyrl,jinaai/jina-embeddings-v3,0.990283548630421
mai_Deva,snd_Arab,intfloat/multilingual-e5-large,0.990280821829421
azj_Latn,mkd_Cyrl,microsoft/harrier-oss-v1-0.6b,0.9902669417532982
dan_Latn,hin_Deva,jinaai/jina-embeddings-v3,0.9902637555652778
ind_Latn,cat_Latn,jinaai/jina-embeddings-v3,0.9902627575339416
mai_Deva,mar_Deva,intfloat/multilingual-e5-large,0.9902625109742811
arb_Arab,plt_Latn,microsoft/harrier-oss-v1-270m,0.9902597402597402
guj_Gujr,ind_Latn,microsoft/harrier-oss-v1-0.6b,0.9902570357816928
ory_Orya,snd_Arab,intfloat/multilingual-e5-large,0.9902568203113689
ben_Beng,swh_Latn,microsoft/harrier-oss-v1-270m,0.9902559803772766
amh_Ethi,hrv_Latn,microsoft/harrier-oss-v1-270m,0.9902423412128194
asm_Beng,npi_Deva,intfloat/multilingual-e5-large,0.9902347217748984
guj_Gujr,ita_Latn,microsoft/harrier-oss-v1-0.6b,0.9902260221028302
spa_Latn,bak_Cyrl,microsoft/harrier-oss-v1-0.6b,0.9902202091059088
afr_Latn,heb_Hebr,jinaai/jina-embeddings-v3,0.9902175111472834
spa_Latn,fin_Latn,jinaai/jina-embeddings-v3,0.9902147411497308
mar_Deva,srd_Latn,microsoft/harrier-oss-v1-0.6b,0.9902132740447958
jav_Latn,sun_Latn,intfloat/multilingual-e5-large,0.9902068100364824
mal_Mlym,ukr_Cyrl,microsoft/harrier-oss-v1-0.6b,0.9902059783661021
fin_Latn,afr_Latn,jinaai/jina-embeddings-v3,0.9901868799671802
amh_Ethi,sin_Sinh,intfloat/multilingual-e5-large,0.9901835211304832
fin_Latn,sin_Sinh,intfloat/multilingual-e5-large,0.9901798507856752
ind_Latn,mkd_Cyrl,jinaai/jina-embeddings-v3,0.9901791486157521
dan_Latn,glg_Latn,jinaai/jina-embeddings-v3,0.990177641782351
hun_Latn,tha_Thai,jinaai/jina-embeddings-v3,0.9901693069222426
dan_Latn,lvs_Latn,jinaai/jina-embeddings-v3,0.9901692304394446
pol_Latn,azj_Latn,intfloat/multilingual-e5-large,0.990167825500831
hne_Deva,slv_Latn,microsoft/harrier-oss-v1-0.6b,0.9901623322090884
bul_Cyrl,guj_Gujr,intfloat/multilingual-e5-large,0.9901615567000965
eng_Latn,tam_Taml,intfloat/multilingual-e5-large,0.9901455754983909
spa_Latn,afr_Latn,jinaai/jina-embeddings-v3,0.9901398272122033
eng_Latn,bak_Cyrl,microsoft/harrier-oss-v1-0.6b,0.9901381922561029
mkd_Cyrl,pbt_Arab,intfloat/multilingual-e5-large,0.990135305996089
swh_Latn,vie_Latn,microsoft/harrier-oss-v1-0.6b,0.990125876821478
bak_Cyrl,eng_Latn,microsoft/harrier-oss-v1-0.6b,0.9901232764537164
ceb_Latn,ind_Latn,microsoft/harrier-oss-v1-0.6b,0.9901211028387655
hat_Latn,eng_Latn,microsoft/harrier-oss-v1-270m,0.9901136115423349
hne_Deva,slk_Latn,microsoft/harrier-oss-v1-0.6b,0.9901041456131686
khm_Khmr,mkd_Cyrl,jinaai/jina-embeddings-v3,0.9901032825771937
est_Latn,vec_Latn,microsoft/harrier-oss-v1-0.6b,0.9901018380526578
npi_Deva,rus_Cyrl,jinaai/jina-embeddings-v3,0.9900997813935697
pan_Guru,tel_Telu,intfloat/multilingual-e5-large,0.9900934934655519
tgk_Cyrl,urd_Arab,microsoft/harrier-oss-v1-0.6b,0.9900792039090749
sin_Sinh,snd_Arab,intfloat/multilingual-e5-large,0.9900775548653269
vie_Latn,jpn_Jpan,microsoft/harrier-oss-v1-0.6b,0.9900759106489878
amh_Ethi,als_Latn,intfloat/multilingual-e5-large,0.9900669673850231
fin_Latn,pol_Latn,intfloat/multilingual-e5-large,0.9900615512763614
hye_Armn,srd_Latn,microsoft/harrier-oss-v1-270m,0.9900609354413702
zsm_Latn,tha_Thai,codefuse-ai/F2LLM-v2-0.6B,0.9900555596590734
azj_Latn,kat_Geor,intfloat/multilingual-e5-large,0.9900472467231662
srd_Latn,mal_Mlym,microsoft/harrier-oss-v1-0.6b,0.9900427484790132
lit_Latn,tur_Latn,jinaai/jina-embeddings-v3,0.990038320889012
eng_Latn,uzn_Latn,microsoft/harrier-oss-v1-0.6b,0.9900374130545804
est_Latn,mya_Mymr,jinaai/jina-embeddings-v3,0.990036231884058
mar_Deva,als_Latn,intfloat/multilingual-e5-large,0.9900361468565562
bos_Latn,guj_Gujr,intfloat/multilingual-e5-large,0.9900262174074717
hye_Armn,vie_Latn,jinaai/jina-embeddings-v3,0.9900253198038154
fur_Latn,tha_Thai,microsoft/harrier-oss-v1-0.6b,0.9900239056784426
hne_Deva,ukr_Cyrl,microsoft/harrier-oss-v1-0.6b,0.9900090841769206
pan_Guru,slk_Latn,jinaai/jina-embeddings-v3,0.99000397873556
deu_Latn,lit_Latn,jinaai/jina-embeddings-v3,0.9900031378112544
hin_Deva,npi_Deva,intfloat/multilingual-e5-large,0.9899961525279442
mar_Deva,pan_Guru,intfloat/multilingual-e5-large,0.9899819376658847
ben_Beng,kir_Cyrl,microsoft/harrier-oss-v1-270m,0.9899639665988562
srd_Latn,slv_Latn,microsoft/harrier-oss-v1-0.6b,0.9899566315327184
spa_Latn,tat_Cyrl,microsoft/harrier-oss-v1-0.6b,0.9899513441046621
hun_Latn,cat_Latn,intfloat/multilingual-e5-large,0.9899469469962545
ekk_Latn,mkd_Cyrl,intfloat/multilingual-e5-large,0.9899460765698604
hrv_Latn,lit_Latn,jinaai/jina-embeddings-v3,0.9899457427657157
cym_Latn,pan_Guru,intfloat/multilingual-e5-large,0.9899452442660237
nld_Latn,swh_Latn,microsoft/harrier-oss-v1-270m,0.9899445586310331
fin_Latn,spa_Latn,intfloat/multilingual-e5-large,0.9899382439458271
uzn_Latn,ita_Latn,microsoft/harrier-oss-v1-0.6b,0.9899354823356585
spa_Latn,azj_Latn,intfloat/multilingual-e5-large,0.989930501100125
kaz_Cyrl,tgk_Cyrl,microsoft/harrier-oss-v1-0.6b,0.9899234275171493
ekk_Latn,swe_Latn,intfloat/multilingual-e5-large,0.9899183639018122
deu_Latn,npi_Deva,jinaai/jina-embeddings-v3,0.9899144323435729
jav_Latn,mal_Mlym,intfloat/multilingual-e5-large,0.9899008490521789
afr_Latn,fin_Latn,jinaai/jina-embeddings-v3,0.9898989066123972
ekk_Latn,vie_Latn,intfloat/multilingual-e5-large,0.9898802342596256
zsm_Latn,sun_Latn,intfloat/multilingual-e5-large,0.9898747366537253
kaz_Cyrl,pan_Guru,intfloat/multilingual-e5-large,0.9898736365335399
glg_Latn,jav_Latn,intfloat/multilingual-e5-large,0.9898589583082635
kaz_Cyrl,mal_Mlym,intfloat/multilingual-e5-small,0.9898582850536892
tat_Cyrl,ukr_Cyrl,microsoft/harrier-oss-v1-0.6b,0.9898576833003062
ron_Latn,zul_Latn,intfloat/multilingual-e5-large,0.9898566991306346
hin_Deva,hye_Armn,intfloat/multilingual-e5-large,0.9898533616415948
hrv_Latn,kaz_Cyrl,intfloat/multilingual-e5-large,0.9898472208291813
fin_Latn,urd_Arab,intfloat/multilingual-e5-large,0.9898465062112365
glg_Latn,srp_Cyrl,jinaai/jina-embeddings-v3,0.9898452599201895
bel_Cyrl,ind_Latn,microsoft/harrier-oss-v1-0.6b,0.9898440073634609
ita_Latn,swh_Latn,microsoft/harrier-oss-v1-270m,0.989842318631992
hrv_Latn,kir_Cyrl,intfloat/multilingual-e5-large,0.9898349433449601
srp_Cyrl,zul_Latn,intfloat/multilingual-e5-large,0.9898281174307991
swe_Latn,tat_Cyrl,microsoft/harrier-oss-v1-0.6b,0.9898253722031896
bos_Latn,hin_Deva,microsoft/harrier-oss-v1-270m,0.9898250949203466
jpn_Jpan,ltz_Latn,microsoft/harrier-oss-v1-0.6b,0.9898221343873518
cat_Latn,kat_Geor,intfloat/multilingual-e5-large,0.9898198128667892
bel_Cyrl,ell_Grek,microsoft/harrier-oss-v1-0.6b,0.9898092527686899
eng_Latn,sot_Latn,intfloat/multilingual-e5-large,0.9898084613729206
afr_Latn,jav_Latn,intfloat/multilingual-e5-large,0.9898062516118984
cat_Latn,fin_Latn,jinaai/jina-embeddings-v3,0.9898048680555491
kat_Geor,kaz_Cyrl,intfloat/multilingual-e5-large,0.989804569320696
kaz_Cyrl,srp_Cyrl,jinaai/jina-embeddings-v3,0.98980307715797
ben_Beng,hun_Latn,microsoft/harrier-oss-v1-0.6b,0.9898022340043446
rus_Cyrl,jpn_Jpan,microsoft/harrier-oss-v1-0.6b,0.9898018671822522
ron_Latn,azj_Latn,jinaai/jina-embeddings-v3,0.9897976474725312
hat_Latn,ita_Latn,microsoft/harrier-oss-v1-270m,0.9897886547607508
sin_Sinh,tel_Telu,jinaai/jina-embeddings-v3,0.9897853715023259
spa_Latn,bjn_Latn,microsoft/harrier-oss-v1-0.6b,0.9897836516332004
ita_Latn,lvs_Latn,intfloat/multilingual-e5-large,0.9897790402146671
pan_Guru,ukr_Cyrl,microsoft/harrier-oss-v1-0.6b,0.989777604738028
lit_Latn,ind_Latn,jinaai/jina-embeddings-v3,0.9897683105743946
cym_Latn,zul_Latn,intfloat/multilingual-e5-large,0.9897681715377322
lit_Latn,urd_Arab,jinaai/jina-embeddings-v3,0.9897656066759832
ita_Latn,azj_Latn,intfloat/multilingual-e5-large,0.9897539647889408
slk_Latn,tgk_Cyrl,microsoft/harrier-oss-v1-0.6b,0.9897528553192572
ron_Latn,tgk_Cyrl,microsoft/harrier-oss-v1-0.6b,0.9897460914055891
fur_Latn,lvs_Latn,microsoft/harrier-oss-v1-0.6b,0.9897315546772067
nld_Latn,uzn_Latn,intfloat/multilingual-e5-large,0.9897269959324485
fra_Latn,zul_Latn,microsoft/harrier-oss-v1-0.6b,0.9897143350916977
azj_Latn,ben_Beng,microsoft/harrier-oss-v1-270m,0.989712633925036
zsm_Latn,lvs_Latn,intfloat/multilingual-e5-large,0.9897118220342119
ory_Orya,tel_Telu,intfloat/multilingual-e5-large,0.9897097959586572
pol_Latn,jpn_Jpan,microsoft/harrier-oss-v1-0.6b,0.989707209174554
asm_Beng,pan_Guru,intfloat/multilingual-e5-large,0.9897069854232758
srd_Latn,zho_Hant,microsoft/harrier-oss-v1-0.6b,0.9897068511198946
amh_Ethi,swe_Latn,microsoft/harrier-oss-v1-270m,0.9897066311610287
hin_Deva,hne_Deva,microsoft/harrier-oss-v1-0.6b,0.9897054706973161
afr_Latn,ukr_Cyrl,jinaai/jina-embeddings-v3,0.9897044288741356
spa_Latn,jpn_Jpan,microsoft/harrier-oss-v1-0.6b,0.989703640022283
fin_Latn,nno_Latn,intfloat/multilingual-e5-large,0.9897014201207384
hin_Deva,kat_Geor,intfloat/multilingual-e5-large,0.989687524076686
hin_Deva,hrv_Latn,microsoft/harrier-oss-v1-0.6b,0.9896873356112486
lvs_Latn,swe_Latn,jinaai/jina-embeddings-v3,0.989683908993956
zsm_Latn,slv_Latn,microsoft/harrier-oss-v1-0.6b,0.9896827525476593
hin_Deva,pol_Latn,microsoft/harrier-oss-v1-0.6b,0.9896820487290684
bho_Deva,npi_Deva,intfloat/multilingual-e5-large,0.9896809809161367
guj_Gujr,vie_Latn,microsoft/harrier-oss-v1-0.6b,0.9896793550412071
bel_Cyrl,zsm_Latn,microsoft/harrier-oss-v1-0.6b,0.989676201481262
tha_Thai,tgl_Latn,microsoft/harrier-oss-v1-0.6b,0.9896717082570101
hrv_Latn,tat_Cyrl,microsoft/harrier-oss-v1-270m,0.9896656812793154
bho_Deva,sin_Sinh,microsoft/harrier-oss-v1-270m,0.9896651358009672
hun_Latn,srd_Latn,microsoft/harrier-oss-v1-0.6b,0.989655091285526
ell_Grek,bel_Cyrl,intfloat/multilingual-e5-large,0.9896492202445394
ceb_Latn,spa_Latn,microsoft/harrier-oss-v1-270m,0.9896348878706699
lvs_Latn,nld_Latn,jinaai/jina-embeddings-v3,0.9896323877382024
ell_Grek,heb_Hebr,microsoft/harrier-oss-v1-0.6b,0.9896315989840071
hrv_Latn,ekk_Latn,intfloat/multilingual-e5-large,0.989628638340582
aeb_Arab,hrv_Latn,microsoft/harrier-oss-v1-0.6b,0.9896038100846872
aeb_Arab,slv_Latn,jinaai/jina-embeddings-v3,0.9896027773762134
bul_Cyrl,ekk_Latn,intfloat/multilingual-e5-large,0.9896003359118112
ekk_Latn,slk_Latn,intfloat/multilingual-e5-large,0.989587545638355
slv_Latn,lit_Latn,jinaai/jina-embeddings-v3,0.9895850484143442
amh_Ethi,spa_Latn,microsoft/harrier-oss-v1-270m,0.9895840187996003
glg_Latn,kat_Geor,intfloat/multilingual-e5-large,0.989582785100044
nno_Latn,tur_Latn,microsoft/harrier-oss-v1-0.6b,0.9895710020000859
glg_Latn,lit_Latn,jinaai/jina-embeddings-v3,0.98956654648868
kaz_Cyrl,zsm_Latn,microsoft/harrier-oss-v1-0.6b,0.9895621487650743
guj_Gujr,ukr_Cyrl,jinaai/jina-embeddings-v3,0.9895615322678504
bul_Cyrl,nno_Latn,intfloat/multilingual-e5-large,0.9895510882879581
ind_Latn,ron_Latn,intfloat/multilingual-e5-large,0.9895485027641313
slv_Latn,lvs_Latn,jinaai/jina-embeddings-v3,0.989546031080342
ces_Latn,fin_Latn,jinaai/jina-embeddings-v3,0.9895423933146692
nld_Latn,zul_Latn,microsoft/harrier-oss-v1-0.6b,0.9895312988388418
mkd_Cyrl,swh_Latn,intfloat/multilingual-e5-large,0.9895288848883188
sin_Sinh,tha_Thai,jinaai/jina-embeddings-v3,0.9895287269922683
uzn_Latn,rus_Cyrl,microsoft/harrier-oss-v1-0.6b,0.9895224734523732
awa_Deva,tel_Telu,microsoft/harrier-oss-v1-0.6b,0.9895189264625258
afr_Latn,cat_Latn,jinaai/jina-embeddings-v3,0.9895152694255952
swe_Latn,azj_Latn,intfloat/multilingual-e5-large,0.9895074594057875
bos_Latn,kaz_Cyrl,intfloat/multilingual-e5-large,0.9894998447076073
guj_Gujr,sin_Sinh,intfloat/multilingual-e5-large,0.9894962352731419
heb_Hebr,hun_Latn,jinaai/jina-embeddings-v3,0.989495171916165
ceb_Latn,ukr_Cyrl,microsoft/harrier-oss-v1-0.6b,0.9894903642415351
isl_Latn,ita_Latn,jinaai/jina-embeddings-v3,0.9894894924248763
gle_Latn,por_Latn,microsoft/harrier-oss-v1-0.6b,0.9894891461195808
hye_Armn,ind_Latn,jinaai/jina-embeddings-v3,0.9894869536073378
mal_Mlym,vie_Latn,microsoft/harrier-oss-v1-0.6b,0.9894811941246674
awa_Deva,urd_Arab,microsoft/harrier-oss-v1-0.6b,0.9894805992595646
srd_Latn,zho_Hans,microsoft/harrier-oss-v1-0.6b,0.9894762761414846
aeb_Arab,fin_Latn,jinaai/jina-embeddings-v3,0.9894757481140024
ekk_Latn,ukr_Cyrl,intfloat/multilingual-e5-large,0.9894635754009592
hrv_Latn,srd_Latn,microsoft/harrier-oss-v1-0.6b,0.989459815546772
ces_Latn,mal_Mlym,microsoft/harrier-oss-v1-0.6b,0.9894591176796819
tam_Taml,tgl_Latn,intfloat/multilingual-e5-large,0.9894529128886628
heb_Hebr,npi_Deva,jinaai/jina-embeddings-v3,0.9894448227519278
khm_Khmr,swe_Latn,jinaai/jina-embeddings-v3,0.9894429295393116
tur_Latn,hun_Latn,intfloat/multilingual-e5-large,0.9894344932093226
jav_Latn,ron_Latn,microsoft/harrier-oss-v1-0.6b,0.9894269470445106
jav_Latn,ltz_Latn,microsoft/harrier-oss-v1-0.6b,0.9894251385035884
isl_Latn,slk_Latn,jinaai/jina-embeddings-v3,0.9894250848061528
ell_Grek,cat_Latn,jinaai/jina-embeddings-v3,0.9894147512294675
ekk_Latn,als_Latn,intfloat/multilingual-e5-large,0.989407437198807
hin_Deva,srp_Cyrl,jinaai/jina-embeddings-v3,0.9894070955884648
npi_Deva,ukr_Cyrl,jinaai/jina-embeddings-v3,0.989405307473535
tgl_Latn,xho_Latn,intfloat/multilingual-e5-large,0.9894050977385431
spa_Latn,pan_Guru,intfloat/multilingual-e5-large,0.9894013990858443
glg_Latn,hun_Latn,microsoft/harrier-oss-v1-0.6b,0.9893938581961002
fra_Latn,khm_Khmr,jinaai/jina-embeddings-v3,0.9893936237179994
azj_Latn,slv_Latn,microsoft/harrier-oss-v1-0.6b,0.9893779767688959
amh_Ethi,vie_Latn,microsoft/harrier-oss-v1-270m,0.989371964545195
jav_Latn,vie_Latn,microsoft/harrier-oss-v1-0.6b,0.9893712921650195
mkd_Cyrl,npi_Deva,intfloat/multilingual-e5-large,0.9893639119847376
kaz_Cyrl,ron_Latn,microsoft/harrier-oss-v1-0.6b,0.9893595686782499
ind_Latn,mal_Mlym,intfloat/multilingual-e5-large,0.9893587012588966
afr_Latn,ell_Grek,jinaai/jina-embeddings-v3,0.9893536270963168
hrv_Latn,pbt_Arab,intfloat/multilingual-e5-large,0.989350086726844
mkd_Cyrl,tgk_Cyrl,microsoft/harrier-oss-v1-0.6b,0.9893469290781173
hin_Deva,san_Deva,microsoft/harrier-oss-v1-0.6b,0.9893385014034778
bul_Cyrl,swh_Latn,microsoft/harrier-oss-v1-0.6b,0.9893378169572039
eng_Latn,snd_Arab,intfloat/multilingual-e5-large,0.9893371630531402
eng_Latn,hat_Latn,microsoft/harrier-oss-v1-270m,0.9893340593160243
afr_Latn,kat_Geor,intfloat/multilingual-e5-large,0.9893266756690797
hin_Deva,mal_Mlym,microsoft/harrier-oss-v1-0.6b,0.9893159748447332
ces_Latn,tgk_Cyrl,microsoft/harrier-oss-v1-0.6b,0.9893097310150054
slk_Latn,srd_Latn,microsoft/harrier-oss-v1-0.6b,0.9893006582407684
bul_Cyrl,uzn_Latn,intfloat/multilingual-e5-large,0.989299780667234
ces_Latn,jav_Latn,microsoft/harrier-oss-v1-0.6b,0.9892997278236815
srd_Latn,nno_Latn,microsoft/harrier-oss-v1-0.6b,0.9892992127181852
spa_Latn,hun_Latn,microsoft/harrier-oss-v1-0.6b,0.9892967559605125
ekk_Latn,ces_Latn,intfloat/multilingual-e5-large,0.9892935268064216
fin_Latn,hye_Armn,intfloat/multilingual-e5-large,0.9892927613100155
khm_Khmr,rus_Cyrl,jinaai/jina-embeddings-v3,0.989292006571306
lit_Latn,vie_Latn,jinaai/jina-embeddings-v3,0.989279494077254
pan_Guru,san_Deva,microsoft/harrier-oss-v1-0.6b,0.989277947303431
amh_Ethi,deu_Latn,microsoft/harrier-oss-v1-270m,0.9892777835071135
ita_Latn,tat_Cyrl,microsoft/harrier-oss-v1-270m,0.9892769672508912
ekk_Latn,zsm_Latn,intfloat/multilingual-e5-large,0.9892730925913872
ceb_Latn,ron_Latn,microsoft/harrier-oss-v1-0.6b,0.9892728643442644
lvs_Latn,spa_Latn,intfloat/multilingual-e5-large,0.9892693674328257
isl_Latn,pol_Latn,jinaai/jina-embeddings-v3,0.989265135404974
hin_Deva,jav_Latn,intfloat/multilingual-e5-large,0.9892639553191327
bul_Cyrl,bak_Cyrl,microsoft/harrier-oss-v1-0.6b,0.9892609826280023
hat_Latn,pol_Latn,microsoft/harrier-oss-v1-270m,0.9892605619620438
mal_Mlym,slv_Latn,microsoft/harrier-oss-v1-0.6b,0.9892579356262821
ces_Latn,isl_Latn,jinaai/jina-embeddings-v3,0.9892557737233085
als_Latn,tgk_Cyrl,microsoft/harrier-oss-v1-0.6b,0.9892547819931194
ind_Latn,kat_Geor,intfloat/multilingual-e5-large,0.9892397783969415
azj_Latn,bos_Latn,intfloat/multilingual-e5-large,0.989238461359613
cym_Latn,zsm_Latn,intfloat/multilingual-e5-large,0.9892377411885991
isl_Latn,ces_Latn,jinaai/jina-embeddings-v3,0.9892349857170553
hne_Deva,ron_Latn,microsoft/harrier-oss-v1-0.6b,0.9892301270026049
bos_Latn,hun_Latn,intfloat/multilingual-e5-large,0.9892262131072764
cat_Latn,pan_Guru,intfloat/multilingual-e5-large,0.989220398827187
uzn_Latn,urd_Arab,microsoft/harrier-oss-v1-270m,0.9892182284883676
guj_Gujr,tur_Latn,jinaai/jina-embeddings-v3,0.9892120412539164
kaz_Cyrl,mkd_Cyrl,jinaai/jina-embeddings-v3,0.9892067608283376
heb_Hebr,hne_Deva,microsoft/harrier-oss-v1-0.6b,0.9892033656103176
eng_Latn,lao_Laoo,jinaai/jina-embeddings-v3,0.9892015610762429
azj_Latn,urd_Arab,microsoft/harrier-oss-v1-270m,0.9891992089178969
azj_Latn,glg_Latn,microsoft/harrier-oss-v1-0.6b,0.9891954858360541
ita_Latn,zul_Latn,microsoft/harrier-oss-v1-0.6b,0.9891875550182154
ekk_Latn,sin_Sinh,intfloat/multilingual-e5-large,0.9891848816029144
azj_Latn,dan_Latn,jinaai/jina-embeddings-v3,0.9891819046970403
fra_Latn,tam_Taml,intfloat/multilingual-e5-large,0.9891731794350429
npi_Deva,vie_Latn,jinaai/jina-embeddings-v3,0.9891696766747411
heb_Hebr,nno_Latn,intfloat/multilingual-e5-large,0.9891655740779348
ces_Latn,tat_Cyrl,microsoft/harrier-oss-v1-0.6b,0.9891641754652141
azj_Latn,zsm_Latn,microsoft/harrier-oss-v1-270m,0.989163845698031
ind_Latn,azj_Latn,intfloat/multilingual-e5-large,0.9891629892754634
ceb_Latn,glg_Latn,microsoft/harrier-oss-v1-0.6b,0.9891453368576864
fur_Latn,mal_Mlym,microsoft/harrier-oss-v1-0.6b,0.9891446685554296
hin_Deva,ron_Latn,jinaai/jina-embeddings-v3,0.9891336296302427
por_Latn,kin_Latn,microsoft/harrier-oss-v1-270m,0.9891322541886464
bel_Cyrl,hun_Latn,microsoft/harrier-oss-v1-0.6b,0.9891306402943953
heb_Hebr,lit_Latn,jinaai/jina-embeddings-v3,0.9891148528170077
zsm_Latn,swh_Latn,intfloat/multilingual-e5-large,0.9891103256901037
mlt_Latn,als_Latn,intfloat/multilingual-e5-large,0.9891075990481704
vie_Latn,zul_Latn,microsoft/harrier-oss-v1-0.6b,0.9891075944838291
lmo_Latn,nld_Latn,microsoft/harrier-oss-v1-0.6b,0.9891012972534712
ces_Latn,kat_Geor,jinaai/jina-embeddings-v3,0.989093187242261
jav_Latn,slk_Latn,microsoft/harrier-oss-v1-0.6b,0.9890903035548437
ita_Latn,ckb_Arab,microsoft/harrier-oss-v1-0.6b,0.9890902999038962
kaz_Cyrl,ukr_Cyrl,jinaai/jina-embeddings-v3,0.9890861355752363
spa_Latn,tgk_Cyrl,microsoft/harrier-oss-v1-0.6b,0.9890850618421743
isl_Latn,slv_Latn,jinaai/jina-embeddings-v3,0.9890784284139584
tat_Cyrl,urd_Arab,microsoft/harrier-oss-v1-0.6b,0.9890774797932367
azj_Latn,vie_Latn,microsoft/harrier-oss-v1-0.6b,0.9890757851628353
afr_Latn,ceb_Latn,intfloat/multilingual-e5-large,0.9890554000285667
rus_Cyrl,uzn_Latn,microsoft/harrier-oss-v1-0.6b,0.9890449354705362
amh_Ethi,urd_Arab,intfloat/multilingual-e5-large,0.9890381246736407
glg_Latn,sin_Sinh,intfloat/multilingual-e5-large,0.989035480685071
bos_Latn,nno_Latn,intfloat/multilingual-e5-large,0.9890224993596148
bos_Latn,fin_Latn,intfloat/multilingual-e5-large,0.9890190888841104
urd_Arab,zul_Latn,intfloat/multilingual-e5-large,0.9890181532180033
ekk_Latn,hun_Latn,intfloat/multilingual-e5-large,0.989012432388738
heb_Hebr,bel_Cyrl,microsoft/harrier-oss-v1-0.6b,0.9890067870899761
fra_Latn,lmo_Latn,microsoft/harrier-oss-v1-0.6b,0.9889986824769432
heb_Hebr,afr_Latn,jinaai/jina-embeddings-v3,0.9889981831346764
epo_Latn,gle_Latn,microsoft/harrier-oss-v1-270m,0.9889931927975406
hin_Deva,snd_Arab,intfloat/multilingual-e5-large,0.9889903891320218
bul_Cyrl,lit_Latn,jinaai/jina-embeddings-v3,0.9889782828112907
glg_Latn,fin_Latn,jinaai/jina-embeddings-v3,0.9889752186431495
lvs_Latn,pan_Guru,intfloat/multilingual-e5-large,0.9889714648438828
nld_Latn,ekk_Latn,intfloat/multilingual-e5-large,0.9889664882346382
jpn_Jpan,srd_Latn,microsoft/harrier-oss-v1-0.6b,0.9889661721677532
fra_Latn,ckb_Arab,microsoft/harrier-oss-v1-0.6b,0.9889653419173372
hrv_Latn,mar_Deva,intfloat/multilingual-e5-large,0.988960482605935
spa_Latn,lit_Latn,jinaai/jina-embeddings-v3,0.9889568156673036
hun_Latn,nno_Latn,intfloat/multilingual-e5-large,0.988954914382538
swe_Latn,swh_Latn,microsoft/harrier-oss-v1-270m,0.9889440496563683
slk_Latn,lvs_Latn,jinaai/jina-embeddings-v3,0.988941697917531
guj_Gujr,mai_Deva,microsoft/harrier-oss-v1-0.6b,0.9889397335212742
ces_Latn,jpn_Jpan,microsoft/harrier-oss-v1-0.6b,0.9889389106254827
jav_Latn,rus_Cyrl,microsoft/harrier-oss-v1-0.6b,0.9889367989989777
als_Latn,swh_Latn,intfloat/multilingual-e5-large,0.9889362452156532
bel_Cyrl,slv_Latn,microsoft/harrier-oss-v1-0.6b,0.988933483427425
aeb_Arab,nob_Latn,jinaai/jina-embeddings-v3,0.9889297530475594
guj_Gujr,mkd_Cyrl,jinaai/jina-embeddings-v3,0.988925229705715
bel_Cyrl,ben_Beng,microsoft/harrier-oss-v1-270m,0.9889215071019097
asm_Beng,sin_Sinh,intfloat/multilingual-e5-large,0.9889196157365131
afr_Latn,glg_Latn,jinaai/jina-embeddings-v3,0.9889164760984395
afr_Latn,lvs_Latn,jinaai/jina-embeddings-v3,0.9889127237629625
hun_Latn,fin_Latn,intfloat/multilingual-e5-large,0.9889048817864801
deu_Latn,tat_Cyrl,microsoft/harrier-oss-v1-0.6b,0.9889037637344836
ekk_Latn,tur_Latn,intfloat/multilingual-e5-large,0.98890317302298
rus_Cyrl,tel_Telu,jinaai/jina-embeddings-v3,0.9889004893764941
tur_Latn,jpn_Jpan,microsoft/harrier-oss-v1-0.6b,0.9889000024980958
hye_Armn,lit_Latn,jinaai/jina-embeddings-v3,0.9888994781534102
kor_Hang,snd_Arab,microsoft/harrier-oss-v1-0.6b,0.98889602137684
ell_Grek,glg_Latn,intfloat/multilingual-e5-large,0.9888949857976378
ceb_Latn,mal_Mlym,microsoft/harrier-oss-v1-0.6b,0.9888888416929968
afr_Latn,ind_Latn,jinaai/jina-embeddings-v3,0.9888824528335757
spa_Latn,kaz_Cyrl,microsoft/harrier-oss-v1-0.6b,0.9888800934857096
tgk_Cyrl,vie_Latn,microsoft/harrier-oss-v1-0.6b,0.9888635723154289
fin_Latn,bel_Cyrl,intfloat/multilingual-e5-large,0.9888634070798556
isl_Latn,urd_Arab,jinaai/jina-embeddings-v3,0.9888612932153752
deu_Latn,uzn_Latn,intfloat/multilingual-e5-large,0.9888468128690082
bel_Cyrl,spa_Latn,microsoft/harrier-oss-v1-0.6b,0.9888289799926104
glg_Latn,slv_Latn,microsoft/harrier-oss-v1-0.6b,0.9888208078648206
ltz_Latn,sin_Sinh,microsoft/harrier-oss-v1-270m,0.9888206600163122
mar_Deva,tgl_Latn,intfloat/multilingual-e5-large,0.9888202214608751
bel_Cyrl,vie_Latn,microsoft/harrier-oss-v1-0.6b,0.9888052497938202
lvs_Latn,tur_Latn,jinaai/jina-embeddings-v3,0.988794179887854
kir_Cyrl,nld_Latn,microsoft/harrier-oss-v1-0.6b,0.9887915963054696
kaz_Cyrl,kir_Cyrl,intfloat/multilingual-e5-large,0.9887900102102164
fra_Latn,hat_Latn,intfloat/multilingual-e5-large,0.9887871058004938
srp_Cyrl,uzn_Latn,intfloat/multilingual-e5-large,0.9887837025140914
kat_Geor,lvs_Latn,jinaai/jina-embeddings-v3,0.9887779614484338
uzn_Latn,deu_Latn,microsoft/harrier-oss-v1-0.6b,0.9887742281457617
eng_Latn,kan_Knda,intfloat/multilingual-e5-large,0.9887630218353946
dan_Latn,jav_Latn,intfloat/multilingual-e5-large,0.988756689580517
khm_Khmr,sin_Sinh,jinaai/jina-embeddings-v3,0.9887564823204376
ell_Grek,hin_Deva,jinaai/jina-embeddings-v3,0.9887464075708653
tat_Cyrl,vie_Latn,microsoft/harrier-oss-v1-0.6b,0.9887403943466846
epo_Latn,ilo_Latn,microsoft/harrier-oss-v1-0.6b,0.9887294921262312
asm_Beng,urd_Arab,intfloat/multilingual-e5-large,0.9887256520390919
ind_Latn,npi_Deva,intfloat/multilingual-e5-large,0.9887220499215115
cat_Latn,khm_Khmr,jinaai/jina-embeddings-v3,0.9887211032678781
heb_Hebr,khm_Khmr,jinaai/jina-embeddings-v3,0.9887147332124044
bel_Cyrl,urd_Arab,intfloat/multilingual-e5-large,0.98871143449523
hye_Armn,tat_Cyrl,microsoft/harrier-oss-v1-0.6b,0.988692658371478
cym_Latn,swh_Latn,intfloat/multilingual-e5-large,0.988692145749106
bel_Cyrl,glg_Latn,microsoft/harrier-oss-v1-0.6b,0.9886888189270532
kat_Geor,khm_Khmr,jinaai/jina-embeddings-v3,0.9886817671795659
ind_Latn,srd_Latn,microsoft/harrier-oss-v1-0.6b,0.98866930171278
sin_Sinh,slv_Latn,microsoft/harrier-oss-v1-0.6b,0.9886685174728653
spa_Latn,guj_Gujr,microsoft/harrier-oss-v1-0.6b,0.9886664486780659
dan_Latn,guj_Gujr,jinaai/jina-embeddings-v3,0.9886591473057974
heb_Hebr,pan_Guru,microsoft/harrier-oss-v1-0.6b,0.9886530930165107
khm_Khmr,tha_Thai,jinaai/jina-embeddings-v3,0.9886526047610463
azj_Latn,hye_Armn,intfloat/multilingual-e5-large,0.9886524152186449
ekk_Latn,rus_Cyrl,jinaai/jina-embeddings-v3,0.9886503670022406
fin_Latn,kat_Geor,intfloat/multilingual-e5-large,0.9886480115275553
isl_Latn,rus_Cyrl,jinaai/jina-embeddings-v3,0.9886474119650308
arb_Arab,srd_Latn,microsoft/harrier-oss-v1-0.6b,0.9886457745153396
spa_Latn,zul_Latn,microsoft/harrier-oss-v1-0.6b,0.9886455569155908
cym_Latn,hrv_Latn,intfloat/multilingual-e5-large,0.9886430758073981
bul_Cyrl,ckb_Arab,microsoft/harrier-oss-v1-0.6b,0.9886370283728054
cat_Latn,npi_Deva,intfloat/multilingual-e5-large,0.9886345663723891
ces_Latn,azj_Latn,microsoft/harrier-oss-v1-0.6b,0.9886345023010236
nld_Latn,isl_Latn,jinaai/jina-embeddings-v3,0.9886309288034015
pol_Latn,swh_Latn,microsoft/harrier-oss-v1-0.6b,0.9886279658121898
ron_Latn,nno_Latn,intfloat/multilingual-e5-large,0.9886199997437136
kir_Cyrl,tat_Cyrl,intfloat/multilingual-e5-large,0.9886141647072171
eng_Latn,smo_Latn,microsoft/harrier-oss-v1-270m,0.988608439252596
lit_Latn,vec_Latn,microsoft/harrier-oss-v1-0.6b,0.9886047871044892
fur_Latn,urd_Arab,microsoft/harrier-oss-v1-0.6b,0.98859862209047
dan_Latn,pan_Guru,intfloat/multilingual-e5-large,0.9885949999244844
ita_Latn,khm_Khmr,jinaai/jina-embeddings-v3,0.9885922694257514
hye_Armn,mal_Mlym,intfloat/multilingual-e5-large,0.9885921714197756
amh_Ethi,rus_Cyrl,microsoft/harrier-oss-v1-270m,0.9885774412685352
ceb_Latn,hun_Latn,microsoft/harrier-oss-v1-0.6b,0.9885770854781034
swe_Latn,tel_Telu,jinaai/jina-embeddings-v3,0.9885770442434734
kor_Hang,plt_Latn,microsoft/harrier-oss-v1-270m,0.9885704874835308
cym_Latn,ita_Latn,microsoft/harrier-oss-v1-270m,0.9885642932114866
eng_Latn,run_Latn,microsoft/harrier-oss-v1-0.6b,0.9885540184453228
srp_Cyrl,tam_Taml,intfloat/multilingual-e5-large,0.9885480623435793
bel_Cyrl,heb_Hebr,microsoft/harrier-oss-v1-0.6b,0.9885464344858936
aeb_Arab,hun_Latn,jinaai/jina-embeddings-v3,0.9885313239714628
guj_Gujr,kat_Geor,intfloat/multilingual-e5-large,0.9885294148082246
guj_Gujr,slk_Latn,microsoft/harrier-oss-v1-0.6b,0.9885258814186778
nld_Latn,tel_Telu,jinaai/jina-embeddings-v3,0.9885225832163143
arz_Arab,eng_Latn,intfloat/multilingual-e5-large,0.9885038015387043
zsm_Latn,uzn_Latn,intfloat/multilingual-e5-large,0.9885010331665673
fur_Latn,est_Latn,microsoft/harrier-oss-v1-0.6b,0.988498166924443
lit_Latn,sin_Sinh,jinaai/jina-embeddings-v3,0.9884975229065827
epo_Latn,kin_Latn,microsoft/harrier-oss-v1-0.6b,0.9884944504603131
isl_Latn,ron_Latn,jinaai/jina-embeddings-v3,0.9884863392677237
ind_Latn,jpn_Jpan,microsoft/harrier-oss-v1-0.6b,0.9884837575065448
kaz_Cyrl,npi_Deva,intfloat/multilingual-e5-large,0.9884804213387035
khm_Khmr,pol_Latn,jinaai/jina-embeddings-v3,0.9884755390371545
hun_Latn,ind_Latn,jinaai/jina-embeddings-v3,0.9884672137631676
fin_Latn,mal_Mlym,intfloat/multilingual-e5-large,0.988463118090732
cat_Latn,mal_Mlym,intfloat/multilingual-e5-large,0.988458774181447
npi_Deva,pol_Latn,jinaai/jina-embeddings-v3,0.9884521449266985
lit_Latn,lvs_Latn,jinaai/jina-embeddings-v3,0.9884516659925853
amh_Ethi,tur_Latn,microsoft/harrier-oss-v1-270m,0.9884466648198265
afr_Latn,tha_Thai,jinaai/jina-embeddings-v3,0.9884399350063884
aeb_Arab,ell_Grek,jinaai/jina-embeddings-v3,0.9884343460305856
azj_Latn,bel_Cyrl,microsoft/harrier-oss-v1-0.6b,0.9884313250866472
bel_Cyrl,uzn_Latn,intfloat/multilingual-e5-large,0.9884273693542778
fra_Latn,mar_Deva,intfloat/multilingual-e5-large,0.9884258585486458
npi_Deva,tur_Latn,microsoft/harrier-oss-v1-0.6b,0.9884235607286149
lvs_Latn,vie_Latn,jinaai/jina-embeddings-v3,0.9884179656570125
ben_Beng,kan_Knda,jinaai/jina-embeddings-v3,0.988406284699024
ceb_Latn,slv_Latn,microsoft/harrier-oss-v1-0.6b,0.9884047408473451
als_Latn,sun_Latn,intfloat/multilingual-e5-large,0.9884043621952131
rus_Cyrl,lvs_Latn,jinaai/jina-embeddings-v3,0.9883904419254097
nso_Latn,sot_Latn,intfloat/multilingual-e5-large,0.9883903083631345
kan_Knda,rus_Cyrl,microsoft/harrier-oss-v1-0.6b,0.9883821659984136
nno_Latn,hun_Latn,intfloat/multilingual-e5-large,0.9883793983268452
ben_Beng,jpn_Jpan,microsoft/harrier-oss-v1-0.6b,0.988374508961771
mal_Mlym,ron_Latn,microsoft/harrier-oss-v1-0.6b,0.9883638514078457
heb_Hebr,tgk_Cyrl,microsoft/harrier-oss-v1-0.6b,0.9883630545299412
eng_Latn,pbt_Arab,intfloat/multilingual-e5-large,0.9883572679217478
jpn_Jpan,swe_Latn,jinaai/jina-embeddings-v3,0.9883554747035426
amh_Ethi,kat_Geor,intfloat/multilingual-e5-large,0.9883515610990226
san_Deva,tam_Taml,microsoft/harrier-oss-v1-0.6b,0.9883409847994936
ita_Latn,kir_Cyrl,intfloat/multilingual-e5-large,0.988339897237372
fin_Latn,tha_Thai,jinaai/jina-embeddings-v3,0.9883378426106976
hrv_Latn,snd_Arab,intfloat/multilingual-e5-large,0.9883310499120632
hrv_Latn,tam_Taml,intfloat/multilingual-e5-large,0.9883270377094012
npi_Deva,tha_Thai,jinaai/jina-embeddings-v3,0.9883201262253285
swe_Latn,jpn_Jpan,jinaai/jina-embeddings-v3,0.9883182834176546
bak_Cyrl,uzn_Latn,microsoft/harrier-oss-v1-0.6b,0.9883177754693497
uzn_Latn,spa_Latn,microsoft/harrier-oss-v1-270m,0.9883169945221064
arb_Arab,hat_Latn,microsoft/harrier-oss-v1-0.6b,0.9883130513102109
deu_Latn,jav_Latn,microsoft/harrier-oss-v1-270m,0.9883096626022012
swh_Latn,urd_Arab,intfloat/multilingual-e5-large,0.9883060852089439
amh_Ethi,zsm_Latn,microsoft/harrier-oss-v1-270m,0.9883013984475458
hat_Latn,nld_Latn,microsoft/harrier-oss-v1-0.6b,0.9882967222787828
hat_Latn,spa_Latn,microsoft/harrier-oss-v1-270m,0.9882934138063899
kaz_Cyrl,slv_Latn,jinaai/jina-embeddings-v3,0.9882933978782416
ind_Latn,pan_Guru,intfloat/multilingual-e5-large,0.9882915721433176
hrv_Latn,mya_Mymr,intfloat/multilingual-e5-large,0.9882860305531204
awa_Deva,npi_Deva,intfloat/multilingual-e5-small,0.9882819223008844
ekk_Latn,nno_Latn,intfloat/multilingual-e5-large,0.9882749963077831
kat_Geor,zsm_Latn,jinaai/jina-embeddings-v3,0.9882675039185784
cat_Latn,hun_Latn,microsoft/harrier-oss-v1-0.6b,0.9882660792696112
sun_Latn,tgl_Latn,intfloat/multilingual-e5-large,0.9882639707460603
lmo_Latn,rus_Cyrl,microsoft/harrier-oss-v1-0.6b,0.9882576449552152
bel_Cyrl,hye_Armn,intfloat/multilingual-e5-large,0.9882559327469578
spa_Latn,nno_Latn,microsoft/harrier-oss-v1-0.6b,0.9882558346614727
srd_Latn,fin_Latn,microsoft/harrier-oss-v1-0.6b,0.9882429069064445
lvs_Latn,ron_Latn,intfloat/multilingual-e5-large,0.9882407078671429
hrv_Latn,swh_Latn,intfloat/multilingual-e5-large,0.9882393577344191
slv_Latn,tat_Cyrl,microsoft/harrier-oss-v1-270m,0.9882343256748043
ind_Latn,lvs_Latn,jinaai/jina-embeddings-v3,0.9882180877255509
hrv_Latn,ckb_Arab,microsoft/harrier-oss-v1-0.6b,0.9882030361875846
hye_Armn,pan_Guru,jinaai/jina-embeddings-v3,0.9881948077464747
glg_Latn,tha_Thai,jinaai/jina-embeddings-v3,0.9881921068768769
pol_Latn,nno_Latn,microsoft/harrier-oss-v1-0.6b,0.988184867757411
min_Latn,war_Latn,microsoft/harrier-oss-v1-0.6b,0.9881716352131232
hye_Armn,tha_Thai,jinaai/jina-embeddings-v3,0.9881715117227909
ind_Latn,lit_Latn,jinaai/jina-embeddings-v3,0.9881710352666804
khm_Khmr,tur_Latn,jinaai/jina-embeddings-v3,0.9881705581656268
bho_Deva,rus_Cyrl,microsoft/harrier-oss-v1-0.6b,0.9881685642340442
lvs_Latn,lit_Latn,jinaai/jina-embeddings-v3,0.9881583854020276
slk_Latn,isl_Latn,jinaai/jina-embeddings-v3,0.9881542203001937
kir_Cyrl,rus_Cyrl,intfloat/multilingual-e5-large,0.9881461381259173
pol_Latn,bak_Cyrl,microsoft/harrier-oss-v1-0.6b,0.9881458097022959
lmo_Latn,pol_Latn,microsoft/harrier-oss-v1-0.6b,0.9881401536539876
sin_Sinh,tgk_Cyrl,microsoft/harrier-oss-v1-270m,0.9881285624756251
zsm_Latn,xho_Latn,intfloat/multilingual-e5-large,0.9881252389452292
tur_Latn,uzn_Latn,microsoft/harrier-oss-v1-0.6b,0.9881226521119114
deu_Latn,bak_Cyrl,microsoft/harrier-oss-v1-0.6b,0.9881223168979896
ltz_Latn,lit_Latn,microsoft/harrier-oss-v1-0.6b,0.9881215921730052
hye_Armn,tgk_Cyrl,microsoft/harrier-oss-v1-270m,0.9881211383456419
ben_Beng,isl_Latn,jinaai/jina-embeddings-v3,0.9881161604460309
ceb_Latn,ell_Grek,microsoft/harrier-oss-v1-270m,0.9881158556786862
mal_Mlym,snd_Arab,intfloat/multilingual-e5-large,0.9881065665704845
hne_Deva,mar_Deva,intfloat/multilingual-e5-large,0.9881033220980149
ell_Grek,kat_Geor,jinaai/jina-embeddings-v3,0.9881025432965265
kir_Cyrl,sin_Sinh,intfloat/multilingual-e5-large,0.9881004873601096
arb_Arab,nya_Latn,microsoft/harrier-oss-v1-0.6b,0.9880994729907774
kor_Hang,xho_Latn,microsoft/harrier-oss-v1-0.6b,0.9880966143379852
isl_Latn,tur_Latn,jinaai/jina-embeddings-v3,0.9880916498507257
mar_Deva,rus_Cyrl,microsoft/harrier-oss-v1-0.6b,0.9880857018664396
lvs_Latn,pol_Latn,jinaai/jina-embeddings-v3,0.988078260475229
deu_Latn,isl_Latn,jinaai/jina-embeddings-v3,0.988073482460601
tgk_Cyrl,tur_Latn,microsoft/harrier-oss-v1-0.6b,0.9880598772028504
deu_Latn,zul_Latn,microsoft/harrier-oss-v1-0.6b,0.9880538975976614
ces_Latn,khm_Khmr,jinaai/jina-embeddings-v3,0.988050189062599
deu_Latn,tam_Taml,intfloat/multilingual-e5-large,0.9880445143929903
kir_Cyrl,tur_Latn,microsoft/harrier-oss-v1-270m,0.9880424808942613
eus_Latn,als_Latn,intfloat/multilingual-e5-large,0.9880322623696272
ben_Beng,tam_Taml,intfloat/multilingual-e5-large,0.9880246005574043
hat_Latn,tgl_Latn,intfloat/multilingual-e5-large,0.9880228507713371
spa_Latn,lmo_Latn,microsoft/harrier-oss-v1-0.6b,0.9880129502876056
uzn_Latn,fra_Latn,intfloat/multilingual-e5-large,0.9880129437344178
spa_Latn,isl_Latn,jinaai/jina-embeddings-v3,0.9880009997945094
ces_Latn,lvs_Latn,jinaai/jina-embeddings-v3,0.9879981525915621
bel_Cyrl,kaz_Cyrl,microsoft/harrier-oss-v1-0.6b,0.9879949639295044
awa_Deva,snd_Arab,jinaai/jina-embeddings-v3,0.9879921986801912
lvs_Latn,dan_Latn,jinaai/jina-embeddings-v3,0.9879910383055162
afr_Latn,isl_Latn,jinaai/jina-embeddings-v3,0.9879866050796591
lit_Latn,zsm_Latn,jinaai/jina-embeddings-v3,0.9879852585711298
lit_Latn,tgl_Latn,intfloat/multilingual-e5-large,0.9879848221992387
fin_Latn,lit_Latn,jinaai/jina-embeddings-v3,0.9879736084080664
glg_Latn,hye_Armn,intfloat/multilingual-e5-large,0.987965655084138
tel_Telu,urd_Arab,intfloat/multilingual-e5-large,0.9879652473759182
guj_Gujr,hrv_Latn,microsoft/harrier-oss-v1-0.6b,0.9879614525872666
hat_Latn,zsm_Latn,microsoft/harrier-oss-v1-270m,0.9879599104791622
mar_Deva,nld_Latn,microsoft/harrier-oss-v1-0.6b,0.9879542838216255
nld_Latn,srd_Latn,microsoft/harrier-oss-v1-0.6b,0.9879401724757456
fin_Latn,cat_Latn,intfloat/multilingual-e5-large,0.9879390486138782
azj_Latn,uzn_Latn,intfloat/multilingual-e5-large,0.9879294536726029
ckb_Arab,nld_Latn,microsoft/harrier-oss-v1-0.6b,0.9879282829396105
arz_Arab,urd_Arab,intfloat/multilingual-e5-large,0.9879275764387101
rus_Cyrl,nno_Latn,jinaai/jina-embeddings-v5-text-small,0.9879236684828727
mar_Deva,sin_Sinh,intfloat/multilingual-e5-large,0.9879205368247836
isl_Latn,lit_Latn,jinaai/jina-embeddings-v3,0.9879152402273041
nno_Latn,slv_Latn,jinaai/jina-embeddings-v3,0.9878987152653907
azj_Latn,slk_Latn,jinaai/jina-embeddings-v3,0.9878980744660787
bos_Latn,tha_Thai,jinaai/jina-embeddings-v3,0.9878935070366822
lit_Latn,als_Latn,jinaai/jina-embeddings-v3,0.987884941187705
hat_Latn,als_Latn,microsoft/harrier-oss-v1-270m,0.9878831944172157
cat_Latn,kaz_Cyrl,microsoft/harrier-oss-v1-0.6b,0.9878808726791211
slv_Latn,srd_Latn,microsoft/harrier-oss-v1-0.6b,0.987878787878788
kan_Knda,urd_Arab,intfloat/multilingual-e5-large,0.987859795784647
deu_Latn,mar_Deva,microsoft/harrier-oss-v1-0.6b,0.987856873112297
nld_Latn,snd_Arab,intfloat/multilingual-e5-large,0.9878568164924759
hrv_Latn,hat_Latn,intfloat/multilingual-e5-large,0.9878556448394655
bos_Latn,tel_Telu,intfloat/multilingual-e5-large,0.9878542263104435
kan_Knda,ory_Orya,microsoft/harrier-oss-v1-0.6b,0.987853056534477
ell_Grek,afr_Latn,jinaai/jina-embeddings-v3,0.9878477894163245
srd_Latn,jpn_Jpan,microsoft/harrier-oss-v1-0.6b,0.9878447872837776
bel_Cyrl,jav_Latn,intfloat/multilingual-e5-large,0.9878353195843984
ell_Grek,hun_Latn,intfloat/multilingual-e5-large,0.987829532970974
cat_Latn,hin_Deva,jinaai/jina-embeddings-v3,0.987827190122526
bos_Latn,tam_Taml,intfloat/multilingual-e5-large,0.9878164127970028
ell_Grek,mal_Mlym,intfloat/multilingual-e5-large,0.9878144858564656
bak_Cyrl,fra_Latn,microsoft/harrier-oss-v1-0.6b,0.987809442967527
lvs_Latn,slv_Latn,jinaai/jina-embeddings-v3,0.987809341531547
ell_Grek,fin_Latn,jinaai/jina-embeddings-v3,0.9878081133869241
ast_Latn,isl_Latn,jinaai/jina-embeddings-v3,0.9878046772068512
cat_Latn,lit_Latn,jinaai/jina-embeddings-v3,0.9878014177527281
bak_Cyrl,spa_Latn,microsoft/harrier-oss-v1-0.6b,0.9877946312877296
kir_Cyrl,swe_Latn,microsoft/harrier-oss-v1-0.6b,0.9877865510403157
amh_Ethi,ces_Latn,microsoft/harrier-oss-v1-270m,0.987785113045833
uzn_Latn,ukr_Cyrl,microsoft/harrier-oss-v1-0.6b,0.9877803305982454
slk_Latn,nno_Latn,intfloat/multilingual-e5-large,0.9877694815662326
hin_Deva,kaz_Cyrl,microsoft/harrier-oss-v1-0.6b,0.9877329961513012
hye_Armn,kaz_Cyrl,microsoft/harrier-oss-v1-0.6b,0.9877310441971419
deu_Latn,lmo_Latn,microsoft/harrier-oss-v1-0.6b,0.9877242322894496
amh_Ethi,pan_Guru,microsoft/harrier-oss-v1-0.6b,0.9877179969107298
tel_Telu,tgl_Latn,intfloat/multilingual-e5-large,0.9877108693581618
dan_Latn,hne_Deva,microsoft/harrier-oss-v1-0.6b,0.9877106819979973
deu_Latn,kir_Cyrl,intfloat/multilingual-e5-large,0.9877101142016165
ckb_Arab,spa_Latn,microsoft/harrier-oss-v1-0.6b,0.9877015246359047
lvs_Latn,mal_Mlym,intfloat/multilingual-e5-large,0.9876927428002396
oci_Latn,xho_Latn,microsoft/harrier-oss-v1-0.6b,0.9876912170801552
ekk_Latn,hye_Armn,intfloat/multilingual-e5-large,0.9876910914774898
ekk_Latn,dan_Latn,intfloat/multilingual-e5-large,0.9876838253877264
isl_Latn,ukr_Cyrl,jinaai/jina-embeddings-v3,0.9876798917845209
als_Latn,xho_Latn,intfloat/multilingual-e5-large,0.987679205837587
azj_Latn,ell_Grek,microsoft/harrier-oss-v1-0.6b,0.9876730726583678
ces_Latn,pan_Guru,microsoft/harrier-oss-v1-0.6b,0.9876710911907474
bel_Cyrl,dan_Latn,jinaai/jina-embeddings-v3,0.9876647798520752
azj_Latn,hin_Deva,microsoft/harrier-oss-v1-0.6b,0.9876638984575508
cym_Latn,npi_Deva,intfloat/multilingual-e5-large,0.9876596781256246
cym_Latn,kat_Geor,intfloat/multilingual-e5-large,0.9876589124937656
guj_Gujr,pol_Latn,microsoft/harrier-oss-v1-0.6b,0.9876579416054159
eng_Latn,ydd_Hebr,intfloat/multilingual-e5-large,0.9876536090727075
npi_Deva,srp_Cyrl,intfloat/multilingual-e5-large,0.9876317859075991
bul_Cyrl,kir_Cyrl,microsoft/harrier-oss-v1-0.6b,0.9876301922269479
nno_Latn,heb_Hebr,microsoft/harrier-oss-v1-0.6b,0.9876294877440382
lvs_Latn,ind_Latn,jinaai/jina-embeddings-v3,0.987618419492465
spa_Latn,uzn_Latn,microsoft/harrier-oss-v1-270m,0.9876148250846591
afr_Latn,cym_Latn,intfloat/multilingual-e5-large,0.9876100541123379
plt_Latn,zho_Hans,microsoft/harrier-oss-v1-0.6b,0.9876009887126488
bak_Cyrl,deu_Latn,microsoft/harrier-oss-v1-0.6b,0.9875999024310043
eng_Latn,plt_Latn,microsoft/harrier-oss-v1-270m,0.987579741771652
amh_Ethi,heb_Hebr,microsoft/harrier-oss-v1-270m,0.9875782026778616
ckb_Arab,ukr_Cyrl,microsoft/harrier-oss-v1-0.6b,0.9875716430713593
cat_Latn,jav_Latn,intfloat/multilingual-e5-large,0.9875706161127844
kat_Geor,npi_Deva,intfloat/multilingual-e5-large,0.9875705994682622
afr_Latn,hin_Deva,microsoft/harrier-oss-v1-0.6b,0.987569637676356
khm_Khmr,ron_Latn,jinaai/jina-embeddings-v3,0.9875671731267768
heb_Hebr,tat_Cyrl,microsoft/harrier-oss-v1-0.6b,0.9875644594955936
ell_Grek,jav_Latn,intfloat/multilingual-e5-large,0.9875632902147976
ces_Latn,npi_Deva,jinaai/jina-embeddings-v3,0.9875477692567677
heb_Hebr,lvs_Latn,intfloat/multilingual-e5-large,0.9875466132687027
mal_Mlym,tel_Telu,intfloat/multilingual-e5-large,0.9875447873829186
bak_Cyrl,kir_Cyrl,microsoft/harrier-oss-v1-270m,0.98754371589237
vec_Latn,lit_Latn,microsoft/harrier-oss-v1-0.6b,0.9875428987498496
ind_Latn,bel_Cyrl,intfloat/multilingual-e5-large,0.9875382434376334
ita_Latn,tam_Taml,intfloat/multilingual-e5-large,0.9875341169937427
khm_Khmr,slv_Latn,jinaai/jina-embeddings-v3,0.9875288941727876
guj_Gujr,zsm_Latn,intfloat/multilingual-e5-large,0.9875259675200416
bul_Cyrl,khm_Khmr,jinaai/jina-embeddings-v3,0.9875253866508305
tur_Latn,zul_Latn,microsoft/harrier-oss-v1-0.6b,0.9875178461307542
hrv_Latn,lao_Laoo,intfloat/multilingual-e5-large,0.9875097864952552
uzn_Latn,nld_Latn,microsoft/harrier-oss-v1-0.6b,0.9875053573137312
ekk_Latn,fra_Latn,intfloat/multilingual-e5-large,0.987495118667224
ell_Grek,pan_Guru,microsoft/harrier-oss-v1-0.6b,0.9874808397069368
hun_Latn,lvs_Latn,intfloat/multilingual-e5-large,0.9874673887940599
jpn_Jpan,vie_Latn,codefuse-ai/F2LLM-v2-0.6B,0.9874665235008768
bel_Cyrl,cym_Latn,intfloat/multilingual-e5-large,0.987465330980572
ben_Beng,nno_Latn,jinaai/jina-embeddings-v5-text-small,0.9874600110975282
dan_Latn,tat_Cyrl,microsoft/harrier-oss-v1-0.6b,0.9874578383806061
pan_Guru,tgk_Cyrl,microsoft/harrier-oss-v1-0.6b,0.9874568345981187
ory_Orya,tam_Taml,microsoft/harrier-oss-v1-0.6b,0.987456282325021
ind_Latn,afr_Latn,jinaai/jina-embeddings-v3,0.9874554724320267
afr_Latn,guj_Gujr,intfloat/multilingual-e5-large,0.9874553037828304
guj_Gujr,als_Latn,intfloat/multilingual-e5-large,0.9874522855919428
mal_Mlym,srp_Cyrl,intfloat/multilingual-e5-large,0.9874505833194577
afr_Latn,khm_Khmr,jinaai/jina-embeddings-v3,0.9874466721719681
pol_Latn,uzn_Latn,microsoft/harrier-oss-v1-0.6b,0.9874453031583115
fin_Latn,lvs_Latn,intfloat/multilingual-e5-large,0.9874404895318768
mkd_Cyrl,ekk_Latn,intfloat/multilingual-e5-large,0.9874401554729424
san_Deva,tel_Telu,microsoft/harrier-oss-v1-0.6b,0.987438944671236
kaz_Cyrl,lit_Latn,jinaai/jina-embeddings-v3,0.9874337281016534
jav_Latn,ukr_Cyrl,microsoft/harrier-oss-v1-0.6b,0.9874231511002206
ita_Latn,tel_Telu,jinaai/jina-embeddings-v3,0.9874215491961886
lvs_Latn,uzn_Latn,intfloat/multilingual-e5-large,0.9874212541336954
isl_Latn,zsm_Latn,jinaai/jina-embeddings-v3,0.987416623085757
heb_Hebr,tel_Telu,jinaai/jina-embeddings-v3,0.987412010518097
dan_Latn,kaz_Cyrl,intfloat/multilingual-e5-large,0.9874118109563508
ceb_Latn,hin_Deva,microsoft/harrier-oss-v1-0.6b,0.9874098205355852
isl_Latn,tha_Thai,jinaai/jina-embeddings-v3,0.9874097358401056
ekk_Latn,fin_Latn,intfloat/multilingual-e5-large,0.987407327059064
nno_Latn,tha_Thai,jinaai/jina-embeddings-v3,0.9874020093045894
ell_Grek,azj_Latn,intfloat/multilingual-e5-large,0.9873937242508974
spa_Latn,ekk_Latn,intfloat/multilingual-e5-large,0.9873905100634534
bos_Latn,mya_Mymr,intfloat/multilingual-e5-large,0.9873863961056242
slv_Latn,uzn_Latn,microsoft/harrier-oss-v1-270m,0.9873846904310959
afr_Latn,mal_Mlym,intfloat/multilingual-e5-large,0.9873834561924274
fin_Latn,isl_Latn,jinaai/jina-embeddings-v3,0.9873827786464306
fra_Latn,bho_Deva,intfloat/multilingual-e5-large,0.9873730881259393
bel_Cyrl,hin_Deva,microsoft/harrier-oss-v1-0.6b,0.9873675100765011
ell_Grek,nno_Latn,intfloat/multilingual-e5-large,0.9873597293941889
guj_Gujr,heb_Hebr,jinaai/jina-embeddings-v3,0.9873525462521389
ces_Latn,zul_Latn,microsoft/harrier-oss-v1-0.6b,0.9873495585360501
ckb_Arab,vie_Latn,microsoft/harrier-oss-v1-270m,0.9873486500105746
nno_Latn,pan_Guru,intfloat/multilingual-e5-large,0.9873467724670324
cym_Latn,glg_Latn,intfloat/multilingual-e5-large,0.9873417797738132
nld_Latn,tam_Taml,microsoft/harrier-oss-v1-0.6b,0.987341572517471
snd_Arab,swe_Latn,jinaai/jina-embeddings-v3,0.9873197541403722
amh_Ethi,slk_Latn,microsoft/harrier-oss-v1-0.6b,0.9873165078066506
fra_Latn,swh_Latn,microsoft/harrier-oss-v1-270m,0.9873133841008803
srd_Latn,kor_Hang,microsoft/harrier-oss-v1-0.6b,0.9872991661707484
ita_Latn,bak_Cyrl,microsoft/harrier-oss-v1-0.6b,0.9872942408624875
spa_Latn,lvs_Latn,intfloat/multilingual-e5-large,0.9872901919238322
hrv_Latn,isl_Latn,jinaai/jina-embeddings-v3,0.9872763201475834
guj_Gujr,hye_Armn,intfloat/multilingual-e5-large,0.9872616105245233
guj_Gujr,hne_Deva,intfloat/multilingual-e5-large,0.9872522555510839
heb_Hebr,uzn_Latn,intfloat/multilingual-e5-large,0.9872495576302792
hun_Latn,kat_Geor,intfloat/multilingual-e5-large,0.9872468760069311
hye_Armn,zsm_Latn,microsoft/harrier-oss-v1-270m,0.9872357893124664
cym_Latn,srp_Cyrl,intfloat/multilingual-e5-large,0.9872315235786309
hun_Latn,azj_Latn,intfloat/multilingual-e5-large,0.9872287398881398
bak_Cyrl,swe_Latn,microsoft/harrier-oss-v1-0.6b,0.9872251553891604
deu_Latn,tel_Telu,microsoft/harrier-oss-v1-0.6b,0.9872170441159858
hun_Latn,jav_Latn,intfloat/multilingual-e5-large,0.9872155213691911
sin_Sinh,tam_Taml,intfloat/multilingual-e5-large,0.9872142808762536
azj_Latn,fin_Latn,jinaai/jina-embeddings-v3,0.9871952351421096
afr_Latn,amh_Ethi,intfloat/multilingual-e5-large,0.9871905949047287
aeb_Arab,kor_Hang,jinaai/jina-embeddings-v3,0.9871796287511292
spa_Latn,tam_Taml,intfloat/multilingual-e5-large,0.9871681928633522
jpn_Jpan,rus_Cyrl,microsoft/harrier-oss-v1-0.6b,0.9871680714014369
hun_Latn,lit_Latn,jinaai/jina-embeddings-v3,0.9871653620248836
zsm_Latn,lit_Latn,jinaai/jina-embeddings-v3,0.9871648780668687
ces_Latn,nno_Latn,microsoft/harrier-oss-v1-0.6b,0.9871553604658221
sot_Latn,tsn_Latn,intfloat/multilingual-e5-large,0.9871525007283576
ron_Latn,jpn_Jpan,microsoft/harrier-oss-v1-0.6b,0.9871509616327903
est_Latn,sun_Latn,microsoft/harrier-oss-v1-0.6b,0.9871471251139976
eng_Latn,mya_Mymr,intfloat/multilingual-e5-large,0.9871311468285089
heb_Hebr,mal_Mlym,intfloat/multilingual-e5-large,0.9871273293620815
npi_Deva,ron_Latn,jinaai/jina-embeddings-v3,0.9871146434033199
mya_Mymr,vie_Latn,microsoft/harrier-oss-v1-270m,0.9871095639391517
ceb_Latn,srp_Cyrl,microsoft/harrier-oss-v1-0.6b,0.987095603812226
xho_Latn,zho_Hant,microsoft/harrier-oss-v1-0.6b,0.9870920402250326
bak_Cyrl,pol_Latn,microsoft/harrier-oss-v1-0.6b,0.9870832196460952
heb_Hebr,srd_Latn,microsoft/harrier-oss-v1-0.6b,0.9870800395256918
guj_Gujr,npi_Deva,intfloat/multilingual-e5-large,0.987078389082271
zsm_Latn,tel_Telu,intfloat/multilingual-e5-large,0.9870727414040212
eng_Latn,arz_Arab,intfloat/multilingual-e5-large,0.987069907662862
mkd_Cyrl,mar_Deva,intfloat/multilingual-e5-large,0.987058438456502
heb_Hebr,isl_Latn,jinaai/jina-embeddings-v3,0.9870543714020856
jav_Latn,war_Latn,intfloat/multilingual-e5-large,0.987051121592851
fra_Latn,tel_Telu,microsoft/harrier-oss-v1-0.6b,0.9870490291310472
uzn_Latn,tur_Latn,microsoft/harrier-oss-v1-270m,0.9870483719115486
amh_Ethi,dan_Latn,microsoft/harrier-oss-v1-270m,0.9870430217010979
mal_Mlym,tam_Taml,intfloat/multilingual-e5-large,0.9870374956180767
azj_Latn,heb_Hebr,microsoft/harrier-oss-v1-0.6b,0.9870343193366826
tgk_Cyrl,ukr_Cyrl,microsoft/harrier-oss-v1-0.6b,0.9870335743277934
arb_Arab,nso_Latn,intfloat/multilingual-e5-large,0.987031116794544
mar_Deva,swe_Latn,jinaai/jina-embeddings-v3,0.9870212244807606
hat_Latn,swe_Latn,microsoft/harrier-oss-v1-0.6b,0.9870050903046927
azj_Latn,mal_Mlym,intfloat/multilingual-e5-large,0.9869971034414857
amh_Ethi,ukr_Cyrl,microsoft/harrier-oss-v1-0.6b,0.98699272327292
asm_Beng,eng_Latn,microsoft/harrier-oss-v1-0.6b,0.9869874576148907
nno_Latn,uzn_Latn,intfloat/multilingual-e5-large,0.986976504212041
kir_Cyrl,urd_Arab,microsoft/harrier-oss-v1-0.6b,0.9869705489662624
zsm_Latn,mlt_Latn,intfloat/multilingual-e5-large,0.9869665928603724
afr_Latn,mai_Deva,intfloat/multilingual-e5-large,0.9869603498908854
xho_Latn,zho_Hans,microsoft/harrier-oss-v1-270m,0.986958337285122
ces_Latn,uzn_Latn,microsoft/harrier-oss-v1-270m,0.9869482297343839
kaz_Cyrl,tha_Thai,jinaai/jina-embeddings-v3,0.9869474529332608
jpn_Jpan,ind_Latn,microsoft/harrier-oss-v1-0.6b,0.9869463547908635
swe_Latn,uzn_Latn,microsoft/harrier-oss-v1-0.6b,0.9869413100689988
jav_Latn,slv_Latn,microsoft/harrier-oss-v1-0.6b,0.9869367430769286
cat_Latn,nno_Latn,intfloat/multilingual-e5-large,0.9869352658672612
als_Latn,tam_Taml,intfloat/multilingual-e5-large,0.9869099517809408
isl_Latn,sin_Sinh,intfloat/multilingual-e5-large,0.9869084259764943
hun_Latn,npi_Deva,intfloat/multilingual-e5-large,0.9869029095321267
bul_Cyrl,jpn_Jpan,microsoft/harrier-oss-v1-0.6b,0.9868910603910858
bel_Cyrl,mal_Mlym,intfloat/multilingual-e5-large,0.9868850279120831
fin_Latn,glg_Latn,intfloat/multilingual-e5-large,0.9868822577088028
ell_Grek,guj_Gujr,intfloat/multilingual-e5-large,0.9868698346194282
bak_Cyrl,vie_Latn,microsoft/harrier-oss-v1-0.6b,0.9868622191851752
bho_Deva,mal_Mlym,microsoft/harrier-oss-v1-0.6b,0.9868530885012298
isl_Latn,srp_Cyrl,jinaai/jina-embeddings-v3,0.9868509293882393
azj_Latn,srp_Cyrl,microsoft/harrier-oss-v1-0.6b,0.9868431041291419
npi_Deva,san_Deva,microsoft/harrier-oss-v1-0.6b,0.986840490248542
afr_Latn,hun_Latn,jinaai/jina-embeddings-v3,0.9868404731587267
eus_Latn,tgl_Latn,intfloat/multilingual-e5-large,0.9868323246016185
pbt_Arab,sin_Sinh,intfloat/multilingual-e5-large,0.9868317366796391
ckb_Arab,rus_Cyrl,microsoft/harrier-oss-v1-0.6b,0.9868303673511967
deu_Latn,swh_Latn,microsoft/harrier-oss-v1-270m,0.986828589312425
dan_Latn,ekk_Latn,intfloat/multilingual-e5-large,0.9868145695259588
hrv_Latn,sun_Latn,intfloat/multilingual-e5-large,0.9868134642720683
ces_Latn,ekk_Latn,intfloat/multilingual-e5-large,0.9868134548901528
cat_Latn,ceb_Latn,microsoft/harrier-oss-v1-270m,0.9868133954966596
mal_Mlym,mar_Deva,intfloat/multilingual-e5-large,0.986810877705034
heb_Hebr,ckb_Arab,microsoft/harrier-oss-v1-270m,0.9868043925818719
afr_Latn,nno_Latn,microsoft/harrier-oss-v1-0.6b,0.98680106626957
lit_Latn,npi_Deva,jinaai/jina-embeddings-v3,0.9867924887544857
jpn_Jpan,pol_Latn,codefuse-ai/F2LLM-v2-0.6B,0.986784616760374
bak_Cyrl,tur_Latn,microsoft/harrier-oss-v1-0.6b,0.9867738810443432
jpn_Jpan,deu_Latn,microsoft/harrier-oss-v1-0.6b,0.9867641362143371
hat_Latn,ron_Latn,microsoft/harrier-oss-v1-270m,0.986760808442928
fra_Latn,isl_Latn,jinaai/jina-embeddings-v3,0.9867582773177856
ekk_Latn,lit_Latn,intfloat/multilingual-e5-large,0.9867550585278622
ces_Latn,swh_Latn,microsoft/harrier-oss-v1-270m,0.9867494934276757
gle_Latn,oci_Latn,microsoft/harrier-oss-v1-0.6b,0.9867353414043136
bak_Cyrl,hrv_Latn,microsoft/harrier-oss-v1-270m,0.9867271818853638
heb_Hebr,swh_Latn,microsoft/harrier-oss-v1-270m,0.9867236550402726
snd_Arab,tgl_Latn,intfloat/multilingual-e5-large,0.9867120468838089
srd_Latn,jav_Latn,microsoft/harrier-oss-v1-270m,0.9867087375733622
azj_Latn,tha_Thai,jinaai/jina-embeddings-v3,0.9867055718687935
hrv_Latn,khk_Cyrl,intfloat/multilingual-e5-large,0.9867030210508518
fra_Latn,run_Latn,microsoft/harrier-oss-v1-270m,0.9866985068072024
fra_Latn,kan_Knda,intfloat/multilingual-e5-large,0.9866939240755962
uzn_Latn,pol_Latn,microsoft/harrier-oss-v1-270m,0.9866896436721498
azj_Latn,tat_Cyrl,microsoft/harrier-oss-v1-270m,0.9866825538963768
bel_Cyrl,guj_Gujr,intfloat/multilingual-e5-large,0.9866821299064708
ekk_Latn,spa_Latn,jinaai/jina-embeddings-v3,0.986674669045892
srd_Latn,est_Latn,microsoft/harrier-oss-v1-0.6b,0.9866694899303596
glg_Latn,lvs_Latn,jinaai/jina-embeddings-v3,0.9866688553496104
fra_Latn,uzn_Latn,microsoft/harrier-oss-v1-0.6b,0.9866604201692325
ceb_Latn,kat_Geor,intfloat/multilingual-e5-large,0.9866527580768997
aeb_Arab,tha_Thai,jinaai/jina-embeddings-v3,0.9866511305228048
fin_Latn,hne_Deva,microsoft/harrier-oss-v1-0.6b,0.9866412672910994
hin_Deva,lit_Latn,jinaai/jina-embeddings-v3,0.9866401947999546
hat_Latn,tur_Latn,microsoft/harrier-oss-v1-270m,0.9866389904560352
bos_Latn,lit_Latn,jinaai/jina-embeddings-v3,0.986630200239947
ell_Grek,hne_Deva,microsoft/harrier-oss-v1-270m,0.986628597684962
mkd_Cyrl,snd_Arab,intfloat/multilingual-e5-large,0.9866285819978982
ast_Latn,ilo_Latn,microsoft/harrier-oss-v1-0.6b,0.986628146847901
isl_Latn,hrv_Latn,intfloat/multilingual-e5-large,0.9866212769934231
spa_Latn,swh_Latn,microsoft/harrier-oss-v1-270m,0.9866208217382272
fin_Latn,pan_Guru,intfloat/multilingual-e5-large,0.9866198179798762
ita_Latn,mar_Deva,microsoft/harrier-oss-v1-270m,0.9866186944993907
hye_Armn,npi_Deva,intfloat/multilingual-e5-large,0.9866184191550134
ssw_Latn,zul_Latn,intfloat/multilingual-e5-large,0.9866098952773104
srp_Cyrl,swh_Latn,intfloat/multilingual-e5-large,0.9866082855417708
dan_Latn,kan_Knda,jinaai/jina-embeddings-v3,0.9865965800416979
dan_Latn,jpn_Jpan,jinaai/jina-embeddings-v3,0.986594184747546
kan_Knda,swe_Latn,jinaai/jina-embeddings-v3,0.9865890121222076
hun_Latn,mal_Mlym,intfloat/multilingual-e5-large,0.986585601376191
kir_Cyrl,slk_Latn,microsoft/harrier-oss-v1-0.6b,0.9865854525108292
pan_Guru,ron_Latn,microsoft/harrier-oss-v1-0.6b,0.9865850309302645
cat_Latn,hne_Deva,intfloat/multilingual-e5-large,0.9865829696801016
ben_Beng,lao_Laoo,jinaai/jina-embeddings-v3,0.9865711552508669
fin_Latn,azj_Latn,intfloat/multilingual-e5-large,0.9865552021081361
ita_Latn,kan_Knda,microsoft/harrier-oss-v1-0.6b,0.9865531476668459
ast_Latn,snd_Arab,microsoft/harrier-oss-v1-0.6b,0.98654739615838
deu_Latn,war_Latn,microsoft/harrier-oss-v1-270m,0.9865468962458007
est_Latn,swh_Latn,microsoft/harrier-oss-v1-0.6b,0.9865408092310266
bho_Deva,hin_Deva,microsoft/harrier-oss-v1-270m,0.9865382287229789
glg_Latn,isl_Latn,jinaai/jina-embeddings-v3,0.9865346677996298
lit_Latn,hun_Latn,jinaai/jina-embeddings-v3,0.9865264749857784
ell_Grek,khm_Khmr,jinaai/jina-embeddings-v3,0.986514037172066
mal_Mlym,san_Deva,microsoft/harrier-oss-v1-0.6b,0.9865066114846088
eus_Latn,swe_Latn,jinaai/jina-embeddings-v3,0.9864941749771239
glg_Latn,mal_Mlym,microsoft/harrier-oss-v1-0.6b,0.9864907131588803
azj_Latn,cat_Latn,microsoft/harrier-oss-v1-0.6b,0.9864841646793598
bel_Cyrl,pan_Guru,intfloat/multilingual-e5-large,0.9864770338649302
bak_Cyrl,nld_Latn,microsoft/harrier-oss-v1-0.6b,0.9864746336449004
cym_Latn,fur_Latn,intfloat/multilingual-e5-large,0.986465587552544
snd_Arab,ukr_Cyrl,jinaai/jina-embeddings-v3,0.9864534002420741
lvs_Latn,srd_Latn,microsoft/harrier-oss-v1-0.6b,0.9864459815546772
amh_Ethi,srd_Latn,microsoft/harrier-oss-v1-270m,0.9864459815546772
eng_Latn,mlt_Latn,microsoft/harrier-oss-v1-0.6b,0.9864442073725751
npi_Deva,snd_Arab,intfloat/multilingual-e5-large,0.9864364928768636
ben_Beng,khk_Cyrl,intfloat/multilingual-e5-large,0.9864303958983636
kat_Geor,tgk_Cyrl,microsoft/harrier-oss-v1-0.6b,0.9864297536846508
amh_Ethi,hye_Armn,intfloat/multilingual-e5-large,0.9864186489889369
ceb_Latn,smo_Latn,microsoft/harrier-oss-v1-0.6b,0.9864159640958742
khm_Khmr,srp_Cyrl,jinaai/jina-embeddings-v3,0.986415807098959
hun_Latn,kir_Cyrl,intfloat/multilingual-e5-large,0.9864092825770829
jpn_Jpan,ron_Latn,microsoft/harrier-oss-v1-0.6b,0.9863986609202142
hrv_Latn,bak_Cyrl,microsoft/harrier-oss-v1-0.6b,0.9863942695088711
afr_Latn,npi_Deva,intfloat/multilingual-e5-large,0.9863918122572612
khm_Khmr,zsm_Latn,jinaai/jina-embeddings-v3,0.98638587221034
swe_Latn,ekk_Latn,intfloat/multilingual-e5-large,0.986384960342806
hrv_Latn,xho_Latn,intfloat/multilingual-e5-large,0.9863813546372936
bak_Cyrl,ukr_Cyrl,microsoft/harrier-oss-v1-0.6b,0.9863789086967589
kir_Cyrl,vie_Latn,microsoft/harrier-oss-v1-0.6b,0.9863780061425038
nno_Latn,ell_Grek,microsoft/harrier-oss-v1-0.6b,0.9863767609645067
cym_Latn,vie_Latn,intfloat/multilingual-e5-large,0.9863742359056652
ron_Latn,swh_Latn,microsoft/harrier-oss-v1-270m,0.9863739109186762
zsm_Latn,tam_Taml,intfloat/multilingual-e5-large,0.9863733716147158
bul_Cyrl,isl_Latn,jinaai/jina-embeddings-v3,0.9863730145914986
hin_Deva,slv_Latn,microsoft/harrier-oss-v1-0.6b,0.9863563762460259
deu_Latn,kan_Knda,jinaai/jina-embeddings-v3,0.9863555332114916
dan_Latn,uzn_Latn,intfloat/multilingual-e5-large,0.9863477728741599
ckb_Arab,ron_Latn,microsoft/harrier-oss-v1-270m,0.9863442824452222
eng_Latn,sun_Latn,intfloat/multilingual-e5-large,0.9863402047339556
mkd_Cyrl,khk_Cyrl,intfloat/multilingual-e5-large,0.9863268984830527
lit_Latn,afr_Latn,jinaai/jina-embeddings-v3,0.9863236566347982
eng_Latn,tir_Ethi,microsoft/harrier-oss-v1-270m,0.9863224896159462
npi_Deva,slv_Latn,microsoft/harrier-oss-v1-0.6b,0.9863183264992552
kan_Knda,sin_Sinh,intfloat/multilingual-e5-large,0.986310399446569
srd_Latn,mar_Deva,microsoft/harrier-oss-v1-0.6b,0.98630995157675
ron_Latn,uzn_Latn,intfloat/multilingual-e5-large,0.9863097824678502
isl_Latn,oci_Latn,jinaai/jina-embeddings-v3,0.9863032773111824
kin_Latn,zho_Hans,microsoft/harrier-oss-v1-270m,0.9863000594596444
hin_Deva,tgk_Cyrl,microsoft/harrier-oss-v1-0.6b,0.9862995813245541
zsm_Latn,jpn_Jpan,microsoft/harrier-oss-v1-0.6b,0.9862944942280676
uzn_Latn,slv_Latn,microsoft/harrier-oss-v1-270m,0.9862929736564543
lao_Laoo,tgl_Latn,intfloat/multilingual-e5-large,0.9862918841942014
swh_Latn,xho_Latn,intfloat/multilingual-e5-large,0.9862721131131562
hun_Latn,pan_Guru,intfloat/multilingual-e5-large,0.9862713535615375
slv_Latn,nno_Latn,microsoft/harrier-oss-v1-0.6b,0.9862710043420845
hat_Latn,vie_Latn,microsoft/harrier-oss-v1-0.6b,0.986260049354347
afr_Latn,pan_Guru,intfloat/multilingual-e5-large,0.9862584568923847
mar_Deva,zsm_Latn,intfloat/multilingual-e5-large,0.9862474350769688
deu_Latn,ckb_Arab,microsoft/harrier-oss-v1-270m,0.9862458056155345
pan_Guru,slv_Latn,microsoft/harrier-oss-v1-0.6b,0.9862408350791185
mar_Deva,npi_Deva,intfloat/multilingual-e5-large,0.986232447759873
guj_Gujr,snd_Arab,intfloat/multilingual-e5-large,0.986227858686733
ekk_Latn,jav_Latn,intfloat/multilingual-e5-large,0.9862255953823024
afr_Latn,lit_Latn,jinaai/jina-embeddings-v3,0.9862169751491467
fur_Latn,sin_Sinh,microsoft/harrier-oss-v1-0.6b,0.9861984452883368
swh_Latn,tur_Latn,microsoft/harrier-oss-v1-270m,0.98619547345926
bak_Cyrl,ita_Latn,microsoft/harrier-oss-v1-0.6b,0.9861941206523386
pan_Guru,tam_Taml,intfloat/multilingual-e5-large,0.9861912615507488
kan_Knda,pan_Guru,microsoft/harrier-oss-v1-0.6b,0.9861907459876766
ben_Beng,mya_Mymr,jinaai/jina-embeddings-v3,0.986175367723897
cat_Latn,isl_Latn,jinaai/jina-embeddings-v3,0.9861674142988379
bul_Cyrl,mar_Deva,microsoft/harrier-oss-v1-0.6b,0.986165240982867
cym_Latn,nld_Latn,microsoft/harrier-oss-v1-270m,0.9861637344437014
dan_Latn,tgk_Cyrl,microsoft/harrier-oss-v1-270m,0.9861591160313287
hne_Deva,kan_Knda,microsoft/harrier-oss-v1-0.6b,0.9861529827629523
bel_Cyrl,tgk_Cyrl,microsoft/harrier-oss-v1-0.6b,0.9861410279093721
afr_Latn,bel_Cyrl,jinaai/jina-embeddings-v3,0.9861396028327825
eus_Latn,eng_Latn,jinaai/jina-embeddings-v3,0.9861375072562212
deu_Latn,ekk_Latn,intfloat/multilingual-e5-large,0.9861241217798594
hrv_Latn,khm_Khmr,jinaai/jina-embeddings-v3,0.986123990175533
bel_Cyrl,ceb_Latn,microsoft/harrier-oss-v1-270m,0.9861186609025715
srp_Cyrl,tgk_Cyrl,microsoft/harrier-oss-v1-0.6b,0.9861125353844129
mar_Deva,vie_Latn,microsoft/harrier-oss-v1-0.6b,0.9861124053429752
ukr_Cyrl,uzn_Latn,microsoft/harrier-oss-v1-0.6b,0.9861082647226762
afr_Latn,kaz_Cyrl,jinaai/jina-embeddings-v3,0.9861030000108454
ben_Beng,pbt_Arab,intfloat/multilingual-e5-large,0.9860901889863327
por_Latn,sna_Latn,microsoft/harrier-oss-v1-270m,0.986088153747212
cym_Latn,swe_Latn,microsoft/harrier-oss-v1-270m,0.9860797986001818
slv_Latn,swh_Latn,microsoft/harrier-oss-v1-270m,0.9860788763611983
gle_Latn,tgl_Latn,intfloat/multilingual-e5-large,0.9860752972627862
ron_Latn,tat_Cyrl,microsoft/harrier-oss-v1-0.6b,0.9860624899940786
khk_Cyrl,als_Latn,intfloat/multilingual-e5-large,0.9860607358353615
bos_Latn,ekk_Latn,intfloat/multilingual-e5-large,0.9860576744358944
mar_Deva,snd_Arab,intfloat/multilingual-e5-large,0.9860386543221794
deu_Latn,lao_Laoo,intfloat/multilingual-e5-large,0.9860342822696256
cat_Latn,zul_Latn,intfloat/multilingual-e5-large,0.9860298827731471
fin_Latn,ekk_Latn,jinaai/jina-embeddings-v3,0.9860187007995512
cat_Latn,uzn_Latn,intfloat/multilingual-e5-large,0.9860186683267653
cat_Latn,jpn_Jpan,microsoft/harrier-oss-v1-0.6b,0.9860171851152968
ast_Latn,xho_Latn,microsoft/harrier-oss-v1-270m,0.9860160316187984
kat_Geor,zul_Latn,intfloat/multilingual-e5-large,0.9860135699568653
hat_Latn,hye_Armn,microsoft/harrier-oss-v1-270m,0.9860078439479552
hin_Deva,lvs_Latn,jinaai/jina-embeddings-v3,0.9859966139765838
hat_Latn,urd_Arab,microsoft/harrier-oss-v1-270m,0.9859923205366818
mai_Deva,tel_Telu,intfloat/multilingual-e5-large,0.985986803115596
kan_Knda,mai_Deva,intfloat/multilingual-e5-large,0.9859866728553224
eus_Latn,ukr_Cyrl,jinaai/jina-embeddings-v3,0.9859859418126034
fin_Latn,hin_Deva,jinaai/jina-embeddings-v3,0.9859821432416712
ita_Latn,snd_Arab,intfloat/multilingual-e5-large,0.9859738591347897
guj_Gujr,srp_Cyrl,jinaai/jina-embeddings-v3,0.9859720063673789
srd_Latn,heb_Hebr,microsoft/harrier-oss-v1-0.6b,0.9859707263999145
ell_Grek,tgk_Cyrl,microsoft/harrier-oss-v1-0.6b,0.9859598345374997
gle_Latn,als_Latn,intfloat/multilingual-e5-large,0.9859342904136705
pbt_Arab,urd_Arab,intfloat/multilingual-e5-large,0.9859261018868062
sot_Latn,xho_Latn,intfloat/multilingual-e5-large,0.9859242342597931
war_Latn,nld_Latn,microsoft/harrier-oss-v1-0.6b,0.9859218125020996
khk_Cyrl,tgl_Latn,intfloat/multilingual-e5-large,0.9859208394651542
hye_Armn,isl_Latn,jinaai/jina-embeddings-v3,0.9859170858917681
bel_Cyrl,lit_Latn,jinaai/jina-embeddings-v3,0.9859125959683489
amh_Ethi,ron_Latn,microsoft/harrier-oss-v1-270m,0.9859069822986789
bel_Cyrl,srd_Latn,microsoft/harrier-oss-v1-270m,0.9858923250165414
ell_Grek,kaz_Cyrl,microsoft/harrier-oss-v1-0.6b,0.9858915911886514
afr_Latn,sun_Latn,intfloat/multilingual-e5-large,0.9858907574956568
nso_Latn,por_Latn,microsoft/harrier-oss-v1-270m,0.9858881679533852
rus_Cyrl,ekk_Latn,intfloat/multilingual-e5-large,0.985884689731294
cat_Latn,tgk_Cyrl,microsoft/harrier-oss-v1-0.6b,0.9858757968012992
amh_Ethi,jav_Latn,microsoft/harrier-oss-v1-270m,0.9858699875949599
glg_Latn,npi_Deva,intfloat/multilingual-e5-large,0.9858638061597311
arz_Arab,hrv_Latn,intfloat/multilingual-e5-large,0.985851652706904
ita_Latn,isl_Latn,jinaai/jina-embeddings-v3,0.9858499417063971
ind_Latn,kaz_Cyrl,microsoft/harrier-oss-v1-0.6b,0.9858497349712114
pan_Guru,tha_Thai,jinaai/jina-embeddings-v3,0.9858340409853152
cym_Latn,hne_Deva,intfloat/multilingual-e5-large,0.9858251006883861
hrv_Latn,tel_Telu,intfloat/multilingual-e5-large,0.9858235772602308
amh_Ethi,swh_Latn,microsoft/harrier-oss-v1-270m,0.9858219472244751
amh_Ethi,kaz_Cyrl,microsoft/harrier-oss-v1-270m,0.9858175070237377
ind_Latn,nno_Latn,microsoft/harrier-oss-v1-0.6b,0.9858057937363005
mlt_Latn,ita_Latn,microsoft/harrier-oss-v1-0.6b,0.9858020172923305
uzn_Latn,swe_Latn,microsoft/harrier-oss-v1-270m,0.9857964482379025
hrv_Latn,jpn_Jpan,microsoft/harrier-oss-v1-0.6b,0.9857899758683912
dan_Latn,swh_Latn,microsoft/harrier-oss-v1-0.6b,0.9857738694968703
guj_Gujr,tha_Thai,jinaai/jina-embeddings-v3,0.9857711799029774
ind_Latn,tel_Telu,jinaai/jina-embeddings-v3,0.9857692915278355
hye_Armn,khm_Khmr,jinaai/jina-embeddings-v3,0.9857633411090755
azj_Latn,hun_Latn,microsoft/harrier-oss-v1-270m,0.9857489444582328
fra_Latn,bak_Cyrl,microsoft/harrier-oss-v1-0.6b,0.9857479750419624
uzn_Latn,srp_Cyrl,intfloat/multilingual-e5-large,0.9857445029928784
slk_Latn,jpn_Jpan,jinaai/jina-embeddings-v3,0.9857369028606096
arz_Arab,tur_Latn,jinaai/jina-embeddings-v3,0.9857301823000542
deu_Latn,ydd_Hebr,intfloat/multilingual-e5-large,0.9857284254045355
kaz_Cyrl,khm_Khmr,jinaai/jina-embeddings-v3,0.9857212375868472
pan_Guru,srp_Cyrl,jinaai/jina-embeddings-v3,0.985717703228698
hun_Latn,afr_Latn,microsoft/harrier-oss-v1-0.6b,0.9857144260573456
cym_Latn,deu_Latn,microsoft/harrier-oss-v1-270m,0.9857107501273086
hin_Deva,jpn_Jpan,microsoft/harrier-oss-v1-0.6b,0.9856899836437307
srp_Cyrl,tel_Telu,intfloat/multilingual-e5-large,0.9856893858617054
hat_Latn,mkd_Cyrl,microsoft/harrier-oss-v1-270m,0.9856867242019137
arz_Arab,als_Latn,intfloat/multilingual-e5-large,0.9856836300020626
amh_Ethi,slv_Latn,microsoft/harrier-oss-v1-270m,0.9856828192626107
kir_Cyrl,pol_Latn,microsoft/harrier-oss-v1-0.6b,0.9856740456288461
asm_Beng,nld_Latn,microsoft/harrier-oss-v1-0.6b,0.9856713449327116
zul_Latn,tur_Latn,microsoft/harrier-oss-v1-0.6b,0.9856585935317728
fra_Latn,kir_Cyrl,intfloat/multilingual-e5-large,0.9856541845224178
bos_Latn,isl_Latn,intfloat/multilingual-e5-large,0.9856538354866237
lit_Latn,pan_Guru,jinaai/jina-embeddings-v3,0.9856527267519348
als_Latn,tel_Telu,intfloat/multilingual-e5-large,0.9856339497838165
hin_Deva,khm_Khmr,jinaai/jina-embeddings-v3,0.9856320932440299
heb_Hebr,kir_Cyrl,intfloat/multilingual-e5-large,0.9856295937026682
hun_Latn,tgk_Cyrl,microsoft/harrier-oss-v1-0.6b,0.9856286629697559
arz_Arab,mkd_Cyrl,jinaai/jina-embeddings-v3,0.9856284742527552
bul_Cyrl,tel_Telu,intfloat/multilingual-e5-large,0.985625153881651
ell_Grek,npi_Deva,jinaai/jina-embeddings-v3,0.9856228907642108
rus_Cyrl,zul_Latn,microsoft/harrier-oss-v1-0.6b,0.9856112518187413
fra_Latn,mya_Mymr,intfloat/multilingual-e5-large,0.9856075600004424
ben_Beng,uzn_Latn,intfloat/multilingual-e5-large,0.985607188911425
glg_Latn,pan_Guru,intfloat/multilingual-e5-large,0.985605540349149
azj_Latn,kaz_Cyrl,microsoft/harrier-oss-v1-0.6b,0.9856045252502532
khm_Khmr,ukr_Cyrl,jinaai/jina-embeddings-v3,0.9855960880432002
kan_Knda,san_Deva,microsoft/harrier-oss-v1-0.6b,0.985585041641698
azj_Latn,tgk_Cyrl,microsoft/harrier-oss-v1-0.6b,0.9855790700804044
tel_Telu,tur_Latn,jinaai/jina-embeddings-v3,0.9855790464487457
mlt_Latn,fra_Latn,microsoft/harrier-oss-v1-0.6b,0.9855661057313814
slk_Latn,zul_Latn,microsoft/harrier-oss-v1-0.6b,0.9855403655003172
uzn_Latn,vie_Latn,microsoft/harrier-oss-v1-270m,0.9855390585592094
mal_Mlym,swh_Latn,microsoft/harrier-oss-v1-270m,0.9855325077723063
dan_Latn,tel_Telu,jinaai/jina-embeddings-v3,0.9855260455453544
mlt_Latn,ron_Latn,microsoft/harrier-oss-v1-0.6b,0.9855188755173185
tel_Telu,vie_Latn,microsoft/harrier-oss-v1-0.6b,0.9854899430776004
nld_Latn,mlt_Latn,microsoft/harrier-oss-v1-0.6b,0.9854869510479938
ckb_Arab,tur_Latn,microsoft/harrier-oss-v1-0.6b,0.9854842324461
swe_Latn,tam_Taml,intfloat/multilingual-e5-large,0.9854826943412627
ind_Latn,zul_Latn,intfloat/multilingual-e5-large,0.9854823517225556
hun_Latn,jpn_Jpan,intfloat/multilingual-e5-large,0.9854752527356387
asm_Beng,hin_Deva,microsoft/harrier-oss-v1-0.6b,0.9854685663668763
jpn_Jpan,tha_Thai,codefuse-ai/F2LLM-v2-0.6B,0.9854630648390261
kaz_Cyrl,khk_Cyrl,intfloat/multilingual-e5-large,0.985462636290326
kan_Knda,tur_Latn,jinaai/jina-embeddings-v3,0.985458763200576
ckb_Arab,swe_Latn,microsoft/harrier-oss-v1-0.6b,0.9854572524597216
bul_Cyrl,mlt_Latn,microsoft/harrier-oss-v1-0.6b,0.9854500079991524
tat_Cyrl,uzn_Latn,microsoft/harrier-oss-v1-0.6b,0.9854489940145978
slk_Latn,swh_Latn,microsoft/harrier-oss-v1-270m,0.9854419523974784
mal_Mlym,pbt_Arab,intfloat/multilingual-e5-large,0.9854358876572628
snd_Arab,tur_Latn,jinaai/jina-embeddings-v3,0.9854326290781823
ell_Grek,lvs_Latn,intfloat/multilingual-e5-large,0.9854242271471976
swh_Latn,tgk_Cyrl,microsoft/harrier-oss-v1-270m,0.9854204065407433
dan_Latn,zul_Latn,microsoft/harrier-oss-v1-0.6b,0.9854177354339166
glg_Latn,kaz_Cyrl,microsoft/harrier-oss-v1-0.6b,0.9854147315242185
lao_Laoo,vie_Latn,jinaai/jina-embeddings-v3,0.9854119966092658
mya_Mymr,urd_Arab,microsoft/harrier-oss-v1-270m,0.9854071228538364
deu_Latn,pcm_Latn,microsoft/harrier-oss-v1-0.6b,0.9854022399982588
fra_Latn,snd_Arab,intfloat/multilingual-e5-large,0.985401790247323
bel_Cyrl,cat_Latn,jinaai/jina-embeddings-v3,0.9853958781635699
ces_Latn,guj_Gujr,microsoft/harrier-oss-v1-0.6b,0.9853947979438
sin_Sinh,swh_Latn,microsoft/harrier-oss-v1-0.6b,0.9853801017808629
tso_Latn,zul_Latn,intfloat/multilingual-e5-large,0.9853640134961822
hat_Latn,ind_Latn,microsoft/harrier-oss-v1-270m,0.9853602645548538
jpn_Jpan,hrv_Latn,microsoft/harrier-oss-v1-0.6b,0.985359051291283
jpn_Jpan,nld_Latn,microsoft/harrier-oss-v1-0.6b,0.985356268138166
guj_Gujr,ron_Latn,microsoft/harrier-oss-v1-0.6b,0.9853561663360402
cat_Latn,lvs_Latn,jinaai/jina-embeddings-v3,0.9853552127202464
heb_Hebr,zul_Latn,microsoft/harrier-oss-v1-0.6b,0.9853520475203037
glg_Latn,guj_Gujr,microsoft/harrier-oss-v1-0.6b,0.985340456648143
kor_Hang,srd_Latn,microsoft/harrier-oss-v1-0.6b,0.9853402032749858
arz_Arab,srp_Cyrl,jinaai/jina-embeddings-v3,0.9853385048667211
ces_Latn,cym_Latn,intfloat/multilingual-e5-large,0.9853279636932836
amh_Ethi,npi_Deva,microsoft/harrier-oss-v1-270m,0.9853156990212621
mlt_Latn,swe_Latn,microsoft/harrier-oss-v1-0.6b,0.985313529622525
deu_Latn,snd_Arab,intfloat/multilingual-e5-large,0.9853105058199458
arz_Arab,deu_Latn,jinaai/jina-embeddings-v3,0.9852885201084377
ces_Latn,bak_Cyrl,microsoft/harrier-oss-v1-0.6b,0.9852805071801422
mkd_Cyrl,tam_Taml,intfloat/multilingual-e5-large,0.985271305183674
mal_Mlym,mya_Mymr,intfloat/multilingual-e5-large,0.9852679121035715
hat_Latn,sin_Sinh,microsoft/harrier-oss-v1-270m,0.9852623008226788
fra_Latn,lao_Laoo,intfloat/multilingual-e5-large,0.985259036083574
ces_Latn,ckb_Arab,microsoft/harrier-oss-v1-0.6b,0.9852569016770403
ben_Beng,hat_Latn,microsoft/harrier-oss-v1-270m,0.9852550332967331
kat_Geor,kir_Cyrl,intfloat/multilingual-e5-large,0.985246657960427
ukr_Cyrl,zul_Latn,microsoft/harrier-oss-v1-0.6b,0.9852456326421758
spa_Latn,tel_Telu,jinaai/jina-embeddings-v3,0.9852453932537547
jpn_Jpan,tur_Latn,microsoft/harrier-oss-v1-0.6b,0.9852450155278278
cym_Latn,hat_Latn,intfloat/multilingual-e5-large,0.9852254265445943
ekk_Latn,kat_Geor,intfloat/multilingual-e5-large,0.9852130792704564
cat_Latn,hat_Latn,intfloat/multilingual-e5-large,0.9852124958310262
bos_Latn,khm_Khmr,intfloat/multilingual-e5-large,0.985207480614489
hrv_Latn,mlt_Latn,microsoft/harrier-oss-v1-0.6b,0.9851997109724241
ell_Grek,ckb_Arab,microsoft/harrier-oss-v1-0.6b,0.98519532512284
kir_Cyrl,ukr_Cyrl,jinaai/jina-embeddings-v3,0.9851941412943448
slv_Latn,zul_Latn,microsoft/harrier-oss-v1-0.6b,0.9851820289420894
ilo_Latn,zho_Hans,microsoft/harrier-oss-v1-0.6b,0.9851804754602332
eus_Latn,nld_Latn,jinaai/jina-embeddings-v3,0.9851772898900526
rus_Cyrl,swh_Latn,microsoft/harrier-oss-v1-0.6b,0.9851714772976792
cym_Latn,mlt_Latn,intfloat/multilingual-e5-large,0.9851693798682888
nno_Latn,fin_Latn,intfloat/multilingual-e5-large,0.9851596702185894
isl_Latn,khm_Khmr,jinaai/jina-embeddings-v3,0.9851559445946148
lvs_Latn,tha_Thai,jinaai/jina-embeddings-v3,0.9851480888312023
amh_Ethi,guj_Gujr,intfloat/multilingual-e5-large,0.9851414273332049
hye_Armn,lvs_Latn,jinaai/jina-embeddings-v3,0.9851382247676327
kan_Knda,tgl_Latn,intfloat/multilingual-e5-large,0.9851359547291482
uzn_Latn,heb_Hebr,microsoft/harrier-oss-v1-270m,0.985135181533722
npi_Deva,swh_Latn,intfloat/multilingual-e5-large,0.9851252540246048
uzn_Latn,ron_Latn,microsoft/harrier-oss-v1-0.6b,0.9851204916489531
khm_Khmr,ind_Latn,jinaai/jina-embeddings-v3,0.985112926783767
pbt_Arab,als_Latn,intfloat/multilingual-e5-large,0.9851033054839429
afr_Latn,azj_Latn,microsoft/harrier-oss-v1-0.6b,0.9850989041745898
hne_Deva,tha_Thai,microsoft/harrier-oss-v1-0.6b,0.9850962163711742
jpn_Jpan,zsm_Latn,microsoft/harrier-oss-v1-0.6b,0.9850876425863548
afr_Latn,zul_Latn,intfloat/multilingual-e5-large,0.9850817560684708
fra_Latn,ekk_Latn,intfloat/multilingual-e5-large,0.9850661725196784
jpn_Jpan,dan_Latn,jinaai/jina-embeddings-v3,0.9850574606108147
guj_Gujr,tgk_Cyrl,microsoft/harrier-oss-v1-0.6b,0.9850535119656547
amh_Ethi,zul_Latn,microsoft/harrier-oss-v1-0.6b,0.9850352054043319
glg_Latn,hne_Deva,microsoft/harrier-oss-v1-0.6b,0.9850330366233682
slk_Latn,ekk_Latn,intfloat/multilingual-e5-large,0.985031732514168
ind_Latn,sun_Latn,microsoft/harrier-oss-v1-0.6b,0.9850184337059991
azj_Latn,lit_Latn,jinaai/jina-embeddings-v3,0.9850080927920839
lao_Laoo,nld_Latn,jinaai/jina-embeddings-v3,0.9849843981748829
bos_Latn,mar_Deva,intfloat/multilingual-e5-large,0.9849831550135745
fin_Latn,jav_Latn,intfloat/multilingual-e5-large,0.9849800548475212
ind_Latn,tat_Cyrl,microsoft/harrier-oss-v1-270m,0.9849772823895421
jav_Latn,kaz_Cyrl,microsoft/harrier-oss-v1-0.6b,0.9849737392368225
fao_Latn,por_Latn,jinaai/jina-embeddings-v3,0.9849683233818294
npi_Deva,tam_Taml,intfloat/multilingual-e5-large,0.984968206188919
glg_Latn,khm_Khmr,jinaai/jina-embeddings-v3,0.9849565945437999
dan_Latn,bak_Cyrl,microsoft/harrier-oss-v1-0.6b,0.9849485698305895
ekk_Latn,tgk_Cyrl,intfloat/multilingual-e5-large,0.9849446314344226
mya_Mymr,ukr_Cyrl,jinaai/jina-embeddings-v3,0.9849267086568567
slk_Latn,tel_Telu,jinaai/jina-embeddings-v3,0.9849219875967408
arz_Arab,sin_Sinh,intfloat/multilingual-e5-large,0.9849181068212367
asm_Beng,san_Deva,microsoft/harrier-oss-v1-0.6b,0.9849163900077244
bul_Cyrl,lao_Laoo,intfloat/multilingual-e5-large,0.9849135204201553
asm_Beng,mal_Mlym,intfloat/multilingual-e5-large,0.9849118644755701
srd_Latn,tam_Taml,microsoft/harrier-oss-v1-270m,0.984903733198336
bak_Cyrl,ind_Latn,microsoft/harrier-oss-v1-0.6b,0.9849028743341446
fin_Latn,srd_Latn,microsoft/harrier-oss-v1-0.6b,0.9849021202776144
heb_Hebr,hat_Latn,microsoft/harrier-oss-v1-270m,0.9848959175425964
nso_Latn,zul_Latn,intfloat/multilingual-e5-large,0.9848919554351678
srd_Latn,ltz_Latn,microsoft/harrier-oss-v1-0.6b,0.9848884810841332
jav_Latn,srd_Latn,microsoft/harrier-oss-v1-0.6b,0.9848882850241544
heb_Hebr,kan_Knda,jinaai/jina-embeddings-v3,0.9848878705420674
hne_Deva,tel_Telu,intfloat/multilingual-e5-large,0.9848861440951444
ita_Latn,pbt_Arab,intfloat/multilingual-e5-large,0.9848803565466013
ell_Grek,isl_Latn,jinaai/jina-embeddings-v3,0.9848738880243821
bul_Cyrl,khk_Cyrl,intfloat/multilingual-e5-large,0.9848592139321684
arz_Arab,ben_Beng,intfloat/multilingual-e5-large,0.9848511444769907
ben_Beng,ekk_Latn,jinaai/jina-embeddings-v3,0.9848502590305868
ita_Latn,lao_Laoo,intfloat/multilingual-e5-large,0.9848238863480624
san_Deva,sin_Sinh,microsoft/harrier-oss-v1-0.6b,0.9848211830667551
hat_Latn,srd_Latn,microsoft/harrier-oss-v1-0.6b,0.9848191170458908
azj_Latn,lvs_Latn,jinaai/jina-embeddings-v3,0.9848165592541795
mlt_Latn,nld_Latn,microsoft/harrier-oss-v1-270m,0.9848142756522619
arz_Arab,fra_Latn,intfloat/multilingual-e5-large,0.9848066838472864
amh_Ethi,cym_Latn,intfloat/multilingual-e5-large,0.984789234064956
kan_Knda,mal_Mlym,intfloat/multilingual-e5-large,0.9847877988657965
bul_Cyrl,pbt_Arab,intfloat/multilingual-e5-large,0.9847862696091146
glg_Latn,mar_Deva,intfloat/multilingual-e5-large,0.9847852035478575
hat_Latn,rus_Cyrl,microsoft/harrier-oss-v1-270m,0.9847778939158465
mlt_Latn,hrv_Latn,microsoft/harrier-oss-v1-0.6b,0.9847711050059189
isl_Latn,jav_Latn,intfloat/multilingual-e5-large,0.9847708713231369
eus_Latn,slv_Latn,jinaai/jina-embeddings-v3,0.9847701317151639
hin_Deva,hun_Latn,jinaai/jina-embeddings-v3,0.9847641853006079
spa_Latn,lao_Laoo,intfloat/multilingual-e5-large,0.9847608059248794
ell_Grek,lit_Latn,jinaai/jina-embeddings-v3,0.9847345246670369
war_Latn,fra_Latn,microsoft/harrier-oss-v1-0.6b,0.9847159606663074
asm_Beng,guj_Gujr,intfloat/multilingual-e5-large,0.9847137348136482
amh_Ethi,tir_Ethi,microsoft/harrier-oss-v1-270m,0.9847110652801989
lit_Latn,mal_Mlym,jinaai/jina-embeddings-v3,0.9847089102761656
zsm_Latn,mya_Mymr,intfloat/multilingual-e5-large,0.9847073662020587
bos_Latn,gle_Latn,intfloat/multilingual-e5-large,0.984698838172225
asm_Beng,hrv_Latn,microsoft/harrier-oss-v1-0.6b,0.9846872422364088
ind_Latn,pbt_Arab,intfloat/multilingual-e5-large,0.9846845665833301
fra_Latn,pbt_Arab,intfloat/multilingual-e5-large,0.9846728690847336
tsn_Latn,zul_Latn,intfloat/multilingual-e5-large,0.9846725526692761
kaz_Cyrl,zul_Latn,intfloat/multilingual-e5-large,0.9846536652847115
lao_Laoo,swe_Latn,jinaai/jina-embeddings-v3,0.984640969631176
ell_Grek,tat_Cyrl,microsoft/harrier-oss-v1-270m,0.9846360885279402
dan_Latn,mar_Deva,microsoft/harrier-oss-v1-270m,0.9846341551618387
kir_Cyrl,mkd_Cyrl,intfloat/multilingual-e5-large,0.984624191092516
eng_Latn,gle_Latn,intfloat/multilingual-e5-large,0.9846224614508117
amh_Ethi,mal_Mlym,microsoft/harrier-oss-v1-0.6b,0.9846223272222407
glg_Latn,uzn_Latn,intfloat/multilingual-e5-large,0.9846165465124388
spa_Latn,kan_Knda,microsoft/harrier-oss-v1-0.6b,0.9846120287301316
pol_Latn,tel_Telu,jinaai/jina-embeddings-v3,0.9846106366577236
eus_Latn,hrv_Latn,intfloat/multilingual-e5-large,0.9846035241240934
amh_Ethi,ind_Latn,microsoft/harrier-oss-v1-0.6b,0.9846006039799393
bos_Latn,kan_Knda,intfloat/multilingual-e5-large,0.984594414494635
bel_Cyrl,jpn_Jpan,microsoft/harrier-oss-v1-0.6b,0.9845816684773724
bak_Cyrl,ces_Latn,microsoft/harrier-oss-v1-0.6b,0.9845783905799734
kan_Knda,als_Latn,intfloat/multilingual-e5-large,0.9845761453866544
mya_Mymr,tgl_Latn,microsoft/harrier-oss-v1-270m,0.9845660934135663
jpn_Jpan,tgl_Latn,microsoft/harrier-oss-v1-0.6b,0.9845636860403486
est_Latn,srd_Latn,microsoft/harrier-oss-v1-0.6b,0.9845346387090144
kir_Cyrl,srp_Cyrl,intfloat/multilingual-e5-large,0.9845318154823355
ind_Latn,uzn_Latn,intfloat/multilingual-e5-large,0.9845222603776569
kan_Knda,nld_Latn,microsoft/harrier-oss-v1-0.6b,0.9845075285102571
ceb_Latn,hat_Latn,intfloat/multilingual-e5-large,0.9845065818244256
ceb_Latn,tha_Thai,microsoft/harrier-oss-v1-0.6b,0.9844989888769968
afr_Latn,hat_Latn,intfloat/multilingual-e5-large,0.9844947634076224
asm_Beng,mar_Deva,intfloat/multilingual-e5-large,0.9844890272569726
mkd_Cyrl,mya_Mymr,jinaai/jina-embeddings-v3,0.9844811298651586
dan_Latn,tam_Taml,intfloat/multilingual-e5-large,0.9844762547845617
eng_Latn,nso_Latn,intfloat/multilingual-e5-large,0.9844736519247594
san_Deva,urd_Arab,microsoft/harrier-oss-v1-0.6b,0.9844642518654068
arz_Arab,heb_Hebr,jinaai/jina-embeddings-v3,0.984461758776717
jav_Latn,srp_Cyrl,microsoft/harrier-oss-v1-0.6b,0.984452149901824
jpn_Jpan,slk_Latn,microsoft/harrier-oss-v1-0.6b,0.9844486932983522
mya_Mymr,tur_Latn,jinaai/jina-embeddings-v3,0.9844426474545975
khm_Khmr,npi_Deva,jinaai/jina-embeddings-v3,0.9844265185585441
mkd_Cyrl,tel_Telu,jinaai/jina-embeddings-v3,0.9844232186335131
mkd_Cyrl,xho_Latn,intfloat/multilingual-e5-large,0.9844150043810243
ekk_Latn,heb_Hebr,jinaai/jina-embeddings-v3,0.9844009230426094
mar_Deva,tur_Latn,microsoft/harrier-oss-v1-270m,0.984382442635255
ceb_Latn,xho_Latn,intfloat/multilingual-e5-large,0.9843811102261096
bel_Cyrl,fin_Latn,jinaai/jina-embeddings-v3,0.9843810616320297
kir_Cyrl,uzn_Latn,intfloat/multilingual-e5-large,0.9843730899347753
isl_Latn,kat_Geor,jinaai/jina-embeddings-v3,0.984361862857376
mal_Mlym,uzn_Latn,intfloat/multilingual-e5-large,0.9843552810388561
mar_Deva,slk_Latn,jinaai/jina-embeddings-v3,0.984351930121568
spa_Latn,hat_Latn,intfloat/multilingual-e5-large,0.9843515019322904
cym_Latn,uzn_Latn,intfloat/multilingual-e5-large,0.9843328210410537
eus_Latn,deu_Latn,jinaai/jina-embeddings-v3,0.9843299162054234
ben_Beng,mlt_Latn,microsoft/harrier-oss-v1-0.6b,0.9843229879852177
mal_Mlym,tgk_Cyrl,microsoft/harrier-oss-v1-0.6b,0.9843221327103434
tam_Taml,vie_Latn,microsoft/harrier-oss-v1-0.6b,0.9843105603693669
glg_Latn,nno_Latn,intfloat/multilingual-e5-large,0.9843079289578895
khk_Cyrl,sin_Sinh,intfloat/multilingual-e5-large,0.9843019145869184
mar_Deva,srp_Cyrl,jinaai/jina-embeddings-v3,0.9842993701342602
hun_Latn,khm_Khmr,jinaai/jina-embeddings-v3,0.9842993091894426
ell_Grek,uzn_Latn,microsoft/harrier-oss-v1-0.6b,0.9842979448793686
jpn_Jpan,ces_Latn,microsoft/harrier-oss-v1-0.6b,0.9842963880489032
ckb_Arab,tgk_Cyrl,microsoft/harrier-oss-v1-0.6b,0.9842945680942332
tam_Taml,ukr_Cyrl,jinaai/jina-embeddings-v3,0.9842813390412286
fin_Latn,khm_Khmr,jinaai/jina-embeddings-v3,0.9842801438910938
kaz_Cyrl,lvs_Latn,jinaai/jina-embeddings-v3,0.9842634560223944
nya_Latn,tgl_Latn,intfloat/multilingual-e5-large,0.9842383929408169
mlt_Latn,pol_Latn,microsoft/harrier-oss-v1-0.6b,0.9842365932467567
nld_Latn,pbt_Arab,intfloat/multilingual-e5-large,0.9842334037244813
bos_Latn,xho_Latn,intfloat/multilingual-e5-large,0.9842304918132083
bel_Cyrl,kir_Cyrl,intfloat/multilingual-e5-large,0.9842280421322329
eus_Latn,vie_Latn,jinaai/jina-embeddings-v3,0.9842209379224305
fra_Latn,sot_Latn,intfloat/multilingual-e5-large,0.9841867371750366
cym_Latn,heb_Hebr,microsoft/harrier-oss-v1-270m,0.9841704579581012
cat_Latn,swh_Latn,intfloat/multilingual-e5-large,0.984166698549095
sna_Latn,zul_Latn,intfloat/multilingual-e5-large,0.9841644861030829
khm_Khmr,lvs_Latn,jinaai/jina-embeddings-v3,0.984160271446791
eus_Latn,pol_Latn,jinaai/jina-embeddings-v3,0.984137507760528
ind_Latn,kan_Knda,jinaai/jina-embeddings-v3,0.9841123680194563
isl_Latn,ind_Latn,jinaai/jina-embeddings-v3,0.9841100321623892
amh_Ethi,ell_Grek,microsoft/harrier-oss-v1-270m,0.9840986092567938
kat_Geor,pbt_Arab,intfloat/multilingual-e5-large,0.9840906129347352
cym_Latn,pol_Latn,microsoft/harrier-oss-v1-270m,0.9840866936623627
cym_Latn,rus_Cyrl,intfloat/multilingual-e5-large,0.9840833595845927
deu_Latn,pbt_Arab,intfloat/multilingual-e5-large,0.9840708525641628
spa_Latn,kir_Cyrl,microsoft/harrier-oss-v1-0.6b,0.9840681801652436
khm_Khmr,als_Latn,jinaai/jina-embeddings-v3,0.9840600688498096
deu_Latn,mya_Mymr,jinaai/jina-embeddings-v3,0.9840582351338131
mar_Deva,ukr_Cyrl,jinaai/jina-embeddings-v3,0.9840551447987883
bel_Cyrl,tha_Thai,jinaai/jina-embeddings-v3,0.9840530735149144
dan_Latn,ckb_Arab,microsoft/harrier-oss-v1-270m,0.9840519165861858
afr_Latn,tgk_Cyrl,microsoft/harrier-oss-v1-0.6b,0.9840476555677313
fin_Latn,kir_Cyrl,intfloat/multilingual-e5-large,0.9840460342602464
mal_Mlym,tha_Thai,jinaai/jina-embeddings-v3,0.9840412043214091
amh_Ethi,hin_Deva,microsoft/harrier-oss-v1-0.6b,0.9840405395802958
arz_Arab,slv_Latn,jinaai/jina-embeddings-v3,0.9840280371742607
fra_Latn,mlt_Latn,microsoft/harrier-oss-v1-0.6b,0.9840149942503956
lao_Laoo,tha_Thai,jinaai/jina-embeddings-v3,0.9839975437820615
uzn_Latn,slk_Latn,microsoft/harrier-oss-v1-0.6b,0.9839815110681001
lin_Latn,por_Latn,microsoft/harrier-oss-v1-0.6b,0.9839761248852158
kat_Geor,khk_Cyrl,intfloat/multilingual-e5-large,0.983975687291916
est_Latn,hat_Latn,microsoft/harrier-oss-v1-0.6b,0.983974168565075
mkd_Cyrl,sun_Latn,intfloat/multilingual-e5-large,0.983973281900637
isl_Latn,mal_Mlym,intfloat/multilingual-e5-large,0.9839718921084197
hin_Deva,uzn_Latn,intfloat/multilingual-e5-large,0.9839708789930459
fin_Latn,npi_Deva,jinaai/jina-embeddings-v3,0.9839628003323369
bel_Cyrl,lvs_Latn,jinaai/jina-embeddings-v3,0.9839588042651575
bul_Cyrl,mya_Mymr,intfloat/multilingual-e5-large,0.9839579977200466
nso_Latn,tsn_Latn,intfloat/multilingual-e5-large,0.983957435362546
jav_Latn,mar_Deva,intfloat/multilingual-e5-large,0.9839396361905527
cym_Latn,kaz_Cyrl,intfloat/multilingual-e5-large,0.9839389592081313
hin_Deva,zul_Latn,intfloat/multilingual-e5-large,0.9839167836430887
mya_Mymr,rus_Cyrl,microsoft/harrier-oss-v1-270m,0.9839117758822389
glg_Latn,tgk_Cyrl,microsoft/harrier-oss-v1-0.6b,0.9839066765337638
arz_Arab,dan_Latn,jinaai/jina-embeddings-v3,0.9839016613833731
zul_Latn,rus_Cyrl,microsoft/harrier-oss-v1-0.6b,0.983896547710759
arz_Arab,bul_Cyrl,jinaai/jina-embeddings-v3,0.9838915276095088
dan_Latn,mya_Mymr,jinaai/jina-embeddings-v3,0.9838823044060612
tel_Telu,ukr_Cyrl,jinaai/jina-embeddings-v3,0.9838797924405297
dan_Latn,snd_Arab,jinaai/jina-embeddings-v3,0.9838776204755357
bul_Cyrl,hat_Latn,microsoft/harrier-oss-v1-0.6b,0.9838749065915608
bak_Cyrl,ron_Latn,microsoft/harrier-oss-v1-0.6b,0.9838748184079718
ekk_Latn,npi_Deva,intfloat/multilingual-e5-large,0.9838667402162492
cat_Latn,guj_Gujr,jinaai/jina-embeddings-v3,0.9838579309520454
snd_Arab,slk_Latn,jinaai/jina-embeddings-v3,0.9838547444352435
guj_Gujr,slv_Latn,microsoft/harrier-oss-v1-0.6b,0.9838480911338806
nya_Latn,zho_Hant,microsoft/harrier-oss-v1-0.6b,0.9838431249251408
spa_Latn,mar_Deva,intfloat/multilingual-e5-large,0.9838371453898687
mya_Mymr,nld_Latn,jinaai/jina-embeddings-v3,0.9838349110841225
heb_Hebr,mlt_Latn,microsoft/harrier-oss-v1-0.6b,0.9838304586173916
ekk_Latn,ron_Latn,intfloat/multilingual-e5-large,0.983823501384279
lit_Latn,fur_Latn,microsoft/harrier-oss-v1-0.6b,0.9838134562198766
srd_Latn,urd_Arab,microsoft/harrier-oss-v1-270m,0.9838079076628202
lao_Laoo,urd_Arab,jinaai/jina-embeddings-v3,0.9838070022031845
mya_Mymr,swe_Latn,microsoft/harrier-oss-v1-270m,0.9837952706033339
hye_Armn,pbt_Arab,intfloat/multilingual-e5-large,0.983769823243156
kan_Knda,slk_Latn,jinaai/jina-embeddings-v3,0.9837565065988214
amh_Ethi,azj_Latn,microsoft/harrier-oss-v1-270m,0.9837558043303056
amh_Ethi,tgk_Cyrl,microsoft/harrier-oss-v1-270m,0.9837480237633958
ell_Grek,zul_Latn,microsoft/harrier-oss-v1-0.6b,0.9837305500867275
arz_Arab,rus_Cyrl,jinaai/jina-embeddings-v3,0.9836918396765276
slk_Latn,uzn_Latn,microsoft/harrier-oss-v1-0.6b,0.9836867808542783
mal_Mlym,srd_Latn,microsoft/harrier-oss-v1-0.6b,0.9836806894501752
heb_Hebr,bak_Cyrl,microsoft/harrier-oss-v1-0.6b,0.9836715913135134
kir_Cyrl,slv_Latn,jinaai/jina-embeddings-v3,0.9836641145775755
guj_Gujr,mya_Mymr,intfloat/multilingual-e5-large,0.9836629905297353
hrv_Latn,kan_Knda,intfloat/multilingual-e5-large,0.9836603197376166
ind_Latn,tam_Taml,intfloat/multilingual-e5-large,0.9836571172103924
ind_Latn,khm_Khmr,jinaai/jina-embeddings-v3,0.9836508204713715
dan_Latn,kir_Cyrl,intfloat/multilingual-e5-large,0.9836452648356626
cat_Latn,snd_Arab,intfloat/multilingual-e5-large,0.9836384852424784
cym_Latn,khk_Cyrl,intfloat/multilingual-e5-large,0.9836292475097335
eus_Latn,rus_Cyrl,jinaai/jina-embeddings-v3,0.9836286578457185
ita_Latn,mya_Mymr,jinaai/jina-embeddings-v3,0.9836277980439726
kaz_Cyrl,swh_Latn,microsoft/harrier-oss-v1-0.6b,0.9836249908599296
hat_Latn,slk_Latn,microsoft/harrier-oss-v1-0.6b,0.9836222172745045
eus_Latn,kat_Geor,intfloat/multilingual-e5-large,0.9836094345535615
bul_Cyrl,plt_Latn,microsoft/harrier-oss-v1-0.6b,0.9836079754830073
sna_Latn,por_Latn,microsoft/harrier-oss-v1-0.6b,0.9836066489118104
eng_Latn,xho_Latn,intfloat/multilingual-e5-large,0.9836012542353934
bel_Cyrl,nno_Latn,microsoft/harrier-oss-v1-0.6b,0.9835907130586725
arz_Arab,nld_Latn,jinaai/jina-embeddings-v3,0.9835878241913547
arb_Arab,sna_Latn,microsoft/harrier-oss-v1-270m,0.9835766056194444
arz_Arab,ita_Latn,jinaai/jina-embeddings-v3,0.9835590228405338
isl_Latn,ltz_Latn,intfloat/multilingual-e5-large,0.9835556653491436
mkd_Cyrl,mlt_Latn,microsoft/harrier-oss-v1-0.6b,0.9835537217336954
lvs_Latn,pbt_Arab,intfloat/multilingual-e5-large,0.9835531575471568
khm_Khmr,lit_Latn,jinaai/jina-embeddings-v3,0.9835451561988919
hye_Armn,lao_Laoo,intfloat/multilingual-e5-large,0.9835435518637701
snd_Arab,slv_Latn,jinaai/jina-embeddings-v3,0.9835404881217482
eng_Latn,eus_Latn,jinaai/jina-embeddings-v3,0.983531460068952
fry_Latn,nld_Latn,jinaai/jina-embeddings-v3,0.983531050797402
ind_Latn,bak_Cyrl,microsoft/harrier-oss-v1-0.6b,0.9835273583288042
srd_Latn,kat_Geor,microsoft/harrier-oss-v1-0.6b,0.9835144927536232
cym_Latn,pbt_Arab,intfloat/multilingual-e5-large,0.9835133482842822
eng_Latn,khk_Cyrl,microsoft/harrier-oss-v1-0.6b,0.983506644925354
kan_Knda,ukr_Cyrl,microsoft/harrier-oss-v1-0.6b,0.9835014699971907
uzn_Latn,mkd_Cyrl,microsoft/harrier-oss-v1-0.6b,0.9834991254400887
war_Latn,spa_Latn,microsoft/harrier-oss-v1-270m,0.9834955734221102
hye_Armn,tam_Taml,intfloat/multilingual-e5-large,0.9834788339470496
eus_Latn,spa_Latn,jinaai/jina-embeddings-v3,0.9834645930255812
amh_Ethi,glg_Latn,microsoft/harrier-oss-v1-0.6b,0.9834624654582922
kir_Cyrl,mal_Mlym,intfloat/multilingual-e5-large,0.9834491614439496
eus_Latn,mkd_Cyrl,jinaai/jina-embeddings-v3,0.9834366080482365
khk_Cyrl,tur_Latn,microsoft/harrier-oss-v1-0.6b,0.9834224238980144
bos_Latn,bak_Cyrl,microsoft/harrier-oss-v1-0.6b,0.9834065950793114
khk_Cyrl,nld_Latn,microsoft/harrier-oss-v1-0.6b,0.9834033587440401
glg_Latn,jpn_Jpan,microsoft/harrier-oss-v1-0.6b,0.9834021564648241
ceb_Latn,ilo_Latn,microsoft/harrier-oss-v1-0.6b,0.9833976804938265
cym_Latn,guj_Gujr,intfloat/multilingual-e5-large,0.9833729989800202
cym_Latn,mkd_Cyrl,microsoft/harrier-oss-v1-270m,0.983363039211292
srd_Latn,lvs_Latn,microsoft/harrier-oss-v1-0.6b,0.983362396341936
jpn_Jpan,ukr_Cyrl,microsoft/harrier-oss-v1-0.6b,0.9833620806040726
ekk_Latn,kaz_Cyrl,intfloat/multilingual-e5-large,0.9833608268254806
khk_Cyrl,rus_Cyrl,microsoft/harrier-oss-v1-0.6b,0.9833560464613817
arz_Arab,slk_Latn,jinaai/jina-embeddings-v3,0.9833549087928894
cat_Latn,pbt_Arab,intfloat/multilingual-e5-large,0.9833277547948664
hye_Armn,jav_Latn,microsoft/harrier-oss-v1-0.6b,0.9833236797304481
bak_Cyrl,heb_Hebr,microsoft/harrier-oss-v1-0.6b,0.9833203839013442
kan_Knda,ron_Latn,microsoft/harrier-oss-v1-0.6b,0.9833191871088527
hne_Deva,tam_Taml,intfloat/multilingual-e5-large,0.983311686577488
nya_Latn,por_Latn,microsoft/harrier-oss-v1-270m,0.9833043521037592
eus_Latn,ron_Latn,jinaai/jina-embeddings-v3,0.9833022261507482
ind_Latn,mar_Deva,intfloat/multilingual-e5-large,0.983262830522663
eus_Latn,ita_Latn,jinaai/jina-embeddings-v3,0.983250527482744
heb_Hebr,mar_Deva,microsoft/harrier-oss-v1-0.6b,0.9832417849786037
heb_Hebr,jpn_Jpan,jinaai/jina-embeddings-v3,0.98324029960721
ron_Latn,bak_Cyrl,microsoft/harrier-oss-v1-0.6b,0.9832319947671004
hye_Armn,tel_Telu,jinaai/jina-embeddings-v3,0.9832245483732944
ell_Grek,jpn_Jpan,microsoft/harrier-oss-v1-0.6b,0.9832236334374055
ind_Latn,snd_Arab,intfloat/multilingual-e5-large,0.9832171268023918
awa_Deva,san_Deva,microsoft/harrier-oss-v1-0.6b,0.983207273554854
ekk_Latn,pan_Guru,intfloat/multilingual-e5-large,0.9832013310009649
eus_Latn,heb_Hebr,jinaai/jina-embeddings-v3,0.9831983277335502
deu_Latn,mlt_Latn,microsoft/harrier-oss-v1-0.6b,0.9831786992226637
fur_Latn,lit_Latn,microsoft/harrier-oss-v1-270m,0.9831662343507516
bos_Latn,jpn_Jpan,intfloat/multilingual-e5-large,0.9831647564273704
bul_Cyrl,tam_Taml,microsoft/harrier-oss-v1-270m,0.9831559564743109
snd_Arab,srp_Cyrl,jinaai/jina-embeddings-v3,0.9831543657118131
azj_Latn,guj_Gujr,jinaai/jina-embeddings-v3,0.983142663327759
amh_Ethi,mkd_Cyrl,microsoft/harrier-oss-v1-0.6b,0.9831405864499052
heb_Hebr,eus_Latn,jinaai/jina-embeddings-v3,0.9831306660729302
ell_Grek,tel_Telu,jinaai/jina-embeddings-v3,0.9831305672374224
mar_Deva,tha_Thai,jinaai/jina-embeddings-v3,0.9831216836201098
bel_Cyrl,npi_Deva,intfloat/multilingual-e5-large,0.9831192474736898
tam_Taml,tur_Latn,microsoft/harrier-oss-v1-0.6b,0.9831190599811068
mkd_Cyrl,eus_Latn,intfloat/multilingual-e5-large,0.9831188126732591
lvs_Latn,npi_Deva,intfloat/multilingual-e5-large,0.9831132436630825
cym_Latn,xho_Latn,intfloat/multilingual-e5-large,0.9831124429799053
ita_Latn,mlt_Latn,microsoft/harrier-oss-v1-0.6b,0.9831077585331407
hrv_Latn,nso_Latn,intfloat/multilingual-e5-large,0.9831057601540241
kan_Knda,mkd_Cyrl,jinaai/jina-embeddings-v3,0.9831014318559219
rus_Cyrl,tam_Taml,microsoft/harrier-oss-v1-0.6b,0.9830879428495802
ind_Latn,kir_Cyrl,intfloat/multilingual-e5-large,0.9830861534308613
mya_Mymr,sin_Sinh,jinaai/jina-embeddings-v3,0.9830647116989366
nld_Latn,eus_Latn,intfloat/multilingual-e5-large,0.9830566564265767
dan_Latn,hat_Latn,microsoft/harrier-oss-v1-0.6b,0.9830531331897143
azj_Latn,jpn_Jpan,microsoft/harrier-oss-v1-0.6b,0.9830522348418508
fra_Latn,khk_Cyrl,intfloat/multilingual-e5-large,0.9830498880839738
rus_Cyrl,snd_Arab,intfloat/multilingual-e5-large,0.9830497630369139
ind_Latn,ckb_Arab,microsoft/harrier-oss-v1-270m,0.9830430077451766
ibo_Latn,por_Latn,microsoft/harrier-oss-v1-0.6b,0.9830354595045953
bak_Cyrl,slk_Latn,microsoft/harrier-oss-v1-0.6b,0.9830265398531874
heb_Hebr,tam_Taml,jinaai/jina-embeddings-v3,0.9830230197240459
azj_Latn,srd_Latn,microsoft/harrier-oss-v1-0.6b,0.983018355804676
cym_Latn,spa_Latn,intfloat/multilingual-e5-large,0.9830104191950677
ceb_Latn,jpn_Jpan,microsoft/harrier-oss-v1-0.6b,0.9830066559743239
fin_Latn,tam_Taml,intfloat/multilingual-e5-large,0.9830065970695931
hne_Deva,hun_Latn,microsoft/harrier-oss-v1-0.6b,0.9829934108942326
arz_Arab,spa_Latn,jinaai/jina-embeddings-v3,0.982991364674615
arz_Arab,pol_Latn,jinaai/jina-embeddings-v3,0.9829462394138853
hun_Latn,isl_Latn,jinaai/jina-embeddings-v3,0.9829433676123573
cat_Latn,tel_Telu,jinaai/jina-embeddings-v3,0.9829430796525778
amh_Ethi,pbt_Arab,intfloat/multilingual-e5-large,0.982933065571054
eus_Latn,glg_Latn,jinaai/jina-embeddings-v3,0.9829197947292905
bul_Cyrl,snd_Arab,intfloat/multilingual-e5-large,0.9829188156613552
ceb_Latn,pag_Latn,microsoft/harrier-oss-v1-0.6b,0.9829170944338927
mar_Deva,ron_Latn,jinaai/jina-embeddings-v3,0.9829157598334273
deu_Latn,hat_Latn,microsoft/harrier-oss-v1-270m,0.9828914403622508
afr_Latn,uzn_Latn,intfloat/multilingual-e5-large,0.9828876148881018
eus_Latn,slk_Latn,jinaai/jina-embeddings-v3,0.9828856977108865
ces_Latn,mar_Deva,jinaai/jina-embeddings-v3,0.9828813505073929
arz_Arab,swe_Latn,jinaai/jina-embeddings-v3,0.9828780295877748
mar_Deva,zul_Latn,intfloat/multilingual-e5-large,0.9828734593572035
hun_Latn,kaz_Cyrl,jinaai/jina-embeddings-v3,0.9828688566118534
khk_Cyrl,vie_Latn,microsoft/harrier-oss-v1-0.6b,0.9828680020115913
hrv_Latn,nya_Latn,intfloat/multilingual-e5-large,0.9828673832035416
ces_Latn,mya_Mymr,jinaai/jina-embeddings-v3,0.9828641197473769
hye_Armn,mar_Deva,microsoft/harrier-oss-v1-270m,0.9828636166571978
sin_Sinh,sun_Latn,intfloat/multilingual-e5-large,0.9828631210379581
ita_Latn,khk_Cyrl,intfloat/multilingual-e5-large,0.9828568795836443
ben_Beng,plt_Latn,microsoft/harrier-oss-v1-0.6b,0.9828510171155125
nld_Latn,sun_Latn,intfloat/multilingual-e5-large,0.9828505065451374
uzn_Latn,hin_Deva,intfloat/multilingual-e5-large,0.9828471818087744
cym_Latn,slv_Latn,microsoft/harrier-oss-v1-270m,0.9828394211471927
ces_Latn,hat_Latn,microsoft/harrier-oss-v1-270m,0.9828259604316654
arz_Arab,bos_Latn,intfloat/multilingual-e5-large,0.9828249095638303
ilo_Latn,tgl_Latn,microsoft/harrier-oss-v1-0.6b,0.9828046484765016
bos_Latn,eus_Latn,intfloat/multilingual-e5-large,0.9827939314763556
mya_Mymr,pol_Latn,microsoft/harrier-oss-v1-270m,0.9827912104020129
smo_Latn,war_Latn,microsoft/harrier-oss-v1-270m,0.9827821275992886
ita_Latn,xho_Latn,intfloat/multilingual-e5-large,0.9827765801907311
arz_Arab,ukr_Cyrl,jinaai/jina-embeddings-v3,0.9827726317537617
mar_Deva,pol_Latn,microsoft/harrier-oss-v1-0.6b,0.9827672426272498
bul_Cyrl,gle_Latn,intfloat/multilingual-e5-large,0.982757756286622
ben_Beng,nya_Latn,intfloat/multilingual-e5-large,0.9827401730783258
pol_Latn,tam_Taml,microsoft/harrier-oss-v1-0.6b,0.9827341171030715
hun_Latn,swh_Latn,intfloat/multilingual-e5-large,0.9827307501058267
asm_Beng,vie_Latn,microsoft/harrier-oss-v1-0.6b,0.9827159283134543
ceb_Latn,fin_Latn,microsoft/harrier-oss-v1-270m,0.9827109139120436
mya_Mymr,als_Latn,intfloat/multilingual-e5-large,0.9827080727732431
hne_Deva,jpn_Jpan,microsoft/harrier-oss-v1-0.6b,0.9827057492244599
cym_Latn,slk_Latn,microsoft/harrier-oss-v1-270m,0.9827026175390741
ces_Latn,tel_Telu,jinaai/jina-embeddings-v3,0.9827006876723425
isl_Latn,lvs_Latn,jinaai/jina-embeddings-v3,0.9826994790237088
arz_Arab,ron_Latn,jinaai/jina-embeddings-v3,0.9826835529549363
kat_Geor,lao_Laoo,intfloat/multilingual-e5-large,0.9826834598656091
amh_Ethi,cat_Latn,microsoft/harrier-oss-v1-270m,0.9826828563824546
kan_Knda,pol_Latn,microsoft/harrier-oss-v1-0.6b,0.9826824928992143
slv_Latn,eus_Latn,jinaai/jina-embeddings-v3,0.9826796946590663
bel_Cyrl,zul_Latn,intfloat/multilingual-e5-large,0.982675134868439
isl_Latn,uzn_Latn,intfloat/multilingual-e5-large,0.9826584388292898
bak_Cyrl,slv_Latn,microsoft/harrier-oss-v1-0.6b,0.9826570359520864
kat_Geor,mar_Deva,jinaai/jina-embeddings-v3,0.9826537241233944
mya_Mymr,ron_Latn,jinaai/jina-embeddings-v3,0.9826522008335479
isl_Latn,nno_Latn,jinaai/jina-embeddings-v3,0.9826465568172087
mal_Mlym,nno_Latn,microsoft/harrier-oss-v1-0.6b,0.9826443459716274
spa_Latn,snd_Arab,intfloat/multilingual-e5-large,0.9826430449246046
ben_Beng,sun_Latn,intfloat/multilingual-e5-large,0.9826314007304588
asm_Beng,fra_Latn,microsoft/harrier-oss-v1-0.6b,0.9826301945019735
mai_Deva,tam_Taml,intfloat/multilingual-e5-large,0.9826297834744485
kmr_Latn,por_Latn,jinaai/jina-embeddings-v3,0.982612713373583
glg_Latn,snd_Arab,intfloat/multilingual-e5-large,0.9825955366753487
arz_Arab,srd_Latn,microsoft/harrier-oss-v1-0.6b,0.9825840743577896
ekk_Latn,mal_Mlym,intfloat/multilingual-e5-large,0.982576459125054
npi_Deva,tel_Telu,intfloat/multilingual-e5-large,0.9825730718568739
fra_Latn,plt_Latn,microsoft/harrier-oss-v1-0.6b,0.982558013507984
fin_Latn,guj_Gujr,intfloat/multilingual-e5-large,0.982546848216078
hin_Deva,isl_Latn,jinaai/jina-embeddings-v3,0.9825454999303966
srd_Latn,tel_Telu,microsoft/harrier-oss-v1-0.6b,0.9825208335311844
ben_Beng,xho_Latn,intfloat/multilingual-e5-large,0.9825137112585035
asm_Beng,deu_Latn,microsoft/harrier-oss-v1-0.6b,0.9825082319651686
srd_Latn,tha_Thai,microsoft/harrier-oss-v1-0.6b,0.9825056810297786
fin_Latn,kaz_Cyrl,microsoft/harrier-oss-v1-0.6b,0.9824967444010615
azj_Latn,mar_Deva,intfloat/multilingual-e5-large,0.9824795906575491
afr_Latn,tel_Telu,jinaai/jina-embeddings-v3,0.9824767077649597
lvs_Latn,nno_Latn,intfloat/multilingual-e5-large,0.9824710823214861
lao_Laoo,ukr_Cyrl,jinaai/jina-embeddings-v3,0.9824710118099341
bul_Cyrl,xho_Latn,microsoft/harrier-oss-v1-0.6b,0.9824636888969134
slv_Latn,tel_Telu,jinaai/jina-embeddings-v3,0.982458075830122
hin_Deva,kir_Cyrl,microsoft/harrier-oss-v1-0.6b,0.982451250300888
glg_Latn,swh_Latn,intfloat/multilingual-e5-large,0.982449186809327
slv_Latn,jpn_Jpan,microsoft/harrier-oss-v1-0.6b,0.9824375553196296
hat_Latn,ukr_Cyrl,microsoft/harrier-oss-v1-270m,0.9824340619673079
mya_Mymr,slk_Latn,jinaai/jina-embeddings-v3,0.9824252797134184
hun_Latn,tat_Cyrl,microsoft/harrier-oss-v1-0.6b,0.9824197114322558
ind_Latn,mya_Mymr,jinaai/jina-embeddings-v3,0.9824140044982856
hye_Armn,mya_Mymr,jinaai/jina-embeddings-v3,0.9824104229047719
cym_Latn,ukr_Cyrl,microsoft/harrier-oss-v1-270m,0.9823999344943461
kir_Cyrl,ron_Latn,microsoft/harrier-oss-v1-0.6b,0.9823913587202118
guj_Gujr,lvs_Latn,jinaai/jina-embeddings-v3,0.9823890721503024
hin_Deva,swh_Latn,microsoft/harrier-oss-v1-270m,0.9823808557437389
ekk_Latn,ind_Latn,jinaai/jina-embeddings-v3,0.982378907932781
asm_Beng,tel_Telu,intfloat/multilingual-e5-large,0.9823746025736634
kmr_Latn,nob_Latn,jinaai/jina-embeddings-v3,0.9823664976010512
cym_Latn,tam_Taml,intfloat/multilingual-e5-large,0.9823629712912603
ell_Grek,lao_Laoo,intfloat/multilingual-e5-large,0.9823621587305198
tel_Telu,tha_Thai,jinaai/jina-embeddings-v3,0.9823607491118438
fin_Latn,swh_Latn,microsoft/harrier-oss-v1-270m,0.9823550475982994
ceb_Latn,plt_Latn,microsoft/harrier-oss-v1-270m,0.9823448012529195
hne_Deva,nno_Latn,microsoft/harrier-oss-v1-270m,0.9823432043388096
fra_Latn,sun_Latn,intfloat/multilingual-e5-large,0.9823369707454537
arb_Arab,gle_Latn,microsoft/harrier-oss-v1-270m,0.98232039699431
azj_Latn,cym_Latn,intfloat/multilingual-e5-large,0.9822893784847124
ind_Latn,tgk_Cyrl,microsoft/harrier-oss-v1-0.6b,0.9822670411242789
uzn_Latn,ind_Latn,microsoft/harrier-oss-v1-270m,0.9822603345626473
hat_Latn,slv_Latn,microsoft/harrier-oss-v1-270m,0.9822591427729936
ron_Latn,tam_Taml,intfloat/multilingual-e5-large,0.9822568955425627
spa_Latn,pbt_Arab,intfloat/multilingual-e5-large,0.9822478622345943
isl_Latn,pan_Guru,intfloat/multilingual-e5-large,0.9822354741421574
eus_Latn,sin_Sinh,intfloat/multilingual-e5-large,0.9822327265691344
asm_Beng,kan_Knda,intfloat/multilingual-e5-large,0.9822172860063406
slk_Latn,tam_Taml,jinaai/jina-embeddings-v3,0.9822130185536726
jav_Latn,tha_Thai,microsoft/harrier-oss-v1-0.6b,0.9822103619683948
sna_Latn,tgl_Latn,intfloat/multilingual-e5-large,0.9822005722416831
hye_Armn,zul_Latn,microsoft/harrier-oss-v1-0.6b,0.9821875176943823
cat_Latn,cym_Latn,intfloat/multilingual-e5-large,0.9821866806237264
ind_Latn,swh_Latn,intfloat/multilingual-e5-large,0.9821700463419474
hye_Armn,swh_Latn,microsoft/harrier-oss-v1-270m,0.9821631036178906
guj_Gujr,kaz_Cyrl,intfloat/multilingual-e5-large,0.9821610860093997
spa_Latn,mya_Mymr,intfloat/multilingual-e5-large,0.9821580918395135
ekk_Latn,tha_Thai,jinaai/jina-embeddings-v3,0.982141343526831
afr_Latn,swh_Latn,intfloat/multilingual-e5-large,0.9821402171626952
hun_Latn,uzn_Latn,microsoft/harrier-oss-v1-0.6b,0.9821344585449596
lin_Latn,tgl_Latn,intfloat/multilingual-e5-large,0.9821045969307269
dan_Latn,mlt_Latn,microsoft/harrier-oss-v1-0.6b,0.98209087388567
jpn_Jpan,urd_Arab,microsoft/harrier-oss-v1-0.6b,0.9820453987407671
lvs_Latn,zul_Latn,intfloat/multilingual-e5-large,0.9820291618062098
ita_Latn,plt_Latn,microsoft/harrier-oss-v1-270m,0.9820241751256923
sin_Sinh,xho_Latn,intfloat/multilingual-e5-large,0.98201869319309
glg_Latn,tel_Telu,jinaai/jina-embeddings-v3,0.9820180932595922
asm_Beng,ita_Latn,microsoft/harrier-oss-v1-0.6b,0.9820047013615651
bel_Cyrl,isl_Latn,jinaai/jina-embeddings-v3,0.9820024686973461
ron_Latn,tel_Telu,jinaai/jina-embeddings-v3,0.9819972460230111
azj_Latn,ekk_Latn,intfloat/multilingual-e5-large,0.9819953644227152
mal_Mlym,xho_Latn,intfloat/multilingual-e5-large,0.9819779133378952
amh_Ethi,srp_Cyrl,microsoft/harrier-oss-v1-0.6b,0.9819711998677991
ekk_Latn,khm_Khmr,intfloat/multilingual-e5-large,0.9819701957977084
guj_Gujr,lit_Latn,jinaai/jina-embeddings-v3,0.9819604055127782
fin_Latn,tgk_Cyrl,microsoft/harrier-oss-v1-0.6b,0.9819600213963562
ita_Latn,eus_Latn,intfloat/multilingual-e5-large,0.9819548934850464
afr_Latn,pbt_Arab,intfloat/multilingual-e5-large,0.9819486834618822
eus_Latn,urd_Arab,jinaai/jina-embeddings-v3,0.9819447333137399
arz_Arab,ces_Latn,jinaai/jina-embeddings-v3,0.9819428302637864
hin_Deva,nno_Latn,microsoft/harrier-oss-v1-0.6b,0.9819415716800202
azj_Latn,isl_Latn,jinaai/jina-embeddings-v3,0.9819297423117967
dan_Latn,lao_Laoo,intfloat/multilingual-e5-large,0.9819025709963833
jav_Latn,tel_Telu,intfloat/multilingual-e5-large,0.9818958844846164
pol_Latn,eus_Latn,jinaai/jina-embeddings-v3,0.9818944424396946
ceb_Latn,mar_Deva,microsoft/harrier-oss-v1-270m,0.981858568919573
ita_Latn,sun_Latn,intfloat/multilingual-e5-large,0.9818555267401432
hin_Deva,pbt_Arab,intfloat/multilingual-e5-large,0.9818518399835302
ind_Latn,isl_Latn,jinaai/jina-embeddings-v3,0.9818346112894194
pbt_Arab,ron_Latn,jinaai/jina-embeddings-v3,0.9818344705833916
cym_Latn,ron_Latn,intfloat/multilingual-e5-large,0.9818312501279308
lao_Laoo,mkd_Cyrl,jinaai/jina-embeddings-v3,0.9818264373636196
fin_Latn,zul_Latn,intfloat/multilingual-e5-large,0.9818117948627942
swh_Latn,ukr_Cyrl,microsoft/harrier-oss-v1-270m,0.9818089536836354
cat_Latn,ekk_Latn,intfloat/multilingual-e5-large,0.9817949127806695
hun_Latn,lao_Laoo,intfloat/multilingual-e5-large,0.981786133260447
ssw_Latn,xho_Latn,intfloat/multilingual-e5-large,0.981780680094466
dan_Latn,ydd_Hebr,intfloat/multilingual-e5-large,0.9817695747723079
fra_Latn,arz_Arab,intfloat/multilingual-e5-large,0.981767347777165
hrv_Latn,eus_Latn,intfloat/multilingual-e5-large,0.9817623958012434
ind_Latn,khk_Cyrl,intfloat/multilingual-e5-large,0.9817429771731192
plt_Latn,zsm_Latn,microsoft/harrier-oss-v1-270m,0.9817391640509923
hat_Latn,swh_Latn,microsoft/harrier-oss-v1-270m,0.9817389044774799
mlt_Latn,swh_Latn,microsoft/harrier-oss-v1-0.6b,0.9817246128939723
zul_Latn,ron_Latn,microsoft/harrier-oss-v1-0.6b,0.9817217034437797
afr_Latn,mya_Mymr,jinaai/jina-embeddings-v3,0.9817203620137938
eng_Latn,lij_Latn,microsoft/harrier-oss-v1-0.6b,0.9816962578416032
ilo_Latn,kor_Hang,microsoft/harrier-oss-v1-270m,0.9816891743522178
azj_Latn,swh_Latn,microsoft/harrier-oss-v1-270m,0.9816890910564837
eus_Latn,fra_Latn,jinaai/jina-embeddings-v3,0.981671270692848
heb_Hebr,lao_Laoo,intfloat/multilingual-e5-large,0.9816689371155312
amh_Ethi,hun_Latn,microsoft/harrier-oss-v1-0.6b,0.981668809685996
ces_Latn,kir_Cyrl,microsoft/harrier-oss-v1-0.6b,0.9816677375729451
khk_Cyrl,urd_Arab,intfloat/multilingual-e5-large,0.9816609866899033
cat_Latn,khk_Cyrl,intfloat/multilingual-e5-large,0.981640972130398
fra_Latn,eus_Latn,jinaai/jina-embeddings-v3,0.981637586292814
bul_Cyrl,kan_Knda,jinaai/jina-embeddings-v3,0.9816306729461319
asm_Beng,rus_Cyrl,microsoft/harrier-oss-v1-0.6b,0.9816157390426824
amh_Ethi,bel_Cyrl,microsoft/harrier-oss-v1-270m,0.9816155617550426
jav_Latn,tam_Taml,intfloat/multilingual-e5-large,0.981612951113606
ben_Beng,eus_Latn,jinaai/jina-embeddings-v3,0.981611015326534
guj_Gujr,khm_Khmr,jinaai/jina-embeddings-v3,0.9816024526510336
ron_Latn,eus_Latn,jinaai/jina-embeddings-v3,0.9815962339355754
eus_Latn,ces_Latn,jinaai/jina-embeddings-v3,0.9815877795169776
isl_Latn,npi_Deva,intfloat/multilingual-e5-large,0.9815854340973513
hye_Armn,kir_Cyrl,microsoft/harrier-oss-v1-270m,0.981575170019478
kan_Knda,npi_Deva,intfloat/multilingual-e5-large,0.981573435645833
bul_Cyrl,eus_Latn,intfloat/multilingual-e5-large,0.9815696059743485
kat_Geor,mya_Mymr,jinaai/jina-embeddings-v3,0.9815580793466786
khm_Khmr,pan_Guru,jinaai/jina-embeddings-v3,0.9815549813905643
srd_Latn,sin_Sinh,microsoft/harrier-oss-v1-0.6b,0.981546454158833
eus_Latn,jav_Latn,intfloat/multilingual-e5-large,0.9815444604587492
kan_Knda,snd_Arab,intfloat/multilingual-e5-large,0.9815322120543626
kat_Geor,kan_Knda,jinaai/jina-embeddings-v3,0.9815303411648533
afr_Latn,sot_Latn,intfloat/multilingual-e5-large,0.9815216806587825
ell_Grek,hat_Latn,microsoft/harrier-oss-v1-0.6b,0.9815192487823602
eus_Latn,zsm_Latn,intfloat/multilingual-e5-large,0.9815167972454001
sna_Latn,xho_Latn,intfloat/multilingual-e5-large,0.9815135590988044
snd_Arab,tel_Telu,intfloat/multilingual-e5-large,0.9815042561834375
kin_Latn,run_Latn,microsoft/harrier-oss-v1-0.6b,0.981486779920024
bak_Cyrl,ell_Grek,microsoft/harrier-oss-v1-0.6b,0.9814744119963803
hye_Armn,kan_Knda,jinaai/jina-embeddings-v3,0.9814612116312276
eus_Latn,hun_Latn,jinaai/jina-embeddings-v3,0.9814610055026598
mlt_Latn,spa_Latn,microsoft/harrier-oss-v1-270m,0.9814420870359365
asm_Beng,spa_Latn,microsoft/harrier-oss-v1-0.6b,0.9814370174585569
bho_Deva,mar_Deva,microsoft/harrier-oss-v1-270m,0.9814360140318314
eus_Latn,hye_Armn,intfloat/multilingual-e5-large,0.9814306698490962
ltz_Latn,xho_Latn,microsoft/harrier-oss-v1-0.6b,0.9814274400230376
nld_Latn,xho_Latn,microsoft/harrier-oss-v1-0.6b,0.9814234417431049
hat_Latn,mal_Mlym,microsoft/harrier-oss-v1-0.6b,0.9814198696384644
ekk_Latn,hin_Deva,intfloat/multilingual-e5-large,0.9814116588487026
khk_Cyrl,ukr_Cyrl,microsoft/harrier-oss-v1-0.6b,0.9813891802931337
ron_Latn,snd_Arab,jinaai/jina-embeddings-v3,0.9813860484622965
ell_Grek,tam_Taml,intfloat/multilingual-e5-large,0.9813618603939508
hun_Latn,zul_Latn,intfloat/multilingual-e5-large,0.9813585507912015
jav_Latn,smo_Latn,microsoft/harrier-oss-v1-270m,0.9813548299814904
urd_Arab,xho_Latn,intfloat/multilingual-e5-large,0.9813509705671506
kaz_Cyrl,nno_Latn,microsoft/harrier-oss-v1-0.6b,0.9813340640252757
jpn_Jpan,als_Latn,intfloat/multilingual-e5-large,0.9813335101262394
kaz_Cyrl,pbt_Arab,intfloat/multilingual-e5-large,0.9813228561395106
ast_Latn,kin_Latn,microsoft/harrier-oss-v1-270m,0.9813187742130272
gle_Latn,sin_Sinh,intfloat/multilingual-e5-large,0.9813040071367474
ces_Latn,lao_Laoo,jinaai/jina-embeddings-v3,0.981297631095895
lit_Latn,tel_Telu,jinaai/jina-embeddings-v3,0.9812939030772625
fin_Latn,jpn_Jpan,intfloat/multilingual-e5-large,0.9812898325965194
pol_Latn,snd_Arab,microsoft/harrier-oss-v1-0.6b,0.9812719910804294
hun_Latn,tel_Telu,intfloat/multilingual-e5-large,0.9812614175760112
lao_Laoo,sin_Sinh,intfloat/multilingual-e5-large,0.9812528698312113
jav_Latn,lvs_Latn,intfloat/multilingual-e5-large,0.9812518455947239
snd_Arab,tha_Thai,jinaai/jina-embeddings-v3,0.9812440452487179
cat_Latn,eus_Latn,jinaai/jina-embeddings-v3,0.9812400395330492
lao_Laoo,slk_Latn,jinaai/jina-embeddings-v3,0.9812174149404134
afr_Latn,kan_Knda,jinaai/jina-embeddings-v3,0.9812120811331921
afr_Latn,xho_Latn,intfloat/multilingual-e5-large,0.9812079424997593
deu_Latn,khk_Cyrl,microsoft/harrier-oss-v1-0.6b,0.9812065318998011
lit_Latn,jpn_Jpan,jinaai/jina-embeddings-v3,0.9812043007537519
asm_Beng,pol_Latn,microsoft/harrier-oss-v1-0.6b,0.981199736744429
ceb_Latn,lit_Latn,microsoft/harrier-oss-v1-0.6b,0.9811945386208629
guj_Gujr,jpn_Jpan,microsoft/harrier-oss-v1-0.6b,0.9811923021172209
ces_Latn,snd_Arab,jinaai/jina-embeddings-v3,0.9811904870535872
guj_Gujr,hun_Latn,microsoft/harrier-oss-v1-0.6b,0.9811691840671263
mlt_Latn,tur_Latn,microsoft/harrier-oss-v1-270m,0.98116642006328
cym_Latn,khm_Khmr,intfloat/multilingual-e5-large,0.9811608897604271
rus_Cyrl,eus_Latn,jinaai/jina-embeddings-v3,0.9811595585749013
kat_Geor,tel_Telu,intfloat/multilingual-e5-large,0.9811550291791168
khk_Cyrl,swe_Latn,microsoft/harrier-oss-v1-270m,0.981149084319529
ekk_Latn,swh_Latn,intfloat/multilingual-e5-large,0.9811406007337782
srp_Cyrl,xho_Latn,intfloat/multilingual-e5-large,0.9811361266776214
bho_Deva,guj_Gujr,intfloat/multilingual-e5-large,0.9811290960577587
azj_Latn,kan_Knda,microsoft/harrier-oss-v1-270m,0.9811265362886912
ces_Latn,mlt_Latn,microsoft/harrier-oss-v1-0.6b,0.9811143105366522
eng_Latn,sna_Latn,microsoft/harrier-oss-v1-270m,0.9811048834748051
eng_Latn,kin_Latn,microsoft/harrier-oss-v1-0.6b,0.981091755163594
slk_Latn,mlt_Latn,microsoft/harrier-oss-v1-0.6b,0.9810821877606478
hat_Latn,kaz_Cyrl,microsoft/harrier-oss-v1-270m,0.9810752660352133
mya_Mymr,tha_Thai,jinaai/jina-embeddings-v3,0.9810710541136833
mlt_Latn,slk_Latn,microsoft/harrier-oss-v1-0.6b,0.9810672489545261
ekk_Latn,afr_Latn,intfloat/multilingual-e5-large,0.981051087646046
slk_Latn,eus_Latn,jinaai/jina-embeddings-v3,0.9810506621221797
bel_Cyrl,lao_Laoo,intfloat/multilingual-e5-large,0.9810437850767226
mal_Mlym,khk_Cyrl,intfloat/multilingual-e5-large,0.981035090069022
lvs_Latn,mar_Deva,intfloat/multilingual-e5-large,0.9809991194671499
lao_Laoo,pol_Latn,jinaai/jina-embeddings-v3,0.9809981769783733
afr_Latn,jpn_Jpan,jinaai/jina-embeddings-v3,0.9809948789447653
guj_Gujr,nno_Latn,microsoft/harrier-oss-v1-0.6b,0.9809936463079882
hau_Latn,por_Latn,microsoft/harrier-oss-v1-270m,0.9809838650449488
mar_Deva,slv_Latn,jinaai/jina-embeddings-v3,0.9809753381392126
glg_Latn,kan_Knda,jinaai/jina-embeddings-v3,0.9809716396953939
jpn_Jpan,sin_Sinh,intfloat/multilingual-e5-large,0.9809662340116618
jav_Latn,xho_Latn,intfloat/multilingual-e5-large,0.9809540221718236
ell_Grek,kir_Cyrl,intfloat/multilingual-e5-large,0.9809528689605538
isl_Latn,kaz_Cyrl,jinaai/jina-embeddings-v3,0.9809391895351458
asm_Beng,tam_Taml,intfloat/multilingual-e5-large,0.9809268329321992
kan_Knda,srp_Cyrl,jinaai/jina-embeddings-v3,0.9809215864709675
khk_Cyrl,pol_Latn,microsoft/harrier-oss-v1-0.6b,0.9809150103663774
eus_Latn,tur_Latn,jinaai/jina-embeddings-v3,0.9809127780737781
lit_Latn,nno_Latn,jinaai/jina-embeddings-v3,0.9809104119858907
kin_Latn,tgl_Latn,intfloat/multilingual-e5-large,0.9808976362280284
ell_Grek,bak_Cyrl,microsoft/harrier-oss-v1-0.6b,0.9808920841926756
pbt_Arab,swe_Latn,jinaai/jina-embeddings-v3,0.9808889405717016
hye_Armn,khk_Cyrl,intfloat/multilingual-e5-large,0.9808752599116914
eng_Latn,kea_Latn,microsoft/harrier-oss-v1-270m,0.9808690426815557
amh_Ethi,hat_Latn,microsoft/harrier-oss-v1-270m,0.9808623459720447
ekk_Latn,hat_Latn,intfloat/multilingual-e5-large,0.9808618421228028
fin_Latn,tat_Cyrl,microsoft/harrier-oss-v1-0.6b,0.9808617930833718
plt_Latn,nld_Latn,microsoft/harrier-oss-v1-270m,0.9808452599884834
cym_Latn,lao_Laoo,intfloat/multilingual-e5-large,0.9808351767998864
khm_Khmr,tgl_Latn,jinaai/jina-embeddings-v3,0.9808300557344266
eus_Latn,srp_Cyrl,intfloat/multilingual-e5-large,0.9808299681673921
pol_Latn,pbt_Arab,intfloat/multilingual-e5-large,0.9808221005309078
cym_Latn,sun_Latn,intfloat/multilingual-e5-large,0.980817594786545
fin_Latn,uzn_Latn,intfloat/multilingual-e5-large,0.9808167473545408
gle_Latn,urd_Arab,intfloat/multilingual-e5-large,0.9808162164507841
khm_Khmr,mal_Mlym,jinaai/jina-embeddings-v3,0.9808104396506855
fra_Latn,gle_Latn,intfloat/multilingual-e5-large,0.9808045272390036
lvs_Latn,khk_Cyrl,intfloat/multilingual-e5-large,0.9807917819546832
guj_Gujr,uzn_Latn,intfloat/multilingual-e5-large,0.9807759322619297
kan_Knda,vie_Latn,microsoft/harrier-oss-v1-0.6b,0.9807500766908831
nno_Latn,lit_Latn,jinaai/jina-embeddings-v3,0.9807321436393934
bel_Cyrl,snd_Arab,intfloat/multilingual-e5-large,0.980726325404025
kaz_Cyrl,tam_Taml,intfloat/multilingual-e5-large,0.9807110604516519
kir_Cyrl,lit_Latn,jinaai/jina-embeddings-v3,0.980710761534785
sun_Latn,urd_Arab,intfloat/multilingual-e5-large,0.9806901888680889
tam_Taml,tha_Thai,jinaai/jina-embeddings-v3,0.9806708599583562
eus_Latn,ltz_Latn,intfloat/multilingual-e5-large,0.9806526644766946
eus_Latn,fin_Latn,jinaai/jina-embeddings-v3,0.980648677503893
khm_Khmr,lao_Laoo,jinaai/jina-embeddings-v3,0.9806458925952766
hrv_Latn,sna_Latn,intfloat/multilingual-e5-large,0.9806296798498415
sna_Latn,sot_Latn,intfloat/multilingual-e5-large,0.980626759802271
ell_Grek,snd_Arab,intfloat/multilingual-e5-large,0.9806241936216464
epo_Latn,ibo_Latn,microsoft/harrier-oss-v1-0.6b,0.9806135893092414
heb_Hebr,khk_Cyrl,intfloat/multilingual-e5-large,0.9806131999283967
eus_Latn,uzn_Latn,intfloat/multilingual-e5-large,0.980612560157037
sun_Latn,vie_Latn,microsoft/harrier-oss-v1-270m,0.9805810018250405
lao_Laoo,srp_Cyrl,jinaai/jina-embeddings-v3,0.9805767328183687
afr_Latn,gle_Latn,intfloat/multilingual-e5-large,0.9805764543624573
cat_Latn,mar_Deva,jinaai/jina-embeddings-v3,0.9805653553556669
szl_Latn,rus_Cyrl,microsoft/harrier-oss-v1-0.6b,0.9805525801120084
lvs_Latn,tel_Telu,jinaai/jina-embeddings-v3,0.9805473459929772
ita_Latn,kea_Latn,microsoft/harrier-oss-v1-0.6b,0.9805468897468821
cat_Latn,kan_Knda,jinaai/jina-embeddings-v3,0.9805364394828648
cym_Latn,mar_Deva,intfloat/multilingual-e5-large,0.9804785583949559
hat_Latn,npi_Deva,microsoft/harrier-oss-v1-270m,0.9804781325634055
ell_Grek,mar_Deva,jinaai/jina-embeddings-v3,0.9804694875920954
ceb_Latn,sun_Latn,intfloat/multilingual-e5-large,0.9804325569020864
cym_Latn,ind_Latn,microsoft/harrier-oss-v1-270m,0.9804289058064994
snd_Arab,tam_Taml,jinaai/jina-embeddings-v3,0.9804190066643976
amh_Ethi,khm_Khmr,microsoft/harrier-oss-v1-270m,0.980418809285019
heb_Hebr,snd_Arab,jinaai/jina-embeddings-v3,0.9804133298102431
lit_Latn,mya_Mymr,jinaai/jina-embeddings-v3,0.9804059191860994
nno_Latn,tam_Taml,intfloat/multilingual-e5-large,0.9804030008148159
srp_Cyrl,sun_Latn,intfloat/multilingual-e5-large,0.9804028200741799
tha_Thai,zul_Latn,microsoft/harrier-oss-v1-0.6b,0.9804023861699749
eus_Latn,mal_Mlym,intfloat/multilingual-e5-large,0.9803986842001836
ell_Grek,swh_Latn,intfloat/multilingual-e5-large,0.9803745840010605
ary_Arab,deu_Latn,jinaai/jina-embeddings-v3,0.9803701499572426
mar_Deva,uzn_Latn,intfloat/multilingual-e5-large,0.9803626130696124
ces_Latn,szl_Latn,microsoft/harrier-oss-v1-0.6b,0.9803552704510587
arz_Arab,zsm_Latn,intfloat/multilingual-e5-large,0.9803476952810466
mal_Mlym,sun_Latn,intfloat/multilingual-e5-large,0.9803450812496418
nya_Latn,zul_Latn,intfloat/multilingual-e5-large,0.9803388223937997
kat_Geor,swh_Latn,microsoft/harrier-oss-v1-0.6b,0.9803267156800084
afr_Latn,kir_Cyrl,jinaai/jina-embeddings-v3,0.980324055592906
nno_Latn,tgk_Cyrl,microsoft/harrier-oss-v1-0.6b,0.9803159108308348
asm_Beng,bos_Latn,microsoft/harrier-oss-v1-0.6b,0.9803108708370459
arz_Arab,glg_Latn,intfloat/multilingual-e5-large,0.9802866562832067
hat_Latn,tgk_Cyrl,microsoft/harrier-oss-v1-0.6b,0.9802831238745835
cym_Latn,kir_Cyrl,intfloat/multilingual-e5-large,0.9802809934271608
azj_Latn,tel_Telu,jinaai/jina-embeddings-v3,0.9802712473639859
cym_Latn,dan_Latn,microsoft/harrier-oss-v1-270m,0.9802527950680813
eng_Latn,ilo_Latn,microsoft/harrier-oss-v1-270m,0.9802412524141257
arz_Arab,vie_Latn,jinaai/jina-embeddings-v3,0.980226055889992
lvs_Latn,swh_Latn,intfloat/multilingual-e5-large,0.9802226787146193
azj_Latn,khm_Khmr,jinaai/jina-embeddings-v3,0.9802167121730264
bel_Cyrl,swh_Latn,microsoft/harrier-oss-v1-270m,0.9802149023933816
guj_Gujr,isl_Latn,jinaai/jina-embeddings-v3,0.9802123797265447
eus_Latn,dan_Latn,jinaai/jina-embeddings-v3,0.9802112131842792
pbt_Arab,slk_Latn,jinaai/jina-embeddings-v3,0.980207222502126
run_Latn,swh_Latn,microsoft/harrier-oss-v1-270m,0.9802069822148992
lao_Laoo,tur_Latn,jinaai/jina-embeddings-v3,0.9802022395801033
tel_Telu,uzn_Latn,intfloat/multilingual-e5-large,0.9801900582941698
ces_Latn,kan_Knda,microsoft/harrier-oss-v1-0.6b,0.9801729987757111
afr_Latn,mar_Deva,jinaai/jina-embeddings-v3,0.9801726852547075
ben_Beng,gle_Latn,intfloat/multilingual-e5-large,0.980164559363137
eng_Latn,lin_Latn,microsoft/harrier-oss-v1-0.6b,0.9801519191636352
eus_Latn,ell_Grek,jinaai/jina-embeddings-v3,0.9801494191362894
hat_Latn,jav_Latn,microsoft/harrier-oss-v1-270m,0.9801286280902177
eus_Latn,pan_Guru,intfloat/multilingual-e5-large,0.980119575431186
amh_Ethi,kir_Cyrl,microsoft/harrier-oss-v1-0.6b,0.9801192864771175
kan_Knda,tha_Thai,jinaai/jina-embeddings-v3,0.9801153770372838
npi_Deva,sun_Latn,intfloat/multilingual-e5-large,0.9801135791810144
spa_Latn,plt_Latn,microsoft/harrier-oss-v1-270m,0.9801008781135017
pbt_Arab,tur_Latn,microsoft/harrier-oss-v1-270m,0.9800872370456464
sot_Latn,swh_Latn,microsoft/harrier-oss-v1-270m,0.9800859335054235
bel_Cyrl,tam_Taml,intfloat/multilingual-e5-large,0.9800838834380631
bel_Cyrl,khm_Khmr,jinaai/jina-embeddings-v3,0.9800796412287447
ckb_Arab,pbt_Arab,microsoft/harrier-oss-v1-270m,0.9800719787798521
bul_Cyrl,sun_Latn,intfloat/multilingual-e5-large,0.9800584229199829
ekk_Latn,glg_Latn,intfloat/multilingual-e5-large,0.9800491882697436
ary_Arab,eng_Latn,jinaai/jina-embeddings-v3,0.9800386069534496
sna_Latn,zho_Hans,microsoft/harrier-oss-v1-270m,0.9800375610308316
arz_Arab,lit_Latn,jinaai/jina-embeddings-v3,0.9800172289246768
grn_Latn,por_Latn,microsoft/harrier-oss-v1-0.6b,0.98001500946295
ary_Arab,fra_Latn,microsoft/harrier-oss-v1-0.6b,0.9799868232851072
hne_Deva,lit_Latn,microsoft/harrier-oss-v1-0.6b,0.9799859970865138
ekk_Latn,kir_Cyrl,intfloat/multilingual-e5-large,0.9799854504181756
hat_Latn,zul_Latn,microsoft/harrier-oss-v1-0.6b,0.9799782341709418
hin_Deva,mya_Mymr,jinaai/jina-embeddings-v3,0.9799781018018654
dan_Latn,pbt_Arab,microsoft/harrier-oss-v1-0.6b,0.9799639767471522
spa_Latn,eus_Latn,jinaai/jina-embeddings-v3,0.9799629571934116
uzn_Latn,fin_Latn,microsoft/harrier-oss-v1-0.6b,0.9799428445781555
azj_Latn,hat_Latn,microsoft/harrier-oss-v1-0.6b,0.9799367874983855
jpn_Jpan,mkd_Cyrl,jinaai/jina-embeddings-v3,0.9799362216442451
pol_Latn,sun_Latn,microsoft/harrier-oss-v1-270m,0.9798805994660057
gle_Latn,zho_Hans,microsoft/harrier-oss-v1-270m,0.9798771660047336
cat_Latn,tam_Taml,intfloat/multilingual-e5-large,0.979875447949845
nno_Latn,tel_Telu,intfloat/multilingual-e5-large,0.9798514274650503
amh_Ethi,fin_Latn,microsoft/harrier-oss-v1-0.6b,0.9798496445425592
jpn_Jpan,lvs_Latn,jinaai/jina-embeddings-v3,0.9798285304565999
tam_Taml,zul_Latn,intfloat/multilingual-e5-large,0.9798260910865204
swh_Latn,tsn_Latn,intfloat/multilingual-e5-large,0.979825728749024
khk_Cyrl,ron_Latn,microsoft/harrier-oss-v1-0.6b,0.9798207201151024
bel_Cyrl,ekk_Latn,intfloat/multilingual-e5-large,0.9798192284754244
bak_Cyrl,dan_Latn,microsoft/harrier-oss-v1-0.6b,0.9798055265051553
hun_Latn,eus_Latn,jinaai/jina-embeddings-v3,0.9797830059884235
plt_Latn,sin_Sinh,microsoft/harrier-oss-v1-270m,0.9797739312352871
tel_Telu,zul_Latn,intfloat/multilingual-e5-large,0.9797725582750696
ary_Arab,mkd_Cyrl,jinaai/jina-embeddings-v3,0.9797695372757104
pbt_Arab,vie_Latn,microsoft/harrier-oss-v1-0.6b,0.9797673286308384
cym_Latn,hin_Deva,intfloat/multilingual-e5-large,0.9797630454004673
cym_Latn,lvs_Latn,intfloat/multilingual-e5-large,0.9797620513775729
spa_Latn,mlt_Latn,microsoft/harrier-oss-v1-0.6b,0.9797566121218562
cym_Latn,tgk_Cyrl,microsoft/harrier-oss-v1-270m,0.979755702053642
sna_Latn,als_Latn,intfloat/multilingual-e5-large,0.979750976961913
plt_Latn,swe_Latn,microsoft/harrier-oss-v1-270m,0.9797416190552335
lao_Laoo,ron_Latn,jinaai/jina-embeddings-v3,0.9797221968796477
deu_Latn,eus_Latn,intfloat/multilingual-e5-large,0.9797098769068163
pbt_Arab,slv_Latn,jinaai/jina-embeddings-v3,0.9797083300020075
kir_Cyrl,khk_Cyrl,intfloat/multilingual-e5-large,0.9797027019586944
ekk_Latn,mya_Mymr,intfloat/multilingual-e5-large,0.9796997183508764
spa_Latn,khk_Cyrl,microsoft/harrier-oss-v1-0.6b,0.9796885836580578
mar_Deva,swh_Latn,intfloat/multilingual-e5-large,0.9796742544850822
bel_Cyrl,mar_Deva,jinaai/jina-embeddings-v3,0.9796690850905945
arz_Arab,ell_Grek,jinaai/jina-embeddings-v3,0.9796605551250354
ary_Arab,slv_Latn,jinaai/jina-embeddings-v3,0.97965978280666
lit_Latn,snd_Arab,jinaai/jina-embeddings-v3,0.9796546450107042
est_Latn,ilo_Latn,microsoft/harrier-oss-v1-0.6b,0.979653483593701
eus_Latn,tha_Thai,jinaai/jina-embeddings-v3,0.9796344227302608
ces_Latn,eus_Latn,jinaai/jina-embeddings-v3,0.9796246049718782
ibo_Latn,nob_Latn,microsoft/harrier-oss-v1-270m,0.9796244531231328
mya_Mymr,slv_Latn,jinaai/jina-embeddings-v3,0.9796151396773416
heb_Hebr,mya_Mymr,jinaai/jina-embeddings-v3,0.9796037946938865
khm_Khmr,tel_Telu,jinaai/jina-embeddings-v3,0.9795909719689387
amh_Ethi,lit_Latn,microsoft/harrier-oss-v1-270m,0.979588799582565
ary_Arab,tur_Latn,jinaai/jina-embeddings-v3,0.9795872585332944
npi_Deva,xho_Latn,intfloat/multilingual-e5-large,0.9795798763016474
fin_Latn,mar_Deva,jinaai/jina-embeddings-v3,0.9795709355071688
eus_Latn,npi_Deva,jinaai/jina-embeddings-v3,0.9795707245231138
est_Latn,xho_Latn,microsoft/harrier-oss-v1-0.6b,0.9795642443437864
eng_Latn,tsn_Latn,intfloat/multilingual-e5-large,0.9795591806717379
jpn_Jpan,srp_Cyrl,intfloat/multilingual-e5-large,0.9795506951928641
mlt_Latn,ukr_Cyrl,microsoft/harrier-oss-v1-0.6b,0.9795407254841121
isl_Latn,zul_Latn,intfloat/multilingual-e5-large,0.9795309348111321
ary_Arab,rus_Cyrl,jinaai/jina-embeddings-v3,0.9795268407248884
lao_Laoo,rus_Cyrl,jinaai/jina-embeddings-v3,0.9795230258511815
ces_Latn,tam_Taml,jinaai/jina-embeddings-v3,0.9795150968894807
lvs_Latn,mya_Mymr,jinaai/jina-embeddings-v3,0.9795133187809484
lit_Latn,tgk_Cyrl,microsoft/harrier-oss-v1-0.6b,0.9795072770665744
afr_Latn,khk_Cyrl,intfloat/multilingual-e5-large,0.9794916929006776
kat_Geor,tam_Taml,intfloat/multilingual-e5-large,0.9794866180826354
apc_Arab,eng_Latn,microsoft/harrier-oss-v1-270m,0.9794848705125783
pol_Latn,xho_Latn,microsoft/harrier-oss-v1-0.6b,0.9794812342866992
fra_Latn,szl_Latn,microsoft/harrier-oss-v1-0.6b,0.9794795412637864
amh_Ethi,nno_Latn,microsoft/harrier-oss-v1-0.6b,0.9794626865760345
hun_Latn,mar_Deva,jinaai/jina-embeddings-v3,0.9794567074839027
hun_Latn,kan_Knda,intfloat/multilingual-e5-large,0.9794555906169181
uzn_Latn,hun_Latn,microsoft/harrier-oss-v1-0.6b,0.9794479890488412
nno_Latn,jpn_Jpan,microsoft/harrier-oss-v1-0.6b,0.9794317714749697
ary_Arab,bul_Cyrl,jinaai/jina-embeddings-v3,0.9794180653897818
lin_Latn,zul_Latn,intfloat/multilingual-e5-large,0.9793991562171311
amh_Ethi,xho_Latn,intfloat/multilingual-e5-large,0.9793961924888352
afr_Latn,tam_Taml,jinaai/jina-embeddings-v3,0.9793875506537992
arz_Arab,hun_Latn,jinaai/jina-embeddings-v3,0.9793829273583992
slv_Latn,tam_Taml,jinaai/jina-embeddings-v3,0.9793757668987713
tam_Taml,uzn_Latn,intfloat/multilingual-e5-large,0.979356273071812
bel_Cyrl,pbt_Arab,intfloat/multilingual-e5-large,0.9793543371728746
plt_Latn,als_Latn,microsoft/harrier-oss-v1-0.6b,0.979349907035594
cat_Latn,kir_Cyrl,microsoft/harrier-oss-v1-0.6b,0.979324255667902
asm_Beng,slv_Latn,microsoft/harrier-oss-v1-0.6b,0.9793118301547091
eng_Latn,grn_Latn,microsoft/harrier-oss-v1-270m,0.979302824555382
bel_Cyrl,tel_Telu,intfloat/multilingual-e5-large,0.9792992636351219
lit_Latn,srd_Latn,microsoft/harrier-oss-v1-0.6b,0.9792951490413964
hat_Latn,srp_Cyrl,microsoft/harrier-oss-v1-0.6b,0.9792937366547306
ekk_Latn,isl_Latn,intfloat/multilingual-e5-large,0.9792934315893184
ilo_Latn,war_Latn,intfloat/multilingual-e5-large,0.9792866949385062
ary_Arab,ces_Latn,jinaai/jina-embeddings-v3,0.9792672319249144
deu_Latn,gle_Latn,intfloat/multilingual-e5-large,0.9792644303126642
lit_Latn,uzn_Latn,intfloat/multilingual-e5-large,0.9792562138108301
sun_Latn,swe_Latn,microsoft/harrier-oss-v1-270m,0.9792469659438763
gle_Latn,swe_Latn,microsoft/harrier-oss-v1-0.6b,0.9792443434686458
cat_Latn,mya_Mymr,intfloat/multilingual-e5-large,0.9792275108787014
ary_Arab,bos_Latn,microsoft/harrier-oss-v1-0.6b,0.9792134655402064
afr_Latn,tsn_Latn,intfloat/multilingual-e5-large,0.9792082445625911
hun_Latn,tam_Taml,intfloat/multilingual-e5-large,0.9792081331652192
eng_Latn,szl_Latn,microsoft/harrier-oss-v1-0.6b,0.9791804297962179
ces_Latn,pbt_Arab,intfloat/multilingual-e5-large,0.9791625231840391
jpn_Jpan,lit_Latn,jinaai/jina-embeddings-v3,0.9791498310310933
dan_Latn,khk_Cyrl,intfloat/multilingual-e5-large,0.9791390046361002
lao_Laoo,slv_Latn,jinaai/jina-embeddings-v3,0.9791364892532035
cat_Latn,gle_Latn,intfloat/multilingual-e5-large,0.9791351857436337
eng_Latn,nya_Latn,microsoft/harrier-oss-v1-0.6b,0.9791193000451222
eus_Latn,lit_Latn,jinaai/jina-embeddings-v3,0.9791146728085861
eus_Latn,isl_Latn,jinaai/jina-embeddings-v3,0.9791085214063002
kan_Knda,lit_Latn,jinaai/jina-embeddings-v3,0.9790997160623724
isl_Latn,snd_Arab,intfloat/multilingual-e5-large,0.9790923471642927
kaz_Cyrl,mar_Deva,intfloat/multilingual-e5-large,0.9790840754665928
pag_Latn,por_Latn,microsoft/harrier-oss-v1-0.6b,0.9790660637387464
asm_Beng,snd_Arab,intfloat/multilingual-e5-large,0.9790539248686716
ary_Arab,ukr_Cyrl,microsoft/harrier-oss-v1-0.6b,0.9790476290585868
asm_Beng,tur_Latn,microsoft/harrier-oss-v1-270m,0.9790447286182472
gle_Latn,nld_Latn,microsoft/harrier-oss-v1-270m,0.9790201003836827
mlt_Latn,rus_Cyrl,microsoft/harrier-oss-v1-270m,0.9789918339568213
kaz_Cyrl,kan_Knda,microsoft/harrier-oss-v1-0.6b,0.9789681369248324
asm_Beng,ind_Latn,microsoft/harrier-oss-v1-0.6b,0.9789634173158637
sna_Latn,urd_Arab,intfloat/multilingual-e5-large,0.9788788965191744
ell_Grek,mlt_Latn,microsoft/harrier-oss-v1-0.6b,0.9788744472742414
eus_Latn,fur_Latn,intfloat/multilingual-e5-large,0.97886142685292
ind_Latn,lao_Laoo,jinaai/jina-embeddings-v3,0.978841729685624
lit_Latn,eus_Latn,jinaai/jina-embeddings-v3,0.9788321240042761
asm_Beng,swe_Latn,microsoft/harrier-oss-v1-0.6b,0.9788278196423879
dan_Latn,eus_Latn,jinaai/jina-embeddings-v3,0.9788253685132945
ell_Grek,pbt_Arab,intfloat/multilingual-e5-large,0.9788219957327824
lvs_Latn,tam_Taml,intfloat/multilingual-e5-large,0.9788042481566439
mya_Mymr,pan_Guru,microsoft/harrier-oss-v1-0.6b,0.9788016469867244
ary_Arab,ron_Latn,jinaai/jina-embeddings-v3,0.978767278463859
fin_Latn,eus_Latn,jinaai/jina-embeddings-v3,0.9787522180285226
afr_Latn,ekk_Latn,jinaai/jina-embeddings-v3,0.9787220645856152
xho_Latn,pol_Latn,microsoft/harrier-oss-v1-0.6b,0.9787183155845915
plt_Latn,swh_Latn,microsoft/harrier-oss-v1-270m,0.9787071251404695
heb_Hebr,plt_Latn,microsoft/harrier-oss-v1-0.6b,0.9787013735209088
kaz_Cyrl,tel_Telu,intfloat/multilingual-e5-large,0.97868201048922
ell_Grek,kan_Knda,intfloat/multilingual-e5-large,0.9786769158045328
kin_Latn,eng_Latn,microsoft/harrier-oss-v1-270m,0.9786639957388029
cym_Latn,srd_Latn,microsoft/harrier-oss-v1-270m,0.9786566424295258
jpn_Jpan,mal_Mlym,microsoft/harrier-oss-v1-0.6b,0.9786464325034963
fin_Latn,tel_Telu,intfloat/multilingual-e5-large,0.9786450218284493
glg_Latn,mya_Mymr,jinaai/jina-embeddings-v3,0.9786163027914485
khm_Khmr,mya_Mymr,jinaai/jina-embeddings-v3,0.9786045264632728
eus_Latn,ind_Latn,jinaai/jina-embeddings-v3,0.9786030622065042
ary_Arab,hrv_Latn,jinaai/jina-embeddings-v3,0.9785893758233148
amh_Ethi,kan_Knda,microsoft/harrier-oss-v1-0.6b,0.9785850172899918
mya_Mymr,srp_Cyrl,jinaai/jina-embeddings-v3,0.9785671361984722
jpn_Jpan,pan_Guru,microsoft/harrier-oss-v1-0.6b,0.978547614507844
ell_Grek,khk_Cyrl,intfloat/multilingual-e5-large,0.9785444848582188
fra_Latn,xho_Latn,microsoft/harrier-oss-v1-0.6b,0.978510302960218
mar_Deva,tgk_Cyrl,microsoft/harrier-oss-v1-0.6b,0.9784702468645824
bak_Cyrl,hun_Latn,microsoft/harrier-oss-v1-0.6b,0.9784656405673007
uzn_Latn,lit_Latn,microsoft/harrier-oss-v1-270m,0.9784366846515067
dan_Latn,xho_Latn,intfloat/multilingual-e5-large,0.9784294138327196
eus_Latn,kaz_Cyrl,intfloat/multilingual-e5-large,0.9784189420309939
arz_Arab,lvs_Latn,jinaai/jina-embeddings-v3,0.978401307557696
gle_Latn,kor_Hang,jinaai/jina-embeddings-v3,0.9783830761522376
glg_Latn,xho_Latn,intfloat/multilingual-e5-large,0.9783531367474576
hun_Latn,pbt_Arab,intfloat/multilingual-e5-large,0.978340767844688
pbt_Arab,srp_Cyrl,jinaai/jina-embeddings-v3,0.9782994767648454
afr_Latn,mlt_Latn,intfloat/multilingual-e5-large,0.9782834133790753
kir_Cyrl,lvs_Latn,jinaai/jina-embeddings-v3,0.9782722949047034
kir_Cyrl,tel_Telu,intfloat/multilingual-e5-large,0.9782642386435659
khk_Cyrl,slk_Latn,microsoft/harrier-oss-v1-0.6b,0.9782482067745712
ita_Latn,nya_Latn,intfloat/multilingual-e5-large,0.9782448122778865
kir_Cyrl,tha_Thai,jinaai/jina-embeddings-v3,0.9782442687071209
tur_Latn,xho_Latn,intfloat/multilingual-e5-large,0.9782319854699455
spa_Latn,xho_Latn,intfloat/multilingual-e5-large,0.978208112604207
mai_Deva,nno_Latn,microsoft/harrier-oss-v1-0.6b,0.978205969086492
deu_Latn,sun_Latn,microsoft/harrier-oss-v1-270m,0.9782032184912484
cym_Latn,ell_Grek,microsoft/harrier-oss-v1-270m,0.9781926930156715
bho_Deva,tel_Telu,intfloat/multilingual-e5-large,0.978191479919061
pan_Guru,xho_Latn,intfloat/multilingual-e5-large,0.9781843688069445
mlt_Latn,vie_Latn,microsoft/harrier-oss-v1-0.6b,0.9781603229626896
arz_Arab,cat_Latn,jinaai/jina-embeddings-v3,0.9781327955396915
mar_Deva,pbt_Arab,intfloat/multilingual-e5-large,0.9781101727828707
ceb_Latn,ekk_Latn,intfloat/multilingual-e5-large,0.9780934856378148
hun_Latn,mya_Mymr,intfloat/multilingual-e5-large,0.978091049809418
arz_Arab,hin_Deva,jinaai/jina-embeddings-v3,0.9780722312211184
amh_Ethi,tel_Telu,intfloat/multilingual-e5-large,0.9780646555616508
ary_Arab,hin_Deva,jinaai/jina-embeddings-v3,0.9780621708780948
rus_Cyrl,mlt_Latn,microsoft/harrier-oss-v1-0.6b,0.9780613169160683
szl_Latn,tur_Latn,microsoft/harrier-oss-v1-0.6b,0.9780586190884037
fin_Latn,kan_Knda,jinaai/jina-embeddings-v3,0.9780582432362313
ary_Arab,slk_Latn,jinaai/jina-embeddings-v3,0.978040955048554
gle_Latn,hne_Deva,intfloat/multilingual-e5-large,0.9780217876184046
hye_Armn,jpn_Jpan,jinaai/jina-embeddings-v3,0.9780160634894575
cat_Latn,sun_Latn,intfloat/multilingual-e5-large,0.9779944199289222
pbt_Arab,ukr_Cyrl,jinaai/jina-embeddings-v3,0.9779943833938337
ary_Arab,ind_Latn,microsoft/harrier-oss-v1-0.6b,0.9779782312110056
ell_Grek,eus_Latn,jinaai/jina-embeddings-v3,0.9779758739044252
ind_Latn,xho_Latn,intfloat/multilingual-e5-large,0.9779694811327003
cat_Latn,xho_Latn,intfloat/multilingual-e5-large,0.9779623564787296
khm_Khmr,nno_Latn,jinaai/jina-embeddings-v3,0.9779574170669691
isl_Latn,tel_Telu,jinaai/jina-embeddings-v3,0.9779504364347231
arz_Arab,fin_Latn,jinaai/jina-embeddings-v3,0.9779374283755164
arb_Arab,lin_Latn,microsoft/harrier-oss-v1-0.6b,0.9779356560906532
spa_Latn,sun_Latn,intfloat/multilingual-e5-large,0.9779237047926511
nya_Latn,urd_Arab,intfloat/multilingual-e5-large,0.9779154210217691
kir_Cyrl,tgk_Cyrl,microsoft/harrier-oss-v1-0.6b,0.9779136136645667
snd_Arab,xho_Latn,intfloat/multilingual-e5-large,0.9779060392924646
hun_Latn,khk_Cyrl,intfloat/multilingual-e5-large,0.9778690596274933
asm_Beng,cym_Latn,intfloat/multilingual-e5-large,0.9778542715672153
dan_Latn,gle_Latn,intfloat/multilingual-e5-large,0.9778291646240473
eng_Latn,kas_Arab,microsoft/harrier-oss-v1-0.6b,0.977828555917398
run_Latn,zul_Latn,microsoft/harrier-oss-v1-270m,0.97782770260467
cat_Latn,mlt_Latn,microsoft/harrier-oss-v1-0.6b,0.9778034015777652
ekk_Latn,lvs_Latn,intfloat/multilingual-e5-large,0.9777950601949836
srd_Latn,lit_Latn,microsoft/harrier-oss-v1-0.6b,0.977769748931342
plt_Latn,tur_Latn,microsoft/harrier-oss-v1-270m,0.9777648416681428
hat_Latn,hun_Latn,microsoft/harrier-oss-v1-270m,0.9777498154092036
gle_Latn,mal_Mlym,intfloat/multilingual-e5-large,0.9777456434331775
plt_Latn,urd_Arab,microsoft/harrier-oss-v1-270m,0.9777296181241493
spa_Latn,szl_Latn,microsoft/harrier-oss-v1-0.6b,0.9777209462740294
lit_Latn,mar_Deva,jinaai/jina-embeddings-v3,0.9777201365281993
ell_Grek,mya_Mymr,jinaai/jina-embeddings-v3,0.9777029164644135
afr_Latn,lao_Laoo,jinaai/jina-embeddings-v3,0.9777001088029391
hun_Latn,bak_Cyrl,microsoft/harrier-oss-v1-0.6b,0.9776994444745819
hrv_Latn,plt_Latn,microsoft/harrier-oss-v1-0.6b,0.9776927107129865
fin_Latn,hat_Latn,intfloat/multilingual-e5-large,0.9776791651530212
kan_Knda,slv_Latn,jinaai/jina-embeddings-v3,0.9776476964217085
cat_Latn,lao_Laoo,intfloat/multilingual-e5-large,0.9776432509556172
lit_Latn,pbt_Arab,intfloat/multilingual-e5-large,0.9776365259842411
est_Latn,kin_Latn,microsoft/harrier-oss-v1-270m,0.9776234963982
azj_Latn,mya_Mymr,jinaai/jina-embeddings-v3,0.9776188104330797
amh_Ethi,tha_Thai,microsoft/harrier-oss-v1-0.6b,0.9776184135510031
kaz_Cyrl,lao_Laoo,intfloat/multilingual-e5-large,0.9776136768933401
bel_Cyrl,hat_Latn,intfloat/multilingual-e5-large,0.9776098702620182
bel_Cyrl,kan_Knda,intfloat/multilingual-e5-large,0.9775746604466695
hun_Latn,ckb_Arab,microsoft/harrier-oss-v1-0.6b,0.9775448416905608
fra_Latn,nso_Latn,intfloat/multilingual-e5-large,0.977501914180827
deu_Latn,plt_Latn,microsoft/harrier-oss-v1-0.6b,0.9774985877500577
fin_Latn,mya_Mymr,intfloat/multilingual-e5-large,0.9774887304181716
kir_Cyrl,mar_Deva,intfloat/multilingual-e5-large,0.9774711023858367
fin_Latn,ckb_Arab,microsoft/harrier-oss-v1-0.6b,0.9774694485459997
ary_Arab,ita_Latn,microsoft/harrier-oss-v1-0.6b,0.9774238013640372
swe_Latn,xho_Latn,intfloat/multilingual-e5-large,0.9774138702814761
ary_Arab,als_Latn,jinaai/jina-embeddings-v3,0.9774080344435174
ekk_Latn,gle_Latn,intfloat/multilingual-e5-large,0.9773822733428472
mlt_Latn,srp_Cyrl,microsoft/harrier-oss-v1-0.6b,0.9773809085677216
mal_Mlym,nya_Latn,intfloat/multilingual-e5-large,0.9773701024681356
bel_Cyrl,sun_Latn,intfloat/multilingual-e5-large,0.9773530310276459
ceb_Latn,tam_Taml,microsoft/harrier-oss-v1-270m,0.9773500883432011
jpn_Jpan,afr_Latn,jinaai/jina-embeddings-v3,0.9773487134401961
khk_Cyrl,slv_Latn,jinaai/jina-embeddings-v3,0.9773451144555105
vie_Latn,xho_Latn,intfloat/multilingual-e5-large,0.977338757019816
sot_Latn,tso_Latn,intfloat/multilingual-e5-large,0.9773196891521028
bak_Cyrl,fin_Latn,microsoft/harrier-oss-v1-0.6b,0.9773163067685011
eus_Latn,hin_Deva,jinaai/jina-embeddings-v3,0.977304731164188
kaz_Cyrl,mya_Mymr,jinaai/jina-embeddings-v3,0.9773026578399512
pbt_Arab,tgk_Cyrl,microsoft/harrier-oss-v1-0.6b,0.9772981536977188
afr_Latn,eus_Latn,jinaai/jina-embeddings-v3,0.9772950428409035
nso_Latn,xho_Latn,intfloat/multilingual-e5-large,0.9772892482128233
nya_Latn,zho_Hans,microsoft/harrier-oss-v1-0.6b,0.9772885961924724
swh_Latn,tam_Taml,intfloat/multilingual-e5-large,0.977285482353887
ary_Arab,por_Latn,jinaai/jina-embeddings-v5-text-small,0.9772821580854476
ces_Latn,khk_Cyrl,microsoft/harrier-oss-v1-0.6b,0.9772706069611519
cym_Latn,tur_Latn,intfloat/multilingual-e5-large,0.9772571956858037
amh_Ethi,sot_Latn,intfloat/multilingual-e5-large,0.9772484424519872
eus_Latn,khm_Khmr,jinaai/jina-embeddings-v3,0.9772327224836326
khm_Khmr,mar_Deva,jinaai/jina-embeddings-v3,0.9772316613911716
mar_Deva,mya_Mymr,intfloat/multilingual-e5-large,0.9772252870635856
fin_Latn,khk_Cyrl,intfloat/multilingual-e5-large,0.9772030060594004
ell_Grek,ekk_Latn,intfloat/multilingual-e5-large,0.977194198593496
azj_Latn,tam_Taml,microsoft/harrier-oss-v1-0.6b,0.9771773884901807
isl_Latn,mar_Deva,jinaai/jina-embeddings-v3,0.9771730077720329
cym_Latn,tel_Telu,intfloat/multilingual-e5-large,0.9771705074288939
ary_Arab,nob_Latn,jinaai/jina-embeddings-v5-text-small,0.9771678653959364
pbt_Arab,rus_Cyrl,microsoft/harrier-oss-v1-0.6b,0.9771571495490068
fra_Latn,kea_Latn,microsoft/harrier-oss-v1-0.6b,0.9771468010833468
eus_Latn,zul_Latn,intfloat/multilingual-e5-large,0.9771462130307473
bel_Cyrl,mya_Mymr,intfloat/multilingual-e5-large,0.9771451094449962
cym_Latn,isl_Latn,intfloat/multilingual-e5-large,0.9771348247291132
ckb_Arab,tha_Thai,microsoft/harrier-oss-v1-0.6b,0.977100477191159
apc_Arab,fra_Latn,microsoft/harrier-oss-v1-0.6b,0.9770955048833374
ita_Latn,sna_Latn,intfloat/multilingual-e5-large,0.9770821133991815
tgk_Cyrl,tha_Thai,microsoft/harrier-oss-v1-0.6b,0.977081637693053
fin_Latn,snd_Arab,jinaai/jina-embeddings-v3,0.9770635828377995
ron_Latn,xho_Latn,intfloat/multilingual-e5-large,0.9770532207228406
tsn_Latn,xho_Latn,intfloat/multilingual-e5-large,0.9770442201536691
san_Deva,snd_Arab,microsoft/harrier-oss-v1-0.6b,0.977031380739906
kaz_Cyrl,xho_Latn,intfloat/multilingual-e5-large,0.9770186966587705
isl_Latn,jpn_Jpan,jinaai/jina-embeddings-v3,0.9770175511183075
hin_Deva,khk_Cyrl,intfloat/multilingual-e5-large,0.9770156024339274
hin_Deva,lao_Laoo,intfloat/multilingual-e5-large,0.9770122810427115
fry_Latn,swe_Latn,jinaai/jina-embeddings-v3,0.9769844140287914
jpn_Jpan,jav_Latn,microsoft/harrier-oss-v1-0.6b,0.9769742422705527
hat_Latn,plt_Latn,microsoft/harrier-oss-v1-270m,0.976971398450897
spa_Latn,kea_Latn,microsoft/harrier-oss-v1-0.6b,0.9769598399529658
mlt_Latn,slv_Latn,microsoft/harrier-oss-v1-270m,0.9769544434439361
bul_Cyrl,nya_Latn,microsoft/harrier-oss-v1-0.6b,0.9769393865645
lvs_Latn,sun_Latn,intfloat/multilingual-e5-large,0.9769314399741158
ary_Arab,heb_Hebr,jinaai/jina-embeddings-v3,0.9769063401889602
deu_Latn,szl_Latn,intfloat/multilingual-e5-large,0.9768886923182016
khk_Cyrl,tgk_Cyrl,microsoft/harrier-oss-v1-0.6b,0.9768824264574538
mkd_Cyrl,nya_Latn,intfloat/multilingual-e5-large,0.976882259662476
hun_Latn,mlt_Latn,microsoft/harrier-oss-v1-0.6b,0.9768799931665898
jpn_Jpan,slv_Latn,microsoft/harrier-oss-v1-0.6b,0.976871309074482
kan_Knda,lvs_Latn,jinaai/jina-embeddings-v3,0.9768648063499992
npi_Deva,nno_Latn,jinaai/jina-embeddings-v3,0.9768367254569955
isl_Latn,kan_Knda,jinaai/jina-embeddings-v3,0.9768222726450124
eus_Latn,guj_Gujr,intfloat/multilingual-e5-large,0.9768152664911299
isl_Latn,swh_Latn,intfloat/multilingual-e5-large,0.9768096364875276
plt_Latn,pol_Latn,microsoft/harrier-oss-v1-0.6b,0.9768077818201438
arz_Arab,mal_Mlym,intfloat/multilingual-e5-large,0.9767976951683522
fur_Latn,xho_Latn,microsoft/harrier-oss-v1-0.6b,0.9767698054887932
isl_Latn,eus_Latn,jinaai/jina-embeddings-v3,0.9767639193451931
rus_Cyrl,sun_Latn,microsoft/harrier-oss-v1-0.6b,0.9767614553056255
lit_Latn,tam_Taml,jinaai/jina-embeddings-v3,0.9767569793215524
eus_Latn,lvs_Latn,intfloat/multilingual-e5-large,0.9767565349845393
ekk_Latn,pbt_Arab,intfloat/multilingual-e5-large,0.9767425554987
amh_Ethi,mar_Deva,microsoft/harrier-oss-v1-270m,0.9767365197836715
ben_Beng,sna_Latn,intfloat/multilingual-e5-large,0.976734870588654
gle_Latn,pol_Latn,microsoft/harrier-oss-v1-0.6b,0.9767183411853202
ast_Latn,gle_Latn,microsoft/harrier-oss-v1-0.6b,0.9767145273753476
jav_Latn,som_Latn,intfloat/multilingual-e5-large,0.9767033786256959
jpn_Jpan,kaz_Cyrl,microsoft/harrier-oss-v1-0.6b,0.9767002043981092
est_Latn,gle_Latn,microsoft/harrier-oss-v1-0.6b,0.9766989100536758
plt_Latn,slk_Latn,microsoft/harrier-oss-v1-0.6b,0.9766901849452683
plt_Latn,slv_Latn,microsoft/harrier-oss-v1-0.6b,0.9766591545647593
hrv_Latn,kin_Latn,microsoft/harrier-oss-v1-270m,0.9766182337513807
plt_Latn,rus_Cyrl,microsoft/harrier-oss-v1-270m,0.976612183085174
mal_Mlym,sna_Latn,intfloat/multilingual-e5-large,0.9765928910752248
ary_Arab,mal_Mlym,jinaai/jina-embeddings-v3,0.9765626769591664
fra_Latn,tsn_Latn,intfloat/multilingual-e5-large,0.976556119665554
plt_Latn,ron_Latn,microsoft/harrier-oss-v1-0.6b,0.9765556548661904
fra_Latn,lij_Latn,microsoft/harrier-oss-v1-0.6b,0.9765547732907218
nld_Latn,sna_Latn,intfloat/multilingual-e5-large,0.9765400542990907
ary_Arab,swe_Latn,jinaai/jina-embeddings-v5-text-small,0.9765386206758244
cym_Latn,mya_Mymr,intfloat/multilingual-e5-large,0.9765269967565915
ary_Arab,spa_Latn,jinaai/jina-embeddings-v3,0.976525321892272
gle_Latn,glg_Latn,intfloat/multilingual-e5-large,0.9765137888745177
swh_Latn,tso_Latn,intfloat/multilingual-e5-large,0.9765025533115013
sna_Latn,zho_Hant,microsoft/harrier-oss-v1-270m,0.9764966238471674
fin_Latn,mlt_Latn,microsoft/harrier-oss-v1-0.6b,0.9764491206875855
tso_Latn,xho_Latn,intfloat/multilingual-e5-large,0.9764213862851518
ben_Beng,kas_Arab,microsoft/harrier-oss-v1-270m,0.9764157929999916
kir_Cyrl,tam_Taml,intfloat/multilingual-e5-large,0.9763964818600027
hat_Latn,kat_Geor,microsoft/harrier-oss-v1-270m,0.9763930561893106
sun_Latn,war_Latn,intfloat/multilingual-e5-large,0.9763897156931478
arz_Arab,tha_Thai,jinaai/jina-embeddings-v3,0.9763755106419358
asm_Beng,ukr_Cyrl,microsoft/harrier-oss-v1-0.6b,0.9763712977352301
bel_Cyrl,mlt_Latn,microsoft/harrier-oss-v1-0.6b,0.9763590382320251
bho_Deva,kan_Knda,microsoft/harrier-oss-v1-0.6b,0.976317898117708
ces_Latn,plt_Latn,microsoft/harrier-oss-v1-270m,0.9763112006998083
plt_Latn,mkd_Cyrl,microsoft/harrier-oss-v1-0.6b,0.9763077418591524
ary_Arab,cat_Latn,jinaai/jina-embeddings-v3,0.976292250360923
ary_Arab,kor_Hang,jinaai/jina-embeddings-v3,0.9762875108511206
dan_Latn,plt_Latn,microsoft/harrier-oss-v1-270m,0.9762869854573402
fin_Latn,lao_Laoo,intfloat/multilingual-e5-large,0.9762859532443382
ary_Arab,dan_Latn,jinaai/jina-embeddings-v5-text-nano,0.9762821859823008
amh_Ethi,plt_Latn,microsoft/harrier-oss-v1-270m,0.9762673193896466
deu_Latn,xho_Latn,microsoft/harrier-oss-v1-0.6b,0.9762351902362684
dan_Latn,sun_Latn,intfloat/multilingual-e5-large,0.9762155441022604
bul_Cyrl,kin_Latn,microsoft/harrier-oss-v1-0.6b,0.9761887912489304
sun_Latn,tur_Latn,microsoft/harrier-oss-v1-270m,0.976183184107309
tel_Telu,tgk_Cyrl,microsoft/harrier-oss-v1-0.6b,0.9761766503593646
nld_Latn,kin_Latn,microsoft/harrier-oss-v1-0.6b,0.9761738285858227
azj_Latn,gle_Latn,intfloat/multilingual-e5-large,0.9761528376122284
hin_Deva,hat_Latn,microsoft/harrier-oss-v1-0.6b,0.9761139329534667
xho_Latn,ita_Latn,microsoft/harrier-oss-v1-0.6b,0.9760959748714538
ind_Latn,eus_Latn,jinaai/jina-embeddings-v3,0.9760945469148844
kan_Knda,uzn_Latn,intfloat/multilingual-e5-large,0.9760625777374434
tha_Thai,uzn_Latn,microsoft/harrier-oss-v1-0.6b,0.9760486914911022
glg_Latn,mlt_Latn,intfloat/multilingual-e5-large,0.9760219013356408
fra_Latn,lin_Latn,intfloat/multilingual-e5-large,0.9760104452293734
kin_Latn,zul_Latn,intfloat/multilingual-e5-large,0.9759839594136435
ces_Latn,sun_Latn,microsoft/harrier-oss-v1-270m,0.9759420653313038
cym_Latn,fin_Latn,microsoft/harrier-oss-v1-270m,0.9759277942542586
asm_Beng,dan_Latn,microsoft/harrier-oss-v1-0.6b,0.9759071985209331
mar_Deva,xho_Latn,intfloat/multilingual-e5-large,0.9759034253035472
som_Latn,zul_Latn,intfloat/multilingual-e5-large,0.9759016462648148
nld_Latn,nso_Latn,intfloat/multilingual-e5-large,0.9758892769626146
gle_Latn,xho_Latn,intfloat/multilingual-e5-large,0.9758773001132968
bel_Cyrl,khk_Cyrl,intfloat/multilingual-e5-large,0.9758643069861175
jpn_Jpan,tel_Telu,jinaai/jina-embeddings-v3,0.9758610614886485
afr_Latn,nya_Latn,intfloat/multilingual-e5-large,0.9758593482639589
kaz_Cyrl,sun_Latn,intfloat/multilingual-e5-large,0.9758499934408349
kir_Cyrl,sun_Latn,intfloat/multilingual-e5-large,0.9758356987585638
khm_Khmr,tam_Taml,jinaai/jina-embeddings-v3,0.9758224600631322
pbt_Arab,tha_Thai,jinaai/jina-embeddings-v3,0.9758091242428477
ben_Beng,kin_Latn,microsoft/harrier-oss-v1-270m,0.9758023368824842
arz_Arab,ind_Latn,jinaai/jina-embeddings-v3,0.9757967411609714
nya_Latn,xho_Latn,intfloat/multilingual-e5-large,0.975792426736869
xho_Latn,nld_Latn,microsoft/harrier-oss-v1-0.6b,0.9757697536577037
azj_Latn,eus_Latn,jinaai/jina-embeddings-v3,0.9757674457561897
lit_Latn,swh_Latn,microsoft/harrier-oss-v1-0.6b,0.9757527707849862
ell_Grek,plt_Latn,microsoft/harrier-oss-v1-0.6b,0.975751399340995
ibo_Latn,zho_Hans,microsoft/harrier-oss-v1-270m,0.975729335177369
isl_Latn,mya_Mymr,jinaai/jina-embeddings-v3,0.9757074673383787
ary_Arab,epo_Latn,microsoft/harrier-oss-v1-0.6b,0.9756912353873286
ary_Arab,nld_Latn,jinaai/jina-embeddings-v3,0.9756907714192864
isl_Latn,fur_Latn,intfloat/multilingual-e5-large,0.9756766602962256
gle_Latn,hrv_Latn,microsoft/harrier-oss-v1-0.6b,0.9756478228816081
plt_Latn,war_Latn,microsoft/harrier-oss-v1-270m,0.9756477030788218
spa_Latn,nya_Latn,intfloat/multilingual-e5-large,0.9756453386037781
amh_Ethi,khk_Cyrl,microsoft/harrier-oss-v1-270m,0.9756351709223218
asm_Beng,slk_Latn,microsoft/harrier-oss-v1-0.6b,0.9756297143451171
jav_Latn,lit_Latn,microsoft/harrier-oss-v1-0.6b,0.9756272742129741
gle_Latn,ukr_Cyrl,microsoft/harrier-oss-v1-0.6b,0.9756157924361313
ekk_Latn,uzn_Latn,intfloat/multilingual-e5-large,0.9756105451823208
spa_Latn,nso_Latn,intfloat/multilingual-e5-large,0.9756064675702361
apc_Arab,rus_Cyrl,jinaai/jina-embeddings-v3,0.9756039294009178
lao_Laoo,tel_Telu,jinaai/jina-embeddings-v3,0.9756006908013011
amh_Ethi,tam_Taml,microsoft/harrier-oss-v1-0.6b,0.9755969169823411
ceb_Latn,lvs_Latn,intfloat/multilingual-e5-large,0.9755812924087865
gle_Latn,guj_Gujr,intfloat/multilingual-e5-large,0.975573241930625
lvs_Latn,xho_Latn,intfloat/multilingual-e5-large,0.9755693985793865
glg_Latn,tam_Taml,intfloat/multilingual-e5-large,0.9755605838488732
som_Latn,tgl_Latn,intfloat/multilingual-e5-large,0.9755521655188686
lvs_Latn,mlt_Latn,intfloat/multilingual-e5-large,0.9755518304612095
isl_Latn,lao_Laoo,jinaai/jina-embeddings-v3,0.9755433082310554
mya_Mymr,npi_Deva,jinaai/jina-embeddings-v3,0.975519778076857
mya_Mymr,tel_Telu,jinaai/jina-embeddings-v3,0.9755077646299262
bel_Cyrl,xho_Latn,intfloat/multilingual-e5-large,0.9754428321143367
spa_Latn,gle_Latn,intfloat/multilingual-e5-large,0.97543901890109
heb_Hebr,sun_Latn,microsoft/harrier-oss-v1-0.6b,0.9754184459578839
isl_Latn,khk_Cyrl,intfloat/multilingual-e5-large,0.9754129688774607
fra_Latn,nya_Latn,intfloat/multilingual-e5-large,0.975388077035139
xho_Latn,fra_Latn,microsoft/harrier-oss-v1-0.6b,0.9753649185334903
apc_Arab,ron_Latn,jinaai/jina-embeddings-v3,0.9753611063575545
jav_Latn,plt_Latn,microsoft/harrier-oss-v1-270m,0.9753442983541248
slk_Latn,xho_Latn,microsoft/harrier-oss-v1-0.6b,0.975340627237385
ary_Arab,ell_Grek,jinaai/jina-embeddings-v3,0.9753359868957256
fra_Latn,tum_Latn,microsoft/harrier-oss-v1-0.6b,0.9753104088326106
nya_Latn,sin_Sinh,intfloat/multilingual-e5-large,0.9752979743538208
hat_Latn,tha_Thai,microsoft/harrier-oss-v1-0.6b,0.9752681302876387
eng_Latn,pag_Latn,microsoft/harrier-oss-v1-0.6b,0.9752617051097784
swh_Latn,tel_Telu,intfloat/multilingual-e5-large,0.9752458508285105
amh_Ethi,run_Latn,microsoft/harrier-oss-v1-270m,0.9752281534890233
kaz_Cyrl,plt_Latn,microsoft/harrier-oss-v1-0.6b,0.9752172139161951
hrv_Latn,fao_Latn,intfloat/multilingual-e5-large,0.9752124751402564
cym_Latn,ekk_Latn,intfloat/multilingual-e5-large,0.975187453712044
apc_Arab,urd_Arab,intfloat/multilingual-e5-large,0.975171677243
afr_Latn,plt_Latn,microsoft/harrier-oss-v1-270m,0.9751179097539362
fin_Latn,bak_Cyrl,microsoft/harrier-oss-v1-0.6b,0.9751011730286387
asm_Beng,ces_Latn,microsoft/harrier-oss-v1-0.6b,0.9750779160476561
fra_Latn,kin_Latn,microsoft/harrier-oss-v1-0.6b,0.9750745326089999
lao_Laoo,lvs_Latn,jinaai/jina-embeddings-v3,0.97505618285609
ron_Latn,sun_Latn,intfloat/multilingual-e5-large,0.9750539750682901
gle_Latn,zsm_Latn,microsoft/harrier-oss-v1-0.6b,0.975053756484234
kan_Knda,mya_Mymr,jinaai/jina-embeddings-v3,0.9750487549465425
ces_Latn,xho_Latn,microsoft/harrier-oss-v1-0.6b,0.9750315051179552
jpn_Jpan,kat_Geor,jinaai/jina-embeddings-v3,0.9750310193561145
gle_Latn,uzn_Latn,intfloat/multilingual-e5-large,0.9750175418785985
ind_Latn,plt_Latn,microsoft/harrier-oss-v1-270m,0.9750166197511241
khk_Cyrl,srp_Cyrl,jinaai/jina-embeddings-v3,0.9750134512635468
gle_Latn,tur_Latn,microsoft/harrier-oss-v1-0.6b,0.9749914797413466
azj_Latn,mlt_Latn,microsoft/harrier-oss-v1-0.6b,0.9749719137687991
apc_Arab,bul_Cyrl,jinaai/jina-embeddings-v3,0.974943634416652
hun_Latn,snd_Arab,intfloat/multilingual-e5-large,0.9749329413834777
apc_Arab,tur_Latn,jinaai/jina-embeddings-v3,0.9749111099842079
nld_Latn,ilo_Latn,microsoft/harrier-oss-v1-0.6b,0.9748759736550806
apc_Arab,heb_Hebr,jinaai/jina-embeddings-v3,0.9748478613647775
fin_Latn,pbt_Arab,intfloat/multilingual-e5-large,0.9748413489080809
kat_Geor,sun_Latn,intfloat/multilingual-e5-large,0.9748315814562446
heb_Hebr,xho_Latn,microsoft/harrier-oss-v1-0.6b,0.9748310360061874
fra_Latn,tir_Ethi,microsoft/harrier-oss-v1-270m,0.9748224882235395
bul_Cyrl,nso_Latn,intfloat/multilingual-e5-large,0.9747900082301298
amh_Ethi,lao_Laoo,intfloat/multilingual-e5-large,0.9747712911889276
asm_Beng,ron_Latn,microsoft/harrier-oss-v1-0.6b,0.9747569975640598
bel_Cyrl,eus_Latn,jinaai/jina-embeddings-v3,0.9747434149781734
jpn_Jpan,khm_Khmr,jinaai/jina-embeddings-v3,0.9747431576898671
ary_Arab,zsm_Latn,jinaai/jina-embeddings-v5-text-small,0.9747366096934952
mya_Mymr,swh_Latn,microsoft/harrier-oss-v1-270m,0.9746904215014455
apc_Arab,swe_Latn,jinaai/jina-embeddings-v3,0.9746790781969008
apc_Arab,lit_Latn,jinaai/jina-embeddings-v3,0.9746749937571404
srd_Latn,xho_Latn,microsoft/harrier-oss-v1-270m,0.9746636724330906
hrv_Latn,som_Latn,intfloat/multilingual-e5-large,0.9746530024471631
sin_Sinh,som_Latn,intfloat/multilingual-e5-large,0.9746479558944228
nso_Latn,sna_Latn,intfloat/multilingual-e5-large,0.9746454203958456
plt_Latn,vie_Latn,microsoft/harrier-oss-v1-270m,0.9746169771478927
som_Latn,als_Latn,intfloat/multilingual-e5-large,0.9746087562882813
ita_Latn,ilo_Latn,microsoft/harrier-oss-v1-0.6b,0.9745958285024148
isl_Latn,xho_Latn,intfloat/multilingual-e5-large,0.9745914956352988
arb_Arab,hau_Latn,intfloat/multilingual-e5-large,0.9745906496162317
nno_Latn,xho_Latn,intfloat/multilingual-e5-large,0.9745115667679718
hat_Latn,kir_Cyrl,microsoft/harrier-oss-v1-270m,0.9744963973179718
amh_Ethi,mya_Mymr,microsoft/harrier-oss-v1-270m,0.974483110998634
cym_Latn,hun_Latn,intfloat/multilingual-e5-large,0.9744473782966494
por_Latn,hau_Latn,microsoft/harrier-oss-v1-270m,0.9744463930236912
bul_Cyrl,sna_Latn,microsoft/harrier-oss-v1-270m,0.974430319645083
ary_Arab,pol_Latn,jinaai/jina-embeddings-v3,0.9744109856678204
plt_Latn,ukr_Cyrl,microsoft/harrier-oss-v1-0.6b,0.9744060967491643
ind_Latn,mlt_Latn,intfloat/multilingual-e5-large,0.9744057394768156
ekk_Latn,sun_Latn,intfloat/multilingual-e5-large,0.9744035455760308
gle_Latn,ita_Latn,microsoft/harrier-oss-v1-0.6b,0.974393100524959
hat_Latn,kan_Knda,microsoft/harrier-oss-v1-270m,0.9743893983384919
epo_Latn,som_Latn,intfloat/multilingual-e5-large,0.9743882395036908
cym_Latn,som_Latn,intfloat/multilingual-e5-large,0.9743484134406273
ben_Beng,ibo_Latn,intfloat/multilingual-e5-large,0.9743402918018762
plt_Latn,mal_Mlym,microsoft/harrier-oss-v1-270m,0.9743314311749856
lao_Laoo,lit_Latn,jinaai/jina-embeddings-v3,0.9743249170389605
mar_Deva,sun_Latn,intfloat/multilingual-e5-large,0.974252375153252
sot_Latn,ssw_Latn,intfloat/multilingual-e5-large,0.9742473300654069
fra_Latn,sna_Latn,microsoft/harrier-oss-v1-0.6b,0.9742420977147686
lin_Latn,ita_Latn,microsoft/harrier-oss-v1-0.6b,0.9742418459928882
spa_Latn,sna_Latn,intfloat/multilingual-e5-large,0.9742330983370022
slk_Latn,sun_Latn,microsoft/harrier-oss-v1-0.6b,0.9742302770852127
glg_Latn,sun_Latn,intfloat/multilingual-e5-large,0.9742215495118668
ilo_Latn,swe_Latn,microsoft/harrier-oss-v1-0.6b,0.9742164046134631
fin_Latn,sun_Latn,intfloat/multilingual-e5-large,0.9741855713835087
lit_Latn,zul_Latn,microsoft/harrier-oss-v1-0.6b,0.9741842901931776
eus_Latn,sun_Latn,intfloat/multilingual-e5-large,0.9741801965049691
ary_Arab,eus_Latn,jinaai/jina-embeddings-v3,0.974175958789727
bho_Deva,tam_Taml,microsoft/harrier-oss-v1-270m,0.9741727539385234
amh_Ethi,kin_Latn,microsoft/harrier-oss-v1-270m,0.9741540728016997
lit_Latn,mlt_Latn,microsoft/harrier-oss-v1-0.6b,0.9741310517866177
pbt_Arab,tam_Taml,intfloat/multilingual-e5-large,0.9741208562831172
isl_Latn,mlt_Latn,intfloat/multilingual-e5-large,0.9741124174980023
hrv_Latn,ibo_Latn,intfloat/multilingual-e5-large,0.9740892774316322
arb_Arab,som_Latn,microsoft/harrier-oss-v1-0.6b,0.9740586090562126
smo_Latn,sun_Latn,microsoft/harrier-oss-v1-270m,0.9740325973581224
ilo_Latn,nld_Latn,microsoft/harrier-oss-v1-0.6b,0.9740043638951628
deu_Latn,kea_Latn,microsoft/harrier-oss-v1-0.6b,0.9739911092432594
gle_Latn,rus_Cyrl,microsoft/harrier-oss-v1-0.6b,0.9739896320971081
ukr_Cyrl,xho_Latn,microsoft/harrier-oss-v1-0.6b,0.973965874726722
deu_Latn,pag_Latn,microsoft/harrier-oss-v1-0.6b,0.9739386029378678
hin_Deva,plt_Latn,microsoft/harrier-oss-v1-270m,0.9739091364086498
lao_Laoo,mal_Mlym,jinaai/jina-embeddings-v3,0.9739081402392333
spa_Latn,tsn_Latn,intfloat/multilingual-e5-large,0.9739069221172871
khm_Khmr,kir_Cyrl,jinaai/jina-embeddings-v3,0.973878825719092
som_Latn,urd_Arab,intfloat/multilingual-e5-large,0.9738684019878544
apc_Arab,ita_Latn,jinaai/jina-embeddings-v3,0.9738649299380553
apc_Arab,deu_Latn,jinaai/jina-embeddings-v3,0.9738576017316377
bel_Cyrl,gle_Latn,intfloat/multilingual-e5-large,0.9738521281722536
ary_Arab,srp_Cyrl,jinaai/jina-embeddings-v3,0.9738368350215246
asm_Beng,cat_Latn,microsoft/harrier-oss-v1-0.6b,0.973825881889001
tsn_Latn,vie_Latn,microsoft/harrier-oss-v1-0.6b,0.9738200923524585
gle_Latn,swh_Latn,intfloat/multilingual-e5-large,0.9737918628962947
deu_Latn,sna_Latn,microsoft/harrier-oss-v1-270m,0.9737697002345141
mar_Deva,nno_Latn,microsoft/harrier-oss-v1-0.6b,0.9737617527951477
ary_Arab,zho_Hans,microsoft/harrier-oss-v1-0.6b,0.9737503757862546
hin_Deva,eus_Latn,jinaai/jina-embeddings-v3,0.9737411065206476
eng_Latn,som_Latn,intfloat/multilingual-e5-large,0.9737291365576723
hin_Deva,xho_Latn,intfloat/multilingual-e5-large,0.9737192547020984
afr_Latn,nso_Latn,intfloat/multilingual-e5-large,0.9736956799002348
ben_Beng,ilo_Latn,microsoft/harrier-oss-v1-270m,0.9736677017405875
eng_Latn,kon_Latn,microsoft/harrier-oss-v1-0.6b,0.97365329298724
ary_Arab,vie_Latn,jinaai/jina-embeddings-v5-text-small,0.9736407610980556
isl_Latn,kir_Cyrl,jinaai/jina-embeddings-v3,0.9736141355591229
apc_Arab,nld_Latn,jinaai/jina-embeddings-v3,0.9736130738497176
lin_Latn,sot_Latn,intfloat/multilingual-e5-large,0.9736118738486854
isl_Latn,sun_Latn,intfloat/multilingual-e5-large,0.9735970660575674
deu_Latn,tsn_Latn,microsoft/harrier-oss-v1-270m,0.973579173101492
nld_Latn,nya_Latn,microsoft/harrier-oss-v1-0.6b,0.9735744621289626
gle_Latn,mlt_Latn,microsoft/harrier-oss-v1-0.6b,0.9735711327729117
ary_Arab,tha_Thai,jinaai/jina-embeddings-v5-text-nano,0.9735439937866616
ita_Latn,kin_Latn,microsoft/harrier-oss-v1-0.6b,0.973537761986363
apc_Arab,mkd_Cyrl,jinaai/jina-embeddings-v3,0.9735284335235848
asm_Beng,heb_Hebr,microsoft/harrier-oss-v1-0.6b,0.9735204618686311
ary_Arab,mar_Deva,jinaai/jina-embeddings-v3,0.9735147684000178
uzn_Latn,xho_Latn,intfloat/multilingual-e5-large,0.9735070837569255
cym_Latn,kan_Knda,intfloat/multilingual-e5-large,0.9734832084578382
ary_Arab,lvs_Latn,jinaai/jina-embeddings-v3,0.973457850682665
spa_Latn,lij_Latn,microsoft/harrier-oss-v1-0.6b,0.9734568819505677
kin_Latn,sin_Sinh,intfloat/multilingual-e5-large,0.9734522221094992
sna_Latn,swh_Latn,intfloat/multilingual-e5-large,0.9734458191632499
hin_Deva,sun_Latn,intfloat/multilingual-e5-large,0.9734444330848502
tir_Ethi,zul_Latn,microsoft/harrier-oss-v1-0.6b,0.9734420520060978
khm_Khmr,kan_Knda,jinaai/jina-embeddings-v3,0.973437948639128
hat_Latn,tel_Telu,microsoft/harrier-oss-v1-270m,0.9734179556056418
spa_Latn,lin_Latn,intfloat/multilingual-e5-large,0.9733801258250784
ary_Arab,jpn_Jpan,jinaai/jina-embeddings-v3,0.9733775778295544
jpn_Jpan,npi_Deva,intfloat/multilingual-e5-large,0.9733358074451707
sun_Latn,swh_Latn,intfloat/multilingual-e5-large,0.9732929621612952
hye_Armn,plt_Latn,microsoft/harrier-oss-v1-270m,0.9732893749535423
kat_Geor,xho_Latn,intfloat/multilingual-e5-large,0.973251961559909
apc_Arab,tha_Thai,jinaai/jina-embeddings-v3,0.9732496348416516
bul_Cyrl,ilo_Latn,microsoft/harrier-oss-v1-0.6b,0.9732139134543714
hin_Deva,mlt_Latn,microsoft/harrier-oss-v1-0.6b,0.9732119009282153
kin_Latn,sot_Latn,intfloat/multilingual-e5-large,0.973159788903567
ron_Latn,kin_Latn,microsoft/harrier-oss-v1-0.6b,0.9731410849427834
fin_Latn,plt_Latn,microsoft/harrier-oss-v1-0.6b,0.9731234517624954
azj_Latn,sun_Latn,intfloat/multilingual-e5-large,0.9731224129917462
deu_Latn,nso_Latn,intfloat/multilingual-e5-large,0.9731111288431498
lin_Latn,nld_Latn,microsoft/harrier-oss-v1-0.6b,0.9731042288766094
ary_Arab,ben_Beng,microsoft/harrier-oss-v1-0.6b,0.9730991501320644
mya_Mymr,tgk_Cyrl,microsoft/harrier-oss-v1-270m,0.9730839344795317
jpn_Jpan,nno_Latn,jinaai/jina-embeddings-v5-text-small,0.9730761706714477
lim_Latn,por_Latn,microsoft/harrier-oss-v1-0.6b,0.97306588598793
ibo_Latn,tgl_Latn,intfloat/multilingual-e5-large,0.9730444675963175
tam_Taml,tgk_Cyrl,microsoft/harrier-oss-v1-0.6b,0.9730379230725936
eng_Latn,tum_Latn,microsoft/harrier-oss-v1-0.6b,0.97303531860103
hat_Latn,mar_Deva,microsoft/harrier-oss-v1-270m,0.9730236353275081
tam_Taml,xho_Latn,intfloat/multilingual-e5-large,0.9730202286702486
sna_Latn,tsn_Latn,intfloat/multilingual-e5-large,0.9730178579614142
gle_Latn,heb_Hebr,microsoft/harrier-oss-v1-0.6b,0.9730137388646984
ces_Latn,kin_Latn,microsoft/harrier-oss-v1-0.6b,0.9729940402628241
run_Latn,xho_Latn,intfloat/multilingual-e5-large,0.9729842154565244
afr_Latn,run_Latn,microsoft/harrier-oss-v1-0.6b,0.9729468905036012
ltg_Latn,rus_Cyrl,microsoft/harrier-oss-v1-0.6b,0.9729254501889422
uzn_Latn,tha_Thai,microsoft/harrier-oss-v1-0.6b,0.9729254436117851
xho_Latn,swe_Latn,microsoft/harrier-oss-v1-270m,0.972901854135114
hat_Latn,xho_Latn,intfloat/multilingual-e5-large,0.9728843103629632
hun_Latn,sun_Latn,intfloat/multilingual-e5-large,0.9728826474210854
afr_Latn,arz_Arab,jinaai/jina-embeddings-v3,0.9728810785210797
fry_Latn,pol_Latn,jinaai/jina-embeddings-v3,0.9728497706375816
slv_Latn,xho_Latn,microsoft/harrier-oss-v1-0.6b,0.9728440392533213
guj_Gujr,xho_Latn,intfloat/multilingual-e5-large,0.9728406720145526
rus_Cyrl,xho_Latn,intfloat/multilingual-e5-large,0.9728197528613076
eus_Latn,swh_Latn,intfloat/multilingual-e5-large,0.9728092546760636
amh_Ethi,nso_Latn,intfloat/multilingual-e5-large,0.9728090404508538
bos_Latn,kin_Latn,microsoft/harrier-oss-v1-270m,0.9728081800604602
ary_Arab,est_Latn,jinaai/jina-embeddings-v3,0.9727906699388282
ary_Arab,fin_Latn,jinaai/jina-embeddings-v3,0.9727727894061734
fry_Latn,slv_Latn,jinaai/jina-embeddings-v3,0.9727580479495328
ary_Arab,hun_Latn,jinaai/jina-embeddings-v3,0.9727361027657224
nya_Latn,sot_Latn,intfloat/multilingual-e5-large,0.9727037613733018
cym_Latn,plt_Latn,microsoft/harrier-oss-v1-270m,0.9726885953458393
xho_Latn,ron_Latn,microsoft/harrier-oss-v1-0.6b,0.972665615338065
apc_Arab,pol_Latn,jinaai/jina-embeddings-v3,0.972661056771674
ary_Arab,sin_Sinh,jinaai/jina-embeddings-v3,0.9726442760859766
nso_Latn,swh_Latn,intfloat/multilingual-e5-large,0.9726434412083491
apc_Arab,ukr_Cyrl,jinaai/jina-embeddings-v3,0.9726173732258852
hat_Latn,lit_Latn,microsoft/harrier-oss-v1-270m,0.9725864870853689
lit_Latn,khk_Cyrl,jinaai/jina-embeddings-v3,0.9725802023605499
ary_Arab,npi_Deva,jinaai/jina-embeddings-v3,0.9725786555312008
eng_Latn,ibo_Latn,microsoft/harrier-oss-v1-270m,0.9725749961100232
gle_Latn,ron_Latn,microsoft/harrier-oss-v1-0.6b,0.9725674688565817
pol_Latn,sna_Latn,microsoft/harrier-oss-v1-0.6b,0.9725222022368215
mar_Deva,nya_Latn,intfloat/multilingual-e5-large,0.9725181828897889
swh_Latn,tha_Thai,microsoft/harrier-oss-v1-270m,0.9724765884382023
apc_Arab,slk_Latn,jinaai/jina-embeddings-v3,0.9724721848666646
arz_Arab,mar_Deva,intfloat/multilingual-e5-large,0.9724706367005389
por_Latn,som_Latn,microsoft/harrier-oss-v1-270m,0.9724668018114312
ary_Arab,tam_Taml,jinaai/jina-embeddings-v3,0.97246128533332
ekk_Latn,tam_Taml,intfloat/multilingual-e5-large,0.9724609398149494
lim_Latn,nob_Latn,microsoft/harrier-oss-v1-0.6b,0.9724535942867326
ekk_Latn,plt_Latn,intfloat/multilingual-e5-large,0.9724530953763814
mya_Mymr,tam_Taml,microsoft/harrier-oss-v1-270m,0.9724424265902765
jpn_Jpan,kan_Knda,microsoft/harrier-oss-v1-0.6b,0.97242718622861
arz_Arab,isl_Latn,jinaai/jina-embeddings-v3,0.9724224462723603
ekk_Latn,guj_Gujr,intfloat/multilingual-e5-large,0.9723982237026384
uzn_Latn,jpn_Jpan,microsoft/harrier-oss-v1-0.6b,0.9723923745190779
kin_Latn,ita_Latn,microsoft/harrier-oss-v1-0.6b,0.9723700220515465
hat_Latn,khm_Khmr,microsoft/harrier-oss-v1-270m,0.9723341814322317
hau_Latn,tgl_Latn,intfloat/multilingual-e5-large,0.9723306639009437
ilo_Latn,ita_Latn,microsoft/harrier-oss-v1-270m,0.9723245516798522
ell_Grek,sun_Latn,intfloat/multilingual-e5-large,0.9723235370577186
apc_Arab,spa_Latn,jinaai/jina-embeddings-v3,0.9723233664546603
isl_Latn,tam_Taml,jinaai/jina-embeddings-v3,0.972312926494342
pol_Latn,kin_Latn,microsoft/harrier-oss-v1-0.6b,0.9723092452875266
cym_Latn,nno_Latn,microsoft/harrier-oss-v1-270m,0.9722809252918264
apc_Arab,dan_Latn,jinaai/jina-embeddings-v3,0.9722788502356949
kir_Cyrl,uig_Arab,intfloat/multilingual-e5-large,0.9721810595080872
deu_Latn,lin_Latn,microsoft/harrier-oss-v1-0.6b,0.9721591277552636
fry_Latn,ita_Latn,jinaai/jina-embeddings-v3,0.972152780157855
ceb_Latn,eus_Latn,intfloat/multilingual-e5-large,0.972135129705991
lin_Latn,swe_Latn,microsoft/harrier-oss-v1-0.6b,0.9721332040017755
kin_Latn,swh_Latn,intfloat/multilingual-e5-large,0.9721289869440889
ell_Grek,xho_Latn,microsoft/harrier-oss-v1-0.6b,0.9721279699402903
eus_Latn,hne_Deva,intfloat/multilingual-e5-large,0.9721040979036963
ind_Latn,sna_Latn,intfloat/multilingual-e5-large,0.9720824079815953
sun_Latn,ukr_Cyrl,microsoft/harrier-oss-v1-0.6b,0.9720731752946035
gle_Latn,kaz_Cyrl,microsoft/harrier-oss-v1-0.6b,0.9720693766810443
rus_Cyrl,sna_Latn,intfloat/multilingual-e5-large,0.9720687005891028
nya_Latn,sna_Latn,intfloat/multilingual-e5-large,0.9720360442260159
apc_Arab,ces_Latn,jinaai/jina-embeddings-v3,0.9720266803833182
lin_Latn,swh_Latn,microsoft/harrier-oss-v1-270m,0.9719628365588676
hrv_Latn,ilo_Latn,microsoft/harrier-oss-v1-0.6b,0.9719615818786327
cym_Latn,eus_Latn,intfloat/multilingual-e5-large,0.9719584363031863
eus_Latn,nno_Latn,jinaai/jina-embeddings-v3,0.9719569596775789
amh_Ethi,sna_Latn,microsoft/harrier-oss-v1-270m,0.9719026766037858
ekk_Latn,xho_Latn,intfloat/multilingual-e5-large,0.9718939051801408
xho_Latn,spa_Latn,microsoft/harrier-oss-v1-0.6b,0.9718791735418641
jpn_Jpan,mar_Deva,microsoft/harrier-oss-v1-270m,0.9718635057264392
ita_Latn,som_Latn,intfloat/multilingual-e5-large,0.9718578900972785
lin_Latn,vie_Latn,microsoft/harrier-oss-v1-0.6b,0.9718354608891115
hye_Armn,xho_Latn,intfloat/multilingual-e5-large,0.9717905664617841
gle_Latn,mkd_Cyrl,microsoft/harrier-oss-v1-270m,0.9717546125760019
plt_Latn,srp_Cyrl,microsoft/harrier-oss-v1-270m,0.9717422139323262
eng_Latn,fao_Latn,intfloat/multilingual-e5-large,0.9717390994008976
amh_Ethi,jpn_Jpan,microsoft/harrier-oss-v1-0.6b,0.9716481589537607
slv_Latn,sun_Latn,microsoft/harrier-oss-v1-270m,0.9716391907519522
cat_Latn,sna_Latn,intfloat/multilingual-e5-large,0.9716328353282215
ben_Beng,som_Latn,intfloat/multilingual-e5-large,0.9715957929675524
hun_Latn,xho_Latn,intfloat/multilingual-e5-large,0.9715792126580275
eus_Latn,tam_Taml,intfloat/multilingual-e5-large,0.97156148191537
jpn_Jpan,zul_Latn,microsoft/harrier-oss-v1-0.6b,0.9715599792722003
pbt_Arab,tel_Telu,jinaai/jina-embeddings-v3,0.9715508078739121
isl_Latn,pbt_Arab,intfloat/multilingual-e5-large,0.971522036119475
ibo_Latn,zho_Hant,microsoft/harrier-oss-v1-0.6b,0.9714936940321064
hin_Deva,sna_Latn,microsoft/harrier-oss-v1-0.6b,0.9714819131979772
ces_Latn,nso_Latn,microsoft/harrier-oss-v1-0.6b,0.9714775046320152
xho_Latn,tur_Latn,microsoft/harrier-oss-v1-0.6b,0.9714339734661579
hat_Latn,jpn_Jpan,microsoft/harrier-oss-v1-0.6b,0.9714157799350343
afr_Latn,lin_Latn,intfloat/multilingual-e5-large,0.9713911077983239
khk_Cyrl,tel_Telu,intfloat/multilingual-e5-large,0.9713606159339212
hin_Deva,nya_Latn,intfloat/multilingual-e5-large,0.9713373965454418
amh_Ethi,sun_Latn,intfloat/multilingual-e5-large,0.9713078378378548
khm_Khmr,swh_Latn,microsoft/harrier-oss-v1-270m,0.9712938556727819
asm_Beng,fin_Latn,microsoft/harrier-oss-v1-0.6b,0.971281658321532
nya_Latn,swe_Latn,microsoft/harrier-oss-v1-0.6b,0.9712108609750423
ces_Latn,ilo_Latn,microsoft/harrier-oss-v1-0.6b,0.9711881686205882
kin_Latn,swe_Latn,microsoft/harrier-oss-v1-0.6b,0.971178740685162
afr_Latn,asm_Beng,intfloat/multilingual-e5-large,0.9711679065710608
amh_Ethi,isl_Latn,jinaai/jina-embeddings-v3,0.9711659764791466
hye_Armn,sun_Latn,intfloat/multilingual-e5-large,0.9711649363689396
apc_Arab,vie_Latn,jinaai/jina-embeddings-v3,0.9711518156095797
asm_Beng,tha_Thai,microsoft/harrier-oss-v1-0.6b,0.971145656261482
kin_Latn,fra_Latn,microsoft/harrier-oss-v1-0.6b,0.9711440642151545
mal_Mlym,som_Latn,intfloat/multilingual-e5-large,0.9711223518654015
nya_Latn,tsn_Latn,intfloat/multilingual-e5-large,0.9711090820047397
eus_Latn,snd_Arab,intfloat/multilingual-e5-large,0.9710409634069503
apc_Arab,ben_Beng,jinaai/jina-embeddings-v3,0.9709827373904021
eus_Latn,mya_Mymr,jinaai/jina-embeddings-v3,0.9709820858043987
pag_Latn,rus_Cyrl,microsoft/harrier-oss-v1-0.6b,0.9709799686591007
som_Latn,sot_Latn,intfloat/multilingual-e5-large,0.9709714427217944
deu_Latn,nya_Latn,intfloat/multilingual-e5-large,0.9709646738365969
apc_Arab,ell_Grek,jinaai/jina-embeddings-v3,0.9709596846029704
lao_Laoo,mya_Mymr,jinaai/jina-embeddings-v3,0.9709570335678877
ces_Latn,gle_Latn,microsoft/harrier-oss-v1-270m,0.9709388985687519
eng_Latn,uig_Arab,intfloat/multilingual-e5-large,0.970933169769554
afr_Latn,sna_Latn,intfloat/multilingual-e5-large,0.9708928576107988
ind_Latn,nya_Latn,microsoft/harrier-oss-v1-0.6b,0.9708298915176068
deu_Latn,kin_Latn,microsoft/harrier-oss-v1-0.6b,0.9708272714652124
epo_Latn,hau_Latn,intfloat/multilingual-e5-large,0.9707729793653144
khk_Cyrl,mar_Deva,intfloat/multilingual-e5-large,0.9707706328319219
jpn_Jpan,swh_Latn,microsoft/harrier-oss-v1-0.6b,0.97076916212761
tel_Telu,xho_Latn,intfloat/multilingual-e5-large,0.9707689232055234
cat_Latn,nya_Latn,intfloat/multilingual-e5-large,0.9707599547697898
kin_Latn,pol_Latn,microsoft/harrier-oss-v1-0.6b,0.9707575352071279
ind_Latn,kin_Latn,microsoft/harrier-oss-v1-0.6b,0.9707557700860596
kin_Latn,nld_Latn,microsoft/harrier-oss-v1-270m,0.9707524826703162
ary_Arab,zho_Hant,jinaai/jina-embeddings-v3,0.97075149146427
jpn_Jpan,tgk_Cyrl,microsoft/harrier-oss-v1-0.6b,0.9707333508624226
eng_Latn,fij_Latn,microsoft/harrier-oss-v1-270m,0.970707248943415
eus_Latn,gle_Latn,intfloat/multilingual-e5-large,0.9706727337635344
khk_Cyrl,tha_Thai,jinaai/jina-embeddings-v3,0.9706557491767369
lvs_Latn,nya_Latn,intfloat/multilingual-e5-large,0.970651831661359
kas_Arab,tel_Telu,microsoft/harrier-oss-v1-0.6b,0.9705972985516048
eng_Latn,ltg_Latn,microsoft/harrier-oss-v1-0.6b,0.9705879185227012
kir_Cyrl,mya_Mymr,jinaai/jina-embeddings-v3,0.970586223325572
asm_Beng,xho_Latn,intfloat/multilingual-e5-large,0.9705859552145282
azj_Latn,xho_Latn,intfloat/multilingual-e5-large,0.9705853033520946
sna_Latn,swe_Latn,microsoft/harrier-oss-v1-0.6b,0.9705627981643432
ron_Latn,sna_Latn,intfloat/multilingual-e5-large,0.9705037395812521
khk_Cyrl,tam_Taml,intfloat/multilingual-e5-large,0.9705014125355103
fry_Latn,slk_Latn,jinaai/jina-embeddings-v3,0.9705012677343632
gle_Latn,slk_Latn,microsoft/harrier-oss-v1-0.6b,0.9704934667962855
plt_Latn,npi_Deva,microsoft/harrier-oss-v1-270m,0.9704877944338415
afr_Latn,fry_Latn,jinaai/jina-embeddings-v3,0.9704802558688668
jpn_Jpan,tam_Taml,microsoft/harrier-oss-v1-270m,0.9704511900812706
eus_Latn,xho_Latn,intfloat/multilingual-e5-large,0.9704472206334216
lin_Latn,pol_Latn,microsoft/harrier-oss-v1-0.6b,0.970445316944312
mlt_Latn,lit_Latn,microsoft/harrier-oss-v1-0.6b,0.9704343576425608
cym_Latn,lit_Latn,microsoft/harrier-oss-v1-270m,0.9704316613633266
ilo_Latn,pag_Latn,microsoft/harrier-oss-v1-0.6b,0.9704167745182544
sun_Latn,xho_Latn,intfloat/multilingual-e5-large,0.9703939786061713
ibo_Latn,kor_Hang,microsoft/harrier-oss-v1-0.6b,0.9703929181761596
ekk_Latn,eus_Latn,intfloat/multilingual-e5-large,0.9703914483276624
arb_Arab,lim_Latn,microsoft/harrier-oss-v1-0.6b,0.9703163911155868
hau_Latn,nob_Latn,microsoft/harrier-oss-v1-270m,0.9703026615926424
lin_Latn,nso_Latn,intfloat/multilingual-e5-large,0.9702689575444823
ell_Grek,gle_Latn,intfloat/multilingual-e5-large,0.9702484509758007
ind_Latn,ace_Latn,microsoft/harrier-oss-v1-270m,0.9702413905964936
fra_Latn,ilo_Latn,microsoft/harrier-oss-v1-270m,0.970218983100447
dan_Latn,ilo_Latn,microsoft/harrier-oss-v1-0.6b,0.9701941330216439
swh_Latn,tir_Ethi,microsoft/harrier-oss-v1-270m,0.9701875388162859
gle_Latn,vie_Latn,microsoft/harrier-oss-v1-0.6b,0.970170346504958
fra_Latn,som_Latn,intfloat/multilingual-e5-large,0.9701538654226984
kat_Geor,plt_Latn,microsoft/harrier-oss-v1-0.6b,0.9701420401774432
ekk_Latn,khk_Cyrl,intfloat/multilingual-e5-large,0.9701398852082476
cat_Latn,plt_Latn,microsoft/harrier-oss-v1-270m,0.970129889340696
ilo_Latn,fra_Latn,microsoft/harrier-oss-v1-270m,0.9701163103083759
eus_Latn,kan_Knda,intfloat/multilingual-e5-large,0.970112147254748
arb_Arab,kmr_Latn,jinaai/jina-embeddings-v3,0.9700950845522588
asm_Beng,ell_Grek,microsoft/harrier-oss-v1-0.6b,0.9700563593250242
apc_Arab,hrv_Latn,microsoft/harrier-oss-v1-0.6b,0.9700401699998193
dan_Latn,kin_Latn,microsoft/harrier-oss-v1-270m,0.9700083303208729
hun_Latn,sna_Latn,intfloat/multilingual-e5-large,0.9699156602649974
lin_Latn,tsn_Latn,intfloat/multilingual-e5-large,0.9699118887352336
hat_Latn,sun_Latn,intfloat/multilingual-e5-large,0.9699086088659483
asm_Beng,hun_Latn,microsoft/harrier-oss-v1-0.6b,0.9698644024634516
lin_Latn,ron_Latn,microsoft/harrier-oss-v1-0.6b,0.9698578279114571
apc_Arab,fin_Latn,jinaai/jina-embeddings-v3,0.9698142149808835
eus_Latn,mlt_Latn,intfloat/multilingual-e5-large,0.9697678878065368
som_Latn,xho_Latn,intfloat/multilingual-e5-large,0.9697520980580197
ekk_Latn,mar_Deva,intfloat/multilingual-e5-large,0.9697224732319082
hau_Latn,als_Latn,intfloat/multilingual-e5-large,0.969691307180718
apc_Arab,bos_Latn,intfloat/multilingual-e5-large,0.9696771296868227
ilo_Latn,mkd_Cyrl,microsoft/harrier-oss-v1-0.6b,0.9696740215787851
lin_Latn,zho_Hans,microsoft/harrier-oss-v1-270m,0.9696038719396158
hau_Latn,zul_Latn,intfloat/multilingual-e5-large,0.9695973734212363
fry_Latn,rus_Cyrl,jinaai/jina-embeddings-v3,0.9695929334271716
ydd_Hebr,zho_Hans,jinaai/jina-embeddings-v3,0.9695726121461442
jpn_Jpan,lao_Laoo,jinaai/jina-embeddings-v3,0.9695482203768593
dan_Latn,fry_Latn,jinaai/jina-embeddings-v3,0.9695343817090324
nso_Latn,nya_Latn,intfloat/multilingual-e5-large,0.969522782953053
heb_Hebr,kin_Latn,microsoft/harrier-oss-v1-0.6b,0.9694716084670304
ibo_Latn,sot_Latn,intfloat/multilingual-e5-large,0.9694361355129177
fra_Latn,tso_Latn,intfloat/multilingual-e5-large,0.9694062481193998
kan_Knda,xho_Latn,intfloat/multilingual-e5-large,0.9693934173561303
hun_Latn,plt_Latn,microsoft/harrier-oss-v1-270m,0.9693690603889062
spa_Latn,kin_Latn,microsoft/harrier-oss-v1-0.6b,0.9693609779708312
eus_Latn,tel_Telu,intfloat/multilingual-e5-large,0.9693148629946361
apc_Arab,hin_Deva,jinaai/jina-embeddings-v3,0.9692977043522373
arz_Arab,eus_Latn,jinaai/jina-embeddings-v3,0.9692412628790108
heb_Hebr,sna_Latn,microsoft/harrier-oss-v1-270m,0.9692159282059426
som_Latn,swh_Latn,intfloat/multilingual-e5-large,0.9691931879273643
mkd_Cyrl,som_Latn,intfloat/multilingual-e5-large,0.9691879250914731
afr_Latn,ssw_Latn,intfloat/multilingual-e5-large,0.9691694905712995
ell_Grek,kin_Latn,microsoft/harrier-oss-v1-0.6b,0.9691013028011446
lin_Latn,xho_Latn,intfloat/multilingual-e5-large,0.96908381190598
ces_Latn,sna_Latn,microsoft/harrier-oss-v1-0.6b,0.9690645280956012
fry_Latn,lit_Latn,jinaai/jina-embeddings-v3,0.9690452263614436
lit_Latn,xho_Latn,intfloat/multilingual-e5-large,0.9689704486769088
eus_Latn,mar_Deva,intfloat/multilingual-e5-large,0.9689381492876832
arz_Arab,tam_Taml,intfloat/multilingual-e5-large,0.9688856998279542
fry_Latn,mkd_Cyrl,jinaai/jina-embeddings-v3,0.9688835965759052
tsn_Latn,tur_Latn,microsoft/harrier-oss-v1-0.6b,0.9688783089239422
dan_Latn,nso_Latn,intfloat/multilingual-e5-large,0.9688700349481514
gle_Latn,mar_Deva,intfloat/multilingual-e5-large,0.968849303215068
amh_Ethi,som_Latn,intfloat/multilingual-e5-large,0.968840829792516
fry_Latn,urd_Arab,jinaai/jina-embeddings-v3,0.968806509558628
xho_Latn,rus_Cyrl,microsoft/harrier-oss-v1-0.6b,0.9687967495629304
ibo_Latn,sin_Sinh,intfloat/multilingual-e5-large,0.9687868101782195
ilo_Latn,slk_Latn,microsoft/harrier-oss-v1-0.6b,0.9687731141969316
ilo_Latn,vie_Latn,microsoft/harrier-oss-v1-0.6b,0.9687563910982182
nya_Latn,pol_Latn,microsoft/harrier-oss-v1-0.6b,0.9687297194796018
ace_Latn,ceb_Latn,microsoft/harrier-oss-v1-0.6b,0.9686879839913122
afr_Latn,som_Latn,intfloat/multilingual-e5-large,0.968679409607075
sna_Latn,vie_Latn,microsoft/harrier-oss-v1-0.6b,0.9686733893966994
bel_Cyrl,nya_Latn,intfloat/multilingual-e5-large,0.968652418975636
lin_Latn,rus_Cyrl,microsoft/harrier-oss-v1-0.6b,0.9686401348060304
kin_Latn,tsn_Latn,intfloat/multilingual-e5-large,0.9686100980256827
xho_Latn,ind_Latn,microsoft/harrier-oss-v1-0.6b,0.968600239753081
fry_Latn,srp_Cyrl,jinaai/jina-embeddings-v3,0.9685954856788326
bak_Cyrl,tha_Thai,microsoft/harrier-oss-v1-0.6b,0.9685941422941668
lit_Latn,sun_Latn,intfloat/multilingual-e5-large,0.9685249063195849
jav_Latn,pag_Latn,microsoft/harrier-oss-v1-0.6b,0.9684834683507836
tgk_Cyrl,xho_Latn,microsoft/harrier-oss-v1-0.6b,0.96845516973009
amh_Ethi,tsn_Latn,intfloat/multilingual-e5-large,0.9684510903997046
lvs_Latn,tgk_Cyrl,intfloat/multilingual-e5-large,0.968422324059396
dan_Latn,sna_Latn,microsoft/harrier-oss-v1-270m,0.9683992029987495
ilo_Latn,jav_Latn,intfloat/multilingual-e5-large,0.9683953722458188
hat_Latn,tam_Taml,microsoft/harrier-oss-v1-270m,0.968375447658684
ary_Arab,urd_Arab,jinaai/jina-embeddings-v3,0.9683698396940617
gle_Latn,hun_Latn,microsoft/harrier-oss-v1-0.6b,0.968339365469397
fra_Latn,kon_Latn,microsoft/harrier-oss-v1-0.6b,0.9683331740217694
slk_Latn,sna_Latn,microsoft/harrier-oss-v1-0.6b,0.96830655776794
rus_Cyrl,kin_Latn,microsoft/harrier-oss-v1-0.6b,0.9683013125435539
lao_Laoo,mar_Deva,jinaai/jina-embeddings-v3,0.9682817932796932
ary_Arab,isl_Latn,jinaai/jina-embeddings-v3,0.9682729499199512
ibo_Latn,zul_Latn,intfloat/multilingual-e5-large,0.9682708175861572
cat_Latn,som_Latn,intfloat/multilingual-e5-large,0.9682403279612479
dan_Latn,nya_Latn,microsoft/harrier-oss-v1-0.6b,0.9682371448732481
nya_Latn,swh_Latn,intfloat/multilingual-e5-large,0.9682326873254451
kin_Latn,sna_Latn,intfloat/multilingual-e5-large,0.9681441075670743
plt_Latn,smo_Latn,microsoft/harrier-oss-v1-270m,0.9681272961660968
hye_Armn,nya_Latn,intfloat/multilingual-e5-large,0.9680852806923625
fin_Latn,gle_Latn,microsoft/harrier-oss-v1-270m,0.9680816093549892
nya_Latn,vie_Latn,microsoft/harrier-oss-v1-0.6b,0.9680732834493468
ace_Latn,eng_Latn,microsoft/harrier-oss-v1-0.6b,0.9680237280406888
xho_Latn,ukr_Cyrl,microsoft/harrier-oss-v1-0.6b,0.9680174088776246
fin_Latn,xho_Latn,microsoft/harrier-oss-v1-0.6b,0.9679286930556366
jpn_Jpan,mya_Mymr,jinaai/jina-embeddings-v3,0.9679267435296572
run_Latn,sot_Latn,intfloat/multilingual-e5-large,0.967923029116564
amh_Ethi,nya_Latn,intfloat/multilingual-e5-large,0.9679001253496313
asm_Beng,gle_Latn,intfloat/multilingual-e5-large,0.9678890649043725
eng_Latn,ssw_Latn,intfloat/multilingual-e5-large,0.9678323546271983
ces_Latn,nya_Latn,microsoft/harrier-oss-v1-0.6b,0.967829029989812
nya_Latn,tur_Latn,microsoft/harrier-oss-v1-0.6b,0.9678270234863526
kin_Latn,vie_Latn,microsoft/harrier-oss-v1-0.6b,0.9677953333281701
ilo_Latn,ron_Latn,microsoft/harrier-oss-v1-0.6b,0.9677802903018544
ell_Grek,sna_Latn,microsoft/harrier-oss-v1-0.6b,0.9677684836914211
pol_Latn,ilo_Latn,microsoft/harrier-oss-v1-270m,0.967704391150801
mar_Deva,sna_Latn,intfloat/multilingual-e5-large,0.9676875428775071
apc_Arab,ind_Latn,jinaai/jina-embeddings-v3,0.9676490180949118
deu_Latn,ilo_Latn,microsoft/harrier-oss-v1-0.6b,0.9676488223825999
bel_Cyrl,plt_Latn,microsoft/harrier-oss-v1-270m,0.967645069116251
ibo_Latn,als_Latn,intfloat/multilingual-e5-large,0.9676195077621124
ekk_Latn,kmr_Latn,intfloat/multilingual-e5-large,0.9676140793907148
ilo_Latn,spa_Latn,microsoft/harrier-oss-v1-0.6b,0.9675836792266939
kin_Latn,tur_Latn,microsoft/harrier-oss-v1-0.6b,0.967539543035077
nso_Latn,swe_Latn,microsoft/harrier-oss-v1-0.6b,0.9675389212483407
amh_Ethi,eus_Latn,jinaai/jina-embeddings-v3,0.9675274739625924
mya_Mymr,zul_Latn,intfloat/multilingual-e5-large,0.9675061611589766
fao_Latn,swe_Latn,jinaai/jina-embeddings-v3,0.9674912111239198
kin_Latn,xho_Latn,microsoft/harrier-oss-v1-0.6b,0.967451125281706
nob_Latn,som_Latn,microsoft/harrier-oss-v1-0.6b,0.9674494519591724
eng_Latn,hau_Latn,intfloat/multilingual-e5-large,0.9674146440494596
kin_Latn,nso_Latn,intfloat/multilingual-e5-large,0.9673918285008851
apc_Arab,slv_Latn,jinaai/jina-embeddings-v3,0.9673851082964885
khk_Cyrl,mya_Mymr,intfloat/multilingual-e5-large,0.9673716014921034
deu_Latn,fao_Latn,intfloat/multilingual-e5-large,0.9672431222791648
kmr_Latn,zho_Hant,jinaai/jina-embeddings-v3,0.9672091814948784
gle_Latn,ind_Latn,microsoft/harrier-oss-v1-0.6b,0.9672072816956769
lin_Latn,tur_Latn,microsoft/harrier-oss-v1-0.6b,0.9671935335693156
sun_Latn,tgk_Cyrl,microsoft/harrier-oss-v1-0.6b,0.9670720351772297
ary_Arab,lit_Latn,jinaai/jina-embeddings-v3,0.9670711766917516
gle_Latn,hin_Deva,microsoft/harrier-oss-v1-0.6b,0.9670469587118902
arz_Arab,jpn_Jpan,jinaai/jina-embeddings-v3,0.9670275901611292
mal_Mlym,kin_Latn,microsoft/harrier-oss-v1-270m,0.9670133844075899
heb_Hebr,nso_Latn,intfloat/multilingual-e5-large,0.967009037714895
eng_Latn,fry_Latn,jinaai/jina-embeddings-v3,0.967008526741865
ssw_Latn,tsn_Latn,intfloat/multilingual-e5-large,0.9669809862906722
cym_Latn,tha_Thai,microsoft/harrier-oss-v1-270m,0.9669727206815777
ind_Latn,som_Latn,intfloat/multilingual-e5-large,0.9669703728523182
amh_Ethi,lvs_Latn,jinaai/jina-embeddings-v3,0.9669673504014082
jpn_Jpan,khk_Cyrl,microsoft/harrier-oss-v1-0.6b,0.966961068145615
gle_Latn,srp_Cyrl,microsoft/harrier-oss-v1-0.6b,0.9669602280000817
kin_Latn,lin_Latn,intfloat/multilingual-e5-large,0.9669158080519146
uig_Arab,uzn_Latn,intfloat/multilingual-e5-large,0.9669058599879915
mlt_Latn,tha_Thai,microsoft/harrier-oss-v1-0.6b,0.9669057164315632
hat_Latn,khk_Cyrl,microsoft/harrier-oss-v1-270m,0.9668813199708226
kin_Latn,rus_Cyrl,microsoft/harrier-oss-v1-0.6b,0.9668641946421459
kmr_Latn,tgl_Latn,intfloat/multilingual-e5-large,0.9668156640668013
spa_Latn,ilo_Latn,microsoft/harrier-oss-v1-270m,0.9668075469136903
ilo_Latn,tur_Latn,microsoft/harrier-oss-v1-0.6b,0.9667764369083608
ilo_Latn,pol_Latn,microsoft/harrier-oss-v1-0.6b,0.9667762504220017
jpn_Jpan,uzn_Latn,microsoft/harrier-oss-v1-0.6b,0.9667618026032524
cat_Latn,ilo_Latn,microsoft/harrier-oss-v1-0.6b,0.9667575568699929
bul_Cyrl,som_Latn,intfloat/multilingual-e5-large,0.9667524997483424
eus_Latn,srd_Latn,intfloat/multilingual-e5-large,0.966723775418901
gle_Latn,slv_Latn,microsoft/harrier-oss-v1-0.6b,0.9666336438801758
ace_Latn,war_Latn,microsoft/harrier-oss-v1-0.6b,0.9665913764245162
eng_Latn,ace_Latn,microsoft/harrier-oss-v1-0.6b,0.9665725436179982
ibo_Latn,xho_Latn,intfloat/multilingual-e5-large,0.9665693872058265
deu_Latn,som_Latn,intfloat/multilingual-e5-large,0.9665636702468947
fry_Latn,tur_Latn,jinaai/jina-embeddings-v3,0.9665054327319884
amh_Ethi,lin_Latn,intfloat/multilingual-e5-large,0.9664081969091423
mya_Mymr,pbt_Arab,intfloat/multilingual-e5-large,0.9663631768898415
sna_Latn,tur_Latn,microsoft/harrier-oss-v1-0.6b,0.9663554409905413
fry_Latn,isl_Latn,jinaai/jina-embeddings-v3,0.9663380090660164
ilo_Latn,urd_Arab,microsoft/harrier-oss-v1-270m,0.9663281396060985
run_Latn,sna_Latn,intfloat/multilingual-e5-large,0.9663111192942522
kmr_Latn,als_Latn,intfloat/multilingual-e5-large,0.9662978389086208
lao_Laoo,tam_Taml,jinaai/jina-embeddings-v3,0.966267344045978
ilo_Latn,smo_Latn,microsoft/harrier-oss-v1-270m,0.9662305983985204
khk_Cyrl,sun_Latn,intfloat/multilingual-e5-large,0.9662161496656922
eng_Latn,tso_Latn,microsoft/harrier-oss-v1-0.6b,0.9661680084351489
npi_Deva,kin_Latn,microsoft/harrier-oss-v1-0.6b,0.9661605178038074
ind_Latn,ilo_Latn,microsoft/harrier-oss-v1-0.6b,0.9661090101648904
ell_Grek,nso_Latn,intfloat/multilingual-e5-large,0.9660892464142044
eus_Latn,jpn_Jpan,jinaai/jina-embeddings-v3,0.9660669606029066
slv_Latn,sna_Latn,microsoft/harrier-oss-v1-0.6b,0.9659378736277064
hrv_Latn,kmr_Latn,intfloat/multilingual-e5-large,0.9659344248671764
sun_Latn,tha_Thai,microsoft/harrier-oss-v1-0.6b,0.96592533312294
kin_Latn,spa_Latn,microsoft/harrier-oss-v1-270m,0.9659211346156757
fry_Latn,tha_Thai,jinaai/jina-embeddings-v3,0.9659125491881474
fra_Latn,ibo_Latn,microsoft/harrier-oss-v1-0.6b,0.9658653458107433
isl_Latn,nya_Latn,intfloat/multilingual-e5-large,0.9658427267881604
swh_Latn,tum_Latn,intfloat/multilingual-e5-small,0.965838319198003
fry_Latn,hrv_Latn,jinaai/jina-embeddings-v3,0.9657762697617192
fao_Latn,zho_Hans,microsoft/harrier-oss-v1-0.6b,0.9657737877434078
apc_Arab,hun_Latn,jinaai/jina-embeddings-v3,0.9657634890147275
fao_Latn,nld_Latn,jinaai/jina-embeddings-v3,0.9657322984291276
tha_Thai,xho_Latn,microsoft/harrier-oss-v1-0.6b,0.9657069567709706
lim_Latn,zho_Hant,microsoft/harrier-oss-v1-0.6b,0.9656520449912778
sun_Latn,tel_Telu,intfloat/multilingual-e5-large,0.9656420470118607
hau_Latn,oci_Latn,microsoft/harrier-oss-v1-0.6b,0.965632464799572
eng_Latn,mri_Latn,microsoft/harrier-oss-v1-270m,0.9656200665265193
nld_Latn,som_Latn,microsoft/harrier-oss-v1-0.6b,0.9655948720356891
isl_Latn,sna_Latn,intfloat/multilingual-e5-large,0.9655584943472291
dan_Latn,fao_Latn,microsoft/harrier-oss-v1-270m,0.9655578541579242
ekk_Latn,tel_Telu,jinaai/jina-embeddings-v3,0.9655573619684016
fry_Latn,hun_Latn,jinaai/jina-embeddings-v3,0.9655426507910712
fra_Latn,ssw_Latn,intfloat/multilingual-e5-large,0.9655276151908638
fry_Latn,ukr_Cyrl,jinaai/jina-embeddings-v3,0.9655267768004576
gle_Latn,tel_Telu,intfloat/multilingual-e5-large,0.9655189617428976
kin_Latn,ron_Latn,microsoft/harrier-oss-v1-270m,0.9655069124347293
glg_Latn,ilo_Latn,microsoft/harrier-oss-v1-270m,0.9654935146992603
sna_Latn,tso_Latn,intfloat/multilingual-e5-large,0.9653974819826796
heb_Hebr,ilo_Latn,microsoft/harrier-oss-v1-0.6b,0.9653727023446554
khm_Khmr,tgk_Cyrl,microsoft/harrier-oss-v1-270m,0.9653105189275191
afr_Latn,kmr_Latn,intfloat/multilingual-e5-large,0.9652955827890919
sna_Latn,rus_Cyrl,microsoft/harrier-oss-v1-0.6b,0.9652702395742649
lin_Latn,zho_Hant,microsoft/harrier-oss-v1-270m,0.9652586667107104
hun_Latn,nya_Latn,intfloat/multilingual-e5-large,0.9652372022325839
ekk_Latn,kan_Knda,intfloat/multilingual-e5-large,0.965230665272152
kaz_Cyrl,som_Latn,intfloat/multilingual-e5-large,0.9651425631818298
jpn_Jpan,kir_Cyrl,microsoft/harrier-oss-v1-0.6b,0.9651363442701131
lim_Latn,zho_Hans,microsoft/harrier-oss-v1-0.6b,0.9651216062761134
bos_Latn,hau_Latn,intfloat/multilingual-e5-large,0.9651122535878738
ben_Beng,hau_Latn,intfloat/multilingual-e5-large,0.9650217796836476
afr_Latn,kin_Latn,microsoft/harrier-oss-v1-0.6b,0.9649976216303648
ilo_Latn,mal_Mlym,microsoft/harrier-oss-v1-0.6b,0.9649807632857597
ilo_Latn,ind_Latn,microsoft/harrier-oss-v1-0.6b,0.964884018766103
deu_Latn,ibo_Latn,microsoft/harrier-oss-v1-0.6b,0.9648655700721784
fin_Latn,nso_Latn,intfloat/multilingual-e5-large,0.9648490114279615
afr_Latn,kon_Latn,microsoft/harrier-oss-v1-0.6b,0.964740951498105
nso_Latn,pol_Latn,microsoft/harrier-oss-v1-0.6b,0.964676401107297
fry_Latn,sin_Sinh,jinaai/jina-embeddings-v3,0.9646330682284456
mar_Deva,som_Latn,intfloat/multilingual-e5-large,0.9646145455947318
nso_Latn,tso_Latn,intfloat/multilingual-e5-large,0.964600803881913
kin_Latn,heb_Hebr,microsoft/harrier-oss-v1-0.6b,0.9645855774322529
tsn_Latn,tso_Latn,intfloat/multilingual-e5-large,0.964566580839247
nso_Latn,ron_Latn,microsoft/harrier-oss-v1-0.6b,0.9645516882040996
kat_Geor,nya_Latn,intfloat/multilingual-e5-large,0.9645411765201428
afr_Latn,tir_Ethi,intfloat/multilingual-e5-large,0.9644424324533074
tsn_Latn,ukr_Cyrl,microsoft/harrier-oss-v1-0.6b,0.9644142594676803
est_Latn,ibo_Latn,microsoft/harrier-oss-v1-270m,0.964413766469393
hun_Latn,ilo_Latn,microsoft/harrier-oss-v1-0.6b,0.9643773065196815
amh_Ethi,ekk_Latn,intfloat/multilingual-e5-large,0.9643676171603572
hat_Latn,mya_Mymr,microsoft/harrier-oss-v1-270m,0.9643194251930429
ell_Grek,nya_Latn,intfloat/multilingual-e5-large,0.9643177214189914
kin_Latn,ind_Latn,microsoft/harrier-oss-v1-0.6b,0.9642884088582204
lin_Latn,nya_Latn,intfloat/multilingual-e5-large,0.9642587177975682
gle_Latn,tam_Taml,intfloat/multilingual-e5-large,0.9642274366102579
tsn_Latn,zho_Hant,microsoft/harrier-oss-v1-0.6b,0.9641671969111894
ilo_Latn,ukr_Cyrl,microsoft/harrier-oss-v1-0.6b,0.9641543166029227
plt_Latn,xho_Latn,intfloat/multilingual-e5-large,0.9641412170417059
hun_Latn,kin_Latn,microsoft/harrier-oss-v1-0.6b,0.9641224923468406
arz_Arab,ekk_Latn,intfloat/multilingual-e5-large,0.9640302109418036
nya_Latn,ron_Latn,microsoft/harrier-oss-v1-0.6b,0.9640064190062981
ilo_Latn,rus_Cyrl,microsoft/harrier-oss-v1-0.6b,0.9640048101367453
ary_Arab,swh_Latn,microsoft/harrier-oss-v1-270m,0.9639942780448596
som_Latn,zho_Hant,microsoft/harrier-oss-v1-0.6b,0.9639921047867158
nya_Latn,slk_Latn,microsoft/harrier-oss-v1-0.6b,0.9639793964415986
hau_Latn,sin_Sinh,intfloat/multilingual-e5-large,0.9639418404949105
ron_Latn,som_Latn,intfloat/multilingual-e5-large,0.9638806691093134
lvs_Latn,som_Latn,intfloat/multilingual-e5-large,0.9638696962974553
nya_Latn,rus_Cyrl,microsoft/harrier-oss-v1-270m,0.9638506623315848
fin_Latn,nya_Latn,intfloat/multilingual-e5-large,0.9638266473696514
bel_Cyrl,kin_Latn,microsoft/harrier-oss-v1-270m,0.9637807768928519
ekk_Latn,som_Latn,intfloat/multilingual-e5-large,0.9637739160512202
ekk_Latn,mlt_Latn,intfloat/multilingual-e5-large,0.9637697922936938
fra_Latn,kmr_Latn,intfloat/multilingual-e5-large,0.9637174895799547
kor_Hang,kmr_Latn,jinaai/jina-embeddings-v3,0.96370442171771
ilo_Latn,slv_Latn,microsoft/harrier-oss-v1-0.6b,0.9636686170757662
scn_Latn,pol_Latn,microsoft/harrier-oss-v1-0.6b,0.9636608701418027
cym_Latn,ibo_Latn,intfloat/multilingual-e5-large,0.9636437206775036
hau_Latn,zho_Hant,microsoft/harrier-oss-v1-270m,0.9636416135886424
ces_Latn,scn_Latn,microsoft/harrier-oss-v1-0.6b,0.9636034571824028
lit_Latn,sna_Latn,intfloat/multilingual-e5-large,0.9636034433721994
eng_Latn,kmr_Latn,intfloat/multilingual-e5-large,0.9635931304397983
kin_Latn,slk_Latn,microsoft/harrier-oss-v1-0.6b,0.9635478386785529
fry_Latn,ron_Latn,jinaai/jina-embeddings-v3,0.9635391074353786
hye_Armn,som_Latn,intfloat/multilingual-e5-large,0.9635156365894574
sna_Latn,srp_Cyrl,microsoft/harrier-oss-v1-0.6b,0.9635092441401794
arz_Arab,xho_Latn,intfloat/multilingual-e5-large,0.9635037606051526
gla_Latn,por_Latn,microsoft/harrier-oss-v1-0.6b,0.963496561717526
spa_Latn,som_Latn,intfloat/multilingual-e5-large,0.9634677602391464
ell_Grek,ilo_Latn,microsoft/harrier-oss-v1-0.6b,0.9634233394072556
cat_Latn,kmr_Latn,intfloat/multilingual-e5-large,0.9634122232148046
hrv_Latn,scn_Latn,microsoft/harrier-oss-v1-0.6b,0.9633980292226335
eng_Latn,scn_Latn,microsoft/harrier-oss-v1-0.6b,0.9633800274951629
ekk_Latn,jpn_Jpan,intfloat/multilingual-e5-large,0.963377654632766
slv_Latn,som_Latn,intfloat/multilingual-e5-large,0.9633648822080241
eng_Latn,tpi_Latn,microsoft/harrier-oss-v1-270m,0.9633637111761054
cym_Latn,uig_Arab,intfloat/multilingual-e5-large,0.9632819246476416
nso_Latn,tur_Latn,microsoft/harrier-oss-v1-0.6b,0.963271281401865
kmr_Latn,zho_Hans,jinaai/jina-embeddings-v3,0.963266986636552
bul_Cyrl,ibo_Latn,microsoft/harrier-oss-v1-0.6b,0.9632385074593997
ace_Latn,jav_Latn,microsoft/harrier-oss-v1-0.6b,0.9631551452441116
hat_Latn,lvs_Latn,microsoft/harrier-oss-v1-0.6b,0.9631390805059292
fra_Latn,fao_Latn,intfloat/multilingual-e5-large,0.9631325106505266
lin_Latn,sna_Latn,intfloat/multilingual-e5-large,0.9631066487476356
cym_Latn,kmr_Latn,intfloat/multilingual-e5-large,0.9630917139907298
nya_Latn,tel_Telu,intfloat/multilingual-e5-large,0.963071542802818
fra_Latn,scn_Latn,microsoft/harrier-oss-v1-0.6b,0.962962969914798
sna_Latn,ukr_Cyrl,microsoft/harrier-oss-v1-0.6b,0.9629526281329257
bel_Cyrl,som_Latn,intfloat/multilingual-e5-large,0.9628455522669638
gle_Latn,nno_Latn,microsoft/harrier-oss-v1-0.6b,0.9628001472865189
ibo_Latn,swh_Latn,microsoft/harrier-oss-v1-270m,0.962788437478072
kan_Knda,plt_Latn,microsoft/harrier-oss-v1-270m,0.9627643972340768
hau_Latn,urd_Arab,intfloat/multilingual-e5-large,0.9627076086566203
ceb_Latn,isl_Latn,intfloat/multilingual-e5-large,0.9626935315278237
fry_Latn,glg_Latn,jinaai/jina-embeddings-v3,0.962663186476456
kin_Latn,srp_Cyrl,microsoft/harrier-oss-v1-0.6b,0.9626625634047175
bul_Cyrl,scn_Latn,microsoft/harrier-oss-v1-0.6b,0.962641667088737
ace_Latn,por_Latn,microsoft/harrier-oss-v1-270m,0.9625831668923228
nya_Latn,tum_Latn,microsoft/harrier-oss-v1-0.6b,0.962536459217294
nya_Latn,ukr_Cyrl,microsoft/harrier-oss-v1-0.6b,0.9625015158060573
lit_Latn,plt_Latn,microsoft/harrier-oss-v1-0.6b,0.9624673332986672
ilo_Latn,sin_Sinh,microsoft/harrier-oss-v1-270m,0.9624354339611052
fry_Latn,heb_Hebr,jinaai/jina-embeddings-v3,0.9624263247849444
pol_Latn,som_Latn,microsoft/harrier-oss-v1-270m,0.9624211461517317
mri_Latn,por_Latn,microsoft/harrier-oss-v1-0.6b,0.9624210968318055
nno_Latn,kin_Latn,microsoft/harrier-oss-v1-0.6b,0.9623791070065177
heb_Hebr,som_Latn,microsoft/harrier-oss-v1-270m,0.9623508148139028
ibo_Latn,mal_Mlym,intfloat/multilingual-e5-large,0.9623460523584857
jpn_Jpan,sun_Latn,microsoft/harrier-oss-v1-0.6b,0.9623352836079745
hat_Latn,nya_Latn,intfloat/multilingual-e5-large,0.9622484653947482
est_Latn,lim_Latn,Alibaba-NLP/gte-multilingual-base,0.9621395309249804
azj_Latn,som_Latn,intfloat/multilingual-e5-large,0.9620881747791765
apc_Arab,jpn_Jpan,jinaai/jina-embeddings-v3,0.9620585488626268
nya_Latn,run_Latn,microsoft/harrier-oss-v1-270m,0.9620512016801258
ibo_Latn,jav_Latn,intfloat/multilingual-e5-large,0.96197456546786
deu_Latn,fry_Latn,jinaai/jina-embeddings-v3,0.961941348523223
ibo_Latn,vie_Latn,microsoft/harrier-oss-v1-0.6b,0.961936945936171
lvs_Latn,plt_Latn,intfloat/multilingual-e5-large,0.9619363713093868
srd_Latn,eus_Latn,jinaai/jina-embeddings-v3,0.9618836521757576
rus_Cyrl,som_Latn,intfloat/multilingual-e5-large,0.9618494273414896
som_Latn,swe_Latn,microsoft/harrier-oss-v1-0.6b,0.9618050422110365
fry_Latn,ind_Latn,jinaai/jina-embeddings-v3,0.9617961402946764
kor_Hang,lim_Latn,microsoft/harrier-oss-v1-0.6b,0.9617266133037612
mlt_Latn,lvs_Latn,intfloat/multilingual-e5-large,0.9616445381539819
nso_Latn,run_Latn,microsoft/harrier-oss-v1-0.6b,0.9616380091736992
kin_Latn,nya_Latn,intfloat/multilingual-e5-large,0.9616161980910178
ibo_Latn,urd_Arab,intfloat/multilingual-e5-large,0.9616049888590998
amh_Ethi,tso_Latn,microsoft/harrier-oss-v1-0.6b,0.9615822678122032
gle_Latn,kan_Knda,intfloat/multilingual-e5-large,0.9615601107274179
bul_Cyrl,fao_Latn,intfloat/multilingual-e5-large,0.9615457062037782
ilo_Latn,srp_Cyrl,microsoft/harrier-oss-v1-0.6b,0.9614955307823663
hin_Deva,kin_Latn,microsoft/harrier-oss-v1-0.6b,0.9614354882630667
asm_Beng,jpn_Jpan,microsoft/harrier-oss-v1-0.6b,0.9614306777364339
fry_Latn,hin_Deva,jinaai/jina-embeddings-v3,0.9613966695308732
dan_Latn,ibo_Latn,microsoft/harrier-oss-v1-0.6b,0.9613572452250585
kir_Cyrl,som_Latn,intfloat/multilingual-e5-large,0.9613154099004699
fao_Latn,mkd_Cyrl,jinaai/jina-embeddings-v3,0.9613153472837923
asm_Beng,lit_Latn,microsoft/harrier-oss-v1-0.6b,0.9612839654011918
kor_Hang,som_Latn,microsoft/harrier-oss-v1-0.6b,0.9612795689325296
ita_Latn,kmr_Latn,intfloat/multilingual-e5-large,0.9612727585071913
cym_Latn,kin_Latn,microsoft/harrier-oss-v1-270m,0.9611243449753168
scn_Latn,swe_Latn,microsoft/harrier-oss-v1-0.6b,0.9611082325981286
kin_Latn,slv_Latn,microsoft/harrier-oss-v1-0.6b,0.9610285684422863
hau_Latn,hye_Armn,intfloat/multilingual-e5-large,0.960972305053932
plt_Latn,mar_Deva,microsoft/harrier-oss-v1-0.6b,0.9609330502387171
fin_Latn,sna_Latn,intfloat/multilingual-e5-large,0.9609205735788937
spa_Latn,scn_Latn,microsoft/harrier-oss-v1-0.6b,0.9608953944701029
afr_Latn,tso_Latn,intfloat/multilingual-e5-large,0.9608651997157982
gle_Latn,lit_Latn,microsoft/harrier-oss-v1-0.6b,0.9608531873268622
cat_Latn,kin_Latn,microsoft/harrier-oss-v1-0.6b,0.9608480239925596
fin_Latn,kin_Latn,microsoft/harrier-oss-v1-0.6b,0.9608448179936031
nya_Latn,sun_Latn,intfloat/multilingual-e5-large,0.9607856379106066
ces_Latn,ibo_Latn,microsoft/harrier-oss-v1-0.6b,0.9607776508056991
sun_Latn,tam_Taml,intfloat/multilingual-e5-large,0.9607767765800797
ibo_Latn,ita_Latn,microsoft/harrier-oss-v1-0.6b,0.9607524193193568
ceb_Latn,hau_Latn,intfloat/multilingual-e5-large,0.9607366752925623
ekk_Latn,fry_Latn,jinaai/jina-embeddings-v3,0.9607343739056702
eng_Latn,gla_Latn,microsoft/harrier-oss-v1-270m,0.9606757775383838
ace_Latn,rus_Cyrl,microsoft/harrier-oss-v1-0.6b,0.9606742926205604
fao_Latn,slk_Latn,jinaai/jina-embeddings-v3,0.960657798639875
jpn_Jpan,snd_Arab,jinaai/jina-embeddings-v3,0.960613128225301
khm_Khmr,xho_Latn,intfloat/multilingual-e5-large,0.9605882918934856
scn_Latn,nld_Latn,microsoft/harrier-oss-v1-0.6b,0.9605249186866478
bul_Cyrl,fry_Latn,jinaai/jina-embeddings-v3,0.9604875439460364
kmr_Latn,pbt_Arab,intfloat/multilingual-e5-large,0.9604568134586844
nya_Latn,tam_Taml,intfloat/multilingual-e5-large,0.9603886082780475
hau_Latn,jav_Latn,intfloat/multilingual-e5-large,0.9603725279117854
spa_Latn,ace_Latn,microsoft/harrier-oss-v1-0.6b,0.9603715671115808
guj_Gujr,kin_Latn,microsoft/harrier-oss-v1-0.6b,0.960298907508667
kat_Geor,som_Latn,intfloat/multilingual-e5-large,0.9602823654613666
ekk_Latn,nya_Latn,intfloat/multilingual-e5-large,0.9601969032698808
sna_Latn,tel_Telu,intfloat/multilingual-e5-large,0.960162949752613
ibo_Latn,pol_Latn,microsoft/harrier-oss-v1-0.6b,0.9601156345911039
dan_Latn,som_Latn,intfloat/multilingual-e5-large,0.9600454872100045
mri_Latn,tgl_Latn,microsoft/harrier-oss-v1-270m,0.9599481702628814
spa_Latn,fao_Latn,intfloat/multilingual-e5-large,0.9599409572971426
tsn_Latn,zho_Hans,microsoft/harrier-oss-v1-0.6b,0.9599031488090536
lit_Latn,nya_Latn,intfloat/multilingual-e5-large,0.9598854172373648
hin_Deva,ilo_Latn,microsoft/harrier-oss-v1-0.6b,0.95988294866719
ary_Arab,xho_Latn,microsoft/harrier-oss-v1-0.6b,0.9598779532924416
hau_Latn,xho_Latn,intfloat/multilingual-e5-large,0.9598515401603445
nya_Latn,tso_Latn,intfloat/multilingual-e5-large,0.9598459522260088
khm_Khmr,khk_Cyrl,jinaai/jina-embeddings-v3,0.9598367591213464
nso_Latn,som_Latn,intfloat/multilingual-e5-large,0.9598342132993466
ceb_Latn,fij_Latn,microsoft/harrier-oss-v1-0.6b,0.9597873307963636
ces_Latn,som_Latn,intfloat/multilingual-e5-large,0.959695163309487
spa_Latn,kmr_Latn,intfloat/multilingual-e5-large,0.9596544764894956
ceb_Latn,mri_Latn,intfloat/multilingual-e5-large,0.9596346016222548
khm_Khmr,plt_Latn,microsoft/harrier-oss-v1-270m,0.9596153324297358
fao_Latn,srp_Cyrl,jinaai/jina-embeddings-v3,0.9595300933355875
mya_Mymr,xho_Latn,intfloat/multilingual-e5-large,0.9595220473678201
azb_Arab,por_Latn,microsoft/harrier-oss-v1-0.6b,0.9595183979023773
ben_Beng,kmr_Latn,intfloat/multilingual-e5-large,0.9593904785684303
ssw_Latn,swe_Latn,microsoft/harrier-oss-v1-0.6b,0.9592935568440788
hin_Deva,som_Latn,intfloat/multilingual-e5-large,0.9592471414872195
fin_Latn,fry_Latn,jinaai/jina-embeddings-v3,0.9591946338811338
kin_Latn,ukr_Cyrl,microsoft/harrier-oss-v1-270m,0.9591564461836004
hau_Latn,zho_Hans,microsoft/harrier-oss-v1-270m,0.9591338121891392
scn_Latn,tur_Latn,microsoft/harrier-oss-v1-0.6b,0.9591333657870372
nno_Latn,nso_Latn,intfloat/multilingual-e5-large,0.9590705231783371
hau_Latn,sot_Latn,intfloat/multilingual-e5-large,0.9590499869413676
nso_Latn,rus_Cyrl,microsoft/harrier-oss-v1-0.6b,0.9589389596484957
fao_Latn,rus_Cyrl,jinaai/jina-embeddings-v3,0.9589023325322952
plt_Latn,tel_Telu,microsoft/harrier-oss-v1-0.6b,0.9588716548289686
fao_Latn,ukr_Cyrl,jinaai/jina-embeddings-v3,0.9587842631123018
cat_Latn,ibo_Latn,intfloat/multilingual-e5-large,0.9587512143007657
jpn_Jpan,pbt_Arab,intfloat/multilingual-e5-large,0.9587393059879996
hau_Latn,swh_Latn,intfloat/multilingual-e5-large,0.9587312347291812
nya_Latn,srp_Cyrl,microsoft/harrier-oss-v1-0.6b,0.9586873374955254
fao_Latn,pol_Latn,jinaai/jina-embeddings-v3,0.958659207987661
fao_Latn,fra_Latn,jinaai/jina-embeddings-v3,0.9585770870934729
ibo_Latn,nso_Latn,intfloat/multilingual-e5-large,0.9585154536552493
fao_Latn,tur_Latn,jinaai/jina-embeddings-v3,0.9584489493437123
cym_Latn,jpn_Jpan,microsoft/harrier-oss-v1-270m,0.958427130238982
fao_Latn,ita_Latn,jinaai/jina-embeddings-v3,0.958398239620335
lim_Latn,nld_Latn,microsoft/harrier-oss-v1-0.6b,0.9583837029168304
ilo_Latn,hun_Latn,microsoft/harrier-oss-v1-0.6b,0.9583443388408335
ita_Latn,hau_Latn,intfloat/multilingual-e5-large,0.9582742000689497
isl_Latn,srd_Latn,Alibaba-NLP/gte-multilingual-base,0.9582725812965652
ces_Latn,fry_Latn,jinaai/jina-embeddings-v3,0.9581442601981728
ibo_Latn,nld_Latn,microsoft/harrier-oss-v1-0.6b,0.958117841426902
bel_Cyrl,ilo_Latn,microsoft/harrier-oss-v1-0.6b,0.9580112212842974
fry_Latn,kat_Geor,jinaai/jina-embeddings-v3,0.9579936306296204
ibo_Latn,swe_Latn,microsoft/harrier-oss-v1-0.6b,0.957989661799577
scn_Latn,rus_Cyrl,microsoft/harrier-oss-v1-0.6b,0.9579875036299632
deu_Latn,hau_Latn,intfloat/multilingual-e5-large,0.9579534338333677
fra_Latn,kik_Latn,intfloat/multilingual-e5-large,0.9579230342568246
jpn_Jpan,mlt_Latn,microsoft/harrier-oss-v1-0.6b,0.9579223272694015
bul_Cyrl,mri_Latn,microsoft/harrier-oss-v1-270m,0.9578725527068139
ben_Beng,mri_Latn,microsoft/harrier-oss-v1-270m,0.9578274746188569
tat_Cyrl,uig_Arab,intfloat/multilingual-e5-large,0.9577982698848628
kmr_Latn,sin_Sinh,intfloat/multilingual-e5-large,0.957767381448398
nya_Latn,slv_Latn,microsoft/harrier-oss-v1-0.6b,0.9577115861777814
fra_Latn,fry_Latn,jinaai/jina-embeddings-v3,0.9576785329574063
spa_Latn,ibo_Latn,microsoft/harrier-oss-v1-0.6b,0.957673655548444
tir_Ethi,xho_Latn,microsoft/harrier-oss-v1-0.6b,0.9576374080266989
kin_Latn,hun_Latn,microsoft/harrier-oss-v1-0.6b,0.9576023675713243
fao_Latn,hrv_Latn,intfloat/multilingual-e5-large,0.9575972007568865
bul_Cyrl,kmr_Latn,intfloat/multilingual-e5-large,0.9574829841121744
fry_Latn,kaz_Cyrl,jinaai/jina-embeddings-v3,0.9574356556898188
ben_Beng,fry_Latn,jinaai/jina-embeddings-v3,0.9574270141140026
kin_Latn,tso_Latn,intfloat/multilingual-e5-large,0.9574050217258117
jpn_Jpan,kin_Latn,microsoft/harrier-oss-v1-0.6b,0.9574006373892541
fao_Latn,ron_Latn,jinaai/jina-embeddings-v3,0.9573339933217269
hau_Latn,ltz_Latn,microsoft/harrier-oss-v1-0.6b,0.9573167429268734
plt_Latn,sun_Latn,microsoft/harrier-oss-v1-0.6b,0.9572201003610693
fry_Latn,lvs_Latn,jinaai/jina-embeddings-v3,0.957189068236562
hat_Latn,som_Latn,intfloat/multilingual-e5-large,0.9571821295650214
ind_Latn,ibo_Latn,microsoft/harrier-oss-v1-0.6b,0.9571813958973288
ssw_Latn,tso_Latn,intfloat/multilingual-e5-large,0.9571677062751835
ssw_Latn,tur_Latn,microsoft/harrier-oss-v1-0.6b,0.957133586011519
ibo_Latn,slk_Latn,microsoft/harrier-oss-v1-0.6b,0.9570560590732831
scn_Latn,ron_Latn,microsoft/harrier-oss-v1-0.6b,0.9570311760990307
som_Latn,tsn_Latn,intfloat/multilingual-e5-large,0.9568266501287483
afr_Latn,tum_Latn,microsoft/harrier-oss-v1-0.6b,0.9568192586001478
hun_Latn,som_Latn,intfloat/multilingual-e5-large,0.9566550322454195
est_Latn,hau_Latn,microsoft/harrier-oss-v1-0.6b,0.9566410784909324
scn_Latn,vie_Latn,microsoft/harrier-oss-v1-0.6b,0.956638751384003
cym_Latn,hau_Latn,intfloat/multilingual-e5-large,0.9566321830962083
heb_Hebr,ibo_Latn,microsoft/harrier-oss-v1-0.6b,0.9566220654387079
ibo_Latn,mkd_Cyrl,microsoft/harrier-oss-v1-0.6b,0.9564708836179546
srd_Latn,lim_Latn,microsoft/harrier-oss-v1-0.6b,0.95646551172703
est_Latn,som_Latn,microsoft/harrier-oss-v1-0.6b,0.9564550399952184
slk_Latn,som_Latn,microsoft/harrier-oss-v1-0.6b,0.9564196340089578
lit_Latn,kin_Latn,microsoft/harrier-oss-v1-0.6b,0.9563884133027535
ilo_Latn,lit_Latn,microsoft/harrier-oss-v1-0.6b,0.9562512420032224
deu_Latn,kmr_Latn,intfloat/multilingual-e5-large,0.9562472399215094
kat_Geor,kmr_Latn,intfloat/multilingual-e5-large,0.9562056340906115
spa_Latn,hau_Latn,intfloat/multilingual-e5-large,0.9562013632360085
dan_Latn,scn_Latn,microsoft/harrier-oss-v1-0.6b,0.9561979395546133
fin_Latn,som_Latn,intfloat/multilingual-e5-large,0.9561954907649393
plt_Latn,tha_Thai,microsoft/harrier-oss-v1-0.6b,0.9561559023503111
hau_Latn,zsm_Latn,intfloat/multilingual-e5-large,0.956095249453359
kan_Knda,som_Latn,intfloat/multilingual-e5-large,0.9560789554195408
ilo_Latn,sun_Latn,intfloat/multilingual-e5-large,0.9560035302265781
kaz_Cyrl,kmr_Latn,intfloat/multilingual-e5-large,0.9559519566982266
eng_Latn,gaz_Latn,microsoft/harrier-oss-v1-0.6b,0.9559318253604563
isl_Latn,tgk_Cyrl,intfloat/multilingual-e5-large,0.9559014341051904
kin_Latn,ssw_Latn,intfloat/multilingual-e5-large,0.9558924519009993
fra_Latn,hau_Latn,intfloat/multilingual-e5-large,0.9558482160484421
isl_Latn,som_Latn,intfloat/multilingual-e5-large,0.9557216145807116
ind_Latn,kmr_Latn,intfloat/multilingual-e5-large,0.9557138639715554
sot_Latn,tir_Ethi,intfloat/multilingual-e5-large,0.9556698208964629
fao_Latn,slv_Latn,jinaai/jina-embeddings-v3,0.9556656948491019
jpn_Jpan,plt_Latn,microsoft/harrier-oss-v1-0.6b,0.9555833718434977
glg_Latn,ibo_Latn,microsoft/harrier-oss-v1-0.6b,0.9555371836539549
eng_Latn,lus_Latn,microsoft/harrier-oss-v1-0.6b,0.955532522550213
hau_Latn,kor_Hang,microsoft/harrier-oss-v1-0.6b,0.955418108063768
afr_Latn,ibo_Latn,intfloat/multilingual-e5-large,0.9553568851690626
glg_Latn,hau_Latn,intfloat/multilingual-e5-large,0.95522332621067
ibo_Latn,nya_Latn,intfloat/multilingual-e5-large,0.9551315856301403
nld_Latn,hau_Latn,intfloat/multilingual-e5-large,0.955128972468183
ita_Latn,mri_Latn,microsoft/harrier-oss-v1-0.6b,0.9550404806852609
eus_Latn,tgk_Cyrl,intfloat/multilingual-e5-large,0.9549967868137256
ibo_Latn,ron_Latn,microsoft/harrier-oss-v1-0.6b,0.9549855645926333
hin_Deva,kas_Deva,Alibaba-NLP/gte-multilingual-base,0.9549674290610431
fin_Latn,ilo_Latn,microsoft/harrier-oss-v1-0.6b,0.9549389837014014
deu_Latn,scn_Latn,microsoft/harrier-oss-v1-0.6b,0.954872295729394
guj_Gujr,kas_Deva,Alibaba-NLP/gte-multilingual-base,0.9548322751772657
ilo_Latn,plt_Latn,microsoft/harrier-oss-v1-0.6b,0.9548137495292202
afr_Latn,lim_Latn,intfloat/multilingual-e5-large,0.954702791582068
kin_Latn,som_Latn,intfloat/multilingual-e5-large,0.9546756851784942
bel_Cyrl,fry_Latn,jinaai/jina-embeddings-v3,0.954672624625644
ilo_Latn,jpn_Jpan,microsoft/harrier-oss-v1-0.6b,0.954665326981501
bul_Cyrl,hau_Latn,intfloat/multilingual-e5-large,0.9546441312694665
mya_Mymr,sun_Latn,microsoft/harrier-oss-v1-270m,0.954566810849462
som_Latn,tur_Latn,microsoft/harrier-oss-v1-0.6b,0.9545346641268209
jpn_Jpan,xho_Latn,microsoft/harrier-oss-v1-0.6b,0.9545251082422912
kmr_Latn,urd_Arab,intfloat/multilingual-e5-large,0.9544271323874828
som_Latn,zho_Hans,microsoft/harrier-oss-v1-270m,0.9544103509060708
ell_Grek,scn_Latn,microsoft/harrier-oss-v1-0.6b,0.9543310783931026
fry_Latn,mal_Mlym,jinaai/jina-embeddings-v3,0.9543154756721748
ibo_Latn,tsn_Latn,intfloat/multilingual-e5-large,0.954192131962166
ell_Grek,som_Latn,intfloat/multilingual-e5-large,0.9541680593926363
spa_Latn,fry_Latn,jinaai/jina-embeddings-v3,0.9541432843087956
hrv_Latn,mri_Latn,intfloat/multilingual-e5-large,0.9541223538306234
sot_Latn,tum_Latn,intfloat/multilingual-e5-large,0.9539885838691012
bel_Cyrl,hau_Latn,intfloat/multilingual-e5-large,0.9539658622622946
eng_Latn,azb_Arab,microsoft/harrier-oss-v1-0.6b,0.95395748126932
hau_Latn,hrv_Latn,intfloat/multilingual-e5-large,0.9538436067731394
kmr_Latn,mkd_Cyrl,jinaai/jina-embeddings-v3,0.9537937550461639
ibo_Latn,tur_Latn,microsoft/harrier-oss-v1-0.6b,0.9537490394593426
hau_Latn,mal_Mlym,intfloat/multilingual-e5-large,0.9537427511136614
afr_Latn,hau_Latn,intfloat/multilingual-e5-large,0.9537414508720146
som_Latn,ukr_Cyrl,microsoft/harrier-oss-v1-0.6b,0.9537148275070172
twi_Latn,zul_Latn,intfloat/multilingual-e5-large,0.9536581969205541
sna_Latn,tha_Thai,microsoft/harrier-oss-v1-0.6b,0.9535641116942145
ibo_Latn,rus_Cyrl,microsoft/harrier-oss-v1-270m,0.9535051067181362
gle_Latn,isl_Latn,jinaai/jina-embeddings-v3,0.953355086943634
swh_Latn,twi_Latn,intfloat/multilingual-e5-large,0.9532713318690322
hun_Latn,ibo_Latn,intfloat/multilingual-e5-large,0.9532675085386583
hun_Latn,kmr_Latn,intfloat/multilingual-e5-large,0.9531608791062693
ces_Latn,fao_Latn,microsoft/harrier-oss-v1-0.6b,0.9531527344203551
som_Latn,tgk_Cyrl,microsoft/harrier-oss-v1-0.6b,0.9531495749126349
mri_Latn,nob_Latn,microsoft/harrier-oss-v1-0.6b,0.9531174318575572
bel_Cyrl,kmr_Latn,intfloat/multilingual-e5-large,0.9531088970744106
bel_Cyrl,ibo_Latn,intfloat/multilingual-e5-large,0.9530960424255798
ekk_Latn,kin_Latn,intfloat/multilingual-e5-large,0.9530508218951532
plt_Latn,tam_Taml,microsoft/harrier-oss-v1-0.6b,0.9529671486820821
ibo_Latn,sna_Latn,intfloat/multilingual-e5-large,0.9529346510973509
ind_Latn,scn_Latn,microsoft/harrier-oss-v1-0.6b,0.9529187432163297
tum_Latn,zul_Latn,microsoft/harrier-oss-v1-0.6b,0.9528694507434412
gle_Latn,tha_Thai,microsoft/harrier-oss-v1-0.6b,0.9527735568106803
bak_Cyrl,uig_Arab,intfloat/multilingual-e5-large,0.9526681304781361
ibo_Latn,slv_Latn,microsoft/harrier-oss-v1-0.6b,0.952616955539745
ibo_Latn,ukr_Cyrl,microsoft/harrier-oss-v1-0.6b,0.9525942813849892
run_Latn,tsn_Latn,intfloat/multilingual-e5-large,0.9525244225778406
fry_Latn,tgl_Latn,jinaai/jina-embeddings-v3,0.952425565508495
asm_Beng,isl_Latn,jinaai/jina-embeddings-v3,0.9523981775064463
isl_Latn,plt_Latn,intfloat/multilingual-e5-large,0.9523774158576497
kmr_Latn,ron_Latn,jinaai/jina-embeddings-v3,0.9523741429206437
som_Latn,vie_Latn,microsoft/harrier-oss-v1-0.6b,0.9523337748233036
heb_Hebr,kmr_Latn,intfloat/multilingual-e5-large,0.9523186039870453
deu_Latn,mri_Latn,microsoft/harrier-oss-v1-270m,0.9522807585717656
hin_Deva,ibo_Latn,microsoft/harrier-oss-v1-0.6b,0.9521882755381689
ibo_Latn,run_Latn,microsoft/harrier-oss-v1-270m,0.952169260131597
fao_Latn,heb_Hebr,jinaai/jina-embeddings-v3,0.9521259946696454
cat_Latn,fry_Latn,jinaai/jina-embeddings-v3,0.9520955797700272
sna_Latn,som_Latn,intfloat/multilingual-e5-large,0.9520926816326667
fao_Latn,ind_Latn,jinaai/jina-embeddings-v3,0.9520808074832242
lim_Latn,srd_Latn,microsoft/harrier-oss-v1-0.6b,0.9520807610162078
nya_Latn,som_Latn,intfloat/multilingual-e5-large,0.9520617893665836
azb_Arab,eng_Latn,microsoft/harrier-oss-v1-0.6b,0.95205295155202
ilo_Latn,tha_Thai,microsoft/harrier-oss-v1-0.6b,0.9520502133889729
hau_Latn,tsn_Latn,intfloat/multilingual-e5-large,0.9520329980582113
hau_Latn,hat_Latn,intfloat/multilingual-e5-large,0.9519951502032618
ell_Grek,kmr_Latn,intfloat/multilingual-e5-large,0.9519944938025148
ast_Latn,hau_Latn,intfloat/multilingual-e5-large,0.951992081134501
tir_Ethi,tsn_Latn,microsoft/harrier-oss-v1-270m,0.9519874357872511
hye_Armn,ibo_Latn,microsoft/harrier-oss-v1-0.6b,0.9519266818750165
kmr_Latn,nld_Latn,jinaai/jina-embeddings-v3,0.9518423586682694
ell_Grek,fry_Latn,jinaai/jina-embeddings-v3,0.9518290076822714
tum_Latn,xho_Latn,intfloat/multilingual-e5-large,0.9516960999239392
amh_Ethi,kmr_Latn,intfloat/multilingual-e5-large,0.9514547053782056
gle_Latn,jpn_Jpan,microsoft/harrier-oss-v1-0.6b,0.9513786730913389
scn_Latn,slk_Latn,microsoft/harrier-oss-v1-0.6b,0.9513473272462694
eng_Latn,kik_Latn,microsoft/harrier-oss-v1-270m,0.9513195964352448
hun_Latn,scn_Latn,microsoft/harrier-oss-v1-0.6b,0.9513048754494753
ibo_Latn,kat_Geor,intfloat/multilingual-e5-large,0.9512995114101723
hau_Latn,nso_Latn,intfloat/multilingual-e5-large,0.9512449300410105
dan_Latn,hau_Latn,intfloat/multilingual-e5-large,0.9512108449952257
eus_Latn,kin_Latn,intfloat/multilingual-e5-large,0.951155532693962
fra_Latn,mri_Latn,microsoft/harrier-oss-v1-270m,0.9511123521281716
ilo_Latn,mar_Deva,microsoft/harrier-oss-v1-0.6b,0.9510744567386047
jpn_Jpan,sna_Latn,microsoft/harrier-oss-v1-0.6b,0.9510425460525145
heb_Hebr,mri_Latn,microsoft/harrier-oss-v1-270m,0.9510258915195939
hat_Latn,ibo_Latn,microsoft/harrier-oss-v1-270m,0.9509918856885662
asm_Beng,kin_Latn,microsoft/harrier-oss-v1-0.6b,0.9508983986712324
amh_Ethi,mri_Latn,microsoft/harrier-oss-v1-270m,0.9507371636664249
eng_Latn,bem_Latn,microsoft/harrier-oss-v1-270m,0.9507243761165504
xho_Latn,jpn_Jpan,microsoft/harrier-oss-v1-0.6b,0.9507131189054382
khm_Khmr,sun_Latn,intfloat/multilingual-e5-large,0.9506885664951061
hau_Latn,kat_Geor,intfloat/multilingual-e5-large,0.9506669362476963
kmr_Latn,slv_Latn,jinaai/jina-embeddings-v3,0.9505503420787034
mri_Latn,nld_Latn,microsoft/harrier-oss-v1-270m,0.9504186702161672
kmr_Latn,srp_Cyrl,jinaai/jina-embeddings-v3,0.9504084932940084
sna_Latn,tir_Ethi,intfloat/multilingual-e5-large,0.9503207309147301
lin_Latn,tso_Latn,intfloat/multilingual-e5-large,0.9503024830712128
ces_Latn,mri_Latn,microsoft/harrier-oss-v1-270m,0.9502977881485684
eng_Latn,twi_Latn,microsoft/harrier-oss-v1-270m,0.9502764291150712
isl_Latn,kmr_Latn,intfloat/multilingual-e5-large,0.9502696678910707
eus_Latn,ilo_Latn,intfloat/multilingual-e5-large,0.9502352390385986
hau_Latn,nya_Latn,intfloat/multilingual-e5-large,0.9501954315188712
kmr_Latn,swe_Latn,jinaai/jina-embeddings-v3,0.9501638711248199
lit_Latn,som_Latn,intfloat/multilingual-e5-large,0.950163696231564
kmr_Latn,tur_Latn,jinaai/jina-embeddings-v3,0.9501489377498472
ell_Grek,ibo_Latn,intfloat/multilingual-e5-large,0.9501098625894234
som_Latn,srp_Cyrl,microsoft/harrier-oss-v1-0.6b,0.9500222962118285
ssw_Latn,zho_Hans,microsoft/harrier-oss-v1-270m,0.9499877519639598
ell_Grek,fao_Latn,intfloat/multilingual-e5-large,0.949819237770753
guj_Gujr,kmr_Latn,intfloat/multilingual-e5-large,0.949538806604304
kin_Latn,tir_Ethi,microsoft/harrier-oss-v1-0.6b,0.9495190339213626
jpn_Jpan,nya_Latn,microsoft/harrier-oss-v1-0.6b,0.9494750859399288
fij_Latn,hin_Deva,microsoft/harrier-oss-v1-0.6b,0.9493980139621766
kor_Hang,mri_Latn,microsoft/harrier-oss-v1-270m,0.9493948949250826
som_Latn,tel_Telu,intfloat/multilingual-e5-large,0.9493140069582745
cat_Latn,hau_Latn,intfloat/multilingual-e5-large,0.9492582877770306
ibo_Latn,kaz_Cyrl,intfloat/multilingual-e5-large,0.9491411536914511
lin_Latn,som_Latn,intfloat/multilingual-e5-large,0.9491255079104919
jav_Latn,mri_Latn,intfloat/multilingual-e5-large,0.9490921210227377
bos_Latn,fry_Latn,jinaai/jina-embeddings-v3,0.949076884275726
fin_Latn,fao_Latn,jinaai/jina-embeddings-v3,0.9490253661926844
afr_Latn,mri_Latn,intfloat/multilingual-e5-large,0.9488069562657186
plt_Latn,mya_Mymr,microsoft/harrier-oss-v1-270m,0.9487417377605862
khm_Khmr,som_Latn,intfloat/multilingual-e5-large,0.9487174161801715
sot_Latn,twi_Latn,intfloat/multilingual-e5-large,0.9486868730842757
fin_Latn,kmr_Latn,intfloat/multilingual-e5-large,0.9485954204027935
eng_Latn,lim_Latn,microsoft/harrier-oss-v1-0.6b,0.9485519607131304
aka_Latn,fra_Latn,microsoft/harrier-oss-v1-270m,0.9484873352683632
fin_Latn,ibo_Latn,microsoft/harrier-oss-v1-270m,0.948437418724793
fra_Latn,gla_Latn,microsoft/harrier-oss-v1-0.6b,0.9483937698114122
asm_Beng,eus_Latn,jinaai/jina-embeddings-v3,0.9483145934486632
amh_Ethi,ibo_Latn,microsoft/harrier-oss-v1-270m,0.9483006957871147
kmr_Latn,ukr_Cyrl,jinaai/jina-embeddings-v3,0.9481246462045987
hin_Deva,kmr_Latn,intfloat/multilingual-e5-large,0.9480988692220998
heb_Hebr,scn_Latn,microsoft/harrier-oss-v1-0.6b,0.9480654056190707
mri_Latn,swe_Latn,microsoft/harrier-oss-v1-270m,0.9479920842806988
fao_Latn,hun_Latn,jinaai/jina-embeddings-v3,0.9479892942106274
scn_Latn,slv_Latn,microsoft/harrier-oss-v1-0.6b,0.947791316014601
afr_Latn,kik_Latn,intfloat/multilingual-e5-large,0.9477396973372584
twi_Latn,xho_Latn,intfloat/multilingual-e5-large,0.947713602293712
azj_Latn,hau_Latn,intfloat/multilingual-e5-large,0.9477031543861644
fij_Latn,war_Latn,microsoft/harrier-oss-v1-270m,0.9476762097011672
som_Latn,tir_Ethi,intfloat/multilingual-e5-large,0.9476553078033392
deu_Latn,gla_Latn,microsoft/harrier-oss-v1-0.6b,0.947654063692817
mri_Latn,mkd_Cyrl,microsoft/harrier-oss-v1-0.6b,0.9474676948129328
mri_Latn,sin_Sinh,microsoft/harrier-oss-v1-270m,0.9474674832681886
kin_Latn,tha_Thai,microsoft/harrier-oss-v1-0.6b,0.9473771511607656
nya_Latn,tha_Thai,microsoft/harrier-oss-v1-0.6b,0.9473747849868542
ibo_Latn,mar_Deva,intfloat/multilingual-e5-large,0.9472810398373166
lin_Latn,run_Latn,microsoft/harrier-oss-v1-0.6b,0.9471906993069164
gle_Latn,lvs_Latn,jinaai/jina-embeddings-v3,0.9471731370281176
hat_Latn,mri_Latn,microsoft/harrier-oss-v1-270m,0.9470822744292011
hau_Latn,sna_Latn,intfloat/multilingual-e5-large,0.9470183830055006
kmr_Latn,rus_Cyrl,jinaai/jina-embeddings-v3,0.9469135996911109
dan_Latn,mri_Latn,microsoft/harrier-oss-v1-270m,0.9469037073523401
lim_Latn,swe_Latn,microsoft/harrier-oss-v1-0.6b,0.9468530029449087
hau_Latn,snd_Arab,intfloat/multilingual-e5-large,0.9468203498627502
dan_Latn,kmr_Latn,intfloat/multilingual-e5-large,0.9467117800294707
heb_Hebr,hau_Latn,intfloat/multilingual-e5-large,0.946627383367117
fao_Latn,lit_Latn,jinaai/jina-embeddings-v3,0.9466119406434577
khm_Khmr,nya_Latn,intfloat/multilingual-e5-large,0.9465806924783076
mri_Latn,als_Latn,microsoft/harrier-oss-v1-270m,0.9465634211891352
mri_Latn,vie_Latn,microsoft/harrier-oss-v1-270m,0.9465242898763466
tgl_Latn,yor_Latn,intfloat/multilingual-e5-large,0.9464219351378262
mri_Latn,pol_Latn,microsoft/harrier-oss-v1-270m,0.946366406386415
gla_Latn,zho_Hans,microsoft/harrier-oss-v1-270m,0.9462184494805724
fry_Latn,tam_Taml,jinaai/jina-embeddings-v3,0.9461959837878882
nya_Latn,tir_Ethi,intfloat/multilingual-e5-large,0.946195874339031
mri_Latn,urd_Arab,microsoft/harrier-oss-v1-270m,0.9461674434456631
azb_Arab,fra_Latn,microsoft/harrier-oss-v1-0.6b,0.9461496859040198
kmr_Latn,slk_Latn,jinaai/jina-embeddings-v3,0.9461057566462769
ces_Latn,hau_Latn,intfloat/multilingual-e5-large,0.9459768828143651
fin_Latn,scn_Latn,microsoft/harrier-oss-v1-0.6b,0.9457803216847072
ces_Latn,kmr_Latn,intfloat/multilingual-e5-large,0.9457166470413191
amh_Ethi,tum_Latn,microsoft/harrier-oss-v1-0.6b,0.9456607563848208
hau_Latn,mar_Deva,intfloat/multilingual-e5-large,0.9456035883160601
lim_Latn,hrv_Latn,microsoft/harrier-oss-v1-0.6b,0.945321331679565
fry_Latn,tel_Telu,jinaai/jina-embeddings-v3,0.9450790127632096
hye_Armn,mri_Latn,microsoft/harrier-oss-v1-270m,0.9449661213341047
pol_Latn,hau_Latn,intfloat/multilingual-e5-large,0.9449478378959553
kin_Latn,jpn_Jpan,microsoft/harrier-oss-v1-0.6b,0.944943242942414
fij_Latn,jav_Latn,microsoft/harrier-oss-v1-270m,0.944738104068828
fra_Latn,gaz_Latn,microsoft/harrier-oss-v1-0.6b,0.9447271697557014
kmr_Latn,lit_Latn,jinaai/jina-embeddings-v3,0.9447192686114343
lim_Latn,eng_Latn,microsoft/harrier-oss-v1-0.6b,0.9446555496508726
mri_Latn,slk_Latn,microsoft/harrier-oss-v1-0.6b,0.9445503611905619
mri_Latn,zho_Hant,microsoft/harrier-oss-v1-0.6b,0.944455125270457
ell_Grek,mri_Latn,microsoft/harrier-oss-v1-0.6b,0.9443213574168392
bul_Cyrl,gla_Latn,microsoft/harrier-oss-v1-0.6b,0.9443095692327599
hrv_Latn,lim_Latn,microsoft/harrier-oss-v1-0.6b,0.9442633182047364
fin_Latn,mri_Latn,microsoft/harrier-oss-v1-270m,0.9441910918138917
spa_Latn,mri_Latn,microsoft/harrier-oss-v1-0.6b,0.9441511373065432
apc_Arab,ekk_Latn,jinaai/jina-embeddings-v3,0.9441440856423832
fry_Latn,mar_Deva,jinaai/jina-embeddings-v3,0.9441326774720988
run_Latn,tso_Latn,microsoft/harrier-oss-v1-0.6b,0.944119302129508
plt_Latn,mri_Latn,microsoft/harrier-oss-v1-270m,0.9441054398687763
kmr_Latn,vie_Latn,jinaai/jina-embeddings-v3,0.9440369301105185
gla_Latn,swe_Latn,microsoft/harrier-oss-v1-0.6b,0.9439176231047024
ibo_Latn,srp_Cyrl,microsoft/harrier-oss-v1-0.6b,0.9439102635472327
hau_Latn,som_Latn,intfloat/multilingual-e5-large,0.943766953678784
hau_Latn,kaz_Cyrl,intfloat/multilingual-e5-large,0.9437210300764912
kmr_Latn,pol_Latn,jinaai/jina-embeddings-v3,0.943683258104693
dan_Latn,gla_Latn,microsoft/harrier-oss-v1-0.6b,0.9435208966813201
kmr_Latn,pan_Guru,intfloat/multilingual-e5-large,0.9434320886949039
mri_Latn,ukr_Cyrl,microsoft/harrier-oss-v1-270m,0.9431951898182899
mri_Latn,rus_Cyrl,microsoft/harrier-oss-v1-270m,0.9431307838897328
deu_Latn,lim_Latn,microsoft/harrier-oss-v1-0.6b,0.9430580769391913
mri_Latn,ron_Latn,microsoft/harrier-oss-v1-270m,0.9428723793448912
hun_Latn,hau_Latn,intfloat/multilingual-e5-large,0.9428045208580049
mri_Latn,zho_Hans,microsoft/harrier-oss-v1-0.6b,0.942745661893084
kin_Latn,tum_Latn,intfloat/multilingual-e5-large,0.9426414473337672
ben_Beng,gla_Latn,microsoft/harrier-oss-v1-0.6b,0.9426358789781024
hau_Latn,khm_Khmr,intfloat/multilingual-e5-large,0.9424971585339013
bem_Latn,eng_Latn,microsoft/harrier-oss-v1-0.6b,0.9424603502331156
hau_Latn,run_Latn,intfloat/multilingual-e5-large,0.9424402830674397
mri_Latn,tur_Latn,microsoft/harrier-oss-v1-0.6b,0.9423898687339192
ell_Grek,hau_Latn,intfloat/multilingual-e5-large,0.9423503279922794
mri_Latn,mal_Mlym,microsoft/harrier-oss-v1-270m,0.9422598626164056
amh_Ethi,hau_Latn,intfloat/multilingual-e5-large,0.9422542555805558
ind_Latn,mri_Latn,microsoft/harrier-oss-v1-270m,0.9421804150833393
ibo_Latn,som_Latn,intfloat/multilingual-e5-large,0.9421138392474973
sna_Latn,tum_Latn,microsoft/harrier-oss-v1-0.6b,0.9419853856803568
mya_Mymr,som_Latn,intfloat/multilingual-e5-large,0.9419030733044169
plt_Latn,pag_Latn,microsoft/harrier-oss-v1-270m,0.9418261192742304
ibo_Latn,khm_Khmr,intfloat/multilingual-e5-large,0.9417673200478454
hau_Latn,tel_Telu,intfloat/multilingual-e5-large,0.941756630704252
som_Latn,sun_Latn,intfloat/multilingual-e5-large,0.9417280258302135
kan_Knda,kas_Deva,Alibaba-NLP/gte-multilingual-base,0.9416969362233976
ita_Latn,lim_Latn,microsoft/harrier-oss-v1-0.6b,0.9415284285066272
lim_Latn,tgl_Latn,microsoft/harrier-oss-v1-0.6b,0.9414699376944662
hun_Latn,fao_Latn,jinaai/jina-embeddings-v3,0.941411319805189
mri_Latn,smo_Latn,microsoft/harrier-oss-v1-270m,0.9412766883394168
lim_Latn,ita_Latn,microsoft/harrier-oss-v1-0.6b,0.9411938391132035
lim_Latn,ron_Latn,microsoft/harrier-oss-v1-0.6b,0.9411534268524473
lim_Latn,pol_Latn,microsoft/harrier-oss-v1-0.6b,0.9409544815127059
ibo_Latn,tam_Taml,intfloat/multilingual-e5-large,0.9409001395454979
ekk_Latn,hau_Latn,intfloat/multilingual-e5-large,0.9408333006339952
eus_Latn,hau_Latn,intfloat/multilingual-e5-large,0.94083093491234
dan_Latn,lim_Latn,microsoft/harrier-oss-v1-0.6b,0.9407898459114302
ekk_Latn,ibo_Latn,intfloat/multilingual-e5-large,0.9407120811791716
hin_Deva,mri_Latn,microsoft/harrier-oss-v1-0.6b,0.9404999944048726
ibo_Latn,sun_Latn,intfloat/multilingual-e5-large,0.9404071756690477
gla_Latn,nld_Latn,microsoft/harrier-oss-v1-0.6b,0.9403890635255693
srd_Latn,isl_Latn,jinaai/jina-embeddings-v3,0.9403260718766112
kmr_Latn,lvs_Latn,jinaai/jina-embeddings-v3,0.9403089638632729
ben_Beng,kas_Deva,Alibaba-NLP/gte-multilingual-base,0.9402389238333828
hau_Latn,sun_Latn,intfloat/multilingual-e5-large,0.940228765121779
eng_Latn,tuk_Latn,microsoft/harrier-oss-v1-0.6b,0.940193085093484
lim_Latn,fra_Latn,microsoft/harrier-oss-v1-0.6b,0.9401561587676364
fra_Latn,lim_Latn,microsoft/harrier-oss-v1-0.6b,0.940054701681089
azb_Arab,rus_Cyrl,microsoft/harrier-oss-v1-0.6b,0.9399998594668546
run_Latn,tum_Latn,microsoft/harrier-oss-v1-0.6b,0.9399682158762722
eus_Latn,fry_Latn,jinaai/jina-embeddings-v3,0.9399612739869186
bul_Cyrl,lim_Latn,microsoft/harrier-oss-v1-0.6b,0.9399098755738671
fra_Latn,twi_Latn,intfloat/multilingual-e5-large,0.9399067391687458
ibo_Latn,mya_Mymr,intfloat/multilingual-e5-large,0.9398342636694301
ibo_Latn,kin_Latn,microsoft/harrier-oss-v1-0.6b,0.9398284898567094
mri_Latn,slv_Latn,microsoft/harrier-oss-v1-270m,0.9398253445431088
lin_Latn,twi_Latn,intfloat/multilingual-e5-large,0.9397992111109816
mri_Latn,srp_Cyrl,microsoft/harrier-oss-v1-0.6b,0.9397424246900228
hau_Latn,hin_Deva,intfloat/multilingual-e5-large,0.9397101192421443
afr_Latn,bem_Latn,microsoft/harrier-oss-v1-0.6b,0.9396722669756326
ilo_Latn,tam_Taml,microsoft/harrier-oss-v1-270m,0.9395886975429524
ces_Latn,lim_Latn,microsoft/harrier-oss-v1-0.6b,0.9394687316084397
bem_Latn,zul_Latn,microsoft/harrier-oss-v1-0.6b,0.9394530370311364
bem_Latn,xho_Latn,intfloat/multilingual-e5-large,0.9392503006170244
som_Latn,tam_Taml,intfloat/multilingual-e5-large,0.9392107204203962
lim_Latn,spa_Latn,microsoft/harrier-oss-v1-0.6b,0.9391278168616598
hat_Latn,isl_Latn,intfloat/multilingual-e5-large,0.9391202554332403
kmr_Latn,xho_Latn,intfloat/multilingual-e5-large,0.9391075981177576
hun_Latn,mri_Latn,microsoft/harrier-oss-v1-270m,0.9390091898863677
afr_Latn,twi_Latn,intfloat/multilingual-e5-large,0.9389808118726535
bel_Cyrl,mri_Latn,microsoft/harrier-oss-v1-270m,0.9388880516995126
ibo_Latn,tso_Latn,intfloat/multilingual-e5-large,0.9385399268737666
gla_Latn,pol_Latn,microsoft/harrier-oss-v1-0.6b,0.9384982379997451
ibo_Latn,tel_Telu,microsoft/harrier-oss-v1-270m,0.9383384718207549
hau_Latn,lin_Latn,intfloat/multilingual-e5-large,0.9383220290017159
hau_Latn,srd_Latn,microsoft/harrier-oss-v1-0.6b,0.938242365985378
als_Latn,yor_Latn,intfloat/multilingual-e5-large,0.9378287943226606
spa_Latn,lim_Latn,microsoft/harrier-oss-v1-0.6b,0.9377745080212846
ben_Beng,yor_Latn,intfloat/multilingual-e5-large,0.9374438732012
ckb_Arab,kmr_Latn,intfloat/multilingual-e5-large,0.9373889510330482
tsn_Latn,twi_Latn,intfloat/multilingual-e5-large,0.9372280190555664
kmr_Latn,tha_Thai,jinaai/jina-embeddings-v3,0.9371686719292369
som_Latn,tso_Latn,intfloat/multilingual-e5-large,0.9371304442882276
ces_Latn,gla_Latn,microsoft/harrier-oss-v1-0.6b,0.9371175126100677
bem_Latn,fra_Latn,microsoft/harrier-oss-v1-0.6b,0.9369812628782004
lvs_Latn,mri_Latn,intfloat/multilingual-e5-large,0.936900581941907
ilo_Latn,lao_Laoo,intfloat/multilingual-e5-large,0.9366470430159618
lim_Latn,slk_Latn,microsoft/harrier-oss-v1-0.6b,0.9365640509246695
gla_Latn,hrv_Latn,microsoft/harrier-oss-v1-0.6b,0.9364775015121821
bos_Latn,lim_Latn,microsoft/harrier-oss-v1-0.6b,0.9363951734935478
fin_Latn,hau_Latn,intfloat/multilingual-e5-large,0.9362243444482907
ibo_Latn,tha_Thai,microsoft/harrier-oss-v1-0.6b,0.9362144093229515
bem_Latn,nya_Latn,intfloat/multilingual-e5-large,0.9361220072451444
eng_Latn,lua_Latn,microsoft/harrier-oss-v1-0.6b,0.9359341118107422
ekk_Latn,mri_Latn,intfloat/multilingual-e5-large,0.9358014573320772
gle_Latn,hau_Latn,intfloat/multilingual-e5-large,0.9357621653914576
hau_Latn,tam_Taml,intfloat/multilingual-e5-large,0.9354272574531487
sna_Latn,twi_Latn,intfloat/multilingual-e5-large,0.9353760761152108
cat_Latn,mri_Latn,intfloat/multilingual-e5-large,0.9351951346162576
fry_Latn,jpn_Jpan,jinaai/jina-embeddings-v3,0.9351950091410206
kat_Geor,mri_Latn,microsoft/harrier-oss-v1-270m,0.9351941705947423
kmr_Latn,mal_Mlym,intfloat/multilingual-e5-large,0.9351654104314976
kmr_Latn,kir_Cyrl,intfloat/multilingual-e5-large,0.9351218802483644
lim_Latn,rus_Cyrl,microsoft/harrier-oss-v1-0.6b,0.9350977039614587
spa_Latn,gla_Latn,microsoft/harrier-oss-v1-0.6b,0.9347819941669913
lit_Latn,mri_Latn,microsoft/harrier-oss-v1-270m,0.934617088262014
kmr_Latn,mar_Deva,jinaai/jina-embeddings-v3,0.9345700232631127
swh_Latn,yor_Latn,intfloat/multilingual-e5-large,0.9342651418170469
yor_Latn,zul_Latn,intfloat/multilingual-e5-large,0.9342612030279454
gla_Latn,tur_Latn,microsoft/harrier-oss-v1-0.6b,0.9341706233550005
gla_Latn,ita_Latn,microsoft/harrier-oss-v1-0.6b,0.9340826282225215
fij_Latn,sun_Latn,microsoft/harrier-oss-v1-0.6b,0.9340191984236976
nya_Latn,twi_Latn,intfloat/multilingual-e5-large,0.9337883033305578
afr_Latn,gaz_Latn,microsoft/harrier-oss-v1-0.6b,0.9337780747426299
tso_Latn,tum_Latn,intfloat/multilingual-e5-large,0.9337771374871972
lim_Latn,hun_Latn,microsoft/harrier-oss-v1-0.6b,0.9336291140810022
gla_Latn,ron_Latn,microsoft/harrier-oss-v1-0.6b,0.9335684788272318
kmr_Latn,tgk_Cyrl,microsoft/harrier-oss-v1-270m,0.9334725044593177
amh_Ethi,twi_Latn,intfloat/multilingual-e5-large,0.9332674541414059
gla_Latn,mkd_Cyrl,microsoft/harrier-oss-v1-270m,0.9331539923208072
mri_Latn,xho_Latn,microsoft/harrier-oss-v1-0.6b,0.9331321505636031
mri_Latn,war_Latn,microsoft/harrier-oss-v1-270m,0.933075057631271
ben_Beng,lim_Latn,microsoft/harrier-oss-v1-0.6b,0.9329438406355901
lim_Latn,mkd_Cyrl,microsoft/harrier-oss-v1-0.6b,0.9328286051889754
mkd_Cyrl,lim_Latn,intfloat/multilingual-e5-large,0.932754990767297
isl_Latn,mri_Latn,intfloat/multilingual-e5-large,0.9323964639850402
nso_Latn,twi_Latn,intfloat/multilingual-e5-large,0.9323737384184113
gla_Latn,rus_Cyrl,microsoft/harrier-oss-v1-0.6b,0.9322517466480387
cat_Latn,lim_Latn,microsoft/harrier-oss-v1-0.6b,0.9322034015366802
eng_Latn,roh_Latn,intfloat/multilingual-e5-large,0.93218174846236
lim_Latn,ukr_Cyrl,microsoft/harrier-oss-v1-0.6b,0.9321567575463644
kmr_Latn,nno_Latn,jinaai/jina-embeddings-v3,0.9321427664203439
tir_Ethi,tso_Latn,microsoft/harrier-oss-v1-0.6b,0.9319238665805587
twi_Latn,fra_Latn,microsoft/harrier-oss-v1-270m,0.9318842396916787
gla_Latn,slk_Latn,microsoft/harrier-oss-v1-0.6b,0.9318047592623651
lim_Latn,vie_Latn,microsoft/harrier-oss-v1-0.6b,0.931738528747581
gla_Latn,ukr_Cyrl,microsoft/harrier-oss-v1-0.6b,0.9315770510706864
fao_Latn,jpn_Jpan,jinaai/jina-embeddings-v3,0.9314926917163775
fur_Latn,isl_Latn,jinaai/jina-embeddings-v3,0.9313803542167168
jpn_Jpan,som_Latn,microsoft/harrier-oss-v1-0.6b,0.9313748255784908
gla_Latn,hin_Deva,microsoft/harrier-oss-v1-0.6b,0.9313729888274074
scn_Latn,jpn_Jpan,microsoft/harrier-oss-v1-0.6b,0.9313444390921941
ibo_Latn,lit_Latn,microsoft/harrier-oss-v1-0.6b,0.9313417948127016
sot_Latn,yor_Latn,intfloat/multilingual-e5-large,0.9313299309380588
lim_Latn,nno_Latn,microsoft/harrier-oss-v1-0.6b,0.9312944780458947
bem_Latn,kin_Latn,microsoft/harrier-oss-v1-0.6b,0.9309713452983418
lim_Latn,slv_Latn,microsoft/harrier-oss-v1-0.6b,0.9308852240174575
mri_Latn,mar_Deva,microsoft/harrier-oss-v1-270m,0.930836039047255
fra_Latn,lua_Latn,microsoft/harrier-oss-v1-0.6b,0.9308169665282776
sin_Sinh,yor_Latn,intfloat/multilingual-e5-large,0.9307204197304255
gla_Latn,ind_Latn,microsoft/harrier-oss-v1-0.6b,0.9306293635452061
fij_Latn,smo_Latn,microsoft/harrier-oss-v1-270m,0.9302601456302344
lug_Latn,zul_Latn,intfloat/multilingual-e5-large,0.9301037690234061
eng_Latn,ktu_Latn,intfloat/multilingual-e5-large,0.9299057715414252
hau_Latn,tgk_Cyrl,intfloat/multilingual-e5-large,0.9298890141190828
hau_Latn,ita_Latn,intfloat/multilingual-e5-large,0.9297674645725225
ind_Latn,lim_Latn,microsoft/harrier-oss-v1-0.6b,0.929737598230785
hun_Latn,lim_Latn,microsoft/harrier-oss-v1-0.6b,0.9296465500632087
bem_Latn,sna_Latn,microsoft/harrier-oss-v1-0.6b,0.9295748973601936
tsn_Latn,tum_Latn,microsoft/harrier-oss-v1-0.6b,0.9295547184190872
bug_Latn,eng_Latn,microsoft/harrier-oss-v1-0.6b,0.9294200859754382
gla_Latn,srp_Cyrl,microsoft/harrier-oss-v1-0.6b,0.9293033151476019
heb_Hebr,lim_Latn,microsoft/harrier-oss-v1-0.6b,0.9292679486773847
ibo_Latn,jpn_Jpan,microsoft/harrier-oss-v1-0.6b,0.9290825239697639
lin_Latn,tum_Latn,intfloat/multilingual-e5-large,0.9289890337856784
xho_Latn,yor_Latn,intfloat/multilingual-e5-large,0.928945081103085
hau_Latn,mya_Mymr,intfloat/multilingual-e5-large,0.9289351583403741
kmr_Latn,tel_Telu,jinaai/jina-embeddings-v3,0.9288092158212347
hau_Latn,ibo_Latn,intfloat/multilingual-e5-large,0.9286947185105117
hau_Latn,nld_Latn,microsoft/harrier-oss-v1-270m,0.9286891383220406
hrv_Latn,yor_Latn,intfloat/multilingual-e5-large,0.928636275472356
tso_Latn,twi_Latn,intfloat/multilingual-e5-large,0.9284164459947482
gla_Latn,heb_Hebr,microsoft/harrier-oss-v1-0.6b,0.9281240091836611
hau_Latn,lvs_Latn,intfloat/multilingual-e5-large,0.9280412233375678
run_Latn,som_Latn,intfloat/multilingual-e5-large,0.9280258545467092
hau_Latn,vie_Latn,intfloat/multilingual-e5-large,0.9280058368117152
mri_Latn,tel_Telu,microsoft/harrier-oss-v1-270m,0.9279476459176803
ekk_Latn,yor_Latn,intfloat/multilingual-e5-large,0.9277015906855256
ell_Grek,gla_Latn,microsoft/harrier-oss-v1-0.6b,0.927018157710731
hau_Latn,tir_Ethi,intfloat/multilingual-e5-large,0.9270073063745023
lim_Latn,heb_Hebr,microsoft/harrier-oss-v1-0.6b,0.9264266267557361
lim_Latn,tur_Latn,microsoft/harrier-oss-v1-0.6b,0.9263100748171991
kin_Latn,twi_Latn,intfloat/multilingual-e5-large,0.9261499289142442
lim_Latn,ind_Latn,microsoft/harrier-oss-v1-0.6b,0.9260020579379012
hau_Latn,kin_Latn,intfloat/multilingual-e5-large,0.9259857647758614
hau_Latn,isl_Latn,intfloat/multilingual-e5-large,0.9258715883031837
hau_Latn,swe_Latn,microsoft/harrier-oss-v1-270m,0.9255713039002191
hau_Latn,tso_Latn,intfloat/multilingual-e5-large,0.9255371206302407
fry_Latn,jav_Latn,intfloat/multilingual-e5-large,0.9254615270358704
fij_Latn,ilo_Latn,microsoft/harrier-oss-v1-0.6b,0.9252901486403938
fij_Latn,plt_Latn,microsoft/harrier-oss-v1-0.6b,0.9251546813306272
afr_Latn,lua_Latn,microsoft/harrier-oss-v1-0.6b,0.924734419606912
run_Latn,tir_Ethi,microsoft/harrier-oss-v1-0.6b,0.9244468401143792
mal_Mlym,yor_Latn,intfloat/multilingual-e5-large,0.9241475144263167
hau_Latn,kik_Latn,intfloat/multilingual-e5-large,0.9241045304525468
ibo_Latn,twi_Latn,intfloat/multilingual-e5-large,0.9241041469378646
lug_Latn,por_Latn,microsoft/harrier-oss-v1-0.6b,0.9237305269967472
hau_Latn,srp_Cyrl,intfloat/multilingual-e5-large,0.9235842740320926
urd_Arab,yor_Latn,intfloat/multilingual-e5-large,0.9235556473918778
som_Latn,tha_Thai,microsoft/harrier-oss-v1-270m,0.9233843844751417
kmr_Latn,tam_Taml,jinaai/jina-embeddings-v3,0.9232514452151688
lug_Latn,run_Latn,intfloat/multilingual-e5-large,0.9231579494974764
lug_Latn,sot_Latn,intfloat/multilingual-e5-large,0.9230207679228055
eng_Latn,ewe_Latn,microsoft/harrier-oss-v1-270m,0.9229299138443616
cym_Latn,fry_Latn,jinaai/jina-embeddings-v3,0.9228825755828196
hin_Deva,lim_Latn,microsoft/harrier-oss-v1-0.6b,0.9227760428513363
ell_Grek,lim_Latn,microsoft/harrier-oss-v1-0.6b,0.92228830007659
lim_Latn,srp_Cyrl,microsoft/harrier-oss-v1-0.6b,0.9221317261473576
cym_Latn,yor_Latn,intfloat/multilingual-e5-large,0.9220636400288773
cat_Latn,yor_Latn,intfloat/multilingual-e5-large,0.9219480718803514
eng_Latn,mni_Beng,microsoft/harrier-oss-v1-270m,0.9217326486984512
eng_Latn,yor_Latn,intfloat/multilingual-e5-large,0.9214530093271172
kas_Deva,mal_Mlym,Alibaba-NLP/gte-multilingual-base,0.92110823015556
hau_Latn,tum_Latn,intfloat/multilingual-e5-large,0.9208601005215502
lug_Latn,xho_Latn,intfloat/multilingual-e5-large,0.920784399081682
hau_Latn,pol_Latn,microsoft/harrier-oss-v1-270m,0.9205582174373836
nso_Latn,yor_Latn,intfloat/multilingual-e5-large,0.9201485461817356
gla_Latn,hun_Latn,microsoft/harrier-oss-v1-0.6b,0.9198098395108015
hau_Latn,tur_Latn,intfloat/multilingual-e5-large,0.9197633959756771
fra_Latn,yor_Latn,intfloat/multilingual-e5-large,0.9197474595579107
bel_Cyrl,lim_Latn,microsoft/harrier-oss-v1-0.6b,0.9194261390471832
hau_Latn,mkd_Cyrl,microsoft/harrier-oss-v1-270m,0.9185756566899288
ilo_Latn,mri_Latn,microsoft/harrier-oss-v1-270m,0.9185656153144066
gla_Latn,lit_Latn,microsoft/harrier-oss-v1-0.6b,0.9183627634924321
mri_Latn,mya_Mymr,microsoft/harrier-oss-v1-270m,0.9183564312353629
fin_Latn,lim_Latn,microsoft/harrier-oss-v1-0.6b,0.9182960364012618
lim_Latn,hin_Deva,microsoft/harrier-oss-v1-0.6b,0.9180412925483186
tsn_Latn,yor_Latn,intfloat/multilingual-e5-large,0.9180369299688971
lim_Latn,fin_Latn,microsoft/harrier-oss-v1-0.6b,0.9179464925929273
hau_Latn,rus_Cyrl,intfloat/multilingual-e5-large,0.9175668480890142
kaz_Cyrl,yor_Latn,intfloat/multilingual-e5-large,0.9172319981021021
lug_Latn,tsn_Latn,intfloat/multilingual-e5-large,0.9172216695902919
hau_Latn,ind_Latn,microsoft/harrier-oss-v1-0.6b,0.917085094467982
lug_Latn,swh_Latn,intfloat/multilingual-e5-large,0.9169595445589994
eng_Latn,kas_Deva,Alibaba-NLP/gte-multilingual-base,0.9161192176526946
ibo_Latn,lvs_Latn,microsoft/harrier-oss-v1-0.6b,0.9158987189229288
tel_Telu,yor_Latn,intfloat/multilingual-e5-large,0.9156587371997731
hau_Latn,ukr_Cyrl,microsoft/harrier-oss-v1-0.6b,0.9151311834057276
hau_Latn,ron_Latn,microsoft/harrier-oss-v1-270m,0.9149112543039102
lim_Latn,lit_Latn,microsoft/harrier-oss-v1-0.6b,0.9147358237580279
tir_Ethi,twi_Latn,microsoft/harrier-oss-v1-270m,0.9144270392309564
nya_Latn,yor_Latn,intfloat/multilingual-e5-large,0.9142832934461652
por_Latn,yor_Latn,microsoft/harrier-oss-v1-0.6b,0.9142077661575804
mri_Latn,sun_Latn,microsoft/harrier-oss-v1-0.6b,0.9140167154544592
mkd_Cyrl,yor_Latn,intfloat/multilingual-e5-large,0.9134350873809266
afr_Latn,wol_Latn,intfloat/multilingual-e5-large,0.913253974604164
lit_Latn,lim_Latn,microsoft/harrier-oss-v1-0.6b,0.9127458651264408
hau_Latn,slk_Latn,microsoft/harrier-oss-v1-0.6b,0.912570109292893
hin_Deva,yor_Latn,intfloat/multilingual-e5-large,0.912255587895522
ewe_Latn,swh_Latn,microsoft/harrier-oss-v1-270m,0.9121082933342152
fry_Latn,gle_Latn,jinaai/jina-embeddings-v3,0.911830107199226
hau_Latn,twi_Latn,intfloat/multilingual-e5-large,0.9116316310808961
afr_Latn,yor_Latn,intfloat/multilingual-e5-large,0.9115800858627106
srp_Cyrl,yor_Latn,intfloat/multilingual-e5-large,0.9115059514708295
bem_Latn,tsn_Latn,intfloat/multilingual-e5-large,0.9114079147057368
lug_Latn,nso_Latn,intfloat/multilingual-e5-large,0.9112816932148136
ibo_Latn,yor_Latn,intfloat/multilingual-e5-large,0.9112434767569476
ewe_Latn,fra_Latn,microsoft/harrier-oss-v1-270m,0.9111518882090172
mri_Latn,tha_Thai,microsoft/harrier-oss-v1-0.6b,0.9111238727404145
tam_Taml,yor_Latn,intfloat/multilingual-e5-large,0.9110516013620977
lug_Latn,sna_Latn,intfloat/multilingual-e5-large,0.9109132115368989
ita_Latn,yor_Latn,intfloat/multilingual-e5-large,0.9108930633482604
lim_Latn,jpn_Jpan,microsoft/harrier-oss-v1-0.6b,0.9108876575151459
eng_Latn,lug_Latn,intfloat/multilingual-e5-large,0.9108040832340472
mar_Deva,yor_Latn,intfloat/multilingual-e5-large,0.9107918352711732
bem_Latn,run_Latn,microsoft/harrier-oss-v1-0.6b,0.9105840894619486
tso_Latn,yor_Latn,intfloat/multilingual-e5-large,0.9102745954455578
amh_Ethi,yor_Latn,intfloat/multilingual-e5-large,0.9101319515035657
lvs_Latn,yor_Latn,intfloat/multilingual-e5-large,0.9100707934289232
hau_Latn,heb_Hebr,microsoft/harrier-oss-v1-270m,0.9099975630423839
lim_Latn,tha_Thai,microsoft/harrier-oss-v1-0.6b,0.9099388910591502
lua_Latn,zul_Latn,microsoft/harrier-oss-v1-0.6b,0.909874051525545
isl_Latn,lim_Latn,intfloat/multilingual-e5-large,0.9086637755435713
hau_Latn,slv_Latn,microsoft/harrier-oss-v1-270m,0.9085306996007645
kas_Deva,mar_Deva,Alibaba-NLP/gte-multilingual-base,0.9083486915354616
heb_Hebr,kab_Latn,Alibaba-NLP/gte-multilingual-base,0.907995665323524
lug_Latn,nya_Latn,intfloat/multilingual-e5-large,0.9079485254779166
jpn_Jpan,mri_Latn,microsoft/harrier-oss-v1-0.6b,0.9075872415094086
sna_Latn,yor_Latn,intfloat/multilingual-e5-large,0.9075210921435626
bul_Cyrl,yor_Latn,microsoft/harrier-oss-v1-0.6b,0.9074247438096317
jpn_Jpan,lim_Latn,microsoft/harrier-oss-v1-0.6b,0.9073182424783812
run_Latn,twi_Latn,intfloat/multilingual-e5-large,0.9070240762267646
hau_Latn,hun_Latn,microsoft/harrier-oss-v1-0.6b,0.9068758334544604
rus_Cyrl,yor_Latn,intfloat/multilingual-e5-large,0.9067682370206481
lua_Latn,xho_Latn,intfloat/multilingual-e5-large,0.9067634562931344
spa_Latn,yor_Latn,intfloat/multilingual-e5-large,0.9065226780583471
cym_Latn,lim_Latn,intfloat/multilingual-e5-large,0.9059817450177611
tur_Latn,yor_Latn,intfloat/multilingual-e5-large,0.905587968912041
ewe_Latn,zul_Latn,microsoft/harrier-oss-v1-0.6b,0.9052543524070676
som_Latn,twi_Latn,intfloat/multilingual-e5-large,0.9051370482798313
kin_Latn,yor_Latn,intfloat/multilingual-e5-large,0.904987125496187
amh_Ethi,lua_Latn,microsoft/harrier-oss-v1-270m,0.9049413932061402
kas_Deva,urd_Arab,Alibaba-NLP/gte-multilingual-base,0.904659374179792
bul_Cyrl,roh_Latn,intfloat/multilingual-e5-large,0.9043419273866836
ary_Arab,som_Latn,Alibaba-NLP/gte-multilingual-base,0.9041853797909508
arb_Arab,yor_Latn,microsoft/harrier-oss-v1-0.6b,0.9040193509982266
ilo_Latn,isl_Latn,intfloat/multilingual-e5-large,0.9040088712898835
kat_Geor,yor_Latn,intfloat/multilingual-e5-large,0.9039966548376553
hye_Armn,yor_Latn,intfloat/multilingual-e5-large,0.9037590411248158
afr_Latn,lug_Latn,intfloat/multilingual-e5-large,0.9034785234554221
ekk_Latn,lim_Latn,intfloat/multilingual-e5-large,0.9034709025104533
nld_Latn,yor_Latn,microsoft/harrier-oss-v1-0.6b,0.9033588202604124
lin_Latn,yor_Latn,intfloat/multilingual-e5-large,0.9033449382457748
swe_Latn,yor_Latn,microsoft/harrier-oss-v1-0.6b,0.903255187926582
jpn_Jpan,kmr_Latn,intfloat/multilingual-e5-large,0.9032413783846474
som_Latn,tum_Latn,microsoft/harrier-oss-v1-0.6b,0.9031050896885838
afr_Latn,ewe_Latn,microsoft/harrier-oss-v1-270m,0.9030810536717648
fra_Latn,lug_Latn,intfloat/multilingual-e5-large,0.9023418684919864
lug_Latn,som_Latn,intfloat/multilingual-e5-large,0.9022000065460167
eng_Latn,gug_Latn,intfloat/multilingual-e5-large,0.9020719468558064
lua_Latn,nya_Latn,intfloat/multilingual-e5-large,0.9020299868558694
kin_Latn,lug_Latn,intfloat/multilingual-e5-large,0.9018870754110035
por_Latn,quy_Latn,Alibaba-NLP/gte-multilingual-base,0.9018341287260636
kas_Deva,tam_Taml,Alibaba-NLP/gte-multilingual-base,0.9016236389476424
kin_Latn,lua_Latn,microsoft/harrier-oss-v1-0.6b,0.9011156626686614
amh_Ethi,ewe_Latn,microsoft/harrier-oss-v1-270m,0.9009446940006242
hau_Latn,yor_Latn,intfloat/multilingual-e5-large,0.9007962993639275
tir_Ethi,tum_Latn,microsoft/harrier-oss-v1-270m,0.900743433104688
hat_Latn,yor_Latn,intfloat/multilingual-e5-large,0.9004798585516675
ind_Latn,yor_Latn,intfloat/multilingual-e5-large,0.9002330848152235
hau_Latn,lit_Latn,intfloat/multilingual-e5-large,0.900079393707772
ibo_Latn,isl_Latn,intfloat/multilingual-e5-large,0.9000715763644436
sun_Latn,yor_Latn,intfloat/multilingual-e5-large,0.9000042700499189
hau_Latn,lua_Latn,intfloat/multilingual-e5-large,0.8996825815498621
fra_Latn,wol_Latn,intfloat/multilingual-e5-large,0.8995713366593379
vie_Latn,yor_Latn,microsoft/harrier-oss-v1-0.6b,0.8994317334407609
eng_Latn,wol_Latn,intfloat/multilingual-e5-large,0.8990310347291881
deu_Latn,yor_Latn,microsoft/harrier-oss-v1-0.6b,0.8984504384082009
eng_Latn,kab_Latn,microsoft/harrier-oss-v1-0.6b,0.8981305061420933
lim_Latn,lvs_Latn,microsoft/harrier-oss-v1-0.6b,0.8981109912331253
quy_Latn,fra_Latn,microsoft/harrier-oss-v1-0.6b,0.8977068802743854
fij_Latn,mri_Latn,microsoft/harrier-oss-v1-270m,0.8967968940163458
fij_Latn,pag_Latn,microsoft/harrier-oss-v1-0.6b,0.8966379439269399
spa_Latn,wol_Latn,intfloat/multilingual-e5-large,0.8965690753000635
bel_Cyrl,yor_Latn,intfloat/multilingual-e5-large,0.8962582252147592
isl_Latn,yor_Latn,intfloat/multilingual-e5-large,0.8960440696512353
ron_Latn,yor_Latn,intfloat/multilingual-e5-large,0.8959537492272645
pol_Latn,yor_Latn,microsoft/harrier-oss-v1-0.6b,0.8957578421509991
ewe_Latn,kin_Latn,microsoft/harrier-oss-v1-0.6b,0.8949077084291956
ces_Latn,yor_Latn,microsoft/harrier-oss-v1-0.6b,0.8944876624931596
heb_Hebr,yor_Latn,microsoft/harrier-oss-v1-0.6b,0.8939158525282169
bul_Cyrl,kab_Latn,Alibaba-NLP/gte-multilingual-base,0.8935676954465722
dan_Latn,yor_Latn,microsoft/harrier-oss-v1-0.6b,0.8934818853784026
deu_Latn,kab_Latn,Alibaba-NLP/gte-multilingual-base,0.8931094959181272
spa_Latn,roh_Latn,intfloat/multilingual-e5-large,0.892946595373688
ukr_Cyrl,yor_Latn,microsoft/harrier-oss-v1-0.6b,0.8925215658283736
ron_Latn,kab_Latn,Alibaba-NLP/gte-multilingual-base,0.8919761049724744
lim_Latn,tam_Taml,microsoft/harrier-oss-v1-0.6b,0.8918236168069356
kas_Deva,tel_Telu,microsoft/harrier-oss-v1-0.6b,0.8918220032064725
lug_Latn,tso_Latn,intfloat/multilingual-e5-large,0.8917887834546275
slk_Latn,yor_Latn,microsoft/harrier-oss-v1-0.6b,0.8917823624347974
lua_Latn,tsn_Latn,intfloat/multilingual-e5-large,0.8915333531876192
gla_Latn,jpn_Jpan,microsoft/harrier-oss-v1-0.6b,0.8915207728804294
bem_Latn,hau_Latn,microsoft/harrier-oss-v1-0.6b,0.8907987186832627
lug_Latn,zho_Hans,microsoft/harrier-oss-v1-270m,0.8907181248945054
dan_Latn,kab_Latn,Alibaba-NLP/gte-multilingual-base,0.8907111173996795
arb_Arab,kab_Latn,Alibaba-NLP/gte-multilingual-base,0.8906228334094455
est_Latn,kab_Latn,Alibaba-NLP/gte-multilingual-base,0.8906155006648823
fin_Latn,kab_Latn,Alibaba-NLP/gte-multilingual-base,0.8905189875964784
som_Latn,yor_Latn,intfloat/multilingual-e5-large,0.8904477163422134
ewe_Latn,xho_Latn,intfloat/multilingual-e5-large,0.8904451562060036
ewe_Latn,sot_Latn,intfloat/multilingual-e5-large,0.8904182922759015
hun_Latn,yor_Latn,intfloat/multilingual-e5-large,0.8896940374899494
spa_Latn,lug_Latn,intfloat/multilingual-e5-large,0.8895645933022723
bos_Latn,kab_Latn,microsoft/harrier-oss-v1-0.6b,0.8893283690693425
quy_Latn,spa_Latn,microsoft/harrier-oss-v1-0.6b,0.8892352805294603
slv_Latn,yor_Latn,microsoft/harrier-oss-v1-0.6b,0.8889817966883453
ben_Beng,kab_Latn,Alibaba-NLP/gte-multilingual-base,0.8886264801818136
hau_Latn,tha_Thai,microsoft/harrier-oss-v1-0.6b,0.88836473739628
ind_Latn,kab_Latn,Alibaba-NLP/gte-multilingual-base,0.8883171411757841
ces_Latn,roh_Latn,intfloat/multilingual-e5-large,0.888157434285664
ewe_Latn,nso_Latn,intfloat/multilingual-e5-large,0.8872588359977036
por_Latn,kab_Latn,microsoft/harrier-oss-v1-0.6b,0.8872259054851006
lua_Latn,sna_Latn,intfloat/multilingual-e5-large,0.8871448982980719
fra_Latn,kab_Latn,microsoft/harrier-oss-v1-0.6b,0.8869799086056713
ell_Grek,yor_Latn,microsoft/harrier-oss-v1-0.6b,0.8867920879780402
eng_Latn,quy_Latn,microsoft/harrier-oss-v1-0.6b,0.8866649834874072
roh_Latn,pol_Latn,microsoft/harrier-oss-v1-0.6b,0.8860142975212728
lit_Latn,yor_Latn,intfloat/multilingual-e5-large,0.8855828046652072
fin_Latn,yor_Latn,microsoft/harrier-oss-v1-0.6b,0.8853343569074854
hun_Latn,kab_Latn,Alibaba-NLP/gte-multilingual-base,0.8849488343204652
kor_Hang,yor_Latn,microsoft/harrier-oss-v1-0.6b,0.8841804555767431
pol_Latn,kab_Latn,Alibaba-NLP/gte-multilingual-base,0.8837648042159624
ind_Latn,wol_Latn,intfloat/multilingual-e5-large,0.8836596965855953
eng_Latn,shn_Mymr,microsoft/harrier-oss-v1-270m,0.8835146929808606
spa_Latn,gug_Latn,microsoft/harrier-oss-v1-270m,0.8834727728980926
fra_Latn,luo_Latn,Alibaba-NLP/gte-multilingual-base,0.883443045830578
ces_Latn,kab_Latn,Alibaba-NLP/gte-multilingual-base,0.8820097313113175
roh_Latn,ron_Latn,microsoft/harrier-oss-v1-0.6b,0.8817144990540566
lua_Latn,run_Latn,microsoft/harrier-oss-v1-0.6b,0.8810509927102228
eng_Latn,ven_Latn,intfloat/multilingual-e5-large,0.8810165629947747
khm_Khmr,yor_Latn,intfloat/multilingual-e5-large,0.8808227298393871
deu_Latn,wol_Latn,intfloat/multilingual-e5-large,0.8808101099464172
tum_Latn,twi_Latn,microsoft/harrier-oss-v1-0.6b,0.8807398866521048
bul_Cyrl,wol_Latn,intfloat/multilingual-e5-large,0.8807088024631836
roh_Latn,swe_Latn,microsoft/harrier-oss-v1-0.6b,0.8804871813284847
wol_Latn,fra_Latn,intfloat/multilingual-e5-large,0.8802583457141447
bul_Cyrl,gug_Latn,microsoft/harrier-oss-v1-0.6b,0.879642131301799
ewe_Latn,sna_Latn,microsoft/harrier-oss-v1-270m,0.8794920377355018
luo_Latn,zul_Latn,intfloat/multilingual-e5-large,0.8794501144473827
ell_Grek,kab_Latn,Alibaba-NLP/gte-multilingual-base,0.8790432817326985
ell_Grek,lug_Latn,intfloat/multilingual-e5-large,0.8789794514580236
hrv_Latn,kab_Latn,Alibaba-NLP/gte-multilingual-base,0.8788640367997983
hau_Latn,lug_Latn,intfloat/multilingual-e5-large,0.8788055682500344
ita_Latn,kab_Latn,Alibaba-NLP/gte-multilingual-base,0.8778529385641681
ces_Latn,gug_Latn,microsoft/harrier-oss-v1-0.6b,0.8776237507960477
hau_Latn,jpn_Jpan,microsoft/harrier-oss-v1-0.6b,0.8769664259668681
tha_Thai,yor_Latn,microsoft/harrier-oss-v1-0.6b,0.8765988481221706
spa_Latn,kab_Latn,microsoft/harrier-oss-v1-0.6b,0.8763662846314377
ces_Latn,lug_Latn,microsoft/harrier-oss-v1-0.6b,0.8760602393554251
gug_Latn,nld_Latn,microsoft/harrier-oss-v1-270m,0.8754930702633823
eus_Latn,kab_Latn,Alibaba-NLP/gte-multilingual-base,0.8753460691897373
kor_Hang,kab_Latn,Alibaba-NLP/gte-multilingual-base,0.8750482679721218
gug_Latn,ita_Latn,microsoft/harrier-oss-v1-270m,0.8748305873225541
amh_Ethi,lug_Latn,intfloat/multilingual-e5-large,0.8747232744209221
run_Latn,yor_Latn,microsoft/harrier-oss-v1-0.6b,0.8745985170652013
afr_Latn,luo_Latn,Alibaba-NLP/gte-multilingual-base,0.8738169122393935
ewe_Latn,lug_Latn,Alibaba-NLP/gte-multilingual-base,0.8737436070955383
luo_Latn,xho_Latn,intfloat/multilingual-e5-large,0.8737300921916061
yor_Latn,zho_Hant,microsoft/harrier-oss-v1-0.6b,0.8735789175345455
por_Latn,ayr_Latn,Alibaba-NLP/gte-multilingual-base,0.8728940576072557
tir_Ethi,yor_Latn,microsoft/harrier-oss-v1-0.6b,0.8726076816193544
roh_Latn,tur_Latn,microsoft/harrier-oss-v1-0.6b,0.8724461057139385
ewe_Latn,nya_Latn,microsoft/harrier-oss-v1-270m,0.8722473792552617
deu_Latn,gug_Latn,microsoft/harrier-oss-v1-270m,0.8715107322724908
roh_Latn,rus_Cyrl,microsoft/harrier-oss-v1-0.6b,0.8711344581558176
rus_Cyrl,kab_Latn,Alibaba-NLP/gte-multilingual-base,0.870969803642664
ell_Grek,roh_Latn,intfloat/multilingual-e5-large,0.8708173682940592
nld_Latn,kab_Latn,Alibaba-NLP/gte-multilingual-base,0.8693695807225924
kab_Latn,swe_Latn,microsoft/harrier-oss-v1-0.6b,0.8687931738353831
gug_Latn,pol_Latn,microsoft/harrier-oss-v1-270m,0.8687058162563237
cat_Latn,gug_Latn,intfloat/multilingual-e5-large,0.8684338816367245
ewe_Latn,tsn_Latn,intfloat/multilingual-e5-large,0.8684116975182015
lug_Latn,swe_Latn,microsoft/harrier-oss-v1-0.6b,0.8683607640008508
ces_Latn,wol_Latn,intfloat/multilingual-e5-large,0.8682076376002263
gug_Latn,swe_Latn,microsoft/harrier-oss-v1-270m,0.8681802586479064
gug_Latn,fra_Latn,microsoft/harrier-oss-v1-270m,0.8673588906627236
ewe_Latn,run_Latn,microsoft/harrier-oss-v1-0.6b,0.8672424980104413
kab_Latn,por_Latn,microsoft/harrier-oss-v1-0.6b,0.8670582989902902
eng_Latn,luo_Latn,microsoft/harrier-oss-v1-270m,0.8662793795706243
ewe_Latn,tso_Latn,microsoft/harrier-oss-v1-0.6b,0.8656509568407252
ewe_Latn,ibo_Latn,microsoft/harrier-oss-v1-270m,0.8653493875615886
ell_Grek,gug_Latn,microsoft/harrier-oss-v1-0.6b,0.8653142695536077
lug_Latn,nld_Latn,microsoft/harrier-oss-v1-0.6b,0.8650676360673824
kab_Latn,ron_Latn,microsoft/harrier-oss-v1-0.6b,0.8650067588923497
fra_Latn,sag_Latn,Alibaba-NLP/gte-multilingual-base,0.8649405470563417
gug_Latn,tur_Latn,microsoft/harrier-oss-v1-270m,0.8648599189752115
lug_Latn,ron_Latn,microsoft/harrier-oss-v1-0.6b,0.8644119432500976
kab_Latn,ind_Latn,microsoft/harrier-oss-v1-0.6b,0.8641887477639147
kab_Latn,fra_Latn,microsoft/harrier-oss-v1-0.6b,0.8640065185607592
kab_Latn,eng_Latn,microsoft/harrier-oss-v1-270m,0.8632456010164732
amh_Ethi,luo_Latn,Alibaba-NLP/gte-multilingual-base,0.8628459808465205
lug_Latn,pol_Latn,microsoft/harrier-oss-v1-0.6b,0.8628391056787715
lug_Latn,twi_Latn,intfloat/multilingual-e5-large,0.8613274889069411
yor_Latn,zho_Hans,microsoft/harrier-oss-v1-0.6b,0.8606661471096722
fry_Latn,xho_Latn,intfloat/multilingual-e5-large,0.8606428351843077
eng_Latn,kac_Latn,microsoft/harrier-oss-v1-270m,0.8605179589040569
eng_Latn,quz_Latn,intfloat/multilingual-e5-large,0.8604243623627016
ewe_Latn,lin_Latn,microsoft/harrier-oss-v1-270m,0.8604012593615077
mya_Mymr,yor_Latn,intfloat/multilingual-e5-large,0.8603402996349246
jpn_Jpan,yor_Latn,microsoft/harrier-oss-v1-0.6b,0.8603395698931884
fin_Latn,wol_Latn,intfloat/multilingual-e5-large,0.8603097241968629
kab_Latn,heb_Hebr,microsoft/harrier-oss-v1-270m,0.8602398397848677
kab_Latn,tur_Latn,microsoft/harrier-oss-v1-0.6b,0.8597042891481489
luo_Latn,tsn_Latn,intfloat/multilingual-e5-large,0.8594443462703478
twi_Latn,yor_Latn,intfloat/multilingual-e5-large,0.8594276411742713
dan_Latn,wol_Latn,intfloat/multilingual-e5-large,0.8590555338185923
luo_Latn,sna_Latn,intfloat/multilingual-e5-large,0.8589002224299329
lug_Latn,vie_Latn,microsoft/harrier-oss-v1-0.6b,0.8585806439203783
wol_Latn,por_Latn,microsoft/harrier-oss-v1-270m,0.8579360721583571
lug_Latn,tur_Latn,microsoft/harrier-oss-v1-0.6b,0.8578506183614305
gug_Latn,rus_Cyrl,microsoft/harrier-oss-v1-0.6b,0.8577879250979108
kab_Latn,deu_Latn,microsoft/harrier-oss-v1-0.6b,0.8577309569667363
kab_Latn,ukr_Cyrl,microsoft/harrier-oss-v1-0.6b,0.8576089120395958
gug_Latn,ron_Latn,microsoft/harrier-oss-v1-0.6b,0.8557956951656028
spa_Latn,sag_Latn,Alibaba-NLP/gte-multilingual-base,0.8545471475843432
lug_Latn,rus_Cyrl,microsoft/harrier-oss-v1-0.6b,0.8535748621155023
ell_Grek,wol_Latn,intfloat/multilingual-e5-large,0.8530819001396964
ewe_Latn,hau_Latn,microsoft/harrier-oss-v1-270m,0.852790793655071
fra_Latn,ven_Latn,intfloat/multilingual-e5-large,0.8517891107641934
kab_Latn,vie_Latn,microsoft/harrier-oss-v1-0.6b,0.8502293684374491
ind_Latn,shn_Mymr,microsoft/harrier-oss-v1-270m,0.8501158737880755
kab_Latn,hrv_Latn,microsoft/harrier-oss-v1-270m,0.8500272916388013
luo_Latn,nya_Latn,intfloat/multilingual-e5-large,0.8498979430544362
ewe_Latn,tir_Ethi,microsoft/harrier-oss-v1-270m,0.8496080381265187
kab_Latn,rus_Cyrl,microsoft/harrier-oss-v1-270m,0.8489246628531167
kab_Latn,ell_Grek,microsoft/harrier-oss-v1-0.6b,0.8486663335987991
kab_Latn,slk_Latn,microsoft/harrier-oss-v1-0.6b,0.8483032199505345
kab_Latn,spa_Latn,microsoft/harrier-oss-v1-270m,0.8477073421358172
kab_Latn,ita_Latn,microsoft/harrier-oss-v1-0.6b,0.8466505164746221
kab_Latn,pol_Latn,microsoft/harrier-oss-v1-0.6b,0.8466477681300497
gug_Latn,hun_Latn,microsoft/harrier-oss-v1-0.6b,0.8466476387348455
kab_Latn,nld_Latn,microsoft/harrier-oss-v1-0.6b,0.8459929620707558
afr_Latn,fon_Latn,intfloat/multilingual-e5-large,0.8441571733364527
kin_Latn,luo_Latn,microsoft/harrier-oss-v1-0.6b,0.8439929516641731
ewe_Latn,twi_Latn,microsoft/harrier-oss-v1-270m,0.8436380274312324
ewe_Latn,tum_Latn,microsoft/harrier-oss-v1-0.6b,0.8405770114182599
kab_Latn,hun_Latn,microsoft/harrier-oss-v1-0.6b,0.8401940702861791
hau_Latn,luo_Latn,intfloat/multilingual-e5-large,0.8398246450546295
kab_Latn,slv_Latn,microsoft/harrier-oss-v1-270m,0.8393922308516144
ayr_Latn,por_Latn,microsoft/harrier-oss-v1-0.6b,0.8392924019145729
lug_Latn,yor_Latn,intfloat/multilingual-e5-large,0.8389228727591578
spa_Latn,bam_Latn,intfloat/multilingual-e5-large,0.8382287213370098
tum_Latn,yor_Latn,intfloat/multilingual-e5-large,0.8377973681629375
eng_Latn,kam_Latn,intfloat/multilingual-e5-large,0.837661084825783
afr_Latn,bam_Latn,intfloat/multilingual-e5-large,0.8361958725362266
kab_Latn,fin_Latn,microsoft/harrier-oss-v1-270m,0.8357650890721188
gug_Latn,fin_Latn,microsoft/harrier-oss-v1-0.6b,0.8348281278241856
fra_Latn,kam_Latn,intfloat/multilingual-e5-large,0.8344532538022422
ewe_Latn,som_Latn,microsoft/harrier-oss-v1-270m,0.8337897507386542
wol_Latn,ita_Latn,microsoft/harrier-oss-v1-270m,0.8336593498378787
wol_Latn,swe_Latn,microsoft/harrier-oss-v1-270m,0.8328404597755467
fon_Latn,nya_Latn,intfloat/multilingual-e5-large,0.8320004028023471
bam_Latn,por_Latn,intfloat/multilingual-e5-small,0.831911242963605
fon_Latn,kin_Latn,Alibaba-NLP/gte-multilingual-base,0.8311941694088795
wol_Latn,nld_Latn,microsoft/harrier-oss-v1-270m,0.83117197816889
luo_Latn,som_Latn,intfloat/multilingual-e5-large,0.8294277174253493
eng_Latn,sag_Latn,microsoft/harrier-oss-v1-270m,0.8288393244469947
wol_Latn,zho_Hans,Alibaba-NLP/gte-multilingual-base,0.8282046990502123
kab_Latn,eus_Latn,Alibaba-NLP/gte-multilingual-base,0.8256128989261072
wol_Latn,spa_Latn,intfloat/multilingual-e5-large,0.8240582164858052
eng_Latn,bam_Latn,intfloat/multilingual-e5-large,0.8234685069544607
eng_Latn,tel_Latn,microsoft/harrier-oss-v1-270m,0.8221508255737344
wol_Latn,pol_Latn,microsoft/harrier-oss-v1-270m,0.8216361141615933
eng_Latn,kbp_Latn,microsoft/harrier-oss-v1-0.6b,0.8203496435461728
kab_Latn,kor_Hang,microsoft/harrier-oss-v1-0.6b,0.8189513476221997
wol_Latn,tur_Latn,microsoft/harrier-oss-v1-270m,0.8180125770239506
quz_Latn,spa_Latn,microsoft/harrier-oss-v1-270m,0.8169585303789083
wol_Latn,zho_Hant,microsoft/harrier-oss-v1-0.6b,0.8150500196435719
bod_Tibt,eng_Latn,microsoft/harrier-oss-v1-270m,0.813717893869085
eng_Latn,ayr_Latn,microsoft/harrier-oss-v1-0.6b,0.8126474550520494
kab_Latn,zho_Hant,microsoft/harrier-oss-v1-270m,0.8125378896441109
eng_Latn,fon_Latn,intfloat/multilingual-e5-large,0.8124947205131549
wol_Latn,rus_Cyrl,microsoft/harrier-oss-v1-270m,0.8117232545169126
fon_Latn,fra_Latn,intfloat/multilingual-e5-large,0.8113612677819085
eng_Latn,kmb_Latn,microsoft/harrier-oss-v1-0.6b,0.8094166619658574
kab_Latn,tha_Thai,microsoft/harrier-oss-v1-0.6b,0.8077723343704857
eng_Latn,quh_Latn,intfloat/multilingual-e5-large,0.8076285402655135
kmb_Latn,por_Latn,Alibaba-NLP/gte-multilingual-base,0.8058847333764712
afr_Latn,dyu_Latn,Alibaba-NLP/gte-multilingual-base,0.805857251145232
bam_Latn,fra_Latn,intfloat/multilingual-e5-large,0.8052275502570347
ewe_Latn,lua_Latn,intfloat/multilingual-e5-large,0.803608298723276
sag_Latn,por_Latn,microsoft/harrier-oss-v1-270m,0.8018503206195724
bam_Latn,eng_Latn,intfloat/multilingual-e5-large,0.799210355779781
kab_Latn,zho_Hans,microsoft/harrier-oss-v1-270m,0.7985695565097026
fra_Latn,kmb_Latn,microsoft/harrier-oss-v1-0.6b,0.797750702075996
deu_Latn,ayr_Latn,microsoft/harrier-oss-v1-0.6b,0.7976952697435389
ces_Latn,ayr_Latn,microsoft/harrier-oss-v1-0.6b,0.7962633742742233
ewe_Latn,yor_Latn,microsoft/harrier-oss-v1-0.6b,0.79549645417932
fra_Latn,fuv_Latn,Alibaba-NLP/gte-multilingual-base,0.7947245696368417
fry_Latn,hau_Latn,intfloat/multilingual-e5-large,0.7896459319758532
cjk_Latn,por_Latn,Alibaba-NLP/gte-multilingual-base,0.7893274889667344
deu_Latn,bam_Latn,intfloat/multilingual-e5-large,0.7889423988647304
ayr_Latn,eng_Latn,microsoft/harrier-oss-v1-0.6b,0.7878032522110308
ayr_Latn,fra_Latn,microsoft/harrier-oss-v1-0.6b,0.7809389256474097
ayr_Latn,spa_Latn,microsoft/harrier-oss-v1-0.6b,0.7792585798503631
ayr_Latn,ita_Latn,microsoft/harrier-oss-v1-0.6b,0.7791907727243776
dzo_Tibt,eng_Latn,microsoft/harrier-oss-v1-270m,0.7780799144457577
ayr_Latn,pol_Latn,microsoft/harrier-oss-v1-0.6b,0.775473207341139
eng_Latn,fuv_Latn,Alibaba-NLP/gte-multilingual-base,0.7752155820557527
amh_Ethi,fuv_Latn,Alibaba-NLP/gte-multilingual-base,0.7687405278174102
ayr_Latn,rus_Cyrl,microsoft/harrier-oss-v1-0.6b,0.7646998464303909
dyu_Latn,eng_Latn,Alibaba-NLP/gte-multilingual-base,0.7573136291666259
eng_Latn,urd_Latn,jinaai/jina-embeddings-v5-text-small,0.7571475173379192
eng_Latn,mos_Latn,microsoft/harrier-oss-v1-270m,0.7523225236304908
eng_Latn,umb_Latn,microsoft/harrier-oss-v1-0.6b,0.7477909558251463
umb_Latn,zul_Latn,intfloat/multilingual-e5-large,0.7457213467231174
afr_Latn,umb_Latn,microsoft/harrier-oss-v1-0.6b,0.741301096394628
dyu_Latn,hau_Latn,Alibaba-NLP/gte-multilingual-base,0.740289627218219
fra_Latn,umb_Latn,microsoft/harrier-oss-v1-0.6b,0.7392847375154444
bam_Latn,ita_Latn,microsoft/harrier-oss-v1-270m,0.7325114743337195
dyu_Latn,fra_Latn,Alibaba-NLP/gte-multilingual-base,0.7252657591414546
kin_Latn,umb_Latn,microsoft/harrier-oss-v1-0.6b,0.7250051195500974
diq_Latn,eng_Latn,intfloat/multilingual-e5-large,0.7163051259019593
bre_Latn,eng_Latn,intfloat/multilingual-e5-large,0.7121292510805336
bre_Latn,ita_Latn,intfloat/multilingual-e5-large,0.7013475039965956
bre_Latn,hrv_Latn,intfloat/multilingual-e5-large,0.7011311726953842
eng_Latn,hin_Latn,jinaai/jina-embeddings-v5-text-small,0.7008243145649404
cjk_Latn,fra_Latn,microsoft/harrier-oss-v1-0.6b,0.6984105770298144
eng_Latn,nus_Latn,intfloat/multilingual-e5-large,0.6979166920737633
bre_Latn,bos_Latn,intfloat/multilingual-e5-large,0.6902728629959419
bre_Latn,tgl_Latn,intfloat/multilingual-e5-large,0.6893866006960913
bre_Latn,fra_Latn,intfloat/multilingual-e5-large,0.6866592890316745
bre_Latn,srp_Cyrl,intfloat/multilingual-e5-large,0.6847185858224389
bre_Latn,lit_Latn,intfloat/multilingual-e5-large,0.6844499205894169
bre_Latn,isl_Latn,intfloat/multilingual-e5-large,0.6843835758018614
bre_Latn,mkd_Cyrl,intfloat/multilingual-e5-large,0.681758641610561
bre_Latn,urd_Arab,intfloat/multilingual-e5-large,0.6802136715436201
bre_Latn,slv_Latn,intfloat/multilingual-e5-large,0.6801149067605022
fra_Latn,nus_Latn,intfloat/multilingual-e5-large,0.6768981627106792
bre_Latn,nld_Latn,intfloat/multilingual-e5-large,0.6763271391459846
bre_Latn,nno_Latn,intfloat/multilingual-e5-large,0.6746434811950871
bre_Latn,jav_Latn,intfloat/multilingual-e5-large,0.6738632147904628
bre_Latn,lvs_Latn,intfloat/multilingual-e5-large,0.6722612363817829
bre_Latn,eus_Latn,intfloat/multilingual-e5-large,0.6712286939504648
bre_Latn,kat_Geor,intfloat/multilingual-e5-large,0.668992687691508
bre_Latn,pan_Guru,intfloat/multilingual-e5-large,0.6684854672658201
bre_Latn,sin_Sinh,intfloat/multilingual-e5-large,0.6684111751886819
bre_Latn,spa_Latn,intfloat/multilingual-e5-large,0.6613119823026679
bul_Cyrl,bre_Latn,intfloat/multilingual-e5-large,0.6603157991461905
bre_Latn,tur_Latn,intfloat/multilingual-e5-large,0.6586188379704084
bre_Latn,ces_Latn,intfloat/multilingual-e5-large,0.658397961038549
bre_Latn,ekk_Latn,intfloat/multilingual-e5-large,0.6581933260561214
bre_Latn,glg_Latn,intfloat/multilingual-e5-large,0.6578871926336125
ces_Latn,bre_Latn,intfloat/multilingual-e5-large,0.6578006095015924
bre_Latn,mal_Mlym,intfloat/multilingual-e5-large,0.6553002194946835
bre_Latn,cat_Latn,intfloat/multilingual-e5-large,0.6527854139587784
bre_Latn,vie_Latn,intfloat/multilingual-e5-large,0.6522188887758074
deu_Latn,bre_Latn,intfloat/multilingual-e5-large,0.651914034577904
eng_Latn,bre_Latn,intfloat/multilingual-e5-large,0.6511377829066294
bre_Latn,xho_Latn,intfloat/multilingual-e5-large,0.6492426379054764
eng_Latn,kwy_Latn,intfloat/multilingual-e5-large,0.6492166804158763
bre_Latn,ron_Latn,intfloat/multilingual-e5-large,0.6483498928182777
bre_Latn,pol_Latn,intfloat/multilingual-e5-large,0.6483247756958599
bre_Latn,deu_Latn,intfloat/multilingual-e5-large,0.6482137789525146
dik_Latn,eng_Latn,microsoft/harrier-oss-v1-270m,0.6451928838928873
bre_Latn,hin_Deva,intfloat/multilingual-e5-large,0.6450996619621554
bre_Latn,dan_Latn,intfloat/multilingual-e5-large,0.6443922441827837
dan_Latn,bre_Latn,intfloat/multilingual-e5-large,0.6413926398394216
spa_Latn,bre_Latn,intfloat/multilingual-e5-large,0.6400048492316353
bre_Latn,slk_Latn,intfloat/multilingual-e5-large,0.6387597969266887
bre_Latn,hun_Latn,intfloat/multilingual-e5-large,0.6384689316580046
bre_Latn,uzn_Latn,intfloat/multilingual-e5-large,0.6381067186147629
bre_Latn,kaz_Cyrl,intfloat/multilingual-e5-large,0.632783757164152
bre_Latn,mai_Deva,intfloat/multilingual-e5-large,0.6326766359704887
bre_Latn,swe_Latn,intfloat/multilingual-e5-large,0.6315044796789431
afr_Latn,bre_Latn,intfloat/multilingual-e5-large,0.6314392758856742
ell_Grek,bre_Latn,intfloat/multilingual-e5-large,0.6303890617192557
bre_Latn,ukr_Cyrl,intfloat/multilingual-e5-large,0.6296924557914203
eng_Latn,tzm_Tfng,microsoft/harrier-oss-v1-270m,0.6284232352320092
bre_Latn,rus_Cyrl,intfloat/multilingual-e5-large,0.6272365644870147
dik_Latn,fra_Latn,microsoft/harrier-oss-v1-270m,0.627086073857144
bre_Latn,guj_Gujr,intfloat/multilingual-e5-large,0.6266268349001684
bre_Latn,gle_Latn,intfloat/multilingual-e5-large,0.6159450033107801
bre_Latn,cym_Latn,intfloat/multilingual-e5-large,0.6105928381178449
bel_Cyrl,bre_Latn,intfloat/multilingual-e5-large,0.6097100865799915
bre_Latn,mar_Deva,intfloat/multilingual-e5-large,0.6070936755345802
bre_Latn,tam_Taml,intfloat/multilingual-e5-large,0.6052897825092445
bre_Latn,ell_Grek,intfloat/multilingual-e5-large,0.6052186064237984
ben_Beng,bre_Latn,intfloat/multilingual-e5-large,0.5998433075006915
fra_Latn,tzm_Tfng,microsoft/harrier-oss-v1-270m,0.5983770468624829
bre_Latn,heb_Hebr,intfloat/multilingual-e5-large,0.5973068035319672
bre_Latn,tha_Thai,intfloat/multilingual-e5-large,0.5962791217453786
bre_Latn,kin_Latn,intfloat/multilingual-e5-large,0.5883104362181059
bre_Latn,ind_Latn,intfloat/multilingual-e5-large,0.5865031434178865
bre_Latn,fry_Latn,intfloat/multilingual-e5-large,0.5848193334079475
chv_Cyrl,rus_Cyrl,intfloat/multilingual-e5-large,0.5826253206215609
bre_Latn,jpn_Jpan,intfloat/multilingual-e5-large,0.5765979442793745
bre_Latn,fin_Latn,intfloat/multilingual-e5-large,0.5645432313297375
asm_Beng,bre_Latn,intfloat/multilingual-e5-large,0.5387552548532962
eng_Latn,taq_Latn,Alibaba-NLP/gte-multilingual-base,0.5328741299697334
chv_Cyrl,eng_Latn,codefuse-ai/F2LLM-v2-0.6B,0.5177553499691255
eng_Latn,sme_Latn,codefuse-ai/F2LLM-v2-330M,0.4782462737612223
