source_lang,target_lang,model,MRR
ind_Latn,por_Latn,microsoft/harrier-oss-v1-270m,1.0
arb_Arab,glg_Latn,microsoft/harrier-oss-v1-270m,1.0
zsm_Latn,zho_Hans,microsoft/harrier-oss-v1-270m,1.0
arb_Arab,mar_Deva,microsoft/harrier-oss-v1-270m,1.0
arb_Arab,mkd_Cyrl,microsoft/harrier-oss-v1-270m,1.0
arb_Arab,hin_Deva,microsoft/harrier-oss-v1-270m,1.0
arb_Arab,hrv_Latn,microsoft/harrier-oss-v1-270m,1.0
arb_Arab,ita_Latn,microsoft/harrier-oss-v1-270m,1.0
arb_Arab,ron_Latn,microsoft/harrier-oss-v1-270m,1.0
arb_Arab,rus_Cyrl,microsoft/harrier-oss-v1-270m,1.0
epo_Latn,tgl_Latn,intfloat/multilingual-e5-large,1.0
rus_Cyrl,por_Latn,microsoft/harrier-oss-v1-270m,1.0
bul_Cyrl,zho_Hans,microsoft/harrier-oss-v1-270m,1.0
cat_Latn,epo_Latn,intfloat/multilingual-e5-large,1.0
rus_Cyrl,zho_Hans,microsoft/harrier-oss-v1-270m,1.0
hun_Latn,por_Latn,microsoft/harrier-oss-v1-270m,1.0
ita_Latn,por_Latn,microsoft/harrier-oss-v1-270m,1.0
epo_Latn,tur_Latn,microsoft/harrier-oss-v1-270m,1.0
epo_Latn,ukr_Cyrl,microsoft/harrier-oss-v1-270m,1.0
arb_Arab,ukr_Cyrl,microsoft/harrier-oss-v1-270m,1.0
arb_Arab,por_Latn,microsoft/harrier-oss-v1-270m,1.0
ars_Arab,bul_Cyrl,microsoft/harrier-oss-v1-270m,1.0
ars_Arab,ces_Latn,microsoft/harrier-oss-v1-270m,1.0
por_Latn,vie_Latn,microsoft/harrier-oss-v1-270m,1.0
por_Latn,zho_Hans,microsoft/harrier-oss-v1-270m,1.0
ces_Latn,por_Latn,microsoft/harrier-oss-v1-270m,1.0
ron_Latn,zho_Hans,microsoft/harrier-oss-v1-270m,1.0
ceb_Latn,por_Latn,microsoft/harrier-oss-v1-270m,1.0
rus_Cyrl,epo_Latn,microsoft/harrier-oss-v1-270m,1.0
cat_Latn,por_Latn,microsoft/harrier-oss-v1-270m,1.0
ars_Arab,deu_Latn,microsoft/harrier-oss-v1-270m,1.0
ukr_Cyrl,por_Latn,microsoft/harrier-oss-v1-270m,1.0
mar_Deva,por_Latn,microsoft/harrier-oss-v1-270m,1.0
arb_Arab,zsm_Latn,microsoft/harrier-oss-v1-270m,1.0
epo_Latn,zsm_Latn,microsoft/harrier-oss-v1-270m,1.0
epo_Latn,pol_Latn,microsoft/harrier-oss-v1-270m,1.0
epo_Latn,por_Latn,microsoft/harrier-oss-v1-270m,1.0
epo_Latn,ron_Latn,microsoft/harrier-oss-v1-270m,1.0
ars_Arab,eng_Latn,microsoft/harrier-oss-v1-270m,1.0
ars_Arab,hin_Deva,microsoft/harrier-oss-v1-270m,1.0
fra_Latn,epo_Latn,microsoft/harrier-oss-v1-270m,1.0
ars_Arab,hrv_Latn,microsoft/harrier-oss-v1-270m,1.0
ars_Arab,ita_Latn,microsoft/harrier-oss-v1-270m,1.0
ars_Arab,ukr_Cyrl,microsoft/harrier-oss-v1-270m,1.0
zho_Hant,zho_Hans,microsoft/harrier-oss-v1-270m,1.0
ita_Latn,zho_Hans,microsoft/harrier-oss-v1-270m,1.0
por_Latn,srp_Cyrl,microsoft/harrier-oss-v1-270m,1.0
por_Latn,swe_Latn,microsoft/harrier-oss-v1-270m,1.0
por_Latn,tam_Taml,microsoft/harrier-oss-v1-270m,1.0
ces_Latn,zho_Hans,microsoft/harrier-oss-v1-270m,1.0
por_Latn,tur_Latn,microsoft/harrier-oss-v1-270m,1.0
por_Latn,ukr_Cyrl,microsoft/harrier-oss-v1-270m,1.0
por_Latn,ita_Latn,microsoft/harrier-oss-v1-270m,1.0
por_Latn,jpn_Jpan,microsoft/harrier-oss-v1-270m,1.0
por_Latn,mkd_Cyrl,microsoft/harrier-oss-v1-270m,1.0
vie_Latn,zho_Hans,microsoft/harrier-oss-v1-270m,1.0
hin_Deva,por_Latn,microsoft/harrier-oss-v1-270m,1.0
hin_Deva,mag_Deva,microsoft/harrier-oss-v1-270m,1.0
por_Latn,nld_Latn,microsoft/harrier-oss-v1-270m,1.0
por_Latn,ron_Latn,microsoft/harrier-oss-v1-270m,1.0
por_Latn,rus_Cyrl,microsoft/harrier-oss-v1-270m,1.0
ars_Arab,zsm_Latn,microsoft/harrier-oss-v1-270m,1.0
ars_Arab,mkd_Cyrl,microsoft/harrier-oss-v1-270m,1.0
ars_Arab,por_Latn,microsoft/harrier-oss-v1-270m,1.0
amh_Ethi,por_Latn,microsoft/harrier-oss-v1-270m,1.0
ukr_Cyrl,zho_Hans,microsoft/harrier-oss-v1-270m,1.0
fra_Latn,por_Latn,microsoft/harrier-oss-v1-270m,1.0
ars_Arab,ron_Latn,microsoft/harrier-oss-v1-270m,1.0
ars_Arab,rus_Cyrl,microsoft/harrier-oss-v1-270m,1.0
epo_Latn,srp_Cyrl,intfloat/multilingual-e5-large,1.0
por_Latn,als_Latn,microsoft/harrier-oss-v1-270m,1.0
por_Latn,cat_Latn,microsoft/harrier-oss-v1-270m,1.0
dan_Latn,epo_Latn,intfloat/multilingual-e5-large,1.0
por_Latn,ces_Latn,microsoft/harrier-oss-v1-270m,1.0
por_Latn,deu_Latn,microsoft/harrier-oss-v1-270m,1.0
heb_Hebr,por_Latn,microsoft/harrier-oss-v1-270m,1.0
por_Latn,eng_Latn,microsoft/harrier-oss-v1-270m,1.0
por_Latn,fra_Latn,microsoft/harrier-oss-v1-270m,1.0
por_Latn,heb_Hebr,microsoft/harrier-oss-v1-270m,1.0
por_Latn,hrv_Latn,microsoft/harrier-oss-v1-270m,1.0
epo_Latn,hin_Deva,microsoft/harrier-oss-v1-270m,1.0
mag_Deva,mar_Deva,microsoft/harrier-oss-v1-270m,1.0
mag_Deva,tam_Taml,microsoft/harrier-oss-v1-270m,1.0
swe_Latn,por_Latn,microsoft/harrier-oss-v1-270m,1.0
epo_Latn,ind_Latn,microsoft/harrier-oss-v1-270m,1.0
pap_Latn,ukr_Cyrl,microsoft/harrier-oss-v1-270m,1.0
deu_Latn,por_Latn,microsoft/harrier-oss-v1-270m,1.0
deu_Latn,epo_Latn,microsoft/harrier-oss-v1-270m,1.0
dan_Latn,zho_Hans,microsoft/harrier-oss-v1-270m,1.0
afr_Latn,por_Latn,microsoft/harrier-oss-v1-270m,1.0
epo_Latn,als_Latn,intfloat/multilingual-e5-large,1.0
epo_Latn,dan_Latn,microsoft/harrier-oss-v1-270m,1.0
epo_Latn,deu_Latn,microsoft/harrier-oss-v1-270m,1.0
eng_Latn,zho_Hans,microsoft/harrier-oss-v1-270m,1.0
eng_Latn,por_Latn,microsoft/harrier-oss-v1-270m,1.0
eng_Latn,prs_Arab,microsoft/harrier-oss-v1-270m,1.0
glg_Latn,zho_Hans,microsoft/harrier-oss-v1-270m,1.0
glg_Latn,por_Latn,microsoft/harrier-oss-v1-270m,1.0
eng_Latn,epo_Latn,microsoft/harrier-oss-v1-270m,1.0
eng_Latn,arb_Arab,microsoft/harrier-oss-v1-270m,1.0
eng_Latn,ars_Arab,microsoft/harrier-oss-v1-270m,1.0
ast_Latn,fra_Latn,microsoft/harrier-oss-v1-270m,1.0
ast_Latn,als_Latn,microsoft/harrier-oss-v1-270m,1.0
ast_Latn,cat_Latn,microsoft/harrier-oss-v1-270m,1.0
ell_Grek,por_Latn,microsoft/harrier-oss-v1-270m,1.0
ast_Latn,swe_Latn,microsoft/harrier-oss-v1-270m,1.0
pap_Latn,eng_Latn,microsoft/harrier-oss-v1-270m,1.0
kor_Hang,eng_Latn,microsoft/harrier-oss-v1-270m,1.0
pap_Latn,por_Latn,microsoft/harrier-oss-v1-270m,1.0
pap_Latn,rus_Cyrl,microsoft/harrier-oss-v1-270m,1.0
deu_Latn,zho_Hans,microsoft/harrier-oss-v1-270m,1.0
ast_Latn,deu_Latn,microsoft/harrier-oss-v1-270m,1.0
ast_Latn,eng_Latn,microsoft/harrier-oss-v1-270m,1.0
oci_Latn,eng_Latn,microsoft/harrier-oss-v1-270m,1.0
ast_Latn,ron_Latn,microsoft/harrier-oss-v1-270m,1.0
nld_Latn,por_Latn,microsoft/harrier-oss-v1-270m,1.0
arb_Arab,bos_Latn,microsoft/harrier-oss-v1-270m,1.0
arb_Arab,bul_Cyrl,microsoft/harrier-oss-v1-270m,1.0
arb_Arab,cat_Latn,microsoft/harrier-oss-v1-270m,1.0
arb_Arab,ces_Latn,microsoft/harrier-oss-v1-270m,1.0
arb_Arab,deu_Latn,microsoft/harrier-oss-v1-270m,1.0
arb_Arab,eng_Latn,microsoft/harrier-oss-v1-270m,1.0
slk_Latn,por_Latn,microsoft/harrier-oss-v1-270m,1.0
bos_Latn,por_Latn,microsoft/harrier-oss-v1-270m,1.0
bos_Latn,epo_Latn,microsoft/harrier-oss-v1-270m,1.0
ben_Beng,por_Latn,microsoft/harrier-oss-v1-270m,1.0
ben_Beng,zho_Hant,microsoft/harrier-oss-v1-270m,0.9995059288537548
ita_Latn,epo_Latn,intfloat/multilingual-e5-large,0.9995059288537548
hye_Armn,por_Latn,microsoft/harrier-oss-v1-270m,0.9995059288537548
ben_Beng,epo_Latn,microsoft/harrier-oss-v1-270m,0.9995059288537548
bul_Cyrl,ast_Latn,microsoft/harrier-oss-v1-270m,0.9995059288537548
bos_Latn,zho_Hant,microsoft/harrier-oss-v1-270m,0.9995059288537548
bul_Cyrl,epo_Latn,microsoft/harrier-oss-v1-270m,0.9995059288537548
tgl_Latn,zho_Hans,microsoft/harrier-oss-v1-270m,0.9995059288537548
nld_Latn,epo_Latn,intfloat/multilingual-e5-large,0.9995059288537548
arb_Arab,als_Latn,microsoft/harrier-oss-v1-270m,0.9995059288537548
arb_Arab,dan_Latn,microsoft/harrier-oss-v1-270m,0.9995059288537548
arb_Arab,fra_Latn,microsoft/harrier-oss-v1-270m,0.9995059288537548
ast_Latn,rus_Cyrl,microsoft/harrier-oss-v1-270m,0.9995059288537548
ast_Latn,ita_Latn,microsoft/harrier-oss-v1-270m,0.9995059288537548
zsm_Latn,por_Latn,intfloat/multilingual-e5-large,0.9995059288537548
kor_Hang,por_Latn,microsoft/harrier-oss-v1-270m,0.9995059288537548
ast_Latn,bul_Cyrl,microsoft/harrier-oss-v1-270m,0.9995059288537548
guj_Gujr,mag_Deva,intfloat/multilingual-e5-large,0.9995059288537548
als_Latn,zho_Hans,microsoft/harrier-oss-v1-270m,0.9995059288537548
pap_Latn,ind_Latn,microsoft/harrier-oss-v1-270m,0.9995059288537548
pap_Latn,ron_Latn,microsoft/harrier-oss-v1-270m,0.9995059288537548
pap_Latn,nld_Latn,microsoft/harrier-oss-v1-270m,0.9995059288537548
pap_Latn,ita_Latn,microsoft/harrier-oss-v1-270m,0.9995059288537548
pap_Latn,swe_Latn,microsoft/harrier-oss-v1-270m,0.9995059288537548
oci_Latn,por_Latn,microsoft/harrier-oss-v1-270m,0.9995059288537548
oci_Latn,ron_Latn,microsoft/harrier-oss-v1-270m,0.9995059288537548
oci_Latn,rus_Cyrl,microsoft/harrier-oss-v1-270m,0.9995059288537548
ast_Latn,por_Latn,microsoft/harrier-oss-v1-270m,0.9995059288537548
amh_Ethi,arb_Arab,microsoft/harrier-oss-v1-270m,0.9995059288537548
ast_Latn,ceb_Latn,microsoft/harrier-oss-v1-270m,0.9995059288537548
por_Latn,epo_Latn,microsoft/harrier-oss-v1-270m,0.9995059288537548
epo_Latn,swe_Latn,microsoft/harrier-oss-v1-270m,0.9995059288537548
por_Latn,dan_Latn,microsoft/harrier-oss-v1-270m,0.9995059288537548
jpn_Jpan,por_Latn,microsoft/harrier-oss-v1-270m,0.9995059288537548
jpn_Jpan,zho_Hans,microsoft/harrier-oss-v1-270m,0.9995059288537548
jpn_Jpan,zho_Hant,microsoft/harrier-oss-v1-270m,0.9995059288537548
fra_Latn,oci_Latn,microsoft/harrier-oss-v1-270m,0.9995059288537548
epo_Latn,slk_Latn,microsoft/harrier-oss-v1-270m,0.9995059288537548
por_Latn,slk_Latn,microsoft/harrier-oss-v1-270m,0.9995059288537548
hin_Deva,zho_Hans,microsoft/harrier-oss-v1-270m,0.9995059288537548
por_Latn,sin_Sinh,microsoft/harrier-oss-v1-270m,0.9995059288537548
ars_Arab,zho_Hans,microsoft/harrier-oss-v1-270m,0.9995059288537548
ars_Arab,pol_Latn,microsoft/harrier-oss-v1-270m,0.9995059288537548
fra_Latn,pap_Latn,microsoft/harrier-oss-v1-270m,0.9995059288537548
por_Latn,tel_Telu,microsoft/harrier-oss-v1-270m,0.9995059288537548
por_Latn,tgl_Latn,microsoft/harrier-oss-v1-270m,0.9995059288537548
dan_Latn,por_Latn,microsoft/harrier-oss-v1-270m,0.9995059288537548
kan_Knda,por_Latn,microsoft/harrier-oss-v1-270m,0.9995059288537548
epo_Latn,ita_Latn,microsoft/harrier-oss-v1-270m,0.9995059288537548
swe_Latn,zho_Hant,microsoft/harrier-oss-v1-270m,0.9995059288537548
mag_Deva,ory_Orya,microsoft/harrier-oss-v1-270m,0.9995059288537548
epo_Latn,jav_Latn,microsoft/harrier-oss-v1-270m,0.9995059288537548
epo_Latn,glg_Latn,microsoft/harrier-oss-v1-270m,0.9995059288537548
eng_Latn,zho_Hant,microsoft/harrier-oss-v1-270m,0.9995059288537548
epo_Latn,eng_Latn,microsoft/harrier-oss-v1-270m,0.9995059288537548
epo_Latn,fra_Latn,intfloat/multilingual-e5-large,0.9995059288537548
epo_Latn,ell_Grek,microsoft/harrier-oss-v1-270m,0.9995059288537548
epo_Latn,jpn_Jpan,microsoft/harrier-oss-v1-270m,0.9995059288537548
ltz_Latn,eng_Latn,microsoft/harrier-oss-v1-270m,0.9995059288537548
srp_Cyrl,por_Latn,microsoft/harrier-oss-v1-270m,0.9995059288537548
hrv_Latn,epo_Latn,microsoft/harrier-oss-v1-270m,0.9995059288537548
mkd_Cyrl,por_Latn,microsoft/harrier-oss-v1-270m,0.9995059288537548
arb_Arab,swe_Latn,microsoft/harrier-oss-v1-270m,0.9995059288537548
hrv_Latn,por_Latn,microsoft/harrier-oss-v1-270m,0.9995059288537548
ars_Arab,cat_Latn,microsoft/harrier-oss-v1-270m,0.9995059288537548
ars_Arab,bos_Latn,microsoft/harrier-oss-v1-270m,0.9995059288537548
bel_Cyrl,epo_Latn,intfloat/multilingual-e5-large,0.9995059288537548
mkd_Cyrl,epo_Latn,microsoft/harrier-oss-v1-270m,0.9995059288537548
slv_Latn,por_Latn,microsoft/harrier-oss-v1-270m,0.9995059288537548
ind_Latn,epo_Latn,microsoft/harrier-oss-v1-270m,0.9995059288537548
ind_Latn,zho_Hans,microsoft/harrier-oss-v1-270m,0.9995059288537548
ita_Latn,pap_Latn,microsoft/harrier-oss-v1-270m,0.9995059288537548
bul_Cyrl,por_Latn,microsoft/harrier-oss-v1-270m,0.9995059288537548
cat_Latn,ast_Latn,microsoft/harrier-oss-v1-270m,0.9995059288537548
zsm_Latn,zho_Hant,microsoft/harrier-oss-v1-270m,0.9995059288537548
nld_Latn,zho_Hans,microsoft/harrier-oss-v1-270m,0.9995059288537548
arb_Arab,pol_Latn,microsoft/harrier-oss-v1-270m,0.9995059288537548
fra_Latn,ast_Latn,microsoft/harrier-oss-v1-270m,0.9995059288537548
arb_Arab,zho_Hans,microsoft/harrier-oss-v1-270m,0.9995059288537548
mar_Deva,zho_Hans,microsoft/harrier-oss-v1-270m,0.9995059288537548
epo_Latn,rus_Cyrl,microsoft/harrier-oss-v1-270m,0.9995059288537548
epo_Latn,vie_Latn,microsoft/harrier-oss-v1-270m,0.9995059288537548
fra_Latn,arb_Arab,microsoft/harrier-oss-v1-270m,0.9995059288537548
ron_Latn,epo_Latn,microsoft/harrier-oss-v1-270m,0.9995059288537548
tur_Latn,zho_Hans,microsoft/harrier-oss-v1-270m,0.9995059288537548
ita_Latn,zho_Hant,microsoft/harrier-oss-v1-270m,0.9995059288537548
epo_Latn,mkd_Cyrl,microsoft/harrier-oss-v1-270m,0.9995059288537548
epo_Latn,hrv_Latn,microsoft/harrier-oss-v1-270m,0.9995059288537548
eng_Latn,kor_Hang,microsoft/harrier-oss-v1-270m,0.9993412384716732
ast_Latn,ces_Latn,microsoft/harrier-oss-v1-270m,0.9993412384716732
oci_Latn,fra_Latn,microsoft/harrier-oss-v1-270m,0.9993412384716732
oci_Latn,tgl_Latn,microsoft/harrier-oss-v1-270m,0.9993412384716732
ben_Beng,mag_Deva,microsoft/harrier-oss-v1-270m,0.9993412384716732
arb_Arab,tur_Latn,microsoft/harrier-oss-v1-270m,0.9993412384716732
ars_Arab,srp_Cyrl,microsoft/harrier-oss-v1-270m,0.9993412384716732
bul_Cyrl,zho_Hant,microsoft/harrier-oss-v1-270m,0.9993412384716732
arb_Arab,srp_Cyrl,microsoft/harrier-oss-v1-270m,0.9993412384716732
bul_Cyrl,pap_Latn,microsoft/harrier-oss-v1-270m,0.9993412384716732
tur_Latn,por_Latn,microsoft/harrier-oss-v1-270m,0.9993412384716732
slk_Latn,epo_Latn,microsoft/harrier-oss-v1-270m,0.9993412384716732
pap_Latn,fra_Latn,microsoft/harrier-oss-v1-270m,0.9993412384716732
ast_Latn,glg_Latn,microsoft/harrier-oss-v1-270m,0.9993412384716732
ces_Latn,zho_Hant,microsoft/harrier-oss-v1-270m,0.9993412384716732
pol_Latn,por_Latn,microsoft/harrier-oss-v1-270m,0.9993412384716732
fra_Latn,zho_Hans,microsoft/harrier-oss-v1-270m,0.9993412384716732
por_Latn,ind_Latn,microsoft/harrier-oss-v1-270m,0.9993412384716732
ben_Beng,eng_Latn,microsoft/harrier-oss-v1-270m,0.9993169398907105
pol_Latn,zho_Hans,microsoft/harrier-oss-v1-270m,0.9992588932806324
eng_Latn,pap_Latn,microsoft/harrier-oss-v1-270m,0.9992588932806324
eng_Latn,mag_Deva,microsoft/harrier-oss-v1-270m,0.9992588932806324
por_Latn,hun_Latn,microsoft/harrier-oss-v1-270m,0.9992588932806324
ces_Latn,epo_Latn,microsoft/harrier-oss-v1-270m,0.999209486166008
est_Latn,als_Latn,microsoft/harrier-oss-v1-270m,0.999209486166008
srp_Cyrl,tgl_Latn,intfloat/multilingual-e5-large,0.9991674843332006
eng_Latn,ita_Latn,microsoft/harrier-oss-v1-270m,0.9991217798594848
guj_Gujr,zho_Hant,microsoft/harrier-oss-v1-270m,0.9990736166007904
spa_Latn,epo_Latn,intfloat/multilingual-e5-large,0.9990484555701948
pap_Latn,spa_Latn,microsoft/harrier-oss-v1-270m,0.9990385642559556
arb_Arab,spa_Latn,microsoft/harrier-oss-v1-270m,0.999036561264822
por_Latn,spa_Latn,microsoft/harrier-oss-v1-270m,0.9990191234596604
bul_Cyrl,nob_Latn,microsoft/harrier-oss-v1-270m,0.9990184895349764
nob_Latn,swe_Latn,intfloat/multilingual-e5-large,0.9990180724389092
eng_Latn,nob_Latn,microsoft/harrier-oss-v1-270m,0.9990173780555128
spa_Latn,zho_Hans,microsoft/harrier-oss-v1-270m,0.9990173473869126
bos_Latn,nob_Latn,microsoft/harrier-oss-v1-270m,0.999016135379772
nob_Latn,deu_Latn,microsoft/harrier-oss-v1-270m,0.9990159074710036
nob_Latn,ita_Latn,microsoft/harrier-oss-v1-270m,0.9990159074710036
nob_Latn,eng_Latn,microsoft/harrier-oss-v1-270m,0.9990158261504516
nld_Latn,nob_Latn,microsoft/harrier-oss-v1-270m,0.9990153127504906
mkd_Cyrl,nob_Latn,microsoft/harrier-oss-v1-270m,0.9990152768849924
deu_Latn,nob_Latn,microsoft/harrier-oss-v1-270m,0.9990151081755771
nob_Latn,por_Latn,microsoft/harrier-oss-v1-270m,0.9990148520780932
spa_Latn,por_Latn,microsoft/harrier-oss-v1-270m,0.999013982744698
por_Latn,nob_Latn,microsoft/harrier-oss-v1-270m,0.9990139077952536
nob_Latn,hin_Deva,microsoft/harrier-oss-v1-270m,0.999013725651352
mal_Mlym,por_Latn,microsoft/harrier-oss-v1-270m,0.9990133640219802
por_Latn,uzn_Latn,microsoft/harrier-oss-v1-270m,0.9990131858557524
mal_Mlym,zho_Hans,microsoft/harrier-oss-v1-270m,0.9990130013907188
bos_Latn,zho_Hans,microsoft/harrier-oss-v1-270m,0.99901185770751
arb_Arab,ell_Grek,microsoft/harrier-oss-v1-270m,0.99901185770751
kor_Hang,swe_Latn,microsoft/harrier-oss-v1-270m,0.99901185770751
afr_Latn,zho_Hans,microsoft/harrier-oss-v1-270m,0.99901185770751
pap_Latn,hrv_Latn,microsoft/harrier-oss-v1-270m,0.99901185770751
pan_Guru,por_Latn,microsoft/harrier-oss-v1-270m,0.99901185770751
pap_Latn,tur_Latn,microsoft/harrier-oss-v1-270m,0.99901185770751
oci_Latn,swe_Latn,microsoft/harrier-oss-v1-270m,0.99901185770751
ast_Latn,mkd_Cyrl,microsoft/harrier-oss-v1-270m,0.99901185770751
ell_Grek,epo_Latn,microsoft/harrier-oss-v1-270m,0.99901185770751
tgl_Latn,zho_Hant,microsoft/harrier-oss-v1-270m,0.99901185770751
ben_Beng,pap_Latn,microsoft/harrier-oss-v1-270m,0.99901185770751
arz_Arab,por_Latn,microsoft/harrier-oss-v1-270m,0.99901185770751
srp_Cyrl,zho_Hans,microsoft/harrier-oss-v1-270m,0.99901185770751
deu_Latn,kor_Hang,microsoft/harrier-oss-v1-270m,0.99901185770751
fra_Latn,zho_Hant,microsoft/harrier-oss-v1-270m,0.99901185770751
dan_Latn,zho_Hant,microsoft/harrier-oss-v1-270m,0.99901185770751
deu_Latn,ast_Latn,microsoft/harrier-oss-v1-270m,0.99901185770751
por_Latn,mlt_Latn,microsoft/harrier-oss-v1-270m,0.99901185770751
vie_Latn,zho_Hant,microsoft/harrier-oss-v1-270m,0.99901185770751
fur_Latn,eng_Latn,microsoft/harrier-oss-v1-270m,0.99901185770751
epo_Latn,hye_Armn,intfloat/multilingual-e5-large,0.99901185770751
epo_Latn,nld_Latn,microsoft/harrier-oss-v1-270m,0.99901185770751
pol_Latn,epo_Latn,microsoft/harrier-oss-v1-270m,0.99901185770751
deu_Latn,pap_Latn,microsoft/harrier-oss-v1-270m,0.99901185770751
eng_Latn,oci_Latn,microsoft/harrier-oss-v1-270m,0.99901185770751
ars_Arab,tam_Taml,microsoft/harrier-oss-v1-270m,0.99901185770751
ars_Arab,fra_Latn,microsoft/harrier-oss-v1-270m,0.99901185770751
zho_Hans,zho_Hant,microsoft/harrier-oss-v1-270m,0.99901185770751
ars_Arab,ind_Latn,microsoft/harrier-oss-v1-270m,0.99901185770751
cat_Latn,oci_Latn,microsoft/harrier-oss-v1-270m,0.99901185770751
tel_Telu,zho_Hant,microsoft/harrier-oss-v1-270m,0.99901185770751
ars_Arab,jpn_Jpan,microsoft/harrier-oss-v1-270m,0.99901185770751
arb_Arab,tam_Taml,microsoft/harrier-oss-v1-270m,0.99901185770751
ars_Arab,als_Latn,microsoft/harrier-oss-v1-270m,0.99901185770751
por_Latn,zho_Hant,microsoft/harrier-oss-v1-270m,0.99901185770751
cat_Latn,zho_Hant,microsoft/harrier-oss-v1-270m,0.99901185770751
cat_Latn,zho_Hans,microsoft/harrier-oss-v1-270m,0.99901185770751
rus_Cyrl,zho_Hant,microsoft/harrier-oss-v1-270m,0.99901185770751
bul_Cyrl,kor_Hang,microsoft/harrier-oss-v1-270m,0.99901185770751
arb_Arab,tgl_Latn,microsoft/harrier-oss-v1-270m,0.99901185770751
bel_Cyrl,por_Latn,microsoft/harrier-oss-v1-270m,0.99901185770751
arb_Arab,ind_Latn,microsoft/harrier-oss-v1-270m,0.99901185770751
arb_Arab,jpn_Jpan,microsoft/harrier-oss-v1-270m,0.99901185770751
mkd_Cyrl,zho_Hans,microsoft/harrier-oss-v1-270m,0.99901185770751
est_Latn,deu_Latn,microsoft/harrier-oss-v1-270m,0.99901185770751
est_Latn,eng_Latn,microsoft/harrier-oss-v1-270m,0.99901185770751
acm_Arab,ita_Latn,microsoft/harrier-oss-v1-270m,0.99901185770751
arb_Arab,heb_Hebr,microsoft/harrier-oss-v1-270m,0.99901185770751
ind_Latn,zho_Hant,microsoft/harrier-oss-v1-270m,0.99901185770751
eng_Latn,tgl_Latn,intfloat/multilingual-e5-large,0.9989204487600782
eng_Latn,fra_Latn,microsoft/harrier-oss-v1-270m,0.9989126798260288
ast_Latn,epo_Latn,microsoft/harrier-oss-v1-270m,0.9988471673254282
ast_Latn,bos_Latn,microsoft/harrier-oss-v1-270m,0.9988471673254282
pap_Latn,pol_Latn,microsoft/harrier-oss-v1-270m,0.9988471673254282
ast_Latn,hrv_Latn,microsoft/harrier-oss-v1-270m,0.9988471673254282
ron_Latn,por_Latn,microsoft/harrier-oss-v1-270m,0.9988471673254282
arb_Arab,ben_Beng,microsoft/harrier-oss-v1-270m,0.9988471673254282
jav_Latn,por_Latn,microsoft/harrier-oss-v1-270m,0.9988471673254282
ars_Arab,swe_Latn,microsoft/harrier-oss-v1-270m,0.9988471673254282
acm_Arab,eng_Latn,microsoft/harrier-oss-v1-270m,0.9988471673254282
ars_Arab,tur_Latn,microsoft/harrier-oss-v1-270m,0.9988471673254282
pol_Latn,zho_Hant,microsoft/harrier-oss-v1-270m,0.9988471673254282
hrv_Latn,zho_Hant,microsoft/harrier-oss-v1-270m,0.9988471673254282
bos_Latn,est_Latn,microsoft/harrier-oss-v1-270m,0.9988471673254282
hye_Armn,zho_Hans,microsoft/harrier-oss-v1-270m,0.9988471673254282
por_Latn,pol_Latn,microsoft/harrier-oss-v1-270m,0.998847167325428
ita_Latn,kor_Hang,microsoft/harrier-oss-v1-270m,0.998847167325428
ast_Latn,dan_Latn,microsoft/harrier-oss-v1-270m,0.998847167325428
epo_Latn,kor_Hang,microsoft/harrier-oss-v1-270m,0.998847167325428
fra_Latn,eng_Latn,microsoft/harrier-oss-v1-270m,0.9988290398126465
swe_Latn,eng_Latn,microsoft/harrier-oss-v1-270m,0.9988290398126465
ben_Beng,ita_Latn,microsoft/harrier-oss-v1-270m,0.9988290398126465
mkd_Cyrl,srp_Cyrl,intfloat/multilingual-e5-large,0.9987771642707493
ita_Latn,eng_Latn,intfloat/multilingual-e5-large,0.998774078736659
afr_Latn,zho_Hant,microsoft/harrier-oss-v1-270m,0.9987648221343872
oci_Latn,ita_Latn,microsoft/harrier-oss-v1-270m,0.9987648221343872
guj_Gujr,por_Latn,microsoft/harrier-oss-v1-270m,0.9987648221343872
fra_Latn,kor_Hang,microsoft/harrier-oss-v1-270m,0.9987648221343872
epo_Latn,sin_Sinh,microsoft/harrier-oss-v1-270m,0.9987648221343872
hin_Deva,mar_Deva,microsoft/harrier-oss-v1-270m,0.9987314597970336
eng_Latn,bul_Cyrl,microsoft/harrier-oss-v1-270m,0.9987314597970336
srp_Cyrl,zho_Hant,microsoft/harrier-oss-v1-270m,0.9987154150197628
eng_Latn,srp_Cyrl,intfloat/multilingual-e5-large,0.9986993509579041
hrv_Latn,srp_Cyrl,intfloat/multilingual-e5-large,0.9986883850398722
hrv_Latn,zho_Hans,microsoft/harrier-oss-v1-270m,0.9986824769433466
ben_Beng,kor_Hang,microsoft/harrier-oss-v1-270m,0.9986824769433464
kor_Hang,hrv_Latn,microsoft/harrier-oss-v1-270m,0.9986589497459062
arb_Arab,nld_Latn,microsoft/harrier-oss-v1-270m,0.9986589497459062
kan_Knda,mag_Deva,microsoft/harrier-oss-v1-270m,0.998641304347826
ben_Beng,sin_Sinh,intfloat/multilingual-e5-large,0.9986367724696306
cym_Latn,epo_Latn,intfloat/multilingual-e5-large,0.9986275801493192
ars_Arab,dan_Latn,microsoft/harrier-oss-v1-270m,0.9986275801493192
ind_Latn,kor_Hang,microsoft/harrier-oss-v1-270m,0.998607617678764
tha_Thai,zho_Hant,microsoft/harrier-oss-v1-270m,0.998607617678764
pap_Latn,heb_Hebr,microsoft/harrier-oss-v1-270m,0.998607617678764
glg_Latn,kor_Hang,microsoft/harrier-oss-v1-270m,0.9986001317523056
ars_Arab,nld_Latn,microsoft/harrier-oss-v1-270m,0.998572683355292
hrv_Latn,tgl_Latn,intfloat/multilingual-e5-large,0.9985681341704149
est_Latn,ita_Latn,microsoft/harrier-oss-v1-270m,0.9985589591567852
ars_Arab,spa_Latn,microsoft/harrier-oss-v1-270m,0.9985424901185772
slk_Latn,ces_Latn,microsoft/harrier-oss-v1-270m,0.998536299765808
epo_Latn,spa_Latn,microsoft/harrier-oss-v1-270m,0.9985313227570524
spa_Latn,pap_Latn,microsoft/harrier-oss-v1-270m,0.9985271974402408
nob_Latn,hrv_Latn,microsoft/harrier-oss-v1-270m,0.9985234655399572
nob_Latn,ukr_Cyrl,microsoft/harrier-oss-v1-270m,0.9985234655399572
nob_Latn,vie_Latn,microsoft/harrier-oss-v1-270m,0.9985232459109472
nob_Latn,zho_Hans,microsoft/harrier-oss-v1-270m,0.9985227521004232
rus_Cyrl,nob_Latn,microsoft/harrier-oss-v1-270m,0.9985226542572868
zsm_Latn,nob_Latn,microsoft/harrier-oss-v1-270m,0.9985221015931096
nob_Latn,mkd_Cyrl,microsoft/harrier-oss-v1-270m,0.9985219384196368
nno_Latn,por_Latn,microsoft/harrier-oss-v1-270m,0.9985219210478442
nob_Latn,ind_Latn,microsoft/harrier-oss-v1-270m,0.9985215725470598
mar_Deva,nob_Latn,microsoft/harrier-oss-v1-270m,0.9985212295657684
ita_Latn,nob_Latn,microsoft/harrier-oss-v1-270m,0.998521102474998
azj_Latn,por_Latn,microsoft/harrier-oss-v1-270m,0.9985209741170472
nob_Latn,ron_Latn,microsoft/harrier-oss-v1-270m,0.9985208458253284
nob_Latn,tur_Latn,microsoft/harrier-oss-v1-270m,0.9985202818700842
dan_Latn,nob_Latn,microsoft/harrier-oss-v1-270m,0.9985198451910408
nob_Latn,als_Latn,microsoft/harrier-oss-v1-270m,0.9985197052841628
bos_Latn,oci_Latn,microsoft/harrier-oss-v1-270m,0.9985177865612648
kor_Hang,zho_Hans,microsoft/harrier-oss-v1-270m,0.9985177865612648
cat_Latn,kor_Hang,microsoft/harrier-oss-v1-270m,0.9985177865612648
kor_Hang,dan_Latn,microsoft/harrier-oss-v1-270m,0.9985177865612648
ltz_Latn,swe_Latn,microsoft/harrier-oss-v1-270m,0.9985177865612648
ory_Orya,por_Latn,microsoft/harrier-oss-v1-270m,0.9985177865612648
kor_Hang,nld_Latn,microsoft/harrier-oss-v1-270m,0.9985177865612648
glg_Latn,oci_Latn,microsoft/harrier-oss-v1-270m,0.9985177865612648
arb_Arab,hye_Armn,microsoft/harrier-oss-v1-270m,0.9985177865612648
nld_Latn,zho_Hant,microsoft/harrier-oss-v1-270m,0.9985177865612648
eng_Latn,vec_Latn,microsoft/harrier-oss-v1-270m,0.9985177865612648
epo_Latn,fin_Latn,microsoft/harrier-oss-v1-270m,0.9985177865612648
ukr_Cyrl,zho_Hant,microsoft/harrier-oss-v1-270m,0.9985177865612648
epo_Latn,oci_Latn,microsoft/harrier-oss-v1-270m,0.9985177865612648
swe_Latn,zho_Hans,microsoft/harrier-oss-v1-270m,0.9985177865612648
tam_Taml,zho_Hant,microsoft/harrier-oss-v1-270m,0.9985177865612648
kor_Hang,zsm_Latn,microsoft/harrier-oss-v1-270m,0.9985177865612648
deu_Latn,oci_Latn,microsoft/harrier-oss-v1-270m,0.9985177865612648
ceb_Latn,zho_Hans,microsoft/harrier-oss-v1-270m,0.9985177865612648
epo_Latn,hun_Latn,microsoft/harrier-oss-v1-270m,0.9985177865612648
epo_Latn,zho_Hans,microsoft/harrier-oss-v1-270m,0.9985177865612648
ars_Arab,ell_Grek,microsoft/harrier-oss-v1-270m,0.9985177865612648
ars_Arab,zho_Hant,microsoft/harrier-oss-v1-270m,0.9985177865612648
ars_Arab,vie_Latn,microsoft/harrier-oss-v1-270m,0.9985177865612648
afr_Latn,epo_Latn,microsoft/harrier-oss-v1-270m,0.9985177865612648
hin_Deva,zho_Hant,microsoft/harrier-oss-v1-270m,0.9985177865612648
amh_Ethi,zho_Hans,microsoft/harrier-oss-v1-270m,0.9985177865612648
por_Latn,tat_Cyrl,microsoft/harrier-oss-v1-270m,0.9985177865612648
arb_Arab,zho_Hant,microsoft/harrier-oss-v1-270m,0.9985177865612648
por_Latn,slv_Latn,microsoft/harrier-oss-v1-270m,0.9985177865612648
mar_Deva,zho_Hant,microsoft/harrier-oss-v1-270m,0.9985177865612648
arb_Arab,vie_Latn,microsoft/harrier-oss-v1-270m,0.9985177865612648
eng_Latn,ast_Latn,microsoft/harrier-oss-v1-270m,0.9985177865612648
acm_Arab,deu_Latn,microsoft/harrier-oss-v1-270m,0.9985177865612648
hrv_Latn,eng_Latn,intfloat/multilingual-e5-large,0.9984811276937394
mlt_Latn,por_Latn,microsoft/harrier-oss-v1-270m,0.9984683794466404
spa_Latn,cat_Latn,intfloat/multilingual-e5-large,0.9984067738325857
eng_Latn,ben_Beng,microsoft/harrier-oss-v1-270m,0.9984020790328703
eng_Latn,ron_Latn,intfloat/multilingual-e5-large,0.9983989934987797
eng_Latn,deu_Latn,microsoft/harrier-oss-v1-270m,0.9983917536679142
srp_Cyrl,hrv_Latn,intfloat/multilingual-e5-large,0.9983806731401172
ast_Latn,spa_Latn,microsoft/harrier-oss-v1-270m,0.9983562232117544
spa_Latn,ast_Latn,microsoft/harrier-oss-v1-270m,0.9983554945828056
glg_Latn,nob_Latn,microsoft/harrier-oss-v1-270m,0.99835545451401
por_Latn,urd_Arab,microsoft/harrier-oss-v1-270m,0.9983546977063996
epo_Latn,heb_Hebr,microsoft/harrier-oss-v1-270m,0.9983530961791832
ita_Latn,oci_Latn,microsoft/harrier-oss-v1-270m,0.9983530961791832
kan_Knda,zho_Hans,microsoft/harrier-oss-v1-270m,0.9983530961791832
ast_Latn,tur_Latn,microsoft/harrier-oss-v1-270m,0.9983530961791832
bel_Cyrl,zho_Hans,microsoft/harrier-oss-v1-270m,0.9983530961791832
est_Latn,por_Latn,microsoft/harrier-oss-v1-270m,0.9983530961791832
glg_Latn,zho_Hant,microsoft/harrier-oss-v1-270m,0.9983530961791832
ast_Latn,ukr_Cyrl,microsoft/harrier-oss-v1-270m,0.9983530961791832
tur_Latn,zho_Hant,microsoft/harrier-oss-v1-270m,0.9983530961791832
epo_Latn,zho_Hant,microsoft/harrier-oss-v1-270m,0.9983530961791832
heb_Hebr,kor_Hang,microsoft/harrier-oss-v1-270m,0.9983530961791832
epo_Latn,kat_Geor,microsoft/harrier-oss-v1-270m,0.9983530961791832
kor_Hang,tur_Latn,microsoft/harrier-oss-v1-270m,0.9983530961791832
oci_Latn,srp_Cyrl,microsoft/harrier-oss-v1-270m,0.9983530961791832
slk_Latn,zho_Hans,microsoft/harrier-oss-v1-270m,0.9983530961791832
kor_Hang,mkd_Cyrl,microsoft/harrier-oss-v1-270m,0.9983530961791832
cat_Latn,vec_Latn,microsoft/harrier-oss-v1-270m,0.9983530961791832
epo_Latn,mar_Deva,microsoft/harrier-oss-v1-270m,0.9983530961791832
tam_Taml,zho_Hans,microsoft/harrier-oss-v1-270m,0.9983530961791832
dan_Latn,est_Latn,microsoft/harrier-oss-v1-270m,0.9983530961791832
epo_Latn,kan_Knda,microsoft/harrier-oss-v1-270m,0.9983530961791832
ita_Latn,fra_Latn,intfloat/multilingual-e5-large,0.998347812202053
mkd_Cyrl,fra_Latn,intfloat/multilingual-e5-large,0.9983380542004918
srp_Cyrl,eng_Latn,intfloat/multilingual-e5-large,0.9982959366601563
mag_Deva,mal_Mlym,microsoft/harrier-oss-v1-270m,0.9982719415210248
ast_Latn,ind_Latn,microsoft/harrier-oss-v1-270m,0.9982707509881424
kir_Cyrl,por_Latn,microsoft/harrier-oss-v1-270m,0.9982707509881424
hye_Armn,zho_Hant,microsoft/harrier-oss-v1-270m,0.9982707509881424
epo_Latn,tam_Taml,microsoft/harrier-oss-v1-270m,0.9982707509881424
ars_Arab,slk_Latn,microsoft/harrier-oss-v1-270m,0.9982707509881424
arb_Arab,slk_Latn,microsoft/harrier-oss-v1-270m,0.9982707509881424
amh_Ethi,epo_Latn,microsoft/harrier-oss-v1-270m,0.9982707509881424
guj_Gujr,mar_Deva,microsoft/harrier-oss-v1-270m,0.9982435597189696
nld_Latn,eng_Latn,microsoft/harrier-oss-v1-270m,0.9982435597189696
bos_Latn,tgl_Latn,intfloat/multilingual-e5-large,0.9982367211073554
nob_Latn,fra_Latn,microsoft/harrier-oss-v1-270m,0.9982270556786766
srd_Latn,glg_Latn,microsoft/harrier-oss-v1-270m,0.9982213438735178
cat_Latn,pap_Latn,microsoft/harrier-oss-v1-270m,0.9982213438735178
zsm_Latn,kor_Hang,microsoft/harrier-oss-v1-270m,0.9982213438735178
fin_Latn,epo_Latn,microsoft/harrier-oss-v1-270m,0.9982213438735178
ben_Beng,zho_Hans,microsoft/harrier-oss-v1-270m,0.9982213438735178
hrv_Latn,pap_Latn,microsoft/harrier-oss-v1-270m,0.9982213438735178
epo_Latn,guj_Gujr,intfloat/multilingual-e5-large,0.9981884057971016
epo_Latn,tel_Telu,microsoft/harrier-oss-v1-270m,0.9981884057971014
bos_Latn,kor_Hang,microsoft/harrier-oss-v1-270m,0.9981884057971014
dan_Latn,pap_Latn,microsoft/harrier-oss-v1-270m,0.9981648785996612
hun_Latn,zho_Hans,microsoft/harrier-oss-v1-270m,0.998147233201581
zsm_Latn,eng_Latn,intfloat/multilingual-e5-large,0.9981348717806309
vie_Latn,eng_Latn,intfloat/multilingual-e5-large,0.9981336375669947
ces_Latn,kor_Hang,microsoft/harrier-oss-v1-270m,0.9981135465325188
pol_Latn,pap_Latn,microsoft/harrier-oss-v1-270m,0.9981060606060608
arb_Arab,kor_Hang,microsoft/harrier-oss-v1-270m,0.9981060606060606
ces_Latn,ast_Latn,microsoft/harrier-oss-v1-270m,0.9981060606060606
vec_Latn,eng_Latn,microsoft/harrier-oss-v1-270m,0.9980757229040982
arb_Arab,epo_Latn,intfloat/multilingual-e5-large,0.9980757229040982
mkd_Cyrl,eng_Latn,intfloat/multilingual-e5-large,0.9980524033000868
bul_Cyrl,fra_Latn,intfloat/multilingual-e5-large,0.9980507470876017
eng_Latn,vie_Latn,microsoft/harrier-oss-v1-270m,0.9980483996877441
nob_Latn,spa_Latn,microsoft/harrier-oss-v1-270m,0.9980459791780548
fin_Latn,zho_Hans,microsoft/harrier-oss-v1-270m,0.99803547901374
spa_Latn,nob_Latn,microsoft/harrier-oss-v1-270m,0.9980336804469934
nob_Latn,srp_Cyrl,microsoft/harrier-oss-v1-270m,0.9980303472424862
nob_Latn,rus_Cyrl,microsoft/harrier-oss-v1-270m,0.9980302594037116
hrv_Latn,nob_Latn,microsoft/harrier-oss-v1-270m,0.998029115099678
epo_Latn,mal_Mlym,intfloat/multilingual-e5-large,0.9980288619894598
epo_Latn,kaz_Cyrl,microsoft/harrier-oss-v1-270m,0.9980278321135608
nob_Latn,epo_Latn,microsoft/harrier-oss-v1-270m,0.9980277651785135
fra_Latn,nob_Latn,microsoft/harrier-oss-v1-270m,0.9980277159911026
cat_Latn,nob_Latn,microsoft/harrier-oss-v1-270m,0.9980276211157806
nob_Latn,jpn_Jpan,microsoft/harrier-oss-v1-270m,0.9980274302356682
ceb_Latn,nob_Latn,microsoft/harrier-oss-v1-270m,0.9980272571436668
arb_Arab,nob_Latn,microsoft/harrier-oss-v1-270m,0.9980268623649958
epo_Latn,uzn_Latn,microsoft/harrier-oss-v1-270m,0.9980265713175992
hin_Deva,nob_Latn,microsoft/harrier-oss-v1-270m,0.9980261022321514
kan_Knda,nob_Latn,microsoft/harrier-oss-v1-270m,0.9980260187770068
nob_Latn,pol_Latn,microsoft/harrier-oss-v1-270m,0.9980259817964244
uzn_Latn,por_Latn,microsoft/harrier-oss-v1-270m,0.9980256378708418
kor_Hang,nob_Latn,microsoft/harrier-oss-v1-270m,0.9980254429365102
nob_Latn,tgl_Latn,microsoft/harrier-oss-v1-270m,0.998025097432212
kor_Hang,rus_Cyrl,microsoft/harrier-oss-v1-270m,0.9980237154150198
por_Latn,bel_Cyrl,microsoft/harrier-oss-v1-270m,0.9980237154150198
jpn_Jpan,kor_Hang,microsoft/harrier-oss-v1-270m,0.9980237154150198
ita_Latn,vec_Latn,microsoft/harrier-oss-v1-270m,0.9980237154150198
heb_Hebr,epo_Latn,microsoft/harrier-oss-v1-270m,0.9980237154150198
ron_Latn,zho_Hant,microsoft/harrier-oss-v1-270m,0.9980237154150198
ceb_Latn,epo_Latn,microsoft/harrier-oss-v1-270m,0.9980237154150198
eng_Latn,est_Latn,microsoft/harrier-oss-v1-270m,0.9980237154150198
fur_Latn,fra_Latn,microsoft/harrier-oss-v1-270m,0.9980237154150198
mkd_Cyrl,zho_Hant,microsoft/harrier-oss-v1-270m,0.9980237154150198
ast_Latn,zho_Hans,microsoft/harrier-oss-v1-270m,0.9980237154150198
arb_Arab,guj_Gujr,microsoft/harrier-oss-v1-270m,0.9980237154150198
bul_Cyrl,est_Latn,microsoft/harrier-oss-v1-270m,0.9980237154150198
arb_Arab,bel_Cyrl,microsoft/harrier-oss-v1-270m,0.9980237154150198
tha_Thai,zho_Hans,microsoft/harrier-oss-v1-270m,0.9980237154150198
crh_Latn,eng_Latn,microsoft/harrier-oss-v1-270m,0.9980237154150198
tel_Telu,zho_Hans,microsoft/harrier-oss-v1-270m,0.9980237154150198
guj_Gujr,hin_Deva,microsoft/harrier-oss-v1-270m,0.9979996096799376
eng_Latn,swe_Latn,microsoft/harrier-oss-v1-270m,0.9979996096799375
kea_Latn,por_Latn,microsoft/harrier-oss-v1-270m,0.9979688186209924
eng_Latn,hrv_Latn,microsoft/harrier-oss-v1-270m,0.9979508196721312
cym_Latn,por_Latn,microsoft/harrier-oss-v1-270m,0.9979296066252588
eng_Latn,nld_Latn,microsoft/harrier-oss-v1-270m,0.9979264246682279
oci_Latn,spa_Latn,microsoft/harrier-oss-v1-270m,0.9979039405916876
mag_Deva,tel_Telu,microsoft/harrier-oss-v1-270m,0.9978754940711464
spa_Latn,zho_Hant,microsoft/harrier-oss-v1-270m,0.9978720269052076
cat_Latn,spa_Latn,microsoft/harrier-oss-v1-270m,0.9978709959409799
nob_Latn,zho_Hant,microsoft/harrier-oss-v1-270m,0.9978646394777816
kor_Hang,als_Latn,microsoft/harrier-oss-v1-270m,0.997859025032938
afr_Latn,arb_Arab,microsoft/harrier-oss-v1-270m,0.997859025032938
acm_Arab,ces_Latn,microsoft/harrier-oss-v1-270m,0.997859025032938
als_Latn,zho_Hant,microsoft/harrier-oss-v1-270m,0.997859025032938
ast_Latn,jpn_Jpan,microsoft/harrier-oss-v1-270m,0.997859025032938
guj_Gujr,kor_Hang,microsoft/harrier-oss-v1-270m,0.997859025032938
kor_Hang,zho_Hant,microsoft/harrier-oss-v1-270m,0.997859025032938
acm_Arab,ron_Latn,microsoft/harrier-oss-v1-270m,0.997859025032938
ind_Latn,oci_Latn,microsoft/harrier-oss-v1-270m,0.997859025032938
por_Latn,tha_Thai,microsoft/harrier-oss-v1-270m,0.997859025032938
mlt_Latn,zho_Hans,microsoft/harrier-oss-v1-270m,0.997859025032938
bul_Cyrl,eng_Latn,intfloat/multilingual-e5-large,0.9978573665583644
eng_Latn,urd_Arab,microsoft/harrier-oss-v1-270m,0.997841743532393
vec_Latn,ita_Latn,microsoft/harrier-oss-v1-270m,0.9978049124788256
pol_Latn,ces_Latn,microsoft/harrier-oss-v1-270m,0.997804449648712
ell_Grek,nob_Latn,microsoft/harrier-oss-v1-270m,0.997779612014872
hin_Deva,kor_Hang,microsoft/harrier-oss-v1-270m,0.9977766798418972
est_Latn,epo_Latn,intfloat/multilingual-e5-large,0.9977766798418972
ell_Grek,zho_Hans,microsoft/harrier-oss-v1-270m,0.9977766798418972
bos_Latn,eng_Latn,intfloat/multilingual-e5-large,0.9977507806401249
ben_Beng,urd_Arab,microsoft/harrier-oss-v1-270m,0.9977499901677969
khk_Cyrl,por_Latn,microsoft/harrier-oss-v1-270m,0.9977272727272728
por_Latn,vec_Latn,microsoft/harrier-oss-v1-270m,0.9977272727272728
epo_Latn,pan_Guru,microsoft/harrier-oss-v1-270m,0.9977272727272728
ben_Beng,nob_Latn,microsoft/harrier-oss-v1-270m,0.9976982403516174
bak_Cyrl,por_Latn,microsoft/harrier-oss-v1-270m,0.9976943346508564
ast_Latn,vie_Latn,microsoft/harrier-oss-v1-270m,0.9976943346508564
ast_Latn,nld_Latn,microsoft/harrier-oss-v1-270m,0.9976943346508564
ltz_Latn,tgl_Latn,microsoft/harrier-oss-v1-270m,0.9976943346508564
mya_Mymr,por_Latn,microsoft/harrier-oss-v1-270m,0.9976943346508564
epo_Latn,slv_Latn,microsoft/harrier-oss-v1-270m,0.9976943346508564
hin_Deva,oci_Latn,microsoft/harrier-oss-v1-270m,0.9976943346508564
deu_Latn,eng_Latn,microsoft/harrier-oss-v1-270m,0.997690052651685
tur_Latn,eng_Latn,intfloat/multilingual-e5-large,0.9976807390162701
eng_Latn,pol_Latn,microsoft/harrier-oss-v1-270m,0.9976793890951052
ita_Latn,tgl_Latn,microsoft/harrier-oss-v1-270m,0.9976775956284153
ita_Latn,deu_Latn,microsoft/harrier-oss-v1-270m,0.9976669430053187
pol_Latn,deu_Latn,microsoft/harrier-oss-v1-270m,0.997660581676975
deu_Latn,est_Latn,microsoft/harrier-oss-v1-270m,0.997653162055336
hun_Latn,epo_Latn,microsoft/harrier-oss-v1-270m,0.9976515151515152
pap_Latn,slv_Latn,microsoft/harrier-oss-v1-270m,0.9976394378568292
ben_Beng,tgl_Latn,intfloat/multilingual-e5-large,0.9976350345425542
kor_Hang,ind_Latn,microsoft/harrier-oss-v1-270m,0.9976284584980236
kor_Hang,pol_Latn,microsoft/harrier-oss-v1-270m,0.9976284584980236
est_Latn,dan_Latn,microsoft/harrier-oss-v1-270m,0.9976119894598156
est_Latn,cat_Latn,microsoft/harrier-oss-v1-270m,0.9976119894598156
ltz_Latn,fra_Latn,microsoft/harrier-oss-v1-270m,0.9976119894598156
eng_Latn,sin_Sinh,microsoft/harrier-oss-v1-270m,0.9976092896174864
srp_Cyrl,fra_Latn,intfloat/multilingual-e5-large,0.9976000330152148
ces_Latn,nob_Latn,microsoft/harrier-oss-v1-270m,0.9975999715130148
slk_Latn,nob_Latn,microsoft/harrier-oss-v1-270m,0.9975931699706384
bul_Cyrl,mkd_Cyrl,intfloat/multilingual-e5-large,0.9975855543494908
bos_Latn,hrv_Latn,intfloat/multilingual-e5-large,0.99758402680712
ast_Latn,hun_Latn,microsoft/harrier-oss-v1-270m,0.9975745598275242
arb_Arab,fin_Latn,microsoft/harrier-oss-v1-270m,0.997562582345191
epo_Latn,urd_Arab,intfloat/multilingual-e5-large,0.997554347826087
fin_Latn,zho_Hant,microsoft/harrier-oss-v1-270m,0.9975437605872388
epo_Latn,nno_Latn,microsoft/harrier-oss-v1-270m,0.997538709794394
dan_Latn,eng_Latn,intfloat/multilingual-e5-large,0.9975374545269413
nno_Latn,zho_Hant,microsoft/harrier-oss-v1-270m,0.9975358201581028
nob_Latn,nld_Latn,microsoft/harrier-oss-v1-270m,0.9975342402794374
nob_Latn,tam_Taml,microsoft/harrier-oss-v1-270m,0.9975339593006196
mlt_Latn,nob_Latn,microsoft/harrier-oss-v1-270m,0.9975327614368898
epo_Latn,nob_Latn,microsoft/harrier-oss-v1-270m,0.9975324199493716
ind_Latn,nob_Latn,microsoft/harrier-oss-v1-270m,0.997532404442776
ron_Latn,nob_Latn,microsoft/harrier-oss-v1-270m,0.9975322378180989
pol_Latn,nob_Latn,microsoft/harrier-oss-v1-270m,0.9975321458948316
nob_Latn,ell_Grek,microsoft/harrier-oss-v1-270m,0.997532019610824
urd_Arab,zho_Hans,microsoft/harrier-oss-v1-270m,0.9975311644876864
arb_Arab,mal_Mlym,microsoft/harrier-oss-v1-270m,0.997531132434878
ars_Arab,mal_Mlym,microsoft/harrier-oss-v1-270m,0.9975311235237035
uzn_Latn,zho_Hans,microsoft/harrier-oss-v1-270m,0.997530979596197
mal_Mlym,zho_Hant,microsoft/harrier-oss-v1-270m,0.9975309410434368
arb_Arab,urd_Arab,microsoft/harrier-oss-v1-270m,0.9975308763663964
ars_Arab,heb_Hebr,microsoft/harrier-oss-v1-270m,0.9975296442687748
bho_Deva,por_Latn,microsoft/harrier-oss-v1-270m,0.9975296442687748
kan_Knda,zho_Hant,microsoft/harrier-oss-v1-270m,0.9975296442687748
acm_Arab,ind_Latn,microsoft/harrier-oss-v1-270m,0.9975296442687748
heb_Hebr,zho_Hant,microsoft/harrier-oss-v1-270m,0.9975296442687748
dan_Latn,ast_Latn,microsoft/harrier-oss-v1-270m,0.9975296442687748
deu_Latn,ltz_Latn,microsoft/harrier-oss-v1-270m,0.9975296442687748
pap_Latn,zho_Hans,microsoft/harrier-oss-v1-270m,0.9975296442687748
ltz_Latn,por_Latn,microsoft/harrier-oss-v1-270m,0.9975296442687748
bul_Cyrl,oci_Latn,microsoft/harrier-oss-v1-270m,0.9975296442687748
deu_Latn,zho_Hant,microsoft/harrier-oss-v1-270m,0.9975296442687748
acm_Arab,por_Latn,microsoft/harrier-oss-v1-270m,0.9975296442687748
slk_Latn,est_Latn,microsoft/harrier-oss-v1-270m,0.9975061170713344
als_Latn,eng_Latn,microsoft/harrier-oss-v1-270m,0.9974977695996432
deu_Latn,ita_Latn,microsoft/harrier-oss-v1-270m,0.9974914965986394
heb_Hebr,eng_Latn,microsoft/harrier-oss-v1-270m,0.9974842290638798
est_Latn,slk_Latn,microsoft/harrier-oss-v1-270m,0.9974747474747476
ind_Latn,pap_Latn,microsoft/harrier-oss-v1-270m,0.9974747474747474
deu_Latn,fra_Latn,intfloat/multilingual-e5-large,0.9974690263802879
est_Latn,ron_Latn,microsoft/harrier-oss-v1-270m,0.997463768115942
ron_Latn,eng_Latn,intfloat/multilingual-e5-large,0.9974567485258862
ast_Latn,slk_Latn,microsoft/harrier-oss-v1-270m,0.997447299077734
afr_Latn,est_Latn,microsoft/harrier-oss-v1-270m,0.997447299077734
mkd_Cyrl,hrv_Latn,intfloat/multilingual-e5-large,0.9974389562682505
ast_Latn,srp_Cyrl,microsoft/harrier-oss-v1-270m,0.9974308300395256
nld_Latn,pap_Latn,microsoft/harrier-oss-v1-270m,0.9974308300395256
nob_Latn,heb_Hebr,microsoft/harrier-oss-v1-270m,0.9974298341029468
fur_Latn,spa_Latn,microsoft/harrier-oss-v1-270m,0.9973700212830648
por_Latn,nno_Latn,microsoft/harrier-oss-v1-270m,0.9973686136729616
afr_Latn,nob_Latn,microsoft/harrier-oss-v1-270m,0.9973678097892724
jav_Latn,nob_Latn,microsoft/harrier-oss-v1-270m,0.9973665528224414
urd_Arab,zho_Hant,microsoft/harrier-oss-v1-270m,0.9973661983983964
mag_Deva,urd_Arab,microsoft/harrier-oss-v1-270m,0.9973659341865864
ces_Latn,oci_Latn,microsoft/harrier-oss-v1-270m,0.9973649538866932
epo_Latn,est_Latn,microsoft/harrier-oss-v1-270m,0.9973649538866932
crh_Latn,rus_Cyrl,microsoft/harrier-oss-v1-270m,0.9973649538866932
bel_Cyrl,zho_Hant,microsoft/harrier-oss-v1-270m,0.9973649538866932
arz_Arab,zho_Hans,microsoft/harrier-oss-v1-270m,0.9973649538866932
dan_Latn,kor_Hang,microsoft/harrier-oss-v1-270m,0.9973649538866932
kor_Hang,srp_Cyrl,microsoft/harrier-oss-v1-270m,0.9973649538866932
acm_Arab,rus_Cyrl,microsoft/harrier-oss-v1-270m,0.997364953886693
afr_Latn,kor_Hang,microsoft/harrier-oss-v1-270m,0.997364953886693
acm_Arab,bul_Cyrl,microsoft/harrier-oss-v1-270m,0.997364953886693
nld_Latn,ita_Latn,intfloat/multilingual-e5-large,0.9973591685102734
nld_Latn,pol_Latn,microsoft/harrier-oss-v1-270m,0.9973555815768931
nld_Latn,swe_Latn,intfloat/multilingual-e5-large,0.997346157841525
eng_Latn,spa_Latn,microsoft/harrier-oss-v1-270m,0.9973450228456968
pap_Latn,vie_Latn,microsoft/harrier-oss-v1-270m,0.9973296630905326
eng_Latn,slv_Latn,microsoft/harrier-oss-v1-270m,0.9973268089714991
eng_Latn,tur_Latn,microsoft/harrier-oss-v1-270m,0.9973002862347125
swe_Latn,tgl_Latn,intfloat/multilingual-e5-large,0.9972938178624654
swe_Latn,nld_Latn,intfloat/multilingual-e5-large,0.9972901682541739
jpn_Jpan,nob_Latn,microsoft/harrier-oss-v1-270m,0.9972857758183844
ben_Beng,fra_Latn,microsoft/harrier-oss-v1-270m,0.997283241812317
fra_Latn,ita_Latn,intfloat/multilingual-e5-large,0.9972828979644732
arb_Arab,jav_Latn,microsoft/harrier-oss-v1-270m,0.9972826086956522
mag_Deva,sin_Sinh,intfloat/multilingual-e5-large,0.9972826086956522
por_Latn,crh_Latn,microsoft/harrier-oss-v1-270m,0.9972826086956522
est_Latn,hye_Armn,microsoft/harrier-oss-v1-270m,0.9972826086956522
bos_Latn,srp_Cyrl,intfloat/multilingual-e5-large,0.9972725982413015
mkd_Cyrl,bos_Latn,intfloat/multilingual-e5-large,0.9972367499452318
guj_Gujr,nob_Latn,microsoft/harrier-oss-v1-270m,0.9972365740803194
est_Latn,hin_Deva,microsoft/harrier-oss-v1-270m,0.9972348623243764
epo_Latn,lvs_Latn,microsoft/harrier-oss-v1-270m,0.9972332015810276
nld_Latn,fra_Latn,intfloat/multilingual-e5-large,0.997229228955886
nld_Latn,tgl_Latn,microsoft/harrier-oss-v1-270m,0.9972214600218368
vec_Latn,ron_Latn,microsoft/harrier-oss-v1-270m,0.9972208498023716
pol_Latn,eng_Latn,microsoft/harrier-oss-v1-270m,0.9972189695550352
nno_Latn,zho_Hans,microsoft/harrier-oss-v1-270m,0.9972179089026916
guj_Gujr,zho_Hans,microsoft/harrier-oss-v1-270m,0.9972002635046114
kor_Hang,khk_Cyrl,microsoft/harrier-oss-v1-270m,0.9972002635046114
est_Latn,ind_Latn,microsoft/harrier-oss-v1-270m,0.9972002635046114
ast_Latn,jav_Latn,microsoft/harrier-oss-v1-270m,0.9972002635046112
jav_Latn,zho_Hant,microsoft/harrier-oss-v1-270m,0.9972002635046112
hrv_Latn,zsm_Latn,intfloat/multilingual-e5-large,0.99718226455575
ast_Latn,nob_Latn,microsoft/harrier-oss-v1-270m,0.9971637083964392
crh_Latn,tat_Cyrl,microsoft/harrier-oss-v1-270m,0.9971590909090908
nob_Latn,ces_Latn,microsoft/harrier-oss-v1-270m,0.997153271848924
pap_Latn,slk_Latn,microsoft/harrier-oss-v1-270m,0.997145366710584
fin_Latn,por_Latn,microsoft/harrier-oss-v1-270m,0.997145366710584
apc_Arab,por_Latn,microsoft/harrier-oss-v1-270m,0.997145366710584
mkd_Cyrl,als_Latn,intfloat/multilingual-e5-large,0.9971308142637436
spa_Latn,kor_Hang,microsoft/harrier-oss-v1-270m,0.997120128922726
kor_Hang,ron_Latn,microsoft/harrier-oss-v1-270m,0.9971179183135706
est_Latn,fra_Latn,microsoft/harrier-oss-v1-270m,0.9971179183135706
ceb_Latn,eng_Latn,microsoft/harrier-oss-v1-270m,0.997117508516074
spa_Latn,eng_Latn,microsoft/harrier-oss-v1-270m,0.9971079908456293
fra_Latn,bul_Cyrl,microsoft/harrier-oss-v1-270m,0.9971047389812027
jav_Latn,tgl_Latn,intfloat/multilingual-e5-large,0.9970950082229484
oci_Latn,zho_Hans,microsoft/harrier-oss-v1-270m,0.9970936991397348
acm_Arab,vie_Latn,microsoft/harrier-oss-v1-270m,0.9970936991397348
kor_Hang,ces_Latn,microsoft/harrier-oss-v1-270m,0.9970904699165568
nld_Latn,deu_Latn,microsoft/harrier-oss-v1-270m,0.9970753743187898
nld_Latn,dan_Latn,intfloat/multilingual-e5-large,0.9970722138398547
ast_Latn,hin_Deva,microsoft/harrier-oss-v1-270m,0.997068511198946
oci_Latn,nld_Latn,microsoft/harrier-oss-v1-270m,0.997068511198946
pap_Latn,jpn_Jpan,microsoft/harrier-oss-v1-270m,0.997068511198946
ben_Beng,nld_Latn,microsoft/harrier-oss-v1-270m,0.9970524374947931
kaz_Cyrl,por_Latn,microsoft/harrier-oss-v1-270m,0.9970473842509416
nld_Latn,ces_Latn,microsoft/harrier-oss-v1-270m,0.9970433255269321
oci_Latn,tur_Latn,microsoft/harrier-oss-v1-270m,0.9970404169572968
ars_Arab,nob_Latn,microsoft/harrier-oss-v1-270m,0.997038760678312
por_Latn,azj_Latn,microsoft/harrier-oss-v1-270m,0.997037282711271
ars_Arab,urd_Arab,microsoft/harrier-oss-v1-270m,0.9970368098463
ars_Arab,ben_Beng,microsoft/harrier-oss-v1-270m,0.9970355731225296
epo_Latn,tha_Thai,microsoft/harrier-oss-v1-270m,0.9970355731225296
asm_Beng,por_Latn,microsoft/harrier-oss-v1-270m,0.9970355731225296
kor_Hang,tgl_Latn,microsoft/harrier-oss-v1-270m,0.9970355731225296
hun_Latn,zho_Hant,microsoft/harrier-oss-v1-270m,0.9970355731225296
est_Latn,ukr_Cyrl,microsoft/harrier-oss-v1-270m,0.9970355731225296
heb_Hebr,zho_Hans,microsoft/harrier-oss-v1-270m,0.9970355731225296
afr_Latn,oci_Latn,microsoft/harrier-oss-v1-270m,0.9970355731225296
arz_Arab,zho_Hant,microsoft/harrier-oss-v1-270m,0.9970355731225296
mkd_Cyrl,oci_Latn,microsoft/harrier-oss-v1-270m,0.9970355731225296
hrv_Latn,fra_Latn,intfloat/multilingual-e5-large,0.9970295247744545
eng_Latn,hne_Deva,microsoft/harrier-oss-v1-270m,0.9970174462406944
nob_Latn,slk_Latn,microsoft/harrier-oss-v1-270m,0.9970003892681758
ita_Latn,nld_Latn,microsoft/harrier-oss-v1-270m,0.9969952325192373
hin_Deva,tam_Taml,microsoft/harrier-oss-v1-270m,0.9969914499850351
eng_Latn,ces_Latn,microsoft/harrier-oss-v1-270m,0.9969912828519386
deu_Latn,nld_Latn,microsoft/harrier-oss-v1-270m,0.9969856646086154
srp_Cyrl,ita_Latn,intfloat/multilingual-e5-large,0.9969643359634758
ell_Grek,pap_Latn,microsoft/harrier-oss-v1-270m,0.9969532279314888
ast_Latn,tgl_Latn,microsoft/harrier-oss-v1-270m,0.9969532279314888
kir_Cyrl,zho_Hans,microsoft/harrier-oss-v1-270m,0.9969532279314888
eng_Latn,als_Latn,microsoft/harrier-oss-v1-270m,0.9969471395115423
hrv_Latn,ita_Latn,microsoft/harrier-oss-v1-270m,0.9969457455113192
deu_Latn,srp_Cyrl,intfloat/multilingual-e5-large,0.9969456624392476
bul_Cyrl,als_Latn,intfloat/multilingual-e5-large,0.9969232683908034
ita_Latn,ron_Latn,intfloat/multilingual-e5-large,0.9969120360513803
slv_Latn,zho_Hans,microsoft/harrier-oss-v1-270m,0.9969074806031328
spa_Latn,oci_Latn,microsoft/harrier-oss-v1-270m,0.9969038208168644
bul_Cyrl,srp_Cyrl,intfloat/multilingual-e5-large,0.9968990382390239
arb_Arab,nno_Latn,microsoft/harrier-oss-v1-270m,0.9968822406978328
mkd_Cyrl,ita_Latn,intfloat/multilingual-e5-large,0.9968811935668671
est_Latn,spa_Latn,microsoft/harrier-oss-v1-270m,0.996880384108645
kor_Hang,slk_Latn,microsoft/harrier-oss-v1-270m,0.996870882740448
ltz_Latn,ita_Latn,microsoft/harrier-oss-v1-270m,0.996870882740448
eng_Latn,fur_Latn,microsoft/harrier-oss-v1-270m,0.996870882740448
est_Latn,swe_Latn,microsoft/harrier-oss-v1-270m,0.996870882740448
afr_Latn,ast_Latn,microsoft/harrier-oss-v1-270m,0.996870882740448
acm_Arab,swe_Latn,microsoft/harrier-oss-v1-270m,0.996870882740448
kor_Hang,mar_Deva,microsoft/harrier-oss-v1-270m,0.996870882740448
eng_Latn,ltz_Latn,microsoft/harrier-oss-v1-270m,0.996870882740448
dan_Latn,oci_Latn,microsoft/harrier-oss-v1-270m,0.996870882740448
sin_Sinh,zho_Hans,microsoft/harrier-oss-v1-270m,0.996870882740448
arb_Arab,afr_Latn,microsoft/harrier-oss-v1-270m,0.996870882740448
fur_Latn,ron_Latn,microsoft/harrier-oss-v1-270m,0.9968434343434344
hin_Deva,tel_Telu,microsoft/harrier-oss-v1-270m,0.9968212827799428
eng_Latn,dan_Latn,intfloat/multilingual-e5-large,0.9968176021785633
ces_Latn,pol_Latn,microsoft/harrier-oss-v1-270m,0.9968135689447164
fra_Latn,srp_Cyrl,intfloat/multilingual-e5-large,0.9968132218221314
ben_Beng,deu_Latn,microsoft/harrier-oss-v1-270m,0.9968119082766351
zsm_Latn,srp_Cyrl,intfloat/multilingual-e5-large,0.9967934948229276
pap_Latn,tha_Thai,microsoft/harrier-oss-v1-270m,0.9967885375494072
acm_Arab,hrv_Latn,microsoft/harrier-oss-v1-270m,0.9967885375494072
kor_Hang,ukr_Cyrl,microsoft/harrier-oss-v1-270m,0.9967885375494072
bul_Cyrl,crh_Latn,microsoft/harrier-oss-v1-270m,0.9967885375494072
slk_Latn,kor_Hang,microsoft/harrier-oss-v1-270m,0.9967885375494072
jav_Latn,zho_Hans,microsoft/harrier-oss-v1-270m,0.9967885375494072
por_Latn,fin_Latn,microsoft/harrier-oss-v1-270m,0.9967885375494072
eng_Latn,zsm_Latn,intfloat/multilingual-e5-large,0.9967827521729873
pan_Guru,zho_Hans,microsoft/harrier-oss-v1-270m,0.9967720685111988
srp_Cyrl,swe_Latn,intfloat/multilingual-e5-large,0.9967667184154814
srp_Cyrl,ron_Latn,intfloat/multilingual-e5-large,0.9967636328813907
est_Latn,rus_Cyrl,microsoft/harrier-oss-v1-270m,0.996751107917116
azj_Latn,epo_Latn,microsoft/harrier-oss-v1-270m,0.9967419781070952
ces_Latn,eng_Latn,microsoft/harrier-oss-v1-270m,0.9967310694769712
eng_Latn,heb_Hebr,microsoft/harrier-oss-v1-270m,0.9967310694769711
mar_Deva,tel_Telu,intfloat/multilingual-e5-large,0.9967308766310905
hye_Armn,nob_Latn,microsoft/harrier-oss-v1-270m,0.9967144268774704
fra_Latn,deu_Latn,microsoft/harrier-oss-v1-270m,0.9967069989872899
ast_Latn,pol_Latn,microsoft/harrier-oss-v1-270m,0.9967061923583664
kor_Hang,tam_Taml,microsoft/harrier-oss-v1-270m,0.9967061923583664
arb_Arab,ast_Latn,microsoft/harrier-oss-v1-270m,0.9967061923583662
kaz_Cyrl,zho_Hans,microsoft/harrier-oss-v1-270m,0.9966903593008972
kan_Knda,hin_Deva,microsoft/harrier-oss-v1-270m,0.996683239272597
als_Latn,tgl_Latn,intfloat/multilingual-e5-large,0.9966816844018758
slv_Latn,kor_Hang,microsoft/harrier-oss-v1-270m,0.99667325428195
ckb_Arab,por_Latn,microsoft/harrier-oss-v1-270m,0.99667325428195
bho_Deva,eng_Latn,microsoft/harrier-oss-v1-270m,0.9966730228668932
nob_Latn,hun_Latn,microsoft/harrier-oss-v1-270m,0.996670166337286
cym_Latn,tgl_Latn,intfloat/multilingual-e5-large,0.9966699373328027
cat_Latn,fur_Latn,microsoft/harrier-oss-v1-270m,0.9966650197628458
vec_Latn,por_Latn,microsoft/harrier-oss-v1-270m,0.9966582824290334
oci_Latn,ukr_Cyrl,microsoft/harrier-oss-v1-270m,0.9966512955643392
ces_Latn,pap_Latn,microsoft/harrier-oss-v1-270m,0.9966414925654056
hrv_Latn,als_Latn,intfloat/multilingual-e5-large,0.9966366217459655
est_Latn,zho_Hans,microsoft/harrier-oss-v1-270m,0.9966313330937836
ron_Latn,fra_Latn,intfloat/multilingual-e5-large,0.9966273183931773
ars_Arab,kor_Hang,microsoft/harrier-oss-v1-270m,0.9966238471673252
swe_Latn,fra_Latn,intfloat/multilingual-e5-large,0.9966206459257063
fra_Latn,zsm_Latn,intfloat/multilingual-e5-large,0.9966090944574553
por_Latn,lvs_Latn,microsoft/harrier-oss-v1-270m,0.9966073781291171
est_Latn,ces_Latn,microsoft/harrier-oss-v1-270m,0.9966018884497144
ita_Latn,sin_Sinh,intfloat/multilingual-e5-large,0.9966011877763482
bul_Cyrl,tgl_Latn,intfloat/multilingual-e5-large,0.9965824651962776
ars_Arab,hun_Latn,microsoft/harrier-oss-v1-270m,0.9965767927724448
arb_Arab,hun_Latn,microsoft/harrier-oss-v1-270m,0.9965767927724448
acm_Arab,dan_Latn,microsoft/harrier-oss-v1-270m,0.9965744400527008
pap_Latn,fin_Latn,microsoft/harrier-oss-v1-270m,0.9965744400527008
zsm_Latn,tgl_Latn,intfloat/multilingual-e5-large,0.9965723573171898
slv_Latn,eng_Latn,microsoft/harrier-oss-v1-270m,0.9965707594513216
eng_Latn,mkd_Cyrl,intfloat/multilingual-e5-large,0.9965689532549034
swe_Latn,deu_Latn,intfloat/multilingual-e5-large,0.9965533372034746
ita_Latn,zsm_Latn,intfloat/multilingual-e5-large,0.9965523399147773
azj_Latn,nob_Latn,microsoft/harrier-oss-v1-270m,0.9965509034407762
nob_Latn,nno_Latn,microsoft/harrier-oss-v1-270m,0.9965494519092256
mal_Mlym,nob_Latn,microsoft/harrier-oss-v1-270m,0.9965458445410158
tur_Latn,hrv_Latn,intfloat/multilingual-e5-large,0.9965445067841926
cym_Latn,nob_Latn,microsoft/harrier-oss-v1-270m,0.9965441726311292
arb_Arab,uzn_Latn,microsoft/harrier-oss-v1-270m,0.9965427672032916
ltz_Latn,mkd_Cyrl,microsoft/harrier-oss-v1-270m,0.9965415019762844
hrv_Latn,vec_Latn,microsoft/harrier-oss-v1-270m,0.9965415019762844
por_Latn,fur_Latn,microsoft/harrier-oss-v1-270m,0.9965415019762844
nld_Latn,oci_Latn,microsoft/harrier-oss-v1-270m,0.9965415019762844
ben_Beng,ast_Latn,microsoft/harrier-oss-v1-270m,0.9965415019762844
ron_Latn,ita_Latn,intfloat/multilingual-e5-large,0.9965085381870843
rus_Cyrl,eng_Latn,microsoft/harrier-oss-v1-270m,0.9965066354410617
ita_Latn,pol_Latn,microsoft/harrier-oss-v1-270m,0.996503670834388
ben_Beng,pan_Guru,intfloat/multilingual-e5-large,0.9965036077607354
fur_Latn,ita_Latn,microsoft/harrier-oss-v1-270m,0.9965003293807642
arb_Arab,tel_Telu,microsoft/harrier-oss-v1-270m,0.99649209486166
eng_Latn,rus_Cyrl,microsoft/harrier-oss-v1-270m,0.9964724824355973
hrv_Latn,mkd_Cyrl,intfloat/multilingual-e5-large,0.9964677604205778
eng_Latn,ind_Latn,intfloat/multilingual-e5-large,0.9964594942655349
kat_Geor,por_Latn,microsoft/harrier-oss-v1-270m,0.9964591567852435
epo_Latn,fur_Latn,microsoft/harrier-oss-v1-270m,0.9964591567852435
ben_Beng,ces_Latn,microsoft/harrier-oss-v1-270m,0.9964547598991647
bos_Latn,mkd_Cyrl,intfloat/multilingual-e5-large,0.9964542476686891
mkd_Cyrl,tgl_Latn,intfloat/multilingual-e5-large,0.996449816616424
fin_Latn,nob_Latn,microsoft/harrier-oss-v1-270m,0.9964371931040892
khk_Cyrl,zho_Hans,microsoft/harrier-oss-v1-270m,0.9964356295878036
swe_Latn,hrv_Latn,microsoft/harrier-oss-v1-270m,0.996435243896042
acm_Arab,spa_Latn,microsoft/harrier-oss-v1-270m,0.9964349376114082
fra_Latn,tgl_Latn,intfloat/multilingual-e5-large,0.9964346997739728
dan_Latn,tgl_Latn,intfloat/multilingual-e5-large,0.9964290728278612
hye_Armn,kor_Hang,microsoft/harrier-oss-v1-270m,0.9964262187088272
ita_Latn,spa_Latn,microsoft/harrier-oss-v1-270m,0.9964181184048051
bul_Cyrl,dan_Latn,intfloat/multilingual-e5-large,0.996416730691499
ars_Arab,fin_Latn,microsoft/harrier-oss-v1-270m,0.9964097496706192
ast_Latn,oci_Latn,microsoft/harrier-oss-v1-270m,0.9964076910408431
fra_Latn,cat_Latn,intfloat/multilingual-e5-large,0.9964040638323426
rus_Cyrl,fra_Latn,intfloat/multilingual-e5-large,0.996404047539338
swe_Latn,tur_Latn,intfloat/multilingual-e5-large,0.9963989337716557
bul_Cyrl,bos_Latn,intfloat/multilingual-e5-large,0.9963916842299694
est_Latn,glg_Latn,microsoft/harrier-oss-v1-270m,0.9963768115942028
kor_Hang,afr_Latn,microsoft/harrier-oss-v1-270m,0.9963768115942028
kor_Hang,tel_Telu,microsoft/harrier-oss-v1-270m,0.9963768115942028
fin_Latn,eng_Latn,intfloat/multilingual-e5-large,0.9963701711641263
ben_Beng,spa_Latn,microsoft/harrier-oss-v1-270m,0.9963524545922822
dan_Latn,fra_Latn,intfloat/multilingual-e5-large,0.9963446706140933
oci_Latn,hun_Latn,microsoft/harrier-oss-v1-270m,0.9963438735177864
ita_Latn,ces_Latn,microsoft/harrier-oss-v1-270m,0.9963376638804293
eng_Latn,ceb_Latn,microsoft/harrier-oss-v1-270m,0.9963326177465521
nob_Latn,kor_Hang,microsoft/harrier-oss-v1-270m,0.9963289532919488
hrv_Latn,sin_Sinh,intfloat/multilingual-e5-large,0.9963259187737801
deu_Latn,pol_Latn,microsoft/harrier-oss-v1-270m,0.9963210194443013
nno_Latn,eng_Latn,intfloat/multilingual-e5-large,0.9963137827147928
bul_Cyrl,slv_Latn,microsoft/harrier-oss-v1-270m,0.996297937629014
amh_Ethi,nob_Latn,microsoft/harrier-oss-v1-270m,0.9962972896668548
epo_Latn,swh_Latn,microsoft/harrier-oss-v1-270m,0.996297066777616
arz_Arab,nob_Latn,microsoft/harrier-oss-v1-270m,0.9962966429280354
por_Latn,snd_Arab,intfloat/multilingual-e5-large,0.996294466403162
ces_Latn,slk_Latn,microsoft/harrier-oss-v1-270m,0.9962943506956337
ben_Beng,hrv_Latn,microsoft/harrier-oss-v1-270m,0.9962831270653794
bul_Cyrl,ita_Latn,intfloat/multilingual-e5-large,0.9962796093116326
fur_Latn,por_Latn,microsoft/harrier-oss-v1-270m,0.996277997364954
mar_Deva,tam_Taml,intfloat/multilingual-e5-large,0.9962753360918009
guj_Gujr,tel_Telu,microsoft/harrier-oss-v1-270m,0.996275188304302
nob_Latn,fin_Latn,microsoft/harrier-oss-v1-270m,0.9962722763400824
pol_Latn,ita_Latn,microsoft/harrier-oss-v1-270m,0.9962548790007806
ben_Beng,est_Latn,microsoft/harrier-oss-v1-270m,0.9962450592885376
ltz_Latn,nld_Latn,microsoft/harrier-oss-v1-270m,0.9962450592885376
srp_Cyrl,tur_Latn,intfloat/multilingual-e5-large,0.9962412087991205
cym_Latn,eng_Latn,intfloat/multilingual-e5-large,0.9962405852641063
swe_Latn,vie_Latn,intfloat/multilingual-e5-large,0.9962357090182667
kor_Hang,mal_Mlym,microsoft/harrier-oss-v1-270m,0.9962272692467844
ces_Latn,hrv_Latn,microsoft/harrier-oss-v1-270m,0.9962261438625861
bul_Cyrl,hrv_Latn,intfloat/multilingual-e5-large,0.9962208433558092
nob_Latn,tha_Thai,microsoft/harrier-oss-v1-270m,0.9962183752772636
arb_Arab,azj_Latn,microsoft/harrier-oss-v1-270m,0.9962141884554108
ita_Latn,swe_Latn,microsoft/harrier-oss-v1-270m,0.9962138953942232
mar_Deva,oci_Latn,microsoft/harrier-oss-v1-270m,0.9962121212121212
pol_Latn,tgl_Latn,microsoft/harrier-oss-v1-270m,0.9962118544419862
fra_Latn,ron_Latn,intfloat/multilingual-e5-large,0.9962003576134012
ben_Beng,zsm_Latn,microsoft/harrier-oss-v1-270m,0.9961964598578368
hun_Latn,kor_Hang,microsoft/harrier-oss-v1-270m,0.9961901624945104
ben_Beng,oci_Latn,microsoft/harrier-oss-v1-270m,0.996188594014681
ces_Latn,est_Latn,microsoft/harrier-oss-v1-270m,0.996188594014681
arb_Arab,khk_Cyrl,microsoft/harrier-oss-v1-270m,0.996157224418094
swe_Latn,urd_Arab,intfloat/multilingual-e5-large,0.9961494991780038
ceb_Latn,tgl_Latn,microsoft/harrier-oss-v1-270m,0.9961488430394345
tgl_Latn,vie_Latn,intfloat/multilingual-e5-large,0.9961466307510499
ell_Grek,ast_Latn,microsoft/harrier-oss-v1-270m,0.9961462450592888
nld_Latn,vie_Latn,microsoft/harrier-oss-v1-270m,0.9961425038492037
pan_Guru,urd_Arab,intfloat/multilingual-e5-large,0.996140637101079
pol_Latn,fra_Latn,microsoft/harrier-oss-v1-270m,0.9961372507361457
amh_Ethi,zho_Hant,microsoft/harrier-oss-v1-270m,0.9961297760210804
ast_Latn,mar_Deva,microsoft/harrier-oss-v1-270m,0.9961297760210804
nld_Latn,hrv_Latn,intfloat/multilingual-e5-large,0.9961281432592908
ben_Beng,vie_Latn,microsoft/harrier-oss-v1-270m,0.9961256298346461
eng_Latn,ukr_Cyrl,microsoft/harrier-oss-v1-270m,0.9961234121070186
spa_Latn,tgl_Latn,microsoft/harrier-oss-v1-270m,0.9961216367402792
ben_Beng,swe_Latn,microsoft/harrier-oss-v1-270m,0.9961211943793911
mkd_Cyrl,ell_Grek,intfloat/multilingual-e5-large,0.9960918818055311
ltz_Latn,nob_Latn,microsoft/harrier-oss-v1-270m,0.9960856589611532
vec_Latn,fra_Latn,microsoft/harrier-oss-v1-270m,0.9960854363028276
hrv_Latn,kor_Hang,microsoft/harrier-oss-v1-270m,0.9960815047021944
srp_Cyrl,nld_Latn,intfloat/multilingual-e5-large,0.9960809474440977
bel_Cyrl,kor_Hang,microsoft/harrier-oss-v1-270m,0.9960803689064558
srd_Latn,eng_Latn,microsoft/harrier-oss-v1-270m,0.9960803689064558
nob_Latn,tel_Telu,microsoft/harrier-oss-v1-270m,0.9960710575656228
kaz_Cyrl,zho_Hant,microsoft/harrier-oss-v1-270m,0.9960541988238792
srp_Cyrl,vie_Latn,intfloat/multilingual-e5-large,0.9960539875899821
mal_Mlym,oci_Latn,microsoft/harrier-oss-v1-270m,0.996049323822937
bul_Cyrl,fur_Latn,microsoft/harrier-oss-v1-270m,0.9960474308300395
sin_Sinh,zho_Hant,microsoft/harrier-oss-v1-270m,0.9960474308300395
arb_Arab,kan_Knda,microsoft/harrier-oss-v1-270m,0.9960474308300395
bul_Cyrl,deu_Latn,microsoft/harrier-oss-v1-270m,0.9960461949659648
pol_Latn,vie_Latn,microsoft/harrier-oss-v1-270m,0.9960418382995007
tur_Latn,vie_Latn,intfloat/multilingual-e5-large,0.9960401267923096
srd_Latn,spa_Latn,microsoft/harrier-oss-v1-270m,0.9960382245353888
bos_Latn,zsm_Latn,intfloat/multilingual-e5-large,0.9960371135754242
guj_Gujr,tam_Taml,intfloat/multilingual-e5-large,0.9960338522112662
spa_Latn,deu_Latn,microsoft/harrier-oss-v1-270m,0.9960336193185908
kat_Geor,zho_Hans,microsoft/harrier-oss-v1-270m,0.9960239036325992
hrv_Latn,ces_Latn,microsoft/harrier-oss-v1-270m,0.9960187353629977
hun_Latn,nob_Latn,microsoft/harrier-oss-v1-270m,0.9960128458498024
ita_Latn,srp_Cyrl,intfloat/multilingual-e5-large,0.9960101880641088
swe_Latn,ita_Latn,microsoft/harrier-oss-v1-270m,0.995999219359875
kat_Geor,zho_Hant,microsoft/harrier-oss-v1-270m,0.995998023715415
bos_Latn,als_Latn,intfloat/multilingual-e5-large,0.9959862086911266
mkd_Cyrl,deu_Latn,intfloat/multilingual-e5-large,0.9959825726687161
fra_Latn,ces_Latn,microsoft/harrier-oss-v1-270m,0.9959724358219928
bul_Cyrl,ron_Latn,intfloat/multilingual-e5-large,0.9959684925828903
ita_Latn,hrv_Latn,microsoft/harrier-oss-v1-270m,0.9959668598211007
ars_Arab,slv_Latn,microsoft/harrier-oss-v1-270m,0.9959650856389988
fra_Latn,vec_Latn,microsoft/harrier-oss-v1-270m,0.9959650856389988
arb_Arab,slv_Latn,microsoft/harrier-oss-v1-270m,0.9959650856389988
heb_Hebr,tgl_Latn,microsoft/harrier-oss-v1-270m,0.9959548648073238
ben_Beng,mai_Deva,microsoft/harrier-oss-v1-270m,0.9959534740918383
mkd_Cyrl,nld_Latn,intfloat/multilingual-e5-large,0.995935251137094
hrv_Latn,oci_Latn,microsoft/harrier-oss-v1-270m,0.9959156785243742
fra_Latn,hrv_Latn,intfloat/multilingual-e5-large,0.9959105102547726
dan_Latn,ron_Latn,intfloat/multilingual-e5-large,0.9959013822164215
fra_Latn,als_Latn,intfloat/multilingual-e5-large,0.9958968181972458
azj_Latn,zho_Hans,microsoft/harrier-oss-v1-270m,0.9958863468066896
pol_Latn,hrv_Latn,microsoft/harrier-oss-v1-270m,0.9958853760083268
rus_Cyrl,est_Latn,microsoft/harrier-oss-v1-270m,0.995882740447958
fra_Latn,fur_Latn,microsoft/harrier-oss-v1-270m,0.995882740447958
ell_Grek,zho_Hant,microsoft/harrier-oss-v1-270m,0.995882740447958
deu_Latn,vec_Latn,microsoft/harrier-oss-v1-270m,0.995882740447958
arb_Arab,sin_Sinh,intfloat/multilingual-e5-large,0.995882740447958
kor_Hang,sin_Sinh,microsoft/harrier-oss-v1-270m,0.995882740447958
arb_Arab,cym_Latn,microsoft/harrier-oss-v1-270m,0.995882740447958
slv_Latn,zho_Hant,microsoft/harrier-oss-v1-270m,0.995882740447958
acm_Arab,nld_Latn,microsoft/harrier-oss-v1-270m,0.9958827404479578
kor_Hang,tat_Cyrl,microsoft/harrier-oss-v1-270m,0.9958827404479578
acm_Arab,tur_Latn,microsoft/harrier-oss-v1-270m,0.9958745059288538
deu_Latn,swe_Latn,intfloat/multilingual-e5-large,0.9958670427932723
deu_Latn,hrv_Latn,microsoft/harrier-oss-v1-270m,0.9958553247705673
hun_Latn,eng_Latn,intfloat/multilingual-e5-large,0.9958348066758616
hrv_Latn,ltz_Latn,microsoft/harrier-oss-v1-270m,0.9958333333333332
ben_Beng,kat_Geor,intfloat/multilingual-e5-large,0.9958308070522968
eng_Latn,cat_Latn,intfloat/multilingual-e5-large,0.9958280934352616
oci_Latn,pol_Latn,microsoft/harrier-oss-v1-270m,0.9958168642951252
heb_Hebr,pap_Latn,microsoft/harrier-oss-v1-270m,0.9958078811833752
srd_Latn,por_Latn,microsoft/harrier-oss-v1-270m,0.9958078811833752
bel_Cyrl,nob_Latn,microsoft/harrier-oss-v1-270m,0.9958039754826143
fra_Latn,sin_Sinh,intfloat/multilingual-e5-large,0.9957959047028389
spa_Latn,fra_Latn,microsoft/harrier-oss-v1-270m,0.9957872301826264
arb_Arab,tha_Thai,microsoft/harrier-oss-v1-270m,0.99578667105841
ars_Arab,tha_Thai,microsoft/harrier-oss-v1-270m,0.99578667105841
heb_Hebr,nob_Latn,microsoft/harrier-oss-v1-270m,0.9957845369127092
vec_Latn,spa_Latn,microsoft/harrier-oss-v1-270m,0.995773664741056
bul_Cyrl,ben_Beng,microsoft/harrier-oss-v1-270m,0.9957725896358673
ben_Beng,fur_Latn,microsoft/harrier-oss-v1-270m,0.9957700575549546
mya_Mymr,zho_Hans,microsoft/harrier-oss-v1-270m,0.9957686335403728
ast_Latn,nno_Latn,microsoft/harrier-oss-v1-270m,0.995766672940586
nld_Latn,ron_Latn,intfloat/multilingual-e5-large,0.995763754539592
kor_Hang,vie_Latn,microsoft/harrier-oss-v1-270m,0.9957592226613964
por_Latn,bak_Cyrl,microsoft/harrier-oss-v1-270m,0.9957592226613964
vec_Latn,swe_Latn,microsoft/harrier-oss-v1-270m,0.9957577780089222
zsm_Latn,sin_Sinh,intfloat/multilingual-e5-large,0.9957577587858479
cat_Latn,eng_Latn,intfloat/multilingual-e5-large,0.9957509259524437
fra_Latn,vie_Latn,intfloat/multilingual-e5-large,0.9957503930750036
nld_Latn,als_Latn,intfloat/multilingual-e5-large,0.9957456270268101
hrv_Latn,ron_Latn,intfloat/multilingual-e5-large,0.9957177498517484
deu_Latn,tgl_Latn,intfloat/multilingual-e5-large,0.9957131517805073
eng_Latn,glg_Latn,intfloat/multilingual-e5-large,0.9957105547893146
fur_Latn,deu_Latn,microsoft/harrier-oss-v1-270m,0.995709815546772
deu_Latn,rus_Cyrl,microsoft/harrier-oss-v1-270m,0.9957072185555792
nob_Latn,urd_Arab,microsoft/harrier-oss-v1-270m,0.9956986939038476
als_Latn,hrv_Latn,intfloat/multilingual-e5-large,0.9956972227107652
jav_Latn,zsm_Latn,intfloat/multilingual-e5-large,0.9956908036978804
eng_Latn,jav_Latn,intfloat/multilingual-e5-large,0.9956830292539487
ita_Latn,als_Latn,intfloat/multilingual-e5-large,0.995680779385341
hrv_Latn,deu_Latn,microsoft/harrier-oss-v1-270m,0.9956760456956231
glg_Latn,eng_Latn,intfloat/multilingual-e5-large,0.9956729402002924
vec_Latn,hrv_Latn,microsoft/harrier-oss-v1-270m,0.9956676653371116
zsm_Latn,ita_Latn,intfloat/multilingual-e5-large,0.9956620283375451
deu_Latn,zsm_Latn,intfloat/multilingual-e5-large,0.9956616577481721
oci_Latn,slk_Latn,microsoft/harrier-oss-v1-270m,0.9956562911725956
spa_Latn,ita_Latn,intfloat/multilingual-e5-large,0.9956546349997758
bos_Latn,ita_Latn,intfloat/multilingual-e5-large,0.9956535726339348
pol_Latn,swe_Latn,microsoft/harrier-oss-v1-270m,0.9956448457695783
lvs_Latn,por_Latn,intfloat/multilingual-e5-large,0.9956357048748352
cat_Latn,est_Latn,microsoft/harrier-oss-v1-270m,0.9956357048748352
est_Latn,nld_Latn,microsoft/harrier-oss-v1-270m,0.9956357048748352
est_Latn,tur_Latn,microsoft/harrier-oss-v1-270m,0.9956357048748352
epo_Latn,snd_Arab,intfloat/multilingual-e5-large,0.9956357048748352
hun_Latn,vie_Latn,intfloat/multilingual-e5-large,0.9956277827660579
ben_Beng,pol_Latn,microsoft/harrier-oss-v1-270m,0.9956263592667728
hrv_Latn,jav_Latn,intfloat/multilingual-e5-large,0.9956216271255474
fra_Latn,urd_Arab,intfloat/multilingual-e5-large,0.9956172883404708
sin_Sinh,tgl_Latn,intfloat/multilingual-e5-large,0.995613321896287
nno_Latn,tgl_Latn,intfloat/multilingual-e5-large,0.9956127247990415
srd_Latn,fra_Latn,microsoft/harrier-oss-v1-270m,0.9956121776773952
rus_Cyrl,deu_Latn,microsoft/harrier-oss-v1-270m,0.9956108975229996
pol_Latn,slk_Latn,microsoft/harrier-oss-v1-270m,0.9956104604307434
hrv_Latn,pol_Latn,microsoft/harrier-oss-v1-270m,0.9955897175604945
fin_Latn,pap_Latn,microsoft/harrier-oss-v1-270m,0.9955862977602108
eng_Latn,crh_Latn,microsoft/harrier-oss-v1-270m,0.9955862977602108
amh_Ethi,eng_Latn,microsoft/harrier-oss-v1-270m,0.9955840017598434
eng_Latn,cym_Latn,intfloat/multilingual-e5-large,0.9955655732562363
sin_Sinh,urd_Arab,intfloat/multilingual-e5-large,0.9955651993933051
lit_Latn,por_Latn,microsoft/harrier-oss-v1-270m,0.9955630372134592
est_Latn,vie_Latn,microsoft/harrier-oss-v1-270m,0.9955627705627704
srd_Latn,ita_Latn,microsoft/harrier-oss-v1-270m,0.9955608456102528
hrv_Latn,swe_Latn,microsoft/harrier-oss-v1-270m,0.9955601092896174
spa_Latn,vec_Latn,microsoft/harrier-oss-v1-270m,0.9955596535837468
arb_Arab,kaz_Cyrl,microsoft/harrier-oss-v1-270m,0.995558558375444
npi_Deva,por_Latn,microsoft/harrier-oss-v1-270m,0.9955581335663354
ita_Latn,fur_Latn,microsoft/harrier-oss-v1-270m,0.9955533596837944
acm_Arab,fra_Latn,microsoft/harrier-oss-v1-270m,0.9955533596837944
bak_Cyrl,zho_Hans,microsoft/harrier-oss-v1-270m,0.9955533596837944
slk_Latn,zho_Hant,microsoft/harrier-oss-v1-270m,0.9955533596837944
ben_Beng,bos_Latn,microsoft/harrier-oss-v1-270m,0.9955503512880561
deu_Latn,mkd_Cyrl,intfloat/multilingual-e5-large,0.9955500860373908
nno_Latn,hrv_Latn,intfloat/multilingual-e5-large,0.9955469304893382
spa_Latn,hrv_Latn,microsoft/harrier-oss-v1-270m,0.9955467552421783
nld_Latn,spa_Latn,microsoft/harrier-oss-v1-270m,0.9955434933056498
eng_Latn,ory_Orya,microsoft/harrier-oss-v1-270m,0.9955425750074972
ben_Beng,als_Latn,intfloat/multilingual-e5-large,0.9955315564620286
bul_Cyrl,ltz_Latn,microsoft/harrier-oss-v1-270m,0.9955298324863542
ell_Grek,eng_Latn,intfloat/multilingual-e5-large,0.9955216413575734
dan_Latn,hrv_Latn,intfloat/multilingual-e5-large,0.9955201901923214
ron_Latn,srp_Cyrl,intfloat/multilingual-e5-large,0.9955154461836571
por_Latn,tgk_Cyrl,microsoft/harrier-oss-v1-270m,0.995512187088274
ast_Latn,kaz_Cyrl,microsoft/harrier-oss-v1-270m,0.9955080000111708
fur_Latn,swe_Latn,microsoft/harrier-oss-v1-270m,0.99550395256917
dan_Latn,ltz_Latn,microsoft/harrier-oss-v1-270m,0.9954984628897672
arb_Arab,tat_Cyrl,microsoft/harrier-oss-v1-270m,0.9954984628897672
tur_Latn,fra_Latn,intfloat/multilingual-e5-large,0.9954983096020159
epo_Latn,sun_Latn,microsoft/harrier-oss-v1-270m,0.9954847544843544
swe_Latn,pol_Latn,microsoft/harrier-oss-v1-270m,0.9954789597430367
acm_Arab,heb_Hebr,microsoft/harrier-oss-v1-270m,0.9954710144927535
bul_Cyrl,nld_Latn,microsoft/harrier-oss-v1-270m,0.9954503362717901
hrv_Latn,slv_Latn,microsoft/harrier-oss-v1-270m,0.9954442456478909
deu_Latn,dan_Latn,intfloat/multilingual-e5-large,0.9954360648854591
est_Latn,hun_Latn,microsoft/harrier-oss-v1-270m,0.9954252671643976
srd_Latn,deu_Latn,microsoft/harrier-oss-v1-270m,0.995421607378129
ast_Latn,ben_Beng,microsoft/harrier-oss-v1-270m,0.995421607378129
als_Latn,srp_Cyrl,intfloat/multilingual-e5-large,0.9953953706960659
fin_Latn,kor_Hang,microsoft/harrier-oss-v1-270m,0.995393685252436
ben_Beng,hne_Deva,microsoft/harrier-oss-v1-270m,0.9953921541048252
uzn_Latn,zho_Hant,microsoft/harrier-oss-v1-270m,0.9953901871854188
bos_Latn,ltz_Latn,microsoft/harrier-oss-v1-270m,0.9953886693017128
afr_Latn,eng_Latn,intfloat/multilingual-e5-large,0.9953862105167341
tgl_Latn,urd_Arab,intfloat/multilingual-e5-large,0.9953844444934966
ron_Latn,tgl_Latn,intfloat/multilingual-e5-large,0.9953813277322687
hun_Latn,deu_Latn,intfloat/multilingual-e5-large,0.9953755504561423
mkd_Cyrl,est_Latn,microsoft/harrier-oss-v1-270m,0.995366710584102
bul_Cyrl,vec_Latn,microsoft/harrier-oss-v1-270m,0.9953557312252964
dan_Latn,swe_Latn,intfloat/multilingual-e5-large,0.9953497252952546
pbt_Arab,por_Latn,microsoft/harrier-oss-v1-270m,0.9953474967061924
srp_Cyrl,pol_Latn,intfloat/multilingual-e5-large,0.9953458596589388
swe_Latn,rus_Cyrl,microsoft/harrier-oss-v1-270m,0.9953449897097437
est_Latn,fin_Latn,microsoft/harrier-oss-v1-270m,0.9953344481605352
ory_Orya,urd_Arab,microsoft/harrier-oss-v1-270m,0.9953185661109121
ast_Latn,ell_Grek,microsoft/harrier-oss-v1-270m,0.9953138100371302
ltz_Latn,spa_Latn,microsoft/harrier-oss-v1-270m,0.9953112159041992
nld_Latn,srp_Cyrl,intfloat/multilingual-e5-large,0.9953097648871743
pol_Latn,nld_Latn,microsoft/harrier-oss-v1-270m,0.9953090882349613
sin_Sinh,als_Latn,intfloat/multilingual-e5-large,0.9952974972792202
srp_Cyrl,rus_Cyrl,intfloat/multilingual-e5-large,0.9952927959721438
ind_Latn,vec_Latn,microsoft/harrier-oss-v1-270m,0.9952898550724638
hun_Latn,oci_Latn,microsoft/harrier-oss-v1-270m,0.9952898550724638
mkd_Cyrl,sin_Sinh,intfloat/multilingual-e5-large,0.9952894179551344
heb_Hebr,fra_Latn,intfloat/multilingual-e5-large,0.9952866924000211
mal_Mlym,tgl_Latn,intfloat/multilingual-e5-large,0.9952865859888596
bos_Latn,fra_Latn,intfloat/multilingual-e5-large,0.9952727790995279
mal_Mlym,sin_Sinh,intfloat/multilingual-e5-large,0.9952682807044634
por_Latn,swh_Latn,microsoft/harrier-oss-v1-270m,0.995260576782316
eng_Latn,aeb_Arab,microsoft/harrier-oss-v1-270m,0.9952598063009962
swe_Latn,ron_Latn,intfloat/multilingual-e5-large,0.995259225212896
dan_Latn,nld_Latn,intfloat/multilingual-e5-large,0.995257522049998
tgl_Latn,tur_Latn,microsoft/harrier-oss-v1-270m,0.9952538961586395
mkd_Cyrl,ron_Latn,intfloat/multilingual-e5-large,0.9952479766610203
mag_Deva,npi_Deva,microsoft/harrier-oss-v1-270m,0.9952425797468047
srd_Latn,als_Latn,microsoft/harrier-oss-v1-270m,0.9952314648460894
nld_Latn,slk_Latn,microsoft/harrier-oss-v1-270m,0.9952276429913633
ltz_Latn,slk_Latn,microsoft/harrier-oss-v1-270m,0.9952239789196312
epo_Latn,ltz_Latn,microsoft/harrier-oss-v1-270m,0.9952239789196312
nld_Latn,crh_Latn,microsoft/harrier-oss-v1-270m,0.9952239789196312
por_Latn,sun_Latn,microsoft/harrier-oss-v1-270m,0.9952225364676937
swe_Latn,slk_Latn,microsoft/harrier-oss-v1-270m,0.9952218686347084
ben_Beng,slv_Latn,microsoft/harrier-oss-v1-270m,0.9952062370986107
arb_Arab,npi_Deva,microsoft/harrier-oss-v1-270m,0.9952042442258022
rus_Cyrl,crh_Latn,microsoft/harrier-oss-v1-270m,0.9952004517221908
nob_Latn,est_Latn,microsoft/harrier-oss-v1-270m,0.995192993358054
srp_Cyrl,urd_Arab,intfloat/multilingual-e5-large,0.9951927401749666
azj_Latn,kor_Hang,microsoft/harrier-oss-v1-270m,0.9951834739878218
hrv_Latn,vie_Latn,intfloat/multilingual-e5-large,0.9951795611934293
nld_Latn,rus_Cyrl,microsoft/harrier-oss-v1-270m,0.9951697892271663
eng_Latn,slk_Latn,microsoft/harrier-oss-v1-270m,0.9951667036930757
hrv_Latn,rus_Cyrl,microsoft/harrier-oss-v1-270m,0.9951649102263855
mkd_Cyrl,urd_Arab,intfloat/multilingual-e5-large,0.9951610473239004
ind_Latn,eng_Latn,microsoft/harrier-oss-v1-270m,0.995160284680191
kor_Hang,tha_Thai,microsoft/harrier-oss-v1-270m,0.9951581027667984
epo_Latn,eus_Latn,intfloat/multilingual-e5-large,0.9951530880979904
spa_Latn,fur_Latn,microsoft/harrier-oss-v1-270m,0.995149234823148
rus_Cyrl,ind_Latn,microsoft/harrier-oss-v1-270m,0.995142076355802
kor_Hang,kir_Cyrl,microsoft/harrier-oss-v1-270m,0.9951416337285904
lij_Latn,por_Latn,microsoft/harrier-oss-v1-270m,0.9951354423608428
slv_Latn,swe_Latn,microsoft/harrier-oss-v1-270m,0.9951083099604126
nld_Latn,nno_Latn,intfloat/multilingual-e5-large,0.9950989278276667
npi_Deva,urd_Arab,intfloat/multilingual-e5-large,0.9950977744427794
ukr_Cyrl,eng_Latn,microsoft/harrier-oss-v1-270m,0.995097628038587
fra_Latn,nld_Latn,microsoft/harrier-oss-v1-270m,0.995091725214676
fra_Latn,spa_Latn,microsoft/harrier-oss-v1-270m,0.9950815684780252
ita_Latn,cat_Latn,intfloat/multilingual-e5-large,0.9950785817840018
bos_Latn,sin_Sinh,intfloat/multilingual-e5-large,0.9950756679957355
deu_Latn,ces_Latn,microsoft/harrier-oss-v1-270m,0.9950677296772398
ben_Beng,npi_Deva,intfloat/multilingual-e5-large,0.9950663561248299
hrv_Latn,kat_Geor,intfloat/multilingual-e5-large,0.9950661152817246
nob_Latn,uzn_Latn,microsoft/harrier-oss-v1-270m,0.9950626075185424
slv_Latn,ces_Latn,microsoft/harrier-oss-v1-270m,0.9950604915991585
oci_Latn,tam_Taml,microsoft/harrier-oss-v1-270m,0.9950592885375494
nld_Latn,ind_Latn,microsoft/harrier-oss-v1-270m,0.9950459376688885
bul_Cyrl,tur_Latn,intfloat/multilingual-e5-large,0.9950441924603077
ltz_Latn,rus_Cyrl,microsoft/harrier-oss-v1-270m,0.9950428194993411
bak_Cyrl,rus_Cyrl,microsoft/harrier-oss-v1-270m,0.9950384611824383
heb_Hebr,oci_Latn,microsoft/harrier-oss-v1-270m,0.9950357613401092
eng_Latn,mai_Deva,microsoft/harrier-oss-v1-270m,0.9950355684942285
deu_Latn,slv_Latn,microsoft/harrier-oss-v1-270m,0.9950235330144306
ast_Latn,kor_Hang,microsoft/harrier-oss-v1-270m,0.995018115942029
zsm_Latn,als_Latn,intfloat/multilingual-e5-large,0.9950144061785896
est_Latn,zho_Hant,microsoft/harrier-oss-v1-270m,0.9950098814229248
dan_Latn,zsm_Latn,intfloat/multilingual-e5-large,0.9950038921808599
ben_Beng,tur_Latn,microsoft/harrier-oss-v1-270m,0.9949995316890035
eng_Latn,hye_Armn,microsoft/harrier-oss-v1-270m,0.9949986556710493
ces_Latn,vec_Latn,microsoft/harrier-oss-v1-270m,0.9949934123847168
cym_Latn,als_Latn,intfloat/multilingual-e5-large,0.9949899060333653
est_Latn,mkd_Cyrl,microsoft/harrier-oss-v1-270m,0.9949877782400666
ceb_Latn,war_Latn,intfloat/multilingual-e5-large,0.9949863349408966
bul_Cyrl,ceb_Latn,microsoft/harrier-oss-v1-270m,0.9949795081967212
ita_Latn,dan_Latn,intfloat/multilingual-e5-large,0.9949740919824159
ast_Latn,heb_Hebr,microsoft/harrier-oss-v1-270m,0.9949706091010438
fin_Latn,tgl_Latn,intfloat/multilingual-e5-large,0.994970582022914
fur_Latn,rus_Cyrl,microsoft/harrier-oss-v1-270m,0.9949687088274044
tur_Latn,swe_Latn,intfloat/multilingual-e5-large,0.9949634344925684
bos_Latn,urd_Arab,intfloat/multilingual-e5-large,0.9949624210777259
amh_Ethi,kor_Hang,microsoft/harrier-oss-v1-270m,0.994952724172673
ron_Latn,ces_Latn,microsoft/harrier-oss-v1-270m,0.9949487782056383
ben_Beng,ory_Orya,intfloat/multilingual-e5-large,0.9949429494388956
vec_Latn,ind_Latn,microsoft/harrier-oss-v1-270m,0.9949397355194456
bul_Cyrl,urd_Arab,intfloat/multilingual-e5-large,0.9949374795371819
ekk_Latn,tgl_Latn,intfloat/multilingual-e5-large,0.9949369911899184
rus_Cyrl,nld_Latn,microsoft/harrier-oss-v1-270m,0.9949320948118168
ast_Latn,sin_Sinh,microsoft/harrier-oss-v1-270m,0.994927536231884
arb_Arab,est_Latn,microsoft/harrier-oss-v1-270m,0.9949220465524812
arz_Arab,epo_Latn,microsoft/harrier-oss-v1-270m,0.9949212019864192
swe_Latn,crh_Latn,microsoft/harrier-oss-v1-270m,0.9949165568730788
ars_Arab,est_Latn,microsoft/harrier-oss-v1-270m,0.994911067193676
spa_Latn,nld_Latn,microsoft/harrier-oss-v1-270m,0.9949108729239255
ita_Latn,urd_Arab,intfloat/multilingual-e5-large,0.9949093073933006
dan_Latn,rus_Cyrl,microsoft/harrier-oss-v1-270m,0.9949037675179362
ell_Grek,tgl_Latn,intfloat/multilingual-e5-large,0.9949008849311771
swe_Latn,heb_Hebr,intfloat/multilingual-e5-large,0.9948992907385639
arb_Arab,ckb_Arab,microsoft/harrier-oss-v1-270m,0.9948945981554678
glg_Latn,fur_Latn,microsoft/harrier-oss-v1-270m,0.9948945981554675
fra_Latn,dan_Latn,intfloat/multilingual-e5-large,0.9948780037674371
ceb_Latn,kor_Hang,microsoft/harrier-oss-v1-270m,0.9948710709580276
slv_Latn,hrv_Latn,microsoft/harrier-oss-v1-270m,0.9948622477998303
guj_Gujr,kan_Knda,microsoft/harrier-oss-v1-270m,0.9948583974773795
mkd_Cyrl,tur_Latn,intfloat/multilingual-e5-large,0.9948537079414153
eng_Latn,ell_Grek,intfloat/multilingual-e5-large,0.994843362219075
pol_Latn,spa_Latn,microsoft/harrier-oss-v1-270m,0.9948363496459363
heb_Hebr,als_Latn,intfloat/multilingual-e5-large,0.9948325807003641
fra_Latn,pol_Latn,intfloat/multilingual-e5-large,0.9948282977416976
dan_Latn,deu_Latn,intfloat/multilingual-e5-large,0.9948215273969436
est_Latn,pol_Latn,microsoft/harrier-oss-v1-270m,0.9948197388908852
spa_Latn,srp_Cyrl,intfloat/multilingual-e5-large,0.9948177848288389
epo_Latn,npi_Deva,intfloat/multilingual-e5-large,0.9948167280677164
acm_Arab,ell_Grek,microsoft/harrier-oss-v1-270m,0.9948122529644268
deu_Latn,urd_Arab,intfloat/multilingual-e5-large,0.994810538243138
deu_Latn,vie_Latn,intfloat/multilingual-e5-large,0.9948083278090406
eng_Latn,mal_Mlym,microsoft/harrier-oss-v1-270m,0.9948059048201212
rus_Cyrl,ces_Latn,microsoft/harrier-oss-v1-270m,0.9948045611687297
hne_Deva,urd_Arab,microsoft/harrier-oss-v1-270m,0.994802764983479
slv_Latn,deu_Latn,microsoft/harrier-oss-v1-270m,0.9947771880734411
ell_Grek,vie_Latn,intfloat/multilingual-e5-large,0.9947771678705393
hun_Latn,ita_Latn,intfloat/multilingual-e5-large,0.9947749679571141
est_Latn,kaz_Cyrl,microsoft/harrier-oss-v1-270m,0.9947705582754804
ory_Orya,sin_Sinh,intfloat/multilingual-e5-large,0.9947676179647279
hne_Deva,ita_Latn,microsoft/harrier-oss-v1-270m,0.9947660579206687
mai_Deva,oci_Latn,microsoft/harrier-oss-v1-270m,0.9947628458498023
dan_Latn,srp_Cyrl,intfloat/multilingual-e5-large,0.9947562119515077
eng_Latn,npi_Deva,intfloat/multilingual-e5-large,0.9947513745354796
tur_Latn,ron_Latn,intfloat/multilingual-e5-large,0.9947509527688482
hne_Deva,zho_Hant,microsoft/harrier-oss-v1-270m,0.9947425270479924
ast_Latn,tam_Taml,microsoft/harrier-oss-v1-270m,0.9947418852557192
azj_Latn,zho_Hant,microsoft/harrier-oss-v1-270m,0.994734130603696
deu_Latn,spa_Latn,microsoft/harrier-oss-v1-270m,0.9947316360398023
est_Latn,mal_Mlym,microsoft/harrier-oss-v1-270m,0.9947311894106008
jpn_Jpan,oci_Latn,microsoft/harrier-oss-v1-270m,0.994729907773386
ast_Latn,tel_Telu,microsoft/harrier-oss-v1-270m,0.994729907773386
fra_Latn,crh_Latn,microsoft/harrier-oss-v1-270m,0.994729907773386
swe_Latn,ind_Latn,microsoft/harrier-oss-v1-270m,0.9947275936228182
hrv_Latn,mal_Mlym,intfloat/multilingual-e5-large,0.9947150180414426
ces_Latn,swe_Latn,microsoft/harrier-oss-v1-270m,0.9947122596203646
bul_Cyrl,ces_Latn,microsoft/harrier-oss-v1-270m,0.9947037284859298
als_Latn,urd_Arab,microsoft/harrier-oss-v1-270m,0.9947004901018575
tgk_Cyrl,zho_Hans,microsoft/harrier-oss-v1-270m,0.9946984668822614
deu_Latn,sin_Sinh,intfloat/multilingual-e5-large,0.994695041238163
srp_Cyrl,ukr_Cyrl,intfloat/multilingual-e5-large,0.9946921237137412
pol_Latn,slv_Latn,microsoft/harrier-oss-v1-270m,0.9946872723041138
slv_Latn,pol_Latn,microsoft/harrier-oss-v1-270m,0.9946833272283837
deu_Latn,ind_Latn,intfloat/multilingual-e5-large,0.994681353772205
dan_Latn,ces_Latn,microsoft/harrier-oss-v1-270m,0.9946812940818134
est_Latn,afr_Latn,microsoft/harrier-oss-v1-270m,0.9946805006587616
deu_Latn,ron_Latn,intfloat/multilingual-e5-large,0.9946740917473277
eng_Latn,swh_Latn,microsoft/harrier-oss-v1-270m,0.9946703197737334
cat_Latn,fra_Latn,intfloat/multilingual-e5-large,0.9946696500290819
heb_Hebr,srp_Cyrl,intfloat/multilingual-e5-large,0.9946667275423895
ben_Beng,mal_Mlym,microsoft/harrier-oss-v1-270m,0.9946583246557181
ces_Latn,nld_Latn,microsoft/harrier-oss-v1-270m,0.9946555345343656
nld_Latn,urd_Arab,intfloat/multilingual-e5-large,0.9946504293547753
slv_Latn,nob_Latn,microsoft/harrier-oss-v1-270m,0.9946502698215028
apc_Arab,zho_Hans,microsoft/harrier-oss-v1-270m,0.9946475625823452
plt_Latn,por_Latn,microsoft/harrier-oss-v1-270m,0.9946475625823452
npi_Deva,nob_Latn,microsoft/harrier-oss-v1-270m,0.9946387731857108
ron_Latn,swe_Latn,intfloat/multilingual-e5-large,0.9946377531552159
heb_Hebr,ita_Latn,microsoft/harrier-oss-v1-270m,0.9946278716404595
hin_Deva,kan_Knda,microsoft/harrier-oss-v1-270m,0.9946216427539409
hne_Deva,por_Latn,microsoft/harrier-oss-v1-270m,0.9946112700102236
ben_Beng,ind_Latn,microsoft/harrier-oss-v1-270m,0.9946092778538875
bul_Cyrl,bel_Cyrl,intfloat/multilingual-e5-large,0.9946042280830047
bul_Cyrl,swe_Latn,intfloat/multilingual-e5-large,0.9945966454082749
kan_Knda,tam_Taml,microsoft/harrier-oss-v1-270m,0.9945954223680624
ita_Latn,ind_Latn,microsoft/harrier-oss-v1-270m,0.994593907167812
kan_Knda,tel_Telu,intfloat/multilingual-e5-large,0.9945815610688244
bos_Latn,ron_Latn,intfloat/multilingual-e5-large,0.9945805968502868
epo_Latn,lit_Latn,microsoft/harrier-oss-v1-270m,0.9945730961726048
por_Latn,lit_Latn,microsoft/harrier-oss-v1-270m,0.994572797380076
spa_Latn,est_Latn,microsoft/harrier-oss-v1-270m,0.9945678524374176
bos_Latn,fur_Latn,microsoft/harrier-oss-v1-270m,0.9945652173913044
ltz_Latn,ukr_Cyrl,microsoft/harrier-oss-v1-270m,0.9945652173913044
kaz_Cyrl,nob_Latn,microsoft/harrier-oss-v1-270m,0.9945505129830716
ben_Beng,hye_Armn,microsoft/harrier-oss-v1-270m,0.994546506355749
apc_Arab,nob_Latn,microsoft/harrier-oss-v1-270m,0.994545936566085
bul_Cyrl,ell_Grek,microsoft/harrier-oss-v1-270m,0.9945368892283935
zsm_Latn,urd_Arab,intfloat/multilingual-e5-large,0.9945316520582866
azj_Latn,eng_Latn,microsoft/harrier-oss-v1-270m,0.9945277551854845
bos_Latn,ces_Latn,microsoft/harrier-oss-v1-270m,0.9945220080465982
fur_Latn,glg_Latn,microsoft/harrier-oss-v1-270m,0.994518162996424
crh_Latn,vie_Latn,microsoft/harrier-oss-v1-270m,0.9945169460724184
dan_Latn,crh_Latn,microsoft/harrier-oss-v1-270m,0.99451581027668
ind_Latn,fra_Latn,intfloat/multilingual-e5-large,0.9945114611429141
fra_Latn,ell_Grek,intfloat/multilingual-e5-large,0.9945039534691174
srp_Cyrl,spa_Latn,intfloat/multilingual-e5-large,0.9944981150777403
eng_Latn,fin_Latn,intfloat/multilingual-e5-large,0.9944958420971672
bul_Cyrl,pol_Latn,microsoft/harrier-oss-v1-270m,0.9944911873726447
ron_Latn,fur_Latn,microsoft/harrier-oss-v1-270m,0.9944903581267218
zsm_Latn,nld_Latn,microsoft/harrier-oss-v1-270m,0.9944888197390909
tur_Latn,ita_Latn,microsoft/harrier-oss-v1-270m,0.9944866648359165
kor_Hang,urd_Arab,microsoft/harrier-oss-v1-270m,0.9944839837214025
slk_Latn,swe_Latn,microsoft/harrier-oss-v1-270m,0.9944829760403531
epo_Latn,mya_Mymr,microsoft/harrier-oss-v1-270m,0.9944828722002635
afr_Latn,ltz_Latn,microsoft/harrier-oss-v1-270m,0.9944828722002634
hrv_Latn,tur_Latn,microsoft/harrier-oss-v1-270m,0.994461025516926
cym_Latn,zho_Hans,microsoft/harrier-oss-v1-270m,0.9944593450028232
rus_Cyrl,tgl_Latn,intfloat/multilingual-e5-large,0.9944572360228728
mai_Deva,urd_Arab,intfloat/multilingual-e5-large,0.9944546173118873
zsm_Latn,swe_Latn,microsoft/harrier-oss-v1-270m,0.9944378039191437
glg_Latn,ltz_Latn,microsoft/harrier-oss-v1-270m,0.9944334650856388
mai_Deva,sin_Sinh,intfloat/multilingual-e5-large,0.9944291436609916
mkd_Cyrl,dan_Latn,intfloat/multilingual-e5-large,0.9944273463613398
dan_Latn,ita_Latn,microsoft/harrier-oss-v1-270m,0.9944216463880958
aeb_Arab,eng_Latn,microsoft/harrier-oss-v1-270m,0.9944201530515602
nno_Latn,oci_Latn,microsoft/harrier-oss-v1-270m,0.994419902348291
ces_Latn,ita_Latn,microsoft/harrier-oss-v1-270m,0.9944104585720763
eng_Latn,nno_Latn,intfloat/multilingual-e5-large,0.9944084217536258
srd_Latn,epo_Latn,microsoft/harrier-oss-v1-270m,0.9944005270092228
arb_Arab,mya_Mymr,microsoft/harrier-oss-v1-270m,0.9944005270092228
mkd_Cyrl,swe_Latn,intfloat/multilingual-e5-large,0.9943960594129875
hne_Deva,zho_Hans,microsoft/harrier-oss-v1-270m,0.9943935668383184
ben_Beng,ceb_Latn,microsoft/harrier-oss-v1-270m,0.994386309803564
fra_Latn,slv_Latn,microsoft/harrier-oss-v1-270m,0.9943817984954326
rus_Cyrl,spa_Latn,microsoft/harrier-oss-v1-270m,0.994375925839432
zul_Latn,por_Latn,microsoft/harrier-oss-v1-270m,0.9943742648574582
ben_Beng,slk_Latn,microsoft/harrier-oss-v1-270m,0.9943689388539708
kan_Knda,mar_Deva,intfloat/multilingual-e5-large,0.9943679397398454
kan_Knda,kor_Hang,microsoft/harrier-oss-v1-270m,0.9943630973769312
fra_Latn,glg_Latn,intfloat/multilingual-e5-large,0.9943565002946686
ita_Latn,rus_Cyrl,microsoft/harrier-oss-v1-270m,0.9943549624073266
bak_Cyrl,zho_Hant,microsoft/harrier-oss-v1-270m,0.994351119894598
kat_Geor,als_Latn,intfloat/multilingual-e5-large,0.9943454960239918
ces_Latn,tur_Latn,microsoft/harrier-oss-v1-270m,0.994336402539806
mkd_Cyrl,spa_Latn,intfloat/multilingual-e5-large,0.9943348078880356
tur_Latn,urd_Arab,intfloat/multilingual-e5-large,0.9943341179927725
ron_Latn,vie_Latn,intfloat/multilingual-e5-large,0.9943248597955348
spa_Latn,bul_Cyrl,microsoft/harrier-oss-v1-270m,0.9943217815802464
spa_Latn,pol_Latn,microsoft/harrier-oss-v1-270m,0.9943214238678868
fra_Latn,swe_Latn,microsoft/harrier-oss-v1-270m,0.9943067364151648
ell_Grek,fra_Latn,intfloat/multilingual-e5-large,0.9943054108999532
jav_Latn,kor_Hang,microsoft/harrier-oss-v1-270m,0.9943017127799736
afr_Latn,nld_Latn,microsoft/harrier-oss-v1-270m,0.9942971731938046
vec_Latn,mkd_Cyrl,microsoft/harrier-oss-v1-270m,0.9942927724449464
bos_Latn,mal_Mlym,intfloat/multilingual-e5-large,0.9942902412050156
eng_Latn,hin_Deva,intfloat/multilingual-e5-large,0.9942894399107034
khk_Cyrl,nob_Latn,microsoft/harrier-oss-v1-270m,0.99428738449985
mkd_Cyrl,pol_Latn,intfloat/multilingual-e5-large,0.9942726701903467
dan_Latn,vie_Latn,intfloat/multilingual-e5-large,0.9942716176578295
bul_Cyrl,spa_Latn,microsoft/harrier-oss-v1-270m,0.994267589244296
deu_Latn,fur_Latn,microsoft/harrier-oss-v1-270m,0.9942605401844532
est_Latn,nno_Latn,microsoft/harrier-oss-v1-270m,0.9942578778963218
nob_Latn,lvs_Latn,intfloat/multilingual-e5-large,0.9942541922115216
slv_Latn,fra_Latn,microsoft/harrier-oss-v1-270m,0.9942541634139994
bel_Cyrl,oci_Latn,microsoft/harrier-oss-v1-270m,0.9942433225535992
ces_Latn,fra_Latn,microsoft/harrier-oss-v1-270m,0.994238573043689
sun_Latn,zho_Hans,microsoft/harrier-oss-v1-270m,0.9942385072819856
ast_Latn,mal_Mlym,microsoft/harrier-oss-v1-270m,0.994237256371814
hun_Latn,fra_Latn,intfloat/multilingual-e5-large,0.99422907891855
nld_Latn,tur_Latn,microsoft/harrier-oss-v1-270m,0.994224737275343
bul_Cyrl,vie_Latn,intfloat/multilingual-e5-large,0.9942244972893584
nno_Latn,srp_Cyrl,intfloat/multilingual-e5-large,0.9942243441012998
nob_Latn,sin_Sinh,microsoft/harrier-oss-v1-270m,0.9942180014935976
ben_Beng,vec_Latn,microsoft/harrier-oss-v1-270m,0.9942123094297008
cat_Latn,ltz_Latn,microsoft/harrier-oss-v1-270m,0.9942123094297008
hrv_Latn,ell_Grek,intfloat/multilingual-e5-large,0.9942101543769843
fra_Latn,mkd_Cyrl,intfloat/multilingual-e5-large,0.9942101387842657
ita_Latn,mkd_Cyrl,intfloat/multilingual-e5-large,0.9942075299483684
tam_Taml,tel_Telu,microsoft/harrier-oss-v1-270m,0.9942043476497706
fin_Latn,ita_Latn,intfloat/multilingual-e5-large,0.9942038122412076
ita_Latn,glg_Latn,intfloat/multilingual-e5-large,0.9942029095704893
hrv_Latn,bel_Cyrl,intfloat/multilingual-e5-large,0.9942026265715342
kor_Hang,npi_Deva,microsoft/harrier-oss-v1-270m,0.994199779816614
spa_Latn,swe_Latn,microsoft/harrier-oss-v1-270m,0.994192501557588
est_Latn,hrv_Latn,microsoft/harrier-oss-v1-270m,0.9941887822322606
nld_Latn,slv_Latn,microsoft/harrier-oss-v1-270m,0.9941785614005856
deu_Latn,ell_Grek,intfloat/multilingual-e5-large,0.9941645571163951
spa_Latn,sin_Sinh,intfloat/multilingual-e5-large,0.9941578101928409
mkd_Cyrl,zsm_Latn,intfloat/multilingual-e5-large,0.9941549903551858
ltz_Latn,srp_Cyrl,microsoft/harrier-oss-v1-270m,0.9941534914361002
bjn_Latn,ind_Latn,microsoft/harrier-oss-v1-270m,0.9941528658202682
bos_Latn,kat_Geor,intfloat/multilingual-e5-large,0.9941502919476255
ceb_Latn,ita_Latn,microsoft/harrier-oss-v1-270m,0.9941489907374528
ron_Latn,mkd_Cyrl,intfloat/multilingual-e5-large,0.994146913997503
hrv_Latn,nld_Latn,microsoft/harrier-oss-v1-270m,0.9941395789832812
srd_Latn,ron_Latn,microsoft/harrier-oss-v1-270m,0.994137022397892
rus_Cyrl,pol_Latn,microsoft/harrier-oss-v1-270m,0.9941323555275801
ell_Grek,kor_Hang,microsoft/harrier-oss-v1-270m,0.99412996423866
mkd_Cyrl,vie_Latn,intfloat/multilingual-e5-large,0.9941280506141519
ces_Latn,tgl_Latn,microsoft/harrier-oss-v1-270m,0.9941223211135899
nld_Latn,sin_Sinh,intfloat/multilingual-e5-large,0.9941186827546414
por_Latn,zul_Latn,microsoft/harrier-oss-v1-270m,0.9941144858192914
fra_Latn,ind_Latn,microsoft/harrier-oss-v1-270m,0.9941133243941002
zsm_Latn,ron_Latn,intfloat/multilingual-e5-large,0.9941068998713334
bul_Cyrl,rus_Cyrl,intfloat/multilingual-e5-large,0.9941036734885207
nob_Latn,tgk_Cyrl,microsoft/harrier-oss-v1-270m,0.9940994600102544
nob_Latn,slv_Latn,microsoft/harrier-oss-v1-270m,0.9940979244734186
spa_Latn,urd_Arab,intfloat/multilingual-e5-large,0.9940930534022447
nld_Latn,heb_Hebr,microsoft/harrier-oss-v1-270m,0.9940902379872444
mkd_Cyrl,slv_Latn,microsoft/harrier-oss-v1-270m,0.9940798050251007
ind_Latn,crh_Latn,microsoft/harrier-oss-v1-270m,0.9940711462450592
ast_Latn,tha_Thai,microsoft/harrier-oss-v1-270m,0.9940711462450592
ell_Grek,als_Latn,intfloat/multilingual-e5-large,0.9940710564933981
zsm_Latn,rus_Cyrl,microsoft/harrier-oss-v1-270m,0.9940685290509648
ell_Grek,oci_Latn,microsoft/harrier-oss-v1-270m,0.9940648119995948
deu_Latn,als_Latn,microsoft/harrier-oss-v1-270m,0.9940549269881822
npi_Deva,zho_Hans,microsoft/harrier-oss-v1-270m,0.994054819971188
mkd_Cyrl,ukr_Cyrl,intfloat/multilingual-e5-large,0.9940457825614633
afr_Latn,fra_Latn,intfloat/multilingual-e5-large,0.9940368851081545
nld_Latn,mkd_Cyrl,intfloat/multilingual-e5-large,0.9940298919858341
mkd_Cyrl,rus_Cyrl,intfloat/multilingual-e5-large,0.9940265217082751
eng_Latn,pan_Guru,intfloat/multilingual-e5-large,0.9940226165791918
acm_Arab,slv_Latn,microsoft/harrier-oss-v1-270m,0.9940217391304348
bul_Cyrl,jav_Latn,intfloat/multilingual-e5-large,0.9940210882755875
hin_Deva,eng_Latn,intfloat/multilingual-e5-large,0.9940199504796472
nob_Latn,swh_Latn,microsoft/harrier-oss-v1-270m,0.9940144195578978
zsm_Latn,mal_Mlym,intfloat/multilingual-e5-large,0.9940132737365748
slk_Latn,ita_Latn,microsoft/harrier-oss-v1-270m,0.9940046557403497
ita_Latn,vie_Latn,microsoft/harrier-oss-v1-270m,0.9940030110404818
slk_Latn,pol_Latn,microsoft/harrier-oss-v1-270m,0.9940006459505119
kaz_Cyrl,kor_Hang,microsoft/harrier-oss-v1-270m,0.993996054564718
kir_Cyrl,nob_Latn,microsoft/harrier-oss-v1-270m,0.99399552311043
hun_Latn,hrv_Latn,intfloat/multilingual-e5-large,0.993995145683492
eng_Latn,kat_Geor,intfloat/multilingual-e5-large,0.9939892162024582
deu_Latn,nno_Latn,intfloat/multilingual-e5-large,0.9939891760321198
kor_Hang,mya_Mymr,microsoft/harrier-oss-v1-270m,0.9939888010540184
als_Latn,swe_Latn,microsoft/harrier-oss-v1-270m,0.9939800100368016
bul_Cyrl,sin_Sinh,intfloat/multilingual-e5-large,0.993975462547273
fin_Latn,ron_Latn,intfloat/multilingual-e5-large,0.993972785450868
jav_Latn,urd_Arab,intfloat/multilingual-e5-large,0.9939718923272024
kaz_Cyrl,als_Latn,intfloat/multilingual-e5-large,0.9939712408216546
bos_Latn,ell_Grek,intfloat/multilingual-e5-large,0.993970884846464
ben_Beng,mkd_Cyrl,microsoft/harrier-oss-v1-270m,0.9939662601255108
hrv_Latn,spa_Latn,microsoft/harrier-oss-v1-270m,0.9939610197817867
fra_Latn,tur_Latn,microsoft/harrier-oss-v1-270m,0.993956711499477
heb_Hebr,urd_Arab,intfloat/multilingual-e5-large,0.9939523798843115
vec_Latn,tgl_Latn,microsoft/harrier-oss-v1-270m,0.9939490187019832
spa_Latn,als_Latn,intfloat/multilingual-e5-large,0.9939432971916871
kir_Cyrl,zho_Hant,microsoft/harrier-oss-v1-270m,0.993939393939394
ceb_Latn,est_Latn,microsoft/harrier-oss-v1-270m,0.993939393939394
ron_Latn,deu_Latn,intfloat/multilingual-e5-large,0.9939360425534821
nno_Latn,fra_Latn,intfloat/multilingual-e5-large,0.993933046320516
zsm_Latn,vie_Latn,microsoft/harrier-oss-v1-270m,0.9939228059795593
kor_Hang,nno_Latn,microsoft/harrier-oss-v1-270m,0.9939169680150254
ron_Latn,spa_Latn,intfloat/multilingual-e5-large,0.9939163507186156
dan_Latn,urd_Arab,intfloat/multilingual-e5-large,0.9939146588550303
hun_Latn,swe_Latn,intfloat/multilingual-e5-large,0.9939129686145012
xho_Latn,por_Latn,microsoft/harrier-oss-v1-270m,0.9939081864098996
ben_Beng,ltz_Latn,microsoft/harrier-oss-v1-270m,0.9939064558629775
hun_Latn,ltz_Latn,microsoft/harrier-oss-v1-270m,0.9939064558629775
swh_Latn,zho_Hans,microsoft/harrier-oss-v1-270m,0.9939064558629775
ind_Latn,tgl_Latn,microsoft/harrier-oss-v1-270m,0.9939018909979869
kor_Hang,uzn_Latn,microsoft/harrier-oss-v1-270m,0.9939016371731764
ell_Grek,hrv_Latn,intfloat/multilingual-e5-large,0.9938961211831464
guj_Gujr,pan_Guru,intfloat/multilingual-e5-large,0.993891132151971
heb_Hebr,swe_Latn,microsoft/harrier-oss-v1-270m,0.993889799488771
ceb_Latn,deu_Latn,microsoft/harrier-oss-v1-270m,0.9938896299604851
ces_Latn,ltz_Latn,microsoft/harrier-oss-v1-270m,0.9938829286655374
kor_Hang,bak_Cyrl,microsoft/harrier-oss-v1-270m,0.9938785851829328
ita_Latn,ell_Grek,intfloat/multilingual-e5-large,0.9938767603522973
dan_Latn,als_Latn,intfloat/multilingual-e5-large,0.9938670856347264
arb_Arab,kat_Geor,microsoft/harrier-oss-v1-270m,0.993857048748353
spa_Latn,zsm_Latn,intfloat/multilingual-e5-large,0.9938467285075976
spa_Latn,ron_Latn,intfloat/multilingual-e5-large,0.9938451376482036
ekk_Latn,eng_Latn,intfloat/multilingual-e5-large,0.9938363499144502
hrv_Latn,dan_Latn,intfloat/multilingual-e5-large,0.9938333029922479
kat_Geor,nob_Latn,microsoft/harrier-oss-v1-270m,0.9938277704582053
spa_Latn,glg_Latn,intfloat/multilingual-e5-large,0.9938249531589818
slk_Latn,eng_Latn,microsoft/harrier-oss-v1-270m,0.9938231850117096
bos_Latn,slv_Latn,microsoft/harrier-oss-v1-270m,0.9938210288111011
ceb_Latn,nld_Latn,microsoft/harrier-oss-v1-270m,0.9938159597193807
est_Latn,srp_Cyrl,microsoft/harrier-oss-v1-270m,0.9938005834744964
deu_Latn,tur_Latn,microsoft/harrier-oss-v1-270m,0.9937874056726517
glg_Latn,tgl_Latn,intfloat/multilingual-e5-large,0.9937850272401236
srp_Cyrl,heb_Hebr,intfloat/multilingual-e5-large,0.9937782112389606
ben_Beng,rus_Cyrl,microsoft/harrier-oss-v1-270m,0.9937754985874131
ell_Grek,zsm_Latn,intfloat/multilingual-e5-large,0.993758828136424
kaz_Cyrl,oci_Latn,microsoft/harrier-oss-v1-270m,0.993753013614864
vec_Latn,rus_Cyrl,microsoft/harrier-oss-v1-270m,0.9937503580225696
spa_Latn,vie_Latn,intfloat/multilingual-e5-large,0.9937499090869419
hun_Latn,mkd_Cyrl,intfloat/multilingual-e5-large,0.9937493916441714
ast_Latn,bel_Cyrl,microsoft/harrier-oss-v1-270m,0.993741765480896
est_Latn,zsm_Latn,microsoft/harrier-oss-v1-270m,0.993741765480896
bos_Latn,deu_Latn,microsoft/harrier-oss-v1-270m,0.9937355557034724
ell_Grek,ita_Latn,microsoft/harrier-oss-v1-270m,0.993732110330471
bel_Cyrl,rus_Cyrl,microsoft/harrier-oss-v1-270m,0.9937297429177074
ars_Arab,sin_Sinh,intfloat/multilingual-e5-large,0.9937252964426876
rus_Cyrl,hrv_Latn,microsoft/harrier-oss-v1-270m,0.9937070394476718
fra_Latn,ltz_Latn,microsoft/harrier-oss-v1-270m,0.9937005928853756
ita_Latn,mal_Mlym,intfloat/multilingual-e5-large,0.9936961995566478
ukr_Cyrl,pol_Latn,microsoft/harrier-oss-v1-270m,0.9936856464113109
pol_Latn,tur_Latn,microsoft/harrier-oss-v1-270m,0.993673134386911
ita_Latn,heb_Hebr,microsoft/harrier-oss-v1-270m,0.993671852915438
deu_Latn,hin_Deva,microsoft/harrier-oss-v1-270m,0.9936711533286189
fin_Latn,fra_Latn,intfloat/multilingual-e5-large,0.9936647150436666
bos_Latn,vie_Latn,intfloat/multilingual-e5-large,0.9936643057188318
spa_Latn,rus_Cyrl,microsoft/harrier-oss-v1-270m,0.9936614418442056
jav_Latn,oci_Latn,microsoft/harrier-oss-v1-270m,0.993659420289855
ast_Latn,uzn_Latn,microsoft/harrier-oss-v1-270m,0.9936522861519228
bos_Latn,srd_Latn,microsoft/harrier-oss-v1-270m,0.9936433790188732
mai_Deva,npi_Deva,intfloat/multilingual-e5-large,0.9936334662881191
ces_Latn,slv_Latn,microsoft/harrier-oss-v1-270m,0.993623647378993
cat_Latn,als_Latn,intfloat/multilingual-e5-large,0.9936230770255422
pan_Guru,sin_Sinh,intfloat/multilingual-e5-large,0.9936227024341779
ceb_Latn,fra_Latn,microsoft/harrier-oss-v1-270m,0.9936215407033175
amh_Ethi,ben_Beng,microsoft/harrier-oss-v1-270m,0.9936179467946351
slv_Latn,nld_Latn,microsoft/harrier-oss-v1-270m,0.9936163904401609
eng_Latn,afr_Latn,microsoft/harrier-oss-v1-270m,0.9936151814448322
arb_Arab,fur_Latn,microsoft/harrier-oss-v1-270m,0.9936100131752306
oci_Latn,sin_Sinh,microsoft/harrier-oss-v1-270m,0.9936100131752306
heb_Hebr,nld_Latn,microsoft/harrier-oss-v1-270m,0.9935994094067354
ben_Beng,guj_Gujr,intfloat/multilingual-e5-large,0.9935973762601652
fra_Latn,srd_Latn,microsoft/harrier-oss-v1-270m,0.9935947204968943
nld_Latn,ell_Grek,microsoft/harrier-oss-v1-270m,0.9935939739078422
arb_Arab,lit_Latn,microsoft/harrier-oss-v1-270m,0.993583473886201
ars_Arab,lit_Latn,microsoft/harrier-oss-v1-270m,0.9935834085682872
bos_Latn,ind_Latn,intfloat/multilingual-e5-large,0.9935829576231587
bel_Cyrl,eng_Latn,intfloat/multilingual-e5-large,0.9935752569186814
afr_Latn,bos_Latn,intfloat/multilingual-e5-large,0.9935747416636582
pol_Latn,ron_Latn,microsoft/harrier-oss-v1-270m,0.9935717820108552
spa_Latn,ind_Latn,intfloat/multilingual-e5-large,0.9935692466547184
cym_Latn,sin_Sinh,intfloat/multilingual-e5-large,0.9935652958470194
ekk_Latn,srp_Cyrl,intfloat/multilingual-e5-large,0.9935499609679938
ltz_Latn,pol_Latn,microsoft/harrier-oss-v1-270m,0.9935276679841898
pan_Guru,tgl_Latn,intfloat/multilingual-e5-large,0.9935251046905174
heb_Hebr,deu_Latn,microsoft/harrier-oss-v1-270m,0.9935234435574267
bos_Latn,spa_Latn,intfloat/multilingual-e5-large,0.9935214365291944
heb_Hebr,pol_Latn,microsoft/harrier-oss-v1-270m,0.9935204941174294
nld_Latn,ukr_Cyrl,microsoft/harrier-oss-v1-270m,0.9935187653474218
hrv_Latn,urd_Arab,intfloat/multilingual-e5-large,0.993514969884222
ind_Latn,ltz_Latn,microsoft/harrier-oss-v1-270m,0.9935111989459816
dan_Latn,spa_Latn,intfloat/multilingual-e5-large,0.9935103311395186
ilo_Latn,por_Latn,microsoft/harrier-oss-v1-270m,0.9935057092665788
vec_Latn,srp_Cyrl,microsoft/harrier-oss-v1-270m,0.993499201139866
ben_Beng,ell_Grek,microsoft/harrier-oss-v1-270m,0.9934979192819535
ell_Grek,tur_Latn,microsoft/harrier-oss-v1-270m,0.9934955738920982
khm_Khmr,por_Latn,microsoft/harrier-oss-v1-270m,0.9934947299077734
hrv_Latn,est_Latn,microsoft/harrier-oss-v1-270m,0.9934947299077734
hin_Deva,ita_Latn,microsoft/harrier-oss-v1-270m,0.9934846192646298
nno_Latn,swe_Latn,intfloat/multilingual-e5-large,0.9934803251555597
est_Latn,kor_Hang,microsoft/harrier-oss-v1-270m,0.9934602233515276
rus_Cyrl,vie_Latn,microsoft/harrier-oss-v1-270m,0.9934548714191827
bel_Cyrl,hrv_Latn,intfloat/multilingual-e5-large,0.9934519952606196
spa_Latn,ces_Latn,microsoft/harrier-oss-v1-270m,0.9934515612718772
lvs_Latn,hrv_Latn,intfloat/multilingual-e5-large,0.9934496103998955
hat_Latn,por_Latn,microsoft/harrier-oss-v1-270m,0.993447569532926
ind_Latn,zsm_Latn,microsoft/harrier-oss-v1-270m,0.9934462512316642
urd_Arab,vie_Latn,microsoft/harrier-oss-v1-270m,0.993445078743362
kor_Hang,slv_Latn,microsoft/harrier-oss-v1-270m,0.9934423284225656
slv_Latn,slk_Latn,microsoft/harrier-oss-v1-270m,0.9934419341278412
asm_Beng,ben_Beng,intfloat/multilingual-e5-large,0.9934355390788034
ceb_Latn,vie_Latn,microsoft/harrier-oss-v1-270m,0.9934353333765309
ces_Latn,rus_Cyrl,microsoft/harrier-oss-v1-270m,0.9934328649492584
arb_Arab,sun_Latn,microsoft/harrier-oss-v1-270m,0.9934327949351488
ces_Latn,als_Latn,intfloat/multilingual-e5-large,0.993430513151103
pap_Latn,hun_Latn,microsoft/harrier-oss-v1-270m,0.9934277912363464
slk_Latn,fra_Latn,microsoft/harrier-oss-v1-270m,0.9934230227463414
ind_Latn,rus_Cyrl,microsoft/harrier-oss-v1-270m,0.9934206498462939
glg_Latn,fra_Latn,intfloat/multilingual-e5-large,0.99341810366846
fra_Latn,jav_Latn,intfloat/multilingual-e5-large,0.9934171313213989
ast_Latn,fin_Latn,microsoft/harrier-oss-v1-270m,0.9934156139399106
ast_Latn,urd_Arab,microsoft/harrier-oss-v1-270m,0.9934114044168392
ban_Latn,eng_Latn,microsoft/harrier-oss-v1-270m,0.9934060504712678
eng_Latn,zul_Latn,microsoft/harrier-oss-v1-270m,0.9934032358812767
fra_Latn,rus_Cyrl,microsoft/harrier-oss-v1-270m,0.9933853259672931
ekk_Latn,pol_Latn,intfloat/multilingual-e5-large,0.9933839944728482
fur_Latn,nob_Latn,microsoft/harrier-oss-v1-270m,0.9933836173707714
spa_Latn,crh_Latn,microsoft/harrier-oss-v1-270m,0.9933740803244956
fra_Latn,mal_Mlym,intfloat/multilingual-e5-large,0.993372687000236
bos_Latn,pan_Guru,intfloat/multilingual-e5-large,0.9933685695175087
slk_Latn,fur_Latn,microsoft/harrier-oss-v1-270m,0.993362977602108
slv_Latn,mkd_Cyrl,microsoft/harrier-oss-v1-270m,0.9933475885008315
pol_Latn,mkd_Cyrl,microsoft/harrier-oss-v1-270m,0.9933465599894681
ita_Latn,bel_Cyrl,intfloat/multilingual-e5-large,0.9933362688257661
heb_Hebr,sin_Sinh,intfloat/multilingual-e5-large,0.9933337035974242
arb_Arab,tgk_Cyrl,microsoft/harrier-oss-v1-270m,0.9933300395256917
deu_Latn,crh_Latn,microsoft/harrier-oss-v1-270m,0.9933300395256917
cat_Latn,hrv_Latn,intfloat/multilingual-e5-large,0.9933292042473467
ben_Beng,hin_Deva,microsoft/harrier-oss-v1-270m,0.99332127261421
mkd_Cyrl,heb_Hebr,intfloat/multilingual-e5-large,0.9933012503906509
als_Latn,ukr_Cyrl,microsoft/harrier-oss-v1-270m,0.9932821696682301
ces_Latn,fur_Latn,microsoft/harrier-oss-v1-270m,0.9932806324110672
pol_Latn,ukr_Cyrl,microsoft/harrier-oss-v1-270m,0.9932792696335107
eng_Latn,ban_Latn,microsoft/harrier-oss-v1-270m,0.9932791352257756
xho_Latn,zul_Latn,intfloat/multilingual-e5-large,0.9932773358808955
eng_Latn,bel_Cyrl,intfloat/multilingual-e5-large,0.9932746265353952
bos_Latn,cat_Latn,intfloat/multilingual-e5-large,0.9932577633620041
azj_Latn,tur_Latn,microsoft/harrier-oss-v1-270m,0.9932537868647839
ltz_Latn,ron_Latn,microsoft/harrier-oss-v1-270m,0.9932523997741388
fin_Latn,ast_Latn,microsoft/harrier-oss-v1-270m,0.993248870694523
mya_Mymr,zho_Hant,microsoft/harrier-oss-v1-270m,0.993248870694523
fra_Latn,kat_Geor,intfloat/multilingual-e5-large,0.9932486509588646
snd_Arab,urd_Arab,intfloat/multilingual-e5-large,0.9932423124537186
ben_Beng,crh_Latn,microsoft/harrier-oss-v1-270m,0.993233970136144
ben_Beng,ukr_Cyrl,microsoft/harrier-oss-v1-270m,0.9932298946598661
est_Latn,oci_Latn,microsoft/harrier-oss-v1-270m,0.9932241671372106
bos_Latn,pol_Latn,microsoft/harrier-oss-v1-270m,0.9932216739154678
nno_Latn,deu_Latn,intfloat/multilingual-e5-large,0.9932055884310453
fin_Latn,hrv_Latn,intfloat/multilingual-e5-large,0.9931994161949106
hrv_Latn,hye_Armn,intfloat/multilingual-e5-large,0.9931985196240363
rus_Cyrl,ita_Latn,microsoft/harrier-oss-v1-270m,0.993192124861014
aeb_Arab,deu_Latn,microsoft/harrier-oss-v1-270m,0.9931876653287168
dan_Latn,mkd_Cyrl,intfloat/multilingual-e5-large,0.993187190710628
ind_Latn,deu_Latn,microsoft/harrier-oss-v1-270m,0.9931827269739277
mai_Deva,pan_Guru,intfloat/multilingual-e5-large,0.9931764901962694
srp_Cyrl,slk_Latn,intfloat/multilingual-e5-large,0.993174643494437
jav_Latn,sin_Sinh,intfloat/multilingual-e5-large,0.9931609522575309
afr_Latn,tgl_Latn,intfloat/multilingual-e5-large,0.993146769881843
deu_Latn,ukr_Cyrl,microsoft/harrier-oss-v1-270m,0.9931366815399332
ita_Latn,crh_Latn,microsoft/harrier-oss-v1-270m,0.9931324110671936
tur_Latn,slk_Latn,microsoft/harrier-oss-v1-270m,0.993129016979694
epo_Latn,xho_Latn,intfloat/multilingual-e5-large,0.9931226186660972
afr_Latn,als_Latn,intfloat/multilingual-e5-large,0.993119706973948
hrv_Latn,heb_Hebr,microsoft/harrier-oss-v1-270m,0.9931177043436488
ast_Latn,cym_Latn,intfloat/multilingual-e5-large,0.9931159420289856
arb_Arab,swh_Latn,microsoft/harrier-oss-v1-270m,0.9931159420289856
bul_Cyrl,ind_Latn,microsoft/harrier-oss-v1-270m,0.9931128291775155
hun_Latn,nld_Latn,intfloat/multilingual-e5-large,0.9931109768513318
bul_Cyrl,heb_Hebr,microsoft/harrier-oss-v1-270m,0.9930975426953432
fra_Latn,ukr_Cyrl,microsoft/harrier-oss-v1-270m,0.9930962033617956
ltz_Latn,hun_Latn,microsoft/harrier-oss-v1-270m,0.9930924148315452
ron_Latn,hrv_Latn,intfloat/multilingual-e5-large,0.9930849131267877
swh_Latn,zul_Latn,intfloat/multilingual-e5-large,0.9930833478610563
rus_Cyrl,ukr_Cyrl,microsoft/harrier-oss-v1-270m,0.9930824707339914
tgl_Latn,ukr_Cyrl,microsoft/harrier-oss-v1-270m,0.9930668944341814
bul_Cyrl,zsm_Latn,intfloat/multilingual-e5-large,0.9930664127786366
srp_Cyrl,ell_Grek,intfloat/multilingual-e5-large,0.9930586475178422
bul_Cyrl,slk_Latn,intfloat/multilingual-e5-large,0.9930576299660259
srd_Latn,oci_Latn,microsoft/harrier-oss-v1-270m,0.9930555555555556
slk_Latn,ind_Latn,microsoft/harrier-oss-v1-270m,0.9930499758814086
bho_Deva,urd_Arab,microsoft/harrier-oss-v1-270m,0.9930445193109253
heb_Hebr,crh_Latn,microsoft/harrier-oss-v1-270m,0.9930418313570488
aeb_Arab,ind_Latn,microsoft/harrier-oss-v1-270m,0.9930409260107996
mkd_Cyrl,fur_Latn,microsoft/harrier-oss-v1-270m,0.9930390865173474
ben_Beng,heb_Hebr,microsoft/harrier-oss-v1-270m,0.9930317868416076
fur_Latn,mkd_Cyrl,microsoft/harrier-oss-v1-270m,0.993023638814842
fra_Latn,hye_Armn,intfloat/multilingual-e5-large,0.9930176144752709
ces_Latn,deu_Latn,microsoft/harrier-oss-v1-270m,0.9930119471222216
est_Latn,uzn_Latn,microsoft/harrier-oss-v1-270m,0.993009376785608
ben_Beng,ron_Latn,microsoft/harrier-oss-v1-270m,0.9930058821761574
hrv_Latn,cat_Latn,intfloat/multilingual-e5-large,0.9930027737142433
cym_Latn,oci_Latn,microsoft/harrier-oss-v1-270m,0.9930006587615284
pan_Guru,zho_Hant,microsoft/harrier-oss-v1-270m,0.9930006587615284
heb_Hebr,hrv_Latn,microsoft/harrier-oss-v1-270m,0.9929999516599659
ita_Latn,npi_Deva,intfloat/multilingual-e5-large,0.9929939630858062
swe_Latn,spa_Latn,microsoft/harrier-oss-v1-270m,0.9929938710810059
hrv_Latn,pan_Guru,intfloat/multilingual-e5-large,0.9929924674031689
hrv_Latn,slk_Latn,microsoft/harrier-oss-v1-270m,0.9929896642775558
est_Latn,mar_Deva,microsoft/harrier-oss-v1-270m,0.9929841897233204
heb_Hebr,vie_Latn,microsoft/harrier-oss-v1-270m,0.9929831045060845
ind_Latn,nld_Latn,microsoft/harrier-oss-v1-270m,0.9929827048100393
bel_Cyrl,est_Latn,microsoft/harrier-oss-v1-270m,0.9929800724637684
fin_Latn,mkd_Cyrl,intfloat/multilingual-e5-large,0.9929792848638825
hin_Deva,vec_Latn,microsoft/harrier-oss-v1-270m,0.9929787000439174
fur_Latn,pol_Latn,microsoft/harrier-oss-v1-270m,0.992977131564088
ars_Arab,lvs_Latn,microsoft/harrier-oss-v1-270m,0.992977131564088
pol_Latn,fur_Latn,microsoft/harrier-oss-v1-270m,0.992977131564088
fra_Latn,heb_Hebr,microsoft/harrier-oss-v1-270m,0.9929698227052111
hne_Deva,nld_Latn,microsoft/harrier-oss-v1-270m,0.9929613319676143
srd_Latn,rus_Cyrl,microsoft/harrier-oss-v1-270m,0.992959486166008
vec_Latn,zho_Hans,microsoft/harrier-oss-v1-270m,0.992954567560637
glg_Latn,spa_Latn,microsoft/harrier-oss-v1-270m,0.992947932287183
bos_Latn,swe_Latn,microsoft/harrier-oss-v1-270m,0.9929348266877541
ita_Latn,kat_Geor,intfloat/multilingual-e5-large,0.9929329414250121
cat_Latn,zsm_Latn,intfloat/multilingual-e5-large,0.9929286715731466
arb_Arab,zul_Latn,microsoft/harrier-oss-v1-270m,0.9929282948057652
ben_Beng,bho_Deva,microsoft/harrier-oss-v1-270m,0.9929233367465218
tur_Latn,pol_Latn,microsoft/harrier-oss-v1-270m,0.9929220189663372
kaz_Cyrl,tat_Cyrl,intfloat/multilingual-e5-large,0.9929108043474377
spa_Latn,srd_Latn,microsoft/harrier-oss-v1-270m,0.992904767608325
srd_Latn,dan_Latn,microsoft/harrier-oss-v1-270m,0.9929045893719808
rus_Cyrl,swe_Latn,microsoft/harrier-oss-v1-270m,0.9929034451530887
vec_Latn,nld_Latn,microsoft/harrier-oss-v1-270m,0.992899099692578
hne_Deva,vie_Latn,microsoft/harrier-oss-v1-270m,0.9928983918440044
hrv_Latn,npi_Deva,intfloat/multilingual-e5-large,0.992890789471143
tur_Latn,nld_Latn,microsoft/harrier-oss-v1-270m,0.9928892558286839
hne_Deva,pol_Latn,microsoft/harrier-oss-v1-270m,0.9928800700746367
est_Latn,tam_Taml,microsoft/harrier-oss-v1-270m,0.9928757685551164
heb_Hebr,mkd_Cyrl,intfloat/multilingual-e5-large,0.9928748034073994
als_Latn,vie_Latn,intfloat/multilingual-e5-large,0.9928656961017464
ukr_Cyrl,rus_Cyrl,microsoft/harrier-oss-v1-270m,0.9928600538576087
bel_Cyrl,als_Latn,intfloat/multilingual-e5-large,0.9928574844698457
ita_Latn,tur_Latn,microsoft/harrier-oss-v1-270m,0.9928534622557634
deu_Latn,pan_Guru,intfloat/multilingual-e5-large,0.9928418028563608
mya_Mymr,nob_Latn,microsoft/harrier-oss-v1-270m,0.992840860172974
oci_Latn,slv_Latn,microsoft/harrier-oss-v1-270m,0.9928359683794468
als_Latn,tur_Latn,microsoft/harrier-oss-v1-270m,0.992833191872145
ceb_Latn,jav_Latn,intfloat/multilingual-e5-large,0.9928213221898402
hin_Deva,urd_Arab,microsoft/harrier-oss-v1-270m,0.9928197873206357
sin_Sinh,swe_Latn,microsoft/harrier-oss-v1-270m,0.992810843316138
ita_Latn,pan_Guru,intfloat/multilingual-e5-large,0.9928077577820476
eng_Latn,hun_Latn,intfloat/multilingual-e5-large,0.9928053319268573
fur_Latn,ind_Latn,microsoft/harrier-oss-v1-270m,0.9928038613095456
kir_Cyrl,tgl_Latn,intfloat/multilingual-e5-large,0.9928014131078993
eng_Latn,kaz_Cyrl,microsoft/harrier-oss-v1-270m,0.992796674042027
mai_Deva,mal_Mlym,intfloat/multilingual-e5-large,0.99279530816286
slk_Latn,nld_Latn,microsoft/harrier-oss-v1-270m,0.9927918287123053
bul_Cyrl,ukr_Cyrl,intfloat/multilingual-e5-large,0.9927909110738186
cat_Latn,srd_Latn,microsoft/harrier-oss-v1-270m,0.9927865612648222
cym_Latn,est_Latn,microsoft/harrier-oss-v1-270m,0.9927810715854194
hun_Latn,als_Latn,intfloat/multilingual-e5-large,0.9927643114417628
swe_Latn,ell_Grek,intfloat/multilingual-e5-large,0.9927616648616292
ltz_Latn,slv_Latn,microsoft/harrier-oss-v1-270m,0.992753623188406
pol_Latn,als_Latn,intfloat/multilingual-e5-large,0.9927530907596702
pol_Latn,rus_Cyrl,microsoft/harrier-oss-v1-270m,0.9927436337717879
bul_Cyrl,kat_Geor,intfloat/multilingual-e5-large,0.9927395840082939
bel_Cyrl,ukr_Cyrl,microsoft/harrier-oss-v1-270m,0.9927357389115274
ron_Latn,srd_Latn,microsoft/harrier-oss-v1-270m,0.9927300959909656
bos_Latn,tur_Latn,intfloat/multilingual-e5-large,0.9927299574393675
heb_Hebr,spa_Latn,microsoft/harrier-oss-v1-270m,0.9927224152360632
zsm_Latn,tur_Latn,microsoft/harrier-oss-v1-270m,0.992717351100916
vec_Latn,slk_Latn,microsoft/harrier-oss-v1-270m,0.9927165678524374
npi_Deva,als_Latn,intfloat/multilingual-e5-large,0.9927142612050246
epo_Latn,srd_Latn,microsoft/harrier-oss-v1-270m,0.9927117020002396
fin_Latn,swe_Latn,intfloat/multilingual-e5-large,0.9927107999749958
ell_Grek,srp_Cyrl,intfloat/multilingual-e5-large,0.9927099979847562
spa_Latn,hin_Deva,microsoft/harrier-oss-v1-270m,0.9927081026697318
bos_Latn,slk_Latn,intfloat/multilingual-e5-large,0.9927043773183806
srd_Latn,tgl_Latn,microsoft/harrier-oss-v1-270m,0.9927034674811356
ben_Beng,tel_Telu,intfloat/multilingual-e5-large,0.9927004197648734
ces_Latn,spa_Latn,microsoft/harrier-oss-v1-270m,0.9927001232311752
ekk_Latn,ita_Latn,intfloat/multilingual-e5-large,0.9926907279448056
ind_Latn,sin_Sinh,intfloat/multilingual-e5-large,0.9926880427325901
hne_Deva,swe_Latn,microsoft/harrier-oss-v1-270m,0.9926810759566926
acm_Arab,pol_Latn,microsoft/harrier-oss-v1-270m,0.9926712779973648
glg_Latn,srd_Latn,microsoft/harrier-oss-v1-270m,0.9926571616789008
nld_Latn,fur_Latn,microsoft/harrier-oss-v1-270m,0.992655236726383
hrv_Latn,lvs_Latn,intfloat/multilingual-e5-large,0.9926457145628351
npi_Deva,pan_Guru,intfloat/multilingual-e5-large,0.9926398028231715
ita_Latn,ukr_Cyrl,microsoft/harrier-oss-v1-270m,0.992633313968617
eng_Latn,pcm_Latn,intfloat/multilingual-e5-large,0.9926332224002627
eng_Latn,bho_Deva,microsoft/harrier-oss-v1-270m,0.9926329126868787
ceb_Latn,swe_Latn,microsoft/harrier-oss-v1-270m,0.9926281282724109
mai_Deva,ory_Orya,intfloat/multilingual-e5-large,0.9926268456239444
hun_Latn,ron_Latn,intfloat/multilingual-e5-large,0.9926247095741039
ltz_Latn,oci_Latn,microsoft/harrier-oss-v1-270m,0.9926189815777916
ron_Latn,bel_Cyrl,intfloat/multilingual-e5-large,0.9926166282420816
pol_Latn,crh_Latn,microsoft/harrier-oss-v1-270m,0.9926163812033376
hye_Armn,als_Latn,intfloat/multilingual-e5-large,0.9926152769310925
spa_Latn,heb_Hebr,microsoft/harrier-oss-v1-270m,0.9926145744923471
swe_Latn,ukr_Cyrl,microsoft/harrier-oss-v1-270m,0.9926117336176138
rus_Cyrl,mkd_Cyrl,intfloat/multilingual-e5-large,0.9926104991271654
kat_Geor,sin_Sinh,intfloat/multilingual-e5-large,0.9926084921298981
hrv_Latn,ukr_Cyrl,microsoft/harrier-oss-v1-270m,0.9926046626019895
ind_Latn,hrv_Latn,intfloat/multilingual-e5-large,0.9926037423549804
aeb_Arab,bos_Latn,microsoft/harrier-oss-v1-270m,0.992600967872707
ceb_Latn,urd_Arab,microsoft/harrier-oss-v1-270m,0.9925950144495483
deu_Latn,slk_Latn,microsoft/harrier-oss-v1-270m,0.9925929871212431
plt_Latn,nob_Latn,microsoft/harrier-oss-v1-270m,0.9925909130513992
pol_Latn,srp_Cyrl,intfloat/multilingual-e5-large,0.9925873804904077
swh_Latn,tgl_Latn,intfloat/multilingual-e5-large,0.9925807947101604
ita_Latn,slv_Latn,microsoft/harrier-oss-v1-270m,0.9925642962859131
cat_Latn,ita_Latn,microsoft/harrier-oss-v1-270m,0.9925598340030757
hrv_Latn,nno_Latn,intfloat/multilingual-e5-large,0.9925586513979876
eng_Latn,ekk_Latn,intfloat/multilingual-e5-large,0.992556038808966
spa_Latn,ltz_Latn,microsoft/harrier-oss-v1-270m,0.9925519120691756
vec_Latn,pol_Latn,microsoft/harrier-oss-v1-270m,0.9925427976860456
est_Latn,mlt_Latn,microsoft/harrier-oss-v1-270m,0.9925395256916996
ron_Latn,urd_Arab,intfloat/multilingual-e5-large,0.9925391180103453
heb_Hebr,jav_Latn,intfloat/multilingual-e5-large,0.9925359130455352
nno_Latn,ita_Latn,intfloat/multilingual-e5-large,0.9925326539589923
zsm_Latn,pol_Latn,microsoft/harrier-oss-v1-270m,0.9925318889948256
nob_Latn,sun_Latn,microsoft/harrier-oss-v1-270m,0.9925309437600222
fur_Latn,nld_Latn,microsoft/harrier-oss-v1-270m,0.9925301148127236
swe_Latn,slv_Latn,microsoft/harrier-oss-v1-270m,0.9925266902758744
hun_Latn,zsm_Latn,intfloat/multilingual-e5-large,0.992526072481164
cat_Latn,ron_Latn,intfloat/multilingual-e5-large,0.9925225425661421
pol_Latn,urd_Arab,microsoft/harrier-oss-v1-270m,0.9925223903294602
vec_Latn,hin_Deva,microsoft/harrier-oss-v1-270m,0.9925146871422708
fin_Latn,srp_Cyrl,intfloat/multilingual-e5-large,0.9925114350594653
ces_Latn,ukr_Cyrl,microsoft/harrier-oss-v1-270m,0.9925108012533411
ory_Orya,pan_Guru,intfloat/multilingual-e5-large,0.9925065519141811
bos_Latn,lvs_Latn,intfloat/multilingual-e5-large,0.9925025794909759
ita_Latn,srd_Latn,microsoft/harrier-oss-v1-270m,0.9925002533698184
ita_Latn,afr_Latn,microsoft/harrier-oss-v1-270m,0.9924984922207074
ron_Latn,als_Latn,intfloat/multilingual-e5-large,0.9924904436156965
kat_Geor,tgl_Latn,intfloat/multilingual-e5-large,0.9924889936427712
ell_Grek,ron_Latn,intfloat/multilingual-e5-large,0.9924884880585347
deu_Latn,hun_Latn,intfloat/multilingual-e5-large,0.9924884007743666
ita_Latn,jav_Latn,intfloat/multilingual-e5-large,0.9924859531060528
bos_Latn,nld_Latn,intfloat/multilingual-e5-large,0.9924841283059584
mal_Mlym,zsm_Latn,intfloat/multilingual-e5-large,0.9924840435874668
npi_Deva,sin_Sinh,intfloat/multilingual-e5-large,0.9924837893647049
bul_Cyrl,srd_Latn,microsoft/harrier-oss-v1-270m,0.992483060417843
arb_Arab,lvs_Latn,microsoft/harrier-oss-v1-270m,0.992483060417843
spa_Latn,mkd_Cyrl,intfloat/multilingual-e5-large,0.992479906586893
mar_Deva,urd_Arab,intfloat/multilingual-e5-large,0.9924650148283112
dan_Latn,hun_Latn,intfloat/multilingual-e5-large,0.9924635659145993
ell_Grek,est_Latn,microsoft/harrier-oss-v1-270m,0.9924571805006588
eng_Latn,ckb_Arab,microsoft/harrier-oss-v1-270m,0.9924396122409308
epo_Latn,hne_Deva,microsoft/harrier-oss-v1-270m,0.9924345433611292
heb_Hebr,zsm_Latn,intfloat/multilingual-e5-large,0.9924344164219177
fin_Latn,deu_Latn,intfloat/multilingual-e5-large,0.9924311352747379
ben_Beng,snd_Arab,intfloat/multilingual-e5-large,0.9924241052069812
bos_Latn,rus_Cyrl,microsoft/harrier-oss-v1-270m,0.9924137465619004
eng_Latn,war_Latn,microsoft/harrier-oss-v1-270m,0.9924128345190356
hun_Latn,pap_Latn,microsoft/harrier-oss-v1-270m,0.9924126172208012
ita_Latn,nno_Latn,intfloat/multilingual-e5-large,0.9924101111333716
isl_Latn,tgl_Latn,intfloat/multilingual-e5-large,0.992409917670988
fin_Latn,nld_Latn,microsoft/harrier-oss-v1-270m,0.9924090582046178
swe_Latn,hun_Latn,intfloat/multilingual-e5-large,0.9924041062139487
heb_Hebr,tur_Latn,microsoft/harrier-oss-v1-270m,0.9923968795423941
afr_Latn,hrv_Latn,intfloat/multilingual-e5-large,0.9923967618862486
fur_Latn,ukr_Cyrl,microsoft/harrier-oss-v1-270m,0.99239365706757
kor_Hang,swh_Latn,microsoft/harrier-oss-v1-270m,0.9923882596516868
dan_Latn,sin_Sinh,intfloat/multilingual-e5-large,0.9923870498710128
zsm_Latn,npi_Deva,intfloat/multilingual-e5-large,0.992385706405859
eng_Latn,srd_Latn,microsoft/harrier-oss-v1-270m,0.992383069828722
nno_Latn,nld_Latn,intfloat/multilingual-e5-large,0.9923793087217053
afr_Latn,ces_Latn,microsoft/harrier-oss-v1-270m,0.9923738453674305
cat_Latn,sin_Sinh,intfloat/multilingual-e5-large,0.9923685111708891
bak_Cyrl,tat_Cyrl,microsoft/harrier-oss-v1-270m,0.9923676392860967
szl_Latn,por_Latn,microsoft/harrier-oss-v1-270m,0.9923623473988726
est_Latn,jpn_Jpan,microsoft/harrier-oss-v1-270m,0.9923513081121776
cat_Latn,glg_Latn,intfloat/multilingual-e5-large,0.9923338614294113
rus_Cyrl,fur_Latn,microsoft/harrier-oss-v1-270m,0.9923183700357614
ind_Latn,ita_Latn,microsoft/harrier-oss-v1-270m,0.9923139104747711
ukr_Cyrl,swe_Latn,microsoft/harrier-oss-v1-270m,0.9923083062357321
lvs_Latn,tgl_Latn,intfloat/multilingual-e5-large,0.9923015383342744
fur_Latn,slk_Latn,microsoft/harrier-oss-v1-270m,0.9922990777338604
vec_Latn,ukr_Cyrl,microsoft/harrier-oss-v1-270m,0.9922984788597438
ell_Grek,nld_Latn,microsoft/harrier-oss-v1-270m,0.9922823242212513
lvs_Latn,srp_Cyrl,intfloat/multilingual-e5-large,0.9922777527012434
deu_Latn,bel_Cyrl,intfloat/multilingual-e5-large,0.9922752649414095
azj_Latn,rus_Cyrl,microsoft/harrier-oss-v1-270m,0.9922706223975074
deu_Latn,cat_Latn,intfloat/multilingual-e5-large,0.9922615011937606
fur_Latn,zho_Hans,microsoft/harrier-oss-v1-270m,0.9922595520421608
amh_Ethi,tgl_Latn,intfloat/multilingual-e5-large,0.9922554461780473
dan_Latn,ind_Latn,microsoft/harrier-oss-v1-270m,0.9922535491932511
eng_Latn,guj_Gujr,intfloat/multilingual-e5-large,0.9922513632804126
glg_Latn,hrv_Latn,intfloat/multilingual-e5-large,0.9922480809263595
bul_Cyrl,cat_Latn,intfloat/multilingual-e5-large,0.9922445455161963
bos_Latn,dan_Latn,intfloat/multilingual-e5-large,0.9922434183363236
hun_Latn,srp_Cyrl,intfloat/multilingual-e5-large,0.9922426986896618
hun_Latn,dan_Latn,intfloat/multilingual-e5-large,0.9922422019687855
ell_Grek,spa_Latn,microsoft/harrier-oss-v1-270m,0.9922369577464045
als_Latn,uzn_Latn,intfloat/multilingual-e5-large,0.9922349928834941
bjn_Latn,eng_Latn,microsoft/harrier-oss-v1-270m,0.9922341706814638
glg_Latn,zsm_Latn,intfloat/multilingual-e5-large,0.9922272197833186
arb_Arab,vec_Latn,microsoft/harrier-oss-v1-270m,0.9922266139657444
fin_Latn,oci_Latn,microsoft/harrier-oss-v1-270m,0.9922183794466404
mkd_Cyrl,ces_Latn,microsoft/harrier-oss-v1-270m,0.992214146020403
ceb_Latn,sin_Sinh,intfloat/multilingual-e5-large,0.992213208721446
hin_Deva,fur_Latn,microsoft/harrier-oss-v1-270m,0.992210144927536
por_Latn,srd_Latn,microsoft/harrier-oss-v1-270m,0.992210144927536
kaz_Cyrl,tgl_Latn,intfloat/multilingual-e5-large,0.9922047248352261
bul_Cyrl,hye_Armn,intfloat/multilingual-e5-large,0.9921774774308625
bel_Cyrl,fra_Latn,intfloat/multilingual-e5-large,0.9921725014116319
nno_Latn,als_Latn,intfloat/multilingual-e5-large,0.992166640973943
hrv_Latn,azj_Latn,intfloat/multilingual-e5-large,0.9921624256955681
hin_Deva,ory_Orya,intfloat/multilingual-e5-large,0.992160381773017
dan_Latn,vec_Latn,microsoft/harrier-oss-v1-270m,0.9921536796536796
ekk_Latn,urd_Arab,intfloat/multilingual-e5-large,0.992142842845419
azj_Latn,pol_Latn,microsoft/harrier-oss-v1-270m,0.9921414066281139
slv_Latn,vie_Latn,microsoft/harrier-oss-v1-270m,0.9921350534965493
ell_Grek,swe_Latn,intfloat/multilingual-e5-large,0.9921325378114401
rus_Cyrl,bos_Latn,microsoft/harrier-oss-v1-270m,0.9921290672637277
spa_Latn,slk_Latn,microsoft/harrier-oss-v1-270m,0.9921232715042524
fur_Latn,hin_Deva,microsoft/harrier-oss-v1-270m,0.9921185026987972
ind_Latn,vie_Latn,microsoft/harrier-oss-v1-270m,0.9921173282051756
kaz_Cyrl,uzn_Latn,microsoft/harrier-oss-v1-270m,0.9921156474326494
nld_Latn,hun_Latn,intfloat/multilingual-e5-large,0.992111948551659
deu_Latn,ceb_Latn,microsoft/harrier-oss-v1-270m,0.9921115345639324
afr_Latn,zsm_Latn,intfloat/multilingual-e5-large,0.9921105289801377
mar_Deva,ory_Orya,intfloat/multilingual-e5-large,0.9921075354697484
pol_Latn,vec_Latn,microsoft/harrier-oss-v1-270m,0.9921056965536372
aeb_Arab,ita_Latn,microsoft/harrier-oss-v1-270m,0.9921048419472912
afr_Latn,fur_Latn,microsoft/harrier-oss-v1-270m,0.9920976064997804
ron_Latn,sin_Sinh,intfloat/multilingual-e5-large,0.9920942156263789
tur_Latn,rus_Cyrl,microsoft/harrier-oss-v1-270m,0.9920859632001572
lvs_Latn,sin_Sinh,intfloat/multilingual-e5-large,0.9920808576459808
dan_Latn,mal_Mlym,intfloat/multilingual-e5-large,0.9920801792979451
eng_Latn,tat_Cyrl,microsoft/harrier-oss-v1-270m,0.9920791970646874
fin_Latn,zsm_Latn,intfloat/multilingual-e5-large,0.9920704055883138
nno_Latn,sin_Sinh,intfloat/multilingual-e5-large,0.9920682420021123
slk_Latn,deu_Latn,microsoft/harrier-oss-v1-270m,0.9920661395619395
ceb_Latn,pol_Latn,microsoft/harrier-oss-v1-270m,0.9920624091597007
ind_Latn,urd_Arab,intfloat/multilingual-e5-large,0.9920616964218483
ces_Latn,vie_Latn,microsoft/harrier-oss-v1-270m,0.9920605736624982
tgk_Cyrl,zho_Hant,microsoft/harrier-oss-v1-270m,0.9920595708639188
ory_Orya,rus_Cyrl,microsoft/harrier-oss-v1-270m,0.9920580305539832
rus_Cyrl,slk_Latn,microsoft/harrier-oss-v1-270m,0.9920560941281846
dan_Latn,pol_Latn,microsoft/harrier-oss-v1-270m,0.9920532583754251
hne_Deva,pan_Guru,intfloat/multilingual-e5-large,0.9920506553648427
hrv_Latn,uzn_Latn,intfloat/multilingual-e5-large,0.9920489457218898
ast_Latn,fur_Latn,microsoft/harrier-oss-v1-270m,0.9920454545454546
bos_Latn,heb_Hebr,intfloat/multilingual-e5-large,0.9920431153770428
ita_Latn,slk_Latn,microsoft/harrier-oss-v1-270m,0.9920288312305419
bos_Latn,glg_Latn,intfloat/multilingual-e5-large,0.9920246299452846
hrv_Latn,hun_Latn,intfloat/multilingual-e5-large,0.9920229623886909
nld_Latn,glg_Latn,intfloat/multilingual-e5-large,0.9920193624978015
afr_Latn,bul_Cyrl,microsoft/harrier-oss-v1-270m,0.9920022159559884
mkd_Cyrl,zul_Latn,intfloat/multilingual-e5-large,0.9920014181886063
slk_Latn,ukr_Cyrl,microsoft/harrier-oss-v1-270m,0.9920003784310163
slk_Latn,rus_Cyrl,microsoft/harrier-oss-v1-270m,0.9919974724241409
nob_Latn,pbt_Arab,intfloat/multilingual-e5-large,0.9919902775402778
tgk_Cyrl,tgl_Latn,microsoft/harrier-oss-v1-270m,0.9919893453936575
srp_Cyrl,ces_Latn,intfloat/multilingual-e5-large,0.9919822971090466
deu_Latn,glg_Latn,intfloat/multilingual-e5-large,0.9919819129771904
tur_Latn,ukr_Cyrl,microsoft/harrier-oss-v1-270m,0.9919767542718362
tur_Latn,spa_Latn,microsoft/harrier-oss-v1-270m,0.9919748312985672
vec_Latn,fur_Latn,microsoft/harrier-oss-v1-270m,0.9919740887132192
ell_Grek,deu_Latn,intfloat/multilingual-e5-large,0.9919719546885553
arb_Arab,crh_Latn,microsoft/harrier-oss-v1-270m,0.9919631093544136
bul_Cyrl,glg_Latn,intfloat/multilingual-e5-large,0.9919624304578927
bos_Latn,uzn_Latn,intfloat/multilingual-e5-large,0.9919546784277563
hun_Latn,spa_Latn,intfloat/multilingual-e5-large,0.9919524984631007
eng_Latn,bjn_Latn,microsoft/harrier-oss-v1-270m,0.9919497284331976
fur_Latn,tur_Latn,microsoft/harrier-oss-v1-270m,0.9919478166760776
slk_Latn,tgl_Latn,microsoft/harrier-oss-v1-270m,0.9919475365903938
ind_Latn,ban_Latn,microsoft/harrier-oss-v1-270m,0.9919402575789096
slv_Latn,als_Latn,microsoft/harrier-oss-v1-270m,0.9919340314367178
ast_Latn,slv_Latn,microsoft/harrier-oss-v1-270m,0.991931322958991
fra_Latn,npi_Deva,intfloat/multilingual-e5-large,0.991929458640533
nld_Latn,hin_Deva,microsoft/harrier-oss-v1-270m,0.991928167136918
mkd_Cyrl,slk_Latn,intfloat/multilingual-e5-large,0.9919253780428847
fin_Latn,tur_Latn,intfloat/multilingual-e5-large,0.991922245528376
ces_Latn,zsm_Latn,microsoft/harrier-oss-v1-270m,0.9919187601472708
rus_Cyrl,tur_Latn,microsoft/harrier-oss-v1-270m,0.9919181817741027
nob_Latn,lit_Latn,microsoft/harrier-oss-v1-270m,0.9919167439111928
spa_Latn,dan_Latn,intfloat/multilingual-e5-large,0.9919153501848259
bel_Cyrl,srp_Cyrl,intfloat/multilingual-e5-large,0.9919123940434604
est_Latn,tgl_Latn,intfloat/multilingual-e5-large,0.991888998682477
ell_Grek,hye_Armn,intfloat/multilingual-e5-large,0.9918874438625642
ckb_Arab,eng_Latn,microsoft/harrier-oss-v1-270m,0.9918867381002092
asm_Beng,zho_Hans,microsoft/harrier-oss-v1-270m,0.9918807641633728
ind_Latn,min_Latn,microsoft/harrier-oss-v1-270m,0.9918766412091328
est_Latn,tel_Telu,microsoft/harrier-oss-v1-270m,0.9918725296442688
ben_Beng,jav_Latn,intfloat/multilingual-e5-large,0.9918592405331348
slk_Latn,slv_Latn,microsoft/harrier-oss-v1-270m,0.991850277984582
vec_Latn,nob_Latn,microsoft/harrier-oss-v1-270m,0.9918474805826584
ceb_Latn,srd_Latn,microsoft/harrier-oss-v1-270m,0.9918413816807012
fra_Latn,slk_Latn,intfloat/multilingual-e5-large,0.991840594366432
lvs_Latn,eng_Latn,intfloat/multilingual-e5-large,0.9918382311667158
kin_Latn,por_Latn,microsoft/harrier-oss-v1-270m,0.9918328364835532
heb_Hebr,ukr_Cyrl,microsoft/harrier-oss-v1-270m,0.9918228879004893
bul_Cyrl,npi_Deva,intfloat/multilingual-e5-large,0.9918180886372516
ben_Beng,dan_Latn,microsoft/harrier-oss-v1-270m,0.9918111339440632
est_Latn,nob_Latn,microsoft/harrier-oss-v1-270m,0.9918059620432672
mkd_Cyrl,ind_Latn,intfloat/multilingual-e5-large,0.9917916073803331
bel_Cyrl,tgl_Latn,intfloat/multilingual-e5-large,0.9917883045116459
awa_Deva,eng_Latn,microsoft/harrier-oss-v1-270m,0.991786709956588
afr_Latn,deu_Latn,microsoft/harrier-oss-v1-270m,0.9917857974227438
nld_Latn,azj_Latn,intfloat/multilingual-e5-large,0.991783501003086
hrv_Latn,glg_Latn,intfloat/multilingual-e5-large,0.9917783753979788
sin_Sinh,srp_Cyrl,intfloat/multilingual-e5-large,0.9917707876639223
spa_Latn,npi_Deva,intfloat/multilingual-e5-large,0.9917647075863261
kir_Cyrl,als_Latn,intfloat/multilingual-e5-large,0.9917613181798346
afr_Latn,urd_Arab,intfloat/multilingual-e5-large,0.9917579643144758
bul_Cyrl,hne_Deva,microsoft/harrier-oss-v1-270m,0.991757047676681
nld_Latn,bel_Cyrl,microsoft/harrier-oss-v1-270m,0.9917559194134897
spa_Latn,tur_Latn,microsoft/harrier-oss-v1-270m,0.9917538584380213
hun_Latn,tgl_Latn,intfloat/multilingual-e5-large,0.9917524213269617
rus_Cyrl,srp_Cyrl,intfloat/multilingual-e5-large,0.9917516149964475
heb_Hebr,ces_Latn,microsoft/harrier-oss-v1-270m,0.9917486761305608
mal_Mlym,ory_Orya,intfloat/multilingual-e5-large,0.9917439978648105
heb_Hebr,ron_Latn,intfloat/multilingual-e5-large,0.9917411778646632
hin_Deva,rus_Cyrl,microsoft/harrier-oss-v1-270m,0.9917184981295052
slv_Latn,ita_Latn,microsoft/harrier-oss-v1-270m,0.9917108889820425
hun_Latn,sin_Sinh,intfloat/multilingual-e5-large,0.9917053267558562
uzn_Latn,tgl_Latn,intfloat/multilingual-e5-large,0.9917020757918412
pol_Latn,sin_Sinh,microsoft/harrier-oss-v1-270m,0.991697846631471
awa_Deva,hin_Deva,microsoft/harrier-oss-v1-270m,0.9916886579060292
bel_Cyrl,ita_Latn,microsoft/harrier-oss-v1-270m,0.9916788317062284
oci_Latn,urd_Arab,microsoft/harrier-oss-v1-270m,0.9916688008832812
azj_Latn,ita_Latn,microsoft/harrier-oss-v1-270m,0.9916641123466742
awa_Deva,ben_Beng,microsoft/harrier-oss-v1-270m,0.9916638579588456
hrv_Latn,fin_Latn,intfloat/multilingual-e5-large,0.9916607566821394
kaz_Cyrl,urd_Arab,intfloat/multilingual-e5-large,0.9916590349105747
bos_Latn,afr_Latn,intfloat/multilingual-e5-large,0.991652068233501
eng_Latn,azj_Latn,microsoft/harrier-oss-v1-270m,0.991640424947584
ron_Latn,tur_Latn,intfloat/multilingual-e5-large,0.9916392205318405
eng_Latn,lvs_Latn,intfloat/multilingual-e5-large,0.9916286902928886
bul_Cyrl,hun_Latn,intfloat/multilingual-e5-large,0.9916280585426664
ron_Latn,slv_Latn,microsoft/harrier-oss-v1-270m,0.991626581048483
cym_Latn,fra_Latn,intfloat/multilingual-e5-large,0.9916152121716092
eng_Latn,tgk_Cyrl,microsoft/harrier-oss-v1-270m,0.9916107220766878
azj_Latn,ces_Latn,microsoft/harrier-oss-v1-270m,0.9916074995940733
fra_Latn,pan_Guru,intfloat/multilingual-e5-large,0.9916045658428053
acm_Arab,fin_Latn,microsoft/harrier-oss-v1-270m,0.991600790513834
eng_Latn,mar_Deva,microsoft/harrier-oss-v1-270m,0.9915973506727038
dan_Latn,tur_Latn,microsoft/harrier-oss-v1-270m,0.9915937686550029
isl_Latn,eng_Latn,intfloat/multilingual-e5-large,0.9915928451579556
hye_Armn,sin_Sinh,intfloat/multilingual-e5-large,0.9915894390625869
slv_Latn,spa_Latn,microsoft/harrier-oss-v1-270m,0.9915776649868138
arz_Arab,kor_Hang,microsoft/harrier-oss-v1-270m,0.991576924711567
ben_Beng,kaz_Cyrl,microsoft/harrier-oss-v1-270m,0.99157443059012
ces_Latn,crh_Latn,microsoft/harrier-oss-v1-270m,0.9915725578769056
lvs_Latn,mkd_Cyrl,intfloat/multilingual-e5-large,0.9915577096064139
sin_Sinh,zul_Latn,intfloat/multilingual-e5-large,0.9915567059455157
ceb_Latn,hrv_Latn,microsoft/harrier-oss-v1-270m,0.9915535235646475
fin_Latn,ltz_Latn,microsoft/harrier-oss-v1-270m,0.9915513833992096
lvs_Latn,zsm_Latn,intfloat/multilingual-e5-large,0.9915492351957378
slv_Latn,heb_Hebr,microsoft/harrier-oss-v1-270m,0.9915440691010898
ces_Latn,ell_Grek,microsoft/harrier-oss-v1-270m,0.991535630645701
srd_Latn,swe_Latn,microsoft/harrier-oss-v1-270m,0.9915294246815984
pap_Latn,lit_Latn,microsoft/harrier-oss-v1-270m,0.9915273212408336
hye_Armn,pol_Latn,microsoft/harrier-oss-v1-270m,0.9915233657614377
azj_Latn,hrv_Latn,microsoft/harrier-oss-v1-270m,0.9915144049405042
fra_Latn,fin_Latn,intfloat/multilingual-e5-large,0.9915126379068442
apc_Arab,zho_Hant,microsoft/harrier-oss-v1-270m,0.9915102108036892
aeb_Arab,rus_Cyrl,microsoft/harrier-oss-v1-270m,0.9914976320894672
hrv_Latn,afr_Latn,intfloat/multilingual-e5-large,0.9914970021050309
hun_Latn,tur_Latn,intfloat/multilingual-e5-large,0.9914968738357396
cym_Latn,hye_Armn,intfloat/multilingual-e5-large,0.9914857126003236
ltz_Latn,tur_Latn,microsoft/harrier-oss-v1-270m,0.991480017566974
hin_Deva,nld_Latn,microsoft/harrier-oss-v1-270m,0.9914754863890753
deu_Latn,hye_Armn,microsoft/harrier-oss-v1-270m,0.9914747591561375
aeb_Arab,por_Latn,microsoft/harrier-oss-v1-270m,0.9914730888051048
bak_Cyrl,est_Latn,microsoft/harrier-oss-v1-270m,0.9914690382081688
azj_Latn,sin_Sinh,intfloat/multilingual-e5-large,0.9914629210237409
hrv_Latn,hin_Deva,microsoft/harrier-oss-v1-270m,0.9914547490533964
hin_Deva,pan_Guru,intfloat/multilingual-e5-large,0.9914504946895071
deu_Latn,afr_Latn,microsoft/harrier-oss-v1-270m,0.9914500015648067
afr_Latn,vec_Latn,microsoft/harrier-oss-v1-270m,0.9914470794905578
fin_Latn,als_Latn,intfloat/multilingual-e5-large,0.9914461619588881
cym_Latn,zho_Hant,microsoft/harrier-oss-v1-270m,0.9914455110107284
glg_Latn,als_Latn,intfloat/multilingual-e5-large,0.9914445328348369
nld_Latn,lvs_Latn,intfloat/multilingual-e5-large,0.9914438105986403
fra_Latn,hin_Deva,microsoft/harrier-oss-v1-270m,0.991438021730181
mal_Mlym,zul_Latn,intfloat/multilingual-e5-large,0.9914364814027956
awa_Deva,mar_Deva,microsoft/harrier-oss-v1-270m,0.991423103838693
hrv_Latn,zul_Latn,intfloat/multilingual-e5-large,0.9914226394892824
fin_Latn,dan_Latn,intfloat/multilingual-e5-large,0.9914138536824978
kat_Geor,pan_Guru,intfloat/multilingual-e5-large,0.9914058972688728
slk_Latn,srp_Cyrl,intfloat/multilingual-e5-large,0.9913963387426206
pan_Guru,als_Latn,intfloat/multilingual-e5-large,0.991391065525181
sin_Sinh,vie_Latn,microsoft/harrier-oss-v1-270m,0.9913813410847828
ast_Latn,sun_Latn,microsoft/harrier-oss-v1-270m,0.9913713042611628
mkd_Cyrl,mal_Mlym,intfloat/multilingual-e5-large,0.991364449811958
ces_Latn,dan_Latn,microsoft/harrier-oss-v1-270m,0.9913606395386507
hun_Latn,slk_Latn,intfloat/multilingual-e5-large,0.9913499931662169
ces_Latn,hye_Armn,microsoft/harrier-oss-v1-270m,0.991347743825749
ces_Latn,srd_Latn,microsoft/harrier-oss-v1-270m,0.9913466967814794
deu_Latn,lvs_Latn,intfloat/multilingual-e5-large,0.9913454895982843
deu_Latn,heb_Hebr,microsoft/harrier-oss-v1-270m,0.9913352051013125
swe_Latn,fur_Latn,microsoft/harrier-oss-v1-270m,0.991304347826087
ita_Latn,ltz_Latn,microsoft/harrier-oss-v1-270m,0.991304347826087
bul_Cyrl,mal_Mlym,microsoft/harrier-oss-v1-270m,0.9913028002120667
hye_Armn,swe_Latn,microsoft/harrier-oss-v1-270m,0.9913020257935026
ind_Latn,swe_Latn,microsoft/harrier-oss-v1-270m,0.9912905400610318
ekk_Latn,slv_Latn,intfloat/multilingual-e5-large,0.9912899433872724
dan_Latn,nno_Latn,intfloat/multilingual-e5-large,0.9912879069704434
tur_Latn,ind_Latn,microsoft/harrier-oss-v1-270m,0.9912821019823872
hin_Deva,sin_Sinh,intfloat/multilingual-e5-large,0.991281120314194
heb_Hebr,rus_Cyrl,intfloat/multilingual-e5-large,0.991270937277263
slv_Latn,rus_Cyrl,microsoft/harrier-oss-v1-270m,0.9912681084118564
guj_Gujr,urd_Arab,intfloat/multilingual-e5-large,0.9912674462318858
glg_Latn,swe_Latn,microsoft/harrier-oss-v1-270m,0.9912673660258555
cat_Latn,hye_Armn,intfloat/multilingual-e5-large,0.991266308049684
fur_Latn,ell_Grek,microsoft/harrier-oss-v1-270m,0.9912624266379207
mal_Mlym,npi_Deva,intfloat/multilingual-e5-large,0.9912598038308176
fra_Latn,kaz_Cyrl,intfloat/multilingual-e5-large,0.9912565172162326
nld_Latn,vec_Latn,microsoft/harrier-oss-v1-270m,0.9912549407114626
guj_Gujr,ory_Orya,intfloat/multilingual-e5-large,0.9912493721204121
cym_Latn,jav_Latn,intfloat/multilingual-e5-large,0.9912460312317761
hrv_Latn,ind_Latn,intfloat/multilingual-e5-large,0.9912427156103112
acm_Arab,hun_Latn,microsoft/harrier-oss-v1-270m,0.9912412165129556
bos_Latn,ukr_Cyrl,intfloat/multilingual-e5-large,0.9912402906125541
awa_Deva,guj_Gujr,microsoft/harrier-oss-v1-270m,0.9912390417342514
azj_Latn,tgl_Latn,intfloat/multilingual-e5-large,0.9912365288118022
ceb_Latn,rus_Cyrl,microsoft/harrier-oss-v1-270m,0.9912323406967167
kat_Geor,urd_Arab,intfloat/multilingual-e5-large,0.9912246956931484
mal_Mlym,als_Latn,intfloat/multilingual-e5-large,0.9912176680473974
kor_Hang,mlt_Latn,microsoft/harrier-oss-v1-270m,0.9912094547964112
slk_Latn,als_Latn,intfloat/multilingual-e5-large,0.991208303862356
pol_Latn,bel_Cyrl,microsoft/harrier-oss-v1-270m,0.9911975120558768
rus_Cyrl,als_Latn,intfloat/multilingual-e5-large,0.9911945818580836
dan_Latn,slk_Latn,microsoft/harrier-oss-v1-270m,0.9911909114969296
slv_Latn,ukr_Cyrl,microsoft/harrier-oss-v1-270m,0.9911863755064868
hye_Armn,kat_Geor,intfloat/multilingual-e5-large,0.9911821280406456
spa_Latn,hne_Deva,microsoft/harrier-oss-v1-270m,0.9911808630377554
spa_Latn,ell_Grek,microsoft/harrier-oss-v1-270m,0.9911752231418204
lvs_Latn,nob_Latn,microsoft/harrier-oss-v1-270m,0.9911719699297478
azj_Latn,als_Latn,intfloat/multilingual-e5-large,0.9911693640422687
srd_Latn,mkd_Cyrl,microsoft/harrier-oss-v1-270m,0.9911681377356434
ces_Latn,mkd_Cyrl,microsoft/harrier-oss-v1-270m,0.9911653531786457
pol_Latn,dan_Latn,microsoft/harrier-oss-v1-270m,0.9911651608525653
fur_Latn,hrv_Latn,microsoft/harrier-oss-v1-270m,0.9911648453847942
ind_Latn,tur_Latn,intfloat/multilingual-e5-large,0.9911602507703974
deu_Latn,mal_Mlym,intfloat/multilingual-e5-large,0.9911595040259474
fra_Latn,hne_Deva,microsoft/harrier-oss-v1-270m,0.9911583027117489
ell_Grek,ces_Latn,microsoft/harrier-oss-v1-270m,0.9911528007172545
hin_Deva,tgl_Latn,intfloat/multilingual-e5-large,0.9911495476654274
amh_Ethi,ita_Latn,microsoft/harrier-oss-v1-270m,0.9911467885593899
ekk_Latn,hrv_Latn,intfloat/multilingual-e5-large,0.9911459880545757
epo_Latn,plt_Latn,microsoft/harrier-oss-v1-270m,0.9911396574440052
eng_Latn,awa_Deva,microsoft/harrier-oss-v1-270m,0.9911393395762756
khk_Cyrl,zho_Hant,microsoft/harrier-oss-v1-270m,0.991138088964176
cym_Latn,urd_Arab,intfloat/multilingual-e5-large,0.9911320794980174
bul_Cyrl,azj_Latn,intfloat/multilingual-e5-large,0.9911308260424246
bel_Cyrl,sin_Sinh,intfloat/multilingual-e5-large,0.9911268910467058
ben_Beng,zul_Latn,intfloat/multilingual-e5-large,0.9911228027140357
amh_Ethi,fra_Latn,microsoft/harrier-oss-v1-270m,0.9911193431114922
uzn_Latn,eng_Latn,microsoft/harrier-oss-v1-270m,0.9911146762261682
isl_Latn,als_Latn,intfloat/multilingual-e5-large,0.9911137984278073
afr_Latn,pol_Latn,microsoft/harrier-oss-v1-270m,0.9911069605755134
heb_Hebr,vec_Latn,microsoft/harrier-oss-v1-270m,0.991106719367589
spa_Latn,ukr_Cyrl,microsoft/harrier-oss-v1-270m,0.991105418903693
deu_Latn,guj_Gujr,intfloat/multilingual-e5-large,0.9910984710152
mal_Mlym,urd_Arab,microsoft/harrier-oss-v1-270m,0.9910940869838226
ind_Latn,fur_Latn,microsoft/harrier-oss-v1-270m,0.9910926030491248
hye_Armn,urd_Arab,intfloat/multilingual-e5-large,0.9910861530961317
slv_Latn,ron_Latn,microsoft/harrier-oss-v1-270m,0.9910804790392798
slv_Latn,tgl_Latn,intfloat/multilingual-e5-large,0.9910779002187222
npi_Deva,ory_Orya,intfloat/multilingual-e5-large,0.9910750929289858
ekk_Latn,nld_Latn,intfloat/multilingual-e5-large,0.9910668750686776
dan_Latn,fur_Latn,microsoft/harrier-oss-v1-270m,0.9910655467720686
rus_Cyrl,tat_Cyrl,microsoft/harrier-oss-v1-270m,0.9910576800915174
deu_Latn,srd_Latn,microsoft/harrier-oss-v1-270m,0.9910573122529645
ell_Grek,pol_Latn,microsoft/harrier-oss-v1-270m,0.9910518922687397
tha_Thai,eng_Latn,microsoft/harrier-oss-v1-270m,0.9910516047884519
sot_Latn,zul_Latn,intfloat/multilingual-e5-large,0.9910496081097859
oci_Latn,tha_Thai,microsoft/harrier-oss-v1-270m,0.991034398808501
fur_Latn,tgl_Latn,microsoft/harrier-oss-v1-270m,0.9910290192898888
ron_Latn,rus_Cyrl,microsoft/harrier-oss-v1-270m,0.991027287964366
deu_Latn,hne_Deva,microsoft/harrier-oss-v1-270m,0.9910225763937726
ben_Beng,ckb_Arab,microsoft/harrier-oss-v1-270m,0.9910210131483423
nno_Latn,vie_Latn,intfloat/multilingual-e5-large,0.9910126988573857
aeb_Arab,fra_Latn,microsoft/harrier-oss-v1-270m,0.991012220170185
ita_Latn,hun_Latn,microsoft/harrier-oss-v1-270m,0.9910087348114134
afr_Latn,swe_Latn,microsoft/harrier-oss-v1-270m,0.9910061428943162
lvs_Latn,urd_Arab,intfloat/multilingual-e5-large,0.9909957082471876
ceb_Latn,ces_Latn,microsoft/harrier-oss-v1-270m,0.9909924774678873
bel_Cyrl,deu_Latn,microsoft/harrier-oss-v1-270m,0.9909870477655895
nno_Latn,ron_Latn,intfloat/multilingual-e5-large,0.9909846206204308
vec_Latn,zho_Hant,microsoft/harrier-oss-v1-270m,0.990981420224856
ita_Latn,uzn_Latn,intfloat/multilingual-e5-large,0.9909813731294702
fin_Latn,vie_Latn,intfloat/multilingual-e5-large,0.9909770133189404
ces_Latn,bel_Cyrl,microsoft/harrier-oss-v1-270m,0.9909695126551862
srp_Cyrl,hun_Latn,intfloat/multilingual-e5-large,0.9909578607375199
heb_Hebr,kat_Geor,intfloat/multilingual-e5-large,0.9909544225474376
ben_Beng,srd_Latn,microsoft/harrier-oss-v1-270m,0.990950128512495
ces_Latn,glg_Latn,microsoft/harrier-oss-v1-270m,0.9909491560182679
guj_Gujr,mal_Mlym,intfloat/multilingual-e5-large,0.9909478897025465
ces_Latn,sin_Sinh,microsoft/harrier-oss-v1-270m,0.9909478694607501
spa_Latn,slv_Latn,microsoft/harrier-oss-v1-270m,0.9909444327269457
hun_Latn,ces_Latn,intfloat/multilingual-e5-large,0.9909426770572529
glg_Latn,ita_Latn,intfloat/multilingual-e5-large,0.9909399073918153
sun_Latn,zho_Hant,microsoft/harrier-oss-v1-270m,0.99093573200031
cat_Latn,tgl_Latn,intfloat/multilingual-e5-large,0.9909339843245306
srd_Latn,nld_Latn,microsoft/harrier-oss-v1-270m,0.9909337944664032
swe_Latn,fin_Latn,intfloat/multilingual-e5-large,0.9909304139748911
hin_Deva,zsm_Latn,intfloat/multilingual-e5-large,0.9909259969068571
bul_Cyrl,cym_Latn,intfloat/multilingual-e5-large,0.9909217668524892
lit_Latn,zho_Hans,microsoft/harrier-oss-v1-270m,0.990918089191876
cym_Latn,kor_Hang,microsoft/harrier-oss-v1-270m,0.9909174323700016
tam_Taml,urd_Arab,intfloat/multilingual-e5-large,0.9909156203508056
awa_Deva,tam_Taml,microsoft/harrier-oss-v1-270m,0.99091412315661
guj_Gujr,tgl_Latn,intfloat/multilingual-e5-large,0.9909123300607904
nld_Latn,tat_Cyrl,microsoft/harrier-oss-v1-270m,0.9909056003986509
ben_Beng,cym_Latn,intfloat/multilingual-e5-large,0.9908985143523921
ben_Beng,mar_Deva,intfloat/multilingual-e5-large,0.9908930282425972
kaz_Cyrl,rus_Cyrl,microsoft/harrier-oss-v1-270m,0.9908866573186128
hun_Latn,bel_Cyrl,intfloat/multilingual-e5-large,0.9908846268020803
eng_Latn,jpn_Jpan,microsoft/harrier-oss-v1-270m,0.9908746422066095
mkd_Cyrl,nno_Latn,intfloat/multilingual-e5-large,0.9908738383491333
afr_Latn,sin_Sinh,intfloat/multilingual-e5-large,0.9908717566883106
est_Latn,urd_Arab,microsoft/harrier-oss-v1-270m,0.9908609441800436
ell_Grek,crh_Latn,microsoft/harrier-oss-v1-270m,0.9908596837944664
lit_Latn,nob_Latn,microsoft/harrier-oss-v1-270m,0.9908592216753688
hye_Armn,tgl_Latn,microsoft/harrier-oss-v1-270m,0.990858503575626
ind_Latn,als_Latn,intfloat/multilingual-e5-large,0.9908526619356354
ukr_Cyrl,vie_Latn,microsoft/harrier-oss-v1-270m,0.9908513201418547
hin_Deva,mai_Deva,intfloat/multilingual-e5-large,0.9908431048235102
bel_Cyrl,ces_Latn,microsoft/harrier-oss-v1-270m,0.9908431027219846
pan_Guru,snd_Arab,intfloat/multilingual-e5-large,0.9908422942444053
dan_Latn,azj_Latn,intfloat/multilingual-e5-large,0.990841434056307
vec_Latn,jpn_Jpan,microsoft/harrier-oss-v1-270m,0.9908368320189622
bel_Cyrl,swe_Latn,microsoft/harrier-oss-v1-270m,0.9908360117274377
lvs_Latn,fra_Latn,intfloat/multilingual-e5-large,0.9908359446784759
ceb_Latn,dan_Latn,microsoft/harrier-oss-v1-270m,0.9908354035798721
ces_Latn,ind_Latn,microsoft/harrier-oss-v1-270m,0.9908313189203629
por_Latn,ilo_Latn,microsoft/harrier-oss-v1-270m,0.990827922077922
fra_Latn,nno_Latn,intfloat/multilingual-e5-large,0.9908255003806892
cat_Latn,urd_Arab,intfloat/multilingual-e5-large,0.9908233401489176
spa_Latn,hye_Armn,intfloat/multilingual-e5-large,0.9908116219119609
hun_Latn,hye_Armn,intfloat/multilingual-e5-large,0.9908086782126413
uzn_Latn,hrv_Latn,intfloat/multilingual-e5-large,0.9908034816992668
snd_Arab,sin_Sinh,intfloat/multilingual-e5-large,0.9907920979710704
azj_Latn,spa_Latn,microsoft/harrier-oss-v1-270m,0.9907828876680137
jav_Latn,kat_Geor,intfloat/multilingual-e5-large,0.9907814343532448
hin_Deva,als_Latn,intfloat/multilingual-e5-large,0.9907795124080114
afr_Latn,hye_Armn,intfloat/multilingual-e5-large,0.9907787464030346
hrv_Latn,fur_Latn,microsoft/harrier-oss-v1-270m,0.9907773386034257
bel_Cyrl,bos_Latn,intfloat/multilingual-e5-large,0.9907729636954844
swe_Latn,srd_Latn,microsoft/harrier-oss-v1-270m,0.9907702804441936
afr_Latn,srd_Latn,microsoft/harrier-oss-v1-270m,0.9907691040843214
hye_Armn,tur_Latn,microsoft/harrier-oss-v1-270m,0.9907652608349239
ell_Grek,sin_Sinh,intfloat/multilingual-e5-large,0.9907640396548094
ast_Latn,srd_Latn,microsoft/harrier-oss-v1-270m,0.9907538114059852
nno_Latn,urd_Arab,intfloat/multilingual-e5-large,0.9907514372715598
spa_Latn,kat_Geor,intfloat/multilingual-e5-large,0.9907452354450275
kaz_Cyrl,sin_Sinh,intfloat/multilingual-e5-large,0.9907434804268825
asm_Beng,ast_Latn,microsoft/harrier-oss-v1-270m,0.9907396950875212
lit_Latn,hrv_Latn,microsoft/harrier-oss-v1-270m,0.9907394619311574
slk_Latn,urd_Arab,intfloat/multilingual-e5-large,0.9907392966990747
vec_Latn,tur_Latn,microsoft/harrier-oss-v1-270m,0.990737270253762
arb_Arab,sot_Latn,intfloat/multilingual-e5-large,0.9907363130528892
est_Latn,ltz_Latn,microsoft/harrier-oss-v1-270m,0.9907354174152592
rus_Cyrl,tgk_Cyrl,microsoft/harrier-oss-v1-270m,0.9907314955965026
fur_Latn,hun_Latn,microsoft/harrier-oss-v1-270m,0.990720611916264
fra_Latn,guj_Gujr,intfloat/multilingual-e5-large,0.9907194660765977
nld_Latn,fin_Latn,microsoft/harrier-oss-v1-270m,0.9907192104047059
ukr_Cyrl,spa_Latn,microsoft/harrier-oss-v1-270m,0.9907117381600764
rus_Cyrl,dan_Latn,microsoft/harrier-oss-v1-270m,0.990703539239839
srd_Latn,ind_Latn,microsoft/harrier-oss-v1-270m,0.9907033417727668
fin_Latn,hun_Latn,intfloat/multilingual-e5-large,0.9906983214352059
bel_Cyrl,pol_Latn,microsoft/harrier-oss-v1-270m,0.9906767125412121
ita_Latn,fin_Latn,microsoft/harrier-oss-v1-270m,0.9906759669411132
ltz_Latn,mar_Deva,microsoft/harrier-oss-v1-270m,0.9906714662149444
deu_Latn,fin_Latn,intfloat/multilingual-e5-large,0.9906640526720378
dan_Latn,cat_Latn,intfloat/multilingual-e5-large,0.9906605082657186
awa_Deva,mal_Mlym,microsoft/harrier-oss-v1-270m,0.9906580207112092
mal_Mlym,pan_Guru,intfloat/multilingual-e5-large,0.9906495726726832
bel_Cyrl,kat_Geor,intfloat/multilingual-e5-large,0.9906350053496067
fra_Latn,lvs_Latn,intfloat/multilingual-e5-large,0.9906304648744944
awa_Deva,pan_Guru,microsoft/harrier-oss-v1-270m,0.990623050405982
fin_Latn,vec_Latn,microsoft/harrier-oss-v1-270m,0.990612648221344
asm_Beng,ory_Orya,intfloat/multilingual-e5-large,0.990611665029175
lvs_Latn,als_Latn,intfloat/multilingual-e5-large,0.9906088555943819
aeb_Arab,ron_Latn,microsoft/harrier-oss-v1-270m,0.9906034987556726
mkd_Cyrl,afr_Latn,intfloat/multilingual-e5-large,0.9906004190375689
cat_Latn,srp_Cyrl,intfloat/multilingual-e5-large,0.9905973801907935
ben_Beng,srp_Cyrl,microsoft/harrier-oss-v1-270m,0.9905968734283062
azj_Latn,bul_Cyrl,microsoft/harrier-oss-v1-270m,0.9905879224478062
dan_Latn,hye_Armn,intfloat/multilingual-e5-large,0.9905873596522781
mkd_Cyrl,uzn_Latn,intfloat/multilingual-e5-large,0.9905867470594869
srd_Latn,slk_Latn,microsoft/harrier-oss-v1-270m,0.9905866795222824
hne_Deva,mal_Mlym,intfloat/multilingual-e5-large,0.9905865288617667
deu_Latn,azj_Latn,intfloat/multilingual-e5-large,0.9905859232872964
jpn_Jpan,crh_Latn,microsoft/harrier-oss-v1-270m,0.990584843351642
mal_Mlym,swe_Latn,microsoft/harrier-oss-v1-270m,0.9905837158554768
ind_Latn,spa_Latn,microsoft/harrier-oss-v1-270m,0.9905808857534519
hne_Deva,tur_Latn,microsoft/harrier-oss-v1-270m,0.990578583619542
hne_Deva,rus_Cyrl,microsoft/harrier-oss-v1-270m,0.9905766380466046
epo_Latn,hat_Latn,microsoft/harrier-oss-v1-270m,0.9905759630320202
heb_Hebr,slv_Latn,microsoft/harrier-oss-v1-270m,0.9905623614328176
rus_Cyrl,urd_Arab,microsoft/harrier-oss-v1-270m,0.9905598106858012
amh_Ethi,nld_Latn,microsoft/harrier-oss-v1-270m,0.9905578491372604
hin_Deva,ind_Latn,microsoft/harrier-oss-v1-270m,0.9905525129420354
bos_Latn,cym_Latn,intfloat/multilingual-e5-large,0.9905515895422727
zsm_Latn,slk_Latn,microsoft/harrier-oss-v1-270m,0.9905473872075142
ltz_Latn,tam_Taml,microsoft/harrier-oss-v1-270m,0.9905397139092792
asm_Beng,mai_Deva,intfloat/multilingual-e5-large,0.9905352026931424
azj_Latn,deu_Latn,microsoft/harrier-oss-v1-270m,0.9905325454918088
est_Latn,tha_Thai,microsoft/harrier-oss-v1-270m,0.9905269556648136
hat_Latn,fra_Latn,microsoft/harrier-oss-v1-270m,0.9905257831152979
ell_Grek,urd_Arab,intfloat/multilingual-e5-large,0.9905187104254007
afr_Latn,ita_Latn,microsoft/harrier-oss-v1-270m,0.9905175421428859
spa_Latn,jav_Latn,intfloat/multilingual-e5-large,0.9905170577233338
slk_Latn,hrv_Latn,microsoft/harrier-oss-v1-270m,0.9905148239342823
dan_Latn,npi_Deva,intfloat/multilingual-e5-large,0.9905119636141755
ces_Latn,urd_Arab,microsoft/harrier-oss-v1-270m,0.9905119084483396
bul_Cyrl,kaz_Cyrl,microsoft/harrier-oss-v1-270m,0.9905112265014973
ces_Latn,srp_Cyrl,microsoft/harrier-oss-v1-270m,0.990505585698285
ell_Grek,vec_Latn,microsoft/harrier-oss-v1-270m,0.9905020703933748
ukr_Cyrl,urd_Arab,intfloat/multilingual-e5-large,0.9904903741038609
amh_Ethi,est_Latn,microsoft/harrier-oss-v1-270m,0.9904896148182594
nld_Latn,pan_Guru,intfloat/multilingual-e5-large,0.9904867223825944
ben_Beng,afr_Latn,microsoft/harrier-oss-v1-270m,0.9904844914199867
ind_Latn,srp_Cyrl,intfloat/multilingual-e5-large,0.9904823245167695
rus_Cyrl,sin_Sinh,intfloat/multilingual-e5-large,0.9904798382301945
azj_Latn,swe_Latn,microsoft/harrier-oss-v1-270m,0.9904791357044544
slk_Latn,spa_Latn,microsoft/harrier-oss-v1-270m,0.990476432641851
amh_Ethi,bul_Cyrl,microsoft/harrier-oss-v1-270m,0.9904760243320472
mkd_Cyrl,fin_Latn,intfloat/multilingual-e5-large,0.9904719157258359
fra_Latn,bel_Cyrl,intfloat/multilingual-e5-large,0.9904711615969446
hun_Latn,urd_Arab,intfloat/multilingual-e5-large,0.9904688396404542
ell_Grek,rus_Cyrl,microsoft/harrier-oss-v1-270m,0.9904668271561985
dan_Latn,afr_Latn,microsoft/harrier-oss-v1-270m,0.9904463276107518
eng_Latn,tha_Thai,microsoft/harrier-oss-v1-270m,0.9904441257791825
hun_Latn,crh_Latn,microsoft/harrier-oss-v1-270m,0.9904417195672136
pol_Latn,glg_Latn,microsoft/harrier-oss-v1-270m,0.990436754943565
ceb_Latn,tur_Latn,microsoft/harrier-oss-v1-270m,0.9904348314629854
bul_Cyrl,tat_Cyrl,microsoft/harrier-oss-v1-270m,0.9904309391902942
heb_Hebr,hye_Armn,intfloat/multilingual-e5-large,0.9904121952135139
kat_Geor,mal_Mlym,intfloat/multilingual-e5-large,0.9903975436405943
mkd_Cyrl,hun_Latn,intfloat/multilingual-e5-large,0.9903963595760579
cat_Latn,rus_Cyrl,microsoft/harrier-oss-v1-270m,0.9903883200928376
fra_Latn,hun_Latn,intfloat/multilingual-e5-large,0.990386311082595
glg_Latn,ron_Latn,intfloat/multilingual-e5-large,0.9903851031652634
hun_Latn,pol_Latn,intfloat/multilingual-e5-large,0.9903652655256361
apc_Arab,kor_Hang,microsoft/harrier-oss-v1-270m,0.9903514963297572
swe_Latn,tgk_Cyrl,microsoft/harrier-oss-v1-270m,0.9903511951934973
heb_Hebr,kaz_Cyrl,microsoft/harrier-oss-v1-270m,0.9903464698552344
ind_Latn,pol_Latn,microsoft/harrier-oss-v1-270m,0.9903394492782029
lit_Latn,zho_Hant,microsoft/harrier-oss-v1-270m,0.990333962129363
cym_Latn,gle_Latn,intfloat/multilingual-e5-large,0.9903321461618284
hne_Deva,hrv_Latn,microsoft/harrier-oss-v1-270m,0.9903316787562003
cym_Latn,mal_Mlym,intfloat/multilingual-e5-large,0.990331286431246
hin_Deva,ltz_Latn,microsoft/harrier-oss-v1-270m,0.9903162055335968
heb_Hebr,dan_Latn,intfloat/multilingual-e5-large,0.9903079910646153
nld_Latn,cat_Latn,microsoft/harrier-oss-v1-270m,0.9903041575730693
est_Latn,heb_Hebr,microsoft/harrier-oss-v1-270m,0.9902926783361564
hrv_Latn,tgk_Cyrl,microsoft/harrier-oss-v1-270m,0.9902854574420672
arb_Arab,xho_Latn,microsoft/harrier-oss-v1-270m,0.9902844934401736
rus_Cyrl,ron_Latn,intfloat/multilingual-e5-large,0.9902838652392045
mai_Deva,snd_Arab,intfloat/multilingual-e5-large,0.990280821829421
ita_Latn,tgk_Cyrl,microsoft/harrier-oss-v1-270m,0.9902685340318982
mai_Deva,mar_Deva,intfloat/multilingual-e5-large,0.9902625109742811
arb_Arab,plt_Latn,microsoft/harrier-oss-v1-270m,0.9902597402597402
mkd_Cyrl,pan_Guru,intfloat/multilingual-e5-large,0.9902584694112483
ory_Orya,snd_Arab,intfloat/multilingual-e5-large,0.9902568203113689
ben_Beng,swh_Latn,microsoft/harrier-oss-v1-270m,0.9902559803772766
srd_Latn,ces_Latn,microsoft/harrier-oss-v1-270m,0.9902558190601668
hye_Armn,ita_Latn,microsoft/harrier-oss-v1-270m,0.9902535760145055
kaz_Cyrl,vie_Latn,microsoft/harrier-oss-v1-270m,0.9902517056755489
amh_Ethi,hrv_Latn,microsoft/harrier-oss-v1-270m,0.9902423412128194
kor_Hang,ckb_Arab,microsoft/harrier-oss-v1-270m,0.9902389277389276
asm_Beng,npi_Deva,intfloat/multilingual-e5-large,0.9902347217748984
slv_Latn,ind_Latn,microsoft/harrier-oss-v1-270m,0.9902281424975143
ind_Latn,jav_Latn,intfloat/multilingual-e5-large,0.9902242042711169
fra_Latn,afr_Latn,microsoft/harrier-oss-v1-270m,0.990217305901172
hat_Latn,nob_Latn,microsoft/harrier-oss-v1-270m,0.9902120472240118
nob_Latn,eus_Latn,intfloat/multilingual-e5-large,0.990208110139534
jav_Latn,sun_Latn,intfloat/multilingual-e5-large,0.9902068100364824
ceb_Latn,mkd_Cyrl,microsoft/harrier-oss-v1-270m,0.9902056588202572
eng_Latn,min_Latn,microsoft/harrier-oss-v1-270m,0.9902047189387684
tur_Latn,slv_Latn,microsoft/harrier-oss-v1-270m,0.9901947526813886
swe_Latn,lvs_Latn,intfloat/multilingual-e5-large,0.9901920536554023
spa_Latn,mal_Mlym,intfloat/multilingual-e5-large,0.9901912559909258
kor_Hang,sun_Latn,microsoft/harrier-oss-v1-270m,0.9901902016256564
aeb_Arab,swe_Latn,microsoft/harrier-oss-v1-270m,0.990189418892482
spa_Latn,bel_Cyrl,intfloat/multilingual-e5-large,0.9901877707147553
amh_Ethi,sin_Sinh,intfloat/multilingual-e5-large,0.9901835211304832
fin_Latn,sin_Sinh,intfloat/multilingual-e5-large,0.9901798507856752
hye_Armn,ron_Latn,microsoft/harrier-oss-v1-270m,0.9901719137917402
kaz_Cyrl,pol_Latn,microsoft/harrier-oss-v1-270m,0.9901700075493942
pol_Latn,azj_Latn,intfloat/multilingual-e5-large,0.990167825500831
bul_Cyrl,guj_Gujr,intfloat/multilingual-e5-large,0.9901615567000965
cat_Latn,deu_Latn,microsoft/harrier-oss-v1-270m,0.9901468753882442
eng_Latn,tam_Taml,intfloat/multilingual-e5-large,0.9901455754983909
fur_Latn,vie_Latn,microsoft/harrier-oss-v1-270m,0.9901417121525816
vec_Latn,vie_Latn,microsoft/harrier-oss-v1-270m,0.990135972033746
mkd_Cyrl,pbt_Arab,intfloat/multilingual-e5-large,0.990135305996089
bul_Cyrl,pan_Guru,intfloat/multilingual-e5-large,0.9901303701304975
ben_Beng,fin_Latn,microsoft/harrier-oss-v1-270m,0.9901291278875028
kaz_Cyrl,tur_Latn,microsoft/harrier-oss-v1-270m,0.9901166669127689
hat_Latn,eng_Latn,microsoft/harrier-oss-v1-270m,0.9901136115423349
ell_Grek,ltz_Latn,microsoft/harrier-oss-v1-270m,0.9901122428296344
eng_Latn,tel_Telu,microsoft/harrier-oss-v1-270m,0.9901060605568234
rus_Cyrl,srd_Latn,microsoft/harrier-oss-v1-270m,0.9901021080368908
pan_Guru,tel_Telu,intfloat/multilingual-e5-large,0.9900934934655519
srd_Latn,hrv_Latn,microsoft/harrier-oss-v1-270m,0.9900930040344028
ces_Latn,heb_Hebr,microsoft/harrier-oss-v1-270m,0.9900868042161002
ind_Latn,ukr_Cyrl,microsoft/harrier-oss-v1-270m,0.9900843290725148
sin_Sinh,snd_Arab,intfloat/multilingual-e5-large,0.9900775548653269
ind_Latn,slk_Latn,microsoft/harrier-oss-v1-270m,0.9900731182773116
slk_Latn,heb_Hebr,microsoft/harrier-oss-v1-270m,0.9900674467447836
amh_Ethi,als_Latn,intfloat/multilingual-e5-large,0.9900669673850231
azj_Latn,fra_Latn,microsoft/harrier-oss-v1-270m,0.9900635227113073
fin_Latn,pol_Latn,intfloat/multilingual-e5-large,0.9900615512763614
hye_Armn,srd_Latn,microsoft/harrier-oss-v1-270m,0.9900609354413702
awa_Deva,ory_Orya,microsoft/harrier-oss-v1-270m,0.9900595990114384
eus_Latn,por_Latn,intfloat/multilingual-e5-large,0.9900516315042006
deu_Latn,kat_Geor,intfloat/multilingual-e5-large,0.9900506034937355
azj_Latn,kat_Geor,intfloat/multilingual-e5-large,0.9900472467231662
scn_Latn,por_Latn,microsoft/harrier-oss-v1-270m,0.9900437178105164
hat_Latn,zho_Hant,microsoft/harrier-oss-v1-270m,0.9900430457293382
hun_Latn,rus_Cyrl,intfloat/multilingual-e5-large,0.9900375874667976
azj_Latn,nld_Latn,microsoft/harrier-oss-v1-270m,0.9900371846115334
est_Latn,kat_Geor,microsoft/harrier-oss-v1-270m,0.990036231884058
mar_Deva,als_Latn,intfloat/multilingual-e5-large,0.9900361468565562
tur_Latn,heb_Hebr,microsoft/harrier-oss-v1-270m,0.9900359993346137
bos_Latn,guj_Gujr,intfloat/multilingual-e5-large,0.9900262174074717
nno_Latn,spa_Latn,intfloat/multilingual-e5-large,0.9900205404436233
bho_Deva,pan_Guru,intfloat/multilingual-e5-large,0.9900082326400927
hin_Deva,npi_Deva,intfloat/multilingual-e5-large,0.9899961525279442
hat_Latn,zho_Hans,microsoft/harrier-oss-v1-270m,0.9899953154786834
kat_Geor,kor_Hang,microsoft/harrier-oss-v1-270m,0.9899950592885376
slk_Latn,tur_Latn,microsoft/harrier-oss-v1-270m,0.989988727515456
ceb_Latn,heb_Hebr,microsoft/harrier-oss-v1-270m,0.9899819531858021
mar_Deva,pan_Guru,intfloat/multilingual-e5-large,0.9899819376658847
ben_Beng,kir_Cyrl,microsoft/harrier-oss-v1-270m,0.9899639665988562
hye_Armn,nld_Latn,microsoft/harrier-oss-v1-270m,0.9899578239673705
ast_Latn,est_Latn,microsoft/harrier-oss-v1-270m,0.9899538866930172
bjn_Latn,por_Latn,microsoft/harrier-oss-v1-270m,0.9899522664984236
hun_Latn,cat_Latn,intfloat/multilingual-e5-large,0.9899469469962545
ces_Latn,hin_Deva,microsoft/harrier-oss-v1-270m,0.9899462723364993
ekk_Latn,mkd_Cyrl,intfloat/multilingual-e5-large,0.9899460765698604
cym_Latn,pan_Guru,intfloat/multilingual-e5-large,0.9899452442660237
nld_Latn,swh_Latn,microsoft/harrier-oss-v1-270m,0.9899445586310331
glg_Latn,urd_Arab,intfloat/multilingual-e5-large,0.9899384137434818
fin_Latn,spa_Latn,intfloat/multilingual-e5-large,0.9899382439458271
fra_Latn,azj_Latn,intfloat/multilingual-e5-large,0.9899319640693406
spa_Latn,azj_Latn,intfloat/multilingual-e5-large,0.989930501100125
heb_Hebr,slk_Latn,microsoft/harrier-oss-v1-270m,0.98992118554154
ekk_Latn,swe_Latn,intfloat/multilingual-e5-large,0.9899183639018122
ltz_Latn,mal_Mlym,microsoft/harrier-oss-v1-270m,0.9899144723578036
ces_Latn,afr_Latn,microsoft/harrier-oss-v1-270m,0.9899072120561785
jav_Latn,mal_Mlym,intfloat/multilingual-e5-large,0.9899008490521789
ell_Grek,fur_Latn,microsoft/harrier-oss-v1-270m,0.9898880105401844
ekk_Latn,vie_Latn,intfloat/multilingual-e5-large,0.9898802342596256
eng_Latn,kir_Cyrl,microsoft/harrier-oss-v1-270m,0.9898760733801718
zsm_Latn,sun_Latn,intfloat/multilingual-e5-large,0.9898747366537253
kaz_Cyrl,pan_Guru,intfloat/multilingual-e5-large,0.9898736365335399
glg_Latn,jav_Latn,intfloat/multilingual-e5-large,0.9898589583082635
ron_Latn,zul_Latn,intfloat/multilingual-e5-large,0.9898566991306346
ind_Latn,ces_Latn,microsoft/harrier-oss-v1-270m,0.9898539732422484
hin_Deva,hye_Armn,intfloat/multilingual-e5-large,0.9898533616415948
hrv_Latn,kaz_Cyrl,intfloat/multilingual-e5-large,0.9898472208291813
fin_Latn,urd_Arab,intfloat/multilingual-e5-large,0.9898465062112365
kaz_Cyrl,swe_Latn,microsoft/harrier-oss-v1-270m,0.9898445885206518
ben_Beng,glg_Latn,microsoft/harrier-oss-v1-270m,0.9898430820415598
ita_Latn,swh_Latn,microsoft/harrier-oss-v1-270m,0.989842318631992
ukr_Cyrl,tur_Latn,microsoft/harrier-oss-v1-270m,0.9898422179083517
rus_Cyrl,heb_Hebr,microsoft/harrier-oss-v1-270m,0.9898421967871363
aeb_Arab,spa_Latn,microsoft/harrier-oss-v1-270m,0.9898411544487978
hrv_Latn,kir_Cyrl,intfloat/multilingual-e5-large,0.9898349433449601
ces_Latn,kaz_Cyrl,microsoft/harrier-oss-v1-270m,0.9898285065055377
srp_Cyrl,zul_Latn,intfloat/multilingual-e5-large,0.9898281174307991
bos_Latn,hin_Deva,microsoft/harrier-oss-v1-270m,0.9898250949203466
fur_Latn,zho_Hant,microsoft/harrier-oss-v1-270m,0.9898244871070958
cat_Latn,kat_Geor,intfloat/multilingual-e5-large,0.9898198128667892
jpn_Jpan,eng_Latn,intfloat/multilingual-e5-large,0.989813791481098
dan_Latn,ell_Grek,microsoft/harrier-oss-v1-270m,0.9898112507571519
eng_Latn,sot_Latn,intfloat/multilingual-e5-large,0.9898084613729206
afr_Latn,jav_Latn,intfloat/multilingual-e5-large,0.9898062516118984
ron_Latn,slk_Latn,microsoft/harrier-oss-v1-270m,0.9898055496416152
kat_Geor,kaz_Cyrl,intfloat/multilingual-e5-large,0.989804569320696
kaz_Cyrl,tgk_Cyrl,microsoft/harrier-oss-v1-270m,0.9897997038764632
eng_Latn,khm_Khmr,microsoft/harrier-oss-v1-270m,0.9897972958379231
glg_Latn,pol_Latn,microsoft/harrier-oss-v1-270m,0.9897903405298274
hat_Latn,ita_Latn,microsoft/harrier-oss-v1-270m,0.9897886547607508
ita_Latn,lvs_Latn,intfloat/multilingual-e5-large,0.9897790402146671
ita_Latn,kaz_Cyrl,microsoft/harrier-oss-v1-270m,0.9897766916260555
slk_Latn,mkd_Cyrl,microsoft/harrier-oss-v1-270m,0.9897720489837769
cym_Latn,zul_Latn,intfloat/multilingual-e5-large,0.9897681715377322
srp_Cyrl,slv_Latn,intfloat/multilingual-e5-large,0.9897643650019796
ita_Latn,azj_Latn,intfloat/multilingual-e5-large,0.9897539647889408
hye_Armn,rus_Cyrl,microsoft/harrier-oss-v1-270m,0.9897350735199569
ron_Latn,ukr_Cyrl,microsoft/harrier-oss-v1-270m,0.9897333707132225
glg_Latn,ind_Latn,intfloat/multilingual-e5-large,0.9897308402997743
nld_Latn,uzn_Latn,intfloat/multilingual-e5-large,0.9897269959324485
lit_Latn,eng_Latn,microsoft/harrier-oss-v1-270m,0.9897216603631953
tur_Latn,tat_Cyrl,microsoft/harrier-oss-v1-270m,0.9897168672382499
arb_Arab,kin_Latn,microsoft/harrier-oss-v1-270m,0.9897158483338608
azj_Latn,ben_Beng,microsoft/harrier-oss-v1-270m,0.989712633925036
zsm_Latn,lvs_Latn,intfloat/multilingual-e5-large,0.9897118220342119
ory_Orya,tel_Telu,intfloat/multilingual-e5-large,0.9897097959586572
asm_Beng,pan_Guru,intfloat/multilingual-e5-large,0.9897069854232758
amh_Ethi,swe_Latn,microsoft/harrier-oss-v1-270m,0.9897066311610287
hin_Deva,swe_Latn,microsoft/harrier-oss-v1-270m,0.9897034372478362
fin_Latn,nno_Latn,intfloat/multilingual-e5-large,0.9897014201207384
cat_Latn,ind_Latn,intfloat/multilingual-e5-large,0.9897003062710213
zsm_Latn,ukr_Cyrl,microsoft/harrier-oss-v1-270m,0.989687533725863
hin_Deva,kat_Geor,intfloat/multilingual-e5-large,0.989687524076686
por_Latn,xho_Latn,microsoft/harrier-oss-v1-270m,0.9896847856714076
bho_Deva,npi_Deva,intfloat/multilingual-e5-large,0.9896809809161367
afr_Latn,rus_Cyrl,microsoft/harrier-oss-v1-270m,0.9896753875420732
hrv_Latn,tat_Cyrl,microsoft/harrier-oss-v1-270m,0.9896656812793154
bho_Deva,sin_Sinh,microsoft/harrier-oss-v1-270m,0.9896651358009672
rus_Cyrl,slv_Latn,microsoft/harrier-oss-v1-270m,0.9896585432267899
ell_Grek,bel_Cyrl,intfloat/multilingual-e5-large,0.9896492202445394
glg_Latn,nld_Latn,microsoft/harrier-oss-v1-270m,0.9896406674732456
ceb_Latn,spa_Latn,microsoft/harrier-oss-v1-270m,0.9896348878706699
hrv_Latn,ekk_Latn,intfloat/multilingual-e5-large,0.989628638340582
rus_Cyrl,azj_Latn,microsoft/harrier-oss-v1-270m,0.989612845079235
mal_Mlym,pol_Latn,microsoft/harrier-oss-v1-270m,0.9896091406306062
mal_Mlym,tur_Latn,microsoft/harrier-oss-v1-270m,0.989607580488728
slv_Latn,tur_Latn,microsoft/harrier-oss-v1-270m,0.9896038498662603
bul_Cyrl,ekk_Latn,intfloat/multilingual-e5-large,0.9896003359118112
ekk_Latn,slk_Latn,intfloat/multilingual-e5-large,0.989587545638355
ces_Latn,ron_Latn,microsoft/harrier-oss-v1-270m,0.9895858238001349
aeb_Arab,vie_Latn,microsoft/harrier-oss-v1-270m,0.9895857826121842
amh_Ethi,spa_Latn,microsoft/harrier-oss-v1-270m,0.9895840187996003
glg_Latn,kat_Geor,intfloat/multilingual-e5-large,0.989582785100044
bak_Cyrl,eng_Latn,microsoft/harrier-oss-v1-270m,0.9895778591007898
bul_Cyrl,nno_Latn,intfloat/multilingual-e5-large,0.9895510882879581
ind_Latn,ron_Latn,intfloat/multilingual-e5-large,0.9895485027641313
kor_Hang,pan_Guru,microsoft/harrier-oss-v1-270m,0.9895460819373864
nno_Latn,tur_Latn,intfloat/multilingual-e5-large,0.9895443806868058
mkd_Cyrl,swh_Latn,intfloat/multilingual-e5-large,0.9895288848883188
aeb_Arab,ces_Latn,microsoft/harrier-oss-v1-270m,0.98951801716452
swe_Latn,azj_Latn,intfloat/multilingual-e5-large,0.9895074594057875
bos_Latn,kaz_Cyrl,intfloat/multilingual-e5-large,0.9894998447076073
awa_Deva,tel_Telu,microsoft/harrier-oss-v1-270m,0.9894964555639388
guj_Gujr,sin_Sinh,intfloat/multilingual-e5-large,0.9894962352731419
heb_Hebr,fur_Latn,microsoft/harrier-oss-v1-270m,0.9894927536231884
ell_Grek,mkd_Cyrl,intfloat/multilingual-e5-large,0.9894892558929027
glg_Latn,tur_Latn,microsoft/harrier-oss-v1-270m,0.9894831976506451
guj_Gujr,nld_Latn,microsoft/harrier-oss-v1-270m,0.9894805871256138
ekk_Latn,ukr_Cyrl,intfloat/multilingual-e5-large,0.9894635754009592
hin_Deva,hrv_Latn,microsoft/harrier-oss-v1-270m,0.9894630560344834
tam_Taml,tgl_Latn,intfloat/multilingual-e5-large,0.9894529128886628
ceb_Latn,ind_Latn,microsoft/harrier-oss-v1-270m,0.9894486242429266
awa_Deva,urd_Arab,intfloat/multilingual-e5-large,0.9894449842086024
srd_Latn,nob_Latn,microsoft/harrier-oss-v1-270m,0.989443449762722
ces_Latn,hne_Deva,microsoft/harrier-oss-v1-270m,0.9894379201529622
tur_Latn,hun_Latn,intfloat/multilingual-e5-large,0.9894344932093226
bul_Cyrl,hin_Deva,microsoft/harrier-oss-v1-270m,0.9894158957239346
lvs_Latn,ita_Latn,intfloat/multilingual-e5-large,0.9894108353081694
ekk_Latn,als_Latn,intfloat/multilingual-e5-large,0.989407437198807
tgl_Latn,xho_Latn,intfloat/multilingual-e5-large,0.9894050977385431
dan_Latn,slv_Latn,microsoft/harrier-oss-v1-270m,0.9894028103044497
spa_Latn,pan_Guru,intfloat/multilingual-e5-large,0.9894013990858443
est_Latn,slv_Latn,Alibaba-NLP/gte-multilingual-base,0.9893867463950384
slv_Latn,srp_Cyrl,microsoft/harrier-oss-v1-270m,0.9893826470522118
bel_Cyrl,slk_Latn,microsoft/harrier-oss-v1-270m,0.9893783528552137
srd_Latn,srp_Cyrl,microsoft/harrier-oss-v1-270m,0.9893743333960726
amh_Ethi,vie_Latn,microsoft/harrier-oss-v1-270m,0.989371964545195
awa_Deva,kan_Knda,microsoft/harrier-oss-v1-270m,0.989369621079524
mkd_Cyrl,npi_Deva,intfloat/multilingual-e5-large,0.9893639119847376
sin_Sinh,slk_Latn,microsoft/harrier-oss-v1-270m,0.9893623898078638
fur_Latn,srd_Latn,microsoft/harrier-oss-v1-270m,0.989361001317523
ind_Latn,mal_Mlym,intfloat/multilingual-e5-large,0.9893587012588966
cat_Latn,nld_Latn,intfloat/multilingual-e5-large,0.9893552127579364
hrv_Latn,pbt_Arab,intfloat/multilingual-e5-large,0.989350086726844
est_Latn,sin_Sinh,microsoft/harrier-oss-v1-270m,0.9893500219587176
vec_Latn,hun_Latn,microsoft/harrier-oss-v1-270m,0.9893475144892916
bul_Cyrl,afr_Latn,microsoft/harrier-oss-v1-270m,0.9893430721605042
eng_Latn,snd_Arab,intfloat/multilingual-e5-large,0.9893371630531402
eng_Latn,hat_Latn,microsoft/harrier-oss-v1-270m,0.9893340593160243
lvs_Latn,zho_Hans,microsoft/harrier-oss-v1-270m,0.9893291990368452
afr_Latn,kat_Geor,intfloat/multilingual-e5-large,0.9893266756690797
dan_Latn,lvs_Latn,intfloat/multilingual-e5-large,0.989321199371653
spa_Latn,fin_Latn,intfloat/multilingual-e5-large,0.989314197134515
est_Latn,tgk_Cyrl,microsoft/harrier-oss-v1-270m,0.9893044757175192
bul_Cyrl,uzn_Latn,intfloat/multilingual-e5-large,0.989299780667234
glg_Latn,rus_Cyrl,microsoft/harrier-oss-v1-270m,0.9892992275151492
ekk_Latn,ces_Latn,intfloat/multilingual-e5-large,0.9892935268064216
fin_Latn,hye_Armn,intfloat/multilingual-e5-large,0.9892927613100155
ell_Grek,cat_Latn,intfloat/multilingual-e5-large,0.98929061019351
est_Latn,bak_Cyrl,microsoft/harrier-oss-v1-270m,0.9892892433653304
slv_Latn,dan_Latn,microsoft/harrier-oss-v1-270m,0.9892784467509546
amh_Ethi,deu_Latn,microsoft/harrier-oss-v1-270m,0.9892777835071135
slv_Latn,ell_Grek,microsoft/harrier-oss-v1-270m,0.9892771498624073
ita_Latn,tat_Cyrl,microsoft/harrier-oss-v1-270m,0.9892769672508912
ekk_Latn,zsm_Latn,intfloat/multilingual-e5-large,0.9892730925913872
ast_Latn,kat_Geor,microsoft/harrier-oss-v1-270m,0.989270421607378
lvs_Latn,spa_Latn,intfloat/multilingual-e5-large,0.9892693674328257
ben_Beng,tat_Cyrl,microsoft/harrier-oss-v1-270m,0.9892690909708016
bul_Cyrl,fin_Latn,intfloat/multilingual-e5-large,0.9892670353900315
hin_Deva,jav_Latn,intfloat/multilingual-e5-large,0.9892639553191327
heb_Hebr,ind_Latn,microsoft/harrier-oss-v1-270m,0.9892628298420136
hat_Latn,pol_Latn,microsoft/harrier-oss-v1-270m,0.9892605619620438
ben_Beng,tha_Thai,microsoft/harrier-oss-v1-270m,0.9892545751858703
kat_Geor,swe_Latn,microsoft/harrier-oss-v1-270m,0.9892456853707641
ind_Latn,kat_Geor,intfloat/multilingual-e5-large,0.9892397783969415
azj_Latn,bos_Latn,intfloat/multilingual-e5-large,0.989238461359613
cym_Latn,zsm_Latn,intfloat/multilingual-e5-large,0.9892377411885991
bos_Latn,hun_Latn,intfloat/multilingual-e5-large,0.9892262131072764
nld_Latn,tgk_Cyrl,microsoft/harrier-oss-v1-270m,0.9892239457501395
cat_Latn,pan_Guru,intfloat/multilingual-e5-large,0.989220398827187
uzn_Latn,urd_Arab,microsoft/harrier-oss-v1-270m,0.9892182284883676
tha_Thai,vie_Latn,microsoft/harrier-oss-v1-270m,0.9892158159281487
eng_Latn,uzn_Latn,microsoft/harrier-oss-v1-270m,0.9892154235916416
eng_Latn,bak_Cyrl,microsoft/harrier-oss-v1-270m,0.989212868688572
fin_Latn,slk_Latn,intfloat/multilingual-e5-large,0.9892104552476625
ltz_Latn,zho_Hans,microsoft/harrier-oss-v1-270m,0.9892082884177746
azj_Latn,urd_Arab,microsoft/harrier-oss-v1-270m,0.9891992089178969
afr_Latn,ben_Beng,microsoft/harrier-oss-v1-270m,0.989185575667433
ekk_Latn,sin_Sinh,intfloat/multilingual-e5-large,0.9891848816029144
tgk_Cyrl,urd_Arab,microsoft/harrier-oss-v1-270m,0.9891768670214812
fra_Latn,tam_Taml,intfloat/multilingual-e5-large,0.9891731794350429
aeb_Arab,pol_Latn,microsoft/harrier-oss-v1-270m,0.9891705238887734
heb_Hebr,nno_Latn,intfloat/multilingual-e5-large,0.9891655740779348
azj_Latn,zsm_Latn,microsoft/harrier-oss-v1-270m,0.989163845698031
ind_Latn,azj_Latn,intfloat/multilingual-e5-large,0.9891629892754634
cat_Latn,pol_Latn,microsoft/harrier-oss-v1-270m,0.989152697350556
azj_Latn,ukr_Cyrl,microsoft/harrier-oss-v1-270m,0.989132776406062
por_Latn,kin_Latn,microsoft/harrier-oss-v1-270m,0.9891322541886464
hun_Latn,ukr_Cyrl,intfloat/multilingual-e5-large,0.9891299060969335
hye_Armn,vie_Latn,microsoft/harrier-oss-v1-270m,0.9891294939512394
ben_Beng,cat_Latn,microsoft/harrier-oss-v1-270m,0.9891265923284366
zsm_Latn,swh_Latn,intfloat/multilingual-e5-large,0.9891103256901037
mlt_Latn,als_Latn,intfloat/multilingual-e5-large,0.9891075990481704
glg_Latn,srp_Cyrl,intfloat/multilingual-e5-large,0.9891075901012485
fur_Latn,srp_Cyrl,microsoft/harrier-oss-v1-270m,0.9890979810896692
srd_Latn,fur_Latn,microsoft/harrier-oss-v1-270m,0.9890810276679842
kat_Geor,rus_Cyrl,intfloat/multilingual-e5-large,0.9890759221549179
kor_Hang,oci_Latn,microsoft/harrier-oss-v1-270m,0.9890746934225194
nob_Latn,isl_Latn,intfloat/multilingual-e5-large,0.9890613582555022
afr_Latn,ceb_Latn,intfloat/multilingual-e5-large,0.9890554000285667
azj_Latn,ind_Latn,microsoft/harrier-oss-v1-270m,0.989054558011353
jav_Latn,swe_Latn,microsoft/harrier-oss-v1-270m,0.9890509370528272
hin_Deva,pol_Latn,microsoft/harrier-oss-v1-270m,0.9890412224175982
amh_Ethi,urd_Arab,intfloat/multilingual-e5-large,0.9890381246736407
guj_Gujr,rus_Cyrl,microsoft/harrier-oss-v1-270m,0.9890358592032792
est_Latn,lvs_Latn,microsoft/harrier-oss-v1-270m,0.9890355417529332
glg_Latn,sin_Sinh,intfloat/multilingual-e5-large,0.989035480685071
amh_Ethi,pol_Latn,microsoft/harrier-oss-v1-270m,0.989032260090731
aeb_Arab,bul_Cyrl,microsoft/harrier-oss-v1-270m,0.9890322005341624
fin_Latn,crh_Latn,microsoft/harrier-oss-v1-270m,0.9890233860342555
bos_Latn,nno_Latn,intfloat/multilingual-e5-large,0.9890224993596148
hun_Latn,fur_Latn,microsoft/harrier-oss-v1-270m,0.9890218482230264
ind_Latn,cat_Latn,intfloat/multilingual-e5-large,0.9890204940218338
bos_Latn,fin_Latn,intfloat/multilingual-e5-large,0.9890190888841104
urd_Arab,zul_Latn,intfloat/multilingual-e5-large,0.9890181532180033
ekk_Latn,hun_Latn,intfloat/multilingual-e5-large,0.989012432388738
ceb_Latn,ukr_Cyrl,microsoft/harrier-oss-v1-270m,0.9889981013040319
epo_Latn,gle_Latn,microsoft/harrier-oss-v1-270m,0.9889931927975406
hin_Deva,snd_Arab,intfloat/multilingual-e5-large,0.9889903891320218
heb_Hebr,ltz_Latn,microsoft/harrier-oss-v1-270m,0.9889869188782232
lvs_Latn,pan_Guru,intfloat/multilingual-e5-large,0.9889714648438828
nld_Latn,ekk_Latn,intfloat/multilingual-e5-large,0.9889664882346382
guj_Gujr,san_Deva,microsoft/harrier-oss-v1-270m,0.988960563231756
hrv_Latn,mar_Deva,intfloat/multilingual-e5-large,0.988960482605935
hun_Latn,nno_Latn,intfloat/multilingual-e5-large,0.988954914382538
swe_Latn,swh_Latn,microsoft/harrier-oss-v1-270m,0.9889440496563683
als_Latn,swh_Latn,intfloat/multilingual-e5-large,0.9889362452156532
vec_Latn,heb_Hebr,microsoft/harrier-oss-v1-270m,0.9889241796850492
bel_Cyrl,ben_Beng,microsoft/harrier-oss-v1-270m,0.9889215071019097
asm_Beng,sin_Sinh,intfloat/multilingual-e5-large,0.9889196157365131
slv_Latn,hun_Latn,microsoft/harrier-oss-v1-270m,0.9889085072233477
jav_Latn,pol_Latn,microsoft/harrier-oss-v1-270m,0.9889071566875955
hun_Latn,fin_Latn,intfloat/multilingual-e5-large,0.9889048817864801
ekk_Latn,tur_Latn,intfloat/multilingual-e5-large,0.98890317302298
est_Latn,jav_Latn,microsoft/harrier-oss-v1-270m,0.9888976393553052
ell_Grek,glg_Latn,intfloat/multilingual-e5-large,0.9888949857976378
bel_Cyrl,zsm_Latn,microsoft/harrier-oss-v1-270m,0.9888933407854914
slk_Latn,ron_Latn,microsoft/harrier-oss-v1-270m,0.988882040252959
zsm_Latn,slv_Latn,microsoft/harrier-oss-v1-270m,0.9888744821285752
arb_Arab,khm_Khmr,microsoft/harrier-oss-v1-270m,0.988866930171278
fin_Latn,bel_Cyrl,intfloat/multilingual-e5-large,0.9888634070798556
slv_Latn,urd_Arab,microsoft/harrier-oss-v1-270m,0.9888589916115663
deu_Latn,tat_Cyrl,microsoft/harrier-oss-v1-270m,0.9888551211160288
dan_Latn,hin_Deva,microsoft/harrier-oss-v1-270m,0.9888542196245126
deu_Latn,uzn_Latn,intfloat/multilingual-e5-large,0.9888468128690082
ell_Grek,dan_Latn,intfloat/multilingual-e5-large,0.988834707314474
ltz_Latn,sin_Sinh,microsoft/harrier-oss-v1-270m,0.9888206600163122
mar_Deva,tgl_Latn,intfloat/multilingual-e5-large,0.9888202214608751
rus_Cyrl,ell_Grek,microsoft/harrier-oss-v1-270m,0.9888187719499761
spa_Latn,ceb_Latn,microsoft/harrier-oss-v1-270m,0.9888115029275815
kaz_Cyrl,kir_Cyrl,intfloat/multilingual-e5-large,0.9887900102102164
tat_Cyrl,ukr_Cyrl,microsoft/harrier-oss-v1-270m,0.9887883358326159
fra_Latn,hat_Latn,intfloat/multilingual-e5-large,0.9887871058004938
srp_Cyrl,uzn_Latn,intfloat/multilingual-e5-large,0.9887837025140914
pol_Latn,srd_Latn,microsoft/harrier-oss-v1-270m,0.988769292301901
eng_Latn,kan_Knda,intfloat/multilingual-e5-large,0.9887630218353946
bul_Cyrl,lvs_Latn,intfloat/multilingual-e5-large,0.9887579549614841
dan_Latn,jav_Latn,intfloat/multilingual-e5-large,0.988756689580517
guj_Gujr,mai_Deva,intfloat/multilingual-e5-large,0.9887501659987541
dan_Latn,ukr_Cyrl,microsoft/harrier-oss-v1-270m,0.9887457048592319
asm_Beng,urd_Arab,intfloat/multilingual-e5-large,0.9887256520390919
ind_Latn,npi_Deva,intfloat/multilingual-e5-large,0.9887220499215115
srd_Latn,tur_Latn,microsoft/harrier-oss-v1-270m,0.9887198851872764
heb_Hebr,npi_Deva,intfloat/multilingual-e5-large,0.9887187790630059
snd_Arab,zho_Hans,microsoft/harrier-oss-v1-270m,0.9887155471888672
bel_Cyrl,urd_Arab,intfloat/multilingual-e5-large,0.98871143449523
bel_Cyrl,nld_Latn,microsoft/harrier-oss-v1-270m,0.988709804760936
azj_Latn,vie_Latn,microsoft/harrier-oss-v1-270m,0.988707171779821
sin_Sinh,tel_Telu,intfloat/multilingual-e5-large,0.9886968192129008
fin_Latn,rus_Cyrl,intfloat/multilingual-e5-large,0.9886967737167893
cym_Latn,swh_Latn,intfloat/multilingual-e5-large,0.988692145749106
spa_Latn,afr_Latn,microsoft/harrier-oss-v1-270m,0.9886887988135924
aeb_Arab,dan_Latn,microsoft/harrier-oss-v1-270m,0.9886879882569536
bho_Deva,ory_Orya,microsoft/harrier-oss-v1-270m,0.9886758744780255
ell_Grek,slk_Latn,microsoft/harrier-oss-v1-270m,0.9886752331010806
kaz_Cyrl,nld_Latn,microsoft/harrier-oss-v1-270m,0.9886670570899985
fin_Latn,ces_Latn,intfloat/multilingual-e5-large,0.9886600905993491
asm_Beng,zho_Hant,microsoft/harrier-oss-v1-270m,0.9886567538741452
rus_Cyrl,uzn_Latn,intfloat/multilingual-e5-large,0.9886526531460693
azj_Latn,hye_Armn,intfloat/multilingual-e5-large,0.9886524152186449
fin_Latn,kat_Geor,intfloat/multilingual-e5-large,0.9886480115275553
cym_Latn,hrv_Latn,intfloat/multilingual-e5-large,0.9886430758073981
hye_Armn,slv_Latn,microsoft/harrier-oss-v1-270m,0.9886364991582766
cat_Latn,npi_Deva,intfloat/multilingual-e5-large,0.9886345663723891
afr_Latn,spa_Latn,microsoft/harrier-oss-v1-270m,0.9886303938586122
cat_Latn,swe_Latn,intfloat/multilingual-e5-large,0.9886223393731526
ron_Latn,nno_Latn,intfloat/multilingual-e5-large,0.9886199997437136
kir_Cyrl,tat_Cyrl,intfloat/multilingual-e5-large,0.9886141647072171
ron_Latn,azj_Latn,intfloat/multilingual-e5-large,0.9886138365787588
sin_Sinh,tur_Latn,microsoft/harrier-oss-v1-270m,0.9886125141108086
eng_Latn,smo_Latn,microsoft/harrier-oss-v1-270m,0.988608439252596
hin_Deva,vie_Latn,microsoft/harrier-oss-v1-270m,0.9886016727421438
dan_Latn,pan_Guru,intfloat/multilingual-e5-large,0.9885949999244844
hye_Armn,mal_Mlym,intfloat/multilingual-e5-large,0.9885921714197756
ast_Latn,lvs_Latn,microsoft/harrier-oss-v1-270m,0.9885798983625071
amh_Ethi,rus_Cyrl,microsoft/harrier-oss-v1-270m,0.9885774412685352
deu_Latn,npi_Deva,intfloat/multilingual-e5-large,0.988575703832836
kor_Hang,plt_Latn,microsoft/harrier-oss-v1-270m,0.9885704874835308
nno_Latn,rus_Cyrl,intfloat/multilingual-e5-large,0.9885699495062592
cym_Latn,ita_Latn,microsoft/harrier-oss-v1-270m,0.9885642932114866
srp_Cyrl,tam_Taml,intfloat/multilingual-e5-large,0.9885480623435793
fur_Latn,tam_Taml,microsoft/harrier-oss-v1-270m,0.988542146028624
cat_Latn,ces_Latn,microsoft/harrier-oss-v1-270m,0.9885389342116637
dan_Latn,heb_Hebr,microsoft/harrier-oss-v1-270m,0.9885335887925499
vie_Latn,zul_Latn,intfloat/multilingual-e5-large,0.9885328170186509
guj_Gujr,kat_Geor,intfloat/multilingual-e5-large,0.9885294148082246
slk_Latn,vie_Latn,microsoft/harrier-oss-v1-270m,0.9885170834790908
hin_Deva,tur_Latn,microsoft/harrier-oss-v1-270m,0.9885062198604262
arz_Arab,eng_Latn,intfloat/multilingual-e5-large,0.9885038015387043
zsm_Latn,uzn_Latn,intfloat/multilingual-e5-large,0.9885010331665673
srd_Latn,ell_Grek,microsoft/harrier-oss-v1-270m,0.9885007362628846
pol_Latn,fin_Latn,microsoft/harrier-oss-v1-270m,0.9884904950122341
nno_Latn,pol_Latn,intfloat/multilingual-e5-large,0.9884883099382634
ceb_Latn,slk_Latn,microsoft/harrier-oss-v1-270m,0.9884855695488308
kaz_Cyrl,npi_Deva,intfloat/multilingual-e5-large,0.9884804213387035
deu_Latn,kaz_Cyrl,microsoft/harrier-oss-v1-270m,0.9884785461458652
bel_Cyrl,bul_Cyrl,microsoft/harrier-oss-v1-270m,0.9884642955218762
fin_Latn,mal_Mlym,intfloat/multilingual-e5-large,0.988463118090732
cat_Latn,mal_Mlym,intfloat/multilingual-e5-large,0.988458774181447
bul_Cyrl,zul_Latn,microsoft/harrier-oss-v1-270m,0.988449683847219
amh_Ethi,tur_Latn,microsoft/harrier-oss-v1-270m,0.9884466648198265
slv_Latn,tgk_Cyrl,microsoft/harrier-oss-v1-270m,0.9884446674716365
bel_Cyrl,uzn_Latn,intfloat/multilingual-e5-large,0.9884273693542778
fra_Latn,mar_Deva,intfloat/multilingual-e5-large,0.9884258585486458
ltz_Latn,tel_Telu,microsoft/harrier-oss-v1-270m,0.9884222661396574
lit_Latn,fra_Latn,intfloat/multilingual-e5-large,0.9884200393211691
ces_Latn,tgk_Cyrl,microsoft/harrier-oss-v1-270m,0.9884194423249764
hin_Deva,ukr_Cyrl,microsoft/harrier-oss-v1-270m,0.9884164253772991
awa_Deva,sin_Sinh,intfloat/multilingual-e5-large,0.9884153904379622
mar_Deva,san_Deva,intfloat/multilingual-e5-large,0.9884119297228152
vie_Latn,jpn_Jpan,intfloat/multilingual-e5-large,0.9884117844940432
pol_Latn,cat_Latn,microsoft/harrier-oss-v1-270m,0.9884043638052934
als_Latn,sun_Latn,intfloat/multilingual-e5-large,0.9884043621952131
kor_Hang,tgk_Cyrl,microsoft/harrier-oss-v1-270m,0.9883994628559846
mai_Deva,san_Deva,microsoft/harrier-oss-v1-270m,0.9883955929073496
fur_Latn,vec_Latn,microsoft/harrier-oss-v1-270m,0.9883948177426436
ast_Latn,lit_Latn,microsoft/harrier-oss-v1-270m,0.9883928755603648
ukr_Cyrl,ron_Latn,intfloat/multilingual-e5-large,0.9883918490546886
nso_Latn,sot_Latn,intfloat/multilingual-e5-large,0.9883903083631345
afr_Latn,ory_Orya,intfloat/multilingual-e5-large,0.9883823457466832
bul_Cyrl,ckb_Arab,microsoft/harrier-oss-v1-270m,0.9883821132396888
nno_Latn,hun_Latn,intfloat/multilingual-e5-large,0.9883793983268452
lvs_Latn,zho_Hant,microsoft/harrier-oss-v1-270m,0.9883728590250328
eng_Latn,pbt_Arab,intfloat/multilingual-e5-large,0.9883572679217478
amh_Ethi,kat_Geor,intfloat/multilingual-e5-large,0.9883515610990226
nob_Latn,xho_Latn,microsoft/harrier-oss-v1-270m,0.9883511749280192
srd_Latn,hin_Deva,microsoft/harrier-oss-v1-270m,0.9883469163471988
ita_Latn,kir_Cyrl,intfloat/multilingual-e5-large,0.988339897237372
hrv_Latn,snd_Arab,intfloat/multilingual-e5-large,0.9883310499120632
hrv_Latn,tam_Taml,intfloat/multilingual-e5-large,0.9883270377094012
uzn_Latn,spa_Latn,microsoft/harrier-oss-v1-270m,0.9883169945221064
srd_Latn,nno_Latn,microsoft/harrier-oss-v1-270m,0.9883134938873058
deu_Latn,jav_Latn,microsoft/harrier-oss-v1-270m,0.9883096626022012
swh_Latn,urd_Arab,intfloat/multilingual-e5-large,0.9883060852089439
amh_Ethi,zsm_Latn,microsoft/harrier-oss-v1-270m,0.9883013984475458
guj_Gujr,ita_Latn,microsoft/harrier-oss-v1-270m,0.9883002696529226
epo_Latn,kin_Latn,microsoft/harrier-oss-v1-270m,0.9882934704074714
hat_Latn,spa_Latn,microsoft/harrier-oss-v1-270m,0.9882934138063899
ind_Latn,pan_Guru,intfloat/multilingual-e5-large,0.9882915721433176
hrv_Latn,mya_Mymr,intfloat/multilingual-e5-large,0.9882860305531204
ekk_Latn,nno_Latn,intfloat/multilingual-e5-large,0.9882749963077831
npi_Deva,tur_Latn,microsoft/harrier-oss-v1-270m,0.9882738326144954
sun_Latn,tgl_Latn,intfloat/multilingual-e5-large,0.9882639707460603
bel_Cyrl,hye_Armn,intfloat/multilingual-e5-large,0.9882559327469578
ben_Beng,san_Deva,microsoft/harrier-oss-v1-270m,0.9882478012604924
ita_Latn,jpn_Jpan,microsoft/harrier-oss-v1-270m,0.9882424372299012
lvs_Latn,ron_Latn,intfloat/multilingual-e5-large,0.9882407078671429
hrv_Latn,swh_Latn,intfloat/multilingual-e5-large,0.9882393577344191
dan_Latn,glg_Latn,intfloat/multilingual-e5-large,0.9882389082763281
bel_Cyrl,ron_Latn,intfloat/multilingual-e5-large,0.9882382932935118
ckb_Arab,pol_Latn,microsoft/harrier-oss-v1-270m,0.988234615618856
slv_Latn,tat_Cyrl,microsoft/harrier-oss-v1-270m,0.9882343256748043
jav_Latn,nld_Latn,microsoft/harrier-oss-v1-270m,0.9882327897197374
mal_Mlym,nld_Latn,microsoft/harrier-oss-v1-270m,0.9882318786344599
deu_Latn,jpn_Jpan,intfloat/multilingual-e5-large,0.9882296764382529
mal_Mlym,rus_Cyrl,microsoft/harrier-oss-v1-270m,0.9882280077892599
pol_Latn,tgk_Cyrl,microsoft/harrier-oss-v1-270m,0.9882256674781621
eng_Latn,san_Deva,microsoft/harrier-oss-v1-270m,0.9882255462328912
arb_Arab,hat_Latn,microsoft/harrier-oss-v1-270m,0.9882168549017032
glg_Latn,slk_Latn,microsoft/harrier-oss-v1-270m,0.9882133876042203
fur_Latn,jpn_Jpan,microsoft/harrier-oss-v1-270m,0.9881987149872524
ces_Latn,tat_Cyrl,microsoft/harrier-oss-v1-270m,0.9881891608918346
ces_Latn,azj_Latn,microsoft/harrier-oss-v1-270m,0.9881868593671138
nob_Latn,srd_Latn,microsoft/harrier-oss-v1-270m,0.9881847177100408
sin_Sinh,slv_Latn,microsoft/harrier-oss-v1-270m,0.988163850390801
aeb_Arab,hrv_Latn,microsoft/harrier-oss-v1-270m,0.9881568801415168
afr_Latn,ind_Latn,microsoft/harrier-oss-v1-270m,0.9881545934817471
fin_Latn,fur_Latn,microsoft/harrier-oss-v1-270m,0.9881497784165768
uzn_Latn,rus_Cyrl,microsoft/harrier-oss-v1-270m,0.9881495280645052
kir_Cyrl,rus_Cyrl,intfloat/multilingual-e5-large,0.9881461381259173
ita_Latn,zul_Latn,intfloat/multilingual-e5-large,0.9881429427496184
hne_Deva,ron_Latn,microsoft/harrier-oss-v1-270m,0.9881407742136274
ell_Grek,ukr_Cyrl,microsoft/harrier-oss-v1-270m,0.9881315833813737
cat_Latn,vie_Latn,intfloat/multilingual-e5-large,0.9881293222761003
sin_Sinh,tgk_Cyrl,microsoft/harrier-oss-v1-270m,0.9881285624756251
zsm_Latn,xho_Latn,intfloat/multilingual-e5-large,0.9881252389452292
fra_Latn,tgk_Cyrl,microsoft/harrier-oss-v1-270m,0.9881240946819028
hye_Armn,tgk_Cyrl,microsoft/harrier-oss-v1-270m,0.9881211383456419
hye_Armn,mkd_Cyrl,microsoft/harrier-oss-v1-270m,0.9881186656902691
hye_Armn,pan_Guru,intfloat/multilingual-e5-large,0.988116615032226
ceb_Latn,ell_Grek,microsoft/harrier-oss-v1-270m,0.9881158556786862
bul_Cyrl,swh_Latn,microsoft/harrier-oss-v1-270m,0.9881110220065195
mal_Mlym,snd_Arab,intfloat/multilingual-e5-large,0.9881065665704845
aeb_Arab,ell_Grek,microsoft/harrier-oss-v1-270m,0.9881051741665552
hne_Deva,mar_Deva,intfloat/multilingual-e5-large,0.9881033220980149
kir_Cyrl,sin_Sinh,intfloat/multilingual-e5-large,0.9881004873601096
heb_Hebr,cat_Latn,intfloat/multilingual-e5-large,0.9880943514101783
afr_Latn,vie_Latn,microsoft/harrier-oss-v1-270m,0.9880884560885348
fur_Latn,fin_Latn,microsoft/harrier-oss-v1-270m,0.9880792128763732
lvs_Latn,vie_Latn,intfloat/multilingual-e5-large,0.988063783714292
deu_Latn,tam_Taml,intfloat/multilingual-e5-large,0.9880445143929903
kir_Cyrl,tur_Latn,microsoft/harrier-oss-v1-270m,0.9880424808942613
cat_Latn,dan_Latn,intfloat/multilingual-e5-large,0.9880401228942133
slk_Latn,dan_Latn,microsoft/harrier-oss-v1-270m,0.9880361518833927
eus_Latn,als_Latn,intfloat/multilingual-e5-large,0.9880322623696272
lvs_Latn,fur_Latn,intfloat/multilingual-e5-large,0.9880270092226614
ben_Beng,tam_Taml,intfloat/multilingual-e5-large,0.9880246005574043
hat_Latn,tgl_Latn,intfloat/multilingual-e5-large,0.9880228507713371
uzn_Latn,fra_Latn,intfloat/multilingual-e5-large,0.9880129437344178
fra_Latn,tat_Cyrl,microsoft/harrier-oss-v1-270m,0.9880112564691529
aeb_Arab,tur_Latn,microsoft/harrier-oss-v1-270m,0.9880096521480792
jav_Latn,vie_Latn,microsoft/harrier-oss-v1-270m,0.9880061986402803
ceb_Latn,mal_Mlym,microsoft/harrier-oss-v1-270m,0.9879968068088548
dan_Latn,kat_Geor,intfloat/multilingual-e5-large,0.9879940197206769
bul_Cyrl,tgk_Cyrl,microsoft/harrier-oss-v1-270m,0.9879908506200381
hun_Latn,vec_Latn,microsoft/harrier-oss-v1-270m,0.9879855624901795
lit_Latn,tgl_Latn,intfloat/multilingual-e5-large,0.9879848221992387
hye_Armn,slk_Latn,microsoft/harrier-oss-v1-270m,0.9879809680153988
vec_Latn,srd_Latn,microsoft/harrier-oss-v1-270m,0.987978992351522
tat_Cyrl,urd_Arab,microsoft/harrier-oss-v1-270m,0.9879787511674377
srd_Latn,pol_Latn,microsoft/harrier-oss-v1-270m,0.987977602108037
glg_Latn,hye_Armn,intfloat/multilingual-e5-large,0.987965655084138
tel_Telu,urd_Arab,intfloat/multilingual-e5-large,0.9879652473759182
hat_Latn,zsm_Latn,microsoft/harrier-oss-v1-270m,0.9879599104791622
tur_Latn,fin_Latn,intfloat/multilingual-e5-large,0.9879479460677503
ben_Beng,hun_Latn,microsoft/harrier-oss-v1-270m,0.9879444319505342
eng_Latn,lao_Laoo,intfloat/multilingual-e5-large,0.9879395451069828
fin_Latn,cat_Latn,intfloat/multilingual-e5-large,0.9879390486138782
azj_Latn,uzn_Latn,intfloat/multilingual-e5-large,0.9879294536726029
arz_Arab,urd_Arab,intfloat/multilingual-e5-large,0.9879275764387101
mar_Deva,sin_Sinh,intfloat/multilingual-e5-large,0.9879205368247836
bel_Cyrl,kaz_Cyrl,microsoft/harrier-oss-v1-270m,0.9879110577695924
bel_Cyrl,mkd_Cyrl,intfloat/multilingual-e5-large,0.9879080234519152
heb_Hebr,bel_Cyrl,microsoft/harrier-oss-v1-270m,0.987890069861335
ben_Beng,tgk_Cyrl,microsoft/harrier-oss-v1-270m,0.9878845022309918
swe_Latn,tat_Cyrl,microsoft/harrier-oss-v1-270m,0.9878842698501726
hat_Latn,als_Latn,microsoft/harrier-oss-v1-270m,0.9878831944172157
ell_Grek,ind_Latn,microsoft/harrier-oss-v1-270m,0.9878810528457349
fur_Latn,mal_Mlym,microsoft/harrier-oss-v1-270m,0.9878636669201056
kan_Knda,urd_Arab,intfloat/multilingual-e5-large,0.987859795784647
mkd_Cyrl,srd_Latn,microsoft/harrier-oss-v1-270m,0.987858584969569
nld_Latn,snd_Arab,intfloat/multilingual-e5-large,0.9878568164924759
hrv_Latn,hat_Latn,intfloat/multilingual-e5-large,0.9878556448394655
bos_Latn,tel_Telu,intfloat/multilingual-e5-large,0.9878542263104435
afr_Latn,dan_Latn,microsoft/harrier-oss-v1-270m,0.9878480071508721
fur_Latn,nno_Latn,microsoft/harrier-oss-v1-270m,0.9878382444507496
bel_Cyrl,jav_Latn,intfloat/multilingual-e5-large,0.9878353195843984
ell_Grek,hun_Latn,intfloat/multilingual-e5-large,0.987829532970974
tgk_Cyrl,vie_Latn,microsoft/harrier-oss-v1-270m,0.9878266047724351
heb_Hebr,pan_Guru,intfloat/multilingual-e5-large,0.9878212233834116
afr_Latn,mkd_Cyrl,microsoft/harrier-oss-v1-270m,0.9878194662171225
bos_Latn,tam_Taml,intfloat/multilingual-e5-large,0.9878164127970028
lvs_Latn,rus_Cyrl,intfloat/multilingual-e5-large,0.9878150741442238
ell_Grek,mal_Mlym,intfloat/multilingual-e5-large,0.9878144858564656
azj_Latn,dan_Latn,microsoft/harrier-oss-v1-270m,0.9878100864005289
bel_Cyrl,spa_Latn,intfloat/multilingual-e5-large,0.987807418670196
hye_Armn,srp_Cyrl,intfloat/multilingual-e5-large,0.9878062445522928
awa_Deva,npi_Deva,intfloat/multilingual-e5-large,0.9878038769067186
hin_Deva,hne_Deva,intfloat/multilingual-e5-large,0.9878015815934205
afr_Latn,tur_Latn,microsoft/harrier-oss-v1-270m,0.9877962367722704
est_Latn,lit_Latn,microsoft/harrier-oss-v1-270m,0.9877948428522354
srd_Latn,vie_Latn,microsoft/harrier-oss-v1-270m,0.9877870318087708
amh_Ethi,ces_Latn,microsoft/harrier-oss-v1-270m,0.987785113045833
lvs_Latn,oci_Latn,microsoft/harrier-oss-v1-270m,0.9877709905377888
slk_Latn,nno_Latn,intfloat/multilingual-e5-large,0.9877694815662326
ell_Grek,kat_Geor,intfloat/multilingual-e5-large,0.9877677564038424
pol_Latn,tat_Cyrl,microsoft/harrier-oss-v1-270m,0.9877539490979441
azj_Latn,glg_Latn,intfloat/multilingual-e5-large,0.9877448404837016
slk_Latn,srd_Latn,microsoft/harrier-oss-v1-270m,0.9877413651989432
ekk_Latn,rus_Cyrl,intfloat/multilingual-e5-large,0.9877388890440264
jav_Latn,ltz_Latn,microsoft/harrier-oss-v1-270m,0.9877301108698257
hin_Deva,mal_Mlym,intfloat/multilingual-e5-large,0.987719895229801
tel_Telu,tgl_Latn,intfloat/multilingual-e5-large,0.9877108693581618
deu_Latn,kir_Cyrl,intfloat/multilingual-e5-large,0.9877101142016165
srd_Latn,ukr_Cyrl,microsoft/harrier-oss-v1-270m,0.987697628458498
lvs_Latn,mal_Mlym,intfloat/multilingual-e5-large,0.9876927428002396
ekk_Latn,hye_Armn,intfloat/multilingual-e5-large,0.9876910914774898
deu_Latn,mar_Deva,microsoft/harrier-oss-v1-270m,0.9876891586137506
ekk_Latn,dan_Latn,intfloat/multilingual-e5-large,0.9876838253877264
als_Latn,xho_Latn,intfloat/multilingual-e5-large,0.987679205837587
cat_Latn,ukr_Cyrl,microsoft/harrier-oss-v1-270m,0.9876606134060315
cym_Latn,npi_Deva,intfloat/multilingual-e5-large,0.9876596781256246
cym_Latn,kat_Geor,intfloat/multilingual-e5-large,0.9876589124937656
eng_Latn,ydd_Hebr,intfloat/multilingual-e5-large,0.9876536090727075
pan_Guru,rus_Cyrl,microsoft/harrier-oss-v1-270m,0.9876330685574695
azj_Latn,ell_Grek,microsoft/harrier-oss-v1-270m,0.9876325522825743
npi_Deva,srp_Cyrl,intfloat/multilingual-e5-large,0.9876317859075991
hye_Armn,ind_Latn,microsoft/harrier-oss-v1-270m,0.9876303217573064
lit_Latn,als_Latn,intfloat/multilingual-e5-large,0.9876171830106555
spa_Latn,uzn_Latn,microsoft/harrier-oss-v1-270m,0.9876148250846591
afr_Latn,cym_Latn,intfloat/multilingual-e5-large,0.9876100541123379
est_Latn,pan_Guru,microsoft/harrier-oss-v1-270m,0.9876070081842196
nld_Latn,srd_Latn,microsoft/harrier-oss-v1-270m,0.9875988142292492
spa_Latn,nno_Latn,intfloat/multilingual-e5-large,0.9875869534224687
eng_Latn,plt_Latn,microsoft/harrier-oss-v1-270m,0.987579741771652
amh_Ethi,heb_Hebr,microsoft/harrier-oss-v1-270m,0.9875782026778616
kor_Hang,lit_Latn,microsoft/harrier-oss-v1-270m,0.9875735049107116
cat_Latn,jav_Latn,intfloat/multilingual-e5-large,0.9875706161127844
kat_Geor,npi_Deva,intfloat/multilingual-e5-large,0.9875705994682622
nld_Latn,isl_Latn,intfloat/multilingual-e5-large,0.9875678130265337
arb_Arab,srd_Latn,microsoft/harrier-oss-v1-270m,0.9875658761528328
ell_Grek,jav_Latn,intfloat/multilingual-e5-large,0.9875632902147976
fin_Latn,heb_Hebr,intfloat/multilingual-e5-large,0.9875550697388203
afr_Latn,slk_Latn,microsoft/harrier-oss-v1-270m,0.9875469066416129
heb_Hebr,lvs_Latn,intfloat/multilingual-e5-large,0.9875466132687027
mal_Mlym,tel_Telu,intfloat/multilingual-e5-large,0.9875447873829186
cat_Latn,tur_Latn,intfloat/multilingual-e5-large,0.9875440335326744
bak_Cyrl,kir_Cyrl,microsoft/harrier-oss-v1-270m,0.98754371589237
ind_Latn,bel_Cyrl,intfloat/multilingual-e5-large,0.9875382434376334
tha_Thai,urd_Arab,microsoft/harrier-oss-v1-270m,0.987534709282622
ita_Latn,tam_Taml,intfloat/multilingual-e5-large,0.9875341169937427
ben_Beng,kan_Knda,intfloat/multilingual-e5-large,0.9875295575517803
guj_Gujr,zsm_Latn,intfloat/multilingual-e5-large,0.9875259675200416
hrv_Latn,lao_Laoo,intfloat/multilingual-e5-large,0.9875097864952552
vec_Latn,fin_Latn,microsoft/harrier-oss-v1-270m,0.9875032938076416
ceb_Latn,glg_Latn,microsoft/harrier-oss-v1-270m,0.9875012356181159
ekk_Latn,fra_Latn,intfloat/multilingual-e5-large,0.987495118667224
als_Latn,tgk_Cyrl,microsoft/harrier-oss-v1-270m,0.9874928526808543
afr_Latn,ron_Latn,intfloat/multilingual-e5-large,0.9874911525064894
ceb_Latn,slv_Latn,microsoft/harrier-oss-v1-270m,0.9874833381159112
epo_Latn,ilo_Latn,microsoft/harrier-oss-v1-270m,0.987469806763285
hun_Latn,lvs_Latn,intfloat/multilingual-e5-large,0.9874673887940599
bel_Cyrl,cym_Latn,intfloat/multilingual-e5-large,0.987465330980572
afr_Latn,guj_Gujr,intfloat/multilingual-e5-large,0.9874553037828304
deu_Latn,tha_Thai,microsoft/harrier-oss-v1-270m,0.98745301308175
guj_Gujr,als_Latn,intfloat/multilingual-e5-large,0.9874522855919428
deu_Latn,tgk_Cyrl,microsoft/harrier-oss-v1-270m,0.9874506005098858
mal_Mlym,srp_Cyrl,intfloat/multilingual-e5-large,0.9874505833194577
pol_Latn,swh_Latn,microsoft/harrier-oss-v1-270m,0.9874492132602942
dan_Latn,fin_Latn,intfloat/multilingual-e5-large,0.9874465746447659
fin_Latn,lvs_Latn,intfloat/multilingual-e5-large,0.9874404895318768
mkd_Cyrl,ekk_Latn,intfloat/multilingual-e5-large,0.9874401554729424
dan_Latn,srd_Latn,microsoft/harrier-oss-v1-270m,0.987437296454095
bel_Cyrl,slv_Latn,microsoft/harrier-oss-v1-270m,0.9874354794901328
vec_Latn,kor_Hang,microsoft/harrier-oss-v1-270m,0.9874254668783854
lvs_Latn,uzn_Latn,intfloat/multilingual-e5-large,0.9874212541336954
hrv_Latn,srd_Latn,microsoft/harrier-oss-v1-270m,0.9874129493694712
dan_Latn,kaz_Cyrl,intfloat/multilingual-e5-large,0.9874118109563508
spa_Latn,kaz_Cyrl,microsoft/harrier-oss-v1-270m,0.9874095259975006
ekk_Latn,fin_Latn,intfloat/multilingual-e5-large,0.987407327059064
glg_Latn,vie_Latn,microsoft/harrier-oss-v1-270m,0.9874039958107264
tha_Thai,tgl_Latn,microsoft/harrier-oss-v1-270m,0.9873968026593778
ell_Grek,azj_Latn,intfloat/multilingual-e5-large,0.9873937242508974
spa_Latn,ekk_Latn,intfloat/multilingual-e5-large,0.9873905100634534
bos_Latn,mya_Mymr,intfloat/multilingual-e5-large,0.9873863961056242
slv_Latn,uzn_Latn,microsoft/harrier-oss-v1-270m,0.9873846904310959
afr_Latn,mal_Mlym,intfloat/multilingual-e5-large,0.9873834561924274
mal_Mlym,vie_Latn,microsoft/harrier-oss-v1-270m,0.987377764524487
fur_Latn,heb_Hebr,microsoft/harrier-oss-v1-270m,0.9873776585733106
fra_Latn,bho_Deva,intfloat/multilingual-e5-large,0.9873730881259393
ell_Grek,nno_Latn,intfloat/multilingual-e5-large,0.9873597293941889
nld_Latn,tha_Thai,microsoft/harrier-oss-v1-270m,0.9873584775963651
hne_Deva,ukr_Cyrl,microsoft/harrier-oss-v1-270m,0.987354068188234
ckb_Arab,vie_Latn,microsoft/harrier-oss-v1-270m,0.9873486500105746
slv_Latn,fur_Latn,microsoft/harrier-oss-v1-270m,0.9873475009838646
nno_Latn,pan_Guru,intfloat/multilingual-e5-large,0.9873467724670324
nno_Latn,ind_Latn,intfloat/multilingual-e5-large,0.9873450051194066
cym_Latn,glg_Latn,intfloat/multilingual-e5-large,0.9873417797738132
eng_Latn,isl_Latn,intfloat/multilingual-e5-large,0.9873387685265966
pol_Latn,hun_Latn,microsoft/harrier-oss-v1-270m,0.9873294154483322
bel_Cyrl,heb_Hebr,microsoft/harrier-oss-v1-270m,0.9873240810428978
fra_Latn,swh_Latn,microsoft/harrier-oss-v1-270m,0.9873133841008803
npi_Deva,nld_Latn,microsoft/harrier-oss-v1-270m,0.9872953846658129
spa_Latn,lvs_Latn,intfloat/multilingual-e5-large,0.9872901919238322
por_Latn,eus_Latn,intfloat/multilingual-e5-large,0.9872880694820056
fin_Latn,slv_Latn,intfloat/multilingual-e5-large,0.9872731846590177
guj_Gujr,hye_Armn,intfloat/multilingual-e5-large,0.9872616105245233
tur_Latn,uzn_Latn,intfloat/multilingual-e5-large,0.9872602087039416
ceb_Latn,ron_Latn,microsoft/harrier-oss-v1-270m,0.9872590917982845
plt_Latn,zho_Hans,microsoft/harrier-oss-v1-270m,0.9872566450575464
guj_Gujr,hne_Deva,intfloat/multilingual-e5-large,0.9872522555510839
heb_Hebr,uzn_Latn,intfloat/multilingual-e5-large,0.9872495576302792
hun_Latn,kat_Geor,intfloat/multilingual-e5-large,0.9872468760069311
fra_Latn,zul_Latn,intfloat/multilingual-e5-large,0.9872431315827481
hat_Latn,nld_Latn,microsoft/harrier-oss-v1-270m,0.9872409135822937
hye_Armn,zsm_Latn,microsoft/harrier-oss-v1-270m,0.9872357893124664
cym_Latn,srp_Cyrl,intfloat/multilingual-e5-large,0.9872315235786309
hun_Latn,azj_Latn,intfloat/multilingual-e5-large,0.9872287398881398
kaz_Cyrl,mal_Mlym,intfloat/multilingual-e5-large,0.9872186034952435
amh_Ethi,pan_Guru,intfloat/multilingual-e5-large,0.9872183188638726
ind_Latn,srd_Latn,microsoft/harrier-oss-v1-270m,0.9872158744920894
hun_Latn,jav_Latn,intfloat/multilingual-e5-large,0.9872155213691911
sin_Sinh,tam_Taml,intfloat/multilingual-e5-large,0.9872142808762536
vec_Latn,tha_Thai,microsoft/harrier-oss-v1-270m,0.9872116127885135
ind_Latn,slv_Latn,microsoft/harrier-oss-v1-270m,0.9872093829978117
ltz_Latn,urd_Arab,microsoft/harrier-oss-v1-270m,0.9871944623229209
hin_Deva,srp_Cyrl,intfloat/multilingual-e5-large,0.9871942605142231
afr_Latn,amh_Ethi,intfloat/multilingual-e5-large,0.9871905949047287
afr_Latn,glg_Latn,intfloat/multilingual-e5-large,0.9871781688907936
spa_Latn,tam_Taml,intfloat/multilingual-e5-large,0.9871681928633522
lit_Latn,nld_Latn,microsoft/harrier-oss-v1-270m,0.9871658775303764
srd_Latn,vec_Latn,microsoft/harrier-oss-v1-270m,0.987158103334574
sot_Latn,tsn_Latn,intfloat/multilingual-e5-large,0.9871525007283576
hne_Deva,slk_Latn,microsoft/harrier-oss-v1-270m,0.9871497666176547
eng_Latn,mya_Mymr,intfloat/multilingual-e5-large,0.9871311468285089
heb_Hebr,mal_Mlym,intfloat/multilingual-e5-large,0.9871273293620815
slk_Latn,ell_Grek,microsoft/harrier-oss-v1-270m,0.9871200284148304
azj_Latn,mkd_Cyrl,microsoft/harrier-oss-v1-270m,0.9871135121081906
kat_Geor,pol_Latn,microsoft/harrier-oss-v1-270m,0.987112515615854
mya_Mymr,vie_Latn,microsoft/harrier-oss-v1-270m,0.9871095639391517
swe_Latn,zul_Latn,intfloat/multilingual-e5-large,0.9871086000006171
kat_Geor,srp_Cyrl,intfloat/multilingual-e5-large,0.9871011119122353
pan_Guru,swe_Latn,microsoft/harrier-oss-v1-270m,0.9870932616808312
guj_Gujr,npi_Deva,intfloat/multilingual-e5-large,0.987078389082271
zsm_Latn,tel_Telu,intfloat/multilingual-e5-large,0.9870727414040212
eng_Latn,arz_Arab,intfloat/multilingual-e5-large,0.987069907662862
mkd_Cyrl,mar_Deva,intfloat/multilingual-e5-large,0.987058438456502
bel_Cyrl,hin_Deva,microsoft/harrier-oss-v1-270m,0.9870579419850298
jav_Latn,war_Latn,intfloat/multilingual-e5-large,0.987051121592851
uzn_Latn,tur_Latn,microsoft/harrier-oss-v1-270m,0.9870483719115486
amh_Ethi,dan_Latn,microsoft/harrier-oss-v1-270m,0.9870430217010979
nld_Latn,zul_Latn,microsoft/harrier-oss-v1-270m,0.9870418215060337
hin_Deva,ron_Latn,intfloat/multilingual-e5-large,0.9870413100705329
epo_Latn,khm_Khmr,microsoft/harrier-oss-v1-270m,0.9870389807714492
mal_Mlym,tam_Taml,intfloat/multilingual-e5-large,0.9870374956180767
arb_Arab,nso_Latn,intfloat/multilingual-e5-large,0.987031116794544
mar_Deva,nld_Latn,microsoft/harrier-oss-v1-270m,0.9870249252757604
isl_Latn,zsm_Latn,intfloat/multilingual-e5-large,0.9870138460962983
kan_Knda,ory_Orya,intfloat/multilingual-e5-large,0.9870086879384667
azj_Latn,mal_Mlym,intfloat/multilingual-e5-large,0.9869971034414857
lvs_Latn,slv_Latn,intfloat/multilingual-e5-large,0.9869794634888454
nno_Latn,uzn_Latn,intfloat/multilingual-e5-large,0.986976504212041
ory_Orya,tam_Taml,intfloat/multilingual-e5-large,0.9869689881345577
zsm_Latn,mlt_Latn,intfloat/multilingual-e5-large,0.9869665928603724
bel_Cyrl,tur_Latn,microsoft/harrier-oss-v1-270m,0.9869644813621179
nno_Latn,slk_Latn,intfloat/multilingual-e5-large,0.9869642872168272
hye_Armn,tat_Cyrl,microsoft/harrier-oss-v1-270m,0.9869625353153696
hye_Armn,kaz_Cyrl,microsoft/harrier-oss-v1-270m,0.9869622307116668
afr_Latn,mai_Deva,intfloat/multilingual-e5-large,0.9869603498908854
xho_Latn,zho_Hans,microsoft/harrier-oss-v1-270m,0.986958337285122
ces_Latn,uzn_Latn,microsoft/harrier-oss-v1-270m,0.9869482297343839
spa_Latn,zul_Latn,intfloat/multilingual-e5-large,0.9869460549604296
ces_Latn,nno_Latn,intfloat/multilingual-e5-large,0.9869422573751536
cat_Latn,nno_Latn,intfloat/multilingual-e5-large,0.9869352658672612
swe_Latn,uzn_Latn,intfloat/multilingual-e5-large,0.9869351022494002
dan_Latn,hne_Deva,intfloat/multilingual-e5-large,0.9869239219330034
als_Latn,tam_Taml,intfloat/multilingual-e5-large,0.9869099517809408
isl_Latn,sin_Sinh,intfloat/multilingual-e5-large,0.9869084259764943
nld_Latn,tam_Taml,intfloat/multilingual-e5-large,0.9869075559012563
hun_Latn,slv_Latn,intfloat/multilingual-e5-large,0.9869029496479603
hun_Latn,npi_Deva,intfloat/multilingual-e5-large,0.9869029095321267
kat_Geor,zsm_Latn,microsoft/harrier-oss-v1-270m,0.986902037044052
tgk_Cyrl,tur_Latn,microsoft/harrier-oss-v1-270m,0.9869015429856038
zsm_Latn,tha_Thai,microsoft/harrier-oss-v1-270m,0.9868956457859719
bel_Cyrl,mal_Mlym,intfloat/multilingual-e5-large,0.9868850279120831
fin_Latn,glg_Latn,intfloat/multilingual-e5-large,0.9868822577088028
bel_Cyrl,ind_Latn,microsoft/harrier-oss-v1-270m,0.9868728533286624
ell_Grek,guj_Gujr,intfloat/multilingual-e5-large,0.9868698346194282
ckb_Arab,nld_Latn,microsoft/harrier-oss-v1-270m,0.9868648791726888
aeb_Arab,nld_Latn,microsoft/harrier-oss-v1-270m,0.9868646787788956
ben_Beng,nno_Latn,microsoft/harrier-oss-v1-270m,0.9868619603556785
bel_Cyrl,vec_Latn,microsoft/harrier-oss-v1-270m,0.9868330039525692
eus_Latn,tgl_Latn,intfloat/multilingual-e5-large,0.9868323246016185
pbt_Arab,sin_Sinh,intfloat/multilingual-e5-large,0.9868317366796391
deu_Latn,swh_Latn,microsoft/harrier-oss-v1-270m,0.986828589312425
slk_Latn,lvs_Latn,intfloat/multilingual-e5-large,0.9868191775427766
jav_Latn,tur_Latn,microsoft/harrier-oss-v1-270m,0.986817442491555
azj_Latn,bel_Cyrl,microsoft/harrier-oss-v1-270m,0.9868167469300405
dan_Latn,ekk_Latn,intfloat/multilingual-e5-large,0.9868145695259588
hrv_Latn,sun_Latn,intfloat/multilingual-e5-large,0.9868134642720683
ces_Latn,ekk_Latn,intfloat/multilingual-e5-large,0.9868134548901528
cat_Latn,ceb_Latn,microsoft/harrier-oss-v1-270m,0.9868133954966596
mal_Mlym,mar_Deva,intfloat/multilingual-e5-large,0.986810877705034
heb_Hebr,ckb_Arab,microsoft/harrier-oss-v1-270m,0.9868043925818719
bul_Cyrl,kir_Cyrl,intfloat/multilingual-e5-large,0.9867889808695283
hat_Latn,ron_Latn,microsoft/harrier-oss-v1-270m,0.986760808442928
ekk_Latn,lit_Latn,intfloat/multilingual-e5-large,0.9867550585278622
mal_Mlym,ind_Latn,microsoft/harrier-oss-v1-270m,0.9867535656502178
ces_Latn,swh_Latn,microsoft/harrier-oss-v1-270m,0.9867494934276757
kir_Cyrl,nld_Latn,microsoft/harrier-oss-v1-270m,0.9867474546060293
heb_Hebr,hun_Latn,microsoft/harrier-oss-v1-270m,0.9867445855972934
heb_Hebr,hin_Deva,intfloat/multilingual-e5-large,0.986742659439604
isl_Latn,urd_Arab,intfloat/multilingual-e5-large,0.9867304340205659
bak_Cyrl,hrv_Latn,microsoft/harrier-oss-v1-270m,0.9867271818853638
kor_Hang,fur_Latn,microsoft/harrier-oss-v1-270m,0.986725955204216
heb_Hebr,swh_Latn,microsoft/harrier-oss-v1-270m,0.9867236550402726
snd_Arab,tgl_Latn,intfloat/multilingual-e5-large,0.9867120468838089
srd_Latn,jav_Latn,microsoft/harrier-oss-v1-270m,0.9867087375733622
lit_Latn,rus_Cyrl,microsoft/harrier-oss-v1-270m,0.9867079656837723
mal_Mlym,ron_Latn,microsoft/harrier-oss-v1-270m,0.9867054352894562
cat_Latn,mkd_Cyrl,intfloat/multilingual-e5-large,0.9867037518023309
hrv_Latn,khk_Cyrl,intfloat/multilingual-e5-large,0.9867030210508518
fra_Latn,run_Latn,microsoft/harrier-oss-v1-270m,0.9866985068072024
fra_Latn,kan_Knda,intfloat/multilingual-e5-large,0.9866939240755962
slv_Latn,fin_Latn,microsoft/harrier-oss-v1-270m,0.9866936828134136
uzn_Latn,pol_Latn,microsoft/harrier-oss-v1-270m,0.9866896436721498
azj_Latn,tat_Cyrl,microsoft/harrier-oss-v1-270m,0.9866825538963768
bel_Cyrl,guj_Gujr,intfloat/multilingual-e5-large,0.9866821299064708
hrv_Latn,lit_Latn,microsoft/harrier-oss-v1-270m,0.9866699232423004
spa_Latn,hun_Latn,microsoft/harrier-oss-v1-270m,0.9866572972882798
ceb_Latn,kat_Geor,intfloat/multilingual-e5-large,0.9866527580768997
heb_Hebr,hne_Deva,microsoft/harrier-oss-v1-270m,0.9866477906040286
mar_Deva,srd_Latn,microsoft/harrier-oss-v1-270m,0.9866438576678852
hat_Latn,tur_Latn,microsoft/harrier-oss-v1-270m,0.9866389904560352
hun_Latn,ind_Latn,intfloat/multilingual-e5-large,0.986637052334919
hne_Deva,slv_Latn,microsoft/harrier-oss-v1-270m,0.9866344858691841
ell_Grek,hne_Deva,microsoft/harrier-oss-v1-270m,0.986628597684962
mkd_Cyrl,snd_Arab,intfloat/multilingual-e5-large,0.9866285819978982
isl_Latn,hrv_Latn,intfloat/multilingual-e5-large,0.9866212769934231
ita_Latn,ckb_Arab,microsoft/harrier-oss-v1-270m,0.9866210231485406
spa_Latn,swh_Latn,microsoft/harrier-oss-v1-270m,0.9866208217382272
fin_Latn,pan_Guru,intfloat/multilingual-e5-large,0.9866198179798762
gle_Latn,por_Latn,microsoft/harrier-oss-v1-270m,0.986619660532704
ita_Latn,mar_Deva,microsoft/harrier-oss-v1-270m,0.9866186944993907
hye_Armn,npi_Deva,intfloat/multilingual-e5-large,0.9866184191550134
ssw_Latn,zul_Latn,intfloat/multilingual-e5-large,0.9866098952773104
srp_Cyrl,swh_Latn,intfloat/multilingual-e5-large,0.9866082855417708
spa_Latn,bjn_Latn,microsoft/harrier-oss-v1-270m,0.9865931216759798
ceb_Latn,hin_Deva,microsoft/harrier-oss-v1-270m,0.986588851308644
hun_Latn,mal_Mlym,intfloat/multilingual-e5-large,0.986585601376191
cat_Latn,hne_Deva,intfloat/multilingual-e5-large,0.9865829696801016
ind_Latn,mkd_Cyrl,intfloat/multilingual-e5-large,0.9865763150008964
dan_Latn,guj_Gujr,intfloat/multilingual-e5-large,0.9865712460101782
kat_Geor,tur_Latn,microsoft/harrier-oss-v1-270m,0.9865672508154648
fin_Latn,azj_Latn,intfloat/multilingual-e5-large,0.9865552021081361
lvs_Latn,nld_Latn,intfloat/multilingual-e5-large,0.9865483841439724
deu_Latn,war_Latn,microsoft/harrier-oss-v1-270m,0.9865468962458007
bho_Deva,hin_Deva,microsoft/harrier-oss-v1-270m,0.9865382287229789
kat_Geor,ukr_Cyrl,microsoft/harrier-oss-v1-270m,0.9865238203781742
heb_Hebr,srd_Latn,microsoft/harrier-oss-v1-270m,0.9865219925002534
uzn_Latn,ita_Latn,microsoft/harrier-oss-v1-270m,0.9865204950920288
spa_Latn,tgk_Cyrl,microsoft/harrier-oss-v1-270m,0.9865204060238665
kaz_Cyrl,srp_Cyrl,intfloat/multilingual-e5-large,0.9865024887755764
ell_Grek,slv_Latn,microsoft/harrier-oss-v1-270m,0.9864891845688362
bel_Cyrl,pan_Guru,intfloat/multilingual-e5-large,0.9864770338649302
bel_Cyrl,dan_Latn,microsoft/harrier-oss-v1-270m,0.9864721571688784
ell_Grek,heb_Hebr,microsoft/harrier-oss-v1-270m,0.9864689494990636
cym_Latn,fur_Latn,intfloat/multilingual-e5-large,0.986465587552544
fur_Latn,est_Latn,microsoft/harrier-oss-v1-270m,0.9864614958660328
kat_Geor,nld_Latn,microsoft/harrier-oss-v1-270m,0.9864575452268346
amh_Ethi,srd_Latn,microsoft/harrier-oss-v1-270m,0.9864459815546772
ces_Latn,mal_Mlym,microsoft/harrier-oss-v1-270m,0.9864390261363838
npi_Deva,snd_Arab,intfloat/multilingual-e5-large,0.9864364928768636
ben_Beng,khk_Cyrl,intfloat/multilingual-e5-large,0.9864303958983636
amh_Ethi,hye_Armn,intfloat/multilingual-e5-large,0.9864186489889369
hun_Latn,kir_Cyrl,intfloat/multilingual-e5-large,0.9864092825770829
swh_Latn,vie_Latn,microsoft/harrier-oss-v1-270m,0.9864090043999234
mal_Mlym,slk_Latn,microsoft/harrier-oss-v1-270m,0.9864039266357474
kat_Geor,tgk_Cyrl,microsoft/harrier-oss-v1-270m,0.9864029531944569
pol_Latn,nno_Latn,intfloat/multilingual-e5-large,0.9863947707468066
afr_Latn,npi_Deva,intfloat/multilingual-e5-large,0.9863918122572612
swe_Latn,ekk_Latn,intfloat/multilingual-e5-large,0.986384960342806
hrv_Latn,xho_Latn,intfloat/multilingual-e5-large,0.9863813546372936
rus_Cyrl,nno_Latn,intfloat/multilingual-e5-large,0.9863798174229041
cym_Latn,vie_Latn,intfloat/multilingual-e5-large,0.9863742359056652
pan_Guru,tur_Latn,microsoft/harrier-oss-v1-270m,0.9863740770354879
ron_Latn,swh_Latn,microsoft/harrier-oss-v1-270m,0.9863739109186762
zsm_Latn,tam_Taml,intfloat/multilingual-e5-large,0.9863733716147158
est_Latn,sun_Latn,microsoft/harrier-oss-v1-270m,0.9863645283762352
nld_Latn,bak_Cyrl,microsoft/harrier-oss-v1-270m,0.9863636005494014
azj_Latn,slk_Latn,microsoft/harrier-oss-v1-270m,0.9863541500527266
ces_Latn,hun_Latn,microsoft/harrier-oss-v1-270m,0.9863531668985226
dan_Latn,uzn_Latn,intfloat/multilingual-e5-large,0.9863477728741599
ckb_Arab,ron_Latn,microsoft/harrier-oss-v1-270m,0.9863442824452222
eng_Latn,sun_Latn,intfloat/multilingual-e5-large,0.9863402047339556
ckb_Arab,spa_Latn,microsoft/harrier-oss-v1-270m,0.9863392604262938
guj_Gujr,hrv_Latn,microsoft/harrier-oss-v1-270m,0.9863292102998182
mkd_Cyrl,khk_Cyrl,intfloat/multilingual-e5-large,0.9863268984830527
eng_Latn,tir_Ethi,microsoft/harrier-oss-v1-270m,0.9863224896159462
glg_Latn,mal_Mlym,intfloat/multilingual-e5-large,0.9863178959095149
azj_Latn,ron_Latn,microsoft/harrier-oss-v1-270m,0.9863169818257781
eng_Latn,run_Latn,microsoft/harrier-oss-v1-270m,0.9863142292490118
kan_Knda,sin_Sinh,intfloat/multilingual-e5-large,0.986310399446569
ron_Latn,uzn_Latn,intfloat/multilingual-e5-large,0.9863097824678502
kin_Latn,zho_Hans,microsoft/harrier-oss-v1-270m,0.9863000594596444
uzn_Latn,slv_Latn,microsoft/harrier-oss-v1-270m,0.9862929736564543
lao_Laoo,tgl_Latn,intfloat/multilingual-e5-large,0.9862918841942014
cat_Latn,ell_Grek,microsoft/harrier-oss-v1-270m,0.9862854622237365
nld_Latn,lit_Latn,microsoft/harrier-oss-v1-270m,0.9862763675780886
swh_Latn,xho_Latn,intfloat/multilingual-e5-large,0.9862721131131562
hun_Latn,pan_Guru,intfloat/multilingual-e5-large,0.9862713535615375
bul_Cyrl,tha_Thai,microsoft/harrier-oss-v1-270m,0.9862684458776478
fra_Latn,uzn_Latn,intfloat/multilingual-e5-large,0.9862635342370164
cat_Latn,slk_Latn,intfloat/multilingual-e5-large,0.9862585232253274
afr_Latn,pan_Guru,intfloat/multilingual-e5-large,0.9862584568923847
afr_Latn,hin_Deva,microsoft/harrier-oss-v1-270m,0.9862534197149201
mar_Deva,zsm_Latn,intfloat/multilingual-e5-large,0.9862474350769688
khm_Khmr,nob_Latn,microsoft/harrier-oss-v1-270m,0.986245843528452
deu_Latn,ckb_Arab,microsoft/harrier-oss-v1-270m,0.9862458056155345
mar_Deva,npi_Deva,intfloat/multilingual-e5-large,0.986232447759873
bho_Deva,rus_Cyrl,microsoft/harrier-oss-v1-270m,0.9862309865953768
guj_Gujr,snd_Arab,intfloat/multilingual-e5-large,0.986227858686733
kaz_Cyrl,mkd_Cyrl,intfloat/multilingual-e5-large,0.9862266907724289
ekk_Latn,jav_Latn,intfloat/multilingual-e5-large,0.9862255953823024
pol_Latn,tha_Thai,microsoft/harrier-oss-v1-270m,0.9862212089671105
fra_Latn,ckb_Arab,microsoft/harrier-oss-v1-270m,0.9862169339892772
bak_Cyrl,uzn_Latn,microsoft/harrier-oss-v1-270m,0.9862129823366053
swh_Latn,tur_Latn,microsoft/harrier-oss-v1-270m,0.98619547345926
pan_Guru,tam_Taml,intfloat/multilingual-e5-large,0.9861912615507488
amh_Ethi,ukr_Cyrl,microsoft/harrier-oss-v1-270m,0.986187709004851
kor_Hang,ltz_Latn,microsoft/harrier-oss-v1-270m,0.9861701251646904
hun_Latn,srd_Latn,microsoft/harrier-oss-v1-270m,0.986166958041958
cym_Latn,nld_Latn,microsoft/harrier-oss-v1-270m,0.9861637344437014
ind_Latn,dan_Latn,microsoft/harrier-oss-v1-270m,0.9861614468850153
dan_Latn,tgk_Cyrl,microsoft/harrier-oss-v1-270m,0.9861591160313287
jav_Latn,rus_Cyrl,microsoft/harrier-oss-v1-270m,0.9861515589435796
ron_Latn,tgk_Cyrl,microsoft/harrier-oss-v1-270m,0.9861492043892832
hat_Latn,kor_Hang,microsoft/harrier-oss-v1-270m,0.9861456611913366
fin_Latn,ukr_Cyrl,intfloat/multilingual-e5-large,0.9861446986214545
nld_Latn,jpn_Jpan,microsoft/harrier-oss-v1-270m,0.986128006246884
deu_Latn,ekk_Latn,intfloat/multilingual-e5-large,0.9861241217798594
azj_Latn,est_Latn,microsoft/harrier-oss-v1-270m,0.9861210518819216
afr_Latn,fin_Latn,microsoft/harrier-oss-v1-270m,0.9861201481320042
bel_Cyrl,ceb_Latn,microsoft/harrier-oss-v1-270m,0.9861186609025715
swe_Latn,lit_Latn,microsoft/harrier-oss-v1-270m,0.9861099394387356
ita_Latn,tel_Telu,intfloat/multilingual-e5-large,0.9861027037844897
guj_Gujr,swe_Latn,microsoft/harrier-oss-v1-270m,0.9860991218252243
ceb_Latn,hun_Latn,microsoft/harrier-oss-v1-270m,0.9860913146024499
ben_Beng,pbt_Arab,intfloat/multilingual-e5-large,0.9860901889863327
por_Latn,sna_Latn,microsoft/harrier-oss-v1-270m,0.986088153747212
cym_Latn,swe_Latn,microsoft/harrier-oss-v1-270m,0.9860797986001818
slv_Latn,swh_Latn,microsoft/harrier-oss-v1-270m,0.9860788763611983
gle_Latn,tgl_Latn,intfloat/multilingual-e5-large,0.9860752972627862
khk_Cyrl,als_Latn,intfloat/multilingual-e5-large,0.9860607358353615
bos_Latn,ekk_Latn,intfloat/multilingual-e5-large,0.9860576744358944
azj_Latn,hin_Deva,microsoft/harrier-oss-v1-270m,0.986052670564197
mar_Deva,snd_Arab,intfloat/multilingual-e5-large,0.9860386543221794
deu_Latn,lao_Laoo,intfloat/multilingual-e5-large,0.9860342822696256
cat_Latn,heb_Hebr,microsoft/harrier-oss-v1-270m,0.9860317443044856
cat_Latn,zul_Latn,intfloat/multilingual-e5-large,0.9860298827731471
bel_Cyrl,hun_Latn,microsoft/harrier-oss-v1-270m,0.9860251030138899
cat_Latn,uzn_Latn,intfloat/multilingual-e5-large,0.9860186683267653
ast_Latn,xho_Latn,microsoft/harrier-oss-v1-270m,0.9860160316187984
kat_Geor,zul_Latn,intfloat/multilingual-e5-large,0.9860135699568653
hat_Latn,hye_Armn,microsoft/harrier-oss-v1-270m,0.9860078439479552
kat_Geor,ron_Latn,intfloat/multilingual-e5-large,0.9860073541835028
ceb_Latn,smo_Latn,microsoft/harrier-oss-v1-270m,0.985999945103206
hat_Latn,urd_Arab,microsoft/harrier-oss-v1-270m,0.9859923205366818
tat_Cyrl,vie_Latn,microsoft/harrier-oss-v1-270m,0.985990522794592
mai_Deva,tel_Telu,intfloat/multilingual-e5-large,0.985986803115596
kan_Knda,mai_Deva,intfloat/multilingual-e5-large,0.9859866728553224
lit_Latn,oci_Latn,microsoft/harrier-oss-v1-270m,0.9859854892388092
ita_Latn,snd_Arab,intfloat/multilingual-e5-large,0.9859738591347897
spa_Latn,guj_Gujr,intfloat/multilingual-e5-large,0.9859635905717725
uzn_Latn,deu_Latn,microsoft/harrier-oss-v1-270m,0.985960489626847
fin_Latn,ekk_Latn,intfloat/multilingual-e5-large,0.9859595756678372
fur_Latn,slv_Latn,microsoft/harrier-oss-v1-270m,0.9859570079678774
gle_Latn,als_Latn,intfloat/multilingual-e5-large,0.9859342904136705
ell_Grek,hin_Deva,microsoft/harrier-oss-v1-270m,0.9859273050500506
pbt_Arab,urd_Arab,intfloat/multilingual-e5-large,0.9859261018868062
sot_Latn,xho_Latn,intfloat/multilingual-e5-large,0.9859242342597931
khk_Cyrl,tgl_Latn,intfloat/multilingual-e5-large,0.9859208394651542
amh_Ethi,ron_Latn,microsoft/harrier-oss-v1-270m,0.9859069822986789
eng_Latn,lit_Latn,microsoft/harrier-oss-v1-270m,0.9859067016398073
deu_Latn,zul_Latn,microsoft/harrier-oss-v1-270m,0.9858989895478951
hye_Armn,ukr_Cyrl,microsoft/harrier-oss-v1-270m,0.9858985878281727
hrv_Latn,ckb_Arab,microsoft/harrier-oss-v1-270m,0.985893364779654
bel_Cyrl,srd_Latn,microsoft/harrier-oss-v1-270m,0.9858923250165414
afr_Latn,sun_Latn,intfloat/multilingual-e5-large,0.9858907574956568
hin_Deva,slk_Latn,microsoft/harrier-oss-v1-270m,0.9858893946320988
pol_Latn,uzn_Latn,microsoft/harrier-oss-v1-270m,0.9858890354726941
nso_Latn,por_Latn,microsoft/harrier-oss-v1-270m,0.9858881679533852
jav_Latn,ron_Latn,microsoft/harrier-oss-v1-270m,0.9858858595957017
mal_Mlym,slv_Latn,microsoft/harrier-oss-v1-270m,0.9858848298958588
rus_Cyrl,ekk_Latn,intfloat/multilingual-e5-large,0.985884689731294
kan_Knda,pan_Guru,intfloat/multilingual-e5-large,0.9858744460998878
amh_Ethi,jav_Latn,microsoft/harrier-oss-v1-270m,0.9858699875949599
glg_Latn,npi_Deva,intfloat/multilingual-e5-large,0.9858638061597311
kat_Geor,vie_Latn,intfloat/multilingual-e5-large,0.985859812698703
arz_Arab,hrv_Latn,intfloat/multilingual-e5-large,0.985851652706904
fur_Latn,sin_Sinh,microsoft/harrier-oss-v1-270m,0.9858475249244302
ita_Latn,tha_Thai,microsoft/harrier-oss-v1-270m,0.9858444794482435
spa_Latn,tat_Cyrl,microsoft/harrier-oss-v1-270m,0.9858432644753844
fra_Latn,tel_Telu,intfloat/multilingual-e5-large,0.9858429293700082
lit_Latn,ita_Latn,microsoft/harrier-oss-v1-270m,0.9858406972231901
jpn_Jpan,fur_Latn,microsoft/harrier-oss-v1-270m,0.9858366271409752
slk_Latn,hun_Latn,intfloat/multilingual-e5-large,0.9858316267559055
khm_Khmr,zho_Hans,microsoft/harrier-oss-v1-270m,0.9858310394315828
cym_Latn,hne_Deva,intfloat/multilingual-e5-large,0.9858251006883861
hrv_Latn,tel_Telu,intfloat/multilingual-e5-large,0.9858235772602308
amh_Ethi,swh_Latn,microsoft/harrier-oss-v1-270m,0.9858219472244751
amh_Ethi,kaz_Cyrl,microsoft/harrier-oss-v1-270m,0.9858175070237377
hrv_Latn,isl_Latn,intfloat/multilingual-e5-large,0.9858066764368987
uzn_Latn,swe_Latn,microsoft/harrier-oss-v1-270m,0.9857964482379025
lit_Latn,ukr_Cyrl,microsoft/harrier-oss-v1-270m,0.9857904997171746
azj_Latn,slv_Latn,microsoft/harrier-oss-v1-270m,0.9857887706554902
mar_Deva,vie_Latn,microsoft/harrier-oss-v1-270m,0.985788371010293
asm_Beng,eng_Latn,microsoft/harrier-oss-v1-270m,0.98576964474734
lit_Latn,slk_Latn,microsoft/harrier-oss-v1-270m,0.9857660702798912
ukr_Cyrl,uzn_Latn,microsoft/harrier-oss-v1-270m,0.9857574675895819
lit_Latn,sin_Sinh,intfloat/multilingual-e5-large,0.9857559785689352
ita_Latn,kan_Knda,intfloat/multilingual-e5-large,0.9857494896343604
azj_Latn,hun_Latn,microsoft/harrier-oss-v1-270m,0.9857489444582328
uzn_Latn,srp_Cyrl,intfloat/multilingual-e5-large,0.9857445029928784
heb_Hebr,afr_Latn,microsoft/harrier-oss-v1-270m,0.9857405226718434
kat_Geor,mkd_Cyrl,intfloat/multilingual-e5-large,0.9857299366462825
deu_Latn,ydd_Hebr,intfloat/multilingual-e5-large,0.9857284254045355
sin_Sinh,ukr_Cyrl,microsoft/harrier-oss-v1-270m,0.9857279035836988
bel_Cyrl,ltz_Latn,microsoft/harrier-oss-v1-270m,0.9857142857142858
cym_Latn,deu_Latn,microsoft/harrier-oss-v1-270m,0.9857107501273086
lit_Latn,srp_Cyrl,intfloat/multilingual-e5-large,0.9856979533474812
nld_Latn,tel_Telu,intfloat/multilingual-e5-large,0.9856918637344136
srp_Cyrl,tel_Telu,intfloat/multilingual-e5-large,0.9856893858617054
hat_Latn,mkd_Cyrl,microsoft/harrier-oss-v1-270m,0.9856867242019137
kaz_Cyrl,ron_Latn,microsoft/harrier-oss-v1-270m,0.9856855345353557
arz_Arab,als_Latn,intfloat/multilingual-e5-large,0.9856836300020626
kor_Hang,lvs_Latn,microsoft/harrier-oss-v1-270m,0.9856829161176988
amh_Ethi,slv_Latn,microsoft/harrier-oss-v1-270m,0.9856828192626107
glg_Latn,hin_Deva,microsoft/harrier-oss-v1-270m,0.9856631497850841
afr_Latn,srp_Cyrl,intfloat/multilingual-e5-large,0.98566209304879
fra_Latn,jpn_Jpan,microsoft/harrier-oss-v1-270m,0.9856615561192754
slk_Latn,hin_Deva,microsoft/harrier-oss-v1-270m,0.9856592609101675
cat_Latn,kaz_Cyrl,intfloat/multilingual-e5-large,0.9856589578412958
glg_Latn,mkd_Cyrl,intfloat/multilingual-e5-large,0.9856545470569176
fra_Latn,kir_Cyrl,intfloat/multilingual-e5-large,0.9856541845224178
bos_Latn,isl_Latn,intfloat/multilingual-e5-large,0.9856538354866237
bak_Cyrl,ita_Latn,microsoft/harrier-oss-v1-270m,0.9856409115560663
als_Latn,tel_Telu,intfloat/multilingual-e5-large,0.9856339497838165
aeb_Arab,heb_Hebr,microsoft/harrier-oss-v1-270m,0.9856321265498676
heb_Hebr,kir_Cyrl,intfloat/multilingual-e5-large,0.9856295937026682
tha_Thai,tur_Latn,microsoft/harrier-oss-v1-270m,0.9856261313413079
bul_Cyrl,tel_Telu,intfloat/multilingual-e5-large,0.985625153881651
hin_Deva,san_Deva,microsoft/harrier-oss-v1-270m,0.9856234184495054
jav_Latn,mkd_Cyrl,microsoft/harrier-oss-v1-270m,0.9856210440522486
fra_Latn,mya_Mymr,intfloat/multilingual-e5-large,0.9856075600004424
ben_Beng,uzn_Latn,intfloat/multilingual-e5-large,0.985607188911425
glg_Latn,pan_Guru,intfloat/multilingual-e5-large,0.985605540349149
hat_Latn,swe_Latn,microsoft/harrier-oss-v1-270m,0.9855896322704634
slv_Latn,lit_Latn,microsoft/harrier-oss-v1-270m,0.985586775459273
srd_Latn,mal_Mlym,microsoft/harrier-oss-v1-270m,0.985582479588234
ell_Grek,pan_Guru,intfloat/multilingual-e5-large,0.9855803369434875
npi_Deva,vie_Latn,intfloat/multilingual-e5-large,0.9855769065261926
est_Latn,mya_Mymr,microsoft/harrier-oss-v1-270m,0.9855731225296442
ind_Latn,lvs_Latn,intfloat/multilingual-e5-large,0.9855640197783377
ita_Latn,bak_Cyrl,microsoft/harrier-oss-v1-270m,0.9855639121088864
uzn_Latn,vie_Latn,microsoft/harrier-oss-v1-270m,0.9855390585592094
mal_Mlym,swh_Latn,microsoft/harrier-oss-v1-270m,0.9855325077723063
war_Latn,nld_Latn,microsoft/harrier-oss-v1-270m,0.9855299359522949
azj_Latn,heb_Hebr,microsoft/harrier-oss-v1-270m,0.9855186313051356
ind_Latn,afr_Latn,intfloat/multilingual-e5-large,0.9855178706026638
eus_Latn,eng_Latn,intfloat/multilingual-e5-large,0.9855044662902451
jav_Latn,ukr_Cyrl,microsoft/harrier-oss-v1-270m,0.9855002755473918
hat_Latn,vie_Latn,microsoft/harrier-oss-v1-270m,0.9854958922354786
swe_Latn,tam_Taml,intfloat/multilingual-e5-large,0.9854826943412627
ind_Latn,zul_Latn,intfloat/multilingual-e5-large,0.9854823517225556
hun_Latn,jpn_Jpan,intfloat/multilingual-e5-large,0.9854752527356387
kaz_Cyrl,ukr_Cyrl,microsoft/harrier-oss-v1-270m,0.9854709105541574
ind_Latn,tel_Telu,intfloat/multilingual-e5-large,0.9854672892206291
srd_Latn,heb_Hebr,microsoft/harrier-oss-v1-270m,0.9854627127530854
kaz_Cyrl,khk_Cyrl,intfloat/multilingual-e5-large,0.985462636290326
deu_Latn,isl_Latn,intfloat/multilingual-e5-large,0.9854550612688759
mar_Deva,rus_Cyrl,microsoft/harrier-oss-v1-270m,0.9854458710273564
apc_Arab,est_Latn,microsoft/harrier-oss-v1-270m,0.9854425465838508
slk_Latn,swh_Latn,microsoft/harrier-oss-v1-270m,0.9854419523974784
mal_Mlym,pbt_Arab,intfloat/multilingual-e5-large,0.9854358876572628
ell_Grek,lvs_Latn,intfloat/multilingual-e5-large,0.9854242271471976
swh_Latn,tgk_Cyrl,microsoft/harrier-oss-v1-270m,0.9854204065407433
ces_Latn,jav_Latn,microsoft/harrier-oss-v1-270m,0.9854108603103104
mya_Mymr,urd_Arab,microsoft/harrier-oss-v1-270m,0.9854071228538364
ekk_Latn,spa_Latn,intfloat/multilingual-e5-large,0.9854023018851072
fra_Latn,snd_Arab,intfloat/multilingual-e5-large,0.985401790247323
deu_Latn,lit_Latn,microsoft/harrier-oss-v1-270m,0.985388885665669
guj_Gujr,ind_Latn,microsoft/harrier-oss-v1-270m,0.9853813930308342
tso_Latn,zul_Latn,intfloat/multilingual-e5-large,0.9853640134961822
deu_Latn,pcm_Latn,microsoft/harrier-oss-v1-270m,0.9853629437593808
hat_Latn,ind_Latn,microsoft/harrier-oss-v1-270m,0.9853602645548538
spa_Latn,jpn_Jpan,microsoft/harrier-oss-v1-270m,0.9853571732145248
epo_Latn,isl_Latn,intfloat/multilingual-e5-large,0.9853455049516694
ces_Latn,cym_Latn,intfloat/multilingual-e5-large,0.9853279636932836
ltz_Latn,tha_Thai,microsoft/harrier-oss-v1-270m,0.9853221089359328
lao_Laoo,por_Latn,microsoft/harrier-oss-v1-270m,0.9853197955389508
sin_Sinh,swh_Latn,microsoft/harrier-oss-v1-270m,0.9853185774006084
amh_Ethi,npi_Deva,microsoft/harrier-oss-v1-270m,0.9853156990212621
deu_Latn,snd_Arab,intfloat/multilingual-e5-large,0.9853105058199458
heb_Hebr,zul_Latn,microsoft/harrier-oss-v1-270m,0.985309678294207
lvs_Latn,ind_Latn,intfloat/multilingual-e5-large,0.9853089344809894
nno_Latn,ukr_Cyrl,intfloat/multilingual-e5-large,0.9853056365311295
rus_Cyrl,hun_Latn,microsoft/harrier-oss-v1-270m,0.9852915161453252
deu_Latn,bak_Cyrl,microsoft/harrier-oss-v1-270m,0.9852848055678352
sin_Sinh,tha_Thai,microsoft/harrier-oss-v1-270m,0.9852813788531891
npi_Deva,san_Deva,intfloat/multilingual-e5-large,0.985277082733866
mkd_Cyrl,tam_Taml,intfloat/multilingual-e5-large,0.985271305183674
mal_Mlym,mya_Mymr,intfloat/multilingual-e5-large,0.9852679121035715
hat_Latn,sin_Sinh,microsoft/harrier-oss-v1-270m,0.9852623008226788
fra_Latn,lao_Laoo,intfloat/multilingual-e5-large,0.985259036083574
afr_Latn,cat_Latn,intfloat/multilingual-e5-large,0.9852577383512992
ben_Beng,hat_Latn,microsoft/harrier-oss-v1-270m,0.9852550332967331
heb_Hebr,tat_Cyrl,microsoft/harrier-oss-v1-270m,0.9852531472052142
rus_Cyrl,lit_Latn,microsoft/harrier-oss-v1-270m,0.9852499371956418
kat_Geor,kir_Cyrl,intfloat/multilingual-e5-large,0.985246657960427
cym_Latn,hat_Latn,intfloat/multilingual-e5-large,0.9852254265445943
bel_Cyrl,vie_Latn,microsoft/harrier-oss-v1-270m,0.985222701118067
ekk_Latn,kat_Geor,intfloat/multilingual-e5-large,0.9852130792704564
cat_Latn,hat_Latn,intfloat/multilingual-e5-large,0.9852124958310262
bos_Latn,khm_Khmr,intfloat/multilingual-e5-large,0.985207480614489
ces_Latn,fin_Latn,microsoft/harrier-oss-v1-270m,0.9851973292988983
glg_Latn,ukr_Cyrl,microsoft/harrier-oss-v1-270m,0.9851841429760031
cym_Latn,mlt_Latn,intfloat/multilingual-e5-large,0.9851693798682888
kir_Cyrl,urd_Arab,microsoft/harrier-oss-v1-270m,0.9851645299108891
nno_Latn,fin_Latn,intfloat/multilingual-e5-large,0.9851596702185894
mlt_Latn,ita_Latn,microsoft/harrier-oss-v1-270m,0.985142899184838
amh_Ethi,guj_Gujr,intfloat/multilingual-e5-large,0.9851414273332049
ckb_Arab,swe_Latn,microsoft/harrier-oss-v1-270m,0.9851390143776995
nno_Latn,ell_Grek,intfloat/multilingual-e5-large,0.9851361291856007
kan_Knda,tgl_Latn,intfloat/multilingual-e5-large,0.9851359547291482
uzn_Latn,heb_Hebr,microsoft/harrier-oss-v1-270m,0.985135181533722
bel_Cyrl,lit_Latn,microsoft/harrier-oss-v1-270m,0.9851300740649359
npi_Deva,swh_Latn,intfloat/multilingual-e5-large,0.9851252540246048
lmo_Latn,por_Latn,microsoft/harrier-oss-v1-270m,0.9851206187846302
asm_Beng,hin_Deva,intfloat/multilingual-e5-large,0.9851192303649585
ast_Latn,eus_Latn,intfloat/multilingual-e5-large,0.985105398926797
pbt_Arab,als_Latn,intfloat/multilingual-e5-large,0.9851033054839429
lvs_Latn,slk_Latn,intfloat/multilingual-e5-large,0.9850883322699668
npi_Deva,swe_Latn,microsoft/harrier-oss-v1-270m,0.9850845990596615
afr_Latn,zul_Latn,intfloat/multilingual-e5-large,0.9850817560684708
ita_Latn,lit_Latn,microsoft/harrier-oss-v1-270m,0.9850796323896066
fra_Latn,ekk_Latn,intfloat/multilingual-e5-large,0.9850661725196784
ben_Beng,lit_Latn,microsoft/harrier-oss-v1-270m,0.9850557590352527
swe_Latn,tha_Thai,microsoft/harrier-oss-v1-270m,0.9850513826997112
afr_Latn,nno_Latn,intfloat/multilingual-e5-large,0.9850442028978152
jpn_Jpan,vec_Latn,microsoft/harrier-oss-v1-270m,0.9850378787878789
aeb_Arab,nob_Latn,microsoft/harrier-oss-v1-270m,0.9850339893408928
slk_Latn,ekk_Latn,intfloat/multilingual-e5-large,0.985031732514168
hrv_Latn,mlt_Latn,intfloat/multilingual-e5-large,0.9850199794263423
bel_Cyrl,ell_Grek,microsoft/harrier-oss-v1-270m,0.9850194833111543
uzn_Latn,ukr_Cyrl,microsoft/harrier-oss-v1-270m,0.9849985356941033
jpn_Jpan,ltz_Latn,microsoft/harrier-oss-v1-270m,0.9849967061923584
bos_Latn,mar_Deva,intfloat/multilingual-e5-large,0.9849831550135745
fin_Latn,jav_Latn,intfloat/multilingual-e5-large,0.9849800548475212
ind_Latn,tat_Cyrl,microsoft/harrier-oss-v1-270m,0.9849772823895421
lit_Latn,mkd_Cyrl,microsoft/harrier-oss-v1-270m,0.9849718869910229
srd_Latn,hun_Latn,microsoft/harrier-oss-v1-270m,0.9849708262751742
ckb_Arab,rus_Cyrl,microsoft/harrier-oss-v1-270m,0.9849689353307239
npi_Deva,tam_Taml,intfloat/multilingual-e5-large,0.984968206188919
lvs_Latn,pol_Latn,intfloat/multilingual-e5-large,0.9849623790266361
slv_Latn,srd_Latn,microsoft/harrier-oss-v1-270m,0.9849609407246708
ekk_Latn,tgk_Cyrl,intfloat/multilingual-e5-large,0.9849446314344226
npi_Deva,pol_Latn,microsoft/harrier-oss-v1-270m,0.9849385752146497
bak_Cyrl,pol_Latn,microsoft/harrier-oss-v1-270m,0.9849371839934156
lit_Latn,ces_Latn,microsoft/harrier-oss-v1-270m,0.9849319261022544
deu_Latn,tel_Telu,intfloat/multilingual-e5-large,0.9849313788075975
cat_Latn,hin_Deva,microsoft/harrier-oss-v1-270m,0.9849269733279272
arz_Arab,sin_Sinh,intfloat/multilingual-e5-large,0.9849181068212367
est_Latn,swh_Latn,microsoft/harrier-oss-v1-270m,0.9849151466643462
lvs_Latn,swe_Latn,intfloat/multilingual-e5-large,0.9849138375415334
bul_Cyrl,lao_Laoo,intfloat/multilingual-e5-large,0.9849135204201553
tur_Latn,zul_Latn,intfloat/multilingual-e5-large,0.984912656040202
asm_Beng,mal_Mlym,intfloat/multilingual-e5-large,0.9849118644755701
srd_Latn,tam_Taml,microsoft/harrier-oss-v1-270m,0.984903733198336
bos_Latn,lit_Latn,intfloat/multilingual-e5-large,0.9848977298800126
heb_Hebr,hat_Latn,microsoft/harrier-oss-v1-270m,0.9848959175425964
nso_Latn,zul_Latn,intfloat/multilingual-e5-large,0.9848919554351678
hne_Deva,tel_Telu,intfloat/multilingual-e5-large,0.9848861440951444
ita_Latn,pbt_Arab,intfloat/multilingual-e5-large,0.9848803565466013
cat_Latn,hun_Latn,intfloat/multilingual-e5-large,0.9848742071058384
bul_Cyrl,isl_Latn,intfloat/multilingual-e5-large,0.9848644584888093
dan_Latn,isl_Latn,intfloat/multilingual-e5-large,0.9848644549678205
bul_Cyrl,khk_Cyrl,intfloat/multilingual-e5-large,0.9848592139321684
arz_Arab,ben_Beng,intfloat/multilingual-e5-large,0.9848511444769907
spa_Latn,tha_Thai,microsoft/harrier-oss-v1-270m,0.9848414953045777
awa_Deva,snd_Arab,intfloat/multilingual-e5-large,0.9848387124415282
fra_Latn,lit_Latn,microsoft/harrier-oss-v1-270m,0.9848344143259125
pol_Latn,jpn_Jpan,microsoft/harrier-oss-v1-270m,0.9848337637286064
ben_Beng,ekk_Latn,intfloat/multilingual-e5-large,0.9848295602393964
glg_Latn,hne_Deva,microsoft/harrier-oss-v1-270m,0.9848293835586882
ita_Latn,lao_Laoo,intfloat/multilingual-e5-large,0.9848238863480624
mlt_Latn,nld_Latn,microsoft/harrier-oss-v1-270m,0.9848142756522619
arz_Arab,fra_Latn,intfloat/multilingual-e5-large,0.9848066838472864
ilo_Latn,zho_Hans,microsoft/harrier-oss-v1-270m,0.9848065636603186
amh_Ethi,cym_Latn,intfloat/multilingual-e5-large,0.984789234064956
kan_Knda,mal_Mlym,intfloat/multilingual-e5-large,0.9847877988657965
bul_Cyrl,pbt_Arab,intfloat/multilingual-e5-large,0.9847862696091146
glg_Latn,mar_Deva,intfloat/multilingual-e5-large,0.9847852035478575
vec_Latn,slv_Latn,microsoft/harrier-oss-v1-270m,0.9847793148880104
hat_Latn,rus_Cyrl,microsoft/harrier-oss-v1-270m,0.9847778939158465
isl_Latn,jav_Latn,intfloat/multilingual-e5-large,0.9847708713231369
kaz_Cyrl,zsm_Latn,microsoft/harrier-oss-v1-270m,0.9847690124773605
spa_Latn,lao_Laoo,intfloat/multilingual-e5-large,0.9847608059248794
mar_Deva,swe_Latn,microsoft/harrier-oss-v1-270m,0.9847540585147294
lit_Latn,slv_Latn,microsoft/harrier-oss-v1-270m,0.9847351053365966
fur_Latn,kor_Hang,microsoft/harrier-oss-v1-270m,0.9847327688969368
asm_Beng,guj_Gujr,intfloat/multilingual-e5-large,0.9847137348136482
amh_Ethi,tir_Ethi,microsoft/harrier-oss-v1-270m,0.9847110652801989
ell_Grek,npi_Deva,intfloat/multilingual-e5-large,0.9847080576066112
zsm_Latn,mya_Mymr,intfloat/multilingual-e5-large,0.9847073662020587
arz_Arab,est_Latn,microsoft/harrier-oss-v1-270m,0.9847068511198944
ind_Latn,kaz_Cyrl,intfloat/multilingual-e5-large,0.9846995544303319
bos_Latn,gle_Latn,intfloat/multilingual-e5-large,0.984698838172225
ind_Latn,pbt_Arab,intfloat/multilingual-e5-large,0.9846845665833301
fra_Latn,pbt_Arab,intfloat/multilingual-e5-large,0.9846728690847336
tsn_Latn,zul_Latn,intfloat/multilingual-e5-large,0.9846725526692761
lvs_Latn,lit_Latn,intfloat/multilingual-e5-large,0.9846711313088445
ces_Latn,kat_Geor,intfloat/multilingual-e5-large,0.9846630030112726
ben_Beng,mya_Mymr,intfloat/multilingual-e5-large,0.9846622286946839
kaz_Cyrl,zul_Latn,intfloat/multilingual-e5-large,0.9846536652847115
ell_Grek,tat_Cyrl,microsoft/harrier-oss-v1-270m,0.9846360885279402
dan_Latn,mar_Deva,microsoft/harrier-oss-v1-270m,0.9846341551618387
eng_Latn,mlt_Latn,intfloat/multilingual-e5-large,0.984628589203308
bel_Cyrl,cat_Latn,intfloat/multilingual-e5-large,0.9846252182940138
cat_Latn,slv_Latn,microsoft/harrier-oss-v1-270m,0.9846248749816062
kir_Cyrl,mkd_Cyrl,intfloat/multilingual-e5-large,0.984624191092516
eng_Latn,gle_Latn,intfloat/multilingual-e5-large,0.9846224614508117
glg_Latn,uzn_Latn,intfloat/multilingual-e5-large,0.9846165465124388
bul_Cyrl,bak_Cyrl,microsoft/harrier-oss-v1-270m,0.9846149448137536
uzn_Latn,nld_Latn,microsoft/harrier-oss-v1-270m,0.9846125632979108
glg_Latn,heb_Hebr,microsoft/harrier-oss-v1-270m,0.9846091448149539
amh_Ethi,slk_Latn,microsoft/harrier-oss-v1-270m,0.9846076003251344
tha_Thai,rus_Cyrl,microsoft/harrier-oss-v1-270m,0.9846072651508854
eus_Latn,hrv_Latn,intfloat/multilingual-e5-large,0.9846035241240934
bos_Latn,kan_Knda,intfloat/multilingual-e5-large,0.984594414494635
slk_Latn,fin_Latn,microsoft/harrier-oss-v1-270m,0.9845902838568428
bho_Deva,mal_Mlym,microsoft/harrier-oss-v1-270m,0.9845814800818833
kan_Knda,als_Latn,intfloat/multilingual-e5-large,0.9845761453866544
pol_Latn,zul_Latn,intfloat/multilingual-e5-large,0.9845758800697773
mya_Mymr,tgl_Latn,microsoft/harrier-oss-v1-270m,0.9845660934135663
tgk_Cyrl,ukr_Cyrl,microsoft/harrier-oss-v1-270m,0.9845628743222687
kir_Cyrl,srp_Cyrl,intfloat/multilingual-e5-large,0.9845318154823355
glg_Latn,slv_Latn,microsoft/harrier-oss-v1-270m,0.9845295315060483
bak_Cyrl,ukr_Cyrl,microsoft/harrier-oss-v1-270m,0.9845267280732093
ind_Latn,uzn_Latn,intfloat/multilingual-e5-large,0.9845222603776569
ceb_Latn,hat_Latn,intfloat/multilingual-e5-large,0.9845065818244256
bel_Cyrl,glg_Latn,intfloat/multilingual-e5-large,0.9844978213189692
afr_Latn,hat_Latn,intfloat/multilingual-e5-large,0.9844947634076224
asm_Beng,mar_Deva,intfloat/multilingual-e5-large,0.9844890272569726
dan_Latn,swh_Latn,microsoft/harrier-oss-v1-270m,0.9844788756661168
dan_Latn,tam_Taml,intfloat/multilingual-e5-large,0.9844762547845617
eng_Latn,nso_Latn,intfloat/multilingual-e5-large,0.9844736519247594
ast_Latn,ltz_Latn,microsoft/harrier-oss-v1-270m,0.984469696969697
ory_Orya,san_Deva,microsoft/harrier-oss-v1-270m,0.9844661882467184
ckb_Arab,tur_Latn,microsoft/harrier-oss-v1-270m,0.9844645246815593
amh_Ethi,ind_Latn,microsoft/harrier-oss-v1-270m,0.984455788584883
hat_Latn,srd_Latn,microsoft/harrier-oss-v1-270m,0.984446140108026
ces_Latn,lit_Latn,microsoft/harrier-oss-v1-270m,0.9844378250953322
est_Latn,fur_Latn,microsoft/harrier-oss-v1-270m,0.984431269213878
bak_Cyrl,spa_Latn,microsoft/harrier-oss-v1-270m,0.984429955772082
khm_Khmr,zho_Hant,microsoft/harrier-oss-v1-270m,0.984422190128712
mkd_Cyrl,xho_Latn,intfloat/multilingual-e5-large,0.9844150043810243
lit_Latn,ron_Latn,intfloat/multilingual-e5-large,0.9844054377868356
azj_Latn,tgk_Cyrl,microsoft/harrier-oss-v1-270m,0.9844020652675403
aeb_Arab,slk_Latn,microsoft/harrier-oss-v1-270m,0.9844003324279188
ces_Latn,cat_Latn,microsoft/harrier-oss-v1-270m,0.984387854813099
mar_Deva,tur_Latn,microsoft/harrier-oss-v1-270m,0.984382442635255
ceb_Latn,xho_Latn,intfloat/multilingual-e5-large,0.9843811102261096
pol_Latn,lit_Latn,microsoft/harrier-oss-v1-270m,0.9843779481617818
jav_Latn,srp_Cyrl,intfloat/multilingual-e5-large,0.9843760818589836
kir_Cyrl,uzn_Latn,intfloat/multilingual-e5-large,0.9843730899347753
jav_Latn,fur_Latn,microsoft/harrier-oss-v1-270m,0.9843718808639758
jav_Latn,slk_Latn,microsoft/harrier-oss-v1-270m,0.9843690057072095
hin_Deva,srd_Latn,microsoft/harrier-oss-v1-270m,0.9843686657545352
mal_Mlym,uzn_Latn,intfloat/multilingual-e5-large,0.9843552810388561
afr_Latn,azj_Latn,intfloat/multilingual-e5-large,0.9843550951539777
spa_Latn,hat_Latn,intfloat/multilingual-e5-large,0.9843515019322904
uzn_Latn,ron_Latn,microsoft/harrier-oss-v1-270m,0.9843450403876338
ben_Beng,jpn_Jpan,microsoft/harrier-oss-v1-270m,0.9843445020749656
ell_Grek,kaz_Cyrl,intfloat/multilingual-e5-large,0.9843415955245912
kir_Cyrl,pol_Latn,microsoft/harrier-oss-v1-270m,0.984340159416969
cym_Latn,uzn_Latn,intfloat/multilingual-e5-large,0.9843328210410537
ron_Latn,tat_Cyrl,microsoft/harrier-oss-v1-270m,0.9843241954355894
rus_Cyrl,lvs_Latn,intfloat/multilingual-e5-large,0.9843213909396891
glg_Latn,nno_Latn,intfloat/multilingual-e5-large,0.9843079289578895
khk_Cyrl,sin_Sinh,intfloat/multilingual-e5-large,0.9843019145869184
lit_Latn,lvs_Latn,intfloat/multilingual-e5-large,0.9842928053229992
isl_Latn,kat_Geor,intfloat/multilingual-e5-large,0.9842871225269264
hin_Deva,kaz_Cyrl,microsoft/harrier-oss-v1-270m,0.984285495017806
swe_Latn,jpn_Jpan,intfloat/multilingual-e5-large,0.9842821186342154
srd_Latn,mar_Deva,microsoft/harrier-oss-v1-270m,0.98428003304607
isl_Latn,swe_Latn,intfloat/multilingual-e5-large,0.9842796644027588
ces_Latn,zul_Latn,microsoft/harrier-oss-v1-270m,0.9842513505826971
als_Latn,tha_Thai,microsoft/harrier-oss-v1-270m,0.9842471971809774
oci_Latn,pan_Guru,microsoft/harrier-oss-v1-270m,0.9842444240542066
nya_Latn,tgl_Latn,intfloat/multilingual-e5-large,0.9842383929408169
nld_Latn,pbt_Arab,intfloat/multilingual-e5-large,0.9842334037244813
bos_Latn,xho_Latn,intfloat/multilingual-e5-large,0.9842304918132083
bel_Cyrl,kir_Cyrl,intfloat/multilingual-e5-large,0.9842280421322329
pan_Guru,tgk_Cyrl,microsoft/harrier-oss-v1-270m,0.9842260756741321
ltz_Latn,lit_Latn,microsoft/harrier-oss-v1-270m,0.9842260048760076
pan_Guru,ron_Latn,microsoft/harrier-oss-v1-270m,0.9842116432988866
fra_Latn,sot_Latn,intfloat/multilingual-e5-large,0.9841867371750366
cym_Latn,heb_Hebr,microsoft/harrier-oss-v1-270m,0.9841704579581012
cat_Latn,swh_Latn,intfloat/multilingual-e5-large,0.984166698549095
sna_Latn,zul_Latn,intfloat/multilingual-e5-large,0.9841644861030829
aeb_Arab,fin_Latn,microsoft/harrier-oss-v1-270m,0.9841467323155684
jav_Latn,kaz_Cyrl,intfloat/multilingual-e5-large,0.9841426545041941
ekk_Latn,heb_Hebr,intfloat/multilingual-e5-large,0.9841380370668258
ita_Latn,isl_Latn,intfloat/multilingual-e5-large,0.9841342637819146
ceb_Latn,srp_Cyrl,intfloat/multilingual-e5-large,0.9841248556068007
tur_Latn,tha_Thai,microsoft/harrier-oss-v1-270m,0.9841014952800751
mal_Mlym,ukr_Cyrl,microsoft/harrier-oss-v1-270m,0.9841000320970041
amh_Ethi,ell_Grek,microsoft/harrier-oss-v1-270m,0.9840986092567938
kat_Geor,pbt_Arab,intfloat/multilingual-e5-large,0.9840906129347352
cym_Latn,pol_Latn,microsoft/harrier-oss-v1-270m,0.9840866936623627
npi_Deva,slk_Latn,microsoft/harrier-oss-v1-270m,0.9840858679719636
est_Latn,khm_Khmr,Alibaba-NLP/gte-multilingual-base,0.984085803446516
azj_Latn,kaz_Cyrl,intfloat/multilingual-e5-large,0.9840845712254599
cym_Latn,rus_Cyrl,intfloat/multilingual-e5-large,0.9840833595845927
deu_Latn,pbt_Arab,intfloat/multilingual-e5-large,0.9840708525641628
fin_Latn,ind_Latn,intfloat/multilingual-e5-large,0.9840588782209948
dan_Latn,ckb_Arab,microsoft/harrier-oss-v1-270m,0.9840519165861858
fin_Latn,kir_Cyrl,intfloat/multilingual-e5-large,0.9840460342602464
pol_Latn,bak_Cyrl,microsoft/harrier-oss-v1-270m,0.9840375376159665
hin_Deva,dan_Latn,microsoft/harrier-oss-v1-270m,0.9840214683323238
jav_Latn,srd_Latn,microsoft/harrier-oss-v1-270m,0.9840186986926116
srd_Latn,fin_Latn,microsoft/harrier-oss-v1-270m,0.9840185629587804
mlt_Latn,hrv_Latn,microsoft/harrier-oss-v1-270m,0.9840081879210406
dan_Latn,tat_Cyrl,microsoft/harrier-oss-v1-270m,0.9840054683349664
kan_Knda,san_Deva,microsoft/harrier-oss-v1-270m,0.9840005728008092
pan_Guru,srp_Cyrl,intfloat/multilingual-e5-large,0.9839990362938236
tat_Cyrl,uzn_Latn,microsoft/harrier-oss-v1-270m,0.9839894356980206
fur_Latn,urd_Arab,microsoft/harrier-oss-v1-270m,0.9839894127245076
lvs_Latn,ukr_Cyrl,intfloat/multilingual-e5-large,0.9839815514945992
kat_Geor,khk_Cyrl,intfloat/multilingual-e5-large,0.983975687291916
ast_Latn,ilo_Latn,microsoft/harrier-oss-v1-270m,0.98397478125739
mkd_Cyrl,sun_Latn,intfloat/multilingual-e5-large,0.983973281900637
isl_Latn,mal_Mlym,intfloat/multilingual-e5-large,0.9839718921084197
hin_Deva,uzn_Latn,intfloat/multilingual-e5-large,0.9839708789930459
bul_Cyrl,mya_Mymr,intfloat/multilingual-e5-large,0.9839579977200466
nso_Latn,tsn_Latn,intfloat/multilingual-e5-large,0.983957435362546
jav_Latn,mar_Deva,intfloat/multilingual-e5-large,0.9839396361905527
cym_Latn,kaz_Cyrl,intfloat/multilingual-e5-large,0.9839389592081313
bak_Cyrl,fra_Latn,microsoft/harrier-oss-v1-270m,0.9839330716586205
heb_Hebr,tgk_Cyrl,microsoft/harrier-oss-v1-270m,0.9839307363319684
hin_Deva,zul_Latn,intfloat/multilingual-e5-large,0.9839167836430887
mya_Mymr,rus_Cyrl,microsoft/harrier-oss-v1-270m,0.9839117758822389
ckb_Arab,ukr_Cyrl,microsoft/harrier-oss-v1-270m,0.9839043027861922
guj_Gujr,heb_Hebr,microsoft/harrier-oss-v1-270m,0.9839019186808886
bul_Cyrl,jpn_Jpan,microsoft/harrier-oss-v1-270m,0.9839001357078054
hin_Deva,mkd_Cyrl,intfloat/multilingual-e5-large,0.9838752096884751
mlt_Latn,swe_Latn,microsoft/harrier-oss-v1-270m,0.9838728009625775
ckb_Arab,tgk_Cyrl,microsoft/harrier-oss-v1-270m,0.9838685274649661
ekk_Latn,npi_Deva,intfloat/multilingual-e5-large,0.9838667402162492
kir_Cyrl,swe_Latn,microsoft/harrier-oss-v1-270m,0.9838560180804334
gle_Latn,nob_Latn,microsoft/harrier-oss-v1-270m,0.983847085192016
spa_Latn,mar_Deva,intfloat/multilingual-e5-large,0.9838371453898687
guj_Gujr,tur_Latn,microsoft/harrier-oss-v1-270m,0.9838325004808384
lit_Latn,zsm_Latn,intfloat/multilingual-e5-large,0.9838296966676847
swe_Latn,tel_Telu,intfloat/multilingual-e5-large,0.9838257377401811
ekk_Latn,ron_Latn,intfloat/multilingual-e5-large,0.983823501384279
rus_Cyrl,fin_Latn,microsoft/harrier-oss-v1-270m,0.9838080200961444
srd_Latn,urd_Arab,microsoft/harrier-oss-v1-270m,0.9838079076628202
mal_Mlym,tgk_Cyrl,microsoft/harrier-oss-v1-270m,0.9838022484838878
pan_Guru,slv_Latn,microsoft/harrier-oss-v1-270m,0.9838002239255019
mya_Mymr,swe_Latn,microsoft/harrier-oss-v1-270m,0.9837952706033339
lvs_Latn,tur_Latn,intfloat/multilingual-e5-large,0.9837803239878506
hye_Armn,pbt_Arab,intfloat/multilingual-e5-large,0.983769823243156
azj_Latn,fin_Latn,microsoft/harrier-oss-v1-270m,0.9837654329965144
amh_Ethi,zul_Latn,microsoft/harrier-oss-v1-270m,0.9837581916180205
amh_Ethi,azj_Latn,microsoft/harrier-oss-v1-270m,0.9837558043303056
npi_Deva,slv_Latn,microsoft/harrier-oss-v1-270m,0.9837488601899127
amh_Ethi,tgk_Cyrl,microsoft/harrier-oss-v1-270m,0.9837480237633958
bul_Cyrl,lit_Latn,microsoft/harrier-oss-v1-270m,0.9837187274514156
ces_Latn,ckb_Arab,microsoft/harrier-oss-v1-270m,0.983715268800263
dan_Latn,snd_Arab,intfloat/multilingual-e5-large,0.9837116559947101
zul_Latn,rus_Cyrl,microsoft/harrier-oss-v1-270m,0.9837113288570634
mya_Mymr,nld_Latn,microsoft/harrier-oss-v1-270m,0.9837063654941257
aeb_Arab,kor_Hang,microsoft/harrier-oss-v1-270m,0.983704972060912
azj_Latn,srp_Cyrl,intfloat/multilingual-e5-large,0.9836836651733789
guj_Gujr,mya_Mymr,intfloat/multilingual-e5-large,0.9836629905297353
hrv_Latn,kan_Knda,intfloat/multilingual-e5-large,0.9836603197376166
ind_Latn,tam_Taml,intfloat/multilingual-e5-large,0.9836571172103924
fra_Latn,tha_Thai,microsoft/harrier-oss-v1-270m,0.9836465125859721
dan_Latn,kir_Cyrl,intfloat/multilingual-e5-large,0.9836452648356626
cat_Latn,snd_Arab,intfloat/multilingual-e5-large,0.9836384852424784
guj_Gujr,ukr_Cyrl,microsoft/harrier-oss-v1-270m,0.9836337584114287
hin_Deva,slv_Latn,microsoft/harrier-oss-v1-270m,0.9836316336242965
cym_Latn,khk_Cyrl,intfloat/multilingual-e5-large,0.9836292475097335
nld_Latn,mlt_Latn,microsoft/harrier-oss-v1-270m,0.9836209308546546
jpn_Jpan,tgl_Latn,microsoft/harrier-oss-v1-270m,0.9836112455216288
eus_Latn,kat_Geor,intfloat/multilingual-e5-large,0.9836094345535615
eng_Latn,xho_Latn,intfloat/multilingual-e5-large,0.9836012542353934
ltz_Latn,lvs_Latn,microsoft/harrier-oss-v1-270m,0.983592499946255
pan_Guru,vie_Latn,microsoft/harrier-oss-v1-270m,0.9835914854777135
uzn_Latn,slk_Latn,microsoft/harrier-oss-v1-270m,0.9835821724000449
dan_Latn,zul_Latn,microsoft/harrier-oss-v1-270m,0.9835785468155667
arb_Arab,sna_Latn,microsoft/harrier-oss-v1-270m,0.9835766056194444
pan_Guru,pol_Latn,microsoft/harrier-oss-v1-270m,0.9835765750567051
ben_Beng,lao_Laoo,intfloat/multilingual-e5-large,0.9835737937512148
isl_Latn,ltz_Latn,intfloat/multilingual-e5-large,0.9835556653491436
lvs_Latn,pbt_Arab,intfloat/multilingual-e5-large,0.9835531575471568
cat_Latn,lvs_Latn,intfloat/multilingual-e5-large,0.9835471091378416
ell_Grek,srd_Latn,microsoft/harrier-oss-v1-270m,0.9835459057468852
hye_Armn,lao_Laoo,intfloat/multilingual-e5-large,0.9835435518637701
sna_Latn,por_Latn,microsoft/harrier-oss-v1-270m,0.9835362178678552
glg_Latn,guj_Gujr,intfloat/multilingual-e5-large,0.9835313999999746
ind_Latn,sun_Latn,microsoft/harrier-oss-v1-270m,0.9835306331040514
cym_Latn,pbt_Arab,intfloat/multilingual-e5-large,0.9835133482842822
srd_Latn,zho_Hans,microsoft/harrier-oss-v1-270m,0.9834998138282638
war_Latn,spa_Latn,microsoft/harrier-oss-v1-270m,0.9834955734221102
ell_Grek,uzn_Latn,intfloat/multilingual-e5-large,0.9834939123361631
dan_Latn,tel_Telu,intfloat/multilingual-e5-large,0.9834917830284169
hye_Armn,tam_Taml,intfloat/multilingual-e5-large,0.9834788339470496
ind_Latn,jpn_Jpan,microsoft/harrier-oss-v1-270m,0.9834682613444322
kir_Cyrl,mal_Mlym,intfloat/multilingual-e5-large,0.9834491614439496
kan_Knda,swe_Latn,microsoft/harrier-oss-v1-270m,0.9834216171222843
pol_Latn,tel_Telu,microsoft/harrier-oss-v1-270m,0.9834194270326364
afr_Latn,bel_Cyrl,microsoft/harrier-oss-v1-270m,0.9834164293493737
est_Latn,snd_Arab,intfloat/multilingual-e5-large,0.9834035421840668
glg_Latn,kaz_Cyrl,microsoft/harrier-oss-v1-270m,0.9834007631028345
cym_Latn,guj_Gujr,intfloat/multilingual-e5-large,0.9833729989800202
cym_Latn,mkd_Cyrl,microsoft/harrier-oss-v1-270m,0.983363039211292
fra_Latn,isl_Latn,intfloat/multilingual-e5-large,0.9833624678351882
ekk_Latn,kaz_Cyrl,intfloat/multilingual-e5-large,0.9833608268254806
war_Latn,fra_Latn,microsoft/harrier-oss-v1-270m,0.9833546874436379
kaz_Cyrl,slv_Latn,microsoft/harrier-oss-v1-270m,0.9833542663793093
cat_Latn,pbt_Arab,intfloat/multilingual-e5-large,0.9833277547948664
guj_Gujr,mkd_Cyrl,intfloat/multilingual-e5-large,0.9833270043599804
bel_Cyrl,tgk_Cyrl,microsoft/harrier-oss-v1-270m,0.9833191631070871
amh_Ethi,mal_Mlym,microsoft/harrier-oss-v1-270m,0.983314962342364
hne_Deva,tam_Taml,intfloat/multilingual-e5-large,0.983311686577488
nya_Latn,por_Latn,microsoft/harrier-oss-v1-270m,0.9833043521037592
fin_Latn,npi_Deva,intfloat/multilingual-e5-large,0.9833005589255569
bel_Cyrl,fur_Latn,microsoft/harrier-oss-v1-270m,0.9832936254211828
lit_Latn,pol_Latn,microsoft/harrier-oss-v1-270m,0.9832838808900526
bak_Cyrl,tur_Latn,microsoft/harrier-oss-v1-270m,0.9832830933724643
bul_Cyrl,hat_Latn,microsoft/harrier-oss-v1-270m,0.9832755375461713
ind_Latn,mar_Deva,intfloat/multilingual-e5-large,0.983262830522663
pan_Guru,slk_Latn,microsoft/harrier-oss-v1-270m,0.9832608889018088
ita_Latn,mya_Mymr,intfloat/multilingual-e5-large,0.9832578949123519
bak_Cyrl,deu_Latn,microsoft/harrier-oss-v1-270m,0.983254104373394
afr_Latn,ukr_Cyrl,microsoft/harrier-oss-v1-270m,0.9832481203803516
slk_Latn,lit_Latn,microsoft/harrier-oss-v1-270m,0.9832411141087583
aeb_Arab,hun_Latn,microsoft/harrier-oss-v1-270m,0.9832259455192578
ind_Latn,snd_Arab,intfloat/multilingual-e5-large,0.9832171268023918
xho_Latn,zho_Hant,microsoft/harrier-oss-v1-270m,0.9832065040150818
deu_Latn,kan_Knda,intfloat/multilingual-e5-large,0.9832047464202653
rus_Cyrl,zul_Latn,intfloat/multilingual-e5-large,0.9832046347910662
ekk_Latn,pan_Guru,intfloat/multilingual-e5-large,0.9832013310009649
ces_Latn,tha_Thai,microsoft/harrier-oss-v1-270m,0.9831717508883477
fur_Latn,lit_Latn,microsoft/harrier-oss-v1-270m,0.9831662343507516
bos_Latn,jpn_Jpan,intfloat/multilingual-e5-large,0.9831647564273704
ast_Latn,snd_Arab,microsoft/harrier-oss-v1-270m,0.983162730988818
ces_Latn,pan_Guru,microsoft/harrier-oss-v1-270m,0.9831609672089041
bul_Cyrl,tam_Taml,microsoft/harrier-oss-v1-270m,0.9831559564743109
jpn_Jpan,vie_Latn,microsoft/harrier-oss-v1-270m,0.9831324444719158
eng_Latn,khk_Cyrl,intfloat/multilingual-e5-large,0.9831229720239194
guj_Gujr,vie_Latn,microsoft/harrier-oss-v1-270m,0.9831209775525374
bel_Cyrl,npi_Deva,intfloat/multilingual-e5-large,0.9831192474736898
mkd_Cyrl,eus_Latn,intfloat/multilingual-e5-large,0.9831188126732591
lvs_Latn,npi_Deva,intfloat/multilingual-e5-large,0.9831132436630825
rus_Cyrl,jpn_Jpan,microsoft/harrier-oss-v1-270m,0.9831129066797379
cym_Latn,xho_Latn,intfloat/multilingual-e5-large,0.9831124429799053
kor_Hang,xho_Latn,microsoft/harrier-oss-v1-270m,0.9831075689457192
hrv_Latn,nso_Latn,intfloat/multilingual-e5-large,0.9831057601540241
ell_Grek,afr_Latn,intfloat/multilingual-e5-large,0.9831052200895484
bul_Cyrl,mar_Deva,microsoft/harrier-oss-v1-270m,0.9830861829835813
ind_Latn,kir_Cyrl,intfloat/multilingual-e5-large,0.9830861534308613
amh_Ethi,mkd_Cyrl,microsoft/harrier-oss-v1-270m,0.9830767810667456
nld_Latn,eus_Latn,intfloat/multilingual-e5-large,0.9830566564265767
ind_Latn,kan_Knda,intfloat/multilingual-e5-large,0.9830523420491752
fra_Latn,khk_Cyrl,intfloat/multilingual-e5-large,0.9830498880839738
rus_Cyrl,snd_Arab,intfloat/multilingual-e5-large,0.9830497630369139
rus_Cyrl,tha_Thai,microsoft/harrier-oss-v1-270m,0.9830445972045267
ind_Latn,ckb_Arab,microsoft/harrier-oss-v1-270m,0.9830430077451766
ben_Beng,khm_Khmr,intfloat/multilingual-e5-large,0.9830326760533192
cym_Latn,spa_Latn,intfloat/multilingual-e5-large,0.9830104191950677
npi_Deva,ron_Latn,intfloat/multilingual-e5-large,0.9830070048231737
fin_Latn,tam_Taml,intfloat/multilingual-e5-large,0.9830065970695931
tur_Latn,jpn_Jpan,intfloat/multilingual-e5-large,0.9829943998107247
san_Deva,tel_Telu,microsoft/harrier-oss-v1-270m,0.9829744177376354
ces_Latn,npi_Deva,intfloat/multilingual-e5-large,0.9829719719788732
guj_Gujr,pol_Latn,microsoft/harrier-oss-v1-270m,0.982964502411385
slk_Latn,tgk_Cyrl,microsoft/harrier-oss-v1-270m,0.9829450674962843
cat_Latn,guj_Gujr,intfloat/multilingual-e5-large,0.9829432070015272
glg_Latn,tgk_Cyrl,microsoft/harrier-oss-v1-270m,0.9829420886344111
fur_Latn,lvs_Latn,microsoft/harrier-oss-v1-270m,0.9829412296113856
ell_Grek,ckb_Arab,microsoft/harrier-oss-v1-270m,0.982939264019956
ind_Latn,nno_Latn,intfloat/multilingual-e5-large,0.9829356846825421
mkd_Cyrl,tel_Telu,intfloat/multilingual-e5-large,0.9829350976644102
lit_Latn,swe_Latn,microsoft/harrier-oss-v1-270m,0.9829349606914238
amh_Ethi,pbt_Arab,intfloat/multilingual-e5-large,0.982933065571054
glg_Latn,lvs_Latn,intfloat/multilingual-e5-large,0.9829305099255499
rus_Cyrl,swh_Latn,microsoft/harrier-oss-v1-270m,0.9829300451392475
bul_Cyrl,snd_Arab,intfloat/multilingual-e5-large,0.9829188156613552
bak_Cyrl,nld_Latn,microsoft/harrier-oss-v1-270m,0.9829160322435043
kaz_Cyrl,slk_Latn,microsoft/harrier-oss-v1-270m,0.9829108079595716
deu_Latn,hat_Latn,microsoft/harrier-oss-v1-270m,0.9828914403622508
spa_Latn,tel_Telu,intfloat/multilingual-e5-large,0.9828903402048049
afr_Latn,uzn_Latn,intfloat/multilingual-e5-large,0.9828876148881018
fin_Latn,afr_Latn,microsoft/harrier-oss-v1-270m,0.9828832119637672
kat_Geor,slk_Latn,microsoft/harrier-oss-v1-270m,0.9828830738929177
mar_Deva,zul_Latn,intfloat/multilingual-e5-large,0.9828734593572035
hrv_Latn,nya_Latn,intfloat/multilingual-e5-large,0.9828673832035416
hye_Armn,mar_Deva,microsoft/harrier-oss-v1-270m,0.9828636166571978
sin_Sinh,sun_Latn,intfloat/multilingual-e5-large,0.9828631210379581
ita_Latn,khk_Cyrl,intfloat/multilingual-e5-large,0.9828568795836443
nld_Latn,sun_Latn,intfloat/multilingual-e5-large,0.9828505065451374
uzn_Latn,hin_Deva,intfloat/multilingual-e5-large,0.9828471818087744
cym_Latn,slv_Latn,microsoft/harrier-oss-v1-270m,0.9828394211471927
fin_Latn,hin_Deva,intfloat/multilingual-e5-large,0.9828347647893363
ces_Latn,hat_Latn,microsoft/harrier-oss-v1-270m,0.9828259604316654
arz_Arab,bos_Latn,intfloat/multilingual-e5-large,0.9828249095638303
afr_Latn,kaz_Cyrl,intfloat/multilingual-e5-large,0.9828098524488482
bos_Latn,eus_Latn,intfloat/multilingual-e5-large,0.9827939314763556
mya_Mymr,pol_Latn,microsoft/harrier-oss-v1-270m,0.9827912104020129
smo_Latn,war_Latn,microsoft/harrier-oss-v1-270m,0.9827821275992886
ita_Latn,xho_Latn,intfloat/multilingual-e5-large,0.9827765801907311
mar_Deva,srp_Cyrl,intfloat/multilingual-e5-large,0.9827701339082372
bul_Cyrl,gle_Latn,intfloat/multilingual-e5-large,0.982757756286622
ben_Beng,plt_Latn,microsoft/harrier-oss-v1-270m,0.9827483458493722
ben_Beng,nya_Latn,intfloat/multilingual-e5-large,0.9827401730783258
azj_Latn,guj_Gujr,intfloat/multilingual-e5-large,0.9827321537125939
hun_Latn,swh_Latn,intfloat/multilingual-e5-large,0.9827307501058267
lvs_Latn,dan_Latn,intfloat/multilingual-e5-large,0.9827227143182162
ceb_Latn,fin_Latn,microsoft/harrier-oss-v1-270m,0.9827109139120436
mya_Mymr,als_Latn,intfloat/multilingual-e5-large,0.9827080727732431
cym_Latn,slk_Latn,microsoft/harrier-oss-v1-270m,0.9827026175390741
kat_Geor,lao_Laoo,intfloat/multilingual-e5-large,0.9826834598656091
amh_Ethi,cat_Latn,microsoft/harrier-oss-v1-270m,0.9826828563824546
ces_Latn,lvs_Latn,intfloat/multilingual-e5-large,0.9826810505668362
glg_Latn,hun_Latn,intfloat/multilingual-e5-large,0.9826761964664754
bel_Cyrl,zul_Latn,intfloat/multilingual-e5-large,0.982675134868439
jpn_Jpan,pol_Latn,microsoft/harrier-oss-v1-270m,0.98266299623102
isl_Latn,uzn_Latn,intfloat/multilingual-e5-large,0.9826584388292898
hye_Armn,jav_Latn,intfloat/multilingual-e5-large,0.98264814149984
spa_Latn,snd_Arab,intfloat/multilingual-e5-large,0.9826430449246046
ben_Beng,sun_Latn,intfloat/multilingual-e5-large,0.9826314007304588
mai_Deva,tam_Taml,intfloat/multilingual-e5-large,0.9826297834744485
mal_Mlym,tha_Thai,microsoft/harrier-oss-v1-270m,0.9826266871237093
guj_Gujr,srp_Cyrl,intfloat/multilingual-e5-large,0.9826094204425393
srd_Latn,slv_Latn,microsoft/harrier-oss-v1-270m,0.9826039151258856
jav_Latn,slv_Latn,microsoft/harrier-oss-v1-270m,0.982600978380521
glg_Latn,snd_Arab,intfloat/multilingual-e5-large,0.9825955366753487
afr_Latn,ell_Grek,microsoft/harrier-oss-v1-270m,0.9825944520554284
zul_Latn,tur_Latn,microsoft/harrier-oss-v1-270m,0.9825907069758714
ekk_Latn,mal_Mlym,intfloat/multilingual-e5-large,0.982576459125054
lit_Latn,urd_Arab,intfloat/multilingual-e5-large,0.9825734513644363
npi_Deva,tel_Telu,intfloat/multilingual-e5-large,0.9825730718568739
guj_Gujr,slv_Latn,microsoft/harrier-oss-v1-270m,0.9825720768933506
fin_Latn,guj_Gujr,intfloat/multilingual-e5-large,0.982546848216078
bak_Cyrl,ces_Latn,microsoft/harrier-oss-v1-270m,0.9825451240076151
rus_Cyrl,tel_Telu,microsoft/harrier-oss-v1-270m,0.9825305860242157
min_Latn,war_Latn,microsoft/harrier-oss-v1-270m,0.9825160908841672
ben_Beng,xho_Latn,intfloat/multilingual-e5-large,0.9825137112585035
srd_Latn,tel_Telu,microsoft/harrier-oss-v1-270m,0.982499185366098
spa_Latn,kan_Knda,intfloat/multilingual-e5-large,0.9824963205909272
ilo_Latn,tgl_Latn,intfloat/multilingual-e5-large,0.9824962643749323
srd_Latn,zho_Hant,microsoft/harrier-oss-v1-270m,0.9824844292729668
azj_Latn,mar_Deva,intfloat/multilingual-e5-large,0.9824795906575491
lvs_Latn,nno_Latn,intfloat/multilingual-e5-large,0.9824710823214861
mkd_Cyrl,mya_Mymr,intfloat/multilingual-e5-large,0.9824683010213192
ita_Latn,khm_Khmr,microsoft/harrier-oss-v1-270m,0.9824615919208184
fra_Latn,bak_Cyrl,microsoft/harrier-oss-v1-270m,0.9824496277866908
glg_Latn,swh_Latn,intfloat/multilingual-e5-large,0.982449186809327
deu_Latn,mya_Mymr,intfloat/multilingual-e5-large,0.98244051554146
jpn_Jpan,ind_Latn,microsoft/harrier-oss-v1-270m,0.9824370321058965
jpn_Jpan,deu_Latn,microsoft/harrier-oss-v1-270m,0.9824356099466824
hat_Latn,ukr_Cyrl,microsoft/harrier-oss-v1-270m,0.9824340619673079
isl_Latn,dan_Latn,intfloat/multilingual-e5-large,0.9824176476982798
kan_Knda,rus_Cyrl,microsoft/harrier-oss-v1-270m,0.982412389769697
cat_Latn,isl_Latn,intfloat/multilingual-e5-large,0.9824049877985469
ukr_Cyrl,zul_Latn,microsoft/harrier-oss-v1-270m,0.9824009622083933
cym_Latn,ukr_Cyrl,microsoft/harrier-oss-v1-270m,0.9823999344943461
hin_Deva,swh_Latn,microsoft/harrier-oss-v1-270m,0.9823808557437389
asm_Beng,tel_Telu,intfloat/multilingual-e5-large,0.9823746025736634
ben_Beng,lvs_Latn,intfloat/multilingual-e5-large,0.9823738502590171
ceb_Latn,ilo_Latn,microsoft/harrier-oss-v1-270m,0.9823718647721034
afr_Latn,heb_Hebr,microsoft/harrier-oss-v1-270m,0.9823655672879394
cym_Latn,tam_Taml,intfloat/multilingual-e5-large,0.9823629712912603
ell_Grek,lao_Laoo,intfloat/multilingual-e5-large,0.9823621587305198
fin_Latn,swh_Latn,microsoft/harrier-oss-v1-270m,0.9823550475982994
khm_Khmr,vie_Latn,microsoft/harrier-oss-v1-270m,0.9823463866292489
ceb_Latn,plt_Latn,microsoft/harrier-oss-v1-270m,0.9823448012529195
hne_Deva,nno_Latn,microsoft/harrier-oss-v1-270m,0.9823432043388096
ces_Latn,guj_Gujr,microsoft/harrier-oss-v1-270m,0.9823429879067822
ces_Latn,mar_Deva,microsoft/harrier-oss-v1-270m,0.9823404551832352
fra_Latn,sun_Latn,intfloat/multilingual-e5-large,0.9823369707454537
fin_Latn,lit_Latn,intfloat/multilingual-e5-large,0.9823346276454104
mkd_Cyrl,tgk_Cyrl,microsoft/harrier-oss-v1-270m,0.9823332588898144
bos_Latn,bak_Cyrl,microsoft/harrier-oss-v1-270m,0.9823239655157081
arb_Arab,gle_Latn,microsoft/harrier-oss-v1-270m,0.98232039699431
slv_Latn,lvs_Latn,intfloat/multilingual-e5-large,0.9822953416146454
hat_Latn,slk_Latn,microsoft/harrier-oss-v1-270m,0.9822912171907212
azj_Latn,cym_Latn,intfloat/multilingual-e5-large,0.9822893784847124
lit_Latn,vec_Latn,microsoft/harrier-oss-v1-270m,0.9822830133737056
zsm_Latn,jpn_Jpan,microsoft/harrier-oss-v1-270m,0.9822692869022163
uzn_Latn,ind_Latn,microsoft/harrier-oss-v1-270m,0.9822603345626473
hat_Latn,slv_Latn,microsoft/harrier-oss-v1-270m,0.9822591427729936
ron_Latn,tam_Taml,intfloat/multilingual-e5-large,0.9822568955425627
spa_Latn,pbt_Arab,intfloat/multilingual-e5-large,0.9822478622345943
isl_Latn,pan_Guru,intfloat/multilingual-e5-large,0.9822354741421574
eus_Latn,sin_Sinh,intfloat/multilingual-e5-large,0.9822327265691344
oci_Latn,xho_Latn,microsoft/harrier-oss-v1-270m,0.9822323946668026
afr_Latn,slv_Latn,microsoft/harrier-oss-v1-270m,0.9822250544853894
asm_Beng,kan_Knda,intfloat/multilingual-e5-large,0.9822172860063406
bak_Cyrl,vie_Latn,microsoft/harrier-oss-v1-270m,0.9822067368816683
sna_Latn,tgl_Latn,intfloat/multilingual-e5-large,0.9822005722416831
hne_Deva,kan_Knda,intfloat/multilingual-e5-large,0.9821921194998222
cat_Latn,cym_Latn,intfloat/multilingual-e5-large,0.9821866806237264
pol_Latn,tam_Taml,microsoft/harrier-oss-v1-270m,0.9821772319480935
ind_Latn,swh_Latn,intfloat/multilingual-e5-large,0.9821700463419474
hye_Armn,swh_Latn,microsoft/harrier-oss-v1-270m,0.9821631036178906
guj_Gujr,kaz_Cyrl,intfloat/multilingual-e5-large,0.9821610860093997
spa_Latn,mya_Mymr,intfloat/multilingual-e5-large,0.9821580918395135
fin_Latn,kaz_Cyrl,intfloat/multilingual-e5-large,0.9821503719768402
ces_Latn,bak_Cyrl,microsoft/harrier-oss-v1-270m,0.9821470368747511
afr_Latn,swh_Latn,intfloat/multilingual-e5-large,0.9821402171626952
mlt_Latn,fra_Latn,microsoft/harrier-oss-v1-270m,0.9821371894003921
fur_Latn,tha_Thai,microsoft/harrier-oss-v1-270m,0.9821312367531648
bel_Cyrl,lvs_Latn,intfloat/multilingual-e5-large,0.9821271866863412
nno_Latn,heb_Hebr,microsoft/harrier-oss-v1-270m,0.9821207739866735
hrv_Latn,bak_Cyrl,microsoft/harrier-oss-v1-270m,0.982109785208712
mya_Mymr,sin_Sinh,intfloat/multilingual-e5-large,0.9821046850998222
lin_Latn,tgl_Latn,intfloat/multilingual-e5-large,0.9821045969307269
mal_Mlym,san_Deva,microsoft/harrier-oss-v1-270m,0.9820921911070786
kat_Geor,lvs_Latn,intfloat/multilingual-e5-large,0.9820742477111393
aeb_Arab,tha_Thai,microsoft/harrier-oss-v1-270m,0.9820575934709064
hun_Latn,kaz_Cyrl,intfloat/multilingual-e5-large,0.9820332615327396
lvs_Latn,zul_Latn,intfloat/multilingual-e5-large,0.9820291618062098
ita_Latn,plt_Latn,microsoft/harrier-oss-v1-270m,0.9820241751256923
npi_Deva,rus_Cyrl,microsoft/harrier-oss-v1-270m,0.9820219908798811
azj_Latn,cat_Latn,intfloat/multilingual-e5-large,0.9820214311168998
sin_Sinh,xho_Latn,intfloat/multilingual-e5-large,0.98201869319309
azj_Latn,ekk_Latn,intfloat/multilingual-e5-large,0.9819953644227152
mal_Mlym,xho_Latn,intfloat/multilingual-e5-large,0.9819779133378952
ekk_Latn,khm_Khmr,intfloat/multilingual-e5-large,0.9819701957977084
eng_Latn,eus_Latn,intfloat/multilingual-e5-large,0.981961394709148
hin_Deva,tgk_Cyrl,microsoft/harrier-oss-v1-270m,0.981957997356251
ita_Latn,eus_Latn,intfloat/multilingual-e5-large,0.9819548934850464
hun_Latn,isl_Latn,intfloat/multilingual-e5-large,0.9819500811082944
afr_Latn,pbt_Arab,intfloat/multilingual-e5-large,0.9819486834618822
cat_Latn,fin_Latn,intfloat/multilingual-e5-large,0.9819443132631336
spa_Latn,kir_Cyrl,microsoft/harrier-oss-v1-270m,0.9819436654885589
pan_Guru,ukr_Cyrl,microsoft/harrier-oss-v1-270m,0.9819271229444219
mal_Mlym,srd_Latn,microsoft/harrier-oss-v1-270m,0.9819184716855928
hrv_Latn,jpn_Jpan,intfloat/multilingual-e5-large,0.9819142243312133
dan_Latn,lao_Laoo,intfloat/multilingual-e5-large,0.9819025709963833
eus_Latn,nob_Latn,intfloat/multilingual-e5-large,0.9818972724424996
jav_Latn,tel_Telu,intfloat/multilingual-e5-large,0.9818958844846164
slv_Latn,nno_Latn,intfloat/multilingual-e5-large,0.9818920508796585
glg_Latn,fin_Latn,microsoft/harrier-oss-v1-270m,0.9818913820082726
kan_Knda,tur_Latn,microsoft/harrier-oss-v1-270m,0.9818718304173915
ceb_Latn,mar_Deva,microsoft/harrier-oss-v1-270m,0.981858568919573
kat_Geor,slv_Latn,microsoft/harrier-oss-v1-270m,0.9818572653140577
ita_Latn,sun_Latn,intfloat/multilingual-e5-large,0.9818555267401432
dan_Latn,tha_Thai,microsoft/harrier-oss-v1-270m,0.9818528409430811
ell_Grek,fin_Latn,microsoft/harrier-oss-v1-270m,0.981852127880452
hin_Deva,pbt_Arab,intfloat/multilingual-e5-large,0.9818518399835302
cym_Latn,ron_Latn,intfloat/multilingual-e5-large,0.9818312501279308
npi_Deva,ukr_Cyrl,microsoft/harrier-oss-v1-270m,0.9818264148180714
fin_Latn,zul_Latn,intfloat/multilingual-e5-large,0.9818117948627942
swh_Latn,ukr_Cyrl,microsoft/harrier-oss-v1-270m,0.9818089536836354
cat_Latn,ekk_Latn,intfloat/multilingual-e5-large,0.9817949127806695
fin_Latn,isl_Latn,intfloat/multilingual-e5-large,0.9817873328997623
hun_Latn,lao_Laoo,intfloat/multilingual-e5-large,0.981786133260447
ssw_Latn,xho_Latn,intfloat/multilingual-e5-large,0.981780680094466
eus_Latn,glg_Latn,intfloat/multilingual-e5-large,0.9817769171046642
dan_Latn,ydd_Hebr,intfloat/multilingual-e5-large,0.9817695747723079
hin_Deva,tha_Thai,microsoft/harrier-oss-v1-270m,0.9817678023014476
fra_Latn,arz_Arab,intfloat/multilingual-e5-large,0.981767347777165
bul_Cyrl,mlt_Latn,microsoft/harrier-oss-v1-270m,0.9817656128143821
hrv_Latn,eus_Latn,intfloat/multilingual-e5-large,0.9817623958012434
arb_Arab,nya_Latn,microsoft/harrier-oss-v1-270m,0.9817485413137588
bak_Cyrl,ind_Latn,microsoft/harrier-oss-v1-270m,0.9817463020667319
ind_Latn,khk_Cyrl,intfloat/multilingual-e5-large,0.9817429771731192
eus_Latn,ita_Latn,intfloat/multilingual-e5-large,0.9817402195275655
plt_Latn,zsm_Latn,microsoft/harrier-oss-v1-270m,0.9817391640509923
hat_Latn,swh_Latn,microsoft/harrier-oss-v1-270m,0.9817389044774799
fin_Latn,hne_Deva,intfloat/multilingual-e5-large,0.9817373123430083
san_Deva,sin_Sinh,intfloat/multilingual-e5-large,0.9816938082183108
ilo_Latn,kor_Hang,microsoft/harrier-oss-v1-270m,0.9816891743522178
azj_Latn,swh_Latn,microsoft/harrier-oss-v1-270m,0.9816890910564837
heb_Hebr,lao_Laoo,intfloat/multilingual-e5-large,0.9816689371155312
ces_Latn,kir_Cyrl,microsoft/harrier-oss-v1-270m,0.9816657293226634
khk_Cyrl,urd_Arab,intfloat/multilingual-e5-large,0.9816609866899033
fra_Latn,khm_Khmr,intfloat/multilingual-e5-large,0.981644856570776
cat_Latn,khk_Cyrl,intfloat/multilingual-e5-large,0.981640972130398
dan_Latn,hat_Latn,microsoft/harrier-oss-v1-270m,0.9816340215261419
amh_Ethi,bel_Cyrl,microsoft/harrier-oss-v1-270m,0.9816155617550426
jav_Latn,tam_Taml,intfloat/multilingual-e5-large,0.981612951113606
kor_Hang,snd_Arab,microsoft/harrier-oss-v1-270m,0.9816016855702584
est_Latn,isl_Latn,Alibaba-NLP/gte-multilingual-base,0.981597816752279
isl_Latn,npi_Deva,intfloat/multilingual-e5-large,0.9815854340973513
hye_Armn,kir_Cyrl,microsoft/harrier-oss-v1-270m,0.981575170019478
kan_Knda,npi_Deva,intfloat/multilingual-e5-large,0.981573435645833
bul_Cyrl,eus_Latn,intfloat/multilingual-e5-large,0.9815696059743485
est_Latn,srd_Latn,microsoft/harrier-oss-v1-270m,0.9815631536723118
slk_Latn,uzn_Latn,intfloat/multilingual-e5-large,0.9815607211694546
jpn_Jpan,rus_Cyrl,microsoft/harrier-oss-v1-270m,0.9815557881191016
ceb_Latn,tha_Thai,microsoft/harrier-oss-v1-270m,0.9815554767976369
lit_Latn,spa_Latn,intfloat/multilingual-e5-large,0.9815502641163141
eus_Latn,jav_Latn,intfloat/multilingual-e5-large,0.9815444604587492
mkd_Cyrl,mlt_Latn,intfloat/multilingual-e5-large,0.9815367461613407
kan_Knda,snd_Arab,intfloat/multilingual-e5-large,0.9815322120543626
uzn_Latn,mkd_Cyrl,intfloat/multilingual-e5-large,0.9815230046268758
afr_Latn,sot_Latn,intfloat/multilingual-e5-large,0.9815216806587825
eus_Latn,zsm_Latn,intfloat/multilingual-e5-large,0.9815167972454001
sna_Latn,xho_Latn,intfloat/multilingual-e5-large,0.9815135590988044
hrv_Latn,khm_Khmr,intfloat/multilingual-e5-large,0.9815124757082883
snd_Arab,tel_Telu,intfloat/multilingual-e5-large,0.9815042561834375
afr_Latn,hun_Latn,microsoft/harrier-oss-v1-270m,0.981501703401841
bak_Cyrl,swe_Latn,microsoft/harrier-oss-v1-270m,0.9814842184700141
amh_Ethi,glg_Latn,microsoft/harrier-oss-v1-270m,0.9814760130916268
amh_Ethi,hun_Latn,microsoft/harrier-oss-v1-270m,0.9814621757787398
ben_Beng,mlt_Latn,microsoft/harrier-oss-v1-270m,0.9814559610535885
eus_Latn,oci_Latn,intfloat/multilingual-e5-large,0.98144880481837
mlt_Latn,spa_Latn,microsoft/harrier-oss-v1-270m,0.9814420870359365
bho_Deva,mar_Deva,microsoft/harrier-oss-v1-270m,0.9814360140318314
eus_Latn,hye_Armn,intfloat/multilingual-e5-large,0.9814306698490962
ekk_Latn,hin_Deva,intfloat/multilingual-e5-large,0.9814116588487026
mlt_Latn,ron_Latn,microsoft/harrier-oss-v1-270m,0.9813988294043066
guj_Gujr,ron_Latn,microsoft/harrier-oss-v1-270m,0.9813863017969615
isl_Latn,srp_Cyrl,intfloat/multilingual-e5-large,0.981376577994225
san_Deva,tam_Taml,microsoft/harrier-oss-v1-270m,0.9813661761646448
ell_Grek,tam_Taml,intfloat/multilingual-e5-large,0.9813618603939508
hun_Latn,zul_Latn,intfloat/multilingual-e5-large,0.9813585507912015
ell_Grek,hat_Latn,microsoft/harrier-oss-v1-270m,0.9813564769810799
afr_Latn,lvs_Latn,intfloat/multilingual-e5-large,0.9813548597335834
jav_Latn,smo_Latn,microsoft/harrier-oss-v1-270m,0.9813548299814904
urd_Arab,xho_Latn,intfloat/multilingual-e5-large,0.9813509705671506
jpn_Jpan,als_Latn,intfloat/multilingual-e5-large,0.9813335101262394
hun_Latn,lit_Latn,intfloat/multilingual-e5-large,0.9813249549243943
kaz_Cyrl,pbt_Arab,intfloat/multilingual-e5-large,0.9813228561395106
ast_Latn,kin_Latn,microsoft/harrier-oss-v1-270m,0.9813187742130272
gle_Latn,sin_Sinh,intfloat/multilingual-e5-large,0.9813040071367474
snd_Arab,swe_Latn,microsoft/harrier-oss-v1-270m,0.9813037270414472
fin_Latn,jpn_Jpan,intfloat/multilingual-e5-large,0.9812898325965194
amh_Ethi,hin_Deva,microsoft/harrier-oss-v1-270m,0.9812872267532144
kir_Cyrl,vie_Latn,microsoft/harrier-oss-v1-270m,0.9812825774790586
hun_Latn,tel_Telu,intfloat/multilingual-e5-large,0.9812614175760112
jpn_Jpan,urd_Arab,intfloat/multilingual-e5-large,0.9812557671370158
lao_Laoo,sin_Sinh,intfloat/multilingual-e5-large,0.9812528698312113
jav_Latn,lvs_Latn,intfloat/multilingual-e5-large,0.9812518455947239
rus_Cyrl,tam_Taml,microsoft/harrier-oss-v1-270m,0.9812214755483051
ita_Latn,mlt_Latn,microsoft/harrier-oss-v1-270m,0.9812144857816703
afr_Latn,xho_Latn,intfloat/multilingual-e5-large,0.9812079424997593
jpn_Jpan,nld_Latn,microsoft/harrier-oss-v1-270m,0.9812038843750666
mya_Mymr,tur_Latn,microsoft/harrier-oss-v1-270m,0.9811933163328215
fra_Latn,eus_Latn,intfloat/multilingual-e5-large,0.9811930064875556
jpn_Jpan,tur_Latn,microsoft/harrier-oss-v1-270m,0.9811902155305283
hun_Latn,afr_Latn,microsoft/harrier-oss-v1-270m,0.9811737761483602
mlt_Latn,tur_Latn,microsoft/harrier-oss-v1-270m,0.98116642006328
ces_Latn,isl_Latn,intfloat/multilingual-e5-large,0.9811663552825052
cym_Latn,khm_Khmr,intfloat/multilingual-e5-large,0.9811608897604271
kat_Geor,tel_Telu,intfloat/multilingual-e5-large,0.9811550291791168
khk_Cyrl,swe_Latn,microsoft/harrier-oss-v1-270m,0.981149084319529
ekk_Latn,swh_Latn,intfloat/multilingual-e5-large,0.9811406007337782
srp_Cyrl,xho_Latn,intfloat/multilingual-e5-large,0.9811361266776214
ell_Grek,zul_Latn,intfloat/multilingual-e5-large,0.9811360157932554
spa_Latn,lit_Latn,microsoft/harrier-oss-v1-270m,0.9811327880374006
bho_Deva,guj_Gujr,intfloat/multilingual-e5-large,0.9811290960577587
arz_Arab,spa_Latn,intfloat/multilingual-e5-large,0.9811288889115217
azj_Latn,kan_Knda,microsoft/harrier-oss-v1-270m,0.9811265362886912
mar_Deva,ukr_Cyrl,microsoft/harrier-oss-v1-270m,0.9811156967881742
eng_Latn,sna_Latn,microsoft/harrier-oss-v1-270m,0.9811048834748051
ibo_Latn,por_Latn,microsoft/harrier-oss-v1-270m,0.98108383391513
hat_Latn,kaz_Cyrl,microsoft/harrier-oss-v1-270m,0.9810752660352133
spa_Latn,bak_Cyrl,microsoft/harrier-oss-v1-270m,0.9810530561893938
ekk_Latn,afr_Latn,intfloat/multilingual-e5-large,0.981051087646046
bel_Cyrl,lao_Laoo,intfloat/multilingual-e5-large,0.9810437850767226
azj_Latn,tha_Thai,microsoft/harrier-oss-v1-270m,0.9810383174319794
mal_Mlym,khk_Cyrl,intfloat/multilingual-e5-large,0.981035090069022
bul_Cyrl,plt_Latn,microsoft/harrier-oss-v1-270m,0.981026593863245
mlt_Latn,pol_Latn,microsoft/harrier-oss-v1-270m,0.9810191791591075
lvs_Latn,mar_Deva,intfloat/multilingual-e5-large,0.9809991194671499
eus_Latn,fra_Latn,intfloat/multilingual-e5-large,0.9809940654915104
hau_Latn,por_Latn,microsoft/harrier-oss-v1-270m,0.9809838650449488
khm_Khmr,swe_Latn,microsoft/harrier-oss-v1-270m,0.9809717341459592
bul_Cyrl,khm_Khmr,microsoft/harrier-oss-v1-270m,0.9809707983925178
jpn_Jpan,sin_Sinh,intfloat/multilingual-e5-large,0.9809662340116618
pol_Latn,snd_Arab,intfloat/multilingual-e5-large,0.9809583624568294
ind_Latn,tha_Thai,microsoft/harrier-oss-v1-270m,0.9809546043411566
jav_Latn,xho_Latn,intfloat/multilingual-e5-large,0.9809540221718236
ell_Grek,kir_Cyrl,intfloat/multilingual-e5-large,0.9809528689605538
hrv_Latn,tha_Thai,microsoft/harrier-oss-v1-270m,0.9809365026557207
asm_Beng,tam_Taml,intfloat/multilingual-e5-large,0.9809268329321992
ron_Latn,snd_Arab,intfloat/multilingual-e5-large,0.9808994640674713
kin_Latn,tgl_Latn,intfloat/multilingual-e5-large,0.9808976362280284
hye_Armn,khk_Cyrl,intfloat/multilingual-e5-large,0.9808752599116914
spa_Latn,isl_Latn,intfloat/multilingual-e5-large,0.9808739528413906
mar_Deva,ron_Latn,microsoft/harrier-oss-v1-270m,0.9808693983428085
eng_Latn,kea_Latn,microsoft/harrier-oss-v1-270m,0.9808690426815557
amh_Ethi,hat_Latn,microsoft/harrier-oss-v1-270m,0.9808623459720447
ekk_Latn,hat_Latn,intfloat/multilingual-e5-large,0.9808618421228028
fra_Latn,plt_Latn,microsoft/harrier-oss-v1-270m,0.9808576803094292
hun_Latn,tgk_Cyrl,microsoft/harrier-oss-v1-270m,0.980855367639063
plt_Latn,nld_Latn,microsoft/harrier-oss-v1-270m,0.9808452599884834
cym_Latn,lao_Laoo,intfloat/multilingual-e5-large,0.9808351767998864
eus_Latn,srp_Cyrl,intfloat/multilingual-e5-large,0.9808299681673921
pol_Latn,pbt_Arab,intfloat/multilingual-e5-large,0.9808221005309078
cym_Latn,sun_Latn,intfloat/multilingual-e5-large,0.980817594786545
fin_Latn,uzn_Latn,intfloat/multilingual-e5-large,0.9808167473545408
gle_Latn,urd_Arab,intfloat/multilingual-e5-large,0.9808162164507841
asm_Beng,nld_Latn,microsoft/harrier-oss-v1-270m,0.9808108572909443
fra_Latn,gle_Latn,intfloat/multilingual-e5-large,0.9808045272390036
lvs_Latn,khk_Cyrl,intfloat/multilingual-e5-large,0.9807917819546832
khk_Cyrl,pol_Latn,microsoft/harrier-oss-v1-270m,0.9807804098738602
guj_Gujr,uzn_Latn,intfloat/multilingual-e5-large,0.9807759322619297
slk_Latn,zul_Latn,microsoft/harrier-oss-v1-270m,0.9807731613378937
nld_Latn,xho_Latn,intfloat/multilingual-e5-large,0.9807719133669309
mar_Deva,pol_Latn,microsoft/harrier-oss-v1-270m,0.980771580750821
kan_Knda,nld_Latn,microsoft/harrier-oss-v1-270m,0.9807427831057742
bel_Cyrl,snd_Arab,intfloat/multilingual-e5-large,0.980726325404025
kin_Latn,run_Latn,microsoft/harrier-oss-v1-270m,0.9807160411491412
ces_Latn,jpn_Jpan,microsoft/harrier-oss-v1-270m,0.980712929898488
kaz_Cyrl,tam_Taml,intfloat/multilingual-e5-large,0.9807110604516519
sun_Latn,urd_Arab,intfloat/multilingual-e5-large,0.9806901888680889
fra_Latn,mlt_Latn,microsoft/harrier-oss-v1-270m,0.9806623159768098
hne_Deva,hun_Latn,microsoft/harrier-oss-v1-270m,0.9806551176322843
eus_Latn,ltz_Latn,intfloat/multilingual-e5-large,0.9806526644766946
arz_Arab,bul_Cyrl,microsoft/harrier-oss-v1-270m,0.9806519190797403
khm_Khmr,tgl_Latn,microsoft/harrier-oss-v1-270m,0.9806415776747208
pbt_Arab,swe_Latn,microsoft/harrier-oss-v1-270m,0.9806370281783864
kir_Cyrl,ron_Latn,microsoft/harrier-oss-v1-270m,0.9806316976612048
hrv_Latn,sna_Latn,intfloat/multilingual-e5-large,0.9806296798498415
sna_Latn,sot_Latn,intfloat/multilingual-e5-large,0.980626759802271
ell_Grek,snd_Arab,intfloat/multilingual-e5-large,0.9806241936216464
heb_Hebr,bak_Cyrl,microsoft/harrier-oss-v1-270m,0.9806214357405865
heb_Hebr,khk_Cyrl,intfloat/multilingual-e5-large,0.9806131999283967
eus_Latn,uzn_Latn,intfloat/multilingual-e5-large,0.980612560157037
dan_Latn,mlt_Latn,microsoft/harrier-oss-v1-270m,0.9806019029697044
est_Latn,hat_Latn,microsoft/harrier-oss-v1-270m,0.9805980011214388
srd_Latn,ltz_Latn,microsoft/harrier-oss-v1-270m,0.9805844744024091
sun_Latn,vie_Latn,microsoft/harrier-oss-v1-270m,0.9805810018250405
afr_Latn,gle_Latn,intfloat/multilingual-e5-large,0.9805764543624573
tha_Thai,ukr_Cyrl,microsoft/harrier-oss-v1-270m,0.9805726084980546
hne_Deva,tha_Thai,microsoft/harrier-oss-v1-270m,0.9805434381503737
ell_Grek,tgk_Cyrl,microsoft/harrier-oss-v1-270m,0.9805415971318047
hye_Armn,zul_Latn,intfloat/multilingual-e5-large,0.9805323107072169
tam_Taml,tur_Latn,microsoft/harrier-oss-v1-270m,0.9805293326486023
cym_Latn,mar_Deva,intfloat/multilingual-e5-large,0.9804785583949559
hat_Latn,npi_Deva,microsoft/harrier-oss-v1-270m,0.9804781325634055
hin_Deva,jpn_Jpan,microsoft/harrier-oss-v1-270m,0.980476564460933
isl_Latn,ita_Latn,intfloat/multilingual-e5-large,0.9804714767051312
lao_Laoo,urd_Arab,intfloat/multilingual-e5-large,0.9804614779457316
kat_Geor,mar_Deva,intfloat/multilingual-e5-large,0.9804586451657014
nno_Latn,slv_Latn,intfloat/multilingual-e5-large,0.9804540487721813
deu_Latn,khk_Cyrl,intfloat/multilingual-e5-large,0.9804485816192918
kaz_Cyrl,swh_Latn,intfloat/multilingual-e5-large,0.9804459626732958
ceb_Latn,sun_Latn,intfloat/multilingual-e5-large,0.9804325569020864
cym_Latn,ind_Latn,microsoft/harrier-oss-v1-270m,0.9804289058064994
amh_Ethi,khm_Khmr,microsoft/harrier-oss-v1-270m,0.980418809285019
nno_Latn,tam_Taml,intfloat/multilingual-e5-large,0.9804030008148159
srp_Cyrl,sun_Latn,intfloat/multilingual-e5-large,0.9804028200741799
eus_Latn,mal_Mlym,intfloat/multilingual-e5-large,0.9803986842001836
bul_Cyrl,kan_Knda,intfloat/multilingual-e5-large,0.980390931002265
slk_Latn,tam_Taml,intfloat/multilingual-e5-large,0.9803852959174193
ell_Grek,swh_Latn,intfloat/multilingual-e5-large,0.9803745840010605
mar_Deva,uzn_Latn,intfloat/multilingual-e5-large,0.9803626130696124
ceb_Latn,jpn_Jpan,microsoft/harrier-oss-v1-270m,0.9803520486820523
arz_Arab,zsm_Latn,intfloat/multilingual-e5-large,0.9803476952810466
mal_Mlym,sun_Latn,intfloat/multilingual-e5-large,0.9803450812496418
nya_Latn,zul_Latn,intfloat/multilingual-e5-large,0.9803388223937997
glg_Latn,tel_Telu,intfloat/multilingual-e5-large,0.9803341641650135
fin_Latn,tat_Cyrl,microsoft/harrier-oss-v1-270m,0.9803245872139552
arz_Arab,glg_Latn,intfloat/multilingual-e5-large,0.9802866562832067
pan_Guru,san_Deva,microsoft/harrier-oss-v1-270m,0.9802862869773418
cym_Latn,kir_Cyrl,intfloat/multilingual-e5-large,0.9802809934271608
deu_Latn,khm_Khmr,microsoft/harrier-oss-v1-270m,0.9802636661355832
cym_Latn,dan_Latn,microsoft/harrier-oss-v1-270m,0.9802527950680813
eng_Latn,ilo_Latn,microsoft/harrier-oss-v1-270m,0.9802412524141257
lvs_Latn,swh_Latn,intfloat/multilingual-e5-large,0.9802226787146193
hye_Armn,mya_Mymr,intfloat/multilingual-e5-large,0.9802186682041928
bel_Cyrl,swh_Latn,microsoft/harrier-oss-v1-270m,0.9802149023933816
hin_Deva,hun_Latn,microsoft/harrier-oss-v1-270m,0.9802137406246654
jpn_Jpan,hrv_Latn,intfloat/multilingual-e5-large,0.9802081311381174
run_Latn,swh_Latn,microsoft/harrier-oss-v1-270m,0.9802069822148992
dan_Latn,kan_Knda,microsoft/harrier-oss-v1-270m,0.9802016033423588
tel_Telu,uzn_Latn,intfloat/multilingual-e5-large,0.9801900582941698
tam_Taml,vie_Latn,microsoft/harrier-oss-v1-270m,0.980188427171583
kaz_Cyrl,lit_Latn,microsoft/harrier-oss-v1-270m,0.9801798664645847
ceb_Latn,lit_Latn,microsoft/harrier-oss-v1-270m,0.9801696999974516
ben_Beng,gle_Latn,intfloat/multilingual-e5-large,0.980164559363137
jpn_Jpan,zsm_Latn,microsoft/harrier-oss-v1-270m,0.9801516724039063
vec_Latn,lit_Latn,microsoft/harrier-oss-v1-270m,0.9801505051879742
ell_Grek,mar_Deva,intfloat/multilingual-e5-large,0.9801473292795498
azj_Latn,lit_Latn,microsoft/harrier-oss-v1-270m,0.9801326053845574
hat_Latn,jav_Latn,microsoft/harrier-oss-v1-270m,0.9801286280902177
slv_Latn,zul_Latn,microsoft/harrier-oss-v1-270m,0.9801212080965136
eus_Latn,pan_Guru,intfloat/multilingual-e5-large,0.980119575431186
hat_Latn,mal_Mlym,microsoft/harrier-oss-v1-270m,0.9801185813985089
heb_Hebr,mar_Deva,microsoft/harrier-oss-v1-270m,0.9801156430037119
npi_Deva,sun_Latn,intfloat/multilingual-e5-large,0.9801135791810144
heb_Hebr,lit_Latn,microsoft/harrier-oss-v1-270m,0.9801020482375383
spa_Latn,plt_Latn,microsoft/harrier-oss-v1-270m,0.9801008781135017
bel_Cyrl,nno_Latn,microsoft/harrier-oss-v1-270m,0.9800918923759483
pbt_Arab,tur_Latn,microsoft/harrier-oss-v1-270m,0.9800872370456464
sot_Latn,swh_Latn,microsoft/harrier-oss-v1-270m,0.9800859335054235
jpn_Jpan,ces_Latn,microsoft/harrier-oss-v1-270m,0.9800857490126659
bel_Cyrl,tam_Taml,intfloat/multilingual-e5-large,0.9800838834380631
lit_Latn,tur_Latn,microsoft/harrier-oss-v1-270m,0.9800721713094036
ckb_Arab,pbt_Arab,microsoft/harrier-oss-v1-270m,0.9800719787798521
bul_Cyrl,sun_Latn,intfloat/multilingual-e5-large,0.9800584229199829
eus_Latn,urd_Arab,intfloat/multilingual-e5-large,0.9800499181193515
ekk_Latn,glg_Latn,intfloat/multilingual-e5-large,0.9800491882697436
eng_Latn,lij_Latn,intfloat/multilingual-e5-large,0.9800433838142211
sna_Latn,zho_Hans,microsoft/harrier-oss-v1-270m,0.9800375610308316
kir_Cyrl,ukr_Cyrl,microsoft/harrier-oss-v1-270m,0.9799956055368565
ekk_Latn,kir_Cyrl,intfloat/multilingual-e5-large,0.9799854504181756
jpn_Jpan,swe_Latn,microsoft/harrier-oss-v1-270m,0.9799513525795893
guj_Gujr,slk_Latn,microsoft/harrier-oss-v1-270m,0.9799473248235149
est_Latn,eus_Latn,intfloat/multilingual-e5-large,0.9799348071214352
afr_Latn,mar_Deva,intfloat/multilingual-e5-large,0.9799265260884185
jpn_Jpan,ron_Latn,microsoft/harrier-oss-v1-270m,0.979912885985915
kat_Geor,swh_Latn,microsoft/harrier-oss-v1-270m,0.9798811022232612
pol_Latn,sun_Latn,microsoft/harrier-oss-v1-270m,0.9798805994660057
gle_Latn,zho_Hans,microsoft/harrier-oss-v1-270m,0.9798771660047336
cat_Latn,tam_Taml,intfloat/multilingual-e5-large,0.979875447949845
heb_Hebr,isl_Latn,intfloat/multilingual-e5-large,0.9798719522434272
hin_Deva,nno_Latn,intfloat/multilingual-e5-large,0.9798588838039457
nno_Latn,tel_Telu,intfloat/multilingual-e5-large,0.9798514274650503
lit_Latn,fur_Latn,microsoft/harrier-oss-v1-270m,0.9798296683393126
tam_Taml,zul_Latn,intfloat/multilingual-e5-large,0.9798260910865204
swh_Latn,tsn_Latn,intfloat/multilingual-e5-large,0.979825728749024
bel_Cyrl,ekk_Latn,intfloat/multilingual-e5-large,0.9798192284754244
isl_Latn,nob_Latn,Alibaba-NLP/gte-multilingual-base,0.9798190642434712
azj_Latn,srd_Latn,microsoft/harrier-oss-v1-270m,0.9797819764394776
plt_Latn,sin_Sinh,microsoft/harrier-oss-v1-270m,0.9797739312352871
tel_Telu,zul_Latn,intfloat/multilingual-e5-large,0.9797725582750696
srd_Latn,est_Latn,microsoft/harrier-oss-v1-270m,0.9797719845513962
cym_Latn,hin_Deva,intfloat/multilingual-e5-large,0.9797630454004673
ron_Latn,eus_Latn,intfloat/multilingual-e5-large,0.9797627264313801
cym_Latn,lvs_Latn,intfloat/multilingual-e5-large,0.9797620513775729
bel_Cyrl,fin_Latn,microsoft/harrier-oss-v1-270m,0.979757679600491
spa_Latn,eus_Latn,intfloat/multilingual-e5-large,0.9797571223433729
cym_Latn,tgk_Cyrl,microsoft/harrier-oss-v1-270m,0.979755702053642
sna_Latn,als_Latn,intfloat/multilingual-e5-large,0.979750976961913
plt_Latn,swe_Latn,microsoft/harrier-oss-v1-270m,0.9797416190552335
scn_Latn,zho_Hans,microsoft/harrier-oss-v1-270m,0.9797235792982484
deu_Latn,eus_Latn,intfloat/multilingual-e5-large,0.9797098769068163
khm_Khmr,als_Latn,intfloat/multilingual-e5-large,0.9797094850189327
kir_Cyrl,khk_Cyrl,intfloat/multilingual-e5-large,0.9797027019586944
ekk_Latn,mya_Mymr,intfloat/multilingual-e5-large,0.9796997183508764
deu_Latn,mlt_Latn,microsoft/harrier-oss-v1-270m,0.9796811794762614
mar_Deva,swh_Latn,intfloat/multilingual-e5-large,0.9796742544850822
tel_Telu,vie_Latn,microsoft/harrier-oss-v1-270m,0.9796530167602198
hin_Deva,lvs_Latn,intfloat/multilingual-e5-large,0.9796350088836192
arz_Arab,nld_Latn,microsoft/harrier-oss-v1-270m,0.9796266119040535
ibo_Latn,nob_Latn,microsoft/harrier-oss-v1-270m,0.9796244531231328
lit_Latn,mal_Mlym,intfloat/multilingual-e5-large,0.9796241952356872
ron_Latn,bak_Cyrl,microsoft/harrier-oss-v1-270m,0.97962255993651
dan_Latn,pbt_Arab,intfloat/multilingual-e5-large,0.9796197140676968
ron_Latn,tha_Thai,microsoft/harrier-oss-v1-270m,0.9795989327960337
amh_Ethi,lit_Latn,microsoft/harrier-oss-v1-270m,0.979588799582565
npi_Deva,xho_Latn,intfloat/multilingual-e5-large,0.9795798763016474
eng_Latn,tsn_Latn,intfloat/multilingual-e5-large,0.9795591806717379
jpn_Jpan,srp_Cyrl,intfloat/multilingual-e5-large,0.9795506951928641
heb_Hebr,khm_Khmr,microsoft/harrier-oss-v1-270m,0.9795379135783293
zul_Latn,ron_Latn,microsoft/harrier-oss-v1-270m,0.9795356887981563
dan_Latn,jpn_Jpan,intfloat/multilingual-e5-large,0.979534247803528
isl_Latn,zul_Latn,intfloat/multilingual-e5-large,0.9795309348111321
fin_Latn,mar_Deva,intfloat/multilingual-e5-large,0.979528428578976
arz_Arab,ita_Latn,intfloat/multilingual-e5-large,0.9795138653633779
afr_Latn,khk_Cyrl,intfloat/multilingual-e5-large,0.9794916929006776
kat_Geor,tam_Taml,intfloat/multilingual-e5-large,0.9794866180826354
apc_Arab,eng_Latn,microsoft/harrier-oss-v1-270m,0.9794848705125783
gle_Latn,oci_Latn,microsoft/harrier-oss-v1-270m,0.979483107472238
spa_Latn,khk_Cyrl,intfloat/multilingual-e5-large,0.9794581999556073
hun_Latn,uzn_Latn,intfloat/multilingual-e5-large,0.9794563241824913
hun_Latn,kan_Knda,intfloat/multilingual-e5-large,0.9794555906169181
kat_Geor,kan_Knda,intfloat/multilingual-e5-large,0.9794212561276308
hun_Latn,tat_Cyrl,microsoft/harrier-oss-v1-270m,0.9794016031616422
lin_Latn,zul_Latn,intfloat/multilingual-e5-large,0.9793991562171311
amh_Ethi,xho_Latn,intfloat/multilingual-e5-large,0.9793961924888352
arz_Arab,pol_Latn,microsoft/harrier-oss-v1-270m,0.9793942703990681
isl_Latn,rus_Cyrl,intfloat/multilingual-e5-large,0.9793873646283155
tam_Taml,uzn_Latn,intfloat/multilingual-e5-large,0.979356273071812
isl_Latn,mkd_Cyrl,intfloat/multilingual-e5-large,0.979356199303864
bel_Cyrl,pbt_Arab,intfloat/multilingual-e5-large,0.9793543371728746
arb_Arab,eus_Latn,intfloat/multilingual-e5-large,0.979335217041929
hin_Deva,kir_Cyrl,microsoft/harrier-oss-v1-270m,0.9793321117615249
kan_Knda,pol_Latn,microsoft/harrier-oss-v1-270m,0.9793180285946448
bak_Cyrl,slk_Latn,microsoft/harrier-oss-v1-270m,0.9793144834137141
lit_Latn,npi_Deva,intfloat/multilingual-e5-large,0.9793138925138137
heb_Hebr,mlt_Latn,microsoft/harrier-oss-v1-270m,0.979312114620701
eng_Latn,grn_Latn,microsoft/harrier-oss-v1-270m,0.979302824555382
bel_Cyrl,tel_Telu,intfloat/multilingual-e5-large,0.9792992636351219
khm_Khmr,kor_Hang,microsoft/harrier-oss-v1-270m,0.97929430171278
ekk_Latn,isl_Latn,intfloat/multilingual-e5-large,0.9792934315893184
ilo_Latn,war_Latn,intfloat/multilingual-e5-large,0.9792866949385062
arb_Arab,isl_Latn,intfloat/multilingual-e5-large,0.9792723663029989
deu_Latn,gle_Latn,intfloat/multilingual-e5-large,0.9792644303126642
spa_Latn,mlt_Latn,microsoft/harrier-oss-v1-270m,0.9792643599083839
lit_Latn,uzn_Latn,intfloat/multilingual-e5-large,0.9792562138108301
dan_Latn,bak_Cyrl,microsoft/harrier-oss-v1-270m,0.9792505573796939
heb_Hebr,tha_Thai,microsoft/harrier-oss-v1-270m,0.9792481830249282
sun_Latn,swe_Latn,microsoft/harrier-oss-v1-270m,0.9792469659438763
cat_Latn,mya_Mymr,intfloat/multilingual-e5-large,0.9792275108787014
lit_Latn,srd_Latn,microsoft/harrier-oss-v1-270m,0.979227300822462
khk_Cyrl,tur_Latn,microsoft/harrier-oss-v1-270m,0.9792169936552706
afr_Latn,tsn_Latn,intfloat/multilingual-e5-large,0.9792082445625911
hun_Latn,tam_Taml,intfloat/multilingual-e5-large,0.9792081331652192
srd_Latn,jpn_Jpan,microsoft/harrier-oss-v1-270m,0.9791903285189733
hye_Armn,lit_Latn,microsoft/harrier-oss-v1-270m,0.9791889339563262
fin_Latn,tgk_Cyrl,microsoft/harrier-oss-v1-270m,0.9791794524191938
heb_Hebr,snd_Arab,intfloat/multilingual-e5-large,0.9791666723064614
ces_Latn,pbt_Arab,intfloat/multilingual-e5-large,0.9791625231840391
dan_Latn,khk_Cyrl,intfloat/multilingual-e5-large,0.9791390046361002
isl_Latn,por_Latn,Alibaba-NLP/gte-multilingual-base,0.9791367448976144
cat_Latn,gle_Latn,intfloat/multilingual-e5-large,0.9791351857436337
afr_Latn,kir_Cyrl,microsoft/harrier-oss-v1-270m,0.9791297687161302
ell_Grek,jpn_Jpan,microsoft/harrier-oss-v1-270m,0.979127695639127
asm_Beng,fra_Latn,microsoft/harrier-oss-v1-270m,0.979100935841613
isl_Latn,snd_Arab,intfloat/multilingual-e5-large,0.9790923471642927
kaz_Cyrl,mar_Deva,intfloat/multilingual-e5-large,0.9790840754665928
eng_Latn,lmo_Latn,microsoft/harrier-oss-v1-270m,0.9790694565645158
ind_Latn,tgk_Cyrl,microsoft/harrier-oss-v1-270m,0.9790689718618392
ell_Grek,tha_Thai,microsoft/harrier-oss-v1-270m,0.9790655634626471
zsm_Latn,lit_Latn,microsoft/harrier-oss-v1-270m,0.9790610614311226
mar_Deva,slk_Latn,microsoft/harrier-oss-v1-270m,0.9790605584704029
asm_Beng,snd_Arab,intfloat/multilingual-e5-large,0.9790539248686716
arz_Arab,vie_Latn,microsoft/harrier-oss-v1-270m,0.9790512162216654
asm_Beng,tur_Latn,microsoft/harrier-oss-v1-270m,0.9790447286182472
eng_Latn,kin_Latn,microsoft/harrier-oss-v1-270m,0.9790434660696912
gle_Latn,nld_Latn,microsoft/harrier-oss-v1-270m,0.9790201003836827
mlt_Latn,rus_Cyrl,microsoft/harrier-oss-v1-270m,0.9789918339568213
ces_Latn,tel_Telu,microsoft/harrier-oss-v1-270m,0.978986337055596
kan_Knda,vie_Latn,microsoft/harrier-oss-v1-270m,0.9789392107410428
san_Deva,urd_Arab,microsoft/harrier-oss-v1-270m,0.9789381468075744
cat_Latn,kir_Cyrl,intfloat/multilingual-e5-large,0.9789286998249014
ind_Latn,bak_Cyrl,microsoft/harrier-oss-v1-270m,0.9789262252882752
mlt_Latn,ukr_Cyrl,microsoft/harrier-oss-v1-270m,0.9789032048587163
mlt_Latn,slk_Latn,microsoft/harrier-oss-v1-270m,0.97889494680712
amh_Ethi,srp_Cyrl,microsoft/harrier-oss-v1-270m,0.9788948158617877
eus_Latn,ron_Latn,intfloat/multilingual-e5-large,0.9788923617434032
sna_Latn,urd_Arab,intfloat/multilingual-e5-large,0.9788788965191744
hne_Deva,lit_Latn,microsoft/harrier-oss-v1-270m,0.9788739028052074
eus_Latn,fur_Latn,intfloat/multilingual-e5-large,0.97886142685292
cat_Latn,tgk_Cyrl,microsoft/harrier-oss-v1-270m,0.9788541073545263
mal_Mlym,nno_Latn,microsoft/harrier-oss-v1-270m,0.9788518049592991
srd_Latn,kat_Geor,microsoft/harrier-oss-v1-270m,0.9788430531755316
cat_Latn,eus_Latn,intfloat/multilingual-e5-large,0.9788397887924682
khk_Cyrl,nld_Latn,microsoft/harrier-oss-v1-270m,0.9788394334770734
kir_Cyrl,slk_Latn,microsoft/harrier-oss-v1-270m,0.9788339995855448
lin_Latn,por_Latn,microsoft/harrier-oss-v1-270m,0.978825461977636
ell_Grek,pbt_Arab,intfloat/multilingual-e5-large,0.9788219957327824
heb_Hebr,mya_Mymr,intfloat/multilingual-e5-large,0.9788095762571174
hne_Deva,jpn_Jpan,microsoft/harrier-oss-v1-270m,0.9788093848971904
lvs_Latn,tam_Taml,intfloat/multilingual-e5-large,0.9788042481566439
bak_Cyrl,ron_Latn,microsoft/harrier-oss-v1-270m,0.9787550094157293
arz_Arab,srd_Latn,microsoft/harrier-oss-v1-270m,0.9787514116318464
est_Latn,vec_Latn,Alibaba-NLP/gte-multilingual-base,0.9787474344247996
plt_Latn,swh_Latn,microsoft/harrier-oss-v1-270m,0.9787071251404695
kaz_Cyrl,tel_Telu,intfloat/multilingual-e5-large,0.97868201048922
ell_Grek,kan_Knda,intfloat/multilingual-e5-large,0.9786769158045328
kin_Latn,eng_Latn,microsoft/harrier-oss-v1-270m,0.9786639957388029
jav_Latn,tha_Thai,microsoft/harrier-oss-v1-270m,0.978657849473396
cym_Latn,srd_Latn,microsoft/harrier-oss-v1-270m,0.9786566424295258
dan_Latn,lit_Latn,microsoft/harrier-oss-v1-270m,0.9786564802225419
lit_Latn,vie_Latn,microsoft/harrier-oss-v1-270m,0.9786489279245163
fin_Latn,tel_Telu,intfloat/multilingual-e5-large,0.9786450218284493
bul_Cyrl,xho_Latn,intfloat/multilingual-e5-large,0.9786364234129334
slv_Latn,tha_Thai,microsoft/harrier-oss-v1-270m,0.9786316415542056
amh_Ethi,kir_Cyrl,microsoft/harrier-oss-v1-270m,0.9786086665246936
khk_Cyrl,rus_Cyrl,microsoft/harrier-oss-v1-270m,0.9786053999659168
slk_Latn,isl_Latn,intfloat/multilingual-e5-large,0.978604925904546
plt_Latn,als_Latn,microsoft/harrier-oss-v1-270m,0.9786008267551938
afr_Latn,tgk_Cyrl,microsoft/harrier-oss-v1-270m,0.9785955964608624
fin_Latn,srd_Latn,microsoft/harrier-oss-v1-270m,0.97858593700985
srd_Latn,sin_Sinh,microsoft/harrier-oss-v1-270m,0.9785772624273767
isl_Latn,lvs_Latn,intfloat/multilingual-e5-large,0.9785576414117503
ell_Grek,khk_Cyrl,intfloat/multilingual-e5-large,0.9785444848582188
azj_Latn,tel_Telu,microsoft/harrier-oss-v1-270m,0.9785353822224989
cat_Latn,mar_Deva,intfloat/multilingual-e5-large,0.9785345705274963
bel_Cyrl,tha_Thai,microsoft/harrier-oss-v1-270m,0.9785113855291212
bel_Cyrl,mar_Deva,intfloat/multilingual-e5-large,0.9785053560193834
eng_Latn,nya_Latn,intfloat/multilingual-e5-large,0.978505238197295
ron_Latn,jpn_Jpan,microsoft/harrier-oss-v1-270m,0.9784965451738183
bak_Cyrl,heb_Hebr,microsoft/harrier-oss-v1-270m,0.9784921404253969
lmo_Latn,swe_Latn,microsoft/harrier-oss-v1-270m,0.9784816693839448
tam_Taml,ukr_Cyrl,microsoft/harrier-oss-v1-270m,0.9784744969713736
asm_Beng,ita_Latn,microsoft/harrier-oss-v1-270m,0.9784678456731464
ita_Latn,kea_Latn,microsoft/harrier-oss-v1-270m,0.9784627954177529
uzn_Latn,lit_Latn,microsoft/harrier-oss-v1-270m,0.9784366846515067
isl_Latn,ron_Latn,intfloat/multilingual-e5-large,0.978432233965209
dan_Latn,xho_Latn,intfloat/multilingual-e5-large,0.9784294138327196
arz_Arab,tur_Latn,microsoft/harrier-oss-v1-270m,0.9784237764013057
eus_Latn,kaz_Cyrl,intfloat/multilingual-e5-large,0.9784189420309939
isl_Latn,nno_Latn,intfloat/multilingual-e5-large,0.9784183822813979
amh_Ethi,fin_Latn,microsoft/harrier-oss-v1-270m,0.9784134887427673
ces_Latn,mlt_Latn,microsoft/harrier-oss-v1-270m,0.9784090418306532
arz_Arab,deu_Latn,microsoft/harrier-oss-v1-270m,0.9783991363017011
heb_Hebr,jpn_Jpan,microsoft/harrier-oss-v1-270m,0.9783774192855486
ces_Latn,tam_Taml,microsoft/harrier-oss-v1-270m,0.9783538961068593
glg_Latn,xho_Latn,intfloat/multilingual-e5-large,0.9783531367474576
isl_Latn,vie_Latn,intfloat/multilingual-e5-large,0.9783419650392355
hun_Latn,pbt_Arab,intfloat/multilingual-e5-large,0.978340767844688
khm_Khmr,zsm_Latn,microsoft/harrier-oss-v1-270m,0.978338197959461
lit_Latn,afr_Latn,intfloat/multilingual-e5-large,0.978334053229805
hat_Latn,srp_Cyrl,microsoft/harrier-oss-v1-270m,0.9783334349091114
ces_Latn,kan_Knda,microsoft/harrier-oss-v1-270m,0.9783218083838017
mya_Mymr,ron_Latn,microsoft/harrier-oss-v1-270m,0.9783171805551412
khm_Khmr,nld_Latn,microsoft/harrier-oss-v1-270m,0.978290162591372
afr_Latn,mlt_Latn,intfloat/multilingual-e5-large,0.9782834133790753
khm_Khmr,rus_Cyrl,microsoft/harrier-oss-v1-270m,0.9782699599920388
aeb_Arab,slv_Latn,microsoft/harrier-oss-v1-270m,0.9782693948137232
azj_Latn,lvs_Latn,intfloat/multilingual-e5-large,0.9782657720330576
kir_Cyrl,tel_Telu,intfloat/multilingual-e5-large,0.9782642386435659
spa_Latn,khm_Khmr,intfloat/multilingual-e5-large,0.9782536837212897
ita_Latn,nya_Latn,intfloat/multilingual-e5-large,0.9782448122778865
tur_Latn,xho_Latn,intfloat/multilingual-e5-large,0.9782319854699455
spa_Latn,xho_Latn,intfloat/multilingual-e5-large,0.978208112604207
heb_Hebr,tel_Telu,microsoft/harrier-oss-v1-270m,0.9782059295994328
deu_Latn,sun_Latn,microsoft/harrier-oss-v1-270m,0.9782032184912484
afr_Latn,tel_Telu,intfloat/multilingual-e5-large,0.9781982527054722
cym_Latn,ell_Grek,microsoft/harrier-oss-v1-270m,0.9781926930156715
bho_Deva,tel_Telu,intfloat/multilingual-e5-large,0.978191479919061
pan_Guru,xho_Latn,intfloat/multilingual-e5-large,0.9781843688069445
eng_Latn,szl_Latn,intfloat/multilingual-e5-large,0.9781757965184098
snd_Arab,tam_Taml,intfloat/multilingual-e5-large,0.9781578221486968
khk_Cyrl,ukr_Cyrl,microsoft/harrier-oss-v1-270m,0.9781450576439077
eus_Latn,spa_Latn,intfloat/multilingual-e5-large,0.9781439465121997
mar_Deva,pbt_Arab,intfloat/multilingual-e5-large,0.9781101727828707
ind_Latn,isl_Latn,intfloat/multilingual-e5-large,0.978095358459504
ceb_Latn,ekk_Latn,intfloat/multilingual-e5-large,0.9780934856378148
hun_Latn,mya_Mymr,intfloat/multilingual-e5-large,0.978091049809418
nya_Latn,zho_Hant,microsoft/harrier-oss-v1-270m,0.9780651379430816
amh_Ethi,tel_Telu,intfloat/multilingual-e5-large,0.9780646555616508
cat_Latn,khm_Khmr,intfloat/multilingual-e5-large,0.9780569951093423
lit_Latn,ind_Latn,microsoft/harrier-oss-v1-270m,0.9780448754972346
asm_Beng,vie_Latn,microsoft/harrier-oss-v1-270m,0.9780315099409562
azj_Latn,hat_Latn,intfloat/multilingual-e5-large,0.9780233084382519
gle_Latn,hne_Deva,intfloat/multilingual-e5-large,0.9780217876184046
mlt_Latn,swh_Latn,microsoft/harrier-oss-v1-270m,0.9780217617034831
cat_Latn,sun_Latn,intfloat/multilingual-e5-large,0.9779944199289222
srd_Latn,tha_Thai,microsoft/harrier-oss-v1-270m,0.9779733686814516
ind_Latn,xho_Latn,intfloat/multilingual-e5-large,0.9779694811327003
ron_Latn,tel_Telu,intfloat/multilingual-e5-large,0.9779625385480022
cat_Latn,xho_Latn,intfloat/multilingual-e5-large,0.9779623564787296
fra_Latn,xho_Latn,intfloat/multilingual-e5-large,0.977938638943983
spa_Latn,sun_Latn,intfloat/multilingual-e5-large,0.9779237047926511
kor_Hang,srd_Latn,microsoft/harrier-oss-v1-270m,0.9779198323090216
nya_Latn,urd_Arab,intfloat/multilingual-e5-large,0.9779154210217691
bos_Latn,tha_Thai,microsoft/harrier-oss-v1-270m,0.9779066648740053
snd_Arab,xho_Latn,intfloat/multilingual-e5-large,0.9779060392924646
fin_Latn,kan_Knda,intfloat/multilingual-e5-large,0.9778896205492701
ekk_Latn,tha_Thai,intfloat/multilingual-e5-large,0.9778711703443184
ekk_Latn,ind_Latn,intfloat/multilingual-e5-large,0.9778691726121777
hun_Latn,khk_Cyrl,intfloat/multilingual-e5-large,0.9778690596274933
kan_Knda,srp_Cyrl,intfloat/multilingual-e5-large,0.9778573503377292
guj_Gujr,tgk_Cyrl,microsoft/harrier-oss-v1-270m,0.9778549490833754
asm_Beng,cym_Latn,intfloat/multilingual-e5-large,0.9778542715672153
hat_Latn,tgk_Cyrl,microsoft/harrier-oss-v1-270m,0.9778522454863422
khm_Khmr,urd_Arab,microsoft/harrier-oss-v1-270m,0.9778348317498191
dan_Latn,gle_Latn,intfloat/multilingual-e5-large,0.9778291646240473
run_Latn,zul_Latn,microsoft/harrier-oss-v1-270m,0.97782770260467
fra_Latn,lmo_Latn,microsoft/harrier-oss-v1-270m,0.9778197346132128
afr_Latn,isl_Latn,intfloat/multilingual-e5-large,0.9778165272810062
jpn_Jpan,mkd_Cyrl,intfloat/multilingual-e5-large,0.9778101903787257
arz_Arab,swe_Latn,microsoft/harrier-oss-v1-270m,0.9777973190798199
ekk_Latn,lvs_Latn,intfloat/multilingual-e5-large,0.9777950601949836
asm_Beng,ind_Latn,microsoft/harrier-oss-v1-270m,0.9777872883694281
nno_Latn,lit_Latn,intfloat/multilingual-e5-large,0.9777770785852329
srd_Latn,kor_Hang,microsoft/harrier-oss-v1-270m,0.9777733040455372
plt_Latn,tur_Latn,microsoft/harrier-oss-v1-270m,0.9777648416681428
hat_Latn,hun_Latn,microsoft/harrier-oss-v1-270m,0.9777498154092036
gle_Latn,mal_Mlym,intfloat/multilingual-e5-large,0.9777456434331775
hun_Latn,eus_Latn,intfloat/multilingual-e5-large,0.9777368279818441
plt_Latn,urd_Arab,microsoft/harrier-oss-v1-270m,0.9777296181241493
khk_Cyrl,vie_Latn,microsoft/harrier-oss-v1-270m,0.9777123071772214
kir_Cyrl,lvs_Latn,intfloat/multilingual-e5-large,0.9777116157928266
fra_Latn,szl_Latn,intfloat/multilingual-e5-large,0.977686840907254
fin_Latn,hat_Latn,intfloat/multilingual-e5-large,0.9776791651530212
tel_Telu,ukr_Cyrl,microsoft/harrier-oss-v1-270m,0.9776461231520206
cat_Latn,lao_Laoo,intfloat/multilingual-e5-large,0.9776432509556172
lit_Latn,pbt_Arab,intfloat/multilingual-e5-large,0.9776365259842411
est_Latn,kin_Latn,microsoft/harrier-oss-v1-270m,0.9776234963982
bak_Cyrl,ell_Grek,microsoft/harrier-oss-v1-270m,0.977622146415084
kaz_Cyrl,lao_Laoo,intfloat/multilingual-e5-large,0.9776136768933401
bel_Cyrl,hat_Latn,intfloat/multilingual-e5-large,0.9776098702620182
glg_Latn,lit_Latn,microsoft/harrier-oss-v1-270m,0.9775952419063949
hat_Latn,zul_Latn,microsoft/harrier-oss-v1-270m,0.9775887482366292
mlt_Latn,vie_Latn,microsoft/harrier-oss-v1-270m,0.977583506208932
bel_Cyrl,kan_Knda,intfloat/multilingual-e5-large,0.9775746604466695
fra_Latn,nso_Latn,intfloat/multilingual-e5-large,0.977501914180827
srd_Latn,lvs_Latn,microsoft/harrier-oss-v1-270m,0.9774985380425976
fin_Latn,mya_Mymr,intfloat/multilingual-e5-large,0.9774887304181716
hye_Armn,tel_Telu,microsoft/harrier-oss-v1-270m,0.977485782564397
ell_Grek,isl_Latn,intfloat/multilingual-e5-large,0.9774755643953226
kir_Cyrl,mar_Deva,intfloat/multilingual-e5-large,0.9774711023858367
asm_Beng,bos_Latn,microsoft/harrier-oss-v1-270m,0.9774661143961769
kaz_Cyrl,lvs_Latn,intfloat/multilingual-e5-large,0.9774530007184968
lvs_Latn,tel_Telu,intfloat/multilingual-e5-large,0.9774402690214921
swe_Latn,xho_Latn,intfloat/multilingual-e5-large,0.9774138702814761
kir_Cyrl,tgk_Cyrl,microsoft/harrier-oss-v1-270m,0.9774002421575101
hrv_Latn,plt_Latn,microsoft/harrier-oss-v1-270m,0.9773985053522707
ekk_Latn,gle_Latn,intfloat/multilingual-e5-large,0.9773822733428472
asm_Beng,hrv_Latn,microsoft/harrier-oss-v1-270m,0.9773741498048634
mal_Mlym,nya_Latn,intfloat/multilingual-e5-large,0.9773701024681356
bel_Cyrl,sun_Latn,intfloat/multilingual-e5-large,0.9773530310276459
ceb_Latn,tam_Taml,microsoft/harrier-oss-v1-270m,0.9773500883432011
asm_Beng,deu_Latn,microsoft/harrier-oss-v1-270m,0.977346556190239
hin_Deva,mya_Mymr,microsoft/harrier-oss-v1-270m,0.9773438474938858
vie_Latn,xho_Latn,intfloat/multilingual-e5-large,0.977338757019816
sot_Latn,tso_Latn,intfloat/multilingual-e5-large,0.9773196891521028
arz_Arab,ces_Latn,microsoft/harrier-oss-v1-270m,0.9773186805079719
eng_Latn,lin_Latn,microsoft/harrier-oss-v1-270m,0.9773019704079423
nso_Latn,xho_Latn,intfloat/multilingual-e5-large,0.9772892482128233
swh_Latn,tam_Taml,intfloat/multilingual-e5-large,0.977285482353887
eus_Latn,tur_Latn,intfloat/multilingual-e5-large,0.9772759877815178
glg_Latn,kan_Knda,intfloat/multilingual-e5-large,0.9772719082664483
srp_Cyrl,tgk_Cyrl,microsoft/harrier-oss-v1-270m,0.9772681447117173
cym_Latn,tur_Latn,intfloat/multilingual-e5-large,0.9772571956858037
amh_Ethi,sot_Latn,intfloat/multilingual-e5-large,0.9772484424519872
mar_Deva,mya_Mymr,intfloat/multilingual-e5-large,0.9772252870635856
fin_Latn,khk_Cyrl,intfloat/multilingual-e5-large,0.9772030060594004
lvs_Latn,mya_Mymr,intfloat/multilingual-e5-large,0.9772006160705803
ell_Grek,ekk_Latn,intfloat/multilingual-e5-large,0.977194198593496
tel_Telu,tur_Latn,microsoft/harrier-oss-v1-270m,0.9771813780332226
cym_Latn,tel_Telu,intfloat/multilingual-e5-large,0.9771705074288939
awa_Deva,san_Deva,microsoft/harrier-oss-v1-270m,0.9771697347210216
asm_Beng,rus_Cyrl,microsoft/harrier-oss-v1-270m,0.9771481452933618
eus_Latn,zul_Latn,intfloat/multilingual-e5-large,0.9771462130307473
bel_Cyrl,mya_Mymr,intfloat/multilingual-e5-large,0.9771451094449962
afr_Latn,tam_Taml,microsoft/harrier-oss-v1-270m,0.9771361798650742
cym_Latn,isl_Latn,intfloat/multilingual-e5-large,0.9771348247291132
hye_Armn,tha_Thai,microsoft/harrier-oss-v1-270m,0.9771243831941581
cat_Latn,kan_Knda,intfloat/multilingual-e5-large,0.9771146339672958
ita_Latn,sna_Latn,intfloat/multilingual-e5-large,0.9770821133991815
ind_Latn,mya_Mymr,microsoft/harrier-oss-v1-270m,0.9770782018522752
pbt_Arab,vie_Latn,microsoft/harrier-oss-v1-270m,0.9770773217888461
glg_Latn,jpn_Jpan,microsoft/harrier-oss-v1-270m,0.9770553035554372
ron_Latn,xho_Latn,intfloat/multilingual-e5-large,0.9770532207228406
kir_Cyrl,slv_Latn,microsoft/harrier-oss-v1-270m,0.9770454248839215
tsn_Latn,xho_Latn,intfloat/multilingual-e5-large,0.9770442201536691
heb_Hebr,tam_Taml,intfloat/multilingual-e5-large,0.9770429126050533
kaz_Cyrl,xho_Latn,intfloat/multilingual-e5-large,0.9770186966587705
hin_Deva,khk_Cyrl,intfloat/multilingual-e5-large,0.9770156024339274
hin_Deva,lao_Laoo,intfloat/multilingual-e5-large,0.9770122810427115
epo_Latn,ibo_Latn,microsoft/harrier-oss-v1-270m,0.977011112533976
isl_Latn,kaz_Cyrl,intfloat/multilingual-e5-large,0.977008306610569
bak_Cyrl,slv_Latn,microsoft/harrier-oss-v1-270m,0.9769873138430293
slv_Latn,tel_Telu,microsoft/harrier-oss-v1-270m,0.9769837425131829
hat_Latn,plt_Latn,microsoft/harrier-oss-v1-270m,0.976971398450897
hun_Latn,ckb_Arab,microsoft/harrier-oss-v1-270m,0.9769609718575925
pbt_Arab,rus_Cyrl,microsoft/harrier-oss-v1-270m,0.9769570174988935
eus_Latn,npi_Deva,intfloat/multilingual-e5-large,0.9769560070168005
mlt_Latn,slv_Latn,microsoft/harrier-oss-v1-270m,0.9769544434439361
ces_Latn,khk_Cyrl,intfloat/multilingual-e5-large,0.9769514445620531
lvs_Latn,sun_Latn,intfloat/multilingual-e5-large,0.9769314399741158
gle_Latn,swe_Latn,microsoft/harrier-oss-v1-270m,0.9769187737738356
heb_Hebr,kan_Knda,microsoft/harrier-oss-v1-270m,0.9768980061015261
deu_Latn,szl_Latn,intfloat/multilingual-e5-large,0.9768886923182016
mkd_Cyrl,nya_Latn,intfloat/multilingual-e5-large,0.976882259662476
dan_Latn,eus_Latn,intfloat/multilingual-e5-large,0.9768714157605014
eus_Latn,guj_Gujr,intfloat/multilingual-e5-large,0.9768152664911299
isl_Latn,swh_Latn,intfloat/multilingual-e5-large,0.9768096364875276
arz_Arab,mal_Mlym,intfloat/multilingual-e5-large,0.9767976951683522
pbt_Arab,ron_Latn,microsoft/harrier-oss-v1-270m,0.9767846528708777
eus_Latn,lvs_Latn,intfloat/multilingual-e5-large,0.9767565349845393
ekk_Latn,pbt_Arab,intfloat/multilingual-e5-large,0.9767425554987
amh_Ethi,mar_Deva,microsoft/harrier-oss-v1-270m,0.9767365197836715
ben_Beng,sna_Latn,intfloat/multilingual-e5-large,0.976734870588654
dan_Latn,khm_Khmr,microsoft/harrier-oss-v1-270m,0.9767340531684559
pbt_Arab,tgk_Cyrl,microsoft/harrier-oss-v1-270m,0.9767334277110589
kaz_Cyrl,kan_Knda,intfloat/multilingual-e5-large,0.9767312153817955
ell_Grek,tel_Telu,intfloat/multilingual-e5-large,0.9767272142655941
eus_Latn,nld_Latn,intfloat/multilingual-e5-large,0.9767259650556285
ben_Beng,isl_Latn,intfloat/multilingual-e5-large,0.9767036071140835
jav_Latn,som_Latn,intfloat/multilingual-e5-large,0.9767033786256959
arz_Arab,rus_Cyrl,microsoft/harrier-oss-v1-270m,0.9766817803864263
rus_Cyrl,sun_Latn,microsoft/harrier-oss-v1-270m,0.9766698778626046
hun_Latn,mar_Deva,intfloat/multilingual-e5-large,0.9766467349984992
ell_Grek,lit_Latn,microsoft/harrier-oss-v1-270m,0.9766287731657256
cat_Latn,tel_Telu,intfloat/multilingual-e5-large,0.976625939776569
hrv_Latn,kin_Latn,microsoft/harrier-oss-v1-270m,0.9766182337513807
plt_Latn,rus_Cyrl,microsoft/harrier-oss-v1-270m,0.976612183085174
lit_Latn,dan_Latn,microsoft/harrier-oss-v1-270m,0.9766077557705319
lit_Latn,pan_Guru,intfloat/multilingual-e5-large,0.9765960569049574
asm_Beng,spa_Latn,microsoft/harrier-oss-v1-270m,0.9765950000030645
mal_Mlym,sna_Latn,intfloat/multilingual-e5-large,0.9765928910752248
hye_Armn,kan_Knda,intfloat/multilingual-e5-large,0.9765901264246339
dan_Latn,mya_Mymr,intfloat/multilingual-e5-large,0.9765891796009677
slv_Latn,tam_Taml,microsoft/harrier-oss-v1-270m,0.9765796303082288
deu_Latn,plt_Latn,microsoft/harrier-oss-v1-270m,0.9765702326903192
fra_Latn,tsn_Latn,intfloat/multilingual-e5-large,0.976556119665554
isl_Latn,tel_Telu,intfloat/multilingual-e5-large,0.9765467099572235
nld_Latn,sna_Latn,intfloat/multilingual-e5-large,0.9765400542990907
cym_Latn,mya_Mymr,intfloat/multilingual-e5-large,0.9765269967565915
kan_Knda,slk_Latn,microsoft/harrier-oss-v1-270m,0.9765182050541021
khm_Khmr,sin_Sinh,microsoft/harrier-oss-v1-270m,0.9765173693134186
gle_Latn,glg_Latn,intfloat/multilingual-e5-large,0.9765137888745177
swh_Latn,tso_Latn,intfloat/multilingual-e5-large,0.9765025533115013
sna_Latn,zho_Hant,microsoft/harrier-oss-v1-270m,0.9764966238471674
eus_Latn,mkd_Cyrl,intfloat/multilingual-e5-large,0.9764536486821408
kat_Geor,khm_Khmr,intfloat/multilingual-e5-large,0.9764443418074136
amh_Ethi,tha_Thai,microsoft/harrier-oss-v1-270m,0.9764274289356794
tso_Latn,xho_Latn,intfloat/multilingual-e5-large,0.9764213862851518
ben_Beng,kas_Arab,microsoft/harrier-oss-v1-270m,0.9764157929999916
lit_Latn,snd_Arab,intfloat/multilingual-e5-large,0.9764069172233427
srp_Cyrl,tha_Thai,intfloat/multilingual-e5-large,0.9764038611588112
kir_Cyrl,tam_Taml,intfloat/multilingual-e5-large,0.9763964818600027
hat_Latn,kat_Geor,microsoft/harrier-oss-v1-270m,0.9763930561893106
sun_Latn,war_Latn,intfloat/multilingual-e5-large,0.9763897156931478
slk_Latn,tel_Telu,intfloat/multilingual-e5-large,0.976345612247838
isl_Latn,nld_Latn,intfloat/multilingual-e5-large,0.9763185915090029
ces_Latn,plt_Latn,microsoft/harrier-oss-v1-270m,0.9763112006998083
dan_Latn,plt_Latn,microsoft/harrier-oss-v1-270m,0.9762869854573402
fin_Latn,lao_Laoo,intfloat/multilingual-e5-large,0.9762859532443382
mya_Mymr,ukr_Cyrl,microsoft/harrier-oss-v1-270m,0.9762784198038936
amh_Ethi,plt_Latn,microsoft/harrier-oss-v1-270m,0.9762673193896466
ckb_Arab,tha_Thai,microsoft/harrier-oss-v1-270m,0.9762646581466288
pag_Latn,por_Latn,microsoft/harrier-oss-v1-270m,0.9762330622416568
cat_Latn,lit_Latn,intfloat/multilingual-e5-large,0.9762166339757026
dan_Latn,sun_Latn,intfloat/multilingual-e5-large,0.9762155441022604
nya_Latn,zho_Hans,microsoft/harrier-oss-v1-270m,0.9761933434707968
ind_Latn,lit_Latn,microsoft/harrier-oss-v1-270m,0.9761913870542644
lmo_Latn,rus_Cyrl,microsoft/harrier-oss-v1-270m,0.9761901572499846
mya_Mymr,pan_Guru,microsoft/harrier-oss-v1-270m,0.9761833062033332
sun_Latn,tur_Latn,microsoft/harrier-oss-v1-270m,0.976183184107309
hye_Armn,khm_Khmr,intfloat/multilingual-e5-large,0.9761769461046894
azj_Latn,jpn_Jpan,microsoft/harrier-oss-v1-270m,0.9761767690299779
fra_Latn,kea_Latn,intfloat/multilingual-e5-large,0.976163683106416
guj_Gujr,khm_Khmr,intfloat/multilingual-e5-large,0.9761633710814837
afr_Latn,ekk_Latn,intfloat/multilingual-e5-large,0.9761614582560088
azj_Latn,gle_Latn,intfloat/multilingual-e5-large,0.9761528376122284
afr_Latn,lao_Laoo,intfloat/multilingual-e5-large,0.9761297905938335
grn_Latn,por_Latn,microsoft/harrier-oss-v1-270m,0.9761247273046472
kaz_Cyrl,mya_Mymr,intfloat/multilingual-e5-large,0.9760954295891711
bel_Cyrl,jpn_Jpan,microsoft/harrier-oss-v1-270m,0.976078789030985
asm_Beng,swe_Latn,microsoft/harrier-oss-v1-270m,0.9760673961885561
kan_Knda,uzn_Latn,intfloat/multilingual-e5-large,0.9760625777374434
ell_Grek,bak_Cyrl,microsoft/harrier-oss-v1-270m,0.9760532274240146
kan_Knda,ron_Latn,microsoft/harrier-oss-v1-270m,0.9760479613658191
glg_Latn,mlt_Latn,intfloat/multilingual-e5-large,0.9760219013356408
ces_Latn,khm_Khmr,microsoft/harrier-oss-v1-270m,0.9760190428667215
fra_Latn,lin_Latn,intfloat/multilingual-e5-large,0.9760104452293734
bak_Cyrl,dan_Latn,microsoft/harrier-oss-v1-270m,0.9760103671094595
khm_Khmr,pol_Latn,microsoft/harrier-oss-v1-270m,0.975995752946244
arz_Arab,srp_Cyrl,intfloat/multilingual-e5-large,0.9759955723402562
kin_Latn,zul_Latn,intfloat/multilingual-e5-large,0.9759839594136435
mar_Deva,slv_Latn,microsoft/harrier-oss-v1-270m,0.9759700023903781
bel_Cyrl,mlt_Latn,intfloat/multilingual-e5-large,0.9759503303594863
mya_Mymr,tha_Thai,microsoft/harrier-oss-v1-270m,0.9759448037175612
ces_Latn,sun_Latn,microsoft/harrier-oss-v1-270m,0.9759420653313038
lit_Latn,hun_Latn,microsoft/harrier-oss-v1-270m,0.9759333064785483
vec_Latn,lvs_Latn,microsoft/harrier-oss-v1-270m,0.9759285132297147
cym_Latn,fin_Latn,microsoft/harrier-oss-v1-270m,0.9759277942542586
lit_Latn,tgk_Cyrl,microsoft/harrier-oss-v1-270m,0.9759236873479423
ary_Arab,eng_Latn,microsoft/harrier-oss-v1-270m,0.9759234693265182
mar_Deva,xho_Latn,intfloat/multilingual-e5-large,0.9759034253035472
som_Latn,zul_Latn,intfloat/multilingual-e5-large,0.9759016462648148
mya_Mymr,slv_Latn,microsoft/harrier-oss-v1-270m,0.9759007577322352
nld_Latn,nso_Latn,intfloat/multilingual-e5-large,0.9758892769626146
gle_Latn,xho_Latn,intfloat/multilingual-e5-large,0.9758773001132968
bel_Cyrl,khk_Cyrl,intfloat/multilingual-e5-large,0.9758643069861175
kan_Knda,slv_Latn,microsoft/harrier-oss-v1-270m,0.975863764797396
afr_Latn,nya_Latn,intfloat/multilingual-e5-large,0.9758593482639589
azj_Latn,tam_Taml,microsoft/harrier-oss-v1-270m,0.9758540681718693
khm_Khmr,tur_Latn,microsoft/harrier-oss-v1-270m,0.9758505831092439
kaz_Cyrl,sun_Latn,intfloat/multilingual-e5-large,0.9758499934408349
plt_Latn,ron_Latn,microsoft/harrier-oss-v1-270m,0.9758422458402112
slk_Latn,mlt_Latn,microsoft/harrier-oss-v1-270m,0.9758372871519814
kir_Cyrl,sun_Latn,intfloat/multilingual-e5-large,0.9758356987585638
nld_Latn,kin_Latn,microsoft/harrier-oss-v1-270m,0.9758139274619146
ben_Beng,kin_Latn,microsoft/harrier-oss-v1-270m,0.9758023368824842
nya_Latn,xho_Latn,intfloat/multilingual-e5-large,0.975792426736869
arz_Arab,heb_Hebr,microsoft/harrier-oss-v1-270m,0.9757917289681866
eus_Latn,vie_Latn,intfloat/multilingual-e5-large,0.9757713260660124
ary_Arab,ita_Latn,microsoft/harrier-oss-v1-270m,0.9757417251045208
ibo_Latn,zho_Hans,microsoft/harrier-oss-v1-270m,0.975729335177369
afr_Latn,kan_Knda,intfloat/multilingual-e5-large,0.9757281437593925
isl_Latn,fur_Latn,intfloat/multilingual-e5-large,0.9756766602962256
est_Latn,gle_Latn,microsoft/harrier-oss-v1-270m,0.97567176213395
bho_Deva,kan_Knda,microsoft/harrier-oss-v1-270m,0.97566814843604
plt_Latn,war_Latn,microsoft/harrier-oss-v1-270m,0.9756477030788218
spa_Latn,nya_Latn,intfloat/multilingual-e5-large,0.9756453386037781
amh_Ethi,khk_Cyrl,microsoft/harrier-oss-v1-270m,0.9756351709223218
mya_Mymr,slk_Latn,microsoft/harrier-oss-v1-270m,0.9756294352678487
ekk_Latn,uzn_Latn,intfloat/multilingual-e5-large,0.9756105451823208
spa_Latn,nso_Latn,intfloat/multilingual-e5-large,0.9756064675702361
ceb_Latn,lvs_Latn,intfloat/multilingual-e5-large,0.9755812924087865
gle_Latn,guj_Gujr,intfloat/multilingual-e5-large,0.975573241930625
lvs_Latn,xho_Latn,intfloat/multilingual-e5-large,0.9755693985793865
hin_Deva,hat_Latn,intfloat/multilingual-e5-large,0.975566384013383
glg_Latn,tam_Taml,intfloat/multilingual-e5-large,0.9755605838488732
som_Latn,tgl_Latn,intfloat/multilingual-e5-large,0.9755521655188686
lvs_Latn,mlt_Latn,intfloat/multilingual-e5-large,0.9755518304612095
pol_Latn,eus_Latn,intfloat/multilingual-e5-large,0.9754931054240936
arz_Arab,cat_Latn,intfloat/multilingual-e5-large,0.9754761025731165
lit_Latn,nno_Latn,intfloat/multilingual-e5-large,0.9754523197083453
bel_Cyrl,xho_Latn,intfloat/multilingual-e5-large,0.9754428321143367
glg_Latn,tha_Thai,microsoft/harrier-oss-v1-270m,0.9754396255985331
spa_Latn,gle_Latn,intfloat/multilingual-e5-large,0.97543901890109
isl_Latn,khk_Cyrl,intfloat/multilingual-e5-large,0.9754129688774607
fra_Latn,nya_Latn,intfloat/multilingual-e5-large,0.975388077035139
kaz_Cyrl,tha_Thai,microsoft/harrier-oss-v1-270m,0.9753762766221106
ars_Arab,eus_Latn,Alibaba-NLP/gte-multilingual-base,0.9753626807974634
jav_Latn,plt_Latn,microsoft/harrier-oss-v1-270m,0.9753442983541248
deu_Latn,xho_Latn,intfloat/multilingual-e5-large,0.9753283215914472
uzn_Latn,hun_Latn,microsoft/harrier-oss-v1-270m,0.9753249388744101
ary_Arab,hin_Deva,microsoft/harrier-oss-v1-270m,0.9753229204188488
nya_Latn,sin_Sinh,intfloat/multilingual-e5-large,0.9752979743538208
ces_Latn,lao_Laoo,intfloat/multilingual-e5-large,0.9752973658239562
ces_Latn,szl_Latn,microsoft/harrier-oss-v1-270m,0.9752765996345186
xho_Latn,ita_Latn,microsoft/harrier-oss-v1-270m,0.9752652520941756
kat_Geor,lit_Latn,microsoft/harrier-oss-v1-270m,0.9752495789237232
fin_Latn,eus_Latn,intfloat/multilingual-e5-large,0.9752474699713058
swh_Latn,tel_Telu,intfloat/multilingual-e5-large,0.9752458508285105
kan_Knda,ukr_Cyrl,microsoft/harrier-oss-v1-270m,0.9752311004470833
eng_Latn,pag_Latn,microsoft/harrier-oss-v1-270m,0.9752305746231578
ind_Latn,lao_Laoo,intfloat/multilingual-e5-large,0.9752293070311084
amh_Ethi,run_Latn,microsoft/harrier-oss-v1-270m,0.9752281534890233
lvs_Latn,srd_Latn,microsoft/harrier-oss-v1-270m,0.9752276159017602
hrv_Latn,fao_Latn,intfloat/multilingual-e5-large,0.9752124751402564
slk_Latn,tha_Thai,microsoft/harrier-oss-v1-270m,0.9752107776140254
glg_Latn,khm_Khmr,intfloat/multilingual-e5-large,0.9752009805229478
cym_Latn,ekk_Latn,intfloat/multilingual-e5-large,0.975187453712044
heb_Hebr,plt_Latn,microsoft/harrier-oss-v1-270m,0.9751800325745636
hun_Latn,tha_Thai,microsoft/harrier-oss-v1-270m,0.975173827265623
apc_Arab,urd_Arab,intfloat/multilingual-e5-large,0.975171677243
fin_Latn,snd_Arab,intfloat/multilingual-e5-large,0.9751704216160779
heb_Hebr,sun_Latn,microsoft/harrier-oss-v1-270m,0.9751588165790899
ars_Arab,isl_Latn,Alibaba-NLP/gte-multilingual-base,0.9751569837167664
afr_Latn,plt_Latn,microsoft/harrier-oss-v1-270m,0.9751179097539362
plt_Latn,pol_Latn,microsoft/harrier-oss-v1-270m,0.9750608171625634
ron_Latn,sun_Latn,intfloat/multilingual-e5-large,0.9750539750682901
ind_Latn,khm_Khmr,microsoft/harrier-oss-v1-270m,0.9750516038069399
slk_Latn,jpn_Jpan,microsoft/harrier-oss-v1-270m,0.9750506865532957
ell_Grek,mlt_Latn,microsoft/harrier-oss-v1-270m,0.9750372620585896
gle_Latn,uzn_Latn,intfloat/multilingual-e5-large,0.9750175418785985
nno_Latn,jpn_Jpan,intfloat/multilingual-e5-large,0.9750173771424915
ind_Latn,plt_Latn,microsoft/harrier-oss-v1-270m,0.9750166197511241
amh_Ethi,tam_Taml,microsoft/harrier-oss-v1-270m,0.9749964836912759
khk_Cyrl,tgk_Cyrl,microsoft/harrier-oss-v1-270m,0.9749956269841336
apc_Arab,fra_Latn,microsoft/harrier-oss-v1-270m,0.9749733898982046
arz_Arab,hin_Deva,intfloat/multilingual-e5-large,0.9749591153359497
kaz_Cyrl,khm_Khmr,microsoft/harrier-oss-v1-270m,0.9749531973350465
mai_Deva,nno_Latn,microsoft/harrier-oss-v1-270m,0.9749439056401179
hun_Latn,snd_Arab,intfloat/multilingual-e5-large,0.9749329413834777
rus_Cyrl,mlt_Latn,intfloat/multilingual-e5-large,0.9748687095642135
fin_Latn,pbt_Arab,intfloat/multilingual-e5-large,0.9748413489080809
afr_Latn,tha_Thai,microsoft/harrier-oss-v1-270m,0.9748396296367615
ell_Grek,mya_Mymr,intfloat/multilingual-e5-large,0.9748372846151447
kat_Geor,sun_Latn,intfloat/multilingual-e5-large,0.9748315814562446
ast_Latn,gle_Latn,microsoft/harrier-oss-v1-270m,0.9748226370138424
fra_Latn,tir_Ethi,microsoft/harrier-oss-v1-270m,0.9748224882235395
mkd_Cyrl,tha_Thai,microsoft/harrier-oss-v1-270m,0.9748162815314122
cat_Latn,jpn_Jpan,microsoft/harrier-oss-v1-270m,0.9747929638913522
bul_Cyrl,nso_Latn,intfloat/multilingual-e5-large,0.9747900082301298
amh_Ethi,lao_Laoo,intfloat/multilingual-e5-large,0.9747712911889276
npi_Deva,nno_Latn,microsoft/harrier-oss-v1-270m,0.9747333471662876
fin_Latn,ckb_Arab,microsoft/harrier-oss-v1-270m,0.9747269633959195
khk_Cyrl,srp_Cyrl,intfloat/multilingual-e5-large,0.9747214139451625
amh_Ethi,kan_Knda,microsoft/harrier-oss-v1-270m,0.974708352055633
jav_Latn,lit_Latn,microsoft/harrier-oss-v1-270m,0.9747011631036654
eus_Latn,pol_Latn,intfloat/multilingual-e5-large,0.9746951024066832
hin_Deva,khm_Khmr,microsoft/harrier-oss-v1-270m,0.9746904714945682
mya_Mymr,swh_Latn,microsoft/harrier-oss-v1-270m,0.9746904215014455
khm_Khmr,mal_Mlym,microsoft/harrier-oss-v1-270m,0.9746766553000755
srd_Latn,xho_Latn,microsoft/harrier-oss-v1-270m,0.9746636724330906
hrv_Latn,som_Latn,intfloat/multilingual-e5-large,0.9746530024471631
sin_Sinh,som_Latn,intfloat/multilingual-e5-large,0.9746479558944228
nso_Latn,sna_Latn,intfloat/multilingual-e5-large,0.9746454203958456
plt_Latn,vie_Latn,microsoft/harrier-oss-v1-270m,0.9746169771478927
som_Latn,als_Latn,intfloat/multilingual-e5-large,0.9746087562882813
isl_Latn,xho_Latn,intfloat/multilingual-e5-large,0.9745914956352988
arb_Arab,hau_Latn,intfloat/multilingual-e5-large,0.9745906496162317
jpn_Jpan,mal_Mlym,intfloat/multilingual-e5-large,0.9745593952813003
ind_Latn,eus_Latn,intfloat/multilingual-e5-large,0.9745439177140859
nno_Latn,xho_Latn,intfloat/multilingual-e5-large,0.9745115667679718
khm_Khmr,ind_Latn,microsoft/harrier-oss-v1-270m,0.9745087577524523
pbt_Arab,slv_Latn,microsoft/harrier-oss-v1-270m,0.9745048446132383
hat_Latn,kir_Cyrl,microsoft/harrier-oss-v1-270m,0.9744963973179718
amh_Ethi,mya_Mymr,microsoft/harrier-oss-v1-270m,0.974483110998634
cym_Latn,hun_Latn,intfloat/multilingual-e5-large,0.9744473782966494
por_Latn,hau_Latn,microsoft/harrier-oss-v1-270m,0.9744463930236912
isl_Latn,mar_Deva,intfloat/multilingual-e5-large,0.9744362884043662
bul_Cyrl,sna_Latn,microsoft/harrier-oss-v1-270m,0.974430319645083
mar_Deva,tha_Thai,microsoft/harrier-oss-v1-270m,0.9744213945104709
ind_Latn,mlt_Latn,intfloat/multilingual-e5-large,0.9744057394768156
ekk_Latn,sun_Latn,intfloat/multilingual-e5-large,0.9744035455760308
hat_Latn,kan_Knda,microsoft/harrier-oss-v1-270m,0.9743893983384919
epo_Latn,som_Latn,intfloat/multilingual-e5-large,0.9743882395036908
asm_Beng,pol_Latn,microsoft/harrier-oss-v1-270m,0.9743860042060006
fin_Latn,tha_Thai,microsoft/harrier-oss-v1-270m,0.9743770831504874
cym_Latn,som_Latn,intfloat/multilingual-e5-large,0.9743484134406273
ben_Beng,ibo_Latn,intfloat/multilingual-e5-large,0.9743402918018762
plt_Latn,mal_Mlym,microsoft/harrier-oss-v1-270m,0.9743314311749856
mar_Deva,tgk_Cyrl,microsoft/harrier-oss-v1-270m,0.9743189483319342
fin_Latn,bak_Cyrl,microsoft/harrier-oss-v1-270m,0.9742902764134704
mya_Mymr,npi_Deva,intfloat/multilingual-e5-large,0.97427750435206
khm_Khmr,ukr_Cyrl,microsoft/harrier-oss-v1-270m,0.9742708405612734
mar_Deva,sun_Latn,intfloat/multilingual-e5-large,0.974252375153252
sot_Latn,ssw_Latn,intfloat/multilingual-e5-large,0.9742473300654069
spa_Latn,sna_Latn,intfloat/multilingual-e5-large,0.9742330983370022
glg_Latn,sun_Latn,intfloat/multilingual-e5-large,0.9742215495118668
arz_Arab,ukr_Cyrl,microsoft/harrier-oss-v1-270m,0.9742185817263971
fin_Latn,sun_Latn,intfloat/multilingual-e5-large,0.9741855713835087
jpn_Jpan,srd_Latn,microsoft/harrier-oss-v1-270m,0.9741840340160498
eus_Latn,sun_Latn,intfloat/multilingual-e5-large,0.9741801965049691
bho_Deva,tam_Taml,microsoft/harrier-oss-v1-270m,0.9741727539385234
amh_Ethi,kin_Latn,microsoft/harrier-oss-v1-270m,0.9741540728016997
pbt_Arab,tam_Taml,intfloat/multilingual-e5-large,0.9741208562831172
isl_Latn,mlt_Latn,intfloat/multilingual-e5-large,0.9741124174980023
hrv_Latn,ibo_Latn,intfloat/multilingual-e5-large,0.9740892774316322
gle_Latn,ita_Latn,microsoft/harrier-oss-v1-270m,0.9740699471978607
lit_Latn,swh_Latn,intfloat/multilingual-e5-large,0.9740552794954402
hun_Latn,khm_Khmr,intfloat/multilingual-e5-large,0.974049084322012
smo_Latn,sun_Latn,microsoft/harrier-oss-v1-270m,0.9740325973581224
cat_Latn,mlt_Latn,intfloat/multilingual-e5-large,0.9740046657334265
guj_Gujr,jpn_Jpan,microsoft/harrier-oss-v1-270m,0.9739950480770746
uzn_Latn,fin_Latn,microsoft/harrier-oss-v1-270m,0.9739816423565608
hin_Deva,lit_Latn,microsoft/harrier-oss-v1-270m,0.9739674236023835
nno_Latn,tgk_Cyrl,microsoft/harrier-oss-v1-270m,0.9739367931005688
gle_Latn,hrv_Latn,intfloat/multilingual-e5-large,0.9739321041718698
kor_Hang,eus_Latn,Alibaba-NLP/gte-multilingual-base,0.9739222769868184
hin_Deva,plt_Latn,microsoft/harrier-oss-v1-270m,0.9739091364086498
spa_Latn,tsn_Latn,intfloat/multilingual-e5-large,0.9739069221172871
guj_Gujr,hun_Latn,microsoft/harrier-oss-v1-270m,0.9739034437967049
jpn_Jpan,kaz_Cyrl,microsoft/harrier-oss-v1-270m,0.9738880876654574
isl_Latn,tur_Latn,intfloat/multilingual-e5-large,0.9738821439711738
xho_Latn,pol_Latn,microsoft/harrier-oss-v1-270m,0.9738790688358174
asm_Beng,ces_Latn,microsoft/harrier-oss-v1-270m,0.973873122506763
arz_Arab,mkd_Cyrl,intfloat/multilingual-e5-large,0.9738725491530211
snd_Arab,ukr_Cyrl,microsoft/harrier-oss-v1-270m,0.9738691038729339
som_Latn,urd_Arab,intfloat/multilingual-e5-large,0.9738684019878544
bel_Cyrl,gle_Latn,intfloat/multilingual-e5-large,0.9738521281722536
hye_Armn,jpn_Jpan,microsoft/harrier-oss-v1-270m,0.9738407772898459
plt_Latn,slk_Latn,microsoft/harrier-oss-v1-270m,0.9738323078393709
jpn_Jpan,ukr_Cyrl,microsoft/harrier-oss-v1-270m,0.9738081190503598
arz_Arab,ron_Latn,microsoft/harrier-oss-v1-270m,0.9738032127253763
ary_Arab,fra_Latn,microsoft/harrier-oss-v1-270m,0.973797548565432
gle_Latn,swh_Latn,intfloat/multilingual-e5-large,0.9737918628962947
plt_Latn,ukr_Cyrl,microsoft/harrier-oss-v1-270m,0.9737713219630246
deu_Latn,sna_Latn,microsoft/harrier-oss-v1-270m,0.9737697002345141
pol_Latn,xho_Latn,intfloat/multilingual-e5-large,0.9737687416224834
heb_Hebr,xho_Latn,intfloat/multilingual-e5-large,0.9737412544838504
pbt_Arab,ukr_Cyrl,microsoft/harrier-oss-v1-270m,0.9737391936540054
asm_Beng,dan_Latn,microsoft/harrier-oss-v1-270m,0.973736064046105
slv_Latn,jpn_Jpan,microsoft/harrier-oss-v1-270m,0.9737334833453046
afr_Latn,khm_Khmr,microsoft/harrier-oss-v1-270m,0.9737331595528529
eng_Latn,som_Latn,intfloat/multilingual-e5-large,0.9737291365576723
ary_Arab,rus_Cyrl,microsoft/harrier-oss-v1-270m,0.9737213226017492
hin_Deva,xho_Latn,intfloat/multilingual-e5-large,0.9737192547020984
afr_Latn,nso_Latn,intfloat/multilingual-e5-large,0.9736956799002348
ell_Grek,eus_Latn,intfloat/multilingual-e5-large,0.9736933517723385
ben_Beng,ilo_Latn,microsoft/harrier-oss-v1-270m,0.9736677017405875
eus_Latn,rus_Cyrl,intfloat/multilingual-e5-large,0.9736676686482619
lin_Latn,sot_Latn,intfloat/multilingual-e5-large,0.9736118738486854
isl_Latn,sun_Latn,intfloat/multilingual-e5-large,0.9735970660575674
snd_Arab,slk_Latn,microsoft/harrier-oss-v1-270m,0.9735949289924231
deu_Latn,tsn_Latn,microsoft/harrier-oss-v1-270m,0.973579173101492
jpn_Jpan,dan_Latn,microsoft/harrier-oss-v1-270m,0.9735657777591521
hat_Latn,tha_Thai,microsoft/harrier-oss-v1-270m,0.9735425278859646
szl_Latn,rus_Cyrl,microsoft/harrier-oss-v1-270m,0.9735130969946135
uzn_Latn,xho_Latn,intfloat/multilingual-e5-large,0.9735070837569255
lao_Laoo,mal_Mlym,intfloat/multilingual-e5-large,0.9734946294150999
fra_Latn,lij_Latn,microsoft/harrier-oss-v1-270m,0.9734886948265543
cym_Latn,kan_Knda,intfloat/multilingual-e5-large,0.9734832084578382
kin_Latn,sin_Sinh,intfloat/multilingual-e5-large,0.9734522221094992
khm_Khmr,mkd_Cyrl,microsoft/harrier-oss-v1-270m,0.973450169328246
sna_Latn,swh_Latn,intfloat/multilingual-e5-large,0.9734458191632499
hin_Deva,sun_Latn,intfloat/multilingual-e5-large,0.9734444330848502
nld_Latn,nya_Latn,intfloat/multilingual-e5-large,0.97343716373017
gle_Latn,zsm_Latn,intfloat/multilingual-e5-large,0.9734234491963617
isl_Latn,oci_Latn,Alibaba-NLP/gte-multilingual-base,0.973423299890243
hat_Latn,tel_Telu,microsoft/harrier-oss-v1-270m,0.9734179556056418
xho_Latn,nld_Latn,microsoft/harrier-oss-v1-270m,0.9734144741404743
afr_Latn,lit_Latn,microsoft/harrier-oss-v1-270m,0.9733890762324189
ary_Arab,deu_Latn,microsoft/harrier-oss-v1-270m,0.9733842035891526
spa_Latn,lin_Latn,intfloat/multilingual-e5-large,0.9733801258250784
khm_Khmr,slv_Latn,microsoft/harrier-oss-v1-270m,0.9733780890716529
fin_Latn,mlt_Latn,microsoft/harrier-oss-v1-270m,0.9733694887286897
ell_Grek,khm_Khmr,microsoft/harrier-oss-v1-270m,0.9733615664920693
azj_Latn,mya_Mymr,intfloat/multilingual-e5-large,0.973349048203014
jpn_Jpan,npi_Deva,intfloat/multilingual-e5-large,0.9733358074451707
sun_Latn,swh_Latn,intfloat/multilingual-e5-large,0.9732929621612952
isl_Latn,kir_Cyrl,intfloat/multilingual-e5-large,0.9732904447291058
hye_Armn,plt_Latn,microsoft/harrier-oss-v1-270m,0.9732893749535423
pbt_Arab,srp_Cyrl,intfloat/multilingual-e5-large,0.9732805874143984
kat_Geor,xho_Latn,intfloat/multilingual-e5-large,0.973251961559909
xho_Latn,fra_Latn,intfloat/multilingual-e5-large,0.973250570464333
isl_Latn,lao_Laoo,intfloat/multilingual-e5-large,0.9732153491454307
ary_Arab,ind_Latn,microsoft/harrier-oss-v1-270m,0.97320616492723
bul_Cyrl,kin_Latn,microsoft/harrier-oss-v1-270m,0.973182298271268
kat_Geor,mya_Mymr,intfloat/multilingual-e5-large,0.9731711098027529
arb_Arab,lin_Latn,microsoft/harrier-oss-v1-270m,0.9731701140305798
kin_Latn,sot_Latn,intfloat/multilingual-e5-large,0.973159788903567
azj_Latn,mlt_Latn,microsoft/harrier-oss-v1-270m,0.9731456119688948
mar_Deva,nno_Latn,microsoft/harrier-oss-v1-270m,0.9731274357948874
azj_Latn,sun_Latn,intfloat/multilingual-e5-large,0.9731224129917462
deu_Latn,nso_Latn,intfloat/multilingual-e5-large,0.9731111288431498
jpn_Jpan,lvs_Latn,intfloat/multilingual-e5-large,0.9730899837740372
mya_Mymr,tgk_Cyrl,microsoft/harrier-oss-v1-270m,0.9730839344795317
ces_Latn,snd_Arab,intfloat/multilingual-e5-large,0.9730729405666281
khm_Khmr,ron_Latn,microsoft/harrier-oss-v1-270m,0.9730645793943824
ita_Latn,ilo_Latn,microsoft/harrier-oss-v1-270m,0.9730632187501504
spa_Latn,kea_Latn,intfloat/multilingual-e5-large,0.9730617015688758
ibo_Latn,tgl_Latn,intfloat/multilingual-e5-large,0.9730444675963175
hat_Latn,mar_Deva,microsoft/harrier-oss-v1-270m,0.9730236353275081
tam_Taml,xho_Latn,intfloat/multilingual-e5-large,0.9730202286702486
sna_Latn,tsn_Latn,intfloat/multilingual-e5-large,0.9730178579614142
amh_Ethi,nno_Latn,microsoft/harrier-oss-v1-270m,0.9730068501257467
asm_Beng,ron_Latn,microsoft/harrier-oss-v1-270m,0.973002707398816
guj_Gujr,tha_Thai,microsoft/harrier-oss-v1-270m,0.9729898176455957
run_Latn,xho_Latn,intfloat/multilingual-e5-large,0.9729842154565244
bul_Cyrl,nya_Latn,intfloat/multilingual-e5-large,0.9729722788356907
arz_Arab,slv_Latn,microsoft/harrier-oss-v1-270m,0.9729395410257013
xho_Latn,swe_Latn,microsoft/harrier-oss-v1-270m,0.972901854135114
hat_Latn,xho_Latn,intfloat/multilingual-e5-large,0.9728843103629632
hun_Latn,sun_Latn,intfloat/multilingual-e5-large,0.9728826474210854
pbt_Arab,slk_Latn,microsoft/harrier-oss-v1-270m,0.9728656077526421
ary_Arab,bos_Latn,microsoft/harrier-oss-v1-270m,0.9728642953366744
guj_Gujr,xho_Latn,intfloat/multilingual-e5-large,0.9728406720145526
rus_Cyrl,xho_Latn,intfloat/multilingual-e5-large,0.9728197528613076
hin_Deva,isl_Latn,intfloat/multilingual-e5-large,0.9728192906100378
eus_Latn,swh_Latn,intfloat/multilingual-e5-large,0.9728092546760636
amh_Ethi,nso_Latn,intfloat/multilingual-e5-large,0.9728090404508538
bos_Latn,kin_Latn,microsoft/harrier-oss-v1-270m,0.9728081800604602
ces_Latn,mya_Mymr,microsoft/harrier-oss-v1-270m,0.9728063584068936
plt_Latn,mkd_Cyrl,microsoft/harrier-oss-v1-270m,0.9728046779529544
arz_Arab,dan_Latn,microsoft/harrier-oss-v1-270m,0.972789711534447
cat_Latn,tha_Thai,microsoft/harrier-oss-v1-270m,0.9727864783565867
isl_Latn,kan_Knda,intfloat/multilingual-e5-large,0.9727658982696719
ita_Latn,kin_Latn,microsoft/harrier-oss-v1-270m,0.9727657026942458
lao_Laoo,zho_Hans,microsoft/harrier-oss-v1-270m,0.9727600332399348
plt_Latn,slv_Latn,microsoft/harrier-oss-v1-270m,0.9727509466986155
arb_Arab,som_Latn,intfloat/multilingual-e5-large,0.9727373287348704
guj_Gujr,nno_Latn,microsoft/harrier-oss-v1-270m,0.9727104243256826
nya_Latn,sot_Latn,intfloat/multilingual-e5-large,0.9727037613733018
ary_Arab,bul_Cyrl,microsoft/harrier-oss-v1-270m,0.9726899055702646
cym_Latn,plt_Latn,microsoft/harrier-oss-v1-270m,0.9726885953458393
khk_Cyrl,slv_Latn,microsoft/harrier-oss-v1-270m,0.9726846487496883
gle_Latn,pol_Latn,microsoft/harrier-oss-v1-270m,0.9726555488439739
fao_Latn,por_Latn,microsoft/harrier-oss-v1-270m,0.9726454111566172
nso_Latn,swh_Latn,intfloat/multilingual-e5-large,0.9726434412083491
kat_Geor,tha_Thai,microsoft/harrier-oss-v1-270m,0.9726388428965006
est_Latn,ilo_Latn,microsoft/harrier-oss-v1-270m,0.9726278200462982
hat_Latn,lit_Latn,microsoft/harrier-oss-v1-270m,0.9725864870853689
ary_Arab,spa_Latn,microsoft/harrier-oss-v1-270m,0.9725838389206714
eng_Latn,ibo_Latn,microsoft/harrier-oss-v1-270m,0.9725749961100232
apc_Arab,ita_Latn,microsoft/harrier-oss-v1-270m,0.9725710813789787
afr_Latn,run_Latn,microsoft/harrier-oss-v1-270m,0.9725266786902164
ary_Arab,ron_Latn,microsoft/harrier-oss-v1-270m,0.9725247198038802
ary_Arab,dan_Latn,microsoft/harrier-oss-v1-270m,0.972522361387749
mar_Deva,nya_Latn,intfloat/multilingual-e5-large,0.9725181828897889
asm_Beng,ukr_Cyrl,microsoft/harrier-oss-v1-270m,0.9724996168529261
fra_Latn,sna_Latn,intfloat/multilingual-e5-large,0.972485370659423
swh_Latn,tha_Thai,microsoft/harrier-oss-v1-270m,0.9724765884382023
arz_Arab,mar_Deva,intfloat/multilingual-e5-large,0.9724706367005389
por_Latn,som_Latn,microsoft/harrier-oss-v1-270m,0.9724668018114312
ekk_Latn,tam_Taml,intfloat/multilingual-e5-large,0.9724609398149494
ekk_Latn,plt_Latn,intfloat/multilingual-e5-large,0.9724530953763814
jpn_Jpan,slv_Latn,microsoft/harrier-oss-v1-270m,0.9724509848443036
mya_Mymr,tam_Taml,microsoft/harrier-oss-v1-270m,0.9724424265902765
guj_Gujr,lit_Latn,microsoft/harrier-oss-v1-270m,0.9724368553933735
lao_Laoo,zho_Hant,microsoft/harrier-oss-v1-270m,0.9724160409598128
eus_Latn,swe_Latn,intfloat/multilingual-e5-large,0.9724137582301566
hun_Latn,mlt_Latn,intfloat/multilingual-e5-large,0.9724016907888994
ekk_Latn,guj_Gujr,intfloat/multilingual-e5-large,0.9723982237026384
gle_Latn,kor_Hang,microsoft/harrier-oss-v1-270m,0.9723547881201688
jpn_Jpan,nno_Latn,intfloat/multilingual-e5-large,0.9723384757740086
hat_Latn,khm_Khmr,microsoft/harrier-oss-v1-270m,0.9723341814322317
hau_Latn,tgl_Latn,intfloat/multilingual-e5-large,0.9723306639009437
ilo_Latn,ita_Latn,microsoft/harrier-oss-v1-270m,0.9723245516798522
ell_Grek,sun_Latn,intfloat/multilingual-e5-large,0.9723235370577186
san_Deva,snd_Arab,intfloat/multilingual-e5-large,0.9723225780610326
spa_Latn,lmo_Latn,microsoft/harrier-oss-v1-270m,0.9723131851820837
lit_Latn,mar_Deva,intfloat/multilingual-e5-large,0.9722850071373268
cym_Latn,nno_Latn,microsoft/harrier-oss-v1-270m,0.9722809252918264
lit_Latn,khk_Cyrl,intfloat/multilingual-e5-large,0.972276959020649
arz_Arab,ind_Latn,microsoft/harrier-oss-v1-270m,0.9722370241546516
eus_Latn,hin_Deva,intfloat/multilingual-e5-large,0.9722218280342079
lit_Latn,zul_Latn,intfloat/multilingual-e5-large,0.9722048028829234
khk_Cyrl,ron_Latn,microsoft/harrier-oss-v1-270m,0.9721941038260271
glg_Latn,mya_Mymr,intfloat/multilingual-e5-large,0.9721880617561994
afr_Latn,mya_Mymr,intfloat/multilingual-e5-large,0.972186031884796
kir_Cyrl,uig_Arab,intfloat/multilingual-e5-large,0.9721810595080872
ceb_Latn,pag_Latn,microsoft/harrier-oss-v1-270m,0.9721694897342734
snd_Arab,tur_Latn,microsoft/harrier-oss-v1-270m,0.9721661447359603
hye_Armn,lvs_Latn,intfloat/multilingual-e5-large,0.9721661060185388
ceb_Latn,eus_Latn,intfloat/multilingual-e5-large,0.972135129705991
tha_Thai,uzn_Latn,microsoft/harrier-oss-v1-270m,0.9721329196980839
pan_Guru,tha_Thai,microsoft/harrier-oss-v1-270m,0.9721320802011453
kin_Latn,swh_Latn,intfloat/multilingual-e5-large,0.9721289869440889
deu_Latn,lmo_Latn,microsoft/harrier-oss-v1-270m,0.9721196430260246
eus_Latn,hne_Deva,intfloat/multilingual-e5-large,0.9721040979036963
eus_Latn,deu_Latn,intfloat/multilingual-e5-large,0.972098750699648
srd_Latn,lit_Latn,microsoft/harrier-oss-v1-270m,0.9720913811113592
ind_Latn,sna_Latn,intfloat/multilingual-e5-large,0.9720824079815953
lmo_Latn,pol_Latn,microsoft/harrier-oss-v1-270m,0.9720783422565524
rus_Cyrl,sna_Latn,intfloat/multilingual-e5-large,0.9720687005891028
ell_Grek,plt_Latn,microsoft/harrier-oss-v1-270m,0.9720615000537749
est_Latn,xho_Latn,microsoft/harrier-oss-v1-270m,0.9720462530830128
nya_Latn,sna_Latn,intfloat/multilingual-e5-large,0.9720360442260159
jpn_Jpan,slk_Latn,microsoft/harrier-oss-v1-270m,0.9720304094486518
jpn_Jpan,kan_Knda,microsoft/harrier-oss-v1-270m,0.9720100783871028
tel_Telu,tgk_Cyrl,microsoft/harrier-oss-v1-270m,0.9719849272874679
mlt_Latn,srp_Cyrl,microsoft/harrier-oss-v1-270m,0.9719706099143957
asm_Beng,san_Deva,intfloat/multilingual-e5-large,0.9719658870690658
lin_Latn,swh_Latn,microsoft/harrier-oss-v1-270m,0.9719628365588676
cym_Latn,eus_Latn,intfloat/multilingual-e5-large,0.9719584363031863
sun_Latn,ukr_Cyrl,microsoft/harrier-oss-v1-270m,0.9719140150748018
amh_Ethi,sna_Latn,microsoft/harrier-oss-v1-270m,0.9719026766037858
arz_Arab,lvs_Latn,intfloat/multilingual-e5-large,0.9719019478938197
ekk_Latn,xho_Latn,intfloat/multilingual-e5-large,0.9718939051801408
jpn_Jpan,mar_Deva,microsoft/harrier-oss-v1-270m,0.9718635057264392
tha_Thai,zul_Latn,microsoft/harrier-oss-v1-270m,0.9718618032559208
ita_Latn,som_Latn,intfloat/multilingual-e5-large,0.9718578900972785
spa_Latn,lij_Latn,microsoft/harrier-oss-v1-270m,0.9718484288337221
fin_Latn,plt_Latn,microsoft/harrier-oss-v1-270m,0.9718033537428468
fur_Latn,xho_Latn,microsoft/harrier-oss-v1-270m,0.9718032269662704
hye_Armn,xho_Latn,intfloat/multilingual-e5-large,0.9717905664617841
kin_Latn,ita_Latn,microsoft/harrier-oss-v1-270m,0.9717757064300498
glg_Latn,isl_Latn,intfloat/multilingual-e5-large,0.9717640279996624
gle_Latn,mkd_Cyrl,microsoft/harrier-oss-v1-270m,0.9717546125760019
plt_Latn,srp_Cyrl,microsoft/harrier-oss-v1-270m,0.9717422139323262
eng_Latn,fao_Latn,intfloat/multilingual-e5-large,0.9717390994008976
ell_Grek,xho_Latn,intfloat/multilingual-e5-large,0.971659079262443
slv_Latn,sun_Latn,microsoft/harrier-oss-v1-270m,0.9716391907519522
cat_Latn,sna_Latn,intfloat/multilingual-e5-large,0.9716328353282215
guj_Gujr,lvs_Latn,intfloat/multilingual-e5-large,0.9716185158496311
isl_Latn,pol_Latn,intfloat/multilingual-e5-large,0.9716168747782967
ary_Arab,por_Latn,Alibaba-NLP/gte-multilingual-base,0.971615063877584
kaz_Cyrl,plt_Latn,microsoft/harrier-oss-v1-270m,0.9716049992026252
ben_Beng,som_Latn,intfloat/multilingual-e5-large,0.9715957929675524
hun_Latn,xho_Latn,intfloat/multilingual-e5-large,0.9715792126580275
eus_Latn,tam_Taml,intfloat/multilingual-e5-large,0.97156148191537
heb_Hebr,eus_Latn,intfloat/multilingual-e5-large,0.9715459050897222
isl_Latn,pbt_Arab,intfloat/multilingual-e5-large,0.971522036119475
kir_Cyrl,lit_Latn,microsoft/harrier-oss-v1-270m,0.9714992115455418
ary_Arab,zsm_Latn,Alibaba-NLP/gte-multilingual-base,0.97146790469598
eus_Latn,slk_Latn,intfloat/multilingual-e5-large,0.9714172960236582
eus_Latn,ind_Latn,intfloat/multilingual-e5-large,0.9713948670260821
afr_Latn,lin_Latn,intfloat/multilingual-e5-large,0.9713911077983239
kaz_Cyrl,nno_Latn,microsoft/harrier-oss-v1-270m,0.9713769961520093
khk_Cyrl,tel_Telu,intfloat/multilingual-e5-large,0.9713606159339212
isl_Latn,tam_Taml,intfloat/multilingual-e5-large,0.9713586204557338
mya_Mymr,tel_Telu,microsoft/harrier-oss-v1-270m,0.9713556199995365
gle_Latn,mlt_Latn,intfloat/multilingual-e5-large,0.9713530624823856
ltz_Latn,xho_Latn,intfloat/multilingual-e5-large,0.9713444453904798
arz_Arab,slk_Latn,microsoft/harrier-oss-v1-270m,0.9713400395153654
hin_Deva,nya_Latn,intfloat/multilingual-e5-large,0.9713373965454418
khm_Khmr,pan_Guru,microsoft/harrier-oss-v1-270m,0.971335365146683
nld_Latn,ilo_Latn,microsoft/harrier-oss-v1-270m,0.9713309857585333
spa_Latn,szl_Latn,intfloat/multilingual-e5-large,0.9713253144710305
bul_Cyrl,ilo_Latn,microsoft/harrier-oss-v1-270m,0.971315528728895
amh_Ethi,sun_Latn,intfloat/multilingual-e5-large,0.9713078378378548
khm_Khmr,swh_Latn,microsoft/harrier-oss-v1-270m,0.9712938556727819
tam_Taml,tha_Thai,microsoft/harrier-oss-v1-270m,0.9712567461971513
khm_Khmr,slk_Latn,microsoft/harrier-oss-v1-270m,0.9712480197281059
snd_Arab,slv_Latn,microsoft/harrier-oss-v1-270m,0.9712312397208451
slk_Latn,eus_Latn,intfloat/multilingual-e5-large,0.9712069195991432
afr_Latn,asm_Beng,intfloat/multilingual-e5-large,0.9711679065710608
hye_Armn,sun_Latn,intfloat/multilingual-e5-large,0.9711649363689396
mal_Mlym,som_Latn,intfloat/multilingual-e5-large,0.9711223518654015
nya_Latn,tsn_Latn,intfloat/multilingual-e5-large,0.9711090820047397
tam_Taml,tgk_Cyrl,microsoft/harrier-oss-v1-270m,0.9710977756825351
gle_Latn,ron_Latn,microsoft/harrier-oss-v1-270m,0.9710657639819296
apc_Arab,rus_Cyrl,microsoft/harrier-oss-v1-270m,0.971054829402995
hun_Latn,bak_Cyrl,microsoft/harrier-oss-v1-270m,0.9710517529685008
eus_Latn,snd_Arab,intfloat/multilingual-e5-large,0.9710409634069503
bel_Cyrl,isl_Latn,intfloat/multilingual-e5-large,0.9710289490806974
ukr_Cyrl,xho_Latn,intfloat/multilingual-e5-large,0.9710263669181156
arz_Arab,ell_Grek,microsoft/harrier-oss-v1-270m,0.9710093482447351
afr_Latn,eus_Latn,intfloat/multilingual-e5-large,0.9709948341086523
jpn_Jpan,tha_Thai,microsoft/harrier-oss-v1-270m,0.9709903280060408
som_Latn,sot_Latn,intfloat/multilingual-e5-large,0.9709714427217944
deu_Latn,nya_Latn,intfloat/multilingual-e5-large,0.9709646738365969
ces_Latn,gle_Latn,microsoft/harrier-oss-v1-270m,0.9709388985687519
eng_Latn,uig_Arab,intfloat/multilingual-e5-large,0.970933169769554
eng_Latn,kas_Arab,microsoft/harrier-oss-v1-270m,0.9709248101126444
afr_Latn,sna_Latn,intfloat/multilingual-e5-large,0.9708928576107988
lit_Latn,mlt_Latn,intfloat/multilingual-e5-large,0.9708781646861003
asm_Beng,heb_Hebr,microsoft/harrier-oss-v1-270m,0.9708705958763494
eus_Latn,ell_Grek,intfloat/multilingual-e5-large,0.9708041168923933
ary_Arab,tur_Latn,microsoft/harrier-oss-v1-270m,0.9708018738510118
epo_Latn,hau_Latn,intfloat/multilingual-e5-large,0.9707729793653144
khk_Cyrl,mar_Deva,intfloat/multilingual-e5-large,0.9707706328319219
tel_Telu,xho_Latn,intfloat/multilingual-e5-large,0.9707689232055234
npi_Deva,tha_Thai,microsoft/harrier-oss-v1-270m,0.9707611567503751
cat_Latn,nya_Latn,intfloat/multilingual-e5-large,0.9707599547697898
kin_Latn,nld_Latn,microsoft/harrier-oss-v1-270m,0.9707524826703162
lin_Latn,ita_Latn,microsoft/harrier-oss-v1-270m,0.9707357018051233
xho_Latn,spa_Latn,microsoft/harrier-oss-v1-270m,0.970735464218001
ary_Arab,zho_Hans,microsoft/harrier-oss-v1-270m,0.9707105346824306
eng_Latn,fij_Latn,microsoft/harrier-oss-v1-270m,0.970707248943415
ary_Arab,nld_Latn,microsoft/harrier-oss-v1-270m,0.970703266905896
eus_Latn,gle_Latn,intfloat/multilingual-e5-large,0.9706727337635344
lvs_Latn,nya_Latn,intfloat/multilingual-e5-large,0.970651831661359
asm_Beng,xho_Latn,intfloat/multilingual-e5-large,0.9705859552145282
azj_Latn,xho_Latn,intfloat/multilingual-e5-large,0.9705853033520946
eus_Latn,est_Latn,intfloat/multilingual-e5-large,0.970561933828261
slk_Latn,sun_Latn,microsoft/harrier-oss-v1-270m,0.9705591555208652
ces_Latn,kin_Latn,microsoft/harrier-oss-v1-270m,0.970542035862344
kan_Knda,mkd_Cyrl,intfloat/multilingual-e5-large,0.9705288619858055
ron_Latn,sna_Latn,intfloat/multilingual-e5-large,0.9705037395812521
khk_Cyrl,tam_Taml,intfloat/multilingual-e5-large,0.9705014125355103
plt_Latn,npi_Deva,microsoft/harrier-oss-v1-270m,0.9704877944338415
jpn_Jpan,tam_Taml,microsoft/harrier-oss-v1-270m,0.9704511900812706
eus_Latn,xho_Latn,intfloat/multilingual-e5-large,0.9704472206334216
slv_Latn,xho_Latn,intfloat/multilingual-e5-large,0.9704449911430542
cym_Latn,lit_Latn,microsoft/harrier-oss-v1-270m,0.9704316613633266
kan_Knda,tha_Thai,microsoft/harrier-oss-v1-270m,0.9704263480530787
sun_Latn,xho_Latn,intfloat/multilingual-e5-large,0.9703939786061713
ekk_Latn,eus_Latn,intfloat/multilingual-e5-large,0.9703914483276624
hin_Deva,mlt_Latn,intfloat/multilingual-e5-large,0.9703608714485861
ary_Arab,nob_Latn,Alibaba-NLP/gte-multilingual-base,0.970355144817556
amh_Ethi,jpn_Jpan,microsoft/harrier-oss-v1-270m,0.9703547511802288
slk_Latn,xho_Latn,intfloat/multilingual-e5-large,0.9703071548594511
szl_Latn,tur_Latn,microsoft/harrier-oss-v1-270m,0.9703063369872653
hau_Latn,nob_Latn,microsoft/harrier-oss-v1-270m,0.9703026615926424
jpn_Jpan,tel_Telu,intfloat/multilingual-e5-large,0.9702880569255572
kan_Knda,mya_Mymr,intfloat/multilingual-e5-large,0.9702723925303588
lin_Latn,nso_Latn,intfloat/multilingual-e5-large,0.9702689575444823
deu_Latn,kea_Latn,microsoft/harrier-oss-v1-270m,0.9702488362381798
ell_Grek,gle_Latn,intfloat/multilingual-e5-large,0.9702484509758007
ind_Latn,ace_Latn,microsoft/harrier-oss-v1-270m,0.9702413905964936
jpn_Jpan,pan_Guru,intfloat/multilingual-e5-large,0.9702382692995356
asm_Beng,slk_Latn,microsoft/harrier-oss-v1-270m,0.9702336484284673
ces_Latn,xho_Latn,intfloat/multilingual-e5-large,0.9702233635733464
fra_Latn,ilo_Latn,microsoft/harrier-oss-v1-270m,0.970218983100447
jpn_Jpan,jav_Latn,microsoft/harrier-oss-v1-270m,0.9702118259046464
swh_Latn,tir_Ethi,microsoft/harrier-oss-v1-270m,0.9701875388162859
fra_Latn,som_Latn,intfloat/multilingual-e5-large,0.9701538654226984
ekk_Latn,khk_Cyrl,intfloat/multilingual-e5-large,0.9701398852082476
cat_Latn,plt_Latn,microsoft/harrier-oss-v1-270m,0.970129889340696
ilo_Latn,fra_Latn,microsoft/harrier-oss-v1-270m,0.9701163103083759
eus_Latn,kan_Knda,intfloat/multilingual-e5-large,0.970112147254748
khk_Cyrl,slk_Latn,microsoft/harrier-oss-v1-270m,0.9700746514582517
kir_Cyrl,mya_Mymr,intfloat/multilingual-e5-large,0.9700561416948668
bak_Cyrl,fin_Latn,microsoft/harrier-oss-v1-270m,0.9700370130824298
lmo_Latn,nld_Latn,microsoft/harrier-oss-v1-270m,0.9700353195506088
dan_Latn,kin_Latn,microsoft/harrier-oss-v1-270m,0.9700083303208729
afr_Latn,jpn_Jpan,microsoft/harrier-oss-v1-270m,0.9699333010138669
fin_Latn,khm_Khmr,intfloat/multilingual-e5-large,0.9699240874272511
hun_Latn,sna_Latn,intfloat/multilingual-e5-large,0.9699156602649974
lin_Latn,tsn_Latn,intfloat/multilingual-e5-large,0.9699118887352336
hat_Latn,sun_Latn,intfloat/multilingual-e5-large,0.9699086088659483
apc_Arab,ben_Beng,microsoft/harrier-oss-v1-270m,0.9698779162898699
xho_Latn,ron_Latn,microsoft/harrier-oss-v1-270m,0.9698279610691238
mya_Mymr,srp_Cyrl,microsoft/harrier-oss-v1-270m,0.9698234374656517
ben_Beng,eus_Latn,intfloat/multilingual-e5-large,0.9697763438395749
apc_Arab,spa_Latn,microsoft/harrier-oss-v1-270m,0.9697695122992761
eus_Latn,mlt_Latn,intfloat/multilingual-e5-large,0.9697678878065368
som_Latn,xho_Latn,intfloat/multilingual-e5-large,0.9697520980580197
ekk_Latn,mar_Deva,intfloat/multilingual-e5-large,0.9697224732319082
hau_Latn,als_Latn,intfloat/multilingual-e5-large,0.969691307180718
apc_Arab,bos_Latn,intfloat/multilingual-e5-large,0.9696771296868227
isl_Latn,slv_Latn,intfloat/multilingual-e5-large,0.9696734268196259
tel_Telu,tha_Thai,microsoft/harrier-oss-v1-270m,0.9696642883140016
mlt_Latn,lit_Latn,microsoft/harrier-oss-v1-270m,0.969657227573959
isl_Latn,ind_Latn,intfloat/multilingual-e5-large,0.9696560767469583
apc_Arab,pol_Latn,microsoft/harrier-oss-v1-270m,0.9696396626508827
ary_Arab,epo_Latn,microsoft/harrier-oss-v1-270m,0.969639377474654
lin_Latn,zho_Hans,microsoft/harrier-oss-v1-270m,0.9696038719396158
hau_Latn,zul_Latn,intfloat/multilingual-e5-large,0.9695973734212363
snd_Arab,srp_Cyrl,intfloat/multilingual-e5-large,0.9695808598567937
pol_Latn,kin_Latn,microsoft/harrier-oss-v1-270m,0.9695756858148278
deu_Latn,pag_Latn,microsoft/harrier-oss-v1-270m,0.9695465810594884
ary_Arab,ben_Beng,microsoft/harrier-oss-v1-270m,0.9695270332070948
nso_Latn,nya_Latn,intfloat/multilingual-e5-large,0.969522782953053
apc_Arab,vie_Latn,microsoft/harrier-oss-v1-270m,0.9695138262116811
deu_Latn,lin_Latn,intfloat/multilingual-e5-large,0.9695094388805316
apc_Arab,nld_Latn,microsoft/harrier-oss-v1-270m,0.9695014222573658
tir_Ethi,zul_Latn,microsoft/harrier-oss-v1-270m,0.969484914611195
ces_Latn,eus_Latn,intfloat/multilingual-e5-large,0.9694416662923259
ibo_Latn,sot_Latn,intfloat/multilingual-e5-large,0.9694361355129177
bak_Cyrl,hun_Latn,microsoft/harrier-oss-v1-270m,0.9694203813536829
ary_Arab,vie_Latn,microsoft/harrier-oss-v1-270m,0.969411307677708
fra_Latn,tso_Latn,intfloat/multilingual-e5-large,0.9694062481193998
deu_Latn,kin_Latn,microsoft/harrier-oss-v1-270m,0.9693965179286241
kan_Knda,xho_Latn,intfloat/multilingual-e5-large,0.9693934173561303
ary_Arab,ukr_Cyrl,microsoft/harrier-oss-v1-270m,0.9693924434090948
khm_Khmr,lao_Laoo,intfloat/multilingual-e5-large,0.9693807889393808
hun_Latn,plt_Latn,microsoft/harrier-oss-v1-270m,0.9693690603889062
eus_Latn,hun_Latn,intfloat/multilingual-e5-large,0.9693549793789675
ary_Arab,swe_Latn,microsoft/harrier-oss-v1-270m,0.9693521417571092
apc_Arab,ces_Latn,microsoft/harrier-oss-v1-270m,0.9693351577984455
tgk_Cyrl,tha_Thai,microsoft/harrier-oss-v1-270m,0.969327314476913
eus_Latn,tel_Telu,intfloat/multilingual-e5-large,0.9693148629946361
jpn_Jpan,kat_Geor,intfloat/multilingual-e5-large,0.9692626370821049
lit_Latn,tam_Taml,intfloat/multilingual-e5-large,0.969216804723487
heb_Hebr,sna_Latn,microsoft/harrier-oss-v1-270m,0.9692159282059426
som_Latn,swh_Latn,intfloat/multilingual-e5-large,0.9691931879273643
mkd_Cyrl,som_Latn,intfloat/multilingual-e5-large,0.9691879250914731
lit_Latn,mya_Mymr,intfloat/multilingual-e5-large,0.9691859204192329
afr_Latn,ssw_Latn,intfloat/multilingual-e5-large,0.9691694905712995
sna_Latn,swe_Latn,microsoft/harrier-oss-v1-270m,0.9691606255969569
ary_Arab,ces_Latn,microsoft/harrier-oss-v1-270m,0.9691461524400264
kas_Arab,tel_Telu,microsoft/harrier-oss-v1-270m,0.9691022416909808
fra_Latn,kin_Latn,microsoft/harrier-oss-v1-270m,0.9690939333656857
eus_Latn,slv_Latn,intfloat/multilingual-e5-large,0.9690840502843948
lin_Latn,xho_Latn,intfloat/multilingual-e5-large,0.96908381190598
xho_Latn,tur_Latn,microsoft/harrier-oss-v1-270m,0.9690604775283493
asm_Beng,slv_Latn,microsoft/harrier-oss-v1-270m,0.9690424775444864
slv_Latn,eus_Latn,intfloat/multilingual-e5-large,0.9690417490801146
lit_Latn,xho_Latn,intfloat/multilingual-e5-large,0.9689704486769088
eus_Latn,mar_Deva,intfloat/multilingual-e5-large,0.9689381492876832
pol_Latn,sna_Latn,microsoft/harrier-oss-v1-270m,0.9689315317888001
apc_Arab,hrv_Latn,microsoft/harrier-oss-v1-270m,0.9689127637647008
arz_Arab,tam_Taml,intfloat/multilingual-e5-large,0.9688856998279542
dan_Latn,nso_Latn,intfloat/multilingual-e5-large,0.9688700349481514
apc_Arab,deu_Latn,microsoft/harrier-oss-v1-270m,0.9688558998344445
gle_Latn,mar_Deva,intfloat/multilingual-e5-large,0.968849303215068
amh_Ethi,som_Latn,intfloat/multilingual-e5-large,0.968840829792516
jpn_Jpan,swh_Latn,microsoft/harrier-oss-v1-270m,0.9688295058093244
ibo_Latn,sin_Sinh,intfloat/multilingual-e5-large,0.9687868101782195
bel_Cyrl,eus_Latn,intfloat/multilingual-e5-large,0.9687616637215022
ilo_Latn,swe_Latn,microsoft/harrier-oss-v1-270m,0.9686962782666646
afr_Latn,som_Latn,intfloat/multilingual-e5-large,0.968679409607075
khm_Khmr,mya_Mymr,microsoft/harrier-oss-v1-270m,0.9686527709565004
bel_Cyrl,nya_Latn,intfloat/multilingual-e5-large,0.968652418975636
hin_Deva,sna_Latn,intfloat/multilingual-e5-large,0.9686426863757525
kin_Latn,tsn_Latn,intfloat/multilingual-e5-large,0.9686100980256827
ind_Latn,nya_Latn,intfloat/multilingual-e5-large,0.968554897328989
lit_Latn,sun_Latn,intfloat/multilingual-e5-large,0.9685249063195849
amh_Ethi,tsn_Latn,intfloat/multilingual-e5-large,0.9684510903997046
ilo_Latn,mkd_Cyrl,microsoft/harrier-oss-v1-270m,0.9684353823652896
lvs_Latn,tgk_Cyrl,intfloat/multilingual-e5-large,0.968422324059396
dan_Latn,sna_Latn,microsoft/harrier-oss-v1-270m,0.9683992029987495
gle_Latn,kaz_Cyrl,microsoft/harrier-oss-v1-270m,0.9683985223766058
ilo_Latn,jav_Latn,intfloat/multilingual-e5-large,0.9683953722458188
gle_Latn,tur_Latn,microsoft/harrier-oss-v1-270m,0.9683854530204123
hat_Latn,tam_Taml,microsoft/harrier-oss-v1-270m,0.968375447658684
isl_Latn,ces_Latn,intfloat/multilingual-e5-large,0.9683706811770284
apc_Arab,bul_Cyrl,microsoft/harrier-oss-v1-270m,0.968344848876693
kin_Latn,swe_Latn,microsoft/harrier-oss-v1-270m,0.9682909013538075
lao_Laoo,tel_Telu,intfloat/multilingual-e5-large,0.968281915219831
eus_Latn,nno_Latn,intfloat/multilingual-e5-large,0.9682754383589471
ibo_Latn,zul_Latn,intfloat/multilingual-e5-large,0.9682708175861572
cat_Latn,som_Latn,intfloat/multilingual-e5-large,0.9682403279612479
lin_Latn,nld_Latn,microsoft/harrier-oss-v1-270m,0.9682381654793097
nya_Latn,swh_Latn,intfloat/multilingual-e5-large,0.9682326873254451
pbt_Arab,tel_Telu,intfloat/multilingual-e5-large,0.9681887057294889
ary_Arab,cat_Latn,microsoft/harrier-oss-v1-270m,0.968183567278984
ary_Arab,mal_Mlym,microsoft/harrier-oss-v1-270m,0.9681719133524904
kin_Latn,sna_Latn,intfloat/multilingual-e5-large,0.9681441075670743
isl_Latn,slk_Latn,intfloat/multilingual-e5-large,0.9681373777048667
plt_Latn,smo_Latn,microsoft/harrier-oss-v1-270m,0.9681272961660968
kan_Knda,lvs_Latn,intfloat/multilingual-e5-large,0.9680891822345101
hye_Armn,nya_Latn,intfloat/multilingual-e5-large,0.9680852806923625
fin_Latn,gle_Latn,microsoft/harrier-oss-v1-270m,0.9680816093549892
lin_Latn,vie_Latn,microsoft/harrier-oss-v1-270m,0.9680784450236786
pag_Latn,rus_Cyrl,microsoft/harrier-oss-v1-270m,0.9680586329247516
ilo_Latn,nld_Latn,microsoft/harrier-oss-v1-270m,0.9680512591131882
ary_Arab,als_Latn,microsoft/harrier-oss-v1-270m,0.968032062589588
ary_Arab,jpn_Jpan,microsoft/harrier-oss-v1-270m,0.9680068332849702
guj_Gujr,isl_Latn,intfloat/multilingual-e5-large,0.9679760132720232
kin_Latn,fra_Latn,microsoft/harrier-oss-v1-270m,0.967945234763395
run_Latn,sot_Latn,intfloat/multilingual-e5-large,0.967923029116564
amh_Ethi,nya_Latn,intfloat/multilingual-e5-large,0.9679001253496313
asm_Beng,gle_Latn,intfloat/multilingual-e5-large,0.9678890649043725
ary_Arab,hrv_Latn,microsoft/harrier-oss-v1-270m,0.9678666012691252
ace_Latn,eng_Latn,microsoft/harrier-oss-v1-270m,0.9678568343595546
eng_Latn,ssw_Latn,intfloat/multilingual-e5-large,0.9678323546271983
fin_Latn,xho_Latn,intfloat/multilingual-e5-large,0.9678241658118969
kin_Latn,vie_Latn,microsoft/harrier-oss-v1-270m,0.9677844135487483
hrv_Latn,ilo_Latn,intfloat/multilingual-e5-large,0.9677665639694224
pol_Latn,ilo_Latn,microsoft/harrier-oss-v1-270m,0.967704391150801
mar_Deva,sna_Latn,intfloat/multilingual-e5-large,0.9676875428775071
lim_Latn,nob_Latn,microsoft/harrier-oss-v1-270m,0.967675255814053
bel_Cyrl,plt_Latn,microsoft/harrier-oss-v1-270m,0.967645069116251
isl_Latn,mya_Mymr,intfloat/multilingual-e5-large,0.9676218224210982
ibo_Latn,als_Latn,intfloat/multilingual-e5-large,0.9676195077621124
ekk_Latn,kmr_Latn,intfloat/multilingual-e5-large,0.9676140793907148
azj_Latn,khm_Khmr,microsoft/harrier-oss-v1-270m,0.9675787580742046
ary_Arab,srp_Cyrl,microsoft/harrier-oss-v1-270m,0.9675207211177368
mya_Mymr,zul_Latn,intfloat/multilingual-e5-large,0.9675061611589766
azj_Latn,eus_Latn,intfloat/multilingual-e5-large,0.9674850420286767
jpn_Jpan,afr_Latn,microsoft/harrier-oss-v1-270m,0.9674553759713167
ces_Latn,sna_Latn,microsoft/harrier-oss-v1-270m,0.9674489159378374
eng_Latn,hau_Latn,intfloat/multilingual-e5-large,0.9674146440494596
azj_Latn,isl_Latn,intfloat/multilingual-e5-large,0.9674003601761211
kin_Latn,nso_Latn,intfloat/multilingual-e5-large,0.9673918285008851
khk_Cyrl,mya_Mymr,intfloat/multilingual-e5-large,0.9673716014921034
eus_Latn,ces_Latn,intfloat/multilingual-e5-large,0.9673405190354298
gle_Latn,heb_Hebr,microsoft/harrier-oss-v1-270m,0.9672911966439365
apc_Arab,ukr_Cyrl,microsoft/harrier-oss-v1-270m,0.9672755329336348
deu_Latn,fao_Latn,intfloat/multilingual-e5-large,0.9672431222791648
heb_Hebr,kin_Latn,microsoft/harrier-oss-v1-270m,0.9672043942776901
spa_Latn,kin_Latn,microsoft/harrier-oss-v1-270m,0.967198101533199
lim_Latn,por_Latn,microsoft/harrier-oss-v1-270m,0.967195315556161
kir_Cyrl,tha_Thai,microsoft/harrier-oss-v1-270m,0.9671381023687304
eus_Latn,dan_Latn,intfloat/multilingual-e5-large,0.9671278524029217
rus_Cyrl,eus_Latn,intfloat/multilingual-e5-large,0.9671034765320784
khm_Khmr,tha_Thai,microsoft/harrier-oss-v1-270m,0.967069015803225
eng_Latn,kon_Latn,microsoft/harrier-oss-v1-270m,0.9670437738643856
kin_Latn,xho_Latn,intfloat/multilingual-e5-large,0.9670408233472688
lit_Latn,tel_Telu,intfloat/multilingual-e5-large,0.967027840296658
mal_Mlym,kin_Latn,microsoft/harrier-oss-v1-270m,0.9670133844075899
heb_Hebr,nso_Latn,intfloat/multilingual-e5-large,0.967009037714895
ssw_Latn,tsn_Latn,intfloat/multilingual-e5-large,0.9669809862906722
cym_Latn,tha_Thai,microsoft/harrier-oss-v1-270m,0.9669727206815777
ind_Latn,som_Latn,intfloat/multilingual-e5-large,0.9669703728523182
dan_Latn,ilo_Latn,microsoft/harrier-oss-v1-270m,0.9669500906542231
pbt_Arab,tha_Thai,microsoft/harrier-oss-v1-270m,0.9669317483601589
kin_Latn,lin_Latn,intfloat/multilingual-e5-large,0.9669158080519146
bel_Cyrl,khm_Khmr,intfloat/multilingual-e5-large,0.966907544397274
uig_Arab,uzn_Latn,intfloat/multilingual-e5-large,0.9669058599879915
ilo_Latn,spa_Latn,microsoft/harrier-oss-v1-270m,0.9668932837484694
hat_Latn,khk_Cyrl,microsoft/harrier-oss-v1-270m,0.9668813199708226
gle_Latn,rus_Cyrl,microsoft/harrier-oss-v1-270m,0.9668538872793
tgk_Cyrl,xho_Latn,microsoft/harrier-oss-v1-270m,0.9668482679904644
lit_Latn,eus_Latn,intfloat/multilingual-e5-large,0.9668480336401069
afr_Latn,arz_Arab,intfloat/multilingual-e5-large,0.9668279531081876
kmr_Latn,tgl_Latn,intfloat/multilingual-e5-large,0.9668156640668013
tsn_Latn,vie_Latn,microsoft/harrier-oss-v1-270m,0.9668129409773081
spa_Latn,ilo_Latn,microsoft/harrier-oss-v1-270m,0.9668075469136903
nno_Latn,tha_Thai,microsoft/harrier-oss-v1-270m,0.966792925156608
isl_Latn,khm_Khmr,intfloat/multilingual-e5-large,0.9667792479629167
bul_Cyrl,som_Latn,intfloat/multilingual-e5-large,0.9667524997483424
eus_Latn,srd_Latn,intfloat/multilingual-e5-large,0.966723775418901
ary_Arab,mar_Deva,microsoft/harrier-oss-v1-270m,0.9666900079031776
ces_Latn,ilo_Latn,microsoft/harrier-oss-v1-270m,0.9666624276945781
asm_Beng,cat_Latn,microsoft/harrier-oss-v1-270m,0.9666175039395567
khm_Khmr,npi_Deva,intfloat/multilingual-e5-large,0.9665977083067373
uzn_Latn,tha_Thai,microsoft/harrier-oss-v1-270m,0.9665955284584237
lin_Latn,pol_Latn,microsoft/harrier-oss-v1-270m,0.9665757760292525
ibo_Latn,xho_Latn,intfloat/multilingual-e5-large,0.9665693872058265
deu_Latn,som_Latn,intfloat/multilingual-e5-large,0.9665636702468947
gle_Latn,slk_Latn,microsoft/harrier-oss-v1-270m,0.9665285076731183
ibo_Latn,zho_Hant,microsoft/harrier-oss-v1-270m,0.9665055435094884
gle_Latn,ukr_Cyrl,microsoft/harrier-oss-v1-270m,0.9664789680616076
dan_Latn,nya_Latn,intfloat/multilingual-e5-large,0.9664682904922217
amh_Ethi,lin_Latn,intfloat/multilingual-e5-large,0.9664081969091423
sna_Latn,vie_Latn,microsoft/harrier-oss-v1-270m,0.9664041377347162
ilo_Latn,vie_Latn,microsoft/harrier-oss-v1-270m,0.9663945348665742
eus_Latn,fin_Latn,intfloat/multilingual-e5-large,0.9663704306193819
mya_Mymr,pbt_Arab,intfloat/multilingual-e5-large,0.9663631768898415
eus_Latn,isl_Latn,intfloat/multilingual-e5-large,0.9663472041644006
ilo_Latn,urd_Arab,microsoft/harrier-oss-v1-270m,0.9663281396060985
run_Latn,sna_Latn,intfloat/multilingual-e5-large,0.9663111192942522
arz_Arab,isl_Latn,intfloat/multilingual-e5-large,0.9663095540322519
kmr_Latn,als_Latn,intfloat/multilingual-e5-large,0.9662978389086208
ary_Arab,slk_Latn,microsoft/harrier-oss-v1-270m,0.9662588461758936
ilo_Latn,smo_Latn,microsoft/harrier-oss-v1-270m,0.9662305983985204
khk_Cyrl,sun_Latn,intfloat/multilingual-e5-large,0.9662161496656922
apc_Arab,tur_Latn,microsoft/harrier-oss-v1-270m,0.9662028020815034
deu_Latn,ilo_Latn,microsoft/harrier-oss-v1-270m,0.9661779307058453
ilo_Latn,pol_Latn,microsoft/harrier-oss-v1-270m,0.9661733523920109
ron_Latn,kin_Latn,microsoft/harrier-oss-v1-270m,0.966104290125918
asm_Beng,ell_Grek,microsoft/harrier-oss-v1-270m,0.9660963309000388
ell_Grek,nso_Latn,intfloat/multilingual-e5-large,0.9660892464142044
gle_Latn,hin_Deva,intfloat/multilingual-e5-large,0.9660354282744694
nya_Latn,swe_Latn,microsoft/harrier-oss-v1-270m,0.966032785070384
hrv_Latn,kmr_Latn,intfloat/multilingual-e5-large,0.9659344248671764
ind_Latn,kin_Latn,microsoft/harrier-oss-v1-270m,0.9659244847921096
kin_Latn,spa_Latn,microsoft/harrier-oss-v1-270m,0.9659211346156757
kin_Latn,tur_Latn,microsoft/harrier-oss-v1-270m,0.9658959218491208
ary_Arab,ell_Grek,Alibaba-NLP/gte-multilingual-base,0.9658511823846472
isl_Latn,nya_Latn,intfloat/multilingual-e5-large,0.9658427267881604
ibo_Latn,kor_Hang,microsoft/harrier-oss-v1-270m,0.9657938639887894
hin_Deva,eus_Latn,intfloat/multilingual-e5-large,0.9657165796558389
xho_Latn,ind_Latn,microsoft/harrier-oss-v1-270m,0.9656847530269292
ces_Latn,nso_Latn,intfloat/multilingual-e5-large,0.9656791400576361
sun_Latn,tel_Telu,intfloat/multilingual-e5-large,0.9656420470118607
xho_Latn,ukr_Cyrl,microsoft/harrier-oss-v1-270m,0.9656307171686249
eng_Latn,mri_Latn,microsoft/harrier-oss-v1-270m,0.9656200665265193
fra_Latn,tum_Latn,microsoft/harrier-oss-v1-270m,0.9655997617778824
isl_Latn,sna_Latn,intfloat/multilingual-e5-large,0.9655584943472291
dan_Latn,fao_Latn,microsoft/harrier-oss-v1-270m,0.9655578541579242
fra_Latn,ssw_Latn,intfloat/multilingual-e5-large,0.9655276151908638
gle_Latn,tel_Telu,intfloat/multilingual-e5-large,0.9655189617428976
kin_Latn,ron_Latn,microsoft/harrier-oss-v1-270m,0.9655069124347293
glg_Latn,ilo_Latn,microsoft/harrier-oss-v1-270m,0.9654935146992603
eus_Latn,mya_Mymr,intfloat/multilingual-e5-large,0.9654388304060965
sna_Latn,tso_Latn,intfloat/multilingual-e5-large,0.9653974819826796
khm_Khmr,tgk_Cyrl,microsoft/harrier-oss-v1-270m,0.9653105189275191
eus_Latn,lit_Latn,intfloat/multilingual-e5-large,0.9653096448828934
afr_Latn,kmr_Latn,intfloat/multilingual-e5-large,0.9652955827890919
sun_Latn,tgk_Cyrl,microsoft/harrier-oss-v1-270m,0.96529155592124
gle_Latn,slv_Latn,microsoft/harrier-oss-v1-270m,0.9652835761952769
ast_Latn,isl_Latn,Alibaba-NLP/gte-multilingual-base,0.965271325201706
apc_Arab,swe_Latn,microsoft/harrier-oss-v1-270m,0.9652646580271171
lin_Latn,zho_Hant,microsoft/harrier-oss-v1-270m,0.9652586667107104
hun_Latn,nya_Latn,intfloat/multilingual-e5-large,0.9652372022325839
ary_Arab,slv_Latn,microsoft/harrier-oss-v1-270m,0.9652347949352046
ekk_Latn,kan_Knda,intfloat/multilingual-e5-large,0.965230665272152
kaz_Cyrl,som_Latn,intfloat/multilingual-e5-large,0.9651425631818298
bos_Latn,hau_Latn,intfloat/multilingual-e5-large,0.9651122535878738
ace_Latn,war_Latn,microsoft/harrier-oss-v1-270m,0.9651085954195974
ary_Arab,urd_Arab,Alibaba-NLP/gte-multilingual-base,0.9650832346729786
jpn_Jpan,uzn_Latn,intfloat/multilingual-e5-large,0.9650706731135944
lin_Latn,swe_Latn,microsoft/harrier-oss-v1-270m,0.9650585338336649
khm_Khmr,srp_Cyrl,microsoft/harrier-oss-v1-270m,0.965027773257669
ben_Beng,hau_Latn,intfloat/multilingual-e5-large,0.9650217796836476
ary_Arab,pol_Latn,microsoft/harrier-oss-v1-270m,0.9650167682088524
kat_Geor,plt_Latn,microsoft/harrier-oss-v1-270m,0.9649904158101845
fin_Latn,nso_Latn,intfloat/multilingual-e5-large,0.9648490114279615
uzn_Latn,jpn_Jpan,microsoft/harrier-oss-v1-270m,0.9646953138827035
ary_Arab,tam_Taml,microsoft/harrier-oss-v1-270m,0.964666398931595
eng_Latn,tum_Latn,microsoft/harrier-oss-v1-270m,0.9646605206387816
ilo_Latn,pag_Latn,microsoft/harrier-oss-v1-270m,0.9646350332690918
mar_Deva,som_Latn,intfloat/multilingual-e5-large,0.9646145455947318
lin_Latn,rus_Cyrl,microsoft/harrier-oss-v1-270m,0.9646014139172188
nso_Latn,tso_Latn,intfloat/multilingual-e5-large,0.964600803881913
tsn_Latn,tso_Latn,intfloat/multilingual-e5-large,0.964566580839247
kat_Geor,nya_Latn,intfloat/multilingual-e5-large,0.9645411765201428
asm_Beng,hun_Latn,microsoft/harrier-oss-v1-270m,0.9645070242655072
afr_Latn,tir_Ethi,intfloat/multilingual-e5-large,0.9644424324533074
ary_Arab,zho_Hant,microsoft/harrier-oss-v1-270m,0.964418597791891
est_Latn,ibo_Latn,microsoft/harrier-oss-v1-270m,0.964413766469393
ace_Latn,ceb_Latn,microsoft/harrier-oss-v1-270m,0.9644049022935992
sna_Latn,tur_Latn,microsoft/harrier-oss-v1-270m,0.9643959094609722
isl_Latn,zho_Hans,Alibaba-NLP/gte-multilingual-base,0.9643799662845032
amh_Ethi,ekk_Latn,intfloat/multilingual-e5-large,0.9643676171603572
hat_Latn,mya_Mymr,microsoft/harrier-oss-v1-270m,0.9643194251930429
ell_Grek,nya_Latn,intfloat/multilingual-e5-large,0.9643177214189914
npi_Deva,kin_Latn,intfloat/multilingual-e5-large,0.9642823486189775
lin_Latn,nya_Latn,intfloat/multilingual-e5-large,0.9642587177975682
nya_Latn,tur_Latn,microsoft/harrier-oss-v1-270m,0.9642398676258825
rus_Cyrl,kin_Latn,microsoft/harrier-oss-v1-270m,0.9642363447408766
gle_Latn,tam_Taml,intfloat/multilingual-e5-large,0.9642274366102579
asm_Beng,fin_Latn,microsoft/harrier-oss-v1-270m,0.9642133690749002
gle_Latn,vie_Latn,microsoft/harrier-oss-v1-270m,0.964163217467391
xho_Latn,rus_Cyrl,microsoft/harrier-oss-v1-270m,0.9641465387256292
plt_Latn,xho_Latn,intfloat/multilingual-e5-large,0.9641412170417059
ilo_Latn,ind_Latn,microsoft/harrier-oss-v1-270m,0.9641169711600087
arz_Arab,ekk_Latn,intfloat/multilingual-e5-large,0.9640302109418036
apc_Arab,ron_Latn,microsoft/harrier-oss-v1-270m,0.964008279988783
ekk_Latn,tel_Telu,intfloat/multilingual-e5-large,0.9640017867538254
ary_Arab,swh_Latn,microsoft/harrier-oss-v1-270m,0.9639942780448596
hau_Latn,sin_Sinh,intfloat/multilingual-e5-large,0.9639418404949105
ilo_Latn,ron_Latn,microsoft/harrier-oss-v1-270m,0.9638971952715232
ron_Latn,som_Latn,intfloat/multilingual-e5-large,0.9638806691093134
lvs_Latn,som_Latn,intfloat/multilingual-e5-large,0.9638696962974553
slk_Latn,sna_Latn,microsoft/harrier-oss-v1-270m,0.9638536013374859
ary_Arab,mkd_Cyrl,microsoft/harrier-oss-v1-270m,0.9638518724372624
nya_Latn,rus_Cyrl,microsoft/harrier-oss-v1-270m,0.9638506623315848
eng_Latn,ace_Latn,microsoft/harrier-oss-v1-270m,0.9638456532482722
fin_Latn,nya_Latn,intfloat/multilingual-e5-large,0.9638266473696514
mlt_Latn,tha_Thai,microsoft/harrier-oss-v1-270m,0.9638091369154234
bel_Cyrl,kin_Latn,microsoft/harrier-oss-v1-270m,0.9637807768928519
ekk_Latn,som_Latn,intfloat/multilingual-e5-large,0.9637739160512202
ekk_Latn,mlt_Latn,intfloat/multilingual-e5-large,0.9637697922936938
isl_Latn,lit_Latn,intfloat/multilingual-e5-large,0.9637609176421037
kin_Latn,rus_Cyrl,microsoft/harrier-oss-v1-270m,0.9637471633228145
fra_Latn,kmr_Latn,intfloat/multilingual-e5-large,0.9637174895799547
khm_Khmr,tam_Taml,microsoft/harrier-oss-v1-270m,0.9637120260978191
lao_Laoo,mar_Deva,intfloat/multilingual-e5-large,0.9637073095396838
cym_Latn,ibo_Latn,intfloat/multilingual-e5-large,0.9636437206775036
hau_Latn,zho_Hant,microsoft/harrier-oss-v1-270m,0.9636416135886424
lit_Latn,sna_Latn,intfloat/multilingual-e5-large,0.9636034433721994
eng_Latn,kmr_Latn,intfloat/multilingual-e5-large,0.9635931304397983
ces_Latn,nya_Latn,intfloat/multilingual-e5-large,0.9635385384792323
jpn_Jpan,tgk_Cyrl,microsoft/harrier-oss-v1-270m,0.963533978691555
hye_Armn,som_Latn,intfloat/multilingual-e5-large,0.9635156365894574
arz_Arab,xho_Latn,intfloat/multilingual-e5-large,0.9635037606051526
ell_Grek,sna_Latn,microsoft/harrier-oss-v1-270m,0.9634691284078564
spa_Latn,som_Latn,intfloat/multilingual-e5-large,0.9634677602391464
nya_Latn,pol_Latn,microsoft/harrier-oss-v1-270m,0.9634427766851599
cat_Latn,kmr_Latn,intfloat/multilingual-e5-large,0.9634122232148046
ekk_Latn,jpn_Jpan,intfloat/multilingual-e5-large,0.963377654632766
sna_Latn,rus_Cyrl,microsoft/harrier-oss-v1-270m,0.9633650409343155
slv_Latn,som_Latn,intfloat/multilingual-e5-large,0.9633648822080241
eng_Latn,tpi_Latn,microsoft/harrier-oss-v1-270m,0.9633637111761054
eus_Latn,ukr_Cyrl,intfloat/multilingual-e5-large,0.9633345542741922
cym_Latn,uig_Arab,intfloat/multilingual-e5-large,0.9632819246476416
isl_Latn,zho_Hant,Alibaba-NLP/gte-multilingual-base,0.9632717642647398
slv_Latn,sna_Latn,microsoft/harrier-oss-v1-270m,0.9632629849049343
asm_Beng,tha_Thai,microsoft/harrier-oss-v1-270m,0.963183388045403
fra_Latn,fao_Latn,intfloat/multilingual-e5-large,0.9631325106505266
lao_Laoo,vie_Latn,intfloat/multilingual-e5-large,0.9631225151176857
lin_Latn,sna_Latn,intfloat/multilingual-e5-large,0.9631066487476356
cym_Latn,kmr_Latn,intfloat/multilingual-e5-large,0.9630917139907298
nya_Latn,tel_Telu,intfloat/multilingual-e5-large,0.963071542802818
nob_Latn,som_Latn,microsoft/harrier-oss-v1-270m,0.9630553345637662
ary_Arab,heb_Hebr,microsoft/harrier-oss-v1-270m,0.9630402351818876
jpn_Jpan,zul_Latn,microsoft/harrier-oss-v1-270m,0.9629690166891576
jpn_Jpan,kir_Cyrl,microsoft/harrier-oss-v1-270m,0.9629359892364842
bel_Cyrl,som_Latn,intfloat/multilingual-e5-large,0.9628455522669638
isl_Latn,eus_Latn,intfloat/multilingual-e5-large,0.9628374869786975
tsn_Latn,tur_Latn,microsoft/harrier-oss-v1-270m,0.9628371190241406
ibo_Latn,swh_Latn,microsoft/harrier-oss-v1-270m,0.962788437478072
kan_Knda,plt_Latn,microsoft/harrier-oss-v1-270m,0.9627643972340768
arz_Arab,fin_Latn,microsoft/harrier-oss-v1-270m,0.9627268024151161
hau_Latn,urd_Arab,intfloat/multilingual-e5-large,0.9627076086566203
ceb_Latn,isl_Latn,intfloat/multilingual-e5-large,0.9626935315278237
apc_Arab,ell_Grek,microsoft/harrier-oss-v1-270m,0.9626565755175166
gle_Latn,srp_Cyrl,microsoft/harrier-oss-v1-270m,0.962631735245741
fra_Latn,ibo_Latn,intfloat/multilingual-e5-large,0.9626144821752392
lin_Latn,tur_Latn,microsoft/harrier-oss-v1-270m,0.9626129830091454
ace_Latn,por_Latn,microsoft/harrier-oss-v1-270m,0.9625831668923228
kan_Knda,lit_Latn,microsoft/harrier-oss-v1-270m,0.9625301854369216
lit_Latn,tha_Thai,microsoft/harrier-oss-v1-270m,0.962515548302372
fra_Latn,kon_Latn,microsoft/harrier-oss-v1-270m,0.9625015206719536
nya_Latn,vie_Latn,microsoft/harrier-oss-v1-270m,0.9624706131340186
ilo_Latn,sin_Sinh,microsoft/harrier-oss-v1-270m,0.9624354339611052
pol_Latn,som_Latn,microsoft/harrier-oss-v1-270m,0.9624211461517317
nya_Latn,ron_Latn,microsoft/harrier-oss-v1-270m,0.9624169954632784
eng_Latn,tso_Latn,microsoft/harrier-oss-v1-270m,0.9624152846711771
arz_Arab,hun_Latn,microsoft/harrier-oss-v1-270m,0.9623809523036044
hat_Latn,jpn_Jpan,microsoft/harrier-oss-v1-270m,0.9623687155550327
heb_Hebr,som_Latn,microsoft/harrier-oss-v1-270m,0.9623508148139028
ibo_Latn,mal_Mlym,intfloat/multilingual-e5-large,0.9623460523584857
apc_Arab,ind_Latn,microsoft/harrier-oss-v1-270m,0.9623355718943414
ell_Grek,kin_Latn,microsoft/harrier-oss-v1-270m,0.9623314767309628
gle_Latn,ind_Latn,microsoft/harrier-oss-v1-270m,0.9622561330040098
hat_Latn,nya_Latn,intfloat/multilingual-e5-large,0.9622484653947482
jav_Latn,pag_Latn,microsoft/harrier-oss-v1-270m,0.9621821779272808
ilo_Latn,slk_Latn,microsoft/harrier-oss-v1-270m,0.9621732234964548
kin_Latn,pol_Latn,microsoft/harrier-oss-v1-270m,0.9621653355570812
nld_Latn,som_Latn,intfloat/multilingual-e5-large,0.9621438716602506
est_Latn,lim_Latn,Alibaba-NLP/gte-multilingual-base,0.9621395309249804
azj_Latn,som_Latn,intfloat/multilingual-e5-large,0.9620881747791765
ary_Arab,kor_Hang,microsoft/harrier-oss-v1-270m,0.962068662941838
nya_Latn,run_Latn,microsoft/harrier-oss-v1-270m,0.9620512016801258
jpn_Jpan,khk_Cyrl,intfloat/multilingual-e5-large,0.9620496333951828
gla_Latn,por_Latn,microsoft/harrier-oss-v1-270m,0.9620371276112792
lin_Latn,ron_Latn,microsoft/harrier-oss-v1-270m,0.9619798144633324
nso_Latn,pol_Latn,microsoft/harrier-oss-v1-270m,0.961977171304695
ibo_Latn,jav_Latn,intfloat/multilingual-e5-large,0.96197456546786
lvs_Latn,plt_Latn,intfloat/multilingual-e5-large,0.9619363713093868
khk_Cyrl,tha_Thai,microsoft/harrier-oss-v1-270m,0.9619203475329493
sna_Latn,ukr_Cyrl,microsoft/harrier-oss-v1-270m,0.9618642880232762
rus_Cyrl,som_Latn,intfloat/multilingual-e5-large,0.9618494273414896
ary_Arab,fin_Latn,microsoft/harrier-oss-v1-270m,0.961733035183824
mlt_Latn,lvs_Latn,intfloat/multilingual-e5-large,0.9616445381539819
bak_Cyrl,tha_Thai,microsoft/harrier-oss-v1-270m,0.961627834412194
kin_Latn,nya_Latn,intfloat/multilingual-e5-large,0.9616161980910178
ibo_Latn,urd_Arab,intfloat/multilingual-e5-large,0.9616049888590998
eus_Latn,khm_Khmr,intfloat/multilingual-e5-large,0.961581276561715
ary_Arab,npi_Deva,microsoft/harrier-oss-v1-270m,0.9615804635401096
amh_Ethi,lvs_Latn,intfloat/multilingual-e5-large,0.961576208905691
gle_Latn,kan_Knda,intfloat/multilingual-e5-large,0.9615601107274179
lao_Laoo,mya_Mymr,intfloat/multilingual-e5-large,0.9615457468082668
bul_Cyrl,fao_Latn,intfloat/multilingual-e5-large,0.9615457062037782
nso_Latn,swe_Latn,microsoft/harrier-oss-v1-270m,0.9615410864228093
apc_Arab,hin_Deva,microsoft/harrier-oss-v1-270m,0.9615064828455708
arb_Arab,lim_Latn,microsoft/harrier-oss-v1-270m,0.9614116701379408
khm_Khmr,tel_Telu,microsoft/harrier-oss-v1-270m,0.9613935270981533
nso_Latn,run_Latn,microsoft/harrier-oss-v1-270m,0.9613904746357066
ilo_Latn,tur_Latn,microsoft/harrier-oss-v1-270m,0.9613219269942301
kir_Cyrl,som_Latn,intfloat/multilingual-e5-large,0.9613154099004699
ita_Latn,kmr_Latn,intfloat/multilingual-e5-large,0.9612727585071913
ary_Arab,hun_Latn,microsoft/harrier-oss-v1-270m,0.9612423044789788
apc_Arab,heb_Hebr,microsoft/harrier-oss-v1-270m,0.9612046337278917
cym_Latn,kin_Latn,microsoft/harrier-oss-v1-270m,0.9611243449753168
lit_Latn,plt_Latn,microsoft/harrier-oss-v1-270m,0.9611007705585445
ilo_Latn,ukr_Cyrl,microsoft/harrier-oss-v1-270m,0.9610854888485683
apc_Arab,dan_Latn,microsoft/harrier-oss-v1-270m,0.9610587228248889
hrv_Latn,scn_Latn,intfloat/multilingual-e5-large,0.96099852557328
hau_Latn,hye_Armn,intfloat/multilingual-e5-large,0.960972305053932
lit_Latn,jpn_Jpan,microsoft/harrier-oss-v1-270m,0.9609636383115845
fin_Latn,sna_Latn,intfloat/multilingual-e5-large,0.9609205735788937
apc_Arab,mkd_Cyrl,intfloat/multilingual-e5-large,0.960879551816493
afr_Latn,tso_Latn,intfloat/multilingual-e5-large,0.9608651997157982
kin_Latn,ind_Latn,microsoft/harrier-oss-v1-270m,0.9608270868468429
arz_Arab,tha_Thai,microsoft/harrier-oss-v1-270m,0.9608031713143406
nya_Latn,sun_Latn,intfloat/multilingual-e5-large,0.9607856379106066
sun_Latn,tam_Taml,intfloat/multilingual-e5-large,0.9607767765800797
ltg_Latn,rus_Cyrl,microsoft/harrier-oss-v1-270m,0.9607597500942792
ceb_Latn,hau_Latn,intfloat/multilingual-e5-large,0.9607366752925623
gle_Latn,hun_Latn,microsoft/harrier-oss-v1-270m,0.9607125148972788
eng_Latn,gla_Latn,microsoft/harrier-oss-v1-270m,0.9606757775383838
hin_Deva,kin_Latn,microsoft/harrier-oss-v1-270m,0.9606556064636418
kin_Latn,heb_Hebr,microsoft/harrier-oss-v1-270m,0.9606259732628691
plt_Latn,mar_Deva,microsoft/harrier-oss-v1-270m,0.9606106174483262
fao_Latn,swe_Latn,microsoft/harrier-oss-v1-270m,0.9605981856384864
khm_Khmr,xho_Latn,intfloat/multilingual-e5-large,0.9605882918934856
isl_Latn,kor_Hang,Alibaba-NLP/gte-multilingual-base,0.9605819808759531
kmr_Latn,por_Latn,microsoft/harrier-oss-v1-270m,0.9605721229394132
hau_Latn,oci_Latn,microsoft/harrier-oss-v1-270m,0.960559455898591
fry_Latn,nld_Latn,Alibaba-NLP/gte-multilingual-base,0.9605559998051216
afr_Latn,kin_Latn,microsoft/harrier-oss-v1-270m,0.9604685662833029
kmr_Latn,pbt_Arab,intfloat/multilingual-e5-large,0.9604568134586844
apc_Arab,slk_Latn,microsoft/harrier-oss-v1-270m,0.9604558275806705
nya_Latn,tam_Taml,intfloat/multilingual-e5-large,0.9603886082780475
hau_Latn,jav_Latn,intfloat/multilingual-e5-large,0.9603725279117854
bul_Cyrl,ibo_Latn,microsoft/harrier-oss-v1-270m,0.960311395008409
kat_Geor,som_Latn,intfloat/multilingual-e5-large,0.9602823654613666
ilo_Latn,rus_Cyrl,microsoft/harrier-oss-v1-270m,0.960269619209444
ekk_Latn,nya_Latn,intfloat/multilingual-e5-large,0.9601969032698808
sna_Latn,tel_Telu,intfloat/multilingual-e5-large,0.960162949752613
ary_Arab,tha_Thai,Alibaba-NLP/gte-multilingual-base,0.9601142650803092
dan_Latn,som_Latn,intfloat/multilingual-e5-large,0.9600454872100045
khm_Khmr,mar_Deva,microsoft/harrier-oss-v1-270m,0.9599502043709237
mri_Latn,tgl_Latn,microsoft/harrier-oss-v1-270m,0.9599481702628814
spa_Latn,fao_Latn,intfloat/multilingual-e5-large,0.9599409572971426
lit_Latn,nya_Latn,intfloat/multilingual-e5-large,0.9598854172373648
hau_Latn,xho_Latn,intfloat/multilingual-e5-large,0.9598515401603445
nya_Latn,tso_Latn,intfloat/multilingual-e5-large,0.9598459522260088
nso_Latn,som_Latn,intfloat/multilingual-e5-large,0.9598342132993466
ces_Latn,som_Latn,intfloat/multilingual-e5-large,0.959695163309487
kin_Latn,slk_Latn,microsoft/harrier-oss-v1-270m,0.9596741594071884
ilo_Latn,mal_Mlym,microsoft/harrier-oss-v1-270m,0.959672146656598
fin_Latn,kin_Latn,microsoft/harrier-oss-v1-270m,0.9596578664774258
spa_Latn,kmr_Latn,intfloat/multilingual-e5-large,0.9596544764894956
ceb_Latn,mri_Latn,intfloat/multilingual-e5-large,0.9596346016222548
khm_Khmr,plt_Latn,microsoft/harrier-oss-v1-270m,0.9596153324297358
nso_Latn,tur_Latn,microsoft/harrier-oss-v1-270m,0.9595331307661763
mya_Mymr,xho_Latn,intfloat/multilingual-e5-large,0.9595220473678201
ben_Beng,kmr_Latn,intfloat/multilingual-e5-large,0.9593904785684303
eus_Latn,zho_Hant,intfloat/multilingual-e5-large,0.9593413849943968
ace_Latn,jav_Latn,microsoft/harrier-oss-v1-270m,0.959292449261135
ibo_Latn,vie_Latn,microsoft/harrier-oss-v1-270m,0.9592735991600518
apc_Arab,slv_Latn,microsoft/harrier-oss-v1-270m,0.9592684376283325
hin_Deva,som_Latn,intfloat/multilingual-e5-large,0.9592471414872195
khm_Khmr,kir_Cyrl,microsoft/harrier-oss-v1-270m,0.9592233860033148
nso_Latn,ron_Latn,microsoft/harrier-oss-v1-270m,0.9591576376208297
kin_Latn,ukr_Cyrl,microsoft/harrier-oss-v1-270m,0.9591564461836004
eus_Latn,heb_Hebr,intfloat/multilingual-e5-large,0.9591556016833861
hau_Latn,zho_Hans,microsoft/harrier-oss-v1-270m,0.9591338121891392
sun_Latn,tha_Thai,microsoft/harrier-oss-v1-270m,0.9591280427172066
nno_Latn,nso_Latn,intfloat/multilingual-e5-large,0.9590705231783371
hau_Latn,sot_Latn,intfloat/multilingual-e5-large,0.9590499869413676
nya_Latn,ukr_Cyrl,microsoft/harrier-oss-v1-270m,0.9590304131161154
khm_Khmr,kan_Knda,microsoft/harrier-oss-v1-270m,0.958875714591759
tsn_Latn,zho_Hans,microsoft/harrier-oss-v1-270m,0.958856259331691
tsn_Latn,ukr_Cyrl,microsoft/harrier-oss-v1-270m,0.9587937933693937
plt_Latn,tel_Telu,microsoft/harrier-oss-v1-270m,0.9587782001129073
cat_Latn,ibo_Latn,intfloat/multilingual-e5-large,0.9587512143007657
heb_Hebr,ilo_Latn,microsoft/harrier-oss-v1-270m,0.9587436109421321
jpn_Jpan,pbt_Arab,intfloat/multilingual-e5-large,0.9587393059879996
hau_Latn,swh_Latn,intfloat/multilingual-e5-large,0.9587312347291812
nya_Latn,tum_Latn,intfloat/multilingual-e5-large,0.9586478242058272
jpn_Jpan,mya_Mymr,microsoft/harrier-oss-v1-270m,0.9586094000022899
hye_Armn,isl_Latn,intfloat/multilingual-e5-large,0.9585893346040364
ibo_Latn,nso_Latn,intfloat/multilingual-e5-large,0.9585154536552493
ary_Arab,sin_Sinh,microsoft/harrier-oss-v1-270m,0.9585018869696704
arz_Arab,jpn_Jpan,microsoft/harrier-oss-v1-270m,0.9584956541713912
cym_Latn,jpn_Jpan,microsoft/harrier-oss-v1-270m,0.958427130238982
cat_Latn,ilo_Latn,intfloat/multilingual-e5-large,0.9584042122951724
jpn_Jpan,lit_Latn,microsoft/harrier-oss-v1-270m,0.9583710176527889
cat_Latn,kin_Latn,microsoft/harrier-oss-v1-270m,0.9583450030088159
ind_Latn,ilo_Latn,microsoft/harrier-oss-v1-270m,0.9583343479400603
ita_Latn,hau_Latn,intfloat/multilingual-e5-large,0.9582742000689497
isl_Latn,srd_Latn,Alibaba-NLP/gte-multilingual-base,0.9582725812965652
nno_Latn,kin_Latn,intfloat/multilingual-e5-large,0.9582601782260819
gle_Latn,nno_Latn,microsoft/harrier-oss-v1-270m,0.9581394304783741
ceb_Latn,fij_Latn,microsoft/harrier-oss-v1-270m,0.9581200424325014
lao_Laoo,tam_Taml,intfloat/multilingual-e5-large,0.958038013540476
kmr_Latn,nob_Latn,microsoft/harrier-oss-v1-270m,0.9579771006635828
deu_Latn,hau_Latn,intfloat/multilingual-e5-large,0.9579534338333677
fra_Latn,kik_Latn,intfloat/multilingual-e5-large,0.9579230342568246
bul_Cyrl,mri_Latn,microsoft/harrier-oss-v1-270m,0.9578725527068139
ben_Beng,mri_Latn,microsoft/harrier-oss-v1-270m,0.9578274746188569
tat_Cyrl,uig_Arab,intfloat/multilingual-e5-large,0.9577982698848628
jpn_Jpan,mlt_Latn,microsoft/harrier-oss-v1-270m,0.9577972065744436
kmr_Latn,sin_Sinh,intfloat/multilingual-e5-large,0.957767381448398
khm_Khmr,nno_Latn,microsoft/harrier-oss-v1-270m,0.9577087914603448
amh_Ethi,tso_Latn,microsoft/harrier-oss-v1-270m,0.957641089095172
fao_Latn,hrv_Latn,intfloat/multilingual-e5-large,0.9575972007568865
asm_Beng,lit_Latn,microsoft/harrier-oss-v1-270m,0.9575620969415954
bul_Cyrl,kmr_Latn,intfloat/multilingual-e5-large,0.9574829841121744
jpn_Jpan,lao_Laoo,intfloat/multilingual-e5-large,0.9574798244199871
kin_Latn,tso_Latn,intfloat/multilingual-e5-large,0.9574050217258117
ilo_Latn,slv_Latn,microsoft/harrier-oss-v1-270m,0.9573882968153749
afr_Latn,kon_Latn,microsoft/harrier-oss-v1-270m,0.9573647545566608
ibo_Latn,ita_Latn,microsoft/harrier-oss-v1-270m,0.9573594583587117
hat_Latn,som_Latn,intfloat/multilingual-e5-large,0.9571821295650214
ssw_Latn,tso_Latn,intfloat/multilingual-e5-large,0.9571677062751835
lao_Laoo,srp_Cyrl,intfloat/multilingual-e5-large,0.957143310245956
eng_Latn,scn_Latn,microsoft/harrier-oss-v1-270m,0.9571183074636092
arz_Arab,lit_Latn,microsoft/harrier-oss-v1-270m,0.9570571900695333
tir_Ethi,xho_Latn,microsoft/harrier-oss-v1-270m,0.9569924021656449
nya_Latn,slk_Latn,microsoft/harrier-oss-v1-270m,0.9569672022636436
plt_Latn,sun_Latn,intfloat/multilingual-e5-large,0.9569528249858394
snd_Arab,tha_Thai,microsoft/harrier-oss-v1-270m,0.9568858917614915
ary_Arab,est_Latn,Alibaba-NLP/gte-multilingual-base,0.9568751806524172
deu_Latn,ibo_Latn,intfloat/multilingual-e5-large,0.9568524423312001
som_Latn,tsn_Latn,intfloat/multilingual-e5-large,0.9568266501287483
som_Latn,zho_Hant,microsoft/harrier-oss-v1-270m,0.9567834456751098
khm_Khmr,khk_Cyrl,intfloat/multilingual-e5-large,0.9567683675581491
jpn_Jpan,sun_Latn,microsoft/harrier-oss-v1-270m,0.9567495824652199
hun_Latn,kin_Latn,intfloat/multilingual-e5-large,0.956706754632509
eng_Latn,ltg_Latn,microsoft/harrier-oss-v1-270m,0.9567042170802924
ilo_Latn,hun_Latn,microsoft/harrier-oss-v1-270m,0.956664083809847
hun_Latn,som_Latn,intfloat/multilingual-e5-large,0.9566550322454195
cym_Latn,hau_Latn,intfloat/multilingual-e5-large,0.9566321830962083
som_Latn,swe_Latn,microsoft/harrier-oss-v1-270m,0.9565738396134668
ces_Latn,ibo_Latn,microsoft/harrier-oss-v1-270m,0.956361965130627
deu_Latn,kmr_Latn,intfloat/multilingual-e5-large,0.9562472399215094
kat_Geor,kmr_Latn,intfloat/multilingual-e5-large,0.9562056340906115
spa_Latn,hau_Latn,intfloat/multilingual-e5-large,0.9562013632360085
guj_Gujr,kin_Latn,microsoft/harrier-oss-v1-270m,0.9561971995725551
fin_Latn,som_Latn,intfloat/multilingual-e5-large,0.9561954907649393
hau_Latn,zsm_Latn,intfloat/multilingual-e5-large,0.956095249453359
kan_Knda,som_Latn,intfloat/multilingual-e5-large,0.9560789554195408
mri_Latn,por_Latn,microsoft/harrier-oss-v1-270m,0.9560282500956636
spa_Latn,ibo_Latn,intfloat/multilingual-e5-large,0.9560230225657329
hat_Latn,lvs_Latn,microsoft/harrier-oss-v1-270m,0.9560069226290177
ilo_Latn,sun_Latn,intfloat/multilingual-e5-large,0.9560035302265781
kaz_Cyrl,kmr_Latn,intfloat/multilingual-e5-large,0.9559519566982266
hun_Latn,ilo_Latn,microsoft/harrier-oss-v1-270m,0.9559506473044138
kin_Latn,slv_Latn,microsoft/harrier-oss-v1-270m,0.9559235437028266
isl_Latn,tgk_Cyrl,intfloat/multilingual-e5-large,0.9559014341051904
kin_Latn,ssw_Latn,intfloat/multilingual-e5-large,0.9558924519009993
swh_Latn,tum_Latn,intfloat/multilingual-e5-large,0.9558684575587516
fra_Latn,hau_Latn,intfloat/multilingual-e5-large,0.9558482160484421
isl_Latn,som_Latn,intfloat/multilingual-e5-large,0.9557216145807116
ind_Latn,kmr_Latn,intfloat/multilingual-e5-large,0.9557138639715554
sot_Latn,tir_Ethi,intfloat/multilingual-e5-large,0.9556698208964629
dan_Latn,ibo_Latn,microsoft/harrier-oss-v1-270m,0.9556640670106944
slk_Latn,som_Latn,intfloat/multilingual-e5-large,0.9554647034804893
ilo_Latn,srp_Cyrl,microsoft/harrier-oss-v1-270m,0.9554335182807834
ary_Arab,lit_Latn,microsoft/harrier-oss-v1-270m,0.9553940868067576
afr_Latn,ibo_Latn,intfloat/multilingual-e5-large,0.9553568851690626
kin_Latn,srp_Cyrl,microsoft/harrier-oss-v1-270m,0.9553324607409965
hau_Latn,kor_Hang,microsoft/harrier-oss-v1-270m,0.9553048409751472
glg_Latn,hau_Latn,intfloat/multilingual-e5-large,0.95522332621067
lit_Latn,kin_Latn,microsoft/harrier-oss-v1-270m,0.9552140004308265
gle_Latn,lit_Latn,microsoft/harrier-oss-v1-270m,0.9552022297742584
tha_Thai,xho_Latn,microsoft/harrier-oss-v1-270m,0.9551876374518177
ibo_Latn,nya_Latn,intfloat/multilingual-e5-large,0.9551315856301403
nld_Latn,hau_Latn,intfloat/multilingual-e5-large,0.955128972468183
ibo_Latn,nld_Latn,microsoft/harrier-oss-v1-270m,0.9551130485551778
lao_Laoo,rus_Cyrl,intfloat/multilingual-e5-large,0.9550997997553373
isl_Latn,ukr_Cyrl,intfloat/multilingual-e5-large,0.9550050162096916
eus_Latn,tgk_Cyrl,intfloat/multilingual-e5-large,0.9549967868137256
hin_Deva,kas_Deva,Alibaba-NLP/gte-multilingual-base,0.9549674290610431
jpn_Jpan,snd_Arab,intfloat/multilingual-e5-large,0.9548604672465384
guj_Gujr,kas_Deva,Alibaba-NLP/gte-multilingual-base,0.9548322751772657
est_Latn,hau_Latn,intfloat/multilingual-e5-large,0.9547339014511308
afr_Latn,lim_Latn,intfloat/multilingual-e5-large,0.954702791582068
kin_Latn,som_Latn,intfloat/multilingual-e5-large,0.9546756851784942
bul_Cyrl,hau_Latn,intfloat/multilingual-e5-large,0.9546441312694665
eus_Latn,kor_Hang,Alibaba-NLP/gte-multilingual-base,0.9546192110310798
mya_Mymr,sun_Latn,microsoft/harrier-oss-v1-270m,0.954566810849462
ell_Grek,ilo_Latn,microsoft/harrier-oss-v1-270m,0.9545436624576333
ita_Latn,mri_Latn,microsoft/harrier-oss-v1-270m,0.9545208816986961
kmr_Latn,urd_Arab,intfloat/multilingual-e5-large,0.9544271323874828
som_Latn,zho_Hans,microsoft/harrier-oss-v1-270m,0.9544103509060708
plt_Latn,tha_Thai,microsoft/harrier-oss-v1-270m,0.9544011503230407
ilo_Latn,plt_Latn,microsoft/harrier-oss-v1-270m,0.9543208747430842
jpn_Jpan,khm_Khmr,microsoft/harrier-oss-v1-270m,0.9543173984294425
ibo_Latn,tsn_Latn,intfloat/multilingual-e5-large,0.954192131962166
ell_Grek,som_Latn,intfloat/multilingual-e5-large,0.9541680593926363
hrv_Latn,mri_Latn,intfloat/multilingual-e5-large,0.9541223538306234
ary_Arab,xho_Latn,microsoft/harrier-oss-v1-270m,0.9540944057265968
fao_Latn,fra_Latn,intfloat/multilingual-e5-large,0.9540841205924651
sot_Latn,tum_Latn,intfloat/multilingual-e5-large,0.9539885838691012
bel_Cyrl,hau_Latn,intfloat/multilingual-e5-large,0.9539658622622946
sna_Latn,srp_Cyrl,microsoft/harrier-oss-v1-270m,0.9538717851851646
hau_Latn,hrv_Latn,intfloat/multilingual-e5-large,0.9538436067731394
tsn_Latn,zho_Hant,microsoft/harrier-oss-v1-270m,0.9537867694732168
hau_Latn,mal_Mlym,intfloat/multilingual-e5-large,0.9537427511136614
afr_Latn,hau_Latn,intfloat/multilingual-e5-large,0.9537414508720146
jpn_Jpan,plt_Latn,microsoft/harrier-oss-v1-270m,0.9536764205606028
twi_Latn,zul_Latn,intfloat/multilingual-e5-large,0.9536581969205541
ibo_Latn,rus_Cyrl,microsoft/harrier-oss-v1-270m,0.9535051067181362
lao_Laoo,nld_Latn,microsoft/harrier-oss-v1-270m,0.9534656894292298
ind_Latn,ibo_Latn,microsoft/harrier-oss-v1-270m,0.9533082911146247
hin_Deva,ilo_Latn,microsoft/harrier-oss-v1-270m,0.9533064860621824
swh_Latn,twi_Latn,intfloat/multilingual-e5-large,0.9532713318690322
hun_Latn,ibo_Latn,intfloat/multilingual-e5-large,0.9532675085386583
spa_Latn,scn_Latn,intfloat/multilingual-e5-large,0.953247274534054
glg_Latn,ibo_Latn,microsoft/harrier-oss-v1-270m,0.9531912097426164
hun_Latn,kmr_Latn,intfloat/multilingual-e5-large,0.9531608791062693
ary_Arab,lvs_Latn,Alibaba-NLP/gte-multilingual-base,0.9531229448974188
bel_Cyrl,kmr_Latn,intfloat/multilingual-e5-large,0.9531088970744106
bel_Cyrl,ibo_Latn,intfloat/multilingual-e5-large,0.9530960424255798
kin_Latn,hun_Latn,microsoft/harrier-oss-v1-270m,0.9530937859526629
ekk_Latn,kin_Latn,intfloat/multilingual-e5-large,0.9530508218951532
ibo_Latn,sna_Latn,intfloat/multilingual-e5-large,0.9529346510973509
plt_Latn,tam_Taml,microsoft/harrier-oss-v1-270m,0.9529075228169223
asm_Beng,jpn_Jpan,microsoft/harrier-oss-v1-270m,0.9528677236460039
ibo_Latn,swe_Latn,microsoft/harrier-oss-v1-270m,0.9527433164351301
bak_Cyrl,uig_Arab,intfloat/multilingual-e5-large,0.9526681304781361
run_Latn,tsn_Latn,intfloat/multilingual-e5-large,0.9525244225778406
som_Latn,tur_Latn,microsoft/harrier-oss-v1-270m,0.9525209846585846
apc_Arab,hun_Latn,microsoft/harrier-oss-v1-270m,0.9525148477230396
isl_Latn,plt_Latn,intfloat/multilingual-e5-large,0.9523774158576497
heb_Hebr,kmr_Latn,intfloat/multilingual-e5-large,0.9523186039870453
deu_Latn,mri_Latn,microsoft/harrier-oss-v1-270m,0.9522807585717656
nso_Latn,rus_Cyrl,microsoft/harrier-oss-v1-270m,0.952211290376928
kor_Hang,som_Latn,microsoft/harrier-oss-v1-270m,0.9522043134799434
fao_Latn,zho_Hans,microsoft/harrier-oss-v1-270m,0.952196101606248
ibo_Latn,run_Latn,microsoft/harrier-oss-v1-270m,0.952169260131597
sna_Latn,som_Latn,intfloat/multilingual-e5-large,0.9520926816326667
nya_Latn,som_Latn,intfloat/multilingual-e5-large,0.9520617893665836
hau_Latn,tsn_Latn,intfloat/multilingual-e5-large,0.9520329980582113
hau_Latn,hat_Latn,intfloat/multilingual-e5-large,0.9519951502032618
ell_Grek,kmr_Latn,intfloat/multilingual-e5-large,0.9519944938025148
ast_Latn,hau_Latn,intfloat/multilingual-e5-large,0.951992081134501
tir_Ethi,tsn_Latn,microsoft/harrier-oss-v1-270m,0.9519874357872511
eus_Latn,jpn_Jpan,intfloat/multilingual-e5-large,0.9519865047437384
hin_Deva,ibo_Latn,intfloat/multilingual-e5-large,0.9519863661865324
est_Latn,som_Latn,microsoft/harrier-oss-v1-270m,0.9519364533808709
eng_Latn,lus_Latn,microsoft/harrier-oss-v1-270m,0.9518190237425732
hye_Armn,ibo_Latn,microsoft/harrier-oss-v1-270m,0.9517542321285303
heb_Hebr,ibo_Latn,microsoft/harrier-oss-v1-270m,0.9517336640487437
tum_Latn,xho_Latn,intfloat/multilingual-e5-large,0.9516960999239392
nya_Latn,slv_Latn,microsoft/harrier-oss-v1-270m,0.9516271854607214
som_Latn,vie_Latn,microsoft/harrier-oss-v1-270m,0.951623450469312
ibo_Latn,tur_Latn,microsoft/harrier-oss-v1-270m,0.9515181894744538
apc_Arab,jpn_Jpan,microsoft/harrier-oss-v1-270m,0.9514991198833271
amh_Ethi,kmr_Latn,intfloat/multilingual-e5-large,0.9514547053782056
mri_Latn,nob_Latn,microsoft/harrier-oss-v1-270m,0.9513293204079496
eng_Latn,kik_Latn,microsoft/harrier-oss-v1-270m,0.9513195964352448
ibo_Latn,kat_Geor,intfloat/multilingual-e5-large,0.9512995114101723
arz_Arab,eus_Latn,intfloat/multilingual-e5-large,0.9512467162133857
hau_Latn,nso_Latn,intfloat/multilingual-e5-large,0.9512449300410105
dan_Latn,hau_Latn,intfloat/multilingual-e5-large,0.9512108449952257
khm_Khmr,lit_Latn,microsoft/harrier-oss-v1-270m,0.9511907621085012
som_Latn,tgk_Cyrl,microsoft/harrier-oss-v1-270m,0.9511618506112447
eus_Latn,kin_Latn,intfloat/multilingual-e5-large,0.951155532693962
fra_Latn,mri_Latn,microsoft/harrier-oss-v1-270m,0.9511123521281716
heb_Hebr,mri_Latn,microsoft/harrier-oss-v1-270m,0.9510258915195939
amh_Ethi,eus_Latn,intfloat/multilingual-e5-large,0.9510088848915796
hat_Latn,ibo_Latn,microsoft/harrier-oss-v1-270m,0.9509918856885662
fra_Latn,scn_Latn,microsoft/harrier-oss-v1-270m,0.9509422752356493
eus_Latn,zho_Hans,Alibaba-NLP/gte-multilingual-base,0.9509393705380104
ace_Latn,rus_Cyrl,microsoft/harrier-oss-v1-270m,0.9508071798387522
amh_Ethi,mri_Latn,microsoft/harrier-oss-v1-270m,0.9507371636664249
eng_Latn,bem_Latn,microsoft/harrier-oss-v1-270m,0.9507243761165504
khm_Khmr,sun_Latn,intfloat/multilingual-e5-large,0.9506885664951061
hau_Latn,kat_Geor,intfloat/multilingual-e5-large,0.9506669362476963
eng_Latn,gaz_Latn,microsoft/harrier-oss-v1-270m,0.95064096539783
mri_Latn,nld_Latn,microsoft/harrier-oss-v1-270m,0.9504186702161672
sna_Latn,tir_Ethi,intfloat/multilingual-e5-large,0.9503207309147301
lin_Latn,tso_Latn,intfloat/multilingual-e5-large,0.9503024830712128
jpn_Jpan,kin_Latn,microsoft/harrier-oss-v1-270m,0.9503003645559847
ces_Latn,mri_Latn,microsoft/harrier-oss-v1-270m,0.9502977881485684
eng_Latn,twi_Latn,microsoft/harrier-oss-v1-270m,0.9502764291150712
isl_Latn,kmr_Latn,intfloat/multilingual-e5-large,0.9502696678910707
eus_Latn,ilo_Latn,intfloat/multilingual-e5-large,0.9502352390385986
hau_Latn,nya_Latn,intfloat/multilingual-e5-large,0.9501954315188712
lit_Latn,som_Latn,intfloat/multilingual-e5-large,0.950163696231564
sna_Latn,tha_Thai,microsoft/harrier-oss-v1-270m,0.9501550233529206
bel_Cyrl,ilo_Latn,intfloat/multilingual-e5-large,0.9501449025781251
amh_Ethi,isl_Latn,intfloat/multilingual-e5-large,0.950117661334873
ell_Grek,ibo_Latn,intfloat/multilingual-e5-large,0.9501098625894234
apc_Arab,tha_Thai,microsoft/harrier-oss-v1-270m,0.9500585020438381
lao_Laoo,swe_Latn,microsoft/harrier-oss-v1-270m,0.9500144441084659
ssw_Latn,zho_Hans,microsoft/harrier-oss-v1-270m,0.9499877519639598
ssw_Latn,swe_Latn,microsoft/harrier-oss-v1-270m,0.9499778846613303
fin_Latn,ilo_Latn,microsoft/harrier-oss-v1-270m,0.9498238208684862
ell_Grek,fao_Latn,intfloat/multilingual-e5-large,0.949819237770753
ibo_Latn,pol_Latn,microsoft/harrier-oss-v1-270m,0.9497997361617412
lim_Latn,nld_Latn,microsoft/harrier-oss-v1-270m,0.9497656276206541
gle_Latn,isl_Latn,intfloat/multilingual-e5-large,0.9497067051867516
guj_Gujr,kmr_Latn,intfloat/multilingual-e5-large,0.949538806604304
kor_Hang,mri_Latn,microsoft/harrier-oss-v1-270m,0.9493948949250826
scn_Latn,nld_Latn,microsoft/harrier-oss-v1-270m,0.9493313345482539
ces_Latn,scn_Latn,microsoft/harrier-oss-v1-270m,0.9493155576251529
som_Latn,tel_Telu,intfloat/multilingual-e5-large,0.9493140069582745
cat_Latn,hau_Latn,intfloat/multilingual-e5-large,0.9492582877770306
ibo_Latn,kaz_Cyrl,intfloat/multilingual-e5-large,0.9491411536914511
lin_Latn,som_Latn,intfloat/multilingual-e5-large,0.9491255079104919
lvs_Latn,tha_Thai,intfloat/multilingual-e5-large,0.9491130442402163
jav_Latn,mri_Latn,intfloat/multilingual-e5-large,0.9490921210227377
afr_Latn,mri_Latn,intfloat/multilingual-e5-large,0.9488069562657186
plt_Latn,mya_Mymr,microsoft/harrier-oss-v1-270m,0.9487417377605862
khm_Khmr,som_Latn,intfloat/multilingual-e5-large,0.9487174161801715
sot_Latn,twi_Latn,intfloat/multilingual-e5-large,0.9486868730842757
fin_Latn,kmr_Latn,intfloat/multilingual-e5-large,0.9485954204027935
som_Latn,ukr_Cyrl,microsoft/harrier-oss-v1-270m,0.9485003571093001
aka_Latn,fra_Latn,microsoft/harrier-oss-v1-270m,0.9484873352683632
fin_Latn,ibo_Latn,microsoft/harrier-oss-v1-270m,0.948437418724793
fao_Latn,nld_Latn,microsoft/harrier-oss-v1-270m,0.9483851115706223
amh_Ethi,ibo_Latn,microsoft/harrier-oss-v1-270m,0.9483006957871147
asm_Beng,kin_Latn,microsoft/harrier-oss-v1-270m,0.9482501572826159
spa_Latn,ace_Latn,microsoft/harrier-oss-v1-270m,0.9481976321494175
scn_Latn,swe_Latn,microsoft/harrier-oss-v1-270m,0.9481884901626993
kin_Latn,tir_Ethi,microsoft/harrier-oss-v1-270m,0.9481600487163804
hin_Deva,kmr_Latn,intfloat/multilingual-e5-large,0.9480988692220998
mri_Latn,swe_Latn,microsoft/harrier-oss-v1-270m,0.9479920842806988
nya_Latn,srp_Cyrl,microsoft/harrier-oss-v1-270m,0.9478037596725344
apc_Arab,fin_Latn,microsoft/harrier-oss-v1-270m,0.9477527724966546
tum_Latn,zul_Latn,intfloat/multilingual-e5-large,0.9477432134254288
afr_Latn,kik_Latn,intfloat/multilingual-e5-large,0.9477396973372584
twi_Latn,xho_Latn,intfloat/multilingual-e5-large,0.947713602293712
azj_Latn,hau_Latn,intfloat/multilingual-e5-large,0.9477031543861644
fij_Latn,war_Latn,microsoft/harrier-oss-v1-270m,0.9476762097011672
som_Latn,tir_Ethi,intfloat/multilingual-e5-large,0.9476553078033392
ilo_Latn,lit_Latn,microsoft/harrier-oss-v1-270m,0.9475655854407175
mri_Latn,sin_Sinh,microsoft/harrier-oss-v1-270m,0.9474674832681886
lao_Laoo,tur_Latn,microsoft/harrier-oss-v1-270m,0.9474605883961337
hau_Latn,ltz_Latn,intfloat/multilingual-e5-large,0.9473533744405812
scn_Latn,ron_Latn,microsoft/harrier-oss-v1-270m,0.9473207084812079
azb_Arab,eng_Latn,microsoft/harrier-oss-v1-270m,0.9472871177852914
ibo_Latn,mar_Deva,intfloat/multilingual-e5-large,0.9472810398373166
ilo_Latn,mar_Deva,microsoft/harrier-oss-v1-270m,0.9472690064424827
ibo_Latn,ron_Latn,microsoft/harrier-oss-v1-270m,0.9471919220992209
bul_Cyrl,scn_Latn,microsoft/harrier-oss-v1-270m,0.9471319512350268
ces_Latn,fao_Latn,intfloat/multilingual-e5-large,0.9471060524969964
hat_Latn,mri_Latn,microsoft/harrier-oss-v1-270m,0.9470822744292011
hau_Latn,sna_Latn,intfloat/multilingual-e5-large,0.9470183830055006
dan_Latn,mri_Latn,microsoft/harrier-oss-v1-270m,0.9469037073523401
ssw_Latn,tur_Latn,microsoft/harrier-oss-v1-270m,0.9468594648455547
hau_Latn,snd_Arab,intfloat/multilingual-e5-large,0.9468203498627502
dan_Latn,scn_Latn,microsoft/harrier-oss-v1-270m,0.9467787894892987
isl_Latn,jpn_Jpan,intfloat/multilingual-e5-large,0.9467189104552869
dan_Latn,kmr_Latn,intfloat/multilingual-e5-large,0.9467117800294707
heb_Hebr,hau_Latn,intfloat/multilingual-e5-large,0.946627383367117
khm_Khmr,nya_Latn,intfloat/multilingual-e5-large,0.9465806924783076
mri_Latn,als_Latn,microsoft/harrier-oss-v1-270m,0.9465634211891352
kor_Hang,lim_Latn,microsoft/harrier-oss-v1-270m,0.9465296398890616
lim_Latn,zho_Hans,microsoft/harrier-oss-v1-270m,0.9465246808397776
mri_Latn,vie_Latn,microsoft/harrier-oss-v1-270m,0.9465242898763466
tgl_Latn,yor_Latn,intfloat/multilingual-e5-large,0.9464219351378262
eng_Latn,fry_Latn,intfloat/multilingual-e5-large,0.9463723003645184
mri_Latn,pol_Latn,microsoft/harrier-oss-v1-270m,0.946366406386415
gla_Latn,zho_Hans,microsoft/harrier-oss-v1-270m,0.9462184494805724
nya_Latn,tir_Ethi,intfloat/multilingual-e5-large,0.946195874339031
mri_Latn,urd_Arab,microsoft/harrier-oss-v1-270m,0.9461674434456631
lao_Laoo,ron_Latn,microsoft/harrier-oss-v1-270m,0.946113049102218
azb_Arab,por_Latn,microsoft/harrier-oss-v1-270m,0.9460414242740252
lao_Laoo,pol_Latn,microsoft/harrier-oss-v1-270m,0.9459985284712618
jpn_Jpan,xho_Latn,microsoft/harrier-oss-v1-270m,0.9459775614928851
ces_Latn,hau_Latn,intfloat/multilingual-e5-large,0.9459768828143651
ibo_Latn,ukr_Cyrl,microsoft/harrier-oss-v1-270m,0.9459435099235308
ilo_Latn,tha_Thai,microsoft/harrier-oss-v1-270m,0.9458305017652895
afr_Latn,tum_Latn,intfloat/multilingual-e5-large,0.9457945399442386
ces_Latn,kmr_Latn,intfloat/multilingual-e5-large,0.9457166470413191
lao_Laoo,lvs_Latn,intfloat/multilingual-e5-large,0.945688302503146
hau_Latn,mar_Deva,intfloat/multilingual-e5-large,0.9456035883160601
arb_Arab,kmr_Latn,intfloat/multilingual-e5-large,0.9455914413952816
eng_Latn,lim_Latn,microsoft/harrier-oss-v1-270m,0.9455219902485039
bos_Latn,fry_Latn,intfloat/multilingual-e5-large,0.9453140453021746
lin_Latn,run_Latn,microsoft/harrier-oss-v1-270m,0.945082750694918
hye_Armn,mri_Latn,microsoft/harrier-oss-v1-270m,0.9449661213341047
pol_Latn,hau_Latn,intfloat/multilingual-e5-large,0.9449478378959553
lao_Laoo,tha_Thai,microsoft/harrier-oss-v1-270m,0.9449424771646756
fij_Latn,jav_Latn,microsoft/harrier-oss-v1-270m,0.944738104068828
ibo_Latn,mkd_Cyrl,microsoft/harrier-oss-v1-270m,0.9447208717764731
mri_Latn,mkd_Cyrl,microsoft/harrier-oss-v1-270m,0.9445852768500996
ydd_Hebr,zho_Hans,Alibaba-NLP/gte-multilingual-base,0.944455731750806
eng_Latn,azb_Arab,microsoft/harrier-oss-v1-270m,0.9442394211321414
bul_Cyrl,gla_Latn,microsoft/harrier-oss-v1-270m,0.9442380139164801
lao_Laoo,slk_Latn,microsoft/harrier-oss-v1-270m,0.9442248769200142
fin_Latn,fao_Latn,intfloat/multilingual-e5-large,0.9441977118718841
fin_Latn,mri_Latn,microsoft/harrier-oss-v1-270m,0.9441910918138917
scn_Latn,pol_Latn,microsoft/harrier-oss-v1-270m,0.9441813025053811
plt_Latn,mri_Latn,microsoft/harrier-oss-v1-270m,0.9441054398687763
afr_Latn,fry_Latn,intfloat/multilingual-e5-large,0.9440623213580605
kin_Latn,tha_Thai,microsoft/harrier-oss-v1-270m,0.9438532367795116
hau_Latn,som_Latn,intfloat/multilingual-e5-large,0.943766953678784
hau_Latn,kaz_Cyrl,intfloat/multilingual-e5-large,0.9437210300764912
lim_Latn,zho_Hant,microsoft/harrier-oss-v1-270m,0.9437148287725584
ilo_Latn,jpn_Jpan,microsoft/harrier-oss-v1-270m,0.9437042073158983
amh_Ethi,tum_Latn,microsoft/harrier-oss-v1-270m,0.9435021940190724
kmr_Latn,pan_Guru,intfloat/multilingual-e5-large,0.9434320886949039
ind_Latn,scn_Latn,intfloat/multilingual-e5-large,0.9434061527727882
srd_Latn,eus_Latn,Alibaba-NLP/gte-multilingual-base,0.9433123422347066
mri_Latn,ukr_Cyrl,microsoft/harrier-oss-v1-270m,0.9431951898182899
mri_Latn,rus_Cyrl,microsoft/harrier-oss-v1-270m,0.9431307838897328
gle_Latn,tha_Thai,microsoft/harrier-oss-v1-270m,0.9430727369087998
ell_Grek,scn_Latn,microsoft/harrier-oss-v1-270m,0.9430695687972364
deu_Latn,scn_Latn,intfloat/multilingual-e5-large,0.9429642503338087
fao_Latn,ita_Latn,microsoft/harrier-oss-v1-270m,0.9429511147053957
lao_Laoo,mkd_Cyrl,intfloat/multilingual-e5-large,0.9429108080177917
fra_Latn,gla_Latn,intfloat/multilingual-e5-large,0.9428882231396494
mri_Latn,ron_Latn,microsoft/harrier-oss-v1-270m,0.9428723793448912
hun_Latn,hau_Latn,intfloat/multilingual-e5-large,0.9428045208580049
jpn_Jpan,sna_Latn,microsoft/harrier-oss-v1-270m,0.9427903345524631
lao_Laoo,ukr_Cyrl,microsoft/harrier-oss-v1-270m,0.942767578710453
spa_Latn,mri_Latn,microsoft/harrier-oss-v1-270m,0.9426623858850277
kin_Latn,tum_Latn,intfloat/multilingual-e5-large,0.9426414473337672
mri_Latn,zho_Hans,microsoft/harrier-oss-v1-270m,0.9426216385060489
hau_Latn,khm_Khmr,intfloat/multilingual-e5-large,0.9424971585339013
hau_Latn,run_Latn,intfloat/multilingual-e5-large,0.9424402830674397
ell_Grek,hau_Latn,intfloat/multilingual-e5-large,0.9423503279922794
mri_Latn,mal_Mlym,microsoft/harrier-oss-v1-270m,0.9422598626164056
amh_Ethi,hau_Latn,intfloat/multilingual-e5-large,0.9422542555805558
ind_Latn,mri_Latn,microsoft/harrier-oss-v1-270m,0.9421804150833393
ibo_Latn,som_Latn,intfloat/multilingual-e5-large,0.9421138392474973
nya_Latn,tha_Thai,microsoft/harrier-oss-v1-270m,0.9419585728370767
ell_Grek,mri_Latn,microsoft/harrier-oss-v1-270m,0.9419038468948284
mya_Mymr,som_Latn,intfloat/multilingual-e5-large,0.9419030733044169
plt_Latn,pag_Latn,microsoft/harrier-oss-v1-270m,0.9418261192742304
ibo_Latn,khm_Khmr,intfloat/multilingual-e5-large,0.9417673200478454
ben_Beng,gla_Latn,microsoft/harrier-oss-v1-270m,0.9417648388444729
hau_Latn,tel_Telu,intfloat/multilingual-e5-large,0.941756630704252
fra_Latn,gaz_Latn,microsoft/harrier-oss-v1-270m,0.9417346747443919
fao_Latn,rus_Cyrl,microsoft/harrier-oss-v1-270m,0.941734235271509
som_Latn,sun_Latn,intfloat/multilingual-e5-large,0.9417280258302135
kan_Knda,kas_Deva,Alibaba-NLP/gte-multilingual-base,0.9416969362233976
fij_Latn,hin_Deva,microsoft/harrier-oss-v1-270m,0.9416895634151056
asm_Beng,eus_Latn,intfloat/multilingual-e5-large,0.9416111956120111
run_Latn,tso_Latn,intfloat/multilingual-e5-large,0.941497370613442
ary_Arab,eus_Latn,Alibaba-NLP/gte-multilingual-base,0.9413552377908352
mri_Latn,smo_Latn,microsoft/harrier-oss-v1-270m,0.9412766883394168
ibo_Latn,slv_Latn,microsoft/harrier-oss-v1-270m,0.941161879841454
apc_Arab,lit_Latn,microsoft/harrier-oss-v1-270m,0.9409980564957573
ibo_Latn,slk_Latn,microsoft/harrier-oss-v1-270m,0.9409242543539877
ibo_Latn,tam_Taml,intfloat/multilingual-e5-large,0.9409001395454979
gle_Latn,lvs_Latn,intfloat/multilingual-e5-large,0.9408374865265161
ekk_Latn,hau_Latn,intfloat/multilingual-e5-large,0.9408333006339952
eus_Latn,hau_Latn,intfloat/multilingual-e5-large,0.94083093491234
scn_Latn,vie_Latn,microsoft/harrier-oss-v1-270m,0.9407716145500893
mri_Latn,tur_Latn,microsoft/harrier-oss-v1-270m,0.9407453162872514
ekk_Latn,ibo_Latn,intfloat/multilingual-e5-large,0.9407120811791716
xho_Latn,jpn_Jpan,microsoft/harrier-oss-v1-270m,0.940699811748378
gla_Latn,swe_Latn,microsoft/harrier-oss-v1-270m,0.9404788157757159
fao_Latn,pol_Latn,microsoft/harrier-oss-v1-270m,0.9404236824878087
ibo_Latn,sun_Latn,intfloat/multilingual-e5-large,0.9404071756690477
som_Latn,srp_Cyrl,microsoft/harrier-oss-v1-270m,0.9403183697948481
ben_Beng,kas_Deva,Alibaba-NLP/gte-multilingual-base,0.9402389238333828
hau_Latn,sun_Latn,intfloat/multilingual-e5-large,0.940228765121779
mri_Latn,zho_Hant,microsoft/harrier-oss-v1-270m,0.9402280635425766
kin_Latn,jpn_Jpan,microsoft/harrier-oss-v1-270m,0.9401713102312135
deu_Latn,lim_Latn,microsoft/harrier-oss-v1-270m,0.9400581315831854
dan_Latn,gla_Latn,microsoft/harrier-oss-v1-270m,0.940012859630894
heb_Hebr,scn_Latn,microsoft/harrier-oss-v1-270m,0.9399786558187846
fra_Latn,twi_Latn,intfloat/multilingual-e5-large,0.9399067391687458
ibo_Latn,mya_Mymr,intfloat/multilingual-e5-large,0.9398342636694301
mri_Latn,slv_Latn,microsoft/harrier-oss-v1-270m,0.9398253445431088
lin_Latn,twi_Latn,intfloat/multilingual-e5-large,0.9397992111109816
hau_Latn,hin_Deva,intfloat/multilingual-e5-large,0.9397101192421443
deu_Latn,gla_Latn,microsoft/harrier-oss-v1-270m,0.9396769792760928
ilo_Latn,tam_Taml,microsoft/harrier-oss-v1-270m,0.9395886975429524
lao_Laoo,slv_Latn,microsoft/harrier-oss-v1-270m,0.9394823452826708
scn_Latn,rus_Cyrl,microsoft/harrier-oss-v1-270m,0.9394694119782008
fao_Latn,ron_Latn,microsoft/harrier-oss-v1-270m,0.9394256050185217
mri_Latn,slk_Latn,microsoft/harrier-oss-v1-270m,0.9393397601235228
bem_Latn,xho_Latn,intfloat/multilingual-e5-large,0.9392503006170244
lim_Latn,eng_Latn,microsoft/harrier-oss-v1-270m,0.9392306907802574
som_Latn,tam_Taml,intfloat/multilingual-e5-large,0.9392107204203962
hat_Latn,isl_Latn,intfloat/multilingual-e5-large,0.9391202554332403
kmr_Latn,xho_Latn,intfloat/multilingual-e5-large,0.9391075981177576
fao_Latn,slk_Latn,microsoft/harrier-oss-v1-270m,0.9391067704660769
hun_Latn,mri_Latn,microsoft/harrier-oss-v1-270m,0.9390091898863677
fao_Latn,srp_Cyrl,intfloat/multilingual-e5-large,0.9389891804245646
afr_Latn,twi_Latn,intfloat/multilingual-e5-large,0.9389808118726535
bel_Cyrl,mri_Latn,microsoft/harrier-oss-v1-270m,0.9388880516995126
ibo_Latn,tso_Latn,intfloat/multilingual-e5-large,0.9385399268737666
bem_Latn,eng_Latn,microsoft/harrier-oss-v1-270m,0.9385229584492109
deu_Latn,fry_Latn,Alibaba-NLP/gte-multilingual-base,0.938427385009474
ibo_Latn,tel_Telu,microsoft/harrier-oss-v1-270m,0.9383384718207549
hau_Latn,lin_Latn,intfloat/multilingual-e5-large,0.9383220290017159
run_Latn,tum_Latn,intfloat/multilingual-e5-large,0.9380097647364526
fao_Latn,ind_Latn,microsoft/harrier-oss-v1-270m,0.9378775342543656
als_Latn,yor_Latn,intfloat/multilingual-e5-large,0.9378287943226606
scn_Latn,tur_Latn,microsoft/harrier-oss-v1-270m,0.9378018129091221
asm_Beng,isl_Latn,intfloat/multilingual-e5-large,0.9376742708325394
jpn_Jpan,nya_Latn,microsoft/harrier-oss-v1-270m,0.9375097737899001
ben_Beng,yor_Latn,intfloat/multilingual-e5-large,0.9374438732012
sna_Latn,tum_Latn,intfloat/multilingual-e5-large,0.937430472542291
ckb_Arab,kmr_Latn,intfloat/multilingual-e5-large,0.9373889510330482
tsn_Latn,twi_Latn,intfloat/multilingual-e5-large,0.9372280190555664
hrv_Latn,lim_Latn,intfloat/multilingual-e5-large,0.9371484233241217
som_Latn,tso_Latn,intfloat/multilingual-e5-large,0.9371304442882276
azb_Arab,fra_Latn,microsoft/harrier-oss-v1-270m,0.9370863014867314
ibo_Latn,kin_Latn,microsoft/harrier-oss-v1-270m,0.9370802454425942
dan_Latn,lim_Latn,microsoft/harrier-oss-v1-270m,0.9370757132380902
dan_Latn,fry_Latn,Alibaba-NLP/gte-multilingual-base,0.9370385831377052
ben_Beng,fry_Latn,intfloat/multilingual-e5-large,0.9370093160160772
hin_Deva,mri_Latn,microsoft/harrier-oss-v1-270m,0.9369812085732788
hau_Latn,srd_Latn,microsoft/harrier-oss-v1-270m,0.9369467510540346
lvs_Latn,mri_Latn,intfloat/multilingual-e5-large,0.936900581941907
fao_Latn,heb_Hebr,microsoft/harrier-oss-v1-270m,0.9368686959911685
fry_Latn,swe_Latn,Alibaba-NLP/gte-multilingual-base,0.9368405109788844
ilo_Latn,lao_Laoo,intfloat/multilingual-e5-large,0.9366470430159618
hun_Latn,fao_Latn,microsoft/harrier-oss-v1-270m,0.9364576333370709
fin_Latn,hau_Latn,intfloat/multilingual-e5-large,0.9362243444482907
afr_Latn,bem_Latn,Alibaba-NLP/gte-multilingual-base,0.9362121279457896
bem_Latn,nya_Latn,intfloat/multilingual-e5-large,0.9361220072451444
scn_Latn,slk_Latn,microsoft/harrier-oss-v1-270m,0.9360317922836505
mri_Latn,srp_Cyrl,microsoft/harrier-oss-v1-270m,0.9360209299197588
ary_Arab,isl_Latn,Alibaba-NLP/gte-multilingual-base,0.9358789658357892
ekk_Latn,mri_Latn,intfloat/multilingual-e5-large,0.9358014573320772
gle_Latn,hau_Latn,intfloat/multilingual-e5-large,0.9357621653914576
fao_Latn,mkd_Cyrl,microsoft/harrier-oss-v1-270m,0.9357286174756668
bos_Latn,lim_Latn,intfloat/multilingual-e5-large,0.9356476005818541
ibo_Latn,tha_Thai,microsoft/harrier-oss-v1-270m,0.9355985747649772
hun_Latn,scn_Latn,intfloat/multilingual-e5-large,0.9354812962147754
hau_Latn,tam_Taml,intfloat/multilingual-e5-large,0.9354272574531487
sna_Latn,twi_Latn,intfloat/multilingual-e5-large,0.9353760761152108
fao_Latn,ukr_Cyrl,microsoft/harrier-oss-v1-270m,0.9352649550935517
lim_Latn,srd_Latn,microsoft/harrier-oss-v1-270m,0.9352628520390182
kmr_Latn,zho_Hant,microsoft/harrier-oss-v1-270m,0.935235567925217
fra_Latn,fry_Latn,Alibaba-NLP/gte-multilingual-base,0.9352035199843116
cat_Latn,mri_Latn,intfloat/multilingual-e5-large,0.9351951346162576
kat_Geor,mri_Latn,microsoft/harrier-oss-v1-270m,0.9351941705947423
kmr_Latn,mal_Mlym,intfloat/multilingual-e5-large,0.9351654104314976
kmr_Latn,kir_Cyrl,intfloat/multilingual-e5-large,0.9351218802483644
ibo_Latn,srp_Cyrl,microsoft/harrier-oss-v1-270m,0.9350580842720815
ces_Latn,gla_Latn,microsoft/harrier-oss-v1-270m,0.9350008568917626
fra_Latn,lim_Latn,microsoft/harrier-oss-v1-270m,0.934994953692685
gla_Latn,nld_Latn,microsoft/harrier-oss-v1-270m,0.9349440393576678
bul_Cyrl,lim_Latn,microsoft/harrier-oss-v1-270m,0.9348728504752247
lit_Latn,mri_Latn,microsoft/harrier-oss-v1-270m,0.934617088262014
gle_Latn,jpn_Jpan,microsoft/harrier-oss-v1-270m,0.9344148582890477
srd_Latn,lim_Latn,microsoft/harrier-oss-v1-270m,0.934382422704571
swh_Latn,yor_Latn,intfloat/multilingual-e5-large,0.9342651418170469
yor_Latn,zul_Latn,intfloat/multilingual-e5-large,0.9342612030279454
gla_Latn,hrv_Latn,microsoft/harrier-oss-v1-270m,0.9341159631304508
bem_Latn,zul_Latn,microsoft/harrier-oss-v1-270m,0.9339337553047794
spa_Latn,gla_Latn,microsoft/harrier-oss-v1-270m,0.9338013623263777
nya_Latn,twi_Latn,intfloat/multilingual-e5-large,0.9337883033305578
tso_Latn,tum_Latn,intfloat/multilingual-e5-large,0.9337771374871972
kmr_Latn,tgk_Cyrl,microsoft/harrier-oss-v1-270m,0.9334725044593177
lim_Latn,ita_Latn,microsoft/harrier-oss-v1-270m,0.9333888347363917
ita_Latn,lim_Latn,microsoft/harrier-oss-v1-270m,0.9333571250913055
amh_Ethi,twi_Latn,intfloat/multilingual-e5-large,0.9332674541414059
kmr_Latn,mar_Deva,intfloat/multilingual-e5-large,0.9332100597026634
gla_Latn,mkd_Cyrl,microsoft/harrier-oss-v1-270m,0.9331539923208072
mri_Latn,war_Latn,microsoft/harrier-oss-v1-270m,0.933075057631271
kmr_Latn,swe_Latn,microsoft/harrier-oss-v1-270m,0.9328946429117797
mkd_Cyrl,lim_Latn,intfloat/multilingual-e5-large,0.932754990767297
scn_Latn,slv_Latn,microsoft/harrier-oss-v1-270m,0.9326090368700053
gla_Latn,ita_Latn,microsoft/harrier-oss-v1-270m,0.9325076798665572
isl_Latn,mri_Latn,intfloat/multilingual-e5-large,0.9323964639850402
nso_Latn,twi_Latn,intfloat/multilingual-e5-large,0.9323737384184113
lim_Latn,tgl_Latn,intfloat/multilingual-e5-large,0.9323413380386381
lim_Latn,swe_Latn,microsoft/harrier-oss-v1-270m,0.9323243161947816
fao_Latn,slv_Latn,microsoft/harrier-oss-v1-270m,0.93229374459777
bem_Latn,fra_Latn,microsoft/harrier-oss-v1-270m,0.9322062588167032
eng_Latn,roh_Latn,intfloat/multilingual-e5-large,0.93218174846236
kmr_Latn,zho_Hans,microsoft/harrier-oss-v1-270m,0.931957981101749
lim_Latn,hrv_Latn,microsoft/harrier-oss-v1-270m,0.931904689289048
twi_Latn,fra_Latn,microsoft/harrier-oss-v1-270m,0.9318842396916787
kor_Hang,kmr_Latn,microsoft/harrier-oss-v1-270m,0.931636443385126
gla_Latn,ron_Latn,microsoft/harrier-oss-v1-270m,0.9316102464075589
sot_Latn,yor_Latn,intfloat/multilingual-e5-large,0.9313299309380588
fin_Latn,scn_Latn,microsoft/harrier-oss-v1-270m,0.9311326868913011
mri_Latn,mar_Deva,microsoft/harrier-oss-v1-270m,0.930836039047255
sin_Sinh,yor_Latn,intfloat/multilingual-e5-large,0.9307204197304255
fry_Latn,ron_Latn,Alibaba-NLP/gte-multilingual-base,0.9307083740362908
gla_Latn,rus_Cyrl,microsoft/harrier-oss-v1-270m,0.9306696702207744
fry_Latn,ita_Latn,Alibaba-NLP/gte-multilingual-base,0.9306669640542302
azb_Arab,rus_Cyrl,microsoft/harrier-oss-v1-270m,0.9306472753543353
fry_Latn,pol_Latn,Alibaba-NLP/gte-multilingual-base,0.9303293163316946
fij_Latn,smo_Latn,microsoft/harrier-oss-v1-270m,0.9302601456302344
lug_Latn,zul_Latn,intfloat/multilingual-e5-large,0.9301037690234061
gla_Latn,pol_Latn,microsoft/harrier-oss-v1-270m,0.9299073166558747
eng_Latn,ktu_Latn,intfloat/multilingual-e5-large,0.9299057715414252
hau_Latn,tgk_Cyrl,intfloat/multilingual-e5-large,0.9298890141190828
fry_Latn,hrv_Latn,intfloat/multilingual-e5-large,0.9298705485579056
hau_Latn,ita_Latn,intfloat/multilingual-e5-large,0.9297674645725225
kmr_Latn,nld_Latn,microsoft/harrier-oss-v1-270m,0.9294105209504958
kmr_Latn,tur_Latn,microsoft/harrier-oss-v1-270m,0.9293713768513708
tir_Ethi,tso_Latn,microsoft/harrier-oss-v1-270m,0.9291989534649023
lin_Latn,tum_Latn,intfloat/multilingual-e5-large,0.9289890337856784
xho_Latn,yor_Latn,intfloat/multilingual-e5-large,0.928945081103085
hau_Latn,mya_Mymr,intfloat/multilingual-e5-large,0.9289351583403741
hau_Latn,ibo_Latn,intfloat/multilingual-e5-large,0.9286947185105117
hau_Latn,nld_Latn,microsoft/harrier-oss-v1-270m,0.9286891383220406
bul_Cyrl,fry_Latn,Alibaba-NLP/gte-multilingual-base,0.9286884503022164
hrv_Latn,yor_Latn,intfloat/multilingual-e5-large,0.928636275472356
tso_Latn,twi_Latn,intfloat/multilingual-e5-large,0.9284164459947482
eng_Latn,lua_Latn,microsoft/harrier-oss-v1-270m,0.928410539510551
bem_Latn,sna_Latn,microsoft/harrier-oss-v1-270m,0.9283956930968976
lim_Latn,fra_Latn,microsoft/harrier-oss-v1-270m,0.9283861716856752
gla_Latn,ukr_Cyrl,microsoft/harrier-oss-v1-270m,0.9283711658340998
hau_Latn,lvs_Latn,intfloat/multilingual-e5-large,0.9280412233375678
run_Latn,som_Latn,intfloat/multilingual-e5-large,0.9280258545467092
hau_Latn,vie_Latn,intfloat/multilingual-e5-large,0.9280058368117152
mri_Latn,tel_Telu,microsoft/harrier-oss-v1-270m,0.9279476459176803
ekk_Latn,yor_Latn,intfloat/multilingual-e5-large,0.9277015906855256
srd_Latn,isl_Latn,Alibaba-NLP/gte-multilingual-base,0.9276569350089888
tsn_Latn,tum_Latn,intfloat/multilingual-e5-large,0.9276065971675111
apc_Arab,ekk_Latn,intfloat/multilingual-e5-large,0.9270910086237596
hau_Latn,tir_Ethi,intfloat/multilingual-e5-large,0.9270073063745023
khm_Khmr,lvs_Latn,intfloat/multilingual-e5-large,0.9266294025207495
afr_Latn,gaz_Latn,microsoft/harrier-oss-v1-270m,0.9265793134658964
mri_Latn,xho_Latn,microsoft/harrier-oss-v1-270m,0.9263097128148474
fry_Latn,tur_Latn,Alibaba-NLP/gte-multilingual-base,0.9261806709623566
kin_Latn,twi_Latn,intfloat/multilingual-e5-large,0.9261499289142442
gla_Latn,heb_Hebr,microsoft/harrier-oss-v1-270m,0.9260531766768012
fao_Latn,tur_Latn,microsoft/harrier-oss-v1-270m,0.9260442621502636
hau_Latn,kin_Latn,intfloat/multilingual-e5-large,0.9259857647758614
hau_Latn,isl_Latn,intfloat/multilingual-e5-large,0.9258715883031837
lim_Latn,pol_Latn,microsoft/harrier-oss-v1-270m,0.9256649330823319
hau_Latn,swe_Latn,microsoft/harrier-oss-v1-270m,0.9255713039002191
hau_Latn,tso_Latn,intfloat/multilingual-e5-large,0.9255371206302407
fry_Latn,jav_Latn,intfloat/multilingual-e5-large,0.9254615270358704
ben_Beng,lim_Latn,microsoft/harrier-oss-v1-270m,0.9253800741324415
ces_Latn,lim_Latn,microsoft/harrier-oss-v1-270m,0.9253265072298902
fij_Latn,sun_Latn,microsoft/harrier-oss-v1-270m,0.9251482566929572
ell_Grek,gla_Latn,microsoft/harrier-oss-v1-270m,0.9250379082692166
fry_Latn,tgl_Latn,intfloat/multilingual-e5-large,0.9245155149252764
ibo_Latn,lit_Latn,microsoft/harrier-oss-v1-270m,0.9244492975724931
kmr_Latn,ukr_Cyrl,microsoft/harrier-oss-v1-270m,0.9243818577592999
run_Latn,tir_Ethi,microsoft/harrier-oss-v1-270m,0.9243277900470374
spa_Latn,lim_Latn,microsoft/harrier-oss-v1-270m,0.9241917377734585
mal_Mlym,yor_Latn,intfloat/multilingual-e5-large,0.9241475144263167
hau_Latn,kik_Latn,intfloat/multilingual-e5-large,0.9241045304525468
ibo_Latn,twi_Latn,intfloat/multilingual-e5-large,0.9241041469378646
kmr_Latn,mkd_Cyrl,microsoft/harrier-oss-v1-270m,0.9240509239439376
kmr_Latn,pol_Latn,microsoft/harrier-oss-v1-270m,0.9240131297258594
gla_Latn,ind_Latn,microsoft/harrier-oss-v1-270m,0.9237348625379571
lim_Latn,ron_Latn,microsoft/harrier-oss-v1-270m,0.9237023354670129
bel_Cyrl,fry_Latn,intfloat/multilingual-e5-large,0.9236021143200552
hau_Latn,srp_Cyrl,intfloat/multilingual-e5-large,0.9235842740320926
urd_Arab,yor_Latn,intfloat/multilingual-e5-large,0.9235556473918778
kmr_Latn,tel_Telu,intfloat/multilingual-e5-large,0.9234687454200644
som_Latn,tha_Thai,microsoft/harrier-oss-v1-270m,0.9233843844751417
lug_Latn,run_Latn,intfloat/multilingual-e5-large,0.9231579494974764
kmr_Latn,rus_Cyrl,microsoft/harrier-oss-v1-270m,0.9231122151553475
lug_Latn,sot_Latn,intfloat/multilingual-e5-large,0.9230207679228055
fao_Latn,hun_Latn,microsoft/harrier-oss-v1-270m,0.9230198523076155
eng_Latn,ewe_Latn,microsoft/harrier-oss-v1-270m,0.9229299138443616
fij_Latn,plt_Latn,microsoft/harrier-oss-v1-270m,0.9227275258242338
gla_Latn,tur_Latn,microsoft/harrier-oss-v1-270m,0.9223564732948368
cat_Latn,lim_Latn,intfloat/multilingual-e5-large,0.9222984863859209
lug_Latn,por_Latn,microsoft/harrier-oss-v1-270m,0.922152718627351
gla_Latn,slk_Latn,microsoft/harrier-oss-v1-270m,0.9220680135128939
cym_Latn,yor_Latn,intfloat/multilingual-e5-large,0.9220636400288773
cat_Latn,yor_Latn,intfloat/multilingual-e5-large,0.9219480718803514
eng_Latn,mni_Beng,microsoft/harrier-oss-v1-270m,0.9217326486984512
lim_Latn,spa_Latn,microsoft/harrier-oss-v1-270m,0.9217082796550227
kmr_Latn,slv_Latn,microsoft/harrier-oss-v1-270m,0.9216679717851618
jpn_Jpan,som_Latn,intfloat/multilingual-e5-large,0.9215251838700377
fra_Latn,lua_Latn,intfloat/multilingual-e5-large,0.9214913204964328
eng_Latn,yor_Latn,intfloat/multilingual-e5-large,0.9214530093271172
lim_Latn,slk_Latn,microsoft/harrier-oss-v1-270m,0.9212588005402571
fao_Latn,lit_Latn,microsoft/harrier-oss-v1-270m,0.921246620376994
kmr_Latn,slk_Latn,microsoft/harrier-oss-v1-270m,0.9212295479447521
kas_Deva,mal_Mlym,Alibaba-NLP/gte-multilingual-base,0.92110823015556
fij_Latn,ilo_Latn,microsoft/harrier-oss-v1-270m,0.9211002421019604
hau_Latn,tum_Latn,intfloat/multilingual-e5-large,0.9208601005215502
lug_Latn,xho_Latn,intfloat/multilingual-e5-large,0.920784399081682
kmr_Latn,ron_Latn,microsoft/harrier-oss-v1-270m,0.9206818673039979
hau_Latn,pol_Latn,microsoft/harrier-oss-v1-270m,0.9205582174373836
bug_Latn,eng_Latn,microsoft/harrier-oss-v1-270m,0.920209104992556
nso_Latn,yor_Latn,intfloat/multilingual-e5-large,0.9201485461817356
gla_Latn,srp_Cyrl,microsoft/harrier-oss-v1-270m,0.9199567853428591
hau_Latn,tur_Latn,intfloat/multilingual-e5-large,0.9197633959756771
fra_Latn,yor_Latn,intfloat/multilingual-e5-large,0.9197474595579107
cym_Latn,fry_Latn,intfloat/multilingual-e5-large,0.919577613821627
fry_Latn,hun_Latn,Alibaba-NLP/gte-multilingual-base,0.919223984202548
bem_Latn,kin_Latn,microsoft/harrier-oss-v1-270m,0.9190303723340428
lim_Latn,nno_Latn,microsoft/harrier-oss-v1-270m,0.919017574225532
ibo_Latn,jpn_Jpan,microsoft/harrier-oss-v1-270m,0.9189760393705835
lim_Latn,rus_Cyrl,microsoft/harrier-oss-v1-270m,0.9186166843927944
hau_Latn,mkd_Cyrl,microsoft/harrier-oss-v1-270m,0.9185756566899288
ilo_Latn,mri_Latn,microsoft/harrier-oss-v1-270m,0.9185656153144066
fur_Latn,isl_Latn,microsoft/harrier-oss-v1-270m,0.918490172759782
mri_Latn,mya_Mymr,microsoft/harrier-oss-v1-270m,0.9183564312353629
lim_Latn,slv_Latn,microsoft/harrier-oss-v1-270m,0.9183341813528906
ind_Latn,lim_Latn,microsoft/harrier-oss-v1-270m,0.918052324798841
tsn_Latn,yor_Latn,intfloat/multilingual-e5-large,0.9180369299688971
afr_Latn,lua_Latn,microsoft/harrier-oss-v1-270m,0.917786389005537
kmr_Latn,srp_Cyrl,intfloat/multilingual-e5-large,0.9177549529346954
hau_Latn,rus_Cyrl,intfloat/multilingual-e5-large,0.9175668480890142
fry_Latn,slv_Latn,Alibaba-NLP/gte-multilingual-base,0.917430243212696
gla_Latn,hin_Deva,microsoft/harrier-oss-v1-270m,0.9172624827332414
kaz_Cyrl,yor_Latn,intfloat/multilingual-e5-large,0.9172319981021021
lug_Latn,tsn_Latn,intfloat/multilingual-e5-large,0.9172216695902919
lao_Laoo,lit_Latn,intfloat/multilingual-e5-large,0.9171288851167266
lim_Latn,ukr_Cyrl,microsoft/harrier-oss-v1-270m,0.9170916263121704
lug_Latn,swh_Latn,intfloat/multilingual-e5-large,0.9169595445589994
ces_Latn,fry_Latn,Alibaba-NLP/gte-multilingual-base,0.9167876736561454
hau_Latn,ind_Latn,microsoft/harrier-oss-v1-270m,0.9167098628643341
kmr_Latn,vie_Latn,microsoft/harrier-oss-v1-270m,0.916652836716527
eng_Latn,kas_Deva,Alibaba-NLP/gte-multilingual-base,0.9161192176526946
spa_Latn,fry_Latn,intfloat/multilingual-e5-large,0.915775139903934
tel_Telu,yor_Latn,intfloat/multilingual-e5-large,0.9156587371997731
fry_Latn,rus_Cyrl,Alibaba-NLP/gte-multilingual-base,0.9156532857995984
isl_Latn,tha_Thai,intfloat/multilingual-e5-large,0.9151524329961005
hau_Latn,ron_Latn,microsoft/harrier-oss-v1-270m,0.9149112543039102
lim_Latn,mkd_Cyrl,microsoft/harrier-oss-v1-270m,0.9148366130653266
tir_Ethi,twi_Latn,microsoft/harrier-oss-v1-270m,0.9144270392309564
nya_Latn,yor_Latn,intfloat/multilingual-e5-large,0.9142832934461652
eng_Latn,tuk_Latn,microsoft/harrier-oss-v1-270m,0.9142364149411236
lim_Latn,ind_Latn,microsoft/harrier-oss-v1-270m,0.9141356360384887
fry_Latn,kat_Geor,intfloat/multilingual-e5-large,0.9136576267358276
ekk_Latn,fry_Latn,intfloat/multilingual-e5-large,0.913579835448596
mkd_Cyrl,yor_Latn,intfloat/multilingual-e5-large,0.9134350873809266
afr_Latn,wol_Latn,intfloat/multilingual-e5-large,0.913253974604164
fry_Latn,mkd_Cyrl,Alibaba-NLP/gte-multilingual-base,0.9131279952343938
hau_Latn,ukr_Cyrl,microsoft/harrier-oss-v1-270m,0.9130608121590311
lim_Latn,vie_Latn,microsoft/harrier-oss-v1-270m,0.9127325177633386
heb_Hebr,lim_Latn,microsoft/harrier-oss-v1-270m,0.9126242404923868
hin_Deva,yor_Latn,intfloat/multilingual-e5-large,0.912255587895522
ewe_Latn,swh_Latn,microsoft/harrier-oss-v1-270m,0.9121082933342152
lit_Latn,lim_Latn,intfloat/multilingual-e5-large,0.9118430437524035
lim_Latn,tur_Latn,microsoft/harrier-oss-v1-270m,0.9117218175878437
eus_Latn,tha_Thai,intfloat/multilingual-e5-large,0.9116733463016837
hau_Latn,twi_Latn,intfloat/multilingual-e5-large,0.9116316310808961
afr_Latn,yor_Latn,intfloat/multilingual-e5-large,0.9115800858627106
srp_Cyrl,yor_Latn,intfloat/multilingual-e5-large,0.9115059514708295
bem_Latn,tsn_Latn,intfloat/multilingual-e5-large,0.9114079147057368
kmr_Latn,tam_Taml,intfloat/multilingual-e5-large,0.9113749310630215
lug_Latn,nso_Latn,intfloat/multilingual-e5-large,0.9112816932148136
ibo_Latn,yor_Latn,intfloat/multilingual-e5-large,0.9112434767569476
ewe_Latn,fra_Latn,microsoft/harrier-oss-v1-270m,0.9111518882090172
tam_Taml,yor_Latn,intfloat/multilingual-e5-large,0.9110516013620977
hau_Latn,slk_Latn,microsoft/harrier-oss-v1-270m,0.9109420179332788
lug_Latn,sna_Latn,intfloat/multilingual-e5-large,0.9109132115368989
ita_Latn,yor_Latn,intfloat/multilingual-e5-large,0.9108930633482604
eng_Latn,lug_Latn,intfloat/multilingual-e5-large,0.9108040832340472
mar_Deva,yor_Latn,intfloat/multilingual-e5-large,0.9107918352711732
eus_Latn,fry_Latn,intfloat/multilingual-e5-large,0.9106605965729456
ell_Grek,lim_Latn,microsoft/harrier-oss-v1-270m,0.9106089631444149
fry_Latn,slk_Latn,Alibaba-NLP/gte-multilingual-base,0.910557140506086
tso_Latn,yor_Latn,intfloat/multilingual-e5-large,0.9102745954455578
mri_Latn,sun_Latn,microsoft/harrier-oss-v1-270m,0.9101521380247726
amh_Ethi,yor_Latn,intfloat/multilingual-e5-large,0.9101319515035657
lvs_Latn,yor_Latn,intfloat/multilingual-e5-large,0.9100707934289232
mri_Latn,tha_Thai,microsoft/harrier-oss-v1-270m,0.910062769663725
hau_Latn,heb_Hebr,microsoft/harrier-oss-v1-270m,0.9099975630423839
fry_Latn,isl_Latn,Alibaba-NLP/gte-multilingual-base,0.9095226785557912
hun_Latn,lim_Latn,microsoft/harrier-oss-v1-270m,0.9091213948643909
ibo_Latn,lvs_Latn,intfloat/multilingual-e5-large,0.9090801340640964
isl_Latn,lim_Latn,intfloat/multilingual-e5-large,0.9086637755435713
hin_Deva,lim_Latn,microsoft/harrier-oss-v1-270m,0.9085568982334907
hau_Latn,slv_Latn,microsoft/harrier-oss-v1-270m,0.9085306996007645
lim_Latn,fin_Latn,microsoft/harrier-oss-v1-270m,0.9084463070149718
kas_Deva,mar_Deva,Alibaba-NLP/gte-multilingual-base,0.9083486915354616
lim_Latn,hun_Latn,microsoft/harrier-oss-v1-270m,0.908042830275819
heb_Hebr,kab_Latn,Alibaba-NLP/gte-multilingual-base,0.907995665323524
lug_Latn,nya_Latn,intfloat/multilingual-e5-large,0.9079485254779166
lua_Latn,zul_Latn,intfloat/multilingual-e5-large,0.9078324396240034
gla_Latn,hun_Latn,microsoft/harrier-oss-v1-270m,0.9077868315675345
bel_Cyrl,lim_Latn,microsoft/harrier-oss-v1-270m,0.9076261643011032
sna_Latn,yor_Latn,intfloat/multilingual-e5-large,0.9075210921435626
run_Latn,twi_Latn,intfloat/multilingual-e5-large,0.9070240762267646
rus_Cyrl,yor_Latn,intfloat/multilingual-e5-large,0.9067682370206481
lua_Latn,xho_Latn,intfloat/multilingual-e5-large,0.9067634562931344
lim_Latn,heb_Hebr,microsoft/harrier-oss-v1-270m,0.9065325938550557
spa_Latn,yor_Latn,intfloat/multilingual-e5-large,0.9065226780583471
lim_Latn,srp_Cyrl,microsoft/harrier-oss-v1-270m,0.9060163460213839
cym_Latn,lim_Latn,intfloat/multilingual-e5-large,0.9059817450177611
kmr_Latn,lvs_Latn,intfloat/multilingual-e5-large,0.9056357899257046
fry_Latn,ind_Latn,Alibaba-NLP/gte-multilingual-base,0.9056172445968366
tur_Latn,yor_Latn,intfloat/multilingual-e5-large,0.905587968912041
som_Latn,twi_Latn,intfloat/multilingual-e5-large,0.9051370482798313
scn_Latn,jpn_Jpan,microsoft/harrier-oss-v1-270m,0.905003381172691
kin_Latn,yor_Latn,intfloat/multilingual-e5-large,0.904987125496187
amh_Ethi,lua_Latn,microsoft/harrier-oss-v1-270m,0.9049413932061402
fin_Latn,lim_Latn,microsoft/harrier-oss-v1-270m,0.9048277951306943
fry_Latn,sin_Sinh,intfloat/multilingual-e5-large,0.9048270017584682
kas_Deva,urd_Arab,Alibaba-NLP/gte-multilingual-base,0.904659374179792
bul_Cyrl,yor_Latn,intfloat/multilingual-e5-large,0.9046441217575902
bul_Cyrl,roh_Latn,intfloat/multilingual-e5-large,0.9043419273866836
fry_Latn,srp_Cyrl,intfloat/multilingual-e5-large,0.9042592265246662
ary_Arab,som_Latn,Alibaba-NLP/gte-multilingual-base,0.9041853797909508
ilo_Latn,isl_Latn,intfloat/multilingual-e5-large,0.9040088712898835
kat_Geor,yor_Latn,intfloat/multilingual-e5-large,0.9039966548376553
jpn_Jpan,mri_Latn,microsoft/harrier-oss-v1-270m,0.9039279957959447
hye_Armn,yor_Latn,intfloat/multilingual-e5-large,0.9037590411248158
afr_Latn,lug_Latn,intfloat/multilingual-e5-large,0.9034785234554221
ekk_Latn,lim_Latn,intfloat/multilingual-e5-large,0.9034709025104533
lin_Latn,yor_Latn,intfloat/multilingual-e5-large,0.9033449382457748
ell_Grek,fry_Latn,intfloat/multilingual-e5-large,0.9032581826187196
jpn_Jpan,kmr_Latn,intfloat/multilingual-e5-large,0.9032413783846474
afr_Latn,ewe_Latn,microsoft/harrier-oss-v1-270m,0.9030810536717648
fry_Latn,ukr_Cyrl,Alibaba-NLP/gte-multilingual-base,0.902640249841284
nld_Latn,yor_Latn,intfloat/multilingual-e5-large,0.9025700203412308
fra_Latn,lug_Latn,intfloat/multilingual-e5-large,0.9023418684919864
lug_Latn,som_Latn,intfloat/multilingual-e5-large,0.9022000065460167
eng_Latn,gug_Latn,intfloat/multilingual-e5-large,0.9020719468558064
lua_Latn,nya_Latn,intfloat/multilingual-e5-large,0.9020299868558694
kin_Latn,lug_Latn,intfloat/multilingual-e5-large,0.9018870754110035
por_Latn,quy_Latn,Alibaba-NLP/gte-multilingual-base,0.9018341287260636
kas_Deva,tam_Taml,Alibaba-NLP/gte-multilingual-base,0.9016236389476424
amh_Ethi,ewe_Latn,microsoft/harrier-oss-v1-270m,0.9009446940006242
cat_Latn,fry_Latn,Alibaba-NLP/gte-multilingual-base,0.9009032326800742
hau_Latn,yor_Latn,intfloat/multilingual-e5-large,0.9007962993639275
tir_Ethi,tum_Latn,microsoft/harrier-oss-v1-270m,0.900743433104688
hat_Latn,yor_Latn,intfloat/multilingual-e5-large,0.9004798585516675
ind_Latn,yor_Latn,intfloat/multilingual-e5-large,0.9002330848152235
fao_Latn,jpn_Jpan,microsoft/harrier-oss-v1-270m,0.9000899087092195
hau_Latn,lit_Latn,intfloat/multilingual-e5-large,0.900079393707772
ibo_Latn,isl_Latn,intfloat/multilingual-e5-large,0.9000715763644436
kin_Latn,lua_Latn,intfloat/multilingual-e5-large,0.900025977018697
sun_Latn,yor_Latn,intfloat/multilingual-e5-large,0.9000042700499189
hau_Latn,lua_Latn,intfloat/multilingual-e5-large,0.8996825815498621
fra_Latn,wol_Latn,intfloat/multilingual-e5-large,0.8995713366593379
fin_Latn,fry_Latn,Alibaba-NLP/gte-multilingual-base,0.8995331939060636
vie_Latn,yor_Latn,intfloat/multilingual-e5-large,0.8991388672707781
eng_Latn,wol_Latn,intfloat/multilingual-e5-large,0.8990310347291881
bem_Latn,run_Latn,microsoft/harrier-oss-v1-270m,0.8989428550212565
lim_Latn,hin_Deva,microsoft/harrier-oss-v1-270m,0.8987831476632873
fry_Latn,urd_Arab,intfloat/multilingual-e5-large,0.8985567803465749
swe_Latn,yor_Latn,intfloat/multilingual-e5-large,0.8984434540235291
hau_Latn,hun_Latn,microsoft/harrier-oss-v1-270m,0.8977662285012014
por_Latn,yor_Latn,microsoft/harrier-oss-v1-270m,0.8975344983028091
ewe_Latn,zul_Latn,microsoft/harrier-oss-v1-270m,0.8969251201398961
fij_Latn,mri_Latn,microsoft/harrier-oss-v1-270m,0.8967968940163458
kmr_Latn,nno_Latn,intfloat/multilingual-e5-large,0.8965775730377434
spa_Latn,wol_Latn,intfloat/multilingual-e5-large,0.8965690753000635
bel_Cyrl,yor_Latn,intfloat/multilingual-e5-large,0.8962582252147592
gla_Latn,lit_Latn,microsoft/harrier-oss-v1-270m,0.8961098668667998
isl_Latn,yor_Latn,intfloat/multilingual-e5-large,0.8960440696512353
ron_Latn,yor_Latn,intfloat/multilingual-e5-large,0.8959537492272645
fry_Latn,kaz_Cyrl,intfloat/multilingual-e5-large,0.8953418158072669
kmr_Latn,lit_Latn,microsoft/harrier-oss-v1-270m,0.8952977506972852
pol_Latn,yor_Latn,intfloat/multilingual-e5-large,0.8949443806537083
fry_Latn,hin_Deva,Alibaba-NLP/gte-multilingual-base,0.8947377168227153
bul_Cyrl,kab_Latn,Alibaba-NLP/gte-multilingual-base,0.8935676954465722
deu_Latn,yor_Latn,intfloat/multilingual-e5-large,0.8934251835343641
deu_Latn,kab_Latn,Alibaba-NLP/gte-multilingual-base,0.8931094959181272
spa_Latn,roh_Latn,intfloat/multilingual-e5-large,0.892946595373688
ron_Latn,kab_Latn,Alibaba-NLP/gte-multilingual-base,0.8919761049724744
lug_Latn,tso_Latn,intfloat/multilingual-e5-large,0.8917887834546275
lua_Latn,tsn_Latn,intfloat/multilingual-e5-large,0.8915333531876192
lim_Latn,lit_Latn,microsoft/harrier-oss-v1-270m,0.890922566406884
lug_Latn,zho_Hans,microsoft/harrier-oss-v1-270m,0.8907181248945054
dan_Latn,kab_Latn,Alibaba-NLP/gte-multilingual-base,0.8907111173996795
arb_Arab,kab_Latn,Alibaba-NLP/gte-multilingual-base,0.8906228334094455
est_Latn,kab_Latn,Alibaba-NLP/gte-multilingual-base,0.8906155006648823
fin_Latn,kab_Latn,Alibaba-NLP/gte-multilingual-base,0.8905189875964784
som_Latn,yor_Latn,intfloat/multilingual-e5-large,0.8904477163422134
ewe_Latn,xho_Latn,intfloat/multilingual-e5-large,0.8904451562060036
ewe_Latn,sot_Latn,intfloat/multilingual-e5-large,0.8904182922759015
eng_Latn,kab_Latn,microsoft/harrier-oss-v1-270m,0.8899845965191755
fij_Latn,pag_Latn,microsoft/harrier-oss-v1-270m,0.8898400448941907
hun_Latn,yor_Latn,intfloat/multilingual-e5-large,0.8896940374899494
spa_Latn,lug_Latn,intfloat/multilingual-e5-large,0.8895645933022723
som_Latn,tum_Latn,intfloat/multilingual-e5-large,0.8893130770003357
ben_Beng,kab_Latn,Alibaba-NLP/gte-multilingual-base,0.8886264801818136
ind_Latn,kab_Latn,Alibaba-NLP/gte-multilingual-base,0.8883171411757841
ces_Latn,roh_Latn,intfloat/multilingual-e5-large,0.888157434285664
jpn_Jpan,lim_Latn,microsoft/harrier-oss-v1-270m,0.8873592198033253
ewe_Latn,nso_Latn,intfloat/multilingual-e5-large,0.8872588359977036
lua_Latn,sna_Latn,intfloat/multilingual-e5-large,0.8871448982980719
arb_Arab,yor_Latn,intfloat/multilingual-e5-large,0.886740842355396
ukr_Cyrl,yor_Latn,intfloat/multilingual-e5-large,0.8863136332739165
lit_Latn,yor_Latn,intfloat/multilingual-e5-large,0.8855828046652072
por_Latn,kab_Latn,Alibaba-NLP/gte-multilingual-base,0.8854404800488949
kas_Deva,tel_Telu,Alibaba-NLP/gte-multilingual-base,0.8852240801564317
hun_Latn,kab_Latn,Alibaba-NLP/gte-multilingual-base,0.8849488343204652
ces_Latn,yor_Latn,intfloat/multilingual-e5-large,0.8849446663460272
dan_Latn,yor_Latn,intfloat/multilingual-e5-large,0.8849006146179516
fry_Latn,lit_Latn,intfloat/multilingual-e5-large,0.8846000788640902
bos_Latn,kab_Latn,Alibaba-NLP/gte-multilingual-base,0.8845382431571027
ewe_Latn,kin_Latn,microsoft/harrier-oss-v1-270m,0.8840934837522806
pol_Latn,kab_Latn,Alibaba-NLP/gte-multilingual-base,0.8837648042159624
ind_Latn,wol_Latn,intfloat/multilingual-e5-large,0.8836596965855953
fry_Latn,heb_Hebr,Alibaba-NLP/gte-multilingual-base,0.8835208338828279
eng_Latn,shn_Mymr,microsoft/harrier-oss-v1-270m,0.8835146929808606
spa_Latn,gug_Latn,microsoft/harrier-oss-v1-270m,0.8834727728980926
fra_Latn,luo_Latn,Alibaba-NLP/gte-multilingual-base,0.883443045830578
eng_Latn,quy_Latn,microsoft/harrier-oss-v1-270m,0.8832697578880658
hau_Latn,tha_Thai,microsoft/harrier-oss-v1-270m,0.8827706125916863
ces_Latn,kab_Latn,Alibaba-NLP/gte-multilingual-base,0.8820097313113175
fry_Latn,mal_Mlym,intfloat/multilingual-e5-large,0.8818477038847751
fry_Latn,glg_Latn,Alibaba-NLP/gte-multilingual-base,0.8814674300979847
fra_Latn,kab_Latn,Alibaba-NLP/gte-multilingual-base,0.8811277692945492
eng_Latn,ven_Latn,intfloat/multilingual-e5-large,0.8810165629947747
khm_Khmr,yor_Latn,intfloat/multilingual-e5-large,0.8808227298393871
deu_Latn,wol_Latn,intfloat/multilingual-e5-large,0.8808101099464172
bul_Cyrl,wol_Latn,intfloat/multilingual-e5-large,0.8807088024631836
tum_Latn,twi_Latn,intfloat/multilingual-e5-large,0.8806211276411404
slv_Latn,yor_Latn,intfloat/multilingual-e5-large,0.8805657491620111
quy_Latn,fra_Latn,microsoft/harrier-oss-v1-270m,0.8805567552092499
wol_Latn,fra_Latn,intfloat/multilingual-e5-large,0.8802583457141447
roh_Latn,ron_Latn,intfloat/multilingual-e5-large,0.8797267964988467
ewe_Latn,sna_Latn,microsoft/harrier-oss-v1-270m,0.8794920377355018
luo_Latn,zul_Latn,intfloat/multilingual-e5-large,0.8794501144473827
ell_Grek,kab_Latn,Alibaba-NLP/gte-multilingual-base,0.8790432817326985
ell_Grek,lug_Latn,intfloat/multilingual-e5-large,0.8789794514580236
hrv_Latn,kab_Latn,Alibaba-NLP/gte-multilingual-base,0.8788640367997983
hau_Latn,lug_Latn,intfloat/multilingual-e5-large,0.8788055682500344
heb_Hebr,yor_Latn,intfloat/multilingual-e5-large,0.8787123754656383
kmr_Latn,tha_Thai,microsoft/harrier-oss-v1-270m,0.8785207334193166
lim_Latn,jpn_Jpan,microsoft/harrier-oss-v1-270m,0.8782636809810005
slk_Latn,yor_Latn,intfloat/multilingual-e5-large,0.8782329018153886
bem_Latn,hau_Latn,microsoft/harrier-oss-v1-270m,0.8779827774536682
bul_Cyrl,gug_Latn,microsoft/harrier-oss-v1-270m,0.8778884164539984
ita_Latn,kab_Latn,Alibaba-NLP/gte-multilingual-base,0.8778529385641681
fry_Latn,gle_Latn,intfloat/multilingual-e5-large,0.8778377140636153
fry_Latn,lvs_Latn,intfloat/multilingual-e5-large,0.8769604560935167
ell_Grek,yor_Latn,intfloat/multilingual-e5-large,0.8765122112915992
quy_Latn,spa_Latn,microsoft/harrier-oss-v1-270m,0.8760218850601734
gug_Latn,nld_Latn,microsoft/harrier-oss-v1-270m,0.8754930702633823
eus_Latn,kab_Latn,Alibaba-NLP/gte-multilingual-base,0.8753460691897373
kor_Hang,kab_Latn,Alibaba-NLP/gte-multilingual-base,0.8750482679721218
spa_Latn,kab_Latn,Alibaba-NLP/gte-multilingual-base,0.8750335549359891
lim_Latn,tam_Taml,microsoft/harrier-oss-v1-270m,0.8748313365559919
gug_Latn,ita_Latn,microsoft/harrier-oss-v1-270m,0.8748305873225541
amh_Ethi,lug_Latn,intfloat/multilingual-e5-large,0.8747232744209221
hau_Latn,jpn_Jpan,microsoft/harrier-oss-v1-270m,0.8746989341757495
gla_Latn,jpn_Jpan,microsoft/harrier-oss-v1-270m,0.8742007223603786
lua_Latn,run_Latn,microsoft/harrier-oss-v1-270m,0.8741607141609763
lim_Latn,lvs_Latn,intfloat/multilingual-e5-large,0.8740553306578631
afr_Latn,luo_Latn,Alibaba-NLP/gte-multilingual-base,0.8738169122393935
ewe_Latn,lug_Latn,Alibaba-NLP/gte-multilingual-base,0.8737436070955383
luo_Latn,xho_Latn,intfloat/multilingual-e5-large,0.8737300921916061
fin_Latn,yor_Latn,intfloat/multilingual-e5-large,0.8736107791045197
lim_Latn,tha_Thai,microsoft/harrier-oss-v1-270m,0.8732347413533958
por_Latn,ayr_Latn,Alibaba-NLP/gte-multilingual-base,0.8728940576072557
ces_Latn,lug_Latn,microsoft/harrier-oss-v1-270m,0.8727642522414981
ewe_Latn,nya_Latn,microsoft/harrier-oss-v1-270m,0.8722473792552617
deu_Latn,gug_Latn,microsoft/harrier-oss-v1-270m,0.8715107322724908
roh_Latn,pol_Latn,intfloat/multilingual-e5-large,0.8711965031259566
rus_Cyrl,kab_Latn,Alibaba-NLP/gte-multilingual-base,0.870969803642664
ell_Grek,roh_Latn,intfloat/multilingual-e5-large,0.8708173682940592
nld_Latn,kab_Latn,Alibaba-NLP/gte-multilingual-base,0.8693695807225924
gug_Latn,pol_Latn,microsoft/harrier-oss-v1-270m,0.8687058162563237
cat_Latn,gug_Latn,intfloat/multilingual-e5-large,0.8684338816367245
ewe_Latn,tsn_Latn,intfloat/multilingual-e5-large,0.8684116975182015
ces_Latn,wol_Latn,intfloat/multilingual-e5-large,0.8682076376002263
gug_Latn,swe_Latn,microsoft/harrier-oss-v1-270m,0.8681802586479064
run_Latn,yor_Latn,intfloat/multilingual-e5-large,0.8676760998350374
gug_Latn,fra_Latn,microsoft/harrier-oss-v1-270m,0.8673588906627236
ces_Latn,gug_Latn,microsoft/harrier-oss-v1-270m,0.8669952728611385
eng_Latn,luo_Latn,microsoft/harrier-oss-v1-270m,0.8662793795706243
yor_Latn,zho_Hant,microsoft/harrier-oss-v1-270m,0.8659555950396877
ewe_Latn,ibo_Latn,microsoft/harrier-oss-v1-270m,0.8653493875615886
fra_Latn,sag_Latn,Alibaba-NLP/gte-multilingual-base,0.8649405470563417
gug_Latn,tur_Latn,microsoft/harrier-oss-v1-270m,0.8648599189752115
kab_Latn,fra_Latn,microsoft/harrier-oss-v1-270m,0.8637843574923946
kab_Latn,eng_Latn,microsoft/harrier-oss-v1-270m,0.8632456010164732
amh_Ethi,luo_Latn,Alibaba-NLP/gte-multilingual-base,0.8628459808465205
ell_Grek,gug_Latn,microsoft/harrier-oss-v1-270m,0.8627770299414739
fry_Latn,mar_Deva,Alibaba-NLP/gte-multilingual-base,0.8624108835137337
roh_Latn,swe_Latn,microsoft/harrier-oss-v1-270m,0.86199513726778
ewe_Latn,run_Latn,microsoft/harrier-oss-v1-270m,0.8619398554432673
kor_Hang,yor_Latn,microsoft/harrier-oss-v1-270m,0.8617802672223798
kab_Latn,por_Latn,microsoft/harrier-oss-v1-270m,0.8616957926662573
lug_Latn,twi_Latn,intfloat/multilingual-e5-large,0.8613274889069411
fry_Latn,xho_Latn,intfloat/multilingual-e5-large,0.8606428351843077
eng_Latn,kac_Latn,microsoft/harrier-oss-v1-270m,0.8605179589040569
eng_Latn,quz_Latn,intfloat/multilingual-e5-large,0.8604243623627016
ewe_Latn,lin_Latn,microsoft/harrier-oss-v1-270m,0.8604012593615077
mya_Mymr,yor_Latn,intfloat/multilingual-e5-large,0.8603402996349246
fin_Latn,wol_Latn,intfloat/multilingual-e5-large,0.8603097241968629
kab_Latn,ron_Latn,microsoft/harrier-oss-v1-270m,0.8602887395226085
kab_Latn,heb_Hebr,microsoft/harrier-oss-v1-270m,0.8602398397848677
luo_Latn,tsn_Latn,intfloat/multilingual-e5-large,0.8594443462703478
twi_Latn,yor_Latn,intfloat/multilingual-e5-large,0.8594276411742713
dan_Latn,wol_Latn,intfloat/multilingual-e5-large,0.8590555338185923
luo_Latn,sna_Latn,intfloat/multilingual-e5-large,0.8589002224299329
roh_Latn,rus_Cyrl,intfloat/multilingual-e5-large,0.8587321124620683
yor_Latn,zho_Hans,microsoft/harrier-oss-v1-270m,0.8580339994773319
wol_Latn,por_Latn,microsoft/harrier-oss-v1-270m,0.8579360721583571
fry_Latn,tha_Thai,Alibaba-NLP/gte-multilingual-base,0.8576267004234425
spa_Latn,sag_Latn,Alibaba-NLP/gte-multilingual-base,0.8545471475843432
kab_Latn,ind_Latn,microsoft/harrier-oss-v1-270m,0.8538301913457416
gug_Latn,ron_Latn,microsoft/harrier-oss-v1-270m,0.8532883296245994
gug_Latn,rus_Cyrl,microsoft/harrier-oss-v1-270m,0.8532481240844637
ell_Grek,wol_Latn,intfloat/multilingual-e5-large,0.8530819001396964
ewe_Latn,hau_Latn,microsoft/harrier-oss-v1-270m,0.852790793655071
kab_Latn,swe_Latn,microsoft/harrier-oss-v1-270m,0.8523865012296055
kab_Latn,ukr_Cyrl,microsoft/harrier-oss-v1-270m,0.8519975302405058
fra_Latn,ven_Latn,intfloat/multilingual-e5-large,0.8517891107641934
kab_Latn,deu_Latn,microsoft/harrier-oss-v1-270m,0.8508443894345029
lug_Latn,ron_Latn,microsoft/harrier-oss-v1-270m,0.8502511117810031
ind_Latn,shn_Mymr,microsoft/harrier-oss-v1-270m,0.8501158737880755
kab_Latn,hrv_Latn,microsoft/harrier-oss-v1-270m,0.8500272916388013
luo_Latn,nya_Latn,intfloat/multilingual-e5-large,0.8498979430544362
ewe_Latn,tir_Ethi,microsoft/harrier-oss-v1-270m,0.8496080381265187
kab_Latn,rus_Cyrl,microsoft/harrier-oss-v1-270m,0.8489246628531167
ewe_Latn,tso_Latn,microsoft/harrier-oss-v1-270m,0.8487783692842964
tir_Ethi,yor_Latn,intfloat/multilingual-e5-large,0.8478642826309172
kab_Latn,spa_Latn,microsoft/harrier-oss-v1-270m,0.8477073421358172
kab_Latn,ell_Grek,microsoft/harrier-oss-v1-270m,0.8463037718402535
lug_Latn,nld_Latn,microsoft/harrier-oss-v1-270m,0.845521424801389
lug_Latn,rus_Cyrl,microsoft/harrier-oss-v1-270m,0.844920805088216
tha_Thai,yor_Latn,intfloat/multilingual-e5-large,0.8447018726811749
afr_Latn,fon_Latn,intfloat/multilingual-e5-large,0.8441571733364527
ewe_Latn,twi_Latn,microsoft/harrier-oss-v1-270m,0.8436380274312324
lug_Latn,vie_Latn,intfloat/multilingual-e5-large,0.8435793428780269
lug_Latn,pol_Latn,microsoft/harrier-oss-v1-270m,0.8432371824794367
lug_Latn,swe_Latn,microsoft/harrier-oss-v1-270m,0.8415424696283259
kab_Latn,ita_Latn,microsoft/harrier-oss-v1-270m,0.8409090856291037
fry_Latn,jpn_Jpan,Alibaba-NLP/gte-multilingual-base,0.8403908721081426
kab_Latn,vie_Latn,microsoft/harrier-oss-v1-270m,0.8399839999738825
fry_Latn,tel_Telu,Alibaba-NLP/gte-multilingual-base,0.8398350015876072
hau_Latn,luo_Latn,intfloat/multilingual-e5-large,0.8398246450546295
kab_Latn,hun_Latn,microsoft/harrier-oss-v1-270m,0.8396016199397451
fry_Latn,tam_Taml,Alibaba-NLP/gte-multilingual-base,0.8394110260615758
kab_Latn,slv_Latn,microsoft/harrier-oss-v1-270m,0.8393922308516144
kab_Latn,tur_Latn,microsoft/harrier-oss-v1-270m,0.839360078770997
lug_Latn,tur_Latn,microsoft/harrier-oss-v1-270m,0.8389743293534042
lug_Latn,yor_Latn,intfloat/multilingual-e5-large,0.8389228727591578
spa_Latn,bam_Latn,intfloat/multilingual-e5-large,0.8382287213370098
tum_Latn,yor_Latn,intfloat/multilingual-e5-large,0.8377973681629375
eng_Latn,kam_Latn,intfloat/multilingual-e5-large,0.837661084825783
roh_Latn,tur_Latn,intfloat/multilingual-e5-large,0.8375827893348627
kin_Latn,luo_Latn,microsoft/harrier-oss-v1-270m,0.8375274556011284
afr_Latn,bam_Latn,intfloat/multilingual-e5-large,0.8361958725362266
kab_Latn,fin_Latn,microsoft/harrier-oss-v1-270m,0.8357650890721188
ewe_Latn,tum_Latn,microsoft/harrier-oss-v1-270m,0.8347278174217733
fra_Latn,kam_Latn,intfloat/multilingual-e5-large,0.8344532538022422
ewe_Latn,som_Latn,microsoft/harrier-oss-v1-270m,0.8337897507386542
wol_Latn,ita_Latn,microsoft/harrier-oss-v1-270m,0.8336593498378787
gug_Latn,hun_Latn,microsoft/harrier-oss-v1-270m,0.8331845032879149
wol_Latn,swe_Latn,microsoft/harrier-oss-v1-270m,0.8328404597755467
kab_Latn,nld_Latn,Alibaba-NLP/gte-multilingual-base,0.8325896323432663
fon_Latn,nya_Latn,intfloat/multilingual-e5-large,0.8320004028023471
kab_Latn,slk_Latn,microsoft/harrier-oss-v1-270m,0.8319403476213024
kab_Latn,pol_Latn,microsoft/harrier-oss-v1-270m,0.8312870203711831
fon_Latn,kin_Latn,Alibaba-NLP/gte-multilingual-base,0.8311941694088795
wol_Latn,nld_Latn,microsoft/harrier-oss-v1-270m,0.83117197816889
luo_Latn,som_Latn,intfloat/multilingual-e5-large,0.8294277174253493
eng_Latn,sag_Latn,microsoft/harrier-oss-v1-270m,0.8288393244469947
wol_Latn,zho_Hans,Alibaba-NLP/gte-multilingual-base,0.8282046990502123
kab_Latn,eus_Latn,Alibaba-NLP/gte-multilingual-base,0.8256128989261072
wol_Latn,spa_Latn,intfloat/multilingual-e5-large,0.8240582164858052
eng_Latn,bam_Latn,intfloat/multilingual-e5-large,0.8234685069544607
eng_Latn,tel_Latn,microsoft/harrier-oss-v1-270m,0.8221508255737344
wol_Latn,pol_Latn,microsoft/harrier-oss-v1-270m,0.8216361141615933
wol_Latn,tur_Latn,microsoft/harrier-oss-v1-270m,0.8180125770239506
quz_Latn,spa_Latn,microsoft/harrier-oss-v1-270m,0.8169585303789083
jpn_Jpan,yor_Latn,intfloat/multilingual-e5-large,0.8140126732344652
bod_Tibt,eng_Latn,microsoft/harrier-oss-v1-270m,0.813717893869085
bam_Latn,por_Latn,intfloat/multilingual-e5-large,0.8136910172100511
gug_Latn,fin_Latn,microsoft/harrier-oss-v1-270m,0.8130190544673797
kab_Latn,zho_Hant,microsoft/harrier-oss-v1-270m,0.8125378896441109
eng_Latn,fon_Latn,intfloat/multilingual-e5-large,0.8124947205131549
wol_Latn,rus_Cyrl,microsoft/harrier-oss-v1-270m,0.8117232545169126
fon_Latn,fra_Latn,intfloat/multilingual-e5-large,0.8113612677819085
eng_Latn,kbp_Latn,microsoft/harrier-oss-v1-270m,0.8100142523631668
wol_Latn,zho_Hant,Alibaba-NLP/gte-multilingual-base,0.808760124801311
eng_Latn,quh_Latn,intfloat/multilingual-e5-large,0.8076285402655135
kab_Latn,kor_Hang,microsoft/harrier-oss-v1-270m,0.8074086215464358
kab_Latn,tha_Thai,Alibaba-NLP/gte-multilingual-base,0.8073729894794646
eng_Latn,kmb_Latn,microsoft/harrier-oss-v1-270m,0.8065188120113812
kmb_Latn,por_Latn,Alibaba-NLP/gte-multilingual-base,0.8058847333764712
afr_Latn,dyu_Latn,Alibaba-NLP/gte-multilingual-base,0.805857251145232
bam_Latn,fra_Latn,intfloat/multilingual-e5-large,0.8052275502570347
ayr_Latn,por_Latn,microsoft/harrier-oss-v1-270m,0.8050306650363048
ewe_Latn,lua_Latn,intfloat/multilingual-e5-large,0.803608298723276
sag_Latn,por_Latn,microsoft/harrier-oss-v1-270m,0.8018503206195724
bam_Latn,eng_Latn,intfloat/multilingual-e5-large,0.799210355779781
kab_Latn,zho_Hans,microsoft/harrier-oss-v1-270m,0.7985695565097026
fra_Latn,fuv_Latn,Alibaba-NLP/gte-multilingual-base,0.7947245696368417
fra_Latn,kmb_Latn,microsoft/harrier-oss-v1-270m,0.7931529487002863
fry_Latn,hau_Latn,intfloat/multilingual-e5-large,0.7896459319758532
cjk_Latn,por_Latn,Alibaba-NLP/gte-multilingual-base,0.7893274889667344
deu_Latn,bam_Latn,intfloat/multilingual-e5-large,0.7889423988647304
eng_Latn,ayr_Latn,microsoft/harrier-oss-v1-270m,0.7876876611467676
ewe_Latn,yor_Latn,microsoft/harrier-oss-v1-270m,0.7798501652396539
dzo_Tibt,eng_Latn,microsoft/harrier-oss-v1-270m,0.7780799144457577
eng_Latn,fuv_Latn,Alibaba-NLP/gte-multilingual-base,0.7752155820557527
ces_Latn,ayr_Latn,microsoft/harrier-oss-v1-270m,0.7704400434490938
ayr_Latn,eng_Latn,microsoft/harrier-oss-v1-270m,0.769980196531193
amh_Ethi,fuv_Latn,Alibaba-NLP/gte-multilingual-base,0.7687405278174102
deu_Latn,ayr_Latn,microsoft/harrier-oss-v1-270m,0.7682286914084078
ayr_Latn,ita_Latn,microsoft/harrier-oss-v1-270m,0.7580752742113888
dyu_Latn,eng_Latn,Alibaba-NLP/gte-multilingual-base,0.7573136291666259
ayr_Latn,fra_Latn,microsoft/harrier-oss-v1-270m,0.7565582318886315
ayr_Latn,spa_Latn,microsoft/harrier-oss-v1-270m,0.7550631178798797
eng_Latn,mos_Latn,microsoft/harrier-oss-v1-270m,0.7523225236304908
ayr_Latn,pol_Latn,microsoft/harrier-oss-v1-270m,0.7519323162744507
eng_Latn,urd_Latn,intfloat/multilingual-e5-large,0.747137370614292
umb_Latn,zul_Latn,intfloat/multilingual-e5-large,0.7457213467231174
ayr_Latn,rus_Cyrl,microsoft/harrier-oss-v1-270m,0.7452002154982313
eng_Latn,umb_Latn,microsoft/harrier-oss-v1-270m,0.7420136765011047
dyu_Latn,hau_Latn,Alibaba-NLP/gte-multilingual-base,0.740289627218219
fra_Latn,umb_Latn,Alibaba-NLP/gte-multilingual-base,0.738347461565463
bam_Latn,ita_Latn,microsoft/harrier-oss-v1-270m,0.7325114743337195
afr_Latn,umb_Latn,intfloat/multilingual-e5-large,0.7321540959617238
dyu_Latn,fra_Latn,Alibaba-NLP/gte-multilingual-base,0.7252657591414546
diq_Latn,eng_Latn,intfloat/multilingual-e5-large,0.7163051259019593
bre_Latn,eng_Latn,intfloat/multilingual-e5-large,0.7121292510805336
kin_Latn,umb_Latn,intfloat/multilingual-e5-large,0.709352010865506
bre_Latn,ita_Latn,intfloat/multilingual-e5-large,0.7013475039965956
bre_Latn,hrv_Latn,intfloat/multilingual-e5-large,0.7011311726953842
eng_Latn,nus_Latn,intfloat/multilingual-e5-large,0.6979166920737633
bre_Latn,bos_Latn,intfloat/multilingual-e5-large,0.6902728629959419
bre_Latn,tgl_Latn,intfloat/multilingual-e5-large,0.6893866006960913
cjk_Latn,fra_Latn,microsoft/harrier-oss-v1-270m,0.688020747490719
bre_Latn,fra_Latn,intfloat/multilingual-e5-large,0.6866592890316745
bre_Latn,srp_Cyrl,intfloat/multilingual-e5-large,0.6847185858224389
bre_Latn,lit_Latn,intfloat/multilingual-e5-large,0.6844499205894169
bre_Latn,isl_Latn,intfloat/multilingual-e5-large,0.6843835758018614
bre_Latn,mkd_Cyrl,intfloat/multilingual-e5-large,0.681758641610561
bre_Latn,urd_Arab,intfloat/multilingual-e5-large,0.6802136715436201
bre_Latn,slv_Latn,intfloat/multilingual-e5-large,0.6801149067605022
fra_Latn,nus_Latn,intfloat/multilingual-e5-large,0.6768981627106792
bre_Latn,nld_Latn,intfloat/multilingual-e5-large,0.6763271391459846
bre_Latn,nno_Latn,intfloat/multilingual-e5-large,0.6746434811950871
bre_Latn,jav_Latn,intfloat/multilingual-e5-large,0.6738632147904628
bre_Latn,lvs_Latn,intfloat/multilingual-e5-large,0.6722612363817829
bre_Latn,eus_Latn,intfloat/multilingual-e5-large,0.6712286939504648
bre_Latn,kat_Geor,intfloat/multilingual-e5-large,0.668992687691508
bre_Latn,pan_Guru,intfloat/multilingual-e5-large,0.6684854672658201
bre_Latn,sin_Sinh,intfloat/multilingual-e5-large,0.6684111751886819
bre_Latn,spa_Latn,intfloat/multilingual-e5-large,0.6613119823026679
bul_Cyrl,bre_Latn,intfloat/multilingual-e5-large,0.6603157991461905
bre_Latn,tur_Latn,intfloat/multilingual-e5-large,0.6586188379704084
bre_Latn,ces_Latn,intfloat/multilingual-e5-large,0.658397961038549
bre_Latn,ekk_Latn,intfloat/multilingual-e5-large,0.6581933260561214
bre_Latn,glg_Latn,intfloat/multilingual-e5-large,0.6578871926336125
ces_Latn,bre_Latn,intfloat/multilingual-e5-large,0.6578006095015924
bre_Latn,mal_Mlym,intfloat/multilingual-e5-large,0.6553002194946835
bre_Latn,cat_Latn,intfloat/multilingual-e5-large,0.6527854139587784
bre_Latn,vie_Latn,intfloat/multilingual-e5-large,0.6522188887758074
deu_Latn,bre_Latn,intfloat/multilingual-e5-large,0.651914034577904
eng_Latn,bre_Latn,intfloat/multilingual-e5-large,0.6511377829066294
bre_Latn,xho_Latn,intfloat/multilingual-e5-large,0.6492426379054764
eng_Latn,kwy_Latn,intfloat/multilingual-e5-large,0.6492166804158763
bre_Latn,ron_Latn,intfloat/multilingual-e5-large,0.6483498928182777
bre_Latn,pol_Latn,intfloat/multilingual-e5-large,0.6483247756958599
bre_Latn,deu_Latn,intfloat/multilingual-e5-large,0.6482137789525146
eng_Latn,hin_Latn,intfloat/multilingual-e5-large,0.6464810287072782
dik_Latn,eng_Latn,microsoft/harrier-oss-v1-270m,0.6451928838928873
bre_Latn,hin_Deva,intfloat/multilingual-e5-large,0.6450996619621554
bre_Latn,dan_Latn,intfloat/multilingual-e5-large,0.6443922441827837
dan_Latn,bre_Latn,intfloat/multilingual-e5-large,0.6413926398394216
spa_Latn,bre_Latn,intfloat/multilingual-e5-large,0.6400048492316353
bre_Latn,slk_Latn,intfloat/multilingual-e5-large,0.6387597969266887
bre_Latn,hun_Latn,intfloat/multilingual-e5-large,0.6384689316580046
bre_Latn,uzn_Latn,intfloat/multilingual-e5-large,0.6381067186147629
bre_Latn,kaz_Cyrl,intfloat/multilingual-e5-large,0.632783757164152
bre_Latn,mai_Deva,intfloat/multilingual-e5-large,0.6326766359704887
bre_Latn,swe_Latn,intfloat/multilingual-e5-large,0.6315044796789431
afr_Latn,bre_Latn,intfloat/multilingual-e5-large,0.6314392758856742
ell_Grek,bre_Latn,intfloat/multilingual-e5-large,0.6303890617192557
bre_Latn,ukr_Cyrl,intfloat/multilingual-e5-large,0.6296924557914203
eng_Latn,tzm_Tfng,microsoft/harrier-oss-v1-270m,0.6284232352320092
bre_Latn,rus_Cyrl,intfloat/multilingual-e5-large,0.6272365644870147
dik_Latn,fra_Latn,microsoft/harrier-oss-v1-270m,0.627086073857144
bre_Latn,guj_Gujr,intfloat/multilingual-e5-large,0.6266268349001684
bre_Latn,gle_Latn,intfloat/multilingual-e5-large,0.6159450033107801
bre_Latn,cym_Latn,intfloat/multilingual-e5-large,0.6105928381178449
bel_Cyrl,bre_Latn,intfloat/multilingual-e5-large,0.6097100865799915
bre_Latn,mar_Deva,intfloat/multilingual-e5-large,0.6070936755345802
bre_Latn,tam_Taml,intfloat/multilingual-e5-large,0.6052897825092445
bre_Latn,ell_Grek,intfloat/multilingual-e5-large,0.6052186064237984
ben_Beng,bre_Latn,intfloat/multilingual-e5-large,0.5998433075006915
fra_Latn,tzm_Tfng,microsoft/harrier-oss-v1-270m,0.5983770468624829
bre_Latn,heb_Hebr,intfloat/multilingual-e5-large,0.5973068035319672
bre_Latn,tha_Thai,intfloat/multilingual-e5-large,0.5962791217453786
bre_Latn,kin_Latn,intfloat/multilingual-e5-large,0.5883104362181059
bre_Latn,ind_Latn,intfloat/multilingual-e5-large,0.5865031434178865
bre_Latn,fry_Latn,intfloat/multilingual-e5-large,0.5848193334079475
chv_Cyrl,rus_Cyrl,intfloat/multilingual-e5-large,0.5826253206215609
bre_Latn,jpn_Jpan,intfloat/multilingual-e5-large,0.5765979442793745
bre_Latn,fin_Latn,intfloat/multilingual-e5-large,0.5645432313297375
asm_Beng,bre_Latn,intfloat/multilingual-e5-large,0.5387552548532962
eng_Latn,taq_Latn,Alibaba-NLP/gte-multilingual-base,0.5328741299697334
chv_Cyrl,eng_Latn,intfloat/multilingual-e5-large,0.5098174090741574
eng_Latn,sme_Latn,intfloat/multilingual-e5-large,0.4440515933164972
