source_lang,target_lang,model,MRR
afr_Latn,als_Latn,intfloat/multilingual-e5-large,1.0
ind_Latn,lao_Laoo,jinaai/jina-embeddings-v3,1.0
ind_Latn,lit_Latn,Alibaba-NLP/gte-multilingual-base,1.0
ind_Latn,lvs_Latn,jinaai/jina-embeddings-v5-text-nano,1.0
ind_Latn,mal_Mlym,jinaai/jina-embeddings-v3,1.0
ind_Latn,mar_Deva,jinaai/jina-embeddings-v5-text-nano,1.0
ind_Latn,mkd_Cyrl,Alibaba-NLP/gte-multilingual-base,1.0
ind_Latn,mlt_Latn,intfloat/multilingual-e5-large,1.0
ind_Latn,mya_Mymr,jinaai/jina-embeddings-v3,1.0
ind_Latn,nld_Latn,jinaai/jina-embeddings-v5-text-nano,1.0
ind_Latn,nno_Latn,Alibaba-NLP/gte-multilingual-base,1.0
ind_Latn,npi_Deva,google/embeddinggemma-300m,1.0
ind_Latn,pan_Guru,jinaai/jina-embeddings-v3,1.0
ind_Latn,pbt_Arab,jinaai/jina-embeddings-v3,1.0
ind_Latn,pol_Latn,jinaai/jina-embeddings-v5-text-nano,1.0
ind_Latn,ron_Latn,jinaai/jina-embeddings-v5-text-nano,1.0
ind_Latn,rus_Cyrl,jinaai/jina-embeddings-v5-text-nano,1.0
ind_Latn,slk_Latn,jinaai/jina-embeddings-v5-text-nano,1.0
ind_Latn,slv_Latn,jinaai/jina-embeddings-v5-text-nano,1.0
ind_Latn,spa_Latn,jinaai/jina-embeddings-v5-text-nano,1.0
ind_Latn,srp_Cyrl,jinaai/jina-embeddings-v3,1.0
ind_Latn,swe_Latn,jinaai/jina-embeddings-v5-text-nano,1.0
ind_Latn,tam_Taml,google/embeddinggemma-300m,1.0
ind_Latn,tel_Telu,google/embeddinggemma-300m,1.0
ind_Latn,tgl_Latn,intfloat/multilingual-e5-large,1.0
ind_Latn,tha_Thai,jinaai/jina-embeddings-v5-text-nano,1.0
ind_Latn,tur_Latn,jinaai/jina-embeddings-v5-text-nano,1.0
ind_Latn,lim_Latn,Alibaba-NLP/gte-multilingual-base,1.0
ind_Latn,kir_Cyrl,Alibaba-NLP/gte-multilingual-base,1.0
khm_Khmr,slv_Latn,jinaai/jina-embeddings-v3,1.0
ind_Latn,khm_Khmr,jinaai/jina-embeddings-v3,1.0
hye_Armn,zul_Latn,intfloat/multilingual-e5-large,1.0
ilo_Latn,ron_Latn,intfloat/multilingual-e5-large,1.0
ilo_Latn,sun_Latn,intfloat/multilingual-e5-large,1.0
ilo_Latn,tgl_Latn,intfloat/multilingual-e5-large,1.0
ilo_Latn,war_Latn,intfloat/multilingual-e5-large,1.0
ind_Latn,afr_Latn,jinaai/jina-embeddings-v5-text-nano,1.0
ind_Latn,als_Latn,jinaai/jina-embeddings-v3,1.0
ind_Latn,azj_Latn,intfloat/multilingual-e5-large,1.0
ind_Latn,bak_Cyrl,intfloat/multilingual-e5-large,1.0
ind_Latn,bel_Cyrl,intfloat/multilingual-e5-large,1.0
ind_Latn,cat_Latn,Qwen/Qwen3-Embedding-0.6B,1.0
ind_Latn,ces_Latn,jinaai/jina-embeddings-v5-text-nano,1.0
ind_Latn,dan_Latn,jinaai/jina-embeddings-v5-text-nano,1.0
ind_Latn,deu_Latn,jinaai/jina-embeddings-v5-text-nano,1.0
ind_Latn,eng_Latn,jinaai/jina-embeddings-v5-text-nano,1.0
ind_Latn,eus_Latn,intfloat/multilingual-e5-large,1.0
ind_Latn,fra_Latn,jinaai/jina-embeddings-v5-text-nano,1.0
ind_Latn,hrv_Latn,google/embeddinggemma-300m,1.0
ind_Latn,isl_Latn,Alibaba-NLP/gte-multilingual-base,1.0
ind_Latn,ita_Latn,jinaai/jina-embeddings-v5-text-nano,1.0
ind_Latn,jpn_Jpan,jinaai/jina-embeddings-v5-text-nano,1.0
ind_Latn,kan_Knda,google/embeddinggemma-300m,1.0
ind_Latn,kat_Geor,intfloat/multilingual-e5-large,1.0
ind_Latn,kaz_Cyrl,intfloat/multilingual-e5-large,1.0
ind_Latn,khk_Cyrl,jinaai/jina-embeddings-v3,1.0
ind_Latn,ukr_Cyrl,jinaai/jina-embeddings-v5-text-nano,1.0
ind_Latn,urd_Arab,jinaai/jina-embeddings-v5-text-nano,1.0
ind_Latn,uzn_Latn,intfloat/multilingual-e5-large,1.0
ind_Latn,vie_Latn,jinaai/jina-embeddings-v5-text-nano,1.0
isl_Latn,pan_Guru,Alibaba-NLP/gte-multilingual-base,1.0
isl_Latn,pbt_Arab,jinaai/jina-embeddings-v3,1.0
isl_Latn,plt_Latn,intfloat/multilingual-e5-large,1.0
isl_Latn,pol_Latn,Alibaba-NLP/gte-multilingual-base,1.0
isl_Latn,ron_Latn,intfloat/multilingual-e5-large,1.0
isl_Latn,rus_Cyrl,Alibaba-NLP/gte-multilingual-base,1.0
isl_Latn,sin_Sinh,jinaai/jina-embeddings-v3,1.0
isl_Latn,slk_Latn,intfloat/multilingual-e5-large,1.0
isl_Latn,slv_Latn,Alibaba-NLP/gte-multilingual-base,1.0
isl_Latn,srp_Cyrl,intfloat/multilingual-e5-large,1.0
isl_Latn,sun_Latn,intfloat/multilingual-e5-large,1.0
isl_Latn,swe_Latn,Alibaba-NLP/gte-multilingual-base,1.0
isl_Latn,tam_Taml,jinaai/jina-embeddings-v3,1.0
isl_Latn,tel_Telu,jinaai/jina-embeddings-v3,1.0
isl_Latn,tgl_Latn,intfloat/multilingual-e5-large,1.0
isl_Latn,tur_Latn,intfloat/multilingual-e5-large,1.0
isl_Latn,ukr_Cyrl,Alibaba-NLP/gte-multilingual-base,1.0
isl_Latn,urd_Arab,jinaai/jina-embeddings-v3,1.0
isl_Latn,uzn_Latn,intfloat/multilingual-e5-large,1.0
isl_Latn,vie_Latn,intfloat/multilingual-e5-large,1.0
isl_Latn,zsm_Latn,intfloat/multilingual-e5-large,1.0
ita_Latn,afr_Latn,jinaai/jina-embeddings-v3,1.0
ita_Latn,als_Latn,intfloat/multilingual-e5-large,1.0
ita_Latn,azj_Latn,Alibaba-NLP/gte-multilingual-base,1.0
ita_Latn,bel_Cyrl,Alibaba-NLP/gte-multilingual-base,1.0
isl_Latn,nya_Latn,intfloat/multilingual-e5-large,1.0
isl_Latn,npi_Deva,jinaai/jina-embeddings-v3,1.0
isl_Latn,nno_Latn,Alibaba-NLP/gte-multilingual-base,1.0
isl_Latn,kan_Knda,jinaai/jina-embeddings-v3,1.0
ind_Latn,zsm_Latn,jinaai/jina-embeddings-v5-text-nano,1.0
isl_Latn,als_Latn,intfloat/multilingual-e5-large,1.0
isl_Latn,ces_Latn,Alibaba-NLP/gte-multilingual-base,1.0
isl_Latn,dan_Latn,Alibaba-NLP/gte-multilingual-base,1.0
isl_Latn,eng_Latn,intfloat/multilingual-e5-large,1.0
isl_Latn,eus_Latn,jinaai/jina-embeddings-v3,1.0
isl_Latn,hrv_Latn,intfloat/multilingual-e5-large,1.0
isl_Latn,ind_Latn,Alibaba-NLP/gte-multilingual-base,1.0
isl_Latn,ita_Latn,intfloat/multilingual-e5-large,1.0
isl_Latn,jav_Latn,intfloat/multilingual-e5-large,1.0
isl_Latn,jpn_Jpan,intfloat/multilingual-e5-large,1.0
isl_Latn,kat_Geor,intfloat/multilingual-e5-large,1.0
isl_Latn,nld_Latn,Alibaba-NLP/gte-multilingual-base,1.0
isl_Latn,kaz_Cyrl,intfloat/multilingual-e5-large,1.0
isl_Latn,khk_Cyrl,jinaai/jina-embeddings-v3,1.0
isl_Latn,khm_Khmr,Alibaba-NLP/gte-multilingual-base,1.0
isl_Latn,kir_Cyrl,jinaai/jina-embeddings-v3,1.0
isl_Latn,lit_Latn,Alibaba-NLP/gte-multilingual-base,1.0
isl_Latn,lvs_Latn,Alibaba-NLP/gte-multilingual-base,1.0
isl_Latn,mal_Mlym,intfloat/multilingual-e5-large,1.0
isl_Latn,mar_Deva,Alibaba-NLP/gte-multilingual-base,1.0
isl_Latn,mkd_Cyrl,jinaai/jina-embeddings-v3,1.0
isl_Latn,mlt_Latn,intfloat/multilingual-e5-large,1.0
isl_Latn,mya_Mymr,jinaai/jina-embeddings-v3,1.0
hye_Armn,zsm_Latn,Alibaba-NLP/gte-multilingual-base,1.0
hye_Armn,xho_Latn,intfloat/multilingual-e5-large,1.0
hye_Armn,vie_Latn,Alibaba-NLP/gte-multilingual-base,1.0
hun_Latn,rus_Cyrl,google/embeddinggemma-300m,1.0
hun_Latn,fao_Latn,jinaai/jina-embeddings-v3,1.0
hun_Latn,fin_Latn,jinaai/jina-embeddings-v5-text-nano,1.0
hun_Latn,fra_Latn,google/embeddinggemma-300m,1.0
hun_Latn,hrv_Latn,jinaai/jina-embeddings-v5-text-nano,1.0
hun_Latn,ind_Latn,jinaai/jina-embeddings-v3,1.0
hun_Latn,isl_Latn,intfloat/multilingual-e5-large,1.0
hun_Latn,ita_Latn,google/embeddinggemma-300m,1.0
hun_Latn,jpn_Jpan,google/embeddinggemma-300m,1.0
hun_Latn,kan_Knda,jinaai/jina-embeddings-v3,1.0
hun_Latn,kat_Geor,Alibaba-NLP/gte-multilingual-base,1.0
hun_Latn,kaz_Cyrl,intfloat/multilingual-e5-large,1.0
hun_Latn,kir_Cyrl,jinaai/jina-embeddings-v3,1.0
hun_Latn,lit_Latn,Alibaba-NLP/gte-multilingual-base,1.0
hun_Latn,lvs_Latn,Alibaba-NLP/gte-multilingual-base,1.0
hun_Latn,mal_Mlym,intfloat/multilingual-e5-large,1.0
hun_Latn,mar_Deva,jinaai/jina-embeddings-v3,1.0
hun_Latn,mkd_Cyrl,Alibaba-NLP/gte-multilingual-base,1.0
hun_Latn,mlt_Latn,intfloat/multilingual-e5-large,1.0
hun_Latn,mya_Mymr,jinaai/jina-embeddings-v3,1.0
hun_Latn,nld_Latn,google/embeddinggemma-300m,1.0
hun_Latn,nno_Latn,Alibaba-NLP/gte-multilingual-base,1.0
hun_Latn,npi_Deva,intfloat/multilingual-e5-large,1.0
hun_Latn,pan_Guru,jinaai/jina-embeddings-v3,1.0
hun_Latn,pbt_Arab,jinaai/jina-embeddings-v3,1.0
hun_Latn,pol_Latn,google/embeddinggemma-300m,1.0
hun_Latn,eus_Latn,jinaai/jina-embeddings-v3,1.0
hun_Latn,eng_Latn,Alibaba-NLP/gte-multilingual-base,1.0
hun_Latn,deu_Latn,Alibaba-NLP/gte-multilingual-base,1.0
hrv_Latn,tha_Thai,jinaai/jina-embeddings-v5-text-nano,1.0
hrv_Latn,rus_Cyrl,jinaai/jina-embeddings-v5-text-nano,1.0
hrv_Latn,sin_Sinh,Alibaba-NLP/gte-multilingual-base,1.0
hrv_Latn,slk_Latn,jinaai/jina-embeddings-v5-text-nano,1.0
hrv_Latn,slv_Latn,jinaai/jina-embeddings-v5-text-nano,1.0
hrv_Latn,snd_Arab,jinaai/jina-embeddings-v5-text-small,1.0
hrv_Latn,spa_Latn,jinaai/jina-embeddings-v5-text-nano,1.0
hrv_Latn,srp_Cyrl,jinaai/jina-embeddings-v5-text-nano,1.0
hrv_Latn,swe_Latn,jinaai/jina-embeddings-v5-text-nano,1.0
hrv_Latn,tam_Taml,google/embeddinggemma-300m,1.0
hrv_Latn,tel_Telu,Alibaba-NLP/gte-multilingual-base,1.0
hrv_Latn,tgl_Latn,intfloat/multilingual-e5-large,1.0
hrv_Latn,tur_Latn,jinaai/jina-embeddings-v5-text-nano,1.0
hun_Latn,dan_Latn,google/embeddinggemma-300m,1.0
hrv_Latn,ukr_Cyrl,jinaai/jina-embeddings-v5-text-nano,1.0
hrv_Latn,urd_Arab,google/embeddinggemma-300m,1.0
hrv_Latn,uzn_Latn,intfloat/multilingual-e5-large,1.0
hrv_Latn,vie_Latn,jinaai/jina-embeddings-v5-text-nano,1.0
hrv_Latn,zsm_Latn,jinaai/jina-embeddings-v5-text-nano,1.0
hun_Latn,afr_Latn,jinaai/jina-embeddings-v5-text-small,1.0
hun_Latn,als_Latn,Alibaba-NLP/gte-multilingual-base,1.0
hun_Latn,azj_Latn,intfloat/multilingual-e5-large,1.0
hun_Latn,bel_Cyrl,Alibaba-NLP/gte-multilingual-base,1.0
hun_Latn,cat_Latn,Alibaba-NLP/gte-multilingual-base,1.0
hun_Latn,ces_Latn,Alibaba-NLP/gte-multilingual-base,1.0
hun_Latn,ron_Latn,jinaai/jina-embeddings-v5-text-nano,1.0
hun_Latn,sin_Sinh,Alibaba-NLP/gte-multilingual-base,1.0
hye_Armn,urd_Arab,intfloat/multilingual-e5-large,1.0
hun_Latn,slk_Latn,Alibaba-NLP/gte-multilingual-base,1.0
hye_Armn,mal_Mlym,intfloat/multilingual-e5-large,1.0
hye_Armn,mar_Deva,jinaai/jina-embeddings-v3,1.0
hye_Armn,mkd_Cyrl,Alibaba-NLP/gte-multilingual-base,1.0
hye_Armn,mya_Mymr,intfloat/multilingual-e5-large,1.0
hye_Armn,nld_Latn,Alibaba-NLP/gte-multilingual-base,1.0
hye_Armn,nya_Latn,intfloat/multilingual-e5-large,1.0
hye_Armn,pan_Guru,Alibaba-NLP/gte-multilingual-base,1.0
hye_Armn,pbt_Arab,jinaai/jina-embeddings-v3,1.0
hye_Armn,plt_Latn,intfloat/multilingual-e5-large,1.0
hye_Armn,pol_Latn,Alibaba-NLP/gte-multilingual-base,1.0
hye_Armn,ron_Latn,Alibaba-NLP/gte-multilingual-base,1.0
hye_Armn,rus_Cyrl,Alibaba-NLP/gte-multilingual-base,1.0
hye_Armn,sin_Sinh,intfloat/multilingual-e5-large,1.0
hye_Armn,slk_Latn,Alibaba-NLP/gte-multilingual-base,1.0
hye_Armn,slv_Latn,Alibaba-NLP/gte-multilingual-base,1.0
hye_Armn,srp_Cyrl,Alibaba-NLP/gte-multilingual-base,1.0
hye_Armn,swe_Latn,intfloat/multilingual-e5-large,1.0
hye_Armn,tam_Taml,Alibaba-NLP/gte-multilingual-base,1.0
hye_Armn,tat_Cyrl,intfloat/multilingual-e5-large,1.0
hye_Armn,tel_Telu,intfloat/multilingual-e5-large,1.0
hye_Armn,tgk_Cyrl,intfloat/multilingual-e5-large,1.0
hye_Armn,tgl_Latn,intfloat/multilingual-e5-large,1.0
hye_Armn,tha_Thai,jinaai/jina-embeddings-v3,1.0
hye_Armn,tur_Latn,intfloat/multilingual-e5-large,1.0
hye_Armn,ukr_Cyrl,Alibaba-NLP/gte-multilingual-base,1.0
hye_Armn,lvs_Latn,Alibaba-NLP/gte-multilingual-base,1.0
hye_Armn,lit_Latn,Alibaba-NLP/gte-multilingual-base,1.0
hye_Armn,lao_Laoo,intfloat/multilingual-e5-large,1.0
hun_Latn,vie_Latn,Alibaba-NLP/gte-multilingual-base,1.0
hun_Latn,slv_Latn,Alibaba-NLP/gte-multilingual-base,1.0
hun_Latn,spa_Latn,google/embeddinggemma-300m,1.0
hun_Latn,srp_Cyrl,Alibaba-NLP/gte-multilingual-base,1.0
hun_Latn,swe_Latn,google/embeddinggemma-300m,1.0
hun_Latn,tam_Taml,google/embeddinggemma-300m,1.0
hun_Latn,tgl_Latn,jinaai/jina-embeddings-v3,1.0
hun_Latn,tha_Thai,google/embeddinggemma-300m,1.0
hun_Latn,tur_Latn,google/embeddinggemma-300m,1.0
hun_Latn,ukr_Cyrl,google/embeddinggemma-300m,1.0
hun_Latn,urd_Arab,Alibaba-NLP/gte-multilingual-base,1.0
hun_Latn,uzn_Latn,intfloat/multilingual-e5-large,1.0
hun_Latn,zsm_Latn,Alibaba-NLP/gte-multilingual-base,1.0
hye_Armn,kir_Cyrl,intfloat/multilingual-e5-large,1.0
hye_Armn,als_Latn,jinaai/jina-embeddings-v3,1.0
hye_Armn,ind_Latn,jinaai/jina-embeddings-v3,1.0
hye_Armn,isl_Latn,jinaai/jina-embeddings-v3,1.0
hye_Armn,ita_Latn,intfloat/multilingual-e5-large,1.0
hye_Armn,jav_Latn,intfloat/multilingual-e5-large,1.0
hye_Armn,jpn_Jpan,intfloat/multilingual-e5-large,1.0
hye_Armn,kan_Knda,intfloat/multilingual-e5-large,1.0
hye_Armn,kat_Geor,intfloat/multilingual-e5-large,1.0
hye_Armn,kaz_Cyrl,Alibaba-NLP/gte-multilingual-base,1.0
hye_Armn,khk_Cyrl,intfloat/multilingual-e5-large,1.0
hye_Armn,khm_Khmr,intfloat/multilingual-e5-large,1.0
ita_Latn,cat_Latn,jinaai/jina-embeddings-v5-text-nano,1.0
ita_Latn,ces_Latn,jinaai/jina-embeddings-v5-text-nano,1.0
ita_Latn,dan_Latn,jinaai/jina-embeddings-v5-text-nano,1.0
kat_Geor,xho_Latn,intfloat/multilingual-e5-large,1.0
kat_Geor,kir_Cyrl,intfloat/multilingual-e5-large,1.0
kat_Geor,lao_Laoo,jinaai/jina-embeddings-v3,1.0
kat_Geor,lit_Latn,intfloat/multilingual-e5-large,1.0
kat_Geor,lvs_Latn,intfloat/multilingual-e5-large,1.0
kat_Geor,mal_Mlym,jinaai/jina-embeddings-v3,1.0
kat_Geor,mar_Deva,jinaai/jina-embeddings-v3,1.0
kat_Geor,mkd_Cyrl,intfloat/multilingual-e5-large,1.0
kat_Geor,mya_Mymr,jinaai/jina-embeddings-v3,1.0
kat_Geor,nld_Latn,intfloat/multilingual-e5-large,1.0
kat_Geor,npi_Deva,intfloat/multilingual-e5-large,1.0
kat_Geor,pan_Guru,intfloat/multilingual-e5-large,1.0
kat_Geor,pbt_Arab,intfloat/multilingual-e5-large,1.0
kat_Geor,pol_Latn,intfloat/multilingual-e5-large,1.0
kat_Geor,ron_Latn,jinaai/jina-embeddings-v3,1.0
kat_Geor,rus_Cyrl,intfloat/multilingual-e5-large,1.0
kat_Geor,slk_Latn,jinaai/jina-embeddings-v3,1.0
kat_Geor,srp_Cyrl,intfloat/multilingual-e5-large,1.0
kat_Geor,swe_Latn,intfloat/multilingual-e5-large,1.0
kat_Geor,tam_Taml,intfloat/multilingual-e5-large,1.0
kat_Geor,tgk_Cyrl,intfloat/multilingual-e5-large,1.0
kat_Geor,tgl_Latn,intfloat/multilingual-e5-large,1.0
kat_Geor,tha_Thai,jinaai/jina-embeddings-v3,1.0
kat_Geor,tur_Latn,intfloat/multilingual-e5-large,1.0
kat_Geor,ukr_Cyrl,jinaai/jina-embeddings-v3,1.0
kat_Geor,urd_Arab,Alibaba-NLP/gte-multilingual-base,1.0
kat_Geor,khm_Khmr,jinaai/jina-embeddings-v3,1.0
kat_Geor,khk_Cyrl,intfloat/multilingual-e5-large,1.0
kat_Geor,kaz_Cyrl,intfloat/multilingual-e5-large,1.0
kan_Knda,slv_Latn,jinaai/jina-embeddings-v3,1.0
kan_Knda,mar_Deva,google/embeddinggemma-300m,1.0
kan_Knda,mkd_Cyrl,Alibaba-NLP/gte-multilingual-base,1.0
kan_Knda,mya_Mymr,intfloat/multilingual-e5-large,1.0
kan_Knda,nld_Latn,Alibaba-NLP/gte-multilingual-base,1.0
kan_Knda,npi_Deva,intfloat/multilingual-e5-large,1.0
kan_Knda,ory_Orya,intfloat/multilingual-e5-large,1.0
kan_Knda,pan_Guru,Alibaba-NLP/gte-multilingual-base,1.0
kan_Knda,pol_Latn,Alibaba-NLP/gte-multilingual-base,1.0
kan_Knda,ron_Latn,Alibaba-NLP/gte-multilingual-base,1.0
kan_Knda,rus_Cyrl,Alibaba-NLP/gte-multilingual-base,1.0
kan_Knda,slk_Latn,jinaai/jina-embeddings-v3,1.0
kan_Knda,srp_Cyrl,intfloat/multilingual-e5-large,1.0
kat_Geor,kan_Knda,intfloat/multilingual-e5-large,1.0
kan_Knda,swe_Latn,google/embeddinggemma-300m,1.0
kan_Knda,tam_Taml,google/embeddinggemma-300m,1.0
kan_Knda,tel_Telu,google/embeddinggemma-300m,1.0
kan_Knda,tgl_Latn,intfloat/multilingual-e5-large,1.0
kan_Knda,tha_Thai,jinaai/jina-embeddings-v3,1.0
kan_Knda,tur_Latn,google/embeddinggemma-300m,1.0
kan_Knda,ukr_Cyrl,Alibaba-NLP/gte-multilingual-base,1.0
kan_Knda,urd_Arab,intfloat/multilingual-e5-large,1.0
kan_Knda,uzn_Latn,intfloat/multilingual-e5-large,1.0
kan_Knda,vie_Latn,google/embeddinggemma-300m,1.0
kat_Geor,als_Latn,intfloat/multilingual-e5-large,1.0
kat_Geor,vie_Latn,jinaai/jina-embeddings-v3,1.0
kat_Geor,zsm_Latn,intfloat/multilingual-e5-large,1.0
kan_Knda,mai_Deva,google/embeddinggemma-300m,1.0
kat_Geor,zul_Latn,intfloat/multilingual-e5-large,1.0
kaz_Cyrl,tgl_Latn,jinaai/jina-embeddings-v3,1.0
kaz_Cyrl,tur_Latn,Alibaba-NLP/gte-multilingual-base,1.0
kaz_Cyrl,ukr_Cyrl,intfloat/multilingual-e5-large,1.0
kaz_Cyrl,urd_Arab,intfloat/multilingual-e5-large,1.0
kaz_Cyrl,vie_Latn,Alibaba-NLP/gte-multilingual-base,1.0
kaz_Cyrl,zsm_Latn,intfloat/multilingual-e5-large,1.0
kaz_Cyrl,zul_Latn,intfloat/multilingual-e5-large,1.0
khk_Cyrl,als_Latn,intfloat/multilingual-e5-large,1.0
khk_Cyrl,mya_Mymr,intfloat/multilingual-e5-large,1.0
khk_Cyrl,nld_Latn,jinaai/jina-embeddings-v3,1.0
khk_Cyrl,srp_Cyrl,jinaai/jina-embeddings-v3,1.0
khk_Cyrl,swe_Latn,jinaai/jina-embeddings-v3,1.0
khk_Cyrl,tel_Telu,intfloat/multilingual-e5-large,1.0
khk_Cyrl,tur_Latn,jinaai/jina-embeddings-v3,1.0
khk_Cyrl,ukr_Cyrl,jinaai/jina-embeddings-v3,1.0
khk_Cyrl,urd_Arab,intfloat/multilingual-e5-large,1.0
khm_Khmr,als_Latn,jinaai/jina-embeddings-v3,1.0
khm_Khmr,khk_Cyrl,jinaai/jina-embeddings-v3,1.0
khm_Khmr,lao_Laoo,jinaai/jina-embeddings-v3,1.0
khm_Khmr,mkd_Cyrl,jinaai/jina-embeddings-v3,1.0
khm_Khmr,nld_Latn,Alibaba-NLP/gte-multilingual-base,1.0
khm_Khmr,nno_Latn,jinaai/jina-embeddings-v3,1.0
khm_Khmr,npi_Deva,jinaai/jina-embeddings-v3,1.0
khm_Khmr,pan_Guru,jinaai/jina-embeddings-v3,1.0
khm_Khmr,ron_Latn,jinaai/jina-embeddings-v3,1.0
kaz_Cyrl,tgk_Cyrl,intfloat/multilingual-e5-large,1.0
kaz_Cyrl,tat_Cyrl,intfloat/multilingual-e5-large,1.0
kaz_Cyrl,tam_Taml,intfloat/multilingual-e5-large,1.0
kaz_Cyrl,mkd_Cyrl,Alibaba-NLP/gte-multilingual-base,1.0
kaz_Cyrl,als_Latn,intfloat/multilingual-e5-large,1.0
kaz_Cyrl,kan_Knda,intfloat/multilingual-e5-large,1.0
kaz_Cyrl,khk_Cyrl,intfloat/multilingual-e5-large,1.0
kaz_Cyrl,khm_Khmr,jinaai/jina-embeddings-v3,1.0
kaz_Cyrl,kir_Cyrl,intfloat/multilingual-e5-large,1.0
kaz_Cyrl,kmr_Latn,intfloat/multilingual-e5-large,1.0
kaz_Cyrl,lao_Laoo,jinaai/jina-embeddings-v3,1.0
kaz_Cyrl,lit_Latn,intfloat/multilingual-e5-large,1.0
kaz_Cyrl,lvs_Latn,intfloat/multilingual-e5-large,1.0
kaz_Cyrl,mal_Mlym,intfloat/multilingual-e5-large,1.0
kaz_Cyrl,mar_Deva,intfloat/multilingual-e5-large,1.0
kaz_Cyrl,mya_Mymr,intfloat/multilingual-e5-large,1.0
kaz_Cyrl,swe_Latn,jinaai/jina-embeddings-v3,1.0
kaz_Cyrl,nld_Latn,Alibaba-NLP/gte-multilingual-base,1.0
kaz_Cyrl,nno_Latn,jinaai/jina-embeddings-v3,1.0
kaz_Cyrl,npi_Deva,jinaai/jina-embeddings-v3,1.0
kaz_Cyrl,pan_Guru,jinaai/jina-embeddings-v3,1.0
kaz_Cyrl,pbt_Arab,intfloat/multilingual-e5-large,1.0
kaz_Cyrl,pol_Latn,jinaai/jina-embeddings-v3,1.0
kaz_Cyrl,ron_Latn,Alibaba-NLP/gte-multilingual-base,1.0
kaz_Cyrl,rus_Cyrl,intfloat/multilingual-e5-large,1.0
kaz_Cyrl,slk_Latn,Alibaba-NLP/gte-multilingual-base,1.0
kaz_Cyrl,slv_Latn,jinaai/jina-embeddings-v3,1.0
kaz_Cyrl,srp_Cyrl,Alibaba-NLP/gte-multilingual-base,1.0
kan_Knda,mal_Mlym,google/embeddinggemma-300m,1.0
kan_Knda,lvs_Latn,Alibaba-NLP/gte-multilingual-base,1.0
ita_Latn,deu_Latn,jinaai/jina-embeddings-v5-text-nano,1.0
jav_Latn,rus_Cyrl,intfloat/multilingual-e5-large,1.0
ita_Latn,pol_Latn,jinaai/jina-embeddings-v5-text-nano,1.0
ita_Latn,ron_Latn,jinaai/jina-embeddings-v5-text-nano,1.0
ita_Latn,rus_Cyrl,jinaai/jina-embeddings-v5-text-nano,1.0
ita_Latn,slk_Latn,jinaai/jina-embeddings-v5-text-nano,1.0
ita_Latn,slv_Latn,jinaai/jina-embeddings-v5-text-nano,1.0
ita_Latn,spa_Latn,jinaai/jina-embeddings-v5-text-nano,1.0
ita_Latn,srp_Cyrl,jinaai/jina-embeddings-v5-text-nano,1.0
ita_Latn,swe_Latn,jinaai/jina-embeddings-v5-text-nano,1.0
ita_Latn,tam_Taml,google/embeddinggemma-300m,1.0
ita_Latn,tel_Telu,Alibaba-NLP/gte-multilingual-base,1.0
ita_Latn,tgl_Latn,intfloat/multilingual-e5-large,1.0
ita_Latn,tha_Thai,jinaai/jina-embeddings-v5-text-nano,1.0
ita_Latn,tur_Latn,jinaai/jina-embeddings-v5-text-nano,1.0
ita_Latn,ukr_Cyrl,jinaai/jina-embeddings-v5-text-nano,1.0
ita_Latn,urd_Arab,jinaai/jina-embeddings-v5-text-nano,1.0
ita_Latn,uzn_Latn,intfloat/multilingual-e5-large,1.0
ita_Latn,vie_Latn,jinaai/jina-embeddings-v5-text-nano,1.0
ita_Latn,zsm_Latn,jinaai/jina-embeddings-v5-text-nano,1.0
jav_Latn,kat_Geor,intfloat/multilingual-e5-large,1.0
jav_Latn,kaz_Cyrl,intfloat/multilingual-e5-large,1.0
jav_Latn,lvs_Latn,intfloat/multilingual-e5-large,1.0
jav_Latn,mal_Mlym,intfloat/multilingual-e5-large,1.0
jav_Latn,mar_Deva,intfloat/multilingual-e5-large,1.0
jav_Latn,mkd_Cyrl,intfloat/multilingual-e5-large,1.0
jav_Latn,nld_Latn,intfloat/multilingual-e5-large,1.0
ita_Latn,pbt_Arab,jinaai/jina-embeddings-v3,1.0
ita_Latn,pan_Guru,Alibaba-NLP/gte-multilingual-base,1.0
ita_Latn,npi_Deva,google/embeddinggemma-300m,1.0
ita_Latn,jpn_Jpan,jinaai/jina-embeddings-v5-text-nano,1.0
ita_Latn,ell_Grek,jinaai/jina-embeddings-v5-text-nano,1.0
ita_Latn,eng_Latn,jinaai/jina-embeddings-v5-text-nano,1.0
ita_Latn,eus_Latn,intfloat/multilingual-e5-large,1.0
ita_Latn,fin_Latn,jinaai/jina-embeddings-v5-text-nano,1.0
ita_Latn,fra_Latn,jinaai/jina-embeddings-v5-text-nano,1.0
ita_Latn,glg_Latn,jinaai/jina-embeddings-v5-text-nano,1.0
ita_Latn,heb_Hebr,jinaai/jina-embeddings-v5-text-nano,1.0
ita_Latn,hrv_Latn,jinaai/jina-embeddings-v5-text-nano,1.0
ita_Latn,hun_Latn,jinaai/jina-embeddings-v5-text-nano,1.0
ita_Latn,ind_Latn,jinaai/jina-embeddings-v5-text-nano,1.0
ita_Latn,isl_Latn,Alibaba-NLP/gte-multilingual-base,1.0
ita_Latn,kan_Knda,jinaai/jina-embeddings-v3,1.0
ita_Latn,nno_Latn,jinaai/jina-embeddings-v5-text-nano,1.0
ita_Latn,kat_Geor,Alibaba-NLP/gte-multilingual-base,1.0
ita_Latn,kaz_Cyrl,intfloat/multilingual-e5-large,1.0
ita_Latn,khk_Cyrl,jinaai/jina-embeddings-v3,1.0
ita_Latn,kir_Cyrl,intfloat/multilingual-e5-large,1.0
ita_Latn,lit_Latn,Alibaba-NLP/gte-multilingual-base,1.0
ita_Latn,lvs_Latn,jinaai/jina-embeddings-v5-text-nano,1.0
ita_Latn,mal_Mlym,jinaai/jina-embeddings-v5-text-small,1.0
ita_Latn,mar_Deva,google/embeddinggemma-300m,1.0
ita_Latn,mkd_Cyrl,jinaai/jina-embeddings-v5-text-nano,1.0
ita_Latn,mlt_Latn,intfloat/multilingual-e5-large,1.0
ita_Latn,nld_Latn,jinaai/jina-embeddings-v5-text-nano,1.0
jav_Latn,plt_Latn,intfloat/multilingual-e5-large,1.0
jav_Latn,slk_Latn,intfloat/multilingual-e5-large,1.0
kan_Knda,lit_Latn,intfloat/multilingual-e5-large,1.0
jav_Latn,slv_Latn,intfloat/multilingual-e5-large,1.0
jpn_Jpan,nno_Latn,jinaai/jina-embeddings-v5-text-nano,1.0
jpn_Jpan,npi_Deva,google/embeddinggemma-300m,1.0
jpn_Jpan,nya_Latn,intfloat/multilingual-e5-large,1.0
jpn_Jpan,pan_Guru,jinaai/jina-embeddings-v5-text-small,1.0
jpn_Jpan,pbt_Arab,jinaai/jina-embeddings-v3,1.0
jpn_Jpan,pol_Latn,jinaai/jina-embeddings-v5-text-nano,1.0
jpn_Jpan,ron_Latn,jinaai/jina-embeddings-v5-text-nano,1.0
jpn_Jpan,rus_Cyrl,jinaai/jina-embeddings-v5-text-nano,1.0
jpn_Jpan,sin_Sinh,jinaai/jina-embeddings-v3,1.0
jpn_Jpan,slk_Latn,jinaai/jina-embeddings-v5-text-nano,1.0
jpn_Jpan,slv_Latn,jinaai/jina-embeddings-v5-text-nano,1.0
jpn_Jpan,srp_Cyrl,jinaai/jina-embeddings-v5-text-nano,1.0
jpn_Jpan,sun_Latn,intfloat/multilingual-e5-large,1.0
jpn_Jpan,swe_Latn,jinaai/jina-embeddings-v5-text-nano,1.0
jpn_Jpan,tam_Taml,google/embeddinggemma-300m,1.0
jpn_Jpan,tel_Telu,google/embeddinggemma-300m,1.0
jpn_Jpan,tgl_Latn,intfloat/multilingual-e5-large,1.0
jpn_Jpan,tha_Thai,jinaai/jina-embeddings-v5-text-nano,1.0
jpn_Jpan,tur_Latn,jinaai/jina-embeddings-v5-text-nano,1.0
jpn_Jpan,ukr_Cyrl,jinaai/jina-embeddings-v5-text-nano,1.0
jpn_Jpan,urd_Arab,google/embeddinggemma-300m,1.0
jpn_Jpan,vie_Latn,jinaai/jina-embeddings-v5-text-nano,1.0
jpn_Jpan,zsm_Latn,jinaai/jina-embeddings-v5-text-nano,1.0
kan_Knda,als_Latn,jinaai/jina-embeddings-v3,1.0
kan_Knda,hin_Deva,google/embeddinggemma-300m,1.0
jpn_Jpan,nld_Latn,jinaai/jina-embeddings-v5-text-nano,1.0
jpn_Jpan,mkd_Cyrl,jinaai/jina-embeddings-v5-text-nano,1.0
jpn_Jpan,mar_Deva,google/embeddinggemma-300m,1.0
jpn_Jpan,afr_Latn,jinaai/jina-embeddings-v5-text-nano,1.0
jav_Latn,srp_Cyrl,intfloat/multilingual-e5-large,1.0
jav_Latn,sun_Latn,intfloat/multilingual-e5-large,1.0
jav_Latn,swe_Latn,intfloat/multilingual-e5-large,1.0
jav_Latn,tam_Taml,intfloat/multilingual-e5-large,1.0
jav_Latn,tgl_Latn,intfloat/multilingual-e5-large,1.0
jav_Latn,tur_Latn,intfloat/multilingual-e5-large,1.0
jav_Latn,urd_Arab,intfloat/multilingual-e5-large,1.0
jav_Latn,vie_Latn,intfloat/multilingual-e5-large,1.0
jav_Latn,war_Latn,intfloat/multilingual-e5-large,1.0
jav_Latn,xho_Latn,intfloat/multilingual-e5-large,1.0
jav_Latn,zsm_Latn,intfloat/multilingual-e5-large,1.0
jpn_Jpan,als_Latn,jinaai/jina-embeddings-v3,1.0
jpn_Jpan,mal_Mlym,jinaai/jina-embeddings-v5-text-small,1.0
jpn_Jpan,ces_Latn,jinaai/jina-embeddings-v5-text-nano,1.0
jpn_Jpan,dan_Latn,jinaai/jina-embeddings-v5-text-nano,1.0
jpn_Jpan,deu_Latn,jinaai/jina-embeddings-v5-text-nano,1.0
jpn_Jpan,eng_Latn,jinaai/jina-embeddings-v5-text-nano,1.0
jpn_Jpan,hrv_Latn,jinaai/jina-embeddings-v5-text-nano,1.0
jpn_Jpan,ind_Latn,jinaai/jina-embeddings-v5-text-nano,1.0
jpn_Jpan,kan_Knda,google/embeddinggemma-300m,1.0
jpn_Jpan,kaz_Cyrl,intfloat/multilingual-e5-large,1.0
jpn_Jpan,khm_Khmr,jinaai/jina-embeddings-v3,1.0
jpn_Jpan,kir_Cyrl,intfloat/multilingual-e5-large,1.0
jpn_Jpan,lvs_Latn,jinaai/jina-embeddings-v5-text-nano,1.0
hrv_Latn,ron_Latn,jinaai/jina-embeddings-v5-text-nano,1.0
hrv_Latn,pol_Latn,jinaai/jina-embeddings-v5-text-nano,1.0
hrv_Latn,pbt_Arab,jinaai/jina-embeddings-v3,1.0
gle_Latn,tur_Latn,jinaai/jina-embeddings-v3,1.0
gle_Latn,glg_Latn,intfloat/multilingual-e5-large,1.0
gle_Latn,guj_Gujr,intfloat/multilingual-e5-large,1.0
gle_Latn,heb_Hebr,jinaai/jina-embeddings-v3,1.0
gle_Latn,hin_Deva,jinaai/jina-embeddings-v3,1.0
gle_Latn,hne_Deva,intfloat/multilingual-e5-large,1.0
gle_Latn,hrv_Latn,jinaai/jina-embeddings-v3,1.0
gle_Latn,ind_Latn,jinaai/jina-embeddings-v3,1.0
gle_Latn,isl_Latn,jinaai/jina-embeddings-v3,1.0
gle_Latn,ita_Latn,jinaai/jina-embeddings-v3,1.0
gle_Latn,kan_Knda,intfloat/multilingual-e5-large,1.0
gle_Latn,kaz_Cyrl,intfloat/multilingual-e5-large,1.0
gle_Latn,mar_Deva,jinaai/jina-embeddings-v3,1.0
gle_Latn,mkd_Cyrl,jinaai/jina-embeddings-v3,1.0
gle_Latn,mlt_Latn,intfloat/multilingual-e5-large,1.0
gle_Latn,nld_Latn,jinaai/jina-embeddings-v3,1.0
gle_Latn,nno_Latn,jinaai/jina-embeddings-v3,1.0
gle_Latn,pol_Latn,jinaai/jina-embeddings-v3,1.0
gle_Latn,ron_Latn,jinaai/jina-embeddings-v3,1.0
gle_Latn,rus_Cyrl,jinaai/jina-embeddings-v3,1.0
gle_Latn,slk_Latn,jinaai/jina-embeddings-v3,1.0
gle_Latn,slv_Latn,jinaai/jina-embeddings-v3,1.0
gle_Latn,srp_Cyrl,jinaai/jina-embeddings-v3,1.0
gle_Latn,swe_Latn,jinaai/jina-embeddings-v3,1.0
gle_Latn,swh_Latn,intfloat/multilingual-e5-large,1.0
gle_Latn,tam_Taml,intfloat/multilingual-e5-large,1.0
fry_Latn,urd_Arab,jinaai/jina-embeddings-v3,1.0
fry_Latn,ukr_Cyrl,Alibaba-NLP/gte-multilingual-base,1.0
fry_Latn,tur_Latn,Alibaba-NLP/gte-multilingual-base,1.0
fry_Latn,lit_Latn,jinaai/jina-embeddings-v3,1.0
fry_Latn,glg_Latn,jinaai/jina-embeddings-v3,1.0
fry_Latn,heb_Hebr,jinaai/jina-embeddings-v3,1.0
fry_Latn,hin_Deva,Alibaba-NLP/gte-multilingual-base,1.0
fry_Latn,hrv_Latn,jinaai/jina-embeddings-v3,1.0
fry_Latn,hun_Latn,Alibaba-NLP/gte-multilingual-base,1.0
fry_Latn,ind_Latn,jinaai/jina-embeddings-v3,1.0
fry_Latn,isl_Latn,jinaai/jina-embeddings-v3,1.0
fry_Latn,ita_Latn,jinaai/jina-embeddings-v3,1.0
fry_Latn,jpn_Jpan,jinaai/jina-embeddings-v3,1.0
fry_Latn,kat_Geor,jinaai/jina-embeddings-v3,1.0
fry_Latn,kaz_Cyrl,intfloat/multilingual-e5-large,1.0
fry_Latn,lvs_Latn,Alibaba-NLP/gte-multilingual-base,1.0
fry_Latn,tgl_Latn,intfloat/multilingual-e5-large,1.0
fry_Latn,mar_Deva,jinaai/jina-embeddings-v3,1.0
fry_Latn,mkd_Cyrl,Alibaba-NLP/gte-multilingual-base,1.0
fry_Latn,nld_Latn,Alibaba-NLP/gte-multilingual-base,1.0
fry_Latn,pol_Latn,jinaai/jina-embeddings-v3,1.0
fry_Latn,ron_Latn,Alibaba-NLP/gte-multilingual-base,1.0
fry_Latn,rus_Cyrl,Alibaba-NLP/gte-multilingual-base,1.0
fry_Latn,slk_Latn,Alibaba-NLP/gte-multilingual-base,1.0
fry_Latn,slv_Latn,Alibaba-NLP/gte-multilingual-base,1.0
fry_Latn,srp_Cyrl,Alibaba-NLP/gte-multilingual-base,1.0
fry_Latn,swe_Latn,Alibaba-NLP/gte-multilingual-base,1.0
fry_Latn,tam_Taml,jinaai/jina-embeddings-v3,1.0
gle_Latn,tgl_Latn,intfloat/multilingual-e5-large,1.0
gle_Latn,ukr_Cyrl,jinaai/jina-embeddings-v3,1.0
fra_Latn,vie_Latn,jinaai/jina-embeddings-v5-text-nano,1.0
gle_Latn,urd_Arab,intfloat/multilingual-e5-large,1.0
glg_Latn,nld_Latn,google/embeddinggemma-300m,1.0
glg_Latn,nno_Latn,google/embeddinggemma-300m,1.0
glg_Latn,npi_Deva,google/embeddinggemma-300m,1.0
glg_Latn,pan_Guru,jinaai/jina-embeddings-v3,1.0
glg_Latn,pol_Latn,google/embeddinggemma-300m,1.0
glg_Latn,ron_Latn,google/embeddinggemma-300m,1.0
glg_Latn,rus_Cyrl,google/embeddinggemma-300m,1.0
glg_Latn,slk_Latn,google/embeddinggemma-300m,1.0
glg_Latn,slv_Latn,Alibaba-NLP/gte-multilingual-base,1.0
glg_Latn,spa_Latn,google/embeddinggemma-300m,1.0
glg_Latn,srp_Cyrl,google/embeddinggemma-300m,1.0
glg_Latn,sun_Latn,intfloat/multilingual-e5-large,1.0
glg_Latn,swe_Latn,google/embeddinggemma-300m,1.0
glg_Latn,tam_Taml,google/embeddinggemma-300m,1.0
glg_Latn,tel_Telu,Alibaba-NLP/gte-multilingual-base,1.0
glg_Latn,tgl_Latn,intfloat/multilingual-e5-large,1.0
glg_Latn,tha_Thai,jinaai/jina-embeddings-v5-text-nano,1.0
glg_Latn,tur_Latn,jinaai/jina-embeddings-v5-text-nano,1.0
glg_Latn,ukr_Cyrl,google/embeddinggemma-300m,1.0
glg_Latn,urd_Arab,jinaai/jina-embeddings-v5-text-nano,1.0
glg_Latn,uzn_Latn,intfloat/multilingual-e5-large,1.0
glg_Latn,vie_Latn,intfloat/multilingual-e5-large,1.0
glg_Latn,zsm_Latn,google/embeddinggemma-300m,1.0
guj_Gujr,als_Latn,intfloat/multilingual-e5-large,1.0
guj_Gujr,heb_Hebr,jinaai/jina-embeddings-v5-text-small,1.0
glg_Latn,mya_Mymr,jinaai/jina-embeddings-v3,1.0
glg_Latn,mlt_Latn,intfloat/multilingual-e5-large,1.0
glg_Latn,mkd_Cyrl,Alibaba-NLP/gte-multilingual-base,1.0
glg_Latn,hye_Armn,intfloat/multilingual-e5-large,1.0
gle_Latn,zsm_Latn,jinaai/jina-embeddings-v3,1.0
glg_Latn,als_Latn,intfloat/multilingual-e5-large,1.0
glg_Latn,eng_Latn,jinaai/jina-embeddings-v5-text-nano,1.0
glg_Latn,fin_Latn,google/embeddinggemma-300m,1.0
glg_Latn,fra_Latn,google/embeddinggemma-300m,1.0
glg_Latn,guj_Gujr,google/embeddinggemma-300m,1.0
glg_Latn,heb_Hebr,Alibaba-NLP/gte-multilingual-base,1.0
glg_Latn,hin_Deva,google/embeddinggemma-300m,1.0
glg_Latn,hne_Deva,intfloat/multilingual-e5-large,1.0
glg_Latn,hrv_Latn,google/embeddinggemma-300m,1.0
glg_Latn,hun_Latn,google/embeddinggemma-300m,1.0
glg_Latn,ind_Latn,google/embeddinggemma-300m,1.0
glg_Latn,mar_Deva,google/embeddinggemma-300m,1.0
glg_Latn,isl_Latn,intfloat/multilingual-e5-large,1.0
glg_Latn,ita_Latn,google/embeddinggemma-300m,1.0
glg_Latn,jav_Latn,intfloat/multilingual-e5-large,1.0
glg_Latn,jpn_Jpan,google/embeddinggemma-300m,1.0
glg_Latn,kan_Knda,google/embeddinggemma-300m,1.0
glg_Latn,kat_Geor,intfloat/multilingual-e5-large,1.0
glg_Latn,kaz_Cyrl,Alibaba-NLP/gte-multilingual-base,1.0
glg_Latn,khm_Khmr,jinaai/jina-embeddings-v3,1.0
glg_Latn,lit_Latn,jinaai/jina-embeddings-v3,1.0
glg_Latn,lvs_Latn,Alibaba-NLP/gte-multilingual-base,1.0
glg_Latn,mal_Mlym,intfloat/multilingual-e5-large,1.0
fra_Latn,zsm_Latn,jinaai/jina-embeddings-v5-text-nano,1.0
fra_Latn,uzn_Latn,intfloat/multilingual-e5-large,1.0
guj_Gujr,hne_Deva,intfloat/multilingual-e5-large,1.0
fra_Latn,eus_Latn,jinaai/jina-embeddings-v3,1.0
fin_Latn,swe_Latn,jinaai/jina-embeddings-v5-text-nano,1.0
fin_Latn,swh_Latn,Alibaba-NLP/gte-multilingual-base,1.0
fin_Latn,tam_Taml,google/embeddinggemma-300m,1.0
fin_Latn,tel_Telu,Alibaba-NLP/gte-multilingual-base,1.0
fin_Latn,tgl_Latn,intfloat/multilingual-e5-large,1.0
fin_Latn,tha_Thai,google/embeddinggemma-300m,1.0
fin_Latn,tur_Latn,jinaai/jina-embeddings-v5-text-nano,1.0
fin_Latn,ukr_Cyrl,jinaai/jina-embeddings-v5-text-nano,1.0
fin_Latn,urd_Arab,google/embeddinggemma-300m,1.0
fin_Latn,uzn_Latn,intfloat/multilingual-e5-large,1.0
fin_Latn,vie_Latn,Alibaba-NLP/gte-multilingual-base,1.0
fin_Latn,zsm_Latn,jinaai/jina-embeddings-v5-text-nano,1.0
fra_Latn,afr_Latn,intfloat/multilingual-e5-large,1.0
fra_Latn,als_Latn,Alibaba-NLP/gte-multilingual-base,1.0
fra_Latn,arz_Arab,jinaai/jina-embeddings-v5-text-nano,1.0
fra_Latn,azj_Latn,Alibaba-NLP/gte-multilingual-base,1.0
fra_Latn,bel_Cyrl,Alibaba-NLP/gte-multilingual-base,1.0
fra_Latn,bho_Deva,jinaai/jina-embeddings-v5-text-nano,1.0
fra_Latn,bul_Cyrl,jinaai/jina-embeddings-v5-text-nano,1.0
fra_Latn,cat_Latn,jinaai/jina-embeddings-v5-text-nano,1.0
fra_Latn,ces_Latn,jinaai/jina-embeddings-v5-text-nano,1.0
fra_Latn,dan_Latn,jinaai/jina-embeddings-v5-text-nano,1.0
fra_Latn,deu_Latn,jinaai/jina-embeddings-v5-text-nano,1.0
fra_Latn,ekk_Latn,intfloat/multilingual-e5-large,1.0
fra_Latn,ell_Grek,google/embeddinggemma-300m,1.0
fin_Latn,srp_Cyrl,google/embeddinggemma-300m,1.0
fin_Latn,spa_Latn,jinaai/jina-embeddings-v5-text-nano,1.0
fin_Latn,slv_Latn,jinaai/jina-embeddings-v5-text-nano,1.0
fin_Latn,mal_Mlym,google/embeddinggemma-300m,1.0
fin_Latn,ita_Latn,jinaai/jina-embeddings-v5-text-nano,1.0
fin_Latn,jpn_Jpan,jinaai/jina-embeddings-v5-text-nano,1.0
fin_Latn,kan_Knda,jinaai/jina-embeddings-v3,1.0
fin_Latn,kat_Geor,jinaai/jina-embeddings-v3,1.0
fin_Latn,kaz_Cyrl,intfloat/multilingual-e5-large,1.0
fin_Latn,khk_Cyrl,jinaai/jina-embeddings-v3,1.0
fin_Latn,khm_Khmr,Alibaba-NLP/gte-multilingual-base,1.0
fin_Latn,kir_Cyrl,jinaai/jina-embeddings-v3,1.0
fin_Latn,lao_Laoo,jinaai/jina-embeddings-v3,1.0
fin_Latn,lit_Latn,intfloat/multilingual-e5-large,1.0
fin_Latn,lvs_Latn,jinaai/jina-embeddings-v5-text-nano,1.0
fin_Latn,mar_Deva,jinaai/jina-embeddings-v3,1.0
fin_Latn,slk_Latn,jinaai/jina-embeddings-v5-text-nano,1.0
fin_Latn,mkd_Cyrl,jinaai/jina-embeddings-v5-text-nano,1.0
fin_Latn,mlt_Latn,intfloat/multilingual-e5-large,1.0
fin_Latn,mya_Mymr,jinaai/jina-embeddings-v3,1.0
fin_Latn,nld_Latn,jinaai/jina-embeddings-v5-text-nano,1.0
fin_Latn,nno_Latn,jinaai/jina-embeddings-v5-text-nano,1.0
fin_Latn,pan_Guru,jinaai/jina-embeddings-v3,1.0
fin_Latn,pbt_Arab,intfloat/multilingual-e5-large,1.0
fin_Latn,plt_Latn,intfloat/multilingual-e5-large,1.0
fin_Latn,pol_Latn,jinaai/jina-embeddings-v5-text-nano,1.0
fin_Latn,ron_Latn,jinaai/jina-embeddings-v5-text-nano,1.0
fin_Latn,rus_Cyrl,jinaai/jina-embeddings-v5-text-nano,1.0
fra_Latn,eng_Latn,jinaai/jina-embeddings-v5-text-nano,1.0
fra_Latn,fao_Latn,jinaai/jina-embeddings-v3,1.0
fra_Latn,urd_Arab,jinaai/jina-embeddings-v5-text-nano,1.0
fra_Latn,fin_Latn,jinaai/jina-embeddings-v5-text-nano,1.0
fra_Latn,mlt_Latn,intfloat/multilingual-e5-large,1.0
fra_Latn,mya_Mymr,jinaai/jina-embeddings-v3,1.0
fra_Latn,nld_Latn,jinaai/jina-embeddings-v5-text-nano,1.0
fra_Latn,nno_Latn,jinaai/jina-embeddings-v5-text-nano,1.0
fra_Latn,npi_Deva,google/embeddinggemma-300m,1.0
fra_Latn,pan_Guru,Alibaba-NLP/gte-multilingual-base,1.0
fra_Latn,pbt_Arab,intfloat/multilingual-e5-large,1.0
fra_Latn,plt_Latn,intfloat/multilingual-e5-large,1.0
fra_Latn,pol_Latn,jinaai/jina-embeddings-v5-text-nano,1.0
fra_Latn,ron_Latn,jinaai/jina-embeddings-v5-text-nano,1.0
fra_Latn,rus_Cyrl,jinaai/jina-embeddings-v5-text-nano,1.0
fra_Latn,sin_Sinh,Alibaba-NLP/gte-multilingual-base,1.0
fra_Latn,slk_Latn,jinaai/jina-embeddings-v5-text-nano,1.0
fra_Latn,slv_Latn,jinaai/jina-embeddings-v5-text-nano,1.0
fra_Latn,snd_Arab,jinaai/jina-embeddings-v3,1.0
fra_Latn,spa_Latn,jinaai/jina-embeddings-v5-text-nano,1.0
fra_Latn,srp_Cyrl,jinaai/jina-embeddings-v5-text-nano,1.0
fra_Latn,swe_Latn,jinaai/jina-embeddings-v5-text-nano,1.0
fra_Latn,szl_Latn,intfloat/multilingual-e5-large,1.0
fra_Latn,tam_Taml,google/embeddinggemma-300m,1.0
fra_Latn,tel_Telu,google/embeddinggemma-300m,1.0
fra_Latn,tgl_Latn,intfloat/multilingual-e5-large,1.0
fra_Latn,tha_Thai,jinaai/jina-embeddings-v5-text-nano,1.0
fra_Latn,tur_Latn,jinaai/jina-embeddings-v5-text-nano,1.0
fra_Latn,ukr_Cyrl,google/embeddinggemma-300m,1.0
fra_Latn,mkd_Cyrl,Alibaba-NLP/gte-multilingual-base,1.0
fra_Latn,mar_Deva,jinaai/jina-embeddings-v5-text-nano,1.0
fra_Latn,mal_Mlym,Alibaba-NLP/gte-multilingual-base,1.0
fra_Latn,ind_Latn,jinaai/jina-embeddings-v5-text-nano,1.0
fra_Latn,fry_Latn,Alibaba-NLP/gte-multilingual-base,1.0
fra_Latn,gle_Latn,intfloat/multilingual-e5-large,1.0
fra_Latn,glg_Latn,jinaai/jina-embeddings-v5-text-nano,1.0
fra_Latn,guj_Gujr,google/embeddinggemma-300m,1.0
fra_Latn,hat_Latn,intfloat/multilingual-e5-large,1.0
fra_Latn,heb_Hebr,Alibaba-NLP/gte-multilingual-base,1.0
fra_Latn,hin_Deva,jinaai/jina-embeddings-v5-text-nano,1.0
fra_Latn,hne_Deva,jinaai/jina-embeddings-v5-text-nano,1.0
fra_Latn,hrv_Latn,jinaai/jina-embeddings-v5-text-nano,1.0
fra_Latn,hun_Latn,jinaai/jina-embeddings-v5-text-nano,1.0
fra_Latn,hye_Armn,Alibaba-NLP/gte-multilingual-base,1.0
fra_Latn,isl_Latn,Alibaba-NLP/gte-multilingual-base,1.0
fra_Latn,lvs_Latn,jinaai/jina-embeddings-v5-text-nano,1.0
fra_Latn,ita_Latn,jinaai/jina-embeddings-v5-text-nano,1.0
fra_Latn,jpn_Jpan,jinaai/jina-embeddings-v5-text-nano,1.0
fra_Latn,kan_Knda,google/embeddinggemma-300m,1.0
fra_Latn,kat_Geor,Alibaba-NLP/gte-multilingual-base,1.0
fra_Latn,kaz_Cyrl,Alibaba-NLP/gte-multilingual-base,1.0
fra_Latn,khk_Cyrl,jinaai/jina-embeddings-v3,1.0
fra_Latn,khm_Khmr,jinaai/jina-embeddings-v3,1.0
fra_Latn,kir_Cyrl,intfloat/multilingual-e5-large,1.0
fra_Latn,lao_Laoo,jinaai/jina-embeddings-v3,1.0
fra_Latn,lim_Latn,Alibaba-NLP/gte-multilingual-base,1.0
fra_Latn,lit_Latn,intfloat/multilingual-e5-large,1.0
guj_Gujr,hin_Deva,google/embeddinggemma-300m,1.0
guj_Gujr,hrv_Latn,google/embeddinggemma-300m,1.0
hrv_Latn,pan_Guru,Alibaba-NLP/gte-multilingual-base,1.0
hne_Deva,nld_Latn,jinaai/jina-embeddings-v5-text-nano,1.0
hin_Deva,pol_Latn,jinaai/jina-embeddings-v5-text-nano,1.0
hin_Deva,ron_Latn,jinaai/jina-embeddings-v5-text-nano,1.0
hin_Deva,rus_Cyrl,jinaai/jina-embeddings-v5-text-nano,1.0
hin_Deva,sin_Sinh,Alibaba-NLP/gte-multilingual-base,1.0
hin_Deva,slk_Latn,jinaai/jina-embeddings-v5-text-nano,1.0
hin_Deva,slv_Latn,jinaai/jina-embeddings-v5-text-nano,1.0
hin_Deva,snd_Arab,Alibaba-NLP/gte-multilingual-base,1.0
hin_Deva,srp_Cyrl,jinaai/jina-embeddings-v5-text-nano,1.0
hin_Deva,swe_Latn,jinaai/jina-embeddings-v5-text-nano,1.0
hin_Deva,tam_Taml,google/embeddinggemma-300m,1.0
hin_Deva,tel_Telu,google/embeddinggemma-300m,1.0
hin_Deva,tgl_Latn,intfloat/multilingual-e5-large,1.0
hin_Deva,tha_Thai,jinaai/jina-embeddings-v5-text-nano,1.0
hin_Deva,tur_Latn,jinaai/jina-embeddings-v5-text-nano,1.0
hin_Deva,ukr_Cyrl,jinaai/jina-embeddings-v5-text-nano,1.0
hin_Deva,urd_Arab,jinaai/jina-embeddings-v5-text-nano,1.0
hin_Deva,uzn_Latn,intfloat/multilingual-e5-large,1.0
hin_Deva,vie_Latn,jinaai/jina-embeddings-v5-text-nano,1.0
hin_Deva,zsm_Latn,jinaai/jina-embeddings-v5-text-nano,1.0
hne_Deva,hrv_Latn,google/embeddinggemma-300m,1.0
hne_Deva,hun_Latn,Alibaba-NLP/gte-multilingual-base,1.0
hne_Deva,ita_Latn,jinaai/jina-embeddings-v5-text-nano,1.0
hne_Deva,jpn_Jpan,google/embeddinggemma-300m,1.0
hne_Deva,kan_Knda,intfloat/multilingual-e5-large,1.0
hne_Deva,lit_Latn,jinaai/jina-embeddings-v3,1.0
hin_Deva,pbt_Arab,intfloat/multilingual-e5-large,1.0
hin_Deva,pan_Guru,Alibaba-NLP/gte-multilingual-base,1.0
hin_Deva,ory_Orya,intfloat/multilingual-e5-large,1.0
hin_Deva,khk_Cyrl,jinaai/jina-embeddings-v3,1.0
hin_Deva,hne_Deva,jinaai/jina-embeddings-v5-text-nano,1.0
hin_Deva,hrv_Latn,jinaai/jina-embeddings-v5-text-nano,1.0
hin_Deva,hun_Latn,jinaai/jina-embeddings-v5-text-nano,1.0
hin_Deva,hye_Armn,intfloat/multilingual-e5-large,1.0
hin_Deva,ind_Latn,jinaai/jina-embeddings-v5-text-nano,1.0
hin_Deva,isl_Latn,intfloat/multilingual-e5-large,1.0
hin_Deva,ita_Latn,jinaai/jina-embeddings-v5-text-nano,1.0
hin_Deva,jpn_Jpan,jinaai/jina-embeddings-v5-text-nano,1.0
hin_Deva,kan_Knda,google/embeddinggemma-300m,1.0
hin_Deva,kat_Geor,Alibaba-NLP/gte-multilingual-base,1.0
hin_Deva,kaz_Cyrl,intfloat/multilingual-e5-large,1.0
hin_Deva,khm_Khmr,jinaai/jina-embeddings-v3,1.0
hin_Deva,npi_Deva,google/embeddinggemma-300m,1.0
hin_Deva,kir_Cyrl,intfloat/multilingual-e5-large,1.0
hin_Deva,lao_Laoo,jinaai/jina-embeddings-v3,1.0
hin_Deva,lit_Latn,intfloat/multilingual-e5-large,1.0
hin_Deva,lvs_Latn,jinaai/jina-embeddings-v5-text-nano,1.0
hin_Deva,mai_Deva,jinaai/jina-embeddings-v5-text-nano,1.0
hin_Deva,mal_Mlym,intfloat/multilingual-e5-large,1.0
hin_Deva,mar_Deva,jinaai/jina-embeddings-v5-text-nano,1.0
hin_Deva,mkd_Cyrl,Alibaba-NLP/gte-multilingual-base,1.0
hin_Deva,mya_Mymr,jinaai/jina-embeddings-v3,1.0
hin_Deva,nld_Latn,jinaai/jina-embeddings-v5-text-nano,1.0
hin_Deva,nno_Latn,jinaai/jina-embeddings-v5-text-nano,1.0
hne_Deva,mar_Deva,Alibaba-NLP/gte-multilingual-base,1.0
hne_Deva,nno_Latn,intfloat/multilingual-e5-large,1.0
hin_Deva,eng_Latn,jinaai/jina-embeddings-v5-text-nano,1.0
hne_Deva,pan_Guru,intfloat/multilingual-e5-large,1.0
hrv_Latn,glg_Latn,jinaai/jina-embeddings-v5-text-nano,1.0
hrv_Latn,heb_Hebr,google/embeddinggemma-300m,1.0
hrv_Latn,hin_Deva,google/embeddinggemma-300m,1.0
hrv_Latn,hun_Latn,jinaai/jina-embeddings-v5-text-nano,1.0
hrv_Latn,hye_Armn,Alibaba-NLP/gte-multilingual-base,1.0
hrv_Latn,ind_Latn,jinaai/jina-embeddings-v5-text-nano,1.0
hrv_Latn,isl_Latn,intfloat/multilingual-e5-large,1.0
hrv_Latn,ita_Latn,jinaai/jina-embeddings-v5-text-nano,1.0
hrv_Latn,jpn_Jpan,jinaai/jina-embeddings-v5-text-nano,1.0
hrv_Latn,kan_Knda,Alibaba-NLP/gte-multilingual-base,1.0
hrv_Latn,kat_Geor,jinaai/jina-embeddings-v3,1.0
hrv_Latn,kaz_Cyrl,jinaai/jina-embeddings-v3,1.0
hrv_Latn,khk_Cyrl,jinaai/jina-embeddings-v3,1.0
hrv_Latn,khm_Khmr,Alibaba-NLP/gte-multilingual-base,1.0
hrv_Latn,kir_Cyrl,Alibaba-NLP/gte-multilingual-base,1.0
hrv_Latn,lao_Laoo,jinaai/jina-embeddings-v3,1.0
hrv_Latn,lit_Latn,Alibaba-NLP/gte-multilingual-base,1.0
hrv_Latn,lvs_Latn,jinaai/jina-embeddings-v5-text-nano,1.0
hrv_Latn,mal_Mlym,intfloat/multilingual-e5-large,1.0
hrv_Latn,mar_Deva,Alibaba-NLP/gte-multilingual-base,1.0
hrv_Latn,mkd_Cyrl,jinaai/jina-embeddings-v5-text-nano,1.0
hrv_Latn,mya_Mymr,jinaai/jina-embeddings-v3,1.0
hrv_Latn,nld_Latn,jinaai/jina-embeddings-v5-text-nano,1.0
hrv_Latn,nno_Latn,jinaai/jina-embeddings-v5-text-nano,1.0
hrv_Latn,npi_Deva,intfloat/multilingual-e5-large,1.0
hrv_Latn,fra_Latn,jinaai/jina-embeddings-v5-text-nano,1.0
hrv_Latn,fin_Latn,jinaai/jina-embeddings-v5-text-nano,1.0
hrv_Latn,fao_Latn,jinaai/jina-embeddings-v3,1.0
hne_Deva,urd_Arab,jinaai/jina-embeddings-v5-text-nano,1.0
hne_Deva,pol_Latn,jinaai/jina-embeddings-v5-text-nano,1.0
hne_Deva,ron_Latn,jinaai/jina-embeddings-v5-text-nano,1.0
hne_Deva,rus_Cyrl,google/embeddinggemma-300m,1.0
hne_Deva,slk_Latn,google/embeddinggemma-300m,1.0
hne_Deva,slv_Latn,Alibaba-NLP/gte-multilingual-base,1.0
hne_Deva,swe_Latn,google/embeddinggemma-300m,1.0
hne_Deva,tam_Taml,google/embeddinggemma-300m,1.0
hne_Deva,tel_Telu,google/embeddinggemma-300m,1.0
hne_Deva,tha_Thai,jinaai/jina-embeddings-v5-text-nano,1.0
hne_Deva,tur_Latn,jinaai/jina-embeddings-v5-text-nano,1.0
hne_Deva,ukr_Cyrl,google/embeddinggemma-300m,1.0
hne_Deva,vie_Latn,jinaai/jina-embeddings-v5-text-nano,1.0
hrv_Latn,eus_Latn,jinaai/jina-embeddings-v3,1.0
hrv_Latn,afr_Latn,jinaai/jina-embeddings-v3,1.0
hrv_Latn,als_Latn,intfloat/multilingual-e5-large,1.0
hrv_Latn,azj_Latn,Alibaba-NLP/gte-multilingual-base,1.0
hrv_Latn,bel_Cyrl,Alibaba-NLP/gte-multilingual-base,1.0
hrv_Latn,cat_Latn,jinaai/jina-embeddings-v5-text-nano,1.0
hrv_Latn,ces_Latn,jinaai/jina-embeddings-v5-text-nano,1.0
hrv_Latn,dan_Latn,jinaai/jina-embeddings-v5-text-nano,1.0
hrv_Latn,deu_Latn,google/embeddinggemma-300m,1.0
hrv_Latn,ekk_Latn,intfloat/multilingual-e5-large,1.0
hrv_Latn,ell_Grek,jinaai/jina-embeddings-v5-text-nano,1.0
hrv_Latn,eng_Latn,Alibaba-NLP/gte-multilingual-base,1.0
hin_Deva,eus_Latn,intfloat/multilingual-e5-large,1.0
hin_Deva,dan_Latn,jinaai/jina-embeddings-v5-text-nano,1.0
guj_Gujr,hun_Latn,google/embeddinggemma-300m,1.0
hat_Latn,tgl_Latn,intfloat/multilingual-e5-large,1.0
guj_Gujr,srp_Cyrl,jinaai/jina-embeddings-v3,1.0
guj_Gujr,swe_Latn,google/embeddinggemma-300m,1.0
guj_Gujr,tam_Taml,google/embeddinggemma-300m,1.0
guj_Gujr,tel_Telu,google/embeddinggemma-300m,1.0
guj_Gujr,tgk_Cyrl,intfloat/multilingual-e5-large,1.0
guj_Gujr,tgl_Latn,intfloat/multilingual-e5-large,1.0
guj_Gujr,tha_Thai,google/embeddinggemma-300m,1.0
guj_Gujr,tur_Latn,google/embeddinggemma-300m,1.0
guj_Gujr,ukr_Cyrl,google/embeddinggemma-300m,1.0
guj_Gujr,urd_Arab,google/embeddinggemma-300m,1.0
guj_Gujr,vie_Latn,google/embeddinggemma-300m,1.0
guj_Gujr,zsm_Latn,google/embeddinggemma-300m,1.0
hat_Latn,fra_Latn,intfloat/multilingual-e5-large,1.0
hat_Latn,hye_Armn,intfloat/multilingual-e5-large,1.0
hat_Latn,ind_Latn,intfloat/multilingual-e5-large,1.0
hat_Latn,jav_Latn,intfloat/multilingual-e5-large,1.0
hat_Latn,kan_Knda,intfloat/multilingual-e5-large,1.0
hat_Latn,kat_Geor,intfloat/multilingual-e5-large,1.0
hat_Latn,kaz_Cyrl,intfloat/multilingual-e5-large,1.0
hat_Latn,khk_Cyrl,intfloat/multilingual-e5-large,1.0
hat_Latn,nya_Latn,intfloat/multilingual-e5-large,1.0
hat_Latn,pol_Latn,intfloat/multilingual-e5-large,1.0
hat_Latn,ron_Latn,intfloat/multilingual-e5-large,1.0
hat_Latn,sun_Latn,intfloat/multilingual-e5-large,1.0
hat_Latn,swh_Latn,intfloat/multilingual-e5-large,1.0
guj_Gujr,snd_Arab,jinaai/jina-embeddings-v3,1.0
guj_Gujr,slv_Latn,jinaai/jina-embeddings-v3,1.0
guj_Gujr,slk_Latn,google/embeddinggemma-300m,1.0
guj_Gujr,mai_Deva,google/embeddinggemma-300m,1.0
guj_Gujr,hye_Armn,intfloat/multilingual-e5-large,1.0
guj_Gujr,ind_Latn,google/embeddinggemma-300m,1.0
guj_Gujr,isl_Latn,intfloat/multilingual-e5-large,1.0
guj_Gujr,ita_Latn,google/embeddinggemma-300m,1.0
guj_Gujr,jpn_Jpan,google/embeddinggemma-300m,1.0
guj_Gujr,kan_Knda,google/embeddinggemma-300m,1.0
guj_Gujr,kat_Geor,intfloat/multilingual-e5-large,1.0
guj_Gujr,kaz_Cyrl,Alibaba-NLP/gte-multilingual-base,1.0
guj_Gujr,khm_Khmr,jinaai/jina-embeddings-v3,1.0
guj_Gujr,lit_Latn,jinaai/jina-embeddings-v3,1.0
guj_Gujr,lvs_Latn,jinaai/jina-embeddings-v3,1.0
guj_Gujr,mal_Mlym,intfloat/multilingual-e5-large,1.0
guj_Gujr,sin_Sinh,Alibaba-NLP/gte-multilingual-base,1.0
guj_Gujr,mar_Deva,google/embeddinggemma-300m,1.0
guj_Gujr,mkd_Cyrl,jinaai/jina-embeddings-v3,1.0
guj_Gujr,mya_Mymr,intfloat/multilingual-e5-large,1.0
guj_Gujr,nld_Latn,google/embeddinggemma-300m,1.0
guj_Gujr,nno_Latn,Alibaba-NLP/gte-multilingual-base,1.0
guj_Gujr,npi_Deva,intfloat/multilingual-e5-large,1.0
guj_Gujr,ory_Orya,intfloat/multilingual-e5-large,1.0
guj_Gujr,pan_Guru,Alibaba-NLP/gte-multilingual-base,1.0
guj_Gujr,pol_Latn,google/embeddinggemma-300m,1.0
guj_Gujr,ron_Latn,Alibaba-NLP/gte-multilingual-base,1.0
guj_Gujr,rus_Cyrl,google/embeddinggemma-300m,1.0
hat_Latn,tam_Taml,intfloat/multilingual-e5-large,1.0
hat_Latn,xho_Latn,intfloat/multilingual-e5-large,1.0
hin_Deva,als_Latn,jinaai/jina-embeddings-v3,1.0
hat_Latn,zul_Latn,intfloat/multilingual-e5-large,1.0
heb_Hebr,lit_Latn,intfloat/multilingual-e5-large,1.0
heb_Hebr,lvs_Latn,Alibaba-NLP/gte-multilingual-base,1.0
heb_Hebr,mal_Mlym,jinaai/jina-embeddings-v3,1.0
heb_Hebr,mkd_Cyrl,Alibaba-NLP/gte-multilingual-base,1.0
heb_Hebr,mya_Mymr,jinaai/jina-embeddings-v3,1.0
heb_Hebr,nld_Latn,google/embeddinggemma-300m,1.0
heb_Hebr,nno_Latn,Alibaba-NLP/gte-multilingual-base,1.0
heb_Hebr,pan_Guru,Alibaba-NLP/gte-multilingual-base,1.0
heb_Hebr,pol_Latn,Alibaba-NLP/gte-multilingual-base,1.0
heb_Hebr,ron_Latn,google/embeddinggemma-300m,1.0
heb_Hebr,rus_Cyrl,jinaai/jina-embeddings-v5-text-nano,1.0
heb_Hebr,slk_Latn,jinaai/jina-embeddings-v5-text-nano,1.0
heb_Hebr,slv_Latn,Alibaba-NLP/gte-multilingual-base,1.0
heb_Hebr,snd_Arab,jinaai/jina-embeddings-v5-text-small,1.0
heb_Hebr,spa_Latn,jinaai/jina-embeddings-v5-text-nano,1.0
heb_Hebr,srp_Cyrl,Alibaba-NLP/gte-multilingual-base,1.0
heb_Hebr,swe_Latn,jinaai/jina-embeddings-v5-text-nano,1.0
heb_Hebr,tam_Taml,jinaai/jina-embeddings-v3,1.0
heb_Hebr,tgl_Latn,intfloat/multilingual-e5-large,1.0
heb_Hebr,tha_Thai,google/embeddinggemma-300m,1.0
heb_Hebr,tur_Latn,intfloat/multilingual-e5-large,1.0
heb_Hebr,ukr_Cyrl,Alibaba-NLP/gte-multilingual-base,1.0
heb_Hebr,urd_Arab,google/embeddinggemma-300m,1.0
heb_Hebr,vie_Latn,Alibaba-NLP/gte-multilingual-base,1.0
afr_Latn,amh_Ethi,Alibaba-NLP/gte-multilingual-base,1.0
heb_Hebr,lao_Laoo,jinaai/jina-embeddings-v3,1.0
heb_Hebr,kir_Cyrl,jinaai/jina-embeddings-v3,1.0
heb_Hebr,khm_Khmr,Alibaba-NLP/gte-multilingual-base,1.0
heb_Hebr,eus_Latn,jinaai/jina-embeddings-v3,1.0
hau_Latn,kat_Geor,intfloat/multilingual-e5-large,1.0
hau_Latn,kaz_Cyrl,intfloat/multilingual-e5-large,1.0
hau_Latn,urd_Arab,intfloat/multilingual-e5-large,1.0
heb_Hebr,afr_Latn,jinaai/jina-embeddings-v3,1.0
heb_Hebr,als_Latn,jinaai/jina-embeddings-v3,1.0
heb_Hebr,bel_Cyrl,intfloat/multilingual-e5-large,1.0
heb_Hebr,cat_Latn,intfloat/multilingual-e5-large,1.0
heb_Hebr,ces_Latn,Alibaba-NLP/gte-multilingual-base,1.0
heb_Hebr,dan_Latn,intfloat/multilingual-e5-large,1.0
heb_Hebr,deu_Latn,jinaai/jina-embeddings-v5-text-nano,1.0
heb_Hebr,eng_Latn,jinaai/jina-embeddings-v5-text-nano,1.0
heb_Hebr,fra_Latn,jinaai/jina-embeddings-v5-text-nano,1.0
heb_Hebr,khk_Cyrl,jinaai/jina-embeddings-v3,1.0
heb_Hebr,hin_Deva,jinaai/jina-embeddings-v5-text-small,1.0
heb_Hebr,hrv_Latn,Alibaba-NLP/gte-multilingual-base,1.0
heb_Hebr,hun_Latn,Alibaba-NLP/gte-multilingual-base,1.0
heb_Hebr,hye_Armn,Alibaba-NLP/gte-multilingual-base,1.0
heb_Hebr,ind_Latn,Alibaba-NLP/gte-multilingual-base,1.0
heb_Hebr,isl_Latn,Alibaba-NLP/gte-multilingual-base,1.0
heb_Hebr,ita_Latn,jinaai/jina-embeddings-v5-text-nano,1.0
heb_Hebr,jpn_Jpan,google/embeddinggemma-300m,1.0
heb_Hebr,kan_Knda,jinaai/jina-embeddings-v3,1.0
heb_Hebr,kat_Geor,jinaai/jina-embeddings-v3,1.0
heb_Hebr,kaz_Cyrl,jinaai/jina-embeddings-v3,1.0
khm_Khmr,sin_Sinh,Alibaba-NLP/gte-multilingual-base,1.0
khm_Khmr,srp_Cyrl,jinaai/jina-embeddings-v3,1.0
fin_Latn,ind_Latn,jinaai/jina-embeddings-v5-text-nano,1.0
slv_Latn,ita_Latn,google/embeddinggemma-300m,1.0
slv_Latn,lit_Latn,intfloat/multilingual-e5-large,1.0
slv_Latn,lvs_Latn,jinaai/jina-embeddings-v5-text-nano,1.0
slv_Latn,mkd_Cyrl,Alibaba-NLP/gte-multilingual-base,1.0
slv_Latn,nld_Latn,jinaai/jina-embeddings-v5-text-nano,1.0
slv_Latn,nno_Latn,Alibaba-NLP/gte-multilingual-base,1.0
slv_Latn,pol_Latn,jinaai/jina-embeddings-v5-text-nano,1.0
slv_Latn,ron_Latn,jinaai/jina-embeddings-v5-text-nano,1.0
slv_Latn,rus_Cyrl,Alibaba-NLP/gte-multilingual-base,1.0
slv_Latn,slk_Latn,jinaai/jina-embeddings-v5-text-nano,1.0
slv_Latn,spa_Latn,jinaai/jina-embeddings-v5-text-nano,1.0
slv_Latn,srp_Cyrl,jinaai/jina-embeddings-v5-text-nano,1.0
slv_Latn,swe_Latn,jinaai/jina-embeddings-v5-text-nano,1.0
slv_Latn,tam_Taml,Alibaba-NLP/gte-multilingual-base,1.0
slv_Latn,tel_Telu,jinaai/jina-embeddings-v3,1.0
slv_Latn,tgl_Latn,Alibaba-NLP/gte-multilingual-base,1.0
slv_Latn,tha_Thai,jinaai/jina-embeddings-v5-text-small,1.0
slv_Latn,tur_Latn,jinaai/jina-embeddings-v5-text-nano,1.0
slv_Latn,ukr_Cyrl,google/embeddinggemma-300m,1.0
slv_Latn,urd_Arab,google/embeddinggemma-300m,1.0
slv_Latn,uzn_Latn,intfloat/multilingual-e5-large,1.0
slv_Latn,vie_Latn,Alibaba-NLP/gte-multilingual-base,1.0
sna_Latn,sot_Latn,intfloat/multilingual-e5-large,1.0
sna_Latn,xho_Latn,intfloat/multilingual-e5-large,1.0
sna_Latn,zul_Latn,intfloat/multilingual-e5-large,1.0
snd_Arab,sin_Sinh,intfloat/multilingual-e5-large,1.0
slv_Latn,jpn_Jpan,jinaai/jina-embeddings-v5-text-nano,1.0
slv_Latn,ind_Latn,jinaai/jina-embeddings-v5-text-nano,1.0
khm_Khmr,swe_Latn,jinaai/jina-embeddings-v3,1.0
slv_Latn,hun_Latn,Alibaba-NLP/gte-multilingual-base,1.0
slk_Latn,ron_Latn,jinaai/jina-embeddings-v5-text-nano,1.0
slk_Latn,rus_Cyrl,jinaai/jina-embeddings-v5-text-nano,1.0
slk_Latn,slv_Latn,jinaai/jina-embeddings-v5-text-nano,1.0
slk_Latn,spa_Latn,jinaai/jina-embeddings-v5-text-nano,1.0
slk_Latn,srp_Cyrl,jinaai/jina-embeddings-v5-text-nano,1.0
slk_Latn,swe_Latn,jinaai/jina-embeddings-v5-text-nano,1.0
slk_Latn,tam_Taml,google/embeddinggemma-300m,1.0
slk_Latn,tel_Telu,Alibaba-NLP/gte-multilingual-base,1.0
slk_Latn,tgl_Latn,intfloat/multilingual-e5-large,1.0
slk_Latn,tha_Thai,jinaai/jina-embeddings-v5-text-nano,1.0
slk_Latn,tur_Latn,jinaai/jina-embeddings-v5-text-nano,1.0
slk_Latn,ukr_Cyrl,jinaai/jina-embeddings-v5-text-nano,1.0
slk_Latn,urd_Arab,jinaai/jina-embeddings-v5-text-nano,1.0
slk_Latn,vie_Latn,jinaai/jina-embeddings-v5-text-nano,1.0
slv_Latn,als_Latn,jinaai/jina-embeddings-v3,1.0
slv_Latn,ces_Latn,google/embeddinggemma-300m,1.0
slv_Latn,dan_Latn,google/embeddinggemma-300m,1.0
slv_Latn,deu_Latn,google/embeddinggemma-300m,1.0
slv_Latn,ell_Grek,jinaai/jina-embeddings-v5-text-nano,1.0
slv_Latn,eng_Latn,Alibaba-NLP/gte-multilingual-base,1.0
slv_Latn,eus_Latn,Alibaba-NLP/gte-multilingual-base,1.0
slv_Latn,fin_Latn,google/embeddinggemma-300m,1.0
slv_Latn,fra_Latn,google/embeddinggemma-300m,1.0
slv_Latn,heb_Hebr,Alibaba-NLP/gte-multilingual-base,1.0
slv_Latn,hrv_Latn,jinaai/jina-embeddings-v5-text-nano,1.0
snd_Arab,slk_Latn,jinaai/jina-embeddings-v3,1.0
snd_Arab,slv_Latn,jinaai/jina-embeddings-v3,1.0
snd_Arab,srp_Cyrl,jinaai/jina-embeddings-v3,1.0
snd_Arab,swe_Latn,jinaai/jina-embeddings-v3,1.0
spa_Latn,fry_Latn,Alibaba-NLP/gte-multilingual-base,1.0
spa_Latn,gle_Latn,intfloat/multilingual-e5-large,1.0
spa_Latn,glg_Latn,jinaai/jina-embeddings-v5-text-nano,1.0
spa_Latn,guj_Gujr,google/embeddinggemma-300m,1.0
spa_Latn,hat_Latn,intfloat/multilingual-e5-large,1.0
spa_Latn,heb_Hebr,Alibaba-NLP/gte-multilingual-base,1.0
spa_Latn,hin_Deva,jinaai/jina-embeddings-v5-text-nano,1.0
spa_Latn,hne_Deva,jinaai/jina-embeddings-v5-text-nano,1.0
spa_Latn,hrv_Latn,google/embeddinggemma-300m,1.0
spa_Latn,hun_Latn,jinaai/jina-embeddings-v5-text-nano,1.0
spa_Latn,hye_Armn,Alibaba-NLP/gte-multilingual-base,1.0
spa_Latn,ind_Latn,jinaai/jina-embeddings-v5-text-nano,1.0
spa_Latn,isl_Latn,Alibaba-NLP/gte-multilingual-base,1.0
spa_Latn,ita_Latn,jinaai/jina-embeddings-v5-text-nano,1.0
spa_Latn,jpn_Jpan,jinaai/jina-embeddings-v5-text-nano,1.0
spa_Latn,kan_Knda,google/embeddinggemma-300m,1.0
spa_Latn,kat_Geor,jinaai/jina-embeddings-v3,1.0
spa_Latn,kaz_Cyrl,Alibaba-NLP/gte-multilingual-base,1.0
spa_Latn,khk_Cyrl,jinaai/jina-embeddings-v3,1.0
spa_Latn,khm_Khmr,jinaai/jina-embeddings-v3,1.0
spa_Latn,kir_Cyrl,Alibaba-NLP/gte-multilingual-base,1.0
spa_Latn,lao_Laoo,jinaai/jina-embeddings-v3,1.0
spa_Latn,lit_Latn,Alibaba-NLP/gte-multilingual-base,1.0
spa_Latn,lvs_Latn,jinaai/jina-embeddings-v5-text-nano,1.0
spa_Latn,mal_Mlym,google/embeddinggemma-300m,1.0
spa_Latn,fra_Latn,jinaai/jina-embeddings-v5-text-nano,1.0
spa_Latn,fin_Latn,jinaai/jina-embeddings-v5-text-nano,1.0
spa_Latn,fao_Latn,jinaai/jina-embeddings-v3,1.0
spa_Latn,als_Latn,Alibaba-NLP/gte-multilingual-base,1.0
snd_Arab,tam_Taml,intfloat/multilingual-e5-large,1.0
snd_Arab,tel_Telu,intfloat/multilingual-e5-large,1.0
snd_Arab,tur_Latn,jinaai/jina-embeddings-v3,1.0
snd_Arab,ukr_Cyrl,jinaai/jina-embeddings-v3,1.0
snd_Arab,urd_Arab,intfloat/multilingual-e5-large,1.0
som_Latn,tir_Ethi,intfloat/multilingual-e5-large,1.0
sot_Latn,tir_Ethi,intfloat/multilingual-e5-large,1.0
sot_Latn,tsn_Latn,intfloat/multilingual-e5-large,1.0
sot_Latn,tso_Latn,intfloat/multilingual-e5-large,1.0
sot_Latn,zul_Latn,intfloat/multilingual-e5-large,1.0
spa_Latn,afr_Latn,jinaai/jina-embeddings-v5-text-nano,1.0
spa_Latn,azj_Latn,Alibaba-NLP/gte-multilingual-base,1.0
spa_Latn,eus_Latn,Alibaba-NLP/gte-multilingual-base,1.0
spa_Latn,bak_Cyrl,intfloat/multilingual-e5-large,1.0
spa_Latn,bel_Cyrl,Alibaba-NLP/gte-multilingual-base,1.0
spa_Latn,bul_Cyrl,jinaai/jina-embeddings-v5-text-nano,1.0
spa_Latn,cat_Latn,jinaai/jina-embeddings-v5-text-nano,1.0
spa_Latn,ceb_Latn,intfloat/multilingual-e5-large,1.0
spa_Latn,ces_Latn,jinaai/jina-embeddings-v5-text-nano,1.0
spa_Latn,dan_Latn,jinaai/jina-embeddings-v5-text-nano,1.0
spa_Latn,deu_Latn,jinaai/jina-embeddings-v5-text-nano,1.0
spa_Latn,ekk_Latn,Alibaba-NLP/gte-multilingual-base,1.0
spa_Latn,ell_Grek,google/embeddinggemma-300m,1.0
spa_Latn,eng_Latn,jinaai/jina-embeddings-v5-text-nano,1.0
slk_Latn,pol_Latn,jinaai/jina-embeddings-v5-text-nano,1.0
slk_Latn,nno_Latn,jinaai/jina-embeddings-v5-text-nano,1.0
slk_Latn,nld_Latn,jinaai/jina-embeddings-v5-text-nano,1.0
rus_Cyrl,ita_Latn,jinaai/jina-embeddings-v5-text-nano,1.0
ron_Latn,swe_Latn,jinaai/jina-embeddings-v5-text-nano,1.0
ron_Latn,tam_Taml,google/embeddinggemma-300m,1.0
ron_Latn,tel_Telu,jinaai/jina-embeddings-v3,1.0
ron_Latn,tgl_Latn,intfloat/multilingual-e5-large,1.0
ron_Latn,tha_Thai,jinaai/jina-embeddings-v5-text-nano,1.0
ron_Latn,tur_Latn,jinaai/jina-embeddings-v5-text-nano,1.0
ron_Latn,ukr_Cyrl,jinaai/jina-embeddings-v5-text-nano,1.0
ron_Latn,urd_Arab,jinaai/jina-embeddings-v5-text-nano,1.0
ron_Latn,uzn_Latn,intfloat/multilingual-e5-large,1.0
ron_Latn,vie_Latn,jinaai/jina-embeddings-v5-text-nano,1.0
rus_Cyrl,als_Latn,intfloat/multilingual-e5-large,1.0
rus_Cyrl,azj_Latn,jinaai/jina-embeddings-v5-text-nano,1.0
rus_Cyrl,bos_Latn,jinaai/jina-embeddings-v5-text-nano,1.0
rus_Cyrl,ces_Latn,jinaai/jina-embeddings-v5-text-nano,1.0
rus_Cyrl,dan_Latn,jinaai/jina-embeddings-v5-text-nano,1.0
rus_Cyrl,deu_Latn,jinaai/jina-embeddings-v5-text-nano,1.0
rus_Cyrl,ekk_Latn,Alibaba-NLP/gte-multilingual-base,1.0
rus_Cyrl,ell_Grek,jinaai/jina-embeddings-v5-text-nano,1.0
rus_Cyrl,eng_Latn,jinaai/jina-embeddings-v5-text-nano,1.0
rus_Cyrl,eus_Latn,jinaai/jina-embeddings-v3,1.0
rus_Cyrl,fin_Latn,jinaai/jina-embeddings-v5-text-nano,1.0
rus_Cyrl,fra_Latn,jinaai/jina-embeddings-v5-text-nano,1.0
rus_Cyrl,heb_Hebr,jinaai/jina-embeddings-v5-text-nano,1.0
rus_Cyrl,hrv_Latn,jinaai/jina-embeddings-v5-text-nano,1.0
rus_Cyrl,hun_Latn,jinaai/jina-embeddings-v5-text-nano,1.0
ron_Latn,srp_Cyrl,jinaai/jina-embeddings-v5-text-nano,1.0
ron_Latn,spa_Latn,jinaai/jina-embeddings-v5-text-nano,1.0
ron_Latn,slv_Latn,jinaai/jina-embeddings-v5-text-nano,1.0
ron_Latn,bel_Cyrl,intfloat/multilingual-e5-large,1.0
pol_Latn,tgl_Latn,Alibaba-NLP/gte-multilingual-base,1.0
pol_Latn,tha_Thai,jinaai/jina-embeddings-v5-text-nano,1.0
pol_Latn,tur_Latn,jinaai/jina-embeddings-v5-text-nano,1.0
pol_Latn,ukr_Cyrl,jinaai/jina-embeddings-v5-text-nano,1.0
pol_Latn,urd_Arab,jinaai/jina-embeddings-v5-text-nano,1.0
pol_Latn,vie_Latn,jinaai/jina-embeddings-v5-text-nano,1.0
roh_Latn,pol_Latn,Alibaba-NLP/gte-multilingual-base,1.0
roh_Latn,swe_Latn,Alibaba-NLP/gte-multilingual-base,1.0
ron_Latn,als_Latn,intfloat/multilingual-e5-large,1.0
ron_Latn,azj_Latn,intfloat/multilingual-e5-large,1.0
ron_Latn,bak_Cyrl,intfloat/multilingual-e5-large,1.0
ron_Latn,ces_Latn,jinaai/jina-embeddings-v5-text-nano,1.0
ron_Latn,slk_Latn,jinaai/jina-embeddings-v5-text-nano,1.0
ron_Latn,deu_Latn,jinaai/jina-embeddings-v5-text-nano,1.0
ron_Latn,eng_Latn,jinaai/jina-embeddings-v5-text-nano,1.0
ron_Latn,eus_Latn,Alibaba-NLP/gte-multilingual-base,1.0
ron_Latn,fra_Latn,jinaai/jina-embeddings-v5-text-nano,1.0
ron_Latn,hrv_Latn,jinaai/jina-embeddings-v5-text-nano,1.0
ron_Latn,ita_Latn,jinaai/jina-embeddings-v5-text-nano,1.0
ron_Latn,jpn_Jpan,jinaai/jina-embeddings-v5-text-nano,1.0
ron_Latn,mkd_Cyrl,jinaai/jina-embeddings-v5-text-nano,1.0
ron_Latn,nno_Latn,jinaai/jina-embeddings-v5-text-nano,1.0
ron_Latn,rus_Cyrl,google/embeddinggemma-300m,1.0
ron_Latn,sin_Sinh,jinaai/jina-embeddings-v3,1.0
rus_Cyrl,ind_Latn,jinaai/jina-embeddings-v5-text-nano,1.0
rus_Cyrl,jpn_Jpan,jinaai/jina-embeddings-v5-text-nano,1.0
slk_Latn,mlt_Latn,intfloat/multilingual-e5-large,1.0
rus_Cyrl,lit_Latn,Alibaba-NLP/gte-multilingual-base,1.0
sin_Sinh,ukr_Cyrl,jinaai/jina-embeddings-v3,1.0
sin_Sinh,urd_Arab,intfloat/multilingual-e5-large,1.0
sin_Sinh,vie_Latn,Alibaba-NLP/gte-multilingual-base,1.0
sin_Sinh,xho_Latn,intfloat/multilingual-e5-large,1.0
slk_Latn,als_Latn,Alibaba-NLP/gte-multilingual-base,1.0
slk_Latn,ces_Latn,jinaai/jina-embeddings-v5-text-nano,1.0
slk_Latn,dan_Latn,jinaai/jina-embeddings-v5-text-nano,1.0
slk_Latn,deu_Latn,jinaai/jina-embeddings-v5-text-nano,1.0
slk_Latn,ekk_Latn,Alibaba-NLP/gte-multilingual-base,1.0
slk_Latn,ell_Grek,jinaai/jina-embeddings-v5-text-nano,1.0
slk_Latn,eng_Latn,jinaai/jina-embeddings-v5-text-nano,1.0
slk_Latn,eus_Latn,Alibaba-NLP/gte-multilingual-base,1.0
slk_Latn,fin_Latn,jinaai/jina-embeddings-v5-text-nano,1.0
slk_Latn,fra_Latn,jinaai/jina-embeddings-v5-text-nano,1.0
slk_Latn,heb_Hebr,jinaai/jina-embeddings-v5-text-nano,1.0
slk_Latn,hin_Deva,jinaai/jina-embeddings-v5-text-nano,1.0
slk_Latn,hrv_Latn,jinaai/jina-embeddings-v5-text-nano,1.0
slk_Latn,hun_Latn,Alibaba-NLP/gte-multilingual-base,1.0
slk_Latn,ind_Latn,jinaai/jina-embeddings-v5-text-nano,1.0
slk_Latn,isl_Latn,intfloat/multilingual-e5-large,1.0
slk_Latn,ita_Latn,jinaai/jina-embeddings-v5-text-nano,1.0
slk_Latn,jpn_Jpan,jinaai/jina-embeddings-v5-text-nano,1.0
slk_Latn,lit_Latn,intfloat/multilingual-e5-large,1.0
slk_Latn,lvs_Latn,jinaai/jina-embeddings-v5-text-nano,1.0
slk_Latn,mkd_Cyrl,jinaai/jina-embeddings-v5-text-nano,1.0
sin_Sinh,tur_Latn,jinaai/jina-embeddings-v3,1.0
sin_Sinh,tgl_Latn,intfloat/multilingual-e5-large,1.0
sin_Sinh,tel_Telu,Alibaba-NLP/gte-multilingual-base,1.0
rus_Cyrl,srp_Cyrl,intfloat/multilingual-e5-large,1.0
rus_Cyrl,lvs_Latn,jinaai/jina-embeddings-v5-text-nano,1.0
rus_Cyrl,mkd_Cyrl,Alibaba-NLP/gte-multilingual-base,1.0
rus_Cyrl,mlt_Latn,intfloat/multilingual-e5-large,1.0
rus_Cyrl,nld_Latn,jinaai/jina-embeddings-v5-text-nano,1.0
rus_Cyrl,nno_Latn,google/embeddinggemma-300m,1.0
rus_Cyrl,pol_Latn,jinaai/jina-embeddings-v5-text-nano,1.0
rus_Cyrl,ron_Latn,jinaai/jina-embeddings-v5-text-nano,1.0
rus_Cyrl,slk_Latn,jinaai/jina-embeddings-v5-text-nano,1.0
rus_Cyrl,slv_Latn,jinaai/jina-embeddings-v5-text-nano,1.0
rus_Cyrl,snd_Arab,jinaai/jina-embeddings-v3,1.0
rus_Cyrl,spa_Latn,jinaai/jina-embeddings-v5-text-nano,1.0
rus_Cyrl,swe_Latn,jinaai/jina-embeddings-v5-text-nano,1.0
sin_Sinh,swe_Latn,intfloat/multilingual-e5-large,1.0
rus_Cyrl,tam_Taml,google/embeddinggemma-300m,1.0
rus_Cyrl,tel_Telu,google/embeddinggemma-300m,1.0
rus_Cyrl,tgl_Latn,intfloat/multilingual-e5-large,1.0
rus_Cyrl,tha_Thai,jinaai/jina-embeddings-v5-text-nano,1.0
rus_Cyrl,tur_Latn,jinaai/jina-embeddings-v5-text-nano,1.0
rus_Cyrl,ukr_Cyrl,jinaai/jina-embeddings-v5-text-nano,1.0
rus_Cyrl,urd_Arab,jinaai/jina-embeddings-v5-text-nano,1.0
rus_Cyrl,uzn_Latn,intfloat/multilingual-e5-large,1.0
rus_Cyrl,vie_Latn,jinaai/jina-embeddings-v5-text-nano,1.0
sin_Sinh,als_Latn,jinaai/jina-embeddings-v3,1.0
sin_Sinh,snd_Arab,jinaai/jina-embeddings-v3,1.0
spa_Latn,mar_Deva,jinaai/jina-embeddings-v5-text-nano,1.0
spa_Latn,mkd_Cyrl,jinaai/jina-embeddings-v5-text-nano,1.0
spa_Latn,mlt_Latn,intfloat/multilingual-e5-large,1.0
uzn_Latn,fra_Latn,intfloat/multilingual-e5-large,1.0
tur_Latn,ron_Latn,jinaai/jina-embeddings-v5-text-nano,1.0
tur_Latn,rus_Cyrl,jinaai/jina-embeddings-v5-text-nano,1.0
tur_Latn,slk_Latn,jinaai/jina-embeddings-v5-text-nano,1.0
tur_Latn,slv_Latn,jinaai/jina-embeddings-v5-text-nano,1.0
tur_Latn,spa_Latn,jinaai/jina-embeddings-v5-text-nano,1.0
tur_Latn,swe_Latn,jinaai/jina-embeddings-v5-text-nano,1.0
tur_Latn,tha_Thai,jinaai/jina-embeddings-v5-text-nano,1.0
tur_Latn,ukr_Cyrl,jinaai/jina-embeddings-v5-text-nano,1.0
tur_Latn,urd_Arab,jinaai/jina-embeddings-v5-text-nano,1.0
tur_Latn,uzn_Latn,intfloat/multilingual-e5-large,1.0
tur_Latn,vie_Latn,jinaai/jina-embeddings-v5-text-nano,1.0
tur_Latn,zul_Latn,Alibaba-NLP/gte-multilingual-base,1.0
ukr_Cyrl,eng_Latn,jinaai/jina-embeddings-v5-text-nano,1.0
ukr_Cyrl,pol_Latn,jinaai/jina-embeddings-v5-text-nano,1.0
ukr_Cyrl,ron_Latn,jinaai/jina-embeddings-v5-text-nano,1.0
ukr_Cyrl,rus_Cyrl,google/embeddinggemma-300m,1.0
ukr_Cyrl,spa_Latn,jinaai/jina-embeddings-v5-text-nano,1.0
ukr_Cyrl,swe_Latn,jinaai/jina-embeddings-v5-text-nano,1.0
ukr_Cyrl,tur_Latn,jinaai/jina-embeddings-v5-text-nano,1.0
ukr_Cyrl,urd_Arab,jinaai/jina-embeddings-v5-text-nano,1.0
ukr_Cyrl,uzn_Latn,intfloat/multilingual-e5-large,1.0
ukr_Cyrl,vie_Latn,jinaai/jina-embeddings-v5-text-nano,1.0
urd_Arab,vie_Latn,jinaai/jina-embeddings-v5-text-small,1.0
urd_Arab,zul_Latn,intfloat/multilingual-e5-large,1.0
uzn_Latn,deu_Latn,intfloat/multilingual-e5-large,1.0
tur_Latn,pol_Latn,jinaai/jina-embeddings-v5-text-nano,1.0
tur_Latn,nld_Latn,jinaai/jina-embeddings-v5-text-nano,1.0
tur_Latn,jpn_Jpan,jinaai/jina-embeddings-v5-text-nano,1.0
tha_Thai,uzn_Latn,intfloat/multilingual-e5-large,1.0
tgl_Latn,tur_Latn,intfloat/multilingual-e5-large,1.0
tgl_Latn,ukr_Cyrl,jinaai/jina-embeddings-v3,1.0
tgl_Latn,urd_Arab,Alibaba-NLP/gte-multilingual-base,1.0
tgl_Latn,vie_Latn,google/embeddinggemma-300m,1.0
tgl_Latn,xho_Latn,intfloat/multilingual-e5-large,1.0
tha_Thai,eng_Latn,jinaai/jina-embeddings-v5-text-nano,1.0
tha_Thai,rus_Cyrl,jinaai/jina-embeddings-v5-text-nano,1.0
tha_Thai,tgl_Latn,intfloat/multilingual-e5-large,1.0
tha_Thai,tur_Latn,jinaai/jina-embeddings-v5-text-nano,1.0
tha_Thai,ukr_Cyrl,jinaai/jina-embeddings-v5-text-nano,1.0
tha_Thai,urd_Arab,jinaai/jina-embeddings-v5-text-nano,1.0
tha_Thai,vie_Latn,jinaai/jina-embeddings-v5-text-nano,1.0
tur_Latn,ita_Latn,jinaai/jina-embeddings-v5-text-nano,1.0
tsn_Latn,tso_Latn,intfloat/multilingual-e5-large,1.0
tsn_Latn,zul_Latn,intfloat/multilingual-e5-large,1.0
tso_Latn,xho_Latn,intfloat/multilingual-e5-large,1.0
tso_Latn,zul_Latn,intfloat/multilingual-e5-large,1.0
tur_Latn,eng_Latn,jinaai/jina-embeddings-v5-text-nano,1.0
tur_Latn,fin_Latn,jinaai/jina-embeddings-v5-text-nano,1.0
tur_Latn,fra_Latn,jinaai/jina-embeddings-v5-text-nano,1.0
tur_Latn,heb_Hebr,jinaai/jina-embeddings-v5-text-nano,1.0
tur_Latn,hrv_Latn,jinaai/jina-embeddings-v5-text-nano,1.0
tur_Latn,hun_Latn,Alibaba-NLP/gte-multilingual-base,1.0
tur_Latn,ind_Latn,jinaai/jina-embeddings-v5-text-nano,1.0
uzn_Latn,eng_Latn,intfloat/multilingual-e5-large,1.0
uzn_Latn,heb_Hebr,intfloat/multilingual-e5-large,1.0
tel_Telu,vie_Latn,google/embeddinggemma-300m,1.0
uzn_Latn,hin_Deva,intfloat/multilingual-e5-large,1.0
zsm_Latn,jpn_Jpan,jinaai/jina-embeddings-v5-text-nano,1.0
zsm_Latn,lit_Latn,Alibaba-NLP/gte-multilingual-base,1.0
zsm_Latn,lvs_Latn,jinaai/jina-embeddings-v5-text-nano,1.0
zsm_Latn,mal_Mlym,Alibaba-NLP/gte-multilingual-base,1.0
zsm_Latn,mya_Mymr,jinaai/jina-embeddings-v3,1.0
zsm_Latn,nld_Latn,jinaai/jina-embeddings-v5-text-nano,1.0
zsm_Latn,npi_Deva,google/embeddinggemma-300m,1.0
zsm_Latn,pol_Latn,jinaai/jina-embeddings-v5-text-nano,1.0
zsm_Latn,ron_Latn,jinaai/jina-embeddings-v5-text-nano,1.0
zsm_Latn,rus_Cyrl,jinaai/jina-embeddings-v5-text-nano,1.0
zsm_Latn,sin_Sinh,Alibaba-NLP/gte-multilingual-base,1.0
zsm_Latn,slk_Latn,jinaai/jina-embeddings-v5-text-nano,1.0
zsm_Latn,slv_Latn,Alibaba-NLP/gte-multilingual-base,1.0
zsm_Latn,srp_Cyrl,jinaai/jina-embeddings-v5-text-nano,1.0
zsm_Latn,swe_Latn,jinaai/jina-embeddings-v5-text-nano,1.0
zsm_Latn,tam_Taml,Alibaba-NLP/gte-multilingual-base,1.0
zsm_Latn,tel_Telu,google/embeddinggemma-300m,1.0
zsm_Latn,tgl_Latn,jinaai/jina-embeddings-v3,1.0
zsm_Latn,tha_Thai,jinaai/jina-embeddings-v5-text-nano,1.0
zsm_Latn,tur_Latn,jinaai/jina-embeddings-v5-text-nano,1.0
zsm_Latn,ukr_Cyrl,jinaai/jina-embeddings-v5-text-nano,1.0
zsm_Latn,urd_Arab,jinaai/jina-embeddings-v5-text-nano,1.0
zsm_Latn,uzn_Latn,intfloat/multilingual-e5-large,1.0
zsm_Latn,vie_Latn,jinaai/jina-embeddings-v5-text-nano,1.0
zsm_Latn,xho_Latn,intfloat/multilingual-e5-large,1.0
zsm_Latn,ita_Latn,jinaai/jina-embeddings-v5-text-nano,1.0
zsm_Latn,eng_Latn,jinaai/jina-embeddings-v5-text-nano,1.0
zsm_Latn,als_Latn,intfloat/multilingual-e5-large,1.0
uzn_Latn,slv_Latn,intfloat/multilingual-e5-large,1.0
uzn_Latn,hrv_Latn,intfloat/multilingual-e5-large,1.0
uzn_Latn,hun_Latn,intfloat/multilingual-e5-large,1.0
uzn_Latn,ind_Latn,intfloat/multilingual-e5-large,1.0
uzn_Latn,ita_Latn,intfloat/multilingual-e5-large,1.0
uzn_Latn,lit_Latn,intfloat/multilingual-e5-large,1.0
uzn_Latn,mkd_Cyrl,intfloat/multilingual-e5-large,1.0
uzn_Latn,nld_Latn,intfloat/multilingual-e5-large,1.0
uzn_Latn,pol_Latn,intfloat/multilingual-e5-large,1.0
uzn_Latn,ron_Latn,jinaai/jina-embeddings-v3,1.0
uzn_Latn,rus_Cyrl,intfloat/multilingual-e5-large,1.0
uzn_Latn,slk_Latn,intfloat/multilingual-e5-large,1.0
uzn_Latn,spa_Latn,jinaai/jina-embeddings-v3,1.0
xho_Latn,zul_Latn,intfloat/multilingual-e5-large,1.0
uzn_Latn,srp_Cyrl,intfloat/multilingual-e5-large,1.0
uzn_Latn,swe_Latn,intfloat/multilingual-e5-large,1.0
uzn_Latn,tgl_Latn,intfloat/multilingual-e5-large,1.0
uzn_Latn,tur_Latn,intfloat/multilingual-e5-large,1.0
uzn_Latn,ukr_Cyrl,intfloat/multilingual-e5-large,1.0
uzn_Latn,urd_Arab,intfloat/multilingual-e5-large,1.0
uzn_Latn,vie_Latn,intfloat/multilingual-e5-large,1.0
vie_Latn,eng_Latn,jinaai/jina-embeddings-v5-text-nano,1.0
vie_Latn,jpn_Jpan,jinaai/jina-embeddings-v5-text-nano,1.0
vie_Latn,xho_Latn,Alibaba-NLP/gte-multilingual-base,1.0
war_Latn,fra_Latn,intfloat/multilingual-e5-large,1.0
tgk_Cyrl,urd_Arab,intfloat/multilingual-e5-large,1.0
tel_Telu,uzn_Latn,intfloat/multilingual-e5-large,1.0
spa_Latn,mya_Mymr,jinaai/jina-embeddings-v3,1.0
ssw_Latn,xho_Latn,intfloat/multilingual-e5-large,1.0
srp_Cyrl,ell_Grek,jinaai/jina-embeddings-v5-text-nano,1.0
srp_Cyrl,eng_Latn,jinaai/jina-embeddings-v5-text-nano,1.0
srp_Cyrl,fra_Latn,Alibaba-NLP/gte-multilingual-base,1.0
srp_Cyrl,heb_Hebr,intfloat/multilingual-e5-large,1.0
srp_Cyrl,hrv_Latn,jinaai/jina-embeddings-v5-text-nano,1.0
srp_Cyrl,hun_Latn,Alibaba-NLP/gte-multilingual-base,1.0
srp_Cyrl,ita_Latn,jinaai/jina-embeddings-v5-text-nano,1.0
srp_Cyrl,nld_Latn,jinaai/jina-embeddings-v5-text-nano,1.0
srp_Cyrl,pol_Latn,jinaai/jina-embeddings-v5-text-nano,1.0
srp_Cyrl,ron_Latn,jinaai/jina-embeddings-v5-text-nano,1.0
srp_Cyrl,rus_Cyrl,intfloat/multilingual-e5-large,1.0
srp_Cyrl,slk_Latn,jinaai/jina-embeddings-v5-text-nano,1.0
srp_Cyrl,slv_Latn,jinaai/jina-embeddings-v5-text-nano,1.0
srp_Cyrl,spa_Latn,google/embeddinggemma-300m,1.0
srp_Cyrl,swe_Latn,jinaai/jina-embeddings-v5-text-nano,1.0
srp_Cyrl,tam_Taml,jinaai/jina-embeddings-v3,1.0
srp_Cyrl,tel_Telu,intfloat/multilingual-e5-large,1.0
srp_Cyrl,tgl_Latn,intfloat/multilingual-e5-large,1.0
srp_Cyrl,tha_Thai,intfloat/multilingual-e5-large,1.0
srp_Cyrl,tur_Latn,jinaai/jina-embeddings-v5-text-nano,1.0
srp_Cyrl,ukr_Cyrl,jinaai/jina-embeddings-v5-text-nano,1.0
srp_Cyrl,urd_Arab,intfloat/multilingual-e5-large,1.0
srp_Cyrl,uzn_Latn,intfloat/multilingual-e5-large,1.0
srp_Cyrl,vie_Latn,jinaai/jina-embeddings-v5-text-nano,1.0
ssw_Latn,tsn_Latn,intfloat/multilingual-e5-large,1.0
srp_Cyrl,ces_Latn,jinaai/jina-embeddings-v5-text-nano,1.0
spa_Latn,zsm_Latn,jinaai/jina-embeddings-v5-text-nano,1.0
spa_Latn,vie_Latn,jinaai/jina-embeddings-v5-text-nano,1.0
spa_Latn,slv_Latn,google/embeddinggemma-300m,1.0
spa_Latn,nld_Latn,jinaai/jina-embeddings-v5-text-nano,1.0
spa_Latn,nno_Latn,jinaai/jina-embeddings-v5-text-nano,1.0
spa_Latn,npi_Deva,google/embeddinggemma-300m,1.0
spa_Latn,pan_Guru,Alibaba-NLP/gte-multilingual-base,1.0
spa_Latn,pbt_Arab,intfloat/multilingual-e5-large,1.0
spa_Latn,plt_Latn,intfloat/multilingual-e5-large,1.0
spa_Latn,pol_Latn,jinaai/jina-embeddings-v5-text-nano,1.0
spa_Latn,ron_Latn,jinaai/jina-embeddings-v5-text-nano,1.0
spa_Latn,rus_Cyrl,jinaai/jina-embeddings-v5-text-nano,1.0
spa_Latn,sin_Sinh,jinaai/jina-embeddings-v3,1.0
spa_Latn,slk_Latn,jinaai/jina-embeddings-v5-text-nano,1.0
spa_Latn,snd_Arab,jinaai/jina-embeddings-v5-text-small,1.0
spa_Latn,uzn_Latn,intfloat/multilingual-e5-large,1.0
spa_Latn,srp_Cyrl,google/embeddinggemma-300m,1.0
spa_Latn,swe_Latn,jinaai/jina-embeddings-v5-text-nano,1.0
spa_Latn,swh_Latn,Alibaba-NLP/gte-multilingual-base,1.0
spa_Latn,szl_Latn,Alibaba-NLP/gte-multilingual-base,1.0
spa_Latn,tam_Taml,google/embeddinggemma-300m,1.0
spa_Latn,tel_Telu,google/embeddinggemma-300m,1.0
spa_Latn,tgl_Latn,Alibaba-NLP/gte-multilingual-base,1.0
spa_Latn,tha_Thai,jinaai/jina-embeddings-v5-text-nano,1.0
spa_Latn,tur_Latn,jinaai/jina-embeddings-v5-text-nano,1.0
spa_Latn,ukr_Cyrl,jinaai/jina-embeddings-v5-text-nano,1.0
spa_Latn,urd_Arab,google/embeddinggemma-300m,1.0
ssw_Latn,tso_Latn,intfloat/multilingual-e5-large,1.0
ssw_Latn,zul_Latn,intfloat/multilingual-e5-large,1.0
tel_Telu,urd_Arab,Alibaba-NLP/gte-multilingual-base,1.0
sun_Latn,tgl_Latn,intfloat/multilingual-e5-large,1.0
swe_Latn,tgl_Latn,intfloat/multilingual-e5-large,1.0
swe_Latn,tha_Thai,jinaai/jina-embeddings-v5-text-nano,1.0
swe_Latn,tur_Latn,jinaai/jina-embeddings-v5-text-nano,1.0
swe_Latn,ukr_Cyrl,jinaai/jina-embeddings-v5-text-nano,1.0
swe_Latn,urd_Arab,jinaai/jina-embeddings-v5-text-nano,1.0
swe_Latn,uzn_Latn,intfloat/multilingual-e5-large,1.0
swe_Latn,vie_Latn,jinaai/jina-embeddings-v5-text-nano,1.0
swe_Latn,xho_Latn,Alibaba-NLP/gte-multilingual-base,1.0
swh_Latn,tgl_Latn,intfloat/multilingual-e5-large,1.0
swh_Latn,urd_Arab,Alibaba-NLP/gte-multilingual-base,1.0
swh_Latn,xho_Latn,intfloat/multilingual-e5-large,1.0
szl_Latn,rus_Cyrl,intfloat/multilingual-e5-large,1.0
szl_Latn,tur_Latn,intfloat/multilingual-e5-large,1.0
tam_Taml,tel_Telu,google/embeddinggemma-300m,1.0
tam_Taml,tgl_Latn,intfloat/multilingual-e5-large,1.0
tam_Taml,tha_Thai,google/embeddinggemma-300m,1.0
tam_Taml,tur_Latn,google/embeddinggemma-300m,1.0
tam_Taml,ukr_Cyrl,google/embeddinggemma-300m,1.0
tam_Taml,urd_Arab,google/embeddinggemma-300m,1.0
tam_Taml,uzn_Latn,intfloat/multilingual-e5-large,1.0
tam_Taml,vie_Latn,google/embeddinggemma-300m,1.0
tel_Telu,tgl_Latn,intfloat/multilingual-e5-large,1.0
tel_Telu,tha_Thai,google/embeddinggemma-300m,1.0
tel_Telu,tur_Latn,google/embeddinggemma-300m,1.0
tel_Telu,ukr_Cyrl,google/embeddinggemma-300m,1.0
swe_Latn,tel_Telu,google/embeddinggemma-300m,1.0
swe_Latn,tam_Taml,google/embeddinggemma-300m,1.0
swe_Latn,spa_Latn,jinaai/jina-embeddings-v5-text-nano,1.0
swe_Latn,heb_Hebr,jinaai/jina-embeddings-v5-text-nano,1.0
sun_Latn,tur_Latn,intfloat/multilingual-e5-large,1.0
sun_Latn,urd_Arab,intfloat/multilingual-e5-large,1.0
sun_Latn,war_Latn,intfloat/multilingual-e5-large,1.0
sun_Latn,xho_Latn,intfloat/multilingual-e5-large,1.0
swe_Latn,azj_Latn,Alibaba-NLP/gte-multilingual-base,1.0
swe_Latn,deu_Latn,google/embeddinggemma-300m,1.0
swe_Latn,ekk_Latn,Alibaba-NLP/gte-multilingual-base,1.0
swe_Latn,ell_Grek,jinaai/jina-embeddings-v5-text-nano,1.0
swe_Latn,eng_Latn,jinaai/jina-embeddings-v5-text-nano,1.0
swe_Latn,fin_Latn,jinaai/jina-embeddings-v5-text-nano,1.0
swe_Latn,fra_Latn,jinaai/jina-embeddings-v5-text-nano,1.0
swe_Latn,hrv_Latn,jinaai/jina-embeddings-v5-text-nano,1.0
swe_Latn,slv_Latn,jinaai/jina-embeddings-v5-text-nano,1.0
swe_Latn,hun_Latn,jinaai/jina-embeddings-v5-text-nano,1.0
swe_Latn,ind_Latn,jinaai/jina-embeddings-v5-text-nano,1.0
swe_Latn,ita_Latn,jinaai/jina-embeddings-v5-text-nano,1.0
swe_Latn,jpn_Jpan,jinaai/jina-embeddings-v5-text-nano,1.0
swe_Latn,lit_Latn,Alibaba-NLP/gte-multilingual-base,1.0
swe_Latn,lvs_Latn,jinaai/jina-embeddings-v5-text-nano,1.0
swe_Latn,nld_Latn,jinaai/jina-embeddings-v5-text-nano,1.0
swe_Latn,pol_Latn,jinaai/jina-embeddings-v5-text-nano,1.0
swe_Latn,ron_Latn,jinaai/jina-embeddings-v5-text-nano,1.0
swe_Latn,rus_Cyrl,jinaai/jina-embeddings-v5-text-nano,1.0
swe_Latn,slk_Latn,jinaai/jina-embeddings-v5-text-nano,1.0
pol_Latn,tel_Telu,Alibaba-NLP/gte-multilingual-base,1.0
pol_Latn,tam_Taml,google/embeddinggemma-300m,1.0
pol_Latn,swe_Latn,jinaai/jina-embeddings-v5-text-nano,1.0
mal_Mlym,tgl_Latn,intfloat/multilingual-e5-large,1.0
mai_Deva,urd_Arab,jinaai/jina-embeddings-v5-text-nano,1.0
mal_Mlym,als_Latn,intfloat/multilingual-e5-large,1.0
mal_Mlym,ind_Latn,google/embeddinggemma-300m,1.0
mal_Mlym,khk_Cyrl,intfloat/multilingual-e5-large,1.0
mal_Mlym,mar_Deva,google/embeddinggemma-300m,1.0
mal_Mlym,mya_Mymr,intfloat/multilingual-e5-large,1.0
mal_Mlym,nld_Latn,google/embeddinggemma-300m,1.0
mal_Mlym,nno_Latn,intfloat/multilingual-e5-large,1.0
mal_Mlym,npi_Deva,intfloat/multilingual-e5-large,1.0
mal_Mlym,ory_Orya,intfloat/multilingual-e5-large,1.0
mal_Mlym,pan_Guru,intfloat/multilingual-e5-large,1.0
mal_Mlym,pbt_Arab,jinaai/jina-embeddings-v3,1.0
mal_Mlym,pol_Latn,google/embeddinggemma-300m,1.0
mal_Mlym,ron_Latn,google/embeddinggemma-300m,1.0
mal_Mlym,rus_Cyrl,Alibaba-NLP/gte-multilingual-base,1.0
mal_Mlym,sin_Sinh,intfloat/multilingual-e5-large,1.0
mal_Mlym,slk_Latn,jinaai/jina-embeddings-v3,1.0
mal_Mlym,slv_Latn,jinaai/jina-embeddings-v3,1.0
mal_Mlym,snd_Arab,jinaai/jina-embeddings-v3,1.0
mal_Mlym,srp_Cyrl,google/embeddinggemma-300m,1.0
mal_Mlym,sun_Latn,intfloat/multilingual-e5-large,1.0
mal_Mlym,swe_Latn,google/embeddinggemma-300m,1.0
mal_Mlym,swh_Latn,intfloat/multilingual-e5-large,1.0
mal_Mlym,tam_Taml,google/embeddinggemma-300m,1.0
mal_Mlym,tel_Telu,google/embeddinggemma-300m,1.0
mai_Deva,tel_Telu,google/embeddinggemma-300m,1.0
mai_Deva,snd_Arab,jinaai/jina-embeddings-v3,1.0
mai_Deva,sin_Sinh,intfloat/multilingual-e5-large,1.0
lvs_Latn,tgl_Latn,jinaai/jina-embeddings-v3,1.0
lvs_Latn,pbt_Arab,intfloat/multilingual-e5-large,1.0
lvs_Latn,pol_Latn,jinaai/jina-embeddings-v5-text-nano,1.0
lvs_Latn,ron_Latn,jinaai/jina-embeddings-v5-text-nano,1.0
lvs_Latn,rus_Cyrl,jinaai/jina-embeddings-v5-text-nano,1.0
lvs_Latn,slk_Latn,jinaai/jina-embeddings-v5-text-nano,1.0
lvs_Latn,slv_Latn,jinaai/jina-embeddings-v5-text-nano,1.0
lvs_Latn,spa_Latn,jinaai/jina-embeddings-v5-text-nano,1.0
lvs_Latn,srp_Cyrl,intfloat/multilingual-e5-large,1.0
lvs_Latn,swe_Latn,jinaai/jina-embeddings-v5-text-nano,1.0
lvs_Latn,tam_Taml,Alibaba-NLP/gte-multilingual-base,1.0
lvs_Latn,tel_Telu,Alibaba-NLP/gte-multilingual-base,1.0
lvs_Latn,tha_Thai,jinaai/jina-embeddings-v5-text-nano,1.0
mai_Deva,pan_Guru,Alibaba-NLP/gte-multilingual-base,1.0
lvs_Latn,tur_Latn,jinaai/jina-embeddings-v5-text-nano,1.0
lvs_Latn,ukr_Cyrl,jinaai/jina-embeddings-v5-text-nano,1.0
lvs_Latn,urd_Arab,jinaai/jina-embeddings-v5-text-nano,1.0
lvs_Latn,uzn_Latn,intfloat/multilingual-e5-large,1.0
lvs_Latn,vie_Latn,jinaai/jina-embeddings-v5-text-nano,1.0
lvs_Latn,zsm_Latn,jinaai/jina-embeddings-v5-text-nano,1.0
mai_Deva,mal_Mlym,google/embeddinggemma-300m,1.0
mai_Deva,mar_Deva,jinaai/jina-embeddings-v5-text-nano,1.0
mai_Deva,nno_Latn,Alibaba-NLP/gte-multilingual-base,1.0
mai_Deva,npi_Deva,google/embeddinggemma-300m,1.0
mai_Deva,ory_Orya,intfloat/multilingual-e5-large,1.0
mal_Mlym,tgk_Cyrl,intfloat/multilingual-e5-large,1.0
mal_Mlym,tha_Thai,google/embeddinggemma-300m,1.0
lvs_Latn,npi_Deva,intfloat/multilingual-e5-large,1.0
mal_Mlym,tur_Latn,google/embeddinggemma-300m,1.0
mar_Deva,tha_Thai,jinaai/jina-embeddings-v5-text-nano,1.0
mar_Deva,tur_Latn,google/embeddinggemma-300m,1.0
mar_Deva,ukr_Cyrl,google/embeddinggemma-300m,1.0
mar_Deva,urd_Arab,google/embeddinggemma-300m,1.0
mar_Deva,uzn_Latn,intfloat/multilingual-e5-large,1.0
mar_Deva,vie_Latn,jinaai/jina-embeddings-v5-text-nano,1.0
mar_Deva,zsm_Latn,google/embeddinggemma-300m,1.0
mkd_Cyrl,afr_Latn,intfloat/multilingual-e5-large,1.0
mkd_Cyrl,als_Latn,jinaai/jina-embeddings-v3,1.0
mkd_Cyrl,bos_Latn,jinaai/jina-embeddings-v5-text-nano,1.0
mkd_Cyrl,ces_Latn,jinaai/jina-embeddings-v5-text-nano,1.0
mkd_Cyrl,dan_Latn,jinaai/jina-embeddings-v5-text-nano,1.0
mkd_Cyrl,deu_Latn,jinaai/jina-embeddings-v5-text-nano,1.0
mkd_Cyrl,ekk_Latn,Alibaba-NLP/gte-multilingual-base,1.0
mkd_Cyrl,ell_Grek,jinaai/jina-embeddings-v5-text-nano,1.0
mkd_Cyrl,eng_Latn,Alibaba-NLP/gte-multilingual-base,1.0
mkd_Cyrl,eus_Latn,jinaai/jina-embeddings-v3,1.0
mkd_Cyrl,fin_Latn,Alibaba-NLP/gte-multilingual-base,1.0
mkd_Cyrl,fra_Latn,Alibaba-NLP/gte-multilingual-base,1.0
mkd_Cyrl,heb_Hebr,Alibaba-NLP/gte-multilingual-base,1.0
mkd_Cyrl,hrv_Latn,jinaai/jina-embeddings-v5-text-nano,1.0
mkd_Cyrl,hun_Latn,jinaai/jina-embeddings-v3,1.0
mkd_Cyrl,ind_Latn,intfloat/multilingual-e5-large,1.0
mkd_Cyrl,ita_Latn,jinaai/jina-embeddings-v5-text-nano,1.0
mkd_Cyrl,khk_Cyrl,jinaai/jina-embeddings-v3,1.0
mar_Deva,tgl_Latn,intfloat/multilingual-e5-large,1.0
mar_Deva,tgk_Cyrl,intfloat/multilingual-e5-large,1.0
mar_Deva,tel_Telu,google/embeddinggemma-300m,1.0
mar_Deva,npi_Deva,google/embeddinggemma-300m,1.0
mal_Mlym,ukr_Cyrl,google/embeddinggemma-300m,1.0
mal_Mlym,urd_Arab,google/embeddinggemma-300m,1.0
mal_Mlym,uzn_Latn,intfloat/multilingual-e5-large,1.0
mal_Mlym,vie_Latn,google/embeddinggemma-300m,1.0
mal_Mlym,xho_Latn,intfloat/multilingual-e5-large,1.0
mal_Mlym,zsm_Latn,Alibaba-NLP/gte-multilingual-base,1.0
mal_Mlym,zul_Latn,intfloat/multilingual-e5-large,1.0
mar_Deva,als_Latn,jinaai/jina-embeddings-v3,1.0
mar_Deva,mya_Mymr,intfloat/multilingual-e5-large,1.0
mar_Deva,nld_Latn,jinaai/jina-embeddings-v5-text-nano,1.0
mar_Deva,nno_Latn,Alibaba-NLP/gte-multilingual-base,1.0
mar_Deva,ory_Orya,intfloat/multilingual-e5-large,1.0
mar_Deva,tam_Taml,google/embeddinggemma-300m,1.0
mar_Deva,pan_Guru,Alibaba-NLP/gte-multilingual-base,1.0
mar_Deva,pbt_Arab,intfloat/multilingual-e5-large,1.0
mar_Deva,pol_Latn,jinaai/jina-embeddings-v5-text-nano,1.0
mar_Deva,ron_Latn,Alibaba-NLP/gte-multilingual-base,1.0
mar_Deva,rus_Cyrl,google/embeddinggemma-300m,1.0
mar_Deva,sin_Sinh,Alibaba-NLP/gte-multilingual-base,1.0
mar_Deva,slk_Latn,google/embeddinggemma-300m,1.0
mar_Deva,slv_Latn,jinaai/jina-embeddings-v3,1.0
mar_Deva,snd_Arab,jinaai/jina-embeddings-v3,1.0
mar_Deva,srp_Cyrl,jinaai/jina-embeddings-v3,1.0
mar_Deva,swe_Latn,google/embeddinggemma-300m,1.0
lvs_Latn,pan_Guru,Alibaba-NLP/gte-multilingual-base,1.0
lvs_Latn,nno_Latn,Alibaba-NLP/gte-multilingual-base,1.0
mkd_Cyrl,mar_Deva,intfloat/multilingual-e5-large,1.0
lin_Latn,zul_Latn,intfloat/multilingual-e5-large,1.0
kmr_Latn,kir_Cyrl,intfloat/multilingual-e5-large,1.0
kmr_Latn,pan_Guru,intfloat/multilingual-e5-large,1.0
kmr_Latn,urd_Arab,intfloat/multilingual-e5-large,1.0
lao_Laoo,lit_Latn,jinaai/jina-embeddings-v3,1.0
lao_Laoo,lvs_Latn,jinaai/jina-embeddings-v3,1.0
lao_Laoo,mal_Mlym,jinaai/jina-embeddings-v3,1.0
lao_Laoo,mar_Deva,jinaai/jina-embeddings-v3,1.0
lao_Laoo,mkd_Cyrl,jinaai/jina-embeddings-v3,1.0
lao_Laoo,mya_Mymr,jinaai/jina-embeddings-v3,1.0
lao_Laoo,pol_Latn,jinaai/jina-embeddings-v3,1.0
lao_Laoo,ron_Latn,jinaai/jina-embeddings-v3,1.0
lao_Laoo,rus_Cyrl,jinaai/jina-embeddings-v3,1.0
lao_Laoo,slk_Latn,jinaai/jina-embeddings-v3,1.0
lao_Laoo,slv_Latn,jinaai/jina-embeddings-v3,1.0
lao_Laoo,srp_Cyrl,jinaai/jina-embeddings-v3,1.0
lao_Laoo,swe_Latn,jinaai/jina-embeddings-v3,1.0
lao_Laoo,tel_Telu,jinaai/jina-embeddings-v3,1.0
lao_Laoo,tha_Thai,jinaai/jina-embeddings-v3,1.0
lao_Laoo,tur_Latn,jinaai/jina-embeddings-v3,1.0
lao_Laoo,ukr_Cyrl,jinaai/jina-embeddings-v3,1.0
lao_Laoo,urd_Arab,jinaai/jina-embeddings-v3,1.0
lim_Latn,nld_Latn,Alibaba-NLP/gte-multilingual-base,1.0
lin_Latn,sot_Latn,intfloat/multilingual-e5-large,1.0
lin_Latn,tgl_Latn,intfloat/multilingual-e5-large,1.0
lin_Latn,tso_Latn,intfloat/multilingual-e5-large,1.0
kir_Cyrl,vie_Latn,intfloat/multilingual-e5-large,1.0
kir_Cyrl,uzn_Latn,intfloat/multilingual-e5-large,1.0
kir_Cyrl,urd_Arab,intfloat/multilingual-e5-large,1.0
kir_Cyrl,nld_Latn,intfloat/multilingual-e5-large,1.0
khm_Khmr,tam_Taml,jinaai/jina-embeddings-v3,1.0
khm_Khmr,tgl_Latn,jinaai/jina-embeddings-v3,1.0
khm_Khmr,tur_Latn,jinaai/jina-embeddings-v3,1.0
khm_Khmr,vie_Latn,Alibaba-NLP/gte-multilingual-base,1.0
kir_Cyrl,als_Latn,intfloat/multilingual-e5-large,1.0
kir_Cyrl,lit_Latn,intfloat/multilingual-e5-large,1.0
kir_Cyrl,lvs_Latn,jinaai/jina-embeddings-v3,1.0
kir_Cyrl,mal_Mlym,intfloat/multilingual-e5-large,1.0
kir_Cyrl,mar_Deva,intfloat/multilingual-e5-large,1.0
kir_Cyrl,mkd_Cyrl,Alibaba-NLP/gte-multilingual-base,1.0
kir_Cyrl,mya_Mymr,intfloat/multilingual-e5-large,1.0
kir_Cyrl,pol_Latn,Alibaba-NLP/gte-multilingual-base,1.0
kir_Cyrl,ukr_Cyrl,Alibaba-NLP/gte-multilingual-base,1.0
kir_Cyrl,ron_Latn,Alibaba-NLP/gte-multilingual-base,1.0
kir_Cyrl,rus_Cyrl,Alibaba-NLP/gte-multilingual-base,1.0
kir_Cyrl,slk_Latn,intfloat/multilingual-e5-large,1.0
kir_Cyrl,slv_Latn,Alibaba-NLP/gte-multilingual-base,1.0
kir_Cyrl,som_Latn,intfloat/multilingual-e5-large,1.0
kir_Cyrl,srp_Cyrl,intfloat/multilingual-e5-large,1.0
kir_Cyrl,swe_Latn,intfloat/multilingual-e5-large,1.0
kir_Cyrl,tam_Taml,intfloat/multilingual-e5-large,1.0
kir_Cyrl,tat_Cyrl,intfloat/multilingual-e5-large,1.0
kir_Cyrl,tgl_Latn,intfloat/multilingual-e5-large,1.0
kir_Cyrl,tur_Latn,intfloat/multilingual-e5-large,1.0
lin_Latn,xho_Latn,intfloat/multilingual-e5-large,1.0
lit_Latn,afr_Latn,intfloat/multilingual-e5-large,1.0
lvs_Latn,nld_Latn,jinaai/jina-embeddings-v5-text-nano,1.0
lit_Latn,als_Latn,intfloat/multilingual-e5-large,1.0
lit_Latn,spa_Latn,Alibaba-NLP/gte-multilingual-base,1.0
lit_Latn,srp_Cyrl,Alibaba-NLP/gte-multilingual-base,1.0
lit_Latn,swe_Latn,Alibaba-NLP/gte-multilingual-base,1.0
lit_Latn,tam_Taml,jinaai/jina-embeddings-v3,1.0
lit_Latn,tgl_Latn,intfloat/multilingual-e5-large,1.0
lit_Latn,tha_Thai,intfloat/multilingual-e5-large,1.0
lit_Latn,tur_Latn,intfloat/multilingual-e5-large,1.0
lit_Latn,ukr_Cyrl,Alibaba-NLP/gte-multilingual-base,1.0
lit_Latn,urd_Arab,jinaai/jina-embeddings-v3,1.0
lit_Latn,uzn_Latn,intfloat/multilingual-e5-large,1.0
lit_Latn,vie_Latn,Alibaba-NLP/gte-multilingual-base,1.0
lit_Latn,zsm_Latn,Alibaba-NLP/gte-multilingual-base,1.0
lvs_Latn,als_Latn,intfloat/multilingual-e5-large,1.0
lvs_Latn,dan_Latn,jinaai/jina-embeddings-v5-text-nano,1.0
lvs_Latn,eng_Latn,jinaai/jina-embeddings-v5-text-nano,1.0
lvs_Latn,fra_Latn,jinaai/jina-embeddings-v5-text-nano,1.0
lvs_Latn,hrv_Latn,jinaai/jina-embeddings-v5-text-nano,1.0
lvs_Latn,ind_Latn,intfloat/multilingual-e5-large,1.0
lvs_Latn,ita_Latn,jinaai/jina-embeddings-v5-text-nano,1.0
lvs_Latn,lit_Latn,Alibaba-NLP/gte-multilingual-base,1.0
lvs_Latn,mal_Mlym,Alibaba-NLP/gte-multilingual-base,1.0
lvs_Latn,mar_Deva,intfloat/multilingual-e5-large,1.0
lvs_Latn,mkd_Cyrl,Alibaba-NLP/gte-multilingual-base,1.0
lvs_Latn,mlt_Latn,intfloat/multilingual-e5-large,1.0
lvs_Latn,mya_Mymr,jinaai/jina-embeddings-v3,1.0
lit_Latn,snd_Arab,jinaai/jina-embeddings-v3,1.0
lit_Latn,slv_Latn,Alibaba-NLP/gte-multilingual-base,1.0
lit_Latn,slk_Latn,Alibaba-NLP/gte-multilingual-base,1.0
lit_Latn,lvs_Latn,Alibaba-NLP/gte-multilingual-base,1.0
lit_Latn,ces_Latn,Alibaba-NLP/gte-multilingual-base,1.0
lit_Latn,dan_Latn,Alibaba-NLP/gte-multilingual-base,1.0
lit_Latn,eng_Latn,jinaai/jina-embeddings-v3,1.0
lit_Latn,eus_Latn,jinaai/jina-embeddings-v3,1.0
lit_Latn,fra_Latn,Alibaba-NLP/gte-multilingual-base,1.0
lit_Latn,hrv_Latn,intfloat/multilingual-e5-large,1.0
lit_Latn,hun_Latn,Alibaba-NLP/gte-multilingual-base,1.0
lit_Latn,ind_Latn,intfloat/multilingual-e5-large,1.0
lit_Latn,ita_Latn,intfloat/multilingual-e5-large,1.0
lit_Latn,jpn_Jpan,intfloat/multilingual-e5-large,1.0
lit_Latn,khk_Cyrl,jinaai/jina-embeddings-v3,1.0
lit_Latn,mal_Mlym,Alibaba-NLP/gte-multilingual-base,1.0
lit_Latn,sin_Sinh,Alibaba-NLP/gte-multilingual-base,1.0
lit_Latn,mar_Deva,jinaai/jina-embeddings-v3,1.0
lit_Latn,mkd_Cyrl,Alibaba-NLP/gte-multilingual-base,1.0
lit_Latn,mya_Mymr,jinaai/jina-embeddings-v3,1.0
lit_Latn,nld_Latn,Alibaba-NLP/gte-multilingual-base,1.0
lit_Latn,nno_Latn,intfloat/multilingual-e5-large,1.0
lit_Latn,npi_Deva,jinaai/jina-embeddings-v3,1.0
lit_Latn,pan_Guru,intfloat/multilingual-e5-large,1.0
lit_Latn,pbt_Arab,intfloat/multilingual-e5-large,1.0
lit_Latn,pol_Latn,Alibaba-NLP/gte-multilingual-base,1.0
lit_Latn,ron_Latn,Alibaba-NLP/gte-multilingual-base,1.0
lit_Latn,rus_Cyrl,Alibaba-NLP/gte-multilingual-base,1.0
mkd_Cyrl,mal_Mlym,intfloat/multilingual-e5-large,1.0
mkd_Cyrl,mlt_Latn,intfloat/multilingual-e5-large,1.0
pol_Latn,srp_Cyrl,jinaai/jina-embeddings-v5-text-nano,1.0
pan_Guru,tam_Taml,Alibaba-NLP/gte-multilingual-base,1.0
npi_Deva,ukr_Cyrl,google/embeddinggemma-300m,1.0
npi_Deva,urd_Arab,google/embeddinggemma-300m,1.0
npi_Deva,vie_Latn,google/embeddinggemma-300m,1.0
nso_Latn,sot_Latn,intfloat/multilingual-e5-large,1.0
nso_Latn,tsn_Latn,intfloat/multilingual-e5-large,1.0
nso_Latn,tso_Latn,intfloat/multilingual-e5-large,1.0
nso_Latn,xho_Latn,intfloat/multilingual-e5-large,1.0
nso_Latn,zul_Latn,intfloat/multilingual-e5-large,1.0
nya_Latn,xho_Latn,intfloat/multilingual-e5-large,1.0
nya_Latn,zul_Latn,intfloat/multilingual-e5-large,1.0
ory_Orya,pan_Guru,Alibaba-NLP/gte-multilingual-base,1.0
ory_Orya,rus_Cyrl,intfloat/multilingual-e5-large,1.0
ory_Orya,sin_Sinh,Alibaba-NLP/gte-multilingual-base,1.0
ory_Orya,snd_Arab,jinaai/jina-embeddings-v3,1.0
ory_Orya,tam_Taml,jinaai/jina-embeddings-v3,1.0
ory_Orya,tel_Telu,jinaai/jina-embeddings-v3,1.0
ory_Orya,urd_Arab,Alibaba-NLP/gte-multilingual-base,1.0
pan_Guru,als_Latn,jinaai/jina-embeddings-v3,1.0
pan_Guru,pol_Latn,Alibaba-NLP/gte-multilingual-base,1.0
pan_Guru,ron_Latn,jinaai/jina-embeddings-v3,1.0
pan_Guru,rus_Cyrl,Alibaba-NLP/gte-multilingual-base,1.0
pan_Guru,sin_Sinh,intfloat/multilingual-e5-large,1.0
pan_Guru,slk_Latn,jinaai/jina-embeddings-v3,1.0
pan_Guru,snd_Arab,jinaai/jina-embeddings-v3,1.0
pan_Guru,srp_Cyrl,jinaai/jina-embeddings-v3,1.0
npi_Deva,tur_Latn,google/embeddinggemma-300m,1.0
npi_Deva,tha_Thai,google/embeddinggemma-300m,1.0
npi_Deva,tel_Telu,google/embeddinggemma-300m,1.0
npi_Deva,ory_Orya,intfloat/multilingual-e5-large,1.0
nno_Latn,tel_Telu,Alibaba-NLP/gte-multilingual-base,1.0
nno_Latn,tgl_Latn,intfloat/multilingual-e5-large,1.0
nno_Latn,tha_Thai,intfloat/multilingual-e5-large,1.0
nno_Latn,tur_Latn,google/embeddinggemma-300m,1.0
nno_Latn,ukr_Cyrl,google/embeddinggemma-300m,1.0
nno_Latn,urd_Arab,jinaai/jina-embeddings-v5-text-nano,1.0
nno_Latn,uzn_Latn,intfloat/multilingual-e5-large,1.0
nno_Latn,vie_Latn,jinaai/jina-embeddings-v5-text-nano,1.0
npi_Deva,als_Latn,jinaai/jina-embeddings-v3,1.0
npi_Deva,nld_Latn,google/embeddinggemma-300m,1.0
npi_Deva,nno_Latn,Alibaba-NLP/gte-multilingual-base,1.0
npi_Deva,pan_Guru,Alibaba-NLP/gte-multilingual-base,1.0
npi_Deva,tam_Taml,intfloat/multilingual-e5-large,1.0
npi_Deva,pol_Latn,google/embeddinggemma-300m,1.0
npi_Deva,ron_Latn,intfloat/multilingual-e5-large,1.0
npi_Deva,rus_Cyrl,google/embeddinggemma-300m,1.0
npi_Deva,sin_Sinh,jinaai/jina-embeddings-v3,1.0
npi_Deva,slk_Latn,jinaai/jina-embeddings-v3,1.0
npi_Deva,slv_Latn,jinaai/jina-embeddings-v3,1.0
npi_Deva,snd_Arab,jinaai/jina-embeddings-v3,1.0
npi_Deva,srp_Cyrl,jinaai/jina-embeddings-v3,1.0
npi_Deva,sun_Latn,intfloat/multilingual-e5-large,1.0
npi_Deva,swe_Latn,google/embeddinggemma-300m,1.0
npi_Deva,swh_Latn,intfloat/multilingual-e5-large,1.0
pan_Guru,swe_Latn,intfloat/multilingual-e5-large,1.0
pan_Guru,tel_Telu,jinaai/jina-embeddings-v3,1.0
nno_Latn,swe_Latn,jinaai/jina-embeddings-v5-text-nano,1.0
pan_Guru,tgk_Cyrl,intfloat/multilingual-e5-large,1.0
pol_Latn,bel_Cyrl,Alibaba-NLP/gte-multilingual-base,1.0
pol_Latn,cat_Latn,jinaai/jina-embeddings-v5-text-nano,1.0
pol_Latn,ces_Latn,jinaai/jina-embeddings-v5-text-nano,1.0
pol_Latn,dan_Latn,jinaai/jina-embeddings-v5-text-nano,1.0
pol_Latn,deu_Latn,jinaai/jina-embeddings-v5-text-nano,1.0
pol_Latn,eng_Latn,jinaai/jina-embeddings-v5-text-nano,1.0
pol_Latn,eus_Latn,Alibaba-NLP/gte-multilingual-base,1.0
pol_Latn,fin_Latn,jinaai/jina-embeddings-v5-text-nano,1.0
pol_Latn,fra_Latn,jinaai/jina-embeddings-v5-text-nano,1.0
pol_Latn,glg_Latn,jinaai/jina-embeddings-v5-text-nano,1.0
pol_Latn,hrv_Latn,jinaai/jina-embeddings-v5-text-nano,1.0
pol_Latn,hun_Latn,Alibaba-NLP/gte-multilingual-base,1.0
pol_Latn,ita_Latn,jinaai/jina-embeddings-v5-text-nano,1.0
pol_Latn,jpn_Jpan,jinaai/jina-embeddings-v5-text-nano,1.0
pol_Latn,lit_Latn,Alibaba-NLP/gte-multilingual-base,1.0
pol_Latn,mkd_Cyrl,jinaai/jina-embeddings-v5-text-nano,1.0
pol_Latn,nld_Latn,jinaai/jina-embeddings-v5-text-nano,1.0
pol_Latn,nno_Latn,jinaai/jina-embeddings-v5-text-nano,1.0
pol_Latn,pbt_Arab,jinaai/jina-embeddings-v3,1.0
pol_Latn,ron_Latn,jinaai/jina-embeddings-v5-text-nano,1.0
pol_Latn,rus_Cyrl,jinaai/jina-embeddings-v5-text-nano,1.0
pol_Latn,slk_Latn,jinaai/jina-embeddings-v5-text-nano,1.0
pol_Latn,slv_Latn,jinaai/jina-embeddings-v5-text-nano,1.0
pol_Latn,snd_Arab,jinaai/jina-embeddings-v3,1.0
pol_Latn,spa_Latn,jinaai/jina-embeddings-v5-text-nano,1.0
pol_Latn,bak_Cyrl,intfloat/multilingual-e5-large,1.0
pol_Latn,azj_Latn,Alibaba-NLP/gte-multilingual-base,1.0
pol_Latn,als_Latn,Alibaba-NLP/gte-multilingual-base,1.0
pbt_Arab,slk_Latn,jinaai/jina-embeddings-v3,1.0
pan_Guru,tgl_Latn,intfloat/multilingual-e5-large,1.0
pan_Guru,tha_Thai,jinaai/jina-embeddings-v3,1.0
pan_Guru,tur_Latn,jinaai/jina-embeddings-v3,1.0
pan_Guru,ukr_Cyrl,Alibaba-NLP/gte-multilingual-base,1.0
pan_Guru,urd_Arab,google/embeddinggemma-300m,1.0
pan_Guru,vie_Latn,jinaai/jina-embeddings-v5-text-small,1.0
pan_Guru,xho_Latn,intfloat/multilingual-e5-large,1.0
pbt_Arab,als_Latn,jinaai/jina-embeddings-v3,1.0
pbt_Arab,ron_Latn,jinaai/jina-embeddings-v3,1.0
pbt_Arab,rus_Cyrl,jinaai/jina-embeddings-v3,1.0
pbt_Arab,sin_Sinh,jinaai/jina-embeddings-v3,1.0
pbt_Arab,srp_Cyrl,jinaai/jina-embeddings-v3,1.0
plt_Latn,urd_Arab,intfloat/multilingual-e5-large,1.0
pbt_Arab,swe_Latn,jinaai/jina-embeddings-v3,1.0
pbt_Arab,tam_Taml,jinaai/jina-embeddings-v3,1.0
pbt_Arab,tel_Telu,jinaai/jina-embeddings-v3,1.0
pbt_Arab,tur_Latn,jinaai/jina-embeddings-v3,1.0
pbt_Arab,ukr_Cyrl,jinaai/jina-embeddings-v3,1.0
pbt_Arab,urd_Arab,intfloat/multilingual-e5-large,1.0
pbt_Arab,vie_Latn,Alibaba-NLP/gte-multilingual-base,1.0
plt_Latn,mal_Mlym,intfloat/multilingual-e5-large,1.0
plt_Latn,mar_Deva,intfloat/multilingual-e5-large,1.0
plt_Latn,npi_Deva,intfloat/multilingual-e5-large,1.0
plt_Latn,sun_Latn,intfloat/multilingual-e5-large,1.0
nno_Latn,tam_Taml,Alibaba-NLP/gte-multilingual-base,1.0
nno_Latn,srp_Cyrl,jinaai/jina-embeddings-v5-text-nano,1.0
mkd_Cyrl,mya_Mymr,jinaai/jina-embeddings-v3,1.0
nld_Latn,glg_Latn,jinaai/jina-embeddings-v5-text-nano,1.0
mya_Mymr,ron_Latn,jinaai/jina-embeddings-v3,1.0
mya_Mymr,rus_Cyrl,jinaai/jina-embeddings-v3,1.0
mya_Mymr,slk_Latn,jinaai/jina-embeddings-v3,1.0
mya_Mymr,slv_Latn,jinaai/jina-embeddings-v3,1.0
mya_Mymr,srp_Cyrl,jinaai/jina-embeddings-v3,1.0
mya_Mymr,swe_Latn,intfloat/multilingual-e5-large,1.0
mya_Mymr,swh_Latn,intfloat/multilingual-e5-large,1.0
mya_Mymr,tam_Taml,jinaai/jina-embeddings-v3,1.0
mya_Mymr,tgl_Latn,jinaai/jina-embeddings-v3,1.0
mya_Mymr,tha_Thai,jinaai/jina-embeddings-v3,1.0
mya_Mymr,ukr_Cyrl,jinaai/jina-embeddings-v3,1.0
mya_Mymr,urd_Arab,jinaai/jina-embeddings-v3,1.0
mya_Mymr,vie_Latn,jinaai/jina-embeddings-v3,1.0
nld_Latn,azj_Latn,jinaai/jina-embeddings-v5-text-nano,1.0
nld_Latn,bak_Cyrl,intfloat/multilingual-e5-large,1.0
nld_Latn,bel_Cyrl,Alibaba-NLP/gte-multilingual-base,1.0
nld_Latn,cat_Latn,jinaai/jina-embeddings-v5-text-nano,1.0
nld_Latn,ces_Latn,jinaai/jina-embeddings-v5-text-nano,1.0
nld_Latn,dan_Latn,jinaai/jina-embeddings-v5-text-nano,1.0
nld_Latn,deu_Latn,jinaai/jina-embeddings-v5-text-nano,1.0
nld_Latn,ekk_Latn,Alibaba-NLP/gte-multilingual-base,1.0
nld_Latn,ell_Grek,jinaai/jina-embeddings-v5-text-nano,1.0
nld_Latn,eng_Latn,jinaai/jina-embeddings-v5-text-nano,1.0
nld_Latn,eus_Latn,Alibaba-NLP/gte-multilingual-base,1.0
nld_Latn,fin_Latn,jinaai/jina-embeddings-v5-text-nano,1.0
mya_Mymr,pol_Latn,jinaai/jina-embeddings-v3,1.0
mya_Mymr,pbt_Arab,jinaai/jina-embeddings-v3,1.0
mya_Mymr,pan_Guru,jinaai/jina-embeddings-v3,1.0
mkd_Cyrl,srp_Cyrl,jinaai/jina-embeddings-v5-text-nano,1.0
mkd_Cyrl,nld_Latn,jinaai/jina-embeddings-v5-text-nano,1.0
mkd_Cyrl,nno_Latn,jinaai/jina-embeddings-v5-text-nano,1.0
mkd_Cyrl,npi_Deva,jinaai/jina-embeddings-v3,1.0
mkd_Cyrl,pan_Guru,jinaai/jina-embeddings-v3,1.0
mkd_Cyrl,pbt_Arab,intfloat/multilingual-e5-large,1.0
mkd_Cyrl,pol_Latn,jinaai/jina-embeddings-v5-text-nano,1.0
mkd_Cyrl,ron_Latn,jinaai/jina-embeddings-v5-text-nano,1.0
mkd_Cyrl,rus_Cyrl,Alibaba-NLP/gte-multilingual-base,1.0
mkd_Cyrl,slk_Latn,jinaai/jina-embeddings-v5-text-nano,1.0
mkd_Cyrl,slv_Latn,jinaai/jina-embeddings-v5-text-nano,1.0
mkd_Cyrl,spa_Latn,jinaai/jina-embeddings-v5-text-nano,1.0
mkd_Cyrl,swe_Latn,jinaai/jina-embeddings-v5-text-nano,1.0
mya_Mymr,als_Latn,jinaai/jina-embeddings-v3,1.0
mkd_Cyrl,swh_Latn,Alibaba-NLP/gte-multilingual-base,1.0
mkd_Cyrl,tam_Taml,Alibaba-NLP/gte-multilingual-base,1.0
mkd_Cyrl,tgl_Latn,jinaai/jina-embeddings-v3,1.0
mkd_Cyrl,tha_Thai,jinaai/jina-embeddings-v5-text-small,1.0
mkd_Cyrl,tur_Latn,jinaai/jina-embeddings-v5-text-nano,1.0
mkd_Cyrl,ukr_Cyrl,jinaai/jina-embeddings-v5-text-nano,1.0
mkd_Cyrl,urd_Arab,jinaai/jina-embeddings-v5-text-nano,1.0
mkd_Cyrl,uzn_Latn,intfloat/multilingual-e5-large,1.0
mkd_Cyrl,vie_Latn,jinaai/jina-embeddings-v5-text-nano,1.0
mkd_Cyrl,xho_Latn,Alibaba-NLP/gte-multilingual-base,1.0
mkd_Cyrl,zsm_Latn,jinaai/jina-embeddings-v5-text-nano,1.0
nld_Latn,fra_Latn,jinaai/jina-embeddings-v5-text-nano,1.0
nld_Latn,heb_Hebr,jinaai/jina-embeddings-v5-text-nano,1.0
nno_Latn,spa_Latn,google/embeddinggemma-300m,1.0
nld_Latn,hin_Deva,jinaai/jina-embeddings-v5-text-nano,1.0
nld_Latn,ukr_Cyrl,jinaai/jina-embeddings-v5-text-nano,1.0
nld_Latn,urd_Arab,jinaai/jina-embeddings-v5-text-nano,1.0
nld_Latn,uzn_Latn,intfloat/multilingual-e5-large,1.0
nld_Latn,vie_Latn,jinaai/jina-embeddings-v5-text-nano,1.0
nno_Latn,als_Latn,Alibaba-NLP/gte-multilingual-base,1.0
nno_Latn,deu_Latn,google/embeddinggemma-300m,1.0
nno_Latn,ell_Grek,jinaai/jina-embeddings-v5-text-nano,1.0
nno_Latn,eng_Latn,google/embeddinggemma-300m,1.0
nno_Latn,fin_Latn,jinaai/jina-embeddings-v5-text-nano,1.0
nno_Latn,fra_Latn,Alibaba-NLP/gte-multilingual-base,1.0
nno_Latn,heb_Hebr,intfloat/multilingual-e5-large,1.0
nno_Latn,hrv_Latn,google/embeddinggemma-300m,1.0
nno_Latn,hun_Latn,Alibaba-NLP/gte-multilingual-base,1.0
nno_Latn,ind_Latn,intfloat/multilingual-e5-large,1.0
nno_Latn,ita_Latn,google/embeddinggemma-300m,1.0
nno_Latn,jpn_Jpan,google/embeddinggemma-300m,1.0
nno_Latn,lit_Latn,intfloat/multilingual-e5-large,1.0
nno_Latn,nld_Latn,google/embeddinggemma-300m,1.0
nno_Latn,pan_Guru,jinaai/jina-embeddings-v3,1.0
nno_Latn,pol_Latn,jinaai/jina-embeddings-v5-text-nano,1.0
nno_Latn,ron_Latn,Alibaba-NLP/gte-multilingual-base,1.0
nno_Latn,rus_Cyrl,google/embeddinggemma-300m,1.0
nno_Latn,sin_Sinh,Alibaba-NLP/gte-multilingual-base,1.0
nno_Latn,slk_Latn,intfloat/multilingual-e5-large,1.0
nno_Latn,slv_Latn,Alibaba-NLP/gte-multilingual-base,1.0
nld_Latn,tur_Latn,jinaai/jina-embeddings-v5-text-nano,1.0
nld_Latn,tha_Thai,jinaai/jina-embeddings-v5-text-nano,1.0
nld_Latn,tgl_Latn,intfloat/multilingual-e5-large,1.0
nld_Latn,nya_Latn,intfloat/multilingual-e5-large,1.0
nld_Latn,hrv_Latn,jinaai/jina-embeddings-v5-text-nano,1.0
nld_Latn,hun_Latn,jinaai/jina-embeddings-v5-text-nano,1.0
nld_Latn,ind_Latn,jinaai/jina-embeddings-v5-text-nano,1.0
nld_Latn,isl_Latn,Alibaba-NLP/gte-multilingual-base,1.0
nld_Latn,ita_Latn,jinaai/jina-embeddings-v5-text-nano,1.0
nld_Latn,jpn_Jpan,jinaai/jina-embeddings-v5-text-nano,1.0
nld_Latn,lit_Latn,Alibaba-NLP/gte-multilingual-base,1.0
nld_Latn,lvs_Latn,jinaai/jina-embeddings-v5-text-nano,1.0
nld_Latn,mkd_Cyrl,jinaai/jina-embeddings-v5-text-nano,1.0
nld_Latn,mlt_Latn,intfloat/multilingual-e5-large,1.0
nld_Latn,nno_Latn,jinaai/jina-embeddings-v5-text-nano,1.0
nld_Latn,pan_Guru,intfloat/multilingual-e5-large,1.0
nld_Latn,tel_Telu,jinaai/jina-embeddings-v5-text-small,1.0
nld_Latn,pol_Latn,jinaai/jina-embeddings-v5-text-nano,1.0
nld_Latn,ron_Latn,jinaai/jina-embeddings-v5-text-nano,1.0
nld_Latn,rus_Cyrl,jinaai/jina-embeddings-v5-text-nano,1.0
nld_Latn,slk_Latn,jinaai/jina-embeddings-v5-text-nano,1.0
nld_Latn,slv_Latn,jinaai/jina-embeddings-v5-text-nano,1.0
nld_Latn,spa_Latn,jinaai/jina-embeddings-v5-text-nano,1.0
nld_Latn,srp_Cyrl,jinaai/jina-embeddings-v5-text-nano,1.0
nld_Latn,sun_Latn,intfloat/multilingual-e5-large,1.0
nld_Latn,swe_Latn,jinaai/jina-embeddings-v5-text-nano,1.0
nld_Latn,swh_Latn,jinaai/jina-embeddings-v3,1.0
nld_Latn,tam_Taml,google/embeddinggemma-300m,1.0
fin_Latn,isl_Latn,Alibaba-NLP/gte-multilingual-base,1.0
heb_Hebr,zsm_Latn,Alibaba-NLP/gte-multilingual-base,1.0
arz_Arab,urd_Arab,google/embeddinggemma-300m,1.0
bel_Cyrl,ell_Grek,Alibaba-NLP/gte-multilingual-base,1.0
dan_Latn,slv_Latn,jinaai/jina-embeddings-v5-text-nano,1.0
arz_Arab,ces_Latn,jinaai/jina-embeddings-v5-text-nano,1.0
dan_Latn,snd_Arab,Alibaba-NLP/gte-multilingual-base,1.0
arz_Arab,cat_Latn,google/embeddinggemma-300m,1.0
bul_Cyrl,tha_Thai,jinaai/jina-embeddings-v5-text-nano,1.0
dan_Latn,spa_Latn,jinaai/jina-embeddings-v5-text-nano,1.0
bul_Cyrl,tgl_Latn,intfloat/multilingual-e5-large,1.0
dan_Latn,srp_Cyrl,jinaai/jina-embeddings-v5-text-nano,1.0
arz_Arab,bul_Cyrl,jinaai/jina-embeddings-v5-text-nano,1.0
bul_Cyrl,tel_Telu,google/embeddinggemma-300m,1.0
dan_Latn,swe_Latn,jinaai/jina-embeddings-v5-text-nano,1.0
dan_Latn,tam_Taml,google/embeddinggemma-300m,1.0
bul_Cyrl,tam_Taml,google/embeddinggemma-300m,1.0
dan_Latn,tel_Telu,google/embeddinggemma-300m,1.0
arz_Arab,bos_Latn,google/embeddinggemma-300m,1.0
dan_Latn,tgl_Latn,intfloat/multilingual-e5-large,1.0
dan_Latn,tha_Thai,jinaai/jina-embeddings-v5-text-nano,1.0
dan_Latn,slk_Latn,jinaai/jina-embeddings-v5-text-nano,1.0
bul_Cyrl,tur_Latn,jinaai/jina-embeddings-v5-text-nano,1.0
bul_Cyrl,ukr_Cyrl,jinaai/jina-embeddings-v5-text-nano,1.0
bul_Cyrl,urd_Arab,Alibaba-NLP/gte-multilingual-base,1.0
arz_Arab,fin_Latn,google/embeddinggemma-300m,1.0
arz_Arab,eus_Latn,jinaai/jina-embeddings-v3,1.0
bul_Cyrl,uzn_Latn,intfloat/multilingual-e5-large,1.0
arz_Arab,eng_Latn,jinaai/jina-embeddings-v5-text-nano,1.0
arz_Arab,ell_Grek,google/embeddinggemma-300m,1.0
bel_Cyrl,dan_Latn,intfloat/multilingual-e5-large,1.0
bel_Cyrl,deu_Latn,Alibaba-NLP/gte-multilingual-base,1.0
arz_Arab,deu_Latn,jinaai/jina-embeddings-v3,1.0
dan_Latn,rus_Cyrl,google/embeddinggemma-300m,1.0
arz_Arab,dan_Latn,google/embeddinggemma-300m,1.0
dan_Latn,pan_Guru,Alibaba-NLP/gte-multilingual-base,1.0
dan_Latn,pbt_Arab,jinaai/jina-embeddings-v3,1.0
bel_Cyrl,ekk_Latn,Alibaba-NLP/gte-multilingual-base,1.0
dan_Latn,plt_Latn,intfloat/multilingual-e5-large,1.0
dan_Latn,pol_Latn,jinaai/jina-embeddings-v5-text-nano,1.0
dan_Latn,ron_Latn,jinaai/jina-embeddings-v5-text-nano,1.0
dan_Latn,tur_Latn,jinaai/jina-embeddings-v5-text-nano,1.0
dan_Latn,ukr_Cyrl,jinaai/jina-embeddings-v5-text-nano,1.0
deu_Latn,fry_Latn,Alibaba-NLP/gte-multilingual-base,1.0
dan_Latn,urd_Arab,jinaai/jina-embeddings-v5-text-nano,1.0
apc_Arab,swe_Latn,google/embeddinggemma-300m,1.0
deu_Latn,ces_Latn,google/embeddinggemma-300m,1.0
apc_Arab,spa_Latn,jinaai/jina-embeddings-v3,1.0
bel_Cyrl,eng_Latn,intfloat/multilingual-e5-large,1.0
bel_Cyrl,eus_Latn,intfloat/multilingual-e5-large,1.0
deu_Latn,dan_Latn,google/embeddinggemma-300m,1.0
deu_Latn,ekk_Latn,Alibaba-NLP/gte-multilingual-base,1.0
deu_Latn,ell_Grek,google/embeddinggemma-300m,1.0
deu_Latn,eng_Latn,jinaai/jina-embeddings-v5-text-nano,1.0
deu_Latn,eus_Latn,intfloat/multilingual-e5-large,1.0
deu_Latn,fao_Latn,jinaai/jina-embeddings-v3,1.0
apc_Arab,slv_Latn,jinaai/jina-embeddings-v3,1.0
bul_Cyrl,snd_Arab,jinaai/jina-embeddings-v5-text-small,1.0
apc_Arab,slk_Latn,jinaai/jina-embeddings-v3,1.0
deu_Latn,fin_Latn,google/embeddinggemma-300m,1.0
bel_Cyrl,fin_Latn,intfloat/multilingual-e5-large,1.0
deu_Latn,fra_Latn,google/embeddinggemma-300m,1.0
deu_Latn,ceb_Latn,intfloat/multilingual-e5-large,1.0
bul_Cyrl,spa_Latn,jinaai/jina-embeddings-v5-text-nano,1.0
deu_Latn,cat_Latn,jinaai/jina-embeddings-v5-text-nano,1.0
dan_Latn,zsm_Latn,jinaai/jina-embeddings-v5-text-nano,1.0
arz_Arab,ben_Beng,google/embeddinggemma-300m,1.0
dan_Latn,uzn_Latn,intfloat/multilingual-e5-large,1.0
dan_Latn,vie_Latn,jinaai/jina-embeddings-v5-text-nano,1.0
bul_Cyrl,swe_Latn,jinaai/jina-embeddings-v5-text-nano,1.0
apc_Arab,vie_Latn,intfloat/multilingual-e5-large,1.0
dan_Latn,ydd_Hebr,intfloat/multilingual-e5-large,1.0
apc_Arab,urd_Arab,google/embeddinggemma-300m,1.0
bul_Cyrl,srp_Cyrl,jinaai/jina-embeddings-v5-text-nano,1.0
apc_Arab,tha_Thai,jinaai/jina-embeddings-v5-text-small,1.0
deu_Latn,afr_Latn,intfloat/multilingual-e5-large,1.0
deu_Latn,als_Latn,jinaai/jina-embeddings-v3,1.0
apc_Arab,ukr_Cyrl,google/embeddinggemma-300m,1.0
deu_Latn,azj_Latn,Alibaba-NLP/gte-multilingual-base,1.0
deu_Latn,bak_Cyrl,intfloat/multilingual-e5-large,1.0
apc_Arab,tur_Latn,google/embeddinggemma-300m,1.0
deu_Latn,bel_Cyrl,intfloat/multilingual-e5-large,1.0
arz_Arab,fra_Latn,jinaai/jina-embeddings-v5-text-nano,1.0
arz_Arab,glg_Latn,jinaai/jina-embeddings-v3,1.0
bul_Cyrl,vie_Latn,jinaai/jina-embeddings-v5-text-nano,1.0
arz_Arab,heb_Hebr,jinaai/jina-embeddings-v3,1.0
dan_Latn,lvs_Latn,jinaai/jina-embeddings-v5-text-nano,1.0
arz_Arab,ukr_Cyrl,jinaai/jina-embeddings-v5-text-nano,1.0
dan_Latn,mal_Mlym,intfloat/multilingual-e5-large,1.0
dan_Latn,mar_Deva,google/embeddinggemma-300m,1.0
dan_Latn,mkd_Cyrl,jinaai/jina-embeddings-v5-text-nano,1.0
dan_Latn,mlt_Latn,intfloat/multilingual-e5-large,1.0
arz_Arab,tur_Latn,google/embeddinggemma-300m,1.0
dan_Latn,mya_Mymr,jinaai/jina-embeddings-v3,1.0
dan_Latn,nld_Latn,jinaai/jina-embeddings-v5-text-nano,1.0
dan_Latn,nno_Latn,jinaai/jina-embeddings-v5-text-nano,1.0
arz_Arab,tha_Thai,google/embeddinggemma-300m,1.0
cat_Latn,eng_Latn,jinaai/jina-embeddings-v5-text-nano,1.0
arz_Arab,tam_Taml,jinaai/jina-embeddings-v5-text-nano,1.0
arz_Arab,swe_Latn,google/embeddinggemma-300m,1.0
arz_Arab,srp_Cyrl,jinaai/jina-embeddings-v3,1.0
dan_Latn,npi_Deva,google/embeddinggemma-300m,1.0
cat_Latn,ell_Grek,google/embeddinggemma-300m,1.0
dan_Latn,lit_Latn,Alibaba-NLP/gte-multilingual-base,1.0
dan_Latn,lao_Laoo,jinaai/jina-embeddings-v3,1.0
cat_Latn,eus_Latn,Alibaba-NLP/gte-multilingual-base,1.0
dan_Latn,kan_Knda,google/embeddinggemma-300m,1.0
azj_Latn,urd_Arab,Alibaba-NLP/gte-multilingual-base,1.0
dan_Latn,ind_Latn,jinaai/jina-embeddings-v5-text-nano,1.0
dan_Latn,isl_Latn,intfloat/multilingual-e5-large,1.0
azj_Latn,uzn_Latn,intfloat/multilingual-e5-large,1.0
dan_Latn,ita_Latn,jinaai/jina-embeddings-v5-text-nano,1.0
cat_Latn,glg_Latn,Alibaba-NLP/gte-multilingual-base,1.0
dan_Latn,jpn_Jpan,jinaai/jina-embeddings-v5-text-nano,1.0
dan_Latn,kat_Geor,Alibaba-NLP/gte-multilingual-base,1.0
dan_Latn,kir_Cyrl,intfloat/multilingual-e5-large,1.0
dan_Latn,kaz_Cyrl,intfloat/multilingual-e5-large,1.0
dan_Latn,khk_Cyrl,jinaai/jina-embeddings-v3,1.0
cat_Latn,gle_Latn,jinaai/jina-embeddings-v3,1.0
dan_Latn,khm_Khmr,jinaai/jina-embeddings-v3,1.0
cat_Latn,fry_Latn,Alibaba-NLP/gte-multilingual-base,1.0
cat_Latn,fra_Latn,google/embeddinggemma-300m,1.0
cat_Latn,fin_Latn,jinaai/jina-embeddings-v5-text-nano,1.0
arz_Arab,spa_Latn,google/embeddinggemma-300m,1.0
cat_Latn,ekk_Latn,Alibaba-NLP/gte-multilingual-base,1.0
arz_Arab,slv_Latn,jinaai/jina-embeddings-v3,1.0
arz_Arab,jpn_Jpan,jinaai/jina-embeddings-v5-text-nano,1.0
bel_Cyrl,ben_Beng,intfloat/multilingual-e5-large,1.0
bel_Cyrl,bos_Latn,Alibaba-NLP/gte-multilingual-base,1.0
bel_Cyrl,bul_Cyrl,Alibaba-NLP/gte-multilingual-base,1.0
bel_Cyrl,cat_Latn,Alibaba-NLP/gte-multilingual-base,1.0
arz_Arab,lvs_Latn,jinaai/jina-embeddings-v3,1.0
bel_Cyrl,ceb_Latn,intfloat/multilingual-e5-large,1.0
arz_Arab,lit_Latn,jinaai/jina-embeddings-v3,1.0
arz_Arab,ita_Latn,google/embeddinggemma-300m,1.0
arz_Arab,mar_Deva,google/embeddinggemma-300m,1.0
arz_Arab,isl_Latn,jinaai/jina-embeddings-v3,1.0
arz_Arab,ind_Latn,google/embeddinggemma-300m,1.0
arz_Arab,hun_Latn,jinaai/jina-embeddings-v3,1.0
arz_Arab,hrv_Latn,google/embeddinggemma-300m,1.0
arz_Arab,hin_Deva,google/embeddinggemma-300m,1.0
bel_Cyrl,ces_Latn,Alibaba-NLP/gte-multilingual-base,1.0
bel_Cyrl,cym_Latn,intfloat/multilingual-e5-large,1.0
bel_Cyrl,als_Latn,intfloat/multilingual-e5-large,1.0
arz_Arab,mkd_Cyrl,jinaai/jina-embeddings-v3,1.0
arz_Arab,slk_Latn,jinaai/jina-embeddings-v5-text-nano,1.0
cat_Latn,ceb_Latn,intfloat/multilingual-e5-large,1.0
cat_Latn,deu_Latn,jinaai/jina-embeddings-v5-text-nano,1.0
cat_Latn,dan_Latn,google/embeddinggemma-300m,1.0
cat_Latn,cym_Latn,intfloat/multilingual-e5-large,1.0
cat_Latn,ces_Latn,google/embeddinggemma-300m,1.0
arz_Arab,sin_Sinh,jinaai/jina-embeddings-v3,1.0
arz_Arab,rus_Cyrl,jinaai/jina-embeddings-v3,1.0
arz_Arab,ron_Latn,google/embeddinggemma-300m,1.0
cat_Latn,als_Latn,intfloat/multilingual-e5-large,1.0
arz_Arab,nld_Latn,google/embeddinggemma-300m,1.0
bul_Cyrl,zsm_Latn,jinaai/jina-embeddings-v5-text-nano,1.0
arz_Arab,pol_Latn,google/embeddinggemma-300m,1.0
azj_Latn,vie_Latn,jinaai/jina-embeddings-v5-text-nano,1.0
azj_Latn,zsm_Latn,Alibaba-NLP/gte-multilingual-base,1.0
bak_Cyrl,hrv_Latn,intfloat/multilingual-e5-large,1.0
bak_Cyrl,kir_Cyrl,intfloat/multilingual-e5-large,1.0
bak_Cyrl,tat_Cyrl,intfloat/multilingual-e5-large,1.0
bul_Cyrl,slv_Latn,jinaai/jina-embeddings-v5-text-nano,1.0
bul_Cyrl,slk_Latn,jinaai/jina-embeddings-v5-text-nano,1.0
ekk_Latn,mlt_Latn,intfloat/multilingual-e5-large,1.0
amh_Ethi,urd_Arab,intfloat/multilingual-e5-large,1.0
deu_Latn,tur_Latn,jinaai/jina-embeddings-v5-text-nano,1.0
bel_Cyrl,jav_Latn,intfloat/multilingual-e5-large,1.0
deu_Latn,ukr_Cyrl,google/embeddinggemma-300m,1.0
apc_Arab,bos_Latn,jinaai/jina-embeddings-v3,1.0
deu_Latn,urd_Arab,jinaai/jina-embeddings-v5-text-nano,1.0
deu_Latn,uzn_Latn,intfloat/multilingual-e5-large,1.0
deu_Latn,vie_Latn,google/embeddinggemma-300m,1.0
deu_Latn,war_Latn,intfloat/multilingual-e5-large,1.0
apc_Arab,ben_Beng,google/embeddinggemma-300m,1.0
bel_Cyrl,jpn_Jpan,intfloat/multilingual-e5-large,1.0
bel_Cyrl,kan_Knda,jinaai/jina-embeddings-v3,1.0
deu_Latn,ydd_Hebr,intfloat/multilingual-e5-large,1.0
amh_Ethi,zul_Latn,intfloat/multilingual-e5-large,1.0
deu_Latn,zsm_Latn,Alibaba-NLP/gte-multilingual-base,1.0
amh_Ethi,zsm_Latn,jinaai/jina-embeddings-v3,1.0
bel_Cyrl,kat_Geor,intfloat/multilingual-e5-large,1.0
amh_Ethi,xho_Latn,intfloat/multilingual-e5-large,1.0
bel_Cyrl,ita_Latn,Alibaba-NLP/gte-multilingual-base,1.0
bel_Cyrl,isl_Latn,intfloat/multilingual-e5-large,1.0
deu_Latn,tha_Thai,jinaai/jina-embeddings-v5-text-nano,1.0
apc_Arab,ces_Latn,google/embeddinggemma-300m,1.0
bul_Cyrl,lit_Latn,Alibaba-NLP/gte-multilingual-base,1.0
apc_Arab,dan_Latn,google/embeddinggemma-300m,1.0
deu_Latn,spa_Latn,jinaai/jina-embeddings-v5-text-nano,1.0
deu_Latn,srp_Cyrl,google/embeddinggemma-300m,1.0
deu_Latn,sun_Latn,intfloat/multilingual-e5-large,1.0
deu_Latn,swe_Latn,google/embeddinggemma-300m,1.0
bel_Cyrl,hin_Deva,Alibaba-NLP/gte-multilingual-base,1.0
bel_Cyrl,hrv_Latn,intfloat/multilingual-e5-large,1.0
deu_Latn,tgl_Latn,intfloat/multilingual-e5-large,1.0
deu_Latn,szl_Latn,intfloat/multilingual-e5-large,1.0
deu_Latn,tam_Taml,google/embeddinggemma-300m,1.0
bel_Cyrl,hun_Latn,intfloat/multilingual-e5-large,1.0
apc_Arab,bul_Cyrl,Alibaba-NLP/gte-multilingual-base,1.0
bel_Cyrl,hye_Armn,intfloat/multilingual-e5-large,1.0
deu_Latn,tel_Telu,google/embeddinggemma-300m,1.0
bel_Cyrl,ind_Latn,intfloat/multilingual-e5-large,1.0
bel_Cyrl,kaz_Cyrl,intfloat/multilingual-e5-large,1.0
amh_Ethi,ukr_Cyrl,jinaai/jina-embeddings-v3,1.0
apc_Arab,rus_Cyrl,jinaai/jina-embeddings-v3,1.0
ekk_Latn,afr_Latn,intfloat/multilingual-e5-large,1.0
ekk_Latn,ita_Latn,Alibaba-NLP/gte-multilingual-base,1.0
bel_Cyrl,khm_Khmr,Alibaba-NLP/gte-multilingual-base,1.0
ekk_Latn,jpn_Jpan,jinaai/jina-embeddings-v3,1.0
ekk_Latn,kan_Knda,Alibaba-NLP/gte-multilingual-base,1.0
ekk_Latn,kat_Geor,jinaai/jina-embeddings-v3,1.0
ekk_Latn,kaz_Cyrl,Alibaba-NLP/gte-multilingual-base,1.0
ekk_Latn,khk_Cyrl,jinaai/jina-embeddings-v3,1.0
amh_Ethi,tir_Ethi,intfloat/multilingual-e5-large,1.0
ekk_Latn,kir_Cyrl,intfloat/multilingual-e5-large,1.0
bel_Cyrl,kir_Cyrl,intfloat/multilingual-e5-large,1.0
bel_Cyrl,lao_Laoo,jinaai/jina-embeddings-v3,1.0
ekk_Latn,lit_Latn,intfloat/multilingual-e5-large,1.0
ekk_Latn,lvs_Latn,intfloat/multilingual-e5-large,1.0
ekk_Latn,mal_Mlym,intfloat/multilingual-e5-large,1.0
ekk_Latn,mar_Deva,intfloat/multilingual-e5-large,1.0
bul_Cyrl,kir_Cyrl,jinaai/jina-embeddings-v3,1.0
ekk_Latn,mkd_Cyrl,Alibaba-NLP/gte-multilingual-base,1.0
ekk_Latn,isl_Latn,Alibaba-NLP/gte-multilingual-base,1.0
ekk_Latn,ind_Latn,Alibaba-NLP/gte-multilingual-base,1.0
amh_Ethi,tsn_Latn,intfloat/multilingual-e5-large,1.0
ekk_Latn,fry_Latn,Alibaba-NLP/gte-multilingual-base,1.0
ekk_Latn,als_Latn,Alibaba-NLP/gte-multilingual-base,1.0
ekk_Latn,ces_Latn,Alibaba-NLP/gte-multilingual-base,1.0
ekk_Latn,dan_Latn,Alibaba-NLP/gte-multilingual-base,1.0
ekk_Latn,eng_Latn,Alibaba-NLP/gte-multilingual-base,1.0
ceb_Latn,ces_Latn,intfloat/multilingual-e5-large,1.0
ekk_Latn,fin_Latn,intfloat/multilingual-e5-large,1.0
ekk_Latn,fra_Latn,Alibaba-NLP/gte-multilingual-base,1.0
ekk_Latn,gle_Latn,jinaai/jina-embeddings-v3,1.0
ekk_Latn,hye_Armn,Alibaba-NLP/gte-multilingual-base,1.0
ekk_Latn,glg_Latn,jinaai/jina-embeddings-v3,1.0
amh_Ethi,tur_Latn,jinaai/jina-embeddings-v3,1.0
bel_Cyrl,khk_Cyrl,jinaai/jina-embeddings-v3,1.0
ekk_Latn,heb_Hebr,intfloat/multilingual-e5-large,1.0
ekk_Latn,hin_Deva,Alibaba-NLP/gte-multilingual-base,1.0
ekk_Latn,hrv_Latn,intfloat/multilingual-e5-large,1.0
ekk_Latn,hun_Latn,Alibaba-NLP/gte-multilingual-base,1.0
apc_Arab,deu_Latn,jinaai/jina-embeddings-v5-text-small,1.0
deu_Latn,slv_Latn,Alibaba-NLP/gte-multilingual-base,1.0
apc_Arab,ekk_Latn,jinaai/jina-embeddings-v3,1.0
deu_Latn,slk_Latn,google/embeddinggemma-300m,1.0
deu_Latn,ind_Latn,jinaai/jina-embeddings-v5-text-nano,1.0
deu_Latn,isl_Latn,intfloat/multilingual-e5-large,1.0
deu_Latn,ita_Latn,google/embeddinggemma-300m,1.0
bul_Cyrl,pol_Latn,jinaai/jina-embeddings-v5-text-nano,1.0
bul_Cyrl,pbt_Arab,jinaai/jina-embeddings-v3,1.0
bul_Cyrl,pan_Guru,Alibaba-NLP/gte-multilingual-base,1.0
deu_Latn,jpn_Jpan,jinaai/jina-embeddings-v5-text-nano,1.0
apc_Arab,jpn_Jpan,jinaai/jina-embeddings-v3,1.0
bel_Cyrl,gle_Latn,jinaai/jina-embeddings-v3,1.0
bel_Cyrl,glg_Latn,intfloat/multilingual-e5-large,1.0
deu_Latn,kan_Knda,google/embeddinggemma-300m,1.0
deu_Latn,kat_Geor,jinaai/jina-embeddings-v3,1.0
deu_Latn,kaz_Cyrl,Alibaba-NLP/gte-multilingual-base,1.0
deu_Latn,kea_Latn,intfloat/multilingual-e5-large,1.0
bul_Cyrl,npi_Deva,google/embeddinggemma-300m,1.0
deu_Latn,khk_Cyrl,jinaai/jina-embeddings-v3,1.0
deu_Latn,khm_Khmr,jinaai/jina-embeddings-v3,1.0
bul_Cyrl,ron_Latn,jinaai/jina-embeddings-v5-text-nano,1.0
bul_Cyrl,rus_Cyrl,google/embeddinggemma-300m,1.0
apc_Arab,lit_Latn,jinaai/jina-embeddings-v3,1.0
deu_Latn,hat_Latn,intfloat/multilingual-e5-large,1.0
bel_Cyrl,fra_Latn,Alibaba-NLP/gte-multilingual-base,1.0
apc_Arab,ron_Latn,jinaai/jina-embeddings-v3,1.0
deu_Latn,gle_Latn,intfloat/multilingual-e5-large,1.0
deu_Latn,glg_Latn,jinaai/jina-embeddings-v5-text-nano,1.0
apc_Arab,pol_Latn,google/embeddinggemma-300m,1.0
apc_Arab,nld_Latn,jinaai/jina-embeddings-v3,1.0
deu_Latn,guj_Gujr,google/embeddinggemma-300m,1.0
apc_Arab,mkd_Cyrl,jinaai/jina-embeddings-v3,1.0
deu_Latn,hye_Armn,intfloat/multilingual-e5-large,1.0
bul_Cyrl,sin_Sinh,Alibaba-NLP/gte-multilingual-base,1.0
deu_Latn,heb_Hebr,intfloat/multilingual-e5-large,1.0
deu_Latn,hin_Deva,google/embeddinggemma-300m,1.0
bel_Cyrl,fry_Latn,jinaai/jina-embeddings-v3,1.0
deu_Latn,hne_Deva,google/embeddinggemma-300m,1.0
deu_Latn,hrv_Latn,google/embeddinggemma-300m,1.0
deu_Latn,hun_Latn,Alibaba-NLP/gte-multilingual-base,1.0
apc_Arab,ita_Latn,jinaai/jina-embeddings-v3,1.0
apc_Arab,ind_Latn,jinaai/jina-embeddings-v3,1.0
apc_Arab,hun_Latn,jinaai/jina-embeddings-v3,1.0
deu_Latn,pol_Latn,google/embeddinggemma-300m,1.0
deu_Latn,npi_Deva,google/embeddinggemma-300m,1.0
bel_Cyrl,heb_Hebr,intfloat/multilingual-e5-large,1.0
bul_Cyrl,mlt_Latn,intfloat/multilingual-e5-large,1.0
deu_Latn,pan_Guru,intfloat/multilingual-e5-large,1.0
deu_Latn,pbt_Arab,jinaai/jina-embeddings-v3,1.0
deu_Latn,pcm_Latn,jinaai/jina-embeddings-v5-text-nano,1.0
apc_Arab,eng_Latn,jinaai/jina-embeddings-v3,1.0
bul_Cyrl,mkd_Cyrl,jinaai/jina-embeddings-v5-text-nano,1.0
apc_Arab,fin_Latn,jinaai/jina-embeddings-v5-text-nano,1.0
deu_Latn,ron_Latn,jinaai/jina-embeddings-v5-text-nano,1.0
bul_Cyrl,mar_Deva,jinaai/jina-embeddings-v5-text-nano,1.0
deu_Latn,rus_Cyrl,google/embeddinggemma-300m,1.0
bul_Cyrl,mal_Mlym,Alibaba-NLP/gte-multilingual-base,1.0
bul_Cyrl,lvs_Latn,jinaai/jina-embeddings-v5-text-nano,1.0
deu_Latn,sin_Sinh,jinaai/jina-embeddings-v3,1.0
apc_Arab,ell_Grek,google/embeddinggemma-300m,1.0
bel_Cyrl,hat_Latn,intfloat/multilingual-e5-large,1.0
deu_Latn,nno_Latn,Alibaba-NLP/gte-multilingual-base,1.0
bul_Cyrl,nno_Latn,jinaai/jina-embeddings-v5-text-nano,1.0
deu_Latn,lvs_Latn,intfloat/multilingual-e5-large,1.0
deu_Latn,kir_Cyrl,Alibaba-NLP/gte-multilingual-base,1.0
apc_Arab,hrv_Latn,jinaai/jina-embeddings-v3,1.0
bel_Cyrl,guj_Gujr,intfloat/multilingual-e5-large,1.0
deu_Latn,lao_Laoo,jinaai/jina-embeddings-v3,1.0
bul_Cyrl,nld_Latn,jinaai/jina-embeddings-v5-text-nano,1.0
apc_Arab,hin_Deva,jinaai/jina-embeddings-v3,1.0
deu_Latn,lit_Latn,intfloat/multilingual-e5-large,1.0
deu_Latn,mal_Mlym,google/embeddinggemma-300m,1.0
deu_Latn,nld_Latn,google/embeddinggemma-300m,1.0
apc_Arab,heb_Hebr,jinaai/jina-embeddings-v3,1.0
deu_Latn,mar_Deva,google/embeddinggemma-300m,1.0
deu_Latn,mkd_Cyrl,Alibaba-NLP/gte-multilingual-base,1.0
deu_Latn,mlt_Latn,intfloat/multilingual-e5-large,1.0
bul_Cyrl,mya_Mymr,jinaai/jina-embeddings-v3,1.0
apc_Arab,fra_Latn,jinaai/jina-embeddings-v3,1.0
deu_Latn,mya_Mymr,jinaai/jina-embeddings-v3,1.0
azj_Latn,ukr_Cyrl,Alibaba-NLP/gte-multilingual-base,1.0
dan_Latn,hye_Armn,intfloat/multilingual-e5-large,1.0
dan_Latn,hun_Latn,Alibaba-NLP/gte-multilingual-base,1.0
cat_Latn,plt_Latn,intfloat/multilingual-e5-large,1.0
azj_Latn,als_Latn,Alibaba-NLP/gte-multilingual-base,1.0
ces_Latn,kir_Cyrl,intfloat/multilingual-e5-large,1.0
cat_Latn,slk_Latn,Alibaba-NLP/gte-multilingual-base,1.0
ces_Latn,lit_Latn,Alibaba-NLP/gte-multilingual-base,1.0
asm_Beng,urd_Arab,intfloat/multilingual-e5-large,1.0
ces_Latn,lvs_Latn,jinaai/jina-embeddings-v5-text-nano,1.0
ces_Latn,mal_Mlym,Alibaba-NLP/gte-multilingual-base,1.0
ces_Latn,mar_Deva,Alibaba-NLP/gte-multilingual-base,1.0
cat_Latn,rus_Cyrl,jinaai/jina-embeddings-v5-text-nano,1.0
asm_Beng,ukr_Cyrl,jinaai/jina-embeddings-v3,1.0
asm_Beng,tur_Latn,jinaai/jina-embeddings-v3,1.0
ces_Latn,mkd_Cyrl,jinaai/jina-embeddings-v5-text-nano,1.0
cat_Latn,ron_Latn,google/embeddinggemma-300m,1.0
ces_Latn,mya_Mymr,jinaai/jina-embeddings-v3,1.0
cat_Latn,pol_Latn,jinaai/jina-embeddings-v5-text-nano,1.0
asm_Beng,tam_Taml,jinaai/jina-embeddings-v3,1.0
ces_Latn,nld_Latn,jinaai/jina-embeddings-v5-text-nano,1.0
ces_Latn,khk_Cyrl,jinaai/jina-embeddings-v3,1.0
azj_Latn,bel_Cyrl,Alibaba-NLP/gte-multilingual-base,1.0
cat_Latn,slv_Latn,Alibaba-NLP/gte-multilingual-base,1.0
azj_Latn,bul_Cyrl,Alibaba-NLP/gte-multilingual-base,1.0
ces_Latn,hrv_Latn,jinaai/jina-embeddings-v5-text-nano,1.0
ces_Latn,hun_Latn,google/embeddinggemma-300m,1.0
azj_Latn,cym_Latn,intfloat/multilingual-e5-large,1.0
azj_Latn,ces_Latn,intfloat/multilingual-e5-large,1.0
ces_Latn,hye_Armn,Alibaba-NLP/gte-multilingual-base,1.0
cat_Latn,snd_Arab,jinaai/jina-embeddings-v3,1.0
azj_Latn,cat_Latn,intfloat/multilingual-e5-large,1.0
ces_Latn,ind_Latn,jinaai/jina-embeddings-v5-text-nano,1.0
azj_Latn,ben_Beng,intfloat/multilingual-e5-large,1.0
ces_Latn,isl_Latn,Alibaba-NLP/gte-multilingual-base,1.0
ces_Latn,ita_Latn,jinaai/jina-embeddings-v5-text-nano,1.0
azj_Latn,bos_Latn,Alibaba-NLP/gte-multilingual-base,1.0
ces_Latn,jpn_Jpan,jinaai/jina-embeddings-v5-text-nano,1.0
ces_Latn,kan_Knda,jinaai/jina-embeddings-v3,1.0
ces_Latn,kat_Geor,jinaai/jina-embeddings-v3,1.0
ces_Latn,kaz_Cyrl,intfloat/multilingual-e5-large,1.0
ces_Latn,nno_Latn,jinaai/jina-embeddings-v5-text-nano,1.0
ces_Latn,npi_Deva,Alibaba-NLP/gte-multilingual-base,1.0
dan_Latn,hrv_Latn,jinaai/jina-embeddings-v5-text-nano,1.0
asm_Beng,swe_Latn,jinaai/jina-embeddings-v3,1.0
ces_Latn,szl_Latn,intfloat/multilingual-e5-large,1.0
cat_Latn,mlt_Latn,intfloat/multilingual-e5-large,1.0
ces_Latn,tam_Taml,google/embeddinggemma-300m,1.0
cat_Latn,mkd_Cyrl,intfloat/multilingual-e5-large,1.0
cat_Latn,mar_Deva,google/embeddinggemma-300m,1.0
ces_Latn,tel_Telu,google/embeddinggemma-300m,1.0
asm_Beng,slk_Latn,jinaai/jina-embeddings-v5-text-small,1.0
cat_Latn,mal_Mlym,jinaai/jina-embeddings-v3,1.0
ces_Latn,tgl_Latn,intfloat/multilingual-e5-large,1.0
ces_Latn,tha_Thai,jinaai/jina-embeddings-v5-text-nano,1.0
ces_Latn,tur_Latn,jinaai/jina-embeddings-v5-text-nano,1.0
ces_Latn,ukr_Cyrl,jinaai/jina-embeddings-v5-text-nano,1.0
ces_Latn,urd_Arab,Alibaba-NLP/gte-multilingual-base,1.0
cat_Latn,lvs_Latn,Alibaba-NLP/gte-multilingual-base,1.0
ces_Latn,uzn_Latn,intfloat/multilingual-e5-large,1.0
cat_Latn,lit_Latn,jinaai/jina-embeddings-v3,1.0
ces_Latn,vie_Latn,jinaai/jina-embeddings-v5-text-nano,1.0
ces_Latn,swh_Latn,Alibaba-NLP/gte-multilingual-base,1.0
ces_Latn,swe_Latn,jinaai/jina-embeddings-v5-text-nano,1.0
azj_Latn,heb_Hebr,Alibaba-NLP/gte-multilingual-base,1.0
cat_Latn,nno_Latn,Alibaba-NLP/gte-multilingual-base,1.0
cat_Latn,pbt_Arab,intfloat/multilingual-e5-large,1.0
ces_Latn,pan_Guru,Alibaba-NLP/gte-multilingual-base,1.0
cat_Latn,pan_Guru,Alibaba-NLP/gte-multilingual-base,1.0
ces_Latn,pol_Latn,jinaai/jina-embeddings-v5-text-nano,1.0
cat_Latn,npi_Deva,google/embeddinggemma-300m,1.0
ces_Latn,ron_Latn,jinaai/jina-embeddings-v5-text-nano,1.0
ces_Latn,rus_Cyrl,jinaai/jina-embeddings-v5-text-nano,1.0
ces_Latn,slk_Latn,jinaai/jina-embeddings-v5-text-nano,1.0
ces_Latn,srp_Cyrl,jinaai/jina-embeddings-v5-text-nano,1.0
ces_Latn,slv_Latn,jinaai/jina-embeddings-v5-text-nano,1.0
asm_Beng,spa_Latn,jinaai/jina-embeddings-v3,1.0
cat_Latn,nld_Latn,Alibaba-NLP/gte-multilingual-base,1.0
ces_Latn,snd_Arab,jinaai/jina-embeddings-v5-text-small,1.0
asm_Beng,snd_Arab,jinaai/jina-embeddings-v3,1.0
cat_Latn,mya_Mymr,Alibaba-NLP/gte-multilingual-base,1.0
ces_Latn,spa_Latn,jinaai/jina-embeddings-v5-text-nano,1.0
ces_Latn,hne_Deva,intfloat/multilingual-e5-large,1.0
ces_Latn,hin_Deva,jinaai/jina-embeddings-v5-text-nano,1.0
ces_Latn,heb_Hebr,jinaai/jina-embeddings-v5-text-nano,1.0
azj_Latn,dan_Latn,Alibaba-NLP/gte-multilingual-base,1.0
ceb_Latn,kat_Geor,intfloat/multilingual-e5-large,1.0
ceb_Latn,lit_Latn,intfloat/multilingual-e5-large,1.0
cat_Latn,uzn_Latn,intfloat/multilingual-e5-large,1.0
cat_Latn,urd_Arab,google/embeddinggemma-300m,1.0
ceb_Latn,mkd_Cyrl,intfloat/multilingual-e5-large,1.0
cat_Latn,ukr_Cyrl,google/embeddinggemma-300m,1.0
cat_Latn,tur_Latn,google/embeddinggemma-300m,1.0
ceb_Latn,nld_Latn,intfloat/multilingual-e5-large,1.0
cat_Latn,tha_Thai,google/embeddinggemma-300m,1.0
cat_Latn,tgl_Latn,intfloat/multilingual-e5-large,1.0
azj_Latn,glg_Latn,Alibaba-NLP/gte-multilingual-base,1.0
ceb_Latn,pol_Latn,intfloat/multilingual-e5-large,1.0
cat_Latn,tel_Telu,Alibaba-NLP/gte-multilingual-base,1.0
ceb_Latn,ron_Latn,intfloat/multilingual-e5-large,1.0
cat_Latn,tam_Taml,Alibaba-NLP/gte-multilingual-base,1.0
azj_Latn,hat_Latn,intfloat/multilingual-e5-large,1.0
ceb_Latn,slk_Latn,intfloat/multilingual-e5-large,1.0
ceb_Latn,jpn_Jpan,intfloat/multilingual-e5-large,1.0
ceb_Latn,jav_Latn,intfloat/multilingual-e5-large,1.0
cat_Latn,vie_Latn,Alibaba-NLP/gte-multilingual-base,1.0
ceb_Latn,hat_Latn,intfloat/multilingual-e5-large,1.0
ceb_Latn,deu_Latn,intfloat/multilingual-e5-large,1.0
ceb_Latn,ekk_Latn,intfloat/multilingual-e5-large,1.0
ceb_Latn,ell_Grek,intfloat/multilingual-e5-large,1.0
ceb_Latn,eng_Latn,intfloat/multilingual-e5-large,1.0
cat_Latn,zsm_Latn,google/embeddinggemma-300m,1.0
ceb_Latn,fra_Latn,intfloat/multilingual-e5-large,1.0
ceb_Latn,glg_Latn,intfloat/multilingual-e5-large,1.0
azj_Latn,guj_Gujr,intfloat/multilingual-e5-large,1.0
ceb_Latn,ita_Latn,intfloat/multilingual-e5-large,1.0
ceb_Latn,heb_Hebr,intfloat/multilingual-e5-large,1.0
ceb_Latn,hin_Deva,intfloat/multilingual-e5-large,1.0
ceb_Latn,hrv_Latn,intfloat/multilingual-e5-large,1.0
ceb_Latn,hun_Latn,intfloat/multilingual-e5-large,1.0
cat_Latn,xho_Latn,Alibaba-NLP/gte-multilingual-base,1.0
ceb_Latn,ind_Latn,intfloat/multilingual-e5-large,1.0
ceb_Latn,isl_Latn,intfloat/multilingual-e5-large,1.0
ceb_Latn,slv_Latn,intfloat/multilingual-e5-large,1.0
cat_Latn,swe_Latn,google/embeddinggemma-300m,1.0
ceb_Latn,spa_Latn,intfloat/multilingual-e5-large,1.0
ces_Latn,fin_Latn,jinaai/jina-embeddings-v5-text-nano,1.0
ces_Latn,dan_Latn,jinaai/jina-embeddings-v5-text-nano,1.0
ces_Latn,deu_Latn,jinaai/jina-embeddings-v5-text-nano,1.0
ces_Latn,ekk_Latn,Alibaba-NLP/gte-multilingual-base,1.0
ces_Latn,ell_Grek,jinaai/jina-embeddings-v5-text-nano,1.0
ces_Latn,eng_Latn,jinaai/jina-embeddings-v5-text-nano,1.0
ces_Latn,eus_Latn,Alibaba-NLP/gte-multilingual-base,1.0
ces_Latn,fao_Latn,jinaai/jina-embeddings-v3,1.0
ces_Latn,fra_Latn,jinaai/jina-embeddings-v5-text-nano,1.0
azj_Latn,eng_Latn,intfloat/multilingual-e5-large,1.0
ces_Latn,fry_Latn,Alibaba-NLP/gte-multilingual-base,1.0
azj_Latn,ell_Grek,intfloat/multilingual-e5-large,1.0
ces_Latn,gle_Latn,jinaai/jina-embeddings-v3,1.0
ces_Latn,glg_Latn,jinaai/jina-embeddings-v5-text-nano,1.0
azj_Latn,ekk_Latn,intfloat/multilingual-e5-large,1.0
ces_Latn,guj_Gujr,Alibaba-NLP/gte-multilingual-base,1.0
azj_Latn,deu_Latn,Alibaba-NLP/gte-multilingual-base,1.0
ces_Latn,cym_Latn,intfloat/multilingual-e5-large,1.0
ces_Latn,cat_Latn,google/embeddinggemma-300m,1.0
ceb_Latn,srp_Cyrl,intfloat/multilingual-e5-large,1.0
ceb_Latn,urd_Arab,intfloat/multilingual-e5-large,1.0
ceb_Latn,sun_Latn,intfloat/multilingual-e5-large,1.0
azj_Latn,fra_Latn,Alibaba-NLP/gte-multilingual-base,1.0
ceb_Latn,swe_Latn,intfloat/multilingual-e5-large,1.0
ceb_Latn,tam_Taml,intfloat/multilingual-e5-large,1.0
ceb_Latn,tgl_Latn,intfloat/multilingual-e5-large,1.0
ceb_Latn,tur_Latn,intfloat/multilingual-e5-large,1.0
cat_Latn,srp_Cyrl,Alibaba-NLP/gte-multilingual-base,1.0
cat_Latn,spa_Latn,jinaai/jina-embeddings-v5-text-nano,1.0
ces_Latn,bel_Cyrl,Alibaba-NLP/gte-multilingual-base,1.0
ceb_Latn,war_Latn,intfloat/multilingual-e5-large,1.0
ceb_Latn,xho_Latn,intfloat/multilingual-e5-large,1.0
ces_Latn,afr_Latn,jinaai/jina-embeddings-v3,1.0
ces_Latn,als_Latn,intfloat/multilingual-e5-large,1.0
azj_Latn,fin_Latn,Alibaba-NLP/gte-multilingual-base,1.0
azj_Latn,eus_Latn,intfloat/multilingual-e5-large,1.0
ces_Latn,azj_Latn,Alibaba-NLP/gte-multilingual-base,1.0
asm_Beng,rus_Cyrl,jinaai/jina-embeddings-v3,1.0
asm_Beng,ron_Latn,jinaai/jina-embeddings-v3,1.0
ces_Latn,zsm_Latn,jinaai/jina-embeddings-v5-text-nano,1.0
cym_Latn,lvs_Latn,intfloat/multilingual-e5-large,1.0
asm_Beng,deu_Latn,jinaai/jina-embeddings-v3,1.0
azj_Latn,srp_Cyrl,intfloat/multilingual-e5-large,1.0
cym_Latn,spa_Latn,intfloat/multilingual-e5-large,1.0
cym_Latn,srp_Cyrl,intfloat/multilingual-e5-large,1.0
cym_Latn,sun_Latn,intfloat/multilingual-e5-large,1.0
cym_Latn,swe_Latn,intfloat/multilingual-e5-large,1.0
cym_Latn,swh_Latn,intfloat/multilingual-e5-large,1.0
asm_Beng,dan_Latn,jinaai/jina-embeddings-v5-text-small,1.0
cat_Latn,hye_Armn,Alibaba-NLP/gte-multilingual-base,1.0
cat_Latn,hun_Latn,jinaai/jina-embeddings-v5-text-nano,1.0
cym_Latn,tam_Taml,intfloat/multilingual-e5-large,1.0
cym_Latn,tel_Telu,intfloat/multilingual-e5-large,1.0
cym_Latn,tgl_Latn,intfloat/multilingual-e5-large,1.0
cat_Latn,hrv_Latn,jinaai/jina-embeddings-v5-text-nano,1.0
cym_Latn,tur_Latn,intfloat/multilingual-e5-large,1.0
cym_Latn,ukr_Cyrl,jinaai/jina-embeddings-v3,1.0
cym_Latn,urd_Arab,intfloat/multilingual-e5-large,1.0
cat_Latn,ilo_Latn,intfloat/multilingual-e5-large,1.0
cym_Latn,slk_Latn,intfloat/multilingual-e5-large,1.0
cat_Latn,ind_Latn,google/embeddinggemma-300m,1.0
cat_Latn,isl_Latn,Alibaba-NLP/gte-multilingual-base,1.0
cym_Latn,mal_Mlym,intfloat/multilingual-e5-large,1.0
cym_Latn,mar_Deva,intfloat/multilingual-e5-large,1.0
cym_Latn,mkd_Cyrl,jinaai/jina-embeddings-v3,1.0
asm_Beng,ell_Grek,jinaai/jina-embeddings-v5-text-small,1.0
azj_Latn,spa_Latn,jinaai/jina-embeddings-v5-text-nano,1.0
cat_Latn,ita_Latn,Alibaba-NLP/gte-multilingual-base,1.0
cym_Latn,mlt_Latn,intfloat/multilingual-e5-large,1.0
cym_Latn,nld_Latn,intfloat/multilingual-e5-large,1.0
cym_Latn,rus_Cyrl,jinaai/jina-embeddings-v3,1.0
cym_Latn,nno_Latn,jinaai/jina-embeddings-v3,1.0
cym_Latn,npi_Deva,jinaai/jina-embeddings-v3,1.0
cym_Latn,pan_Guru,jinaai/jina-embeddings-v3,1.0
cym_Latn,pbt_Arab,jinaai/jina-embeddings-v3,1.0
cym_Latn,plt_Latn,intfloat/multilingual-e5-large,1.0
cym_Latn,pol_Latn,intfloat/multilingual-e5-large,1.0
cym_Latn,ron_Latn,intfloat/multilingual-e5-large,1.0
cym_Latn,uzn_Latn,intfloat/multilingual-e5-large,1.0
cym_Latn,vie_Latn,jinaai/jina-embeddings-v3,1.0
cym_Latn,xho_Latn,intfloat/multilingual-e5-large,1.0
azj_Latn,tgk_Cyrl,intfloat/multilingual-e5-large,1.0
azj_Latn,tat_Cyrl,intfloat/multilingual-e5-large,1.0
cat_Latn,guj_Gujr,jinaai/jina-embeddings-v3,1.0
dan_Latn,fin_Latn,jinaai/jina-embeddings-v5-text-nano,1.0
dan_Latn,fra_Latn,jinaai/jina-embeddings-v5-text-nano,1.0
dan_Latn,fry_Latn,Alibaba-NLP/gte-multilingual-base,1.0
azj_Latn,tel_Telu,Alibaba-NLP/gte-multilingual-base,1.0
dan_Latn,gle_Latn,intfloat/multilingual-e5-large,1.0
dan_Latn,glg_Latn,jinaai/jina-embeddings-v5-text-nano,1.0
dan_Latn,fao_Latn,jinaai/jina-embeddings-v3,1.0
dan_Latn,guj_Gujr,google/embeddinggemma-300m,1.0
dan_Latn,hat_Latn,intfloat/multilingual-e5-large,1.0
azj_Latn,tgl_Latn,intfloat/multilingual-e5-large,1.0
dan_Latn,heb_Hebr,jinaai/jina-embeddings-v5-text-nano,1.0
dan_Latn,hin_Deva,jinaai/jina-embeddings-v5-text-nano,1.0
azj_Latn,tur_Latn,Alibaba-NLP/gte-multilingual-base,1.0
dan_Latn,hne_Deva,intfloat/multilingual-e5-large,1.0
arz_Arab,vie_Latn,jinaai/jina-embeddings-v3,1.0
dan_Latn,eus_Latn,intfloat/multilingual-e5-large,1.0
cat_Latn,hne_Deva,Alibaba-NLP/gte-multilingual-base,1.0
azj_Latn,swe_Latn,Alibaba-NLP/gte-multilingual-base,1.0
cym_Latn,zsm_Latn,jinaai/jina-embeddings-v3,1.0
cat_Latn,hin_Deva,Alibaba-NLP/gte-multilingual-base,1.0
dan_Latn,afr_Latn,jinaai/jina-embeddings-v5-text-nano,1.0
cat_Latn,heb_Hebr,intfloat/multilingual-e5-large,1.0
dan_Latn,als_Latn,jinaai/jina-embeddings-v3,1.0
asm_Beng,ces_Latn,jinaai/jina-embeddings-v3,1.0
dan_Latn,azj_Latn,Alibaba-NLP/gte-multilingual-base,1.0
dan_Latn,cat_Latn,google/embeddinggemma-300m,1.0
azj_Latn,tam_Taml,Alibaba-NLP/gte-multilingual-base,1.0
dan_Latn,ces_Latn,jinaai/jina-embeddings-v5-text-nano,1.0
dan_Latn,deu_Latn,jinaai/jina-embeddings-v5-text-nano,1.0
asm_Beng,ben_Beng,intfloat/multilingual-e5-large,1.0
dan_Latn,ekk_Latn,Alibaba-NLP/gte-multilingual-base,1.0
arz_Arab,zsm_Latn,jinaai/jina-embeddings-v3,1.0
dan_Latn,ell_Grek,jinaai/jina-embeddings-v5-text-nano,1.0
dan_Latn,eng_Latn,jinaai/jina-embeddings-v5-text-nano,1.0
cat_Latn,jpn_Jpan,jinaai/jina-embeddings-v5-text-small,1.0
cat_Latn,kan_Knda,Alibaba-NLP/gte-multilingual-base,1.0
azj_Latn,hin_Deva,Alibaba-NLP/gte-multilingual-base,1.0
cat_Latn,kat_Geor,intfloat/multilingual-e5-large,1.0
azj_Latn,kaz_Cyrl,intfloat/multilingual-e5-large,1.0
azj_Latn,khm_Khmr,jinaai/jina-embeddings-v3,1.0
asm_Beng,ita_Latn,jinaai/jina-embeddings-v3,1.0
asm_Beng,isl_Latn,jinaai/jina-embeddings-v3,1.0
asm_Beng,ind_Latn,jinaai/jina-embeddings-v3,1.0
azj_Latn,lit_Latn,intfloat/multilingual-e5-large,1.0
azj_Latn,lvs_Latn,Alibaba-NLP/gte-multilingual-base,1.0
azj_Latn,mal_Mlym,intfloat/multilingual-e5-large,1.0
azj_Latn,mar_Deva,Alibaba-NLP/gte-multilingual-base,1.0
cym_Latn,dan_Latn,intfloat/multilingual-e5-large,1.0
cym_Latn,deu_Latn,intfloat/multilingual-e5-large,1.0
cym_Latn,ekk_Latn,intfloat/multilingual-e5-large,1.0
cym_Latn,ell_Grek,intfloat/multilingual-e5-large,1.0
azj_Latn,mkd_Cyrl,Alibaba-NLP/gte-multilingual-base,1.0
azj_Latn,mlt_Latn,intfloat/multilingual-e5-large,1.0
cym_Latn,eng_Latn,jinaai/jina-embeddings-v3,1.0
asm_Beng,hin_Deva,intfloat/multilingual-e5-large,1.0
asm_Beng,kan_Knda,intfloat/multilingual-e5-large,1.0
azj_Latn,kat_Geor,intfloat/multilingual-e5-large,1.0
azj_Latn,kan_Knda,Alibaba-NLP/gte-multilingual-base,1.0
azj_Latn,isl_Latn,intfloat/multilingual-e5-large,1.0
azj_Latn,hrv_Latn,Alibaba-NLP/gte-multilingual-base,1.0
asm_Beng,pol_Latn,jinaai/jina-embeddings-v3,1.0
azj_Latn,hun_Latn,intfloat/multilingual-e5-large,1.0
asm_Beng,pan_Guru,intfloat/multilingual-e5-large,1.0
azj_Latn,hye_Armn,Alibaba-NLP/gte-multilingual-base,1.0
asm_Beng,ory_Orya,intfloat/multilingual-e5-large,1.0
azj_Latn,ind_Latn,intfloat/multilingual-e5-large,1.0
asm_Beng,npi_Deva,intfloat/multilingual-e5-large,1.0
asm_Beng,lit_Latn,jinaai/jina-embeddings-v3,1.0
asm_Beng,nld_Latn,jinaai/jina-embeddings-v3,1.0
azj_Latn,ita_Latn,intfloat/multilingual-e5-large,1.0
asm_Beng,mar_Deva,intfloat/multilingual-e5-large,1.0
ckb_Arab,pbt_Arab,intfloat/multilingual-e5-large,1.0
asm_Beng,mal_Mlym,intfloat/multilingual-e5-large,1.0
azj_Latn,jpn_Jpan,intfloat/multilingual-e5-large,1.0
asm_Beng,mai_Deva,intfloat/multilingual-e5-large,1.0
azj_Latn,mya_Mymr,jinaai/jina-embeddings-v3,1.0
cym_Latn,eus_Latn,intfloat/multilingual-e5-large,1.0
azj_Latn,nld_Latn,jinaai/jina-embeddings-v5-text-nano,1.0
asm_Beng,fin_Latn,jinaai/jina-embeddings-v3,1.0
cym_Latn,jav_Latn,intfloat/multilingual-e5-large,1.0
azj_Latn,slv_Latn,intfloat/multilingual-e5-large,1.0
cym_Latn,kan_Knda,intfloat/multilingual-e5-large,1.0
cym_Latn,kat_Geor,intfloat/multilingual-e5-large,1.0
cym_Latn,kaz_Cyrl,intfloat/multilingual-e5-large,1.0
asm_Beng,fra_Latn,jinaai/jina-embeddings-v3,1.0
cym_Latn,khk_Cyrl,jinaai/jina-embeddings-v3,1.0
cat_Latn,lao_Laoo,jinaai/jina-embeddings-v3,1.0
azj_Latn,slk_Latn,Alibaba-NLP/gte-multilingual-base,1.0
cat_Latn,kir_Cyrl,intfloat/multilingual-e5-large,1.0
cat_Latn,khm_Khmr,jinaai/jina-embeddings-v3,1.0
cym_Latn,kir_Cyrl,intfloat/multilingual-e5-large,1.0
cat_Latn,khk_Cyrl,jinaai/jina-embeddings-v3,1.0
cym_Latn,lao_Laoo,jinaai/jina-embeddings-v3,1.0
cat_Latn,kaz_Cyrl,intfloat/multilingual-e5-large,1.0
asm_Beng,eng_Latn,jinaai/jina-embeddings-v3,1.0
cym_Latn,ita_Latn,intfloat/multilingual-e5-large,1.0
cym_Latn,isl_Latn,intfloat/multilingual-e5-large,1.0
cym_Latn,fin_Latn,jinaai/jina-embeddings-v3,1.0
cym_Latn,hat_Latn,intfloat/multilingual-e5-large,1.0
cym_Latn,fra_Latn,intfloat/multilingual-e5-large,1.0
cym_Latn,fry_Latn,jinaai/jina-embeddings-v3,1.0
cym_Latn,gle_Latn,intfloat/multilingual-e5-large,1.0
azj_Latn,pol_Latn,jinaai/jina-embeddings-v5-text-nano,1.0
cym_Latn,glg_Latn,intfloat/multilingual-e5-large,1.0
cym_Latn,guj_Gujr,intfloat/multilingual-e5-large,1.0
azj_Latn,ron_Latn,Alibaba-NLP/gte-multilingual-base,1.0
azj_Latn,rus_Cyrl,Alibaba-NLP/gte-multilingual-base,1.0
cym_Latn,ind_Latn,intfloat/multilingual-e5-large,1.0
cym_Latn,heb_Hebr,intfloat/multilingual-e5-large,1.0
asm_Beng,guj_Gujr,intfloat/multilingual-e5-large,1.0
cym_Latn,hin_Deva,intfloat/multilingual-e5-large,1.0
cym_Latn,hne_Deva,intfloat/multilingual-e5-large,1.0
cym_Latn,hrv_Latn,jinaai/jina-embeddings-v3,1.0
cym_Latn,hun_Latn,intfloat/multilingual-e5-large,1.0
cym_Latn,hye_Armn,intfloat/multilingual-e5-large,1.0
amh_Ethi,tgl_Latn,intfloat/multilingual-e5-large,1.0
ekk_Latn,eus_Latn,jinaai/jina-embeddings-v3,1.0
bul_Cyrl,khm_Khmr,Alibaba-NLP/gte-multilingual-base,1.0
ben_Beng,nld_Latn,jinaai/jina-embeddings-v5-text-nano,1.0
ben_Beng,nno_Latn,jinaai/jina-embeddings-v5-text-nano,1.0
ben_Beng,npi_Deva,google/embeddinggemma-300m,1.0
eng_Latn,swe_Latn,google/embeddinggemma-300m,1.0
afr_Latn,ron_Latn,Alibaba-NLP/gte-multilingual-base,1.0
eng_Latn,szl_Latn,jinaai/jina-embeddings-v3,1.0
ben_Beng,ory_Orya,Alibaba-NLP/gte-multilingual-base,1.0
ben_Beng,pan_Guru,intfloat/multilingual-e5-large,1.0
afr_Latn,pol_Latn,jinaai/jina-embeddings-v5-text-nano,1.0
bos_Latn,eus_Latn,jinaai/jina-embeddings-v3,1.0
afr_Latn,plt_Latn,intfloat/multilingual-e5-large,1.0
afr_Latn,pan_Guru,intfloat/multilingual-e5-large,1.0
afr_Latn,ory_Orya,jinaai/jina-embeddings-v5-text-small,1.0
afr_Latn,nya_Latn,intfloat/multilingual-e5-large,1.0
afr_Latn,npi_Deva,intfloat/multilingual-e5-large,1.0
afr_Latn,nno_Latn,Alibaba-NLP/gte-multilingual-base,1.0
afr_Latn,nld_Latn,jinaai/jina-embeddings-v5-text-nano,1.0
afr_Latn,mya_Mymr,intfloat/multilingual-e5-large,1.0
eng_Latn,srp_Cyrl,google/embeddinggemma-300m,1.0
eng_Latn,spa_Latn,jinaai/jina-embeddings-v5-text-nano,1.0
afr_Latn,kan_Knda,intfloat/multilingual-e5-large,1.0
afr_Latn,rus_Cyrl,jinaai/jina-embeddings-v5-text-nano,1.0
ben_Beng,kir_Cyrl,intfloat/multilingual-e5-large,1.0
eng_Latn,pol_Latn,google/embeddinggemma-300m,1.0
ben_Beng,lao_Laoo,jinaai/jina-embeddings-v3,1.0
ben_Beng,lit_Latn,intfloat/multilingual-e5-large,1.0
ben_Beng,lvs_Latn,jinaai/jina-embeddings-v5-text-nano,1.0
eng_Latn,ron_Latn,jinaai/jina-embeddings-v5-text-nano,1.0
eng_Latn,rus_Cyrl,jinaai/jina-embeddings-v5-text-nano,1.0
ben_Beng,mai_Deva,google/embeddinggemma-300m,1.0
afr_Latn,slv_Latn,Alibaba-NLP/gte-multilingual-base,1.0
ben_Beng,mal_Mlym,google/embeddinggemma-300m,1.0
eng_Latn,slk_Latn,google/embeddinggemma-300m,1.0
eng_Latn,slv_Latn,Alibaba-NLP/gte-multilingual-base,1.0
afr_Latn,slk_Latn,jinaai/jina-embeddings-v5-text-nano,1.0
ben_Beng,mar_Deva,jinaai/jina-embeddings-v5-text-nano,1.0
ben_Beng,mkd_Cyrl,jinaai/jina-embeddings-v5-text-nano,1.0
ben_Beng,mlt_Latn,intfloat/multilingual-e5-large,1.0
eng_Latn,snd_Arab,jinaai/jina-embeddings-v5-text-small,1.0
bos_Latn,eng_Latn,jinaai/jina-embeddings-v5-text-nano,1.0
bos_Latn,ell_Grek,google/embeddinggemma-300m,1.0
bos_Latn,ekk_Latn,intfloat/multilingual-e5-large,1.0
afr_Latn,mlt_Latn,intfloat/multilingual-e5-large,1.0
eng_Latn,ukr_Cyrl,jinaai/jina-embeddings-v5-text-nano,1.0
afr_Latn,lao_Laoo,jinaai/jina-embeddings-v3,1.0
eng_Latn,urd_Arab,jinaai/jina-embeddings-v5-text-nano,1.0
ben_Beng,ron_Latn,jinaai/jina-embeddings-v5-text-nano,1.0
bho_Deva,urd_Arab,jinaai/jina-embeddings-v5-text-nano,1.0
eng_Latn,uzn_Latn,intfloat/multilingual-e5-large,1.0
afr_Latn,kir_Cyrl,intfloat/multilingual-e5-large,1.0
eng_Latn,vie_Latn,google/embeddinggemma-300m,1.0
bho_Deva,tel_Telu,google/embeddinggemma-300m,1.0
bho_Deva,tam_Taml,google/embeddinggemma-300m,1.0
eng_Latn,ydd_Hebr,intfloat/multilingual-e5-large,1.0
afr_Latn,khm_Khmr,Alibaba-NLP/gte-multilingual-base,1.0
afr_Latn,khk_Cyrl,intfloat/multilingual-e5-large,1.0
bho_Deva,sin_Sinh,Alibaba-NLP/gte-multilingual-base,1.0
ben_Beng,rus_Cyrl,jinaai/jina-embeddings-v5-text-nano,1.0
eng_Latn,zsm_Latn,google/embeddinggemma-300m,1.0
afr_Latn,kaz_Cyrl,intfloat/multilingual-e5-large,1.0
ben_Beng,pol_Latn,jinaai/jina-embeddings-v5-text-nano,1.0
bos_Latn,afr_Latn,intfloat/multilingual-e5-large,1.0
bos_Latn,als_Latn,Alibaba-NLP/gte-multilingual-base,1.0
eng_Latn,tel_Telu,google/embeddinggemma-300m,1.0
afr_Latn,mkd_Cyrl,Alibaba-NLP/gte-multilingual-base,1.0
bos_Latn,deu_Latn,google/embeddinggemma-300m,1.0
eng_Latn,tam_Taml,google/embeddinggemma-300m,1.0
afr_Latn,mar_Deva,intfloat/multilingual-e5-large,1.0
bos_Latn,dan_Latn,google/embeddinggemma-300m,1.0
afr_Latn,mal_Mlym,jinaai/jina-embeddings-v3,1.0
bos_Latn,cym_Latn,intfloat/multilingual-e5-large,1.0
bos_Latn,ces_Latn,jinaai/jina-embeddings-v5-text-nano,1.0
eng_Latn,tur_Latn,jinaai/jina-embeddings-v5-text-nano,1.0
eng_Latn,tgl_Latn,Alibaba-NLP/gte-multilingual-base,1.0
eng_Latn,tha_Thai,jinaai/jina-embeddings-v5-text-nano,1.0
afr_Latn,mai_Deva,intfloat/multilingual-e5-large,1.0
ben_Beng,pbt_Arab,jinaai/jina-embeddings-v3,1.0
afr_Latn,lvs_Latn,intfloat/multilingual-e5-large,1.0
afr_Latn,lit_Latn,intfloat/multilingual-e5-large,1.0
bos_Latn,cat_Latn,jinaai/jina-embeddings-v5-text-nano,1.0
eng_Latn,pcm_Latn,jinaai/jina-embeddings-v5-text-nano,1.0
ben_Beng,khm_Khmr,Alibaba-NLP/gte-multilingual-base,1.0
eng_Latn,pbt_Arab,jinaai/jina-embeddings-v3,1.0
eng_Latn,kat_Geor,jinaai/jina-embeddings-v3,1.0
afr_Latn,urd_Arab,google/embeddinggemma-300m,1.0
eng_Latn,hne_Deva,jinaai/jina-embeddings-v5-text-nano,1.0
eng_Latn,hrv_Latn,google/embeddinggemma-300m,1.0
eng_Latn,hun_Latn,Alibaba-NLP/gte-multilingual-base,1.0
bos_Latn,glg_Latn,google/embeddinggemma-300m,1.0
eng_Latn,hye_Armn,jinaai/jina-embeddings-v3,1.0
bos_Latn,gle_Latn,jinaai/jina-embeddings-v3,1.0
bos_Latn,fry_Latn,Alibaba-NLP/gte-multilingual-base,1.0
bos_Latn,fra_Latn,google/embeddinggemma-300m,1.0
eng_Latn,ind_Latn,jinaai/jina-embeddings-v5-text-nano,1.0
ekk_Latn,mya_Mymr,jinaai/jina-embeddings-v3,1.0
eng_Latn,ita_Latn,jinaai/jina-embeddings-v5-text-nano,1.0
ben_Beng,glg_Latn,jinaai/jina-embeddings-v5-text-nano,1.0
bos_Latn,fin_Latn,google/embeddinggemma-300m,1.0
eng_Latn,jpn_Jpan,jinaai/jina-embeddings-v5-text-nano,1.0
ben_Beng,guj_Gujr,jinaai/jina-embeddings-v5-text-nano,1.0
afr_Latn,ukr_Cyrl,jinaai/jina-embeddings-v5-text-nano,1.0
eng_Latn,hin_Deva,google/embeddinggemma-300m,1.0
eng_Latn,heb_Hebr,Alibaba-NLP/gte-multilingual-base,1.0
afr_Latn,uzn_Latn,intfloat/multilingual-e5-large,1.0
als_Latn,swe_Latn,Alibaba-NLP/gte-multilingual-base,1.0
bos_Latn,ind_Latn,jinaai/jina-embeddings-v5-text-nano,1.0
bos_Latn,hun_Latn,jinaai/jina-embeddings-v5-text-nano,1.0
eng_Latn,gle_Latn,intfloat/multilingual-e5-large,1.0
eng_Latn,glg_Latn,jinaai/jina-embeddings-v5-text-nano,1.0
bos_Latn,hrv_Latn,jinaai/jina-embeddings-v5-text-nano,1.0
eng_Latn,guj_Gujr,google/embeddinggemma-300m,1.0
als_Latn,swh_Latn,intfloat/multilingual-e5-large,1.0
bos_Latn,hin_Deva,google/embeddinggemma-300m,1.0
afr_Latn,vie_Latn,Alibaba-NLP/gte-multilingual-base,1.0
als_Latn,srp_Cyrl,intfloat/multilingual-e5-large,1.0
als_Latn,hrv_Latn,intfloat/multilingual-e5-large,1.0
als_Latn,eng_Latn,intfloat/multilingual-e5-large,1.0
bos_Latn,heb_Hebr,jinaai/jina-embeddings-v5-text-nano,1.0
afr_Latn,zsm_Latn,jinaai/jina-embeddings-v5-text-nano,1.0
ben_Beng,gle_Latn,intfloat/multilingual-e5-large,1.0
bos_Latn,guj_Gujr,Alibaba-NLP/gte-multilingual-base,1.0
eng_Latn,kan_Knda,google/embeddinggemma-300m,1.0
eng_Latn,kaz_Cyrl,Alibaba-NLP/gte-multilingual-base,1.0
ben_Beng,khk_Cyrl,intfloat/multilingual-e5-large,1.0
ben_Beng,hat_Latn,intfloat/multilingual-e5-large,1.0
eng_Latn,mkd_Cyrl,jinaai/jina-embeddings-v5-text-nano,1.0
eng_Latn,mlt_Latn,intfloat/multilingual-e5-large,1.0
ben_Beng,ind_Latn,jinaai/jina-embeddings-v5-text-nano,1.0
ben_Beng,isl_Latn,intfloat/multilingual-e5-large,1.0
afr_Latn,srp_Cyrl,jinaai/jina-embeddings-v3,1.0
ben_Beng,ita_Latn,jinaai/jina-embeddings-v5-text-nano,1.0
eng_Latn,nld_Latn,google/embeddinggemma-300m,1.0
eng_Latn,nno_Latn,google/embeddinggemma-300m,1.0
eng_Latn,npi_Deva,google/embeddinggemma-300m,1.0
ben_Beng,jav_Latn,intfloat/multilingual-e5-large,1.0
afr_Latn,spa_Latn,jinaai/jina-embeddings-v5-text-nano,1.0
ben_Beng,jpn_Jpan,jinaai/jina-embeddings-v5-text-nano,1.0
ben_Beng,kan_Knda,intfloat/multilingual-e5-large,1.0
ben_Beng,kat_Geor,intfloat/multilingual-e5-large,1.0
ben_Beng,kaz_Cyrl,intfloat/multilingual-e5-large,1.0
eng_Latn,ory_Orya,Alibaba-NLP/gte-multilingual-base,1.0
eng_Latn,pan_Guru,Alibaba-NLP/gte-multilingual-base,1.0
eng_Latn,mar_Deva,jinaai/jina-embeddings-v5-text-nano,1.0
eng_Latn,mal_Mlym,google/embeddinggemma-300m,1.0
afr_Latn,swe_Latn,google/embeddinggemma-300m,1.0
ben_Beng,hrv_Latn,jinaai/jina-embeddings-v5-text-nano,1.0
eng_Latn,khk_Cyrl,jinaai/jina-embeddings-v3,1.0
ben_Beng,heb_Hebr,Alibaba-NLP/gte-multilingual-base,1.0
afr_Latn,tur_Latn,intfloat/multilingual-e5-large,1.0
eng_Latn,kir_Cyrl,jinaai/jina-embeddings-v3,1.0
ben_Beng,hin_Deva,jinaai/jina-embeddings-v5-text-nano,1.0
ben_Beng,hne_Deva,google/embeddinggemma-300m,1.0
afr_Latn,tsn_Latn,intfloat/multilingual-e5-large,1.0
ben_Beng,hun_Latn,jinaai/jina-embeddings-v3,1.0
ben_Beng,hye_Armn,intfloat/multilingual-e5-large,1.0
afr_Latn,tha_Thai,jinaai/jina-embeddings-v5-text-small,1.0
afr_Latn,tgl_Latn,intfloat/multilingual-e5-large,1.0
eng_Latn,lit_Latn,Alibaba-NLP/gte-multilingual-base,1.0
afr_Latn,tel_Telu,intfloat/multilingual-e5-large,1.0
afr_Latn,tam_Taml,intfloat/multilingual-e5-large,1.0
eng_Latn,lvs_Latn,intfloat/multilingual-e5-large,1.0
eng_Latn,mai_Deva,google/embeddinggemma-300m,1.0
afr_Latn,kat_Geor,intfloat/multilingual-e5-large,1.0
afr_Latn,jpn_Jpan,intfloat/multilingual-e5-large,1.0
eng_Latn,fry_Latn,Alibaba-NLP/gte-multilingual-base,1.0
ben_Beng,tgk_Cyrl,intfloat/multilingual-e5-large,1.0
fao_Latn,hun_Latn,jinaai/jina-embeddings-v3,1.0
fao_Latn,ind_Latn,jinaai/jina-embeddings-v3,1.0
fao_Latn,ita_Latn,jinaai/jina-embeddings-v3,1.0
afr_Latn,ces_Latn,intfloat/multilingual-e5-large,1.0
fao_Latn,jpn_Jpan,jinaai/jina-embeddings-v3,1.0
ben_Beng,slv_Latn,jinaai/jina-embeddings-v5-text-nano,1.0
ben_Beng,tel_Telu,jinaai/jina-embeddings-v5-text-nano,1.0
afr_Latn,ceb_Latn,intfloat/multilingual-e5-large,1.0
fao_Latn,lit_Latn,jinaai/jina-embeddings-v3,1.0
fao_Latn,mkd_Cyrl,jinaai/jina-embeddings-v3,1.0
fao_Latn,nld_Latn,jinaai/jina-embeddings-v3,1.0
fao_Latn,pol_Latn,jinaai/jina-embeddings-v3,1.0
fao_Latn,ron_Latn,jinaai/jina-embeddings-v3,1.0
fao_Latn,rus_Cyrl,jinaai/jina-embeddings-v3,1.0
fao_Latn,slk_Latn,jinaai/jina-embeddings-v3,1.0
fao_Latn,slv_Latn,jinaai/jina-embeddings-v3,1.0
ben_Beng,tam_Taml,jinaai/jina-embeddings-v5-text-nano,1.0
fao_Latn,hrv_Latn,jinaai/jina-embeddings-v3,1.0
fao_Latn,heb_Hebr,jinaai/jina-embeddings-v3,1.0
eus_Latn,als_Latn,intfloat/multilingual-e5-large,1.0
fao_Latn,fra_Latn,Alibaba-NLP/gte-multilingual-base,1.0
eus_Latn,tam_Taml,intfloat/multilingual-e5-large,1.0
ben_Beng,tha_Thai,jinaai/jina-embeddings-v5-text-nano,1.0
afr_Latn,ell_Grek,intfloat/multilingual-e5-large,1.0
afr_Latn,ekk_Latn,intfloat/multilingual-e5-large,1.0
eus_Latn,tel_Telu,jinaai/jina-embeddings-v3,1.0
afr_Latn,deu_Latn,intfloat/multilingual-e5-large,1.0
eus_Latn,tgl_Latn,intfloat/multilingual-e5-large,1.0
eus_Latn,tha_Thai,jinaai/jina-embeddings-v3,1.0
eus_Latn,tur_Latn,intfloat/multilingual-e5-large,1.0
eus_Latn,ukr_Cyrl,intfloat/multilingual-e5-large,1.0
eus_Latn,urd_Arab,intfloat/multilingual-e5-large,1.0
eus_Latn,uzn_Latn,intfloat/multilingual-e5-large,1.0
eus_Latn,vie_Latn,intfloat/multilingual-e5-large,1.0
afr_Latn,dan_Latn,jinaai/jina-embeddings-v5-text-nano,1.0
ben_Beng,tgl_Latn,intfloat/multilingual-e5-large,1.0
eus_Latn,zsm_Latn,intfloat/multilingual-e5-large,1.0
afr_Latn,cym_Latn,intfloat/multilingual-e5-large,1.0
fao_Latn,srp_Cyrl,jinaai/jina-embeddings-v3,1.0
fao_Latn,swe_Latn,Alibaba-NLP/gte-multilingual-base,1.0
fao_Latn,tur_Latn,jinaai/jina-embeddings-v3,1.0
fao_Latn,ukr_Cyrl,jinaai/jina-embeddings-v3,1.0
fin_Latn,eus_Latn,jinaai/jina-embeddings-v3,1.0
fin_Latn,fao_Latn,jinaai/jina-embeddings-v3,1.0
fin_Latn,fra_Latn,google/embeddinggemma-300m,1.0
fin_Latn,fry_Latn,jinaai/jina-embeddings-v3,1.0
fin_Latn,gle_Latn,intfloat/multilingual-e5-large,1.0
fin_Latn,glg_Latn,intfloat/multilingual-e5-large,1.0
afr_Latn,asm_Beng,jinaai/jina-embeddings-v3,1.0
fin_Latn,guj_Gujr,google/embeddinggemma-300m,1.0
fin_Latn,hat_Latn,intfloat/multilingual-e5-large,1.0
ben_Beng,spa_Latn,jinaai/jina-embeddings-v5-text-nano,1.0
fin_Latn,heb_Hebr,Alibaba-NLP/gte-multilingual-base,1.0
fin_Latn,hin_Deva,google/embeddinggemma-300m,1.0
fin_Latn,hne_Deva,jinaai/jina-embeddings-v3,1.0
fin_Latn,hrv_Latn,jinaai/jina-embeddings-v5-text-nano,1.0
fin_Latn,hun_Latn,jinaai/jina-embeddings-v5-text-nano,1.0
ben_Beng,snd_Arab,jinaai/jina-embeddings-v5-text-small,1.0
fin_Latn,hye_Armn,Alibaba-NLP/gte-multilingual-base,1.0
afr_Latn,azj_Latn,intfloat/multilingual-e5-large,1.0
fin_Latn,eng_Latn,google/embeddinggemma-300m,1.0
fin_Latn,ekk_Latn,Alibaba-NLP/gte-multilingual-base,1.0
fin_Latn,bak_Cyrl,intfloat/multilingual-e5-large,1.0
fin_Latn,afr_Latn,intfloat/multilingual-e5-large,1.0
afr_Latn,cat_Latn,google/embeddinggemma-300m,1.0
ben_Beng,swe_Latn,jinaai/jina-embeddings-v5-text-nano,1.0
afr_Latn,bul_Cyrl,google/embeddinggemma-300m,1.0
fin_Latn,als_Latn,intfloat/multilingual-e5-large,1.0
fin_Latn,azj_Latn,Alibaba-NLP/gte-multilingual-base,1.0
afr_Latn,bos_Latn,intfloat/multilingual-e5-large,1.0
fin_Latn,bel_Cyrl,Alibaba-NLP/gte-multilingual-base,1.0
fin_Latn,deu_Latn,google/embeddinggemma-300m,1.0
fin_Latn,cat_Latn,Alibaba-NLP/gte-multilingual-base,1.0
fin_Latn,ces_Latn,google/embeddinggemma-300m,1.0
afr_Latn,ben_Beng,google/embeddinggemma-300m,1.0
fin_Latn,dan_Latn,jinaai/jina-embeddings-v5-text-nano,1.0
ben_Beng,sun_Latn,intfloat/multilingual-e5-large,1.0
afr_Latn,bel_Cyrl,intfloat/multilingual-e5-large,1.0
ben_Beng,srp_Cyrl,jinaai/jina-embeddings-v5-text-nano,1.0
eus_Latn,swh_Latn,intfloat/multilingual-e5-large,1.0
eus_Latn,swe_Latn,intfloat/multilingual-e5-large,1.0
ben_Beng,tur_Latn,jinaai/jina-embeddings-v5-text-nano,1.0
afr_Latn,hat_Latn,intfloat/multilingual-e5-large,1.0
eus_Latn,glg_Latn,intfloat/multilingual-e5-large,1.0
eus_Latn,guj_Gujr,jinaai/jina-embeddings-v3,1.0
bho_Deva,mal_Mlym,google/embeddinggemma-300m,1.0
afr_Latn,hrv_Latn,intfloat/multilingual-e5-large,1.0
bho_Deva,kan_Knda,google/embeddinggemma-300m,1.0
afr_Latn,hin_Deva,intfloat/multilingual-e5-large,1.0
eus_Latn,heb_Hebr,intfloat/multilingual-e5-large,1.0
eus_Latn,hin_Deva,jinaai/jina-embeddings-v3,1.0
eus_Latn,hne_Deva,jinaai/jina-embeddings-v3,1.0
bho_Deva,hin_Deva,google/embeddinggemma-300m,1.0
eus_Latn,hrv_Latn,intfloat/multilingual-e5-large,1.0
eus_Latn,hun_Latn,intfloat/multilingual-e5-large,1.0
eus_Latn,hye_Armn,jinaai/jina-embeddings-v3,1.0
bho_Deva,guj_Gujr,google/embeddinggemma-300m,1.0
eus_Latn,ind_Latn,intfloat/multilingual-e5-large,1.0
eus_Latn,isl_Latn,intfloat/multilingual-e5-large,1.0
bho_Deva,eng_Latn,google/embeddinggemma-300m,1.0
afr_Latn,hun_Latn,jinaai/jina-embeddings-v3,1.0
bho_Deva,mar_Deva,google/embeddinggemma-300m,1.0
eus_Latn,gle_Latn,intfloat/multilingual-e5-large,1.0
afr_Latn,ind_Latn,intfloat/multilingual-e5-large,1.0
eus_Latn,ces_Latn,intfloat/multilingual-e5-large,1.0
afr_Latn,jav_Latn,intfloat/multilingual-e5-large,1.0
eus_Latn,dan_Latn,intfloat/multilingual-e5-large,1.0
bho_Deva,rus_Cyrl,google/embeddinggemma-300m,1.0
afr_Latn,ita_Latn,google/embeddinggemma-300m,1.0
eus_Latn,deu_Latn,intfloat/multilingual-e5-large,1.0
afr_Latn,isl_Latn,intfloat/multilingual-e5-large,1.0
bho_Deva,pan_Guru,intfloat/multilingual-e5-large,1.0
bho_Deva,npi_Deva,google/embeddinggemma-300m,1.0
eus_Latn,ell_Grek,intfloat/multilingual-e5-large,1.0
eus_Latn,eng_Latn,intfloat/multilingual-e5-large,1.0
bho_Deva,ory_Orya,intfloat/multilingual-e5-large,1.0
eus_Latn,fin_Latn,intfloat/multilingual-e5-large,1.0
afr_Latn,hye_Armn,Alibaba-NLP/gte-multilingual-base,1.0
eus_Latn,fra_Latn,intfloat/multilingual-e5-large,1.0
eus_Latn,fry_Latn,jinaai/jina-embeddings-v3,1.0
afr_Latn,heb_Hebr,jinaai/jina-embeddings-v5-text-small,1.0
eus_Latn,ita_Latn,intfloat/multilingual-e5-large,1.0
afr_Latn,eng_Latn,google/embeddinggemma-300m,1.0
eus_Latn,jpn_Jpan,jinaai/jina-embeddings-v3,1.0
ben_Beng,slk_Latn,jinaai/jina-embeddings-v5-text-nano,1.0
eus_Latn,nld_Latn,intfloat/multilingual-e5-large,1.0
eus_Latn,nno_Latn,intfloat/multilingual-e5-large,1.0
eus_Latn,npi_Deva,jinaai/jina-embeddings-v3,1.0
afr_Latn,eus_Latn,Alibaba-NLP/gte-multilingual-base,1.0
eus_Latn,pan_Guru,jinaai/jina-embeddings-v3,1.0
ben_Beng,vie_Latn,jinaai/jina-embeddings-v5-text-nano,1.0
eus_Latn,pol_Latn,intfloat/multilingual-e5-large,1.0
eus_Latn,ron_Latn,intfloat/multilingual-e5-large,1.0
eus_Latn,rus_Cyrl,Alibaba-NLP/gte-multilingual-base,1.0
ben_Beng,uzn_Latn,intfloat/multilingual-e5-large,1.0
ben_Beng,urd_Arab,jinaai/jina-embeddings-v5-text-nano,1.0
ben_Beng,ukr_Cyrl,jinaai/jina-embeddings-v5-text-nano,1.0
eus_Latn,slk_Latn,intfloat/multilingual-e5-large,1.0
eus_Latn,slv_Latn,intfloat/multilingual-e5-large,1.0
eus_Latn,spa_Latn,intfloat/multilingual-e5-large,1.0
eus_Latn,srp_Cyrl,Alibaba-NLP/gte-multilingual-base,1.0
eus_Latn,mya_Mymr,jinaai/jina-embeddings-v3,1.0
eus_Latn,mlt_Latn,intfloat/multilingual-e5-large,1.0
afr_Latn,fin_Latn,google/embeddinggemma-300m,1.0
afr_Latn,gle_Latn,intfloat/multilingual-e5-large,1.0
eus_Latn,kan_Knda,jinaai/jina-embeddings-v3,1.0
afr_Latn,guj_Gujr,intfloat/multilingual-e5-large,1.0
eus_Latn,kat_Geor,jinaai/jina-embeddings-v3,1.0
eus_Latn,kaz_Cyrl,intfloat/multilingual-e5-large,1.0
eus_Latn,khm_Khmr,Alibaba-NLP/gte-multilingual-base,1.0
afr_Latn,glg_Latn,intfloat/multilingual-e5-large,1.0
eus_Latn,lit_Latn,intfloat/multilingual-e5-large,1.0
ben_Beng,zsm_Latn,jinaai/jina-embeddings-v5-text-nano,1.0
eus_Latn,mkd_Cyrl,intfloat/multilingual-e5-large,1.0
eus_Latn,lvs_Latn,intfloat/multilingual-e5-large,1.0
afr_Latn,fry_Latn,Alibaba-NLP/gte-multilingual-base,1.0
eus_Latn,mal_Mlym,intfloat/multilingual-e5-large,1.0
ben_Beng,sin_Sinh,intfloat/multilingual-e5-large,1.0
eus_Latn,mar_Deva,intfloat/multilingual-e5-large,1.0
ben_Beng,xho_Latn,intfloat/multilingual-e5-large,1.0
afr_Latn,fra_Latn,intfloat/multilingual-e5-large,1.0
als_Latn,tam_Taml,intfloat/multilingual-e5-large,1.0
eng_Latn,isl_Latn,intfloat/multilingual-e5-large,1.0
eng_Latn,fra_Latn,jinaai/jina-embeddings-v5-text-nano,1.0
ell_Grek,hne_Deva,Alibaba-NLP/gte-multilingual-base,1.0
ell_Grek,kaz_Cyrl,jinaai/jina-embeddings-v3,1.0
bul_Cyrl,cat_Latn,google/embeddinggemma-300m,1.0
ell_Grek,khk_Cyrl,jinaai/jina-embeddings-v3,1.0
amh_Ethi,mkd_Cyrl,jinaai/jina-embeddings-v3,1.0
bel_Cyrl,nld_Latn,Alibaba-NLP/gte-multilingual-base,1.0
amh_Ethi,mar_Deva,jinaai/jina-embeddings-v3,1.0
ell_Grek,kir_Cyrl,jinaai/jina-embeddings-v3,1.0
bul_Cyrl,bos_Latn,jinaai/jina-embeddings-v5-text-nano,1.0
ell_Grek,lao_Laoo,jinaai/jina-embeddings-v3,1.0
bul_Cyrl,ben_Beng,google/embeddinggemma-300m,1.0
ell_Grek,lit_Latn,intfloat/multilingual-e5-large,1.0
bul_Cyrl,bel_Cyrl,Alibaba-NLP/gte-multilingual-base,1.0
ell_Grek,lvs_Latn,jinaai/jina-embeddings-v5-text-nano,1.0
amh_Ethi,lvs_Latn,jinaai/jina-embeddings-v3,1.0
ell_Grek,mal_Mlym,jinaai/jina-embeddings-v3,1.0
ell_Grek,mar_Deva,google/embeddinggemma-300m,1.0
ell_Grek,mkd_Cyrl,jinaai/jina-embeddings-v5-text-nano,1.0
bul_Cyrl,ceb_Latn,intfloat/multilingual-e5-large,1.0
ell_Grek,kat_Geor,jinaai/jina-embeddings-v3,1.0
ell_Grek,kan_Knda,google/embeddinggemma-300m,1.0
bel_Cyrl,mlt_Latn,intfloat/multilingual-e5-large,1.0
bul_Cyrl,eng_Latn,google/embeddinggemma-300m,1.0
amh_Ethi,npi_Deva,jinaai/jina-embeddings-v3,1.0
ell_Grek,hun_Latn,google/embeddinggemma-300m,1.0
ell_Grek,hye_Armn,jinaai/jina-embeddings-v3,1.0
bul_Cyrl,ell_Grek,jinaai/jina-embeddings-v5-text-nano,1.0
bul_Cyrl,ekk_Latn,Alibaba-NLP/gte-multilingual-base,1.0
amh_Ethi,nld_Latn,jinaai/jina-embeddings-v3,1.0
bul_Cyrl,deu_Latn,google/embeddinggemma-300m,1.0
ell_Grek,jpn_Jpan,google/embeddinggemma-300m,1.0
ell_Grek,ind_Latn,jinaai/jina-embeddings-v5-text-nano,1.0
ell_Grek,isl_Latn,intfloat/multilingual-e5-large,1.0
ell_Grek,ita_Latn,jinaai/jina-embeddings-v5-text-nano,1.0
bul_Cyrl,dan_Latn,jinaai/jina-embeddings-v5-text-nano,1.0
bul_Cyrl,cym_Latn,intfloat/multilingual-e5-large,1.0
bel_Cyrl,mya_Mymr,jinaai/jina-embeddings-v3,1.0
bul_Cyrl,ces_Latn,jinaai/jina-embeddings-v5-text-nano,1.0
bul_Cyrl,azj_Latn,intfloat/multilingual-e5-large,1.0
bul_Cyrl,als_Latn,Alibaba-NLP/gte-multilingual-base,1.0
bul_Cyrl,afr_Latn,jinaai/jina-embeddings-v5-text-nano,1.0
amh_Ethi,ind_Latn,jinaai/jina-embeddings-v3,1.0
amh_Ethi,kaz_Cyrl,jinaai/jina-embeddings-v3,1.0
amh_Ethi,kat_Geor,intfloat/multilingual-e5-large,1.0
bel_Cyrl,tam_Taml,intfloat/multilingual-e5-large,1.0
amh_Ethi,kan_Knda,intfloat/multilingual-e5-large,1.0
amh_Ethi,jav_Latn,intfloat/multilingual-e5-large,1.0
amh_Ethi,ita_Latn,Alibaba-NLP/gte-multilingual-base,1.0
amh_Ethi,isl_Latn,intfloat/multilingual-e5-large,1.0
amh_Ethi,hye_Armn,jinaai/jina-embeddings-v3,1.0
bel_Cyrl,srp_Cyrl,intfloat/multilingual-e5-large,1.0
bel_Cyrl,tgl_Latn,intfloat/multilingual-e5-large,1.0
bel_Cyrl,tha_Thai,intfloat/multilingual-e5-large,1.0
bel_Cyrl,tur_Latn,intfloat/multilingual-e5-large,1.0
bel_Cyrl,ukr_Cyrl,Alibaba-NLP/gte-multilingual-base,1.0
amh_Ethi,hat_Latn,intfloat/multilingual-e5-large,1.0
amh_Ethi,guj_Gujr,intfloat/multilingual-e5-large,1.0
bel_Cyrl,urd_Arab,intfloat/multilingual-e5-large,1.0
bel_Cyrl,swe_Latn,Alibaba-NLP/gte-multilingual-base,1.0
bel_Cyrl,spa_Latn,intfloat/multilingual-e5-large,1.0
bel_Cyrl,nno_Latn,Alibaba-NLP/gte-multilingual-base,1.0
ell_Grek,pbt_Arab,jinaai/jina-embeddings-v3,1.0
bel_Cyrl,npi_Deva,Alibaba-NLP/gte-multilingual-base,1.0
ell_Grek,mya_Mymr,jinaai/jina-embeddings-v3,1.0
ell_Grek,nld_Latn,jinaai/jina-embeddings-v5-text-nano,1.0
ell_Grek,nno_Latn,jinaai/jina-embeddings-v5-text-nano,1.0
bel_Cyrl,pan_Guru,Alibaba-NLP/gte-multilingual-base,1.0
bel_Cyrl,pbt_Arab,intfloat/multilingual-e5-large,1.0
ell_Grek,pan_Guru,Alibaba-NLP/gte-multilingual-base,1.0
bel_Cyrl,pol_Latn,Alibaba-NLP/gte-multilingual-base,1.0
amh_Ethi,kir_Cyrl,jinaai/jina-embeddings-v3,1.0
bel_Cyrl,ron_Latn,intfloat/multilingual-e5-large,1.0
eng_Latn,fin_Latn,google/embeddinggemma-300m,1.0
bel_Cyrl,sin_Sinh,Alibaba-NLP/gte-multilingual-base,1.0
bel_Cyrl,slk_Latn,Alibaba-NLP/gte-multilingual-base,1.0
bel_Cyrl,slv_Latn,intfloat/multilingual-e5-large,1.0
ell_Grek,pol_Latn,jinaai/jina-embeddings-v5-text-nano,1.0
bel_Cyrl,snd_Arab,jinaai/jina-embeddings-v3,1.0
ell_Grek,hrv_Latn,google/embeddinggemma-300m,1.0
amh_Ethi,nso_Latn,intfloat/multilingual-e5-large,1.0
amh_Ethi,glg_Latn,intfloat/multilingual-e5-large,1.0
ell_Grek,hin_Deva,google/embeddinggemma-300m,1.0
ekk_Latn,srp_Cyrl,Alibaba-NLP/gte-multilingual-base,1.0
bel_Cyrl,lit_Latn,Alibaba-NLP/gte-multilingual-base,1.0
ekk_Latn,swe_Latn,Alibaba-NLP/gte-multilingual-base,1.0
bel_Cyrl,lvs_Latn,Alibaba-NLP/gte-multilingual-base,1.0
bul_Cyrl,hye_Armn,Alibaba-NLP/gte-multilingual-base,1.0
ekk_Latn,tam_Taml,Alibaba-NLP/gte-multilingual-base,1.0
ekk_Latn,tel_Telu,Alibaba-NLP/gte-multilingual-base,1.0
amh_Ethi,swh_Latn,intfloat/multilingual-e5-large,1.0
amh_Ethi,swe_Latn,jinaai/jina-embeddings-v3,1.0
bul_Cyrl,hun_Latn,jinaai/jina-embeddings-v5-text-nano,1.0
ekk_Latn,tgl_Latn,jinaai/jina-embeddings-v3,1.0
ekk_Latn,tur_Latn,Alibaba-NLP/gte-multilingual-base,1.0
ekk_Latn,ukr_Cyrl,Alibaba-NLP/gte-multilingual-base,1.0
ekk_Latn,urd_Arab,intfloat/multilingual-e5-large,1.0
ekk_Latn,uzn_Latn,intfloat/multilingual-e5-large,1.0
bul_Cyrl,hrv_Latn,jinaai/jina-embeddings-v5-text-nano,1.0
ekk_Latn,vie_Latn,Alibaba-NLP/gte-multilingual-base,1.0
bul_Cyrl,ind_Latn,google/embeddinggemma-300m,1.0
ekk_Latn,spa_Latn,Alibaba-NLP/gte-multilingual-base,1.0
amh_Ethi,tam_Taml,jinaai/jina-embeddings-v3,1.0
bul_Cyrl,kat_Geor,Alibaba-NLP/gte-multilingual-base,1.0
ekk_Latn,nld_Latn,Alibaba-NLP/gte-multilingual-base,1.0
ekk_Latn,nno_Latn,intfloat/multilingual-e5-large,1.0
ekk_Latn,npi_Deva,jinaai/jina-embeddings-v3,1.0
bul_Cyrl,khk_Cyrl,jinaai/jina-embeddings-v3,1.0
bul_Cyrl,kaz_Cyrl,Alibaba-NLP/gte-multilingual-base,1.0
ekk_Latn,pan_Guru,jinaai/jina-embeddings-v3,1.0
ekk_Latn,pbt_Arab,jinaai/jina-embeddings-v3,1.0
bul_Cyrl,kan_Knda,google/embeddinggemma-300m,1.0
ekk_Latn,slv_Latn,intfloat/multilingual-e5-large,1.0
ekk_Latn,pol_Latn,intfloat/multilingual-e5-large,1.0
bul_Cyrl,jpn_Jpan,jinaai/jina-embeddings-v5-text-nano,1.0
ekk_Latn,ron_Latn,Alibaba-NLP/gte-multilingual-base,1.0
bul_Cyrl,ita_Latn,google/embeddinggemma-300m,1.0
ekk_Latn,rus_Cyrl,intfloat/multilingual-e5-large,1.0
bul_Cyrl,isl_Latn,Alibaba-NLP/gte-multilingual-base,1.0
ekk_Latn,slk_Latn,Alibaba-NLP/gte-multilingual-base,1.0
bul_Cyrl,hne_Deva,google/embeddinggemma-300m,1.0
bul_Cyrl,hin_Deva,jinaai/jina-embeddings-v5-text-nano,1.0
amh_Ethi,spa_Latn,jinaai/jina-embeddings-v3,1.0
bel_Cyrl,mkd_Cyrl,Alibaba-NLP/gte-multilingual-base,1.0
ell_Grek,fin_Latn,jinaai/jina-embeddings-v5-text-nano,1.0
bul_Cyrl,glg_Latn,google/embeddinggemma-300m,1.0
ell_Grek,fra_Latn,jinaai/jina-embeddings-v5-text-nano,1.0
ell_Grek,fry_Latn,Alibaba-NLP/gte-multilingual-base,1.0
bul_Cyrl,gle_Latn,jinaai/jina-embeddings-v3,1.0
ell_Grek,gle_Latn,jinaai/jina-embeddings-v3,1.0
ell_Grek,glg_Latn,jinaai/jina-embeddings-v5-text-nano,1.0
bul_Cyrl,fry_Latn,Alibaba-NLP/gte-multilingual-base,1.0
ell_Grek,fao_Latn,jinaai/jina-embeddings-v3,1.0
amh_Ethi,pbt_Arab,intfloat/multilingual-e5-large,1.0
ell_Grek,guj_Gujr,google/embeddinggemma-300m,1.0
bul_Cyrl,fra_Latn,jinaai/jina-embeddings-v5-text-nano,1.0
bul_Cyrl,fin_Latn,jinaai/jina-embeddings-v5-text-nano,1.0
bul_Cyrl,eus_Latn,jinaai/jina-embeddings-v3,1.0
ell_Grek,heb_Hebr,google/embeddinggemma-300m,1.0
amh_Ethi,nya_Latn,intfloat/multilingual-e5-large,1.0
amh_Ethi,rus_Cyrl,jinaai/jina-embeddings-v3,1.0
ell_Grek,eus_Latn,jinaai/jina-embeddings-v3,1.0
amh_Ethi,sot_Latn,intfloat/multilingual-e5-large,1.0
ell_Grek,cat_Latn,Alibaba-NLP/gte-multilingual-base,1.0
ekk_Latn,zsm_Latn,intfloat/multilingual-e5-large,1.0
ell_Grek,afr_Latn,jinaai/jina-embeddings-v3,1.0
ell_Grek,als_Latn,intfloat/multilingual-e5-large,1.0
ell_Grek,azj_Latn,intfloat/multilingual-e5-large,1.0
bul_Cyrl,heb_Hebr,google/embeddinggemma-300m,1.0
bel_Cyrl,mal_Mlym,intfloat/multilingual-e5-large,1.0
ell_Grek,bel_Cyrl,intfloat/multilingual-e5-large,1.0
amh_Ethi,slv_Latn,jinaai/jina-embeddings-v3,1.0
ell_Grek,eng_Latn,jinaai/jina-embeddings-v5-text-nano,1.0
amh_Ethi,slk_Latn,jinaai/jina-embeddings-v3,1.0
ell_Grek,ces_Latn,jinaai/jina-embeddings-v5-text-nano,1.0
bel_Cyrl,mar_Deva,intfloat/multilingual-e5-large,1.0
ell_Grek,dan_Latn,jinaai/jina-embeddings-v5-text-nano,1.0
ell_Grek,deu_Latn,jinaai/jina-embeddings-v5-text-nano,1.0
bul_Cyrl,guj_Gujr,google/embeddinggemma-300m,1.0
ell_Grek,ekk_Latn,Alibaba-NLP/gte-multilingual-base,1.0
bel_Cyrl,uzn_Latn,intfloat/multilingual-e5-large,1.0
bel_Cyrl,rus_Cyrl,Alibaba-NLP/gte-multilingual-base,1.0
als_Latn,vie_Latn,intfloat/multilingual-e5-large,1.0
ben_Beng,fry_Latn,jinaai/jina-embeddings-v3,1.0
bos_Latn,mya_Mymr,jinaai/jina-embeddings-v3,1.0
ell_Grek,srp_Cyrl,jinaai/jina-embeddings-v5-text-nano,1.0
bos_Latn,mkd_Cyrl,google/embeddinggemma-300m,1.0
ell_Grek,swe_Latn,jinaai/jina-embeddings-v5-text-nano,1.0
ell_Grek,swh_Latn,intfloat/multilingual-e5-large,1.0
ell_Grek,tam_Taml,google/embeddinggemma-300m,1.0
als_Latn,uzn_Latn,intfloat/multilingual-e5-large,1.0
bos_Latn,mar_Deva,Alibaba-NLP/gte-multilingual-base,1.0
als_Latn,urd_Arab,intfloat/multilingual-e5-large,1.0
bos_Latn,mal_Mlym,intfloat/multilingual-e5-large,1.0
ell_Grek,tel_Telu,jinaai/jina-embeddings-v3,1.0
bos_Latn,lvs_Latn,Alibaba-NLP/gte-multilingual-base,1.0
bos_Latn,lit_Latn,Alibaba-NLP/gte-multilingual-base,1.0
ben_Beng,fin_Latn,jinaai/jina-embeddings-v5-text-nano,1.0
ben_Beng,fra_Latn,jinaai/jina-embeddings-v5-text-nano,1.0
als_Latn,xho_Latn,intfloat/multilingual-e5-large,1.0
bos_Latn,nld_Latn,Alibaba-NLP/gte-multilingual-base,1.0
bos_Latn,nno_Latn,Alibaba-NLP/gte-multilingual-base,1.0
bos_Latn,slv_Latn,jinaai/jina-embeddings-v5-text-nano,1.0
bos_Latn,tam_Taml,google/embeddinggemma-300m,1.0
bos_Latn,swe_Latn,google/embeddinggemma-300m,1.0
bos_Latn,srp_Cyrl,jinaai/jina-embeddings-v5-text-nano,1.0
amh_Ethi,bel_Cyrl,jinaai/jina-embeddings-v3,1.0
ell_Grek,snd_Arab,jinaai/jina-embeddings-v5-text-small,1.0
bos_Latn,spa_Latn,google/embeddinggemma-300m,1.0
ell_Grek,spa_Latn,jinaai/jina-embeddings-v5-text-nano,1.0
bos_Latn,pan_Guru,Alibaba-NLP/gte-multilingual-base,1.0
bos_Latn,slk_Latn,jinaai/jina-embeddings-v5-text-nano,1.0
amh_Ethi,azj_Latn,jinaai/jina-embeddings-v3,1.0
bos_Latn,sin_Sinh,Alibaba-NLP/gte-multilingual-base,1.0
bos_Latn,rus_Cyrl,jinaai/jina-embeddings-v5-text-nano,1.0
bos_Latn,ron_Latn,jinaai/jina-embeddings-v5-text-nano,1.0
bos_Latn,pol_Latn,jinaai/jina-embeddings-v5-text-nano,1.0
ell_Grek,tgl_Latn,jinaai/jina-embeddings-v3,1.0
ell_Grek,tha_Thai,google/embeddinggemma-300m,1.0
amh_Ethi,ben_Beng,intfloat/multilingual-e5-large,1.0
ell_Grek,tur_Latn,jinaai/jina-embeddings-v5-text-nano,1.0
ben_Beng,gla_Latn,intfloat/multilingual-e5-large,1.0
eng_Latn,bul_Cyrl,Alibaba-NLP/gte-multilingual-base,1.0
eng_Latn,cat_Latn,google/embeddinggemma-300m,1.0
eng_Latn,ceb_Latn,intfloat/multilingual-e5-large,1.0
eng_Latn,ces_Latn,google/embeddinggemma-300m,1.0
als_Latn,tel_Telu,jinaai/jina-embeddings-v3,1.0
eng_Latn,cym_Latn,intfloat/multilingual-e5-large,1.0
eng_Latn,dan_Latn,google/embeddinggemma-300m,1.0
bos_Latn,ita_Latn,jinaai/jina-embeddings-v5-text-nano,1.0
bos_Latn,isl_Latn,Alibaba-NLP/gte-multilingual-base,1.0
eng_Latn,deu_Latn,jinaai/jina-embeddings-v5-text-nano,1.0
eng_Latn,ekk_Latn,Alibaba-NLP/gte-multilingual-base,1.0
eng_Latn,ell_Grek,google/embeddinggemma-300m,1.0
eng_Latn,eus_Latn,Alibaba-NLP/gte-multilingual-base,1.0
eng_Latn,fao_Latn,jinaai/jina-embeddings-v3,1.0
eng_Latn,bho_Deva,google/embeddinggemma-300m,1.0
eng_Latn,ben_Beng,jinaai/jina-embeddings-v5-text-nano,1.0
eng_Latn,bel_Cyrl,google/embeddinggemma-300m,1.0
ell_Grek,zsm_Latn,jinaai/jina-embeddings-v5-text-nano,1.0
ell_Grek,ukr_Cyrl,jinaai/jina-embeddings-v5-text-nano,1.0
ell_Grek,urd_Arab,google/embeddinggemma-300m,1.0
bos_Latn,kaz_Cyrl,intfloat/multilingual-e5-large,1.0
ell_Grek,vie_Latn,jinaai/jina-embeddings-v5-text-nano,1.0
bos_Latn,kat_Geor,jinaai/jina-embeddings-v3,1.0
bos_Latn,kan_Knda,jinaai/jina-embeddings-v3,1.0
als_Latn,ukr_Cyrl,Alibaba-NLP/gte-multilingual-base,1.0
als_Latn,tgl_Latn,Alibaba-NLP/gte-multilingual-base,1.0
eng_Latn,afr_Latn,google/embeddinggemma-300m,1.0
eng_Latn,als_Latn,jinaai/jina-embeddings-v3,1.0
eng_Latn,arz_Arab,jinaai/jina-embeddings-v5-text-nano,1.0
als_Latn,tur_Latn,intfloat/multilingual-e5-large,1.0
bos_Latn,jpn_Jpan,google/embeddinggemma-300m,1.0
eng_Latn,azj_Latn,intfloat/multilingual-e5-large,1.0
bos_Latn,tel_Telu,Alibaba-NLP/gte-multilingual-base,1.0
ceb_Latn,dan_Latn,intfloat/multilingual-e5-large,1.0
ell_Grek,rus_Cyrl,jinaai/jina-embeddings-v5-text-nano,1.0
ben_Beng,cat_Latn,Qwen/Qwen3-Embedding-0.6B,1.0
ben_Beng,ell_Grek,jinaai/jina-embeddings-v5-text-nano,1.0
ben_Beng,cym_Latn,intfloat/multilingual-e5-large,1.0
bos_Latn,uzn_Latn,intfloat/multilingual-e5-large,1.0
ben_Beng,ceb_Latn,intfloat/multilingual-e5-large,1.0
ben_Beng,eus_Latn,intfloat/multilingual-e5-large,1.0
amh_Ethi,eng_Latn,intfloat/multilingual-e5-large,1.0
ben_Beng,ces_Latn,jinaai/jina-embeddings-v5-text-nano,1.0
bos_Latn,vie_Latn,jinaai/jina-embeddings-v5-text-nano,1.0
amh_Ethi,ekk_Latn,jinaai/jina-embeddings-v3,1.0
amh_Ethi,deu_Latn,jinaai/jina-embeddings-v3,1.0
bos_Latn,zsm_Latn,Alibaba-NLP/gte-multilingual-base,1.0
ben_Beng,bos_Latn,google/embeddinggemma-300m,1.0
ben_Beng,eng_Latn,jinaai/jina-embeddings-v5-text-nano,1.0
ben_Beng,afr_Latn,jinaai/jina-embeddings-v3,1.0
ell_Grek,ron_Latn,jinaai/jina-embeddings-v5-text-nano,1.0
ben_Beng,ekk_Latn,intfloat/multilingual-e5-large,1.0
bos_Latn,tgl_Latn,jinaai/jina-embeddings-v3,1.0
amh_Ethi,eus_Latn,jinaai/jina-embeddings-v3,1.0
ben_Beng,als_Latn,jinaai/jina-embeddings-v3,1.0
ben_Beng,dan_Latn,jinaai/jina-embeddings-v5-text-nano,1.0
bos_Latn,tha_Thai,jinaai/jina-embeddings-v5-text-nano,1.0
bos_Latn,tur_Latn,google/embeddinggemma-300m,1.0
ell_Grek,slv_Latn,jinaai/jina-embeddings-v5-text-nano,1.0
ell_Grek,slk_Latn,jinaai/jina-embeddings-v5-text-nano,1.0
bel_Cyrl,vie_Latn,Alibaba-NLP/gte-multilingual-base,1.0
ben_Beng,bho_Deva,jinaai/jina-embeddings-v5-text-nano,1.0
amh_Ethi,dan_Latn,intfloat/multilingual-e5-large,1.0
bel_Cyrl,zsm_Latn,Alibaba-NLP/gte-multilingual-base,1.0
bos_Latn,ukr_Cyrl,jinaai/jina-embeddings-v5-text-nano,1.0
ben_Beng,deu_Latn,google/embeddinggemma-300m,1.0
amh_Ethi,cym_Latn,intfloat/multilingual-e5-large,1.0
bos_Latn,urd_Arab,Alibaba-NLP/gte-multilingual-base,1.0
bel_Cyrl,sun_Latn,intfloat/multilingual-e5-large,0.9974747474747476
azj_Latn,sin_Sinh,jinaai/jina-embeddings-v3,0.9974747474747476
sin_Sinh,tam_Taml,Alibaba-NLP/gte-multilingual-base,0.9974747474747476
ben_Beng,swh_Latn,jinaai/jina-embeddings-v3,0.9974747474747476
lvs_Latn,nya_Latn,intfloat/multilingual-e5-large,0.9974747474747476
lao_Laoo,vie_Latn,jinaai/jina-embeddings-v3,0.9974747474747476
khm_Khmr,rus_Cyrl,jinaai/jina-embeddings-v3,0.9974747474747476
kmr_Latn,slv_Latn,jinaai/jina-embeddings-v3,0.9974747474747476
ben_Beng,tat_Cyrl,intfloat/multilingual-e5-large,0.9974747474747476
pan_Guru,slv_Latn,intfloat/multilingual-e5-large,0.9974747474747476
kmr_Latn,pbt_Arab,intfloat/multilingual-e5-large,0.9974747474747476
khk_Cyrl,pol_Latn,jinaai/jina-embeddings-v3,0.9974747474747476
kmr_Latn,pol_Latn,intfloat/multilingual-e5-large,0.9974747474747476
sin_Sinh,swh_Latn,intfloat/multilingual-e5-large,0.9974747474747476
plt_Latn,xho_Latn,intfloat/multilingual-e5-large,0.9974747474747476
kmr_Latn,ron_Latn,intfloat/multilingual-e5-large,0.9974747474747476
plt_Latn,war_Latn,intfloat/multilingual-e5-large,0.9974747474747476
nno_Latn,xho_Latn,intfloat/multilingual-e5-large,0.9974747474747476
bak_Cyrl,heb_Hebr,intfloat/multilingual-e5-large,0.9974747474747476
lao_Laoo,tgl_Latn,jinaai/jina-embeddings-v3,0.9974747474747476
mya_Mymr,npi_Deva,jinaai/jina-embeddings-v3,0.9974747474747476
azj_Latn,xho_Latn,intfloat/multilingual-e5-large,0.9974747474747476
lim_Latn,fin_Latn,Alibaba-NLP/gte-multilingual-base,0.9974747474747476
khk_Cyrl,mar_Deva,jinaai/jina-embeddings-v3,0.9974747474747476
ron_Latn,swh_Latn,Alibaba-NLP/gte-multilingual-base,0.9974747474747476
mkd_Cyrl,snd_Arab,jinaai/jina-embeddings-v3,0.9974747474747476
plt_Latn,sin_Sinh,intfloat/multilingual-e5-large,0.9974747474747476
nso_Latn,sna_Latn,intfloat/multilingual-e5-large,0.9974747474747476
pbt_Arab,tha_Thai,jinaai/jina-embeddings-v3,0.9974747474747476
bel_Cyrl,xho_Latn,intfloat/multilingual-e5-large,0.9974747474747476
lao_Laoo,nld_Latn,Alibaba-NLP/gte-multilingual-base,0.9974747474747476
kaz_Cyrl,sin_Sinh,jinaai/jina-embeddings-v3,0.9974747474747476
bel_Cyrl,zul_Latn,intfloat/multilingual-e5-large,0.9974747474747476
rus_Cyrl,sin_Sinh,jinaai/jina-embeddings-v3,0.9974747474747476
ben_Beng,som_Latn,intfloat/multilingual-e5-large,0.9974747474747476
bel_Cyrl,kmr_Latn,intfloat/multilingual-e5-large,0.9974747474747476
nld_Latn,pbt_Arab,intfloat/multilingual-e5-large,0.9974747474747476
mkd_Cyrl,tel_Telu,intfloat/multilingual-e5-large,0.9974747474747476
mya_Mymr,sin_Sinh,jinaai/jina-embeddings-v3,0.9974747474747476
lvs_Latn,khk_Cyrl,jinaai/jina-embeddings-v3,0.9974747474747476
plt_Latn,als_Latn,intfloat/multilingual-e5-large,0.9974747474747476
mya_Mymr,tel_Telu,jinaai/jina-embeddings-v3,0.9974747474747476
bel_Cyrl,tgk_Cyrl,intfloat/multilingual-e5-large,0.9974747474747476
mar_Deva,sna_Latn,intfloat/multilingual-e5-large,0.9974747474747476
nso_Latn,nya_Latn,intfloat/multilingual-e5-large,0.9974747474747476
kaz_Cyrl,som_Latn,intfloat/multilingual-e5-large,0.9974747474747476
lao_Laoo,sin_Sinh,intfloat/multilingual-e5-large,0.9974747474747476
kmr_Latn,xho_Latn,intfloat/multilingual-e5-large,0.9974747474747476
kaz_Cyrl,swh_Latn,Alibaba-NLP/gte-multilingual-base,0.9974747474747476
bel_Cyrl,tel_Telu,jinaai/jina-embeddings-v3,0.9974747474747476
mya_Mymr,tur_Latn,jinaai/jina-embeddings-v3,0.9974747474747476
lim_Latn,lvs_Latn,Alibaba-NLP/gte-multilingual-base,0.9974747474747476
plt_Latn,mya_Mymr,intfloat/multilingual-e5-large,0.9974747474747476
cat_Latn,tgk_Cyrl,intfloat/multilingual-e5-large,0.9974747474747476
lao_Laoo,tam_Taml,jinaai/jina-embeddings-v3,0.9974747474747476
nld_Latn,nso_Latn,intfloat/multilingual-e5-large,0.9974747474747476
plt_Latn,ron_Latn,intfloat/multilingual-e5-large,0.9974747474747476
kaz_Cyrl,uzn_Latn,intfloat/multilingual-e5-large,0.9974747474747476
ron_Latn,snd_Arab,Alibaba-NLP/gte-multilingual-base,0.9974747474747476
khk_Cyrl,slk_Latn,jinaai/jina-embeddings-v3,0.9974747474747476
mkd_Cyrl,sin_Sinh,jinaai/jina-embeddings-v3,0.9974747474747476
kir_Cyrl,tha_Thai,jinaai/jina-embeddings-v3,0.9974747474747476
pol_Latn,sin_Sinh,Alibaba-NLP/gte-multilingual-base,0.9974747474747476
khk_Cyrl,vie_Latn,jinaai/jina-embeddings-v3,0.9974747474747476
bos_Latn,xho_Latn,Alibaba-NLP/gte-multilingual-base,0.9974747474747476
khm_Khmr,tha_Thai,Alibaba-NLP/gte-multilingual-base,0.9974747474747476
lin_Latn,tsn_Latn,intfloat/multilingual-e5-large,0.9974747474747476
lit_Latn,tel_Telu,jinaai/jina-embeddings-v3,0.9974747474747476
bel_Cyrl,nya_Latn,intfloat/multilingual-e5-large,0.9974747474747476
khm_Khmr,kan_Knda,jinaai/jina-embeddings-v3,0.9974747474747476
bul_Cyrl,roh_Latn,Alibaba-NLP/gte-multilingual-base,0.9974747474747476
cat_Latn,sin_Sinh,jinaai/jina-embeddings-v3,0.9974747474747476
khk_Cyrl,tha_Thai,jinaai/jina-embeddings-v3,0.9974747474747476
khk_Cyrl,tgl_Latn,jinaai/jina-embeddings-v3,0.9974747474747476
kir_Cyrl,uig_Arab,jinaai/jina-embeddings-v3,0.9974747474747476
nya_Latn,urd_Arab,intfloat/multilingual-e5-large,0.9974747474747476
khm_Khmr,ind_Latn,jinaai/jina-embeddings-v3,0.9974747474747476
lin_Latn,twi_Latn,intfloat/multilingual-e5-large,0.9974747474747476
khm_Khmr,ukr_Cyrl,jinaai/jina-embeddings-v3,0.9974747474747476
bul_Cyrl,bak_Cyrl,intfloat/multilingual-e5-large,0.9974747474747476
mai_Deva,tam_Taml,google/embeddinggemma-300m,0.9974747474747476
khm_Khmr,nya_Latn,intfloat/multilingual-e5-large,0.9974747474747476
khm_Khmr,som_Latn,intfloat/multilingual-e5-large,0.9974747474747476
ben_Beng,zul_Latn,intfloat/multilingual-e5-large,0.9974747474747476
ben_Beng,kmr_Latn,intfloat/multilingual-e5-large,0.9974747474747476
cat_Latn,nya_Latn,intfloat/multilingual-e5-large,0.9974747474747476
nld_Latn,zul_Latn,Alibaba-NLP/gte-multilingual-base,0.9974747474747476
khm_Khmr,kir_Cyrl,intfloat/multilingual-e5-large,0.9974747474747476
khm_Khmr,mar_Deva,Alibaba-NLP/gte-multilingual-base,0.9974747474747476
nld_Latn,xho_Latn,Alibaba-NLP/gte-multilingual-base,0.9974747474747476
khm_Khmr,mal_Mlym,jinaai/jina-embeddings-v3,0.9974747474747476
ben_Beng,mya_Mymr,intfloat/multilingual-e5-large,0.9974747474747476
khm_Khmr,tel_Telu,jinaai/jina-embeddings-v3,0.9974747474747476
lit_Latn,sun_Latn,intfloat/multilingual-e5-large,0.9974747474747476
khk_Cyrl,tgk_Cyrl,intfloat/multilingual-e5-large,0.9974747474747476
mal_Mlym,nya_Latn,intfloat/multilingual-e5-large,0.9974747474747476
lvs_Latn,sin_Sinh,Alibaba-NLP/gte-multilingual-base,0.9974747474747476
kmr_Latn,mkd_Cyrl,jinaai/jina-embeddings-v3,0.9974747474747476
bos_Latn,khm_Khmr,jinaai/jina-embeddings-v3,0.9974747474747476
mya_Mymr,nld_Latn,jinaai/jina-embeddings-v3,0.9974747474747476
kmr_Latn,mal_Mlym,jinaai/jina-embeddings-v3,0.9974747474747476
lin_Latn,nya_Latn,intfloat/multilingual-e5-large,0.9974747474747476
mlt_Latn,ron_Latn,intfloat/multilingual-e5-large,0.9974747474747476
pol_Latn,uzn_Latn,intfloat/multilingual-e5-large,0.9974747474747476
roh_Latn,rus_Cyrl,Alibaba-NLP/gte-multilingual-base,0.9974747474747476
kir_Cyrl,khk_Cyrl,jinaai/jina-embeddings-v3,0.9974747474747476
mal_Mlym,sna_Latn,intfloat/multilingual-e5-large,0.9974747474747476
khk_Cyrl,sin_Sinh,jinaai/jina-embeddings-v3,0.9974747474747476
bak_Cyrl,uzn_Latn,intfloat/multilingual-e5-large,0.9974747474747476
nld_Latn,als_Latn,Alibaba-NLP/gte-multilingual-base,0.9974747474747476
khk_Cyrl,rus_Cyrl,jinaai/jina-embeddings-v3,0.9974747474747476
khk_Cyrl,ron_Latn,jinaai/jina-embeddings-v3,0.9974747474747476
pbt_Arab,slv_Latn,jinaai/jina-embeddings-v3,0.9974747474747476
cat_Latn,hat_Latn,intfloat/multilingual-e5-large,0.9974747474747476
ben_Beng,nya_Latn,intfloat/multilingual-e5-large,0.9974747474747476
bul_Cyrl,lao_Laoo,Alibaba-NLP/gte-multilingual-base,0.9974747474747476
bul_Cyrl,fao_Latn,jinaai/jina-embeddings-v3,0.9974747474747476
sin_Sinh,slk_Latn,jinaai/jina-embeddings-v3,0.9974747474747476
bel_Cyrl,plt_Latn,intfloat/multilingual-e5-large,0.9974747474747476
sin_Sinh,som_Latn,intfloat/multilingual-e5-large,0.9974747474747476
sin_Sinh,srp_Cyrl,Alibaba-NLP/gte-multilingual-base,0.9974747474747476
khm_Khmr,zsm_Latn,Alibaba-NLP/gte-multilingual-base,0.9974747474747476
nld_Latn,snd_Arab,jinaai/jina-embeddings-v3,0.9974747474747476
lvs_Latn,sun_Latn,intfloat/multilingual-e5-large,0.9974747474747476
lit_Latn,xho_Latn,Alibaba-NLP/gte-multilingual-base,0.9974747474747476
lvs_Latn,swh_Latn,intfloat/multilingual-e5-large,0.9974747474747476
azj_Latn,sun_Latn,intfloat/multilingual-e5-large,0.9974747474747476
kmr_Latn,als_Latn,intfloat/multilingual-e5-large,0.9974747474747476
mar_Deva,swh_Latn,intfloat/multilingual-e5-large,0.9974747474747476
khk_Cyrl,slv_Latn,jinaai/jina-embeddings-v3,0.9974747474747476
nya_Latn,tsn_Latn,intfloat/multilingual-e5-large,0.9974747474747476
nld_Latn,sin_Sinh,Alibaba-NLP/gte-multilingual-base,0.9974747474747476
gle_Latn,mal_Mlym,intfloat/multilingual-e5-large,0.9974747474747476
gle_Latn,als_Latn,jinaai/jina-embeddings-v3,0.9974747474747476
ind_Latn,plt_Latn,intfloat/multilingual-e5-large,0.9974747474747476
ind_Latn,nya_Latn,intfloat/multilingual-e5-large,0.9974747474747476
hat_Latn,mal_Mlym,intfloat/multilingual-e5-large,0.9974747474747476
uig_Arab,uzn_Latn,jinaai/jina-embeddings-v3,0.9974747474747476
ekk_Latn,tha_Thai,jinaai/jina-embeddings-v3,0.9974747474747476
sna_Latn,swh_Latn,intfloat/multilingual-e5-large,0.9974747474747476
ekk_Latn,swh_Latn,intfloat/multilingual-e5-large,0.9974747474747476
hin_Deva,nya_Latn,intfloat/multilingual-e5-large,0.9974747474747476
dan_Latn,ibo_Latn,Alibaba-NLP/gte-multilingual-base,0.9974747474747476
hat_Latn,lit_Latn,intfloat/multilingual-e5-large,0.9974747474747476
sna_Latn,tsn_Latn,intfloat/multilingual-e5-large,0.9974747474747476
ekk_Latn,sin_Sinh,jinaai/jina-embeddings-v3,0.9974747474747476
sna_Latn,tso_Latn,intfloat/multilingual-e5-large,0.9974747474747476
sna_Latn,twi_Latn,intfloat/multilingual-e5-large,0.9974747474747476
tam_Taml,xho_Latn,intfloat/multilingual-e5-large,0.9974747474747476
amh_Ethi,pan_Guru,jinaai/jina-embeddings-v3,0.9974747474747476
sna_Latn,urd_Arab,intfloat/multilingual-e5-large,0.9974747474747476
tam_Taml,zul_Latn,intfloat/multilingual-e5-large,0.9974747474747476
eng_Latn,swh_Latn,intfloat/multilingual-e5-large,0.9974747474747476
hin_Deva,tgk_Cyrl,intfloat/multilingual-e5-large,0.9974747474747476
snd_Arab,tgl_Latn,intfloat/multilingual-e5-large,0.9974747474747476
snd_Arab,tha_Thai,jinaai/jina-embeddings-v3,0.9974747474747476
dan_Latn,nya_Latn,intfloat/multilingual-e5-large,0.9974747474747476
hat_Latn,als_Latn,intfloat/multilingual-e5-large,0.9974747474747476
eng_Latn,sun_Latn,intfloat/multilingual-e5-large,0.9974747474747476
guj_Gujr,xho_Latn,intfloat/multilingual-e5-large,0.9974747474747476
ilo_Latn,mal_Mlym,intfloat/multilingual-e5-large,0.9974747474747476
guj_Gujr,uzn_Latn,intfloat/multilingual-e5-large,0.9974747474747476
hne_Deva,mal_Mlym,jinaai/jina-embeddings-v5-text-small,0.9974747474747476
gle_Latn,hun_Latn,jinaai/jina-embeddings-v3,0.9974747474747476
hat_Latn,mar_Deva,intfloat/multilingual-e5-large,0.9974747474747476
afr_Latn,pbt_Arab,intfloat/multilingual-e5-large,0.9974747474747476
amh_Ethi,srp_Cyrl,jinaai/jina-embeddings-v3,0.9974747474747476
hat_Latn,mkd_Cyrl,intfloat/multilingual-e5-large,0.9974747474747476
cym_Latn,kin_Latn,intfloat/multilingual-e5-large,0.9974747474747476
cym_Latn,kmr_Latn,intfloat/multilingual-e5-large,0.9974747474747476
ell_Grek,hat_Latn,intfloat/multilingual-e5-large,0.9974747474747476
cym_Latn,lit_Latn,jinaai/jina-embeddings-v3,0.9974747474747476
heb_Hebr,tel_Telu,jinaai/jina-embeddings-v3,0.9974747474747476
isl_Latn,snd_Arab,jinaai/jina-embeddings-v3,0.9974747474747476
hat_Latn,plt_Latn,intfloat/multilingual-e5-large,0.9974747474747476
eng_Latn,khm_Khmr,jinaai/jina-embeddings-v3,0.9974747474747476
cym_Latn,sin_Sinh,jinaai/jina-embeddings-v3,0.9974747474747476
fry_Latn,tel_Telu,jinaai/jina-embeddings-v3,0.9974747474747476
cym_Latn,slv_Latn,intfloat/multilingual-e5-large,0.9974747474747476
cym_Latn,som_Latn,intfloat/multilingual-e5-large,0.9974747474747476
isl_Latn,lao_Laoo,jinaai/jina-embeddings-v3,0.9974747474747476
srp_Cyrl,sun_Latn,intfloat/multilingual-e5-large,0.9974747474747476
heb_Hebr,uzn_Latn,intfloat/multilingual-e5-large,0.9974747474747476
amh_Ethi,ron_Latn,jinaai/jina-embeddings-v3,0.9974747474747476
slv_Latn,swh_Latn,Alibaba-NLP/gte-multilingual-base,0.9974747474747476
cym_Latn,zul_Latn,intfloat/multilingual-e5-large,0.9974747474747476
uzn_Latn,fin_Latn,intfloat/multilingual-e5-large,0.9974747474747476
asm_Beng,cym_Latn,jinaai/jina-embeddings-v3,0.9974747474747476
urd_Arab,xho_Latn,intfloat/multilingual-e5-large,0.9974747474747476
hat_Latn,mya_Mymr,intfloat/multilingual-e5-large,0.9974747474747476
hin_Deva,hat_Latn,intfloat/multilingual-e5-large,0.9974747474747476
asm_Beng,bos_Latn,jinaai/jina-embeddings-v5-text-small,0.9974747474747476
amh_Ethi,als_Latn,jinaai/jina-embeddings-v3,0.9974747474747476
ind_Latn,swh_Latn,intfloat/multilingual-e5-large,0.9974747474747476
hin_Deva,jav_Latn,intfloat/multilingual-e5-large,0.9974747474747476
ind_Latn,snd_Arab,jinaai/jina-embeddings-v3,0.9974747474747476
slv_Latn,xho_Latn,Alibaba-NLP/gte-multilingual-base,0.9974747474747476
ekk_Latn,khm_Khmr,Alibaba-NLP/gte-multilingual-base,0.9974747474747476
ilo_Latn,jav_Latn,intfloat/multilingual-e5-large,0.9974747474747476
som_Latn,tso_Latn,intfloat/multilingual-e5-large,0.9974747474747476
gle_Latn,xho_Latn,intfloat/multilingual-e5-large,0.9974747474747476
spa_Latn,nya_Latn,intfloat/multilingual-e5-large,0.9974747474747476
hrv_Latn,swh_Latn,intfloat/multilingual-e5-large,0.9974747474747476
ibo_Latn,kat_Geor,intfloat/multilingual-e5-large,0.9974747474747476
arz_Arab,ekk_Latn,jinaai/jina-embeddings-v3,0.9974747474747476
ibo_Latn,jav_Latn,intfloat/multilingual-e5-large,0.9974747474747476
ibo_Latn,ita_Latn,Alibaba-NLP/gte-multilingual-base,0.9974747474747476
spa_Latn,gla_Latn,intfloat/multilingual-e5-large,0.9974747474747476
dan_Latn,sin_Sinh,jinaai/jina-embeddings-v3,0.9974747474747476
glg_Latn,snd_Arab,jinaai/jina-embeddings-v3,0.9974747474747476
dan_Latn,sun_Latn,intfloat/multilingual-e5-large,0.9974747474747476
dan_Latn,swh_Latn,intfloat/multilingual-e5-large,0.9974747474747476
afr_Latn,sun_Latn,intfloat/multilingual-e5-large,0.9974747474747476
hye_Armn,npi_Deva,intfloat/multilingual-e5-large,0.9974747474747476
arz_Arab,als_Latn,jinaai/jina-embeddings-v3,0.9974747474747476
hun_Latn,hye_Armn,Alibaba-NLP/gte-multilingual-base,0.9974747474747476
hye_Armn,ibo_Latn,intfloat/multilingual-e5-large,0.9974747474747476
afr_Latn,swh_Latn,intfloat/multilingual-e5-large,0.9974747474747476
spa_Latn,jav_Latn,intfloat/multilingual-e5-large,0.9974747474747476
eng_Latn,lij_Latn,intfloat/multilingual-e5-large,0.9974747474747476
hun_Latn,tel_Telu,Alibaba-NLP/gte-multilingual-base,0.9974747474747476
eng_Latn,lao_Laoo,Alibaba-NLP/gte-multilingual-base,0.9974747474747476
hun_Latn,khk_Cyrl,jinaai/jina-embeddings-v3,0.9974747474747476
hun_Latn,snd_Arab,jinaai/jina-embeddings-v3,0.9974747474747476
hun_Latn,plt_Latn,intfloat/multilingual-e5-large,0.9974747474747476
hun_Latn,khm_Khmr,Alibaba-NLP/gte-multilingual-base,0.9974747474747476
spa_Latn,lij_Latn,intfloat/multilingual-e5-large,0.9974747474747476
deu_Latn,ilo_Latn,intfloat/multilingual-e5-large,0.9974747474747476
hun_Latn,lao_Laoo,Alibaba-NLP/gte-multilingual-base,0.9974747474747476
tso_Latn,twi_Latn,intfloat/multilingual-e5-large,0.9974747474747476
ibo_Latn,mya_Mymr,intfloat/multilingual-e5-large,0.9974747474747476
gle_Latn,vie_Latn,jinaai/jina-embeddings-v3,0.9974747474747476
ekk_Latn,jav_Latn,intfloat/multilingual-e5-large,0.9974747474747476
deu_Latn,snd_Arab,jinaai/jina-embeddings-v3,0.9974747474747476
amh_Ethi,tso_Latn,intfloat/multilingual-e5-large,0.9974747474747476
ekk_Latn,hat_Latn,intfloat/multilingual-e5-large,0.9974747474747476
som_Latn,urd_Arab,intfloat/multilingual-e5-large,0.9974747474747476
afr_Latn,sin_Sinh,Alibaba-NLP/gte-multilingual-base,0.9974747474747476
gle_Latn,lit_Latn,jinaai/jina-embeddings-v3,0.9974747474747476
ibo_Latn,zul_Latn,intfloat/multilingual-e5-large,0.9974747474747476
gle_Latn,lvs_Latn,intfloat/multilingual-e5-large,0.9974747474747476
amh_Ethi,fra_Latn,jinaai/jina-embeddings-v3,0.9974747474747476
eng_Latn,sin_Sinh,jinaai/jina-embeddings-v3,0.9974747474747476
sot_Latn,ssw_Latn,intfloat/multilingual-e5-large,0.9974747474747476
ekk_Latn,guj_Gujr,jinaai/jina-embeddings-v3,0.9974747474747476
ell_Grek,uzn_Latn,intfloat/multilingual-e5-large,0.9974747474747476
gle_Latn,sin_Sinh,jinaai/jina-embeddings-v3,0.9974747474747476
eng_Latn,roh_Latn,jinaai/jina-embeddings-v5-text-small,0.9974747474747476
amh_Ethi,vie_Latn,jinaai/jina-embeddings-v3,0.9974747474747476
tat_Cyrl,urd_Arab,intfloat/multilingual-e5-large,0.9974747474747476
tel_Telu,tgk_Cyrl,intfloat/multilingual-e5-large,0.9974747474747476
als_Latn,tha_Thai,intfloat/multilingual-e5-large,0.9974747474747476
hrv_Latn,jav_Latn,jinaai/jina-embeddings-v5-text-small,0.9974747474747476
ibo_Latn,urd_Arab,intfloat/multilingual-e5-large,0.9974747474747476
sot_Latn,swh_Latn,intfloat/multilingual-e5-large,0.9974747474747476
deu_Latn,xho_Latn,Alibaba-NLP/gte-multilingual-base,0.9974747474747476
als_Latn,tgk_Cyrl,intfloat/multilingual-e5-large,0.9974747474747476
eng_Latn,nya_Latn,intfloat/multilingual-e5-large,0.9974747474747476
ibo_Latn,tsn_Latn,intfloat/multilingual-e5-large,0.9974747474747476
gle_Latn,uzn_Latn,intfloat/multilingual-e5-large,0.9974747474747476
sot_Latn,twi_Latn,intfloat/multilingual-e5-large,0.9974747474747476
guj_Gujr,kin_Latn,intfloat/multilingual-e5-large,0.9974747474747476
sot_Latn,xho_Latn,intfloat/multilingual-e5-large,0.9974747474747476
cym_Latn,khm_Khmr,jinaai/jina-embeddings-v3,0.9974747474747476
cym_Latn,mya_Mymr,intfloat/multilingual-e5-large,0.9974747474747476
asm_Beng,eus_Latn,jinaai/jina-embeddings-v3,0.9974747474747476
swh_Latn,tso_Latn,intfloat/multilingual-e5-large,0.9974747474747476
jpn_Jpan,snd_Arab,jinaai/jina-embeddings-v3,0.9974747474747476
ces_Latn,khm_Khmr,jinaai/jina-embeddings-v3,0.9974747474747476
swh_Latn,tsn_Latn,intfloat/multilingual-e5-large,0.9974747474747476
ces_Latn,lao_Laoo,jinaai/jina-embeddings-v3,0.9974747474747476
asm_Beng,vie_Latn,jinaai/jina-embeddings-v5-text-small,0.9974747474747476
zsm_Latn,sun_Latn,intfloat/multilingual-e5-large,0.9974747474747476
jpn_Jpan,mya_Mymr,jinaai/jina-embeddings-v3,0.9974747474747476
ces_Latn,mlt_Latn,intfloat/multilingual-e5-large,0.9974747474747476
asm_Beng,tha_Thai,google/embeddinggemma-300m,0.9974747474747476
jpn_Jpan,lit_Latn,jinaai/jina-embeddings-v3,0.9974747474747476
asm_Beng,tel_Telu,intfloat/multilingual-e5-large,0.9974747474747476
amh_Ethi,khm_Khmr,Alibaba-NLP/gte-multilingual-base,0.9974747474747476
fra_Latn,bak_Cyrl,intfloat/multilingual-e5-large,0.9974747474747476
jpn_Jpan,khk_Cyrl,jinaai/jina-embeddings-v3,0.9974747474747476
swh_Latn,tur_Latn,intfloat/multilingual-e5-large,0.9974747474747476
swh_Latn,tir_Ethi,intfloat/multilingual-e5-large,0.9974747474747476
jpn_Jpan,kat_Geor,intfloat/multilingual-e5-large,0.9974747474747476
amh_Ethi,kmr_Latn,intfloat/multilingual-e5-large,0.9974747474747476
amh_Ethi,lao_Laoo,jinaai/jina-embeddings-v3,0.9974747474747476
fra_Latn,gla_Latn,intfloat/multilingual-e5-large,0.9974747474747476
eus_Latn,sun_Latn,intfloat/multilingual-e5-large,0.9974747474747476
hau_Latn,xho_Latn,intfloat/multilingual-e5-large,0.9974747474747476
eus_Latn,snd_Arab,jinaai/jina-embeddings-v3,0.9974747474747476
ita_Latn,bak_Cyrl,intfloat/multilingual-e5-large,0.9974747474747476
jav_Latn,tel_Telu,intfloat/multilingual-e5-large,0.9974747474747476
ell_Grek,npi_Deva,intfloat/multilingual-e5-large,0.9974747474747476
ces_Latn,sun_Latn,intfloat/multilingual-e5-large,0.9974747474747476
jav_Latn,som_Latn,intfloat/multilingual-e5-large,0.9974747474747476
jav_Latn,sin_Sinh,intfloat/multilingual-e5-large,0.9974747474747476
amh_Ethi,ces_Latn,jinaai/jina-embeddings-v3,0.9974747474747476
amh_Ethi,khk_Cyrl,intfloat/multilingual-e5-large,0.9974747474747476
zsm_Latn,swh_Latn,intfloat/multilingual-e5-large,0.9974747474747476
jav_Latn,pol_Latn,intfloat/multilingual-e5-large,0.9974747474747476
kat_Geor,slv_Latn,intfloat/multilingual-e5-large,0.9974747474747476
ceb_Latn,eus_Latn,intfloat/multilingual-e5-large,0.9974747474747476
amh_Ethi,fin_Latn,jinaai/jina-embeddings-v3,0.9974747474747476
ceb_Latn,fin_Latn,intfloat/multilingual-e5-large,0.9974747474747476
ceb_Latn,ilo_Latn,intfloat/multilingual-e5-large,0.9974747474747476
amh_Ethi,ell_Grek,jinaai/jina-embeddings-v3,0.9974747474747476
ceb_Latn,lvs_Latn,intfloat/multilingual-e5-large,0.9974747474747476
ceb_Latn,mal_Mlym,intfloat/multilingual-e5-large,0.9974747474747476
ceb_Latn,mar_Deva,intfloat/multilingual-e5-large,0.9974747474747476
kat_Geor,tel_Telu,jinaai/jina-embeddings-v3,0.9974747474747476
swh_Latn,tel_Telu,Alibaba-NLP/gte-multilingual-base,0.9974747474747476
kat_Geor,swh_Latn,intfloat/multilingual-e5-large,0.9974747474747476
afr_Latn,arz_Arab,jinaai/jina-embeddings-v5-text-nano,0.9974747474747476
ceb_Latn,plt_Latn,intfloat/multilingual-e5-large,0.9974747474747476
swe_Latn,swh_Latn,intfloat/multilingual-e5-large,0.9974747474747476
kat_Geor,sin_Sinh,jinaai/jina-embeddings-v3,0.9974747474747476
jpn_Jpan,uzn_Latn,intfloat/multilingual-e5-large,0.9974747474747476
ceb_Latn,rus_Cyrl,intfloat/multilingual-e5-large,0.9974747474747476
ceb_Latn,sin_Sinh,intfloat/multilingual-e5-large,0.9974747474747476
fin_Latn,npi_Deva,Alibaba-NLP/gte-multilingual-base,0.9974747474747476
kat_Geor,plt_Latn,intfloat/multilingual-e5-large,0.9974747474747476
azj_Latn,gle_Latn,jinaai/jina-embeddings-v3,0.9974747474747476
amh_Ethi,heb_Hebr,jinaai/jina-embeddings-v3,0.9974747474747476
amh_Ethi,hin_Deva,jinaai/jina-embeddings-v3,0.9974747474747476
kat_Geor,kmr_Latn,intfloat/multilingual-e5-large,0.9974747474747476
amh_Ethi,ibo_Latn,intfloat/multilingual-e5-large,0.9974747474747476
fin_Latn,sin_Sinh,Alibaba-NLP/gte-multilingual-base,0.9974747474747476
sin_Sinh,zul_Latn,intfloat/multilingual-e5-large,0.9974747474747476
fin_Latn,snd_Arab,jinaai/jina-embeddings-v5-text-small,0.9974747474747476
kan_Knda,snd_Arab,jinaai/jina-embeddings-v3,0.9974747474747476
kan_Knda,sin_Sinh,jinaai/jina-embeddings-v3,0.9974747474747476
sun_Latn,tam_Taml,intfloat/multilingual-e5-large,0.9974747474747476
swh_Latn,ukr_Cyrl,Alibaba-NLP/gte-multilingual-base,0.9974747474747476
hun_Latn,lim_Latn,Alibaba-NLP/gte-multilingual-base,0.9974747474747476
hat_Latn,tgk_Cyrl,intfloat/multilingual-e5-large,0.9974747474747476
ita_Latn,sin_Sinh,jinaai/jina-embeddings-v3,0.9974747474747476
uzn_Latn,xho_Latn,intfloat/multilingual-e5-large,0.9974747474747476
uzn_Latn,tha_Thai,jinaai/jina-embeddings-v3,0.9974747474747476
heb_Hebr,mlt_Latn,intfloat/multilingual-e5-large,0.9974747474747476
uzn_Latn,jpn_Jpan,intfloat/multilingual-e5-large,0.9974747474747476
ita_Latn,plt_Latn,intfloat/multilingual-e5-large,0.9974747474747476
hat_Latn,tel_Telu,intfloat/multilingual-e5-large,0.9974747474747476
asm_Beng,jpn_Jpan,jinaai/jina-embeddings-v3,0.9974747474747476
heb_Hebr,npi_Deva,jinaai/jina-embeddings-v3,0.9974747474747476
fry_Latn,gle_Latn,jinaai/jina-embeddings-v3,0.9974747474747476
heb_Hebr,sin_Sinh,Alibaba-NLP/gte-multilingual-base,0.9974747474747476
ita_Latn,mya_Mymr,jinaai/jina-embeddings-v3,0.9974747474747476
eng_Latn,xho_Latn,Alibaba-NLP/gte-multilingual-base,0.9974747474747476
eng_Latn,war_Latn,intfloat/multilingual-e5-large,0.9974747474747476
asm_Beng,hun_Latn,jinaai/jina-embeddings-v5-text-small,0.9974747474747476
asm_Beng,hrv_Latn,jinaai/jina-embeddings-v5-text-small,0.9974747474747476
cym_Latn,als_Latn,jinaai/jina-embeddings-v3,0.9974747474747476
ita_Latn,lim_Latn,Alibaba-NLP/gte-multilingual-base,0.9974747474747476
asm_Beng,heb_Hebr,jinaai/jina-embeddings-v5-text-small,0.9974747474747476
fry_Latn,jav_Latn,intfloat/multilingual-e5-large,0.9974747474747476
ita_Latn,ilo_Latn,intfloat/multilingual-e5-large,0.9974747474747476
ita_Latn,lao_Laoo,Alibaba-NLP/gte-multilingual-base,0.9974747474747476
ita_Latn,kmr_Latn,jinaai/jina-embeddings-v3,0.9974747474747476
amh_Ethi,bul_Cyrl,jinaai/jina-embeddings-v3,0.9974747474747476
fry_Latn,mal_Mlym,Alibaba-NLP/gte-multilingual-base,0.9974747474747476
afr_Latn,lim_Latn,intfloat/multilingual-e5-large,0.9974747474747476
amh_Ethi,nno_Latn,jinaai/jina-embeddings-v3,0.9974747474747476
ita_Latn,snd_Arab,jinaai/jina-embeddings-v3,0.9974747474747476
srp_Cyrl,xho_Latn,intfloat/multilingual-e5-large,0.9974747474747476
heb_Hebr,mar_Deva,jinaai/jina-embeddings-v3,0.9974747474747476
ell_Grek,lim_Latn,Alibaba-NLP/gte-multilingual-base,0.9974747474747476
asm_Beng,slv_Latn,jinaai/jina-embeddings-v3,0.9974747474747476
hat_Latn,urd_Arab,intfloat/multilingual-e5-large,0.9974747474747476
eus_Latn,sin_Sinh,jinaai/jina-embeddings-v3,0.9974747474747476
jav_Latn,lit_Latn,intfloat/multilingual-e5-large,0.9974747474747476
heb_Hebr,hne_Deva,intfloat/multilingual-e5-large,0.9974747474747476
asm_Beng,sin_Sinh,intfloat/multilingual-e5-large,0.9974747474747476
cym_Latn,jpn_Jpan,intfloat/multilingual-e5-large,0.9974747474747476
asm_Beng,gle_Latn,intfloat/multilingual-e5-large,0.9974747474747476
amh_Ethi,mal_Mlym,intfloat/multilingual-e5-large,0.9974747474747476
hat_Latn,tur_Latn,intfloat/multilingual-e5-large,0.9974747474747476
eus_Latn,jav_Latn,intfloat/multilingual-e5-large,0.9974747474747476
ita_Latn,swh_Latn,intfloat/multilingual-e5-large,0.9974747474747476
ita_Latn,khm_Khmr,Alibaba-NLP/gte-multilingual-base,0.9974747474747476
fra_Latn,sun_Latn,intfloat/multilingual-e5-large,0.9974747474747476
fra_Latn,nya_Latn,intfloat/multilingual-e5-large,0.9974747474747476
ell_Grek,khm_Khmr,Alibaba-NLP/gte-multilingual-base,0.9974747474747476
swh_Latn,zul_Latn,intfloat/multilingual-e5-large,0.9974747474747476
hat_Latn,slk_Latn,intfloat/multilingual-e5-large,0.9966329966329966
tir_Ethi,tsn_Latn,intfloat/multilingual-e5-large,0.9966329966329966
sna_Latn,som_Latn,intfloat/multilingual-e5-large,0.9966329966329966
azj_Latn,tha_Thai,Alibaba-NLP/gte-multilingual-base,0.9966329966329966
cym_Latn,ibo_Latn,intfloat/multilingual-e5-large,0.9966329966329966
tur_Latn,xho_Latn,Alibaba-NLP/gte-multilingual-base,0.9966329966329966
kir_Cyrl,tgk_Cyrl,intfloat/multilingual-e5-large,0.9966329966329966
ibo_Latn,tso_Latn,intfloat/multilingual-e5-large,0.9966329966329966
swh_Latn,tgk_Cyrl,intfloat/multilingual-e5-large,0.9966329966329966
glg_Latn,swh_Latn,intfloat/multilingual-e5-large,0.9966329966329966
cym_Latn,tgk_Cyrl,intfloat/multilingual-e5-large,0.9966329966329966
afr_Latn,lin_Latn,intfloat/multilingual-e5-large,0.9966329966329966
eus_Latn,xho_Latn,intfloat/multilingual-e5-large,0.9966329966329966
ibo_Latn,tgl_Latn,intfloat/multilingual-e5-large,0.9966329966329966
som_Latn,tsn_Latn,intfloat/multilingual-e5-large,0.9966329966329966
ben_Beng,ckb_Arab,intfloat/multilingual-e5-large,0.9966329966329966
dan_Latn,jav_Latn,jinaai/jina-embeddings-v5-text-small,0.9966329966329966
ces_Latn,nya_Latn,Alibaba-NLP/gte-multilingual-base,0.9966329966329966
ibo_Latn,nya_Latn,intfloat/multilingual-e5-large,0.9966329966329966
sna_Latn,tir_Ethi,intfloat/multilingual-e5-large,0.9966329966329966
afr_Latn,tir_Ethi,intfloat/multilingual-e5-large,0.9966329966329966
glg_Latn,sin_Sinh,jinaai/jina-embeddings-v3,0.9966329966329964
heb_Hebr,sun_Latn,intfloat/multilingual-e5-large,0.9966329966329964
swh_Latn,tam_Taml,intfloat/multilingual-e5-large,0.9966329966329964
mal_Mlym,kin_Latn,intfloat/multilingual-e5-large,0.9966329966329964
hau_Latn,mya_Mymr,intfloat/multilingual-e5-large,0.9966329966329964
npi_Deva,kin_Latn,intfloat/multilingual-e5-large,0.9966329966329964
mlt_Latn,als_Latn,intfloat/multilingual-e5-large,0.9966329966329964
amh_Ethi,pol_Latn,jinaai/jina-embeddings-v3,0.9966329966329964
amh_Ethi,mya_Mymr,intfloat/multilingual-e5-large,0.9966329966329964
amh_Ethi,sin_Sinh,intfloat/multilingual-e5-large,0.9966329966329964
als_Latn,sun_Latn,intfloat/multilingual-e5-large,0.9966329966329964
amh_Ethi,jpn_Jpan,jinaai/jina-embeddings-v3,0.9966329966329964
hrv_Latn,nya_Latn,intfloat/multilingual-e5-large,0.9966329966329964
amh_Ethi,tel_Telu,intfloat/multilingual-e5-large,0.9966329966329964
ell_Grek,sin_Sinh,jinaai/jina-embeddings-v3,0.9966329966329964
heb_Hebr,bak_Cyrl,intfloat/multilingual-e5-large,0.9966329966329964
sun_Latn,tha_Thai,intfloat/multilingual-e5-large,0.9966329966329964
hin_Deva,swh_Latn,intfloat/multilingual-e5-large,0.9966329966329964
hau_Latn,hye_Armn,intfloat/multilingual-e5-large,0.9966329966329964
hau_Latn,mal_Mlym,intfloat/multilingual-e5-large,0.9966329966329964
azj_Latn,swh_Latn,intfloat/multilingual-e5-large,0.9966329966329964
fry_Latn,sin_Sinh,jinaai/jina-embeddings-v3,0.9966329966329964
khm_Khmr,slk_Latn,jinaai/jina-embeddings-v3,0.9966329966329964
sin_Sinh,slv_Latn,Alibaba-NLP/gte-multilingual-base,0.9966329966329964
jav_Latn,ron_Latn,intfloat/multilingual-e5-large,0.9966329966329964
khm_Khmr,swh_Latn,intfloat/multilingual-e5-large,0.9966329966329964
khm_Khmr,tgk_Cyrl,intfloat/multilingual-e5-large,0.9966329966329964
roh_Latn,ron_Latn,Alibaba-NLP/gte-multilingual-base,0.9966329966329964
khm_Khmr,urd_Arab,intfloat/multilingual-e5-large,0.9966329966329964
gle_Latn,tel_Telu,intfloat/multilingual-e5-large,0.9966329966329964
slk_Latn,uzn_Latn,intfloat/multilingual-e5-large,0.9966329966329964
ilo_Latn,plt_Latn,intfloat/multilingual-e5-large,0.9966329966329964
ita_Latn,sun_Latn,intfloat/multilingual-e5-large,0.9966329966329964
cym_Latn,tha_Thai,jinaai/jina-embeddings-v3,0.9966329966329964
kin_Latn,nya_Latn,intfloat/multilingual-e5-large,0.9966329966329964
rus_Cyrl,sun_Latn,intfloat/multilingual-e5-large,0.9966329966329964
kin_Latn,sna_Latn,intfloat/multilingual-e5-large,0.9966329966329964
kir_Cyrl,tel_Telu,intfloat/multilingual-e5-large,0.9966329966329964
lim_Latn,pol_Latn,Alibaba-NLP/gte-multilingual-base,0.9966329966329964
lim_Latn,nno_Latn,Alibaba-NLP/gte-multilingual-base,0.9966329966329964
isl_Latn,tha_Thai,jinaai/jina-embeddings-v3,0.9966329966329964
eng_Latn,ssw_Latn,intfloat/multilingual-e5-large,0.9966329966329964
ilo_Latn,ind_Latn,intfloat/multilingual-e5-large,0.9966329966329964
jav_Latn,tha_Thai,intfloat/multilingual-e5-large,0.9966329966329964
kir_Cyrl,sin_Sinh,jinaai/jina-embeddings-v3,0.9966329966329964
jav_Latn,ukr_Cyrl,intfloat/multilingual-e5-large,0.9966329966329964
hye_Armn,swh_Latn,intfloat/multilingual-e5-large,0.9966329966329964
sin_Sinh,tgk_Cyrl,intfloat/multilingual-e5-large,0.9966329966329964
lit_Latn,mlt_Latn,intfloat/multilingual-e5-large,0.9966329966329964
sin_Sinh,tha_Thai,intfloat/multilingual-e5-large,0.9966329966329964
kaz_Cyrl,tha_Thai,jinaai/jina-embeddings-v3,0.9966329966329964
ceb_Latn,ukr_Cyrl,intfloat/multilingual-e5-large,0.9966329966329964
ilo_Latn,urd_Arab,intfloat/multilingual-e5-large,0.9966329966329964
fin_Latn,nya_Latn,intfloat/multilingual-e5-large,0.9966329966329964
jpn_Jpan,lao_Laoo,jinaai/jina-embeddings-v3,0.9966329966329964
arz_Arab,mal_Mlym,jinaai/jina-embeddings-v3,0.9966329966329964
ind_Latn,sin_Sinh,Alibaba-NLP/gte-multilingual-base,0.9966329966329964
eng_Latn,mya_Mymr,jinaai/jina-embeddings-v3,0.9966329966329964
khm_Khmr,lvs_Latn,jinaai/jina-embeddings-v3,0.9966329966329964
khm_Khmr,mya_Mymr,intfloat/multilingual-e5-large,0.9966329966329964
ces_Latn,pbt_Arab,intfloat/multilingual-e5-large,0.9966329966329964
slk_Latn,swh_Latn,Alibaba-NLP/gte-multilingual-base,0.9966329966329964
ibo_Latn,mal_Mlym,intfloat/multilingual-e5-large,0.9966329966329964
ces_Latn,sin_Sinh,jinaai/jina-embeddings-v3,0.9966329966329964
fry_Latn,tha_Thai,jinaai/jina-embeddings-v3,0.9962121212121212
kmr_Latn,sin_Sinh,jinaai/jina-embeddings-v3,0.9962121212121212
hat_Latn,lvs_Latn,intfloat/multilingual-e5-large,0.9962121212121212
ind_Latn,sun_Latn,intfloat/multilingual-e5-large,0.9962121212121212
kmr_Latn,tam_Taml,intfloat/multilingual-e5-large,0.9962121212121212
dan_Latn,bak_Cyrl,intfloat/multilingual-e5-large,0.9962121212121212
amh_Ethi,cat_Latn,intfloat/multilingual-e5-large,0.9962121212121212
hat_Latn,sin_Sinh,intfloat/multilingual-e5-large,0.9962121212121212
isl_Latn,tgk_Cyrl,intfloat/multilingual-e5-large,0.9962121212121212
kin_Latn,xho_Latn,intfloat/multilingual-e5-large,0.9962121212121212
fra_Latn,tgk_Cyrl,intfloat/multilingual-e5-large,0.9962121212121212
ita_Latn,tgk_Cyrl,intfloat/multilingual-e5-large,0.9962121212121212
hat_Latn,khm_Khmr,intfloat/multilingual-e5-large,0.9962121212121212
hat_Latn,zsm_Latn,intfloat/multilingual-e5-large,0.9962121212121212
khm_Khmr,pol_Latn,jinaai/jina-embeddings-v3,0.9962121212121212
khm_Khmr,lit_Latn,jinaai/jina-embeddings-v3,0.9962121212121212
amh_Ethi,hrv_Latn,jinaai/jina-embeddings-v3,0.9962121212121212
kaz_Cyrl,tel_Telu,jinaai/jina-embeddings-v3,0.9962121212121212
zul_Latn,ron_Latn,Alibaba-NLP/gte-multilingual-base,0.9962121212121212
nya_Latn,sin_Sinh,intfloat/multilingual-e5-large,0.9962121212121212
sna_Latn,tgl_Latn,intfloat/multilingual-e5-large,0.9962121212121212
afr_Latn,tso_Latn,intfloat/multilingual-e5-large,0.9962121212121212
ell_Grek,sun_Latn,intfloat/multilingual-e5-large,0.9962121212121212
ilo_Latn,sin_Sinh,intfloat/multilingual-e5-large,0.9962121212121212
deu_Latn,gla_Latn,intfloat/multilingual-e5-large,0.9962121212121212
hye_Armn,sun_Latn,intfloat/multilingual-e5-large,0.9962121212121212
lit_Latn,tgk_Cyrl,intfloat/multilingual-e5-large,0.9962121212121212
pol_Latn,swh_Latn,Alibaba-NLP/gte-multilingual-base,0.9962121212121212
mkd_Cyrl,tgk_Cyrl,intfloat/multilingual-e5-large,0.9962121212121212
mkd_Cyrl,sun_Latn,intfloat/multilingual-e5-large,0.9962121212121212
ibo_Latn,tam_Taml,intfloat/multilingual-e5-large,0.9962121212121212
plt_Latn,zsm_Latn,intfloat/multilingual-e5-large,0.9962121212121212
tat_Cyrl,uzn_Latn,intfloat/multilingual-e5-large,0.9962121212121212
afr_Latn,sot_Latn,intfloat/multilingual-e5-large,0.9962121212121212
gle_Latn,jpn_Jpan,intfloat/multilingual-e5-large,0.9962121212121212
amh_Ethi,tha_Thai,jinaai/jina-embeddings-v3,0.9962121212121212
gle_Latn,tha_Thai,jinaai/jina-embeddings-v3,0.9962121212121212
kaz_Cyrl,plt_Latn,intfloat/multilingual-e5-large,0.995959595959596
khk_Cyrl,tam_Taml,jinaai/jina-embeddings-v3,0.995959595959596
deu_Latn,tgk_Cyrl,intfloat/multilingual-e5-large,0.995959595959596
hrv_Latn,lim_Latn,Alibaba-NLP/gte-multilingual-base,0.995959595959596
deu_Latn,swh_Latn,jinaai/jina-embeddings-v3,0.995959595959596
jpn_Jpan,swh_Latn,intfloat/multilingual-e5-large,0.995959595959596
ceb_Latn,tha_Thai,intfloat/multilingual-e5-large,0.995959595959596
eus_Latn,ilo_Latn,intfloat/multilingual-e5-large,0.995959595959596
sun_Latn,ukr_Cyrl,intfloat/multilingual-e5-large,0.995959595959596
kmr_Latn,tur_Latn,jinaai/jina-embeddings-v3,0.995959595959596
hat_Latn,eng_Latn,intfloat/multilingual-e5-large,0.995959595959596
bul_Cyrl,lim_Latn,Alibaba-NLP/gte-multilingual-base,0.995959595959596
kan_Knda,plt_Latn,intfloat/multilingual-e5-large,0.995959595959596
swe_Latn,tgk_Cyrl,intfloat/multilingual-e5-large,0.995959595959596
afr_Latn,zul_Latn,intfloat/multilingual-e5-large,0.995959595959596
som_Latn,tam_Taml,intfloat/multilingual-e5-large,0.995959595959596
bak_Cyrl,ell_Grek,intfloat/multilingual-e5-large,0.995959595959596
kmr_Latn,srp_Cyrl,intfloat/multilingual-e5-large,0.995791245791246
mkd_Cyrl,lim_Latn,Alibaba-NLP/gte-multilingual-base,0.9957912457912458
bul_Cyrl,tgk_Cyrl,intfloat/multilingual-e5-large,0.9957912457912458
ces_Latn,xho_Latn,Alibaba-NLP/gte-multilingual-base,0.9957912457912458
plt_Latn,tam_Taml,intfloat/multilingual-e5-large,0.9957912457912458
eng_Latn,kmr_Latn,jinaai/jina-embeddings-v3,0.9957912457912458
ben_Beng,plt_Latn,intfloat/multilingual-e5-large,0.9957912457912458
ukr_Cyrl,xho_Latn,Alibaba-NLP/gte-multilingual-base,0.9957912457912458
afr_Latn,kmr_Latn,jinaai/jina-embeddings-v3,0.9957912457912458
bak_Cyrl,rus_Cyrl,intfloat/multilingual-e5-large,0.9956709956709956
fin_Latn,kmr_Latn,jinaai/jina-embeddings-v3,0.9956709956709956
som_Latn,als_Latn,intfloat/multilingual-e5-large,0.9956709956709956
isl_Latn,kmr_Latn,jinaai/jina-embeddings-v3,0.9956709956709956
sun_Latn,tgk_Cyrl,intfloat/multilingual-e5-large,0.9956709956709956
spa_Latn,kmr_Latn,jinaai/jina-embeddings-v3,0.9956709956709956
ita_Latn,jav_Latn,jinaai/jina-embeddings-v5-text-nano,0.995580808080808
som_Latn,sun_Latn,intfloat/multilingual-e5-large,0.995580808080808
hat_Latn,isl_Latn,intfloat/multilingual-e5-large,0.995580808080808
kmr_Latn,lvs_Latn,jinaai/jina-embeddings-v3,0.995580808080808
kmr_Latn,tha_Thai,intfloat/multilingual-e5-large,0.9955106621773288
hrv_Latn,ilo_Latn,intfloat/multilingual-e5-large,0.9955106621773288
amh_Ethi,hun_Latn,Alibaba-NLP/gte-multilingual-base,0.9955106621773288
bul_Cyrl,sun_Latn,intfloat/multilingual-e5-large,0.9955106621773288
ilo_Latn,tam_Taml,intfloat/multilingual-e5-large,0.9954545454545456
dan_Latn,kmr_Latn,jinaai/jina-embeddings-v3,0.995408631772268
mya_Mymr,xho_Latn,intfloat/multilingual-e5-large,0.995408631772268
cat_Latn,kmr_Latn,jinaai/jina-embeddings-v3,0.995408631772268
jpn_Jpan,zul_Latn,intfloat/multilingual-e5-large,0.9953703703703703
deu_Latn,lim_Latn,Alibaba-NLP/gte-multilingual-base,0.9953703703703703
hat_Latn,swe_Latn,intfloat/multilingual-e5-large,0.9953102453102451
ekk_Latn,kmr_Latn,jinaai/jina-embeddings-v3,0.9952465834818776
ind_Latn,jav_Latn,jinaai/jina-embeddings-v3,0.9952300785634118
tir_Ethi,xho_Latn,intfloat/multilingual-e5-large,0.9952020202020204
ilo_Latn,spa_Latn,intfloat/multilingual-e5-large,0.9951790633608816
ibo_Latn,swh_Latn,Alibaba-NLP/gte-multilingual-base,0.9951365506921064
deu_Latn,kmr_Latn,jinaai/jina-embeddings-v3,0.995123650296064
fra_Latn,jav_Latn,Alibaba-NLP/gte-multilingual-base,0.9950789950789952
eng_Latn,hat_Latn,intfloat/multilingual-e5-large,0.9949494949494948
hat_Latn,srp_Cyrl,intfloat/multilingual-e5-large,0.9949494949494948
tsn_Latn,twi_Latn,intfloat/multilingual-e5-large,0.9949494949494948
afr_Latn,som_Latn,intfloat/multilingual-e5-large,0.9949494949494948
fra_Latn,zul_Latn,Alibaba-NLP/gte-multilingual-base,0.9949494949494948
ell_Grek,roh_Latn,Alibaba-NLP/gte-multilingual-base,0.9949494949494948
npi_Deva,xho_Latn,intfloat/multilingual-e5-large,0.9949494949494948
fin_Latn,jav_Latn,intfloat/multilingual-e5-large,0.9949494949494948
ben_Beng,ibo_Latn,intfloat/multilingual-e5-large,0.9949494949494948
eng_Latn,plt_Latn,intfloat/multilingual-e5-large,0.9949494949494948
afr_Latn,nso_Latn,intfloat/multilingual-e5-large,0.9949494949494948
mar_Deva,zul_Latn,intfloat/multilingual-e5-large,0.9949494949494948
eng_Latn,nso_Latn,intfloat/multilingual-e5-large,0.9949494949494948
zsm_Latn,mlt_Latn,intfloat/multilingual-e5-large,0.9949494949494948
hat_Latn,hun_Latn,intfloat/multilingual-e5-large,0.9949494949494948
eng_Latn,jav_Latn,intfloat/multilingual-e5-large,0.9949494949494948
hat_Latn,vie_Latn,intfloat/multilingual-e5-large,0.9949494949494948
tel_Telu,xho_Latn,intfloat/multilingual-e5-large,0.9949494949494948
mar_Deva,som_Latn,intfloat/multilingual-e5-large,0.9949494949494948
hau_Latn,hat_Latn,intfloat/multilingual-e5-large,0.9949494949494948
fin_Latn,xho_Latn,Alibaba-NLP/gte-multilingual-base,0.9949494949494948
tgk_Cyrl,tgl_Latn,intfloat/multilingual-e5-large,0.9949494949494948
zul_Latn,tur_Latn,Alibaba-NLP/gte-multilingual-base,0.9949494949494948
hrv_Latn,sun_Latn,intfloat/multilingual-e5-large,0.9949494949494948
lim_Latn,swe_Latn,Alibaba-NLP/gte-multilingual-base,0.9949494949494948
lim_Latn,srp_Cyrl,Alibaba-NLP/gte-multilingual-base,0.9949494949494948
bel_Cyrl,ibo_Latn,intfloat/multilingual-e5-large,0.9949494949494948
ita_Latn,xho_Latn,Alibaba-NLP/gte-multilingual-base,0.9949494949494948
jpn_Jpan,jav_Latn,intfloat/multilingual-e5-large,0.9949494949494948
hrv_Latn,kmr_Latn,jinaai/jina-embeddings-v3,0.9949494949494948
deu_Latn,zul_Latn,intfloat/multilingual-e5-large,0.9949494949494948
spa_Latn,sun_Latn,intfloat/multilingual-e5-large,0.9949494949494948
slk_Latn,sun_Latn,intfloat/multilingual-e5-large,0.9949494949494948
lim_Latn,ron_Latn,Alibaba-NLP/gte-multilingual-base,0.9949494949494948
spa_Latn,tgk_Cyrl,intfloat/multilingual-e5-large,0.9949494949494948
som_Latn,zul_Latn,intfloat/multilingual-e5-large,0.9949494949494948
hin_Deva,zul_Latn,intfloat/multilingual-e5-large,0.9949494949494948
spa_Latn,xho_Latn,intfloat/multilingual-e5-large,0.9949494949494948
ibo_Latn,yor_Latn,intfloat/multilingual-e5-large,0.9949494949494948
spa_Latn,zul_Latn,intfloat/multilingual-e5-large,0.9949494949494948
ilo_Latn,fra_Latn,intfloat/multilingual-e5-large,0.9949494949494948
ces_Latn,lim_Latn,Alibaba-NLP/gte-multilingual-base,0.9949494949494948
hin_Deva,plt_Latn,intfloat/multilingual-e5-large,0.9949494949494948
ekk_Latn,sun_Latn,intfloat/multilingual-e5-large,0.9949494949494948
deu_Latn,tat_Cyrl,intfloat/multilingual-e5-large,0.9949494949494948
lim_Latn,tha_Thai,jinaai/jina-embeddings-v3,0.9949494949494948
amh_Ethi,sun_Latn,intfloat/multilingual-e5-large,0.9949494949494948
lin_Latn,nso_Latn,intfloat/multilingual-e5-large,0.9949494949494948
hun_Latn,sun_Latn,intfloat/multilingual-e5-large,0.9949494949494948
lit_Latn,nya_Latn,intfloat/multilingual-e5-large,0.9949494949494948
deu_Latn,jav_Latn,intfloat/multilingual-e5-large,0.9949494949494948
lit_Latn,plt_Latn,intfloat/multilingual-e5-large,0.9949494949494948
hun_Latn,xho_Latn,Alibaba-NLP/gte-multilingual-base,0.9949494949494948
mar_Deva,nya_Latn,intfloat/multilingual-e5-large,0.9949494949494948
hun_Latn,jav_Latn,intfloat/multilingual-e5-large,0.9949494949494948
ces_Latn,roh_Latn,jinaai/jina-embeddings-v5-text-small,0.9949494949494948
hun_Latn,bak_Cyrl,intfloat/multilingual-e5-large,0.9949494949494948
dan_Latn,tat_Cyrl,intfloat/multilingual-e5-large,0.9949494949494948
ces_Latn,plt_Latn,intfloat/multilingual-e5-large,0.9949494949494948
hrv_Latn,xho_Latn,intfloat/multilingual-e5-large,0.9949494949494948
deu_Latn,nso_Latn,intfloat/multilingual-e5-large,0.9949494949494948
deu_Latn,nya_Latn,intfloat/multilingual-e5-large,0.9949494949494948
ces_Latn,tgk_Cyrl,intfloat/multilingual-e5-large,0.9949494949494948
deu_Latn,plt_Latn,intfloat/multilingual-e5-large,0.9949494949494948
spa_Latn,nso_Latn,intfloat/multilingual-e5-large,0.9949494949494948
ibo_Latn,nso_Latn,intfloat/multilingual-e5-large,0.9949494949494948
ibo_Latn,sot_Latn,intfloat/multilingual-e5-large,0.9949494949494948
asm_Beng,xho_Latn,intfloat/multilingual-e5-large,0.9949494949494948
rus_Cyrl,zul_Latn,intfloat/multilingual-e5-large,0.9949494949494948
lvs_Latn,plt_Latn,intfloat/multilingual-e5-large,0.9949494949494948
amh_Ethi,kin_Latn,intfloat/multilingual-e5-large,0.9949494949494948
sun_Latn,swe_Latn,intfloat/multilingual-e5-large,0.9949494949494948
ell_Grek,mlt_Latn,intfloat/multilingual-e5-large,0.9949494949494948
heb_Hebr,hat_Latn,intfloat/multilingual-e5-large,0.9949494949494948
ind_Latn,zul_Latn,intfloat/multilingual-e5-large,0.9949494949494948
sun_Latn,tel_Telu,intfloat/multilingual-e5-large,0.9949494949494948
kir_Cyrl,sun_Latn,intfloat/multilingual-e5-large,0.9949494949494948
asm_Beng,kin_Latn,intfloat/multilingual-e5-large,0.9949494949494948
amh_Ethi,lit_Latn,jinaai/jina-embeddings-v3,0.9949494949494948
sun_Latn,vie_Latn,intfloat/multilingual-e5-large,0.9949494949494948
hau_Latn,tso_Latn,intfloat/multilingual-e5-large,0.9949494949494948
heb_Hebr,jav_Latn,intfloat/multilingual-e5-large,0.9949494949494948
hau_Latn,tir_Ethi,intfloat/multilingual-e5-large,0.9949494949494948
hau_Latn,tgl_Latn,intfloat/multilingual-e5-large,0.9949494949494948
hau_Latn,nya_Latn,intfloat/multilingual-e5-large,0.9949494949494948
azj_Latn,som_Latn,intfloat/multilingual-e5-large,0.9949494949494948
kin_Latn,tsn_Latn,intfloat/multilingual-e5-large,0.9949494949494948
rus_Cyrl,swh_Latn,intfloat/multilingual-e5-large,0.9949494949494948
nya_Latn,tir_Ethi,intfloat/multilingual-e5-large,0.9949494949494948
ita_Latn,nya_Latn,intfloat/multilingual-e5-large,0.9949494949494948
nya_Latn,sna_Latn,intfloat/multilingual-e5-large,0.9949494949494948
ell_Grek,bak_Cyrl,intfloat/multilingual-e5-large,0.9949494949494948
hun_Latn,swh_Latn,Alibaba-NLP/gte-multilingual-base,0.9949494949494948
kaz_Cyrl,xho_Latn,intfloat/multilingual-e5-large,0.9949494949494948
asm_Beng,cat_Latn,jinaai/jina-embeddings-v3,0.9949494949494948
snd_Arab,xho_Latn,intfloat/multilingual-e5-large,0.9949494949494948
ces_Latn,jav_Latn,intfloat/multilingual-e5-large,0.9949494949494948
dan_Latn,nso_Latn,intfloat/multilingual-e5-large,0.9949494949494948
ell_Grek,kmr_Latn,jinaai/jina-embeddings-v3,0.9949494949494948
ben_Beng,sna_Latn,intfloat/multilingual-e5-large,0.9949494949494948
ckb_Arab,kmr_Latn,intfloat/multilingual-e5-large,0.9949494949494948
srp_Cyrl,swh_Latn,intfloat/multilingual-e5-large,0.9949494949494948
ind_Latn,xho_Latn,intfloat/multilingual-e5-large,0.9949494949494948
lvs_Latn,xho_Latn,Alibaba-NLP/gte-multilingual-base,0.9949494949494948
ell_Grek,jav_Latn,intfloat/multilingual-e5-large,0.9949494949494948
ceb_Latn,vie_Latn,intfloat/multilingual-e5-large,0.9949494949494948
heb_Hebr,kmr_Latn,jinaai/jina-embeddings-v3,0.9949494949494948
ita_Latn,kea_Latn,intfloat/multilingual-e5-large,0.9941077441077442
vie_Latn,zul_Latn,intfloat/multilingual-e5-large,0.9941077441077442
lit_Latn,lim_Latn,Alibaba-NLP/gte-multilingual-base,0.9941077441077442
ces_Latn,zul_Latn,intfloat/multilingual-e5-large,0.9941077441077442
kmr_Latn,tgl_Latn,jinaai/jina-embeddings-v3,0.9941077441077442
ron_Latn,tgk_Cyrl,intfloat/multilingual-e5-large,0.9941077441077442
nld_Latn,tat_Cyrl,intfloat/multilingual-e5-large,0.9941077441077442
isl_Latn,sna_Latn,intfloat/multilingual-e5-large,0.9941077441077442
rus_Cyrl,tgk_Cyrl,intfloat/multilingual-e5-large,0.9941077441077442
fry_Latn,xho_Latn,Alibaba-NLP/gte-multilingual-base,0.9941077441077442
afr_Latn,gaz_Latn,intfloat/multilingual-e5-large,0.9941077441077442
ita_Latn,zul_Latn,intfloat/multilingual-e5-large,0.9941077441077442
dan_Latn,zul_Latn,intfloat/multilingual-e5-large,0.9941077441077442
hin_Deva,mlt_Latn,intfloat/multilingual-e5-large,0.9941077441077442
hau_Latn,tam_Taml,intfloat/multilingual-e5-large,0.9941077441077442
sin_Sinh,yor_Latn,intfloat/multilingual-e5-large,0.9941077441077442
fin_Latn,tgk_Cyrl,intfloat/multilingual-e5-large,0.9941077441077442
spa_Latn,lim_Latn,Alibaba-NLP/gte-multilingual-base,0.9941077441077442
pbt_Arab,tgk_Cyrl,intfloat/multilingual-e5-large,0.9941077441077442
ekk_Latn,plt_Latn,intfloat/multilingual-e5-large,0.9941077441077442
ekk_Latn,lim_Latn,Alibaba-NLP/gte-multilingual-base,0.9941077441077442
lvs_Latn,zul_Latn,intfloat/multilingual-e5-large,0.9941077441077442
bel_Cyrl,swh_Latn,intfloat/multilingual-e5-large,0.9941077441077442
hrv_Latn,mlt_Latn,intfloat/multilingual-e5-large,0.9941077441077442
cat_Latn,zul_Latn,intfloat/multilingual-e5-large,0.9941077441077442
swe_Latn,zul_Latn,intfloat/multilingual-e5-large,0.9941077441077442
afr_Latn,xho_Latn,intfloat/multilingual-e5-large,0.9941077441077442
mkd_Cyrl,zul_Latn,intfloat/multilingual-e5-large,0.9941077441077442
tir_Ethi,tso_Latn,intfloat/multilingual-e5-large,0.9941077441077442
ceb_Latn,mri_Latn,intfloat/multilingual-e5-large,0.9941077441077442
hrv_Latn,plt_Latn,intfloat/multilingual-e5-large,0.9941077441077442
kin_Latn,tir_Ethi,intfloat/multilingual-e5-large,0.994107744107744
hat_Latn,som_Latn,intfloat/multilingual-e5-large,0.994107744107744
heb_Hebr,swh_Latn,jinaai/jina-embeddings-v3,0.994107744107744
heb_Hebr,plt_Latn,intfloat/multilingual-e5-large,0.994107744107744
cat_Latn,swh_Latn,intfloat/multilingual-e5-large,0.994107744107744
kin_Latn,tso_Latn,intfloat/multilingual-e5-large,0.994107744107744
swh_Latn,vie_Latn,Alibaba-NLP/gte-multilingual-base,0.994107744107744
cym_Latn,uig_Arab,intfloat/multilingual-e5-large,0.994107744107744
ell_Grek,nya_Latn,intfloat/multilingual-e5-large,0.994107744107744
hau_Latn,zul_Latn,intfloat/multilingual-e5-large,0.994107744107744
kan_Knda,som_Latn,intfloat/multilingual-e5-large,0.994107744107744
kat_Geor,sun_Latn,intfloat/multilingual-e5-large,0.994107744107744
fra_Latn,swh_Latn,intfloat/multilingual-e5-large,0.994107744107744
kin_Latn,sot_Latn,intfloat/multilingual-e5-large,0.994107744107744
fra_Latn,lij_Latn,jinaai/jina-embeddings-v5-text-small,0.994107744107744
plt_Latn,swh_Latn,intfloat/multilingual-e5-large,0.994107744107744
tgk_Cyrl,ukr_Cyrl,intfloat/multilingual-e5-large,0.994107744107744
tel_Telu,zul_Latn,intfloat/multilingual-e5-large,0.994107744107744
ibo_Latn,kin_Latn,intfloat/multilingual-e5-large,0.994107744107744
fra_Latn,kea_Latn,intfloat/multilingual-e5-large,0.994107744107744
afr_Latn,ssw_Latn,intfloat/multilingual-e5-large,0.994107744107744
eng_Latn,bak_Cyrl,intfloat/multilingual-e5-large,0.994107744107744
afr_Latn,sna_Latn,intfloat/multilingual-e5-large,0.994107744107744
spa_Latn,roh_Latn,Alibaba-NLP/gte-multilingual-base,0.994107744107744
lim_Latn,mkd_Cyrl,Alibaba-NLP/gte-multilingual-base,0.994107744107744
hin_Deva,som_Latn,intfloat/multilingual-e5-large,0.994107744107744
bul_Cyrl,jav_Latn,intfloat/multilingual-e5-large,0.994107744107744
hat_Latn,npi_Deva,intfloat/multilingual-e5-large,0.994107744107744
tam_Taml,tgk_Cyrl,intfloat/multilingual-e5-large,0.994107744107744
kaz_Cyrl,sun_Latn,intfloat/multilingual-e5-large,0.9936868686868688
kin_Latn,som_Latn,intfloat/multilingual-e5-large,0.9936868686868688
fin_Latn,sun_Latn,intfloat/multilingual-e5-large,0.9936868686868688
fra_Latn,ilo_Latn,intfloat/multilingual-e5-large,0.9936868686868688
fra_Latn,xho_Latn,Alibaba-NLP/gte-multilingual-base,0.9936868686868688
fra_Latn,sot_Latn,intfloat/multilingual-e5-large,0.9936868686868688
khm_Khmr,xho_Latn,intfloat/multilingual-e5-large,0.9936868686868688
khm_Khmr,plt_Latn,intfloat/multilingual-e5-large,0.9936868686868688
spa_Latn,scn_Latn,intfloat/multilingual-e5-large,0.9936868686868688
bul_Cyrl,plt_Latn,intfloat/multilingual-e5-large,0.9936868686868688
lvs_Latn,tgk_Cyrl,intfloat/multilingual-e5-large,0.9936868686868688
ron_Latn,sun_Latn,intfloat/multilingual-e5-large,0.9936868686868688
lim_Latn,slk_Latn,Alibaba-NLP/gte-multilingual-base,0.9936868686868688
lit_Latn,sna_Latn,Alibaba-NLP/gte-multilingual-base,0.9936868686868688
hin_Deva,lim_Latn,Alibaba-NLP/gte-multilingual-base,0.9936868686868688
dan_Latn,scn_Latn,intfloat/multilingual-e5-large,0.9936868686868688
heb_Hebr,tgk_Cyrl,intfloat/multilingual-e5-large,0.9936868686868688
hat_Latn,slv_Latn,intfloat/multilingual-e5-large,0.9936868686868688
srp_Cyrl,zul_Latn,intfloat/multilingual-e5-large,0.9936868686868688
ben_Beng,kin_Latn,intfloat/multilingual-e5-large,0.9936868686868688
nya_Latn,tso_Latn,intfloat/multilingual-e5-large,0.9936868686868688
isl_Latn,swh_Latn,Alibaba-NLP/gte-multilingual-base,0.9936868686868688
kin_Latn,swh_Latn,intfloat/multilingual-e5-large,0.9936868686868688
swe_Latn,tat_Cyrl,intfloat/multilingual-e5-large,0.9936868686868688
nya_Latn,sot_Latn,intfloat/multilingual-e5-large,0.9936868686868688
guj_Gujr,kmr_Latn,jinaai/jina-embeddings-v3,0.9936868686868688
hrv_Latn,zul_Latn,intfloat/multilingual-e5-large,0.9934343434343432
afr_Latn,kin_Latn,intfloat/multilingual-e5-large,0.9934343434343432
plt_Latn,tel_Telu,intfloat/multilingual-e5-large,0.9934343434343432
hin_Deva,sna_Latn,intfloat/multilingual-e5-large,0.9934343434343432
mar_Deva,xho_Latn,intfloat/multilingual-e5-large,0.9934343434343432
mal_Mlym,yor_Latn,intfloat/multilingual-e5-large,0.9934343434343432
lvs_Latn,som_Latn,intfloat/multilingual-e5-large,0.9934343434343432
pol_Latn,zul_Latn,intfloat/multilingual-e5-large,0.9934343434343432
fra_Latn,ibo_Latn,intfloat/multilingual-e5-large,0.9934343434343432
lim_Latn,slv_Latn,Alibaba-NLP/gte-multilingual-base,0.9934343434343432
eng_Latn,uig_Arab,jinaai/jina-embeddings-v3,0.9934343434343432
mya_Mymr,zul_Latn,intfloat/multilingual-e5-large,0.9934343434343432
eng_Latn,tgk_Cyrl,intfloat/multilingual-e5-large,0.9934343434343432
slv_Latn,zul_Latn,intfloat/multilingual-e5-large,0.9934343434343432
sna_Latn,als_Latn,intfloat/multilingual-e5-large,0.9934343434343432
slk_Latn,zul_Latn,intfloat/multilingual-e5-large,0.9934343434343432
ind_Latn,ibo_Latn,intfloat/multilingual-e5-large,0.9934343434343432
xho_Latn,nld_Latn,Alibaba-NLP/gte-multilingual-base,0.9934343434343432
ron_Latn,xho_Latn,Alibaba-NLP/gte-multilingual-base,0.9934343434343432
eng_Latn,som_Latn,intfloat/multilingual-e5-large,0.9934343434343432
bak_Cyrl,ron_Latn,intfloat/multilingual-e5-large,0.9934343434343432
ron_Latn,zul_Latn,intfloat/multilingual-e5-large,0.9932659932659934
amh_Ethi,sna_Latn,intfloat/multilingual-e5-large,0.9932659932659934
ukr_Cyrl,zul_Latn,intfloat/multilingual-e5-large,0.9932659932659934
rus_Cyrl,tat_Cyrl,intfloat/multilingual-e5-large,0.9932659932659934
ben_Beng,lim_Latn,Alibaba-NLP/gte-multilingual-base,0.9932659932659934
nso_Latn,twi_Latn,intfloat/multilingual-e5-large,0.9932659932659934
fin_Latn,ilo_Latn,intfloat/multilingual-e5-large,0.9932659932659934
eng_Latn,zul_Latn,intfloat/multilingual-e5-large,0.9932659932659934
eng_Latn,azb_Arab,intfloat/multilingual-e5-large,0.9932659932659934
lin_Latn,yor_Latn,intfloat/multilingual-e5-large,0.9932659932659934
hun_Latn,zul_Latn,intfloat/multilingual-e5-large,0.9932659932659934
ilo_Latn,lit_Latn,intfloat/multilingual-e5-large,0.9932659932659934
ita_Latn,tat_Cyrl,intfloat/multilingual-e5-large,0.9932659932659934
kin_Latn,sin_Sinh,intfloat/multilingual-e5-large,0.9932659932659934
hun_Latn,tat_Cyrl,intfloat/multilingual-e5-large,0.9932659932659934
fra_Latn,tsn_Latn,intfloat/multilingual-e5-large,0.9932659932659934
ilo_Latn,mar_Deva,intfloat/multilingual-e5-large,0.9932659932659934
fin_Latn,zul_Latn,intfloat/multilingual-e5-large,0.9932659932659934
dan_Latn,xho_Latn,intfloat/multilingual-e5-large,0.9932659932659932
som_Latn,swh_Latn,intfloat/multilingual-e5-large,0.9932659932659932
khm_Khmr,sun_Latn,intfloat/multilingual-e5-large,0.9932659932659932
tsn_Latn,xho_Latn,intfloat/multilingual-e5-large,0.9932659932659932
kan_Knda,xho_Latn,intfloat/multilingual-e5-large,0.9932659932659932
sun_Latn,swh_Latn,intfloat/multilingual-e5-large,0.9932659932659932
ind_Latn,kmr_Latn,jinaai/jina-embeddings-v3,0.9932659932659932
hau_Latn,mar_Deva,intfloat/multilingual-e5-large,0.9932659932659932
hat_Latn,rus_Cyrl,intfloat/multilingual-e5-large,0.9932659932659932
hat_Latn,kir_Cyrl,intfloat/multilingual-e5-large,0.9932659932659932
hin_Deva,kmr_Latn,jinaai/jina-embeddings-v3,0.9931457431457432
ekk_Latn,xho_Latn,Alibaba-NLP/gte-multilingual-base,0.9931457431457432
slv_Latn,sun_Latn,intfloat/multilingual-e5-large,0.9931457431457432
ell_Grek,tgk_Cyrl,intfloat/multilingual-e5-large,0.9931457431457432
ita_Latn,som_Latn,intfloat/multilingual-e5-large,0.9931457431457432
fra_Latn,ssw_Latn,intfloat/multilingual-e5-large,0.9930555555555556
war_Latn,spa_Latn,intfloat/multilingual-e5-large,0.9930555555555556
deu_Latn,ckb_Arab,intfloat/multilingual-e5-large,0.9930555555555556
kmr_Latn,ukr_Cyrl,jinaai/jina-embeddings-v3,0.9930555555555556
ind_Latn,tgk_Cyrl,intfloat/multilingual-e5-large,0.9930555555555556
fra_Latn,kmr_Latn,jinaai/jina-embeddings-v3,0.9930555555555556
fin_Latn,scn_Latn,intfloat/multilingual-e5-large,0.9929854096520764
mlt_Latn,tha_Thai,intfloat/multilingual-e5-large,0.9929854096520764
eng_Latn,ibo_Latn,intfloat/multilingual-e5-large,0.9929854096520764
afr_Latn,tgk_Cyrl,intfloat/multilingual-e5-large,0.9929854096520764
nld_Latn,som_Latn,intfloat/multilingual-e5-large,0.9929854096520764
ell_Grek,ibo_Latn,intfloat/multilingual-e5-large,0.9929854096520764
srp_Cyrl,tgk_Cyrl,intfloat/multilingual-e5-large,0.9929292929292928
lim_Latn,vie_Latn,Alibaba-NLP/gte-multilingual-base,0.9928833792470156
fin_Latn,lim_Latn,Alibaba-NLP/gte-multilingual-base,0.9928833792470156
hat_Latn,spa_Latn,intfloat/multilingual-e5-large,0.9928833792470156
glg_Latn,ibo_Latn,Alibaba-NLP/gte-multilingual-base,0.9928833792470156
eng_Latn,ckb_Arab,intfloat/multilingual-e5-large,0.9928833792470156
glg_Latn,xho_Latn,intfloat/multilingual-e5-large,0.992845117845118
dan_Latn,tgk_Cyrl,intfloat/multilingual-e5-large,0.992845117845118
bul_Cyrl,kmr_Latn,jinaai/jina-embeddings-v3,0.992845117845118
khk_Cyrl,sun_Latn,intfloat/multilingual-e5-large,0.992845117845118
xho_Latn,ron_Latn,intfloat/multilingual-e5-large,0.992845117845118
pol_Latn,tgk_Cyrl,intfloat/multilingual-e5-large,0.992845117845118
eus_Latn,tgk_Cyrl,intfloat/multilingual-e5-large,0.992845117845118
sin_Sinh,sun_Latn,intfloat/multilingual-e5-large,0.9928451178451178
ces_Latn,kmr_Latn,jinaai/jina-embeddings-v3,0.9928451178451178
ilo_Latn,mkd_Cyrl,intfloat/multilingual-e5-large,0.9928451178451178
kmr_Latn,nld_Latn,jinaai/jina-embeddings-v3,0.9928451178451178
hin_Deva,sun_Latn,intfloat/multilingual-e5-large,0.9928451178451178
swh_Latn,tha_Thai,intfloat/multilingual-e5-large,0.9928451178451178
ind_Latn,ckb_Arab,intfloat/multilingual-e5-large,0.9928451178451178
lim_Latn,tgl_Latn,intfloat/multilingual-e5-large,0.9928451178451178
hat_Latn,ita_Latn,intfloat/multilingual-e5-large,0.9927849927849928
nya_Latn,tgl_Latn,intfloat/multilingual-e5-large,0.9927849927849928
hun_Latn,scn_Latn,intfloat/multilingual-e5-large,0.9927849927849928
kmr_Latn,rus_Cyrl,jinaai/jina-embeddings-v3,0.992739898989899
mlt_Latn,pol_Latn,intfloat/multilingual-e5-large,0.9927048260381592
kmr_Latn,swe_Latn,jinaai/jina-embeddings-v3,0.9926900584795322
pol_Latn,xho_Latn,Alibaba-NLP/gte-multilingual-base,0.9926900584795322
heb_Hebr,zul_Latn,intfloat/multilingual-e5-large,0.9925925925925928
jpn_Jpan,tgk_Cyrl,intfloat/multilingual-e5-large,0.9925925925925928
mkd_Cyrl,nya_Latn,intfloat/multilingual-e5-large,0.9925925925925926
fin_Latn,nso_Latn,intfloat/multilingual-e5-large,0.9925925925925926
ell_Grek,tat_Cyrl,intfloat/multilingual-e5-large,0.9925925925925926
hrv_Latn,tat_Cyrl,intfloat/multilingual-e5-large,0.9925925925925926
ekk_Latn,tgk_Cyrl,intfloat/multilingual-e5-large,0.9925925925925926
hun_Latn,kmr_Latn,jinaai/jina-embeddings-v3,0.9925925925925926
kmr_Latn,mar_Deva,intfloat/multilingual-e5-large,0.9925925925925926
eng_Latn,tir_Ethi,intfloat/multilingual-e5-large,0.9925316999785084
hrv_Latn,hat_Latn,intfloat/multilingual-e5-large,0.9924242424242424
afr_Latn,ibo_Latn,intfloat/multilingual-e5-large,0.9924242424242424
xho_Latn,ita_Latn,Alibaba-NLP/gte-multilingual-base,0.9924242424242424
mal_Mlym,som_Latn,intfloat/multilingual-e5-large,0.9924242424242424
deu_Latn,tsn_Latn,intfloat/multilingual-e5-large,0.9924242424242424
slk_Latn,tgk_Cyrl,intfloat/multilingual-e5-large,0.9924242424242424
ces_Latn,hat_Latn,intfloat/multilingual-e5-large,0.9924242424242424
bul_Cyrl,swh_Latn,Alibaba-NLP/gte-multilingual-base,0.9924242424242424
bel_Cyrl,kin_Latn,intfloat/multilingual-e5-large,0.9924242424242424
nno_Latn,tgk_Cyrl,intfloat/multilingual-e5-large,0.9924242424242424
hrv_Latn,bak_Cyrl,intfloat/multilingual-e5-large,0.9924242424242424
bel_Cyrl,lim_Latn,Alibaba-NLP/gte-multilingual-base,0.9924242424242424
spa_Latn,tsn_Latn,intfloat/multilingual-e5-large,0.9924242424242424
rus_Cyrl,xho_Latn,intfloat/multilingual-e5-large,0.9924242424242424
nya_Latn,vie_Latn,Alibaba-NLP/gte-multilingual-base,0.9924242424242424
hau_Latn,som_Latn,intfloat/multilingual-e5-large,0.9924242424242424
ell_Grek,gla_Latn,intfloat/multilingual-e5-large,0.9924242424242424
amh_Ethi,plt_Latn,intfloat/multilingual-e5-large,0.9924242424242424
heb_Hebr,sna_Latn,intfloat/multilingual-e5-large,0.9924242424242424
bel_Cyrl,som_Latn,intfloat/multilingual-e5-large,0.9924242424242424
eng_Latn,sot_Latn,intfloat/multilingual-e5-large,0.9924242424242424
cat_Latn,lim_Latn,Alibaba-NLP/gte-multilingual-base,0.9924242424242424
ces_Latn,bak_Cyrl,intfloat/multilingual-e5-large,0.9924242424242424
tgk_Cyrl,xho_Latn,intfloat/multilingual-e5-large,0.9924242424242424
lim_Latn,rus_Cyrl,Alibaba-NLP/gte-multilingual-base,0.9924242424242424
kin_Latn,lin_Latn,intfloat/multilingual-e5-large,0.9924242424242424
eus_Latn,zul_Latn,intfloat/multilingual-e5-large,0.9924242424242424
glg_Latn,tgk_Cyrl,intfloat/multilingual-e5-large,0.9924242424242424
dan_Latn,gla_Latn,intfloat/multilingual-e5-large,0.9924242424242424
ind_Latn,som_Latn,intfloat/multilingual-e5-large,0.9924242424242424
glg_Latn,ilo_Latn,intfloat/multilingual-e5-large,0.9924242424242424
tsn_Latn,yor_Latn,intfloat/multilingual-e5-large,0.9924242424242424
scn_Latn,ron_Latn,intfloat/multilingual-e5-large,0.9924242424242424
eng_Latn,kea_Latn,intfloat/multilingual-e5-large,0.9924242424242424
ben_Beng,mri_Latn,intfloat/multilingual-e5-large,0.9924242424242424
pol_Latn,sun_Latn,intfloat/multilingual-e5-large,0.9924242424242424
cat_Latn,sun_Latn,intfloat/multilingual-e5-large,0.9924242424242424
tha_Thai,xho_Latn,Alibaba-NLP/gte-multilingual-base,0.9924242424242424
fra_Latn,ckb_Arab,intfloat/multilingual-e5-large,0.9923039923039924
nya_Latn,tam_Taml,intfloat/multilingual-e5-large,0.9923039923039924
lim_Latn,hin_Deva,Alibaba-NLP/gte-multilingual-base,0.9922138047138046
kmr_Latn,vie_Latn,jinaai/jina-embeddings-v3,0.9922138047138046
bul_Cyrl,tat_Cyrl,intfloat/multilingual-e5-large,0.9921717171717171
eng_Latn,gaz_Latn,intfloat/multilingual-e5-large,0.9921717171717171
fin_Latn,ckb_Arab,intfloat/multilingual-e5-large,0.9921436588103256
ibo_Latn,mkd_Cyrl,Alibaba-NLP/gte-multilingual-base,0.9921436588103256
kmr_Latn,nno_Latn,jinaai/jina-embeddings-v3,0.9921436588103256
kmr_Latn,tel_Telu,intfloat/multilingual-e5-large,0.9921436588103256
plt_Latn,pol_Latn,intfloat/multilingual-e5-large,0.9920033670033672
lim_Latn,ind_Latn,Alibaba-NLP/gte-multilingual-base,0.9920033670033672
ell_Grek,scn_Latn,intfloat/multilingual-e5-large,0.9920033670033672
eng_Latn,tsn_Latn,intfloat/multilingual-e5-large,0.9920033670033672
deu_Latn,lin_Latn,intfloat/multilingual-e5-large,0.9920033670033672
kmr_Latn,slk_Latn,jinaai/jina-embeddings-v3,0.9919191919191918
plt_Latn,swe_Latn,intfloat/multilingual-e5-large,0.9918981481481484
ell_Grek,ilo_Latn,intfloat/multilingual-e5-large,0.9918831168831168
jpn_Jpan,xho_Latn,intfloat/multilingual-e5-large,0.9918831168831168
eng_Latn,tso_Latn,intfloat/multilingual-e5-large,0.9918795801148744
hat_Latn,nld_Latn,intfloat/multilingual-e5-large,0.9918630751964088
fra_Latn,lin_Latn,intfloat/multilingual-e5-large,0.9917508417508418
fin_Latn,sna_Latn,intfloat/multilingual-e5-large,0.9917508417508418
plt_Latn,slv_Latn,intfloat/multilingual-e5-large,0.9917508417508418
tha_Thai,zul_Latn,Alibaba-NLP/gte-multilingual-base,0.99174031986532
ibo_Latn,som_Latn,Alibaba-NLP/gte-multilingual-base,0.9917189917189916
dan_Latn,ckb_Arab,intfloat/multilingual-e5-large,0.9916305916305918
kmr_Latn,tgk_Cyrl,intfloat/multilingual-e5-large,0.9915824915824916
hun_Latn,nya_Latn,intfloat/multilingual-e5-large,0.9915824915824916
lim_Latn,hun_Latn,Alibaba-NLP/gte-multilingual-base,0.9915824915824916
lim_Latn,ita_Latn,jinaai/jina-embeddings-v3,0.9915824915824916
amh_Ethi,twi_Latn,intfloat/multilingual-e5-large,0.9915824915824916
kin_Latn,nso_Latn,intfloat/multilingual-e5-large,0.9915824915824916
slk_Latn,xho_Latn,intfloat/multilingual-e5-large,0.9915824915824916
plt_Latn,vie_Latn,intfloat/multilingual-e5-large,0.9915824915824916
kin_Latn,tgl_Latn,intfloat/multilingual-e5-large,0.9915824915824916
bul_Cyrl,hat_Latn,intfloat/multilingual-e5-large,0.9915824915824916
spa_Latn,kea_Latn,intfloat/multilingual-e5-large,0.9915824915824916
fra_Latn,tat_Cyrl,intfloat/multilingual-e5-large,0.9915824915824916
lit_Latn,zul_Latn,Alibaba-NLP/gte-multilingual-base,0.9915824915824916
kin_Latn,twi_Latn,intfloat/multilingual-e5-large,0.9915824915824916
lin_Latn,swh_Latn,intfloat/multilingual-e5-large,0.9915824915824916
ibo_Latn,twi_Latn,intfloat/multilingual-e5-large,0.9915824915824916
isl_Latn,zul_Latn,intfloat/multilingual-e5-large,0.9915824915824916
kin_Latn,zul_Latn,intfloat/multilingual-e5-large,0.9915824915824916
cat_Latn,jav_Latn,intfloat/multilingual-e5-large,0.9915824915824916
ekk_Latn,nya_Latn,intfloat/multilingual-e5-large,0.9915824915824916
kmr_Latn,lit_Latn,jinaai/jina-embeddings-v3,0.9915824915824916
hau_Latn,sin_Sinh,intfloat/multilingual-e5-large,0.9915824915824916
ron_Latn,tat_Cyrl,intfloat/multilingual-e5-large,0.9915824915824916
heb_Hebr,nso_Latn,intfloat/multilingual-e5-large,0.9915824915824916
kat_Geor,nya_Latn,intfloat/multilingual-e5-large,0.9915824915824916
tir_Ethi,twi_Latn,intfloat/multilingual-e5-large,0.9915824915824916
hau_Latn,tgk_Cyrl,intfloat/multilingual-e5-large,0.9915824915824916
cat_Latn,ibo_Latn,Alibaba-NLP/gte-multilingual-base,0.991442199775533
bak_Cyrl,pol_Latn,intfloat/multilingual-e5-large,0.9913357715081852
plt_Latn,nld_Latn,intfloat/multilingual-e5-large,0.991199877563514
nya_Latn,pol_Latn,Alibaba-NLP/gte-multilingual-base,0.991161616161616
nld_Latn,ilo_Latn,intfloat/multilingual-e5-large,0.991161616161616
cat_Latn,som_Latn,intfloat/multilingual-e5-large,0.991161616161616
lim_Latn,tur_Latn,Alibaba-NLP/gte-multilingual-base,0.991161616161616
deu_Latn,scn_Latn,intfloat/multilingual-e5-large,0.991161616161616
tat_Cyrl,uig_Arab,intfloat/multilingual-e5-large,0.991161616161616
bul_Cyrl,scn_Latn,intfloat/multilingual-e5-large,0.991089466089466
ces_Latn,scn_Latn,intfloat/multilingual-e5-large,0.9909175791528732
hau_Latn,khm_Khmr,intfloat/multilingual-e5-large,0.9909090909090909
bos_Latn,bak_Cyrl,intfloat/multilingual-e5-large,0.9909090909090909
tsn_Latn,vie_Latn,Alibaba-NLP/gte-multilingual-base,0.9909090909090909
ell_Grek,plt_Latn,intfloat/multilingual-e5-large,0.9909090909090909
ilo_Latn,srp_Cyrl,intfloat/multilingual-e5-large,0.9909090909090909
ilo_Latn,isl_Latn,intfloat/multilingual-e5-large,0.9909090909090909
hau_Latn,tsn_Latn,intfloat/multilingual-e5-large,0.9909090909090909
rus_Cyrl,sna_Latn,intfloat/multilingual-e5-large,0.9909090909090909
hun_Latn,ckb_Arab,intfloat/multilingual-e5-large,0.9908810325476992
ell_Grek,ckb_Arab,intfloat/multilingual-e5-large,0.990796857463524
eng_Latn,lin_Latn,intfloat/multilingual-e5-large,0.9907758136924804
ita_Latn,ckb_Arab,intfloat/multilingual-e5-large,0.9907466271102634
eng_Latn,gla_Latn,intfloat/multilingual-e5-large,0.9907407407407408
tir_Ethi,zul_Latn,intfloat/multilingual-e5-large,0.9907407407407408
lit_Latn,swh_Latn,jinaai/jina-embeddings-v3,0.9907407407407408
ell_Grek,xho_Latn,Alibaba-NLP/gte-multilingual-base,0.9907407407407408
ind_Latn,tat_Cyrl,intfloat/multilingual-e5-large,0.9907407407407408
hat_Latn,tha_Thai,intfloat/multilingual-e5-large,0.9907407407407408
hin_Deva,xho_Latn,intfloat/multilingual-e5-large,0.9907407407407408
ilo_Latn,swe_Latn,intfloat/multilingual-e5-large,0.9907407407407408
hau_Latn,sna_Latn,intfloat/multilingual-e5-large,0.9907407407407408
hat_Latn,ibo_Latn,intfloat/multilingual-e5-large,0.9907407407407408
deu_Latn,som_Latn,intfloat/multilingual-e5-large,0.9907407407407408
tgk_Cyrl,tur_Latn,intfloat/multilingual-e5-large,0.9907407407407408
bul_Cyrl,ckb_Arab,intfloat/multilingual-e5-large,0.9907259731821136
mlt_Latn,lvs_Latn,intfloat/multilingual-e5-large,0.990683348637894
tur_Latn,tat_Cyrl,intfloat/multilingual-e5-large,0.9906204906204906
twi_Latn,zul_Latn,intfloat/multilingual-e5-large,0.9906204906204906
hrv_Latn,ckb_Arab,intfloat/multilingual-e5-large,0.990616953852248
war_Latn,nld_Latn,intfloat/multilingual-e5-large,0.9905930651544688
xho_Latn,fra_Latn,intfloat/multilingual-e5-large,0.990530303030303
nya_Latn,som_Latn,intfloat/multilingual-e5-large,0.990530303030303
mlt_Latn,swe_Latn,intfloat/multilingual-e5-large,0.9904601571268238
fra_Latn,scn_Latn,intfloat/multilingual-e5-large,0.9904601571268238
bul_Cyrl,xho_Latn,Alibaba-NLP/gte-multilingual-base,0.990358126721763
plt_Latn,tur_Latn,jinaai/jina-embeddings-v3,0.9903198653198654
nya_Latn,twi_Latn,intfloat/multilingual-e5-large,0.9903198653198654
bak_Cyrl,ind_Latn,intfloat/multilingual-e5-large,0.9903198653198654
ilo_Latn,pol_Latn,intfloat/multilingual-e5-large,0.9903198653198654
nld_Latn,tgk_Cyrl,intfloat/multilingual-e5-large,0.9903198653198654
ilo_Latn,lao_Laoo,intfloat/multilingual-e5-large,0.9903198653198652
lin_Latn,ron_Latn,intfloat/multilingual-e5-large,0.9903198653198652
heb_Hebr,tat_Cyrl,intfloat/multilingual-e5-large,0.9903198653198652
ell_Grek,zul_Latn,intfloat/multilingual-e5-large,0.9903198653198652
amh_Ethi,lin_Latn,intfloat/multilingual-e5-large,0.9903198653198652
fin_Latn,tat_Cyrl,intfloat/multilingual-e5-large,0.9903198653198652
bel_Cyrl,ilo_Latn,intfloat/multilingual-e5-large,0.9903198653198652
hin_Deva,kin_Latn,intfloat/multilingual-e5-large,0.9903198653198652
ces_Latn,tat_Cyrl,intfloat/multilingual-e5-large,0.9903198653198652
mlt_Latn,fra_Latn,intfloat/multilingual-e5-large,0.9902874902874904
heb_Hebr,ibo_Latn,intfloat/multilingual-e5-large,0.9902874902874904
roh_Latn,tur_Latn,jinaai/jina-embeddings-v3,0.9902626731895025
bak_Cyrl,slv_Latn,intfloat/multilingual-e5-large,0.9901960784313726
som_Latn,tgl_Latn,intfloat/multilingual-e5-large,0.9901648059542796
jpn_Jpan,kin_Latn,intfloat/multilingual-e5-large,0.9901648059542796
mlt_Latn,nld_Latn,intfloat/multilingual-e5-large,0.99013949013949
fra_Latn,tir_Ethi,intfloat/multilingual-e5-large,0.9901285583103766
dan_Latn,som_Latn,intfloat/multilingual-e5-large,0.99006734006734
lin_Latn,sna_Latn,intfloat/multilingual-e5-large,0.99006734006734
nya_Latn,ron_Latn,Alibaba-NLP/gte-multilingual-base,0.99006734006734
mya_Mymr,tgk_Cyrl,intfloat/multilingual-e5-large,0.990061909416748
kin_Latn,ron_Latn,intfloat/multilingual-e5-large,0.9900392817059483
isl_Latn,xho_Latn,intfloat/multilingual-e5-large,0.98989898989899
spa_Latn,ilo_Latn,intfloat/multilingual-e5-large,0.98989898989899
som_Latn,sot_Latn,intfloat/multilingual-e5-large,0.98989898989899
tgk_Cyrl,vie_Latn,intfloat/multilingual-e5-large,0.98989898989899
rus_Cyrl,som_Latn,intfloat/multilingual-e5-large,0.98989898989899
bak_Cyrl,ukr_Cyrl,intfloat/multilingual-e5-large,0.98989898989899
ell_Grek,nso_Latn,intfloat/multilingual-e5-large,0.98989898989899
ilo_Latn,ita_Latn,intfloat/multilingual-e5-large,0.98989898989899
xho_Latn,yor_Latn,intfloat/multilingual-e5-large,0.98989898989899
cym_Latn,hau_Latn,intfloat/multilingual-e5-large,0.98989898989899
amh_Ethi,som_Latn,intfloat/multilingual-e5-large,0.98989898989899
spa_Latn,tat_Cyrl,intfloat/multilingual-e5-large,0.98989898989899
hau_Latn,sot_Latn,intfloat/multilingual-e5-large,0.98989898989899
dan_Latn,lim_Latn,Alibaba-NLP/gte-multilingual-base,0.9897787397787398
hrv_Latn,som_Latn,intfloat/multilingual-e5-large,0.9897787397787398
bak_Cyrl,uig_Arab,intfloat/multilingual-e5-large,0.9897787397787398
spa_Latn,lin_Latn,intfloat/multilingual-e5-large,0.9897787397787398
ben_Beng,yor_Latn,intfloat/multilingual-e5-large,0.9897787397787398
ibo_Latn,xho_Latn,intfloat/multilingual-e5-large,0.9896885521885522
eng_Latn,lim_Latn,Alibaba-NLP/gte-multilingual-base,0.989688552188552
ces_Latn,nso_Latn,intfloat/multilingual-e5-large,0.9896464646464646
nya_Latn,swh_Latn,intfloat/multilingual-e5-large,0.9896464646464646
plt_Latn,slk_Latn,intfloat/multilingual-e5-large,0.989618406285073
hrv_Latn,sna_Latn,intfloat/multilingual-e5-large,0.9895622895622896
dan_Latn,ilo_Latn,intfloat/multilingual-e5-large,0.9895163758800124
ben_Beng,ilo_Latn,intfloat/multilingual-e5-large,0.9895163758800124
tat_Cyrl,ukr_Cyrl,intfloat/multilingual-e5-large,0.9894781144781146
fra_Latn,som_Latn,intfloat/multilingual-e5-large,0.9893939393939394
xho_Latn,ind_Latn,intfloat/multilingual-e5-large,0.9893543275896216
ceb_Latn,hau_Latn,intfloat/multilingual-e5-large,0.989337822671156
nld_Latn,sna_Latn,intfloat/multilingual-e5-large,0.9892977392977392
slv_Latn,tat_Cyrl,intfloat/multilingual-e5-large,0.9892255892255892
lim_Latn,eng_Latn,Alibaba-NLP/gte-multilingual-base,0.9891337618610344
sna_Latn,tel_Telu,intfloat/multilingual-e5-large,0.9891195909714428
ilo_Latn,mri_Latn,intfloat/multilingual-e5-large,0.9890572390572392
pol_Latn,tat_Cyrl,intfloat/multilingual-e5-large,0.9890572390572392
jpn_Jpan,lim_Latn,Alibaba-NLP/gte-multilingual-base,0.9890572390572392
hin_Deva,ibo_Latn,intfloat/multilingual-e5-large,0.9890572390572392
hau_Latn,kin_Latn,intfloat/multilingual-e5-large,0.9890572390572392
som_Latn,xho_Latn,intfloat/multilingual-e5-large,0.9890572390572392
hau_Latn,swh_Latn,intfloat/multilingual-e5-large,0.989057239057239
mkd_Cyrl,som_Latn,intfloat/multilingual-e5-large,0.989057239057239
heb_Hebr,xho_Latn,intfloat/multilingual-e5-large,0.989057239057239
hau_Latn,snd_Arab,intfloat/multilingual-e5-large,0.989057239057239
bul_Cyrl,nya_Latn,Alibaba-NLP/gte-multilingual-base,0.989057239057239
lim_Latn,lit_Latn,Alibaba-NLP/gte-multilingual-base,0.989057239057239
hat_Latn,yor_Latn,intfloat/multilingual-e5-large,0.989057239057239
ibo_Latn,nld_Latn,Alibaba-NLP/gte-multilingual-base,0.989057239057239
lim_Latn,spa_Latn,jinaai/jina-embeddings-v3,0.989057239057239
nya_Latn,tel_Telu,intfloat/multilingual-e5-large,0.988973063973064
cat_Latn,kin_Latn,intfloat/multilingual-e5-large,0.9889450056116724
ilo_Latn,hun_Latn,intfloat/multilingual-e5-large,0.9889369889369888
eng_Latn,ilo_Latn,intfloat/multilingual-e5-large,0.9888468013468016
ilo_Latn,nld_Latn,intfloat/multilingual-e5-large,0.9888468013468013
bak_Cyrl,tur_Latn,intfloat/multilingual-e5-large,0.988830613830614
eng_Latn,scn_Latn,intfloat/multilingual-e5-large,0.9888047138047138
ces_Latn,sna_Latn,intfloat/multilingual-e5-large,0.9887265512265512
bos_Latn,lim_Latn,Alibaba-NLP/gte-multilingual-base,0.9887205387205388
bak_Cyrl,ces_Latn,intfloat/multilingual-e5-large,0.9887106357694592
ibo_Latn,khm_Khmr,intfloat/multilingual-e5-large,0.988656405323072
jpn_Jpan,mlt_Latn,intfloat/multilingual-e5-large,0.9886363636363636
ckb_Arab,tgk_Cyrl,intfloat/multilingual-e5-large,0.9886363636363636
hrv_Latn,nso_Latn,intfloat/multilingual-e5-large,0.9886363636363636
eng_Latn,tat_Cyrl,intfloat/multilingual-e5-large,0.9886363636363636
som_Latn,tel_Telu,intfloat/multilingual-e5-large,0.9886363636363636
hrv_Latn,ibo_Latn,intfloat/multilingual-e5-large,0.9886363636363636
ibo_Latn,sna_Latn,intfloat/multilingual-e5-large,0.9886363636363636
hun_Latn,tgk_Cyrl,intfloat/multilingual-e5-large,0.9886363636363636
spa_Latn,som_Latn,intfloat/multilingual-e5-large,0.9886363636363636
ibo_Latn,sun_Latn,intfloat/multilingual-e5-large,0.9886363636363636
hau_Latn,lin_Latn,intfloat/multilingual-e5-large,0.9886363636363636
fra_Latn,nso_Latn,intfloat/multilingual-e5-large,0.9886363636363636
slk_Latn,som_Latn,intfloat/multilingual-e5-large,0.9885161135161136
spa_Latn,kin_Latn,intfloat/multilingual-e5-large,0.9885161135161136
ilo_Latn,tur_Latn,intfloat/multilingual-e5-large,0.9884960718294052
tgk_Cyrl,tha_Thai,intfloat/multilingual-e5-large,0.9884960718294052
hrv_Latn,scn_Latn,intfloat/multilingual-e5-large,0.9884559884559884
fra_Latn,tso_Latn,intfloat/multilingual-e5-large,0.988425925925926
ind_Latn,kin_Latn,intfloat/multilingual-e5-large,0.9884259259259258
mlt_Latn,hrv_Latn,intfloat/multilingual-e5-large,0.9884259259259258
hrv_Latn,tgk_Cyrl,intfloat/multilingual-e5-large,0.9883838383838384
lim_Latn,tam_Taml,intfloat/multilingual-e5-large,0.9883557800224468
lit_Latn,kin_Latn,intfloat/multilingual-e5-large,0.9883557800224468
eng_Latn,sna_Latn,intfloat/multilingual-e5-large,0.988253749617386
gla_Latn,srp_Cyrl,intfloat/multilingual-e5-large,0.9882154882154884
hye_Armn,som_Latn,intfloat/multilingual-e5-large,0.9882154882154884
swh_Latn,twi_Latn,intfloat/multilingual-e5-large,0.9882154882154884
mlt_Latn,swh_Latn,intfloat/multilingual-e5-large,0.9882154882154884
nld_Latn,kin_Latn,intfloat/multilingual-e5-large,0.9881102693602692
ita_Latn,kin_Latn,intfloat/multilingual-e5-large,0.9881032547699214
bul_Cyrl,nso_Latn,intfloat/multilingual-e5-large,0.9879349046015712
jpn_Jpan,kmr_Latn,jinaai/jina-embeddings-v3,0.9879349046015712
heb_Hebr,ilo_Latn,intfloat/multilingual-e5-large,0.9879349046015712
gla_Latn,ron_Latn,intfloat/multilingual-e5-large,0.9877946127946128
mar_Deva,sun_Latn,intfloat/multilingual-e5-large,0.9877946127946128
urd_Arab,yor_Latn,intfloat/multilingual-e5-large,0.9877946127946128
xho_Latn,tur_Latn,intfloat/multilingual-e5-large,0.9877946127946128
nso_Latn,swh_Latn,intfloat/multilingual-e5-large,0.9877946127946128
amh_Ethi,tgk_Cyrl,intfloat/multilingual-e5-large,0.9877946127946128
nya_Latn,slv_Latn,Alibaba-NLP/gte-multilingual-base,0.9877946127946128
bul_Cyrl,zul_Latn,intfloat/multilingual-e5-large,0.9877946127946128
dan_Latn,kin_Latn,intfloat/multilingual-e5-large,0.9877946127946128
ibo_Latn,ron_Latn,Alibaba-NLP/gte-multilingual-base,0.9877946127946128
lim_Latn,fra_Latn,Alibaba-NLP/gte-multilingual-base,0.9877622377622378
ell_Grek,sna_Latn,intfloat/multilingual-e5-large,0.987689393939394
ekk_Latn,som_Latn,intfloat/multilingual-e5-large,0.9875420875420876
sot_Latn,yor_Latn,intfloat/multilingual-e5-large,0.9875420875420876
ron_Latn,som_Latn,intfloat/multilingual-e5-large,0.9875420875420876
mya_Mymr,sun_Latn,intfloat/multilingual-e5-large,0.9875420875420876
isl_Latn,som_Latn,intfloat/multilingual-e5-large,0.9875420875420876
spa_Latn,ibo_Latn,Alibaba-NLP/gte-multilingual-base,0.987514029180696
ces_Latn,ckb_Arab,intfloat/multilingual-e5-large,0.987514029180696
fra_Latn,kin_Latn,intfloat/multilingual-e5-large,0.9875097125097124
heb_Hebr,ckb_Arab,intfloat/multilingual-e5-large,0.9874291157185896
hin_Deva,yor_Latn,intfloat/multilingual-e5-large,0.9873737373737372
ibo_Latn,kaz_Cyrl,Alibaba-NLP/gte-multilingual-base,0.9873737373737372
ibo_Latn,rus_Cyrl,Alibaba-NLP/gte-multilingual-base,0.9873737373737372
kin_Latn,ssw_Latn,intfloat/multilingual-e5-large,0.9873737373737372
plt_Latn,mkd_Cyrl,intfloat/multilingual-e5-large,0.9873737373737372
ibo_Latn,srp_Cyrl,Alibaba-NLP/gte-multilingual-base,0.9872534872534872
mlt_Latn,lit_Latn,intfloat/multilingual-e5-large,0.9872534872534872
hun_Latn,sna_Latn,intfloat/multilingual-e5-large,0.9871632996632996
hun_Latn,ilo_Latn,intfloat/multilingual-e5-large,0.987121212121212
fra_Latn,gaz_Latn,intfloat/multilingual-e5-large,0.987121212121212
gle_Latn,hau_Latn,intfloat/multilingual-e5-large,0.986952861952862
hau_Latn,tel_Telu,intfloat/multilingual-e5-large,0.986952861952862
som_Latn,twi_Latn,intfloat/multilingual-e5-large,0.986952861952862
zul_Latn,rus_Cyrl,Alibaba-NLP/gte-multilingual-base,0.9868927368927368
isl_Latn,lim_Latn,jinaai/jina-embeddings-v3,0.9868686868686868
hin_Deva,ilo_Latn,intfloat/multilingual-e5-large,0.9868686868686868
ibo_Latn,slk_Latn,Alibaba-NLP/gte-multilingual-base,0.9868476430976432
cat_Latn,sna_Latn,intfloat/multilingual-e5-large,0.9868326118326118
plt_Latn,rus_Cyrl,intfloat/multilingual-e5-large,0.9868326118326118
plt_Latn,srp_Cyrl,intfloat/multilingual-e5-large,0.9867424242424242
nno_Latn,kin_Latn,intfloat/multilingual-e5-large,0.9867003367003369
kin_Latn,srp_Cyrl,intfloat/multilingual-e5-large,0.9866329966329966
bak_Cyrl,fra_Latn,intfloat/multilingual-e5-large,0.9866047694995064
hau_Latn,sun_Latn,intfloat/multilingual-e5-large,0.9865319865319866
heb_Hebr,som_Latn,intfloat/multilingual-e5-large,0.9865319865319864
bak_Cyrl,hun_Latn,intfloat/multilingual-e5-large,0.9865319865319864
kin_Latn,yor_Latn,intfloat/multilingual-e5-large,0.9865319865319864
mya_Mymr,som_Latn,intfloat/multilingual-e5-large,0.9865319865319864
plt_Latn,mri_Latn,intfloat/multilingual-e5-large,0.9865319865319864
ibo_Latn,als_Latn,intfloat/multilingual-e5-large,0.9864996114996116
deu_Latn,kin_Latn,intfloat/multilingual-e5-large,0.9864117364117364
ilo_Latn,slv_Latn,intfloat/multilingual-e5-large,0.9863636363636364
slv_Latn,som_Latn,intfloat/multilingual-e5-large,0.9863215488215488
hau_Latn,ibo_Latn,intfloat/multilingual-e5-large,0.9862914862914862
bul_Cyrl,ibo_Latn,Alibaba-NLP/gte-multilingual-base,0.9861311527978196
tel_Telu,yor_Latn,intfloat/multilingual-e5-large,0.9861111111111112
plt_Latn,tha_Thai,intfloat/multilingual-e5-large,0.9861111111111112
slv_Latn,tgk_Cyrl,intfloat/multilingual-e5-large,0.9861111111111112
sna_Latn,ukr_Cyrl,Alibaba-NLP/gte-multilingual-base,0.9861111111111112
nno_Latn,nso_Latn,intfloat/multilingual-e5-large,0.9861111111111112
kat_Geor,som_Latn,intfloat/multilingual-e5-large,0.9861111111111112
ibo_Latn,sin_Sinh,intfloat/multilingual-e5-large,0.9861111111111112
kin_Latn,pol_Latn,intfloat/multilingual-e5-large,0.9860327412051548
xho_Latn,rus_Cyrl,Alibaba-NLP/gte-multilingual-base,0.9860291223927588
hat_Latn,ukr_Cyrl,intfloat/multilingual-e5-large,0.986026936026936
bul_Cyrl,sna_Latn,intfloat/multilingual-e5-large,0.9859708193041526
mlt_Latn,spa_Latn,intfloat/multilingual-e5-large,0.9859066859066858
eus_Latn,kin_Latn,intfloat/multilingual-e5-large,0.9858585858585858
lim_Latn,hrv_Latn,jinaai/jina-embeddings-v3,0.9858585858585858
nya_Latn,ukr_Cyrl,Alibaba-NLP/gte-multilingual-base,0.9858585858585858
kin_Latn,ind_Latn,intfloat/multilingual-e5-large,0.9858345358345358
xho_Latn,ukr_Cyrl,Alibaba-NLP/gte-multilingual-base,0.9858126721763084
hau_Latn,als_Latn,intfloat/multilingual-e5-large,0.9856902356902356
som_Latn,tgk_Cyrl,intfloat/multilingual-e5-large,0.9856902356902356
pol_Latn,kin_Latn,intfloat/multilingual-e5-large,0.9855699855699857
ibo_Latn,mar_Deva,intfloat/multilingual-e5-large,0.9855699855699857
ekk_Latn,ibo_Latn,intfloat/multilingual-e5-large,0.9855601469237832
bak_Cyrl,vie_Latn,intfloat/multilingual-e5-large,0.985498257428082
hau_Latn,jav_Latn,intfloat/multilingual-e5-large,0.985479797979798
bak_Cyrl,ita_Latn,intfloat/multilingual-e5-large,0.9854636104636104
fin_Latn,kin_Latn,intfloat/multilingual-e5-large,0.9854053354053354
lim_Latn,jpn_Jpan,Alibaba-NLP/gte-multilingual-base,0.9853535353535352
ron_Latn,sna_Latn,intfloat/multilingual-e5-large,0.9853174603174604
scn_Latn,pol_Latn,intfloat/multilingual-e5-large,0.9852693602693604
gla_Latn,mkd_Cyrl,intfloat/multilingual-e5-large,0.9852693602693604
amh_Ethi,mri_Latn,intfloat/multilingual-e5-large,0.9852693602693604
ibo_Latn,lvs_Latn,Alibaba-NLP/gte-multilingual-base,0.9852693602693604
tsn_Latn,ukr_Cyrl,Alibaba-NLP/gte-multilingual-base,0.9852693602693604
gla_Latn,ind_Latn,intfloat/multilingual-e5-large,0.9852693602693602
fin_Latn,som_Latn,intfloat/multilingual-e5-large,0.9852693602693602
hau_Latn,nso_Latn,intfloat/multilingual-e5-large,0.9852693602693602
hau_Latn,twi_Latn,intfloat/multilingual-e5-large,0.9851851851851852
hun_Latn,som_Latn,intfloat/multilingual-e5-large,0.98514911014911
deu_Latn,ibo_Latn,intfloat/multilingual-e5-large,0.9850168350168352
ilo_Latn,vie_Latn,intfloat/multilingual-e5-large,0.985016835016835
ibo_Latn,slv_Latn,Alibaba-NLP/gte-multilingual-base,0.985016835016835
als_Latn,yor_Latn,intfloat/multilingual-e5-large,0.985016835016835
ibo_Latn,vie_Latn,Alibaba-NLP/gte-multilingual-base,0.9848484848484848
spa_Latn,sna_Latn,intfloat/multilingual-e5-large,0.9848484848484848
xho_Latn,swe_Latn,intfloat/multilingual-e5-large,0.9847701149425288
pol_Latn,som_Latn,Alibaba-NLP/gte-multilingual-base,0.9847282347282348
ben_Beng,hau_Latn,intfloat/multilingual-e5-large,0.9845959595959596
twi_Latn,xho_Latn,intfloat/multilingual-e5-large,0.9845117845117846
ces_Latn,ibo_Latn,intfloat/multilingual-e5-large,0.9844276094276097
jpn_Jpan,plt_Latn,intfloat/multilingual-e5-large,0.9844276094276097
gla_Latn,hrv_Latn,intfloat/multilingual-e5-large,0.9844276094276094
ind_Latn,scn_Latn,intfloat/multilingual-e5-large,0.9843674843674844
mlt_Latn,ita_Latn,intfloat/multilingual-e5-large,0.9843434343434344
ces_Latn,som_Latn,intfloat/multilingual-e5-large,0.9843434343434344
jpn_Jpan,som_Latn,intfloat/multilingual-e5-large,0.9843434343434344
scn_Latn,tur_Latn,intfloat/multilingual-e5-large,0.9842929292929292
kin_Latn,lug_Latn,intfloat/multilingual-e5-large,0.9842171717171716
eng_Latn,tpi_Latn,intfloat/multilingual-e5-large,0.9842171717171716
slk_Latn,sna_Latn,Alibaba-NLP/gte-multilingual-base,0.9841597796143252
tgl_Latn,yor_Latn,intfloat/multilingual-e5-large,0.984006734006734
mlt_Latn,tur_Latn,intfloat/multilingual-e5-large,0.984006734006734
kaz_Cyrl,yor_Latn,intfloat/multilingual-e5-large,0.984006734006734
fin_Latn,ibo_Latn,Alibaba-NLP/gte-multilingual-base,0.984006734006734
bak_Cyrl,eng_Latn,intfloat/multilingual-e5-large,0.9839506172839506
plt_Latn,ukr_Cyrl,jinaai/jina-embeddings-v3,0.983948458948459
fra_Latn,sna_Latn,intfloat/multilingual-e5-large,0.9838864838864838
scn_Latn,swe_Latn,intfloat/multilingual-e5-large,0.9838383838383838
bak_Cyrl,dan_Latn,intfloat/multilingual-e5-large,0.9837962962962964
bos_Latn,kin_Latn,intfloat/multilingual-e5-large,0.9837181337181338
hrv_Latn,kin_Latn,intfloat/multilingual-e5-large,0.9837121212121211
bul_Cyrl,ilo_Latn,intfloat/multilingual-e5-large,0.9836700336700336
slv_Latn,sna_Latn,intfloat/multilingual-e5-large,0.9836139169472504
hun_Latn,ibo_Latn,Alibaba-NLP/gte-multilingual-base,0.9835858585858586
ces_Latn,gla_Latn,intfloat/multilingual-e5-large,0.9835858585858586
deu_Latn,sna_Latn,intfloat/multilingual-e5-large,0.9835858585858586
ron_Latn,kin_Latn,intfloat/multilingual-e5-large,0.9835858585858586
nya_Latn,tur_Latn,Alibaba-NLP/gte-multilingual-base,0.9835858585858586
deu_Latn,yor_Latn,intfloat/multilingual-e5-large,0.9835858585858586
bak_Cyrl,fin_Latn,intfloat/multilingual-e5-large,0.9835437710437712
hat_Latn,jpn_Jpan,intfloat/multilingual-e5-large,0.9835016835016837
ell_Grek,som_Latn,intfloat/multilingual-e5-large,0.9835016835016837
ibo_Latn,tur_Latn,Alibaba-NLP/gte-multilingual-base,0.9833754208754208
nya_Latn,swe_Latn,Alibaba-NLP/gte-multilingual-base,0.9833333333333332
pol_Latn,ilo_Latn,intfloat/multilingual-e5-large,0.9833052749719418
heb_Hebr,kin_Latn,intfloat/multilingual-e5-large,0.983270202020202
sna_Latn,yor_Latn,intfloat/multilingual-e5-large,0.9831649831649832
dan_Latn,sna_Latn,intfloat/multilingual-e5-large,0.9831649831649832
gla_Latn,heb_Hebr,intfloat/multilingual-e5-large,0.9831649831649832
nya_Latn,yor_Latn,intfloat/multilingual-e5-large,0.9831649831649832
nya_Latn,rus_Cyrl,Alibaba-NLP/gte-multilingual-base,0.9831649831649832
hat_Latn,mri_Latn,intfloat/multilingual-e5-large,0.9831326081326082
nso_Latn,ron_Latn,intfloat/multilingual-e5-large,0.9830829944466308
ces_Latn,ilo_Latn,intfloat/multilingual-e5-large,0.982984607984608
jpn_Jpan,sna_Latn,intfloat/multilingual-e5-large,0.9828162578162578
hun_Latn,kin_Latn,intfloat/multilingual-e5-large,0.9827861952861952
spa_Latn,yor_Latn,intfloat/multilingual-e5-large,0.9827441077441078
heb_Hebr,lim_Latn,Alibaba-NLP/gte-multilingual-base,0.9826839826839826
scn_Latn,nld_Latn,jinaai/jina-embeddings-v3,0.9826599326599328
yor_Latn,zul_Latn,intfloat/multilingual-e5-large,0.9826038159371492
bak_Cyrl,swe_Latn,intfloat/multilingual-e5-large,0.9826038159371492
fra_Latn,twi_Latn,intfloat/multilingual-e5-large,0.9825476992143658
nso_Latn,som_Latn,intfloat/multilingual-e5-large,0.9825036075036074
tso_Latn,yor_Latn,intfloat/multilingual-e5-large,0.9824915824915824
bel_Cyrl,yor_Latn,intfloat/multilingual-e5-large,0.9824915824915824
bak_Cyrl,spa_Latn,intfloat/multilingual-e5-large,0.9824074074074076
tsn_Latn,tur_Latn,intfloat/multilingual-e5-large,0.9823863636363636
nya_Latn,srp_Cyrl,Alibaba-NLP/gte-multilingual-base,0.9823232323232324
hau_Latn,zsm_Latn,intfloat/multilingual-e5-large,0.9823232323232324
scn_Latn,vie_Latn,Alibaba-NLP/gte-multilingual-base,0.9823232323232324
lim_Latn,heb_Hebr,jinaai/jina-embeddings-v5-text-small,0.9823232323232324
nya_Latn,slk_Latn,Alibaba-NLP/gte-multilingual-base,0.9823232323232324
afr_Latn,hau_Latn,intfloat/multilingual-e5-large,0.9823232323232324
lit_Latn,som_Latn,Alibaba-NLP/gte-multilingual-base,0.982272217120702
bul_Cyrl,kin_Latn,intfloat/multilingual-e5-large,0.9822671156004488
bul_Cyrl,som_Latn,intfloat/multilingual-e5-large,0.9822390572390574
mlt_Latn,slv_Latn,intfloat/multilingual-e5-large,0.9822390572390574
ita_Latn,sna_Latn,intfloat/multilingual-e5-large,0.9821428571428572
mlt_Latn,ukr_Cyrl,intfloat/multilingual-e5-large,0.982070707070707
lim_Latn,ukr_Cyrl,jinaai/jina-embeddings-v5-text-small,0.9819825236491904
bul_Cyrl,gla_Latn,intfloat/multilingual-e5-large,0.9819406183042548
tat_Cyrl,vie_Latn,intfloat/multilingual-e5-large,0.9819406183042548
afr_Latn,twi_Latn,intfloat/multilingual-e5-large,0.9819023569023568
amh_Ethi,hau_Latn,intfloat/multilingual-e5-large,0.9819023569023568
xho_Latn,pol_Latn,intfloat/multilingual-e5-large,0.9817821067821068
swh_Latn,yor_Latn,intfloat/multilingual-e5-large,0.9817821067821068
eng_Latn,hau_Latn,intfloat/multilingual-e5-large,0.9817491687056904
gla_Latn,hin_Deva,intfloat/multilingual-e5-large,0.9817010686575904
eng_Latn,kin_Latn,intfloat/multilingual-e5-large,0.9816919191919192
hau_Latn,mkd_Cyrl,Alibaba-NLP/gte-multilingual-base,0.9816498316498316
hye_Armn,yor_Latn,intfloat/multilingual-e5-large,0.9814814814814816
kat_Geor,yor_Latn,intfloat/multilingual-e5-large,0.9814814814814816
hau_Latn,nld_Latn,Alibaba-NLP/gte-multilingual-base,0.9814814814814814
hau_Latn,hin_Deva,intfloat/multilingual-e5-large,0.9812807562807564
hau_Latn,vie_Latn,Alibaba-NLP/gte-multilingual-base,0.9812289562289565
lin_Latn,som_Latn,intfloat/multilingual-e5-large,0.9812289562289562
ssw_Latn,swe_Latn,Alibaba-NLP/gte-multilingual-base,0.9812289562289562
xho_Latn,spa_Latn,intfloat/multilingual-e5-large,0.9812251300887664
pol_Latn,sna_Latn,intfloat/multilingual-e5-large,0.9811507936507936
hau_Latn,isl_Latn,intfloat/multilingual-e5-large,0.981060606060606
ibo_Latn,swe_Latn,Alibaba-NLP/gte-multilingual-base,0.981060606060606
ind_Latn,sna_Latn,intfloat/multilingual-e5-large,0.981060606060606
rus_Cyrl,kin_Latn,intfloat/multilingual-e5-large,0.9809368191721132
bak_Cyrl,slk_Latn,intfloat/multilingual-e5-large,0.980892255892256
lin_Latn,swe_Latn,intfloat/multilingual-e5-large,0.9808922558922556
gla_Latn,swe_Latn,intfloat/multilingual-e5-large,0.9808501683501684
heb_Hebr,scn_Latn,intfloat/multilingual-e5-large,0.9808138859862998
azj_Latn,hau_Latn,intfloat/multilingual-e5-large,0.9806397306397308
nld_Latn,hau_Latn,intfloat/multilingual-e5-large,0.9806397306397306
kin_Latn,swe_Latn,intfloat/multilingual-e5-large,0.9805555555555556
arz_Arab,xho_Latn,intfloat/multilingual-e5-large,0.9804771856495994
gla_Latn,lit_Latn,intfloat/multilingual-e5-large,0.9804292929292928
bel_Cyrl,mri_Latn,intfloat/multilingual-e5-large,0.9802188552188552
som_Latn,vie_Latn,Alibaba-NLP/gte-multilingual-base,0.9802188552188552
ekk_Latn,kin_Latn,intfloat/multilingual-e5-large,0.9802040876602282
hau_Latn,ita_Latn,intfloat/multilingual-e5-large,0.9801864801864802
ilo_Latn,jpn_Jpan,intfloat/multilingual-e5-large,0.980098605098605
mlt_Latn,slk_Latn,intfloat/multilingual-e5-large,0.9800785634118968
ell_Grek,kin_Latn,intfloat/multilingual-e5-large,0.9799382716049384
bel_Cyrl,hau_Latn,intfloat/multilingual-e5-large,0.97984977984978
mar_Deva,yor_Latn,intfloat/multilingual-e5-large,0.9797979797979798
ilo_Latn,slk_Latn,intfloat/multilingual-e5-large,0.9797979797979798
mlt_Latn,srp_Cyrl,intfloat/multilingual-e5-large,0.9797656047656048
ces_Latn,kin_Latn,intfloat/multilingual-e5-large,0.9795695045695044
ilo_Latn,ukr_Cyrl,intfloat/multilingual-e5-large,0.9795454545454544
afr_Latn,yor_Latn,intfloat/multilingual-e5-large,0.9794612794612796
eng_Latn,tel_Latn,jinaai/jina-embeddings-v5-text-small,0.9794310096034234
jav_Latn,mri_Latn,intfloat/multilingual-e5-large,0.9793771043771043
ind_Latn,ilo_Latn,intfloat/multilingual-e5-large,0.9793771043771043
som_Latn,tur_Latn,intfloat/multilingual-e5-large,0.9792929292929292
kin_Latn,tur_Latn,intfloat/multilingual-e5-large,0.9792220450115188
hye_Armn,mri_Latn,intfloat/multilingual-e5-large,0.9791666666666666
lin_Latn,pol_Latn,intfloat/multilingual-e5-large,0.9791245791245792
bak_Cyrl,tha_Thai,intfloat/multilingual-e5-large,0.9791017948912688
fry_Latn,hau_Latn,Alibaba-NLP/gte-multilingual-base,0.9790824915824916
bul_Cyrl,hau_Latn,intfloat/multilingual-e5-large,0.979037688715108
isl_Latn,yor_Latn,intfloat/multilingual-e5-large,0.9789562289562288
bak_Cyrl,nld_Latn,intfloat/multilingual-e5-large,0.9787469240367792
ita_Latn,hau_Latn,intfloat/multilingual-e5-large,0.9787095088819228
ibo_Latn,ukr_Cyrl,Alibaba-NLP/gte-multilingual-base,0.9785799168152108
som_Latn,yor_Latn,intfloat/multilingual-e5-large,0.9785736149372511
eng_Latn,twi_Latn,intfloat/multilingual-e5-large,0.9785360854926072
hau_Latn,yor_Latn,intfloat/multilingual-e5-large,0.9785353535353536
cym_Latn,lim_Latn,jinaai/jina-embeddings-v3,0.9785353535353536
ilo_Latn,tha_Thai,intfloat/multilingual-e5-large,0.9784752284752284
ibo_Latn,tel_Telu,intfloat/multilingual-e5-large,0.9781927114280056
mri_Latn,xho_Latn,intfloat/multilingual-e5-large,0.9781520562770564
ibo_Latn,lit_Latn,Alibaba-NLP/gte-multilingual-base,0.978030303030303
hau_Latn,heb_Hebr,intfloat/multilingual-e5-large,0.9779040404040404
nya_Latn,sun_Latn,intfloat/multilingual-e5-large,0.9778619528619528
scn_Latn,slv_Latn,jinaai/jina-embeddings-v3,0.9777790435685172
mri_Latn,mya_Mymr,intfloat/multilingual-e5-large,0.9777417027417028
nso_Latn,yor_Latn,intfloat/multilingual-e5-large,0.9776936026936028
tam_Taml,yor_Latn,intfloat/multilingual-e5-large,0.9776936026936028
hau_Latn,lvs_Latn,intfloat/multilingual-e5-large,0.9774831649831652
sna_Latn,vie_Latn,intfloat/multilingual-e5-large,0.9774410774410774
deu_Latn,hau_Latn,intfloat/multilingual-e5-large,0.977359088722725
lvs_Latn,yor_Latn,intfloat/multilingual-e5-large,0.977347549569772
eng_Latn,urd_Latn,jinaai/jina-embeddings-v5-text-small,0.9772727272727272
hau_Latn,lit_Latn,Alibaba-NLP/gte-multilingual-base,0.9772727272727272
afr_Latn,luo_Latn,Alibaba-NLP/gte-multilingual-base,0.9771907385543748
kat_Geor,mri_Latn,intfloat/multilingual-e5-large,0.977020202020202
scn_Latn,rus_Cyrl,jinaai/jina-embeddings-v3,0.976933621933622
dan_Latn,hau_Latn,intfloat/multilingual-e5-large,0.9769219977553312
sna_Latn,rus_Cyrl,Alibaba-NLP/gte-multilingual-base,0.9767935767935768
bos_Latn,hau_Latn,intfloat/multilingual-e5-large,0.9765993265993268
glg_Latn,hau_Latn,intfloat/multilingual-e5-large,0.9765712682379348
hau_Latn,hrv_Latn,intfloat/multilingual-e5-large,0.9765674765674764
spa_Latn,hau_Latn,intfloat/multilingual-e5-large,0.9765151515151516
ilo_Latn,rus_Cyrl,intfloat/multilingual-e5-large,0.976388888888889
kin_Latn,nld_Latn,Alibaba-NLP/gte-multilingual-base,0.9762626262626264
ell_Grek,hau_Latn,intfloat/multilingual-e5-large,0.9762040696823304
vie_Latn,yor_Latn,intfloat/multilingual-e5-large,0.9761784511784514
scn_Latn,slk_Latn,intfloat/multilingual-e5-large,0.9760301426968092
ssw_Latn,tur_Latn,Alibaba-NLP/gte-multilingual-base,0.9755892255892256
ekk_Latn,hau_Latn,Alibaba-NLP/gte-multilingual-base,0.9755050505050504
ron_Latn,yor_Latn,intfloat/multilingual-e5-large,0.9753367003367004
lin_Latn,tur_Latn,intfloat/multilingual-e5-large,0.9753367003367004
som_Latn,srp_Cyrl,intfloat/multilingual-e5-large,0.9752261627261628
hin_Deva,mri_Latn,intfloat/multilingual-e5-large,0.974915824915825
kin_Latn,vie_Latn,intfloat/multilingual-e5-large,0.9748168498168498
som_Latn,swe_Latn,intfloat/multilingual-e5-large,0.9748068924539512
hau_Latn,pol_Latn,intfloat/multilingual-e5-large,0.9746406684511132
mlt_Latn,rus_Cyrl,intfloat/multilingual-e5-large,0.974635241301908
lin_Latn,vie_Latn,intfloat/multilingual-e5-large,0.9744949494949494
nld_Latn,yor_Latn,intfloat/multilingual-e5-large,0.9743265993265994
ell_Grek,yor_Latn,intfloat/multilingual-e5-large,0.9742424242424242
cym_Latn,yor_Latn,intfloat/multilingual-e5-large,0.9742063492063492
hau_Latn,ron_Latn,intfloat/multilingual-e5-large,0.973989898989899
ces_Latn,hau_Latn,Alibaba-NLP/gte-multilingual-base,0.9738838602474964
xho_Latn,jpn_Jpan,Alibaba-NLP/gte-multilingual-base,0.9738237351873714
fin_Latn,mri_Latn,intfloat/multilingual-e5-large,0.9737854737854738
som_Latn,ukr_Cyrl,Alibaba-NLP/gte-multilingual-base,0.97376443001443
sna_Latn,swe_Latn,intfloat/multilingual-e5-large,0.9737373737373738
sna_Latn,tur_Latn,intfloat/multilingual-e5-large,0.9736683606248824
hau_Latn,ind_Latn,intfloat/multilingual-e5-large,0.9735449735449736
bul_Cyrl,yor_Latn,intfloat/multilingual-e5-large,0.97353044332211
ckb_Arab,ron_Latn,intfloat/multilingual-e5-large,0.9734848484848484
luo_Latn,tsn_Latn,Alibaba-NLP/gte-multilingual-base,0.9734091616444558
hun_Latn,hau_Latn,intfloat/multilingual-e5-large,0.9733853688399144
hun_Latn,yor_Latn,intfloat/multilingual-e5-large,0.9732744107744108
hau_Latn,tur_Latn,Alibaba-NLP/gte-multilingual-base,0.9731541606541608
khm_Khmr,yor_Latn,intfloat/multilingual-e5-large,0.973063973063973
fra_Latn,hau_Latn,intfloat/multilingual-e5-large,0.9730405910961468
tir_Ethi,yor_Latn,intfloat/multilingual-e5-large,0.9728956228956228
mlt_Latn,vie_Latn,intfloat/multilingual-e5-large,0.9728234728234728
ibo_Latn,isl_Latn,Alibaba-NLP/gte-multilingual-base,0.9728234728234728
lvs_Latn,mri_Latn,intfloat/multilingual-e5-large,0.972783389450056
ita_Latn,yor_Latn,intfloat/multilingual-e5-large,0.9727693602693605
fra_Latn,yor_Latn,intfloat/multilingual-e5-large,0.9727272727272728
nso_Latn,pol_Latn,Alibaba-NLP/gte-multilingual-base,0.9726430976430976
bak_Cyrl,deu_Latn,intfloat/multilingual-e5-large,0.972603014269681
gla_Latn,slk_Latn,intfloat/multilingual-e5-large,0.9725869809203144
ibo_Latn,tha_Thai,intfloat/multilingual-e5-large,0.9725083247899928
sna_Latn,srp_Cyrl,intfloat/multilingual-e5-large,0.9723725348725348
hrv_Latn,yor_Latn,intfloat/multilingual-e5-large,0.9723244348244348
ibo_Latn,pol_Latn,Alibaba-NLP/gte-multilingual-base,0.9720671628566364
cat_Latn,hau_Latn,intfloat/multilingual-e5-large,0.9719095719095718
lit_Latn,yor_Latn,intfloat/multilingual-e5-large,0.9717171717171716
mkd_Cyrl,yor_Latn,intfloat/multilingual-e5-large,0.9716961279461278
kin_Latn,hun_Latn,intfloat/multilingual-e5-large,0.971671192430531
rus_Cyrl,yor_Latn,intfloat/multilingual-e5-large,0.9716291704928068
eus_Latn,hau_Latn,intfloat/multilingual-e5-large,0.9716000585565802
amh_Ethi,yor_Latn,intfloat/multilingual-e5-large,0.9714971847324788
hau_Latn,ukr_Cyrl,Alibaba-NLP/gte-multilingual-base,0.9714646464646464
spa_Latn,gug_Latn,intfloat/multilingual-e5-large,0.9712602212602212
ckb_Arab,pol_Latn,intfloat/multilingual-e5-large,0.9711279461279462
luo_Latn,zul_Latn,Alibaba-NLP/gte-multilingual-base,0.9710459574095938
gla_Latn,ita_Latn,intfloat/multilingual-e5-large,0.9705387205387204
kin_Latn,ita_Latn,intfloat/multilingual-e5-large,0.9702071217222732
som_Latn,tha_Thai,intfloat/multilingual-e5-large,0.9698068801557862
hau_Latn,srp_Cyrl,intfloat/multilingual-e5-large,0.969765111431778
kin_Latn,rus_Cyrl,Alibaba-NLP/gte-multilingual-base,0.9696464646464646
ibo_Latn,jpn_Jpan,Alibaba-NLP/gte-multilingual-base,0.9694635751453934
ind_Latn,mri_Latn,intfloat/multilingual-e5-large,0.9694444444444446
tha_Thai,yor_Latn,intfloat/multilingual-e5-large,0.9694444444444444
twi_Latn,yor_Latn,intfloat/multilingual-e5-large,0.969388327721661
eng_Latn,mri_Latn,intfloat/multilingual-e5-large,0.9693742985409652
fin_Latn,hau_Latn,intfloat/multilingual-e5-large,0.9692106247661804
hrv_Latn,mri_Latn,intfloat/multilingual-e5-large,0.969194105557742
gla_Latn,pol_Latn,intfloat/multilingual-e5-large,0.9691317941317942
lug_Latn,tso_Latn,intfloat/multilingual-e5-large,0.9690265019533312
sun_Latn,yor_Latn,intfloat/multilingual-e5-large,0.969023569023569
fra_Latn,luo_Latn,Alibaba-NLP/gte-multilingual-base,0.9688552188552187
cat_Latn,mri_Latn,intfloat/multilingual-e5-large,0.968682860349527
ukr_Cyrl,yor_Latn,intfloat/multilingual-e5-large,0.9686026936026936
heb_Hebr,hau_Latn,intfloat/multilingual-e5-large,0.9685418009886094
lin_Latn,ita_Latn,intfloat/multilingual-e5-large,0.9684368191721132
afr_Latn,mri_Latn,intfloat/multilingual-e5-large,0.9684343434343434
dan_Latn,mri_Latn,intfloat/multilingual-e5-large,0.9682200795837158
ind_Latn,yor_Latn,intfloat/multilingual-e5-large,0.9680194805194804
cat_Latn,yor_Latn,intfloat/multilingual-e5-large,0.9680096418732782
kin_Latn,heb_Hebr,intfloat/multilingual-e5-large,0.9678229727734676
kin_Latn,slv_Latn,intfloat/multilingual-e5-large,0.9677415177415176
mri_Latn,urd_Arab,intfloat/multilingual-e5-large,0.9677267177267176
deu_Latn,mri_Latn,intfloat/multilingual-e5-large,0.967552980788275
nso_Latn,swe_Latn,Alibaba-NLP/gte-multilingual-base,0.9674493856312038
hau_Latn,swe_Latn,Alibaba-NLP/gte-multilingual-base,0.9674242424242424
kin_Latn,fra_Latn,intfloat/multilingual-e5-large,0.9668891293891296
fin_Latn,yor_Latn,intfloat/multilingual-e5-large,0.9667789001122334
heb_Hebr,mri_Latn,intfloat/multilingual-e5-large,0.9667287958954626
swe_Latn,yor_Latn,intfloat/multilingual-e5-large,0.9665085195388228
ces_Latn,mri_Latn,intfloat/multilingual-e5-large,0.9664702581369248
cat_Latn,gug_Latn,intfloat/multilingual-e5-large,0.9664141414141414
dan_Latn,wol_Latn,Alibaba-NLP/gte-multilingual-base,0.966372053872054
mri_Latn,tgl_Latn,intfloat/multilingual-e5-large,0.9662764003673094
eng_Latn,luo_Latn,Alibaba-NLP/gte-multilingual-base,0.9661676286676286
slv_Latn,yor_Latn,intfloat/multilingual-e5-large,0.9660867938645716
kin_Latn,ukr_Cyrl,Alibaba-NLP/gte-multilingual-base,0.9659473523109886
kin_Latn,eng_Latn,intfloat/multilingual-e5-large,0.9657404324070992
lin_Latn,nld_Latn,intfloat/multilingual-e5-large,0.9655210109755564
kin_Latn,tha_Thai,intfloat/multilingual-e5-large,0.9654784173302692
ces_Latn,gug_Latn,intfloat/multilingual-e5-large,0.9652693602693604
nso_Latn,rus_Cyrl,Alibaba-NLP/gte-multilingual-base,0.9649793388429752
luo_Latn,sna_Latn,Alibaba-NLP/gte-multilingual-base,0.9648589625862352
ckb_Arab,tur_Latn,intfloat/multilingual-e5-large,0.9647957305852044
fra_Latn,mri_Latn,intfloat/multilingual-e5-large,0.9646464646464646
pol_Latn,hau_Latn,intfloat/multilingual-e5-large,0.964611391694725
spa_Latn,mri_Latn,intfloat/multilingual-e5-large,0.9645622895622896
hau_Latn,hun_Latn,intfloat/multilingual-e5-large,0.964115676396378
mri_Latn,sin_Sinh,intfloat/multilingual-e5-large,0.9639166389166388
lit_Latn,mri_Latn,intfloat/multilingual-e5-large,0.9638047138047136
scn_Latn,jpn_Jpan,jinaai/jina-embeddings-v3,0.9635730804922724
hau_Latn,tha_Thai,intfloat/multilingual-e5-large,0.9635491822991822
spa_Latn,wol_Latn,Alibaba-NLP/gte-multilingual-base,0.9635040885040884
azb_Arab,eng_Latn,intfloat/multilingual-e5-large,0.9634776278715672
ckb_Arab,tha_Thai,intfloat/multilingual-e5-large,0.9634632375767128
srp_Cyrl,yor_Latn,intfloat/multilingual-e5-large,0.9633610541505278
tur_Latn,yor_Latn,intfloat/multilingual-e5-large,0.9633514633514632
kin_Latn,spa_Latn,intfloat/multilingual-e5-large,0.9631636927338508
ckb_Arab,swe_Latn,intfloat/multilingual-e5-large,0.9630019709288
ekk_Latn,mri_Latn,intfloat/multilingual-e5-large,0.962930587930588
eng_Latn,hin_Latn,jinaai/jina-embeddings-v5-text-small,0.9629208754208756
ell_Grek,wol_Latn,Alibaba-NLP/gte-multilingual-base,0.9628427128427128
bul_Cyrl,gug_Latn,intfloat/multilingual-e5-large,0.9627363377363376
hau_Latn,slv_Latn,intfloat/multilingual-e5-large,0.9627085418752086
eng_Latn,yor_Latn,intfloat/multilingual-e5-large,0.9626683501683504
ita_Latn,mri_Latn,intfloat/multilingual-e5-large,0.9625300625300623
nso_Latn,tur_Latn,intfloat/multilingual-e5-large,0.962339737241698
kin_Latn,luo_Latn,Alibaba-NLP/gte-multilingual-base,0.961945847362514
heb_Hebr,yor_Latn,intfloat/multilingual-e5-large,0.9615156571977598
bul_Cyrl,wol_Latn,Alibaba-NLP/gte-multilingual-base,0.9608164983164984
ces_Latn,yor_Latn,intfloat/multilingual-e5-large,0.9606924220560584
hun_Latn,mri_Latn,intfloat/multilingual-e5-large,0.9606443220079582
ell_Grek,mri_Latn,intfloat/multilingual-e5-large,0.9600468975468976
mya_Mymr,yor_Latn,intfloat/multilingual-e5-large,0.959736251402918
pol_Latn,yor_Latn,intfloat/multilingual-e5-large,0.959567901234568
ckb_Arab,eng_Latn,intfloat/multilingual-e5-large,0.9595560584196948
gla_Latn,nld_Latn,intfloat/multilingual-e5-large,0.9585578002244668
lug_Latn,twi_Latn,intfloat/multilingual-e5-large,0.9583814651719308
deu_Latn,gug_Latn,intfloat/multilingual-e5-large,0.9580940988835726
ekk_Latn,yor_Latn,intfloat/multilingual-e5-large,0.9578515620182289
ell_Grek,gug_Latn,intfloat/multilingual-e5-large,0.9578403078403078
gla_Latn,tur_Latn,intfloat/multilingual-e5-large,0.9577080327080326
eng_Latn,gug_Latn,intfloat/multilingual-e5-large,0.9573713323713324
isl_Latn,mri_Latn,intfloat/multilingual-e5-large,0.9572390572390572
ckb_Arab,spa_Latn,intfloat/multilingual-e5-large,0.9571257234655928
lin_Latn,rus_Cyrl,intfloat/multilingual-e5-large,0.9568131147676604
gla_Latn,hun_Latn,intfloat/multilingual-e5-large,0.9567953975848712
eng_Latn,ktu_Latn,intfloat/multilingual-e5-large,0.9567721174291344
hau_Latn,slk_Latn,intfloat/multilingual-e5-large,0.9567299983966652
luo_Latn,nya_Latn,Alibaba-NLP/gte-multilingual-base,0.9567067736185384
sna_Latn,tha_Thai,intfloat/multilingual-e5-large,0.9564793231459898
bul_Cyrl,mri_Latn,intfloat/multilingual-e5-large,0.9562608687608688
nya_Latn,tha_Thai,Alibaba-NLP/gte-multilingual-base,0.9560738968633704
ces_Latn,wol_Latn,Alibaba-NLP/gte-multilingual-base,0.9560567799204164
slk_Latn,yor_Latn,intfloat/multilingual-e5-large,0.9559275271173668
amh_Ethi,lug_Latn,intfloat/multilingual-e5-large,0.9554951221617888
fra_Latn,wol_Latn,intfloat/multilingual-e5-large,0.9554277103949848
hau_Latn,rus_Cyrl,Alibaba-NLP/gte-multilingual-base,0.9545454545454546
mri_Latn,sun_Latn,intfloat/multilingual-e5-large,0.954366013346596
dan_Latn,yor_Latn,intfloat/multilingual-e5-large,0.954088504088504
ckb_Arab,ukr_Cyrl,intfloat/multilingual-e5-large,0.9535029785029784
luo_Latn,xho_Latn,Alibaba-NLP/gte-multilingual-base,0.953285187256479
fra_Latn,kam_Latn,intfloat/multilingual-e5-large,0.9532723204931218
deu_Latn,wol_Latn,Alibaba-NLP/gte-multilingual-base,0.9531590413943356
kin_Latn,slk_Latn,intfloat/multilingual-e5-large,0.953091743078568
hau_Latn,jpn_Jpan,intfloat/multilingual-e5-large,0.953073446279968
hau_Latn,lug_Latn,intfloat/multilingual-e5-large,0.952773951637588
amh_Ethi,luo_Latn,Alibaba-NLP/gte-multilingual-base,0.952726464148878
mri_Latn,als_Latn,intfloat/multilingual-e5-large,0.952640548602436
lug_Latn,zul_Latn,intfloat/multilingual-e5-large,0.9523809523809524
kin_Latn,jpn_Jpan,intfloat/multilingual-e5-large,0.9523290261926626
lug_Latn,sot_Latn,intfloat/multilingual-e5-large,0.9517316017316017
afr_Latn,lug_Latn,intfloat/multilingual-e5-large,0.951658778931506
eng_Latn,wol_Latn,Alibaba-NLP/gte-multilingual-base,0.9513913646266589
luo_Latn,som_Latn,Alibaba-NLP/gte-multilingual-base,0.9511903220236554
afr_Latn,wol_Latn,intfloat/multilingual-e5-large,0.9490460157126824
gla_Latn,ukr_Cyrl,intfloat/multilingual-e5-large,0.9482323232323232
ckb_Arab,vie_Latn,intfloat/multilingual-e5-large,0.9481401314734648
ind_Latn,wol_Latn,intfloat/multilingual-e5-large,0.9480279750126102
hau_Latn,luo_Latn,Alibaba-NLP/gte-multilingual-base,0.947979797979798
ckb_Arab,nld_Latn,Alibaba-NLP/gte-multilingual-base,0.9477052268718934
mri_Latn,mal_Mlym,intfloat/multilingual-e5-large,0.9475919407316714
lug_Latn,nso_Latn,intfloat/multilingual-e5-large,0.9474479224479224
ckb_Arab,rus_Cyrl,intfloat/multilingual-e5-large,0.9468676665646364
mri_Latn,war_Latn,intfloat/multilingual-e5-large,0.9468070404623437
eng_Latn,kam_Latn,intfloat/multilingual-e5-large,0.9463895490856276
lug_Latn,tsn_Latn,intfloat/multilingual-e5-large,0.946297683797684
bre_Latn,tgl_Latn,intfloat/multilingual-e5-large,0.946054544489725
jpn_Jpan,mri_Latn,intfloat/multilingual-e5-large,0.9453342953342952
gla_Latn,rus_Cyrl,intfloat/multilingual-e5-large,0.9449555074555076
lug_Latn,nya_Latn,Alibaba-NLP/gte-multilingual-base,0.942815136932784
lug_Latn,swh_Latn,Alibaba-NLP/gte-multilingual-base,0.9426729068166124
fin_Latn,wol_Latn,intfloat/multilingual-e5-large,0.941474995262874
fra_Latn,fuv_Latn,Alibaba-NLP/gte-multilingual-base,0.9412483420059178
gla_Latn,jpn_Jpan,intfloat/multilingual-e5-large,0.9405800428527702
azb_Arab,fra_Latn,intfloat/multilingual-e5-large,0.9399055899318428
fra_Latn,ven_Latn,intfloat/multilingual-e5-large,0.9397179035619896
wol_Latn,nld_Latn,Alibaba-NLP/gte-multilingual-base,0.9384581908980304
eng_Latn,lug_Latn,intfloat/multilingual-e5-large,0.9378110665989452
jpn_Jpan,yor_Latn,intfloat/multilingual-e5-large,0.9372354497354496
spa_Latn,lug_Latn,intfloat/multilingual-e5-large,0.9370234022693976
wol_Latn,pol_Latn,Alibaba-NLP/gte-multilingual-base,0.9359848484848484
lug_Latn,xho_Latn,intfloat/multilingual-e5-large,0.9354163502189816
azb_Arab,rus_Cyrl,intfloat/multilingual-e5-large,0.933923851537488
lug_Latn,som_Latn,intfloat/multilingual-e5-large,0.9337789525289526
wol_Latn,rus_Cyrl,Alibaba-NLP/gte-multilingual-base,0.933201058201058
bre_Latn,urd_Arab,intfloat/multilingual-e5-large,0.933127948121589
twi_Latn,fra_Latn,intfloat/multilingual-e5-large,0.9328693592220448
wol_Latn,swe_Latn,Alibaba-NLP/gte-multilingual-base,0.9326621190257554
lug_Latn,sna_Latn,intfloat/multilingual-e5-large,0.9325717182141332
ell_Grek,lug_Latn,intfloat/multilingual-e5-large,0.932157448991228
fra_Latn,lug_Latn,intfloat/multilingual-e5-large,0.9319022979562196
bre_Latn,mal_Mlym,intfloat/multilingual-e5-large,0.9308379895895196
bre_Latn,cym_Latn,intfloat/multilingual-e5-large,0.930411149928694
bre_Latn,gle_Latn,intfloat/multilingual-e5-large,0.9294949471690284
mri_Latn,tel_Telu,intfloat/multilingual-e5-large,0.9293886685899988
mri_Latn,mar_Deva,intfloat/multilingual-e5-large,0.9288920704281206
lug_Latn,nld_Latn,Alibaba-NLP/gte-multilingual-base,0.9280257834055302
wol_Latn,ita_Latn,Alibaba-NLP/gte-multilingual-base,0.9279277820944488
lug_Latn,tur_Latn,Alibaba-NLP/gte-multilingual-base,0.9276316250134246
amh_Ethi,fuv_Latn,Alibaba-NLP/gte-multilingual-base,0.9256420980272396
lug_Latn,yor_Latn,intfloat/multilingual-e5-large,0.9253547378547378
ces_Latn,lug_Latn,Alibaba-NLP/gte-multilingual-base,0.9251815763511668
bre_Latn,kaz_Cyrl,intfloat/multilingual-e5-large,0.9250424950883483
fra_Latn,kmb_Latn,intfloat/multilingual-e5-large,0.9242521998625878
wol_Latn,tur_Latn,Alibaba-NLP/gte-multilingual-base,0.923163873163873
lug_Latn,pol_Latn,Alibaba-NLP/gte-multilingual-base,0.9210701267886018
eng_Latn,ven_Latn,intfloat/multilingual-e5-large,0.9189595492227072
eng_Latn,fuv_Latn,Alibaba-NLP/gte-multilingual-base,0.9189122638590722
bre_Latn,kat_Geor,intfloat/multilingual-e5-large,0.9187616218866218
bre_Latn,mar_Deva,intfloat/multilingual-e5-large,0.918287144905882
bre_Latn,sin_Sinh,intfloat/multilingual-e5-large,0.9181268444027614
bre_Latn,xho_Latn,intfloat/multilingual-e5-large,0.9168660305107448
lug_Latn,swe_Latn,Alibaba-NLP/gte-multilingual-base,0.9168477384879682
lug_Latn,rus_Cyrl,Alibaba-NLP/gte-multilingual-base,0.9167946858805732
lug_Latn,ron_Latn,Alibaba-NLP/gte-multilingual-base,0.9166338993791148
wol_Latn,spa_Latn,Alibaba-NLP/gte-multilingual-base,0.9161027568922304
bre_Latn,pan_Guru,intfloat/multilingual-e5-large,0.9158210480113136
bre_Latn,uzn_Latn,intfloat/multilingual-e5-large,0.9154305442667588
bre_Latn,isl_Latn,intfloat/multilingual-e5-large,0.913985487849124
bre_Latn,guj_Gujr,intfloat/multilingual-e5-large,0.9138093247941732
bre_Latn,jav_Latn,intfloat/multilingual-e5-large,0.913376359190753
lug_Latn,vie_Latn,Alibaba-NLP/gte-multilingual-base,0.913227417775164
bre_Latn,glg_Latn,intfloat/multilingual-e5-large,0.9115811643050948
bre_Latn,mai_Deva,intfloat/multilingual-e5-large,0.9110315913605612
bre_Latn,ron_Latn,intfloat/multilingual-e5-large,0.9103193958926912
wol_Latn,fra_Latn,Alibaba-NLP/gte-multilingual-base,0.910021961716877
bre_Latn,fry_Latn,intfloat/multilingual-e5-large,0.9092849126182458
bre_Latn,fra_Latn,intfloat/multilingual-e5-large,0.9089014582269044
bre_Latn,lit_Latn,intfloat/multilingual-e5-large,0.9072470595628116
eng_Latn,kmb_Latn,intfloat/multilingual-e5-large,0.906941202758951
bre_Latn,dan_Latn,intfloat/multilingual-e5-large,0.9050096402318192
bre_Latn,srp_Cyrl,intfloat/multilingual-e5-large,0.9043239104082336
bre_Latn,tam_Taml,intfloat/multilingual-e5-large,0.9041258055561538
eng_Latn,kac_Latn,Alibaba-NLP/gte-multilingual-base,0.9007716049382716
bre_Latn,eus_Latn,intfloat/multilingual-e5-large,0.9005834717742078
bre_Latn,kin_Latn,intfloat/multilingual-e5-large,0.8990344126309039
mri_Latn,ron_Latn,intfloat/multilingual-e5-large,0.897466375235434
bre_Latn,ces_Latn,intfloat/multilingual-e5-large,0.8946910886471976
bre_Latn,cat_Latn,intfloat/multilingual-e5-large,0.8943768896992971
gug_Latn,ron_Latn,intfloat/multilingual-e5-large,0.8937367878016024
bre_Latn,ita_Latn,intfloat/multilingual-e5-large,0.8920060425343517
bre_Latn,vie_Latn,intfloat/multilingual-e5-large,0.8916724640340702
bre_Latn,lvs_Latn,intfloat/multilingual-e5-large,0.8892860237710879
bre_Latn,spa_Latn,intfloat/multilingual-e5-large,0.8891480968630399
bre_Latn,slk_Latn,intfloat/multilingual-e5-large,0.8888135731098022
bre_Latn,hrv_Latn,intfloat/multilingual-e5-large,0.8882610379159708
bre_Latn,bos_Latn,intfloat/multilingual-e5-large,0.8858352647895511
spa_Latn,bam_Latn,intfloat/multilingual-e5-large,0.884953234225188
bre_Latn,ekk_Latn,intfloat/multilingual-e5-large,0.8820668300848598
bre_Latn,hun_Latn,intfloat/multilingual-e5-large,0.8812857511703863
afr_Latn,bam_Latn,intfloat/multilingual-e5-large,0.8804406388744541
diq_Latn,eng_Latn,jinaai/jina-embeddings-v3,0.8798371662008024
deu_Latn,bam_Latn,intfloat/multilingual-e5-large,0.8792807303654323
umb_Latn,zul_Latn,Alibaba-NLP/gte-multilingual-base,0.8789786905784458
bre_Latn,pol_Latn,intfloat/multilingual-e5-large,0.8785675767445372
bre_Latn,nno_Latn,intfloat/multilingual-e5-large,0.8781362376743271
mri_Latn,srp_Cyrl,intfloat/multilingual-e5-large,0.878078117489354
eng_Latn,quz_Latn,intfloat/multilingual-e5-large,0.8778190039451633
bre_Latn,ind_Latn,intfloat/multilingual-e5-large,0.876448995013111
bre_Latn,nld_Latn,jinaai/jina-embeddings-v3,0.8730084168466243
bre_Latn,tur_Latn,intfloat/multilingual-e5-large,0.8723787061968006
mri_Latn,swe_Latn,intfloat/multilingual-e5-large,0.8718363650837365
ben_Beng,bre_Latn,intfloat/multilingual-e5-large,0.8711874721800242
eng_Latn,bam_Latn,intfloat/multilingual-e5-large,0.8708001431012646
deu_Latn,bre_Latn,intfloat/multilingual-e5-large,0.8702660523114891
mri_Latn,mkd_Cyrl,intfloat/multilingual-e5-large,0.8699479791189273
bre_Latn,mkd_Cyrl,intfloat/multilingual-e5-large,0.8696901826713233
bre_Latn,eng_Latn,intfloat/multilingual-e5-large,0.8691105216895061
afr_Latn,umb_Latn,Alibaba-NLP/gte-multilingual-base,0.8686679015322185
mri_Latn,slv_Latn,intfloat/multilingual-e5-large,0.8648453237676432
bre_Latn,fin_Latn,intfloat/multilingual-e5-large,0.8646284742217696
mri_Latn,tha_Thai,intfloat/multilingual-e5-large,0.8643100791775036
fra_Latn,umb_Latn,Alibaba-NLP/gte-multilingual-base,0.8639795740174527
bre_Latn,swe_Latn,intfloat/multilingual-e5-large,0.8639396176637345
gug_Latn,pol_Latn,Alibaba-NLP/gte-multilingual-base,0.8635626247742636
kin_Latn,umb_Latn,intfloat/multilingual-e5-large,0.8635372732779437
bul_Cyrl,bre_Latn,jinaai/jina-embeddings-v3,0.862858890919739
ces_Latn,bre_Latn,jinaai/jina-embeddings-v3,0.8628308757252087
afr_Latn,bre_Latn,jinaai/jina-embeddings-v3,0.8626666142762461
eng_Latn,mos_Latn,intfloat/multilingual-e5-large,0.8622463872547378
bre_Latn,slv_Latn,intfloat/multilingual-e5-large,0.8620156418679223
mri_Latn,pol_Latn,intfloat/multilingual-e5-large,0.8616747718043697
gug_Latn,ita_Latn,Alibaba-NLP/gte-multilingual-base,0.8603296623585481
bel_Cyrl,bre_Latn,intfloat/multilingual-e5-large,0.8600271406141712
bre_Latn,hin_Deva,intfloat/multilingual-e5-large,0.8597024766037954
bre_Latn,ell_Grek,intfloat/multilingual-e5-large,0.8595688828529545
eng_Latn,umb_Latn,Alibaba-NLP/gte-multilingual-base,0.8590942663673724
bre_Latn,ukr_Cyrl,intfloat/multilingual-e5-large,0.8590531576560432
dan_Latn,bre_Latn,intfloat/multilingual-e5-large,0.8588004254564587
eng_Latn,quh_Latn,intfloat/multilingual-e5-large,0.8585410459489679
spa_Latn,bre_Latn,jinaai/jina-embeddings-v3,0.8572352802304385
gug_Latn,fra_Latn,intfloat/multilingual-e5-large,0.856678064592026
bre_Latn,deu_Latn,jinaai/jina-embeddings-v3,0.8562579320643529
bre_Latn,tha_Thai,intfloat/multilingual-e5-large,0.856226376607143
bre_Latn,heb_Hebr,intfloat/multilingual-e5-large,0.8559629760562688
asm_Beng,bre_Latn,jinaai/jina-embeddings-v3,0.8556934595206135
quz_Latn,spa_Latn,intfloat/multilingual-e5-large,0.8552136606123604
gug_Latn,fin_Latn,intfloat/multilingual-e5-large,0.85445902120227
ell_Grek,bre_Latn,intfloat/multilingual-e5-large,0.8534950674293722
gug_Latn,swe_Latn,intfloat/multilingual-e5-large,0.8531953825054797
gug_Latn,nld_Latn,Alibaba-NLP/gte-multilingual-base,0.8516619533126357
eng_Latn,bre_Latn,intfloat/multilingual-e5-large,0.8503388309490654
mri_Latn,tur_Latn,intfloat/multilingual-e5-large,0.8478205110177418
bre_Latn,rus_Cyrl,intfloat/multilingual-e5-large,0.8447314014271645
deu_Latn,ayr_Latn,intfloat/multilingual-e5-large,0.8418809194670734
mri_Latn,vie_Latn,intfloat/multilingual-e5-large,0.8417870768000386
gug_Latn,hun_Latn,Alibaba-NLP/gte-multilingual-base,0.8409657079391442
chv_Cyrl,rus_Cyrl,Alibaba-NLP/gte-multilingual-base,0.8377144166367502
mri_Latn,slk_Latn,intfloat/multilingual-e5-large,0.8354676209815804
gug_Latn,tur_Latn,intfloat/multilingual-e5-large,0.8352589231500501
mri_Latn,nld_Latn,Alibaba-NLP/gte-multilingual-base,0.8342132176861642
mri_Latn,ukr_Cyrl,Alibaba-NLP/gte-multilingual-base,0.8338469065448018
gug_Latn,rus_Cyrl,Alibaba-NLP/gte-multilingual-base,0.8310163110326991
ayr_Latn,pol_Latn,Alibaba-NLP/gte-multilingual-base,0.8223983774149809
ces_Latn,ayr_Latn,Alibaba-NLP/gte-multilingual-base,0.8214414359532454
bre_Latn,jpn_Jpan,intfloat/multilingual-e5-large,0.8206831638439936
ayr_Latn,ita_Latn,Alibaba-NLP/gte-multilingual-base,0.8199923091522805
ind_Latn,shn_Mymr,Alibaba-NLP/gte-multilingual-base,0.8106302115384029
eng_Latn,ayr_Latn,Alibaba-NLP/gte-multilingual-base,0.8101870056952349
ayr_Latn,rus_Cyrl,Alibaba-NLP/gte-multilingual-base,0.806184072459681
chv_Cyrl,eng_Latn,google/embeddinggemma-300m,0.8058243960521205
bam_Latn,fra_Latn,intfloat/multilingual-e5-large,0.8057531937839982
mri_Latn,rus_Cyrl,Alibaba-NLP/gte-multilingual-base,0.80064612657018
ayr_Latn,spa_Latn,Alibaba-NLP/gte-multilingual-base,0.7993262627598876
ayr_Latn,fra_Latn,Alibaba-NLP/gte-multilingual-base,0.7984833724361594
fra_Latn,nus_Latn,Alibaba-NLP/gte-multilingual-base,0.7777723041429214
bam_Latn,eng_Latn,intfloat/multilingual-e5-large,0.7753726494684363
ayr_Latn,eng_Latn,Alibaba-NLP/gte-multilingual-base,0.7746581843008398
cjk_Latn,fra_Latn,Alibaba-NLP/gte-multilingual-base,0.7722769643187148
eng_Latn,shn_Mymr,Alibaba-NLP/gte-multilingual-base,0.7714269546697784
bam_Latn,ita_Latn,intfloat/multilingual-e5-large,0.7584967368431775
eng_Latn,nus_Latn,intfloat/multilingual-e5-large,0.7458991533074216
eng_Latn,kwy_Latn,intfloat/multilingual-e5-large,0.7349688214110982
dik_Latn,fra_Latn,Alibaba-NLP/gte-multilingual-base,0.6630577609476047
eng_Latn,sme_Latn,Alibaba-NLP/gte-multilingual-base,0.6629844172241077
dik_Latn,eng_Latn,Alibaba-NLP/gte-multilingual-base,0.6471714321068466
eng_Latn,taq_Latn,Alibaba-NLP/gte-multilingual-base,0.5431123282223239
bod_Tibt,eng_Latn,jinaai/jina-embeddings-v5-text-small,0.4853675311508824
fra_Latn,tzm_Tfng,google/embeddinggemma-300m,0.352306337773532
eng_Latn,tzm_Tfng,google/embeddinggemma-300m,0.3272398890277123
dzo_Tibt,eng_Latn,jinaai/jina-embeddings-v5-text-small,0.2871590696365343
