source_lang,target_lang,model,MRR
ben_Beng,eng_Latn,jinaai/jina-embeddings-v3,0.9994145199063232
spa_Latn,cat_Latn,intfloat/multilingual-e5-large,0.9994145199063232
eng_Latn,ben_Beng,intfloat/multilingual-e5-large,0.9994145199063232
ben_Beng,sin_Sinh,intfloat/multilingual-e5-large,0.9994145199063232
nld_Latn,dan_Latn,intfloat/multilingual-e5-large,0.9994145199063232
eng_Latn,bul_Cyrl,intfloat/multilingual-e5-large,0.9988290398126464
cat_Latn,spa_Latn,jinaai/jina-embeddings-v3,0.9988290398126464
srp_Cyrl,tgl_Latn,intfloat/multilingual-e5-large,0.9988290398126464
eng_Latn,pol_Latn,intfloat/multilingual-e5-large,0.9988290398126464
eng_Latn,tgl_Latn,intfloat/multilingual-e5-large,0.9988290398126464
hrv_Latn,srp_Cyrl,intfloat/multilingual-e5-large,0.9988290398126464
eng_Latn,srp_Cyrl,intfloat/multilingual-e5-large,0.9986338797814208
bul_Cyrl,ell_Grek,intfloat/multilingual-e5-large,0.998536299765808
ita_Latn,eng_Latn,intfloat/multilingual-e5-large,0.998536299765808
eng_Latn,fra_Latn,intfloat/multilingual-e5-large,0.9982435597189696
vie_Latn,eng_Latn,intfloat/multilingual-e5-large,0.9982435597189696
ben_Beng,urd_Arab,intfloat/multilingual-e5-large,0.9982435597189696
tur_Latn,eng_Latn,intfloat/multilingual-e5-large,0.9982435597189696
srp_Cyrl,hrv_Latn,intfloat/multilingual-e5-large,0.9982435597189696
eng_Latn,urd_Arab,intfloat/multilingual-e5-large,0.998048399687744
bul_Cyrl,ukr_Cyrl,intfloat/multilingual-e5-large,0.998048399687744
eng_Latn,sin_Sinh,intfloat/multilingual-e5-large,0.998048399687744
hrv_Latn,tgl_Latn,intfloat/multilingual-e5-large,0.998048399687744
zsm_Latn,eng_Latn,intfloat/multilingual-e5-large,0.998048399687744
mkd_Cyrl,srp_Cyrl,intfloat/multilingual-e5-large,0.9980483996877438
eng_Latn,ron_Latn,intfloat/multilingual-e5-large,0.9979508196721312
hrv_Latn,eng_Latn,intfloat/multilingual-e5-large,0.9978922716627636
slk_Latn,ces_Latn,intfloat/multilingual-e5-large,0.9978532396565184
swe_Latn,eng_Latn,intfloat/multilingual-e5-large,0.9976971116315378
pol_Latn,eng_Latn,intfloat/multilingual-e5-large,0.9976580796252928
heb_Hebr,eng_Latn,intfloat/multilingual-e5-large,0.9976580796252928
hin_Deva,tel_Telu,intfloat/multilingual-e5-large,0.9976580796252928
eng_Latn,vie_Latn,jinaai/jina-embeddings-v5-text-nano,0.9976580796252928
hin_Deva,mar_Deva,intfloat/multilingual-e5-large,0.9976580796252928
bul_Cyrl,eng_Latn,intfloat/multilingual-e5-large,0.9976580796252928
ben_Beng,tgl_Latn,intfloat/multilingual-e5-large,0.9976580796252928
srp_Cyrl,eng_Latn,intfloat/multilingual-e5-large,0.9975800156128024
ces_Latn,pol_Latn,intfloat/multilingual-e5-large,0.99756049960968
bul_Cyrl,hrv_Latn,intfloat/multilingual-e5-large,0.9975047396007584
ukr_Cyrl,pol_Latn,intfloat/multilingual-e5-large,0.9974629195940672
sin_Sinh,tgl_Latn,intfloat/multilingual-e5-large,0.9974629195940672
nld_Latn,eng_Latn,intfloat/multilingual-e5-large,0.9974629195940672
guj_Gujr,mar_Deva,jinaai/jina-embeddings-v3,0.9974629195940672
fra_Latn,pol_Latn,intfloat/multilingual-e5-large,0.9974629195940672
dan_Latn,eng_Latn,intfloat/multilingual-e5-large,0.9974629195940672
dan_Latn,nld_Latn,intfloat/multilingual-e5-large,0.9974629195940672
tgl_Latn,urd_Arab,intfloat/multilingual-e5-large,0.9974629195940672
guj_Gujr,tel_Telu,intfloat/multilingual-e5-large,0.9973653395784544
tha_Thai,urd_Arab,intfloat/multilingual-e5-large,0.9973067915690867
eng_Latn,swe_Latn,intfloat/multilingual-e5-large,0.9972677595628416
pol_Latn,fra_Latn,intfloat/multilingual-e5-large,0.9972677595628416
bak_Cyrl,rus_Cyrl,intfloat/multilingual-e5-large,0.9972189695550352
ita_Latn,fra_Latn,intfloat/multilingual-e5-large,0.9971896955503512
fra_Latn,eng_Latn,jinaai/jina-embeddings-v3,0.9971896955503512
mkd_Cyrl,fra_Latn,intfloat/multilingual-e5-large,0.9971701795472288
bul_Cyrl,mkd_Cyrl,intfloat/multilingual-e5-large,0.9971213895394224
guj_Gujr,hin_Deva,intfloat/multilingual-e5-large,0.997114419538307
eng_Latn,hrv_Latn,intfloat/multilingual-e5-large,0.997111631537861
hin_Deva,tam_Taml,intfloat/multilingual-e5-large,0.997072599531616
ita_Latn,sin_Sinh,intfloat/multilingual-e5-large,0.997072599531616
bul_Cyrl,fra_Latn,intfloat/multilingual-e5-large,0.997072599531616
ben_Beng,kat_Geor,intfloat/multilingual-e5-large,0.9970140515222484
bos_Latn,tgl_Latn,intfloat/multilingual-e5-large,0.996967513360956
pol_Latn,ces_Latn,intfloat/multilingual-e5-large,0.9969610795137728
pol_Latn,urd_Arab,intfloat/multilingual-e5-large,0.9968774395003904
tur_Latn,pol_Latn,intfloat/multilingual-e5-large,0.9968774395003904
tur_Latn,hrv_Latn,intfloat/multilingual-e5-large,0.9968774395003904
ben_Beng,pan_Guru,intfloat/multilingual-e5-large,0.9968774395003904
ell_Grek,eng_Latn,intfloat/multilingual-e5-large,0.9968774395003904
mkd_Cyrl,ell_Grek,intfloat/multilingual-e5-large,0.9968774395003902
eng_Latn,kat_Geor,intfloat/multilingual-e5-large,0.9968007694881232
eng_Latn,ita_Latn,jinaai/jina-embeddings-v3,0.9967798594847777
mkd_Cyrl,pol_Latn,intfloat/multilingual-e5-large,0.9967798594847777
slv_Latn,pol_Latn,intfloat/multilingual-e5-large,0.9967798594847777
swe_Latn,nld_Latn,intfloat/multilingual-e5-large,0.99672131147541
nld_Latn,tgl_Latn,intfloat/multilingual-e5-large,0.99672131147541
deu_Latn,eng_Latn,jinaai/jina-embeddings-v5-text-small,0.996685774872709
ben_Beng,hne_Deva,intfloat/multilingual-e5-large,0.9966822794691648
eng_Latn,ukr_Cyrl,intfloat/multilingual-e5-large,0.9966822794691648
srp_Cyrl,fra_Latn,intfloat/multilingual-e5-large,0.9966822794691648
pol_Latn,vie_Latn,intfloat/multilingual-e5-large,0.9966822794691648
slv_Latn,tgl_Latn,intfloat/multilingual-e5-large,0.9966334894613584
mkd_Cyrl,eng_Latn,intfloat/multilingual-e5-large,0.9965988777464188
dan_Latn,srp_Cyrl,intfloat/multilingual-e5-large,0.9965846994535518
ben_Beng,npi_Deva,intfloat/multilingual-e5-large,0.9965707594513216
sin_Sinh,urd_Arab,intfloat/multilingual-e5-large,0.9965261514441842
eng_Latn,deu_Latn,google/embeddinggemma-300m,0.9965023267130996
kan_Knda,tel_Telu,intfloat/multilingual-e5-large,0.9964886149171056
heb_Hebr,urd_Arab,intfloat/multilingual-e5-large,0.9964871194379392
srp_Cyrl,urd_Arab,intfloat/multilingual-e5-large,0.9964871194379392
pol_Latn,swe_Latn,intfloat/multilingual-e5-large,0.9964592394334784
ben_Beng,pol_Latn,intfloat/multilingual-e5-large,0.9964592394334784
srp_Cyrl,pol_Latn,intfloat/multilingual-e5-large,0.9964394136525284
ces_Latn,srp_Cyrl,intfloat/multilingual-e5-large,0.9964318980200126
nld_Latn,sin_Sinh,intfloat/multilingual-e5-large,0.9963895394223264
swe_Latn,hrv_Latn,intfloat/multilingual-e5-large,0.9963309914129588
jav_Latn,tgl_Latn,intfloat/multilingual-e5-large,0.9963309914129588
bul_Cyrl,nld_Latn,intfloat/multilingual-e5-large,0.9962994655617609
hrv_Latn,ita_Latn,intfloat/multilingual-e5-large,0.9962950654019054
bul_Cyrl,dan_Latn,intfloat/multilingual-e5-large,0.9962919594067136
ita_Latn,pol_Latn,intfloat/multilingual-e5-large,0.9962919594067136
bul_Cyrl,srp_Cyrl,intfloat/multilingual-e5-large,0.9962919594067134
eng_Latn,hne_Deva,intfloat/multilingual-e5-large,0.9962919594067134
ukr_Cyrl,eng_Latn,intfloat/multilingual-e5-large,0.9961943793911008
eng_Latn,rus_Cyrl,jinaai/jina-embeddings-v3,0.9961943793911008
ben_Beng,kaz_Cyrl,intfloat/multilingual-e5-large,0.9961943793911008
hrv_Latn,ell_Grek,intfloat/multilingual-e5-large,0.9961089968774396
hrv_Latn,slv_Latn,intfloat/multilingual-e5-large,0.9961089968774394
hrv_Latn,sin_Sinh,intfloat/multilingual-e5-large,0.996096799375488
bul_Cyrl,urd_Arab,intfloat/multilingual-e5-large,0.996096799375488
ita_Latn,ron_Latn,intfloat/multilingual-e5-large,0.996096799375488
mar_Deva,tel_Telu,intfloat/multilingual-e5-large,0.996096799375488
dan_Latn,rus_Cyrl,intfloat/multilingual-e5-large,0.996096799375488
fra_Latn,srp_Cyrl,intfloat/multilingual-e5-large,0.996096799375488
pol_Latn,hrv_Latn,intfloat/multilingual-e5-large,0.9960637722932806
ben_Beng,jav_Latn,intfloat/multilingual-e5-large,0.99606084884342
fra_Latn,ita_Latn,intfloat/multilingual-e5-large,0.9960480093676816
mkd_Cyrl,hrv_Latn,intfloat/multilingual-e5-large,0.996030745211073
eng_Latn,ell_Grek,intfloat/multilingual-e5-large,0.9960080902703854
swe_Latn,tgl_Latn,intfloat/multilingual-e5-large,0.9960080902703854
ell_Grek,vie_Latn,intfloat/multilingual-e5-large,0.9959992193598752
swe_Latn,urd_Arab,intfloat/multilingual-e5-large,0.9959992193598752
zsm_Latn,srp_Cyrl,intfloat/multilingual-e5-large,0.995999219359875
mal_Mlym,sin_Sinh,intfloat/multilingual-e5-large,0.9959852793576448
spa_Latn,eng_Latn,jinaai/jina-embeddings-v5-text-nano,0.9959650663544104
srp_Cyrl,ukr_Cyrl,intfloat/multilingual-e5-large,0.9959406713505072
nld_Latn,fra_Latn,intfloat/multilingual-e5-large,0.9959406713505072
eng_Latn,spa_Latn,intfloat/multilingual-e5-large,0.9959394122535318
eng_Latn,mkd_Cyrl,intfloat/multilingual-e5-large,0.9959376430051952
slk_Latn,srp_Cyrl,intfloat/multilingual-e5-large,0.9959272432271468
swe_Latn,tur_Latn,intfloat/multilingual-e5-large,0.9959269848028632
rus_Cyrl,deu_Latn,jinaai/jina-embeddings-v3,0.9959083305453328
mkd_Cyrl,nld_Latn,intfloat/multilingual-e5-large,0.9959054166351892
srp_Cyrl,ita_Latn,intfloat/multilingual-e5-large,0.9959049565119318
eng_Latn,ceb_Latn,intfloat/multilingual-e5-large,0.9959032281640552
hrv_Latn,zsm_Latn,intfloat/multilingual-e5-large,0.9959016393442623
eng_Latn,zul_Latn,intfloat/multilingual-e5-large,0.9959016393442623
ron_Latn,eng_Latn,intfloat/multilingual-e5-large,0.9959016393442623
bul_Cyrl,pol_Latn,intfloat/multilingual-e5-large,0.9959016393442623
dan_Latn,pol_Latn,intfloat/multilingual-e5-large,0.9959016393442623
eng_Latn,tha_Thai,jinaai/jina-embeddings-v3,0.9959016393442623
hrv_Latn,jav_Latn,intfloat/multilingual-e5-large,0.9959016393442623
pan_Guru,urd_Arab,intfloat/multilingual-e5-large,0.9959016393442623
mkd_Cyrl,slv_Latn,intfloat/multilingual-e5-large,0.9958787421491092
fra_Latn,sin_Sinh,intfloat/multilingual-e5-large,0.9958737593398016
rus_Cyrl,eng_Latn,jinaai/jina-embeddings-v3,0.9958737593398016
nld_Latn,pol_Latn,intfloat/multilingual-e5-large,0.9958613482410416
nld_Latn,rus_Cyrl,intfloat/multilingual-e5-large,0.9958580153372824
bul_Cyrl,ita_Latn,intfloat/multilingual-e5-large,0.9958347273335564
fin_Latn,eng_Latn,intfloat/multilingual-e5-large,0.9957965531736024
mkd_Cyrl,tgl_Latn,intfloat/multilingual-e5-large,0.9957817149192772
eng_Latn,dan_Latn,intfloat/multilingual-e5-large,0.9957761793241886
eng_Latn,heb_Hebr,jinaai/jina-embeddings-v3,0.9957761793241886
eng_Latn,nld_Latn,intfloat/multilingual-e5-large,0.9957597047760982
nld_Latn,srp_Cyrl,intfloat/multilingual-e5-large,0.9957552693208432
ben_Beng,zul_Latn,intfloat/multilingual-e5-large,0.9957455113192818
eng_Latn,tur_Latn,intfloat/multilingual-e5-large,0.9957409193185472
pol_Latn,ukr_Cyrl,intfloat/multilingual-e5-large,0.9957390059849076
eng_Latn,fin_Latn,intfloat/multilingual-e5-large,0.9957365039332252
ces_Latn,hrv_Latn,intfloat/multilingual-e5-large,0.9957294393167104
bul_Cyrl,tgl_Latn,intfloat/multilingual-e5-large,0.995717631314821
ben_Beng,hrv_Latn,intfloat/multilingual-e5-large,0.9957078733132596
nld_Latn,ita_Latn,intfloat/multilingual-e5-large,0.9957064793130368
ben_Beng,vie_Latn,intfloat/multilingual-e5-large,0.9957064793130366
eng_Latn,zsm_Latn,intfloat/multilingual-e5-large,0.9957064793130366
fra_Latn,urd_Arab,intfloat/multilingual-e5-large,0.9956952428263904
nld_Latn,swe_Latn,intfloat/multilingual-e5-large,0.99568045797554
eng_Latn,azj_Latn,intfloat/multilingual-e5-large,0.995678599308576
bul_Cyrl,rus_Cyrl,intfloat/multilingual-e5-large,0.9956777793084446
bos_Latn,hrv_Latn,intfloat/multilingual-e5-large,0.9956621247604852
srp_Cyrl,tur_Latn,intfloat/multilingual-e5-large,0.9956609419724174
pol_Latn,ita_Latn,intfloat/multilingual-e5-large,0.995647931303669
tha_Thai,eng_Latn,intfloat/multilingual-e5-large,0.995647931303669
slk_Latn,eng_Latn,jinaai/jina-embeddings-v3,0.995608899297424
mkd_Cyrl,urd_Arab,intfloat/multilingual-e5-large,0.995608899297424
ben_Beng,ita_Latn,intfloat/multilingual-e5-large,0.995608899297424
ita_Latn,nld_Latn,intfloat/multilingual-e5-large,0.995608899297424
fra_Latn,hrv_Latn,intfloat/multilingual-e5-large,0.995608899297424
ces_Latn,tgl_Latn,intfloat/multilingual-e5-large,0.9956013931423768
swe_Latn,vie_Latn,intfloat/multilingual-e5-large,0.9956005352960856
slv_Latn,ces_Latn,intfloat/multilingual-e5-large,0.9955503512880562
ces_Latn,slv_Latn,intfloat/multilingual-e5-large,0.9955201901923214
ita_Latn,urd_Arab,intfloat/multilingual-e5-large,0.9955113192818112
hrv_Latn,fra_Latn,intfloat/multilingual-e5-large,0.995511319281811
mkd_Cyrl,ukr_Cyrl,intfloat/multilingual-e5-large,0.995511319281811
bos_Latn,eng_Latn,intfloat/multilingual-e5-large,0.9955015612802498
pol_Latn,tgl_Latn,intfloat/multilingual-e5-large,0.9954834392773504
mkd_Cyrl,bos_Latn,intfloat/multilingual-e5-large,0.9954616421829536
nld_Latn,urd_Arab,intfloat/multilingual-e5-large,0.9954394182176756
eng_Latn,kaz_Cyrl,intfloat/multilingual-e5-large,0.9954332552693208
deu_Latn,fra_Latn,intfloat/multilingual-e5-large,0.995432123906821
deu_Latn,nld_Latn,intfloat/multilingual-e5-large,0.9954226101767084
ben_Beng,ell_Grek,intfloat/multilingual-e5-large,0.9954137392661984
ita_Latn,tgl_Latn,intfloat/multilingual-e5-large,0.9954137392661984
hat_Latn,eng_Latn,intfloat/multilingual-e5-large,0.9954137392661984
fra_Latn,bul_Cyrl,intfloat/multilingual-e5-large,0.9954137392661984
nld_Latn,vie_Latn,intfloat/multilingual-e5-large,0.995413739266198
eng_Latn,ces_Latn,intfloat/multilingual-e5-large,0.9953974759302628
eng_Latn,ind_Latn,intfloat/multilingual-e5-large,0.9953893442622952
guj_Gujr,tam_Taml,intfloat/multilingual-e5-large,0.9953850392616064
bul_Cyrl,bos_Latn,intfloat/multilingual-e5-large,0.9953754518648767
pol_Latn,deu_Latn,intfloat/multilingual-e5-large,0.9953639954687656
bul_Cyrl,als_Latn,intfloat/multilingual-e5-large,0.995328750220342
slk_Latn,pol_Latn,intfloat/multilingual-e5-large,0.9953250301610956
cym_Latn,tgl_Latn,intfloat/multilingual-e5-large,0.9953161592505856
dan_Latn,ron_Latn,intfloat/multilingual-e5-large,0.9953161592505856
ita_Latn,hrv_Latn,intfloat/multilingual-e5-large,0.9953047716431296
heb_Hebr,srp_Cyrl,intfloat/multilingual-e5-large,0.9952882792461248
eng_Latn,slv_Latn,intfloat/multilingual-e5-large,0.9952624902419984
slv_Latn,hrv_Latn,intfloat/multilingual-e5-large,0.995260399241664
nld_Latn,deu_Latn,intfloat/multilingual-e5-large,0.9952499231187756
mkd_Cyrl,ita_Latn,intfloat/multilingual-e5-large,0.9952446005724694
ben_Beng,fra_Latn,intfloat/multilingual-e5-large,0.9952394892383184
srp_Cyrl,rus_Cyrl,intfloat/multilingual-e5-large,0.9952380952380953
pol_Latn,nld_Latn,intfloat/multilingual-e5-large,0.9952196398873164
tur_Latn,urd_Arab,intfloat/multilingual-e5-large,0.9952185792349728
mal_Mlym,tgl_Latn,intfloat/multilingual-e5-large,0.9951643681151878
eng_Latn,slk_Latn,intfloat/multilingual-e5-large,0.995160031225605
tur_Latn,vie_Latn,intfloat/multilingual-e5-large,0.9951476119508906
ces_Latn,slk_Latn,intfloat/multilingual-e5-large,0.9951321512211442
hrv_Latn,pol_Latn,intfloat/multilingual-e5-large,0.9951270041433976
srp_Cyrl,nld_Latn,intfloat/multilingual-e5-large,0.995126321765666
kan_Knda,hin_Deva,intfloat/multilingual-e5-large,0.995122521924415
hin_Deva,kan_Knda,intfloat/multilingual-e5-large,0.995122472125256
hne_Deva,urd_Arab,intfloat/multilingual-e5-large,0.99512099921936
zsm_Latn,tgl_Latn,intfloat/multilingual-e5-large,0.99512099921936
tam_Taml,tel_Telu,intfloat/multilingual-e5-large,0.9951209992193598
rus_Cyrl,srp_Cyrl,intfloat/multilingual-e5-large,0.9951209992193598
bul_Cyrl,ron_Latn,intfloat/multilingual-e5-large,0.9951209992193598
eng_Latn,jav_Latn,intfloat/multilingual-e5-large,0.9951209992193598
bul_Cyrl,slv_Latn,intfloat/multilingual-e5-large,0.9950644650564684
ell_Grek,tgl_Latn,intfloat/multilingual-e5-large,0.995062451209992
ben_Beng,rus_Cyrl,intfloat/multilingual-e5-large,0.995062451209992
ces_Latn,ita_Latn,intfloat/multilingual-e5-large,0.995062451209992
slv_Latn,srp_Cyrl,intfloat/multilingual-e5-large,0.9950604844809954
hrv_Latn,ces_Latn,intfloat/multilingual-e5-large,0.9950273618306404
dan_Latn,urd_Arab,intfloat/multilingual-e5-large,0.995023419203747
slk_Latn,urd_Arab,intfloat/multilingual-e5-large,0.9950094792015168
srp_Cyrl,ron_Latn,intfloat/multilingual-e5-large,0.9950094792015166
pol_Latn,dan_Latn,intfloat/multilingual-e5-large,0.9949955391992864
ben_Beng,swe_Latn,jinaai/jina-embeddings-v3,0.9949502341920374
ekk_Latn,tgl_Latn,intfloat/multilingual-e5-large,0.9949369911899184
slv_Latn,eng_Latn,intfloat/multilingual-e5-large,0.9949292831886852
ukr_Cyrl,urd_Arab,intfloat/multilingual-e5-large,0.9949063231850116
hrv_Latn,azj_Latn,intfloat/multilingual-e5-large,0.9948761620892768
hrv_Latn,ron_Latn,intfloat/multilingual-e5-large,0.9948672911787664
mkd_Cyrl,sin_Sinh,intfloat/multilingual-e5-large,0.9948607858443924
swe_Latn,pol_Latn,intfloat/multilingual-e5-large,0.994847775175644
pol_Latn,tur_Latn,intfloat/multilingual-e5-large,0.9948371300830318
dan_Latn,hrv_Latn,intfloat/multilingual-e5-large,0.9948282591725216
ron_Latn,ita_Latn,intfloat/multilingual-e5-large,0.9947957325006508
pol_Latn,srp_Cyrl,intfloat/multilingual-e5-large,0.9947892271662764
slk_Latn,slv_Latn,jinaai/jina-embeddings-v3,0.99478059903858
rus_Cyrl,fra_Latn,intfloat/multilingual-e5-large,0.9947775175644028
tha_Thai,tgl_Latn,intfloat/multilingual-e5-large,0.9947632058287796
glg_Latn,eng_Latn,intfloat/multilingual-e5-large,0.9947632058287796
mkd_Cyrl,slk_Latn,intfloat/multilingual-e5-large,0.9947614938986812
nno_Latn,eng_Latn,intfloat/multilingual-e5-large,0.9947585591613696
mkd_Cyrl,als_Latn,intfloat/multilingual-e5-large,0.9947556996737325
eng_Latn,tgk_Cyrl,intfloat/multilingual-e5-large,0.9947473704753688
tgl_Latn,vie_Latn,intfloat/multilingual-e5-large,0.9947306791569088
pol_Latn,mkd_Cyrl,intfloat/multilingual-e5-large,0.9947306791569088
amh_Ethi,tgl_Latn,intfloat/multilingual-e5-large,0.9947306791569088
heb_Hebr,tgl_Latn,intfloat/multilingual-e5-large,0.9947306791569088
bul_Cyrl,sin_Sinh,intfloat/multilingual-e5-large,0.9947306791569088
spa_Latn,sin_Sinh,intfloat/multilingual-e5-large,0.9947056072104512
hrv_Latn,lit_Latn,intfloat/multilingual-e5-large,0.9947027991524476
mar_Deva,tam_Taml,intfloat/multilingual-e5-large,0.9946916471506636
hrv_Latn,als_Latn,intfloat/multilingual-e5-large,0.9946656258131668
dan_Latn,fra_Latn,intfloat/multilingual-e5-large,0.9946656258131668
hrv_Latn,mkd_Cyrl,intfloat/multilingual-e5-large,0.9946577617516482
fra_Latn,slk_Latn,intfloat/multilingual-e5-large,0.994633099141296
ces_Latn,eng_Latn,intfloat/multilingual-e5-large,0.994633099141296
pol_Latn,rus_Cyrl,intfloat/multilingual-e5-large,0.9946135831381732
swe_Latn,ita_Latn,intfloat/multilingual-e5-large,0.9946107951377272
ory_Orya,sin_Sinh,intfloat/multilingual-e5-large,0.9945994651784676
ben_Beng,als_Latn,intfloat/multilingual-e5-large,0.9945710180623972
hun_Latn,slv_Latn,intfloat/multilingual-e5-large,0.994554534718469
bos_Latn,srp_Cyrl,intfloat/multilingual-e5-large,0.9945451964826032
hrv_Latn,dan_Latn,intfloat/multilingual-e5-large,0.9945443900361932
bul_Cyrl,slk_Latn,intfloat/multilingual-e5-large,0.9945419178152314
zsm_Latn,ita_Latn,intfloat/multilingual-e5-large,0.994535519125683
kaz_Cyrl,tat_Cyrl,intfloat/multilingual-e5-large,0.994535519125683
nld_Latn,hrv_Latn,intfloat/multilingual-e5-large,0.9945290137913088
srp_Cyrl,swe_Latn,intfloat/multilingual-e5-large,0.9945215791234528
fra_Latn,tgl_Latn,intfloat/multilingual-e5-large,0.9945163033687624
mkd_Cyrl,heb_Hebr,intfloat/multilingual-e5-large,0.9945076391212224
pol_Latn,slk_Latn,intfloat/multilingual-e5-large,0.994493011666827
ron_Latn,vie_Latn,intfloat/multilingual-e5-large,0.9944797591167612
eng_Latn,ory_Orya,intfloat/multilingual-e5-large,0.9944778267565204
pol_Latn,azj_Latn,intfloat/multilingual-e5-large,0.9944769711163154
hrv_Latn,rus_Cyrl,intfloat/multilingual-e5-large,0.9944769711163154
cym_Latn,eng_Latn,intfloat/multilingual-e5-large,0.9944574551131928
nld_Latn,als_Latn,intfloat/multilingual-e5-large,0.9944556809310908
hrv_Latn,deu_Latn,intfloat/multilingual-e5-large,0.994445959385326
hrv_Latn,ukr_Cyrl,intfloat/multilingual-e5-large,0.9944379391100704
bul_Cyrl,tur_Latn,intfloat/multilingual-e5-large,0.9944356431097028
ita_Latn,mkd_Cyrl,jinaai/jina-embeddings-v3,0.9944100591056094
bul_Cyrl,deu_Latn,intfloat/multilingual-e5-large,0.994403697035626
slk_Latn,ita_Latn,intfloat/multilingual-e5-large,0.9943934071393088
ita_Latn,ell_Grek,intfloat/multilingual-e5-large,0.9943905431024868
deu_Latn,srp_Cyrl,intfloat/multilingual-e5-large,0.9943853960247404
slk_Latn,hrv_Latn,intfloat/multilingual-e5-large,0.9943833581063124
dan_Latn,ita_Latn,intfloat/multilingual-e5-large,0.9943793911007026
urd_Arab,zul_Latn,intfloat/multilingual-e5-large,0.9943793911007026
heb_Hebr,slv_Latn,intfloat/multilingual-e5-large,0.9943793911007026
als_Latn,tgl_Latn,intfloat/multilingual-e5-large,0.9943515110962416
hrv_Latn,nld_Latn,intfloat/multilingual-e5-large,0.9943471896955504
dan_Latn,tgl_Latn,intfloat/multilingual-e5-large,0.9943403590944576
jav_Latn,urd_Arab,intfloat/multilingual-e5-large,0.9943403590944576
fra_Latn,deu_Latn,jinaai/jina-embeddings-v3,0.9943293290986064
kat_Geor,sin_Sinh,intfloat/multilingual-e5-large,0.9943143377569608
ita_Latn,dan_Latn,intfloat/multilingual-e5-large,0.9943124790899966
swe_Latn,ell_Grek,intfloat/multilingual-e5-large,0.9943013270882124
deu_Latn,pol_Latn,intfloat/multilingual-e5-large,0.9942977190876352
pol_Latn,slv_Latn,intfloat/multilingual-e5-large,0.9942915690866512
rus_Cyrl,ita_Latn,jinaai/jina-embeddings-v3,0.9942818110850896
npi_Deva,urd_Arab,intfloat/multilingual-e5-large,0.9942743049300428
eng_Latn,pan_Guru,intfloat/multilingual-e5-large,0.9942622950819672
swe_Latn,deu_Latn,intfloat/multilingual-e5-large,0.9942595070815212
ron_Latn,fra_Latn,intfloat/multilingual-e5-large,0.9942427790788446
hrv_Latn,kat_Geor,intfloat/multilingual-e5-large,0.9942330210772834
dan_Latn,swe_Latn,intfloat/multilingual-e5-large,0.9942246090069718
eng_Latn,als_Latn,intfloat/multilingual-e5-large,0.9942183840749416
bul_Cyrl,vie_Latn,intfloat/multilingual-e5-large,0.9942037470725996
srp_Cyrl,ces_Latn,intfloat/multilingual-e5-large,0.994187073205854
fra_Latn,nld_Latn,intfloat/multilingual-e5-large,0.9941870190699232
nld_Latn,tur_Latn,intfloat/multilingual-e5-large,0.9941777257351028
hrv_Latn,tgk_Cyrl,intfloat/multilingual-e5-large,0.9941765332275374
slv_Latn,slk_Latn,intfloat/multilingual-e5-large,0.9941730790676928
heb_Hebr,swe_Latn,intfloat/multilingual-e5-large,0.994156351065016
fin_Latn,nld_Latn,intfloat/multilingual-e5-large,0.994149216182154
heb_Hebr,mkd_Cyrl,intfloat/multilingual-e5-large,0.9941382290621168
cym_Latn,sin_Sinh,intfloat/multilingual-e5-large,0.9941261899692811
eng_Latn,npi_Deva,intfloat/multilingual-e5-large,0.9941097154211908
hrv_Latn,tur_Latn,intfloat/multilingual-e5-large,0.9940831026896602
ben_Beng,tur_Latn,intfloat/multilingual-e5-large,0.9940671350507416
nno_Latn,hrv_Latn,intfloat/multilingual-e5-large,0.9940560821813867
dan_Latn,deu_Latn,intfloat/multilingual-e5-large,0.994050621509638
hrv_Latn,vie_Latn,intfloat/multilingual-e5-large,0.9940476190476192
fra_Latn,ron_Latn,intfloat/multilingual-e5-large,0.9940476190476192
ces_Latn,fra_Latn,intfloat/multilingual-e5-large,0.9940476190476192
tur_Latn,ron_Latn,intfloat/multilingual-e5-large,0.9940308910449428
ben_Beng,ukr_Cyrl,intfloat/multilingual-e5-large,0.994008587041374
ces_Latn,nld_Latn,intfloat/multilingual-e5-large,0.9939825657038772
ita_Latn,srp_Cyrl,intfloat/multilingual-e5-large,0.993978016519
ron_Latn,ukr_Cyrl,intfloat/multilingual-e5-large,0.9939589099425166
guj_Gujr,kan_Knda,intfloat/multilingual-e5-large,0.993951784129156
kan_Knda,mar_Deva,intfloat/multilingual-e5-large,0.9939514670322348
sin_Sinh,zul_Latn,intfloat/multilingual-e5-large,0.9939500390320064
dan_Latn,ukr_Cyrl,intfloat/multilingual-e5-large,0.9939500390320064
ces_Latn,vie_Latn,intfloat/multilingual-e5-large,0.9939500390320062
kat_Geor,kaz_Cyrl,intfloat/multilingual-e5-large,0.9939500390320062
nno_Latn,tgl_Latn,intfloat/multilingual-e5-large,0.993934998503284
eng_Latn,mal_Mlym,intfloat/multilingual-e5-large,0.993929263931908
tur_Latn,ukr_Cyrl,intfloat/multilingual-e5-large,0.9939221590275455
amh_Ethi,sin_Sinh,intfloat/multilingual-e5-large,0.9939221590275455
bos_Latn,mkd_Cyrl,intfloat/multilingual-e5-large,0.9938966376298682
deu_Latn,rus_Cyrl,intfloat/multilingual-e5-large,0.9938928369538884
ukr_Cyrl,vie_Latn,intfloat/multilingual-e5-large,0.9938524590163934
ekk_Latn,eng_Latn,intfloat/multilingual-e5-large,0.9938363499144502
ell_Grek,hrv_Latn,intfloat/multilingual-e5-large,0.99382766048611
ben_Beng,zsm_Latn,intfloat/multilingual-e5-large,0.9938165084843256
slv_Latn,fra_Latn,intfloat/multilingual-e5-large,0.9938146612237846
fin_Latn,tgl_Latn,intfloat/multilingual-e5-large,0.9938113880247474
hun_Latn,eng_Latn,intfloat/multilingual-e5-large,0.9938105883187852
sin_Sinh,als_Latn,intfloat/multilingual-e5-large,0.9938064570090333
bos_Latn,ita_Latn,intfloat/multilingual-e5-large,0.993777500999095
hrv_Latn,mal_Mlym,intfloat/multilingual-e5-large,0.9937743950039032
ben_Beng,srp_Cyrl,intfloat/multilingual-e5-large,0.9937548790007809
srp_Cyrl,vie_Latn,intfloat/multilingual-e5-large,0.9937548790007809
zsm_Latn,sin_Sinh,intfloat/multilingual-e5-large,0.9937548790007806
ces_Latn,urd_Arab,intfloat/multilingual-e5-large,0.9937456949993112
tur_Latn,fra_Latn,jinaai/jina-embeddings-v3,0.993735362997658
swe_Latn,fra_Latn,intfloat/multilingual-e5-large,0.993735362997658
zsm_Latn,rus_Cyrl,intfloat/multilingual-e5-large,0.9937261789961888
kaz_Cyrl,als_Latn,intfloat/multilingual-e5-large,0.9937240209049344
deu_Latn,ita_Latn,intfloat/multilingual-e5-large,0.9937134074941452
mkd_Cyrl,dan_Latn,intfloat/multilingual-e5-large,0.9937130589940892
ita_Latn,ukr_Cyrl,intfloat/multilingual-e5-large,0.9936916128368118
als_Latn,eng_Latn,intfloat/multilingual-e5-large,0.9936761009881762
slv_Latn,ukr_Cyrl,intfloat/multilingual-e5-large,0.9936754594601817
rus_Cyrl,pol_Latn,intfloat/multilingual-e5-large,0.993657298985168
zsm_Latn,urd_Arab,intfloat/multilingual-e5-large,0.9936572989851676
ben_Beng,hye_Armn,intfloat/multilingual-e5-large,0.9936547534195432
ceb_Latn,sin_Sinh,intfloat/multilingual-e5-large,0.9936475409836066
nno_Latn,nld_Latn,intfloat/multilingual-e5-large,0.9936328557503934
bul_Cyrl,swe_Latn,intfloat/multilingual-e5-large,0.9936294189807072
rus_Cyrl,mkd_Cyrl,intfloat/multilingual-e5-large,0.9936213484531
spa_Latn,ita_Latn,jinaai/jina-embeddings-v5-text-small,0.9936160985341314
rus_Cyrl,nld_Latn,jinaai/jina-embeddings-v3,0.9935987509758
ita_Latn,zsm_Latn,intfloat/multilingual-e5-large,0.9935987509758
ben_Beng,deu_Latn,jinaai/jina-embeddings-v3,0.9935884506635154
eng_Latn,khm_Khmr,intfloat/multilingual-e5-large,0.993575646518404
nld_Latn,slk_Latn,intfloat/multilingual-e5-large,0.9935747312796492
ell_Grek,ukr_Cyrl,intfloat/multilingual-e5-large,0.9935685898800652
eng_Latn,glg_Latn,intfloat/multilingual-e5-large,0.9935620845456912
ory_Orya,urd_Arab,intfloat/multilingual-e5-large,0.99355849921936
ekk_Latn,srp_Cyrl,intfloat/multilingual-e5-large,0.9935499609679938
dan_Latn,mkd_Cyrl,intfloat/multilingual-e5-large,0.993527433683004
deu_Latn,dan_Latn,intfloat/multilingual-e5-large,0.993507175884225
kaz_Cyrl,urd_Arab,intfloat/multilingual-e5-large,0.9935011709601874
rus_Cyrl,spa_Latn,intfloat/multilingual-e5-large,0.993497861296456
fin_Latn,ron_Latn,intfloat/multilingual-e5-large,0.9934846574190836
spa_Latn,urd_Arab,intfloat/multilingual-e5-large,0.993458886286755
ben_Beng,bos_Latn,intfloat/multilingual-e5-large,0.9934574987853676
fin_Latn,slk_Latn,intfloat/multilingual-e5-large,0.9934507546187874
bel_Cyrl,eng_Latn,intfloat/multilingual-e5-large,0.9934499209519873
slk_Latn,fra_Latn,intfloat/multilingual-e5-large,0.993422219856646
hrv_Latn,swe_Latn,intfloat/multilingual-e5-large,0.993413348946136
bul_Cyrl,ben_Beng,intfloat/multilingual-e5-large,0.9934124618550848
fra_Latn,spa_Latn,google/embeddinggemma-300m,0.9934098639455782
jav_Latn,sin_Sinh,intfloat/multilingual-e5-large,0.9934035909445744
srp_Cyrl,slv_Latn,intfloat/multilingual-e5-large,0.9933931538980276
ekk_Latn,pol_Latn,intfloat/multilingual-e5-large,0.9933839944728482
fra_Latn,dan_Latn,intfloat/multilingual-e5-large,0.9933791959406714
eng_Latn,ydd_Hebr,intfloat/multilingual-e5-large,0.9933591571874651
nld_Latn,ces_Latn,intfloat/multilingual-e5-large,0.993350618936099
ell_Grek,pol_Latn,intfloat/multilingual-e5-large,0.9933227389316382
fra_Latn,tur_Latn,intfloat/multilingual-e5-large,0.9933073568602117
eng_Latn,hat_Latn,intfloat/multilingual-e5-large,0.9932864949258392
fra_Latn,als_Latn,intfloat/multilingual-e5-large,0.9932758498332268
pol_Latn,sin_Sinh,intfloat/multilingual-e5-large,0.9932669789227166
bul_Cyrl,jav_Latn,intfloat/multilingual-e5-large,0.9932669789227166
dan_Latn,ces_Latn,intfloat/multilingual-e5-large,0.9932616563764104
bul_Cyrl,ces_Latn,intfloat/multilingual-e5-large,0.9932498560024294
fin_Latn,dan_Latn,intfloat/multilingual-e5-large,0.9932425839188136
swe_Latn,ukr_Cyrl,intfloat/multilingual-e5-large,0.9932390989182558
srp_Cyrl,slk_Latn,intfloat/multilingual-e5-large,0.9932333449598884
ron_Latn,tgl_Latn,intfloat/multilingual-e5-large,0.9932330111957628
hun_Latn,vie_Latn,intfloat/multilingual-e5-large,0.993231850117096
bos_Latn,zsm_Latn,intfloat/multilingual-e5-large,0.9932270598254204
fra_Latn,zsm_Latn,intfloat/multilingual-e5-large,0.9932181889149104
pol_Latn,ron_Latn,intfloat/multilingual-e5-large,0.9932144358373868
dan_Latn,vie_Latn,intfloat/multilingual-e5-large,0.993208430913349
heb_Hebr,fra_Latn,intfloat/multilingual-e5-large,0.993208430913349
rus_Cyrl,ind_Latn,intfloat/multilingual-e5-large,0.9932028549124566
hne_Deva,mal_Mlym,intfloat/multilingual-e5-large,0.9931778230811136
lit_Latn,slv_Latn,intfloat/multilingual-e5-large,0.9931752683817272
mkd_Cyrl,tur_Latn,intfloat/multilingual-e5-large,0.9931659139065462
hrv_Latn,urd_Arab,intfloat/multilingual-e5-large,0.9931632033505567
kat_Geor,tgl_Latn,intfloat/multilingual-e5-large,0.9931466302367942
ita_Latn,spa_Latn,intfloat/multilingual-e5-large,0.9931463686586638
swh_Latn,zul_Latn,intfloat/multilingual-e5-large,0.993118982565704
ben_Beng,ory_Orya,intfloat/multilingual-e5-large,0.9931179476261444
bho_Deva,eng_Latn,intfloat/multilingual-e5-large,0.9931131027442502
heb_Hebr,ita_Latn,intfloat/multilingual-e5-large,0.9930828994060844
ita_Latn,mal_Mlym,intfloat/multilingual-e5-large,0.9930718188914912
slk_Latn,mkd_Cyrl,jinaai/jina-embeddings-v3,0.993071818891491
hne_Deva,hrv_Latn,intfloat/multilingual-e5-large,0.9930620608899298
swe_Latn,rus_Cyrl,intfloat/multilingual-e5-large,0.9930439388870302
bel_Cyrl,rus_Cyrl,intfloat/multilingual-e5-large,0.993032786885246
swe_Latn,slk_Latn,intfloat/multilingual-e5-large,0.9930322717112504
nld_Latn,azj_Latn,intfloat/multilingual-e5-large,0.9930245073687696
deu_Latn,sin_Sinh,intfloat/multilingual-e5-large,0.9930132708821232
nld_Latn,ron_Latn,intfloat/multilingual-e5-large,0.9930097225179192
deu_Latn,swe_Latn,jinaai/jina-embeddings-v3,0.9930090888814542
bho_Deva,sin_Sinh,intfloat/multilingual-e5-large,0.993004906880785
ron_Latn,urd_Arab,intfloat/multilingual-e5-large,0.9930035128805622
mkd_Cyrl,rus_Cyrl,intfloat/multilingual-e5-large,0.9929937548790008
spa_Latn,pol_Latn,intfloat/multilingual-e5-large,0.992992623516501
zsm_Latn,mal_Mlym,intfloat/multilingual-e5-large,0.9929876981883764
ron_Latn,srp_Cyrl,intfloat/multilingual-e5-large,0.9929742388758782
mkd_Cyrl,ces_Latn,jinaai/jina-embeddings-v3,0.992967733541504
ell_Grek,swe_Latn,intfloat/multilingual-e5-large,0.9929607277967932
slk_Latn,rus_Cyrl,jinaai/jina-embeddings-v3,0.9929547228727555
ces_Latn,swe_Latn,intfloat/multilingual-e5-large,0.9929547228727555
mkd_Cyrl,deu_Latn,intfloat/multilingual-e5-large,0.9929532876299224
ukr_Cyrl,swe_Latn,intfloat/multilingual-e5-large,0.9929463588714172
ita_Latn,ces_Latn,intfloat/multilingual-e5-large,0.9929449648711944
nld_Latn,ukr_Cyrl,intfloat/multilingual-e5-large,0.9929420839374
amh_Ethi,kat_Geor,intfloat/multilingual-e5-large,0.9929359038697446
hrv_Latn,slk_Latn,intfloat/multilingual-e5-large,0.992935879835258
ben_Beng,khm_Khmr,intfloat/multilingual-e5-large,0.9929352557396868
nld_Latn,ind_Latn,jinaai/jina-embeddings-v3,0.9929073268651722
tur_Latn,swe_Latn,intfloat/multilingual-e5-large,0.9928912958626074
heb_Hebr,hrv_Latn,intfloat/multilingual-e5-large,0.9928898157163032
ukr_Cyrl,tur_Latn,intfloat/multilingual-e5-large,0.9928878108620496
mai_Deva,sin_Sinh,intfloat/multilingual-e5-large,0.9928855297707756
srp_Cyrl,ell_Grek,intfloat/multilingual-e5-large,0.9928766588602655
dan_Latn,tur_Latn,intfloat/multilingual-e5-large,0.9928766588602655
als_Latn,hrv_Latn,intfloat/multilingual-e5-large,0.9928766588602655
hne_Deva,pan_Guru,intfloat/multilingual-e5-large,0.9928757295267836
spa_Latn,srp_Cyrl,intfloat/multilingual-e5-large,0.9928748369779724
ita_Latn,slk_Latn,jinaai/jina-embeddings-v3,0.9928727556596408
slk_Latn,vie_Latn,intfloat/multilingual-e5-large,0.9928633427462468
eng_Latn,cym_Latn,intfloat/multilingual-e5-large,0.99286039552433
zsm_Latn,als_Latn,intfloat/multilingual-e5-large,0.9928285488525678
swe_Latn,ron_Latn,intfloat/multilingual-e5-large,0.9928241157749356
ron_Latn,mkd_Cyrl,intfloat/multilingual-e5-large,0.9928228135022524
lit_Latn,ita_Latn,jinaai/jina-embeddings-v3,0.9928185125525056
fra_Latn,ukr_Cyrl,intfloat/multilingual-e5-large,0.9928181108508978
fra_Latn,mkd_Cyrl,jinaai/jina-embeddings-v3,0.992816851753922
azj_Latn,eng_Latn,intfloat/multilingual-e5-large,0.9928116055165236
deu_Latn,ukr_Cyrl,intfloat/multilingual-e5-large,0.9928102478415038
fra_Latn,cat_Latn,intfloat/multilingual-e5-large,0.9928081276646852
ces_Latn,als_Latn,intfloat/multilingual-e5-large,0.9928025867575048
spa_Latn,fra_Latn,jinaai/jina-embeddings-v5-text-nano,0.9927989231724196
glg_Latn,pol_Latn,intfloat/multilingual-e5-large,0.9927790788446526
eng_Latn,nno_Latn,intfloat/multilingual-e5-large,0.9927655677655678
deu_Latn,urd_Arab,intfloat/multilingual-e5-large,0.9927447040664252
ces_Latn,mkd_Cyrl,intfloat/multilingual-e5-large,0.9927302888368464
hat_Latn,sin_Sinh,intfloat/multilingual-e5-large,0.9927205308352848
tur_Latn,ita_Latn,intfloat/multilingual-e5-large,0.9927205308352848
ben_Beng,ron_Latn,intfloat/multilingual-e5-large,0.9927140255009108
ekk_Latn,ita_Latn,intfloat/multilingual-e5-large,0.9926907279448056
fin_Latn,ita_Latn,intfloat/multilingual-e5-large,0.9926895744165388
rus_Cyrl,azj_Latn,intfloat/multilingual-e5-large,0.9926814988290398
rus_Cyrl,urd_Arab,intfloat/multilingual-e5-large,0.9926814988290398
slv_Latn,urd_Arab,intfloat/multilingual-e5-large,0.9926745288279246
mai_Deva,npi_Deva,intfloat/multilingual-e5-large,0.992664127441645
fra_Latn,vie_Latn,intfloat/multilingual-e5-large,0.992653618824579
lit_Latn,eng_Latn,jinaai/jina-embeddings-v3,0.9926517438535188
bos_Latn,pan_Guru,intfloat/multilingual-e5-large,0.9926489721571689
ita_Latn,swe_Latn,intfloat/multilingual-e5-large,0.9926489721571689
ben_Beng,spa_Latn,intfloat/multilingual-e5-large,0.992637955058632
eng_Latn,pcm_Latn,intfloat/multilingual-e5-large,0.9926332224002627
zsm_Latn,tur_Latn,intfloat/multilingual-e5-large,0.992624296750922
azj_Latn,sin_Sinh,intfloat/multilingual-e5-large,0.9926229508196722
bos_Latn,sin_Sinh,intfloat/multilingual-e5-large,0.9926216917226964
srp_Cyrl,heb_Hebr,intfloat/multilingual-e5-large,0.9926194753670612
slv_Latn,mkd_Cyrl,intfloat/multilingual-e5-large,0.9926136475763496
eng_Latn,gle_Latn,intfloat/multilingual-e5-large,0.992611676178572
ben_Beng,mkd_Cyrl,intfloat/multilingual-e5-large,0.9926077039422326
kaz_Cyrl,rus_Cyrl,intfloat/multilingual-e5-large,0.9925867068138732
rus_Cyrl,tgl_Latn,intfloat/multilingual-e5-large,0.9925839188134272
nld_Latn,heb_Hebr,intfloat/multilingual-e5-large,0.9925839188134272
heb_Hebr,slk_Latn,intfloat/multilingual-e5-large,0.9925839188134272
tur_Latn,nld_Latn,intfloat/multilingual-e5-large,0.9925785572741076
swe_Latn,heb_Hebr,jinaai/jina-embeddings-v3,0.9925722092115536
ita_Latn,vie_Latn,intfloat/multilingual-e5-large,0.9925690494777146
nno_Latn,srp_Cyrl,intfloat/multilingual-e5-large,0.992561963309914
heb_Hebr,ukr_Cyrl,intfloat/multilingual-e5-large,0.992556038808966
eng_Latn,ekk_Latn,intfloat/multilingual-e5-large,0.992556038808966
ita_Latn,pan_Guru,intfloat/multilingual-e5-large,0.992556038808966
bos_Latn,urd_Arab,intfloat/multilingual-e5-large,0.9925470552519734
ell_Grek,ron_Latn,intfloat/multilingual-e5-large,0.992544886807182
deu_Latn,hrv_Latn,intfloat/multilingual-e5-large,0.9925436670569866
rus_Cyrl,sin_Sinh,intfloat/multilingual-e5-large,0.992517864649012
bul_Cyrl,heb_Hebr,intfloat/multilingual-e5-large,0.992515612802498
slk_Latn,heb_Hebr,intfloat/multilingual-e5-large,0.9925058548009368
dan_Latn,slk_Latn,intfloat/multilingual-e5-large,0.9925058548009368
ben_Beng,mal_Mlym,intfloat/multilingual-e5-large,0.9924909854652244
zsm_Latn,ron_Latn,intfloat/multilingual-e5-large,0.9924863387978142
hrv_Latn,fin_Latn,intfloat/multilingual-e5-large,0.9924790828479352
cym_Latn,hne_Deva,intfloat/multilingual-e5-large,0.992474520100271
ita_Latn,slv_Latn,intfloat/multilingual-e5-large,0.9924709567263876
ben_Beng,fin_Latn,intfloat/multilingual-e5-large,0.9924668227946916
ita_Latn,kat_Geor,intfloat/multilingual-e5-large,0.9924619437939112
ell_Grek,ita_Latn,intfloat/multilingual-e5-large,0.9924431247909
slk_Latn,dan_Latn,intfloat/multilingual-e5-large,0.99243345584095
ell_Grek,srp_Cyrl,intfloat/multilingual-e5-large,0.9924321276780294
mal_Mlym,zul_Latn,intfloat/multilingual-e5-large,0.9924308087270736
zsm_Latn,pol_Latn,intfloat/multilingual-e5-large,0.9924277907884465
ita_Latn,tur_Latn,intfloat/multilingual-e5-large,0.992422477040676
ceb_Latn,eng_Latn,intfloat/multilingual-e5-large,0.9924222147875544
ben_Beng,mai_Deva,intfloat/multilingual-e5-large,0.99241878340239
lit_Latn,mkd_Cyrl,intfloat/multilingual-e5-large,0.992401850262557
bos_Latn,pol_Latn,intfloat/multilingual-e5-large,0.992394763706239
kan_Knda,tam_Taml,intfloat/multilingual-e5-large,0.99239018852602
swe_Latn,ind_Latn,jinaai/jina-embeddings-v3,0.9923893327822932
tgl_Latn,ukr_Cyrl,intfloat/multilingual-e5-large,0.9923748187799708
swe_Latn,slv_Latn,intfloat/multilingual-e5-large,0.992374097745373
jav_Latn,zsm_Latn,intfloat/multilingual-e5-large,0.9923697496882508
npi_Deva,sin_Sinh,intfloat/multilingual-e5-large,0.9923692427790788
ron_Latn,swe_Latn,intfloat/multilingual-e5-large,0.9923497267759565
ita_Latn,deu_Latn,jinaai/jina-embeddings-v3,0.9923466319439394
ell_Grek,dan_Latn,intfloat/multilingual-e5-large,0.9923464741087692
ell_Grek,nld_Latn,intfloat/multilingual-e5-large,0.9923433790625932
zsm_Latn,npi_Deva,intfloat/multilingual-e5-large,0.9923420900790824
slv_Latn,ita_Latn,intfloat/multilingual-e5-large,0.9923370272633572
spa_Latn,deu_Latn,jinaai/jina-embeddings-v3,0.9923342346122882
mal_Mlym,pol_Latn,intfloat/multilingual-e5-large,0.9922996029405984
ceb_Latn,tgl_Latn,intfloat/multilingual-e5-large,0.9922941357367588
fin_Latn,pol_Latn,intfloat/multilingual-e5-large,0.9922920610452108
glg_Latn,tgl_Latn,intfloat/multilingual-e5-large,0.9922911787665888
heb_Hebr,tur_Latn,intfloat/multilingual-e5-large,0.9922772387643582
amh_Ethi,pan_Guru,intfloat/multilingual-e5-large,0.9922723851603428
pol_Latn,als_Latn,intfloat/multilingual-e5-large,0.9922681966859884
bos_Latn,ces_Latn,intfloat/multilingual-e5-large,0.9922672413890212
rus_Cyrl,dan_Latn,jinaai/jina-embeddings-v3,0.9922651574290918
ben_Beng,snd_Arab,intfloat/multilingual-e5-large,0.9922592776076384
bul_Cyrl,bel_Cyrl,intfloat/multilingual-e5-large,0.9922552282345208
spa_Latn,rus_Cyrl,intfloat/multilingual-e5-large,0.9922433956395006
hun_Latn,pol_Latn,intfloat/multilingual-e5-large,0.9922423887587822
bos_Latn,ell_Grek,intfloat/multilingual-e5-large,0.9922374438255588
hrv_Latn,zul_Latn,intfloat/multilingual-e5-large,0.9922326307572208
azj_Latn,bos_Latn,intfloat/multilingual-e5-large,0.9922305636416252
hrv_Latn,lao_Laoo,intfloat/multilingual-e5-large,0.9922251246021736
hrv_Latn,kaz_Cyrl,intfloat/multilingual-e5-large,0.9922208303832398
slk_Latn,ukr_Cyrl,intfloat/multilingual-e5-large,0.9922128596429464
nld_Latn,ell_Grek,intfloat/multilingual-e5-large,0.9922113405719964
ell_Grek,tur_Latn,intfloat/multilingual-e5-large,0.9922112176560504
ces_Latn,spa_Latn,intfloat/multilingual-e5-large,0.9922066094197242
hat_Latn,tgl_Latn,intfloat/multilingual-e5-large,0.9922047507527602
slv_Latn,rus_Cyrl,intfloat/multilingual-e5-large,0.9921965831133234
eng_Latn,lit_Latn,intfloat/multilingual-e5-large,0.9921854590715126
nld_Latn,slv_Latn,intfloat/multilingual-e5-large,0.9921796587487456
bel_Cyrl,hrv_Latn,intfloat/multilingual-e5-large,0.9921740827478532
isl_Latn,eng_Latn,intfloat/multilingual-e5-large,0.9921711398584936
nld_Latn,nno_Latn,intfloat/multilingual-e5-large,0.9921659057212096
hne_Deva,pol_Latn,intfloat/multilingual-e5-large,0.992165718746515
hun_Latn,hrv_Latn,intfloat/multilingual-e5-large,0.9921569580336508
eng_Latn,cat_Latn,intfloat/multilingual-e5-large,0.9921502580167684
mkd_Cyrl,ron_Latn,intfloat/multilingual-e5-large,0.9921428571428572
ekk_Latn,urd_Arab,intfloat/multilingual-e5-large,0.992142842845419
glg_Latn,hrv_Latn,intfloat/multilingual-e5-large,0.992135050741608
fin_Latn,mkd_Cyrl,intfloat/multilingual-e5-large,0.9921303926266412
bel_Cyrl,tgl_Latn,intfloat/multilingual-e5-large,0.9921297682144472
amh_Ethi,ben_Beng,intfloat/multilingual-e5-large,0.9921285454072338
pan_Guru,tgl_Latn,intfloat/multilingual-e5-large,0.9921226731491506
spa_Latn,bul_Cyrl,intfloat/multilingual-e5-large,0.9921185761935176
cat_Latn,hrv_Latn,intfloat/multilingual-e5-large,0.9921096601415974
mai_Deva,urd_Arab,intfloat/multilingual-e5-large,0.9921080285834384
ita_Latn,rus_Cyrl,jinaai/jina-embeddings-v3,0.9921057767369242
xho_Latn,zul_Latn,intfloat/multilingual-e5-large,0.992096018735363
tur_Latn,heb_Hebr,intfloat/multilingual-e5-large,0.992096018735363
zsm_Latn,slk_Latn,intfloat/multilingual-e5-large,0.9920906961890568
deu_Latn,mkd_Cyrl,intfloat/multilingual-e5-large,0.9920883143672716
deu_Latn,vie_Latn,intfloat/multilingual-e5-large,0.9920870113493064
hrv_Latn,bel_Cyrl,intfloat/multilingual-e5-large,0.9920778486634902
fra_Latn,heb_Hebr,intfloat/multilingual-e5-large,0.9920765027322404
kat_Geor,als_Latn,intfloat/multilingual-e5-large,0.9920734791261228
heb_Hebr,rus_Cyrl,intfloat/multilingual-e5-large,0.9920699973978664
ell_Grek,urd_Arab,intfloat/multilingual-e5-large,0.9920689965771932
swe_Latn,azj_Latn,intfloat/multilingual-e5-large,0.992056986729118
ces_Latn,tur_Latn,intfloat/multilingual-e5-large,0.9920374707259954
srp_Cyrl,spa_Latn,intfloat/multilingual-e5-large,0.9920265331857836
ita_Latn,als_Latn,intfloat/multilingual-e5-large,0.9920203202990088
fra_Latn,mal_Mlym,intfloat/multilingual-e5-large,0.9920114493884984
slv_Latn,lit_Latn,intfloat/multilingual-e5-large,0.9920065453672012
eng_Latn,hye_Armn,intfloat/multilingual-e5-large,0.9919984387197502
asm_Beng,ben_Beng,intfloat/multilingual-e5-large,0.9919984387197502
ukr_Cyrl,ron_Latn,intfloat/multilingual-e5-large,0.99199843871975
isl_Latn,tgl_Latn,intfloat/multilingual-e5-large,0.9919975596205104
hun_Latn,mkd_Cyrl,intfloat/multilingual-e5-large,0.9919948307191728
rus_Cyrl,hrv_Latn,intfloat/multilingual-e5-large,0.9919909325647032
bos_Latn,als_Latn,intfloat/multilingual-e5-large,0.9919724173822534
azj_Latn,bul_Cyrl,intfloat/multilingual-e5-large,0.9919480223783502
mkd_Cyrl,fin_Latn,intfloat/multilingual-e5-large,0.9919333853760084
hun_Latn,slk_Latn,intfloat/multilingual-e5-large,0.99192970588824
afr_Latn,eng_Latn,intfloat/multilingual-e5-large,0.9919252537080404
deu_Latn,tgl_Latn,intfloat/multilingual-e5-large,0.99192037470726
ita_Latn,npi_Deva,intfloat/multilingual-e5-large,0.9919120107059216
eng_Latn,tir_Ethi,intfloat/multilingual-e5-large,0.9919097296146476
azj_Latn,kat_Geor,intfloat/multilingual-e5-large,0.9919008587041376
ben_Beng,ceb_Latn,intfloat/multilingual-e5-large,0.9918679586596768
tha_Thai,rus_Cyrl,intfloat/multilingual-e5-large,0.9918632206981152
lit_Latn,hrv_Latn,intfloat/multilingual-e5-large,0.9918541834335114
deu_Latn,tur_Latn,jinaai/jina-embeddings-v3,0.9918513812441662
fra_Latn,ell_Grek,intfloat/multilingual-e5-large,0.991848816029144
rus_Cyrl,ukr_Cyrl,intfloat/multilingual-e5-large,0.9918450986952158
fin_Latn,sin_Sinh,intfloat/multilingual-e5-large,0.9918423106947696
nld_Latn,zul_Latn,intfloat/multilingual-e5-large,0.991841051597794
deu_Latn,zsm_Latn,intfloat/multilingual-e5-large,0.9918173866425892
hun_Latn,ces_Latn,intfloat/multilingual-e5-large,0.9918072819712164
bul_Cyrl,kat_Geor,intfloat/multilingual-e5-large,0.9918032786885246
mkd_Cyrl,vie_Latn,intfloat/multilingual-e5-large,0.9918032786885246
fra_Latn,hne_Deva,intfloat/multilingual-e5-large,0.9918032786885246
ces_Latn,azj_Latn,intfloat/multilingual-e5-large,0.9918032786885246
deu_Latn,slv_Latn,intfloat/multilingual-e5-large,0.9917960227386456
tgk_Cyrl,tgl_Latn,intfloat/multilingual-e5-large,0.9917825035884263
als_Latn,srp_Cyrl,intfloat/multilingual-e5-large,0.9917788836846216
nld_Latn,tha_Thai,jinaai/jina-embeddings-v3,0.9917566099854056
ces_Latn,hne_Deva,intfloat/multilingual-e5-large,0.9917544886807182
lit_Latn,sin_Sinh,intfloat/multilingual-e5-large,0.9917496096799376
eng_Latn,afr_Latn,intfloat/multilingual-e5-large,0.991745195345898
ell_Grek,ces_Latn,intfloat/multilingual-e5-large,0.9917447853458324
heb_Hebr,nld_Latn,intfloat/multilingual-e5-large,0.9917447306791568
hun_Latn,nld_Latn,intfloat/multilingual-e5-large,0.9917390815024
amh_Ethi,eng_Latn,intfloat/multilingual-e5-large,0.991738371532072
nld_Latn,mkd_Cyrl,intfloat/multilingual-e5-large,0.991733442010684
spa_Latn,tha_Thai,jinaai/jina-embeddings-v3,0.9917238840394578
rus_Cyrl,slk_Latn,jinaai/jina-embeddings-v3,0.9917216663118305
ron_Latn,ces_Latn,intfloat/multilingual-e5-large,0.9917141838916608
deu_Latn,ces_Latn,intfloat/multilingual-e5-large,0.9917111449993646
slk_Latn,nld_Latn,jinaai/jina-embeddings-v3,0.9917095253401906
bos_Latn,slk_Latn,intfloat/multilingual-e5-large,0.9917063716385368
fra_Latn,kaz_Cyrl,intfloat/multilingual-e5-large,0.9916996968020017
slk_Latn,swe_Latn,jinaai/jina-embeddings-v3,0.9916991933385376
ben_Beng,bho_Deva,intfloat/multilingual-e5-large,0.9916981925178646
fin_Latn,deu_Latn,intfloat/multilingual-e5-large,0.991689621300277
bul_Cyrl,fin_Latn,intfloat/multilingual-e5-large,0.9916827588095924
deu_Latn,ell_Grek,intfloat/multilingual-e5-large,0.991677818668451
heb_Hebr,vie_Latn,intfloat/multilingual-e5-large,0.991647150663544
heb_Hebr,als_Latn,intfloat/multilingual-e5-large,0.9916414459857084
fra_Latn,rus_Cyrl,intfloat/multilingual-e5-large,0.9916286618184806
slv_Latn,ell_Grek,intfloat/multilingual-e5-large,0.9916240960444708
kaz_Cyrl,sin_Sinh,intfloat/multilingual-e5-large,0.991608118657299
heb_Hebr,sin_Sinh,intfloat/multilingual-e5-large,0.991608118657299
ceb_Latn,hrv_Latn,intfloat/multilingual-e5-large,0.9916009175652376
bho_Deva,urd_Arab,intfloat/multilingual-e5-large,0.9915965019887736
mkd_Cyrl,swe_Latn,intfloat/multilingual-e5-large,0.9915918553213636
ces_Latn,ell_Grek,intfloat/multilingual-e5-large,0.9915794186527068
mal_Mlym,srp_Cyrl,intfloat/multilingual-e5-large,0.9915747128861884
bul_Cyrl,hye_Armn,intfloat/multilingual-e5-large,0.9915683935969029
bul_Cyrl,npi_Deva,intfloat/multilingual-e5-large,0.9915646017936336
zsm_Latn,vie_Latn,intfloat/multilingual-e5-large,0.9915593286494926
kaz_Cyrl,tgl_Latn,intfloat/multilingual-e5-large,0.9915542173153412
kat_Geor,tgk_Cyrl,intfloat/multilingual-e5-large,0.9915517231482756
azj_Latn,tgl_Latn,intfloat/multilingual-e5-large,0.9915495706479313
lit_Latn,tgl_Latn,intfloat/multilingual-e5-large,0.9915473810475808
ces_Latn,deu_Latn,intfloat/multilingual-e5-large,0.9915461597663552
eng_Latn,hin_Deva,intfloat/multilingual-e5-large,0.9915433066988772
bos_Latn,fra_Latn,intfloat/multilingual-e5-large,0.991533700491546
azj_Latn,hrv_Latn,intfloat/multilingual-e5-large,0.9915286770445884
vie_Latn,zul_Latn,intfloat/multilingual-e5-large,0.9915235493104344
hrv_Latn,khm_Khmr,intfloat/multilingual-e5-large,0.9915128267248108
nld_Latn,spa_Latn,intfloat/multilingual-e5-large,0.991508004095826
cat_Latn,eng_Latn,intfloat/multilingual-e5-large,0.9915018519048876
hye_Armn,sin_Sinh,intfloat/multilingual-e5-large,0.991501624219659
gle_Latn,sin_Sinh,intfloat/multilingual-e5-large,0.991500780640125
tha_Thai,vie_Latn,intfloat/multilingual-e5-large,0.9915007806401248
rus_Cyrl,ron_Latn,intfloat/multilingual-e5-large,0.9914988290398128
fin_Latn,vie_Latn,intfloat/multilingual-e5-large,0.9914941041127407
mkd_Cyrl,mal_Mlym,intfloat/multilingual-e5-large,0.9914923685698136
rus_Cyrl,vie_Latn,jinaai/jina-embeddings-v3,0.9914910226385636
spa_Latn,hrv_Latn,intfloat/multilingual-e5-large,0.9914907042151552
kat_Geor,urd_Arab,intfloat/multilingual-e5-large,0.9914750219403512
fin_Latn,swe_Latn,intfloat/multilingual-e5-large,0.9914680896921334
kat_Geor,mkd_Cyrl,jinaai/jina-embeddings-v3,0.9914519906323186
lit_Latn,rus_Cyrl,intfloat/multilingual-e5-large,0.991450030259912
ron_Latn,slv_Latn,intfloat/multilingual-e5-large,0.9914157938807644
bul_Cyrl,hne_Deva,intfloat/multilingual-e5-large,0.9914129586260736
eng_Latn,bel_Cyrl,intfloat/multilingual-e5-large,0.9914076193422002
ell_Grek,slk_Latn,intfloat/multilingual-e5-large,0.9913987398237984
fin_Latn,fra_Latn,intfloat/multilingual-e5-large,0.99138856362217
ben_Beng,nld_Latn,intfloat/multilingual-e5-large,0.9913873836613516
rus_Cyrl,tha_Thai,jinaai/jina-embeddings-v3,0.9913862525165372
pol_Latn,tha_Thai,intfloat/multilingual-e5-large,0.991380887040186
spa_Latn,nld_Latn,intfloat/multilingual-e5-large,0.9913775774088898
zsm_Latn,nld_Latn,intfloat/multilingual-e5-large,0.9913641686182668
dan_Latn,azj_Latn,intfloat/multilingual-e5-large,0.9913544106167056
dan_Latn,zsm_Latn,intfloat/multilingual-e5-large,0.9913488346158136
deu_Latn,ind_Latn,intfloat/multilingual-e5-large,0.9913389921293904
bul_Cyrl,spa_Latn,jinaai/jina-embeddings-v3,0.991337245280626
ita_Latn,tha_Thai,intfloat/multilingual-e5-large,0.9913348946135832
hin_Deva,urd_Arab,intfloat/multilingual-e5-large,0.991328782458759
azj_Latn,kaz_Cyrl,intfloat/multilingual-e5-large,0.991326530612245
deu_Latn,tha_Thai,intfloat/multilingual-e5-large,0.9913262208344176
ita_Latn,fin_Latn,intfloat/multilingual-e5-large,0.9913123079106686
dan_Latn,heb_Hebr,jinaai/jina-embeddings-v3,0.9913067490852704
nld_Latn,hun_Latn,intfloat/multilingual-e5-large,0.9913055835328304
kir_Cyrl,tgl_Latn,intfloat/multilingual-e5-large,0.9912973490842344
ces_Latn,heb_Hebr,intfloat/multilingual-e5-large,0.991295862607338
ekk_Latn,slv_Latn,intfloat/multilingual-e5-large,0.9912899433872724
spa_Latn,dan_Latn,intfloat/multilingual-e5-large,0.9912836624850851
lit_Latn,slk_Latn,intfloat/multilingual-e5-large,0.9912834433326236
hun_Latn,ita_Latn,intfloat/multilingual-e5-large,0.9912791849260858
bel_Cyrl,bul_Cyrl,intfloat/multilingual-e5-large,0.9912735586037692
fra_Latn,kat_Geor,intfloat/multilingual-e5-large,0.991273322998098
fra_Latn,glg_Latn,intfloat/multilingual-e5-large,0.9912657015116032
nno_Latn,ron_Latn,intfloat/multilingual-e5-large,0.991260685091129
spa_Latn,glg_Latn,intfloat/multilingual-e5-large,0.9912589784052964
ces_Latn,ukr_Cyrl,intfloat/multilingual-e5-large,0.9912568306010928
fin_Latn,slv_Latn,intfloat/multilingual-e5-large,0.9912455588752812
hun_Latn,deu_Latn,intfloat/multilingual-e5-large,0.9912451720585298
hne_Deva,ita_Latn,intfloat/multilingual-e5-large,0.991228950596632
eng_Latn,mya_Mymr,intfloat/multilingual-e5-large,0.9912199133320284
arz_Arab,ben_Beng,intfloat/multilingual-e5-large,0.9912155025944804
mkd_Cyrl,zul_Latn,intfloat/multilingual-e5-large,0.9912080405932864
ita_Latn,nno_Latn,intfloat/multilingual-e5-large,0.9912077448962696
hun_Latn,ukr_Cyrl,intfloat/multilingual-e5-large,0.9912059812041094
pol_Latn,fin_Latn,intfloat/multilingual-e5-large,0.9912042222448496
azj_Latn,ben_Beng,intfloat/multilingual-e5-large,0.9911982825917252
spa_Latn,kat_Geor,intfloat/multilingual-e5-large,0.9911934792343676
sin_Sinh,srp_Cyrl,intfloat/multilingual-e5-large,0.9911847062417268
nld_Latn,tgk_Cyrl,intfloat/multilingual-e5-large,0.9911755875111709
glg_Latn,zsm_Latn,intfloat/multilingual-e5-large,0.9911690085870414
ita_Latn,azj_Latn,intfloat/multilingual-e5-large,0.991164648628897
ind_Latn,fra_Latn,intfloat/multilingual-e5-large,0.9911638972528902
bul_Cyrl,zsm_Latn,intfloat/multilingual-e5-large,0.9911613718901672
jav_Latn,kat_Geor,intfloat/multilingual-e5-large,0.9911592505854802
snd_Arab,urd_Arab,intfloat/multilingual-e5-large,0.991151644724614
ekk_Latn,hrv_Latn,intfloat/multilingual-e5-large,0.9911459880545757
spa_Latn,ind_Latn,intfloat/multilingual-e5-large,0.9911443446618352
bos_Latn,slv_Latn,intfloat/multilingual-e5-large,0.9911435680829708
bos_Latn,tur_Latn,intfloat/multilingual-e5-large,0.9911417330605534
afr_Latn,fra_Latn,intfloat/multilingual-e5-large,0.9911411285825806
ben_Beng,dan_Latn,jinaai/jina-embeddings-v3,0.9911348555815768
mal_Mlym,urd_Arab,intfloat/multilingual-e5-large,0.9911290894897452
spa_Latn,vie_Latn,intfloat/multilingual-e5-large,0.9911230065796812
eng_Latn,bho_Deva,intfloat/multilingual-e5-large,0.9911202185792348
azj_Latn,rus_Cyrl,intfloat/multilingual-e5-large,0.9911202185792348
afr_Latn,urd_Arab,intfloat/multilingual-e5-large,0.991104234043344
eng_Latn,swh_Latn,intfloat/multilingual-e5-large,0.9910974269056212
nno_Latn,sin_Sinh,intfloat/multilingual-e5-large,0.9910967496365128
fin_Latn,hrv_Latn,intfloat/multilingual-e5-large,0.9910925082791492
deu_Latn,nno_Latn,intfloat/multilingual-e5-large,0.9910891703924491
kat_Geor,pan_Guru,intfloat/multilingual-e5-large,0.9910863098774786
tha_Thai,ukr_Cyrl,intfloat/multilingual-e5-large,0.9910842680471672
rus_Cyrl,swe_Latn,jinaai/jina-embeddings-v3,0.99108118657299
ces_Latn,zsm_Latn,intfloat/multilingual-e5-large,0.99108118657299
bel_Cyrl,sin_Sinh,intfloat/multilingual-e5-large,0.99108118657299
ben_Beng,ces_Latn,intfloat/multilingual-e5-large,0.9910811865729898
dan_Latn,mal_Mlym,intfloat/multilingual-e5-large,0.9910740050084312
ekk_Latn,nld_Latn,intfloat/multilingual-e5-large,0.9910668750686776
ell_Grek,spa_Latn,intfloat/multilingual-e5-large,0.9910646047941132
heb_Hebr,dan_Latn,intfloat/multilingual-e5-large,0.9910616705698672
hrv_Latn,npi_Deva,intfloat/multilingual-e5-large,0.9910356492323704
pan_Guru,sin_Sinh,intfloat/multilingual-e5-large,0.9910332836562346
nld_Latn,fin_Latn,intfloat/multilingual-e5-large,0.9910285103139412
ron_Latn,deu_Latn,intfloat/multilingual-e5-large,0.9910247295639566
dan_Latn,spa_Latn,intfloat/multilingual-e5-large,0.9910226385636222
heb_Hebr,jav_Latn,intfloat/multilingual-e5-large,0.991022638563622
als_Latn,tgk_Cyrl,intfloat/multilingual-e5-large,0.9910157586163068
ita_Latn,bel_Cyrl,intfloat/multilingual-e5-large,0.9910093843796832
pol_Latn,hun_Latn,intfloat/multilingual-e5-large,0.9910050301397524
kaz_Cyrl,pan_Guru,intfloat/multilingual-e5-large,0.9909947585591614
ben_Beng,tgk_Cyrl,intfloat/multilingual-e5-large,0.9909910901375216
zsm_Latn,swe_Latn,jinaai/jina-embeddings-v3,0.990982665154629
slk_Latn,tgl_Latn,intfloat/multilingual-e5-large,0.9909752425560387
mal_Mlym,pan_Guru,intfloat/multilingual-e5-large,0.990974247819382
zsm_Latn,ukr_Cyrl,intfloat/multilingual-e5-large,0.9909738485558158
slv_Latn,vie_Latn,intfloat/multilingual-e5-large,0.9909732065353568
deu_Latn,fin_Latn,intfloat/multilingual-e5-large,0.9909712743590848
cym_Latn,als_Latn,intfloat/multilingual-e5-large,0.9909679543592206
fin_Latn,rus_Cyrl,intfloat/multilingual-e5-large,0.9909575852198804
slk_Latn,ell_Grek,intfloat/multilingual-e5-large,0.9909575656960676
nno_Latn,deu_Latn,intfloat/multilingual-e5-large,0.9909504282154348
ell_Grek,zsm_Latn,intfloat/multilingual-e5-large,0.990950150552024
ben_Beng,mya_Mymr,intfloat/multilingual-e5-large,0.990945968551355
tur_Latn,slk_Latn,jinaai/jina-embeddings-v3,0.9909420289855072
ory_Orya,pan_Guru,intfloat/multilingual-e5-large,0.9909419575833032
heb_Hebr,deu_Latn,jinaai/jina-embeddings-v3,0.9909327622334526
mai_Deva,mal_Mlym,intfloat/multilingual-e5-large,0.9909322423528396
ben_Beng,ind_Latn,intfloat/multilingual-e5-large,0.9909204118805992
ben_Beng,slv_Latn,intfloat/multilingual-e5-large,0.9909173911977718
slv_Latn,nld_Latn,intfloat/multilingual-e5-large,0.9909157652131892
glg_Latn,fra_Latn,intfloat/multilingual-e5-large,0.990915300546448
nno_Latn,swe_Latn,intfloat/multilingual-e5-large,0.9909065428439684
nno_Latn,ita_Latn,intfloat/multilingual-e5-large,0.9908972215298908
hrv_Latn,pan_Guru,intfloat/multilingual-e5-large,0.990878591873908
bel_Cyrl,ben_Beng,intfloat/multilingual-e5-large,0.9908727835396454
fin_Latn,srp_Cyrl,intfloat/multilingual-e5-large,0.9908629621744376
bel_Cyrl,kaz_Cyrl,intfloat/multilingual-e5-large,0.9908383105997034
mkd_Cyrl,zsm_Latn,intfloat/multilingual-e5-large,0.9908352332356242
ron_Latn,bel_Cyrl,intfloat/multilingual-e5-large,0.9908327294749408
hrv_Latn,heb_Hebr,intfloat/multilingual-e5-large,0.990829588370572
tur_Latn,slv_Latn,intfloat/multilingual-e5-large,0.9908213853006524
bul_Cyrl,azj_Latn,intfloat/multilingual-e5-large,0.9908209731980224
tha_Thai,tur_Latn,intfloat/multilingual-e5-large,0.990814923347252
spa_Latn,ukr_Cyrl,intfloat/multilingual-e5-large,0.9908128718344074
afr_Latn,bos_Latn,intfloat/multilingual-e5-large,0.990807962529274
ind_Latn,sin_Sinh,intfloat/multilingual-e5-large,0.9908014571948998
ces_Latn,ron_Latn,intfloat/multilingual-e5-large,0.9908004563742268
lit_Latn,srp_Cyrl,intfloat/multilingual-e5-large,0.9907975075276012
fin_Latn,ukr_Cyrl,intfloat/multilingual-e5-large,0.9907889534353236
heb_Hebr,spa_Latn,jinaai/jina-embeddings-v3,0.9907881317519076
sin_Sinh,tha_Thai,intfloat/multilingual-e5-large,0.9907881241759348
hrv_Latn,ind_Latn,intfloat/multilingual-e5-large,0.9907858264775394
sin_Sinh,vie_Latn,intfloat/multilingual-e5-large,0.9907786885245902
heb_Hebr,zsm_Latn,intfloat/multilingual-e5-large,0.9907647485223596
ben_Beng,hin_Deva,intfloat/multilingual-e5-large,0.9907414921820052
hin_Deva,rus_Cyrl,intfloat/multilingual-e5-large,0.990732879834704
hrv_Latn,afr_Latn,intfloat/multilingual-e5-large,0.9907298985167836
isl_Latn,nld_Latn,intfloat/multilingual-e5-large,0.9907274187374926
spa_Latn,tur_Latn,jinaai/jina-embeddings-v3,0.9907272372436308
slv_Latn,tgk_Cyrl,intfloat/multilingual-e5-large,0.9907193622796668
slv_Latn,ron_Latn,intfloat/multilingual-e5-large,0.990717785148574
heb_Hebr,kaz_Cyrl,intfloat/multilingual-e5-large,0.990702018512323
sot_Latn,tsn_Latn,intfloat/multilingual-e5-large,0.990694381815449
bos_Latn,kat_Geor,intfloat/multilingual-e5-large,0.9906811085089772
ron_Latn,rus_Cyrl,intfloat/multilingual-e5-large,0.9906802214179264
ukr_Cyrl,rus_Cyrl,intfloat/multilingual-e5-large,0.9906783205085312
ces_Latn,dan_Latn,intfloat/multilingual-e5-large,0.990677141841676
spa_Latn,mkd_Cyrl,intfloat/multilingual-e5-large,0.9906771209731512
fin_Latn,tur_Latn,intfloat/multilingual-e5-large,0.990675912689964
ron_Latn,slk_Latn,intfloat/multilingual-e5-large,0.990662057172596
mal_Mlym,zsm_Latn,intfloat/multilingual-e5-large,0.9906601985056318
hun_Latn,rus_Cyrl,intfloat/multilingual-e5-large,0.9906529809659468
bho_Deva,pan_Guru,intfloat/multilingual-e5-large,0.9906453291699192
bos_Latn,ron_Latn,intfloat/multilingual-e5-large,0.9906434071393088
ceb_Latn,war_Latn,intfloat/multilingual-e5-large,0.99063143141012
eng_Latn,tsn_Latn,intfloat/multilingual-e5-large,0.9906216734085588
ita_Latn,heb_Hebr,intfloat/multilingual-e5-large,0.9906141672535116
slk_Latn,lit_Latn,intfloat/multilingual-e5-large,0.9906087403435524
heb_Hebr,pol_Latn,intfloat/multilingual-e5-large,0.9906062971636742
amh_Ethi,urd_Arab,intfloat/multilingual-e5-large,0.990603670481493
ell_Grek,tha_Thai,intfloat/multilingual-e5-large,0.9905997918293
ell_Grek,als_Latn,intfloat/multilingual-e5-large,0.9905877651607092
cym_Latn,tgk_Cyrl,intfloat/multilingual-e5-large,0.990587696426516
ron_Latn,hrv_Latn,intfloat/multilingual-e5-large,0.9905835284933646
fra_Latn,fin_Latn,intfloat/multilingual-e5-large,0.9905808672202115
ind_Latn,eng_Latn,intfloat/multilingual-e5-large,0.9905768519659806
ces_Latn,sin_Sinh,intfloat/multilingual-e5-large,0.9905737704918032
pol_Latn,spa_Latn,jinaai/jina-embeddings-v3,0.990561486609496
deu_Latn,slk_Latn,jinaai/jina-embeddings-v3,0.9905548932256252
dan_Latn,fin_Latn,intfloat/multilingual-e5-large,0.9905542544886806
urd_Arab,vie_Latn,intfloat/multilingual-e5-large,0.9905532536680078
kat_Geor,zul_Latn,intfloat/multilingual-e5-large,0.9905347384855584
heb_Hebr,npi_Deva,intfloat/multilingual-e5-large,0.9905293173735796
ell_Grek,sin_Sinh,intfloat/multilingual-e5-large,0.990527232330511
spa_Latn,tgl_Latn,intfloat/multilingual-e5-large,0.9905067532735332
uzn_Latn,hrv_Latn,intfloat/multilingual-e5-large,0.9905042909551652
fin_Latn,urd_Arab,intfloat/multilingual-e5-large,0.9904987879534904
tsn_Latn,zul_Latn,intfloat/multilingual-e5-large,0.9904987879534902
arz_Arab,eng_Latn,intfloat/multilingual-e5-large,0.9904879813947436
heb_Hebr,ces_Latn,intfloat/multilingual-e5-large,0.9904862956003372
spa_Latn,ron_Latn,intfloat/multilingual-e5-large,0.9904822311438236
fra_Latn,hat_Latn,intfloat/multilingual-e5-large,0.9904761904761904
hrv_Latn,hat_Latn,intfloat/multilingual-e5-large,0.9904761904761904
cym_Latn,hrv_Latn,intfloat/multilingual-e5-large,0.9904761904761904
swe_Latn,tha_Thai,intfloat/multilingual-e5-large,0.9904743318092264
snd_Arab,sin_Sinh,intfloat/multilingual-e5-large,0.9904706144752984
tgl_Latn,tur_Latn,intfloat/multilingual-e5-large,0.9904524209852078
hye_Armn,urd_Arab,intfloat/multilingual-e5-large,0.99043152885366
cat_Latn,sin_Sinh,intfloat/multilingual-e5-large,0.9904023714853882
spa_Latn,swe_Latn,jinaai/jina-embeddings-v5-text-nano,0.9903828653501472
ind_Latn,tur_Latn,intfloat/multilingual-e5-large,0.9903692161112484
spa_Latn,ces_Latn,intfloat/multilingual-e5-large,0.9903557723073908
swh_Latn,tgl_Latn,intfloat/multilingual-e5-large,0.9903493364558938
afr_Latn,sin_Sinh,intfloat/multilingual-e5-large,0.9903485858403892
ron_Latn,tur_Latn,intfloat/multilingual-e5-large,0.9903436584549854
deu_Latn,ron_Latn,intfloat/multilingual-e5-large,0.9903363257871454
ita_Latn,ind_Latn,intfloat/multilingual-e5-large,0.9903320722992854
nno_Latn,fra_Latn,intfloat/multilingual-e5-large,0.9903294402708922
cat_Latn,fra_Latn,intfloat/multilingual-e5-large,0.9903274423506538
azj_Latn,urd_Arab,intfloat/multilingual-e5-large,0.9903260673752476
ben_Beng,cat_Latn,intfloat/multilingual-e5-large,0.990322850451656
deu_Latn,azj_Latn,intfloat/multilingual-e5-large,0.99032006245121
mal_Mlym,rus_Cyrl,intfloat/multilingual-e5-large,0.9903188033542344
slk_Latn,als_Latn,intfloat/multilingual-e5-large,0.9903087128747224
fra_Latn,slv_Latn,intfloat/multilingual-e5-large,0.9903063759035656
ind_Latn,tgl_Latn,intfloat/multilingual-e5-large,0.9902964378158512
hun_Latn,swe_Latn,intfloat/multilingual-e5-large,0.9902962929602276
npi_Deva,pan_Guru,intfloat/multilingual-e5-large,0.9902912531132672
bos_Latn,lit_Latn,intfloat/multilingual-e5-large,0.9902907884465262
rus_Cyrl,slv_Latn,intfloat/multilingual-e5-large,0.9902889479915844
ben_Beng,heb_Hebr,intfloat/multilingual-e5-large,0.9902810304449648
hun_Latn,sin_Sinh,intfloat/multilingual-e5-large,0.9902782424445188
gle_Latn,urd_Arab,intfloat/multilingual-e5-large,0.9902691635712711
ell_Grek,fra_Latn,intfloat/multilingual-e5-large,0.9902577256207232
ben_Beng,slk_Latn,jinaai/jina-embeddings-v3,0.9902556142548518
ita_Latn,jav_Latn,intfloat/multilingual-e5-large,0.9902419984387196
cym_Latn,zul_Latn,intfloat/multilingual-e5-large,0.9902328824109452
ita_Latn,glg_Latn,intfloat/multilingual-e5-large,0.990217413343877
sin_Sinh,tgk_Cyrl,intfloat/multilingual-e5-large,0.9902146143236664
afr_Latn,hrv_Latn,intfloat/multilingual-e5-large,0.9902118373429848
hye_Armn,ita_Latn,jinaai/jina-embeddings-v3,0.9902042249808242
hin_Deva,ory_Orya,intfloat/multilingual-e5-large,0.9902025629060944
lit_Latn,fra_Latn,intfloat/multilingual-e5-large,0.9901987434317988
ces_Latn,fin_Latn,intfloat/multilingual-e5-large,0.9901954511199774
ces_Latn,lit_Latn,jinaai/jina-embeddings-v3,0.9901900434340412
eng_Latn,hun_Latn,intfloat/multilingual-e5-large,0.9901890564755852
ell_Grek,deu_Latn,intfloat/multilingual-e5-large,0.99018602801467
fra_Latn,ces_Latn,intfloat/multilingual-e5-large,0.990183450429352
ita_Latn,kaz_Cyrl,intfloat/multilingual-e5-large,0.9901833104293296
deu_Latn,spa_Latn,google/embeddinggemma-300m,0.9901820093742691
dan_Latn,ell_Grek,intfloat/multilingual-e5-large,0.990176945094978
dan_Latn,sin_Sinh,intfloat/multilingual-e5-large,0.9901759442743048
spa_Latn,azj_Latn,intfloat/multilingual-e5-large,0.9901693207864822
hrv_Latn,kir_Cyrl,intfloat/multilingual-e5-large,0.9901673300677984
lvs_Latn,hrv_Latn,intfloat/multilingual-e5-large,0.9901600903650084
ita_Latn,cat_Latn,intfloat/multilingual-e5-large,0.9901571635680034
azj_Latn,als_Latn,intfloat/multilingual-e5-large,0.990150826327358
lit_Latn,ukr_Cyrl,jinaai/jina-embeddings-v3,0.99014364262691
als_Latn,swh_Latn,intfloat/multilingual-e5-large,0.990141923896392
hrv_Latn,hin_Deva,intfloat/multilingual-e5-large,0.9901355849425988
srp_Cyrl,zul_Latn,intfloat/multilingual-e5-large,0.9901346604215456
mkd_Cyrl,spa_Latn,intfloat/multilingual-e5-large,0.9901165384186462
hrv_Latn,spa_Latn,intfloat/multilingual-e5-large,0.9901066874837366
swh_Latn,urd_Arab,intfloat/multilingual-e5-large,0.9901064882288486
rus_Cyrl,tur_Latn,jinaai/jina-embeddings-v3,0.9901025984164156
slk_Latn,tha_Thai,jinaai/jina-embeddings-v3,0.9900916455575204
ukr_Cyrl,spa_Latn,intfloat/multilingual-e5-large,0.9900855671347474
hye_Armn,tgl_Latn,intfloat/multilingual-e5-large,0.990084015371698
ron_Latn,sin_Sinh,intfloat/multilingual-e5-large,0.990076112412178
ces_Latn,kaz_Cyrl,intfloat/multilingual-e5-large,0.9900732831691218
spa_Latn,npi_Deva,intfloat/multilingual-e5-large,0.9900725133792312
ron_Latn,azj_Latn,intfloat/multilingual-e5-large,0.9900619189553616
deu_Latn,als_Latn,intfloat/multilingual-e5-large,0.990061106409777
kaz_Cyrl,tgk_Cyrl,intfloat/multilingual-e5-large,0.9900588402275964
hat_Latn,urd_Arab,intfloat/multilingual-e5-large,0.9900584973184504
bos_Latn,mal_Mlym,intfloat/multilingual-e5-large,0.9900579904092784
amh_Ethi,jav_Latn,intfloat/multilingual-e5-large,0.990054931808789
afr_Latn,nld_Latn,intfloat/multilingual-e5-large,0.9900529213175584
bel_Cyrl,srp_Cyrl,intfloat/multilingual-e5-large,0.9900370804059327
nno_Latn,tgk_Cyrl,intfloat/multilingual-e5-large,0.9900278272224255
glg_Latn,ind_Latn,intfloat/multilingual-e5-large,0.9900253922502168
glg_Latn,sin_Sinh,intfloat/multilingual-e5-large,0.9900208170699976
slk_Latn,hun_Latn,intfloat/multilingual-e5-large,0.9900130465232996
lvs_Latn,sin_Sinh,intfloat/multilingual-e5-large,0.9900082238558612
slv_Latn,als_Latn,intfloat/multilingual-e5-large,0.9900013010668748
hye_Armn,kat_Geor,intfloat/multilingual-e5-large,0.9899964789309053
ces_Latn,rus_Cyrl,jinaai/jina-embeddings-v3,0.9899938663990184
zsm_Latn,swh_Latn,intfloat/multilingual-e5-large,0.9899929370655366
hrv_Latn,hye_Armn,intfloat/multilingual-e5-large,0.9899872895774534
cym_Latn,kat_Geor,intfloat/multilingual-e5-large,0.9899731112845866
hin_Deva,eng_Latn,intfloat/multilingual-e5-large,0.9899726775956283
tur_Latn,rus_Cyrl,intfloat/multilingual-e5-large,0.9899530850591604
glg_Latn,nld_Latn,intfloat/multilingual-e5-large,0.9899506523921044
kat_Geor,mal_Mlym,intfloat/multilingual-e5-large,0.9899492583918814
glg_Latn,urd_Arab,intfloat/multilingual-e5-large,0.9899492583918812
ekk_Latn,mkd_Cyrl,intfloat/multilingual-e5-large,0.9899460765698604
amh_Ethi,khm_Khmr,intfloat/multilingual-e5-large,0.9899454094187496
lit_Latn,nld_Latn,jinaai/jina-embeddings-v3,0.9899453655893936
ben_Beng,tel_Telu,intfloat/multilingual-e5-large,0.9899243353575906
ekk_Latn,swe_Latn,intfloat/multilingual-e5-large,0.9899183639018122
ben_Beng,tha_Thai,intfloat/multilingual-e5-large,0.9899133078598136
slk_Latn,tur_Latn,intfloat/multilingual-e5-large,0.9899126658860268
slk_Latn,ron_Latn,intfloat/multilingual-e5-large,0.9899055862170616
sin_Sinh,swe_Latn,jinaai/jina-embeddings-v3,0.9899044863847178
ben_Beng,tat_Cyrl,intfloat/multilingual-e5-large,0.989900468384075
ces_Latn,npi_Deva,intfloat/multilingual-e5-large,0.9899002971910652
hrv_Latn,uzn_Latn,intfloat/multilingual-e5-large,0.9898950472720964
lit_Latn,ces_Latn,jinaai/jina-embeddings-v3,0.989891020160341
hun_Latn,dan_Latn,intfloat/multilingual-e5-large,0.9898901235376644
ekk_Latn,vie_Latn,intfloat/multilingual-e5-large,0.9898802342596256
kat_Geor,ron_Latn,intfloat/multilingual-e5-large,0.9898756298346464
fra_Latn,swe_Latn,jinaai/jina-embeddings-v3,0.989858238377318
zsm_Latn,tha_Thai,intfloat/multilingual-e5-large,0.989855270278684
spa_Latn,als_Latn,intfloat/multilingual-e5-large,0.989841854664259
als_Latn,swe_Latn,jinaai/jina-embeddings-v3,0.989825485845762
glg_Latn,srp_Cyrl,intfloat/multilingual-e5-large,0.9898231549870896
fra_Latn,jav_Latn,intfloat/multilingual-e5-large,0.9898222167177084
kaz_Cyrl,uzn_Latn,intfloat/multilingual-e5-large,0.9898221776282436
mal_Mlym,slk_Latn,intfloat/multilingual-e5-large,0.9898152239553416
bul_Cyrl,ceb_Latn,intfloat/multilingual-e5-large,0.9898119162960928
amh_Ethi,hrv_Latn,intfloat/multilingual-e5-large,0.989797751499403
hye_Armn,kaz_Cyrl,intfloat/multilingual-e5-large,0.989794096485054
glg_Latn,slv_Latn,intfloat/multilingual-e5-large,0.9897864538395168
als_Latn,urd_Arab,intfloat/multilingual-e5-large,0.9897619047619048
spa_Latn,hne_Deva,intfloat/multilingual-e5-large,0.9897602826525544
deu_Latn,pan_Guru,intfloat/multilingual-e5-large,0.9897596926692432
spa_Latn,kaz_Cyrl,intfloat/multilingual-e5-large,0.9897592581149102
hat_Latn,als_Latn,intfloat/multilingual-e5-large,0.9897564216943608
slk_Latn,ind_Latn,jinaai/jina-embeddings-v3,0.9897465922056088
bak_Cyrl,tat_Cyrl,intfloat/multilingual-e5-large,0.9897394411134974
hne_Deva,vie_Latn,intfloat/multilingual-e5-large,0.9897311584973362
slk_Latn,spa_Latn,intfloat/multilingual-e5-large,0.9897263622023718
khm_Khmr,als_Latn,intfloat/multilingual-e5-large,0.9897254790474026
afr_Latn,ben_Beng,intfloat/multilingual-e5-large,0.98971061772584
swe_Latn,fin_Latn,intfloat/multilingual-e5-large,0.989699569376769
ssw_Latn,zul_Latn,intfloat/multilingual-e5-large,0.989695550351288
nld_Latn,tat_Cyrl,intfloat/multilingual-e5-large,0.989695550351288
bho_Deva,npi_Deva,intfloat/multilingual-e5-large,0.989689045016914
spa_Latn,slv_Latn,intfloat/multilingual-e5-large,0.9896841165032952
ben_Beng,cym_Latn,intfloat/multilingual-e5-large,0.9896692289682888
azj_Latn,tgk_Cyrl,intfloat/multilingual-e5-large,0.9896625542222972
spa_Latn,zsm_Latn,intfloat/multilingual-e5-large,0.9896618364618356
kat_Geor,swe_Latn,jinaai/jina-embeddings-v3,0.989661165012453
pol_Latn,bel_Cyrl,intfloat/multilingual-e5-large,0.9896424553427928
zsm_Latn,slv_Latn,intfloat/multilingual-e5-large,0.9896415060349488
ces_Latn,ind_Latn,intfloat/multilingual-e5-large,0.9896402550091076
fin_Latn,hun_Latn,intfloat/multilingual-e5-large,0.989634329097228
hrv_Latn,ekk_Latn,intfloat/multilingual-e5-large,0.989628638340582
amh_Ethi,swh_Latn,intfloat/multilingual-e5-large,0.9896271158027824
azj_Latn,ukr_Cyrl,intfloat/multilingual-e5-large,0.9896199258391882
amh_Ethi,als_Latn,intfloat/multilingual-e5-large,0.9896153953384632
hye_Armn,als_Latn,intfloat/multilingual-e5-large,0.9896085731858566
dan_Latn,tha_Thai,jinaai/jina-embeddings-v3,0.9896077283372364
mal_Mlym,ory_Orya,intfloat/multilingual-e5-large,0.9896050670640836
als_Latn,vie_Latn,intfloat/multilingual-e5-large,0.9896016161824124
bul_Cyrl,ekk_Latn,intfloat/multilingual-e5-large,0.9896003359118112
eng_Latn,sot_Latn,intfloat/multilingual-e5-large,0.989598692732552
eng_Latn,kir_Cyrl,intfloat/multilingual-e5-large,0.98959198721851
nld_Latn,bel_Cyrl,intfloat/multilingual-e5-large,0.9895915132336228
afr_Latn,als_Latn,intfloat/multilingual-e5-large,0.9895889629496188
ekk_Latn,slk_Latn,intfloat/multilingual-e5-large,0.989587545638355
khm_Khmr,urd_Arab,intfloat/multilingual-e5-large,0.9895795960538132
ckb_Arab,tgk_Cyrl,intfloat/multilingual-e5-large,0.9895773882409664
sot_Latn,zul_Latn,intfloat/multilingual-e5-large,0.9895769438059951
mai_Deva,pan_Guru,intfloat/multilingual-e5-large,0.9895644428431316
mal_Mlym,npi_Deva,intfloat/multilingual-e5-large,0.9895633737846852
bos_Latn,deu_Latn,intfloat/multilingual-e5-large,0.9895510236761492
kaz_Cyrl,vie_Latn,intfloat/multilingual-e5-large,0.9895419999116256
ita_Latn,khm_Khmr,intfloat/multilingual-e5-large,0.9895334550271072
khm_Khmr,sin_Sinh,intfloat/multilingual-e5-large,0.98952152367151
isl_Latn,swe_Latn,intfloat/multilingual-e5-large,0.9895179842925744
bos_Latn,ind_Latn,intfloat/multilingual-e5-large,0.9894951077929016
ita_Latn,tat_Cyrl,intfloat/multilingual-e5-large,0.9894938849856884
slv_Latn,tur_Latn,intfloat/multilingual-e5-large,0.9894874048170176
spa_Latn,ell_Grek,intfloat/multilingual-e5-large,0.989479821983438
fin_Latn,mal_Mlym,intfloat/multilingual-e5-large,0.9894788662831728
hun_Latn,zsm_Latn,intfloat/multilingual-e5-large,0.9894758052252198
azj_Latn,spa_Latn,intfloat/multilingual-e5-large,0.9894740558916066
sna_Latn,tgl_Latn,intfloat/multilingual-e5-large,0.9894725103156018
glg_Latn,ita_Latn,intfloat/multilingual-e5-large,0.9894716903154704
bul_Cyrl,khm_Khmr,intfloat/multilingual-e5-large,0.989463603522189
ekk_Latn,ukr_Cyrl,intfloat/multilingual-e5-large,0.9894635754009592
fra_Latn,npi_Deva,intfloat/multilingual-e5-large,0.989454962312794
hun_Latn,fra_Latn,intfloat/multilingual-e5-large,0.9894463001295898
isl_Latn,hrv_Latn,intfloat/multilingual-e5-large,0.98944493824129
slk_Latn,deu_Latn,intfloat/multilingual-e5-large,0.9894439973285832
guj_Gujr,pan_Guru,intfloat/multilingual-e5-large,0.9894291681247588
slv_Latn,swe_Latn,intfloat/multilingual-e5-large,0.9894283669752052
ces_Latn,cat_Latn,intfloat/multilingual-e5-large,0.989418144306903
azj_Latn,mal_Mlym,intfloat/multilingual-e5-large,0.9894145642608758
ben_Beng,lit_Latn,jinaai/jina-embeddings-v3,0.9894127544103886
ekk_Latn,als_Latn,intfloat/multilingual-e5-large,0.989407437198807
fin_Latn,nno_Latn,intfloat/multilingual-e5-large,0.9894021344255536
hye_Armn,swe_Latn,jinaai/jina-embeddings-v3,0.9893985802348072
ell_Grek,rus_Cyrl,intfloat/multilingual-e5-large,0.9893944463031116
cym_Latn,fra_Latn,intfloat/multilingual-e5-large,0.9893886682732016
hrv_Latn,nno_Latn,intfloat/multilingual-e5-large,0.9893754372091608
ita_Latn,lit_Latn,intfloat/multilingual-e5-large,0.989374858812798
bul_Cyrl,kaz_Cyrl,intfloat/multilingual-e5-large,0.9893726492087148
mkd_Cyrl,pan_Guru,intfloat/multilingual-e5-large,0.9893608123402832
sin_Sinh,snd_Arab,intfloat/multilingual-e5-large,0.989360125729148
srp_Cyrl,tha_Thai,intfloat/multilingual-e5-large,0.989350863296138
ell_Grek,heb_Hebr,intfloat/multilingual-e5-large,0.9893367561400348
hye_Armn,tgk_Cyrl,intfloat/multilingual-e5-large,0.9893350711075038
hrv_Latn,cat_Latn,intfloat/multilingual-e5-large,0.9893312516263336
fra_Latn,azj_Latn,intfloat/multilingual-e5-large,0.9893252532011314
tur_Latn,ind_Latn,jinaai/jina-embeddings-v3,0.9893205642912902
azj_Latn,ita_Latn,intfloat/multilingual-e5-large,0.989314449699403
fin_Latn,ces_Latn,intfloat/multilingual-e5-large,0.9893123088861032
bos_Latn,rus_Cyrl,intfloat/multilingual-e5-large,0.9893111699419612
hun_Latn,urd_Arab,intfloat/multilingual-e5-large,0.9893042937956208
dan_Latn,khm_Khmr,jinaai/jina-embeddings-v3,0.989295356467922
ekk_Latn,ces_Latn,intfloat/multilingual-e5-large,0.9892935268064216
bel_Cyrl,fra_Latn,intfloat/multilingual-e5-large,0.9892857142857144
swe_Latn,tgk_Cyrl,intfloat/multilingual-e5-large,0.9892772787971852
ekk_Latn,zsm_Latn,intfloat/multilingual-e5-large,0.9892730925913872
hrv_Latn,swh_Latn,intfloat/multilingual-e5-large,0.9892700249498708
ces_Latn,kat_Geor,intfloat/multilingual-e5-large,0.9892653111915408
sin_Sinh,slv_Latn,intfloat/multilingual-e5-large,0.9892564533907504
als_Latn,tur_Latn,intfloat/multilingual-e5-large,0.9892443297010044
isl_Latn,sin_Sinh,intfloat/multilingual-e5-large,0.9892271662763464
azj_Latn,bel_Cyrl,intfloat/multilingual-e5-large,0.9892254620286512
cat_Latn,rus_Cyrl,intfloat/multilingual-e5-large,0.9892248090519792
dan_Latn,als_Latn,intfloat/multilingual-e5-large,0.989216384708188
hrv_Latn,hun_Latn,intfloat/multilingual-e5-large,0.989215027618757
hye_Armn,tat_Cyrl,intfloat/multilingual-e5-large,0.989213106920195
slv_Latn,dan_Latn,intfloat/multilingual-e5-large,0.9892034047676568
fin_Latn,azj_Latn,intfloat/multilingual-e5-large,0.98920114493885
mkd_Cyrl,ind_Latn,intfloat/multilingual-e5-large,0.9891909222705476
npi_Deva,als_Latn,intfloat/multilingual-e5-large,0.9891903568718556
ekk_Latn,sin_Sinh,intfloat/multilingual-e5-large,0.9891848816029144
ben_Beng,glg_Latn,intfloat/multilingual-e5-large,0.989178676514742
bul_Cyrl,zul_Latn,intfloat/multilingual-e5-large,0.989173264934389
kat_Geor,rus_Cyrl,intfloat/multilingual-e5-large,0.9891611121119318
ind_Latn,hrv_Latn,intfloat/multilingual-e5-large,0.989150643000945
ceb_Latn,jav_Latn,intfloat/multilingual-e5-large,0.9891505495180204
nno_Latn,slv_Latn,intfloat/multilingual-e5-large,0.9891323256780112
gle_Latn,tgl_Latn,intfloat/multilingual-e5-large,0.9891281922605109
slk_Latn,hin_Deva,intfloat/multilingual-e5-large,0.9891257328230464
eng_Latn,war_Latn,intfloat/multilingual-e5-large,0.9891215859116276
ell_Grek,azj_Latn,intfloat/multilingual-e5-large,0.9891191142590584
hrv_Latn,tat_Cyrl,intfloat/multilingual-e5-large,0.9891100702576112
cym_Latn,kaz_Cyrl,intfloat/multilingual-e5-large,0.9891072822571652
lit_Latn,swe_Latn,jinaai/jina-embeddings-v3,0.9891033745597656
spa_Latn,tgk_Cyrl,intfloat/multilingual-e5-large,0.9891024739495712
bos_Latn,dan_Latn,intfloat/multilingual-e5-large,0.989100819165222
slv_Latn,spa_Latn,intfloat/multilingual-e5-large,0.9890887378299557
ita_Latn,tgk_Cyrl,intfloat/multilingual-e5-large,0.9890872970966168
als_Latn,uzn_Latn,intfloat/multilingual-e5-large,0.9890800950285727
heb_Hebr,tha_Thai,jinaai/jina-embeddings-v3,0.989078327710866
ben_Beng,swh_Latn,intfloat/multilingual-e5-large,0.9890772401556754
bel_Cyrl,slk_Latn,intfloat/multilingual-e5-large,0.989071038251366
hrv_Latn,lvs_Latn,intfloat/multilingual-e5-large,0.989069426490624
ell_Grek,mkd_Cyrl,intfloat/multilingual-e5-large,0.9890626742500278
rus_Cyrl,ces_Latn,jinaai/jina-embeddings-v3,0.9890431582469053
ind_Latn,rus_Cyrl,intfloat/multilingual-e5-large,0.9890350877192984
cat_Latn,urd_Arab,intfloat/multilingual-e5-large,0.9890185496901648
ell_Grek,slv_Latn,intfloat/multilingual-e5-large,0.9890149074783696
azj_Latn,ron_Latn,intfloat/multilingual-e5-large,0.9890147420885124
heb_Hebr,kat_Geor,intfloat/multilingual-e5-large,0.9890124902419984
ekk_Latn,hun_Latn,intfloat/multilingual-e5-large,0.989012432388738
afr_Latn,tgl_Latn,intfloat/multilingual-e5-large,0.989010931068034
ben_Beng,sna_Latn,intfloat/multilingual-e5-large,0.9890034653571796
fra_Latn,hye_Armn,intfloat/multilingual-e5-large,0.9889996558280124
amh_Ethi,kaz_Cyrl,intfloat/multilingual-e5-large,0.9889950412047238
swe_Latn,zul_Latn,intfloat/multilingual-e5-large,0.9889734582357532
ben_Beng,gle_Latn,intfloat/multilingual-e5-large,0.9889712960958918
nld_Latn,ekk_Latn,intfloat/multilingual-e5-large,0.9889664882346382
nld_Latn,hin_Deva,jinaai/jina-embeddings-v3,0.9889658215388792
azj_Latn,tur_Latn,intfloat/multilingual-e5-large,0.9889585889000408
kat_Geor,npi_Deva,intfloat/multilingual-e5-large,0.988957023706808
isl_Latn,dan_Latn,intfloat/multilingual-e5-large,0.9889561147005108
bul_Cyrl,glg_Latn,intfloat/multilingual-e5-large,0.988938560161204
eng_Latn,tat_Cyrl,intfloat/multilingual-e5-large,0.9889344262295082
cat_Latn,srp_Cyrl,intfloat/multilingual-e5-large,0.9889312871398528
dan_Latn,hun_Latn,intfloat/multilingual-e5-large,0.9889291081137837
mal_Mlym,tha_Thai,intfloat/multilingual-e5-large,0.988928356659159
hun_Latn,fin_Latn,intfloat/multilingual-e5-large,0.9889247958836448
hin_Deva,pan_Guru,intfloat/multilingual-e5-large,0.988921237247088
dan_Latn,lit_Latn,jinaai/jina-embeddings-v3,0.9889101416251498
ekk_Latn,tur_Latn,intfloat/multilingual-e5-large,0.98890317302298
kir_Cyrl,rus_Cyrl,intfloat/multilingual-e5-large,0.9888989095281734
nno_Latn,slk_Latn,intfloat/multilingual-e5-large,0.9888905152224824
deu_Latn,hun_Latn,intfloat/multilingual-e5-large,0.9888823163238132
jav_Latn,mal_Mlym,intfloat/multilingual-e5-large,0.9888593920987812
arz_Arab,hrv_Latn,intfloat/multilingual-e5-large,0.9888526699409526
hat_Latn,jav_Latn,intfloat/multilingual-e5-large,0.9888424222147876
som_Latn,swh_Latn,intfloat/multilingual-e5-large,0.9888365420683922
afr_Latn,hye_Armn,intfloat/multilingual-e5-large,0.9888281397792336
bos_Latn,nld_Latn,intfloat/multilingual-e5-large,0.9888261288121806
nno_Latn,tur_Latn,intfloat/multilingual-e5-large,0.988822791122094
swe_Latn,hun_Latn,intfloat/multilingual-e5-large,0.988815678391885
bos_Latn,vie_Latn,intfloat/multilingual-e5-large,0.9888108248763988
bel_Cyrl,urd_Arab,intfloat/multilingual-e5-large,0.9888108248763988
swe_Latn,spa_Latn,jinaai/jina-embeddings-v3,0.9888089241688188
lit_Latn,dan_Latn,jinaai/jina-embeddings-v3,0.9888058362767518
ind_Latn,urd_Arab,intfloat/multilingual-e5-large,0.9887968848741682
rus_Cyrl,ell_Grek,intfloat/multilingual-e5-large,0.9887938856615672
kat_Geor,slk_Latn,jinaai/jina-embeddings-v3,0.9887937870958948
bel_Cyrl,als_Latn,intfloat/multilingual-e5-large,0.9887852682056428
ron_Latn,spa_Latn,intfloat/multilingual-e5-large,0.9887737893348408
eng_Latn,lvs_Latn,intfloat/multilingual-e5-large,0.9887650975065376
ory_Orya,snd_Arab,intfloat/multilingual-e5-large,0.9887646287650302
heb_Hebr,ron_Latn,intfloat/multilingual-e5-large,0.9887587822014052
nld_Latn,lit_Latn,jinaai/jina-embeddings-v3,0.9887585704210384
hat_Latn,kaz_Cyrl,intfloat/multilingual-e5-large,0.9887514475924968
ell_Grek,bel_Cyrl,intfloat/multilingual-e5-large,0.9887356568556428
bos_Latn,spa_Latn,intfloat/multilingual-e5-large,0.9887341165974586
glg_Latn,spa_Latn,jinaai/jina-embeddings-v3,0.9887252270627852
lvs_Latn,srp_Cyrl,intfloat/multilingual-e5-large,0.9887139375500495
tgk_Cyrl,urd_Arab,intfloat/multilingual-e5-large,0.988695006691201
nld_Latn,lvs_Latn,intfloat/multilingual-e5-large,0.98869295716566
lit_Latn,urd_Arab,intfloat/multilingual-e5-large,0.9886921161907386
kaz_Cyrl,mkd_Cyrl,intfloat/multilingual-e5-large,0.9886889472955046
nno_Latn,ukr_Cyrl,intfloat/multilingual-e5-large,0.988684303117804
dan_Latn,slv_Latn,intfloat/multilingual-e5-large,0.9886804850887116
spa_Latn,heb_Hebr,jinaai/jina-embeddings-v3,0.988677358876902
bos_Latn,ukr_Cyrl,intfloat/multilingual-e5-large,0.9886752923111236
eng_Latn,lao_Laoo,intfloat/multilingual-e5-large,0.9886709601873536
amh_Ethi,tir_Ethi,intfloat/multilingual-e5-large,0.9886639901862384
ben_Beng,ckb_Arab,intfloat/multilingual-e5-large,0.9886546968514182
ekk_Latn,rus_Cyrl,jinaai/jina-embeddings-v3,0.9886503670022406
bel_Cyrl,pol_Latn,intfloat/multilingual-e5-large,0.9886442540778176
nld_Latn,isl_Latn,intfloat/multilingual-e5-large,0.9886086859215876
spa_Latn,fin_Latn,intfloat/multilingual-e5-large,0.9885973591368176
bel_Cyrl,slv_Latn,intfloat/multilingual-e5-large,0.9885966557512224
hne_Deva,rus_Cyrl,intfloat/multilingual-e5-large,0.988594197241738
slk_Latn,nno_Latn,intfloat/multilingual-e5-large,0.9885939803972592
slv_Latn,uzn_Latn,intfloat/multilingual-e5-large,0.9885920090838124
bul_Cyrl,tat_Cyrl,intfloat/multilingual-e5-large,0.9885862196474792
bul_Cyrl,lit_Latn,intfloat/multilingual-e5-large,0.9885697996495058
sin_Sinh,slk_Latn,jinaai/jina-embeddings-v3,0.9885601201696192
npi_Deva,ory_Orya,intfloat/multilingual-e5-large,0.9885573314045554
cat_Latn,deu_Latn,jinaai/jina-embeddings-v3,0.9885563221098952
hin_Deva,zsm_Latn,intfloat/multilingual-e5-large,0.9885502158281418
mal_Mlym,swh_Latn,intfloat/multilingual-e5-large,0.9885394142672116
nld_Latn,pan_Guru,intfloat/multilingual-e5-large,0.9885372970121212
bel_Cyrl,mal_Mlym,intfloat/multilingual-e5-large,0.988531749307839
gle_Latn,als_Latn,intfloat/multilingual-e5-large,0.9885277799453306
fra_Latn,ind_Latn,jinaai/jina-embeddings-v5-text-small,0.9885148321623732
mai_Deva,ory_Orya,intfloat/multilingual-e5-large,0.9885145608131062
bul_Cyrl,hun_Latn,intfloat/multilingual-e5-large,0.988512092993483
glg_Latn,slk_Latn,intfloat/multilingual-e5-large,0.988510650161704
bul_Cyrl,tha_Thai,jinaai/jina-embeddings-v3,0.9885099531615924
pol_Latn,lit_Latn,jinaai/jina-embeddings-v3,0.9885086753280548
hrv_Latn,mya_Mymr,intfloat/multilingual-e5-large,0.9885076842037828
ell_Grek,hye_Armn,intfloat/multilingual-e5-large,0.9885038544106168
mkd_Cyrl,swh_Latn,intfloat/multilingual-e5-large,0.9885008629153827
gle_Latn,hne_Deva,intfloat/multilingual-e5-large,0.9884946021591364
hne_Deva,tur_Latn,intfloat/multilingual-e5-large,0.9884931617952696
glg_Latn,als_Latn,intfloat/multilingual-e5-large,0.9884928766588602
slv_Latn,zul_Latn,intfloat/multilingual-e5-large,0.9884902048250994
eng_Latn,isl_Latn,intfloat/multilingual-e5-large,0.9884894278413686
hin_Deva,nld_Latn,jinaai/jina-embeddings-v3,0.9884856556402224
fra_Latn,pan_Guru,intfloat/multilingual-e5-large,0.9884855581576892
deu_Latn,heb_Hebr,jinaai/jina-embeddings-v3,0.9884739931188018
som_Latn,tgl_Latn,intfloat/multilingual-e5-large,0.9884497788186312
cym_Latn,gle_Latn,intfloat/multilingual-e5-large,0.9884324885349476
slv_Latn,hun_Latn,intfloat/multilingual-e5-large,0.9884324027281318
bel_Cyrl,ron_Latn,intfloat/multilingual-e5-large,0.988429739659248
khm_Khmr,tgl_Latn,intfloat/multilingual-e5-large,0.9884041024269596
nno_Latn,urd_Arab,intfloat/multilingual-e5-large,0.9884039166225028
bul_Cyrl,pan_Guru,intfloat/multilingual-e5-large,0.9884035032950624
lvs_Latn,slv_Latn,intfloat/multilingual-e5-large,0.9883967838068518
bho_Deva,mal_Mlym,intfloat/multilingual-e5-large,0.9883953892825028
hin_Deva,srp_Cyrl,intfloat/multilingual-e5-large,0.988383187850401
nld_Latn,uzn_Latn,intfloat/multilingual-e5-large,0.9883804719870294
pol_Latn,glg_Latn,intfloat/multilingual-e5-large,0.9883786848072564
glg_Latn,ukr_Cyrl,intfloat/multilingual-e5-large,0.9883619568045798
spa_Latn,slk_Latn,intfloat/multilingual-e5-large,0.9883570778037992
mal_Mlym,vie_Latn,intfloat/multilingual-e5-large,0.9883503401360544
slk_Latn,fin_Latn,intfloat/multilingual-e5-large,0.9883487200413736
swe_Latn,tat_Cyrl,intfloat/multilingual-e5-large,0.9883383010432192
pol_Latn,tgk_Cyrl,intfloat/multilingual-e5-large,0.9883377941340472
ces_Latn,tgk_Cyrl,intfloat/multilingual-e5-large,0.9883370419462434
eng_Latn,mai_Deva,intfloat/multilingual-e5-large,0.9883313981330236
kat_Geor,nld_Latn,jinaai/jina-embeddings-v3,0.9883294301327088
heb_Hebr,hne_Deva,intfloat/multilingual-e5-large,0.9883294301327088
ron_Latn,tha_Thai,intfloat/multilingual-e5-large,0.9883024079745392
tso_Latn,zul_Latn,intfloat/multilingual-e5-large,0.9882994421279108
som_Latn,zul_Latn,intfloat/multilingual-e5-large,0.9882903981264636
ind_Latn,srp_Cyrl,intfloat/multilingual-e5-large,0.9882903981264636
azj_Latn,mkd_Cyrl,intfloat/multilingual-e5-large,0.9882872933077852
ces_Latn,hun_Latn,intfloat/multilingual-e5-large,0.9882865561258488
fin_Latn,zsm_Latn,intfloat/multilingual-e5-large,0.9882855191256832
ekk_Latn,nno_Latn,intfloat/multilingual-e5-large,0.9882749963077831
tur_Latn,fin_Latn,intfloat/multilingual-e5-large,0.988245612161851
ces_Latn,bel_Cyrl,intfloat/multilingual-e5-large,0.9882416081186574
heb_Hebr,hye_Armn,intfloat/multilingual-e5-large,0.9882354576207036
cat_Latn,als_Latn,intfloat/multilingual-e5-large,0.9882342963435744
hun_Latn,srp_Cyrl,intfloat/multilingual-e5-large,0.988232103571682
heb_Hebr,pan_Guru,intfloat/multilingual-e5-large,0.988231850117096
fra_Latn,tha_Thai,intfloat/multilingual-e5-large,0.9882241831158692
pol_Latn,zul_Latn,intfloat/multilingual-e5-large,0.9882220921155348
ceb_Latn,urd_Arab,intfloat/multilingual-e5-large,0.9881959546113528
hne_Deva,ron_Latn,intfloat/multilingual-e5-large,0.9881900301104048
dan_Latn,tgk_Cyrl,intfloat/multilingual-e5-large,0.9881890781102524
deu_Latn,hin_Deva,jinaai/jina-embeddings-v5-text-small,0.988187234655412
cym_Latn,pan_Guru,intfloat/multilingual-e5-large,0.9881812014423256
mal_Mlym,tur_Latn,intfloat/multilingual-e5-large,0.9881640510153392
spa_Latn,hye_Armn,intfloat/multilingual-e5-large,0.9881549409774592
slv_Latn,deu_Latn,intfloat/multilingual-e5-large,0.98814887341655
asm_Beng,urd_Arab,intfloat/multilingual-e5-large,0.9881467680345174
mkd_Cyrl,tgk_Cyrl,intfloat/multilingual-e5-large,0.9881382620112128
nya_Latn,tgl_Latn,intfloat/multilingual-e5-large,0.9881326586667992
cym_Latn,pol_Latn,intfloat/multilingual-e5-large,0.9881303669008588
cat_Latn,kat_Geor,intfloat/multilingual-e5-large,0.988121650954734
rus_Cyrl,lit_Latn,jinaai/jina-embeddings-v3,0.988114248890226
bos_Latn,lvs_Latn,intfloat/multilingual-e5-large,0.9881131017638074
amh_Ethi,zul_Latn,intfloat/multilingual-e5-large,0.9881112057341566
fra_Latn,lit_Latn,jinaai/jina-embeddings-v3,0.9881075267433582
ces_Latn,hye_Armn,intfloat/multilingual-e5-large,0.9880994200959072
bos_Latn,kaz_Cyrl,intfloat/multilingual-e5-large,0.9880899430556314
mal_Mlym,als_Latn,intfloat/multilingual-e5-large,0.9880805258137084
bos_Latn,afr_Latn,intfloat/multilingual-e5-large,0.9880801575473708
hye_Armn,tur_Latn,jinaai/jina-embeddings-v3,0.988076420479656
hat_Latn,fra_Latn,intfloat/multilingual-e5-large,0.9880692167577414
bos_Latn,fin_Latn,intfloat/multilingual-e5-large,0.988063587141456
jav_Latn,sun_Latn,intfloat/multilingual-e5-large,0.9880552767555107
isl_Latn,urd_Arab,intfloat/multilingual-e5-large,0.9880474258796222
cat_Latn,ita_Latn,jinaai/jina-embeddings-v3,0.9880437683635616
bos_Latn,heb_Hebr,intfloat/multilingual-e5-large,0.988038799924046
cat_Latn,slk_Latn,jinaai/jina-embeddings-v3,0.9880351100047564
hun_Latn,tgl_Latn,intfloat/multilingual-e5-large,0.98803382816117
dan_Latn,hne_Deva,intfloat/multilingual-e5-large,0.9880283260845324
hye_Armn,mkd_Cyrl,jinaai/jina-embeddings-v3,0.9880275234783432
bul_Cyrl,ind_Latn,intfloat/multilingual-e5-large,0.9880209533722416
ita_Latn,zul_Latn,intfloat/multilingual-e5-large,0.9880188988626848
rus_Cyrl,bos_Latn,intfloat/multilingual-e5-large,0.9880160489916588
nld_Latn,swh_Latn,intfloat/multilingual-e5-large,0.988012697809464
hat_Latn,zul_Latn,intfloat/multilingual-e5-large,0.988009584525978
deu_Latn,bel_Cyrl,intfloat/multilingual-e5-large,0.9880090279065346
azj_Latn,pol_Latn,intfloat/multilingual-e5-large,0.9879952337314112
deu_Latn,cat_Latn,jinaai/jina-embeddings-v3,0.9879817793674072
swe_Latn,lit_Latn,jinaai/jina-embeddings-v3,0.987981612569598
ind_Latn,pol_Latn,intfloat/multilingual-e5-large,0.9879738439091484
rus_Cyrl,uzn_Latn,intfloat/multilingual-e5-large,0.987950050859887
lit_Latn,ron_Latn,intfloat/multilingual-e5-large,0.987946564099228
dan_Latn,kaz_Cyrl,intfloat/multilingual-e5-large,0.9879418980707037
swe_Latn,swh_Latn,intfloat/multilingual-e5-large,0.9879356346176468
hin_Deva,sin_Sinh,intfloat/multilingual-e5-large,0.9879351286099716
glg_Latn,jav_Latn,intfloat/multilingual-e5-large,0.987928908523171
lit_Latn,tha_Thai,jinaai/jina-embeddings-v3,0.9879232757304436
bul_Cyrl,nno_Latn,intfloat/multilingual-e5-large,0.9879221312289256
ben_Beng,khk_Cyrl,intfloat/multilingual-e5-large,0.9879089577664432
nld_Latn,glg_Latn,intfloat/multilingual-e5-large,0.9879089489745226
ces_Latn,nno_Latn,intfloat/multilingual-e5-large,0.9879061195556236
npi_Deva,swh_Latn,intfloat/multilingual-e5-large,0.9878904794948374
hun_Latn,ron_Latn,intfloat/multilingual-e5-large,0.9878844652615144
tur_Latn,tha_Thai,intfloat/multilingual-e5-large,0.9878838765679948
zsm_Latn,mya_Mymr,intfloat/multilingual-e5-large,0.9878835823947064
ces_Latn,hin_Deva,intfloat/multilingual-e5-large,0.987878263844306
lit_Latn,zsm_Latn,intfloat/multilingual-e5-large,0.9878746819144946
hrv_Latn,bak_Cyrl,intfloat/multilingual-e5-large,0.9878729494355584
lit_Latn,npi_Deva,intfloat/multilingual-e5-large,0.9878658648239704
rus_Cyrl,tat_Cyrl,intfloat/multilingual-e5-large,0.9878624400579904
ind_Latn,slk_Latn,intfloat/multilingual-e5-large,0.9878610460577674
bul_Cyrl,mal_Mlym,intfloat/multilingual-e5-large,0.9878582580573212
kir_Cyrl,tat_Cyrl,intfloat/multilingual-e5-large,0.9878577933905802
mkd_Cyrl,tha_Thai,intfloat/multilingual-e5-large,0.9878531889656011
bel_Cyrl,kat_Geor,intfloat/multilingual-e5-large,0.9878501400560225
uzn_Latn,tgl_Latn,intfloat/multilingual-e5-large,0.9878496690109192
dan_Latn,npi_Deva,intfloat/multilingual-e5-large,0.987846641388796
tur_Latn,spa_Latn,jinaai/jina-embeddings-v3,0.9878279537046464
ory_Orya,rus_Cyrl,intfloat/multilingual-e5-large,0.9878197667541928
pan_Guru,als_Latn,intfloat/multilingual-e5-large,0.9877887186656452
kat_Geor,kir_Cyrl,intfloat/multilingual-e5-large,0.9877768229276812
cym_Latn,nld_Latn,intfloat/multilingual-e5-large,0.9877569607077804
sin_Sinh,swh_Latn,intfloat/multilingual-e5-large,0.9877560795504486
kaz_Cyrl,mal_Mlym,intfloat/multilingual-e5-large,0.9877559891318676
deu_Latn,glg_Latn,intfloat/multilingual-e5-large,0.9877517047422596
cym_Latn,urd_Arab,intfloat/multilingual-e5-large,0.9877438785518412
eng_Latn,plt_Latn,intfloat/multilingual-e5-large,0.9877397680383628
hye_Armn,nld_Latn,jinaai/jina-embeddings-v3,0.987736893329769
fra_Latn,hin_Deva,intfloat/multilingual-e5-large,0.9877363201737336
bos_Latn,khm_Khmr,intfloat/multilingual-e5-large,0.9877286761508074
arz_Arab,urd_Arab,intfloat/multilingual-e5-large,0.9877254611939684
cym_Latn,mkd_Cyrl,intfloat/multilingual-e5-large,0.9877206242548476
cat_Latn,mkd_Cyrl,jinaai/jina-embeddings-v3,0.9877191206727404
hrv_Latn,glg_Latn,intfloat/multilingual-e5-large,0.98771518294352
bel_Cyrl,ell_Grek,intfloat/multilingual-e5-large,0.9877137382523798
mkd_Cyrl,hun_Latn,intfloat/multilingual-e5-large,0.9877097151995464
glg_Latn,ron_Latn,intfloat/multilingual-e5-large,0.9877058473662688
bel_Cyrl,pan_Guru,intfloat/multilingual-e5-large,0.9877048184613424
guj_Gujr,ory_Orya,intfloat/multilingual-e5-large,0.9877029603146052
lvs_Latn,mkd_Cyrl,intfloat/multilingual-e5-large,0.9876932380006148
ekk_Latn,hye_Armn,intfloat/multilingual-e5-large,0.9876910914774898
ben_Beng,guj_Gujr,intfloat/multilingual-e5-large,0.9876888236665756
ekk_Latn,dan_Latn,intfloat/multilingual-e5-large,0.9876838253877264
hrv_Latn,isl_Latn,intfloat/multilingual-e5-large,0.9876830997456296
nno_Latn,pol_Latn,intfloat/multilingual-e5-large,0.9876638317459636
bel_Cyrl,ita_Latn,intfloat/multilingual-e5-large,0.9876591853622844
afr_Latn,zsm_Latn,intfloat/multilingual-e5-large,0.9876466179075748
bel_Cyrl,zsm_Latn,intfloat/multilingual-e5-large,0.9876463700234192
amh_Ethi,hat_Latn,intfloat/multilingual-e5-large,0.987638563322641
ind_Latn,nld_Latn,intfloat/multilingual-e5-large,0.9876229843875703
som_Latn,urd_Arab,intfloat/multilingual-e5-large,0.98761215834357
bul_Cyrl,mya_Mymr,intfloat/multilingual-e5-large,0.9876064951577668
hin_Deva,pol_Latn,intfloat/multilingual-e5-large,0.9876023615862702
azj_Latn,slv_Latn,intfloat/multilingual-e5-large,0.9875952977413516
hne_Deva,slv_Latn,intfloat/multilingual-e5-large,0.9875639132980152
hne_Deva,nld_Latn,intfloat/multilingual-e5-large,0.9875501840080296
swh_Latn,tsn_Latn,intfloat/multilingual-e5-large,0.9875492039836302
glg_Latn,rus_Cyrl,intfloat/multilingual-e5-large,0.9875474693760162
ron_Latn,tgk_Cyrl,intfloat/multilingual-e5-large,0.9875442727212884
afr_Latn,srp_Cyrl,intfloat/multilingual-e5-large,0.9875439089440232
afr_Latn,mal_Mlym,intfloat/multilingual-e5-large,0.98753755352116
afr_Latn,hat_Latn,intfloat/multilingual-e5-large,0.9875188864546348
rus_Cyrl,als_Latn,intfloat/multilingual-e5-large,0.9875180927581396
isl_Latn,ita_Latn,intfloat/multilingual-e5-large,0.9875162475554448
lit_Latn,spa_Latn,jinaai/jina-embeddings-v3,0.987515632462994
ita_Latn,uzn_Latn,intfloat/multilingual-e5-large,0.9875108732017398
ekk_Latn,fra_Latn,intfloat/multilingual-e5-large,0.987495118667224
isl_Latn,als_Latn,intfloat/multilingual-e5-large,0.9874882782032528
azj_Latn,cat_Latn,intfloat/multilingual-e5-large,0.9874821355728992
bel_Cyrl,nld_Latn,intfloat/multilingual-e5-large,0.9874813907325848
asm_Beng,npi_Deva,intfloat/multilingual-e5-large,0.9874644850833572
hun_Latn,hye_Armn,intfloat/multilingual-e5-large,0.9874473959509742
hrv_Latn,tha_Thai,intfloat/multilingual-e5-large,0.9874436457577866
mkd_Cyrl,ekk_Latn,intfloat/multilingual-e5-large,0.9874401554729424
lvs_Latn,pan_Guru,intfloat/multilingual-e5-large,0.9874350021739092
kaz_Cyrl,npi_Deva,intfloat/multilingual-e5-large,0.9874222667672236
bul_Cyrl,cat_Latn,intfloat/multilingual-e5-large,0.9874205798334468
azj_Latn,fin_Latn,intfloat/multilingual-e5-large,0.98741989361509
arz_Arab,sin_Sinh,intfloat/multilingual-e5-large,0.9874112988867088
afr_Latn,kat_Geor,intfloat/multilingual-e5-large,0.9874093899855024
ekk_Latn,fin_Latn,intfloat/multilingual-e5-large,0.987407327059064
lvs_Latn,tgl_Latn,intfloat/multilingual-e5-large,0.9874028131639372
spa_Latn,ekk_Latn,intfloat/multilingual-e5-large,0.9873905100634534
ron_Latn,zul_Latn,intfloat/multilingual-e5-large,0.9873737504576764
sin_Sinh,tur_Latn,intfloat/multilingual-e5-large,0.987369118867948
hye_Armn,rus_Cyrl,jinaai/jina-embeddings-v3,0.987365355978457
slv_Latn,heb_Hebr,intfloat/multilingual-e5-large,0.9873604195776672
hun_Latn,tur_Latn,intfloat/multilingual-e5-large,0.9873415737584356
cat_Latn,zsm_Latn,intfloat/multilingual-e5-large,0.9873395565850284
spa_Latn,bel_Cyrl,intfloat/multilingual-e5-large,0.9873384674101796
deu_Latn,hye_Armn,intfloat/multilingual-e5-large,0.9873350974428712
glg_Latn,kat_Geor,intfloat/multilingual-e5-large,0.9873137108792848
als_Latn,ukr_Cyrl,jinaai/jina-embeddings-v3,0.9872894349812348
slv_Latn,swh_Latn,intfloat/multilingual-e5-large,0.9872867179658747
khm_Khmr,mal_Mlym,intfloat/multilingual-e5-large,0.9872820172223974
cym_Latn,swh_Latn,intfloat/multilingual-e5-large,0.9872817556940952
fra_Latn,tgk_Cyrl,intfloat/multilingual-e5-large,0.987279319041614
glg_Latn,mkd_Cyrl,intfloat/multilingual-e5-large,0.9872713436583302
fra_Latn,hun_Latn,intfloat/multilingual-e5-large,0.9872701116094444
ita_Latn,afr_Latn,intfloat/multilingual-e5-large,0.9872687297799072
lit_Latn,als_Latn,intfloat/multilingual-e5-large,0.9872466390819918
hye_Armn,srp_Cyrl,intfloat/multilingual-e5-large,0.987239630079553
kir_Cyrl,als_Latn,intfloat/multilingual-e5-large,0.9872281699565072
kaz_Cyrl,ron_Latn,intfloat/multilingual-e5-large,0.98722786017868
ita_Latn,hun_Latn,intfloat/multilingual-e5-large,0.9872263135955816
azj_Latn,deu_Latn,intfloat/multilingual-e5-large,0.9872242566318586
mkd_Cyrl,nno_Latn,intfloat/multilingual-e5-large,0.9872237668945992
eng_Latn,arz_Arab,intfloat/multilingual-e5-large,0.9872201830256566
nno_Latn,fin_Latn,intfloat/multilingual-e5-large,0.9872200167993176
gle_Latn,mal_Mlym,intfloat/multilingual-e5-large,0.987217482621464
kat_Geor,lit_Latn,jinaai/jina-embeddings-v3,0.9872067592791186
lit_Latn,mal_Mlym,intfloat/multilingual-e5-large,0.9871884092683272
cym_Latn,rus_Cyrl,intfloat/multilingual-e5-large,0.9871861889719032
zsm_Latn,lit_Latn,intfloat/multilingual-e5-large,0.9871818891491022
afr_Latn,slv_Latn,intfloat/multilingual-e5-large,0.987181067422655
lit_Latn,pol_Latn,intfloat/multilingual-e5-large,0.9871798474238672
slk_Latn,tgk_Cyrl,intfloat/multilingual-e5-large,0.9871670484582272
hye_Armn,mal_Mlym,intfloat/multilingual-e5-large,0.9871539560398712
mar_Deva,urd_Arab,intfloat/multilingual-e5-large,0.9871403479424556
ind_Latn,deu_Latn,intfloat/multilingual-e5-large,0.9871394677414322
npi_Deva,slv_Latn,intfloat/multilingual-e5-large,0.9871384715537392
hat_Latn,tgk_Cyrl,intfloat/multilingual-e5-large,0.987131445350122
fra_Latn,mya_Mymr,intfloat/multilingual-e5-large,0.987131269069208
als_Latn,tha_Thai,intfloat/multilingual-e5-large,0.9871236140329984
heb_Hebr,mal_Mlym,intfloat/multilingual-e5-large,0.987122225939556
nno_Latn,spa_Latn,intfloat/multilingual-e5-large,0.9871214117600984
hin_Deva,kat_Geor,intfloat/multilingual-e5-large,0.9871102565042332
nld_Latn,snd_Arab,intfloat/multilingual-e5-large,0.987104366189778
cym_Latn,mal_Mlym,intfloat/multilingual-e5-large,0.987089234600944
ben_Beng,hat_Latn,intfloat/multilingual-e5-large,0.9870876375645206
eng_Latn,ckb_Arab,intfloat/multilingual-e5-large,0.9870722449008084
dan_Latn,pan_Guru,intfloat/multilingual-e5-large,0.987070246413998
bho_Deva,ory_Orya,intfloat/multilingual-e5-large,0.9870689975632236
azj_Latn,glg_Latn,intfloat/multilingual-e5-large,0.9870663944434436
fra_Latn,lvs_Latn,intfloat/multilingual-e5-large,0.987066265717368
ces_Latn,mya_Mymr,intfloat/multilingual-e5-large,0.9870622839299654
cat_Latn,pol_Latn,jinaai/jina-embeddings-v3,0.987062218812308
tat_Cyrl,urd_Arab,intfloat/multilingual-e5-large,0.9870608899297424
pol_Latn,cat_Latn,jinaai/jina-embeddings-v3,0.9870552876269592
hat_Latn,mal_Mlym,intfloat/multilingual-e5-large,0.9870536669633356
pan_Guru,tgk_Cyrl,intfloat/multilingual-e5-large,0.98705066726144
fra_Latn,nno_Latn,intfloat/multilingual-e5-large,0.987049737927958
gle_Latn,hrv_Latn,intfloat/multilingual-e5-large,0.9870381401906938
kaz_Cyrl,kir_Cyrl,intfloat/multilingual-e5-large,0.9870255037702343
dan_Latn,nno_Latn,intfloat/multilingual-e5-large,0.9870168077297068
ces_Latn,jav_Latn,intfloat/multilingual-e5-large,0.987016746589346
bos_Latn,cat_Latn,intfloat/multilingual-e5-large,0.9870095978702536
hun_Latn,bel_Cyrl,intfloat/multilingual-e5-large,0.9870064077543584
fra_Latn,afr_Latn,intfloat/multilingual-e5-large,0.9869884019181442
srp_Cyrl,hun_Latn,intfloat/multilingual-e5-large,0.9869691158304938
gle_Latn,swh_Latn,intfloat/multilingual-e5-large,0.9869623104422716
spa_Latn,zul_Latn,intfloat/multilingual-e5-large,0.9869585096077128
ron_Latn,als_Latn,intfloat/multilingual-e5-large,0.9869571718163732
bos_Latn,uzn_Latn,intfloat/multilingual-e5-large,0.9869549398237922
mkd_Cyrl,uzn_Latn,intfloat/multilingual-e5-large,0.9869506041255356
hin_Deva,ukr_Cyrl,intfloat/multilingual-e5-large,0.9869473309264984
kaz_Cyrl,pol_Latn,intfloat/multilingual-e5-large,0.9869368239098918
bos_Latn,gle_Latn,intfloat/multilingual-e5-large,0.9869321044767042
azj_Latn,ces_Latn,intfloat/multilingual-e5-large,0.9869289245752948
deu_Latn,hne_Deva,intfloat/multilingual-e5-large,0.9869170055137384
azj_Latn,srp_Cyrl,intfloat/multilingual-e5-large,0.986912196572618
guj_Gujr,urd_Arab,intfloat/multilingual-e5-large,0.9869004544380292
ben_Beng,afr_Latn,intfloat/multilingual-e5-large,0.9868997047597023
hye_Armn,pol_Latn,jinaai/jina-embeddings-v3,0.9868993904741332
hin_Deva,tgl_Latn,intfloat/multilingual-e5-large,0.9868904319723992
nno_Latn,vie_Latn,intfloat/multilingual-e5-large,0.9868876462656596
ben_Beng,nya_Latn,intfloat/multilingual-e5-large,0.9868744658709292
kat_Geor,pol_Latn,jinaai/jina-embeddings-v3,0.986871234412218
fra_Latn,bel_Cyrl,intfloat/multilingual-e5-large,0.98687117694883
cym_Latn,hye_Armn,intfloat/multilingual-e5-large,0.9868651763770072
bel_Cyrl,ces_Latn,intfloat/multilingual-e5-large,0.9868592245641428
cym_Latn,ita_Latn,intfloat/multilingual-e5-large,0.9868509838005052
pol_Latn,nno_Latn,intfloat/multilingual-e5-large,0.9868325151624332
cat_Latn,ron_Latn,intfloat/multilingual-e5-large,0.9868237412587664
bel_Cyrl,bos_Latn,intfloat/multilingual-e5-large,0.9868160196175828
dan_Latn,ekk_Latn,intfloat/multilingual-e5-large,0.9868145695259588
ces_Latn,ekk_Latn,intfloat/multilingual-e5-large,0.9868134548901528
hye_Armn,ukr_Cyrl,jinaai/jina-embeddings-v3,0.9868131198211336
ell_Grek,hun_Latn,intfloat/multilingual-e5-large,0.9868078379355816
deu_Latn,afr_Latn,intfloat/multilingual-e5-large,0.9868059227921736
jav_Latn,kaz_Cyrl,intfloat/multilingual-e5-large,0.9867932418869186
kat_Geor,srp_Cyrl,intfloat/multilingual-e5-large,0.986780647815938
cat_Latn,swe_Latn,jinaai/jina-embeddings-v3,0.9867803588006998
ben_Beng,lao_Laoo,intfloat/multilingual-e5-large,0.986768149882904
ekk_Latn,lit_Latn,intfloat/multilingual-e5-large,0.9867550585278622
eng_Latn,snd_Arab,intfloat/multilingual-e5-large,0.9867441548282831
eng_Latn,tel_Telu,intfloat/multilingual-e5-large,0.986727343694557
mkd_Cyrl,afr_Latn,intfloat/multilingual-e5-large,0.9867179658748744
slv_Latn,fin_Latn,intfloat/multilingual-e5-large,0.9867145260724562
afr_Latn,slk_Latn,jinaai/jina-embeddings-v3,0.9867070812891576
glg_Latn,hne_Deva,intfloat/multilingual-e5-large,0.986705884539608
jav_Latn,war_Latn,intfloat/multilingual-e5-large,0.986705348385676
fin_Latn,heb_Hebr,intfloat/multilingual-e5-large,0.9867001798720288
fin_Latn,kat_Geor,intfloat/multilingual-e5-large,0.986699843871975
jav_Latn,ron_Latn,intfloat/multilingual-e5-large,0.9866891987793628
ekk_Latn,spa_Latn,jinaai/jina-embeddings-v3,0.986674669045892
lin_Latn,tgl_Latn,intfloat/multilingual-e5-large,0.9866733578677374
azj_Latn,fra_Latn,intfloat/multilingual-e5-large,0.9866726846044716
cat_Latn,tgk_Cyrl,intfloat/multilingual-e5-large,0.9866683826136342
mai_Deva,snd_Arab,intfloat/multilingual-e5-large,0.9866551877958644
afr_Latn,ron_Latn,intfloat/multilingual-e5-large,0.9866482658637225
slv_Latn,lvs_Latn,intfloat/multilingual-e5-large,0.9866471668194212
cat_Latn,hye_Armn,intfloat/multilingual-e5-large,0.9866385176940252
hrv_Latn,snd_Arab,intfloat/multilingual-e5-large,0.9866331960835336
lao_Laoo,tgl_Latn,intfloat/multilingual-e5-large,0.986631537861046
dan_Latn,kat_Geor,jinaai/jina-embeddings-v3,0.9866217798594848
tur_Latn,tat_Cyrl,intfloat/multilingual-e5-large,0.9866217798594848
amh_Ethi,zsm_Latn,intfloat/multilingual-e5-large,0.9866143954258708
lvs_Latn,eng_Latn,intfloat/multilingual-e5-large,0.9866079511344854
cat_Latn,nld_Latn,jinaai/jina-embeddings-v3,0.9866042897390392
deu_Latn,mal_Mlym,intfloat/multilingual-e5-large,0.9865986863945416
asm_Beng,pan_Guru,intfloat/multilingual-e5-large,0.9865985887648652
cat_Latn,tgl_Latn,intfloat/multilingual-e5-large,0.9865851717358296
ind_Latn,bel_Cyrl,intfloat/multilingual-e5-large,0.9865734440243982
isl_Latn,slv_Latn,intfloat/multilingual-e5-large,0.9865725630310974
lit_Latn,pan_Guru,intfloat/multilingual-e5-large,0.9865694414874744
cym_Latn,khm_Khmr,intfloat/multilingual-e5-large,0.9865664127903162
bul_Cyrl,afr_Latn,intfloat/multilingual-e5-large,0.986561837849894
cat_Latn,glg_Latn,intfloat/multilingual-e5-large,0.9865616622527617
eng_Latn,sun_Latn,intfloat/multilingual-e5-large,0.9865528930151296
kat_Geor,tur_Latn,jinaai/jina-embeddings-v3,0.9865326088129596
jav_Latn,rus_Cyrl,intfloat/multilingual-e5-large,0.986528362227313
fra_Latn,khm_Khmr,intfloat/multilingual-e5-large,0.9865256740319012
hin_Deva,kaz_Cyrl,intfloat/multilingual-e5-large,0.9865169221635116
hun_Latn,als_Latn,intfloat/multilingual-e5-large,0.9865167651760156
pol_Latn,swh_Latn,intfloat/multilingual-e5-large,0.9865138122938228
azj_Latn,tat_Cyrl,intfloat/multilingual-e5-large,0.9864872038116368
kaz_Cyrl,srp_Cyrl,intfloat/multilingual-e5-large,0.9864798452913206
ind_Latn,vie_Latn,intfloat/multilingual-e5-large,0.9864775311407528
ind_Latn,azj_Latn,intfloat/multilingual-e5-large,0.9864754098360656
ind_Latn,jav_Latn,intfloat/multilingual-e5-large,0.9864596074882154
ron_Latn,nno_Latn,intfloat/multilingual-e5-large,0.9864503178320508
dan_Latn,hye_Armn,intfloat/multilingual-e5-large,0.98644481153117
slv_Latn,nno_Latn,intfloat/multilingual-e5-large,0.986442696900912
srp_Cyrl,tgk_Cyrl,intfloat/multilingual-e5-large,0.9864351124956048
fin_Latn,als_Latn,intfloat/multilingual-e5-large,0.9864331671325324
bos_Latn,tha_Thai,intfloat/multilingual-e5-large,0.9864282305857
pan_Guru,srp_Cyrl,intfloat/multilingual-e5-large,0.9864270040274052
zsm_Latn,lvs_Latn,intfloat/multilingual-e5-large,0.9864246322107164
amh_Ethi,hye_Armn,intfloat/multilingual-e5-large,0.9864052173791826
ces_Latn,zul_Latn,intfloat/multilingual-e5-large,0.9864038511579494
swe_Latn,ekk_Latn,intfloat/multilingual-e5-large,0.986384960342806
kat_Geor,vie_Latn,intfloat/multilingual-e5-large,0.986384335154827
uzn_Latn,rus_Cyrl,intfloat/multilingual-e5-large,0.9863841909938688
hye_Armn,vie_Latn,intfloat/multilingual-e5-large,0.986383117164733
spa_Latn,jav_Latn,intfloat/multilingual-e5-large,0.9863598463158768
jav_Latn,lit_Latn,intfloat/multilingual-e5-large,0.9863537173015724
rus_Cyrl,fin_Latn,intfloat/multilingual-e5-large,0.9863521182607834
fin_Latn,hye_Armn,intfloat/multilingual-e5-large,0.9863494977753106
bul_Cyrl,cym_Latn,intfloat/multilingual-e5-large,0.9863450708152114
bel_Cyrl,spa_Latn,intfloat/multilingual-e5-large,0.9863377496937392
amh_Ethi,npi_Deva,intfloat/multilingual-e5-large,0.9863324040146731
sin_Sinh,ukr_Cyrl,jinaai/jina-embeddings-v3,0.9863285936585244
hin_Deva,hrv_Latn,intfloat/multilingual-e5-large,0.9863255841875724
hrv_Latn,ckb_Arab,intfloat/multilingual-e5-large,0.9863237855041134
kaz_Cyrl,swe_Latn,jinaai/jina-embeddings-v3,0.9863226899366304
bel_Cyrl,mkd_Cyrl,intfloat/multilingual-e5-large,0.9863196107627816
ind_Latn,spa_Latn,intfloat/multilingual-e5-large,0.9862960735911556
ell_Grek,pan_Guru,intfloat/multilingual-e5-large,0.9862942118465996
bos_Latn,swe_Latn,intfloat/multilingual-e5-large,0.9862737444704656
npi_Deva,slk_Latn,jinaai/jina-embeddings-v3,0.9862657889759282
kir_Cyrl,sin_Sinh,intfloat/multilingual-e5-large,0.9862607338017174
afr_Latn,ory_Orya,intfloat/multilingual-e5-large,0.9862428929664002
fin_Latn,spa_Latn,intfloat/multilingual-e5-large,0.9862293783446456
ekk_Latn,jav_Latn,intfloat/multilingual-e5-large,0.9862255953823024
hin_Deva,ita_Latn,intfloat/multilingual-e5-large,0.9862238464112
lvs_Latn,slk_Latn,intfloat/multilingual-e5-large,0.986222213194178
nno_Latn,rus_Cyrl,intfloat/multilingual-e5-large,0.98621957921374
heb_Hebr,zul_Latn,intfloat/multilingual-e5-large,0.986215196461098
ces_Latn,uzn_Latn,intfloat/multilingual-e5-large,0.9862026927015216
sun_Latn,tgl_Latn,intfloat/multilingual-e5-large,0.9862007625473668
deu_Latn,kat_Geor,intfloat/multilingual-e5-large,0.9861947511244936
hat_Latn,ita_Latn,intfloat/multilingual-e5-large,0.9861854577896731
heb_Hebr,nno_Latn,intfloat/multilingual-e5-large,0.9861693391860014
bel_Cyrl,cym_Latn,intfloat/multilingual-e5-large,0.9861639609414784
hin_Deva,jav_Latn,intfloat/multilingual-e5-large,0.9861617607857024
kaz_Cyrl,slv_Latn,intfloat/multilingual-e5-large,0.9861600945411708
ell_Grek,kat_Geor,intfloat/multilingual-e5-large,0.9861580424519536
ell_Grek,fin_Latn,intfloat/multilingual-e5-large,0.9861553374277112
ben_Beng,mar_Deva,intfloat/multilingual-e5-large,0.9861503516103592
eng_Latn,guj_Gujr,intfloat/multilingual-e5-large,0.986149630381642
srp_Cyrl,swh_Latn,intfloat/multilingual-e5-large,0.9861282970387458
deu_Latn,ekk_Latn,intfloat/multilingual-e5-large,0.9861241217798594
afr_Latn,rus_Cyrl,intfloat/multilingual-e5-large,0.9861105983753968
afr_Latn,ita_Latn,jinaai/jina-embeddings-v3,0.9860894306874602
ceb_Latn,srp_Cyrl,intfloat/multilingual-e5-large,0.9860809077729452
kaz_Cyrl,zul_Latn,intfloat/multilingual-e5-large,0.9860775836185672
mal_Mlym,ron_Latn,intfloat/multilingual-e5-large,0.986071149771384
spa_Latn,hin_Deva,intfloat/multilingual-e5-large,0.9860671296602572
ell_Grek,jav_Latn,intfloat/multilingual-e5-large,0.9860650161704024
ces_Latn,mal_Mlym,intfloat/multilingual-e5-large,0.9860631342701014
bos_Latn,ekk_Latn,intfloat/multilingual-e5-large,0.9860576744358944
tam_Taml,urd_Arab,intfloat/multilingual-e5-large,0.9860361925350216
jav_Latn,pol_Latn,intfloat/multilingual-e5-large,0.9860314207650271
ces_Latn,afr_Latn,intfloat/multilingual-e5-large,0.9860290656383348
fra_Latn,zul_Latn,intfloat/multilingual-e5-large,0.9860228244303184
fin_Latn,ekk_Latn,jinaai/jina-embeddings-v3,0.9860187007995512
swh_Latn,tgk_Cyrl,intfloat/multilingual-e5-large,0.9860177726688266
hun_Latn,tha_Thai,intfloat/multilingual-e5-large,0.9860160455797355
ces_Latn,pan_Guru,intfloat/multilingual-e5-large,0.98601115969282
mkd_Cyrl,mya_Mymr,intfloat/multilingual-e5-large,0.986005175413002
ben_Beng,isl_Latn,intfloat/multilingual-e5-large,0.9859954159290628
eng_Latn,jpn_Jpan,jinaai/jina-embeddings-v3,0.9859918382297086
amh_Ethi,azj_Latn,intfloat/multilingual-e5-large,0.9859734982685802
amh_Ethi,tgk_Cyrl,intfloat/multilingual-e5-large,0.9859675771571113
ces_Latn,tha_Thai,intfloat/multilingual-e5-large,0.985965040872686
lvs_Latn,fra_Latn,intfloat/multilingual-e5-large,0.9859538392910756
ben_Beng,tam_Taml,intfloat/multilingual-e5-large,0.9859310764858144
fin_Latn,lit_Latn,intfloat/multilingual-e5-large,0.985927985948478
ind_Latn,mal_Mlym,intfloat/multilingual-e5-large,0.9859197620818128
asm_Beng,ory_Orya,intfloat/multilingual-e5-large,0.9859170059476778
ben_Beng,lvs_Latn,intfloat/multilingual-e5-large,0.9859105256758312
dan_Latn,jav_Latn,intfloat/multilingual-e5-large,0.9859038697446192
lvs_Latn,urd_Arab,intfloat/multilingual-e5-large,0.9859013720279723
hin_Deva,vie_Latn,intfloat/multilingual-e5-large,0.9859002580167686
azj_Latn,hye_Armn,intfloat/multilingual-e5-large,0.9858980093699564
hun_Latn,azj_Latn,intfloat/multilingual-e5-large,0.9858956313874347
ell_Grek,ind_Latn,intfloat/multilingual-e5-large,0.9858937632430022
deu_Latn,kaz_Cyrl,intfloat/multilingual-e5-large,0.9858898032983568
azj_Latn,slk_Latn,intfloat/multilingual-e5-large,0.9858881322157854
fin_Latn,tha_Thai,intfloat/multilingual-e5-large,0.9858855235254677
rus_Cyrl,ekk_Latn,intfloat/multilingual-e5-large,0.985884689731294
bho_Deva,rus_Cyrl,intfloat/multilingual-e5-large,0.985884258425242
pan_Guru,snd_Arab,intfloat/multilingual-e5-large,0.9858841932318936
cat_Latn,mal_Mlym,intfloat/multilingual-e5-large,0.9858786657479244
spa_Latn,mal_Mlym,intfloat/multilingual-e5-large,0.9858648114364832
hrv_Latn,plt_Latn,intfloat/multilingual-e5-large,0.9858647487596364
rus_Cyrl,zul_Latn,intfloat/multilingual-e5-large,0.985862049737928
slk_Latn,lvs_Latn,intfloat/multilingual-e5-large,0.9858604826688148
rus_Cyrl,heb_Hebr,intfloat/multilingual-e5-large,0.985859768646654
deu_Latn,ceb_Latn,intfloat/multilingual-e5-large,0.985857916256158
afr_Latn,bul_Cyrl,intfloat/multilingual-e5-large,0.98585790997969
afr_Latn,npi_Deva,intfloat/multilingual-e5-large,0.9858460820990096
ceb_Latn,mal_Mlym,intfloat/multilingual-e5-large,0.9858367778629168
ceb_Latn,kat_Geor,intfloat/multilingual-e5-large,0.9858253247469774
mya_Mymr,sin_Sinh,intfloat/multilingual-e5-large,0.9858230177316828
bel_Cyrl,hye_Armn,intfloat/multilingual-e5-large,0.9858074612025548
hin_Deva,hye_Armn,intfloat/multilingual-e5-large,0.9858031567251606
pan_Guru,rus_Cyrl,jinaai/jina-embeddings-v3,0.9858029655746284
mal_Mlym,mya_Mymr,intfloat/multilingual-e5-large,0.9857871620837172
cym_Latn,npi_Deva,intfloat/multilingual-e5-large,0.9857865633107556
ind_Latn,zsm_Latn,intfloat/multilingual-e5-large,0.9857809119072132
hin_Deva,mai_Deva,intfloat/multilingual-e5-large,0.9857746483821984
nno_Latn,lit_Latn,intfloat/multilingual-e5-large,0.9857744672857474
npi_Deva,nld_Latn,jinaai/jina-embeddings-v3,0.9857661182032562
mkd_Cyrl,npi_Deva,intfloat/multilingual-e5-large,0.9857627859122556
cat_Latn,slv_Latn,intfloat/multilingual-e5-large,0.9857492302067392
bul_Cyrl,swh_Latn,intfloat/multilingual-e5-large,0.9857365798269436
ind_Latn,swe_Latn,intfloat/multilingual-e5-large,0.9857364887033454
zsm_Latn,sun_Latn,intfloat/multilingual-e5-large,0.9857338017174082
hrv_Latn,khk_Cyrl,intfloat/multilingual-e5-large,0.985733117200518
kat_Geor,ukr_Cyrl,jinaai/jina-embeddings-v3,0.9857301266259112
cat_Latn,hne_Deva,intfloat/multilingual-e5-large,0.9857121833980212
mar_Deva,ory_Orya,intfloat/multilingual-e5-large,0.985697284378232
bos_Latn,glg_Latn,intfloat/multilingual-e5-large,0.985696163711386
tha_Thai,zul_Latn,intfloat/multilingual-e5-large,0.9856910166336396
guj_Gujr,mal_Mlym,intfloat/multilingual-e5-large,0.9856811816458726
hin_Deva,swe_Latn,jinaai/jina-embeddings-v3,0.985676237708198
bul_Cyrl,uzn_Latn,intfloat/multilingual-e5-large,0.9856740237078436
ory_Orya,tel_Telu,intfloat/multilingual-e5-large,0.9856723367570156
fra_Latn,bho_Deva,intfloat/multilingual-e5-large,0.985655737704918
asm_Beng,mai_Deva,intfloat/multilingual-e5-large,0.9856487980081556
swe_Latn,lvs_Latn,intfloat/multilingual-e5-large,0.9856467136109603
hne_Deva,slk_Latn,intfloat/multilingual-e5-large,0.9856454006571104
cat_Latn,dan_Latn,jinaai/jina-embeddings-v3,0.9856401425181772
kaz_Cyrl,slk_Latn,jinaai/jina-embeddings-v3,0.9856394743689826
hin_Deva,hne_Deva,intfloat/multilingual-e5-large,0.9856344052772624
dan_Latn,ind_Latn,jinaai/jina-embeddings-v3,0.9856264637002342
ita_Latn,isl_Latn,intfloat/multilingual-e5-large,0.985619374137684
afr_Latn,swe_Latn,jinaai/jina-embeddings-v3,0.9855988801898172
fin_Latn,hne_Deva,intfloat/multilingual-e5-large,0.9855980571693732
spa_Latn,pan_Guru,intfloat/multilingual-e5-large,0.9855921591730064
spa_Latn,hat_Latn,intfloat/multilingual-e5-large,0.985590988698224
uzn_Latn,urd_Arab,intfloat/multilingual-e5-large,0.9855837235431982
ita_Latn,swh_Latn,intfloat/multilingual-e5-large,0.9855771160923388
hin_Deva,mal_Mlym,intfloat/multilingual-e5-large,0.9855443478414464
isl_Latn,rus_Cyrl,intfloat/multilingual-e5-large,0.98554418389313
azj_Latn,lit_Latn,intfloat/multilingual-e5-large,0.9855386416861828
afr_Latn,jav_Latn,intfloat/multilingual-e5-large,0.9855237115806572
azj_Latn,nld_Latn,intfloat/multilingual-e5-large,0.9855111472562516
hne_Deva,ukr_Cyrl,intfloat/multilingual-e5-large,0.9855089737030652
heb_Hebr,lit_Latn,intfloat/multilingual-e5-large,0.9854971853317236
azj_Latn,uzn_Latn,intfloat/multilingual-e5-large,0.9854895145359552
kat_Geor,khm_Khmr,intfloat/multilingual-e5-large,0.9854891523657228
lit_Latn,tgk_Cyrl,intfloat/multilingual-e5-large,0.9854823396150196
khm_Khmr,npi_Deva,intfloat/multilingual-e5-large,0.985468691650236
cat_Latn,npi_Deva,intfloat/multilingual-e5-large,0.9854518307093222
ell_Grek,hne_Deva,intfloat/multilingual-e5-large,0.985446637671462
hrv_Latn,xho_Latn,intfloat/multilingual-e5-large,0.9854359022674456
amh_Ethi,mal_Mlym,intfloat/multilingual-e5-large,0.9854187576670012
nso_Latn,sot_Latn,intfloat/multilingual-e5-large,0.985407647907648
khk_Cyrl,sin_Sinh,intfloat/multilingual-e5-large,0.9854075466824576
plt_Latn,sin_Sinh,intfloat/multilingual-e5-large,0.9854073863295176
hat_Latn,swh_Latn,intfloat/multilingual-e5-large,0.985399493686518
heb_Hebr,swh_Latn,intfloat/multilingual-e5-large,0.9853729468101732
bel_Cyrl,lit_Latn,intfloat/multilingual-e5-large,0.9853619248968088
heb_Hebr,cat_Latn,jinaai/jina-embeddings-v3,0.9853588714843816
slv_Latn,tha_Thai,intfloat/multilingual-e5-large,0.9853570085345016
ces_Latn,cym_Latn,intfloat/multilingual-e5-large,0.9853542717528372
hun_Latn,spa_Latn,intfloat/multilingual-e5-large,0.985350612502252
rus_Cyrl,tgk_Cyrl,intfloat/multilingual-e5-large,0.9853496869650408
ben_Beng,sun_Latn,intfloat/multilingual-e5-large,0.9853461981682122
lvs_Latn,zsm_Latn,intfloat/multilingual-e5-large,0.9853453177470188
slv_Latn,tat_Cyrl,intfloat/multilingual-e5-large,0.9853380134028744
ces_Latn,khm_Khmr,intfloat/multilingual-e5-large,0.98532869166793
pan_Guru,tel_Telu,intfloat/multilingual-e5-large,0.9853253268520524
cym_Latn,srp_Cyrl,intfloat/multilingual-e5-large,0.9853235009850936
pol_Latn,uzn_Latn,intfloat/multilingual-e5-large,0.9853180858303808
ind_Latn,kat_Geor,intfloat/multilingual-e5-large,0.9853142076502732
sna_Latn,zul_Latn,intfloat/multilingual-e5-large,0.9853129784446502
nno_Latn,als_Latn,intfloat/multilingual-e5-large,0.9853125220575608
cat_Latn,pan_Guru,intfloat/multilingual-e5-large,0.9853057862127266
azj_Latn,vie_Latn,intfloat/multilingual-e5-large,0.9853035203152298
ita_Latn,lvs_Latn,intfloat/multilingual-e5-large,0.9853024060970788
cat_Latn,heb_Hebr,jinaai/jina-embeddings-v3,0.9852981787481606
tgl_Latn,xho_Latn,intfloat/multilingual-e5-large,0.9852977926089116
isl_Latn,srp_Cyrl,intfloat/multilingual-e5-large,0.9852903142588904
cym_Latn,hat_Latn,intfloat/multilingual-e5-large,0.9852867923125534
kaz_Cyrl,nld_Latn,intfloat/multilingual-e5-large,0.9852812053403124
hun_Latn,lit_Latn,intfloat/multilingual-e5-large,0.9852797610687268
cym_Latn,zsm_Latn,intfloat/multilingual-e5-large,0.9852771951571716
guj_Gujr,tgl_Latn,intfloat/multilingual-e5-large,0.9852611994276852
spa_Latn,khm_Khmr,intfloat/multilingual-e5-large,0.9852581063634974
bel_Cyrl,ukr_Cyrl,intfloat/multilingual-e5-large,0.9852461745904372
hat_Latn,hye_Armn,intfloat/multilingual-e5-large,0.9852457066568348
lvs_Latn,nld_Latn,intfloat/multilingual-e5-large,0.9852435662363732
kaz_Cyrl,tur_Latn,intfloat/multilingual-e5-large,0.985242050418389
isl_Latn,jav_Latn,intfloat/multilingual-e5-large,0.9852168983535442
cat_Latn,ind_Latn,jinaai/jina-embeddings-v3,0.9852131830653827
ekk_Latn,kat_Geor,intfloat/multilingual-e5-large,0.9852130792704564
hye_Armn,ron_Latn,intfloat/multilingual-e5-large,0.9852080290477688
afr_Latn,dan_Latn,jinaai/jina-embeddings-v3,0.985204603032472
deu_Latn,lit_Latn,jinaai/jina-embeddings-v3,0.9851809944828916
hye_Armn,slv_Latn,intfloat/multilingual-e5-large,0.9851679990871308
rus_Cyrl,hun_Latn,intfloat/multilingual-e5-large,0.9851634327669724
deu_Latn,guj_Gujr,intfloat/multilingual-e5-large,0.9851613689078704
ita_Latn,kir_Cyrl,intfloat/multilingual-e5-large,0.9851539591989088
bul_Cyrl,tgk_Cyrl,intfloat/multilingual-e5-large,0.9851201285283114
nya_Latn,urd_Arab,intfloat/multilingual-e5-large,0.9851011350902424
dan_Latn,afr_Latn,jinaai/jina-embeddings-v3,0.985074115425812
fra_Latn,ekk_Latn,intfloat/multilingual-e5-large,0.9850661725196784
lin_Latn,zul_Latn,intfloat/multilingual-e5-large,0.9850613931995664
hrv_Latn,sun_Latn,intfloat/multilingual-e5-large,0.9850594413256192
hin_Deva,npi_Deva,intfloat/multilingual-e5-large,0.9850575215182944
deu_Latn,npi_Deva,intfloat/multilingual-e5-large,0.985051593497144
khm_Khmr,zsm_Latn,intfloat/multilingual-e5-large,0.9850409048427684
eng_Latn,uzn_Latn,intfloat/multilingual-e5-large,0.9850372662726292
slk_Latn,ekk_Latn,intfloat/multilingual-e5-large,0.985031732514168
als_Latn,sun_Latn,intfloat/multilingual-e5-large,0.9850151768378106
kaz_Cyrl,mya_Mymr,intfloat/multilingual-e5-large,0.9850065982677224
jav_Latn,slv_Latn,intfloat/multilingual-e5-large,0.984992291081284
kat_Geor,slv_Latn,jinaai/jina-embeddings-v3,0.9849911480985836
deu_Latn,khm_Khmr,jinaai/jina-embeddings-v3,0.9849883574778364
ell_Grek,khm_Khmr,intfloat/multilingual-e5-large,0.9849882647483816
deu_Latn,tgk_Cyrl,intfloat/multilingual-e5-large,0.98498554663881
isl_Latn,mkd_Cyrl,intfloat/multilingual-e5-large,0.9849807221426754
eng_Latn,khk_Cyrl,intfloat/multilingual-e5-large,0.9849708483705693
lao_Laoo,urd_Arab,intfloat/multilingual-e5-large,0.9849688887745092
guj_Gujr,hne_Deva,intfloat/multilingual-e5-large,0.9849656665945066
ind_Latn,dan_Latn,intfloat/multilingual-e5-large,0.9849631340556398
hne_Deva,tha_Thai,intfloat/multilingual-e5-large,0.9849605596724296
ind_Latn,npi_Deva,intfloat/multilingual-e5-large,0.984958737593398
ces_Latn,swh_Latn,intfloat/multilingual-e5-large,0.9849466562581316
ekk_Latn,tgk_Cyrl,intfloat/multilingual-e5-large,0.9849446314344226
khm_Khmr,vie_Latn,jinaai/jina-embeddings-v3,0.9849429905538414
jav_Latn,nld_Latn,intfloat/multilingual-e5-large,0.9849368982565704
ind_Latn,ita_Latn,intfloat/multilingual-e5-large,0.984923887587822
heb_Hebr,tat_Cyrl,intfloat/multilingual-e5-large,0.9849141295862606
ces_Latn,glg_Latn,intfloat/multilingual-e5-large,0.9848931668322864
isl_Latn,kat_Geor,intfloat/multilingual-e5-large,0.9848916418772364
isl_Latn,tgk_Cyrl,intfloat/multilingual-e5-large,0.9848864104279796
hye_Armn,khm_Khmr,intfloat/multilingual-e5-large,0.9848715958757516
kat_Geor,tha_Thai,jinaai/jina-embeddings-v3,0.9848653395784543
hat_Latn,kat_Geor,intfloat/multilingual-e5-large,0.984865107245084
ind_Latn,ron_Latn,intfloat/multilingual-e5-large,0.9848611689011214
cat_Latn,kaz_Cyrl,intfloat/multilingual-e5-large,0.9848506169471724
ben_Beng,ekk_Latn,jinaai/jina-embeddings-v3,0.9848502590305868
bul_Cyrl,gle_Latn,intfloat/multilingual-e5-large,0.9848456334843924
isl_Latn,pol_Latn,intfloat/multilingual-e5-large,0.984841028304664
ind_Latn,mkd_Cyrl,intfloat/multilingual-e5-large,0.9848313950772968
nso_Latn,tsn_Latn,intfloat/multilingual-e5-large,0.9848203212804711
npi_Deva,swe_Latn,jinaai/jina-embeddings-v3,0.9848035471847292
hin_Deva,ron_Latn,intfloat/multilingual-e5-large,0.9847952812412898
bos_Latn,nno_Latn,intfloat/multilingual-e5-large,0.9847867179658748
nld_Latn,cat_Latn,intfloat/multilingual-e5-large,0.9847704639105028
eng_Latn,bak_Cyrl,intfloat/multilingual-e5-large,0.984763303702962
ben_Beng,uzn_Latn,intfloat/multilingual-e5-large,0.9847329098655108
afr_Latn,azj_Latn,intfloat/multilingual-e5-large,0.9847225757872988
vie_Latn,jpn_Jpan,intfloat/multilingual-e5-large,0.9847212214015492
ceb_Latn,fra_Latn,intfloat/multilingual-e5-large,0.9847193171988252
lit_Latn,ind_Latn,jinaai/jina-embeddings-v3,0.9847090406702608
afr_Latn,bel_Cyrl,intfloat/multilingual-e5-large,0.9846898622967896
fin_Latn,bel_Cyrl,intfloat/multilingual-e5-large,0.9846839614669596
afr_Latn,lit_Latn,intfloat/multilingual-e5-large,0.9846676205434748
khm_Khmr,nld_Latn,jinaai/jina-embeddings-v3,0.9846585010190444
spa_Latn,lit_Latn,jinaai/jina-embeddings-v3,0.9846530175282884
ell_Grek,cat_Latn,intfloat/multilingual-e5-large,0.9846366798731858
mkd_Cyrl,pbt_Arab,intfloat/multilingual-e5-large,0.9846349071173428
uzn_Latn,eng_Latn,intfloat/multilingual-e5-large,0.984616162038586
hye_Armn,mya_Mymr,intfloat/multilingual-e5-large,0.9846107525750366
ind_Latn,slv_Latn,intfloat/multilingual-e5-large,0.9846070614573732
hin_Deva,slk_Latn,intfloat/multilingual-e5-large,0.984606377229328
rus_Cyrl,nno_Latn,intfloat/multilingual-e5-large,0.9845887913803606
bel_Cyrl,tgk_Cyrl,intfloat/multilingual-e5-large,0.9845858664184738
bel_Cyrl,swe_Latn,jinaai/jina-embeddings-v3,0.9845786613204648
bos_Latn,mya_Mymr,intfloat/multilingual-e5-large,0.9845718699451088
zsm_Latn,uzn_Latn,intfloat/multilingual-e5-large,0.9845656295305008
afr_Latn,ces_Latn,jinaai/jina-embeddings-v3,0.984563327198682
jpn_Jpan,eng_Latn,intfloat/multilingual-e5-large,0.9845600535296084
hat_Latn,npi_Deva,intfloat/multilingual-e5-large,0.9845495985279356
mar_Deva,pan_Guru,intfloat/multilingual-e5-large,0.9845340334345364
azj_Latn,zsm_Latn,intfloat/multilingual-e5-large,0.9845335675253708
afr_Latn,amh_Ethi,intfloat/multilingual-e5-large,0.9845214119062012
hin_Deva,als_Latn,intfloat/multilingual-e5-large,0.9845198972248153
jav_Latn,tur_Latn,intfloat/multilingual-e5-large,0.9845168395226944
lit_Latn,tur_Latn,jinaai/jina-embeddings-v3,0.9845102690088224
ces_Latn,tat_Cyrl,intfloat/multilingual-e5-large,0.9845098695215792
glg_Latn,npi_Deva,intfloat/multilingual-e5-large,0.984497323519572
uzn_Latn,ita_Latn,intfloat/multilingual-e5-large,0.984494928698676
glg_Latn,hye_Armn,intfloat/multilingual-e5-large,0.9844888091147908
npi_Deva,pol_Latn,intfloat/multilingual-e5-large,0.9844854575176732
bul_Cyrl,hat_Latn,intfloat/multilingual-e5-large,0.984468049514888
spa_Latn,ceb_Latn,intfloat/multilingual-e5-large,0.9844606494515228
hye_Armn,pan_Guru,intfloat/multilingual-e5-large,0.9844571239825958
lvs_Latn,ita_Latn,intfloat/multilingual-e5-large,0.9844446708045564
sna_Latn,urd_Arab,intfloat/multilingual-e5-large,0.9844355447200432
eng_Latn,mar_Deva,intfloat/multilingual-e5-large,0.984424176354022
afr_Latn,mkd_Cyrl,intfloat/multilingual-e5-large,0.9844232730139976
hin_Deva,ind_Latn,intfloat/multilingual-e5-large,0.9844165210990624
isl_Latn,lit_Latn,intfloat/multilingual-e5-large,0.9844024331941902
ekk_Latn,heb_Hebr,jinaai/jina-embeddings-v3,0.9844009230426094
fin_Latn,ind_Latn,jinaai/jina-embeddings-v3,0.984398056512564
heb_Hebr,ind_Latn,jinaai/jina-embeddings-v3,0.9843978089396072
cym_Latn,slv_Latn,intfloat/multilingual-e5-large,0.984393531643316
isl_Latn,npi_Deva,intfloat/multilingual-e5-large,0.9843915496121928
sot_Latn,swh_Latn,intfloat/multilingual-e5-large,0.9843848153058428
bak_Cyrl,kir_Cyrl,intfloat/multilingual-e5-large,0.9843763442471792
glg_Latn,hin_Deva,intfloat/multilingual-e5-large,0.984374280705272
bel_Cyrl,jav_Latn,intfloat/multilingual-e5-large,0.9843723281662392
mya_Mymr,als_Latn,intfloat/multilingual-e5-large,0.9843614628737206
ces_Latn,kir_Cyrl,intfloat/multilingual-e5-large,0.9843590434020691
npi_Deva,vie_Latn,intfloat/multilingual-e5-large,0.9843526130639856
glg_Latn,mal_Mlym,intfloat/multilingual-e5-large,0.9843462353415516
afr_Latn,gle_Latn,intfloat/multilingual-e5-large,0.9843427760600388
dan_Latn,hin_Deva,intfloat/multilingual-e5-large,0.984338866334344
mal_Mlym,slv_Latn,intfloat/multilingual-e5-large,0.9843323888197044
cat_Latn,tha_Thai,jinaai/jina-embeddings-v3,0.9843322511189836
mkd_Cyrl,khk_Cyrl,intfloat/multilingual-e5-large,0.9843303450556968
hun_Latn,nno_Latn,intfloat/multilingual-e5-large,0.9843294924705772
arz_Arab,rus_Cyrl,intfloat/multilingual-e5-large,0.9843286494925838
dan_Latn,isl_Latn,jinaai/jina-embeddings-v3,0.9843276081248284
ceb_Latn,pol_Latn,intfloat/multilingual-e5-large,0.9843245198045228
cat_Latn,ukr_Cyrl,intfloat/multilingual-e5-large,0.9843085053069176
hun_Latn,mal_Mlym,intfloat/multilingual-e5-large,0.9842659511240156
afr_Latn,tur_Latn,jinaai/jina-embeddings-v3,0.984262351370865
lvs_Latn,lit_Latn,intfloat/multilingual-e5-large,0.984261737481878
nno_Latn,hun_Latn,intfloat/multilingual-e5-large,0.9842483033376463
azj_Latn,ell_Grek,intfloat/multilingual-e5-large,0.9842325707079806
bel_Cyrl,lao_Laoo,intfloat/multilingual-e5-large,0.984224099475856
cym_Latn,jav_Latn,intfloat/multilingual-e5-large,0.9842213114754098
deu_Latn,mya_Mymr,intfloat/multilingual-e5-large,0.9842211716187126
bul_Cyrl,hin_Deva,intfloat/multilingual-e5-large,0.984218642818932
jav_Latn,swe_Latn,intfloat/multilingual-e5-large,0.984212207119886
tur_Latn,hun_Latn,intfloat/multilingual-e5-large,0.984209072057644
fra_Latn,tat_Cyrl,intfloat/multilingual-e5-large,0.9842069614731138
arz_Arab,srp_Cyrl,intfloat/multilingual-e5-large,0.9842068223215764
heb_Hebr,bel_Cyrl,intfloat/multilingual-e5-large,0.9841993901698428
kmr_Latn,tgl_Latn,intfloat/multilingual-e5-large,0.9841895230936658
kaz_Cyrl,zsm_Latn,intfloat/multilingual-e5-large,0.9841578844652616
bul_Cyrl,lao_Laoo,intfloat/multilingual-e5-large,0.984149752797294
amh_Ethi,cym_Latn,intfloat/multilingual-e5-large,0.984149398089858
bel_Cyrl,uzn_Latn,intfloat/multilingual-e5-large,0.9841477154123524
azj_Latn,gle_Latn,intfloat/multilingual-e5-large,0.984127479098078
nso_Latn,zul_Latn,intfloat/multilingual-e5-large,0.9841192105070188
lvs_Latn,pol_Latn,intfloat/multilingual-e5-large,0.9841191489530604
npi_Deva,rus_Cyrl,jinaai/jina-embeddings-v3,0.9841148146809976
eng_Latn,lin_Latn,intfloat/multilingual-e5-large,0.9841105420730714
som_Latn,als_Latn,intfloat/multilingual-e5-large,0.984094327267058
kaz_Cyrl,swh_Latn,intfloat/multilingual-e5-large,0.9840812979917868
bul_Cyrl,kir_Cyrl,intfloat/multilingual-e5-large,0.984073230633535
guj_Gujr,kat_Geor,intfloat/multilingual-e5-large,0.9840549416317428
ell_Grek,glg_Latn,intfloat/multilingual-e5-large,0.9840482061143796
bos_Latn,bak_Cyrl,intfloat/multilingual-e5-large,0.9840297241467426
pol_Latn,tat_Cyrl,intfloat/multilingual-e5-large,0.9840252643531332
uzn_Latn,fra_Latn,intfloat/multilingual-e5-large,0.984022553677815
ita_Latn,lao_Laoo,intfloat/multilingual-e5-large,0.9840163934426228
afr_Latn,zul_Latn,intfloat/multilingual-e5-large,0.984008829824188
cat_Latn,tur_Latn,jinaai/jina-embeddings-v3,0.9840043043041772
bak_Cyrl,eng_Latn,intfloat/multilingual-e5-large,0.9840025634347204
jpn_Jpan,pol_Latn,intfloat/multilingual-e5-large,0.9839998645828354
lit_Latn,afr_Latn,intfloat/multilingual-e5-large,0.983988753187176
bos_Latn,cym_Latn,intfloat/multilingual-e5-large,0.983985260770975
afr_Latn,ceb_Latn,intfloat/multilingual-e5-large,0.983958670721938
bel_Cyrl,ceb_Latn,intfloat/multilingual-e5-large,0.9839545053486368
nld_Latn,sun_Latn,intfloat/multilingual-e5-large,0.9839383294301328
ell_Grek,nno_Latn,intfloat/multilingual-e5-large,0.983937575158174
cat_Latn,vie_Latn,intfloat/multilingual-e5-large,0.9839373336167592
fin_Latn,pan_Guru,intfloat/multilingual-e5-large,0.983936276275958
hrv_Latn,tam_Taml,intfloat/multilingual-e5-large,0.9839239794278368
isl_Latn,vie_Latn,jinaai/jina-embeddings-v3,0.9839208032490028
bos_Latn,isl_Latn,intfloat/multilingual-e5-large,0.9838854643934322
eng_Latn,som_Latn,intfloat/multilingual-e5-large,0.9838781666276296
ekk_Latn,npi_Deva,intfloat/multilingual-e5-large,0.9838667402162492
mal_Mlym,nld_Latn,intfloat/multilingual-e5-large,0.9838501638495928
hun_Latn,pan_Guru,intfloat/multilingual-e5-large,0.9838498782128547
bos_Latn,hun_Latn,intfloat/multilingual-e5-large,0.983847026233561
afr_Latn,isl_Latn,intfloat/multilingual-e5-large,0.983846676688678
mlt_Latn,als_Latn,intfloat/multilingual-e5-large,0.9838430538976471
azj_Latn,ind_Latn,jinaai/jina-embeddings-v3,0.983836925514909
uzn_Latn,slv_Latn,intfloat/multilingual-e5-large,0.9838349240802544
sin_Sinh,tel_Telu,intfloat/multilingual-e5-large,0.9838277387457716
ekk_Latn,ron_Latn,intfloat/multilingual-e5-large,0.983823501384279
afr_Latn,deu_Latn,jinaai/jina-embeddings-v3,0.9838128694100592
kat_Geor,swh_Latn,intfloat/multilingual-e5-large,0.98380934112747
ces_Latn,hat_Latn,intfloat/multilingual-e5-large,0.983807293409167
bel_Cyrl,vie_Latn,intfloat/multilingual-e5-large,0.9838067049939688
kaz_Cyrl,khm_Khmr,intfloat/multilingual-e5-large,0.983792118120382
lit_Latn,vie_Latn,jinaai/jina-embeddings-v3,0.9837809642246564
zsm_Latn,xho_Latn,intfloat/multilingual-e5-large,0.9837791810713356
kir_Cyrl,tgk_Cyrl,intfloat/multilingual-e5-large,0.9837785421507312
khm_Khmr,mkd_Cyrl,jinaai/jina-embeddings-v3,0.983777746071106
slk_Latn,jpn_Jpan,intfloat/multilingual-e5-large,0.9837750765736716
ceb_Latn,hat_Latn,intfloat/multilingual-e5-large,0.983765978146809
snd_Arab,tgl_Latn,intfloat/multilingual-e5-large,0.9837654734024758
jav_Latn,vie_Latn,intfloat/multilingual-e5-large,0.9837520403094172
hye_Armn,zul_Latn,intfloat/multilingual-e5-large,0.9837474274210386
bos_Latn,hin_Deva,intfloat/multilingual-e5-large,0.9837429835322108
fin_Latn,swh_Latn,intfloat/multilingual-e5-large,0.98373134008628
sin_Sinh,sun_Latn,intfloat/multilingual-e5-large,0.9837301587301588
ceb_Latn,vie_Latn,intfloat/multilingual-e5-large,0.9837259434942168
hye_Armn,npi_Deva,intfloat/multilingual-e5-large,0.983721962162812
kaz_Cyrl,ukr_Cyrl,intfloat/multilingual-e5-large,0.98372156239545
plt_Latn,urd_Arab,intfloat/multilingual-e5-large,0.9837154341881588
ita_Latn,kea_Latn,intfloat/multilingual-e5-large,0.983714469394315
bul_Cyrl,lvs_Latn,intfloat/multilingual-e5-large,0.9837016806739562
cym_Latn,vie_Latn,intfloat/multilingual-e5-large,0.9836898732043332
ory_Orya,tam_Taml,intfloat/multilingual-e5-large,0.9836859861450026
ceb_Latn,plt_Latn,intfloat/multilingual-e5-large,0.9836708879058604
ces_Latn,lvs_Latn,intfloat/multilingual-e5-large,0.9836614790361864
dan_Latn,cat_Latn,intfloat/multilingual-e5-large,0.9836541302775944
hye_Armn,swh_Latn,intfloat/multilingual-e5-large,0.9836515323261852
hrv_Latn,kmr_Latn,intfloat/multilingual-e5-large,0.9836437307163304
lit_Latn,hun_Latn,intfloat/multilingual-e5-large,0.9836352736724028
uzn_Latn,tur_Latn,intfloat/multilingual-e5-large,0.9836333247360464
khk_Cyrl,als_Latn,intfloat/multilingual-e5-large,0.9836283170622564
bel_Cyrl,fin_Latn,intfloat/multilingual-e5-large,0.9836246793799488
ceb_Latn,ita_Latn,intfloat/multilingual-e5-large,0.9836108841201656
ell_Grek,kaz_Cyrl,intfloat/multilingual-e5-large,0.9835998920754364
afr_Latn,vie_Latn,intfloat/multilingual-e5-large,0.9835960184175084
als_Latn,xho_Latn,intfloat/multilingual-e5-large,0.9835881623023356
slv_Latn,ind_Latn,intfloat/multilingual-e5-large,0.9835870413739266
bel_Cyrl,kir_Cyrl,intfloat/multilingual-e5-large,0.9835758717968244
ben_Beng,kir_Cyrl,intfloat/multilingual-e5-large,0.9835742977244478
deu_Latn,kir_Cyrl,intfloat/multilingual-e5-large,0.9835724023162764
ell_Grek,mal_Mlym,intfloat/multilingual-e5-large,0.983568099370896
kir_Cyrl,mkd_Cyrl,intfloat/multilingual-e5-large,0.9835671159441652
mal_Mlym,swe_Latn,intfloat/multilingual-e5-large,0.9835561661667844
lit_Latn,zul_Latn,intfloat/multilingual-e5-large,0.9835530245785524
mya_Mymr,urd_Arab,intfloat/multilingual-e5-large,0.983551970949512
cym_Latn,isl_Latn,intfloat/multilingual-e5-large,0.9835483054196767
bel_Cyrl,ind_Latn,intfloat/multilingual-e5-large,0.9835448944982176
ind_Latn,pan_Guru,intfloat/multilingual-e5-large,0.9835420615222322
fry_Latn,nld_Latn,jinaai/jina-embeddings-v3,0.983531050797402
glg_Latn,kaz_Cyrl,intfloat/multilingual-e5-large,0.9835097888376576
lvs_Latn,mal_Mlym,intfloat/multilingual-e5-large,0.9835024908675972
lit_Latn,lvs_Latn,intfloat/multilingual-e5-large,0.983501476324068
cym_Latn,swe_Latn,intfloat/multilingual-e5-large,0.9834925309749666
ell_Grek,lao_Laoo,intfloat/multilingual-e5-large,0.9834810973569756
hne_Deva,mar_Deva,intfloat/multilingual-e5-large,0.9834787740232706
cat_Latn,ces_Latn,jinaai/jina-embeddings-v3,0.9834714850847628
fra_Latn,guj_Gujr,intfloat/multilingual-e5-large,0.9834701135322028
bel_Cyrl,npi_Deva,intfloat/multilingual-e5-large,0.983461581353853
som_Latn,sot_Latn,intfloat/multilingual-e5-large,0.9834586122700446
mal_Mlym,tgk_Cyrl,intfloat/multilingual-e5-large,0.9834447916394106
nno_Latn,uzn_Latn,intfloat/multilingual-e5-large,0.9834236662871804
eng_Latn,tam_Taml,intfloat/multilingual-e5-large,0.9834202682563338
hrv_Latn,pbt_Arab,intfloat/multilingual-e5-large,0.983393849343016
hye_Armn,lit_Latn,jinaai/jina-embeddings-v3,0.983390459722427
nno_Latn,heb_Hebr,intfloat/multilingual-e5-large,0.983375071548977
bel_Cyrl,hin_Deva,intfloat/multilingual-e5-large,0.9833725217112284
npi_Deva,srp_Cyrl,intfloat/multilingual-e5-large,0.9833702954604594
lao_Laoo,sin_Sinh,intfloat/multilingual-e5-large,0.9833658600052044
ekk_Latn,kaz_Cyrl,intfloat/multilingual-e5-large,0.9833608268254806
ind_Latn,ces_Latn,jinaai/jina-embeddings-v3,0.9833519330006448
srp_Cyrl,uzn_Latn,intfloat/multilingual-e5-large,0.9833303378377884
spa_Latn,nno_Latn,intfloat/multilingual-e5-large,0.9833140454393382
amh_Ethi,mya_Mymr,intfloat/multilingual-e5-large,0.9833003283781137
kat_Geor,khk_Cyrl,intfloat/multilingual-e5-large,0.9832957703630104
isl_Latn,zul_Latn,intfloat/multilingual-e5-large,0.9832920202358142
fin_Latn,npi_Deva,intfloat/multilingual-e5-large,0.9832807902480032
heb_Hebr,kir_Cyrl,intfloat/multilingual-e5-large,0.983278618824579
lvs_Latn,rus_Cyrl,intfloat/multilingual-e5-large,0.9832615445068
khm_Khmr,slk_Latn,jinaai/jina-embeddings-v3,0.9832571618336816
lvs_Latn,ukr_Cyrl,intfloat/multilingual-e5-large,0.9832153104181792
hun_Latn,npi_Deva,intfloat/multilingual-e5-large,0.9832066484135424
ekk_Latn,pan_Guru,intfloat/multilingual-e5-large,0.9832013310009649
tur_Latn,zul_Latn,intfloat/multilingual-e5-large,0.9831981711054366
sna_Latn,sot_Latn,intfloat/multilingual-e5-large,0.9831899984580168
ind_Latn,als_Latn,intfloat/multilingual-e5-large,0.983187537310006
deu_Latn,lvs_Latn,intfloat/multilingual-e5-large,0.9831850503428138
bel_Cyrl,hat_Latn,intfloat/multilingual-e5-large,0.983178512600428
kan_Knda,urd_Arab,intfloat/multilingual-e5-large,0.9831762653303155
dan_Latn,lvs_Latn,intfloat/multilingual-e5-large,0.9831713842505524
cym_Latn,lit_Latn,intfloat/multilingual-e5-large,0.9831339713973049
slk_Latn,swh_Latn,intfloat/multilingual-e5-large,0.9831281904855071
mal_Mlym,tel_Telu,intfloat/multilingual-e5-large,0.983103934150562
pan_Guru,swe_Latn,jinaai/jina-embeddings-v3,0.9830980767866014
tat_Cyrl,uzn_Latn,intfloat/multilingual-e5-large,0.9830897570611984
afr_Latn,ell_Grek,intfloat/multilingual-e5-large,0.9830873067024662
glg_Latn,lit_Latn,jinaai/jina-embeddings-v3,0.983075394430083
npi_Deva,tha_Thai,intfloat/multilingual-e5-large,0.983073249874716
cat_Latn,khm_Khmr,intfloat/multilingual-e5-large,0.9830717980187604
lvs_Latn,als_Latn,intfloat/multilingual-e5-large,0.983070477987183
ben_Beng,hun_Latn,intfloat/multilingual-e5-large,0.9830613289202188
hne_Deva,lit_Latn,intfloat/multilingual-e5-large,0.9830548853089836
swh_Latn,tur_Latn,intfloat/multilingual-e5-large,0.9830547396032072
deu_Latn,ydd_Hebr,intfloat/multilingual-e5-large,0.9830381137490296
afr_Latn,tgk_Cyrl,intfloat/multilingual-e5-large,0.9830368292858926
bel_Cyrl,tur_Latn,intfloat/multilingual-e5-large,0.9830226819154972
afr_Latn,pol_Latn,intfloat/multilingual-e5-large,0.9830106222816994
npi_Deva,ukr_Cyrl,jinaai/jina-embeddings-v3,0.983005522693878
ben_Beng,kan_Knda,intfloat/multilingual-e5-large,0.9830049926432596
ita_Latn,mya_Mymr,intfloat/multilingual-e5-large,0.9830015612802498
khk_Cyrl,tgl_Latn,intfloat/multilingual-e5-large,0.98299141844725
sna_Latn,swh_Latn,intfloat/multilingual-e5-large,0.9829752621759766
guj_Gujr,kaz_Cyrl,intfloat/multilingual-e5-large,0.982969676699474
hye_Armn,slk_Latn,jinaai/jina-embeddings-v3,0.982969081726455
glg_Latn,tur_Latn,intfloat/multilingual-e5-large,0.982965528486606
guj_Gujr,rus_Cyrl,jinaai/jina-embeddings-v3,0.9829288409352812
cym_Latn,plt_Latn,intfloat/multilingual-e5-large,0.9829238189601188
amh_Ethi,fra_Latn,intfloat/multilingual-e5-large,0.9829170549695712
kaz_Cyrl,khk_Cyrl,intfloat/multilingual-e5-large,0.9829114374466252
mar_Deva,tgl_Latn,intfloat/multilingual-e5-large,0.9829105351483642
mal_Mlym,ukr_Cyrl,intfloat/multilingual-e5-large,0.9828984052637448
jav_Latn,mkd_Cyrl,intfloat/multilingual-e5-large,0.9828944066306264
eng_Latn,pbt_Arab,intfloat/multilingual-e5-large,0.9828904251715588
afr_Latn,tsn_Latn,intfloat/multilingual-e5-large,0.9828890088239248
hin_Deva,mkd_Cyrl,intfloat/multilingual-e5-large,0.9828851055437146
hat_Latn,srp_Cyrl,intfloat/multilingual-e5-large,0.9828844652615144
ceb_Latn,mkd_Cyrl,intfloat/multilingual-e5-large,0.9828630868631648
isl_Latn,mal_Mlym,intfloat/multilingual-e5-large,0.9828539581027872
fra_Latn,lao_Laoo,intfloat/multilingual-e5-large,0.9828486859224564
afr_Latn,kaz_Cyrl,intfloat/multilingual-e5-large,0.9828400877571112
khm_Khmr,mya_Mymr,intfloat/multilingual-e5-large,0.9828144025995202
azj_Latn,hat_Latn,intfloat/multilingual-e5-large,0.9827840465545384
tha_Thai,uzn_Latn,intfloat/multilingual-e5-large,0.9827831734986918
gle_Latn,kaz_Cyrl,intfloat/multilingual-e5-large,0.9827822800818744
afr_Latn,mya_Mymr,intfloat/multilingual-e5-large,0.9827759756789388
pan_Guru,pol_Latn,intfloat/multilingual-e5-large,0.982766439909297
hrv_Latn,sna_Latn,intfloat/multilingual-e5-large,0.982762496302869
eng_Latn,xho_Latn,intfloat/multilingual-e5-large,0.982762257908628
glg_Latn,uzn_Latn,intfloat/multilingual-e5-large,0.9827617425509696
dan_Latn,zul_Latn,intfloat/multilingual-e5-large,0.9827460448069348
hun_Latn,cat_Latn,intfloat/multilingual-e5-large,0.9827430376025224
hrv_Latn,nya_Latn,intfloat/multilingual-e5-large,0.9827344703808404
gle_Latn,zsm_Latn,intfloat/multilingual-e5-large,0.982728993236639
azj_Latn,mya_Mymr,intfloat/multilingual-e5-large,0.9827164023416952
fin_Latn,lvs_Latn,intfloat/multilingual-e5-large,0.982715535811354
bel_Cyrl,zul_Latn,intfloat/multilingual-e5-large,0.9827131001431868
slk_Latn,zul_Latn,intfloat/multilingual-e5-large,0.98270496939069
amh_Ethi,bel_Cyrl,intfloat/multilingual-e5-large,0.9827040560063584
asm_Beng,sin_Sinh,intfloat/multilingual-e5-large,0.982697597744436
ind_Latn,kaz_Cyrl,intfloat/multilingual-e5-large,0.982695413570579
amh_Ethi,ita_Latn,intfloat/multilingual-e5-large,0.982676060603461
hne_Deva,tel_Telu,intfloat/multilingual-e5-large,0.9826730418943532
hun_Latn,tgk_Cyrl,intfloat/multilingual-e5-large,0.982653525091001
asm_Beng,eng_Latn,intfloat/multilingual-e5-large,0.9826452058911096
pan_Guru,slk_Latn,jinaai/jina-embeddings-v3,0.982643003584427
ben_Beng,som_Latn,intfloat/multilingual-e5-large,0.982636577783256
isl_Latn,ron_Latn,intfloat/multilingual-e5-large,0.9826184826863964
eng_Latn,kan_Knda,intfloat/multilingual-e5-large,0.9826056061622706
hun_Latn,jav_Latn,intfloat/multilingual-e5-large,0.982599685689634
eng_Latn,nya_Latn,intfloat/multilingual-e5-large,0.982583770853754
ekk_Latn,mal_Mlym,intfloat/multilingual-e5-large,0.982576459125054
bul_Cyrl,jpn_Jpan,intfloat/multilingual-e5-large,0.9825758071646984
deu_Latn,tat_Cyrl,intfloat/multilingual-e5-large,0.9825624512099922
nld_Latn,bak_Cyrl,intfloat/multilingual-e5-large,0.9825406118731648
hne_Deva,tam_Taml,intfloat/multilingual-e5-large,0.9825383307818903
ita_Latn,tel_Telu,intfloat/multilingual-e5-large,0.982510320047805
gle_Latn,uzn_Latn,intfloat/multilingual-e5-large,0.9825051374142608
hin_Deva,dan_Latn,jinaai/jina-embeddings-v3,0.9825030713496756
mai_Deva,mar_Deva,intfloat/multilingual-e5-large,0.9825013065335424
isl_Latn,tur_Latn,intfloat/multilingual-e5-large,0.982479685281856
fin_Latn,afr_Latn,intfloat/multilingual-e5-large,0.9824768595962976
arz_Arab,slv_Latn,intfloat/multilingual-e5-large,0.9824647444670864
ind_Latn,cat_Latn,intfloat/multilingual-e5-large,0.9824601799628596
ita_Latn,bak_Cyrl,intfloat/multilingual-e5-large,0.982429131321455
hin_Deva,snd_Arab,intfloat/multilingual-e5-large,0.9824117337819556
nld_Latn,tel_Telu,jinaai/jina-embeddings-v3,0.9823976038502832
hin_Deva,tur_Latn,jinaai/jina-embeddings-v3,0.9823967713211722
afr_Latn,spa_Latn,jinaai/jina-embeddings-v3,0.9823819841801208
ekk_Latn,ind_Latn,jinaai/jina-embeddings-v3,0.982378907932781
mkd_Cyrl,sun_Latn,intfloat/multilingual-e5-large,0.9823759830887416
fin_Latn,kaz_Cyrl,intfloat/multilingual-e5-large,0.9823629071490796
deu_Latn,uzn_Latn,intfloat/multilingual-e5-large,0.9823615133913356
kir_Cyrl,srp_Cyrl,intfloat/multilingual-e5-large,0.9823578201772512
ind_Latn,kir_Cyrl,intfloat/multilingual-e5-large,0.9823510317915832
jav_Latn,plt_Latn,intfloat/multilingual-e5-large,0.9823484129027656
khm_Khmr,pol_Latn,jinaai/jina-embeddings-v3,0.982319984530172
isl_Latn,pan_Guru,intfloat/multilingual-e5-large,0.9823186977607352
ind_Latn,zul_Latn,intfloat/multilingual-e5-large,0.9823134392503688
spa_Latn,hun_Latn,intfloat/multilingual-e5-large,0.9823009924452776
glg_Latn,vie_Latn,jinaai/jina-embeddings-v3,0.982288359097172
eng_Latn,nso_Latn,intfloat/multilingual-e5-large,0.9822854346852868
afr_Latn,pan_Guru,intfloat/multilingual-e5-large,0.9822732147960112
ceb_Latn,ron_Latn,intfloat/multilingual-e5-large,0.9822702851632455
npi_Deva,ron_Latn,intfloat/multilingual-e5-large,0.982268609327972
ssw_Latn,xho_Latn,intfloat/multilingual-e5-large,0.9822648894731828
afr_Latn,uzn_Latn,intfloat/multilingual-e5-large,0.9822644891940644
ell_Grek,afr_Latn,intfloat/multilingual-e5-large,0.982263831232488
bel_Cyrl,hun_Latn,intfloat/multilingual-e5-large,0.9822625144851788
lit_Latn,swh_Latn,intfloat/multilingual-e5-large,0.982255080758514
hun_Latn,ind_Latn,intfloat/multilingual-e5-large,0.98224973049329
jav_Latn,slk_Latn,intfloat/multilingual-e5-large,0.9822494347962732
hye_Armn,jav_Latn,intfloat/multilingual-e5-large,0.9822398466823742
ell_Grek,lit_Latn,intfloat/multilingual-e5-large,0.9822397520615862
heb_Hebr,isl_Latn,intfloat/multilingual-e5-large,0.9822347757556728
isl_Latn,zsm_Latn,intfloat/multilingual-e5-large,0.9822302691568432
arz_Arab,als_Latn,intfloat/multilingual-e5-large,0.9822283212913228
bel_Cyrl,deu_Latn,intfloat/multilingual-e5-large,0.9822264489463016
pol_Latn,bak_Cyrl,intfloat/multilingual-e5-large,0.9822184256025006
ita_Latn,snd_Arab,intfloat/multilingual-e5-large,0.9822079290732686
bak_Cyrl,uzn_Latn,intfloat/multilingual-e5-large,0.9822058337385354
glg_Latn,swe_Latn,jinaai/jina-embeddings-v3,0.9822051166596109
isl_Latn,khm_Khmr,intfloat/multilingual-e5-large,0.9822048787336826
bos_Latn,guj_Gujr,intfloat/multilingual-e5-large,0.9821934097820052
bul_Cyrl,ckb_Arab,intfloat/multilingual-e5-large,0.9821900511214228
nya_Latn,zul_Latn,intfloat/multilingual-e5-large,0.9821872158166212
guj_Gujr,nld_Latn,jinaai/jina-embeddings-v3,0.9821819714683886
heb_Hebr,hun_Latn,intfloat/multilingual-e5-large,0.9821796587487452
nld_Latn,pbt_Arab,intfloat/multilingual-e5-large,0.9821684138136128
uzn_Latn,srp_Cyrl,intfloat/multilingual-e5-large,0.9821656258131668
nno_Latn,pan_Guru,intfloat/multilingual-e5-large,0.9821639442918813
mya_Mymr,tgl_Latn,intfloat/multilingual-e5-large,0.9821591839060918
amh_Ethi,sot_Latn,intfloat/multilingual-e5-large,0.9821518673255286
bak_Cyrl,hrv_Latn,intfloat/multilingual-e5-large,0.9821491462355612
heb_Hebr,hin_Deva,intfloat/multilingual-e5-large,0.9821449563431932
ekk_Latn,tha_Thai,jinaai/jina-embeddings-v3,0.982141343526831
bul_Cyrl,guj_Gujr,intfloat/multilingual-e5-large,0.9821347076030916
npi_Deva,tur_Latn,intfloat/multilingual-e5-large,0.982114029890052
hun_Latn,mya_Mymr,intfloat/multilingual-e5-large,0.98209864231527
pan_Guru,ukr_Cyrl,jinaai/jina-embeddings-v3,0.9820985014358792
nno_Latn,ell_Grek,intfloat/multilingual-e5-large,0.9820978791453224
hye_Armn,zsm_Latn,intfloat/multilingual-e5-large,0.9820814392845016
lvs_Latn,ron_Latn,intfloat/multilingual-e5-large,0.9820652039267698
khm_Khmr,pan_Guru,intfloat/multilingual-e5-large,0.9820645831023708
nld_Latn,jpn_Jpan,intfloat/multilingual-e5-large,0.9820637476301995
hne_Deva,swe_Latn,intfloat/multilingual-e5-large,0.98204955603702
azj_Latn,hin_Deva,intfloat/multilingual-e5-large,0.98203284705629
cat_Latn,zul_Latn,intfloat/multilingual-e5-large,0.9820298679077006
khm_Khmr,swh_Latn,intfloat/multilingual-e5-large,0.9820286109693248
glg_Latn,pan_Guru,intfloat/multilingual-e5-large,0.9820152891224464
ell_Grek,npi_Deva,intfloat/multilingual-e5-large,0.9820116912783534
afr_Latn,kir_Cyrl,intfloat/multilingual-e5-large,0.9820057151855608
azj_Latn,ekk_Latn,intfloat/multilingual-e5-large,0.9819953644227152
ben_Beng,plt_Latn,intfloat/multilingual-e5-large,0.9819891602856357
ita_Latn,plt_Latn,intfloat/multilingual-e5-large,0.9819874936028474
hin_Deva,tha_Thai,intfloat/multilingual-e5-large,0.9819795970237124
hat_Latn,khm_Khmr,intfloat/multilingual-e5-large,0.9819795723929722
ekk_Latn,khm_Khmr,intfloat/multilingual-e5-large,0.9819701957977084
uzn_Latn,pol_Latn,intfloat/multilingual-e5-large,0.981950377082849
ell_Grek,hin_Deva,intfloat/multilingual-e5-large,0.98194081417077
fin_Latn,cat_Latn,intfloat/multilingual-e5-large,0.9819292924093862
fra_Latn,swh_Latn,intfloat/multilingual-e5-large,0.9819074484605116
mal_Mlym,sna_Latn,intfloat/multilingual-e5-large,0.9819020025101556
nno_Latn,ind_Latn,intfloat/multilingual-e5-large,0.9819001769796452
kaz_Cyrl,tha_Thai,intfloat/multilingual-e5-large,0.9818958735102876
asm_Beng,mal_Mlym,intfloat/multilingual-e5-large,0.9818957125199806
slk_Latn,tam_Taml,intfloat/multilingual-e5-large,0.9818810921709048
guj_Gujr,sin_Sinh,intfloat/multilingual-e5-large,0.9818745522327134
tam_Taml,tgl_Latn,intfloat/multilingual-e5-large,0.981870252654796
fra_Latn,kir_Cyrl,intfloat/multilingual-e5-large,0.9818485534980635
fin_Latn,zul_Latn,intfloat/multilingual-e5-large,0.9818473290955728
spa_Latn,lao_Laoo,intfloat/multilingual-e5-large,0.981833223373036
npi_Deva,snd_Arab,intfloat/multilingual-e5-large,0.9818103548991806
plt_Latn,als_Latn,intfloat/multilingual-e5-large,0.9818071150359106
pbt_Arab,sin_Sinh,intfloat/multilingual-e5-large,0.9818062363933456
nld_Latn,som_Latn,intfloat/multilingual-e5-large,0.9818026084419528
cat_Latn,ekk_Latn,intfloat/multilingual-e5-large,0.9817949127806695
hun_Latn,kir_Cyrl,intfloat/multilingual-e5-large,0.9817941909776178
ell_Grek,mya_Mymr,intfloat/multilingual-e5-large,0.9817940055756506
hin_Deva,slv_Latn,intfloat/multilingual-e5-large,0.9817887685957232
bel_Cyrl,lvs_Latn,intfloat/multilingual-e5-large,0.9817805669858324
ukr_Cyrl,zul_Latn,intfloat/multilingual-e5-large,0.9817758797508072
isl_Latn,slk_Latn,jinaai/jina-embeddings-v3,0.9817633594820172
kaz_Cyrl,lit_Latn,jinaai/jina-embeddings-v3,0.981758376853472
spa_Latn,afr_Latn,jinaai/jina-embeddings-v3,0.9817580378542562
sna_Latn,tsn_Latn,intfloat/multilingual-e5-large,0.9817439594822592
hat_Latn,mkd_Cyrl,intfloat/multilingual-e5-large,0.9817276456167742
guj_Gujr,swe_Latn,jinaai/jina-embeddings-v3,0.981725054167463
swh_Latn,xho_Latn,intfloat/multilingual-e5-large,0.981708069629286
lvs_Latn,vie_Latn,intfloat/multilingual-e5-large,0.9817072027142472
cat_Latn,hat_Latn,intfloat/multilingual-e5-large,0.9817044627026495
ind_Latn,lit_Latn,jinaai/jina-embeddings-v3,0.9816992004872568
deu_Latn,jav_Latn,intfloat/multilingual-e5-large,0.9816833888610088
guj_Gujr,mai_Deva,intfloat/multilingual-e5-large,0.9816724883435776
cat_Latn,fin_Latn,jinaai/jina-embeddings-v3,0.9816683658871193
heb_Hebr,tgk_Cyrl,intfloat/multilingual-e5-large,0.9816623326780132
khm_Khmr,tgk_Cyrl,intfloat/multilingual-e5-large,0.981653094623886
heb_Hebr,khm_Khmr,jinaai/jina-embeddings-v3,0.981652598365332
glg_Latn,fin_Latn,intfloat/multilingual-e5-large,0.981650248537724
ind_Latn,ukr_Cyrl,jinaai/jina-embeddings-v5-text-small,0.9816346142753314
lin_Latn,swh_Latn,intfloat/multilingual-e5-large,0.981631687984147
ita_Latn,khk_Cyrl,intfloat/multilingual-e5-large,0.981623170901799
eng_Latn,sna_Latn,intfloat/multilingual-e5-large,0.9815990515719772
fin_Latn,jav_Latn,intfloat/multilingual-e5-large,0.981592740349412
ind_Latn,tha_Thai,jinaai/jina-embeddings-v3,0.9815729341396544
mal_Mlym,tam_Taml,intfloat/multilingual-e5-large,0.9815484411503148
azj_Latn,tha_Thai,intfloat/multilingual-e5-large,0.981542614651834
bel_Cyrl,cat_Latn,intfloat/multilingual-e5-large,0.981527882939198
fra_Latn,khk_Cyrl,intfloat/multilingual-e5-large,0.9815247433949744
deu_Latn,pcm_Latn,intfloat/multilingual-e5-large,0.9815236180548292
bul_Cyrl,isl_Latn,intfloat/multilingual-e5-large,0.9815226627956812
asm_Beng,hin_Deva,intfloat/multilingual-e5-large,0.9814985774248164
glg_Latn,swh_Latn,intfloat/multilingual-e5-large,0.9814852438740026
ceb_Latn,ell_Grek,intfloat/multilingual-e5-large,0.9814815648832044
ell_Grek,swh_Latn,intfloat/multilingual-e5-large,0.9814687865478264
mar_Deva,als_Latn,intfloat/multilingual-e5-large,0.9814646760343482
nya_Latn,sin_Sinh,intfloat/multilingual-e5-large,0.9814474216292888
cat_Latn,ell_Grek,intfloat/multilingual-e5-large,0.9814383628698512
glg_Latn,tgk_Cyrl,intfloat/multilingual-e5-large,0.9814354840296776
hin_Deva,zul_Latn,intfloat/multilingual-e5-large,0.9814342826052428
azj_Latn,swe_Latn,intfloat/multilingual-e5-large,0.9814209166031044
ekk_Latn,hin_Deva,intfloat/multilingual-e5-large,0.9814116588487026
lvs_Latn,tgk_Cyrl,intfloat/multilingual-e5-large,0.98140866738796
nld_Latn,sna_Latn,intfloat/multilingual-e5-large,0.9813956178356156
lvs_Latn,spa_Latn,intfloat/multilingual-e5-large,0.9813889409942584
hrv_Latn,mar_Deva,intfloat/multilingual-e5-large,0.9813794632355856
hun_Latn,jpn_Jpan,intfloat/multilingual-e5-large,0.9813603100386908
dan_Latn,gle_Latn,intfloat/multilingual-e5-large,0.9813601551306468
arz_Arab,bos_Latn,intfloat/multilingual-e5-large,0.9813573866450888
khm_Khmr,swe_Latn,jinaai/jina-embeddings-v3,0.9813562148098484
swe_Latn,tel_Telu,jinaai/jina-embeddings-v3,0.9813536932300296
hun_Latn,isl_Latn,intfloat/multilingual-e5-large,0.9813338013893584
arz_Arab,bul_Cyrl,intfloat/multilingual-e5-large,0.9813303541557136
dan_Latn,tat_Cyrl,intfloat/multilingual-e5-large,0.9813166796773356
ces_Latn,isl_Latn,jinaai/jina-embeddings-v3,0.981311283942006
deu_Latn,jpn_Jpan,intfloat/multilingual-e5-large,0.9812847810714992
bel_Cyrl,swh_Latn,intfloat/multilingual-e5-large,0.981263636181669
swh_Latn,tir_Ethi,intfloat/multilingual-e5-large,0.9812592158903636
lit_Latn,uzn_Latn,intfloat/multilingual-e5-large,0.981257100384003
mal_Mlym,uzn_Latn,intfloat/multilingual-e5-large,0.981249308050614
isl_Latn,ces_Latn,jinaai/jina-embeddings-v3,0.98124859377795
bul_Cyrl,plt_Latn,intfloat/multilingual-e5-large,0.981228139541957
sot_Latn,xho_Latn,intfloat/multilingual-e5-large,0.9812265924542816
hun_Latn,khm_Khmr,intfloat/multilingual-e5-large,0.9812222113777505
khm_Khmr,rus_Cyrl,jinaai/jina-embeddings-v3,0.981219059255919
hat_Latn,spa_Latn,intfloat/multilingual-e5-large,0.9811943680609914
eng_Latn,kea_Latn,intfloat/multilingual-e5-large,0.98119303368233
ceb_Latn,rus_Cyrl,intfloat/multilingual-e5-large,0.9811826536269056
arz_Arab,ita_Latn,intfloat/multilingual-e5-large,0.9811689578961242
mal_Mlym,ind_Latn,intfloat/multilingual-e5-large,0.9811603545134028
fra_Latn,tam_Taml,intfloat/multilingual-e5-large,0.9811460953654744
kan_Knda,ory_Orya,intfloat/multilingual-e5-large,0.9811431758016464
ekk_Latn,swh_Latn,intfloat/multilingual-e5-large,0.9811406007337782
deu_Latn,isl_Latn,intfloat/multilingual-e5-large,0.9811291607459208
arz_Arab,pol_Latn,intfloat/multilingual-e5-large,0.9811147467763393
mal_Mlym,snd_Arab,intfloat/multilingual-e5-large,0.981109548569618
ces_Latn,lao_Laoo,intfloat/multilingual-e5-large,0.9811031864310552
eng_Latn,lij_Latn,intfloat/multilingual-e5-large,0.9810767214674124
tel_Telu,urd_Arab,intfloat/multilingual-e5-large,0.9810737564543184
fra_Latn,bak_Cyrl,intfloat/multilingual-e5-large,0.9810541586506356
ekk_Latn,afr_Latn,intfloat/multilingual-e5-large,0.981051087646046
ukr_Cyrl,uzn_Latn,intfloat/multilingual-e5-large,0.9810347536928332
deu_Latn,hat_Latn,intfloat/multilingual-e5-large,0.9810204993094336
heb_Hebr,uzn_Latn,intfloat/multilingual-e5-large,0.9810197625210568
tgk_Cyrl,vie_Latn,intfloat/multilingual-e5-large,0.9810039495544242
khk_Cyrl,urd_Arab,intfloat/multilingual-e5-large,0.9809790577126438
afr_Latn,sun_Latn,intfloat/multilingual-e5-large,0.9809702071552332
ceb_Latn,ces_Latn,intfloat/multilingual-e5-large,0.9809610806698814
arz_Arab,fra_Latn,intfloat/multilingual-e5-large,0.9809592279534766
hun_Latn,kaz_Cyrl,intfloat/multilingual-e5-large,0.9809560192903284
kan_Knda,rus_Cyrl,intfloat/multilingual-e5-large,0.9809542082781864
afr_Latn,fin_Latn,jinaai/jina-embeddings-v3,0.9809506458993662
ind_Latn,afr_Latn,intfloat/multilingual-e5-large,0.9809418676875412
fin_Latn,hin_Deva,intfloat/multilingual-e5-large,0.980937317028954
cat_Latn,lit_Latn,jinaai/jina-embeddings-v3,0.9809183567733424
pol_Latn,pbt_Arab,intfloat/multilingual-e5-large,0.9808918313016676
arz_Arab,mkd_Cyrl,intfloat/multilingual-e5-large,0.9808836033390748
bel_Cyrl,mya_Mymr,intfloat/multilingual-e5-large,0.9808659529385524
ekk_Latn,hat_Latn,intfloat/multilingual-e5-large,0.9808618421228028
kat_Geor,zsm_Latn,intfloat/multilingual-e5-large,0.9808568919371028
deu_Latn,lao_Laoo,intfloat/multilingual-e5-large,0.9808433743484228
azj_Latn,khm_Khmr,intfloat/multilingual-e5-large,0.9808107435873308
heb_Hebr,hat_Latn,intfloat/multilingual-e5-large,0.9807995478370184
spa_Latn,lvs_Latn,intfloat/multilingual-e5-large,0.9807843141042666
ceb_Latn,nld_Latn,intfloat/multilingual-e5-large,0.9807743574500676
hun_Latn,lvs_Latn,intfloat/multilingual-e5-large,0.980754682321068
sin_Sinh,som_Latn,intfloat/multilingual-e5-large,0.9807386720976748
ben_Beng,pbt_Arab,intfloat/multilingual-e5-large,0.9806826656460688
slk_Latn,isl_Latn,jinaai/jina-embeddings-v3,0.9806790699710168
deu_Latn,gle_Latn,intfloat/multilingual-e5-large,0.9806611850288666
dan_Latn,uzn_Latn,intfloat/multilingual-e5-large,0.9806544450865292
heb_Hebr,lvs_Latn,intfloat/multilingual-e5-large,0.9806499123210736
tur_Latn,jpn_Jpan,intfloat/multilingual-e5-large,0.9806450672668472
mya_Mymr,rus_Cyrl,intfloat/multilingual-e5-large,0.9806426945072496
srp_Cyrl,tam_Taml,intfloat/multilingual-e5-large,0.9806369679019148
hun_Latn,kat_Geor,intfloat/multilingual-e5-large,0.980636703265509
spa_Latn,swh_Latn,intfloat/multilingual-e5-large,0.9806208461099796
hye_Armn,ind_Latn,jinaai/jina-embeddings-v3,0.9806208110354926
fra_Latn,arz_Arab,intfloat/multilingual-e5-large,0.9806128648064124
bel_Cyrl,glg_Latn,intfloat/multilingual-e5-large,0.9806063145746972
cym_Latn,deu_Latn,intfloat/multilingual-e5-large,0.9805952812896112
ben_Beng,xho_Latn,intfloat/multilingual-e5-large,0.9805853153481958
hrv_Latn,som_Latn,intfloat/multilingual-e5-large,0.9805843744414452
gle_Latn,xho_Latn,intfloat/multilingual-e5-large,0.9805440338940444
lvs_Latn,swe_Latn,intfloat/multilingual-e5-large,0.9805393941939954
cym_Latn,kir_Cyrl,intfloat/multilingual-e5-large,0.9805373278779586
kir_Cyrl,urd_Arab,intfloat/multilingual-e5-large,0.9805306822182426
ron_Latn,swh_Latn,intfloat/multilingual-e5-large,0.9805039269953236
ita_Latn,xho_Latn,intfloat/multilingual-e5-large,0.9804899446117246
ind_Latn,lvs_Latn,intfloat/multilingual-e5-large,0.980484420988156
mal_Mlym,som_Latn,intfloat/multilingual-e5-large,0.9804829108685712
kan_Knda,pan_Guru,intfloat/multilingual-e5-large,0.9804712228766396
mkd_Cyrl,snd_Arab,intfloat/multilingual-e5-large,0.980470602730974
ita_Latn,som_Latn,intfloat/multilingual-e5-large,0.9804702284444674
dan_Latn,swh_Latn,intfloat/multilingual-e5-large,0.9804478432902216
bho_Deva,hin_Deva,intfloat/multilingual-e5-large,0.9804475010660127
guj_Gujr,hrv_Latn,intfloat/multilingual-e5-large,0.9804474831714052
som_Latn,tsn_Latn,intfloat/multilingual-e5-large,0.9804415410109976
afr_Latn,heb_Hebr,jinaai/jina-embeddings-v3,0.9804350222945668
amh_Ethi,srp_Cyrl,intfloat/multilingual-e5-large,0.9804337957926824
zsm_Latn,tel_Telu,intfloat/multilingual-e5-large,0.9804303814842456
bul_Cyrl,bak_Cyrl,intfloat/multilingual-e5-large,0.9804071860809752
eng_Latn,szl_Latn,intfloat/multilingual-e5-large,0.9804028432812656
azj_Latn,dan_Latn,intfloat/multilingual-e5-large,0.9803910197458584
bel_Cyrl,sun_Latn,intfloat/multilingual-e5-large,0.980388611244953
eng_Latn,mri_Latn,intfloat/multilingual-e5-large,0.980373607047043
cym_Latn,sun_Latn,intfloat/multilingual-e5-large,0.9803632377347764
hye_Armn,kir_Cyrl,intfloat/multilingual-e5-large,0.9803603319504824
cym_Latn,uzn_Latn,intfloat/multilingual-e5-large,0.9803579185607184
dan_Latn,glg_Latn,jinaai/jina-embeddings-v3,0.980355283564702
lit_Latn,snd_Arab,intfloat/multilingual-e5-large,0.9803366847989342
uzn_Latn,lit_Latn,intfloat/multilingual-e5-large,0.980333353157505
kir_Cyrl,mal_Mlym,intfloat/multilingual-e5-large,0.9803310940034768
lit_Latn,mya_Mymr,intfloat/multilingual-e5-large,0.9803110120232206
dan_Latn,ydd_Hebr,intfloat/multilingual-e5-large,0.9802958068473292
guj_Gujr,mya_Mymr,intfloat/multilingual-e5-large,0.9802886113145908
bos_Latn,tel_Telu,intfloat/multilingual-e5-large,0.980278610723654
ces_Latn,khk_Cyrl,intfloat/multilingual-e5-large,0.9802764416496338
spa_Latn,mya_Mymr,intfloat/multilingual-e5-large,0.9802704468072034
fin_Latn,glg_Latn,intfloat/multilingual-e5-large,0.9802697855098323
deu_Latn,bak_Cyrl,intfloat/multilingual-e5-large,0.9802617149822254
cat_Latn,swh_Latn,intfloat/multilingual-e5-large,0.980255804401032
rus_Cyrl,tel_Telu,intfloat/multilingual-e5-large,0.980249543930836
deu_Latn,zul_Latn,intfloat/multilingual-e5-large,0.9802400468384076
hrv_Latn,tel_Telu,intfloat/multilingual-e5-large,0.9802362284899706
hun_Latn,lao_Laoo,intfloat/multilingual-e5-large,0.9802270974340368
fra_Latn,isl_Latn,intfloat/multilingual-e5-large,0.9802270516922552
afr_Latn,swh_Latn,intfloat/multilingual-e5-large,0.9802150982751772
mar_Deva,rus_Cyrl,intfloat/multilingual-e5-large,0.9802084417555728
ron_Latn,tat_Cyrl,intfloat/multilingual-e5-large,0.9801919538831224
amh_Ethi,pbt_Arab,intfloat/multilingual-e5-large,0.9801835752069944
jav_Latn,srp_Cyrl,intfloat/multilingual-e5-large,0.9801833997384348
gle_Latn,ita_Latn,intfloat/multilingual-e5-large,0.980152624253203
deu_Latn,swh_Latn,intfloat/multilingual-e5-large,0.9801501409222138
mal_Mlym,khk_Cyrl,intfloat/multilingual-e5-large,0.9801362872851788
lvs_Latn,npi_Deva,intfloat/multilingual-e5-large,0.9801326736192076
slv_Latn,som_Latn,intfloat/multilingual-e5-large,0.9801181969214756
rus_Cyrl,swh_Latn,intfloat/multilingual-e5-large,0.9801166807431444
hat_Latn,rus_Cyrl,intfloat/multilingual-e5-large,0.9801119337211354
heb_Hebr,lao_Laoo,intfloat/multilingual-e5-large,0.9801048288167726
ell_Grek,tgk_Cyrl,intfloat/multilingual-e5-large,0.9800935961703472
fra_Latn,kan_Knda,intfloat/multilingual-e5-large,0.9800781275687444
tir_Ethi,zul_Latn,intfloat/multilingual-e5-large,0.9800774134790528
heb_Hebr,khk_Cyrl,intfloat/multilingual-e5-large,0.9800653649553492
spa_Latn,tat_Cyrl,intfloat/multilingual-e5-large,0.9800651705205722
pan_Guru,tam_Taml,intfloat/multilingual-e5-large,0.9800516052271016
ekk_Latn,glg_Latn,intfloat/multilingual-e5-large,0.9800491882697436
zsm_Latn,tam_Taml,intfloat/multilingual-e5-large,0.9800480168350532
cym_Latn,ell_Grek,intfloat/multilingual-e5-large,0.9800388661733708
afr_Latn,cym_Latn,intfloat/multilingual-e5-large,0.980038050493211
swe_Latn,uzn_Latn,intfloat/multilingual-e5-large,0.9800361498350012
fra_Latn,gle_Latn,intfloat/multilingual-e5-large,0.9800355852192612
khm_Khmr,tha_Thai,jinaai/jina-embeddings-v3,0.9800226008264404
bel_Cyrl,gle_Latn,intfloat/multilingual-e5-large,0.9800219111690532
lvs_Latn,tur_Latn,intfloat/multilingual-e5-large,0.9800168750057268
sin_Sinh,tam_Taml,intfloat/multilingual-e5-large,0.9800115657050764
tel_Telu,tgl_Latn,intfloat/multilingual-e5-large,0.9800070656700716
eng_Latn,kmr_Latn,intfloat/multilingual-e5-large,0.9800062750352104
ceb_Latn,tur_Latn,intfloat/multilingual-e5-large,0.9800015414748764
swh_Latn,vie_Latn,intfloat/multilingual-e5-large,0.9799995989798844
slk_Latn,uzn_Latn,intfloat/multilingual-e5-large,0.9799965767973464
ekk_Latn,kir_Cyrl,intfloat/multilingual-e5-large,0.9799854504181756
gle_Latn,rus_Cyrl,intfloat/multilingual-e5-large,0.9799705109527286
pbt_Arab,tgk_Cyrl,intfloat/multilingual-e5-large,0.9799657687945228
afr_Latn,glg_Latn,intfloat/multilingual-e5-large,0.9799558107723644
ceb_Latn,slk_Latn,intfloat/multilingual-e5-large,0.9799451301947296
afr_Latn,cat_Latn,intfloat/multilingual-e5-large,0.9799433475435128
bel_Cyrl,guj_Gujr,intfloat/multilingual-e5-large,0.9799354060580006
dan_Latn,lao_Laoo,intfloat/multilingual-e5-large,0.9799194267871082
afr_Latn,ukr_Cyrl,jinaai/jina-embeddings-v3,0.9799029288945164
urd_Arab,xho_Latn,intfloat/multilingual-e5-large,0.9799007879356412
npi_Deva,sun_Latn,intfloat/multilingual-e5-large,0.9799004176931576
guj_Gujr,ita_Latn,intfloat/multilingual-e5-large,0.979888323926126
ben_Beng,ibo_Latn,intfloat/multilingual-e5-large,0.979856123388008
fra_Latn,tel_Telu,intfloat/multilingual-e5-large,0.9798462671721638
ita_Latn,sun_Latn,intfloat/multilingual-e5-large,0.979838524320936
fin_Latn,isl_Latn,jinaai/jina-embeddings-v3,0.9798380210609774
nno_Latn,tha_Thai,intfloat/multilingual-e5-large,0.97982350028635
bel_Cyrl,ekk_Latn,intfloat/multilingual-e5-large,0.9798192284754244
ita_Latn,jpn_Jpan,intfloat/multilingual-e5-large,0.9798134246868146
plt_Latn,mal_Mlym,intfloat/multilingual-e5-large,0.97979919164757
azj_Latn,hun_Latn,intfloat/multilingual-e5-large,0.9797989442782647
fin_Latn,tgk_Cyrl,intfloat/multilingual-e5-large,0.9797815358699936
uzn_Latn,nld_Latn,intfloat/multilingual-e5-large,0.9797740666206868
hin_Deva,lit_Latn,jinaai/jina-embeddings-v3,0.9797502036085174
amh_Ethi,rus_Cyrl,intfloat/multilingual-e5-large,0.9797463396685052
bul_Cyrl,khk_Cyrl,intfloat/multilingual-e5-large,0.9797360608796816
jav_Latn,ukr_Cyrl,intfloat/multilingual-e5-large,0.9797289623784968
spa_Latn,isl_Latn,jinaai/jina-embeddings-v3,0.9797049531798712
ekk_Latn,mya_Mymr,intfloat/multilingual-e5-large,0.9796997183508764
guj_Gujr,zsm_Latn,intfloat/multilingual-e5-large,0.9796632657383704
tsn_Latn,xho_Latn,intfloat/multilingual-e5-large,0.9796535360294142
ell_Grek,lvs_Latn,intfloat/multilingual-e5-large,0.979650780026176
ita_Latn,ckb_Arab,intfloat/multilingual-e5-large,0.9796468486960648
lit_Latn,pbt_Arab,intfloat/multilingual-e5-large,0.9796462535369228
lit_Latn,nno_Latn,intfloat/multilingual-e5-large,0.9796390307132596
fra_Latn,uzn_Latn,intfloat/multilingual-e5-large,0.9796274302070556
heb_Hebr,mya_Mymr,intfloat/multilingual-e5-large,0.9796208319393332
ind_Latn,tgk_Cyrl,intfloat/multilingual-e5-large,0.97962041204815
guj_Gujr,ukr_Cyrl,jinaai/jina-embeddings-v3,0.979617135681946
uzn_Latn,ukr_Cyrl,intfloat/multilingual-e5-large,0.9796130411750782
isl_Latn,kaz_Cyrl,intfloat/multilingual-e5-large,0.9795935910913606
fin_Latn,mya_Mymr,intfloat/multilingual-e5-large,0.979546913123187
spa_Latn,uzn_Latn,intfloat/multilingual-e5-large,0.9795459423048596
cym_Latn,khk_Cyrl,intfloat/multilingual-e5-large,0.9795427367794118
bel_Cyrl,heb_Hebr,intfloat/multilingual-e5-large,0.9795408621002566
swh_Latn,tso_Latn,intfloat/multilingual-e5-large,0.9795387381017048
afr_Latn,tha_Thai,jinaai/jina-embeddings-v3,0.9795149161260838
ben_Beng,nno_Latn,intfloat/multilingual-e5-large,0.9795125336108942
hin_Deva,mya_Mymr,intfloat/multilingual-e5-large,0.979499203204721
heb_Hebr,afr_Latn,jinaai/jina-embeddings-v3,0.979478579708088
cym_Latn,xho_Latn,intfloat/multilingual-e5-large,0.9794709881800046
cym_Latn,ukr_Cyrl,intfloat/multilingual-e5-large,0.979465117973162
ind_Latn,tel_Telu,intfloat/multilingual-e5-large,0.979457063522247
ron_Latn,uzn_Latn,intfloat/multilingual-e5-large,0.9794530238231004
ben_Beng,kmr_Latn,intfloat/multilingual-e5-large,0.9794471291212375
khk_Cyrl,tgk_Cyrl,intfloat/multilingual-e5-large,0.9794443327056273
lvs_Latn,dan_Latn,intfloat/multilingual-e5-large,0.9794305451735338
hrv_Latn,mlt_Latn,intfloat/multilingual-e5-large,0.9794236508450724
ceb_Latn,slv_Latn,intfloat/multilingual-e5-large,0.9793918102722068
amh_Ethi,tsn_Latn,intfloat/multilingual-e5-large,0.9793881767362964
hrv_Latn,kan_Knda,intfloat/multilingual-e5-large,0.9793791124032712
cym_Latn,glg_Latn,intfloat/multilingual-e5-large,0.9793772354369544
uzn_Latn,mkd_Cyrl,intfloat/multilingual-e5-large,0.9793488287018732
nld_Latn,tam_Taml,intfloat/multilingual-e5-large,0.9793322396022492
tur_Latn,uzn_Latn,intfloat/multilingual-e5-large,0.979295075533366
ekk_Latn,isl_Latn,intfloat/multilingual-e5-large,0.9792934315893184
zsm_Latn,mlt_Latn,intfloat/multilingual-e5-large,0.9792856231383996
amh_Ethi,khk_Cyrl,intfloat/multilingual-e5-large,0.9792700957897016
guj_Gujr,hye_Armn,intfloat/multilingual-e5-large,0.9792698331326152
spa_Latn,bak_Cyrl,intfloat/multilingual-e5-large,0.9792664181812184
uzn_Latn,slk_Latn,intfloat/multilingual-e5-large,0.9792644611438522
ind_Latn,uzn_Latn,intfloat/multilingual-e5-large,0.9792573756728146
bos_Latn,tam_Taml,intfloat/multilingual-e5-large,0.9792560139998028
kaz_Cyrl,lvs_Latn,intfloat/multilingual-e5-large,0.9792535535843157
cat_Latn,isl_Latn,intfloat/multilingual-e5-large,0.9792482335719914
afr_Latn,ind_Latn,jinaai/jina-embeddings-v3,0.9792471191058866
cym_Latn,dan_Latn,intfloat/multilingual-e5-large,0.9792341938434628
nld_Latn,xho_Latn,intfloat/multilingual-e5-large,0.979230391189683
kmr_Latn,als_Latn,intfloat/multilingual-e5-large,0.9792301180474482
kat_Geor,lvs_Latn,intfloat/multilingual-e5-large,0.9792258999018568
eus_Latn,tgl_Latn,intfloat/multilingual-e5-large,0.979219420518878
deu_Latn,tam_Taml,intfloat/multilingual-e5-large,0.9792181460455328
hat_Latn,zsm_Latn,intfloat/multilingual-e5-large,0.9792177085209872
ell_Grek,hat_Latn,intfloat/multilingual-e5-large,0.9792152926744468
hrv_Latn,nso_Latn,intfloat/multilingual-e5-large,0.9792026474092658
eus_Latn,als_Latn,intfloat/multilingual-e5-large,0.9792018765179104
ind_Latn,tat_Cyrl,intfloat/multilingual-e5-large,0.979192510141296
hat_Latn,sun_Latn,intfloat/multilingual-e5-large,0.97918287471045
hye_Armn,khk_Cyrl,intfloat/multilingual-e5-large,0.9791791962194506
kin_Latn,zul_Latn,intfloat/multilingual-e5-large,0.9791276346604216
sna_Latn,xho_Latn,intfloat/multilingual-e5-large,0.9791001355140948
som_Latn,tgk_Cyrl,intfloat/multilingual-e5-large,0.9790874967052816
afr_Latn,khm_Khmr,intfloat/multilingual-e5-large,0.9790831426783496
kir_Cyrl,lit_Latn,intfloat/multilingual-e5-large,0.9790749701519952
plt_Latn,zsm_Latn,intfloat/multilingual-e5-large,0.9790669956507192
ind_Latn,swh_Latn,intfloat/multilingual-e5-large,0.9790622364821256
glg_Latn,khm_Khmr,intfloat/multilingual-e5-large,0.9790621166499386
hne_Deva,kan_Knda,intfloat/multilingual-e5-large,0.9790582345946928
amh_Ethi,guj_Gujr,intfloat/multilingual-e5-large,0.9790564925800732
ces_Latn,bak_Cyrl,intfloat/multilingual-e5-large,0.9790564116984676
arz_Arab,spa_Latn,intfloat/multilingual-e5-large,0.9790563135970648
fin_Latn,khm_Khmr,intfloat/multilingual-e5-large,0.9790312440211458
isl_Latn,uzn_Latn,intfloat/multilingual-e5-large,0.9790266249580696
plt_Latn,swh_Latn,intfloat/multilingual-e5-large,0.9790158065977737
mai_Deva,tel_Telu,intfloat/multilingual-e5-large,0.979004709186208
ces_Latn,pbt_Arab,intfloat/multilingual-e5-large,0.97900145360575
fin_Latn,hat_Latn,intfloat/multilingual-e5-large,0.979000744030018
fra_Latn,mar_Deva,intfloat/multilingual-e5-large,0.9789926920643536
sna_Latn,als_Latn,intfloat/multilingual-e5-large,0.9789797670077772
jpn_Jpan,urd_Arab,intfloat/multilingual-e5-large,0.9789794059700384
jpn_Jpan,slk_Latn,intfloat/multilingual-e5-large,0.978978268041189
kan_Knda,mai_Deva,intfloat/multilingual-e5-large,0.9789652010226578
dan_Latn,guj_Gujr,jinaai/jina-embeddings-v3,0.9789651984324116
ita_Latn,sna_Latn,intfloat/multilingual-e5-large,0.9789633143352222
nld_Latn,nso_Latn,intfloat/multilingual-e5-large,0.9789603696940016
lvs_Latn,uzn_Latn,intfloat/multilingual-e5-large,0.9789481874054472
bul_Cyrl,pbt_Arab,intfloat/multilingual-e5-large,0.9789444844772712
swe_Latn,jpn_Jpan,intfloat/multilingual-e5-large,0.978939731339577
ell_Grek,guj_Gujr,intfloat/multilingual-e5-large,0.9789391798731496
cat_Latn,jav_Latn,intfloat/multilingual-e5-large,0.9789291110134476
pbt_Arab,als_Latn,intfloat/multilingual-e5-large,0.9789277152917568
guj_Gujr,npi_Deva,intfloat/multilingual-e5-large,0.9789244175173138
bul_Cyrl,sun_Latn,intfloat/multilingual-e5-large,0.9788990564700027
spa_Latn,tam_Taml,intfloat/multilingual-e5-large,0.9788957089359132
asm_Beng,hrv_Latn,intfloat/multilingual-e5-large,0.97889101506493
dan_Latn,hat_Latn,intfloat/multilingual-e5-large,0.9788758275292232
cat_Latn,nno_Latn,intfloat/multilingual-e5-large,0.978853437594134
sun_Latn,urd_Arab,intfloat/multilingual-e5-large,0.9788423050373734
guj_Gujr,mkd_Cyrl,jinaai/jina-embeddings-v3,0.9788386017039198
glg_Latn,hun_Latn,intfloat/multilingual-e5-large,0.9788293027717794
hye_Armn,tha_Thai,jinaai/jina-embeddings-v3,0.9788133791768072
glg_Latn,nno_Latn,intfloat/multilingual-e5-large,0.9788101546298268
hat_Latn,slv_Latn,intfloat/multilingual-e5-large,0.9788049722367024
amh_Ethi,pol_Latn,intfloat/multilingual-e5-large,0.9787899207444148
khk_Cyrl,rus_Cyrl,intfloat/multilingual-e5-large,0.9787888442635648
amh_Ethi,mkd_Cyrl,intfloat/multilingual-e5-large,0.9787405127953144
guj_Gujr,ind_Latn,jinaai/jina-embeddings-v3,0.9787326975156144
eus_Latn,hrv_Latn,intfloat/multilingual-e5-large,0.9787270078669604
afr_Latn,ekk_Latn,jinaai/jina-embeddings-v3,0.9787220645856152
mar_Deva,vie_Latn,intfloat/multilingual-e5-large,0.9787184055518826
kir_Cyrl,tur_Latn,intfloat/multilingual-e5-large,0.9787142957224926
rus_Cyrl,tam_Taml,intfloat/multilingual-e5-large,0.9787023270439852
kat_Geor,lao_Laoo,intfloat/multilingual-e5-large,0.9787014233659178
mar_Deva,sin_Sinh,intfloat/multilingual-e5-large,0.9786957069389834
dan_Latn,kir_Cyrl,intfloat/multilingual-e5-large,0.978685927751506
mal_Mlym,mar_Deva,intfloat/multilingual-e5-large,0.9786610735088488
guj_Gujr,tgk_Cyrl,intfloat/multilingual-e5-large,0.9786551938628804
jpn_Jpan,hrv_Latn,intfloat/multilingual-e5-large,0.9786332887677562
amh_Ethi,glg_Latn,intfloat/multilingual-e5-large,0.9786280857818938
cat_Latn,uzn_Latn,intfloat/multilingual-e5-large,0.9786271431953832
zsm_Latn,jpn_Jpan,intfloat/multilingual-e5-large,0.9786259413979064
isl_Latn,ukr_Cyrl,jinaai/jina-embeddings-v3,0.9786206531342588
lvs_Latn,ind_Latn,intfloat/multilingual-e5-large,0.9786053524929405
lvs_Latn,zul_Latn,intfloat/multilingual-e5-large,0.9785875443916404
isl_Latn,plt_Latn,intfloat/multilingual-e5-large,0.978569237916396
cym_Latn,lvs_Latn,intfloat/multilingual-e5-large,0.9785648704915006
afr_Latn,mai_Deva,intfloat/multilingual-e5-large,0.9785623681820206
als_Latn,tam_Taml,intfloat/multilingual-e5-large,0.97853710664865
mal_Mlym,xho_Latn,intfloat/multilingual-e5-large,0.9785245912445548
mya_Mymr,npi_Deva,intfloat/multilingual-e5-large,0.9785076884703212
azj_Latn,cym_Latn,intfloat/multilingual-e5-large,0.9784709890681788
ceb_Latn,hin_Deva,intfloat/multilingual-e5-large,0.9784553291764184
eng_Latn,ssw_Latn,intfloat/multilingual-e5-large,0.978450910915782
glg_Latn,heb_Hebr,jinaai/jina-embeddings-v3,0.9784295139607868
isl_Latn,tha_Thai,jinaai/jina-embeddings-v3,0.978425014687928
guj_Gujr,tur_Latn,jinaai/jina-embeddings-v3,0.9784240825078327
pan_Guru,vie_Latn,intfloat/multilingual-e5-large,0.9784237857423814
ben_Beng,kin_Latn,intfloat/multilingual-e5-large,0.9783960625138104
afr_Latn,guj_Gujr,intfloat/multilingual-e5-large,0.9783691055893764
isl_Latn,kir_Cyrl,intfloat/multilingual-e5-large,0.9783422440014258
mkd_Cyrl,xho_Latn,intfloat/multilingual-e5-large,0.9783300434337078
mkd_Cyrl,mar_Deva,intfloat/multilingual-e5-large,0.978316481656087
kin_Latn,tgl_Latn,intfloat/multilingual-e5-large,0.978308891862756
heb_Hebr,tel_Telu,jinaai/jina-embeddings-v3,0.9782825190599096
kaz_Cyrl,sun_Latn,intfloat/multilingual-e5-large,0.9782815512616448
ita_Latn,tam_Taml,intfloat/multilingual-e5-large,0.9782796964380782
afr_Latn,nno_Latn,intfloat/multilingual-e5-large,0.978277369260976
afr_Latn,hin_Deva,intfloat/multilingual-e5-large,0.9782762371124124
gle_Latn,nld_Latn,intfloat/multilingual-e5-large,0.9782608423399166
ind_Latn,khm_Khmr,intfloat/multilingual-e5-large,0.9782540140735194
ceb_Latn,lit_Latn,intfloat/multilingual-e5-large,0.9782294403488784
glg_Latn,lvs_Latn,intfloat/multilingual-e5-large,0.9781985305984944
jav_Latn,lvs_Latn,intfloat/multilingual-e5-large,0.9781923561631628
arz_Arab,mal_Mlym,intfloat/multilingual-e5-large,0.978182396394178
pol_Latn,snd_Arab,intfloat/multilingual-e5-large,0.9781811799961682
gle_Latn,mkd_Cyrl,intfloat/multilingual-e5-large,0.978176847033
cym_Latn,ron_Latn,intfloat/multilingual-e5-large,0.9781588786434404
pan_Guru,slv_Latn,intfloat/multilingual-e5-large,0.9781554178388296
dan_Latn,mya_Mymr,intfloat/multilingual-e5-large,0.978153756534904
kat_Geor,pbt_Arab,intfloat/multilingual-e5-large,0.9781532285045166
khm_Khmr,lao_Laoo,intfloat/multilingual-e5-large,0.9781272918513836
hun_Latn,swh_Latn,intfloat/multilingual-e5-large,0.9781179560746308
fin_Latn,tat_Cyrl,intfloat/multilingual-e5-large,0.9781169844987176
bul_Cyrl,tel_Telu,intfloat/multilingual-e5-large,0.9781119079549414
ces_Latn,gle_Latn,intfloat/multilingual-e5-large,0.9780942580708388
ceb_Latn,ekk_Latn,intfloat/multilingual-e5-large,0.9780934856378148
azj_Latn,lvs_Latn,intfloat/multilingual-e5-large,0.9780820667489508
mar_Deva,npi_Deva,intfloat/multilingual-e5-large,0.9780576227667316
szl_Latn,rus_Cyrl,intfloat/multilingual-e5-large,0.978040966917773
ind_Latn,nno_Latn,intfloat/multilingual-e5-large,0.9780403306440544
gle_Latn,vie_Latn,intfloat/multilingual-e5-large,0.9780400316705332
fra_Latn,snd_Arab,intfloat/multilingual-e5-large,0.9780389779474348
zul_Latn,rus_Cyrl,intfloat/multilingual-e5-large,0.9780331705975734
ces_Latn,guj_Gujr,intfloat/multilingual-e5-large,0.9780287482363104
kan_Knda,mal_Mlym,intfloat/multilingual-e5-large,0.9779938541901634
spa_Latn,khk_Cyrl,intfloat/multilingual-e5-large,0.9779862544670026
isl_Latn,swh_Latn,intfloat/multilingual-e5-large,0.977975144240328
rus_Cyrl,lvs_Latn,intfloat/multilingual-e5-large,0.977962357231562
ell_Grek,jpn_Jpan,intfloat/multilingual-e5-large,0.9779557567153454
ell_Grek,zul_Latn,intfloat/multilingual-e5-large,0.9779482032409432
rus_Cyrl,sun_Latn,intfloat/multilingual-e5-large,0.977947896039231
ceb_Latn,xho_Latn,intfloat/multilingual-e5-large,0.9779345995678876
mal_Mlym,sun_Latn,intfloat/multilingual-e5-large,0.9779001042759824
guj_Gujr,als_Latn,intfloat/multilingual-e5-large,0.977868998061356
bel_Cyrl,khm_Khmr,intfloat/multilingual-e5-large,0.9778507877851303
hat_Latn,vie_Latn,intfloat/multilingual-e5-large,0.977831622459779
afr_Latn,lvs_Latn,jinaai/jina-embeddings-v3,0.977825447525925
hin_Deva,uzn_Latn,intfloat/multilingual-e5-large,0.9778218515026638
amh_Ethi,ell_Grek,intfloat/multilingual-e5-large,0.977809402194648
hat_Latn,mya_Mymr,intfloat/multilingual-e5-large,0.9778019135005528
fin_Latn,kir_Cyrl,intfloat/multilingual-e5-large,0.9777993901843364
hin_Deva,kir_Cyrl,intfloat/multilingual-e5-large,0.977795464812182
ekk_Latn,lvs_Latn,intfloat/multilingual-e5-large,0.9777950601949836
dan_Latn,bak_Cyrl,intfloat/multilingual-e5-large,0.977788574446172
lvs_Latn,plt_Latn,intfloat/multilingual-e5-large,0.9777732145120904
mya_Mymr,vie_Latn,intfloat/multilingual-e5-large,0.977760304899781
azj_Latn,swh_Latn,intfloat/multilingual-e5-large,0.977759257192638
kaz_Cyrl,lao_Laoo,intfloat/multilingual-e5-large,0.977756977107783
mar_Deva,zsm_Latn,intfloat/multilingual-e5-large,0.9777555515015754
cym_Latn,som_Latn,intfloat/multilingual-e5-large,0.977720246769039
mal_Mlym,nya_Latn,intfloat/multilingual-e5-large,0.977703157583007
azj_Latn,heb_Hebr,intfloat/multilingual-e5-large,0.9776947766811644
khm_Khmr,slv_Latn,jinaai/jina-embeddings-v3,0.9776928344588818
dan_Latn,tel_Telu,intfloat/multilingual-e5-large,0.9776775259284042
kan_Knda,sin_Sinh,intfloat/multilingual-e5-large,0.9776722586704958
spa_Latn,tsn_Latn,intfloat/multilingual-e5-large,0.9776301094208174
pol_Latn,jpn_Jpan,intfloat/multilingual-e5-large,0.9776249243382268
jpn_Jpan,ukr_Cyrl,intfloat/multilingual-e5-large,0.9776107942125988
amh_Ethi,kir_Cyrl,intfloat/multilingual-e5-large,0.9775825210392122
hin_Deva,swh_Latn,intfloat/multilingual-e5-large,0.977573364460104
ell_Grek,tat_Cyrl,intfloat/multilingual-e5-large,0.9775732529245408
cat_Latn,hin_Deva,intfloat/multilingual-e5-large,0.9775698871259088
eng_Latn,gaz_Latn,intfloat/multilingual-e5-large,0.9775593324188172
gle_Latn,srp_Cyrl,intfloat/multilingual-e5-large,0.9775565314207
fra_Latn,sot_Latn,intfloat/multilingual-e5-large,0.9775475128719376
arz_Arab,ukr_Cyrl,intfloat/multilingual-e5-large,0.977531785366326
amh_Ethi,spa_Latn,intfloat/multilingual-e5-large,0.9775294087854358
eus_Latn,sin_Sinh,intfloat/multilingual-e5-large,0.9775292385606577
cym_Latn,spa_Latn,intfloat/multilingual-e5-large,0.9775287287663124
kat_Geor,mya_Mymr,intfloat/multilingual-e5-large,0.977513338248288
spa_Latn,snd_Arab,intfloat/multilingual-e5-large,0.9775084689194146
cym_Latn,pbt_Arab,intfloat/multilingual-e5-large,0.9774773707297126
pol_Latn,xho_Latn,intfloat/multilingual-e5-large,0.9774720556277692
khm_Khmr,ron_Latn,jinaai/jina-embeddings-v3,0.9774635388001376
pan_Guru,ron_Latn,intfloat/multilingual-e5-large,0.9774337888655258
tam_Taml,vie_Latn,intfloat/multilingual-e5-large,0.9774120302634216
lit_Latn,sna_Latn,intfloat/multilingual-e5-large,0.9774073991375148
ekk_Latn,gle_Latn,intfloat/multilingual-e5-large,0.9773822733428472
glg_Latn,tha_Thai,jinaai/jina-embeddings-v3,0.9773723560462436
glg_Latn,mya_Mymr,intfloat/multilingual-e5-large,0.97737072971265
kir_Cyrl,uzn_Latn,intfloat/multilingual-e5-large,0.977363898597166
mlt_Latn,hrv_Latn,intfloat/multilingual-e5-large,0.977347897678694
mya_Mymr,pan_Guru,intfloat/multilingual-e5-large,0.977344161953952
hat_Latn,xho_Latn,intfloat/multilingual-e5-large,0.977344141829608
snd_Arab,swe_Latn,jinaai/jina-embeddings-v3,0.977323961508676
jpn_Jpan,srp_Cyrl,intfloat/multilingual-e5-large,0.9773219917782806
fra_Latn,ckb_Arab,intfloat/multilingual-e5-large,0.9773191392801532
hrv_Latn,jpn_Jpan,intfloat/multilingual-e5-large,0.9773038287723744
deu_Latn,snd_Arab,intfloat/multilingual-e5-large,0.9772973063596648
pbt_Arab,urd_Arab,intfloat/multilingual-e5-large,0.9772934766436708
afr_Latn,plt_Latn,intfloat/multilingual-e5-large,0.9772877261597048
eus_Latn,eng_Latn,intfloat/multilingual-e5-large,0.977277158101247
uzn_Latn,vie_Latn,intfloat/multilingual-e5-large,0.9772764756194808
ssw_Latn,tsn_Latn,intfloat/multilingual-e5-large,0.9772514652491232
jav_Latn,som_Latn,intfloat/multilingual-e5-large,0.9772513103602096
cym_Latn,slk_Latn,intfloat/multilingual-e5-large,0.977248956001292
guj_Gujr,snd_Arab,intfloat/multilingual-e5-large,0.9772317384538348
ell_Grek,kir_Cyrl,intfloat/multilingual-e5-large,0.9772172295052584
fra_Latn,plt_Latn,intfloat/multilingual-e5-large,0.9772079525006924
mar_Deva,snd_Arab,intfloat/multilingual-e5-large,0.9772062376863312
khm_Khmr,ind_Latn,intfloat/multilingual-e5-large,0.9772047056635904
bel_Cyrl,snd_Arab,intfloat/multilingual-e5-large,0.9772011685946111
fin_Latn,tam_Taml,intfloat/multilingual-e5-large,0.9771995000185868
ell_Grek,ekk_Latn,intfloat/multilingual-e5-large,0.977194198593496
uzn_Latn,ron_Latn,intfloat/multilingual-e5-large,0.9771915592350208
lao_Laoo,mal_Mlym,intfloat/multilingual-e5-large,0.9771910779339058
lvs_Latn,swh_Latn,intfloat/multilingual-e5-large,0.9771892333679396
jpn_Jpan,deu_Latn,intfloat/multilingual-e5-large,0.9771543691687288
ckb_Arab,pbt_Arab,intfloat/multilingual-e5-large,0.9771541527689068
guj_Gujr,slk_Latn,intfloat/multilingual-e5-large,0.9771520403327412
guj_Gujr,khm_Khmr,intfloat/multilingual-e5-large,0.9771422521585678
ind_Latn,tam_Taml,intfloat/multilingual-e5-large,0.9771203703138772
kan_Knda,tgl_Latn,intfloat/multilingual-e5-large,0.9770942085360304
ind_Latn,snd_Arab,intfloat/multilingual-e5-large,0.9770905055653832
hye_Armn,lao_Laoo,intfloat/multilingual-e5-large,0.9770772223046152
rus_Cyrl,snd_Arab,intfloat/multilingual-e5-large,0.9770768299190696
cym_Latn,lao_Laoo,intfloat/multilingual-e5-large,0.9770738592947804
pol_Latn,sun_Latn,intfloat/multilingual-e5-large,0.9770692957168368
ibo_Latn,sin_Sinh,intfloat/multilingual-e5-large,0.9770612381357052
nld_Latn,mlt_Latn,intfloat/multilingual-e5-large,0.9770567392179672
ind_Latn,bak_Cyrl,intfloat/multilingual-e5-large,0.9770550541283424
jpn_Jpan,vie_Latn,intfloat/multilingual-e5-large,0.9770077108961326
fry_Latn,swe_Latn,jinaai/jina-embeddings-v3,0.9769844140287914
ell_Grek,uzn_Latn,intfloat/multilingual-e5-large,0.9769697422517338
azj_Latn,guj_Gujr,intfloat/multilingual-e5-large,0.9769693411808612
hat_Latn,plt_Latn,intfloat/multilingual-e5-large,0.976958682131571
ces_Latn,jpn_Jpan,intfloat/multilingual-e5-large,0.9769560652260486
amh_Ethi,lao_Laoo,intfloat/multilingual-e5-large,0.9769385226999944
eus_Latn,kat_Geor,intfloat/multilingual-e5-large,0.9769261907709664
lin_Latn,tsn_Latn,intfloat/multilingual-e5-large,0.9769212257810804
bel_Cyrl,tha_Thai,intfloat/multilingual-e5-large,0.9768598330516256
guj_Gujr,heb_Hebr,jinaai/jina-embeddings-v3,0.9768460674713396
ind_Latn,isl_Latn,intfloat/multilingual-e5-large,0.9768364440099891
khm_Khmr,tur_Latn,jinaai/jina-embeddings-v3,0.9768351874774988
tir_Ethi,tsn_Latn,intfloat/multilingual-e5-large,0.9768298700586656
mkd_Cyrl,nya_Latn,intfloat/multilingual-e5-large,0.9768285363767408
hat_Latn,kir_Cyrl,intfloat/multilingual-e5-large,0.9768197093291744
amh_Ethi,kmr_Latn,intfloat/multilingual-e5-large,0.9768092663665208
isl_Latn,lvs_Latn,intfloat/multilingual-e5-large,0.9768016652816222
slv_Latn,tam_Taml,intfloat/multilingual-e5-large,0.9767977225405092
deu_Latn,kan_Knda,intfloat/multilingual-e5-large,0.97679728521943
dan_Latn,jpn_Jpan,intfloat/multilingual-e5-large,0.9767972801739728
kin_Latn,sin_Sinh,intfloat/multilingual-e5-large,0.9767787442845992
ces_Latn,tam_Taml,intfloat/multilingual-e5-large,0.9767705528385492
ceb_Latn,dan_Latn,intfloat/multilingual-e5-large,0.97676614627658
ekk_Latn,pbt_Arab,intfloat/multilingual-e5-large,0.9767425554987
fra_Latn,tsn_Latn,intfloat/multilingual-e5-large,0.9767409340985008
bul_Cyrl,tam_Taml,intfloat/multilingual-e5-large,0.9767315227949994
jpn_Jpan,swe_Latn,jinaai/jina-embeddings-v3,0.9767109494070852
deu_Latn,tel_Telu,intfloat/multilingual-e5-large,0.9766974084715851
mya_Mymr,zul_Latn,intfloat/multilingual-e5-large,0.976692668906315
ind_Latn,kan_Knda,intfloat/multilingual-e5-large,0.9766643507220906
fra_Latn,jpn_Jpan,intfloat/multilingual-e5-large,0.976663541094098
sin_Sinh,xho_Latn,intfloat/multilingual-e5-large,0.9766544995467712
kir_Cyrl,slv_Latn,intfloat/multilingual-e5-large,0.9766495589206772
arz_Arab,tur_Latn,intfloat/multilingual-e5-large,0.9766471479302102
hye_Armn,pbt_Arab,intfloat/multilingual-e5-large,0.9766470246154292
dan_Latn,xho_Latn,intfloat/multilingual-e5-large,0.9766427062628328
asm_Beng,tel_Telu,intfloat/multilingual-e5-large,0.9766139954953188
arz_Arab,zsm_Latn,intfloat/multilingual-e5-large,0.9766132587906128
jpn_Jpan,mkd_Cyrl,intfloat/multilingual-e5-large,0.9765877005546258
kir_Cyrl,pol_Latn,intfloat/multilingual-e5-large,0.9765714119675616
jav_Latn,tel_Telu,intfloat/multilingual-e5-large,0.9765638255700502
asm_Beng,bos_Latn,intfloat/multilingual-e5-large,0.9765530715956316
rus_Cyrl,jpn_Jpan,intfloat/multilingual-e5-large,0.9765457561564118
ita_Latn,kan_Knda,intfloat/multilingual-e5-large,0.9764954320912606
khm_Khmr,srp_Cyrl,jinaai/jina-embeddings-v3,0.976476761321326
deu_Latn,khk_Cyrl,intfloat/multilingual-e5-large,0.976468638864407
ces_Latn,ckb_Arab,intfloat/multilingual-e5-large,0.9764625298703684
hin_Deva,lvs_Latn,intfloat/multilingual-e5-large,0.9764601572538272
cat_Latn,khk_Cyrl,intfloat/multilingual-e5-large,0.9764501413469772
bel_Cyrl,dan_Latn,intfloat/multilingual-e5-large,0.9764413962306234
khk_Cyrl,srp_Cyrl,intfloat/multilingual-e5-large,0.976428770425352
fra_Latn,pbt_Arab,intfloat/multilingual-e5-large,0.9764274245989796
khm_Khmr,kir_Cyrl,intfloat/multilingual-e5-large,0.9764101225738508
mai_Deva,tam_Taml,intfloat/multilingual-e5-large,0.976409355346709
ell_Grek,bak_Cyrl,intfloat/multilingual-e5-large,0.9763858595673208
hin_Deva,tgk_Cyrl,intfloat/multilingual-e5-large,0.976342012214722
pan_Guru,tur_Latn,jinaai/jina-embeddings-v3,0.9763319453819423
hye_Armn,isl_Latn,jinaai/jina-embeddings-v3,0.976330219214366
glg_Latn,isl_Latn,jinaai/jina-embeddings-v3,0.9763302051644768
mkd_Cyrl,eus_Latn,intfloat/multilingual-e5-large,0.9763254098871336
pol_Latn,tam_Taml,intfloat/multilingual-e5-large,0.976309958958973
amh_Ethi,hin_Deva,intfloat/multilingual-e5-large,0.9762970426328552
cat_Latn,mya_Mymr,intfloat/multilingual-e5-large,0.9762902319714076
bel_Cyrl,tam_Taml,intfloat/multilingual-e5-large,0.9762799759231178
eng_Latn,mlt_Latn,intfloat/multilingual-e5-large,0.9762761256429546
afr_Latn,sot_Latn,intfloat/multilingual-e5-large,0.976263946501066
spa_Latn,kir_Cyrl,intfloat/multilingual-e5-large,0.9762509856595116
afr_Latn,tir_Ethi,intfloat/multilingual-e5-large,0.9762414167883656
ceb_Latn,ilo_Latn,intfloat/multilingual-e5-large,0.9762392661982824
uzn_Latn,spa_Latn,intfloat/multilingual-e5-large,0.9762340448114822
ben_Beng,mlt_Latn,intfloat/multilingual-e5-large,0.976207397890922
ind_Latn,lao_Laoo,intfloat/multilingual-e5-large,0.976197346954905
npi_Deva,tel_Telu,intfloat/multilingual-e5-large,0.9761866413123924
mal_Mlym,pbt_Arab,intfloat/multilingual-e5-large,0.9761591008386276
fin_Latn,lao_Laoo,intfloat/multilingual-e5-large,0.9761320256636415
cym_Latn,mlt_Latn,intfloat/multilingual-e5-large,0.9761193921476448
pol_Latn,som_Latn,intfloat/multilingual-e5-large,0.9761093885092406
pol_Latn,tel_Telu,intfloat/multilingual-e5-large,0.9761081846284608
cym_Latn,hun_Latn,intfloat/multilingual-e5-large,0.9761050571134976
nya_Latn,swh_Latn,intfloat/multilingual-e5-large,0.9760767346023276
hrv_Latn,ilo_Latn,intfloat/multilingual-e5-large,0.9760654808371436
deu_Latn,plt_Latn,intfloat/multilingual-e5-large,0.976063197280794
eus_Latn,ita_Latn,intfloat/multilingual-e5-large,0.9760588125041552
isl_Latn,sun_Latn,intfloat/multilingual-e5-large,0.9760535081847987
jpn_Jpan,nld_Latn,intfloat/multilingual-e5-large,0.9760459814457416
slk_Latn,tel_Telu,intfloat/multilingual-e5-large,0.9760389018995576
bul_Cyrl,kmr_Latn,intfloat/multilingual-e5-large,0.9760270573329288
ilo_Latn,tgl_Latn,intfloat/multilingual-e5-large,0.976025287164046
isl_Latn,lao_Laoo,intfloat/multilingual-e5-large,0.9760106924041352
tso_Latn,xho_Latn,intfloat/multilingual-e5-large,0.9760096436973056
eng_Latn,kin_Latn,intfloat/multilingual-e5-large,0.9760089854259004
ita_Latn,nya_Latn,intfloat/multilingual-e5-large,0.9760062634228158
dan_Latn,kan_Knda,jinaai/jina-embeddings-v3,0.9759928965787844
dan_Latn,khk_Cyrl,intfloat/multilingual-e5-large,0.9759892835052136
amh_Ethi,ron_Latn,intfloat/multilingual-e5-large,0.9759842475591888
plt_Latn,npi_Deva,intfloat/multilingual-e5-large,0.97598366912035
kmr_Latn,sin_Sinh,intfloat/multilingual-e5-large,0.9759743590158008
npi_Deva,tam_Taml,intfloat/multilingual-e5-large,0.9759708951364586
ita_Latn,kmr_Latn,intfloat/multilingual-e5-large,0.9759487779979584
spa_Latn,guj_Gujr,intfloat/multilingual-e5-large,0.9759373919472344
cat_Latn,hun_Latn,intfloat/multilingual-e5-large,0.9759364441768807
swe_Latn,tam_Taml,intfloat/multilingual-e5-large,0.975906100144976
hun_Latn,zul_Latn,intfloat/multilingual-e5-large,0.9758992357499384
hun_Latn,afr_Latn,intfloat/multilingual-e5-large,0.975897344237153
lit_Latn,sun_Latn,intfloat/multilingual-e5-large,0.975888928596774
ind_Latn,sun_Latn,intfloat/multilingual-e5-large,0.9758887752679042
fin_Latn,khk_Cyrl,intfloat/multilingual-e5-large,0.9758777167426792
snd_Arab,ukr_Cyrl,jinaai/jina-embeddings-v3,0.9758712273616186
mar_Deva,zul_Latn,intfloat/multilingual-e5-large,0.9758683190531986
deu_Latn,tsn_Latn,intfloat/multilingual-e5-large,0.9758593037073812
amh_Ethi,tur_Latn,intfloat/multilingual-e5-large,0.9758423849445232
dan_Latn,snd_Arab,intfloat/multilingual-e5-large,0.9758307559946904
ces_Latn,plt_Latn,intfloat/multilingual-e5-large,0.9757949437793648
ell_Grek,gle_Latn,intfloat/multilingual-e5-large,0.9757927635888664
hat_Latn,nld_Latn,intfloat/multilingual-e5-large,0.975783543490884
fin_Latn,jpn_Jpan,intfloat/multilingual-e5-large,0.9757768544771844
ita_Latn,mar_Deva,intfloat/multilingual-e5-large,0.9757562055227024
gle_Latn,isl_Latn,intfloat/multilingual-e5-large,0.9757544329207092
srp_Cyrl,tel_Telu,intfloat/multilingual-e5-large,0.9757430668485756
lvs_Latn,mya_Mymr,intfloat/multilingual-e5-large,0.975736871139843
amh_Ethi,isl_Latn,intfloat/multilingual-e5-large,0.975736261322442
cym_Latn,kmr_Latn,intfloat/multilingual-e5-large,0.9757300808091204
ind_Latn,pbt_Arab,intfloat/multilingual-e5-large,0.9756822644797916
ceb_Latn,spa_Latn,intfloat/multilingual-e5-large,0.9756792579897062
afr_Latn,hun_Latn,jinaai/jina-embeddings-v3,0.9756572309024336
ita_Latn,pbt_Arab,intfloat/multilingual-e5-large,0.9756566287717272
amh_Ethi,lin_Latn,intfloat/multilingual-e5-large,0.975637323756426
jav_Latn,xho_Latn,intfloat/multilingual-e5-large,0.9756362755053128
rus_Cyrl,sna_Latn,intfloat/multilingual-e5-large,0.9756317311945624
amh_Ethi,sun_Latn,intfloat/multilingual-e5-large,0.9756265154991496
eng_Latn,uig_Arab,intfloat/multilingual-e5-large,0.9756188678529568
als_Latn,tel_Telu,intfloat/multilingual-e5-large,0.9756157256545894
ekk_Latn,uzn_Latn,intfloat/multilingual-e5-large,0.9756105451823208
ckb_Arab,kmr_Latn,intfloat/multilingual-e5-large,0.9756050310463136
sot_Latn,ssw_Latn,intfloat/multilingual-e5-large,0.9755789130386054
slv_Latn,sna_Latn,intfloat/multilingual-e5-large,0.9755783086104048
hye_Armn,tam_Taml,intfloat/multilingual-e5-large,0.975576464556374
khm_Khmr,lit_Latn,jinaai/jina-embeddings-v3,0.975564017316108
kmr_Latn,tgk_Cyrl,intfloat/multilingual-e5-large,0.9755593209338976
azj_Latn,isl_Latn,intfloat/multilingual-e5-large,0.9755524493814504
kaz_Cyrl,plt_Latn,intfloat/multilingual-e5-large,0.9755419388159988
lvs_Latn,nno_Latn,intfloat/multilingual-e5-large,0.9755274389934812
slv_Latn,xho_Latn,intfloat/multilingual-e5-large,0.9755254430002838
fra_Latn,sun_Latn,intfloat/multilingual-e5-large,0.975520819929485
nya_Latn,tsn_Latn,intfloat/multilingual-e5-large,0.9755170326197232
srp_Cyrl,xho_Latn,intfloat/multilingual-e5-large,0.975475634007136
som_Latn,tir_Ethi,intfloat/multilingual-e5-large,0.9754375406014753
glg_Latn,mar_Deva,intfloat/multilingual-e5-large,0.9754332301395916
ceb_Latn,swe_Latn,intfloat/multilingual-e5-large,0.9753783310605328
mri_Latn,tgl_Latn,intfloat/multilingual-e5-large,0.975352633987456
kan_Knda,als_Latn,intfloat/multilingual-e5-large,0.975328180101372
hat_Latn,som_Latn,intfloat/multilingual-e5-large,0.9753254528073172
tur_Latn,xho_Latn,intfloat/multilingual-e5-large,0.9753234065053756
ibo_Latn,tgl_Latn,intfloat/multilingual-e5-large,0.9753200779401012
ceb_Latn,ind_Latn,intfloat/multilingual-e5-large,0.975308748226872
pan_Guru,tha_Thai,jinaai/jina-embeddings-v3,0.9752912703764278
hin_Deva,khm_Khmr,intfloat/multilingual-e5-large,0.9752904772978898
pol_Latn,sna_Latn,intfloat/multilingual-e5-large,0.9752844922121854
kin_Latn,swh_Latn,intfloat/multilingual-e5-large,0.9752837473787328
hye_Armn,lvs_Latn,intfloat/multilingual-e5-large,0.9752673296665172
jpn_Jpan,tur_Latn,intfloat/multilingual-e5-large,0.9752655107977264
hat_Latn,ron_Latn,intfloat/multilingual-e5-large,0.9752600173842472
hin_Deva,hat_Latn,intfloat/multilingual-e5-large,0.9752490663804826
cym_Latn,tur_Latn,intfloat/multilingual-e5-large,0.9752458108085604
kir_Cyrl,nld_Latn,intfloat/multilingual-e5-large,0.9752333560113978
jpn_Jpan,rus_Cyrl,google/embeddinggemma-300m,0.9752225685356112
ell_Grek,khk_Cyrl,intfloat/multilingual-e5-large,0.975217459584058
tsn_Latn,tso_Latn,intfloat/multilingual-e5-large,0.9752100594336096
kat_Geor,sun_Latn,intfloat/multilingual-e5-large,0.975207539956128
cat_Latn,lvs_Latn,intfloat/multilingual-e5-large,0.9752007924323975
cym_Latn,ekk_Latn,intfloat/multilingual-e5-large,0.975187453712044
jpn_Jpan,ces_Latn,intfloat/multilingual-e5-large,0.9751743233140412
hat_Latn,lit_Latn,intfloat/multilingual-e5-large,0.975164722345434
bul_Cyrl,snd_Arab,intfloat/multilingual-e5-large,0.975159106948534
mya_Mymr,nld_Latn,jinaai/jina-embeddings-v3,0.9751573527536018
som_Latn,xho_Latn,intfloat/multilingual-e5-large,0.9751458234874468
isl_Latn,nno_Latn,intfloat/multilingual-e5-large,0.975136851778266
kat_Geor,plt_Latn,intfloat/multilingual-e5-large,0.9751365667227598
ind_Latn,jpn_Jpan,intfloat/multilingual-e5-large,0.9751123086939196
kat_Geor,tel_Telu,intfloat/multilingual-e5-large,0.9750862890445432
ceb_Latn,lvs_Latn,intfloat/multilingual-e5-large,0.9750816487970928
heb_Hebr,ckb_Arab,intfloat/multilingual-e5-large,0.9750720233448572
amh_Ethi,sna_Latn,intfloat/multilingual-e5-large,0.9750687543846968
deu_Latn,mar_Deva,intfloat/multilingual-e5-large,0.9750621402407116
hin_Deva,hun_Latn,intfloat/multilingual-e5-large,0.9750375541966164
mar_Deva,swe_Latn,jinaai/jina-embeddings-v3,0.9750305912540111
hat_Latn,pol_Latn,intfloat/multilingual-e5-large,0.9749771862932718
uzn_Latn,hin_Deva,intfloat/multilingual-e5-large,0.9749706514498496
khm_Khmr,ukr_Cyrl,jinaai/jina-embeddings-v3,0.9749706439953032
asm_Beng,guj_Gujr,intfloat/multilingual-e5-large,0.974944597427033
asm_Beng,kan_Knda,intfloat/multilingual-e5-large,0.9749423887457944
mal_Mlym,nno_Latn,intfloat/multilingual-e5-large,0.974932742631663
khm_Khmr,tam_Taml,intfloat/multilingual-e5-large,0.9749148203660952
asm_Beng,mar_Deva,intfloat/multilingual-e5-large,0.974906908268886
spa_Latn,tel_Telu,jinaai/jina-embeddings-v3,0.9749008424657766
ces_Latn,kmr_Latn,intfloat/multilingual-e5-large,0.9748964397870834
ell_Grek,snd_Arab,intfloat/multilingual-e5-large,0.9748847508796564
lvs_Latn,tha_Thai,intfloat/multilingual-e5-large,0.9748798094545088
amh_Ethi,vie_Latn,intfloat/multilingual-e5-large,0.9748702906362512
tam_Taml,ukr_Cyrl,intfloat/multilingual-e5-large,0.9748653013117816
mya_Mymr,tgk_Cyrl,intfloat/multilingual-e5-large,0.9747935503187992
snd_Arab,tur_Latn,jinaai/jina-embeddings-v3,0.9747848892499088
ceb_Latn,tha_Thai,intfloat/multilingual-e5-large,0.9747658347064934
hun_Latn,tat_Cyrl,intfloat/multilingual-e5-large,0.9747346752908812
azj_Latn,mar_Deva,intfloat/multilingual-e5-large,0.9747248830914834
mya_Mymr,tur_Latn,jinaai/jina-embeddings-v3,0.9747043550760814
cym_Latn,mya_Mymr,intfloat/multilingual-e5-large,0.9746772255847196
kir_Cyrl,sun_Latn,intfloat/multilingual-e5-large,0.9746767492200747
ell_Grek,plt_Latn,intfloat/multilingual-e5-large,0.9746758305013572
isl_Latn,snd_Arab,intfloat/multilingual-e5-large,0.9746696133950262
cym_Latn,fin_Latn,intfloat/multilingual-e5-large,0.9746686713607088
ceb_Latn,deu_Latn,intfloat/multilingual-e5-large,0.974667464363461
lao_Laoo,rus_Cyrl,intfloat/multilingual-e5-large,0.9746600734196726
azj_Latn,tel_Telu,intfloat/multilingual-e5-large,0.9746546599157602
arz_Arab,cat_Latn,intfloat/multilingual-e5-large,0.9746486656368364
bos_Latn,kan_Knda,intfloat/multilingual-e5-large,0.9746291012773683
gle_Latn,glg_Latn,intfloat/multilingual-e5-large,0.9745868589055032
amh_Ethi,xho_Latn,intfloat/multilingual-e5-large,0.9745831757813284
kin_Latn,eng_Latn,intfloat/multilingual-e5-large,0.9745771955081088
spa_Latn,gle_Latn,intfloat/multilingual-e5-large,0.9745767150183926
uzn_Latn,deu_Latn,intfloat/multilingual-e5-large,0.9745721399518256
spa_Latn,jpn_Jpan,intfloat/multilingual-e5-large,0.974556111436498
srp_Cyrl,sun_Latn,intfloat/multilingual-e5-large,0.9745475302051166
ben_Beng,jpn_Jpan,intfloat/multilingual-e5-large,0.9745243731847693
mkd_Cyrl,tam_Taml,intfloat/multilingual-e5-large,0.9745187067347488
bos_Latn,xho_Latn,intfloat/multilingual-e5-large,0.9744980624895826
bel_Cyrl,plt_Latn,intfloat/multilingual-e5-large,0.9744955166515232
deu_Latn,szl_Latn,intfloat/multilingual-e5-large,0.9744931753797204
arz_Arab,hin_Deva,intfloat/multilingual-e5-large,0.9744860913195446
ell_Grek,isl_Latn,intfloat/multilingual-e5-large,0.9744830066726314
glg_Latn,guj_Gujr,intfloat/multilingual-e5-large,0.9744454656289656
arz_Arab,nld_Latn,intfloat/multilingual-e5-large,0.974421885189553
kmr_Latn,urd_Arab,intfloat/multilingual-e5-large,0.974417872554316
mya_Mymr,ukr_Cyrl,jinaai/jina-embeddings-v3,0.974415340897376
ekk_Latn,sun_Latn,intfloat/multilingual-e5-large,0.9744035455760308
mar_Deva,nld_Latn,jinaai/jina-embeddings-v3,0.9744000211749656
dan_Latn,tam_Taml,intfloat/multilingual-e5-large,0.9743845700227434
npi_Deva,xho_Latn,intfloat/multilingual-e5-large,0.9743788797188024
ind_Latn,khk_Cyrl,intfloat/multilingual-e5-large,0.9743727371944836
hin_Deva,nno_Latn,intfloat/multilingual-e5-large,0.9743615180017609
gle_Latn,slv_Latn,intfloat/multilingual-e5-large,0.9743538590582166
kir_Cyrl,ukr_Cyrl,intfloat/multilingual-e5-large,0.9743430457130692
guj_Gujr,srp_Cyrl,intfloat/multilingual-e5-large,0.9743344535333
kaz_Cyrl,tam_Taml,intfloat/multilingual-e5-large,0.974320442371891
bel_Cyrl,nno_Latn,intfloat/multilingual-e5-large,0.9743119536591432
afr_Latn,tam_Taml,intfloat/multilingual-e5-large,0.9743022401683706
ron_Latn,jpn_Jpan,intfloat/multilingual-e5-large,0.9742600245218582
amh_Ethi,som_Latn,intfloat/multilingual-e5-large,0.9742530576836717
fra_Latn,szl_Latn,intfloat/multilingual-e5-large,0.9742356478134592
eus_Latn,kaz_Cyrl,intfloat/multilingual-e5-large,0.974235090760092
azj_Latn,sun_Latn,intfloat/multilingual-e5-large,0.9742277238764356
bos_Latn,jpn_Jpan,intfloat/multilingual-e5-large,0.9742228875959418
eng_Latn,ilo_Latn,intfloat/multilingual-e5-large,0.974212177514974
lit_Latn,xho_Latn,intfloat/multilingual-e5-large,0.9742111655887652
eng_Latn,gla_Latn,intfloat/multilingual-e5-large,0.9742013918850432
bul_Cyrl,nya_Latn,intfloat/multilingual-e5-large,0.9741938212642636
jpn_Jpan,tgl_Latn,intfloat/multilingual-e5-large,0.9741888518878764
jpn_Jpan,ron_Latn,intfloat/multilingual-e5-large,0.9741860014393804
war_Latn,fra_Latn,intfloat/multilingual-e5-large,0.9741831022189148
mar_Deva,mya_Mymr,intfloat/multilingual-e5-large,0.9741790839076658
amh_Ethi,heb_Hebr,intfloat/multilingual-e5-large,0.974141668595821
hne_Deva,hun_Latn,intfloat/multilingual-e5-large,0.9741311503500838
sot_Latn,tir_Ethi,intfloat/multilingual-e5-large,0.974094841677232
eng_Latn,eus_Latn,intfloat/multilingual-e5-large,0.9740812796918756
kat_Geor,mar_Deva,intfloat/multilingual-e5-large,0.9740503680025238
tat_Cyrl,ukr_Cyrl,intfloat/multilingual-e5-large,0.9740498809722792
khk_Cyrl,vie_Latn,intfloat/multilingual-e5-large,0.9740419598958812
cat_Latn,ceb_Latn,intfloat/multilingual-e5-large,0.9740347003846236
sna_Latn,tir_Ethi,intfloat/multilingual-e5-large,0.9739995725065984
amh_Ethi,slv_Latn,intfloat/multilingual-e5-large,0.973995748349079
deu_Latn,pbt_Arab,intfloat/multilingual-e5-large,0.9739882136922255
cat_Latn,snd_Arab,intfloat/multilingual-e5-large,0.9739881035547856
eus_Latn,swe_Latn,jinaai/jina-embeddings-v3,0.9739764922467378
mlt_Latn,swh_Latn,intfloat/multilingual-e5-large,0.973970234539691
arz_Arab,deu_Latn,intfloat/multilingual-e5-large,0.97396808627418
gle_Latn,lit_Latn,intfloat/multilingual-e5-large,0.9739643856602728
nso_Latn,swh_Latn,intfloat/multilingual-e5-large,0.9739521482917112
swe_Latn,xho_Latn,intfloat/multilingual-e5-large,0.97393888304366
bul_Cyrl,xho_Latn,intfloat/multilingual-e5-large,0.9739232939852072
lao_Laoo,nld_Latn,jinaai/jina-embeddings-v3,0.9739213655197262
kir_Cyrl,vie_Latn,intfloat/multilingual-e5-large,0.9738777132941182
lit_Latn,khk_Cyrl,intfloat/multilingual-e5-large,0.973874026780554
slk_Latn,xho_Latn,intfloat/multilingual-e5-large,0.9738646031452804
ind_Latn,mya_Mymr,intfloat/multilingual-e5-large,0.9738554907476962
isl_Latn,khk_Cyrl,intfloat/multilingual-e5-large,0.9738546611875624
cym_Latn,heb_Hebr,intfloat/multilingual-e5-large,0.9738474900067404
jpn_Jpan,dan_Latn,intfloat/multilingual-e5-large,0.9738457062622788
vie_Latn,xho_Latn,intfloat/multilingual-e5-large,0.9738358173678032
ces_Latn,som_Latn,intfloat/multilingual-e5-large,0.9738355280702932
bel_Cyrl,tel_Telu,intfloat/multilingual-e5-large,0.973833956092629
nso_Latn,sna_Latn,intfloat/multilingual-e5-large,0.9738324546659644
mkd_Cyrl,som_Latn,intfloat/multilingual-e5-large,0.9738164034477442
ceb_Latn,heb_Hebr,intfloat/multilingual-e5-large,0.973799493876295
fra_Latn,tir_Ethi,intfloat/multilingual-e5-large,0.9737919221744832
hrv_Latn,eus_Latn,intfloat/multilingual-e5-large,0.9737867113215076
amh_Ethi,cat_Latn,intfloat/multilingual-e5-large,0.9737814537141236
lao_Laoo,vie_Latn,jinaai/jina-embeddings-v3,0.9737664613783912
nld_Latn,eus_Latn,intfloat/multilingual-e5-large,0.9737347804125092
ces_Latn,sna_Latn,intfloat/multilingual-e5-large,0.9737302119148324
bul_Cyrl,sna_Latn,intfloat/multilingual-e5-large,0.9737229696500104
afr_Latn,xho_Latn,intfloat/multilingual-e5-large,0.9736836727124644
kan_Knda,swe_Latn,jinaai/jina-embeddings-v3,0.9736720953906604
heb_Hebr,kan_Knda,jinaai/jina-embeddings-v3,0.9736459650630545
jav_Latn,mar_Deva,intfloat/multilingual-e5-large,0.9736434357539644
lit_Latn,eus_Latn,intfloat/multilingual-e5-large,0.9736317918174064
mar_Deva,swh_Latn,intfloat/multilingual-e5-large,0.9736259887367748
hun_Latn,tel_Telu,intfloat/multilingual-e5-large,0.973596890927165
spa_Latn,kan_Knda,intfloat/multilingual-e5-large,0.973596052902274
sun_Latn,swh_Latn,intfloat/multilingual-e5-large,0.9735843735089073
ben_Beng,ilo_Latn,intfloat/multilingual-e5-large,0.9735633597701376
kat_Geor,kmr_Latn,intfloat/multilingual-e5-large,0.9735616800776838
eus_Latn,nld_Latn,intfloat/multilingual-e5-large,0.973547154453882
cat_Latn,gle_Latn,intfloat/multilingual-e5-large,0.9735454441336936
bel_Cyrl,khk_Cyrl,intfloat/multilingual-e5-large,0.973528487353136
amh_Ethi,lit_Latn,intfloat/multilingual-e5-large,0.9735277977205256
khm_Khmr,xho_Latn,intfloat/multilingual-e5-large,0.9735199430963608
ilo_Latn,war_Latn,intfloat/multilingual-e5-large,0.9735181860817504
hne_Deva,nno_Latn,intfloat/multilingual-e5-large,0.9735143558824956
kan_Knda,srp_Cyrl,intfloat/multilingual-e5-large,0.973499974091309
gle_Latn,tur_Latn,intfloat/multilingual-e5-large,0.9734762575054176
kan_Knda,mya_Mymr,intfloat/multilingual-e5-large,0.9734756697770184
mar_Deva,ukr_Cyrl,intfloat/multilingual-e5-large,0.9734709569150728
mkd_Cyrl,tel_Telu,intfloat/multilingual-e5-large,0.9734600692230422
cym_Latn,guj_Gujr,intfloat/multilingual-e5-large,0.9734488965107648
guj_Gujr,vie_Latn,jinaai/jina-embeddings-v3,0.97343615077179
jpn_Jpan,zsm_Latn,intfloat/multilingual-e5-large,0.9734349174722482
tgl_Latn,yor_Latn,intfloat/multilingual-e5-large,0.97340611915407
kir_Cyrl,ron_Latn,intfloat/multilingual-e5-large,0.9734019747878926
spa_Latn,plt_Latn,intfloat/multilingual-e5-large,0.9733972017329986
isl_Latn,ind_Latn,jinaai/jina-embeddings-v3,0.9733913423221432
bul_Cyrl,eus_Latn,intfloat/multilingual-e5-large,0.973390041063849
isl_Latn,sna_Latn,intfloat/multilingual-e5-large,0.9733815959171722
slv_Latn,jpn_Jpan,intfloat/multilingual-e5-large,0.9733535400442588
hat_Latn,tur_Latn,intfloat/multilingual-e5-large,0.973343507039309
jav_Latn,tha_Thai,intfloat/multilingual-e5-large,0.973283125326291
ron_Latn,tam_Taml,intfloat/multilingual-e5-large,0.973274143051999
nld_Latn,nya_Latn,intfloat/multilingual-e5-large,0.9732173026669514
plt_Latn,xho_Latn,intfloat/multilingual-e5-large,0.9732152784114142
eus_Latn,lit_Latn,intfloat/multilingual-e5-large,0.9732090258668176
slv_Latn,sun_Latn,intfloat/multilingual-e5-large,0.9731912099511136
mya_Mymr,pol_Latn,intfloat/multilingual-e5-large,0.9731849585679636
kir_Cyrl,mya_Mymr,intfloat/multilingual-e5-large,0.9731737044544594
fra_Latn,kea_Latn,intfloat/multilingual-e5-large,0.9731728552648428
sun_Latn,tgk_Cyrl,intfloat/multilingual-e5-large,0.9731717111826276
lin_Latn,sot_Latn,intfloat/multilingual-e5-large,0.9731641439486872
jpn_Jpan,ind_Latn,jinaai/jina-embeddings-v3,0.9731605301362284
eus_Latn,srp_Cyrl,intfloat/multilingual-e5-large,0.973112252134926
eus_Latn,pol_Latn,intfloat/multilingual-e5-large,0.9730998955329592
kir_Cyrl,slk_Latn,intfloat/multilingual-e5-large,0.973089332603384
bel_Cyrl,isl_Latn,intfloat/multilingual-e5-large,0.9730872155543482
spa_Latn,pbt_Arab,intfloat/multilingual-e5-large,0.9730621758785668
fra_Latn,lin_Latn,intfloat/multilingual-e5-large,0.9730597549758722
arz_Arab,ron_Latn,intfloat/multilingual-e5-large,0.9730398455954662
ceb_Latn,sun_Latn,intfloat/multilingual-e5-large,0.973028320361364
guj_Gujr,tha_Thai,jinaai/jina-embeddings-v3,0.97302457324469
heb_Hebr,bak_Cyrl,intfloat/multilingual-e5-large,0.9730141471809436
ckb_Arab,eng_Latn,intfloat/multilingual-e5-large,0.9730132876844002
arz_Arab,lit_Latn,intfloat/multilingual-e5-large,0.9730027382958228
hat_Latn,nya_Latn,intfloat/multilingual-e5-large,0.972969076167432
bul_Cyrl,som_Latn,intfloat/multilingual-e5-large,0.9729611219218842
eus_Latn,ukr_Cyrl,jinaai/jina-embeddings-v3,0.9729600259176966
snd_Arab,slk_Latn,jinaai/jina-embeddings-v3,0.9729521327000872
kin_Latn,tsn_Latn,intfloat/multilingual-e5-large,0.9729374881828186
lit_Latn,tel_Telu,jinaai/jina-embeddings-v3,0.9729157631480037
sot_Latn,tso_Latn,intfloat/multilingual-e5-large,0.9729048717055684
jav_Latn,mri_Latn,intfloat/multilingual-e5-large,0.9728900692298093
lvs_Latn,khk_Cyrl,intfloat/multilingual-e5-large,0.972864855081962
fry_Latn,pol_Latn,jinaai/jina-embeddings-v3,0.9728497706375816
cat_Latn,kir_Cyrl,intfloat/multilingual-e5-large,0.972826579021156
ceb_Latn,isl_Latn,intfloat/multilingual-e5-large,0.9728110934161968
lvs_Latn,pbt_Arab,intfloat/multilingual-e5-large,0.97280460231434
nya_Latn,xho_Latn,intfloat/multilingual-e5-large,0.9728011081003916
ita_Latn,eus_Latn,intfloat/multilingual-e5-large,0.9727771876853196
khm_Khmr,tel_Telu,intfloat/multilingual-e5-large,0.9727732579261598
tat_Cyrl,vie_Latn,intfloat/multilingual-e5-large,0.9727689573096998
ces_Latn,xho_Latn,intfloat/multilingual-e5-large,0.9727661276926592
uzn_Latn,swe_Latn,intfloat/multilingual-e5-large,0.9727606886093804
fry_Latn,slv_Latn,jinaai/jina-embeddings-v3,0.9727580479495328
fin_Latn,kan_Knda,intfloat/multilingual-e5-large,0.972754284538612
afr_Latn,lao_Laoo,intfloat/multilingual-e5-large,0.9727357862018284
ell_Grek,kan_Knda,intfloat/multilingual-e5-large,0.9727305417584036
afr_Latn,mar_Deva,intfloat/multilingual-e5-large,0.972711766804326
kan_Knda,npi_Deva,intfloat/multilingual-e5-large,0.9727037504178688
jpn_Jpan,slv_Latn,intfloat/multilingual-e5-large,0.9726941495761554
dan_Latn,mar_Deva,intfloat/multilingual-e5-large,0.9726790315985376
dan_Latn,ckb_Arab,intfloat/multilingual-e5-large,0.9726753362286932
spa_Latn,sun_Latn,intfloat/multilingual-e5-large,0.9726712076944394
gle_Latn,mlt_Latn,intfloat/multilingual-e5-large,0.9726621279012584
mar_Deva,srp_Cyrl,intfloat/multilingual-e5-large,0.9726524012073802
cat_Latn,lao_Laoo,intfloat/multilingual-e5-large,0.9726449811663608
fin_Latn,plt_Latn,intfloat/multilingual-e5-large,0.97264163873815
tel_Telu,tur_Latn,jinaai/jina-embeddings-v3,0.9726403063362266
eus_Latn,mkd_Cyrl,intfloat/multilingual-e5-large,0.9726399556253816
ceb_Latn,fin_Latn,intfloat/multilingual-e5-large,0.972636240288465
lit_Latn,plt_Latn,intfloat/multilingual-e5-large,0.9726202940157992
amh_Ethi,ces_Latn,intfloat/multilingual-e5-large,0.9726121646178392
mya_Mymr,tel_Telu,intfloat/multilingual-e5-large,0.9726099931198048
amh_Ethi,bul_Cyrl,intfloat/multilingual-e5-large,0.972596278948738
jav_Latn,tam_Taml,intfloat/multilingual-e5-large,0.972588550448556
slv_Latn,tel_Telu,intfloat/multilingual-e5-large,0.9725844902806176
fin_Latn,gle_Latn,intfloat/multilingual-e5-large,0.972584319894193
afr_Latn,som_Latn,intfloat/multilingual-e5-large,0.9725740432785136
nya_Latn,sot_Latn,intfloat/multilingual-e5-large,0.9725718982261964
lit_Latn,tam_Taml,intfloat/multilingual-e5-large,0.9725424941351088
guj_Gujr,ron_Latn,intfloat/multilingual-e5-large,0.9725421091995312
isl_Latn,mya_Mymr,intfloat/multilingual-e5-large,0.972541907179708
cym_Latn,tam_Taml,intfloat/multilingual-e5-large,0.9725281494336404
afr_Latn,pbt_Arab,intfloat/multilingual-e5-large,0.9725271429448448
glg_Latn,tel_Telu,intfloat/multilingual-e5-large,0.9725140300494498
cym_Latn,tha_Thai,intfloat/multilingual-e5-large,0.9725014433452
ekk_Latn,tam_Taml,intfloat/multilingual-e5-large,0.9724609398149494
ekk_Latn,plt_Latn,intfloat/multilingual-e5-large,0.9724530953763814
deu_Latn,sun_Latn,intfloat/multilingual-e5-large,0.9724388279902124
heb_Hebr,snd_Arab,intfloat/multilingual-e5-large,0.9724284885993713
spa_Latn,xho_Latn,intfloat/multilingual-e5-large,0.9724263262185152
eus_Latn,glg_Latn,intfloat/multilingual-e5-large,0.972414176765323
eus_Latn,tgk_Cyrl,intfloat/multilingual-e5-large,0.9724078001525004
ekk_Latn,guj_Gujr,intfloat/multilingual-e5-large,0.9723982237026384
lao_Laoo,swe_Latn,jinaai/jina-embeddings-v3,0.9723953717236102
slv_Latn,eus_Latn,intfloat/multilingual-e5-large,0.9723562414973465
guj_Gujr,uzn_Latn,intfloat/multilingual-e5-large,0.9723485768102093
mya_Mymr,swh_Latn,intfloat/multilingual-e5-large,0.9723077733551448
ceb_Latn,ukr_Cyrl,intfloat/multilingual-e5-large,0.9723031654236284
azj_Latn,kan_Knda,intfloat/multilingual-e5-large,0.9722846673195416
asm_Beng,tam_Taml,intfloat/multilingual-e5-large,0.9722825485758898
kir_Cyrl,khk_Cyrl,intfloat/multilingual-e5-large,0.9722258015698022
asm_Beng,ita_Latn,intfloat/multilingual-e5-large,0.9722123514930828
hat_Latn,khk_Cyrl,intfloat/multilingual-e5-large,0.9721962606286644
ron_Latn,snd_Arab,intfloat/multilingual-e5-large,0.972190891244297
gle_Latn,ron_Latn,intfloat/multilingual-e5-large,0.9721686826780368
cym_Latn,hin_Deva,intfloat/multilingual-e5-large,0.9721642875128554
kin_Latn,sot_Latn,intfloat/multilingual-e5-large,0.972162353457704
fry_Latn,ita_Latn,jinaai/jina-embeddings-v3,0.972152780157855
ces_Latn,sun_Latn,intfloat/multilingual-e5-large,0.9721513927134536
mkd_Cyrl,mlt_Latn,intfloat/multilingual-e5-large,0.972122052458198
bos_Latn,eus_Latn,intfloat/multilingual-e5-large,0.9721200505251816
kaz_Cyrl,pbt_Arab,intfloat/multilingual-e5-large,0.9721142305069604
plt_Latn,sun_Latn,intfloat/multilingual-e5-large,0.972089259200948
guj_Gujr,pol_Latn,intfloat/multilingual-e5-large,0.9720354622259392
hrv_Latn,fao_Latn,intfloat/multilingual-e5-large,0.9720166406730588
hun_Latn,khk_Cyrl,intfloat/multilingual-e5-large,0.9720158632501216
hun_Latn,bak_Cyrl,intfloat/multilingual-e5-large,0.9720054425820396
khk_Cyrl,ron_Latn,intfloat/multilingual-e5-large,0.9720045523868154
ron_Latn,bak_Cyrl,intfloat/multilingual-e5-large,0.9719874395877444
gle_Latn,pol_Latn,intfloat/multilingual-e5-large,0.9719748526132556
guj_Gujr,lit_Latn,jinaai/jina-embeddings-v3,0.971970733490386
bak_Cyrl,fra_Latn,intfloat/multilingual-e5-large,0.971945917730461
bos_Latn,mar_Deva,intfloat/multilingual-e5-large,0.9719425946121292
snd_Arab,tam_Taml,intfloat/multilingual-e5-large,0.9719424056621414
mar_Deva,pol_Latn,intfloat/multilingual-e5-large,0.9719080601263091
arz_Arab,vie_Latn,intfloat/multilingual-e5-large,0.971894904936191
ekk_Latn,xho_Latn,intfloat/multilingual-e5-large,0.9718939051801408
bul_Cyrl,mar_Deva,intfloat/multilingual-e5-large,0.9718928671794882
sun_Latn,war_Latn,intfloat/multilingual-e5-large,0.9718885318658016
jpn_Jpan,sin_Sinh,intfloat/multilingual-e5-large,0.9718560181413012
bho_Deva,guj_Gujr,intfloat/multilingual-e5-large,0.9718559718969554
mya_Mymr,srp_Cyrl,intfloat/multilingual-e5-large,0.9718557610097424
uzn_Latn,heb_Hebr,intfloat/multilingual-e5-large,0.9718422019326568
eus_Latn,mal_Mlym,intfloat/multilingual-e5-large,0.9718357863222792
hrv_Latn,ibo_Latn,intfloat/multilingual-e5-large,0.9718010621320168
lao_Laoo,mya_Mymr,intfloat/multilingual-e5-large,0.9717998401546412
glg_Latn,snd_Arab,intfloat/multilingual-e5-large,0.971783107156411
mlt_Latn,ita_Latn,intfloat/multilingual-e5-large,0.9717777141908914
amh_Ethi,tam_Taml,intfloat/multilingual-e5-large,0.971768243306098
amh_Ethi,nld_Latn,intfloat/multilingual-e5-large,0.9717549897169706
fin_Latn,mar_Deva,intfloat/multilingual-e5-large,0.971738016578242
ceb_Latn,hun_Latn,intfloat/multilingual-e5-large,0.9717179930828193
snd_Arab,tel_Telu,intfloat/multilingual-e5-large,0.9717175569454848
ces_Latn,tel_Telu,intfloat/multilingual-e5-large,0.971704194055667
afr_Latn,lin_Latn,intfloat/multilingual-e5-large,0.9716942431277464
snd_Arab,slv_Latn,jinaai/jina-embeddings-v3,0.9716923069417835
dan_Latn,plt_Latn,intfloat/multilingual-e5-large,0.9716917801168388
eng_Latn,fao_Latn,intfloat/multilingual-e5-large,0.971677150103773
ceb_Latn,glg_Latn,intfloat/multilingual-e5-large,0.9716711729239096
hun_Latn,kan_Knda,intfloat/multilingual-e5-large,0.9716582168069586
mar_Deva,tha_Thai,intfloat/multilingual-e5-large,0.9716535983262208
ell_Grek,tam_Taml,intfloat/multilingual-e5-large,0.971651660142512
azj_Latn,tam_Taml,intfloat/multilingual-e5-large,0.9716484547073048
khk_Cyrl,slv_Latn,intfloat/multilingual-e5-large,0.9716086388447032
spa_Latn,sna_Latn,intfloat/multilingual-e5-large,0.9716030026949009
hrv_Latn,kin_Latn,intfloat/multilingual-e5-large,0.9715907401211852
hin_Deva,lao_Laoo,intfloat/multilingual-e5-large,0.9715843456146792
mya_Mymr,ron_Latn,intfloat/multilingual-e5-large,0.9715783602928878
amh_Ethi,slk_Latn,intfloat/multilingual-e5-large,0.9715759336351016
spa_Latn,mar_Deva,intfloat/multilingual-e5-large,0.9715586310771211
fin_Latn,uzn_Latn,intfloat/multilingual-e5-large,0.9715537871395372
deu_Latn,som_Latn,intfloat/multilingual-e5-large,0.971541857679918
eng_Latn,tso_Latn,intfloat/multilingual-e5-large,0.9715418049090042
hye_Armn,sun_Latn,intfloat/multilingual-e5-large,0.9715224187460876
mar_Deva,tur_Latn,intfloat/multilingual-e5-large,0.9715200816520752
ron_Latn,xho_Latn,intfloat/multilingual-e5-large,0.971507352732462
fin_Latn,guj_Gujr,intfloat/multilingual-e5-large,0.9714995843972644
sna_Latn,tso_Latn,intfloat/multilingual-e5-large,0.9714733036781528
tel_Telu,uzn_Latn,intfloat/multilingual-e5-large,0.9714706240292872
heb_Hebr,plt_Latn,intfloat/multilingual-e5-large,0.971467359639506
fin_Latn,tel_Telu,intfloat/multilingual-e5-large,0.9714640037547716
afr_Latn,khk_Cyrl,intfloat/multilingual-e5-large,0.9714631400288212
kan_Knda,nld_Latn,jinaai/jina-embeddings-v3,0.9714573975272208
lao_Laoo,tha_Thai,jinaai/jina-embeddings-v3,0.9714345828514446
hin_Deva,khk_Cyrl,intfloat/multilingual-e5-large,0.9713874446425728
tam_Taml,tha_Thai,intfloat/multilingual-e5-large,0.9713811945095158
arz_Arab,heb_Hebr,jinaai/jina-embeddings-v3,0.9713685363028008
pol_Latn,eus_Latn,intfloat/multilingual-e5-large,0.971367505197418
ell_Grek,tel_Telu,jinaai/jina-embeddings-v3,0.9713665363193772
amh_Ethi,tha_Thai,intfloat/multilingual-e5-large,0.9713611241565976
eus_Latn,jav_Latn,intfloat/multilingual-e5-large,0.9713557761369024
tam_Taml,tgk_Cyrl,intfloat/multilingual-e5-large,0.9713206094548742
khk_Cyrl,mya_Mymr,intfloat/multilingual-e5-large,0.971265578358515
ces_Latn,snd_Arab,jinaai/jina-embeddings-v3,0.971254088570351
tam_Taml,zul_Latn,intfloat/multilingual-e5-large,0.9712225260803412
deu_Latn,ckb_Arab,intfloat/multilingual-e5-large,0.9711945799314836
eus_Latn,uzn_Latn,intfloat/multilingual-e5-large,0.9711913994839644
tel_Telu,zul_Latn,intfloat/multilingual-e5-large,0.9711837142473378
gle_Latn,guj_Gujr,intfloat/multilingual-e5-large,0.9711628855046356
eus_Latn,hye_Armn,intfloat/multilingual-e5-large,0.971130688060114
dan_Latn,pbt_Arab,intfloat/multilingual-e5-large,0.971130073721691
plt_Latn,war_Latn,intfloat/multilingual-e5-large,0.9711184827402624
eus_Latn,urd_Arab,intfloat/multilingual-e5-large,0.971108908413783
swh_Latn,tel_Telu,intfloat/multilingual-e5-large,0.9710923850612176
amh_Ethi,tel_Telu,intfloat/multilingual-e5-large,0.9710898757380164
eus_Latn,pan_Guru,intfloat/multilingual-e5-large,0.9710883258419816
mya_Mymr,slk_Latn,jinaai/jina-embeddings-v3,0.9710758558695246
bho_Deva,mar_Deva,intfloat/multilingual-e5-large,0.9710421354464864
bos_Latn,kin_Latn,intfloat/multilingual-e5-large,0.9710396453663432
bul_Cyrl,kan_Knda,intfloat/multilingual-e5-large,0.971023473939506
asm_Beng,cym_Latn,intfloat/multilingual-e5-large,0.9710223310909976
tel_Telu,vie_Latn,intfloat/multilingual-e5-large,0.971003116699838
guj_Gujr,slv_Latn,intfloat/multilingual-e5-large,0.9709984656172088
khm_Khmr,lvs_Latn,jinaai/jina-embeddings-v3,0.970918991144204
kan_Knda,tur_Latn,jinaai/jina-embeddings-v3,0.970917526401152
kat_Geor,tam_Taml,intfloat/multilingual-e5-large,0.9709064267669396
kan_Knda,snd_Arab,intfloat/multilingual-e5-large,0.9708966678449314
hin_Deva,plt_Latn,intfloat/multilingual-e5-large,0.970854333424971
hrv_Latn,mri_Latn,intfloat/multilingual-e5-large,0.9708491320025278
arz_Arab,glg_Latn,intfloat/multilingual-e5-large,0.9708405815293346
hye_Armn,mar_Deva,intfloat/multilingual-e5-large,0.9708281856542512
afr_Latn,arz_Arab,intfloat/multilingual-e5-large,0.970820912915488
arz_Arab,dan_Latn,jinaai/jina-embeddings-v3,0.970817156758841
eus_Latn,ron_Latn,intfloat/multilingual-e5-large,0.970810314323402
arz_Arab,slk_Latn,jinaai/jina-embeddings-v3,0.9707859045423006
ind_Latn,sna_Latn,intfloat/multilingual-e5-large,0.9707826316126268
heb_Hebr,jpn_Jpan,intfloat/multilingual-e5-large,0.970768976989703
isl_Latn,kmr_Latn,intfloat/multilingual-e5-large,0.9707566633210662
ell_Grek,sun_Latn,intfloat/multilingual-e5-large,0.9707480284711998
slk_Latn,som_Latn,intfloat/multilingual-e5-large,0.9707476374389816
cat_Latn,pbt_Arab,intfloat/multilingual-e5-large,0.9707398310653588
tam_Taml,uzn_Latn,intfloat/multilingual-e5-large,0.9707287504299956
ben_Beng,mri_Latn,intfloat/multilingual-e5-large,0.9707159439434802
spa_Latn,kea_Latn,intfloat/multilingual-e5-large,0.97071227017574
kaz_Cyrl,kmr_Latn,intfloat/multilingual-e5-large,0.9707038107476272
kat_Geor,kan_Knda,intfloat/multilingual-e5-large,0.9706955746518025
bel_Cyrl,xho_Latn,intfloat/multilingual-e5-large,0.9706611581583026
swh_Latn,tam_Taml,intfloat/multilingual-e5-large,0.9706324476911936
kir_Cyrl,lvs_Latn,intfloat/multilingual-e5-large,0.9706296857042804
glg_Latn,tam_Taml,intfloat/multilingual-e5-large,0.9705891099609244
ceb_Latn,mri_Latn,intfloat/multilingual-e5-large,0.970586239856174
azj_Latn,som_Latn,intfloat/multilingual-e5-large,0.970566328675228
kaz_Cyrl,tel_Telu,intfloat/multilingual-e5-large,0.9705640005629674
eus_Latn,slv_Latn,intfloat/multilingual-e5-large,0.97056086752338
zul_Latn,ron_Latn,intfloat/multilingual-e5-large,0.9705393341895192
amh_Ethi,lvs_Latn,intfloat/multilingual-e5-large,0.970539122249592
gle_Latn,hin_Deva,intfloat/multilingual-e5-large,0.9705118768354712
fry_Latn,slk_Latn,jinaai/jina-embeddings-v3,0.9705012677343632
asm_Beng,gle_Latn,intfloat/multilingual-e5-large,0.9704963299873034
eng_Latn,ibo_Latn,intfloat/multilingual-e5-large,0.9704876927652104
afr_Latn,fry_Latn,jinaai/jina-embeddings-v3,0.9704802558688668
tel_Telu,ukr_Cyrl,jinaai/jina-embeddings-v3,0.9704769761854072
azj_Latn,xho_Latn,intfloat/multilingual-e5-large,0.9704765684645708
jpn_Jpan,als_Latn,intfloat/multilingual-e5-large,0.970475949331608
deu_Latn,lin_Latn,intfloat/multilingual-e5-large,0.970471568131738
lvs_Latn,sun_Latn,intfloat/multilingual-e5-large,0.970456969673115
plt_Latn,srp_Cyrl,intfloat/multilingual-e5-large,0.9704562210709752
deu_Latn,war_Latn,intfloat/multilingual-e5-large,0.9704506045606748
ibo_Latn,als_Latn,intfloat/multilingual-e5-large,0.9704210931764656
ces_Latn,szl_Latn,intfloat/multilingual-e5-large,0.9704144165694965
gle_Latn,tam_Taml,intfloat/multilingual-e5-large,0.9704098788442092
ekk_Latn,eus_Latn,intfloat/multilingual-e5-large,0.9703914483276624
ell_Grek,ckb_Arab,intfloat/multilingual-e5-large,0.970388654004372
ukr_Cyrl,xho_Latn,intfloat/multilingual-e5-large,0.970371455435855
afr_Latn,ssw_Latn,intfloat/multilingual-e5-large,0.970366021865292
cat_Latn,sun_Latn,intfloat/multilingual-e5-large,0.9703651188435548
khm_Khmr,khk_Cyrl,intfloat/multilingual-e5-large,0.9703328606327254
fra_Latn,som_Latn,intfloat/multilingual-e5-large,0.9702869272863544
khm_Khmr,sun_Latn,intfloat/multilingual-e5-large,0.9702627437240046
mya_Mymr,swe_Latn,jinaai/jina-embeddings-v3,0.9702516559350712
khm_Khmr,som_Latn,intfloat/multilingual-e5-large,0.9702073336804664
snd_Arab,srp_Cyrl,jinaai/jina-embeddings-v3,0.9702031745763816
ibo_Latn,urd_Arab,intfloat/multilingual-e5-large,0.9701926744453132
tha_Thai,xho_Latn,intfloat/multilingual-e5-large,0.9701406625309568
ekk_Latn,khk_Cyrl,intfloat/multilingual-e5-large,0.9701398852082476
kir_Cyrl,tha_Thai,intfloat/multilingual-e5-large,0.9701371770554952
azj_Latn,mlt_Latn,intfloat/multilingual-e5-large,0.9701072026346048
bho_Deva,tel_Telu,intfloat/multilingual-e5-large,0.9700832993536788
hin_Deva,pbt_Arab,intfloat/multilingual-e5-large,0.9700750554397084
kaz_Cyrl,kan_Knda,intfloat/multilingual-e5-large,0.9700717842098058
ind_Latn,mar_Deva,intfloat/multilingual-e5-large,0.9700665042600825
lit_Latn,nya_Latn,intfloat/multilingual-e5-large,0.9700310373526404
bel_Cyrl,nya_Latn,intfloat/multilingual-e5-large,0.9700239514583776
afr_Latn,sna_Latn,intfloat/multilingual-e5-large,0.970021244588076
arz_Arab,swe_Latn,jinaai/jina-embeddings-v3,0.9700050710332572
sna_Latn,som_Latn,intfloat/multilingual-e5-large,0.9699975245935434
khk_Cyrl,sun_Latn,intfloat/multilingual-e5-large,0.969955261799454
arz_Arab,ces_Latn,intfloat/multilingual-e5-large,0.9699097844872294
bel_Cyrl,som_Latn,intfloat/multilingual-e5-large,0.9698739234358196
khm_Khmr,kan_Knda,intfloat/multilingual-e5-large,0.9698561932152951
bel_Cyrl,pbt_Arab,intfloat/multilingual-e5-large,0.9698488023337032
hun_Latn,uzn_Latn,intfloat/multilingual-e5-large,0.9698265584555168
bak_Cyrl,spa_Latn,intfloat/multilingual-e5-large,0.9698186132652542
xho_Latn,ita_Latn,intfloat/multilingual-e5-large,0.9698167836814908
lao_Laoo,mkd_Cyrl,jinaai/jina-embeddings-v3,0.9697986298344476
bel_Cyrl,kmr_Latn,intfloat/multilingual-e5-large,0.9697701477002216
slk_Latn,sun_Latn,intfloat/multilingual-e5-large,0.9697630925708474
plt_Latn,mkd_Cyrl,intfloat/multilingual-e5-large,0.9697468053611272
mya_Mymr,tha_Thai,jinaai/jina-embeddings-v3,0.9697343348413328
ekk_Latn,mar_Deva,intfloat/multilingual-e5-large,0.9697224732319082
lit_Latn,som_Latn,intfloat/multilingual-e5-large,0.9697146767301058
zul_Latn,tur_Latn,intfloat/multilingual-e5-large,0.9697016638530294
ces_Latn,nya_Latn,intfloat/multilingual-e5-large,0.969700768266342
mar_Deva,slk_Latn,jinaai/jina-embeddings-v3,0.969692002535626
swh_Latn,ukr_Cyrl,intfloat/multilingual-e5-large,0.9696666130802148
slk_Latn,sna_Latn,intfloat/multilingual-e5-large,0.9696617277391204
pan_Guru,xho_Latn,intfloat/multilingual-e5-large,0.9696580229707994
bel_Cyrl,mlt_Latn,intfloat/multilingual-e5-large,0.9696460493882744
arz_Arab,ell_Grek,intfloat/multilingual-e5-large,0.9696190550993576
nya_Latn,sna_Latn,intfloat/multilingual-e5-large,0.9696049298956676
fry_Latn,rus_Cyrl,jinaai/jina-embeddings-v3,0.9695929334271716
spa_Latn,lin_Latn,intfloat/multilingual-e5-large,0.9695644521216912
hye_Armn,tel_Telu,jinaai/jina-embeddings-v3,0.9695441401339862
bak_Cyrl,ukr_Cyrl,intfloat/multilingual-e5-large,0.96953672120433
dan_Latn,fry_Latn,jinaai/jina-embeddings-v3,0.9695343817090324
eus_Latn,rus_Cyrl,intfloat/multilingual-e5-large,0.969520036908963
fin_Latn,snd_Arab,intfloat/multilingual-e5-large,0.9695171379519288
kan_Knda,slk_Latn,jinaai/jina-embeddings-v3,0.9694892977826232
ces_Latn,mar_Deva,intfloat/multilingual-e5-large,0.9694816959772902
hat_Latn,isl_Latn,intfloat/multilingual-e5-large,0.9694642514349162
afr_Latn,kmr_Latn,intfloat/multilingual-e5-large,0.9694555718596326
gle_Latn,swe_Latn,intfloat/multilingual-e5-large,0.9694528506882136
amh_Ethi,nso_Latn,intfloat/multilingual-e5-large,0.9694426713093246
ind_Latn,ckb_Arab,intfloat/multilingual-e5-large,0.969440113931106
tam_Taml,tur_Latn,intfloat/multilingual-e5-large,0.9694356958913204
eus_Latn,vie_Latn,jinaai/jina-embeddings-v3,0.969430018137351
amh_Ethi,deu_Latn,intfloat/multilingual-e5-large,0.9694235028751302
hin_Deva,isl_Latn,intfloat/multilingual-e5-large,0.9694142394195566
isl_Latn,xho_Latn,intfloat/multilingual-e5-large,0.9693785236696872
fra_Latn,sna_Latn,intfloat/multilingual-e5-large,0.9693383570305762
heb_Hebr,tam_Taml,jinaai/jina-embeddings-v3,0.9693069090133092
eus_Latn,slk_Latn,intfloat/multilingual-e5-large,0.9692901050309224
cat_Latn,guj_Gujr,intfloat/multilingual-e5-large,0.9692867356840084
nno_Latn,jpn_Jpan,intfloat/multilingual-e5-large,0.9692694857364266
mya_Mymr,slv_Latn,intfloat/multilingual-e5-large,0.9692223960439996
arz_Arab,isl_Latn,intfloat/multilingual-e5-large,0.9691851432679884
glg_Latn,xho_Latn,intfloat/multilingual-e5-large,0.9691679807312126
khk_Cyrl,ukr_Cyrl,intfloat/multilingual-e5-large,0.9691646043790968
eng_Latn,hau_Latn,intfloat/multilingual-e5-large,0.9691454557810693
hin_Deva,jpn_Jpan,intfloat/multilingual-e5-large,0.9691368209810832
asm_Beng,fra_Latn,intfloat/multilingual-e5-large,0.9691163162437192
eus_Latn,ell_Grek,intfloat/multilingual-e5-large,0.9690850859969892
hye_Armn,plt_Latn,intfloat/multilingual-e5-large,0.9690740466928788
ell_Grek,pbt_Arab,intfloat/multilingual-e5-large,0.9690625246232284
eus_Latn,zsm_Latn,intfloat/multilingual-e5-large,0.9690612624749898
uzn_Latn,fin_Latn,intfloat/multilingual-e5-large,0.969053386523723
fry_Latn,lit_Latn,jinaai/jina-embeddings-v3,0.9690452263614436
uzn_Latn,tha_Thai,intfloat/multilingual-e5-large,0.969031529417973
rus_Cyrl,som_Latn,intfloat/multilingual-e5-large,0.9690227219516632
hat_Latn,mar_Deva,intfloat/multilingual-e5-large,0.9690209764979016
fao_Latn,hrv_Latn,intfloat/multilingual-e5-large,0.9690041494739972
tgk_Cyrl,ukr_Cyrl,intfloat/multilingual-e5-large,0.9690014724202912
eus_Latn,tur_Latn,intfloat/multilingual-e5-large,0.9689907057502836
amh_Ethi,plt_Latn,intfloat/multilingual-e5-large,0.9689473900097828
cat_Latn,tel_Telu,jinaai/jina-embeddings-v3,0.9689446949723868
plt_Latn,slv_Latn,intfloat/multilingual-e5-large,0.9689442745099746
snd_Arab,xho_Latn,intfloat/multilingual-e5-large,0.9689201809664868
khm_Khmr,plt_Latn,intfloat/multilingual-e5-large,0.96890445730799
nno_Latn,tel_Telu,intfloat/multilingual-e5-large,0.9688988790271074
eng_Latn,twi_Latn,intfloat/multilingual-e5-large,0.9688967372600372
fry_Latn,mkd_Cyrl,jinaai/jina-embeddings-v3,0.9688835965759052
ell_Grek,xho_Latn,intfloat/multilingual-e5-large,0.9688612236827904
swh_Latn,yor_Latn,intfloat/multilingual-e5-large,0.9688544602522438
fin_Latn,bak_Cyrl,intfloat/multilingual-e5-large,0.968828387790574
ilo_Latn,jav_Latn,intfloat/multilingual-e5-large,0.9688112767733013
fry_Latn,urd_Arab,jinaai/jina-embeddings-v3,0.968806509558628
bel_Cyrl,kan_Knda,intfloat/multilingual-e5-large,0.9687885738346516
nya_Latn,tir_Ethi,intfloat/multilingual-e5-large,0.9687746637531623
heb_Hebr,eus_Latn,jinaai/jina-embeddings-v3,0.9687316878770856
khk_Cyrl,pol_Latn,intfloat/multilingual-e5-large,0.9687238571064132
twi_Latn,zul_Latn,intfloat/multilingual-e5-large,0.9687023502779842
hye_Armn,nya_Latn,intfloat/multilingual-e5-large,0.9687014593372216
mar_Deva,slv_Latn,intfloat/multilingual-e5-large,0.9686910178791523
tel_Telu,tha_Thai,jinaai/jina-embeddings-v3,0.968674067393648
ita_Latn,mlt_Latn,intfloat/multilingual-e5-large,0.9686674394360232
eus_Latn,deu_Latn,jinaai/jina-embeddings-v3,0.9686598324108469
mar_Deva,uzn_Latn,intfloat/multilingual-e5-large,0.9686441556249622
nno_Latn,xho_Latn,intfloat/multilingual-e5-large,0.968641538929187
lin_Latn,xho_Latn,intfloat/multilingual-e5-large,0.9686207647641129
ibo_Latn,zul_Latn,intfloat/multilingual-e5-large,0.9686149428245446
fry_Latn,srp_Cyrl,jinaai/jina-embeddings-v3,0.9685954856788326
hun_Latn,sna_Latn,intfloat/multilingual-e5-large,0.9685705017906262
deu_Latn,sna_Latn,intfloat/multilingual-e5-large,0.9685636989412062
ibo_Latn,swh_Latn,intfloat/multilingual-e5-large,0.9685617245984876
dan_Latn,som_Latn,intfloat/multilingual-e5-large,0.9685529743544604
hau_Latn,tgl_Latn,intfloat/multilingual-e5-large,0.9685261268995018
hun_Latn,pbt_Arab,intfloat/multilingual-e5-large,0.9684886597247612
spa_Latn,kmr_Latn,intfloat/multilingual-e5-large,0.968482856275785
ckb_Arab,rus_Cyrl,intfloat/multilingual-e5-large,0.9684759476951252
nno_Latn,tam_Taml,intfloat/multilingual-e5-large,0.9684675715623686
bho_Deva,kan_Knda,intfloat/multilingual-e5-large,0.968459701800127
bel_Cyrl,mar_Deva,intfloat/multilingual-e5-large,0.9684166973577956
fin_Latn,sun_Latn,intfloat/multilingual-e5-large,0.9683965916986994
pbt_Arab,srp_Cyrl,intfloat/multilingual-e5-large,0.96838976630788
guj_Gujr,isl_Latn,intfloat/multilingual-e5-large,0.9683845499228414
asm_Beng,snd_Arab,intfloat/multilingual-e5-large,0.9683657078212884
kaz_Cyrl,xho_Latn,intfloat/multilingual-e5-large,0.9683443503607002
jpn_Jpan,nno_Latn,intfloat/multilingual-e5-large,0.9683383091198678
lao_Laoo,pol_Latn,jinaai/jina-embeddings-v3,0.968335626600367
ron_Latn,sna_Latn,intfloat/multilingual-e5-large,0.9683158668368932
isl_Latn,tel_Telu,intfloat/multilingual-e5-large,0.9683035657310002
ron_Latn,tel_Telu,jinaai/jina-embeddings-v3,0.9682999691775862
mri_Latn,sin_Sinh,intfloat/multilingual-e5-large,0.9682952461925344
deu_Latn,xho_Latn,intfloat/multilingual-e5-large,0.9682945553366168
fra_Latn,nso_Latn,intfloat/multilingual-e5-large,0.9682892747992742
isl_Latn,mlt_Latn,intfloat/multilingual-e5-large,0.968276983111394
bak_Cyrl,ita_Latn,intfloat/multilingual-e5-large,0.9682588033224622
lin_Latn,sna_Latn,intfloat/multilingual-e5-large,0.9682469820905316
ibo_Latn,mal_Mlym,intfloat/multilingual-e5-large,0.9682414951073276
jpn_Jpan,mal_Mlym,intfloat/multilingual-e5-large,0.968224780126176
hat_Latn,kan_Knda,intfloat/multilingual-e5-large,0.968185711980332
amh_Ethi,mar_Deva,intfloat/multilingual-e5-large,0.968174668395196
bul_Cyrl,mlt_Latn,intfloat/multilingual-e5-large,0.9681624987528044
kin_Latn,sna_Latn,intfloat/multilingual-e5-large,0.9681429061685656
hat_Latn,tel_Telu,intfloat/multilingual-e5-large,0.9681358539230132
ind_Latn,plt_Latn,intfloat/multilingual-e5-large,0.968104596408441
ces_Latn,kan_Knda,intfloat/multilingual-e5-large,0.9680747381362426
afr_Latn,mlt_Latn,intfloat/multilingual-e5-large,0.968029277351036
ron_Latn,eus_Latn,intfloat/multilingual-e5-large,0.9680273640066518
uzn_Latn,hun_Latn,intfloat/multilingual-e5-large,0.9680063949995557
fra_Latn,tso_Latn,intfloat/multilingual-e5-large,0.9679999904448828
hun_Latn,eus_Latn,intfloat/multilingual-e5-large,0.9679999174029932
hat_Latn,ukr_Cyrl,intfloat/multilingual-e5-large,0.9679966469804872
tgk_Cyrl,tur_Latn,intfloat/multilingual-e5-large,0.9679811152524572
khk_Cyrl,tur_Latn,intfloat/multilingual-e5-large,0.9679797069981564
khm_Khmr,mar_Deva,intfloat/multilingual-e5-large,0.9679709293655876
fra_Latn,xho_Latn,intfloat/multilingual-e5-large,0.967935240148153
afr_Latn,nya_Latn,intfloat/multilingual-e5-large,0.9679202483343332
arz_Arab,ind_Latn,intfloat/multilingual-e5-large,0.9679143536253216
eus_Latn,spa_Latn,jinaai/jina-embeddings-v3,0.9679037921478648
azj_Latn,jpn_Jpan,intfloat/multilingual-e5-large,0.9679026064872854
plt_Latn,ron_Latn,intfloat/multilingual-e5-large,0.9678919798766812
ben_Beng,eus_Latn,intfloat/multilingual-e5-large,0.9678909004527554
hye_Armn,kan_Knda,intfloat/multilingual-e5-large,0.967890815430154
eus_Latn,heb_Hebr,jinaai/jina-embeddings-v3,0.9678788689058356
kan_Knda,pol_Latn,intfloat/multilingual-e5-large,0.9678632918326268
ron_Latn,som_Latn,intfloat/multilingual-e5-large,0.9678584046735034
snd_Arab,tha_Thai,jinaai/jina-embeddings-v3,0.9678405279150906
amh_Ethi,kan_Knda,intfloat/multilingual-e5-large,0.9678360190726624
bho_Deva,tam_Taml,intfloat/multilingual-e5-large,0.9678336678446456
ilo_Latn,sin_Sinh,intfloat/multilingual-e5-large,0.9678234318209936
eus_Latn,lvs_Latn,intfloat/multilingual-e5-large,0.9678155718698545
ces_Latn,eus_Latn,intfloat/multilingual-e5-large,0.9677991345578038
amh_Ethi,tso_Latn,intfloat/multilingual-e5-large,0.9677812677522364
cat_Latn,plt_Latn,intfloat/multilingual-e5-large,0.967743086805326
mya_Mymr,tam_Taml,intfloat/multilingual-e5-large,0.9677393637676652
spa_Latn,nya_Latn,intfloat/multilingual-e5-large,0.9677383092307812
lvs_Latn,xho_Latn,intfloat/multilingual-e5-large,0.9677353140614264
bul_Cyrl,nso_Latn,intfloat/multilingual-e5-large,0.9677139444125517
hat_Latn,swe_Latn,intfloat/multilingual-e5-large,0.9677069715883604
dan_Latn,sun_Latn,intfloat/multilingual-e5-large,0.967705429166202
kan_Knda,mkd_Cyrl,jinaai/jina-embeddings-v3,0.9676850771505792
ell_Grek,mar_Deva,intfloat/multilingual-e5-large,0.9676727876763592
amh_Ethi,swe_Latn,jinaai/jina-embeddings-v3,0.967667544745999
kaz_Cyrl,som_Latn,intfloat/multilingual-e5-large,0.9676511097248638
swh_Latn,tha_Thai,intfloat/multilingual-e5-large,0.9676472550132296
kmr_Latn,pan_Guru,intfloat/multilingual-e5-large,0.9676439224050964
ekk_Latn,kmr_Latn,intfloat/multilingual-e5-large,0.9676140793907148
kan_Knda,ukr_Cyrl,jinaai/jina-embeddings-v3,0.96761158419897
plt_Latn,mya_Mymr,intfloat/multilingual-e5-large,0.967602717025059
ben_Beng,yor_Latn,intfloat/multilingual-e5-large,0.9675933941156424
ind_Latn,xho_Latn,intfloat/multilingual-e5-large,0.9675838680153482
kat_Geor,xho_Latn,intfloat/multilingual-e5-large,0.9675342602779452
isl_Latn,kan_Knda,intfloat/multilingual-e5-large,0.967518706569732
jpn_Jpan,tha_Thai,intfloat/multilingual-e5-large,0.9675162930847152
glg_Latn,kan_Knda,intfloat/multilingual-e5-large,0.9674840874870284
afr_Latn,tel_Telu,jinaai/jina-embeddings-v3,0.9674731783757692
jpn_Jpan,jav_Latn,intfloat/multilingual-e5-large,0.9674546600126368
mar_Deva,tgk_Cyrl,intfloat/multilingual-e5-large,0.9674183094748084
lvs_Latn,tam_Taml,intfloat/multilingual-e5-large,0.9674069982066514
lao_Laoo,ukr_Cyrl,jinaai/jina-embeddings-v3,0.9673950435214006
lao_Laoo,srp_Cyrl,intfloat/multilingual-e5-large,0.9673669413789436
nso_Latn,xho_Latn,intfloat/multilingual-e5-large,0.967312842855645
tel_Telu,tgk_Cyrl,intfloat/multilingual-e5-large,0.9672958392774852
gle_Latn,tha_Thai,intfloat/multilingual-e5-large,0.9672906819116204
hau_Latn,sin_Sinh,intfloat/multilingual-e5-large,0.967267026830622
fra_Latn,eus_Latn,intfloat/multilingual-e5-large,0.967240346012674
rus_Cyrl,eus_Latn,intfloat/multilingual-e5-large,0.9672262379553044
hin_Deva,nya_Latn,intfloat/multilingual-e5-large,0.9672154417379076
gle_Latn,lvs_Latn,intfloat/multilingual-e5-large,0.967137315405658
eus_Latn,zul_Latn,intfloat/multilingual-e5-large,0.9671299659370778
eus_Latn,swh_Latn,intfloat/multilingual-e5-large,0.9671281543432864
arz_Arab,lvs_Latn,intfloat/multilingual-e5-large,0.967067975666169
spa_Latn,szl_Latn,intfloat/multilingual-e5-large,0.9670631026435524
dan_Latn,kmr_Latn,intfloat/multilingual-e5-large,0.9670576596947428
lit_Latn,mar_Deva,intfloat/multilingual-e5-large,0.967040039554258
nya_Latn,sun_Latn,intfloat/multilingual-e5-large,0.9670298959555318
eng_Latn,fry_Latn,jinaai/jina-embeddings-v3,0.967008526741865
cat_Latn,cym_Latn,intfloat/multilingual-e5-large,0.9670084073607595
sun_Latn,vie_Latn,intfloat/multilingual-e5-large,0.9669903608558515
cym_Latn,mar_Deva,intfloat/multilingual-e5-large,0.9669820399344002
kmr_Latn,mal_Mlym,intfloat/multilingual-e5-large,0.966948318110172
cym_Latn,ind_Latn,intfloat/multilingual-e5-large,0.966946524636741
heb_Hebr,mar_Deva,intfloat/multilingual-e5-large,0.9669459305900572
afr_Latn,asm_Beng,intfloat/multilingual-e5-large,0.9668528964438988
eus_Latn,fra_Latn,intfloat/multilingual-e5-large,0.9668464972544304
kir_Cyrl,swe_Latn,jinaai/jina-embeddings-v3,0.9668374165418128
ssw_Latn,tso_Latn,intfloat/multilingual-e5-large,0.9668341533618108
lvs_Latn,tel_Telu,intfloat/multilingual-e5-large,0.9668288252630104
eus_Latn,hne_Deva,intfloat/multilingual-e5-large,0.96682351456718
cat_Latn,kmr_Latn,intfloat/multilingual-e5-large,0.9667977421171748
eus_Latn,ces_Latn,intfloat/multilingual-e5-large,0.9667919071617636
eus_Latn,isl_Latn,intfloat/multilingual-e5-large,0.9667729149122486
heb_Hebr,xho_Latn,intfloat/multilingual-e5-large,0.9667523577389672
kat_Geor,som_Latn,intfloat/multilingual-e5-large,0.9667431388487276
hne_Deva,jpn_Jpan,intfloat/multilingual-e5-large,0.9667246362796714
dan_Latn,eus_Latn,intfloat/multilingual-e5-large,0.9667241327028568
eus_Latn,npi_Deva,intfloat/multilingual-e5-large,0.9667149395592782
hat_Latn,slk_Latn,intfloat/multilingual-e5-large,0.9666931526709044
arz_Arab,tam_Taml,intfloat/multilingual-e5-large,0.96668743870293
gle_Latn,tel_Telu,intfloat/multilingual-e5-large,0.966675741195187
kir_Cyrl,tam_Taml,intfloat/multilingual-e5-large,0.9666744104146524
lao_Laoo,slk_Latn,jinaai/jina-embeddings-v3,0.9666697254200698
rus_Cyrl,xho_Latn,intfloat/multilingual-e5-large,0.966625049748586
kan_Knda,uzn_Latn,intfloat/multilingual-e5-large,0.9666250373134786
eus_Latn,sun_Latn,intfloat/multilingual-e5-large,0.9665750617631772
khk_Cyrl,tha_Thai,intfloat/multilingual-e5-large,0.9665435721872988
isl_Latn,som_Latn,intfloat/multilingual-e5-large,0.9665270826715424
jpn_Jpan,lit_Latn,intfloat/multilingual-e5-large,0.9665269710258236
hau_Latn,zul_Latn,intfloat/multilingual-e5-large,0.9665220863087064
fry_Latn,tur_Latn,jinaai/jina-embeddings-v3,0.9665054327319884
lit_Latn,mlt_Latn,intfloat/multilingual-e5-large,0.9664958234779368
deu_Latn,eus_Latn,intfloat/multilingual-e5-large,0.966495264353817
ron_Latn,sun_Latn,intfloat/multilingual-e5-large,0.9664875912533992
cat_Latn,tam_Taml,intfloat/multilingual-e5-large,0.9664420308516946
lin_Latn,nso_Latn,intfloat/multilingual-e5-large,0.966372093377561
kan_Knda,tha_Thai,intfloat/multilingual-e5-large,0.9663716007828224
gle_Latn,slk_Latn,intfloat/multilingual-e5-large,0.9663583456616244
lit_Latn,jpn_Jpan,jinaai/jina-embeddings-v3,0.96634933492216
fry_Latn,isl_Latn,jinaai/jina-embeddings-v3,0.9663380090660164
amh_Ethi,nya_Latn,intfloat/multilingual-e5-large,0.9663315898203194
tgk_Cyrl,xho_Latn,intfloat/multilingual-e5-large,0.96630473562346
khk_Cyrl,tel_Telu,intfloat/multilingual-e5-large,0.9662995627682726
xho_Latn,fra_Latn,intfloat/multilingual-e5-large,0.9662841574572374
slk_Latn,eus_Latn,intfloat/multilingual-e5-large,0.9662660412929006
ita_Latn,kin_Latn,intfloat/multilingual-e5-large,0.9662533739759336
war_Latn,nld_Latn,intfloat/multilingual-e5-large,0.9662437326345236
kir_Cyrl,som_Latn,intfloat/multilingual-e5-large,0.9662281405459134
dan_Latn,sna_Latn,intfloat/multilingual-e5-large,0.9662138877375196
jpn_Jpan,lvs_Latn,intfloat/multilingual-e5-large,0.9661890989668572
kaz_Cyrl,mar_Deva,intfloat/multilingual-e5-large,0.9661697886734149
khk_Cyrl,slk_Latn,intfloat/multilingual-e5-large,0.9660726818368388
pbt_Arab,slk_Latn,jinaai/jina-embeddings-v3,0.9660688147890564
heb_Hebr,som_Latn,intfloat/multilingual-e5-large,0.966045893940202
hun_Latn,tam_Taml,intfloat/multilingual-e5-large,0.9660388306463664
lvs_Latn,mar_Deva,intfloat/multilingual-e5-large,0.966033153295301
pbt_Arab,ron_Latn,jinaai/jina-embeddings-v3,0.966029503309954
kan_Knda,ron_Latn,intfloat/multilingual-e5-large,0.9659691908745324
ibo_Latn,jav_Latn,intfloat/multilingual-e5-large,0.9659675558579988
glg_Latn,jpn_Jpan,intfloat/multilingual-e5-large,0.9659453091789107
pbt_Arab,swe_Latn,jinaai/jina-embeddings-v3,0.9659280787718618
fra_Latn,nya_Latn,intfloat/multilingual-e5-large,0.965923988797632
eus_Latn,gle_Latn,intfloat/multilingual-e5-large,0.9659142781630732
fry_Latn,tha_Thai,jinaai/jina-embeddings-v3,0.9659125491881474
asm_Beng,lit_Latn,intfloat/multilingual-e5-large,0.9659099854349172
kir_Cyrl,tel_Telu,intfloat/multilingual-e5-large,0.9659044219397562
guj_Gujr,hun_Latn,jinaai/jina-embeddings-v3,0.965900143998792
ceb_Latn,mar_Deva,intfloat/multilingual-e5-large,0.9658811160017254
spa_Latn,nso_Latn,intfloat/multilingual-e5-large,0.9658731759499544
plt_Latn,pol_Latn,intfloat/multilingual-e5-large,0.9658717723777244
ceb_Latn,tam_Taml,intfloat/multilingual-e5-large,0.9658371093506658
mar_Deva,ron_Latn,jinaai/jina-embeddings-v3,0.9658315196668544
ben_Beng,hau_Latn,intfloat/multilingual-e5-large,0.9658147902579765
deu_Latn,nso_Latn,intfloat/multilingual-e5-large,0.9658058690683298
asm_Beng,spa_Latn,intfloat/multilingual-e5-large,0.9658057396079794
fra_Latn,kmr_Latn,intfloat/multilingual-e5-large,0.9658012395424388
gle_Latn,mar_Deva,intfloat/multilingual-e5-large,0.9657955988333408
fry_Latn,hrv_Latn,jinaai/jina-embeddings-v3,0.9657762697617192
bak_Cyrl,ron_Latn,intfloat/multilingual-e5-large,0.9657615393264026
xho_Latn,spa_Latn,intfloat/multilingual-e5-large,0.965743234320734
afr_Latn,kan_Knda,jinaai/jina-embeddings-v3,0.965717969908018
kin_Latn,lin_Latn,intfloat/multilingual-e5-large,0.9656948262792882
lao_Laoo,tur_Latn,jinaai/jina-embeddings-v3,0.9656836203089132
spa_Latn,eus_Latn,intfloat/multilingual-e5-large,0.9656507725305286
fin_Latn,ckb_Arab,intfloat/multilingual-e5-large,0.9656055367243106
azj_Latn,eus_Latn,intfloat/multilingual-e5-large,0.9655804517430786
tir_Ethi,xho_Latn,intfloat/multilingual-e5-large,0.9655638302537098
ekk_Latn,tel_Telu,jinaai/jina-embeddings-v3,0.9655573619684016
fry_Latn,hun_Latn,jinaai/jina-embeddings-v3,0.9655426507910712
fry_Latn,ukr_Cyrl,jinaai/jina-embeddings-v3,0.9655267768004576
hun_Latn,xho_Latn,intfloat/multilingual-e5-large,0.965524607764348
khk_Cyrl,nld_Latn,intfloat/multilingual-e5-large,0.9655099921367216
kan_Knda,slv_Latn,intfloat/multilingual-e5-large,0.9654982449858084
swh_Latn,twi_Latn,intfloat/multilingual-e5-large,0.96548132705277
hau_Latn,als_Latn,intfloat/multilingual-e5-large,0.9654734642838186
kan_Knda,lit_Latn,jinaai/jina-embeddings-v3,0.9654621456264032
spa_Latn,som_Latn,intfloat/multilingual-e5-large,0.9654539419803227
hin_Deva,sun_Latn,intfloat/multilingual-e5-large,0.9654081152997068
gle_Latn,heb_Hebr,intfloat/multilingual-e5-large,0.9653827674179596
guj_Gujr,lvs_Latn,jinaai/jina-embeddings-v3,0.96527221544685
cym_Latn,eus_Latn,intfloat/multilingual-e5-large,0.965233105734394
ekk_Latn,kan_Knda,intfloat/multilingual-e5-large,0.965230665272152
npi_Deva,kin_Latn,intfloat/multilingual-e5-large,0.9652187275446242
eus_Latn,khm_Khmr,intfloat/multilingual-e5-large,0.96520285323405
hat_Latn,lvs_Latn,intfloat/multilingual-e5-large,0.965176612787854
als_Latn,yor_Latn,intfloat/multilingual-e5-large,0.9651517477818754
hun_Latn,plt_Latn,intfloat/multilingual-e5-large,0.9651310793601742
hau_Latn,urd_Arab,intfloat/multilingual-e5-large,0.9650345650606488
asm_Beng,rus_Cyrl,intfloat/multilingual-e5-large,0.9650190037741608
sin_Sinh,yor_Latn,intfloat/multilingual-e5-large,0.9650141827850442
kan_Knda,vie_Latn,intfloat/multilingual-e5-large,0.964989279946849
cat_Latn,som_Latn,intfloat/multilingual-e5-large,0.9649759858049012
kir_Cyrl,uig_Arab,intfloat/multilingual-e5-large,0.9649587272246752
cat_Latn,xho_Latn,intfloat/multilingual-e5-large,0.9649574978054614
kmr_Latn,kir_Cyrl,intfloat/multilingual-e5-large,0.9649273751626266
mar_Deva,sun_Latn,intfloat/multilingual-e5-large,0.9649246620445064
cat_Latn,sna_Latn,intfloat/multilingual-e5-large,0.9649200283211762
hun_Latn,sun_Latn,intfloat/multilingual-e5-large,0.9648488903758224
kin_Latn,tir_Ethi,intfloat/multilingual-e5-large,0.964846799375488
eus_Latn,fin_Latn,intfloat/multilingual-e5-large,0.964833380907101
ben_Beng,gla_Latn,intfloat/multilingual-e5-large,0.9648207352121084
heb_Hebr,sna_Latn,intfloat/multilingual-e5-large,0.9648100707094712
ibo_Latn,sot_Latn,intfloat/multilingual-e5-large,0.9647812450535206
hin_Deva,xho_Latn,intfloat/multilingual-e5-large,0.9647238608435372
mar_Deva,nya_Latn,intfloat/multilingual-e5-large,0.9646821810257968
hye_Armn,xho_Latn,intfloat/multilingual-e5-large,0.9646395388010336
fry_Latn,sin_Sinh,jinaai/jina-embeddings-v3,0.9646330682284456
fin_Latn,eus_Latn,intfloat/multilingual-e5-large,0.9646107682568096
fin_Latn,xho_Latn,intfloat/multilingual-e5-large,0.96459273944536
hye_Armn,som_Latn,intfloat/multilingual-e5-large,0.964564983011906
amh_Ethi,ukr_Cyrl,intfloat/multilingual-e5-large,0.9645574293047046
ceb_Latn,eus_Latn,intfloat/multilingual-e5-large,0.9645207025101812
heb_Hebr,sun_Latn,intfloat/multilingual-e5-large,0.9645022286781656
nld_Latn,ilo_Latn,intfloat/multilingual-e5-large,0.9644971165316598
lin_Latn,som_Latn,intfloat/multilingual-e5-large,0.9644878249744622
mlt_Latn,lvs_Latn,intfloat/multilingual-e5-large,0.9644758828495982
fin_Latn,pbt_Arab,intfloat/multilingual-e5-large,0.964415820973198
arz_Arab,hun_Latn,jinaai/jina-embeddings-v3,0.964402757339867
yor_Latn,zul_Latn,intfloat/multilingual-e5-large,0.9643921245974106
cym_Latn,kan_Knda,intfloat/multilingual-e5-large,0.9643910327420794
ell_Grek,eus_Latn,intfloat/multilingual-e5-large,0.9643717032586248
cym_Latn,nno_Latn,intfloat/multilingual-e5-large,0.96436937324927
amh_Ethi,ekk_Latn,intfloat/multilingual-e5-large,0.9643676171603572
kmr_Latn,pbt_Arab,intfloat/multilingual-e5-large,0.9643646068997356
eus_Latn,hun_Latn,jinaai/jina-embeddings-v3,0.964321879253014
cat_Latn,eus_Latn,intfloat/multilingual-e5-large,0.9642550899349052
som_Latn,tso_Latn,intfloat/multilingual-e5-large,0.96424307149049
kaz_Cyrl,nno_Latn,intfloat/multilingual-e5-large,0.9642122015055729
ell_Grek,som_Latn,intfloat/multilingual-e5-large,0.9641801414708324
amh_Ethi,hun_Latn,intfloat/multilingual-e5-large,0.9641309818083252
hun_Latn,ckb_Arab,intfloat/multilingual-e5-large,0.9641218946507834
arz_Arab,ekk_Latn,intfloat/multilingual-e5-large,0.9640302109418036
lao_Laoo,slv_Latn,intfloat/multilingual-e5-large,0.9640226753814092
war_Latn,spa_Latn,intfloat/multilingual-e5-large,0.9640028758471268
bak_Cyrl,pol_Latn,intfloat/multilingual-e5-large,0.9640025866954536
isl_Latn,pbt_Arab,intfloat/multilingual-e5-large,0.9639780378122436
deu_Latn,kmr_Latn,intfloat/multilingual-e5-large,0.9639406734917026
kmr_Latn,slv_Latn,intfloat/multilingual-e5-large,0.9639304842881972
isl_Latn,nya_Latn,intfloat/multilingual-e5-large,0.9639122855827578
mar_Deva,xho_Latn,intfloat/multilingual-e5-large,0.9639077776934402
cat_Latn,kan_Knda,intfloat/multilingual-e5-large,0.9638148226730784
nld_Latn,kin_Latn,intfloat/multilingual-e5-large,0.9637991367206824
ekk_Latn,som_Latn,intfloat/multilingual-e5-large,0.9637739160512202
ekk_Latn,mlt_Latn,intfloat/multilingual-e5-large,0.9637697922936938
mri_Latn,als_Latn,intfloat/multilingual-e5-large,0.9637408336279928
khm_Khmr,nya_Latn,intfloat/multilingual-e5-large,0.96373557819703
deu_Latn,nya_Latn,intfloat/multilingual-e5-large,0.9637256919744788
amh_Ethi,dan_Latn,intfloat/multilingual-e5-large,0.9637244580029308
glg_Latn,sun_Latn,intfloat/multilingual-e5-large,0.9637204850414316
nya_Latn,som_Latn,intfloat/multilingual-e5-large,0.9637058905071596
pbt_Arab,slv_Latn,jinaai/jina-embeddings-v3,0.9636986099381388
cym_Latn,tel_Telu,intfloat/multilingual-e5-large,0.96369813775246
hat_Latn,ind_Latn,intfloat/multilingual-e5-large,0.9636877246888704
plt_Latn,rus_Cyrl,intfloat/multilingual-e5-large,0.9636614969329796
cat_Latn,mar_Deva,jinaai/jina-embeddings-v3,0.9636245936399994
arz_Arab,tha_Thai,intfloat/multilingual-e5-large,0.9635968243969336
khk_Cyrl,tam_Taml,intfloat/multilingual-e5-large,0.9635432788630368
fry_Latn,ron_Latn,jinaai/jina-embeddings-v3,0.9635391074353786
bak_Cyrl,vie_Latn,intfloat/multilingual-e5-large,0.9635303622084346
fin_Latn,kmr_Latn,intfloat/multilingual-e5-large,0.9635008697307954
isl_Latn,mar_Deva,jinaai/jina-embeddings-v3,0.9634523521529802
fra_Latn,mlt_Latn,intfloat/multilingual-e5-large,0.9634512696068066
jpn_Jpan,tel_Telu,intfloat/multilingual-e5-large,0.9633818144744236
ekk_Latn,jpn_Jpan,intfloat/multilingual-e5-large,0.963377654632766
asm_Beng,nld_Latn,intfloat/multilingual-e5-large,0.9633658339564688
fin_Latn,som_Latn,intfloat/multilingual-e5-large,0.9633518608635704
pbt_Arab,tur_Latn,jinaai/jina-embeddings-v3,0.9633262177228352
eng_Latn,yor_Latn,intfloat/multilingual-e5-large,0.9632327761374462
ibo_Latn,khm_Khmr,intfloat/multilingual-e5-large,0.9632057930360038
plt_Latn,tel_Telu,intfloat/multilingual-e5-large,0.9632056718990196
bak_Cyrl,slv_Latn,intfloat/multilingual-e5-large,0.9631032024108478
ind_Latn,som_Latn,intfloat/multilingual-e5-large,0.9630993739121776
bak_Cyrl,ell_Grek,intfloat/multilingual-e5-large,0.9630888920827604
apc_Arab,urd_Arab,intfloat/multilingual-e5-large,0.9630232444332932
ilo_Latn,urd_Arab,intfloat/multilingual-e5-large,0.9630189572647492
heb_Hebr,kmr_Latn,intfloat/multilingual-e5-large,0.9630116905443904
xho_Latn,tur_Latn,intfloat/multilingual-e5-large,0.9630046680998856
jpn_Jpan,kaz_Cyrl,intfloat/multilingual-e5-large,0.962980110453066
afr_Latn,jpn_Jpan,jinaai/jina-embeddings-v3,0.9629779001820206
plt_Latn,slk_Latn,intfloat/multilingual-e5-large,0.9629270255811446
nya_Latn,rus_Cyrl,intfloat/multilingual-e5-large,0.9629156287436152
hun_Latn,snd_Arab,intfloat/multilingual-e5-large,0.9628767938756928
plt_Latn,vie_Latn,intfloat/multilingual-e5-large,0.9628692569501192
isl_Latn,tam_Taml,intfloat/multilingual-e5-large,0.9628184506371832
fin_Latn,sna_Latn,intfloat/multilingual-e5-large,0.962722849996012
fry_Latn,glg_Latn,jinaai/jina-embeddings-v3,0.962663186476456
kir_Cyrl,mar_Deva,intfloat/multilingual-e5-large,0.9626430380159848
ell_Grek,kmr_Latn,intfloat/multilingual-e5-large,0.9626315135646564
lao_Laoo,tel_Telu,intfloat/multilingual-e5-large,0.9626293627343248
slk_Latn,mlt_Latn,intfloat/multilingual-e5-large,0.9626165067486468
rus_Cyrl,mlt_Latn,intfloat/multilingual-e5-large,0.9626151090713346
deu_Latn,kea_Latn,intfloat/multilingual-e5-large,0.962610175106238
jpn_Jpan,pan_Guru,intfloat/multilingual-e5-large,0.9626039083304349
nya_Latn,tel_Telu,intfloat/multilingual-e5-large,0.9625915025618624
plt_Latn,nld_Latn,intfloat/multilingual-e5-large,0.9625780711857332
hun_Latn,som_Latn,intfloat/multilingual-e5-large,0.9625570289065608
lao_Laoo,ron_Latn,jinaai/jina-embeddings-v3,0.9625360813865562
ita_Latn,ilo_Latn,intfloat/multilingual-e5-large,0.962535046595351
jpn_Jpan,npi_Deva,intfloat/multilingual-e5-large,0.9624729599561448
urd_Arab,yor_Latn,intfloat/multilingual-e5-large,0.9624548590883484
uzn_Latn,ind_Latn,intfloat/multilingual-e5-large,0.9624301891818948
fry_Latn,heb_Hebr,jinaai/jina-embeddings-v3,0.9624263247849444
hun_Latn,mar_Deva,jinaai/jina-embeddings-v3,0.9624213201061452
bak_Cyrl,fin_Latn,intfloat/multilingual-e5-large,0.9622720067187972
afr_Latn,eus_Latn,intfloat/multilingual-e5-large,0.9622619380165992
mar_Deva,sna_Latn,intfloat/multilingual-e5-large,0.9622549610322176
eus_Latn,tha_Thai,jinaai/jina-embeddings-v3,0.962233272337992
hun_Latn,kmr_Latn,intfloat/multilingual-e5-large,0.9622148244402824
som_Latn,sun_Latn,intfloat/multilingual-e5-large,0.962210230769846
hin_Deva,sna_Latn,intfloat/multilingual-e5-large,0.9621818765551232
hat_Latn,mri_Latn,intfloat/multilingual-e5-large,0.962167724765018
npi_Deva,nno_Latn,intfloat/multilingual-e5-large,0.9621446322599768
isl_Latn,eus_Latn,intfloat/multilingual-e5-large,0.9621240752749158
kin_Latn,xho_Latn,intfloat/multilingual-e5-large,0.9620223387448614
bel_Cyrl,kin_Latn,intfloat/multilingual-e5-large,0.9619990010457944
lvs_Latn,som_Latn,intfloat/multilingual-e5-large,0.96199815841812
khm_Khmr,nno_Latn,jinaai/jina-embeddings-v3,0.9619754401945444
deu_Latn,fry_Latn,jinaai/jina-embeddings-v3,0.961941348523223
arz_Arab,mar_Deva,intfloat/multilingual-e5-large,0.9619238959616128
eus_Latn,dan_Latn,jinaai/jina-embeddings-v3,0.9619046398072936
fra_Latn,lij_Latn,intfloat/multilingual-e5-large,0.9618922001972352
bak_Cyrl,deu_Latn,intfloat/multilingual-e5-large,0.96184482623443
fry_Latn,ind_Latn,jinaai/jina-embeddings-v3,0.9617961402946764
guj_Gujr,jpn_Jpan,jinaai/jina-embeddings-v3,0.9617019033552612
lvs_Latn,nya_Latn,intfloat/multilingual-e5-large,0.9616262604116196
arz_Arab,fin_Latn,jinaai/jina-embeddings-v3,0.9616115717268784
bak_Cyrl,nld_Latn,intfloat/multilingual-e5-large,0.9615489976254864
uzn_Latn,xho_Latn,intfloat/multilingual-e5-large,0.961529745801055
nya_Latn,tso_Latn,intfloat/multilingual-e5-large,0.9615190175640996
lvs_Latn,mlt_Latn,intfloat/multilingual-e5-large,0.9615164063895124
mal_Mlym,kin_Latn,intfloat/multilingual-e5-large,0.9615119215923614
kat_Geor,nya_Latn,intfloat/multilingual-e5-large,0.9614979461730048
khk_Cyrl,mar_Deva,intfloat/multilingual-e5-large,0.9614874361744294
fin_Latn,nya_Latn,intfloat/multilingual-e5-large,0.9614844846846232
mlt_Latn,fra_Latn,intfloat/multilingual-e5-large,0.9614659883876682
mar_Deva,pbt_Arab,intfloat/multilingual-e5-large,0.961431619798755
ind_Latn,eus_Latn,intfloat/multilingual-e5-large,0.961401419931858
fry_Latn,hin_Deva,jinaai/jina-embeddings-v3,0.9613966695308732
gle_Latn,kan_Knda,intfloat/multilingual-e5-large,0.9613764570449208
guj_Gujr,nno_Latn,jinaai/jina-embeddings-v3,0.9613459641781976
sna_Latn,srp_Cyrl,intfloat/multilingual-e5-large,0.9613064308864524
xho_Latn,pol_Latn,intfloat/multilingual-e5-large,0.9613026148314776
asm_Beng,xho_Latn,intfloat/multilingual-e5-large,0.9612743696584448
tsn_Latn,yor_Latn,intfloat/multilingual-e5-large,0.9612738538038168
bel_Cyrl,eus_Latn,intfloat/multilingual-e5-large,0.9612356285689884
hat_Latn,hun_Latn,intfloat/multilingual-e5-large,0.9612291040719226
sun_Latn,xho_Latn,intfloat/multilingual-e5-large,0.9612145175895797
gle_Latn,hun_Latn,intfloat/multilingual-e5-large,0.961198173547858
plt_Latn,mar_Deva,intfloat/multilingual-e5-large,0.9611654122279742
afr_Latn,nso_Latn,intfloat/multilingual-e5-large,0.961148334922534
mya_Mymr,som_Latn,intfloat/multilingual-e5-large,0.9610950654766814
ibo_Latn,xho_Latn,intfloat/multilingual-e5-large,0.9610543506235606
ces_Latn,nso_Latn,intfloat/multilingual-e5-large,0.96099028630021
cym_Latn,uig_Arab,intfloat/multilingual-e5-large,0.9609240501976516
kan_Knda,lvs_Latn,intfloat/multilingual-e5-large,0.9608732688600372
amh_Ethi,fin_Latn,intfloat/multilingual-e5-large,0.960851278878182
ekk_Latn,fry_Latn,jinaai/jina-embeddings-v3,0.9607343739056702
arz_Arab,xho_Latn,intfloat/multilingual-e5-large,0.9607021781845708
eng_Latn,azb_Arab,intfloat/multilingual-e5-large,0.9606982356370998
asm_Beng,pol_Latn,intfloat/multilingual-e5-large,0.96063485824839
kin_Latn,ita_Latn,intfloat/multilingual-e5-large,0.9605946298042316
eus_Latn,ind_Latn,intfloat/multilingual-e5-large,0.960535871314112
bul_Cyrl,fry_Latn,jinaai/jina-embeddings-v3,0.9604875439460364
bel_Cyrl,ilo_Latn,intfloat/multilingual-e5-large,0.9604500508981154
ell_Grek,nso_Latn,intfloat/multilingual-e5-large,0.9604204131497835
ell_Grek,nya_Latn,intfloat/multilingual-e5-large,0.9604184243492252
fra_Latn,ssw_Latn,intfloat/multilingual-e5-large,0.960410896513172
jpn_Jpan,kan_Knda,intfloat/multilingual-e5-large,0.960375012081114
nso_Latn,nya_Latn,intfloat/multilingual-e5-large,0.9603441315231144
lin_Latn,nya_Latn,intfloat/multilingual-e5-large,0.960335800554692
hat_Latn,tha_Thai,intfloat/multilingual-e5-large,0.9603317856076224
gla_Latn,hrv_Latn,intfloat/multilingual-e5-large,0.9603079466441746
ind_Latn,kmr_Latn,intfloat/multilingual-e5-large,0.9603062454179936
apc_Arab,eng_Latn,intfloat/multilingual-e5-large,0.960293073513576
eus_Latn,snd_Arab,intfloat/multilingual-e5-large,0.9602861259963608
bak_Cyrl,tur_Latn,intfloat/multilingual-e5-large,0.9602722577405876
hau_Latn,hrv_Latn,intfloat/multilingual-e5-large,0.9602396830406216
kmr_Latn,mkd_Cyrl,intfloat/multilingual-e5-large,0.9602293817206816
deu_Latn,fao_Latn,intfloat/multilingual-e5-large,0.9602045612995092
ekk_Latn,nya_Latn,intfloat/multilingual-e5-large,0.9601969032698808
amh_Ethi,twi_Latn,intfloat/multilingual-e5-large,0.9601586337465936
tam_Taml,xho_Latn,intfloat/multilingual-e5-large,0.9600946284629388
pbt_Arab,vie_Latn,jinaai/jina-embeddings-v3,0.9600940966168698
ind_Latn,nya_Latn,intfloat/multilingual-e5-large,0.960088053864004
sot_Latn,yor_Latn,intfloat/multilingual-e5-large,0.9600817853010288
tsn_Latn,vie_Latn,intfloat/multilingual-e5-large,0.9600784904890152
nso_Latn,tso_Latn,intfloat/multilingual-e5-large,0.9600128540493807
eus_Latn,guj_Gujr,intfloat/multilingual-e5-large,0.9598181859090432
ell_Grek,sna_Latn,intfloat/multilingual-e5-large,0.959816577522726
nya_Latn,srp_Cyrl,intfloat/multilingual-e5-large,0.9597820876118912
som_Latn,srp_Cyrl,intfloat/multilingual-e5-large,0.9597650743840176
amh_Ethi,kin_Latn,intfloat/multilingual-e5-large,0.9597413482952124
mya_Mymr,xho_Latn,intfloat/multilingual-e5-large,0.9596961601866264
xho_Latn,rus_Cyrl,intfloat/multilingual-e5-large,0.9596908988382984
hun_Latn,nya_Latn,intfloat/multilingual-e5-large,0.9596361001093474
bel_Cyrl,jpn_Jpan,intfloat/multilingual-e5-large,0.9596237989516088
jpn_Jpan,tam_Taml,intfloat/multilingual-e5-large,0.959618962349065
afr_Latn,tso_Latn,intfloat/multilingual-e5-large,0.9596035877834992
glg_Latn,mlt_Latn,intfloat/multilingual-e5-large,0.9596019932729504
khk_Cyrl,swe_Latn,intfloat/multilingual-e5-large,0.9595950896482408
asm_Beng,tha_Thai,intfloat/multilingual-e5-large,0.9595304903149742
ell_Grek,mlt_Latn,intfloat/multilingual-e5-large,0.9594531556207698
mlt_Latn,slv_Latn,intfloat/multilingual-e5-large,0.9594381754191992
eus_Latn,hin_Deva,intfloat/multilingual-e5-large,0.9594183362318832
ibo_Latn,kaz_Cyrl,intfloat/multilingual-e5-large,0.9593920504447434
szl_Latn,tur_Latn,intfloat/multilingual-e5-large,0.9593519007646716
som_Latn,tel_Telu,intfloat/multilingual-e5-large,0.9593395936388082
ilo_Latn,mal_Mlym,intfloat/multilingual-e5-large,0.9593296610103104
fra_Latn,kin_Latn,intfloat/multilingual-e5-large,0.959321836838061
mya_Mymr,sun_Latn,intfloat/multilingual-e5-large,0.9593144925495164
hrv_Latn,yor_Latn,intfloat/multilingual-e5-large,0.9593017534882806
ces_Latn,mlt_Latn,intfloat/multilingual-e5-large,0.959244996759506
hin_Deva,som_Latn,intfloat/multilingual-e5-large,0.9592086839017748
fin_Latn,fry_Latn,jinaai/jina-embeddings-v3,0.9591946338811338
plt_Latn,tur_Latn,intfloat/multilingual-e5-large,0.9591588962885887
kin_Latn,nso_Latn,intfloat/multilingual-e5-large,0.9590944147843774
xho_Latn,nld_Latn,intfloat/multilingual-e5-large,0.9590799073290311
ibo_Latn,tsn_Latn,intfloat/multilingual-e5-large,0.959069762844088
sot_Latn,twi_Latn,intfloat/multilingual-e5-large,0.959052392595236
deu_Latn,mlt_Latn,intfloat/multilingual-e5-large,0.9590042506537088
mya_Mymr,pbt_Arab,intfloat/multilingual-e5-large,0.9589185291566408
ibo_Latn,kat_Geor,intfloat/multilingual-e5-large,0.958702974610933
cat_Latn,nya_Latn,intfloat/multilingual-e5-large,0.958688698882282
pbt_Arab,ukr_Cyrl,jinaai/jina-embeddings-v3,0.9586238129009744
ind_Latn,mlt_Latn,intfloat/multilingual-e5-large,0.9586158044205376
pbt_Arab,rus_Cyrl,jinaai/jina-embeddings-v3,0.9585987510689424
uig_Arab,uzn_Latn,intfloat/multilingual-e5-large,0.9585669993246958
bos_Latn,hau_Latn,intfloat/multilingual-e5-large,0.9584843533994364
hat_Latn,tam_Taml,intfloat/multilingual-e5-large,0.9584216994694812
hun_Latn,mlt_Latn,intfloat/multilingual-e5-large,0.9583628897025244
nso_Latn,som_Latn,intfloat/multilingual-e5-large,0.9583607234723828
jpn_Jpan,kat_Geor,intfloat/multilingual-e5-large,0.9583270544161208
kin_Latn,fra_Latn,intfloat/multilingual-e5-large,0.9583203863490508
gle_Latn,ind_Latn,intfloat/multilingual-e5-large,0.9582703458554912
nld_Latn,hau_Latn,intfloat/multilingual-e5-large,0.9582518371541732
guj_Gujr,xho_Latn,intfloat/multilingual-e5-large,0.9582365260012832
lit_Latn,kin_Latn,intfloat/multilingual-e5-large,0.9582072066755442
ces_Latn,fry_Latn,jinaai/jina-embeddings-v3,0.9581442601981728
lin_Latn,ita_Latn,intfloat/multilingual-e5-large,0.958132715904964
lao_Laoo,lit_Latn,jinaai/jina-embeddings-v3,0.9581031600132888
ita_Latn,mri_Latn,intfloat/multilingual-e5-large,0.9580746527087276
dan_Latn,nso_Latn,intfloat/multilingual-e5-large,0.958067064555001
fry_Latn,kat_Geor,jinaai/jina-embeddings-v3,0.9579936306296204
mlt_Latn,ron_Latn,intfloat/multilingual-e5-large,0.9579900109974846
eus_Latn,tel_Telu,intfloat/multilingual-e5-large,0.9579010796356258
hin_Deva,eus_Latn,intfloat/multilingual-e5-large,0.9578967457424256
ilo_Latn,sun_Latn,intfloat/multilingual-e5-large,0.9578787387457122
kmr_Latn,pol_Latn,intfloat/multilingual-e5-large,0.9578498842736524
lin_Latn,tso_Latn,intfloat/multilingual-e5-large,0.9577858680908792
cat_Latn,jpn_Jpan,jinaai/jina-embeddings-v3,0.9577238706184245
fra_Latn,fry_Latn,jinaai/jina-embeddings-v3,0.9576785329574063
lao_Laoo,mar_Deva,intfloat/multilingual-e5-large,0.95762861807025
asm_Beng,ell_Grek,intfloat/multilingual-e5-large,0.9576134775672492
heb_Hebr,nso_Latn,intfloat/multilingual-e5-large,0.9575908844645556
kan_Knda,xho_Latn,intfloat/multilingual-e5-large,0.9575890618295396
amh_Ethi,ind_Latn,intfloat/multilingual-e5-large,0.9575663913492972
hye_Armn,jpn_Jpan,jinaai/jina-embeddings-v3,0.95751434041765
spa_Latn,mlt_Latn,intfloat/multilingual-e5-large,0.9575056430835416
spa_Latn,ilo_Latn,intfloat/multilingual-e5-large,0.9574873987605323
fry_Latn,kaz_Cyrl,jinaai/jina-embeddings-v3,0.9574356556898188
gle_Latn,ukr_Cyrl,intfloat/multilingual-e5-large,0.9574311157730933
ben_Beng,fry_Latn,jinaai/jina-embeddings-v3,0.9574270141140026
nya_Latn,vie_Latn,intfloat/multilingual-e5-large,0.957415443689512
hau_Latn,jav_Latn,intfloat/multilingual-e5-large,0.9573742174070798
sna_Latn,rus_Cyrl,intfloat/multilingual-e5-large,0.9573454010556636
asm_Beng,cat_Latn,intfloat/multilingual-e5-large,0.9572847637352332
hau_Latn,swh_Latn,intfloat/multilingual-e5-large,0.9572065882810974
kin_Latn,nya_Latn,intfloat/multilingual-e5-large,0.9571958119332956
fry_Latn,lvs_Latn,jinaai/jina-embeddings-v3,0.957189068236562
kin_Latn,som_Latn,intfloat/multilingual-e5-large,0.9571774149783828
lin_Latn,twi_Latn,intfloat/multilingual-e5-large,0.9571441987848844
mlt_Latn,rus_Cyrl,intfloat/multilingual-e5-large,0.9571246779008794
plt_Latn,mri_Latn,intfloat/multilingual-e5-large,0.9570971186915336
eus_Latn,mya_Mymr,intfloat/multilingual-e5-large,0.9570758080207156
tgk_Cyrl,tha_Thai,intfloat/multilingual-e5-large,0.9570619180118743
jpn_Jpan,afr_Latn,intfloat/multilingual-e5-large,0.9570297270751696
plt_Latn,tam_Taml,intfloat/multilingual-e5-large,0.9569015889431036
kin_Latn,tso_Latn,intfloat/multilingual-e5-large,0.9568853935291638
apc_Arab,lit_Latn,jinaai/jina-embeddings-v3,0.956861663879774
eus_Latn,xho_Latn,intfloat/multilingual-e5-large,0.956843076172547
kin_Latn,srp_Cyrl,intfloat/multilingual-e5-large,0.9568076703639256
sun_Latn,tha_Thai,intfloat/multilingual-e5-large,0.9567963925812872
mar_Deva,som_Latn,intfloat/multilingual-e5-large,0.9567876173785984
pbt_Arab,tam_Taml,intfloat/multilingual-e5-large,0.9567842240731728
fin_Latn,nso_Latn,intfloat/multilingual-e5-large,0.9567025400778316
pbt_Arab,tha_Thai,jinaai/jina-embeddings-v3,0.9566742432156032
ilo_Latn,plt_Latn,intfloat/multilingual-e5-large,0.9566275683216796
spa_Latn,lij_Latn,intfloat/multilingual-e5-large,0.9566010912820774
isl_Latn,jpn_Jpan,jinaai/jina-embeddings-v3,0.9565878031588808
nya_Latn,tam_Taml,intfloat/multilingual-e5-large,0.9565570139975144
lao_Laoo,lvs_Latn,jinaai/jina-embeddings-v3,0.9565182536772884
nya_Latn,slv_Latn,intfloat/multilingual-e5-large,0.9565000921543516
sun_Latn,tur_Latn,intfloat/multilingual-e5-large,0.9563931782307652
asm_Beng,ukr_Cyrl,intfloat/multilingual-e5-large,0.9563650445529835
tsn_Latn,twi_Latn,intfloat/multilingual-e5-large,0.9563415911383571
som_Latn,tur_Latn,intfloat/multilingual-e5-large,0.9563367712841184
pol_Latn,kin_Latn,intfloat/multilingual-e5-large,0.9563080822429382
dan_Latn,nya_Latn,intfloat/multilingual-e5-large,0.9562977581252649
amh_Ethi,eus_Latn,intfloat/multilingual-e5-large,0.9562301057197996
eus_Latn,tam_Taml,intfloat/multilingual-e5-large,0.9561643989402528
bul_Cyrl,fao_Latn,intfloat/multilingual-e5-large,0.9561269798208826
xho_Latn,ron_Latn,intfloat/multilingual-e5-large,0.956099933207389
tel_Telu,xho_Latn,intfloat/multilingual-e5-large,0.9560843888794852
tat_Cyrl,uig_Arab,intfloat/multilingual-e5-large,0.9560694777681432
kmr_Latn,xho_Latn,intfloat/multilingual-e5-large,0.9560529044698324
hin_Deva,mlt_Latn,intfloat/multilingual-e5-large,0.9559673668384482
hin_Deva,kmr_Latn,intfloat/multilingual-e5-large,0.955957432173337
kmr_Latn,rus_Cyrl,intfloat/multilingual-e5-large,0.9558689969931188
afr_Latn,lim_Latn,intfloat/multilingual-e5-large,0.9558216812813844
sun_Latn,ukr_Cyrl,intfloat/multilingual-e5-large,0.9555723594088597
apc_Arab,ben_Beng,intfloat/multilingual-e5-large,0.955538489891173
amh_Ethi,mri_Latn,intfloat/multilingual-e5-large,0.9554961840325608
sna_Latn,tel_Telu,intfloat/multilingual-e5-large,0.9554921634574246
hrv_Latn,scn_Latn,intfloat/multilingual-e5-large,0.9554338237584808
kin_Latn,vie_Latn,intfloat/multilingual-e5-large,0.955419651210043
hau_Latn,mal_Mlym,intfloat/multilingual-e5-large,0.9553535323019818
apc_Arab,hrv_Latn,intfloat/multilingual-e5-large,0.955321672917804
plt_Latn,swe_Latn,intfloat/multilingual-e5-large,0.9552974929665784
rus_Cyrl,kin_Latn,intfloat/multilingual-e5-large,0.9552957706360444
nno_Latn,kin_Latn,intfloat/multilingual-e5-large,0.955219281116744
sna_Latn,twi_Latn,intfloat/multilingual-e5-large,0.9552041830144874
bel_Cyrl,ibo_Latn,intfloat/multilingual-e5-large,0.9551954382091468
mlt_Latn,srp_Cyrl,intfloat/multilingual-e5-large,0.9551736628580892
hrv_Latn,lim_Latn,intfloat/multilingual-e5-large,0.9551647874671054
cym_Latn,kin_Latn,intfloat/multilingual-e5-large,0.9551466786746504
cym_Latn,ibo_Latn,intfloat/multilingual-e5-large,0.9550717778199904
bul_Cyrl,ilo_Latn,intfloat/multilingual-e5-large,0.9550333529525656
asm_Beng,tur_Latn,intfloat/multilingual-e5-large,0.954973403076452
fra_Latn,fao_Latn,intfloat/multilingual-e5-large,0.9549567554050952
nya_Latn,pol_Latn,intfloat/multilingual-e5-large,0.9548974726556833
lit_Latn,mri_Latn,intfloat/multilingual-e5-large,0.9548818450473202
kin_Latn,ssw_Latn,intfloat/multilingual-e5-large,0.9548693943548606
jpn_Jpan,mya_Mymr,intfloat/multilingual-e5-large,0.9547773893758658
bak_Cyrl,tha_Thai,intfloat/multilingual-e5-large,0.9547523084729952
fra_Latn,ibo_Latn,intfloat/multilingual-e5-large,0.9547473203905736
bel_Cyrl,fry_Latn,jinaai/jina-embeddings-v3,0.954672624625644
sun_Latn,swe_Latn,intfloat/multilingual-e5-large,0.9546237720125308
afr_Latn,mri_Latn,intfloat/multilingual-e5-large,0.954568134136304
hin_Deva,kin_Latn,intfloat/multilingual-e5-large,0.9545173892412728
ckb_Arab,spa_Latn,intfloat/multilingual-e5-large,0.9544841647473784
kmr_Latn,srp_Cyrl,intfloat/multilingual-e5-large,0.9544751478549284
sun_Latn,tel_Telu,intfloat/multilingual-e5-large,0.954402962155976
asm_Beng,slk_Latn,intfloat/multilingual-e5-large,0.9543763797027848
arz_Arab,eus_Latn,intfloat/multilingual-e5-large,0.9543175358656074
fry_Latn,mal_Mlym,jinaai/jina-embeddings-v3,0.9543154756721748
twi_Latn,xho_Latn,intfloat/multilingual-e5-large,0.9542907833133422
ces_Latn,ilo_Latn,intfloat/multilingual-e5-large,0.9542524611628792
bul_Cyrl,ibo_Latn,intfloat/multilingual-e5-large,0.9542065131487012
lao_Laoo,tam_Taml,intfloat/multilingual-e5-large,0.9542064199959956
mlt_Latn,spa_Latn,intfloat/multilingual-e5-large,0.9541982034760198
spa_Latn,fry_Latn,jinaai/jina-embeddings-v3,0.9541432843087956
jpn_Jpan,swh_Latn,intfloat/multilingual-e5-large,0.954080602878062
hat_Latn,ibo_Latn,intfloat/multilingual-e5-large,0.9540188581502504
ibo_Latn,som_Latn,intfloat/multilingual-e5-large,0.9540076306809332
tsn_Latn,tur_Latn,intfloat/multilingual-e5-large,0.9540003732203616
som_Latn,vie_Latn,intfloat/multilingual-e5-large,0.9539780503575448
jpn_Jpan,khm_Khmr,jinaai/jina-embeddings-v3,0.9539329556959396
asm_Beng,vie_Latn,intfloat/multilingual-e5-large,0.9539102255335696
eus_Latn,kan_Knda,intfloat/multilingual-e5-large,0.953849564945776
asm_Beng,ron_Latn,intfloat/multilingual-e5-large,0.953826685130227
amh_Ethi,yor_Latn,intfloat/multilingual-e5-large,0.9538099515997642
spa_Latn,fao_Latn,intfloat/multilingual-e5-large,0.9537195827855424
kan_Knda,plt_Latn,intfloat/multilingual-e5-large,0.9537062285568628
afr_Latn,kin_Latn,intfloat/multilingual-e5-large,0.95368781517666
asm_Beng,deu_Latn,intfloat/multilingual-e5-large,0.9535920429688456
fra_Latn,ilo_Latn,intfloat/multilingual-e5-large,0.9535808141602038
isl_Latn,mri_Latn,intfloat/multilingual-e5-large,0.9535542466763964
mlt_Latn,lit_Latn,intfloat/multilingual-e5-large,0.9534983436272964
amh_Ethi,nno_Latn,intfloat/multilingual-e5-large,0.9534142232677516
eus_Latn,nno_Latn,intfloat/multilingual-e5-large,0.953393471675224
bel_Cyrl,mri_Latn,intfloat/multilingual-e5-large,0.9533653188953268
fao_Latn,rus_Cyrl,intfloat/multilingual-e5-large,0.9533327832818148
eus_Latn,mar_Deva,intfloat/multilingual-e5-large,0.953326939153884
hau_Latn,tsn_Latn,intfloat/multilingual-e5-large,0.9532218998195452
nso_Latn,rus_Cyrl,intfloat/multilingual-e5-large,0.9531811557567458
som_Latn,tam_Taml,intfloat/multilingual-e5-large,0.9531766553984008
apc_Arab,tur_Latn,jinaai/jina-embeddings-v3,0.9531160276100497
apc_Arab,rus_Cyrl,jinaai/jina-embeddings-v3,0.9530853291575668
ceb_Latn,hau_Latn,intfloat/multilingual-e5-large,0.9530830738052054
ekk_Latn,kin_Latn,intfloat/multilingual-e5-large,0.9530508218951532
apc_Arab,ron_Latn,jinaai/jina-embeddings-v3,0.952994939987836
mar_Deva,nno_Latn,intfloat/multilingual-e5-large,0.9529508731942702
mai_Deva,nno_Latn,intfloat/multilingual-e5-large,0.9529452216858312
hau_Latn,khm_Khmr,intfloat/multilingual-e5-large,0.9528919166445474
jpn_Jpan,mar_Deva,intfloat/multilingual-e5-large,0.952879553069084
ckb_Arab,nld_Latn,intfloat/multilingual-e5-large,0.952801129353208
mal_Mlym,yor_Latn,intfloat/multilingual-e5-large,0.952693004102678
xho_Latn,yor_Latn,intfloat/multilingual-e5-large,0.9526898215443677
mri_Latn,urd_Arab,intfloat/multilingual-e5-large,0.952499571389966
fry_Latn,tgl_Latn,jinaai/jina-embeddings-v3,0.952425565508495
ibo_Latn,sna_Latn,intfloat/multilingual-e5-large,0.9524168179251524
plt_Latn,tha_Thai,intfloat/multilingual-e5-large,0.9524093660707014
lin_Latn,rus_Cyrl,intfloat/multilingual-e5-large,0.952400212706203
ilo_Latn,ita_Latn,intfloat/multilingual-e5-large,0.9523916699317212
asm_Beng,slv_Latn,intfloat/multilingual-e5-large,0.9523857107993324
bak_Cyrl,slk_Latn,intfloat/multilingual-e5-large,0.9523577633535524
ita_Latn,hau_Latn,intfloat/multilingual-e5-large,0.9523214509767928
pbt_Arab,tel_Telu,intfloat/multilingual-e5-large,0.9522352791189052
jpn_Jpan,khk_Cyrl,intfloat/multilingual-e5-large,0.9521940827357676
apc_Arab,heb_Hebr,jinaai/jina-embeddings-v3,0.9521896056582208
apc_Arab,swe_Latn,jinaai/jina-embeddings-v3,0.9521814200866304
ckb_Arab,pol_Latn,intfloat/multilingual-e5-large,0.9521374557954464
bak_Cyrl,ces_Latn,intfloat/multilingual-e5-large,0.9521360783475652
cat_Latn,fry_Latn,jinaai/jina-embeddings-v3,0.9520955797700272
cat_Latn,mlt_Latn,intfloat/multilingual-e5-large,0.9520442458278542
jpn_Jpan,lao_Laoo,intfloat/multilingual-e5-large,0.9520353886964392
apc_Arab,bul_Cyrl,jinaai/jina-embeddings-v3,0.952028243800366
apc_Arab,fra_Latn,jinaai/jina-embeddings-v3,0.9520112306140844
apc_Arab,nld_Latn,jinaai/jina-embeddings-v3,0.952002168779804
dan_Latn,mlt_Latn,intfloat/multilingual-e5-large,0.9519877210510276
spa_Latn,kin_Latn,intfloat/multilingual-e5-large,0.9519207358201872
asm_Beng,heb_Hebr,intfloat/multilingual-e5-large,0.9518958201132276
kmr_Latn,vie_Latn,intfloat/multilingual-e5-large,0.9518946327276874
deu_Latn,kin_Latn,intfloat/multilingual-e5-large,0.9518657287761352
ell_Grek,fry_Latn,jinaai/jina-embeddings-v3,0.9518290076822714
hau_Latn,sot_Latn,intfloat/multilingual-e5-large,0.951748471145072
mlt_Latn,pol_Latn,intfloat/multilingual-e5-large,0.9517126590623434
bak_Cyrl,dan_Latn,intfloat/multilingual-e5-large,0.9517049669401156
kmr_Latn,ron_Latn,intfloat/multilingual-e5-large,0.9516685218001792
hye_Armn,mri_Latn,intfloat/multilingual-e5-large,0.9516314577717536
fao_Latn,fra_Latn,intfloat/multilingual-e5-large,0.9515856165361756
mlt_Latn,nld_Latn,intfloat/multilingual-e5-large,0.9515299653824826
mlt_Latn,slk_Latn,intfloat/multilingual-e5-large,0.9514576947276308
spa_Latn,ibo_Latn,intfloat/multilingual-e5-large,0.951399139548341
jpn_Jpan,kir_Cyrl,intfloat/multilingual-e5-large,0.951355591816719
cym_Latn,yor_Latn,intfloat/multilingual-e5-large,0.951004920120192
eng_Latn,lim_Latn,intfloat/multilingual-e5-large,0.9509667879633832
apc_Arab,ita_Latn,jinaai/jina-embeddings-v3,0.9509413223267034
bak_Cyrl,uig_Arab,intfloat/multilingual-e5-large,0.9508580336722768
kan_Knda,som_Latn,intfloat/multilingual-e5-large,0.9507832004586504
deu_Latn,hau_Latn,intfloat/multilingual-e5-large,0.950770061570006
heb_Hebr,mlt_Latn,intfloat/multilingual-e5-large,0.9507502503300906
azb_Arab,eng_Latn,intfloat/multilingual-e5-large,0.9503941816151454
apc_Arab,deu_Latn,jinaai/jina-embeddings-v3,0.9503502495765822
mlt_Latn,vie_Latn,intfloat/multilingual-e5-large,0.9502468673453562
asm_Beng,swe_Latn,intfloat/multilingual-e5-large,0.9502134831380404
ces_Latn,kin_Latn,intfloat/multilingual-e5-large,0.9501767055210456
lin_Latn,pol_Latn,intfloat/multilingual-e5-large,0.9501242692137368
eus_Latn,mlt_Latn,intfloat/multilingual-e5-large,0.9501143878221204
kaz_Cyrl,yor_Latn,intfloat/multilingual-e5-large,0.9500719727515288
kmr_Latn,tur_Latn,intfloat/multilingual-e5-large,0.9500390268416384
fra_Latn,gaz_Latn,intfloat/multilingual-e5-large,0.9500186729344298
ibo_Latn,nya_Latn,intfloat/multilingual-e5-large,0.94999957576332
bak_Cyrl,swe_Latn,intfloat/multilingual-e5-large,0.9499922214906312
ibo_Latn,mya_Mymr,intfloat/multilingual-e5-large,0.9499904975774944
ibo_Latn,ita_Latn,intfloat/multilingual-e5-large,0.9499207903385576
eng_Latn,tpi_Latn,intfloat/multilingual-e5-large,0.9498621644497344
som_Latn,yor_Latn,intfloat/multilingual-e5-large,0.9498125195741982
apc_Arab,mkd_Cyrl,jinaai/jina-embeddings-v3,0.9497687686721148
fra_Latn,gla_Latn,intfloat/multilingual-e5-large,0.949642511798746
eng_Latn,scn_Latn,intfloat/multilingual-e5-large,0.949515296970222
sna_Latn,vie_Latn,intfloat/multilingual-e5-large,0.9495088674071588
gle_Latn,hau_Latn,intfloat/multilingual-e5-large,0.9494531812884056
kmr_Latn,nld_Latn,intfloat/multilingual-e5-large,0.9494299531408312
apc_Arab,pol_Latn,intfloat/multilingual-e5-large,0.9493251963277194
apc_Arab,bos_Latn,intfloat/multilingual-e5-large,0.9492578290188768
bul_Cyrl,kin_Latn,intfloat/multilingual-e5-large,0.9492339277271586
bak_Cyrl,heb_Hebr,intfloat/multilingual-e5-large,0.9491910782357575
bos_Latn,fry_Latn,jinaai/jina-embeddings-v3,0.949076884275726
deu_Latn,ilo_Latn,intfloat/multilingual-e5-large,0.949051547593702
apc_Arab,slk_Latn,jinaai/jina-embeddings-v3,0.9489792840943304
kmr_Latn,lit_Latn,intfloat/multilingual-e5-large,0.9488712078133328
plt_Latn,ukr_Cyrl,intfloat/multilingual-e5-large,0.9488706192647502
dan_Latn,fao_Latn,intfloat/multilingual-e5-large,0.9488239466196816
ibo_Latn,nso_Latn,intfloat/multilingual-e5-large,0.9487914796080426
dan_Latn,kin_Latn,intfloat/multilingual-e5-large,0.9487507364270834
sun_Latn,tam_Taml,intfloat/multilingual-e5-large,0.9487323220457616
asm_Beng,isl_Latn,intfloat/multilingual-e5-large,0.94867094020285
jpn_Jpan,uzn_Latn,intfloat/multilingual-e5-large,0.9486448978302712
deu_Latn,ibo_Latn,intfloat/multilingual-e5-large,0.9486366075289058
afr_Latn,ibo_Latn,intfloat/multilingual-e5-large,0.9485808810763794
pol_Latn,ilo_Latn,intfloat/multilingual-e5-large,0.9485755355690272
hau_Latn,hye_Armn,intfloat/multilingual-e5-large,0.9485685090202284
afr_Latn,twi_Latn,intfloat/multilingual-e5-large,0.9484949286909616
kin_Latn,pol_Latn,intfloat/multilingual-e5-large,0.9484643993744444
guj_Gujr,kmr_Latn,intfloat/multilingual-e5-large,0.9484443678374214
hau_Latn,hat_Latn,intfloat/multilingual-e5-large,0.948328272860614
hau_Latn,kat_Geor,intfloat/multilingual-e5-large,0.9482647913997384
sna_Latn,yor_Latn,intfloat/multilingual-e5-large,0.9482537754426262
bel_Cyrl,hau_Latn,intfloat/multilingual-e5-large,0.948224645680952
xho_Latn,swe_Latn,intfloat/multilingual-e5-large,0.9482243301224011
ceb_Latn,jpn_Jpan,intfloat/multilingual-e5-large,0.9481909591162976
ell_Grek,ilo_Latn,intfloat/multilingual-e5-large,0.9481835669465488
hat_Latn,yor_Latn,intfloat/multilingual-e5-large,0.948179070963896
kmr_Latn,lvs_Latn,intfloat/multilingual-e5-large,0.948150626842546
hau_Latn,xho_Latn,intfloat/multilingual-e5-large,0.9481285667682754
lin_Latn,tur_Latn,intfloat/multilingual-e5-large,0.9481227397113456
hau_Latn,tgk_Cyrl,intfloat/multilingual-e5-large,0.948022352048356
spa_Latn,hau_Latn,intfloat/multilingual-e5-large,0.9479322672110526
cat_Latn,ilo_Latn,intfloat/multilingual-e5-large,0.9479185725175912
gle_Latn,nno_Latn,intfloat/multilingual-e5-large,0.947875567808173
fao_Latn,nld_Latn,jinaai/jina-embeddings-v3,0.9478660259066906
ces_Latn,ibo_Latn,intfloat/multilingual-e5-large,0.947776506428011
nya_Latn,tur_Latn,intfloat/multilingual-e5-large,0.9477540555014644
hau_Latn,zsm_Latn,intfloat/multilingual-e5-large,0.9477531873108292
kin_Latn,rus_Cyrl,intfloat/multilingual-e5-large,0.9477197437659404
ita_Latn,yor_Latn,intfloat/multilingual-e5-large,0.9476899079828216
tir_Ethi,tso_Latn,intfloat/multilingual-e5-large,0.9476626392386474
hun_Latn,kin_Latn,intfloat/multilingual-e5-large,0.947631235004202
apc_Arab,spa_Latn,jinaai/jina-embeddings-v3,0.9475802803401506
jpn_Jpan,zul_Latn,intfloat/multilingual-e5-large,0.947547812394284
ell_Grek,kin_Latn,intfloat/multilingual-e5-large,0.9474928583296672
ilo_Latn,fra_Latn,intfloat/multilingual-e5-large,0.9474825633654108
eus_Latn,kin_Latn,intfloat/multilingual-e5-large,0.94740153086055
ibo_Latn,vie_Latn,intfloat/multilingual-e5-large,0.9473829204694392
apc_Arab,tha_Thai,jinaai/jina-embeddings-v3,0.947346248791152
nno_Latn,nso_Latn,intfloat/multilingual-e5-large,0.9472962772995002
afr_Latn,yor_Latn,intfloat/multilingual-e5-large,0.9472572607902152
uzn_Latn,jpn_Jpan,intfloat/multilingual-e5-large,0.947235636156978
asm_Beng,ces_Latn,intfloat/multilingual-e5-large,0.9471811924246814
fao_Latn,swe_Latn,jinaai/jina-embeddings-v3,0.9471478013351556
hin_Deva,ilo_Latn,intfloat/multilingual-e5-large,0.9471401607971592
apc_Arab,ukr_Cyrl,jinaai/jina-embeddings-v3,0.947101237448696
hau_Latn,som_Latn,intfloat/multilingual-e5-large,0.9469584200107692
fao_Latn,ita_Latn,intfloat/multilingual-e5-large,0.9469387023491228
apc_Arab,vie_Latn,jinaai/jina-embeddings-v3,0.9469314309556548
amh_Ethi,ibo_Latn,intfloat/multilingual-e5-large,0.9469306261578352
fin_Latn,kin_Latn,intfloat/multilingual-e5-large,0.9468573446299748
bak_Cyrl,hun_Latn,intfloat/multilingual-e5-large,0.9468551971327168
cym_Latn,hau_Latn,intfloat/multilingual-e5-large,0.9466115941764208
afr_Latn,gaz_Latn,intfloat/multilingual-e5-large,0.9465040897446628
kin_Latn,spa_Latn,intfloat/multilingual-e5-large,0.9464770478693992
xho_Latn,ukr_Cyrl,intfloat/multilingual-e5-large,0.946460551414224
apc_Arab,ell_Grek,jinaai/jina-embeddings-v3,0.9462180523874422
fry_Latn,tam_Taml,jinaai/jina-embeddings-v3,0.9461959837878882
bel_Cyrl,yor_Latn,intfloat/multilingual-e5-large,0.9461253745562448
nya_Latn,twi_Latn,intfloat/multilingual-e5-large,0.946120601201782
ces_Latn,hau_Latn,intfloat/multilingual-e5-large,0.946098878084819
khm_Khmr,yor_Latn,intfloat/multilingual-e5-large,0.9460584875009024
ilo_Latn,mkd_Cyrl,intfloat/multilingual-e5-large,0.9460546572332096
ron_Latn,kin_Latn,intfloat/multilingual-e5-large,0.9459348120768428
bul_Cyrl,gla_Latn,intfloat/multilingual-e5-large,0.9458135270869132
ilo_Latn,spa_Latn,intfloat/multilingual-e5-large,0.945661792895614
apc_Arab,ces_Latn,jinaai/jina-embeddings-v3,0.9456414465938526
asm_Beng,dan_Latn,intfloat/multilingual-e5-large,0.9456215227780298
asm_Beng,eus_Latn,intfloat/multilingual-e5-large,0.9456120026580886
kat_Geor,mri_Latn,intfloat/multilingual-e5-large,0.945592042414167
nya_Latn,ron_Latn,intfloat/multilingual-e5-large,0.94550228592624
eus_Latn,jpn_Jpan,intfloat/multilingual-e5-large,0.9454010163036408
sna_Latn,tur_Latn,intfloat/multilingual-e5-large,0.9452705162748664
nld_Latn,yor_Latn,intfloat/multilingual-e5-large,0.9452577423204744
fin_Latn,mlt_Latn,intfloat/multilingual-e5-large,0.9452501500791318
mkd_Cyrl,yor_Latn,intfloat/multilingual-e5-large,0.9452300096743724
glg_Latn,ilo_Latn,intfloat/multilingual-e5-large,0.9451550515405356
fry_Latn,tel_Telu,jinaai/jina-embeddings-v3,0.9450790127632096
apc_Arab,dan_Latn,jinaai/jina-embeddings-v3,0.945051771617635
apc_Arab,slv_Latn,intfloat/multilingual-e5-large,0.9450180706930668
ibo_Latn,sun_Latn,intfloat/multilingual-e5-large,0.9449821754553968
dan_Latn,ibo_Latn,intfloat/multilingual-e5-large,0.9449307517759812
fao_Latn,srp_Cyrl,intfloat/multilingual-e5-large,0.944922014097742
tso_Latn,twi_Latn,intfloat/multilingual-e5-large,0.944898394124568
tir_Ethi,twi_Latn,intfloat/multilingual-e5-large,0.9446415034722002
apc_Arab,fin_Latn,jinaai/jina-embeddings-v3,0.9445679650643456
hun_Latn,ibo_Latn,intfloat/multilingual-e5-large,0.9445181715297514
rus_Cyrl,yor_Latn,intfloat/multilingual-e5-large,0.9444697625287668
asm_Beng,ind_Latn,intfloat/multilingual-e5-large,0.9444491563777588
fra_Latn,twi_Latn,intfloat/multilingual-e5-large,0.9443609270965828
jpn_Jpan,tgk_Cyrl,intfloat/multilingual-e5-large,0.9443525682159843
hye_Armn,ibo_Latn,intfloat/multilingual-e5-large,0.9443067728696118
cat_Latn,kin_Latn,intfloat/multilingual-e5-large,0.9442590583755852
cat_Latn,ibo_Latn,intfloat/multilingual-e5-large,0.9442507041627362
guj_Gujr,kin_Latn,intfloat/multilingual-e5-large,0.9442272219997848
apc_Arab,ekk_Latn,jinaai/jina-embeddings-v3,0.9441440856423832
fry_Latn,mar_Deva,jinaai/jina-embeddings-v3,0.9441326774720988
hau_Latn,kaz_Cyrl,intfloat/multilingual-e5-large,0.944066062226387
heb_Hebr,ilo_Latn,intfloat/multilingual-e5-large,0.9440483090669728
ibo_Latn,rus_Cyrl,intfloat/multilingual-e5-large,0.9439263240049902
fin_Latn,ibo_Latn,intfloat/multilingual-e5-large,0.9438750528121232
kin_Latn,slv_Latn,intfloat/multilingual-e5-large,0.9437971826503504
som_Latn,twi_Latn,intfloat/multilingual-e5-large,0.943719322953666
ind_Latn,kin_Latn,intfloat/multilingual-e5-large,0.9436985547601044
dan_Latn,ilo_Latn,intfloat/multilingual-e5-large,0.9436445259799752
fra_Latn,mri_Latn,intfloat/multilingual-e5-large,0.9435192119329664
jpn_Jpan,sun_Latn,intfloat/multilingual-e5-large,0.943479894586636
asm_Beng,kin_Latn,intfloat/multilingual-e5-large,0.94340137090656
hau_Latn,sna_Latn,intfloat/multilingual-e5-large,0.9432797187079736
fra_Latn,hau_Latn,intfloat/multilingual-e5-large,0.9432599789287476
bul_Cyrl,mri_Latn,intfloat/multilingual-e5-large,0.9431921464979008
ckb_Arab,vie_Latn,intfloat/multilingual-e5-large,0.9431188616509992
ckb_Arab,ron_Latn,intfloat/multilingual-e5-large,0.9429953341332902
kin_Latn,nld_Latn,intfloat/multilingual-e5-large,0.9427770498130692
ibo_Latn,srp_Cyrl,intfloat/multilingual-e5-large,0.9427270820427226
ilo_Latn,srp_Cyrl,intfloat/multilingual-e5-large,0.9426121676442344
glg_Latn,hau_Latn,intfloat/multilingual-e5-large,0.9424563966101565
mlt_Latn,tur_Latn,intfloat/multilingual-e5-large,0.9424350121132024
nso_Latn,pol_Latn,intfloat/multilingual-e5-large,0.9424304504884972
pol_Latn,hau_Latn,intfloat/multilingual-e5-large,0.9424154635352112
mri_Latn,mal_Mlym,intfloat/multilingual-e5-large,0.9423389965294842
bak_Cyrl,ind_Latn,intfloat/multilingual-e5-large,0.9423351878331926
lin_Latn,vie_Latn,intfloat/multilingual-e5-large,0.9423277087703602
hau_Latn,tir_Ethi,intfloat/multilingual-e5-large,0.9422863439769532
bel_Cyrl,lim_Latn,intfloat/multilingual-e5-large,0.9422442081501372
fra_Latn,yor_Latn,intfloat/multilingual-e5-large,0.9422439816173366
mri_Latn,war_Latn,intfloat/multilingual-e5-large,0.9422060886056676
hin_Deva,ibo_Latn,intfloat/multilingual-e5-large,0.9421619665245994
nya_Latn,yor_Latn,intfloat/multilingual-e5-large,0.9421242621582938
nso_Latn,yor_Latn,intfloat/multilingual-e5-large,0.9421041850015124
spa_Latn,mri_Latn,intfloat/multilingual-e5-large,0.942085523640264
srp_Cyrl,yor_Latn,intfloat/multilingual-e5-large,0.9420719623432012
tso_Latn,yor_Latn,intfloat/multilingual-e5-large,0.942059649894443
arz_Arab,jpn_Jpan,intfloat/multilingual-e5-large,0.942039501901772
ces_Latn,fao_Latn,intfloat/multilingual-e5-large,0.9418541358085328
ckb_Arab,tur_Latn,intfloat/multilingual-e5-large,0.9417976446701506
kmr_Latn,tam_Taml,intfloat/multilingual-e5-large,0.9417365491430684
azj_Latn,hau_Latn,intfloat/multilingual-e5-large,0.9417300624763896
ibo_Latn,yor_Latn,intfloat/multilingual-e5-large,0.9417099355340598
afr_Latn,hau_Latn,intfloat/multilingual-e5-large,0.9416808088662032
heb_Hebr,hau_Latn,intfloat/multilingual-e5-large,0.9416560906720254
ibo_Latn,twi_Latn,intfloat/multilingual-e5-large,0.9415899710751624
spa_Latn,gla_Latn,intfloat/multilingual-e5-large,0.9415492301835886
eus_Latn,ilo_Latn,intfloat/multilingual-e5-large,0.9415047136788895
lit_Latn,yor_Latn,intfloat/multilingual-e5-large,0.9414004571613734
bul_Cyrl,hau_Latn,intfloat/multilingual-e5-large,0.9412853862929726
bos_Latn,lim_Latn,intfloat/multilingual-e5-large,0.941221431318272
jpn_Jpan,pbt_Arab,intfloat/multilingual-e5-large,0.9411712104188767
mkd_Cyrl,lim_Latn,intfloat/multilingual-e5-large,0.9411599086173824
ilo_Latn,slv_Latn,intfloat/multilingual-e5-large,0.9411011327018168
mlt_Latn,swe_Latn,intfloat/multilingual-e5-large,0.9410863727480192
kmr_Latn,mar_Deva,intfloat/multilingual-e5-large,0.9410580153978176
ind_Latn,ilo_Latn,intfloat/multilingual-e5-large,0.941050798523049
dan_Latn,hau_Latn,intfloat/multilingual-e5-large,0.940955979715207
kin_Latn,tur_Latn,intfloat/multilingual-e5-large,0.9409474211838064
nso_Latn,ron_Latn,intfloat/multilingual-e5-large,0.9408556909822114
heb_Hebr,kin_Latn,intfloat/multilingual-e5-large,0.9408397652396728
ekk_Latn,hau_Latn,intfloat/multilingual-e5-large,0.9408333006339952
amh_Ethi,jpn_Jpan,intfloat/multilingual-e5-large,0.9408088286611754
ekk_Latn,ibo_Latn,intfloat/multilingual-e5-large,0.9407120811791716
apc_Arab,hin_Deva,jinaai/jina-embeddings-v3,0.9406211004040792
nya_Latn,slk_Latn,intfloat/multilingual-e5-large,0.9405339552603978
lvs_Latn,mri_Latn,intfloat/multilingual-e5-large,0.94050049148749
cym_Latn,jpn_Jpan,intfloat/multilingual-e5-large,0.9404327108498428
asm_Beng,hun_Latn,intfloat/multilingual-e5-large,0.9402936553105063
kmr_Latn,tel_Telu,intfloat/multilingual-e5-large,0.9402816884436466
som_Latn,swe_Latn,intfloat/multilingual-e5-large,0.9401836543248896
mri_Latn,xho_Latn,intfloat/multilingual-e5-large,0.9399750503794426
eus_Latn,fry_Latn,jinaai/jina-embeddings-v3,0.9399612739869186
fao_Latn,slk_Latn,jinaai/jina-embeddings-v3,0.9398903476673884
cym_Latn,lim_Latn,intfloat/multilingual-e5-large,0.93982261892456
ell_Grek,fao_Latn,intfloat/multilingual-e5-large,0.9398025138622584
apc_Arab,ind_Latn,jinaai/jina-embeddings-v3,0.9395039751783713
spa_Latn,yor_Latn,intfloat/multilingual-e5-large,0.9393110521064664
lim_Latn,hrv_Latn,intfloat/multilingual-e5-large,0.9390921656579564
nso_Latn,twi_Latn,intfloat/multilingual-e5-large,0.9390126612284616
kmr_Latn,ukr_Cyrl,intfloat/multilingual-e5-large,0.9389280354427229
ben_Beng,lim_Latn,intfloat/multilingual-e5-large,0.9388642979262912
lin_Latn,yor_Latn,intfloat/multilingual-e5-large,0.938840619498717
fao_Latn,slv_Latn,intfloat/multilingual-e5-large,0.9388372075353244
ell_Grek,ibo_Latn,intfloat/multilingual-e5-large,0.9388105916537792
kin_Latn,twi_Latn,intfloat/multilingual-e5-large,0.9386978962330828
hin_Deva,mri_Latn,intfloat/multilingual-e5-large,0.9386833775845068
slv_Latn,yor_Latn,intfloat/multilingual-e5-large,0.9386618928196654
gla_Latn,hin_Deva,intfloat/multilingual-e5-large,0.9386328274831564
hau_Latn,rus_Cyrl,intfloat/multilingual-e5-large,0.9386236827598216
heb_Hebr,ibo_Latn,intfloat/multilingual-e5-large,0.9385805118434672
amh_Ethi,hau_Latn,intfloat/multilingual-e5-large,0.9385462588012472
fao_Latn,mkd_Cyrl,jinaai/jina-embeddings-v3,0.9385205485328862
spa_Latn,scn_Latn,intfloat/multilingual-e5-large,0.9385088800268876
ilo_Latn,slk_Latn,intfloat/multilingual-e5-large,0.9384081943426724
sna_Latn,ukr_Cyrl,intfloat/multilingual-e5-large,0.9382572970044868
ilo_Latn,pol_Latn,intfloat/multilingual-e5-large,0.938223676116107
hau_Latn,nya_Latn,intfloat/multilingual-e5-large,0.938191887142818
som_Latn,tha_Thai,intfloat/multilingual-e5-large,0.9381861095715416
kin_Latn,yor_Latn,intfloat/multilingual-e5-large,0.9381582050060054
ibo_Latn,tso_Latn,intfloat/multilingual-e5-large,0.9379753532253972
ilo_Latn,lao_Laoo,intfloat/multilingual-e5-large,0.9379179657441392
tsn_Latn,ukr_Cyrl,intfloat/multilingual-e5-large,0.9373750792432862
hau_Latn,sun_Latn,intfloat/multilingual-e5-large,0.937363334017592
fao_Latn,ukr_Cyrl,jinaai/jina-embeddings-v3,0.9371038361955302
jpn_Jpan,snd_Arab,intfloat/multilingual-e5-large,0.9370899556183162
hau_Latn,snd_Arab,intfloat/multilingual-e5-large,0.9370808223688596
ilo_Latn,lit_Latn,intfloat/multilingual-e5-large,0.9370442941969036
mlt_Latn,ukr_Cyrl,intfloat/multilingual-e5-large,0.9369605813232984
hau_Latn,hin_Deva,intfloat/multilingual-e5-large,0.9368274243324116
lin_Latn,ron_Latn,intfloat/multilingual-e5-large,0.936750794012288
ilo_Latn,isl_Latn,intfloat/multilingual-e5-large,0.9366903396511768
fao_Latn,pol_Latn,jinaai/jina-embeddings-v3,0.9365931845125128
mri_Latn,sun_Latn,intfloat/multilingual-e5-large,0.9365066748450066
som_Latn,ukr_Cyrl,intfloat/multilingual-e5-large,0.9364161047525992
kin_Latn,swe_Latn,intfloat/multilingual-e5-large,0.9362654691735494
fin_Latn,ilo_Latn,intfloat/multilingual-e5-large,0.9362602602128104
vie_Latn,yor_Latn,intfloat/multilingual-e5-large,0.9361830380854378
hau_Latn,mya_Mymr,intfloat/multilingual-e5-large,0.9361698645766944
kin_Latn,ron_Latn,intfloat/multilingual-e5-large,0.9360239333179086
bul_Cyrl,yor_Latn,intfloat/multilingual-e5-large,0.9358819513515148
hau_Latn,ita_Latn,intfloat/multilingual-e5-large,0.935849828322035
ekk_Latn,mri_Latn,intfloat/multilingual-e5-large,0.9358014573320772
hye_Armn,yor_Latn,intfloat/multilingual-e5-large,0.9357862345680342
ibo_Latn,mar_Deva,intfloat/multilingual-e5-large,0.9357646442762344
cat_Latn,yor_Latn,intfloat/multilingual-e5-large,0.935706667846822
fin_Latn,fao_Latn,intfloat/multilingual-e5-large,0.9356770608264656
ssw_Latn,tur_Latn,intfloat/multilingual-e5-large,0.935518234238737
apc_Arab,hun_Latn,jinaai/jina-embeddings-v3,0.9353807329701666
hau_Latn,nso_Latn,intfloat/multilingual-e5-large,0.935357452807298
ilo_Latn,vie_Latn,intfloat/multilingual-e5-large,0.9353272575554336
fry_Latn,jpn_Jpan,jinaai/jina-embeddings-v3,0.9351950091410206
lin_Latn,nld_Latn,intfloat/multilingual-e5-large,0.935005845301256
ibo_Latn,lit_Latn,intfloat/multilingual-e5-large,0.9349711514868966
fao_Latn,ron_Latn,jinaai/jina-embeddings-v3,0.9349184469846696
ces_Latn,gla_Latn,intfloat/multilingual-e5-large,0.9345952654188492
gla_Latn,rus_Cyrl,intfloat/multilingual-e5-large,0.9345786747419904
kmr_Latn,slk_Latn,intfloat/multilingual-e5-large,0.9345646462166148
glg_Latn,ibo_Latn,intfloat/multilingual-e5-large,0.934482763265887
nya_Latn,ukr_Cyrl,intfloat/multilingual-e5-large,0.9344646315325612
isl_Latn,yor_Latn,intfloat/multilingual-e5-large,0.934178393364556
hau_Latn,isl_Latn,intfloat/multilingual-e5-large,0.9338830085730648
mlt_Latn,tha_Thai,intfloat/multilingual-e5-large,0.933843198941194
hau_Latn,mkd_Cyrl,intfloat/multilingual-e5-large,0.933745204152116
tir_Ethi,yor_Latn,intfloat/multilingual-e5-large,0.9336509429901716
tur_Latn,yor_Latn,intfloat/multilingual-e5-large,0.933388127057578
pol_Latn,yor_Latn,intfloat/multilingual-e5-large,0.9332882201320224
isl_Latn,lim_Latn,intfloat/multilingual-e5-large,0.9330962228134296
bul_Cyrl,scn_Latn,intfloat/multilingual-e5-large,0.9329992076042004
gla_Latn,mkd_Cyrl,intfloat/multilingual-e5-large,0.9328441374100944
jpn_Jpan,plt_Latn,intfloat/multilingual-e5-large,0.9328079308825918
lim_Latn,tgl_Latn,intfloat/multilingual-e5-large,0.9327042384695988
kmr_Latn,swe_Latn,intfloat/multilingual-e5-large,0.932657911019293
lvs_Latn,yor_Latn,intfloat/multilingual-e5-large,0.9326402976475412
ces_Latn,mri_Latn,intfloat/multilingual-e5-large,0.9324525611897218
ibo_Latn,tel_Telu,intfloat/multilingual-e5-large,0.9323896794449946
fao_Latn,tur_Latn,jinaai/jina-embeddings-v3,0.9322711124302032
eng_Latn,roh_Latn,intfloat/multilingual-e5-large,0.93218174846236
hun_Latn,ilo_Latn,intfloat/multilingual-e5-large,0.932034112838536
lim_Latn,eng_Latn,intfloat/multilingual-e5-large,0.9317992626212966
hau_Latn,tel_Telu,intfloat/multilingual-e5-large,0.93162235104146
lit_Latn,lim_Latn,intfloat/multilingual-e5-large,0.9315883273641602
asm_Beng,fin_Latn,intfloat/multilingual-e5-large,0.93156100440475
hau_Latn,mar_Deva,intfloat/multilingual-e5-large,0.931405801828785
mya_Mymr,yor_Latn,intfloat/multilingual-e5-large,0.9313251321099486
kat_Geor,yor_Latn,intfloat/multilingual-e5-large,0.9311373886623486
gla_Latn,ita_Latn,intfloat/multilingual-e5-large,0.9310876361315744
kmr_Latn,tha_Thai,intfloat/multilingual-e5-large,0.9308604825927812
sna_Latn,tha_Thai,intfloat/multilingual-e5-large,0.9307173203570644
swe_Latn,yor_Latn,intfloat/multilingual-e5-large,0.9306690609328052
mri_Latn,mya_Mymr,intfloat/multilingual-e5-large,0.9306139325248272
sun_Latn,yor_Latn,intfloat/multilingual-e5-large,0.9305160965607296
ind_Latn,ibo_Latn,intfloat/multilingual-e5-large,0.930511643794021
ell_Grek,hau_Latn,intfloat/multilingual-e5-large,0.9302500129008408
cat_Latn,mri_Latn,intfloat/multilingual-e5-large,0.9299873291332807
cat_Latn,hau_Latn,intfloat/multilingual-e5-large,0.9299427732156756
eng_Latn,ktu_Latn,intfloat/multilingual-e5-large,0.9299057715414252
ilo_Latn,rus_Cyrl,intfloat/multilingual-e5-large,0.929827380082036
hau_Latn,lin_Latn,intfloat/multilingual-e5-large,0.929745516808212
fra_Latn,scn_Latn,intfloat/multilingual-e5-large,0.9296848939165074
deu_Latn,mri_Latn,intfloat/multilingual-e5-large,0.929653301583922
tel_Telu,yor_Latn,intfloat/multilingual-e5-large,0.9296288390954316
hin_Deva,yor_Latn,intfloat/multilingual-e5-large,0.9295556416561188
ilo_Latn,mri_Latn,intfloat/multilingual-e5-large,0.929482650161482
hau_Latn,srp_Cyrl,intfloat/multilingual-e5-large,0.9294043751521704
ckb_Arab,ukr_Cyrl,intfloat/multilingual-e5-large,0.9292105544747165
gle_Latn,jpn_Jpan,intfloat/multilingual-e5-large,0.9291796768784488
gla_Latn,lit_Latn,intfloat/multilingual-e5-large,0.9291727861695116
ita_Latn,lim_Latn,intfloat/multilingual-e5-large,0.9291361417001484
sna_Latn,swe_Latn,intfloat/multilingual-e5-large,0.9290291168448908
nso_Latn,tur_Latn,intfloat/multilingual-e5-large,0.9289758812580632
kin_Latn,tha_Thai,intfloat/multilingual-e5-large,0.9288879091353338
ibo_Latn,lvs_Latn,intfloat/multilingual-e5-large,0.928623339454006
ilo_Latn,nld_Latn,intfloat/multilingual-e5-large,0.9285926080324988
ibo_Latn,pol_Latn,intfloat/multilingual-e5-large,0.928314838072426
xho_Latn,ind_Latn,intfloat/multilingual-e5-large,0.9282564944494828
jpn_Jpan,xho_Latn,intfloat/multilingual-e5-large,0.9282195191864197
fao_Latn,lit_Latn,intfloat/multilingual-e5-large,0.9281915000075318
ibo_Latn,nld_Latn,intfloat/multilingual-e5-large,0.9278116873334424
jpn_Jpan,som_Latn,intfloat/multilingual-e5-large,0.9277669047019548
ckb_Arab,tha_Thai,intfloat/multilingual-e5-large,0.9277126392496512
ekk_Latn,yor_Latn,intfloat/multilingual-e5-large,0.9277015906855256
hun_Latn,hau_Latn,intfloat/multilingual-e5-large,0.9276829765436766
ces_Latn,yor_Latn,intfloat/multilingual-e5-large,0.9275413224638236
bul_Cyrl,lim_Latn,intfloat/multilingual-e5-large,0.9274524572715898
apc_Arab,jpn_Jpan,jinaai/jina-embeddings-v3,0.9274504738353097
gla_Latn,srp_Cyrl,intfloat/multilingual-e5-large,0.9273531416414929
nya_Latn,tha_Thai,intfloat/multilingual-e5-large,0.9272966517947364
ilo_Latn,ron_Latn,intfloat/multilingual-e5-large,0.9272048355547268
hau_Latn,pol_Latn,intfloat/multilingual-e5-large,0.9271549354024152
ckb_Arab,swe_Latn,intfloat/multilingual-e5-large,0.9270713910361846
twi_Latn,fra_Latn,intfloat/multilingual-e5-large,0.926788233921204
ell_Grek,mri_Latn,intfloat/multilingual-e5-large,0.9265810990959302
deu_Latn,gla_Latn,intfloat/multilingual-e5-large,0.926385649817706
ces_Latn,scn_Latn,intfloat/multilingual-e5-large,0.926384017811288
hau_Latn,tam_Taml,intfloat/multilingual-e5-large,0.9261979859110686
hat_Latn,jpn_Jpan,intfloat/multilingual-e5-large,0.9261405472346148
hau_Latn,lvs_Latn,intfloat/multilingual-e5-large,0.9261085513803732
ibo_Latn,isl_Latn,intfloat/multilingual-e5-large,0.925940351864126
hau_Latn,lit_Latn,intfloat/multilingual-e5-large,0.92571323203849
tha_Thai,yor_Latn,intfloat/multilingual-e5-large,0.9254983282799004
fry_Latn,jav_Latn,intfloat/multilingual-e5-large,0.9254615270358704
ibo_Latn,slv_Latn,intfloat/multilingual-e5-large,0.9252384620364352
ibo_Latn,tur_Latn,intfloat/multilingual-e5-large,0.9251465214863532
deu_Latn,scn_Latn,intfloat/multilingual-e5-large,0.9250546157560045
ell_Grek,scn_Latn,intfloat/multilingual-e5-large,0.9249222781788148
hau_Latn,tso_Latn,intfloat/multilingual-e5-large,0.9248791397116428
ind_Latn,scn_Latn,intfloat/multilingual-e5-large,0.9246761013772344
tam_Taml,yor_Latn,intfloat/multilingual-e5-large,0.924639101330658
deu_Latn,yor_Latn,intfloat/multilingual-e5-large,0.9244851032756392
fao_Latn,ind_Latn,jinaai/jina-embeddings-v3,0.924396496077113
kin_Latn,ukr_Cyrl,intfloat/multilingual-e5-large,0.9239981714894672
ilo_Latn,mar_Deva,intfloat/multilingual-e5-large,0.9239809021440724
ces_Latn,lim_Latn,intfloat/multilingual-e5-large,0.9239598120409608
hau_Latn,nld_Latn,intfloat/multilingual-e5-large,0.9238911584029472
hau_Latn,tur_Latn,intfloat/multilingual-e5-large,0.9236411645699638
ibo_Latn,ron_Latn,intfloat/multilingual-e5-large,0.9235097878019882
mar_Deva,yor_Latn,intfloat/multilingual-e5-large,0.9234870629494474
lin_Latn,swe_Latn,intfloat/multilingual-e5-large,0.9234030376316202
ukr_Cyrl,yor_Latn,intfloat/multilingual-e5-large,0.9233673606020316
cym_Latn,fry_Latn,jinaai/jina-embeddings-v3,0.9228825755828196
kmr_Latn,nno_Latn,intfloat/multilingual-e5-large,0.9228353617406336
nya_Latn,swe_Latn,intfloat/multilingual-e5-large,0.9227026506224596
ibo_Latn,tam_Taml,intfloat/multilingual-e5-large,0.9221973637634036
ron_Latn,yor_Latn,intfloat/multilingual-e5-large,0.92197707800022
eus_Latn,hau_Latn,intfloat/multilingual-e5-large,0.9218199693307672
kin_Latn,slk_Latn,intfloat/multilingual-e5-large,0.921725409323599
ilo_Latn,tur_Latn,intfloat/multilingual-e5-large,0.9215525459103144
asm_Beng,jpn_Jpan,intfloat/multilingual-e5-large,0.921485757306308
ilo_Latn,ukr_Cyrl,intfloat/multilingual-e5-large,0.9214401843549446
ibo_Latn,mkd_Cyrl,intfloat/multilingual-e5-large,0.921302280950763
ilo_Latn,ind_Latn,intfloat/multilingual-e5-large,0.921192337585816
fao_Latn,heb_Hebr,jinaai/jina-embeddings-v3,0.9210565862132968
ind_Latn,yor_Latn,intfloat/multilingual-e5-large,0.9203202307920344
deu_Latn,lim_Latn,intfloat/multilingual-e5-large,0.9201642933995045
hau_Latn,slv_Latn,intfloat/multilingual-e5-large,0.920117513509451
hau_Latn,vie_Latn,intfloat/multilingual-e5-large,0.9200381373806114
hau_Latn,kin_Latn,intfloat/multilingual-e5-large,0.9197028051700736
twi_Latn,yor_Latn,intfloat/multilingual-e5-large,0.9195455209256496
eng_Latn,wol_Latn,intfloat/multilingual-e5-large,0.9193666098695285
heb_Hebr,mri_Latn,intfloat/multilingual-e5-large,0.918605874272057
fao_Latn,hun_Latn,jinaai/jina-embeddings-v3,0.9184009570308224
spa_Latn,lim_Latn,intfloat/multilingual-e5-large,0.9181002662779932
hun_Latn,fao_Latn,intfloat/multilingual-e5-large,0.9179786814513484
dan_Latn,mri_Latn,intfloat/multilingual-e5-large,0.9178221612745976
ibo_Latn,kin_Latn,intfloat/multilingual-e5-large,0.9176777192449196
scn_Latn,pol_Latn,intfloat/multilingual-e5-large,0.9175849364664634
dan_Latn,gla_Latn,intfloat/multilingual-e5-large,0.917543947655656
dan_Latn,scn_Latn,intfloat/multilingual-e5-large,0.9173523422946136
hau_Latn,yor_Latn,intfloat/multilingual-e5-large,0.9173083217276397
nso_Latn,swe_Latn,intfloat/multilingual-e5-large,0.916923302193802
hau_Latn,twi_Latn,intfloat/multilingual-e5-large,0.9168156352205096
ilo_Latn,tam_Taml,intfloat/multilingual-e5-large,0.9161844880897568
jpn_Jpan,nya_Latn,intfloat/multilingual-e5-large,0.9160778066480624
ind_Latn,mri_Latn,intfloat/multilingual-e5-large,0.9159910917035
mri_Latn,rus_Cyrl,intfloat/multilingual-e5-large,0.9159063926916906
jpn_Jpan,sna_Latn,intfloat/multilingual-e5-large,0.9158686974182604
gla_Latn,pol_Latn,intfloat/multilingual-e5-large,0.915640201865112
fin_Latn,hau_Latn,intfloat/multilingual-e5-large,0.91546933501354
fra_Latn,lim_Latn,intfloat/multilingual-e5-large,0.915328488496666
heb_Hebr,yor_Latn,intfloat/multilingual-e5-large,0.915128045105006
ilo_Latn,swe_Latn,intfloat/multilingual-e5-large,0.9147992924082804
scn_Latn,rus_Cyrl,intfloat/multilingual-e5-large,0.9145928385792044
hun_Latn,mri_Latn,intfloat/multilingual-e5-large,0.9144385349765428
gla_Latn,nld_Latn,intfloat/multilingual-e5-large,0.9142789171867332
kin_Latn,hun_Latn,intfloat/multilingual-e5-large,0.914213041746721
hin_Deva,lim_Latn,intfloat/multilingual-e5-large,0.9140710235562344
mri_Latn,mkd_Cyrl,intfloat/multilingual-e5-large,0.9140155714927588
ell_Grek,gla_Latn,intfloat/multilingual-e5-large,0.9137798804821704
eng_Latn,kam_Latn,intfloat/multilingual-e5-large,0.913717316102926
hun_Latn,scn_Latn,intfloat/multilingual-e5-large,0.9132338618513012
mri_Latn,srp_Cyrl,intfloat/multilingual-e5-large,0.9129561477640926
cat_Latn,lim_Latn,intfloat/multilingual-e5-large,0.9129516533514016
kin_Latn,heb_Hebr,intfloat/multilingual-e5-large,0.9128315582389798
jpn_Jpan,kmr_Latn,intfloat/multilingual-e5-large,0.9124524903429
scn_Latn,ron_Latn,intfloat/multilingual-e5-large,0.9123983278020484
azb_Arab,rus_Cyrl,intfloat/multilingual-e5-large,0.9122279600369824
ilo_Latn,tha_Thai,intfloat/multilingual-e5-large,0.9118638808710328
fry_Latn,gle_Latn,jinaai/jina-embeddings-v3,0.911830107199226
hau_Latn,slk_Latn,intfloat/multilingual-e5-large,0.9116851291507572
ssw_Latn,swe_Latn,intfloat/multilingual-e5-large,0.911608376015554
lug_Latn,swh_Latn,intfloat/multilingual-e5-large,0.9116002484490284
hun_Latn,yor_Latn,intfloat/multilingual-e5-large,0.9115552965932224
hau_Latn,ibo_Latn,intfloat/multilingual-e5-large,0.9112688450676606
azb_Arab,fra_Latn,intfloat/multilingual-e5-large,0.9108832482753084
ibo_Latn,tha_Thai,intfloat/multilingual-e5-large,0.910689978288538
ilo_Latn,hun_Latn,intfloat/multilingual-e5-large,0.9104235114139068
fin_Latn,scn_Latn,intfloat/multilingual-e5-large,0.9093423699895052
jpn_Jpan,mlt_Latn,intfloat/multilingual-e5-large,0.909226540788362
ibo_Latn,ukr_Cyrl,intfloat/multilingual-e5-large,0.9091423150233248
afr_Latn,wol_Latn,intfloat/multilingual-e5-large,0.9088768585906448
lug_Latn,tsn_Latn,intfloat/multilingual-e5-large,0.9084236910410364
slk_Latn,yor_Latn,intfloat/multilingual-e5-large,0.9081723404762718
ind_Latn,lim_Latn,intfloat/multilingual-e5-large,0.9080294982941602
heb_Hebr,scn_Latn,intfloat/multilingual-e5-large,0.907867885576651
dan_Latn,yor_Latn,intfloat/multilingual-e5-large,0.907262761091836
scn_Latn,slv_Latn,intfloat/multilingual-e5-large,0.9071246602136624
lug_Latn,zul_Latn,intfloat/multilingual-e5-large,0.9068809536002546
hau_Latn,ron_Latn,intfloat/multilingual-e5-large,0.9062839391856076
xho_Latn,jpn_Jpan,intfloat/multilingual-e5-large,0.9058476730924492
gla_Latn,swe_Latn,intfloat/multilingual-e5-large,0.9052086101897044
gla_Latn,tur_Latn,intfloat/multilingual-e5-large,0.9043473964523604
bul_Cyrl,roh_Latn,intfloat/multilingual-e5-large,0.9043419273866836
fin_Latn,mri_Latn,intfloat/multilingual-e5-large,0.9035349921007736
ekk_Latn,lim_Latn,intfloat/multilingual-e5-large,0.9034709025104533
lim_Latn,nld_Latn,intfloat/multilingual-e5-large,0.903058768493247
ibo_Latn,slk_Latn,intfloat/multilingual-e5-large,0.9029298719208542
dan_Latn,lim_Latn,intfloat/multilingual-e5-large,0.9028306983251267
gla_Latn,slk_Latn,intfloat/multilingual-e5-large,0.9026727778566486
eng_Latn,gug_Latn,intfloat/multilingual-e5-large,0.9020719468558064
ell_Grek,yor_Latn,intfloat/multilingual-e5-large,0.902071879106852
lim_Latn,fra_Latn,intfloat/multilingual-e5-large,0.9015350305266971
hau_Latn,ukr_Cyrl,intfloat/multilingual-e5-large,0.9007708240047728
hau_Latn,swe_Latn,intfloat/multilingual-e5-large,0.9005119521946718
gla_Latn,ron_Latn,intfloat/multilingual-e5-large,0.9005061707397315
eng_Latn,lug_Latn,intfloat/multilingual-e5-large,0.8999859506781157
ibo_Latn,swe_Latn,intfloat/multilingual-e5-large,0.8992329947199934
fin_Latn,yor_Latn,intfloat/multilingual-e5-large,0.8991606320469515
mri_Latn,mar_Deva,intfloat/multilingual-e5-large,0.8989822499503516
ell_Grek,lim_Latn,intfloat/multilingual-e5-large,0.8988596570988994
heb_Hebr,lim_Latn,intfloat/multilingual-e5-large,0.8986508504103292
luo_Latn,zul_Latn,intfloat/multilingual-e5-large,0.8983386877160735
mri_Latn,vie_Latn,intfloat/multilingual-e5-large,0.8982840188404988
mri_Latn,tel_Telu,intfloat/multilingual-e5-large,0.8980695279550636
scn_Latn,vie_Latn,intfloat/multilingual-e5-large,0.8976750215659315
lim_Latn,ita_Latn,intfloat/multilingual-e5-large,0.8973965840185822
mri_Latn,slv_Latn,intfloat/multilingual-e5-large,0.8973214112554767
lug_Latn,sot_Latn,intfloat/multilingual-e5-large,0.8971543641486925
lug_Latn,sna_Latn,intfloat/multilingual-e5-large,0.8970374663092829
kin_Latn,ind_Latn,intfloat/multilingual-e5-large,0.8961488004848052
scn_Latn,nld_Latn,intfloat/multilingual-e5-large,0.8958723655137414
hau_Latn,tha_Thai,intfloat/multilingual-e5-large,0.8956566818559446
fin_Latn,lim_Latn,intfloat/multilingual-e5-large,0.8948307274416253
lug_Latn,som_Latn,intfloat/multilingual-e5-large,0.8940141425748616
spa_Latn,wol_Latn,intfloat/multilingual-e5-large,0.89386514909834
mri_Latn,pol_Latn,intfloat/multilingual-e5-large,0.8934261737791598
hau_Latn,heb_Hebr,intfloat/multilingual-e5-large,0.8932804294734618
spa_Latn,roh_Latn,intfloat/multilingual-e5-large,0.892946595373688
fra_Latn,kam_Latn,intfloat/multilingual-e5-large,0.8920997919406638
lim_Latn,srp_Cyrl,intfloat/multilingual-e5-large,0.891666295475884
mri_Latn,nld_Latn,intfloat/multilingual-e5-large,0.8915675874218078
hun_Latn,lim_Latn,intfloat/multilingual-e5-large,0.891427410417203
lim_Latn,mkd_Cyrl,intfloat/multilingual-e5-large,0.8907069470027097
lim_Latn,rus_Cyrl,intfloat/multilingual-e5-large,0.8903728094903521
scn_Latn,slk_Latn,intfloat/multilingual-e5-large,0.8901329403266888
lug_Latn,xho_Latn,intfloat/multilingual-e5-large,0.889620327034589
fra_Latn,wol_Latn,intfloat/multilingual-e5-large,0.8891857375357667
lim_Latn,vie_Latn,intfloat/multilingual-e5-large,0.8890210945869191
gla_Latn,ukr_Cyrl,intfloat/multilingual-e5-large,0.8889120466458099
mri_Latn,ron_Latn,intfloat/multilingual-e5-large,0.8887859261492111
fao_Latn,jpn_Jpan,jinaai/jina-embeddings-v3,0.8886618599148085
scn_Latn,tur_Latn,intfloat/multilingual-e5-large,0.8886167515434356
lim_Latn,spa_Latn,intfloat/multilingual-e5-large,0.8882300577650143
ces_Latn,roh_Latn,intfloat/multilingual-e5-large,0.888157434285664
hau_Latn,hun_Latn,intfloat/multilingual-e5-large,0.8872134736737219
jpn_Jpan,kin_Latn,intfloat/multilingual-e5-large,0.8866917420703248
scn_Latn,swe_Latn,intfloat/multilingual-e5-large,0.8856658558545911
bul_Cyrl,wol_Latn,intfloat/multilingual-e5-large,0.8852141043248231
afr_Latn,lug_Latn,intfloat/multilingual-e5-large,0.8848031891404977
hau_Latn,ind_Latn,intfloat/multilingual-e5-large,0.8828977354454556
amh_Ethi,lug_Latn,intfloat/multilingual-e5-large,0.8824993090746839
lim_Latn,lit_Latn,intfloat/multilingual-e5-large,0.8821886645080886
lim_Latn,ron_Latn,intfloat/multilingual-e5-large,0.8813433551299747
eng_Latn,ven_Latn,intfloat/multilingual-e5-large,0.8810165629947747
ces_Latn,wol_Latn,intfloat/multilingual-e5-large,0.8808273343328812
lim_Latn,pol_Latn,intfloat/multilingual-e5-large,0.8805895841096999
lim_Latn,lvs_Latn,intfloat/multilingual-e5-large,0.8803665397367403
gla_Latn,heb_Hebr,intfloat/multilingual-e5-large,0.879992855514559
lim_Latn,slv_Latn,intfloat/multilingual-e5-large,0.8799564293620313
lim_Latn,hin_Deva,intfloat/multilingual-e5-large,0.8799387162309219
roh_Latn,ron_Latn,intfloat/multilingual-e5-large,0.8797267964988467
kin_Latn,jpn_Jpan,intfloat/multilingual-e5-large,0.8796817376251
deu_Latn,wol_Latn,intfloat/multilingual-e5-large,0.878388360273259
lug_Latn,nya_Latn,intfloat/multilingual-e5-large,0.8777656995717208
eng_Latn,luo_Latn,intfloat/multilingual-e5-large,0.8776776968122897
ind_Latn,wol_Latn,intfloat/multilingual-e5-large,0.8753368760410267
lug_Latn,tso_Latn,intfloat/multilingual-e5-large,0.8752971686186255
kin_Latn,lug_Latn,intfloat/multilingual-e5-large,0.8751400097455899
luo_Latn,sna_Latn,intfloat/multilingual-e5-large,0.8747376867660044
wol_Latn,fra_Latn,intfloat/multilingual-e5-large,0.8741805639835475
lug_Latn,nso_Latn,intfloat/multilingual-e5-large,0.8741183775572152
gla_Latn,hun_Latn,intfloat/multilingual-e5-large,0.8737980070132839
luo_Latn,xho_Latn,intfloat/multilingual-e5-large,0.8737145829692714
fra_Latn,lug_Latn,intfloat/multilingual-e5-large,0.8732091733861468
mri_Latn,slk_Latn,intfloat/multilingual-e5-large,0.873059943227428
mri_Latn,tur_Latn,intfloat/multilingual-e5-large,0.8725075056665261
roh_Latn,pol_Latn,intfloat/multilingual-e5-large,0.8711965031259566
ell_Grek,roh_Latn,intfloat/multilingual-e5-large,0.8708173682940592
luo_Latn,tsn_Latn,intfloat/multilingual-e5-large,0.8687224358565129
cat_Latn,gug_Latn,intfloat/multilingual-e5-large,0.8684338816367245
bul_Cyrl,gug_Latn,intfloat/multilingual-e5-large,0.8676673229481153
ilo_Latn,jpn_Jpan,intfloat/multilingual-e5-large,0.8665542205186942
lim_Latn,nno_Latn,intfloat/multilingual-e5-large,0.8664741043028967
spa_Latn,gug_Latn,intfloat/multilingual-e5-large,0.8655584841069658
ibo_Latn,jpn_Jpan,intfloat/multilingual-e5-large,0.8620907929170034
spa_Latn,lug_Latn,intfloat/multilingual-e5-large,0.8614474410768799
mri_Latn,swe_Latn,intfloat/multilingual-e5-large,0.8610926200576732
gla_Latn,ind_Latn,intfloat/multilingual-e5-large,0.8607735993759236
fry_Latn,xho_Latn,intfloat/multilingual-e5-large,0.8606428351843077
eng_Latn,kac_Latn,intfloat/multilingual-e5-large,0.860603579965397
eng_Latn,quz_Latn,intfloat/multilingual-e5-large,0.8604243623627016
lug_Latn,twi_Latn,intfloat/multilingual-e5-large,0.8588163786823043
roh_Latn,rus_Cyrl,intfloat/multilingual-e5-large,0.8587321124620683
lim_Latn,swe_Latn,intfloat/multilingual-e5-large,0.8579277114291876
lim_Latn,slk_Latn,intfloat/multilingual-e5-large,0.8578351838260424
wol_Latn,ita_Latn,intfloat/multilingual-e5-large,0.8569667687704057
eng_Latn,fuv_Latn,intfloat/multilingual-e5-large,0.8565352622926036
hau_Latn,lug_Latn,intfloat/multilingual-e5-large,0.8563734217732202
fin_Latn,wol_Latn,intfloat/multilingual-e5-large,0.8556385899884812
dan_Latn,wol_Latn,intfloat/multilingual-e5-large,0.8555022576733584
wol_Latn,pol_Latn,intfloat/multilingual-e5-large,0.8553336506252869
ell_Grek,wol_Latn,intfloat/multilingual-e5-large,0.8544967296596023
hau_Latn,jpn_Jpan,intfloat/multilingual-e5-large,0.8539093359203567
roh_Latn,swe_Latn,Alibaba-NLP/gte-multilingual-base,0.8525675812844563
mri_Latn,tha_Thai,intfloat/multilingual-e5-large,0.8522209201091895
fra_Latn,ven_Latn,intfloat/multilingual-e5-large,0.8517891107641934
lug_Latn,yor_Latn,intfloat/multilingual-e5-large,0.8513533900453186
lim_Latn,tur_Latn,intfloat/multilingual-e5-large,0.8501899273377665
ces_Latn,gug_Latn,intfloat/multilingual-e5-large,0.849688972401438
mri_Latn,ukr_Cyrl,intfloat/multilingual-e5-large,0.8492981205174323
lim_Latn,ukr_Cyrl,intfloat/multilingual-e5-large,0.8488858618818823
luo_Latn,nya_Latn,intfloat/multilingual-e5-large,0.8484753634780026
ces_Latn,lug_Latn,intfloat/multilingual-e5-large,0.8467437575966213
luo_Latn,som_Latn,intfloat/multilingual-e5-large,0.8465196467704151
wol_Latn,rus_Cyrl,intfloat/multilingual-e5-large,0.8460510459776721
ell_Grek,gug_Latn,intfloat/multilingual-e5-large,0.845586147774201
wol_Latn,nld_Latn,intfloat/multilingual-e5-large,0.845199707972531
lim_Latn,hun_Latn,intfloat/multilingual-e5-large,0.8437632875426238
lim_Latn,fin_Latn,intfloat/multilingual-e5-large,0.8427845617654302
ell_Grek,lug_Latn,intfloat/multilingual-e5-large,0.8427242637493205
lim_Latn,heb_Hebr,intfloat/multilingual-e5-large,0.8426481982077921
afr_Latn,luo_Latn,intfloat/multilingual-e5-large,0.8420466311016682
deu_Latn,gug_Latn,intfloat/multilingual-e5-large,0.8420366205828762
fra_Latn,luo_Latn,Alibaba-NLP/gte-multilingual-base,0.8408104700359003
lim_Latn,tha_Thai,intfloat/multilingual-e5-large,0.8393441396418245
lim_Latn,tam_Taml,intfloat/multilingual-e5-large,0.8388048789219956
amh_Ethi,luo_Latn,intfloat/multilingual-e5-large,0.8385040060257095
wol_Latn,spa_Latn,intfloat/multilingual-e5-large,0.8379301901009476
roh_Latn,tur_Latn,intfloat/multilingual-e5-large,0.8375827893348627
amh_Ethi,fuv_Latn,intfloat/multilingual-e5-large,0.8364597326310793
jpn_Jpan,yor_Latn,intfloat/multilingual-e5-large,0.836332214800151
jpn_Jpan,lim_Latn,intfloat/multilingual-e5-large,0.8356701496657453
gug_Latn,ita_Latn,intfloat/multilingual-e5-large,0.8343004148070523
gla_Latn,jpn_Jpan,intfloat/multilingual-e5-large,0.8328672842790321
gug_Latn,rus_Cyrl,intfloat/multilingual-e5-large,0.8321969872621621
jpn_Jpan,mri_Latn,intfloat/multilingual-e5-large,0.8315396727603845
eng_Latn,mos_Latn,intfloat/multilingual-e5-large,0.8302368511804367
kin_Latn,luo_Latn,intfloat/multilingual-e5-large,0.8302145142646347
scn_Latn,jpn_Jpan,intfloat/multilingual-e5-large,0.8292641352266148
gug_Latn,fra_Latn,intfloat/multilingual-e5-large,0.8254031896870665
lug_Latn,rus_Cyrl,intfloat/multilingual-e5-large,0.8208671421840903
lug_Latn,pol_Latn,intfloat/multilingual-e5-large,0.8161211476623588
hau_Latn,luo_Latn,intfloat/multilingual-e5-large,0.8159274235591446
lim_Latn,ind_Latn,jinaai/jina-embeddings-v3,0.8157860168652689
wol_Latn,tur_Latn,intfloat/multilingual-e5-large,0.8151634588661246
lug_Latn,vie_Latn,intfloat/multilingual-e5-large,0.8124090711251415
eng_Latn,kmb_Latn,intfloat/multilingual-e5-large,0.8112401594162167
fra_Latn,fuv_Latn,intfloat/multilingual-e5-large,0.80966747857167
eng_Latn,quh_Latn,intfloat/multilingual-e5-large,0.8076285402655135
lim_Latn,jpn_Jpan,intfloat/multilingual-e5-large,0.8072910295264109
gug_Latn,pol_Latn,intfloat/multilingual-e5-large,0.8059708188921283
quz_Latn,spa_Latn,intfloat/multilingual-e5-large,0.8052763871483065
lug_Latn,nld_Latn,intfloat/multilingual-e5-large,0.8026289273279963
eng_Latn,tel_Latn,google/embeddinggemma-300m,0.8025633573222256
lug_Latn,tur_Latn,intfloat/multilingual-e5-large,0.7978794061499856
fra_Latn,kmb_Latn,intfloat/multilingual-e5-large,0.7970551578679616
eng_Latn,bam_Latn,intfloat/multilingual-e5-large,0.7948964716567984
gug_Latn,nld_Latn,intfloat/multilingual-e5-large,0.794371625957746
spa_Latn,bam_Latn,intfloat/multilingual-e5-large,0.7911357993977255
fry_Latn,hau_Latn,intfloat/multilingual-e5-large,0.7896459319758532
afr_Latn,bam_Latn,intfloat/multilingual-e5-large,0.784543668234797
gug_Latn,ron_Latn,intfloat/multilingual-e5-large,0.7844644927756528
bam_Latn,eng_Latn,intfloat/multilingual-e5-large,0.7801077086950948
wol_Latn,swe_Latn,intfloat/multilingual-e5-large,0.7794723628113718
lug_Latn,ron_Latn,intfloat/multilingual-e5-large,0.7784020431282771
umb_Latn,zul_Latn,intfloat/multilingual-e5-large,0.7739756447599827
gug_Latn,tur_Latn,intfloat/multilingual-e5-large,0.7679819855271595
bam_Latn,fra_Latn,intfloat/multilingual-e5-large,0.7582400948635086
eng_Latn,urd_Latn,jinaai/jina-embeddings-v5-text-small,0.7571475173379192
lug_Latn,swe_Latn,intfloat/multilingual-e5-large,0.7559708949679229
eng_Latn,ayr_Latn,intfloat/multilingual-e5-large,0.7559679634441165
gug_Latn,swe_Latn,intfloat/multilingual-e5-large,0.754608987933763
eng_Latn,umb_Latn,intfloat/multilingual-e5-large,0.7524825426837771
afr_Latn,umb_Latn,intfloat/multilingual-e5-large,0.7504644758218763
eng_Latn,nus_Latn,intfloat/multilingual-e5-large,0.7339339710233773
deu_Latn,bam_Latn,intfloat/multilingual-e5-large,0.733245887774313
gug_Latn,hun_Latn,intfloat/multilingual-e5-large,0.7268066695285491
bam_Latn,ita_Latn,intfloat/multilingual-e5-large,0.7246674166835217
gug_Latn,fin_Latn,intfloat/multilingual-e5-large,0.7239632110504954
kin_Latn,umb_Latn,intfloat/multilingual-e5-large,0.7194367994916131
diq_Latn,eng_Latn,intfloat/multilingual-e5-large,0.7163051259019593
cjk_Latn,fra_Latn,intfloat/multilingual-e5-large,0.7153540877491965
bre_Latn,eng_Latn,intfloat/multilingual-e5-large,0.7121292510805336
ces_Latn,ayr_Latn,intfloat/multilingual-e5-large,0.7116905742881379
fra_Latn,umb_Latn,intfloat/multilingual-e5-large,0.7085738213778576
eng_Latn,shn_Mymr,intfloat/multilingual-e5-large,0.7054040772017165
ayr_Latn,eng_Latn,intfloat/multilingual-e5-large,0.7045387641156983
deu_Latn,ayr_Latn,intfloat/multilingual-e5-large,0.7027625537787472
bre_Latn,ita_Latn,intfloat/multilingual-e5-large,0.7013475039965956
bre_Latn,hrv_Latn,intfloat/multilingual-e5-large,0.7011311726953842
eng_Latn,hin_Latn,jinaai/jina-embeddings-v5-text-small,0.7008243145649404
bre_Latn,bos_Latn,intfloat/multilingual-e5-large,0.6902728629959419
bre_Latn,tgl_Latn,intfloat/multilingual-e5-large,0.6893866006960913
bre_Latn,fra_Latn,intfloat/multilingual-e5-large,0.6866592890316745
bre_Latn,srp_Cyrl,intfloat/multilingual-e5-large,0.6847185858224389
bre_Latn,lit_Latn,intfloat/multilingual-e5-large,0.6844499205894169
bre_Latn,isl_Latn,intfloat/multilingual-e5-large,0.6843835758018614
bre_Latn,mkd_Cyrl,intfloat/multilingual-e5-large,0.681758641610561
bre_Latn,urd_Arab,intfloat/multilingual-e5-large,0.6802136715436201
bre_Latn,slv_Latn,intfloat/multilingual-e5-large,0.6801149067605022
bre_Latn,nld_Latn,intfloat/multilingual-e5-large,0.6763271391459846
bre_Latn,nno_Latn,intfloat/multilingual-e5-large,0.6746434811950871
ayr_Latn,spa_Latn,intfloat/multilingual-e5-large,0.6742877781819095
bre_Latn,jav_Latn,intfloat/multilingual-e5-large,0.6738632147904628
bre_Latn,lvs_Latn,intfloat/multilingual-e5-large,0.6722612363817829
bre_Latn,eus_Latn,intfloat/multilingual-e5-large,0.6712286939504648
bre_Latn,kat_Geor,intfloat/multilingual-e5-large,0.668992687691508
bre_Latn,pan_Guru,intfloat/multilingual-e5-large,0.6684854672658201
bre_Latn,sin_Sinh,intfloat/multilingual-e5-large,0.6684111751886819
ayr_Latn,ita_Latn,intfloat/multilingual-e5-large,0.6619635416558948
bre_Latn,spa_Latn,intfloat/multilingual-e5-large,0.6613119823026679
fra_Latn,nus_Latn,intfloat/multilingual-e5-large,0.6606068052329558
bul_Cyrl,bre_Latn,intfloat/multilingual-e5-large,0.6603157991461905
bre_Latn,tur_Latn,intfloat/multilingual-e5-large,0.6586188379704084
bre_Latn,ces_Latn,intfloat/multilingual-e5-large,0.658397961038549
bre_Latn,ekk_Latn,intfloat/multilingual-e5-large,0.6581933260561214
bre_Latn,glg_Latn,intfloat/multilingual-e5-large,0.6578871926336125
ces_Latn,bre_Latn,intfloat/multilingual-e5-large,0.6578006095015924
bre_Latn,mal_Mlym,intfloat/multilingual-e5-large,0.6553002194946835
ayr_Latn,fra_Latn,intfloat/multilingual-e5-large,0.6530044593917581
bre_Latn,cat_Latn,intfloat/multilingual-e5-large,0.6527854139587784
bre_Latn,vie_Latn,intfloat/multilingual-e5-large,0.6522188887758074
deu_Latn,bre_Latn,intfloat/multilingual-e5-large,0.651914034577904
eng_Latn,bre_Latn,intfloat/multilingual-e5-large,0.6511377829066294
ayr_Latn,rus_Cyrl,intfloat/multilingual-e5-large,0.6497323670806321
bre_Latn,xho_Latn,intfloat/multilingual-e5-large,0.6492426379054764
eng_Latn,kwy_Latn,intfloat/multilingual-e5-large,0.6492166804158763
bre_Latn,ron_Latn,intfloat/multilingual-e5-large,0.6483498928182777
bre_Latn,pol_Latn,intfloat/multilingual-e5-large,0.6483247756958599
bre_Latn,deu_Latn,intfloat/multilingual-e5-large,0.6482137789525146
bre_Latn,hin_Deva,intfloat/multilingual-e5-large,0.6450996619621554
bre_Latn,dan_Latn,intfloat/multilingual-e5-large,0.6443922441827837
dan_Latn,bre_Latn,intfloat/multilingual-e5-large,0.6413926398394216
spa_Latn,bre_Latn,intfloat/multilingual-e5-large,0.6400048492316353
bre_Latn,slk_Latn,intfloat/multilingual-e5-large,0.6387597969266887
bre_Latn,hun_Latn,intfloat/multilingual-e5-large,0.6384689316580046
bre_Latn,uzn_Latn,intfloat/multilingual-e5-large,0.6381067186147629
ayr_Latn,pol_Latn,intfloat/multilingual-e5-large,0.6329870534513127
bre_Latn,kaz_Cyrl,intfloat/multilingual-e5-large,0.632783757164152
bre_Latn,mai_Deva,intfloat/multilingual-e5-large,0.6326766359704887
bre_Latn,swe_Latn,intfloat/multilingual-e5-large,0.6315044796789431
afr_Latn,bre_Latn,intfloat/multilingual-e5-large,0.6314392758856742
ell_Grek,bre_Latn,intfloat/multilingual-e5-large,0.6303890617192557
bre_Latn,ukr_Cyrl,intfloat/multilingual-e5-large,0.6296924557914203
bre_Latn,rus_Cyrl,intfloat/multilingual-e5-large,0.6272365644870147
bre_Latn,guj_Gujr,intfloat/multilingual-e5-large,0.6266268349001684
ind_Latn,shn_Mymr,intfloat/multilingual-e5-large,0.6205279629561886
bre_Latn,gle_Latn,intfloat/multilingual-e5-large,0.6159450033107801
bre_Latn,cym_Latn,intfloat/multilingual-e5-large,0.6105928381178449
bel_Cyrl,bre_Latn,intfloat/multilingual-e5-large,0.6097100865799915
bre_Latn,mar_Deva,intfloat/multilingual-e5-large,0.6070936755345802
bre_Latn,tam_Taml,intfloat/multilingual-e5-large,0.6052897825092445
bre_Latn,ell_Grek,intfloat/multilingual-e5-large,0.6052186064237984
ben_Beng,bre_Latn,intfloat/multilingual-e5-large,0.5998433075006915
bre_Latn,heb_Hebr,intfloat/multilingual-e5-large,0.5973068035319672
bre_Latn,tha_Thai,intfloat/multilingual-e5-large,0.5962791217453786
bre_Latn,kin_Latn,intfloat/multilingual-e5-large,0.5883104362181059
bre_Latn,ind_Latn,intfloat/multilingual-e5-large,0.5865031434178865
bre_Latn,fry_Latn,intfloat/multilingual-e5-large,0.5848193334079475
chv_Cyrl,rus_Cyrl,intfloat/multilingual-e5-large,0.5826253206215609
bre_Latn,jpn_Jpan,intfloat/multilingual-e5-large,0.5765979442793745
dik_Latn,eng_Latn,intfloat/multilingual-e5-large,0.5727787824965995
bre_Latn,fin_Latn,intfloat/multilingual-e5-large,0.5645432313297375
dik_Latn,fra_Latn,intfloat/multilingual-e5-large,0.5621198772842102
asm_Beng,bre_Latn,intfloat/multilingual-e5-large,0.5387552548532962
chv_Cyrl,eng_Latn,intfloat/multilingual-e5-large,0.5098174090741574
eng_Latn,sme_Latn,intfloat/multilingual-e5-large,0.4440515933164972
eng_Latn,taq_Latn,intfloat/multilingual-e5-large,0.4003419806000931
bod_Tibt,eng_Latn,jinaai/jina-embeddings-v5-text-small,0.2770803223718528
eng_Latn,tzm_Tfng,intfloat/multilingual-e5-large,0.2282093328517759
fra_Latn,tzm_Tfng,intfloat/multilingual-e5-large,0.2165220278550733
dzo_Tibt,eng_Latn,jinaai/jina-embeddings-v5-text-small,0.1947074423814143
